s,C,C,C,C,C,C,C,C,C,C,C,C,C,C,C,C,C,C,C,C,C,C,C,m/s,m/s,m/s,m/s,m/s,m/s,m/s,m/s,m/s,m/s,m/s,m/s,m/s,m/s,m/s,m/s,m/s,m/s,m/s,m/s,m/s,m/s,m/s,kW,kW/m2,kW/m2,kW/m2
Time,"T_1500","T_2000","T_2500","T_3000","T_3250","T_3500","T_3750","T_4000","T_4250","T_4500","T_4750","T_5000","T_5250","T_5500","T_5750","T_6000","T_6250","T_6500","T_6750","T_7000","T_7500","T_8000","T_8500","U_1500","U_2000","U_2500","U_3000","U_3250","U_3500","U_3750","U_4000","U_4250","U_4500","U_4750","U_5000","U_5250","U_5500","U_5750","U_6000","U_6250","U_6500","U_6750","U_7000","U_7500","U_8000","U_8500","HRR_tot","Qw_4000","Qw_5000","Qw_6000"
 0.0000000E+000, 2.0000000E+001, 2.0000000E+001, 2.0000000E+001, 2.0000000E+001, 2.0000000E+001, 2.0000000E+001, 2.0000000E+001, 2.0000000E+001, 2.0000000E+001, 2.0000000E+001, 2.0000000E+001, 2.0000000E+001, 2.0000000E+001, 2.0000000E+001, 2.0000000E+001, 2.0000000E+001, 2.0000000E+001, 2.0000000E+001, 2.0000000E+001, 2.0000000E+001, 2.0000000E+001, 2.0000000E+001, 2.0000000E+001, 4.3453394E-003,-1.0183607E-002,-3.2076347E-003,-3.8646752E-003, 3.6906797E-003, 4.6538864E-003,-4.4241288E-003, 7.6502705E-003, 6.3414858E-003, 5.8001672E-003,-7.5055279E-004, 5.3704411E-004, 1.2801132E-003, 0.0000000E+000, 4.7951269E-003,-3.7035184E-003,-1.9765180E-003,-8.6763799E-004, 7.2185776E-003, 1.2851740E-002,-3.8971496E-003, 1.4505965E-003, 7.6829723E-003, 0.0000000E+000,-1.2741807E-003,-1.2290226E-003,-1.2655869E-003
 1.0710652E+000, 2.0000001E+001, 1.9999980E+001, 1.9999978E+001, 1.9999977E+001, 1.9999977E+001, 1.9999982E+001, 1.9999977E+001, 1.9999973E+001, 1.9999973E+001, 2.0000000E+001, 1.9999962E+001, 1.9999970E+001, 1.9999962E+001, 1.9999940E+001, 1.9999960E+001, 1.9999973E+001, 1.9999944E+001, 1.9999972E+001, 1.9999960E+001, 1.9999980E+001, 1.9999957E+001, 1.9999963E+001, 1.9999975E+001, 4.3889762E-003,-1.0153556E-002,-3.0997431E-003,-3.7766643E-003, 3.6423207E-003, 4.6176745E-003,-4.3952587E-003, 7.6206089E-003, 6.2697129E-003, 5.6853373E-003,-2.2025820E-003, 5.3447522E-004, 2.4299609E-003, 6.5447672E-004, 4.7420506E-003,-3.6261773E-003,-1.9994289E-003,-8.8709327E-004, 7.1576818E-003, 1.2787718E-002,-3.8263357E-003, 1.4195605E-003, 7.7217051E-003, 4.0446792E+002,-1.7474024E-004,-1.6777732E-004,-1.6803223E-004
 2.0485220E+000, 2.0000012E+001, 1.9999957E+001, 1.9999944E+001, 1.9999941E+001, 1.9999939E+001, 1.9999957E+001, 1.9999939E+001, 1.9999927E+001, 1.9999927E+001, 2.0000015E+001, 1.9999884E+001, 1.9999896E+001, 1.9999881E+001, 1.9999830E+001, 1.9999885E+001, 1.9999927E+001, 1.9999837E+001, 1.9999925E+001, 1.9999884E+001, 1.9999949E+001, 1.9999877E+001, 1.9999900E+001, 1.9999932E+001, 5.1827651E-003,-1.0079125E-002,-2.9272880E-003,-3.6412575E-003, 3.5557631E-003, 4.5285266E-003,-4.7028890E-003, 6.8947263E-003, 4.6431575E-003, 2.6740711E-003,-1.1369898E-002, 7.2046759E-005, 1.0420510E-002, 6.1849781E-003, 6.1281720E-003,-2.8584300E-003,-1.7421352E-003,-8.8687504E-004, 7.0734454E-003, 1.2688923E-002,-3.7151018E-003, 1.3719426E-003, 7.7814681E-003, 1.4504715E+003,-1.1515114E-004,-1.0996841E-004,-1.1017180E-004
 3.0235664E+000, 2.0000039E+001, 1.9999967E+001, 1.9999936E+001, 1.9999929E+001, 1.9999921E+001, 1.9999955E+001, 1.9999924E+001, 1.9999910E+001, 1.9999909E+001, 2.0000052E+001, 2.0007762E+001, 2.0013521E+001, 2.0006441E+001, 2.0005074E+001, 1.9999842E+001, 1.9999907E+001, 1.9999766E+001, 1.9999905E+001, 1.9999834E+001, 1.9999938E+001, 1.9999825E+001, 1.9999868E+001, 1.9999909E+001, 4.2542947E-002,-2.5991329E-003,-7.5083698E-004,-4.2699871E-003, 1.9934115E-003, 1.8853143E-003,-1.2300363E-002,-3.0979651E-003,-8.8901870E-003,-1.7492213E-002,-3.9970232E-002, 4.0507962E-005, 3.9109149E-002, 2.7417753E-002, 1.8778824E-002, 6.5781478E-003, 5.2950060E-003, 1.6269689E-003, 8.5136711E-003, 1.3500229E-002,-3.4937011E-003, 1.3581563E-003, 7.8353822E-003, 2.3357865E+003, 1.1637728E-004, 6.4772499E-001,-2.9118702E-005
 4.0179213E+000, 2.0000005E+001, 2.0000010E+001, 1.9999950E+001, 1.9999979E+001, 1.9999985E+001, 2.0000061E+001, 2.0000490E+001, 2.0002143E+001, 2.0009543E+001, 2.0024330E+001, 2.0151370E+001, 2.0256482E+001, 2.0141705E+001, 2.0073904E+001, 2.0012895E+001, 2.0002878E+001, 2.0000381E+001, 1.9999990E+001, 1.9999857E+001, 1.9999967E+001, 1.9999790E+001, 1.9999855E+001, 1.9999900E+001, 2.2150222E-001, 1.2749078E-001, 9.9689429E-002, 4.2645426E-002, 3.7526979E-002, 2.7640027E-002,-9.8006479E-003,-8.0848871E-003,-2.4658248E-002,-6.7250911E-002,-1.6141881E-001, 1.7310509E-002, 1.8285989E-001, 1.0136650E-001, 6.2537993E-002, 4.4084607E-002, 4.0627337E-002, 3.0033859E-002, 3.4458360E-002, 3.6900956E-002, 1.1426863E-002, 1.2790797E-002, 1.4491352E-002, 3.2533739E+003, 3.3341879E-002, 3.0434784E+000, 3.5491577E-002
 5.0045632E+000, 1.9999891E+001, 2.0000011E+001, 1.9999959E+001, 2.0000342E+001, 2.0000607E+001, 2.0001264E+001, 2.0003186E+001, 2.0010637E+001, 2.0045590E+001, 2.0124761E+001, 4.1685930E+001, 1.1908775E+002, 4.0837185E+001, 2.0208840E+001, 2.0050717E+001, 2.0011935E+001, 2.0003318E+001, 2.0001177E+001, 2.0000525E+001, 2.0000231E+001, 1.9999755E+001, 1.9999902E+001, 1.9999905E+001, 3.9610381E-001, 3.5023525E-001, 3.4140961E-001, 3.0872186E-001, 3.0836077E-001, 3.0332590E-001, 2.6782127E-001, 2.6724972E-001, 2.3460036E-001, 8.8392989E-002,-1.4910720E+000, 1.0838206E+000, 2.4366061E+000, 5.6410301E-001, 3.7368481E-001, 3.3250403E-001, 3.2454218E-001, 2.9924370E-001, 2.9957267E-001, 2.9643338E-001, 2.5883890E-001, 2.5535759E-001, 2.4768911E-001, 4.0365982E+003, 4.1225189E-002, 6.8862644E+000, 3.7072799E-002
 6.0023594E+000, 1.9999856E+001, 1.9999948E+001, 2.0000044E+001, 2.0000584E+001, 2.0001259E+001, 2.0002614E+001, 2.0005705E+001, 2.0018521E+001, 2.0079238E+001, 2.4302502E+001, 1.0679672E+002, 1.6997513E+002, 1.3714216E+002, 7.2945268E+001, 2.0136920E+001, 2.0034560E+001, 2.0008882E+001, 2.0003360E+001, 2.0001805E+001, 2.0000809E+001, 1.9999957E+001, 2.0000004E+001, 1.9999887E+001, 5.9851655E-001, 6.1377189E-001, 6.2526599E-001, 6.4772499E-001, 6.5282530E-001, 6.6232351E-001, 6.6522065E-001, 6.7162158E-001, 6.2938512E-001,-1.7022888E-001,-4.2932088E+000,-3.4854261E+000, 8.4402805E+000, 4.7888947E+000, 1.0776951E+000, 9.4759572E-001, 9.3083708E-001, 9.3217948E-001, 9.3709236E-001, 9.3745199E-001, 9.4933947E-001, 9.5367876E-001, 9.6549429E-001, 4.8030486E+003, 5.1386712E-002, 8.7883108E+000, 6.2761628E-002
 7.0064917E+000, 1.9999953E+001, 1.9999951E+001, 2.0000210E+001, 2.0000816E+001, 2.0001922E+001, 2.0003627E+001, 2.0007445E+001, 2.0022789E+001, 2.0098709E+001, 5.1933480E+001, 1.0085608E+002, 1.3814664E+002, 2.4316014E+002, 1.2154629E+002, 5.1467984E+001, 2.0749362E+001, 2.0023535E+001, 2.0008138E+001, 2.0003645E+001, 2.0001780E+001, 2.0000278E+001, 2.0000140E+001, 1.9999917E+001, 7.0855022E-001, 7.4166632E-001, 7.5528711E-001, 7.9202684E-001, 7.9396253E-001, 7.9476882E-001, 8.0830170E-001, 8.0425087E-001, 7.1330246E-001,-3.1449980E+000,-2.8188773E+000,-5.0741026E+000, 4.5246543E+000, 7.1917238E+000, 4.5120156E+000, 1.6364978E+000, 1.1570165E+000, 1.1613841E+000, 1.1543862E+000, 1.1590711E+000, 1.1786841E+000, 1.1801646E+000, 1.1959122E+000, 5.5055504E+003, 5.8517522E-002, 8.3659021E+000, 1.1298296E-001
 8.0073458E+000, 1.9999938E+001, 1.9999939E+001, 2.0000249E+001, 2.0001299E+001, 2.0002557E+001, 2.0005088E+001, 2.0010451E+001, 2.0030020E+001, 2.0244652E+001, 4.9709952E+001, 7.5377416E+001, 8.3388431E+001, 2.3861551E+002, 9.7458553E+001, 8.3490955E+001, 4.6726987E+001, 3.5231204E+001, 2.0016192E+001, 2.0006722E+001, 2.0003283E+001, 2.0000700E+001, 2.0000159E+001, 2.0000115E+001, 7.1019316E-001, 7.0718201E-001, 6.9334002E-001, 6.8186043E-001, 6.7668833E-001, 6.7560225E-001, 6.5877249E-001, 6.2627410E-001, 3.1254622E-001,-2.3007983E+000,-4.6402572E+000,-5.5659224E+000, 1.5018265E+000, 5.8839602E+000, 4.9538241E+000, 4.6559034E+000, 3.0817758E+000, 8.8257021E-001, 8.5326254E-001, 8.3688560E-001, 8.1948965E-001, 8.1435369E-001, 8.0311930E-001, 6.3874441E+003, 7.7028354E-002, 9.5562645E+000, 9.3438227E-001
 9.0005751E+000, 1.9999918E+001, 1.9999962E+001, 2.0000334E+001, 2.0001940E+001, 2.0003711E+001, 2.0007485E+001, 2.0015777E+001, 2.0044866E+001, 3.8694658E+001, 4.9086586E+001, 5.8546213E+001, 1.8374835E+002, 1.8418834E+002, 1.4977953E+002, 8.5918979E+001, 6.2766883E+001, 4.6050623E+001, 3.6595693E+001, 2.0012292E+001, 2.0005643E+001, 2.0001186E+001, 2.0000214E+001, 1.9999966E+001, 7.5898208E-001, 7.2798849E-001, 7.0824952E-001, 6.7276584E-001, 6.6229957E-001, 6.5342338E-001, 6.2749742E-001, 5.1882041E-001,-1.5572873E+000,-2.8123741E+000,-1.4632294E+000,-3.9727391E+000, 2.0946969E+000, 4.7134497E+000, 4.7458281E+000, 3.4805297E+000, 3.9717309E+000, 2.9901218E+000, 8.6269742E-001, 7.9465748E-001, 7.6941767E-001, 7.6134796E-001, 7.5385581E-001, 6.7968900E+003, 1.0175147E-001, 9.7569688E+000, 8.9153707E-001
 1.0000277E+001, 1.9999974E+001, 2.0000001E+001, 2.0000469E+001, 2.0002145E+001, 2.0004724E+001, 2.0009870E+001, 2.0020415E+001, 2.0193079E+001, 5.3439822E+001, 5.7434628E+001, 1.0936481E+002, 1.9199262E+002, 2.3887373E+002, 1.6421858E+002, 1.0526679E+002, 8.7846101E+001, 5.1377328E+001, 4.3132250E+001, 3.4355008E+001, 2.0013415E+001, 2.0001929E+001, 2.0000310E+001, 2.0000031E+001, 9.4505536E-001, 9.5464630E-001, 9.5940188E-001, 9.7027013E-001, 9.7402134E-001, 9.6715302E-001, 9.5282161E-001, 5.9684826E-001,-2.0546629E+000,-1.7135834E+000,-3.2447033E+000,-6.1413490E+000, 5.6177872E+000, 6.4284552E+000, 5.9489382E+000, 5.0462409E+000, 3.1273558E+000, 3.5974125E+000, 3.3044487E+000, 1.3731938E+000, 1.2971074E+000, 1.2933204E+000, 1.2935232E+000, 7.2114995E+003, 1.0101387E-001, 1.0679770E+001, 1.4730596E+000
 1.1005996E+001, 2.0000080E+001, 1.9999970E+001, 2.0000591E+001, 2.0002337E+001, 2.0005382E+001, 2.0011127E+001, 2.0023126E+001, 2.1402262E+001, 4.5029263E+001, 7.1398592E+001, 1.0465530E+002, 1.0477213E+002, 2.5328767E+002, 2.1286999E+002, 1.5216607E+002, 8.3861027E+001, 7.9459027E+001, 5.8841687E+001, 3.9457840E+001, 3.3519821E+001, 2.0003980E+001, 2.0000697E+001, 2.0000271E+001, 1.0385299E+000, 1.0673895E+000, 1.0805450E+000, 1.1150272E+000, 1.1243534E+000, 1.1196652E+000, 1.1029080E+000, 7.6377741E-001,-1.6890632E+000,-1.6326321E+000,-3.6561770E+000,-4.0099266E+000, 1.0676684E+000, 6.4729198E+000, 6.5379069E+000, 6.0103863E+000, 5.2696111E+000, 4.0273945E+000, 3.0034326E+000, 3.5401120E+000, 1.5585135E+000, 1.5618550E+000, 1.5650874E+000, 7.3641064E+003, 1.1948777E-001, 9.3544137E+000, 1.9792043E+000
 1.2012091E+001, 2.0000020E+001, 1.9999954E+001, 2.0000555E+001, 2.0002725E+001, 2.0005999E+001, 2.0012443E+001, 2.0025942E+001, 2.3421187E+001, 5.1299579E+001, 8.2149964E+001, 7.6925945E+001, 1.0526773E+002, 2.1827184E+002, 1.9272323E+002, 1.3097594E+002, 1.0659389E+002, 7.9656775E+001, 8.1531347E+001, 6.0648137E+001, 3.2213378E+001, 2.0386246E+001, 2.0001390E+001, 2.0000407E+001, 9.4252241E-001, 9.3869496E-001, 9.3070106E-001, 9.2125147E-001, 9.1343485E-001, 9.1395549E-001, 8.6833931E-001, 3.5440983E-001,-2.4742214E+000,-2.8920947E+000,-3.1463650E+000,-2.7397448E+000,-3.0781743E+000, 5.8090341E+000, 5.4234380E+000, 4.4171930E+000, 4.4653459E+000, 4.2966598E+000, 3.8509374E+000, 2.5026243E+000, 1.8100870E+000, 1.1557826E+000, 1.1540106E+000, 8.2723539E+003, 1.4269710E-001, 8.6863796E+000, 1.8879417E+000
 1.3004327E+001, 1.9999972E+001, 2.0000051E+001, 2.0000563E+001, 2.0003457E+001, 2.0007317E+001, 2.0015515E+001, 2.0031840E+001, 3.8257958E+001, 4.9080908E+001, 7.0744246E+001, 6.7681723E+001, 1.1706969E+002, 1.8296640E+002, 2.1574023E+002, 1.1298073E+002, 1.0986326E+002, 9.1406752E+001, 7.8150493E+001, 8.1629521E+001, 6.5071891E+001, 2.7223441E+001, 2.0002384E+001, 2.0000463E+001, 8.8499586E-001, 8.4685964E-001, 8.2821597E-001, 7.9491858E-001, 7.7853533E-001, 7.6087149E-001, 6.7023800E-001,-1.6328869E+000,-2.1022043E+000,-2.2363132E+000,-1.7349964E+000,-3.6511586E+000,-1.8925056E+000, 3.1194853E+000, 4.9810463E+000, 3.8803356E+000, 2.8951811E+000, 3.2333548E+000, 3.7053421E+000, 3.6887939E+000, 1.9069444E+000, 9.2020941E-001, 9.0280775E-001, 8.3957103E+003, 3.0757847E-001, 8.9761638E+000, 1.7837185E+000
 1.4007151E+001, 2.0000027E+001, 2.0000054E+001, 2.0000614E+001, 2.0003911E+001, 2.0008764E+001, 2.0018823E+001, 2.0037602E+001, 4.2996102E+001, 6.6325536E+001, 8.9012969E+001, 9.3835563E+001, 1.3644286E+002, 2.1596385E+002, 1.9136039E+002, 1.8251126E+002, 1.1960040E+002, 9.4267135E+001, 9.8680683E+001, 8.0337976E+001, 8.2848966E+001, 4.1255465E+001, 2.0046562E+001, 2.0000623E+001, 9.4884352E-001, 9.4394088E-001, 9.5828643E-001, 9.5646650E-001, 9.5418526E-001, 9.3747866E-001, 8.3479859E-001, 4.0624073E-001,-1.3713386E+000,-1.4090610E+000,-2.5717361E+000,-4.2227225E+000,-1.3655579E+000, 2.5845693E+000, 5.8334636E+000, 4.2665527E+000, 3.6467908E+000, 3.7107060E+000, 3.7711214E+000, 3.7670999E+000, 3.2314490E+000, 1.5768031E+000, 1.2889094E+000, 8.7578826E+003, 2.3381559E-001, 8.8650337E+000, 1.9098935E+000
 1.5002864E+001, 1.9999969E+001, 2.0000089E+001, 2.0000632E+001, 2.0004003E+001, 2.0009197E+001, 2.0019692E+001, 2.0040246E+001, 5.0197551E+001, 5.6932718E+001, 9.0313564E+001, 1.0438568E+002, 1.1935990E+002, 1.4943762E+002, 2.0345851E+002, 1.6716696E+002, 1.6578243E+002, 1.4155806E+002, 1.0110198E+002, 1.0183684E+002, 9.0461557E+001, 8.0286265E+001, 2.2293581E+001, 2.0001444E+001, 1.0000152E+000, 1.0298537E+000, 1.0422289E+000, 1.0636044E+000, 1.0692078E+000, 1.0480821E+000, 9.3612840E-001, 1.5045973E-001,-1.6215687E-001,-2.0506614E+000,-3.0589688E+000,-3.6629064E+000,-4.3264215E+000, 4.3920718E+000, 3.9513728E+000, 4.4892524E+000, 5.2234564E+000, 4.2147424E+000, 3.8907867E+000, 4.1447911E+000, 4.4946825E+000, 2.4841455E+000, 1.5362747E+000, 8.7564322E+003, 2.8015152E-001, 8.5487278E+000, 2.5696845E+000
 1.6007495E+001, 2.0000082E+001, 2.0000213E+001, 2.0000611E+001, 2.0004300E+001, 2.0009663E+001, 2.0020726E+001, 2.0043092E+001, 5.8867404E+001, 7.3311859E+001, 9.8876004E+001, 1.1492220E+002, 1.3822756E+002, 1.2458282E+002, 1.5312183E+002, 1.7363748E+002, 1.4757814E+002, 1.2939335E+002, 1.3551838E+002, 1.0948408E+002, 9.6422977E+001, 7.5579204E+001, 7.1757728E+001, 2.0007125E+001, 8.9747578E-001, 8.8711448E-001, 8.8072975E-001, 8.5659557E-001, 8.5038016E-001, 8.1342827E-001, 6.1788836E-001,-6.6260485E-001,-2.1276342E+000,-2.6049699E+000,-3.4703784E+000,-3.8949904E+000,-2.8492787E+000, 1.2096391E+000, 4.2968885E+000, 4.4934800E+000, 3.7415797E+000, 3.8234964E+000, 3.9483084E+000, 3.4059997E+000, 3.6603829E+000, 3.9334599E+000, 1.2592168E+000, 9.1143436E+003, 3.7275577E-001, 8.1796061E+000, 2.3150975E+000
 1.7002405E+001, 2.0000158E+001, 2.0000244E+001, 2.0000676E+001, 2.0004655E+001, 2.0010455E+001, 2.0022860E+001, 2.0079201E+001, 6.9513533E+001, 9.3837779E+001, 1.1071728E+002, 1.1905547E+002, 1.2242920E+002, 1.6009295E+002, 2.0418458E+002, 1.5309269E+002, 1.3563351E+002, 1.3569829E+002, 1.1148766E+002, 1.1278664E+002, 1.0789656E+002, 9.1311625E+001, 7.5776099E+001, 2.7226171E+001, 8.5398417E-001, 8.2978157E-001, 8.0925742E-001, 7.7800056E-001, 7.5339032E-001, 6.8484607E-001, 3.3063905E-001,-2.0513756E+000,-2.7047608E+000,-3.3990758E+000,-2.6250705E+000,-2.3834913E+000,-3.4445772E+000, 3.2605384E+000, 3.6067249E+000, 3.9423696E+000, 3.7096476E+000, 2.8989128E+000, 3.3688571E+000, 3.6210327E+000, 3.3562990E+000, 3.5978297E+000, 2.9484607E+000, 9.3642039E+003, 6.0824273E-001, 7.9861141E+000, 1.9522914E+000
 1.8003120E+001, 2.0000284E+001, 2.0000127E+001, 2.0000744E+001, 2.0004507E+001, 2.0010647E+001, 2.0023631E+001, 2.1865683E+001, 8.6416201E+001, 1.0366117E+002, 1.0359581E+002, 1.0857352E+002, 1.3611325E+002, 1.8704596E+002, 2.0958935E+002, 1.8721803E+002, 1.4825079E+002, 1.2458569E+002, 1.2354268E+002, 9.9291723E+001, 9.6870967E+001, 8.9540413E+001, 7.2402995E+001, 7.1727200E+001, 9.4601626E-001, 9.6992364E-001, 9.8620164E-001, 9.8933073E-001, 9.7133606E-001, 8.8371104E-001, 4.0369955E-001,-1.5798436E+000,-2.6888232E+000,-2.0318389E+000,-1.3318814E+000,-2.7025257E+000,-4.1291448E+000, 3.9428594E+000, 5.4462743E+000, 4.7728974E+000, 3.7765074E+000, 3.7520852E+000, 2.8471935E+000, 3.6045795E+000, 3.6823665E+000, 3.7531951E+000, 3.6940399E+000, 9.3845181E+003, 6.7494725E-001, 8.2985203E+000, 2.3433318E+000
 1.9009273E+001, 2.0000246E+001, 2.0000131E+001, 2.0000728E+001, 2.0004197E+001, 2.0010216E+001, 2.0023432E+001, 3.1150549E+001, 9.6167298E+001, 9.1071806E+001, 8.5956737E+001, 1.3840022E+002, 1.1481825E+002, 1.9497563E+002, 2.1539584E+002, 1.9194174E+002, 1.6979371E+002, 1.5588219E+002, 1.2331532E+002, 1.1098368E+002, 1.0249720E+002, 8.7820639E+001, 7.6096110E+001, 6.6382641E+001, 9.4218915E-001, 9.6274659E-001, 9.6643474E-001, 9.7742392E-001, 9.4409775E-001, 8.1847851E-001,-2.8765006E-001,-2.0475980E+000,-1.7613337E+000,-1.2676197E+000,-2.0774578E+000,-6.0217438E-001,-3.7042424E+000, 4.0717070E+000, 4.2191849E+000, 4.5266524E+000, 4.8217748E+000, 3.9431112E+000, 3.3706004E+000, 2.8722775E+000, 3.6109061E+000, 3.4610665E+000, 3.5928882E+000, 9.0522981E+003, 8.7894216E-001, 7.4561725E+000, 2.6177108E+000
 2.0005906E+001, 2.0000283E+001, 2.0000147E+001, 2.0000788E+001, 2.0004474E+001, 2.0010720E+001, 2.0054353E+001, 8.5366744E+001, 9.1896012E+001, 8.5847444E+001, 8.9872895E+001, 9.3291066E+001, 1.2026702E+002, 1.4664381E+002, 1.9519476E+002, 1.9606118E+002, 1.5977649E+002, 1.3380177E+002, 1.4554307E+002, 1.2787712E+002, 1.0463303E+002, 8.5366400E+001, 6.8639903E+001, 7.0157324E+001, 8.3410327E-001, 7.9939254E-001, 7.7956871E-001, 7.4246381E-001, 6.7825421E-001, 3.5097504E-001,-1.8352425E+000,-1.8430605E+000,-1.5663106E+000,-2.0692727E+000,-1.5176162E+000,-3.3774270E+000,-2.8768372E+000, 2.7911002E+000, 4.2755039E+000, 3.5213573E+000, 3.6082007E+000, 3.8514579E+000, 4.1745907E+000, 3.3001823E+000, 2.6302949E+000, 2.8909392E+000, 2.9136442E+000, 9.8745679E+003, 8.0701217E-001, 8.6565481E+000, 2.1373921E+000
 2.1002008E+001, 2.0000166E+001, 2.0000179E+001, 2.0000969E+001, 2.0004872E+001, 2.0012256E+001, 3.0618012E+001, 8.8989346E+001, 8.4503602E+001, 8.0121448E+001, 8.2338840E+001, 1.0083145E+002, 1.4297145E+002, 2.0229090E+002, 2.1686825E+002, 2.0776920E+002, 1.6623291E+002, 1.5361929E+002, 1.2192989E+002, 1.3782849E+002, 1.1592751E+002, 9.9483090E+001, 7.3258430E+001, 7.2134188E+001, 8.7635099E-001, 8.6725661E-001, 8.5949254E-001, 8.3492159E-001, 7.3432721E-001,-7.6389961E-001,-1.5275886E+000,-1.2085890E+000,-1.3588665E+000,-1.7136695E+000,-2.5931762E+000,-2.6864853E+000,-4.6507132E+000, 2.7328355E+000, 4.2246352E+000, 4.8690377E+000, 4.0397566E+000, 3.4771510E+000, 3.6121761E+000, 4.2729609E+000, 3.3328175E+000, 3.0751249E+000, 3.0153673E+000, 9.7615292E+003, 6.7213493E-001, 8.1605109E+000, 2.7049359E+000
 2.2003751E+001, 2.0000048E+001, 2.0000339E+001, 2.0001028E+001, 2.0005053E+001, 2.0013576E+001, 6.6969989E+001, 8.7743686E+001, 8.1137166E+001, 8.0478094E+001, 8.0964526E+001, 1.0842387E+002, 1.8913250E+002, 2.1344350E+002, 2.9055602E+002, 1.8168694E+002, 1.7717800E+002, 1.2867368E+002, 1.3588697E+002, 1.2374496E+002, 1.1904029E+002, 1.0489536E+002, 8.8382511E+001, 7.2534288E+001, 9.4645899E-001, 9.7029746E-001, 9.8462263E-001, 9.7800108E-001, 8.5036558E-001,-1.0413280E+000,-9.8816599E-001,-7.7076530E-001,-1.4903432E+000,-1.0091213E+000,-2.2311545E+000,-3.8056944E+000,-4.9334973E+000, 2.0881222E+000, 5.5839523E+000, 4.3655559E+000, 4.4373382E+000, 4.3232795E+000, 3.5050010E+000, 3.6702321E+000, 4.1522306E+000, 3.7458464E+000, 3.5247992E+000, 9.3243236E+003, 6.4539112E-001, 8.4264843E+000, 2.6253290E+000
 2.3009650E+001, 2.0000248E+001, 2.0000443E+001, 2.0000931E+001, 2.0005645E+001, 2.0016486E+001, 8.4925772E+001, 8.4967733E+001, 7.9063343E+001, 8.8944374E+001, 1.0606946E+002, 1.5612514E+002, 1.3438931E+002, 1.2784027E+002, 2.0103522E+002, 2.1567862E+002, 1.2912535E+002, 1.5130213E+002, 1.1690980E+002, 1.1928585E+002, 1.1924801E+002, 1.0728193E+002, 9.8216031E+001, 8.1124265E+001, 8.6010469E-001, 8.4646144E-001, 8.5338453E-001, 7.8602789E-001, 5.3548527E-001,-1.1515903E+000,-1.0033744E+000,-1.3721198E+000,-1.7002929E+000,-2.4240972E+000,-3.2999311E+000,-3.0391738E+000,-2.2181617E+000,-1.0739700E+000, 4.9619705E+000, 6.4153855E+000, 5.3813440E+000, 3.8667746E+000, 3.7360410E+000, 3.4669032E+000, 3.4826409E+000, 3.4907100E+000, 3.4213457E+000, 9.7505719E+003, 6.5457594E-001, 8.1723062E+000, 2.8815325E+000
 2.4001235E+001, 2.0000327E+001, 2.0000460E+001, 2.0001002E+001, 2.0007005E+001, 3.0327070E+001, 8.1253961E+001, 8.0567289E+001, 8.2416245E+001, 1.0876210E+002, 1.3465557E+002, 1.2849959E+002, 1.3018990E+002, 1.5974082E+002, 2.5201041E+002, 1.8776062E+002, 1.3174350E+002, 1.0372929E+002, 1.4064844E+002, 1.1454930E+002, 1.1503768E+002, 1.0216372E+002, 1.0453426E+002, 9.0174359E+001, 8.2333632E-001, 7.7604793E-001, 7.5930192E-001, 6.4111099E-001,-4.8862474E-001,-1.0362749E+000,-1.2565713E+000,-1.8053622E+000,-2.4706383E+000,-3.1255164E+000,-2.4482075E+000,-2.2647175E+000,-3.7973271E+000, 1.5209475E+000, 3.4393113E+000, 4.8532096E+000, 4.3155603E+000, 4.6158664E+000, 3.2018907E+000, 3.3356635E+000, 2.9107372E+000, 3.3376285E+000, 3.0325249E+000, 1.0126452E+004, 7.1088365E-001, 8.3880896E+000, 2.4973275E+000
 2.5006208E+001, 2.0000222E+001, 2.0000422E+001, 2.0001201E+001, 2.0008998E+001, 7.5125063E+001, 8.2552165E+001, 7.9973020E+001, 9.9027086E+001, 1.2704251E+002, 1.2294318E+002, 1.2569394E+002, 1.6144620E+002, 2.1665869E+002, 2.3793052E+002, 2.1856677E+002, 1.5225662E+002, 1.1905242E+002, 1.0617531E+002, 1.2269156E+002, 1.2249323E+002, 1.1452346E+002, 1.0166917E+002, 9.8729189E+001, 9.0944139E-001, 9.1088204E-001, 9.0986487E-001, 7.5812665E-001,-8.8941400E-001,-4.1020167E-001,-1.2994821E+000,-2.0999011E+000,-2.4704223E+000,-2.1505865E+000,-1.2083274E+000,-3.4829735E+000,-5.1573450E+000, 1.4466298E+000, 5.1213270E+000, 5.0700683E+000, 5.2010414E+000, 4.0359949E+000, 4.4841815E+000, 4.1828355E+000, 4.0246385E+000, 3.4614658E+000, 3.6770841E+000, 9.8732954E+003, 9.8585516E-001, 8.2619178E+000, 2.7937409E+000
 2.6003483E+001, 2.0000329E+001, 2.0000402E+001, 2.0001269E+001, 2.0011414E+001, 7.6820407E+001, 8.0783025E+001, 9.4696525E+001, 1.2028477E+002, 1.1675187E+002, 1.1262904E+002, 1.5048922E+002, 1.8875039E+002, 1.8345503E+002, 2.6108392E+002, 1.7793055E+002, 1.7115517E+002, 1.8288025E+002, 1.3169092E+002, 1.1580022E+002, 1.1214525E+002, 1.1254431E+002, 1.0449974E+002, 9.8946692E+001, 9.2993375E-001, 9.3534749E-001, 9.4010536E-001, 6.4734547E-001,-7.0963365E-001,-3.9991161E-001,-1.8892694E+000,-2.2754038E+000,-1.2975144E+000,-1.6345301E+000,-3.0750214E+000,-3.2613537E+000,-4.0693456E+000, 1.3216486E+000, 6.1574696E+000, 6.0554194E+000, 5.1167714E+000, 4.7189859E+000, 3.9023764E+000, 4.2064677E+000, 3.6037947E+000, 3.9341206E+000, 3.4590922E+000, 9.2486405E+003, 1.1362422E+000, 7.7680068E+000, 3.2444342E+000
 2.7007496E+001, 2.0000496E+001, 2.0000280E+001, 2.0001576E+001, 2.0889415E+001, 7.9143606E+001, 9.3262024E+001, 1.1466461E+002, 1.1491262E+002, 1.1771989E+002, 1.4640346E+002, 1.7119046E+002, 1.5405380E+002, 1.6571071E+002, 2.1430779E+002, 2.0519209E+002, 1.7328797E+002, 1.3612858E+002, 1.7001987E+002, 1.4024663E+002, 1.1534009E+002, 1.1333525E+002, 1.0236041E+002, 9.8519706E+001, 8.1851436E-001, 7.7320642E-001, 7.4198682E-001, 3.6759018E-002,-9.7182817E-001,-2.1269421E+000,-2.4132570E+000,-1.8122982E+000,-2.6699521E+000,-3.4773792E+000,-3.4723305E+000,-3.3539353E+000,-4.2444899E+000,-1.1890263E+000, 4.3497460E+000, 5.6955244E+000, 5.2364419E+000, 4.5293774E+000, 4.0387786E+000, 3.0708213E+000, 3.8215431E+000, 3.0642190E+000, 2.9137579E+000, 1.0088010E+004, 1.0230728E+000, 8.1586752E+000, 3.2675929E+000
 2.8001986E+001, 2.0000351E+001, 2.0000442E+001, 2.0002126E+001, 3.9479591E+001, 8.5283598E+001, 1.0968950E+002, 1.1446122E+002, 1.1702499E+002, 1.4017080E+002, 1.4818741E+002, 1.4474915E+002, 1.5268180E+002, 1.6233769E+002, 1.3732524E+002, 1.7440678E+002, 1.4954350E+002, 1.6503485E+002, 1.3902122E+002, 1.4500116E+002, 1.2480146E+002, 1.0829256E+002, 1.0702682E+002, 1.0155560E+002, 8.3091385E-001, 7.7008385E-001, 7.3091573E-001,-1.4581902E-001,-1.7336905E+000,-2.3850130E+000,-1.7015349E+000,-2.6897279E+000,-3.0092987E+000,-2.9993723E+000,-3.1017223E+000,-2.5279414E+000,-3.8605930E+000, 4.1836333E-001, 2.5096173E+000, 4.4418205E+000, 5.2166603E+000, 4.8516015E+000, 4.1547444E+000, 3.9230765E+000, 3.2307739E+000, 2.8192914E+000, 3.3866199E+000, 1.0174594E+004, 1.2324707E+000, 8.1838029E+000, 2.3054863E+000
 2.9008513E+001, 2.0000254E+001, 2.0000627E+001, 2.0002782E+001, 7.4996966E+001, 1.0389305E+002, 1.1154490E+002, 1.1416230E+002, 1.3048636E+002, 1.2807685E+002, 1.4054738E+002, 1.2847870E+002, 1.6050309E+002, 1.7769933E+002, 2.2418188E+002, 1.9699569E+002, 1.7936318E+002, 1.5260846E+002, 1.3031630E+002, 1.2030928E+002, 1.3096429E+002, 1.1354660E+002, 1.0234982E+002, 9.7366116E+001, 9.2548630E-001, 9.0800123E-001, 8.6462111E-001,-6.8925456E-001,-1.8321194E+000,-1.3004131E+000,-2.0889106E+000,-2.3238820E+000,-2.2766426E+000,-2.4701183E+000,-1.8891586E+000,-2.3854723E+000,-4.2208677E+000, 1.8496877E+000, 4.2864610E+000, 4.3800431E+000, 3.9895273E+000, 4.6338059E+000, 4.5006060E+000, 3.6756349E+000, 3.8795904E+000, 3.5789449E+000, 3.2630042E+000, 9.8038728E+003, 1.2940828E+000, 7.6296809E+000, 2.8656100E+000
 3.0007208E+001, 2.0000375E+001, 2.0000674E+001, 2.0003336E+001, 8.3374141E+001, 1.0670778E+002, 1.1198257E+002, 1.2436708E+002, 1.2798218E+002, 1.2544200E+002, 1.2704926E+002, 1.4653181E+002, 1.7090380E+002, 1.4976978E+002, 2.1902442E+002, 1.6507003E+002, 1.7557648E+002, 1.7755559E+002, 1.5414223E+002, 1.2823426E+002, 1.1225443E+002, 1.2037893E+002, 1.0895538E+002, 1.0220694E+002, 8.9840904E-001, 8.7454643E-001, 7.9838808E-001,-1.1190511E+000,-1.6116479E+000,-1.9847504E+000,-1.7615314E+000,-2.0528524E+000,-2.6981443E+000,-2.0654189E+000,-1.8373234E+000,-2.4508793E+000,-1.8777216E+000,-2.9268995E-002, 3.4407852E+000, 4.9322055E+000, 4.5737492E+000, 3.3393291E+000, 3.8549943E+000, 3.2558801E+000, 3.5044593E+000, 3.4150007E+000, 3.4483330E+000, 9.7405060E+003, 1.2515735E+000, 7.3156983E+000, 2.9584895E+000
 3.1000826E+001, 2.0000433E+001, 2.0000815E+001, 2.0004851E+001, 1.0036126E+002, 1.0825190E+002, 1.1993189E+002, 1.2734373E+002, 1.2495224E+002, 1.1773698E+002, 1.3384420E+002, 1.6332203E+002, 1.4701914E+002, 1.5682852E+002, 2.0231591E+002, 1.6973580E+002, 1.7191159E+002, 1.5371537E+002, 1.6280219E+002, 1.4524508E+002, 1.2605555E+002, 1.1321032E+002, 1.0746905E+002, 9.9033331E+001, 8.1665873E-001, 7.4411879E-001, 5.8747305E-001,-1.7178888E+000,-1.6890719E+000,-2.1490527E+000,-2.3193620E+000,-2.4192764E+000,-2.5065324E+000,-2.5550650E+000,-2.4056557E+000,-2.2281484E+000,-2.6730806E+000,-2.3203224E+000, 3.7458633E+000, 4.2948233E+000, 3.4492473E+000, 3.8334294E+000, 3.2474604E+000, 3.2311893E+000, 2.6515327E+000, 2.8852944E+000, 2.4169349E+000, 1.0389030E+004, 1.2864561E+000, 7.5768572E+000, 2.7411032E+000
 3.2004397E+001, 2.0000380E+001, 2.0001126E+001, 2.0008179E+001, 1.0409721E+002, 1.1636210E+002, 1.2573287E+002, 1.2509844E+002, 1.1686046E+002, 1.2666332E+002, 1.4520196E+002, 1.3015689E+002, 1.3570398E+002, 1.4197176E+002, 2.1385118E+002, 1.7848377E+002, 1.5932232E+002, 1.4103008E+002, 1.4351639E+002, 1.4624563E+002, 1.4321222E+002, 1.0865426E+002, 1.1725930E+002, 1.0561275E+002, 8.7101819E-001, 8.1555947E-001, 5.0174617E-001,-1.4935381E+000,-1.8937231E+000,-2.1112024E+000,-2.2363137E+000,-1.8412212E+000,-2.4604899E+000,-2.3622890E+000,-1.3269935E+000,-1.2557509E+000,-3.4839860E+000,-5.7245836E-001, 2.0948435E+000, 4.2784419E+000, 4.9818482E+000, 3.8793175E+000, 4.3350231E+000, 3.9552386E+000, 3.5765016E+000, 3.2405239E+000, 3.0199144E+000, 9.8946844E+003, 1.1043082E+000, 7.6655189E+000, 2.4278395E+000
 3.3001109E+001, 2.0000368E+001, 2.0001346E+001, 2.5088291E+001, 1.0765657E+002, 1.2226517E+002, 1.1976037E+002, 1.1804288E+002, 1.2251287E+002, 1.3878463E+002, 1.2962204E+002, 1.3160943E+002, 1.4436502E+002, 1.8980211E+002, 2.1913961E+002, 2.0833845E+002, 1.7892934E+002, 1.4928560E+002, 1.3050691E+002, 1.3353176E+002, 1.3294513E+002, 1.2676940E+002, 1.0524804E+002, 1.0579722E+002, 9.3574740E-001, 9.0673200E-001,-1.1421440E-001,-1.5879634E+000,-1.7181350E+000,-1.9438601E+000,-1.6288268E+000,-2.0810982E+000,-1.7331831E+000,-1.9996835E+000,-1.4271056E+000,-1.0321749E+000,-4.0719684E+000,-1.0537849E+000, 4.6069365E+000, 4.9892014E+000, 4.5344202E+000, 4.8662633E+000, 4.2895594E+000, 4.0816423E+000, 3.9260676E+000, 3.5950957E+000, 3.4497882E+000, 9.5335133E+003, 1.1686878E+000, 7.1927432E+000, 2.9257070E+000
 3.4004876E+001, 2.0000502E+001, 2.0001558E+001, 5.7882584E+001, 1.1788131E+002, 1.1838458E+002, 1.1769471E+002, 1.1928908E+002, 1.2989237E+002, 1.2565788E+002, 1.2374195E+002, 1.3771551E+002, 1.5027091E+002, 1.3765520E+002, 1.9462599E+002, 1.8255035E+002, 1.6776318E+002, 1.5690523E+002, 1.5426860E+002, 1.3090422E+002, 1.2486429E+002, 1.3224538E+002, 1.1468998E+002, 1.1000276E+002, 8.6034830E-001, 7.9697331E-001,-1.0650040E+000,-1.8078047E+000,-1.7991167E+000,-1.9828039E+000,-2.2155301E+000,-2.0290019E+000,-2.2996387E+000,-1.8258094E+000,-1.3114789E+000,-1.8483813E+000,-8.3997149E-001,-2.0500715E+000, 2.7632254E+000, 4.6508826E+000, 4.3059472E+000, 4.0758454E+000, 3.8990610E+000, 3.3302975E+000, 3.7903704E+000, 3.2590254E+000, 2.9282638E+000, 1.0036309E+004, 1.1818161E+000, 7.4140696E+000, 2.6990989E+000
 3.5009599E+001, 2.0000550E+001, 2.0002234E+001, 8.7984302E+001, 1.1635879E+002, 1.1406061E+002, 1.1747567E+002, 1.2459129E+002, 1.2785544E+002, 1.2230157E+002, 1.3168954E+002, 1.4780103E+002, 1.4034214E+002, 1.7465577E+002, 2.4224333E+002, 1.6936241E+002, 1.6383851E+002, 1.5096336E+002, 1.4001952E+002, 1.5007369E+002, 1.2918720E+002, 1.2215431E+002, 1.2718121E+002, 1.0156383E+002, 8.1589318E-001, 7.1268372E-001,-1.1908615E+000,-1.9847624E+000,-1.8695185E+000,-2.2428196E+000,-2.2038716E+000,-2.3189658E+000,-2.1133735E+000,-1.8239498E+000,-2.5072821E+000,-1.6797083E+000,-2.2204669E+000,-1.1365907E+000, 2.1068333E+000, 4.5466017E+000, 4.4530820E+000, 3.6580828E+000, 3.7622481E+000, 3.4795279E+000, 3.0506432E+000, 3.5199384E+000, 2.9612440E+000, 1.0317503E+004, 1.2096663E+000, 7.7553515E+000, 2.6565101E+000
 3.6001528E+001, 2.0000502E+001, 2.0003459E+001, 9.6793825E+001, 1.1045365E+002, 1.1386765E+002, 1.2001037E+002, 1.2523896E+002, 1.2098635E+002, 1.2989865E+002, 1.4338946E+002, 1.3884740E+002, 1.5583982E+002, 2.0368369E+002, 2.7228243E+002, 2.2134993E+002, 1.7794700E+002, 1.1452782E+002, 1.3666494E+002, 1.3555631E+002, 1.3677317E+002, 1.1657641E+002, 1.1996063E+002, 1.1165787E+002, 9.0834104E-001, 8.0140025E-001,-1.0889231E+000,-1.3937001E+000,-1.6607309E+000,-1.8469389E+000,-1.9747933E+000,-1.9279122E+000,-1.9205143E+000,-2.2774718E+000,-1.7455458E+000,-1.3480374E+000,-3.4438268E+000, 1.0210115E+000, 3.9766931E+000, 4.8554485E+000, 4.1958524E+000, 4.9074441E+000, 3.8159455E+000, 3.8411453E+000, 3.6082641E+000, 3.9217204E+000, 3.7470952E+000, 9.9737646E+003, 1.0809586E+000, 7.5379094E+000, 2.9465203E+000
 3.7012829E+001, 2.0000671E+001, 2.0004897E+001, 1.0870978E+002, 1.0875051E+002, 1.1750259E+002, 1.2199166E+002, 1.1793085E+002, 1.2426359E+002, 1.3513440E+002, 1.3528053E+002, 1.4617475E+002, 1.8538506E+002, 1.5956193E+002, 1.6570260E+002, 2.1110515E+002, 1.9660044E+002, 1.8836783E+002, 1.3510139E+002, 1.1963046E+002, 1.3195476E+002, 1.2753637E+002, 1.1450406E+002, 1.1737579E+002, 9.1320809E-001, 7.8441596E-001,-1.3652332E+000,-1.6382102E+000,-1.9563966E+000,-1.6838812E+000,-1.7773949E+000,-1.9304392E+000,-1.9533489E+000,-1.6654182E+000,-1.7711451E+000,-2.6385570E+000,-1.3811907E+000,-4.2625542E-002, 3.7231259E+000, 5.7120277E+000, 4.8704249E+000, 4.2091435E+000, 4.4479012E+000, 3.9569273E+000, 3.9524831E+000, 3.4187935E+000, 3.8750795E+000, 9.7114179E+003, 1.1106836E+000, 7.6517563E+000, 3.5828420E+000
 3.8004784E+001, 2.0000922E+001, 2.0007517E+001, 1.0967555E+002, 1.1297638E+002, 1.1781897E+002, 1.1280668E+002, 1.2075527E+002, 1.3064021E+002, 1.2998306E+002, 1.3201334E+002, 1.5684475E+002, 1.5450952E+002, 1.5608790E+002, 1.8337729E+002, 1.6349870E+002, 1.5746227E+002, 1.4396312E+002, 1.7115569E+002, 1.4844432E+002, 1.2181638E+002, 1.2102954E+002, 1.1845409E+002, 1.1325623E+002, 8.3479840E-001, 5.9199273E-001,-1.5919720E+000,-2.0759945E+000,-1.9818526E+000,-1.8816982E+000,-2.3207366E+000,-2.0596689E+000,-2.1135470E+000,-2.2863622E+000,-2.3343652E+000,-2.0554930E+000,-2.1114964E+000,-2.4817919E+000, 3.2383821E+000, 3.7289739E+000, 4.8163439E+000, 4.0920548E+000, 4.0647726E+000, 3.6624475E+000, 3.0631523E+000, 3.2902654E+000, 2.9453829E+000, 1.0134999E+004, 1.1620565E+000, 7.7734877E+000, 2.3913851E+000
 3.9001141E+001, 2.0001086E+001, 2.0012711E+001, 1.0716136E+002, 1.1349601E+002, 1.1221427E+002, 1.1840400E+002, 1.2518836E+002, 1.2625891E+002, 1.2966166E+002, 1.3837685E+002, 1.6198328E+002, 1.5050763E+002, 2.1056248E+002, 2.0175914E+002, 1.6222907E+002, 1.4769744E+002, 1.1832763E+002, 1.2515554E+002, 1.4729923E+002, 1.3850624E+002, 1.1908070E+002, 1.2015083E+002, 1.0941106E+002, 8.3079699E-001, 4.2544606E-001,-1.3766809E+000,-1.9010832E+000,-1.8666324E+000,-2.1376214E+000,-2.2182508E+000,-2.1685247E+000,-2.2588677E+000,-2.1829356E+000,-2.2205770E+000,-1.7863754E+000,-3.1649687E+000,-4.1520669E-001, 2.6744296E+000, 4.0792553E+000, 2.9144788E+000, 3.9287373E+000, 4.0224938E+000, 4.2193682E+000, 3.1367947E+000, 3.4232802E+000, 2.8033251E+000, 1.0176904E+004, 1.1808409E+000, 7.5495146E+000, 2.3192392E+000
 4.0010478E+001, 2.0001383E+001, 2.0103511E+001, 1.0522689E+002, 1.1209089E+002, 1.1474944E+002, 1.1909175E+002, 1.2274878E+002, 1.2861257E+002, 1.3180303E+002, 1.4805140E+002, 1.3905268E+002, 1.6025081E+002, 2.0846741E+002, 2.0554349E+002, 2.0087641E+002, 1.6591986E+002, 1.3835674E+002, 1.2183898E+002, 1.1523123E+002, 1.3099585E+002, 1.2631231E+002, 1.1793700E+002, 1.1645254E+002, 9.0287696E-001, 4.0046121E-001,-1.4240917E+000,-1.5074094E+000,-1.9257636E+000,-1.8180071E+000,-1.8584182E+000,-1.7098861E+000,-1.7402809E+000,-2.0414612E+000,-1.1785753E+000,-1.6673942E+000,-3.3354640E+000, 5.1369578E-001, 4.6707720E+000, 4.7085235E+000, 3.8850633E+000, 3.3319222E+000, 3.7920457E+000, 3.9530280E+000, 4.0635469E+000, 3.2244570E+000, 3.8687721E+000, 1.0041871E+004, 1.1505771E+000, 7.5004220E+000, 2.9326908E+000
 4.1005808E+001, 2.0002073E+001, 2.4159601E+001, 1.0721616E+002, 1.0950277E+002, 1.1445063E+002, 1.2269797E+002, 1.2022732E+002, 1.2312221E+002, 1.2917681E+002, 1.2990838E+002, 1.3978645E+002, 1.8500658E+002, 1.4550316E+002, 2.0337747E+002, 1.9672725E+002, 1.8200364E+002, 1.7315672E+002, 1.4218635E+002, 1.2306633E+002, 1.0825019E+002, 1.2139985E+002, 1.1723697E+002, 1.1502927E+002, 8.7683549E-001, 1.8762174E-001,-1.8474722E+000,-1.6444988E+000,-1.7897014E+000,-1.7961399E+000,-1.8810700E+000,-1.8358588E+000,-1.9977541E+000,-1.6859990E+000,-1.3486047E+000,-2.2090754E+000,-1.1319904E+000,-2.4787336E+000, 4.1135820E+000, 5.6545256E+000, 5.3105735E+000, 4.3029305E+000, 3.1270697E+000, 3.1489339E+000, 3.6775273E+000, 3.5645811E+000, 3.3018089E+000, 9.4344294E+003, 1.1726258E+000, 7.4398981E+000, 3.3331635E+000
 4.2009764E+001, 2.0002896E+001, 7.6795914E+001, 1.0624200E+002, 1.1269325E+002, 1.1965291E+002, 1.1436678E+002, 1.2050801E+002, 1.2883414E+002, 1.3407538E+002, 1.2815014E+002, 1.5951196E+002, 1.5452599E+002, 1.4684654E+002, 1.7987216E+002, 1.7156212E+002, 1.5667201E+002, 1.6274811E+002, 1.6174855E+002, 1.5118739E+002, 1.2168043E+002, 1.1415829E+002, 1.1684666E+002, 1.1199539E+002, 7.8199973E-001,-1.1890984E+000,-1.7294957E+000,-2.0363899E+000,-1.9019315E+000,-2.1095805E+000,-2.2450627E+000,-2.2006624E+000,-2.1690093E+000,-1.8219265E+000,-2.6046418E+000,-1.6691425E+000,-7.1508436E-001,-2.2457836E+000, 2.5753100E+000, 4.0113705E+000, 4.5947744E+000, 4.3784074E+000, 4.1942015E+000, 3.0519287E+000, 3.0446643E+000, 2.8020428E+000, 2.8376105E+000, 1.0307900E+004, 1.2582734E+000, 7.4113569E+000, 2.8918720E+000
 4.3005636E+001, 2.0004139E+001, 9.9591260E+001, 1.0477698E+002, 1.1460555E+002, 1.1461648E+002, 1.1901506E+002, 1.2072281E+002, 1.3097528E+002, 1.2821418E+002, 1.5161523E+002, 1.3790802E+002, 1.4818810E+002, 1.7745215E+002, 2.4605134E+002, 1.5826827E+002, 1.4474261E+002, 1.3160145E+002, 1.5153470E+002, 1.4895645E+002, 1.4997324E+002, 1.0833879E+002, 1.1325051E+002, 1.1516329E+002, 7.6458725E-001,-9.5713986E-001,-1.7880272E+000,-1.9637245E+000,-1.7617254E+000,-2.2014376E+000,-2.2237471E+000,-1.9248292E+000,-1.8340457E+000,-2.6458364E+000,-1.7707434E+000,-1.4343926E+000,-1.9022982E+000,-1.0629912E+000, 1.9052220E+000, 3.6951896E+000, 3.8333014E+000, 4.0425691E+000, 4.1700028E+000, 4.3704665E+000, 2.8072022E+000, 3.2751837E+000, 3.2438132E+000, 1.0342084E+004, 1.2181775E+000, 7.8073873E+000, 2.0869351E+000
 4.4011709E+001, 2.0006030E+001, 1.0058480E+002, 1.0307488E+002, 1.1293882E+002, 1.1510344E+002, 1.1836216E+002, 1.2443543E+002, 1.2533049E+002, 1.4340579E+002, 1.3989351E+002, 1.2590132E+002, 1.4458433E+002, 1.7380375E+002, 2.2157844E+002, 1.8938445E+002, 1.8119600E+002, 1.4633500E+002, 1.2976759E+002, 1.3889233E+002, 1.4142801E+002, 1.4387933E+002, 1.0813452E+002, 1.1156386E+002, 7.8833260E-001,-1.2807850E+000,-1.7650020E+000,-1.7125298E+000,-1.6493576E+000,-1.9272312E+000,-1.8779093E+000,-1.4041755E+000,-2.3601624E+000,-1.6848052E+000,-7.5191332E-001,-5.3982124E-001,-1.0953991E+000,-3.3234911E+000, 3.8251368E+000, 5.3289185E+000, 4.3307685E+000, 3.6050458E+000, 3.4766877E+000, 3.9196585E+000, 4.3732772E+000, 3.2945669E+000, 3.2808114E+000, 9.5167296E+003, 1.1270643E+000, 7.4139904E+000, 3.2926435E+000
 4.5010167E+001, 2.0009249E+001, 1.0219950E+002, 1.0503715E+002, 1.1205058E+002, 1.1654074E+002, 1.2095020E+002, 1.2031844E+002, 1.2960970E+002, 1.3794752E+002, 1.1804307E+002, 1.3418813E+002, 1.5219775E+002, 1.7248771E+002, 1.6711017E+002, 1.8059686E+002, 1.5180593E+002, 1.6874593E+002, 1.5279437E+002, 1.2978908E+002, 1.2750509E+002, 1.3501633E+002, 1.2561130E+002, 1.0836256E+002, 6.1848247E-001,-1.2683359E+000,-1.7890800E+000,-1.9555126E+000,-1.9226404E+000,-1.8821168E+000,-1.7659398E+000,-2.3077808E+000,-1.9110077E+000,-1.2951715E+000,-1.1592594E+000,-8.1312015E-001,-2.8133564E+000,-2.4202759E+000, 2.0208615E+000, 5.1933968E+000, 5.0958849E+000, 4.4612654E+000, 3.8377009E+000, 3.3917386E+000, 3.9074382E+000, 3.5865840E+000, 3.1660795E+000, 9.8367274E+003, 1.2830402E+000, 6.9231904E+000, 2.7992580E+000
 4.6007537E+001, 2.0315959E+001, 1.0143597E+002, 1.0477691E+002, 1.1413014E+002, 1.1922780E+002, 1.2026368E+002, 1.2575840E+002, 1.2849377E+002, 1.2046125E+002, 1.2701352E+002, 1.4091986E+002, 1.6840266E+002, 1.6117597E+002, 1.6879752E+002, 1.6983648E+002, 1.3987985E+002, 1.3878343E+002, 1.4962265E+002, 1.4839097E+002, 1.2706112E+002, 1.2473633E+002, 1.3380593E+002, 1.0683370E+002, 1.4688796E-001,-1.3667897E+000,-2.0013307E+000,-2.0810734E+000,-2.2107560E+000,-2.1118960E+000,-2.6040136E+000,-2.1814217E+000,-1.4865821E+000,-1.4802024E+000,-1.9733201E+000,-2.8924412E+000,-2.5409387E+000,-2.1789807E+000, 1.5227681E+000, 3.2977516E+000, 4.2117493E+000, 4.2524266E+000, 3.6772297E+000, 3.1461517E+000, 2.7135726E+000, 3.3932293E+000, 2.5932739E+000, 1.0516795E+004, 1.2004117E+000, 7.9292118E+000, 2.1321401E+000
 4.7006674E+001, 4.1627311E+001, 9.8921286E+001, 1.0570671E+002, 1.1668014E+002, 1.1877751E+002, 1.2172489E+002, 1.2437897E+002, 1.2067514E+002, 1.1960903E+002, 1.3790799E+002, 1.6015490E+002, 1.5325750E+002, 1.6857536E+002, 2.5084841E+002, 1.6630530E+002, 1.6572974E+002, 1.3115174E+002, 1.2877986E+002, 1.3658901E+002, 1.4082256E+002, 1.2281970E+002, 1.1606189E+002, 1.2526355E+002,-2.1517998E-001,-1.3502713E+000,-1.8150297E+000,-1.7500396E+000,-2.0828458E+000,-2.2322458E+000,-1.8779632E+000,-1.5724789E+000,-1.2626444E+000,-2.1218310E+000,-2.4343782E+000,-1.6983425E+000,-1.8814007E+000,-5.3090192E-001, 2.3172353E+000, 3.0236195E+000, 4.3726150E+000, 3.9862765E+000, 4.2147367E+000, 3.4899981E+000, 3.4780206E+000, 3.1714501E+000, 3.5702941E+000, 9.9800228E+003, 1.0563039E+000, 7.3803652E+000, 2.3326946E+000
 4.8000609E+001, 8.3369519E+001, 9.8626228E+001, 1.0578545E+002, 1.1635507E+002, 1.1815588E+002, 1.2049181E+002, 1.2011437E+002, 1.1862778E+002, 1.3282135E+002, 1.4834798E+002, 1.4305334E+002, 1.4543449E+002, 1.6444156E+002, 2.0196948E+002, 2.1865981E+002, 1.7383633E+002, 1.5038533E+002, 1.3707205E+002, 1.1964285E+002, 1.2482994E+002, 1.3263114E+002, 1.1739173E+002, 1.2012004E+002,-6.8633110E-001,-1.3187198E+000,-1.8096978E+000,-1.4457380E+000,-2.0993778E+000,-1.7553096E+000,-1.5501906E+000,-9.3407972E-001,-1.8053881E+000,-1.9402442E+000,-1.6092134E+000,-9.9435354E-001,-7.9202019E-001,-2.2263872E+000, 4.6378463E+000, 5.1292780E+000, 3.5865852E+000, 4.0422905E+000, 3.6411541E+000, 4.2880989E+000, 3.9873615E+000, 3.2663509E+000, 3.4462153E+000, 9.6955940E+003, 1.0342816E+000, 7.1105249E+000, 3.0963619E+000
 4.9013295E+001, 8.9373827E+001, 9.9541118E+001, 1.0948101E+002, 1.1463229E+002, 1.1667702E+002, 1.1775232E+002, 1.1988789E+002, 1.2530945E+002, 1.3381215E+002, 1.3552183E+002, 1.4038077E+002, 1.5414797E+002, 1.6731455E+002, 1.4097049E+002, 1.9688012E+002, 1.7097356E+002, 1.5891727E+002, 1.6260744E+002, 1.3663634E+002, 1.1493629E+002, 1.2513345E+002, 1.2307229E+002, 1.1041981E+002,-9.9854129E-001,-1.5888186E+000,-1.8957483E+000,-1.7056518E+000,-2.0101972E+000,-2.0377658E+000,-1.5170920E+000,-1.6853216E+000,-2.3100811E+000,-1.7747995E+000,-1.4629038E+000,-1.1138098E+000,-1.3503433E-001,-1.3392653E+000, 2.2627102E+000, 5.3444864E+000, 6.0820804E+000, 4.2211361E+000, 3.4911277E+000, 3.6094604E+000, 4.0416992E+000, 3.4087170E+000, 2.6970468E+000, 9.9089565E+003, 1.1681703E+000, 7.1785664E+000, 3.0873588E+000
 5.0008783E+001, 9.3440876E+001, 9.9520478E+001, 1.1022319E+002, 1.1264435E+002, 1.1522613E+002, 1.1786461E+002, 1.2103494E+002, 1.3129910E+002, 1.3497103E+002, 1.3359740E+002, 1.4212367E+002, 1.5091547E+002, 1.5785969E+002, 1.6548240E+002, 1.8999853E+002, 1.6527621E+002, 1.2245048E+002, 1.1731253E+002, 1.5532783E+002, 1.4027046E+002, 1.0925089E+002, 1.2631975E+002, 1.1429661E+002,-7.7688389E-001,-1.9120781E+000,-1.9491781E+000,-1.8990336E+000,-1.9097242E+000,-2.1128392E+000,-1.8019162E+000,-2.4264952E+000,-1.9940174E+000,-1.8041706E+000,-1.7214292E+000,-1.4932155E+000,-2.0612978E+000,-3.1400963E+000, 1.1361312E+000, 3.7778694E+000, 4.0172570E+000, 4.4468311E+000, 4.5332539E+000, 3.5996911E+000, 2.8018607E+000, 3.4584977E+000, 2.4874077E+000, 1.0434133E+004, 1.3325330E+000, 7.3942871E+000, 2.4282676E+000
 5.1005401E+001, 9.4767120E+001, 1.0193686E+002, 1.0822182E+002, 1.1151780E+002, 1.1382991E+002, 1.1884785E+002, 1.2698701E+002, 1.3212841E+002, 1.2610693E+002, 1.3257899E+002, 1.3827716E+002, 1.5756714E+002, 1.7768344E+002, 2.3464837E+002, 1.8622807E+002, 1.6021846E+002, 1.6090977E+002, 1.3071175E+002, 1.2537699E+002, 1.4377757E+002, 1.2168369E+002, 1.1709270E+002, 1.1986374E+002,-8.4307414E-001,-1.8739355E+000,-1.6974791E+000,-1.5792675E+000,-1.7952852E+000,-1.7557555E+000,-2.2317083E+000,-1.8462806E+000,-1.4842115E+000,-1.5178045E+000,-1.3348445E+000,-1.5523357E+000,-2.1928224E+000,-8.5447833E-001, 1.3451236E+000, 3.9804330E+000, 3.8342415E+000, 3.5273667E+000, 3.2083010E+000, 4.6009698E+000, 3.8289068E+000, 3.5095790E+000, 3.4505941E+000, 1.0030833E+004, 1.2363500E+000, 7.1951647E+000, 2.4599883E+000
 5.2005371E+001, 9.3806887E+001, 1.0457400E+002, 1.0807200E+002, 1.1022131E+002, 1.1566606E+002, 1.1933930E+002, 1.2503249E+002, 1.2695293E+002, 1.3038575E+002, 1.3196075E+002, 1.4496755E+002, 1.6980602E+002, 2.2492765E+002, 2.1779451E+002, 2.0073621E+002, 1.5599155E+002, 1.4637343E+002, 1.5937876E+002, 1.4331264E+002, 1.2718100E+002, 1.4034027E+002, 1.1237154E+002, 1.1726071E+002,-1.0176401E+000,-1.8811273E+000,-1.5030052E+000,-1.7567861E+000,-1.5667531E+000,-2.1254839E+000,-1.8577921E+000,-1.4438350E+000,-1.3313341E+000,-1.4259999E+000,-1.1194933E+000,-1.9037116E+000,-2.1248547E+000,-2.7250424E+000, 4.2865483E+000, 4.6774210E+000, 4.7549500E+000, 3.7241839E+000, 3.5011319E+000, 2.8605915E+000, 4.1147528E+000, 3.4265399E+000, 3.5995517E+000, 9.2457019E+003, 1.1526968E+000, 6.7031136E+000, 2.7212637E+000
 5.3010904E+001, 9.3123074E+001, 1.0383214E+002, 1.0672550E+002, 1.0923471E+002, 1.1663813E+002, 1.2147056E+002, 1.2436418E+002, 1.2573860E+002, 1.2877784E+002, 1.3573117E+002, 1.5655210E+002, 1.7185205E+002, 1.7778072E+002, 1.8734766E+002, 2.0432932E+002, 1.7026616E+002, 1.4147876E+002, 1.3984223E+002, 1.5803965E+002, 1.4582019E+002, 1.2488249E+002, 1.3038068E+002, 1.1293706E+002,-1.2608563E+000,-1.8911337E+000,-1.7217815E+000,-1.9317813E+000,-2.2721705E+000,-1.9502837E+000,-1.9925298E+000,-1.7154088E+000,-1.7171939E+000,-1.5202856E+000,-2.2153757E+000,-1.6864723E+000,-1.8341825E+000,-1.0653444E+000, 2.3876713E+000, 5.5484991E+000, 5.7023891E+000, 4.7646799E+000, 3.9626663E+000, 3.4564107E+000, 2.6020581E+000, 3.6863082E+000, 2.7818448E+000, 1.0236910E+004, 1.1259458E+000, 7.3338809E+000, 3.1205876E+000
 5.4004389E+001, 9.4158495E+001, 1.0032214E+002, 1.0377094E+002, 1.1373898E+002, 1.1652563E+002, 1.1984036E+002, 1.2244785E+002, 1.2690094E+002, 1.3099667E+002, 1.4787264E+002, 1.5994349E+002, 1.6238708E+002, 1.7168932E+002, 1.8824269E+002, 1.8539036E+002, 1.6131425E+002, 1.3664950E+002, 1.3120405E+002, 1.3572522E+002, 1.4433508E+002, 1.2644349E+002, 1.2283299E+002, 1.1677842E+002,-1.5490489E+000,-1.8807751E+000,-1.8388241E+000,-2.2151077E+000,-2.1282882E+000,-1.9948121E+000,-1.8711302E+000,-1.7982133E+000,-1.7922905E+000,-2.1311930E+000,-1.7086864E+000,-1.8943692E+000,-1.4529851E+000,-2.9378737E+000, 1.4575384E+000, 4.2320089E+000, 4.6049474E+000, 4.4245151E+000, 4.4904256E+000, 3.3353866E+000, 2.9419805E+000, 3.2342392E+000, 3.3997577E+000, 1.0331487E+004, 1.1293756E+000, 7.7180496E+000, 2.6641086E+000
 5.5007916E+001, 9.5020624E+001, 1.0182461E+002, 1.0142333E+002, 1.1261415E+002, 1.1550501E+002, 1.2133884E+002, 1.2395949E+002, 1.2712737E+002, 1.4191964E+002, 1.4761561E+002, 1.5863765E+002, 1.7307896E+002, 1.9690014E+002, 2.2696286E+002, 2.1013320E+002, 1.9529637E+002, 1.7204185E+002, 1.3480003E+002, 1.2834102E+002, 1.2747074E+002, 1.3199410E+002, 1.1557195E+002, 1.1906146E+002,-1.6514633E+000,-1.6765013E+000,-1.5928556E+000,-1.7591152E+000,-1.9412169E+000,-1.5616884E+000,-1.5584243E+000,-1.6735285E+000,-1.6210277E+000,-1.2955852E+000,-1.3488741E+000,-1.2715048E+000,-2.4312209E+000,-2.6056782E+000, 3.2078579E+000, 4.3249128E+000, 4.6893731E+000, 4.6471114E+000, 4.2900457E+000, 4.3994587E+000, 3.6292721E+000, 3.1624729E+000, 3.7104063E+000, 9.9686780E+003, 1.1538447E+000, 7.5636241E+000, 3.3197686E+000
 5.6001871E+001, 9.6465306E+001, 9.8882818E+001, 1.0370990E+002, 1.1588134E+002, 1.1825711E+002, 1.1941875E+002, 1.2398509E+002, 1.3285054E+002, 1.4258047E+002, 1.5110426E+002, 1.6099223E+002, 1.8631175E+002, 1.8305723E+002, 1.9197687E+002, 2.1246952E+002, 1.9894179E+002, 2.0054369E+002, 1.8687223E+002, 1.4775868E+002, 1.2543014E+002, 1.2781424E+002, 1.2619364E+002, 1.1632613E+002,-1.3861109E+000,-1.7264570E+000,-1.6883660E+000,-1.6564490E+000,-1.8949679E+000,-1.4446026E+000,-1.6048792E+000,-1.6448655E+000,-1.4497379E+000,-1.5994675E+000,-1.2872507E+000,-1.6587250E+000,-1.9614395E+000,-2.4313120E+000, 2.8395316E+000, 5.1993838E+000, 5.2213817E+000, 4.8080396E+000, 4.6908510E+000, 4.4980776E+000, 4.0289730E+000, 3.5169090E+000, 3.0339533E+000, 9.7882555E+003, 1.2036334E+000, 7.1119726E+000, 3.4848996E+000
 5.7004081E+001, 9.6638987E+001, 9.8600596E+001, 1.0695674E+002, 1.1477808E+002, 1.1838452E+002, 1.2131689E+002, 1.2778031E+002, 1.3535618E+002, 1.4612677E+002, 1.4922412E+002, 1.7742154E+002, 1.7699807E+002, 1.6159789E+002, 1.6453676E+002, 1.9606914E+002, 1.6479981E+002, 1.7401381E+002, 1.7889423E+002, 1.7849811E+002, 1.5479634E+002, 1.1372403E+002, 1.2765577E+002, 1.1814830E+002,-1.4021089E+000,-1.9306248E+000,-2.2021368E+000,-1.8153898E+000,-1.9051838E+000,-1.9837529E+000,-2.0378178E+000,-1.7725937E+000,-2.2848416E+000,-1.7674652E+000,-2.0986556E+000,-1.9465523E+000,-1.2058002E+000,-1.8161244E+000, 1.3079089E+000, 4.4723306E+000, 3.9244541E+000, 4.1878799E+000, 4.1883585E+000, 4.5297124E+000, 3.2297938E+000, 3.6057599E+000, 3.0110739E+000, 1.0080922E+004, 1.2740700E+000, 7.4064868E+000, 2.8173490E+000
 5.8005600E+001, 9.5506767E+001, 9.7097200E+001, 1.0749681E+002, 1.1712262E+002, 1.1867958E+002, 1.2491764E+002, 1.3155945E+002, 1.4056417E+002, 1.4602534E+002, 1.6669194E+002, 1.7307224E+002, 1.4922176E+002, 1.6954938E+002, 2.0713038E+002, 1.8409465E+002, 1.5478370E+002, 1.4201144E+002, 1.5541948E+002, 1.6165695E+002, 1.6687799E+002, 1.3259140E+002, 1.1882567E+002, 1.2294322E+002,-1.6059918E+000,-1.7991216E+000,-1.9508005E+000,-1.7201203E+000,-1.8486099E+000,-2.2146014E+000,-2.0049642E+000,-2.2796450E+000,-1.7241236E+000,-1.9759721E+000,-2.2919906E+000,-1.4119893E+000,-2.4819954E+000,-2.9438961E+000, 8.1179702E-001, 4.3916362E+000, 4.3699139E+000, 3.5903096E+000, 3.8906367E+000, 3.7627417E+000, 3.9693355E+000, 2.6117914E+000, 3.4948265E+000, 1.0393972E+004, 1.4220029E+000, 7.4624755E+000, 2.4743600E+000
 5.9003020E+001, 9.5772329E+001, 9.9916304E+001, 1.1103115E+002, 1.1486347E+002, 1.1972314E+002, 1.3057778E+002, 1.3505026E+002, 1.4038863E+002, 1.4812628E+002, 1.7127079E+002, 1.4993381E+002, 1.5590016E+002, 1.8859063E+002, 2.7230107E+002, 2.3051420E+002, 1.9729011E+002, 1.6762604E+002, 1.4243465E+002, 1.4503944E+002, 1.5056462E+002, 1.3597942E+002, 1.1671947E+002, 1.2050613E+002,-1.4789062E+000,-1.8363660E+000,-1.6976367E+000,-1.5321819E+000,-1.7518949E+000,-1.9437509E+000,-2.1617086E+000,-1.5923108E+000,-1.5491315E+000,-1.9549233E+000,-1.3276410E+000,-1.4032804E+000,-4.0105961E+000,-1.9667464E+000, 3.7738051E+000, 4.1961416E+000, 4.5601588E+000, 4.8283796E+000, 4.0767644E+000, 4.3321969E+000, 4.4027276E+000, 3.3457118E+000, 3.6164553E+000, 9.4909164E+003, 1.3148636E+000, 6.7206770E+000, 2.9659714E+000
 6.0009437E+001, 9.3314901E+001, 1.0102182E+002, 1.1131498E+002, 1.1570057E+002, 1.2690746E+002, 1.3028948E+002, 1.3576668E+002, 1.4186451E+002, 1.6450744E+002, 1.4184676E+002, 1.4894527E+002, 1.5815878E+002, 2.0175341E+002, 2.0523546E+002, 2.2075084E+002, 1.9465734E+002, 1.7922813E+002, 1.6306042E+002, 1.3923287E+002, 1.3572953E+002, 1.4668498E+002, 1.3273189E+002, 1.1157339E+002,-1.6860218E+000,-1.7445506E+000,-1.8045110E+000,-1.9231812E+000,-2.1661160E+000,-2.1262076E+000,-1.9234018E+000,-1.8086708E+000,-2.0345721E+000,-1.4244632E+000,-1.7625734E+000,-1.8390060E+000,-3.2303578E+000,-2.0522153E+000, 3.5322298E+000, 5.3958041E+000, 4.1594023E+000, 3.7938342E+000, 4.3203856E+000, 3.8613768E+000, 3.9246509E+000, 3.6737954E+000, 2.6810219E+000, 9.8039604E+003, 1.3242223E+000, 6.7872104E+000, 3.4180115E+000
 6.1002106E+001, 9.2899332E+001, 1.0423118E+002, 1.1184891E+002, 1.2201423E+002, 1.2664867E+002, 1.3200246E+002, 1.3747026E+002, 1.5511858E+002, 1.4726738E+002, 1.4045253E+002, 1.5569956E+002, 1.6715474E+002, 1.7906559E+002, 2.0958880E+002, 2.1492841E+002, 1.8179504E+002, 1.6177734E+002, 1.5733685E+002, 1.5732636E+002, 1.4238304E+002, 1.3408024E+002, 1.3693180E+002, 1.2156714E+002,-1.7097342E+000,-1.9402673E+000,-1.9195221E+000,-2.5206783E+000,-2.2436317E+000,-2.0790049E+000,-2.0606414E+000,-2.3325169E+000,-1.7343096E+000,-1.7398256E+000,-2.0035777E+000,-1.3649827E+000,-9.5447909E-001,-3.1481432E+000, 1.7395799E+000, 4.6623940E+000, 4.9693119E+000, 4.2117090E+000, 3.4799465E+000, 3.8568813E+000, 3.5295373E+000, 3.2916876E+000, 3.2284868E+000, 1.0414760E+004, 1.5497365E+000, 7.2511610E+000, 3.1252599E+000
 6.2009440E+001, 9.4776886E+001, 1.0520598E+002, 1.0920643E+002, 1.2324128E+002, 1.2762563E+002, 1.3349759E+002, 1.4938406E+002, 1.4019824E+002, 1.3729070E+002, 1.4856356E+002, 1.5605602E+002, 1.5247797E+002, 1.9167662E+002, 2.0342036E+002, 1.9103187E+002, 1.6955674E+002, 1.3018786E+002, 1.4256361E+002, 1.4304839E+002, 1.5117538E+002, 1.3367972E+002, 1.3121474E+002, 1.2576473E+002,-1.7970328E+000,-1.8530268E+000,-1.6926499E+000,-2.1441085E+000,-1.8207762E+000,-1.8165154E+000,-2.0743617E+000,-1.7118275E+000,-1.4350428E+000,-1.4739945E+000,-1.4427633E+000,-1.4846211E+000,-1.8985416E+000,-2.8082039E+000, 1.6189718E+000, 3.6210455E+000, 4.4849586E+000, 4.3856945E+000, 4.4999545E+000, 3.7496021E+000, 3.9994458E+000, 3.5189261E+000, 3.5924972E+000, 1.0075547E+004, 1.3790222E+000, 6.9167695E+000, 2.5390287E+000
 6.3009608E+001, 9.6513170E+001, 1.0586227E+002, 1.1313462E+002, 1.2377531E+002, 1.2772601E+002, 1.4225178E+002, 1.3687495E+002, 1.3849889E+002, 1.3821516E+002, 1.5046913E+002, 1.6070737E+002, 1.7753407E+002, 1.9276139E+002, 1.9540028E+002, 1.9273490E+002, 1.7464486E+002, 1.7184155E+002, 1.3042262E+002, 1.2883055E+002, 1.3075853E+002, 1.3831288E+002, 1.2845260E+002, 1.2866879E+002,-1.5694086E+000,-1.6990776E+000,-1.9865902E+000,-1.7404215E+000,-1.7295171E+000,-2.0158248E+000,-1.7838299E+000,-1.1418497E+000,-1.5460416E+000,-1.4665184E+000,-1.5313545E+000,-1.6343195E+000,-3.5088773E+000,-3.6063822E+000, 2.6402077E+000, 4.8495813E+000, 4.7233797E+000, 4.3052533E+000, 3.8574118E+000, 4.1647470E+000, 4.3568949E+000, 3.8384493E+000, 3.6313013E+000, 9.6999387E+003, 1.2832515E+000, 6.6840860E+000, 2.8477657E+000
 6.4003162E+001, 9.9664652E+001, 1.0495928E+002, 1.1652179E+002, 1.2270552E+002, 1.3463635E+002, 1.3602770E+002, 1.3570733E+002, 1.3342663E+002, 1.4226711E+002, 1.5386788E+002, 1.5956019E+002, 1.8685695E+002, 1.7837485E+002, 1.5607044E+002, 2.0419887E+002, 1.7853688E+002, 1.5080233E+002, 1.4672164E+002, 1.3193437E+002, 1.2455092E+002, 1.3191112E+002, 1.2760888E+002, 1.2312773E+002,-1.6625522E+000,-1.6644550E+000,-2.1616664E+000,-1.9117656E+000,-2.1586833E+000,-1.9946698E+000,-1.4975623E+000,-1.5956485E+000,-1.7651082E+000,-1.6423151E+000,-2.1649249E+000,-2.7923176E+000,-1.8797487E+000,-2.0009534E+000, 1.7387002E+000, 4.9107379E+000, 5.5317944E+000, 4.1169263E+000, 3.5348237E+000, 3.1027359E+000, 3.6202981E+000, 3.8472211E+000, 3.3702756E+000, 9.9257201E+003, 1.2383805E+000, 6.9623311E+000, 3.1969662E+000
 6.5009197E+001, 9.9517268E+001, 1.0451922E+002, 1.1604885E+002, 1.2848995E+002, 1.3624075E+002, 1.3152392E+002, 1.3265385E+002, 1.3668660E+002, 1.4287901E+002, 1.5371377E+002, 1.7715440E+002, 1.7540078E+002, 1.6610916E+002, 1.8389546E+002, 1.8734015E+002, 1.8809139E+002, 1.4478216E+002, 1.2623648E+002, 1.4517979E+002, 1.3175944E+002, 1.2550466E+002, 1.2752664E+002, 1.2637980E+002,-1.8174597E+000,-1.7695948E+000,-1.8999893E+000,-2.1943068E+000,-2.1481902E+000,-1.9118866E+000,-1.6059584E+000,-2.0142622E+000,-1.8495427E+000,-2.5030539E+000,-2.6747958E+000,-1.6400516E+000,-7.0938488E-001,-3.0751204E+000, 1.1442467E+000, 4.1386512E+000, 4.5374919E+000, 4.6302652E+000, 4.0376465E+000, 3.6632142E+000, 2.8181091E+000, 3.3865211E+000, 3.5103323E+000, 1.0354790E+004, 1.3120511E+000, 7.0399575E+000, 3.1206476E+000
 6.6002773E+001, 1.0116432E+002, 1.1143496E+002, 1.1754841E+002, 1.3365807E+002, 1.2881126E+002, 1.3128429E+002, 1.3213385E+002, 1.3932913E+002, 1.4859634E+002, 1.7071611E+002, 1.5246136E+002, 1.6273573E+002, 1.6394672E+002, 1.9318469E+002, 2.0286178E+002, 1.6940631E+002, 1.6278978E+002, 1.4517885E+002, 1.2713647E+002, 1.4017870E+002, 1.2409607E+002, 1.2623121E+002, 1.2479013E+002,-1.6374800E+000,-2.0269683E+000,-1.6308481E+000,-2.0997785E+000,-1.8433679E+000,-1.6204120E+000,-1.9744277E+000,-1.6436417E+000,-2.2170749E+000,-2.1921908E+000,-1.5303828E+000,-1.1255445E+000,-4.0931358E-001,-2.1887030E+000, 3.3331923E+000, 3.8740009E+000, 4.6592247E+000, 4.3690445E+000, 4.4226851E+000, 4.3332770E+000, 3.2411877E+000, 2.9500997E+000, 3.5672255E+000, 1.0073028E+004, 1.3550024E+000, 7.4238730E+000, 2.5984940E+000
 6.7010646E+001, 9.9835384E+001, 1.1146137E+002, 1.1560647E+002, 1.2805680E+002, 1.2842162E+002, 1.2712086E+002, 1.3612483E+002, 1.3754535E+002, 1.5567377E+002, 1.4938470E+002, 1.6242860E+002, 1.5825092E+002, 1.7498849E+002, 1.8382551E+002, 1.9739774E+002, 1.6729649E+002, 1.6406253E+002, 1.4111275E+002, 1.4502323E+002, 1.2941857E+002, 1.3974377E+002, 1.2129046E+002, 1.2035854E+002,-1.7392953E+000,-1.7157247E+000,-1.7134706E+000,-1.8260246E+000,-1.7315775E+000,-1.4926650E+000,-1.7498701E+000,-1.9558480E+000,-1.7942311E+000,-1.6425412E+000,-1.0304385E+000,-8.6243649E-001,-1.8594340E+000,-2.4679314E+000, 3.2579763E+000, 4.1352145E+000, 4.5043355E+000, 4.6272967E+000, 4.1807807E+000, 4.3122568E+000, 4.3670067E+000, 3.0041355E+000, 3.3825054E+000, 9.6259313E+003, 1.4065480E+000, 6.8035958E+000, 2.8744680E+000
 6.8009052E+001, 1.0039360E+002, 1.1209722E+002, 1.2618879E+002, 1.2609903E+002, 1.2672679E+002, 1.3301734E+002, 1.3624590E+002, 1.4765146E+002, 1.4813631E+002, 1.4332375E+002, 1.5818004E+002, 1.5929489E+002, 1.7248698E+002, 2.2069815E+002, 1.9971198E+002, 1.7295191E+002, 1.6866697E+002, 1.6175050E+002, 1.4524346E+002, 1.3379177E+002, 1.2961533E+002, 1.3115974E+002, 1.1989276E+002,-2.0362478E+000,-1.6045721E+000,-2.0807854E+000,-1.9425813E+000,-1.6588511E+000,-2.1063174E+000,-1.9784445E+000,-2.0694342E+000,-1.6623206E+000,-1.3618795E+000,-1.2446367E+000,-1.9162833E+000,-1.2274262E+000,-1.9808996E+000, 1.7912600E+000, 3.8225675E+000, 4.3613705E+000, 4.2450062E+000, 3.6853961E+000, 3.8629626E+000, 3.3793986E+000, 3.9818798E+000, 2.5952712E+000, 9.8417470E+003, 1.4652840E+000, 6.7578277E+000, 2.5158122E+000
 6.9009978E+001, 1.0512606E+002, 1.1116418E+002, 1.2475083E+002, 1.2525172E+002, 1.2759127E+002, 1.3337463E+002, 1.3995017E+002, 1.4735999E+002, 1.4442216E+002, 1.4453932E+002, 1.5591545E+002, 1.6272069E+002, 1.6616268E+002, 2.1450848E+002, 2.1814648E+002, 1.8192925E+002, 1.5668396E+002, 1.6101887E+002, 1.5788024E+002, 1.5946587E+002, 1.2406797E+002, 1.3402190E+002, 1.1756665E+002,-2.1743474E+000,-1.6562892E+000,-1.9523020E+000,-1.8728076E+000,-2.0211810E+000,-1.9702184E+000,-2.1577306E+000,-1.9179272E+000,-1.3009143E+000,-1.5327270E+000,-1.9035947E+000,-1.4832919E+000,-2.3292059E+000,-3.2868456E+000, 7.3671228E-001, 4.3896496E+000, 4.4100078E+000, 4.2448335E+000, 4.3043744E+000, 3.8926951E+000, 3.1780408E+000, 3.3096150E+000, 2.7789732E+000, 1.0281892E+004, 1.4270639E+000, 7.2298078E+000, 2.7763209E+000
 7.0004551E+001, 1.0354433E+002, 1.1329337E+002, 1.2069036E+002, 1.2340843E+002, 1.2976896E+002, 1.3545757E+002, 1.4597114E+002, 1.4044837E+002, 1.4298374E+002, 1.4651507E+002, 1.5111152E+002, 1.6533495E+002, 1.6610703E+002, 2.1285843E+002, 2.4618205E+002, 2.1701300E+002, 1.8104683E+002, 1.5979988E+002, 1.4319483E+002, 1.3724332E+002, 1.3357617E+002, 1.2441657E+002, 1.2786205E+002,-1.9289972E+000,-1.7681482E+000,-1.8685960E+000,-1.8390825E+000,-1.8126539E+000,-1.9241314E+000,-1.8810262E+000,-1.4321318E+000,-1.2494636E+000,-1.3980792E+000,-1.5336134E+000,-2.0869244E+000,-2.2145922E+000,-2.0485152E+000, 3.4289237E+000, 5.2219014E+000, 5.3114445E+000, 4.6557923E+000, 3.9347573E+000, 4.0864134E+000, 4.0781577E+000, 2.8888624E+000, 3.7121344E+000, 1.0039096E+004, 1.3299781E+000, 7.1638786E+000, 3.7531953E+000
 7.1003604E+001, 1.0603746E+002, 1.2133076E+002, 1.1972659E+002, 1.2619836E+002, 1.3141101E+002, 1.4109127E+002, 1.3982219E+002, 1.3752064E+002, 1.3867936E+002, 1.4460908E+002, 1.6329434E+002, 1.7146887E+002, 1.7013947E+002, 1.8746063E+002, 2.1762102E+002, 2.1960330E+002, 2.1005123E+002, 1.9074252E+002, 1.6646432E+002, 1.4414642E+002, 1.3868672E+002, 1.2383922E+002, 1.2386668E+002,-1.7516573E+000,-1.9602130E+000,-1.7564955E+000,-1.7264048E+000,-1.9054121E+000,-1.8556361E+000,-1.4992109E+000,-1.1927784E+000,-1.3734412E+000,-1.8593867E+000,-2.0302571E+000,-1.9157474E+000,-1.7204802E+000,-2.7904931E+000, 2.9983044E+000, 4.9502548E+000, 5.5934685E+000, 5.3277352E+000, 5.0144498E+000, 4.0822292E+000, 3.9248021E+000, 3.6434255E+000, 3.3834605E+000, 9.7988970E+003, 1.2796223E+000, 6.9779289E+000, 3.8488836E+000
 7.2008668E+001, 1.0453335E+002, 1.1706032E+002, 1.1971177E+002, 1.2718859E+002, 1.3536347E+002, 1.3525389E+002, 1.3492542E+002, 1.3646658E+002, 1.4187430E+002, 1.5184142E+002, 1.6947566E+002, 1.7105684E+002, 1.7033038E+002, 1.8773512E+002, 2.0875843E+002, 1.9849957E+002, 1.6980522E+002, 1.7915835E+002, 1.7683070E+002, 1.5232822E+002, 1.2493952E+002, 1.3523536E+002, 1.1807275E+002,-1.8952703E+000,-1.9263012E+000,-1.7666613E+000,-1.9404125E+000,-2.0623039E+000,-1.8135088E+000,-1.5172732E+000,-1.5849905E+000,-1.8722223E+000,-2.2220314E+000,-2.4579665E+000,-1.9754910E+000,-2.9454782E+000,-3.3317969E+000, 2.5929597E+000, 4.0596479E+000, 5.4041609E+000, 4.8105108E+000, 4.7369176E+000, 4.6048500E+000, 3.8914630E+000, 3.5881265E+000, 2.5276159E+000, 1.0101044E+004, 1.2670630E+000, 7.0287421E+000, 3.0344780E+000
 7.3007029E+001, 1.1112369E+002, 1.1496207E+002, 1.1804262E+002, 1.3145346E+002, 1.3386181E+002, 1.3483845E+002, 1.3084943E+002, 1.3824645E+002, 1.4322448E+002, 1.6409247E+002, 1.6953032E+002, 1.7035997E+002, 1.7265980E+002, 1.9851915E+002, 1.6855175E+002, 1.9430446E+002, 1.4416534E+002, 1.3830999E+002, 1.4653856E+002, 1.6152694E+002, 1.4256820E+002, 1.2014301E+002, 1.2766576E+002,-2.1530739E+000,-1.8196077E+000,-1.6710331E+000,-2.0188918E+000,-1.8611949E+000,-1.6337798E+000,-1.5080115E+000,-1.8223976E+000,-2.2379375E+000,-2.6864906E+000,-2.0139763E+000,-2.2482041E+000,-2.7741001E+000,-2.1520640E+000, 2.4067442E+000, 3.5907628E+000, 4.1970649E+000, 4.3674798E+000, 3.7949945E+000, 3.9633533E+000, 3.8552587E+000, 2.8713094E+000, 3.4974928E+000, 1.0126078E+004, 1.3008976E+000, 7.3222389E+000, 2.8102615E+000
 7.4002905E+001, 1.1442192E+002, 1.1546629E+002, 1.2012796E+002, 1.3297605E+002, 1.3204755E+002, 1.2859149E+002, 1.3268937E+002, 1.3952495E+002, 1.5897996E+002, 1.5945627E+002, 1.6589948E+002, 1.7007894E+002, 1.8396393E+002, 2.4652913E+002, 1.6719022E+002, 1.6996439E+002, 1.7495525E+002, 1.4870171E+002, 1.3559575E+002, 1.3646457E+002, 1.4082915E+002, 1.2907784E+002, 1.2394962E+002,-1.9592972E+000,-1.7059310E+000,-1.7960244E+000,-1.7612833E+000,-1.5543740E+000,-1.3768783E+000,-1.5625340E+000,-2.0146231E+000,-2.3722350E+000,-1.8437969E+000,-1.7474625E+000,-1.3802710E+000,-3.1027535E+000,-3.2351098E+000, 1.7439391E+000, 4.1967256E+000, 3.6153073E+000, 3.8575110E+000, 3.7331318E+000, 2.5876846E+000, 4.0411453E+000, 4.1294009E+000, 3.3993363E+000, 9.8962225E+003, 1.3642868E+000, 6.9516073E+000, 2.6602904E+000
 7.5009896E+001, 1.1069319E+002, 1.1332916E+002, 1.2283367E+002, 1.2935966E+002, 1.2930301E+002, 1.2613529E+002, 1.3635843E+002, 1.4677880E+002, 1.5012879E+002, 1.5763709E+002, 1.6567605E+002, 1.7497796E+002, 1.8448679E+002, 2.0345049E+002, 2.1027756E+002, 1.5405243E+002, 1.6382162E+002, 1.6392770E+002, 1.4755855E+002, 1.2928898E+002, 1.3243973E+002, 1.3529170E+002, 1.1736890E+002,-1.7566498E+000,-1.6644226E+000,-1.8452950E+000,-1.5755188E+000,-1.3778916E+000,-1.3250344E+000,-1.7701708E+000,-2.1397431E+000,-1.6722217E+000,-1.6361732E+000,-1.6626248E+000,-1.3752121E+000,-2.9551994E+000,-2.6218773E+000, 3.3807834E+000, 4.7101078E+000, 4.2911293E+000, 4.2766002E+000, 3.7760586E+000, 3.2670508E+000, 3.6161030E+000, 3.7761100E+000, 3.7661291E+000, 9.8800207E+003, 1.4858438E+000, 6.8848083E+000, 2.7942299E+000
 7.6005953E+001, 1.0974110E+002, 1.1251894E+002, 1.2629288E+002, 1.2840234E+002, 1.2566928E+002, 1.3025354E+002, 1.3910995E+002, 1.4722901E+002, 1.5060434E+002, 1.5657378E+002, 1.6359959E+002, 1.5944060E+002, 1.5068844E+002, 1.8146813E+002, 1.9728862E+002, 1.9145373E+002, 1.5753332E+002, 1.5513751E+002, 1.6029340E+002, 1.4833437E+002, 1.2521203E+002, 1.3709136E+002, 1.2979688E+002,-1.7238197E+000,-1.6813647E+000,-1.9429472E+000,-1.5997673E+000,-1.4941544E+000,-1.8953970E+000,-2.1617542E+000,-1.9790109E+000,-1.9593906E+000,-2.0487362E+000,-1.4044547E+000,-1.0152155E+000, 3.2066100E-002,-2.7283467E+000, 3.1833814E+000, 4.5963288E+000, 4.1014247E+000, 3.9595028E+000, 3.6681307E+000, 3.5560963E+000, 2.8829122E+000, 3.1695357E+000, 3.3897853E+000, 9.9979959E+003, 1.4417867E+000, 7.1007287E+000, 3.0651190E+000
 7.7007673E+001, 1.1004552E+002, 1.1606574E+002, 1.2567425E+002, 1.2292619E+002, 1.2422537E+002, 1.3576765E+002, 1.4365720E+002, 1.4519265E+002, 1.5024768E+002, 1.5304894E+002, 1.6397978E+002, 1.4854105E+002, 1.6709771E+002, 2.2317611E+002, 1.9298579E+002, 1.6978862E+002, 1.7298989E+002, 1.6385152E+002, 1.4549753E+002, 1.4867556E+002, 1.2571287E+002, 1.2330538E+002, 1.3077991E+002,-1.7664861E+000,-1.9510847E+000,-1.7096801E+000,-1.5811802E+000,-1.8538060E+000,-2.1874683E+000,-2.2291239E+000,-1.9258817E+000,-2.1630768E+000,-1.8129411E+000,-1.9140957E+000,-1.1776591E+000,-2.2914645E+000,-3.3903396E+000, 2.3701459E+000, 3.6605576E+000, 4.6065972E+000, 4.0899296E+000, 3.4692012E+000, 3.1347274E+000, 3.0043148E+000, 2.4835852E+000, 3.1139274E+000, 1.0215415E+004, 1.4199925E+000, 7.0405675E+000, 2.6035941E+000
 7.8005174E+001, 1.0601234E+002, 1.1850494E+002, 1.2372381E+002, 1.2255464E+002, 1.3313579E+002, 1.3819438E+002, 1.4106213E+002, 1.4742412E+002, 1.4662090E+002, 1.5880805E+002, 1.4807546E+002, 1.6050805E+002, 2.1125980E+002, 1.9605884E+002, 1.7978408E+002, 1.8278642E+002, 1.5231321E+002, 1.5289174E+002, 1.5708001E+002, 1.4594389E+002, 1.3839868E+002, 1.2162431E+002, 1.2420714E+002,-1.6162984E+000,-1.9363559E+000,-1.5644018E+000,-1.5463050E+000,-2.0336320E+000,-2.0831172E+000,-1.6944842E+000,-1.9222836E+000,-1.6713432E+000,-2.0835215E+000,-9.5184626E-001,-1.7670974E+000,-3.0626903E+000,-2.3116854E+000, 2.7000726E+000, 3.7901261E+000, 4.3037083E+000, 4.4166769E+000, 4.7031744E+000, 4.0546921E+000, 3.8636794E+000, 2.9004937E+000, 3.1465945E+000, 1.0330950E+004, 1.4303674E+000, 7.3292384E+000, 2.7897517E+000
 7.9003996E+001, 1.0596655E+002, 1.1594552E+002, 1.2272345E+002, 1.2658006E+002, 1.3345012E+002, 1.3773775E+002, 1.4323035E+002, 1.4386957E+002, 1.4804687E+002, 1.4980288E+002, 1.5117939E+002, 1.9154217E+002, 1.8090499E+002, 1.8990724E+002, 1.7254783E+002, 1.6881503E+002, 1.7752385E+002, 1.6494375E+002, 1.4908911E+002, 1.4190570E+002, 1.4090177E+002, 1.2840477E+002, 1.1977783E+002,-1.7896636E+000,-1.7345734E+000,-1.4920598E+000,-2.0181446E+000,-2.0199973E+000,-1.5277910E+000,-1.8406577E+000,-1.5952238E+000,-1.7322412E+000,-1.4487757E+000,-1.0694532E+000,-2.3793391E+000,-2.5433306E+000,-3.7619454E+000, 2.7479640E+000, 3.7452789E+000, 5.0013021E+000, 4.5034460E+000, 4.2553139E+000, 4.5891881E+000, 3.8139825E+000, 3.3113617E+000, 2.9042094E+000, 9.6205565E+003, 1.3772966E+000, 7.1864634E+000, 2.6112795E+000
 8.0001595E+001, 1.1138422E+002, 1.1769184E+002, 1.1859105E+002, 1.2995212E+002, 1.3265163E+002, 1.3841154E+002, 1.4050202E+002, 1.4319332E+002, 1.4428379E+002, 1.4528920E+002, 1.7320904E+002, 1.7089979E+002, 1.8372417E+002, 1.7870288E+002, 1.9794487E+002, 1.9277337E+002, 1.7719347E+002, 1.6102753E+002, 1.6721722E+002, 1.5275842E+002, 1.3690258E+002, 1.2999049E+002, 1.1911090E+002,-1.9305274E+000,-1.6885767E+000,-1.5810789E+000,-2.2074930E+000,-1.8229564E+000,-2.0068476E+000,-1.9131159E+000,-1.9110525E+000,-1.9898871E+000,-1.3745714E+000,-2.7940023E+000,-2.4309496E+000,-3.0587829E+000,-3.2658129E+000, 1.5688578E+000, 5.4205947E+000, 4.4575171E+000, 4.3265873E+000, 3.5209790E+000, 3.9083505E+000, 4.0418709E+000, 3.0032356E+000, 2.5964454E+000, 1.0047916E+004, 1.3703058E+000, 6.9849435E+000, 3.4957114E+000
 8.1009270E+001, 1.1119051E+002, 1.1739210E+002, 1.1592115E+002, 1.2938460E+002, 1.3465930E+002, 1.3982833E+002, 1.4012444E+002, 1.4336068E+002, 1.4248328E+002, 1.6522153E+002, 1.5773566E+002, 1.7829930E+002, 1.6514271E+002, 1.7909434E+002, 2.0208077E+002, 1.7406315E+002, 1.6833271E+002, 1.7495845E+002, 1.5734868E+002, 1.5949577E+002, 1.3860116E+002, 1.3451639E+002, 1.2114660E+002,-1.9312422E+000,-1.7192515E+000,-1.6487839E+000,-1.8067147E+000,-2.0151527E+000,-1.9585939E+000,-1.9276638E+000,-1.8922250E+000,-1.7169085E+000,-2.6944363E+000,-2.0528017E+000,-2.5966719E+000,-2.5474875E+000,-3.4891996E+000, 1.8670494E+000, 4.5650723E+000, 4.7338213E+000, 4.5293843E+000, 4.3474268E+000, 3.5706603E+000, 3.9723175E+000, 3.4854291E+000, 2.6947926E+000, 1.0247912E+004, 1.3673501E+000, 7.4708315E+000, 2.8059569E+000
 8.2008622E+001, 1.1175526E+002, 1.1748790E+002, 1.2173197E+002, 1.3153706E+002, 1.3757882E+002, 1.3670837E+002, 1.4075422E+002, 1.3642425E+002, 1.5366975E+002, 1.5319054E+002, 1.6093956E+002, 1.7109354E+002, 1.7703707E+002, 2.3382714E+002, 2.3270049E+002, 1.8347254E+002, 1.6820316E+002, 1.5433352E+002, 1.4233047E+002, 1.4651210E+002, 1.4932300E+002, 1.2928393E+002, 1.2033099E+002,-1.8012485E+000,-1.5910282E+000,-1.9711115E+000,-1.7753417E+000,-1.7444994E+000,-1.7386539E+000,-1.4316701E+000,-1.5641465E+000,-2.4727133E+000,-1.8837995E+000,-1.5191918E+000,-1.8141947E+000,-1.7284389E+000,-2.0057618E+000, 1.9971823E+000, 5.2414086E+000, 4.1596209E+000, 4.1340237E+000, 4.0059380E+000, 4.1996933E+000, 4.2180194E+000, 4.0458922E+000, 3.2831586E+000, 9.7003441E+003, 1.3078937E+000, 7.0519356E+000, 3.0982309E+000
 8.3006463E+001, 1.1353695E+002, 1.1573706E+002, 1.2102282E+002, 1.3239905E+002, 1.3553890E+002, 1.3667873E+002, 1.3702834E+002, 1.4264982E+002, 1.5616573E+002, 1.4737791E+002, 1.6485145E+002, 1.6554512E+002, 1.7859556E+002, 2.1610083E+002, 2.0366954E+002, 1.9138998E+002, 1.6174801E+002, 1.5613934E+002, 1.4911768E+002, 1.4276902E+002, 1.4303264E+002, 1.4268745E+002, 1.2522583E+002,-1.7544846E+000,-1.5165363E+000,-1.7078305E+000,-1.7471329E+000,-1.7274252E+000,-1.5633029E+000,-1.4999520E+000,-2.1325896E+000,-2.0045510E+000,-1.3630832E+000,-1.8646217E+000,-7.5176191E-001,-2.8090231E+000,-3.3322061E+000, 2.4481818E+000, 5.1669827E+000, 4.7597341E+000, 3.3441202E+000, 3.9349749E+000, 3.5403622E+000, 3.7947381E+000, 4.0894145E+000, 4.0891828E+000, 9.6437124E+003, 1.4471957E+000, 6.6725709E+000, 3.4938107E+000
 8.4007448E+001, 1.1112332E+002, 1.1246869E+002, 1.2192641E+002, 1.3336956E+002, 1.3215255E+002, 1.3634933E+002, 1.3673136E+002, 1.4861601E+002, 1.4210705E+002, 1.5755437E+002, 1.4964480E+002, 1.7175086E+002, 1.8469416E+002, 1.5619100E+002, 2.0936993E+002, 1.9630536E+002, 1.4468239E+002, 1.3960158E+002, 1.5470910E+002, 1.4312016E+002, 1.3193078E+002, 1.3493349E+002, 1.3392038E+002,-1.8603278E+000,-1.6593800E+000,-1.7646868E+000,-1.8859541E+000,-1.8642479E+000,-1.6385107E+000,-2.1443907E+000,-2.2717519E+000,-1.7138764E+000,-1.8688174E+000,-9.9943288E-001,-9.5189532E-001,-1.6025303E+000,-2.5362716E+000, 1.3557865E+000, 4.6121244E+000, 4.8483236E+000, 4.6023157E+000, 3.6666550E+000, 3.2297869E+000, 3.5486225E+000, 3.3703832E+000, 3.6085904E+000, 1.0343337E+004, 1.5067489E+000, 7.1746325E+000, 3.2210501E+000
 8.5005289E+001, 1.1088729E+002, 1.1374602E+002, 1.2570632E+002, 1.3193392E+002, 1.3373494E+002, 1.3442973E+002, 1.4099778E+002, 1.4249392E+002, 1.4882588E+002, 1.4934117E+002, 1.5216503E+002, 1.6413399E+002, 1.8153624E+002, 1.8117322E+002, 1.8003920E+002, 1.8043121E+002, 1.5564899E+002, 1.4344953E+002, 1.3586782E+002, 1.4167439E+002, 1.3781117E+002, 1.3332965E+002, 1.2950155E+002,-1.9030353E+000,-1.8978539E+000,-1.8471377E+000,-1.8995365E+000,-1.7394988E+000,-2.1462207E+000,-2.1855677E+000,-1.9371910E+000,-1.8714831E+000,-1.9305427E+000,-1.4157144E+000,-1.8034568E+000,-1.5697579E+000,-1.8594937E+000, 1.1169569E+000, 2.7314783E+000, 4.5955478E+000, 4.7942445E+000, 4.2660497E+000, 4.2408427E+000, 3.2364230E+000, 3.5365122E+000, 3.2888574E+000, 1.0371335E+004, 1.3812591E+000, 7.3339927E+000, 2.4465884E+000
 8.6000262E+001, 1.0813566E+002, 1.1639418E+002, 1.2492814E+002, 1.2828087E+002, 1.3230833E+002, 1.3614013E+002, 1.4104616E+002, 1.4093958E+002, 1.4476134E+002, 1.4332100E+002, 1.6020113E+002, 1.6438087E+002, 1.7137789E+002, 2.1728449E+002, 2.0131765E+002, 1.6874892E+002, 1.7062481E+002, 1.5493834E+002, 1.3863391E+002, 1.3996658E+002, 1.3677404E+002, 1.2611967E+002, 1.2868273E+002,-1.7195599E+000,-1.7076277E+000,-1.5198498E+000,-1.6699712E+000,-1.7641307E+000,-1.7028504E+000,-1.7374982E+000,-1.6485632E+000,-1.4210612E+000,-1.7854126E+000,-1.5161456E+000,-1.4129120E+000,-1.3539795E+000,-3.5511435E+000, 2.3232696E+000, 2.9806460E+000, 3.7539197E+000, 3.9795009E+000, 4.7231714E+000, 4.2718041E+000, 4.0685709E+000, 3.2306492E+000, 3.4245511E+000, 9.7052380E+003, 1.3677507E+000, 6.9907241E+000, 2.2648664E+000
 8.7006003E+001, 1.0744298E+002, 1.1514820E+002, 1.2637009E+002, 1.2986999E+002, 1.3278666E+002, 1.3716116E+002, 1.3654522E+002, 1.4162985E+002, 1.4069111E+002, 1.4842135E+002, 1.5009827E+002, 1.5578501E+002, 2.1057943E+002, 1.8948654E+002, 2.3973901E+002, 1.9954173E+002, 1.8296678E+002, 1.5206933E+002, 1.5025016E+002, 1.3329665E+002, 1.2617201E+002, 1.3712588E+002, 1.2634563E+002,-1.7242166E+000,-1.5444440E+000,-1.3948420E+000,-1.6110601E+000,-1.7732899E+000,-1.8890345E+000,-1.4311241E+000,-1.5755885E+000,-1.4995730E+000,-1.5928802E+000,-1.3387042E+000,-8.7355498E-001,-3.4191430E+000,-1.6499527E+000, 3.2230952E+000, 5.1297494E+000, 4.4069220E+000, 3.6783658E+000, 3.7356973E+000, 4.3264267E+000, 3.5946972E+000, 3.9878129E+000, 3.4106180E+000, 9.8879920E+003, 1.3355813E+000, 6.6930749E+000, 3.4286328E+000
 8.8004825E+001, 1.0883427E+002, 1.1791021E+002, 1.2643118E+002, 1.2932678E+002, 1.3306375E+002, 1.3533001E+002, 1.3671554E+002, 1.3768833E+002, 1.4014202E+002, 1.5481956E+002, 1.5216964E+002, 1.7285474E+002, 1.8088501E+002, 1.9353270E+002, 2.0026327E+002, 1.8186306E+002, 1.6844852E+002, 1.9228934E+002, 1.6771063E+002, 1.4036897E+002, 1.2895302E+002, 1.2564301E+002, 1.2769618E+002,-1.9529504E+000,-1.6721586E+000,-1.5596659E+000,-1.8829464E+000,-2.0064359E+000,-1.5444392E+000,-1.7631543E+000,-1.6518625E+000,-1.6825875E+000,-1.8489307E+000,-1.6014997E+000,-1.0881588E+000,-2.0992513E+000,-1.1546696E-001, 9.5827516E-001, 4.2430936E+000, 5.7748453E+000, 5.1405954E+000, 4.2155284E+000, 3.2814746E+000, 3.3595726E+000, 3.7382750E+000, 3.2862957E+000, 9.9091389E+003, 1.2773135E+000, 6.6982284E+000, 2.7863334E+000
 8.9008247E+001, 1.1094397E+002, 1.1901530E+002, 1.2087590E+002, 1.3035677E+002, 1.3393192E+002, 1.3350799E+002, 1.3564110E+002, 1.3600151E+002, 1.4954166E+002, 1.4895242E+002, 1.5433591E+002, 1.7318788E+002, 1.6915425E+002, 2.4082484E+002, 2.1097763E+002, 2.0122152E+002, 1.6820916E+002, 1.3934510E+002, 1.6410343E+002, 1.6644032E+002, 1.2728655E+002, 1.1869458E+002, 1.2716727E+002,-1.7382666E+000,-1.6436931E+000,-1.5809310E+000,-1.9458220E+000,-1.7954360E+000,-1.7996178E+000,-1.7501349E+000,-1.7516756E+000,-2.0811602E+000,-1.6748818E+000,-1.2822559E+000,-2.2349854E+000,-1.6445132E+000,-3.2399629E+000, 2.1494413E+000, 3.8278339E+000, 4.1575550E+000, 4.3697302E+000, 4.6046564E+000, 4.6264418E+000, 3.0501189E+000, 2.7277530E+000, 2.9674942E+000, 1.0231685E+004, 1.2669898E+000, 7.1968562E+000, 3.0180430E+000
 9.0005771E+001, 1.1026044E+002, 1.1924941E+002, 1.2311644E+002, 1.3044123E+002, 1.3020343E+002, 1.3406977E+002, 1.3276035E+002, 1.3961490E+002, 1.4835180E+002, 1.4594591E+002, 1.6773105E+002, 1.4918882E+002, 1.9038318E+002, 2.6558861E+002, 2.0658335E+002, 2.0621607E+002, 1.9440222E+002, 1.6701842E+002, 1.3406975E+002, 1.4471377E+002, 1.4339045E+002, 1.2393458E+002, 1.1998870E+002,-1.6271285E+000,-1.4885284E+000,-1.5275836E+000,-1.6827174E+000,-1.4504557E+000,-1.6523012E+000,-1.4330544E+000,-1.4264781E+000,-1.7364473E+000,-1.5148208E+000,-1.9744105E+000,-1.1866762E+000,-2.6900688E+000,-2.2711426E+000, 3.0108696E+000, 4.2484565E+000, 4.2550932E+000, 4.1251800E+000, 3.3501159E+000, 4.0624739E+000, 3.7789207E+000, 3.2646333E+000, 2.9931120E+000, 9.9498988E+003, 1.3149143E+000, 6.8455779E+000, 3.1975591E+000
 9.1002164E+001, 1.1193358E+002, 1.2073463E+002, 1.2294487E+002, 1.2888464E+002, 1.3037856E+002, 1.3004160E+002, 1.3399270E+002, 1.4563259E+002, 1.4266246E+002, 1.5254228E+002, 1.4932414E+002, 1.6621444E+002, 1.6813172E+002, 1.9947881E+002, 2.2550279E+002, 2.0364425E+002, 2.0465593E+002, 1.9309951E+002, 1.7271018E+002, 1.4115304E+002, 1.4245569E+002, 1.2769699E+002, 1.1649266E+002,-1.6223879E+000,-1.5738134E+000,-1.6337730E+000,-1.5574148E+000,-1.6913622E+000,-1.5582329E+000,-1.3902351E+000,-1.7445490E+000,-1.4363006E+000,-1.9423070E+000,-1.4564581E+000,-1.6698286E+000,-1.3678157E+000,-1.5328954E+000, 3.8673578E+000, 5.1184839E+000, 5.0507564E+000, 4.4824007E+000, 3.5416921E+000, 3.4517137E+000, 3.6893783E+000, 3.2556975E+000, 2.7139094E+000, 9.9993075E+003, 1.3971275E+000, 7.2312074E+000, 3.5723688E+000
 9.2007367E+001, 1.1447059E+002, 1.1755193E+002, 1.2483255E+002, 1.2622930E+002, 1.2970928E+002, 1.2885896E+002, 1.4076261E+002, 1.4069093E+002, 1.4340028E+002, 1.4864722E+002, 1.5537867E+002, 1.8088882E+002, 1.7397807E+002, 1.8379354E+002, 2.2325024E+002, 1.9208384E+002, 1.7197405E+002, 1.7621425E+002, 1.7990579E+002, 1.6185222E+002, 1.3315807E+002, 1.4266849E+002, 1.1960669E+002,-1.6237710E+000,-1.5924120E+000,-1.7416810E+000,-1.7363066E+000,-1.6301096E+000,-1.6234806E+000,-1.8541882E+000,-1.5601319E+000,-1.8910288E+000,-1.6459579E+000,-2.2307626E+000,-2.2972884E+000,-1.0332996E+000,-2.5028127E+000, 9.9123014E-001, 5.2825116E+000, 5.4484637E+000, 4.9702447E+000, 4.6966777E+000, 3.3599727E+000, 3.3220626E+000, 3.6328232E+000, 2.9636555E+000, 1.0394825E+004, 1.3212210E+000, 7.4813251E+000, 3.3389647E+000
 9.3001496E+001, 1.1523447E+002, 1.1372334E+002, 1.2480756E+002, 1.2839223E+002, 1.2681595E+002, 1.3422961E+002, 1.3867716E+002, 1.4069135E+002, 1.4566487E+002, 1.4483977E+002, 1.6934520E+002, 1.6704593E+002, 1.9237483E+002, 2.2034895E+002, 2.1321925E+002, 1.9281423E+002, 1.6877755E+002, 1.4999458E+002, 1.6076572E+002, 1.5342892E+002, 1.3226353E+002, 1.3549008E+002, 1.3608006E+002,-1.4794921E+000,-1.4870326E+000,-1.6199278E+000,-1.5657643E+000,-1.7073360E+000,-1.7012723E+000,-1.4878011E+000,-1.5247650E+000,-1.7299840E+000,-2.0961941E+000,-2.2125562E+000,-1.5613520E+000,-3.2077346E+000,-2.4580331E+000, 2.3967636E+000, 3.9824112E+000, 4.6102636E+000, 4.6245069E+000, 4.2921925E+000, 4.5963442E+000, 3.2591476E+000, 3.2619713E+000, 3.4889607E+000, 9.9417184E+003, 1.3177035E+000, 7.5270905E+000, 2.9422563E+000
 9.4009590E+001, 1.1417990E+002, 1.1721876E+002, 1.2157146E+002, 1.2594976E+002, 1.3089726E+002, 1.3800476E+002, 1.3622299E+002, 1.4140012E+002, 1.4155192E+002, 1.6045729E+002, 1.4846275E+002, 1.9307913E+002, 1.9649104E+002, 2.0188475E+002, 2.0713223E+002, 2.0281623E+002, 1.8924900E+002, 1.5529466E+002, 1.4090926E+002, 1.4916619E+002, 1.5208712E+002, 1.2397455E+002, 1.3322512E+002,-1.4722413E+000,-1.6165947E+000,-1.5013653E+000,-1.6515347E+000,-1.7361168E+000,-1.7087383E+000,-1.3930935E+000,-1.8175118E+000,-1.3097323E+000,-2.3239613E+000,-1.7540534E+000,-2.4828144E+000,-2.1719946E+000,-1.8553578E+000, 2.8973376E+000, 4.2508634E+000, 4.0214420E+000, 4.2026899E+000, 4.1307953E+000, 3.7388321E+000, 4.0994933E+000, 3.2980446E+000, 3.0808716E+000, 9.5838881E+003, 1.3820673E+000, 7.2122577E+000, 3.0261658E+000
 9.5005538E+001, 1.1280646E+002, 1.1890164E+002, 1.1777390E+002, 1.2793227E+002, 1.3121222E+002, 1.3350301E+002, 1.3761342E+002, 1.3991895E+002, 1.5439447E+002, 1.4822538E+002, 1.8211500E+002, 1.8197151E+002, 2.0960351E+002, 2.2757557E+002, 1.9703304E+002, 1.8763128E+002, 1.7370585E+002, 1.7172965E+002, 1.4812175E+002, 1.3614309E+002, 1.3883579E+002, 1.4160435E+002, 1.2514848E+002,-1.5868723E+000,-1.6130892E+000,-1.3892265E+000,-1.8598507E+000,-1.5887354E+000,-1.3442393E+000,-1.7695509E+000,-1.2006450E+000,-2.0332526E+000,-1.9736732E+000,-2.2551689E+000,-2.1414634E+000,-3.0649539E+000,-2.4160373E+000, 2.6286016E+000, 4.3060619E+000, 4.8163673E+000, 4.2882951E+000, 3.3229570E+000, 3.4980277E+000, 3.8061576E+000, 3.6434465E+000, 3.1974602E+000, 1.0099184E+004, 1.3517198E+000, 6.8081171E+000, 2.6978039E+000
 9.6008621E+001, 1.1052397E+002, 1.1981638E+002, 1.2260232E+002, 1.2864911E+002, 1.3274965E+002, 1.3174354E+002, 1.3852369E+002, 1.4347608E+002, 1.4935927E+002, 1.6657683E+002, 1.7352053E+002, 1.8225946E+002, 1.9051262E+002, 2.0791520E+002, 2.0843789E+002, 1.8968624E+002, 1.7194189E+002, 1.5462402E+002, 1.6392091E+002, 1.4546083E+002, 1.3409164E+002, 1.4253778E+002, 1.2584403E+002,-1.4355328E+000,-1.5031160E+000,-1.4393826E+000,-1.7970997E+000,-1.5682184E+000,-1.6031128E+000,-1.5275121E+000,-1.4687166E+000,-2.0054530E+000,-2.3472549E+000,-2.4186808E+000,-2.8770252E+000,-2.2464600E+000,-3.0182998E+000, 3.2900121E+000, 4.4268478E+000, 3.6104143E+000, 4.2765388E+000, 4.1636579E+000, 2.9465177E+000, 3.2552192E+000, 3.9268488E+000, 3.2278985E+000, 1.0044106E+004, 1.3563907E+000, 7.3520676E+000, 3.0248935E+000
 9.7002119E+001, 1.1066680E+002, 1.1693843E+002, 1.2123373E+002, 1.2768949E+002, 1.3000392E+002, 1.3520110E+002, 1.3796043E+002, 1.4880017E+002, 1.5846652E+002, 1.6793436E+002, 1.6733981E+002, 1.8017526E+002, 1.9107777E+002, 2.0080617E+002, 2.0708461E+002, 2.0653582E+002, 1.8713833E+002, 1.6690927E+002, 1.4172667E+002, 1.5343459E+002, 1.3192904E+002, 1.3159911E+002, 1.3790587E+002,-1.6337020E+000,-1.5045989E+000,-1.3268200E+000,-1.6932980E+000,-1.4859195E+000,-1.7246800E+000,-1.3479039E+000,-2.0113330E+000,-2.1105594E+000,-2.5821731E+000,-2.7173222E+000,-2.2541863E+000,-1.2981281E+000,-1.4694354E+000, 2.0017314E+000, 4.9016660E+000, 5.5373322E+000, 3.8806929E+000, 3.8020215E+000, 4.2349630E+000, 2.6543515E+000, 3.3708377E+000, 3.6708043E+000, 1.0150352E+004, 1.4295300E+000, 7.1199206E+000, 3.4161188E+000
 9.8001657E+001, 1.1080848E+002, 1.1268590E+002, 1.2234983E+002, 1.2927854E+002, 1.2894556E+002, 1.3590460E+002, 1.4263143E+002, 1.4865755E+002, 1.6565461E+002, 1.6499371E+002, 1.5768821E+002, 1.7006962E+002, 1.9428176E+002, 2.2550429E+002, 2.2288637E+002, 1.8500664E+002, 1.7707099E+002, 1.5967702E+002, 1.6426093E+002, 1.3945882E+002, 1.4252789E+002, 1.2865778E+002, 1.3130740E+002,-1.5328345E+000,-1.4741220E+000,-1.5572320E+000,-1.4063347E+000,-1.6451601E+000,-1.2925348E+000,-1.8041522E+000,-1.8621904E+000,-2.3847976E+000,-2.3842022E+000,-2.0955583E+000,-1.3278945E+000,-1.7758839E+000,-2.2309826E+000, 2.5181955E+000, 3.9910648E+000, 4.4911829E+000, 5.0660236E+000, 3.9223644E+000, 3.6152929E+000, 3.1941790E+000, 2.9515820E+000, 3.4364019E+000, 9.9714014E+003, 1.5083218E+000, 7.1353663E+000, 3.0246274E+000
 9.9009972E+001, 1.1305377E+002, 1.1473203E+002, 1.2256670E+002, 1.2629397E+002, 1.3177949E+002, 1.3549679E+002, 1.4490529E+002, 1.6188199E+002, 1.5646075E+002, 1.4975678E+002, 1.5232007E+002, 1.8221617E+002, 1.9592710E+002, 1.7937343E+002, 1.6490867E+002, 1.9234868E+002, 1.7812824E+002, 1.5359583E+002, 1.3216937E+002, 1.5677219E+002, 1.3718348E+002, 1.3031222E+002, 1.2674795E+002,-1.4005717E+000,-1.5078308E+000,-1.5468411E+000,-1.4842542E+000,-1.5255018E+000,-1.5160583E+000,-1.8004992E+000,-2.1462566E+000,-2.2570259E+000,-1.6658395E+000,-1.4052521E+000,-1.4426517E+000,-2.4014650E+000,-2.5058287E+000, 1.9745866E+000, 4.7400870E+000, 4.2864965E+000, 2.9327572E+000, 4.1193722E+000, 4.0628918E+000, 3.1246198E+000, 3.1150602E+000, 3.2923484E+000, 9.8763589E+003, 1.6040064E+000, 6.6787804E+000, 3.1999001E+000
 1.0000668E+002, 1.1365432E+002, 1.1738822E+002, 1.2192721E+002, 1.2646366E+002, 1.3250246E+002, 1.3904853E+002, 1.5370416E+002, 1.4814660E+002, 1.5432277E+002, 1.4992495E+002, 1.6826688E+002, 1.8691947E+002, 1.8191008E+002, 2.1209743E+002, 1.8745791E+002, 1.4754733E+002, 1.4932003E+002, 1.6344172E+002, 1.4227906E+002, 1.2659355E+002, 1.4299779E+002, 1.3399358E+002, 1.2677426E+002,-1.4780426E+000,-1.5098191E+000,-1.4592293E+000,-1.6306453E+000,-1.4909370E+000,-2.1087002E+000,-2.1762518E+000,-2.2036870E+000,-1.7723385E+000,-1.8504998E+000,-2.0126907E+000,-1.9627789E+000,-2.8634345E+000,-3.3989165E+000, 1.8249006E+000, 3.9350551E+000, 4.5015107E+000, 4.0796601E+000, 2.6265876E+000, 3.1345801E+000, 3.5224763E+000, 2.9317561E+000, 2.9320750E+000, 1.0210539E+004, 1.4906056E+000, 7.1840194E+000, 2.2896232E+000
 1.0100267E+002, 1.0797953E+002, 1.1469060E+002, 1.2125280E+002, 1.2864643E+002, 1.3347359E+002, 1.4658495E+002, 1.4487013E+002, 1.4834727E+002, 1.4937329E+002, 1.5695194E+002, 1.5647844E+002, 1.7700091E+002, 1.8239692E+002, 2.0048809E+002, 1.9062035E+002, 1.8798211E+002, 1.7062584E+002, 1.2887515E+002, 1.5916195E+002, 1.3451147E+002, 1.3516334E+002, 1.2690669E+002, 1.2651298E+002,-1.4772553E+000,-1.3950628E+000,-1.3018191E+000,-1.6509554E+000,-2.0342794E+000,-2.1686549E+000,-2.1865194E+000,-1.9083946E+000,-1.7043825E+000,-1.9096261E+000,-1.7993193E+000,-2.8765443E+000,-3.5243446E+000,-2.3868333E+000, 2.3322064E+000, 4.0149240E+000, 4.5723843E+000, 3.8367937E+000, 3.7829724E+000, 2.6569626E+000, 3.6719165E+000, 2.9298730E+000, 3.1003726E+000, 9.7974595E+003, 1.4439138E+000, 7.1395402E+000, 2.8352192E+000
 1.0201082E+002, 1.0914544E+002, 1.1732365E+002, 1.2280066E+002, 1.2795114E+002, 1.4080322E+002, 1.4198155E+002, 1.4128101E+002, 1.4639604E+002, 1.4769251E+002, 1.5971723E+002, 1.6536168E+002, 1.6543917E+002, 1.5900391E+002, 2.5494012E+002, 2.3350878E+002, 1.6826593E+002, 1.6591651E+002, 1.7031943E+002, 1.4019780E+002, 1.4898443E+002, 1.2169727E+002, 1.3436015E+002, 1.2679275E+002,-1.6716605E+000,-1.5228942E+000,-1.4453004E+000,-1.6940489E+000,-2.2319869E+000,-2.0198863E+000,-1.8961428E+000,-1.4458027E+000,-1.4225875E+000,-1.6498316E+000,-2.2286217E+000,-2.0307368E+000,-1.0997538E+000,-1.2693891E+000, 3.2567220E+000, 3.7238792E+000, 4.5930948E+000, 4.3167148E+000, 4.0042770E+000, 3.9281601E+000, 2.8488280E+000, 3.7147073E+000, 2.9363180E+000, 9.8063232E+003, 1.4157848E+000, 6.7862092E+000, 2.4631076E+000
 1.0300098E+002, 1.1302429E+002, 1.1597344E+002, 1.2242653E+002, 1.3641233E+002, 1.3800218E+002, 1.3699760E+002, 1.4309075E+002, 1.4470086E+002, 1.5393606E+002, 1.5680514E+002, 1.5990779E+002, 1.6659714E+002, 1.6456158E+002, 1.6003122E+002, 2.2885741E+002, 2.0472387E+002, 1.6769488E+002, 1.5575315E+002, 1.5078364E+002, 1.4656760E+002, 1.3373525E+002, 1.2528551E+002, 1.3022088E+002,-1.5483522E+000,-1.3978127E+000,-1.3398988E+000,-2.2847846E+000,-2.0418291E+000,-1.6762030E+000,-1.5161627E+000,-1.6569001E+000,-1.9194454E+000,-1.7412594E+000,-1.8563920E+000,-9.8328125E-001,-1.9498685E+000,-2.1003365E+000, 2.9790954E+000, 5.2625773E+000, 4.3928223E+000, 3.8015825E+000, 3.8957321E+000, 4.3207124E+000, 3.6374790E+000, 3.2319236E+000, 3.4661524E+000, 1.0378528E+004, 1.4000699E+000, 6.7091461E+000, 3.4728185E+000
 1.0400801E+002, 1.0973824E+002, 1.1602536E+002, 1.2140321E+002, 1.3424927E+002, 1.3624059E+002, 1.3857291E+002, 1.4159981E+002, 1.4746210E+002, 1.5558111E+002, 1.4928654E+002, 1.5743063E+002, 1.7226283E+002, 1.6810614E+002, 1.7097003E+002, 2.1331809E+002, 1.8628287E+002, 1.7996728E+002, 1.7089331E+002, 1.5706465E+002, 1.4197769E+002, 1.4120975E+002, 1.2039858E+002, 1.2443705E+002,-1.3912409E+000,-1.4159063E+000,-1.5336259E+000,-2.0792684E+000,-1.7722412E+000,-1.7674874E+000,-1.5467259E+000,-1.7255516E+000,-1.5214340E+000,-1.9547749E+000,-1.2443775E+000,-2.2813360E+000,-1.8080008E+000,-1.7272204E+000, 2.2700704E+000, 4.3578995E+000, 5.3064851E+000, 5.4432034E+000, 4.0311177E+000, 3.8718724E+000, 3.9176329E+000, 2.8464567E+000, 3.2614781E+000, 9.7698879E+003, 1.4805087E+000, 6.9634396E+000, 2.8997035E+000
 1.0501087E+002, 1.0849831E+002, 1.1636974E+002, 1.2486401E+002, 1.3298287E+002, 1.3435691E+002, 1.3769936E+002, 1.4227538E+002, 1.4813267E+002, 1.5320764E+002, 1.5141830E+002, 1.6433484E+002, 1.5466017E+002, 1.7178792E+002, 2.3421691E+002, 2.1211557E+002, 2.0047781E+002, 1.8199550E+002, 1.5854129E+002, 1.5623991E+002, 1.5044916E+002, 1.3821018E+002, 1.3534694E+002, 1.1945593E+002,-1.5595032E+000,-1.5254690E+000,-1.9358246E+000,-1.9069440E+000,-1.7298679E+000,-1.4827811E+000,-1.6912956E+000,-1.6058649E+000,-1.9879732E+000,-1.3029116E+000,-2.0943777E+000,-2.0564168E+000,-2.0798238E+000,-1.7824499E+000, 2.6022106E+000, 4.2301015E+000, 4.6924843E+000, 4.2807027E+000, 4.8811589E+000, 4.0056603E+000, 3.6625036E+000, 3.8358472E+000, 3.0362852E+000, 9.8326651E+003, 1.4618350E+000, 6.7111621E+000, 3.0946832E+000
 1.0600603E+002, 1.1009111E+002, 1.1691448E+002, 1.3038015E+002, 1.3213455E+002, 1.3537095E+002, 1.3873889E+002, 1.4033975E+002, 1.4556659E+002, 1.4750476E+002, 1.5503323E+002, 1.5639401E+002, 1.6410379E+002, 2.0045997E+002, 2.1654662E+002, 2.1814208E+002, 1.9823975E+002, 1.8220726E+002, 1.6461147E+002, 1.4651112E+002, 1.4450115E+002, 1.3577348E+002, 1.3538802E+002, 1.2400771E+002,-1.4757233E+000,-1.4227203E+000,-2.0064002E+000,-1.6003434E+000,-1.6195466E+000,-1.5691971E+000,-1.3202359E+000,-1.7914476E+000,-1.6426729E+000,-1.8254418E+000,-1.6588370E+000,-1.8945019E+000,-3.2998389E+000,-2.7350929E+000, 3.0552895E+000, 4.8858301E+000, 4.4253117E+000, 4.3897156E+000, 3.7577405E+000, 3.8664648E+000, 3.3351545E+000, 3.6274861E+000, 3.4675741E+000, 9.9534525E+003, 1.4654237E+000, 6.5561418E+000, 3.1767158E+000
 1.0700803E+002, 1.0727423E+002, 1.1593966E+002, 1.2680153E+002, 1.3247935E+002, 1.3344344E+002, 1.3717806E+002, 1.4360546E+002, 1.4627927E+002, 1.4765220E+002, 1.5272164E+002, 1.5219727E+002, 1.9328453E+002, 1.8756373E+002, 2.0929027E+002, 2.0014121E+002, 2.0402403E+002, 1.7667793E+002, 1.7747444E+002, 1.5495375E+002, 1.4735173E+002, 1.3645275E+002, 1.3342667E+002, 1.2901440E+002,-1.4133578E+000,-1.5918134E+000,-1.8817240E+000,-1.6533711E+000,-1.5447644E+000,-1.4975693E+000,-1.6949434E+000,-1.7771678E+000,-1.6395026E+000,-1.7584912E+000,-1.8161499E+000,-2.5229037E+000,-1.7987120E+000,-3.5378270E+000, 1.7999429E+000, 4.8147423E+000, 5.6026722E+000, 4.6700358E+000, 4.0045683E+000, 3.4973493E+000, 3.4667729E+000, 3.5009570E+000, 3.6746335E+000, 1.0131780E+004, 1.4315810E+000, 6.4896350E+000, 3.5243051E+000
 1.0800428E+002, 1.1045730E+002, 1.1852240E+002, 1.2625033E+002, 1.3096945E+002, 1.3541457E+002, 1.3710940E+002, 1.4266800E+002, 1.4020242E+002, 1.5056604E+002, 1.4802703E+002, 1.6085794E+002, 1.9579573E+002, 1.8018252E+002, 2.2527303E+002, 2.2455554E+002, 1.8276370E+002, 1.8672652E+002, 1.5181877E+002, 1.7388394E+002, 1.5115996E+002, 1.3237953E+002, 1.2780547E+002, 1.3050908E+002,-1.5475279E+000,-1.9964218E+000,-1.6752861E+000,-1.6169197E+000,-1.5449883E+000,-1.5624557E+000,-1.8781167E+000,-1.6262852E+000,-2.1450648E+000,-1.6383982E+000,-1.7053214E+000,-1.8851150E+000,-1.3014860E+000,-1.9427522E+000, 2.1996908E+000, 4.0857054E+000, 4.2026021E+000, 5.0122903E+000, 4.9395154E+000, 4.1064140E+000, 2.6868627E+000, 3.2507184E+000, 3.2968764E+000, 1.0045206E+004, 1.3718775E+000, 6.4727882E+000, 3.0909774E+000
 1.0901011E+002, 1.1085057E+002, 1.2448582E+002, 1.2606759E+002, 1.2970697E+002, 1.3332026E+002, 1.3983296E+002, 1.3872366E+002, 1.4137244E+002, 1.4640177E+002, 1.5214131E+002, 1.7942010E+002, 1.8427450E+002, 1.8657236E+002, 2.3409026E+002, 2.1058337E+002, 1.9509782E+002, 1.7718337E+002, 1.7471088E+002, 1.5117191E+002, 1.6288797E+002, 1.3519341E+002, 1.3129679E+002, 1.2340700E+002,-1.4861114E+000,-1.7659774E+000,-1.5267174E+000,-1.6158271E+000,-1.5254872E+000,-1.8430497E+000,-1.6175538E+000,-2.0427777E+000,-1.3804151E+000,-1.7151995E+000,-2.2681196E+000,-1.9090425E+000,-1.8856740E+000,-2.4744070E+000, 2.5998510E+000, 4.8843513E+000, 4.6492257E+000, 3.5239258E+000, 4.1675416E+000, 4.3562891E+000, 3.6317076E+000, 3.3333990E+000, 2.9906530E+000, 1.0141337E+004, 1.4050982E+000, 6.6840766E+000, 3.4173559E+000
 1.1001019E+002, 1.0868388E+002, 1.2216029E+002, 1.2549510E+002, 1.3138271E+002, 1.3602784E+002, 1.3832109E+002, 1.3578442E+002, 1.4461636E+002, 1.4856243E+002, 1.6245668E+002, 1.8068058E+002, 1.7564659E+002, 1.6764326E+002, 2.3830740E+002, 2.2935869E+002, 1.8137550E+002, 1.5042449E+002, 1.6015089E+002, 1.6098889E+002, 1.4033422E+002, 1.4943985E+002, 1.2664822E+002, 1.2395779E+002,-1.7007244E+000,-1.6768174E+000,-1.5245862E+000,-1.7064631E+000,-1.7439475E+000,-1.7257523E+000,-1.8170533E+000,-1.6628790E+000,-1.9919686E+000,-2.0801586E+000,-2.3579283E+000,-1.4957488E+000,-1.6422207E+000,-1.6435167E+000, 2.3071539E+000, 4.2703742E+000, 4.0173005E+000, 3.9888523E+000, 3.2610997E+000, 3.5138574E+000, 3.8908540E+000, 2.7810846E+000, 3.3635398E+000, 9.6784028E+003, 1.3771742E+000, 6.3928422E+000, 2.8449387E+000
 1.1101026E+002, 1.1562759E+002, 1.1997524E+002, 1.2482173E+002, 1.3081805E+002, 1.3622579E+002, 1.3480069E+002, 1.3802331E+002, 1.4345166E+002, 1.5223289E+002, 1.7087826E+002, 1.6098711E+002, 1.6366528E+002, 1.9033115E+002, 2.2108517E+002, 2.3135316E+002, 1.9322188E+002, 1.7759339E+002, 1.4150928E+002, 1.4879993E+002, 1.4679954E+002, 1.3862570E+002, 1.3598954E+002, 1.2523194E+002,-1.9440107E+000,-1.5534003E+000,-1.7521989E+000,-1.8015847E+000,-1.8268309E+000,-1.6386204E+000,-1.8465187E+000,-1.8206465E+000,-1.9824543E+000,-2.6131555E+000,-1.3837114E+000,-1.3631059E+000,-3.4582205E+000,-3.6184202E+000, 1.7845742E+000, 5.5447285E+000, 4.1331743E+000, 3.9303670E+000, 3.9665915E+000, 4.0154209E+000, 3.3685408E+000, 3.5783670E+000, 3.0319928E+000, 9.9454619E+003, 1.4035556E+000, 6.5281466E+000, 3.6713246E+000
 1.1200578E+002, 1.1774991E+002, 1.1869226E+002, 1.2462269E+002, 1.3416782E+002, 1.3327218E+002, 1.3358566E+002, 1.4016871E+002, 1.4576928E+002, 1.6370997E+002, 1.5887837E+002, 1.6227826E+002, 1.7808831E+002, 1.8379052E+002, 2.0474394E+002, 2.3718912E+002, 1.9622128E+002, 1.8680932E+002, 1.8511343E+002, 1.4301657E+002, 1.4148661E+002, 1.3324562E+002, 1.4350818E+002, 1.2453328E+002,-1.5529580E+000,-1.4007957E+000,-1.6491830E+000,-1.8892641E+000,-1.6784355E+000,-1.7092647E+000,-1.6450698E+000,-1.8345826E+000,-2.3765793E+000,-1.5405944E+000,-1.6996335E+000,-2.3447038E+000,-2.0143148E+000,-2.9665020E+000, 2.8511068E+000, 5.1756899E+000, 5.1340226E+000, 3.8493917E+000, 3.7981133E+000, 3.5650250E+000, 3.3780847E+000, 3.5396496E+000, 3.0603048E+000, 9.9925120E+003, 1.4468032E+000, 6.6251708E+000, 3.5667717E+000
 1.1300140E+002, 1.1828237E+002, 1.1841247E+002, 1.2623281E+002, 1.3118805E+002, 1.3136791E+002, 1.3649039E+002, 1.4089493E+002, 1.5625485E+002, 1.5154507E+002, 1.6212984E+002, 1.6745745E+002, 1.7176677E+002, 1.8079112E+002, 2.0461503E+002, 2.1059776E+002, 2.0987141E+002, 1.7284363E+002, 1.7132993E+002, 1.7068839E+002, 1.3276088E+002, 1.4021815E+002, 1.3030255E+002, 1.3808025E+002,-1.6791477E+000,-1.4376005E+000,-1.6481483E+000,-1.7143256E+000,-1.7192279E+000,-1.6733498E+000,-1.9257824E+000,-2.2782801E+000,-1.5743146E+000,-1.5235128E+000,-1.5026354E+000,-2.0654940E+000,-1.9729462E+000,-3.0906291E+000, 1.2950067E+000, 4.0645472E+000, 4.8567955E+000, 4.2814901E+000, 3.6639212E+000, 3.1182269E+000, 3.7259132E+000, 2.8608659E+000, 3.5609901E+000, 1.0141974E+004, 1.6099112E+000, 6.7176894E+000, 3.1125893E+000
 1.1400619E+002, 1.1599352E+002, 1.1963147E+002, 1.2524278E+002, 1.2913957E+002, 1.3181051E+002, 1.3672142E+002, 1.4673793E+002, 1.5304656E+002, 1.5675287E+002, 1.6172714E+002, 1.6691138E+002, 1.6649801E+002, 1.8062675E+002, 2.0047849E+002, 1.8317934E+002, 1.7398182E+002, 1.8533514E+002, 1.6183197E+002, 1.6597387E+002, 1.6558991E+002, 1.3487566E+002, 1.3378246E+002, 1.3254607E+002,-1.4557435E+000,-1.5690606E+000,-1.7783012E+000,-1.6927275E+000,-1.7573495E+000,-1.9203804E+000,-2.2147774E+000,-1.7924238E+000,-1.4064124E+000,-1.4470958E+000,-1.9477657E+000,-1.0773969E+000,-2.0359309E+000,-2.8854173E+000, 1.1717863E+000, 4.0027722E+000, 3.9983109E+000, 4.2677161E+000, 4.3476422E+000, 3.5340556E+000, 2.9440205E+000, 3.3512646E+000, 2.9603650E+000, 1.0016671E+004, 1.5078611E+000, 6.5176783E+000, 2.7433547E+000
 1.1500438E+002, 1.1464574E+002, 1.1926548E+002, 1.2795672E+002, 1.2840980E+002, 1.3317508E+002, 1.3825475E+002, 1.4853033E+002, 1.5040754E+002, 1.5582286E+002, 1.5550541E+002, 1.6414351E+002, 1.7024087E+002, 1.8101622E+002, 1.9638301E+002, 2.0918243E+002, 1.7865500E+002, 1.6335878E+002, 1.7828322E+002, 1.5566181E+002, 1.5492867E+002, 1.4171613E+002, 1.3437327E+002, 1.2535840E+002,-1.2131547E+000,-1.4573220E+000,-1.6283990E+000,-1.6737247E+000,-1.8731131E+000,-1.9657087E+000,-1.8510463E+000,-1.4436931E+000,-1.7047032E+000,-1.3911769E+000,-1.6141468E+000,-1.6175581E+000,-2.8320728E+000,-2.1438664E+000, 2.1270108E+000, 4.2414503E+000, 4.2529405E+000, 3.6472352E+000, 4.0354593E+000, 4.4435852E+000, 3.0937952E+000, 3.3045998E+000, 2.8072419E+000, 1.0139259E+004, 1.4537103E+000, 6.5549774E+000, 2.6994635E+000
 1.1600970E+002, 1.1294583E+002, 1.1873113E+002, 1.2538140E+002, 1.2970854E+002, 1.3424322E+002, 1.4189017E+002, 1.4687704E+002, 1.5348531E+002, 1.5296499E+002, 1.5308355E+002, 1.6408726E+002, 1.8064028E+002, 1.8080333E+002, 2.2856319E+002, 2.0691965E+002, 1.9833249E+002, 1.8470623E+002, 1.5545642E+002, 1.6834927E+002, 1.4997396E+002, 1.4915008E+002, 1.2795574E+002, 1.3036703E+002,-1.3217959E+000,-1.4816466E+000,-1.5503530E+000,-1.6283973E+000,-1.8357119E+000,-1.8688904E+000,-1.5294387E+000,-1.6917700E+000,-1.5962005E+000,-1.5699881E+000,-1.4334854E+000,-2.3140927E+000,-2.1082555E+000,-3.5917141E+000, 3.4099960E+000, 4.9059135E+000, 4.6145815E+000, 4.4097272E+000, 3.2924070E+000, 3.7016026E+000, 4.3622721E+000, 2.6752256E+000, 3.3035264E+000, 9.8745114E+003, 1.5022897E+000, 6.4443858E+000, 3.4739425E+000
 1.1701006E+002, 1.1235093E+002, 1.1918743E+002, 1.2435239E+002, 1.2934632E+002, 1.3558911E+002, 1.4425341E+002, 1.4599659E+002, 1.4897291E+002, 1.4694230E+002, 1.5298798E+002, 1.7703271E+002, 1.7182752E+002, 1.9724665E+002, 2.1495949E+002, 2.1862408E+002, 1.9469586E+002, 1.7613519E+002, 1.8766887E+002, 1.6005488E+002, 1.5819814E+002, 1.3701782E+002, 1.4447864E+002, 1.2588862E+002,-1.5372669E+000,-1.6723261E+000,-1.4923100E+000,-1.7870475E+000,-1.9682918E+000,-1.5616673E+000,-1.6796447E+000,-1.8199912E+000,-1.4681506E+000,-1.7193345E+000,-2.3535543E+000,-1.6708136E+000,-2.3427167E+000,-1.5688779E+000, 2.7903014E+000, 4.4200156E+000, 5.3575060E+000, 4.0712189E+000, 4.7089126E+000, 3.4278028E+000, 3.3506399E+000, 3.7467555E+000, 3.0458015E+000, 9.8821552E+003, 1.4826636E+000, 6.6363069E+000, 3.2769659E+000
 1.1801161E+002, 1.1518857E+002, 1.2058246E+002, 1.2336980E+002, 1.3200381E+002, 1.3916385E+002, 1.4142801E+002, 1.4760091E+002, 1.4593106E+002, 1.5118747E+002, 1.6236800E+002, 1.7257245E+002, 1.8101932E+002, 1.9517737E+002, 2.0407271E+002, 2.1386774E+002, 1.8329717E+002, 1.8672710E+002, 1.6584163E+002, 1.7077187E+002, 1.6055884E+002, 1.4636896E+002, 1.3125661E+002, 1.3369381E+002,-1.2610499E+000,-1.5436240E+000,-1.5374066E+000,-1.8874990E+000,-1.7633592E+000,-1.5884079E+000,-1.8560091E+000,-1.7094990E+000,-1.6259966E+000,-1.9687766E+000,-1.8285092E+000,-1.6552561E+000,-2.3668031E+000,-3.2212397E+000, 2.0070112E+000, 4.5070642E+000, 4.6504174E+000, 5.4975449E+000, 4.6701892E+000, 4.6467862E+000, 3.4430644E+000, 3.0775955E+000, 3.4836886E+000, 9.9971879E+003, 1.4420626E+000, 6.5496015E+000, 3.1334855E+000
 1.1900050E+002, 1.1461758E+002, 1.2024770E+002, 1.2524715E+002, 1.3396454E+002, 1.4078513E+002, 1.4471721E+002, 1.4312853E+002, 1.4600683E+002, 1.4959644E+002, 1.6712868E+002, 1.6995476E+002, 1.7163292E+002, 1.7805440E+002, 1.7077811E+002, 2.0057199E+002, 1.7868905E+002, 1.7837892E+002, 1.8149783E+002, 1.5939753E+002, 1.5916884E+002, 1.5317259E+002, 1.3053688E+002, 1.3076706E+002,-1.4041764E+000,-1.5556992E+000,-1.4878658E+000,-1.7595429E+000,-1.5353763E+000,-1.8861668E+000,-1.7122842E+000,-1.6522027E+000,-1.8959746E+000,-1.8616759E+000,-1.9175964E+000,-1.9118378E+000,-2.1245164E+000,-2.1449825E+000, 7.2310675E-001, 5.0380234E+000, 5.3238370E+000, 4.0039506E+000, 4.1225111E+000, 4.6952192E+000, 4.2519787E+000, 3.0986952E+000, 3.4692684E+000, 1.0051410E+004, 1.4192118E+000, 6.4318050E+000, 3.3665445E+000
 1.2000656E+002, 1.1250449E+002, 1.1950084E+002, 1.2234243E+002, 1.3642898E+002, 1.4026434E+002, 1.4224774E+002, 1.4250964E+002, 1.4705859E+002, 1.5305393E+002, 1.6551450E+002, 1.6408619E+002, 1.8020460E+002, 1.7457852E+002, 2.0501337E+002, 1.8318999E+002, 1.7707098E+002, 1.8020719E+002, 1.7605506E+002, 1.7905835E+002, 1.6093128E+002, 1.4969242E+002, 1.4637916E+002, 1.2224858E+002,-1.4157197E+000,-1.5707976E+000,-1.6110697E+000,-1.5600107E+000,-1.9269922E+000,-1.8541018E+000,-1.7776670E+000,-1.6014154E+000,-1.9955489E+000,-1.8663550E+000,-1.9373513E+000,-1.6520694E+000,-2.2816997E+000,-3.5232999E+000, 1.9711180E+000, 3.9029467E+000, 4.8801721E+000, 4.9926989E+000, 3.7659287E+000, 3.6180733E+000, 4.1304397E+000, 3.9320995E+000, 3.0067525E+000, 9.8651029E+003, 1.4344481E+000, 6.3326496E+000, 2.7481686E+000
 1.2100038E+002, 1.1275562E+002, 1.1726552E+002, 1.2513570E+002, 1.3680963E+002, 1.4129935E+002, 1.4037253E+002, 1.4391309E+002, 1.4642132E+002, 1.5436013E+002, 1.5222537E+002, 1.5887789E+002, 1.7638671E+002, 1.6738509E+002, 2.1751944E+002, 2.3702426E+002, 1.8807061E+002, 1.7115445E+002, 1.7836307E+002, 1.6593823E+002, 1.7364030E+002, 1.4799540E+002, 1.4180539E+002, 1.3003643E+002,-1.4005426E+000,-1.4367066E+000,-1.7847433E+000,-1.8314822E+000,-1.8433022E+000,-1.9066965E+000,-1.6892144E+000,-1.7692550E+000,-1.4936409E+000,-2.0598301E+000,-1.5577251E+000,-1.9681337E+000,-2.0948698E+000,-3.2217212E+000, 2.6836813E+000, 4.7360615E+000, 4.1873139E+000, 4.0535403E+000, 4.5658668E+000, 3.8505827E+000, 3.7414773E+000, 3.9136897E+000, 3.3413033E+000, 1.0155237E+004, 1.4640920E+000, 6.5960945E+000, 3.1120293E+000
 1.2200630E+002, 1.1388861E+002, 1.1889940E+002, 1.2769228E+002, 1.3813275E+002, 1.3770188E+002, 1.4018395E+002, 1.4318530E+002, 1.4786800E+002, 1.5003826E+002, 1.5105477E+002, 1.7343147E+002, 1.6964365E+002, 1.7638551E+002, 1.9884431E+002, 2.1925211E+002, 2.2339368E+002, 2.0169938E+002, 1.7711095E+002, 1.6060897E+002, 1.5259946E+002, 1.6423103E+002, 1.4168671E+002, 1.3634088E+002,-1.3551586E+000,-1.3700665E+000,-1.6743422E+000,-1.8526717E+000,-1.8854094E+000,-1.7125577E+000,-1.6205144E+000,-1.7334731E+000,-1.7721448E+000,-1.6025565E+000,-1.8586219E+000,-2.3699539E+000,-1.8675958E+000,-3.0867313E+000, 1.6487109E+000, 4.9576978E+000, 5.7414562E+000, 4.5714335E+000, 4.2413213E+000, 4.4176572E+000, 3.3621433E+000, 3.6937301E+000, 3.7646590E+000, 1.0161534E+004, 1.4964879E+000, 6.5157625E+000, 3.8878535E+000
 1.2300010E+002, 1.1393384E+002, 1.1626422E+002, 1.3145338E+002, 1.3576012E+002, 1.3796238E+002, 1.4070509E+002, 1.4395688E+002, 1.4100681E+002, 1.4341737E+002, 1.6277801E+002, 1.6475272E+002, 1.7222019E+002, 1.7946094E+002, 2.2035940E+002, 1.7949734E+002, 1.6557418E+002, 1.7146038E+002, 1.9536547E+002, 1.8716786E+002, 1.5538641E+002, 1.5537865E+002, 1.4968093E+002, 1.3288991E+002,-1.4867212E+000,-1.3950203E+000,-1.7904613E+000,-1.7518842E+000,-1.6778248E+000,-1.6321281E+000,-1.4235341E+000,-1.3209492E+000,-1.4577516E+000,-1.7342489E+000,-2.5679377E+000,-2.1108180E+000,-1.8420818E+000,-2.8331269E+000, 1.2334426E+000, 3.5620160E+000, 4.7537143E+000, 5.3083563E+000, 4.9804769E+000, 3.2136658E+000, 4.1439371E+000, 3.4181442E+000, 3.6265226E+000, 9.7048762E+003, 1.4476943E+000, 6.4428955E+000, 2.4533283E+000
 1.2401207E+002, 1.1323376E+002, 1.1727212E+002, 1.2949320E+002, 1.3559651E+002, 1.3704524E+002, 1.4025580E+002, 1.4372409E+002, 1.4071163E+002, 1.4853302E+002, 1.6121935E+002, 1.6081060E+002, 1.6555830E+002, 1.8528136E+002, 2.1897023E+002, 2.1360239E+002, 1.7181299E+002, 1.5175456E+002, 1.3944708E+002, 1.5556099E+002, 1.7335325E+002, 1.3625535E+002, 1.4950423E+002, 1.3964360E+002,-1.4723762E+000,-1.8153015E+000,-1.7909304E+000,-1.7493543E+000,-1.6756531E+000,-1.5915844E+000,-1.6299846E+000,-1.5623343E+000,-1.7453135E+000,-2.6406193E+000,-1.9984911E+000,-1.6836954E+000,-1.7770985E+000,-1.9307729E+000, 1.9648309E+000, 3.6654067E+000, 3.5466995E+000, 3.5700714E+000, 3.7897170E+000, 4.7248969E+000, 2.5987425E+000, 3.7238583E+000, 3.6877715E+000, 1.0027374E+004, 1.4108131E+000, 6.3233369E+000, 2.6238065E+000
 1.2500867E+002, 1.1173319E+002, 1.2335964E+002, 1.3116116E+002, 1.3435603E+002, 1.3618005E+002, 1.4064744E+002, 1.3819932E+002, 1.4026654E+002, 1.5723414E+002, 1.5426189E+002, 1.6368408E+002, 1.6973261E+002, 1.8651549E+002, 1.9746964E+002, 2.1818092E+002, 1.8322488E+002, 1.7761874E+002, 1.6318731E+002, 1.4366424E+002, 1.4416006E+002, 1.6294507E+002, 1.4050092E+002, 1.4205227E+002,-1.3896741E+000,-1.6480950E+000,-1.8270197E+000,-1.5864673E+000,-1.5967063E+000,-1.7062338E+000,-1.4754718E+000,-1.4889835E+000,-2.3987951E+000,-1.6653415E+000,-1.4345632E+000,-1.3877716E+000,-1.1656786E+000,-2.3867930E+000, 2.9599987E+000, 4.4271019E+000, 4.8932418E+000, 4.1202881E+000, 3.2771656E+000, 2.9230060E+000, 3.8282966E+000, 3.3540839E+000, 3.2376954E+000, 1.0074153E+004, 1.3776075E+000, 6.2565540E+000, 3.1094511E+000
 1.2600583E+002, 1.1082433E+002, 1.2468558E+002, 1.3081638E+002, 1.3094233E+002, 1.3750357E+002, 1.3902436E+002, 1.3851030E+002, 1.5163838E+002, 1.5244509E+002, 1.5214536E+002, 1.6378174E+002, 1.7361034E+002, 1.9707043E+002, 2.0630860E+002, 2.6282709E+002, 2.1447785E+002, 1.9567696E+002, 1.7594710E+002, 1.6874986E+002, 1.4455334E+002, 1.4793464E+002, 1.4259253E+002, 1.3565636E+002,-1.3063028E+000,-1.7435098E+000,-1.7958602E+000,-1.5585427E+000,-1.5004897E+000,-1.4951268E+000,-1.5507238E+000,-2.2911853E+000,-1.6461677E+000,-1.3848687E+000,-1.4536611E+000,-1.5242162E+000,-1.5332463E+000,-3.8787590E+000, 2.8433086E+000, 5.2961119E+000, 5.2865564E+000, 4.6980950E+000, 4.4270387E+000, 3.4384677E+000, 3.0709735E+000, 2.6829910E+000, 3.2520775E+000, 9.9702971E+003, 1.5896723E+000, 6.2890887E+000, 3.8232682E+000
 1.2700484E+002, 1.1078275E+002, 1.2166430E+002, 1.2994311E+002, 1.3308148E+002, 1.3667765E+002, 1.3668621E+002, 1.4114439E+002, 1.4550900E+002, 1.4986574E+002, 1.5853874E+002, 1.6683696E+002, 1.7682928E+002, 1.8878852E+002, 2.0386133E+002, 2.2597671E+002, 2.0922011E+002, 1.9365882E+002, 1.9448295E+002, 1.7475231E+002, 1.6555412E+002, 1.3722303E+002, 1.4942727E+002, 1.3475478E+002,-1.5638373E+000,-1.6738164E+000,-1.6559411E+000,-1.6424626E+000,-1.7246179E+000,-1.5165218E+000,-2.2250388E+000,-1.6620720E+000,-1.5516654E+000,-1.1877462E+000,-1.6381627E+000,-1.3653593E+000,-1.5066142E+000,-2.1391708E+000, 8.8907264E-001, 4.6451237E+000, 5.9213523E+000, 5.1890993E+000, 4.3535142E+000, 4.2996886E+000, 3.3501899E+000, 3.2502485E+000, 3.5479314E+000, 9.6850788E+003, 1.4462469E+000, 6.2752042E+000, 3.6260728E+000
 1.2800331E+002, 1.1471174E+002, 1.2335801E+002, 1.2750305E+002, 1.3377650E+002, 1.3415597E+002, 1.3564441E+002, 1.4673043E+002, 1.4635877E+002, 1.4940651E+002, 1.6249573E+002, 1.6666037E+002, 1.8345382E+002, 1.9095521E+002, 1.9453476E+002, 2.3786798E+002, 2.2203973E+002, 1.8448831E+002, 1.5748315E+002, 1.7283414E+002, 1.7052972E+002, 1.5169971E+002, 1.3387383E+002, 1.4301847E+002,-1.5953939E+000,-1.7836391E+000,-1.5960269E+000,-1.6074074E+000,-1.4085634E+000,-2.1575087E+000,-1.8362298E+000,-1.5724266E+000,-1.5487861E+000,-1.5384821E+000,-1.6097327E+000,-2.4231152E+000,-9.6060367E-001,-2.4910574E+000, 2.5458717E+000, 4.5051874E+000, 4.9871603E+000, 5.2005361E+000, 5.0426085E+000, 4.3407632E+000, 4.3646090E+000, 2.7712525E+000, 3.3081303E+000, 1.0191451E+004, 1.4073542E+000, 6.3892814E+000, 3.7794747E+000
 1.2900978E+002, 1.1667764E+002, 1.2584234E+002, 1.2161453E+002, 1.3227395E+002, 1.3333676E+002, 1.4068567E+002, 1.3896962E+002, 1.4363796E+002, 1.5314081E+002, 1.6139207E+002, 1.7093637E+002, 1.7854809E+002, 1.8257204E+002, 1.8380113E+002, 2.6369991E+002, 2.0791142E+002, 1.9241213E+002, 1.6818945E+002, 1.4700540E+002, 1.5416375E+002, 1.5815949E+002, 1.3783863E+002, 1.3370057E+002,-1.5256900E+000,-1.6884115E+000,-1.5866314E+000,-1.5655893E+000,-1.9219641E+000,-1.7971439E+000,-1.6556819E+000,-1.5810798E+000,-1.5790230E+000,-1.6657178E+000,-2.1195355E+000,-1.2388003E+000,-1.3234313E+000,-2.9084973E+000, 3.4798243E+000, 5.1941638E+000, 5.2380242E+000, 4.0626090E+000, 3.6478248E+000, 4.6476252E+000, 4.0813785E+000, 3.7039962E+000, 2.9201831E+000, 1.0156879E+004, 1.4175583E+000, 6.4854816E+000, 3.7600666E+000
 1.3000901E+002, 1.1841638E+002, 1.2437705E+002, 1.2487993E+002, 1.2991329E+002, 1.3459742E+002, 1.3937592E+002, 1.4062894E+002, 1.4362576E+002, 1.5613003E+002, 1.6353118E+002, 1.7633614E+002, 1.7759692E+002, 1.7755182E+002, 1.9284566E+002, 2.3847258E+002, 2.1869867E+002, 1.9352599E+002, 1.8076596E+002, 1.7233109E+002, 1.5211746E+002, 1.5164601E+002, 1.4829228E+002, 1.3062766E+002,-1.5279067E+000,-1.4638963E+000,-1.8814393E+000,-1.6515245E+000,-1.6675395E+000,-1.7036827E+000,-1.4363121E+000,-1.6103960E+000,-1.8107552E+000,-2.1201939E+000,-1.7942905E+000,-1.7031930E+000,-7.3709777E-001,-3.0260176E+000, 2.2323542E+000, 4.3400968E+000, 5.4543288E+000, 4.9750209E+000, 3.3466908E+000, 3.2867542E+000, 4.2194788E+000, 3.9219446E+000, 2.8417335E+000, 9.9274051E+003, 1.4249114E+000, 6.4611979E+000, 3.7170311E+000
 1.3100930E+002, 1.1593611E+002, 1.2094631E+002, 1.2868839E+002, 1.3044069E+002, 1.3727285E+002, 1.3585025E+002, 1.3862322E+002, 1.4913595E+002, 1.5876300E+002, 1.6666051E+002, 1.7306421E+002, 1.7342939E+002, 1.9404177E+002, 2.6352072E+002, 1.9335934E+002, 1.8027488E+002, 1.9261115E+002, 1.7676504E+002, 1.6650163E+002, 1.6696165E+002, 1.4171969E+002, 1.5042351E+002, 1.3917994E+002,-1.7881270E+000,-1.4250756E+000,-1.6902217E+000,-1.8482962E+000,-1.7612634E+000,-1.4931928E+000,-1.5170662E+000,-1.7905328E+000,-1.9569187E+000,-1.9091415E+000,-1.4796324E+000,-1.6423131E+000,-3.0808009E+000,-3.3899378E+000, 3.2390150E+000, 4.1764760E+000, 4.8499736E+000, 4.5516330E+000, 4.8432313E+000, 3.9119510E+000, 3.9868840E+000, 3.9623260E+000, 3.7574965E+000, 1.0031017E+004, 1.4606255E+000, 6.4619191E+000, 3.0405184E+000
 1.3200068E+002, 1.2033125E+002, 1.2018202E+002, 1.2671200E+002, 1.3334580E+002, 1.3308696E+002, 1.3578192E+002, 1.4015324E+002, 1.5171834E+002, 1.6101921E+002, 1.6453003E+002, 1.6306182E+002, 1.8528990E+002, 1.9462466E+002, 2.6331677E+002, 2.1615000E+002, 1.8337156E+002, 1.6307620E+002, 1.6866997E+002, 1.6379644E+002, 1.5919753E+002, 1.5037760E+002, 1.3779771E+002, 1.4374163E+002,-1.6885629E+000,-1.5405025E+000,-1.6195522E+000,-1.6957587E+000,-1.4299757E+000,-1.4366746E+000,-1.7641225E+000,-1.8514853E+000,-1.8157644E+000,-1.6708995E+000,-1.7704266E+000,-2.4254710E+000,-2.6656826E+000,-1.8260828E+000, 2.6928253E+000, 4.2389893E+000, 4.0288118E+000, 4.5618145E+000, 4.0074464E+000, 4.2944062E+000, 3.6589844E+000, 3.5739774E+000, 3.9071856E+000, 1.0150054E+004, 1.4872441E+000, 6.4693953E+000, 2.8135294E+000
 1.3300047E+002, 1.1905810E+002, 1.2288066E+002, 1.2512689E+002, 1.3258220E+002, 1.3302494E+002, 1.3654293E+002, 1.4558597E+002, 1.5484980E+002, 1.5729758E+002, 1.5920488E+002, 1.7215757E+002, 1.7070645E+002, 1.7294149E+002, 1.9988856E+002, 2.1714067E+002, 1.9978042E+002, 1.7084289E+002, 1.5669654E+002, 1.5797016E+002, 1.5997324E+002, 1.5524876E+002, 1.3761626E+002, 1.3576840E+002,-1.4330775E+000,-1.8778728E+000,-1.5268896E+000,-1.6120411E+000,-1.3826798E+000,-1.5583762E+000,-1.9082854E+000,-1.8480566E+000,-1.8498198E+000,-1.5408010E+000,-1.9018315E+000,-2.3266750E+000,-1.4947709E+000,-2.6220792E+000, 2.9667394E+000, 4.6764552E+000, 4.2189447E+000, 3.8020341E+000, 3.6080795E+000, 3.6427262E+000, 3.9625436E+000, 3.5993830E+000, 3.2914647E+000, 9.9201826E+003, 1.5237253E+000, 6.6880671E+000, 3.2047164E+000
 1.3400025E+002, 1.1733929E+002, 1.2313555E+002, 1.2156665E+002, 1.2963266E+002, 1.3256109E+002, 1.3906827E+002, 1.4877220E+002, 1.5614922E+002, 1.4765922E+002, 1.5684424E+002, 1.7021013E+002, 1.6769737E+002, 1.9955777E+002, 1.9554595E+002, 2.1005610E+002, 1.9414460E+002, 1.9333355E+002, 1.7271117E+002, 1.5399987E+002, 1.5131384E+002, 1.4915539E+002, 1.4200511E+002, 1.3287384E+002,-1.2724158E+000,-1.5694062E+000,-1.4867611E+000,-1.3484428E+000,-1.6056209E+000,-1.9558522E+000,-2.0011548E+000,-1.9684319E+000,-1.3538012E+000,-1.4712268E+000,-1.8778046E+000,-1.5820251E+000,-1.3973243E+000,-2.0683354E+000, 1.3390271E+000, 5.0651639E+000, 5.4427424E+000, 4.6830840E+000, 4.2736532E+000, 3.5238389E+000, 3.8158757E+000, 3.2900311E+000, 3.6101409E+000, 9.8973568E+003, 1.5488116E+000, 6.3266232E+000, 3.3865953E+000
 1.3500718E+002, 1.1681397E+002, 1.2127535E+002, 1.2663080E+002, 1.2965383E+002, 1.3451247E+002, 1.4379541E+002, 1.5141580E+002, 1.4838438E+002, 1.5257340E+002, 1.6634848E+002, 1.6442975E+002, 1.8067007E+002, 1.7397380E+002, 1.8350279E+002, 2.3807000E+002, 1.9881043E+002, 1.7668936E+002, 1.7589191E+002, 1.7724880E+002, 1.5608279E+002, 1.4928819E+002, 1.4386530E+002, 1.3649025E+002,-1.3103238E+000,-1.5287214E+000,-1.5209529E+000,-1.4379222E+000,-1.7372869E+000,-1.9527074E+000,-1.9471189E+000,-1.5067798E+000,-1.6121461E+000,-1.8208727E+000,-1.7110497E+000,-1.5344908E+000,-1.5628824E+000,-1.0210460E+000, 2.5390045E+000, 4.7793942E+000, 4.7752305E+000, 4.3860822E+000, 5.0507283E+000, 4.6661889E+000, 3.8304003E+000, 3.4941397E+000, 3.3213319E+000, 9.6576291E+003, 1.4833705E+000, 6.1035742E+000, 3.2936060E+000
 1.3600879E+002, 1.1691961E+002, 1.1905574E+002, 1.2801282E+002, 1.2943832E+002, 1.3833765E+002, 1.4662418E+002, 1.4739361E+002, 1.4325591E+002, 1.5462259E+002, 1.6143643E+002, 1.6482779E+002, 1.7987800E+002, 1.7062201E+002, 2.0908284E+002, 2.3029705E+002, 2.1236659E+002, 1.8129565E+002, 1.6431325E+002, 1.6158558E+002, 1.6768759E+002, 1.4803506E+002, 1.4361432E+002, 1.3882149E+002,-1.5329539E+000,-1.4108663E+000,-1.6115995E+000,-1.6936573E+000,-1.8705854E+000,-2.0282024E+000,-1.7523512E+000,-1.5324656E+000,-1.6774385E+000,-1.7366539E+000,-1.6272930E+000,-1.2977691E+000,-1.8659118E+000,-3.3218872E+000, 2.2462291E+000, 4.8588142E+000, 4.6104967E+000, 4.0876918E+000, 3.7564871E+000, 4.2885317E+000, 4.1823268E+000, 3.6328650E+000, 3.2206047E+000, 1.0594516E+004, 1.4628945E+000, 6.4565459E+000, 3.6557289E+000
 1.3701186E+002, 1.1673611E+002, 1.2079179E+002, 1.2433189E+002, 1.3369181E+002, 1.4216564E+002, 1.4643219E+002, 1.4395423E+002, 1.4634573E+002, 1.5890587E+002, 1.6083678E+002, 1.7430779E+002, 1.6622595E+002, 1.7910524E+002, 2.0066985E+002, 1.9472377E+002, 2.0864531E+002, 1.9198257E+002, 1.8299588E+002, 1.6814517E+002, 1.5289686E+002, 1.5589121E+002, 1.3957704E+002, 1.3406499E+002,-1.5409086E+000,-1.6655487E+000,-1.3588767E+000,-1.8477771E+000,-2.0075903E+000,-1.8463213E+000,-1.5895097E+000,-1.6074819E+000,-1.5885630E+000,-1.6413409E+000,-1.8048453E+000,-1.0060755E+000,-3.0381356E+000,-3.1818053E+000, 1.5530263E+000, 4.6965544E+000, 5.0231972E+000, 4.7407567E+000, 3.8490715E+000, 3.7611667E+000, 4.0732799E+000, 3.8951999E+000, 3.4002132E+000, 9.9907521E+003, 1.4681072E+000, 6.5518582E+000, 3.3682219E+000
 1.3800671E+002, 1.1642327E+002, 1.1811929E+002, 1.2174148E+002, 1.3753573E+002, 1.4352944E+002, 1.4444713E+002, 1.4137865E+002, 1.5545136E+002, 1.5425976E+002, 1.6138917E+002, 1.6784501E+002, 1.7592658E+002, 1.7505021E+002, 1.9122852E+002, 2.0066326E+002, 2.0865865E+002, 1.9888266E+002, 1.8045866E+002, 1.8083567E+002, 1.7269322E+002, 1.5043341E+002, 1.4665716E+002, 1.3683909E+002,-1.4940907E+000,-1.3718584E+000,-1.5345893E+000,-1.8133851E+000,-1.9195554E+000,-1.5137239E+000,-1.5835343E+000,-1.6879620E+000,-1.5849916E+000,-1.8791758E+000,-1.3365585E+000,-1.9566967E+000,-1.8414774E+000,-3.6952552E+000, 1.6726464E+000, 3.5009244E+000, 5.1742589E+000, 4.7682006E+000, 4.3007120E+000, 3.8163517E+000, 3.6682606E+000, 4.0148465E+000, 3.6322142E+000, 9.8613345E+003, 1.5446861E+000, 6.2457657E+000, 3.0821128E+000
 1.3900477E+002, 1.1584610E+002, 1.1850187E+002, 1.2433566E+002, 1.3982801E+002, 1.4198365E+002, 1.4078529E+002, 1.4591406E+002, 1.5345622E+002, 1.5726576E+002, 1.5893616E+002, 1.6690828E+002, 1.6989056E+002, 1.9491803E+002, 2.4326681E+002, 2.0437040E+002, 1.8482311E+002, 1.9574425E+002, 1.7354818E+002, 1.6963549E+002, 1.7126965E+002, 1.4995414E+002, 1.4620223E+002, 1.3841137E+002,-1.4836344E+000,-1.3951373E+000,-2.0351672E+000,-1.9498996E+000,-1.6779919E+000,-1.5724972E+000,-1.8328093E+000,-1.6454062E+000,-1.9888873E+000,-1.5703559E+000,-1.7902172E+000,-1.3549700E+000,-2.4979056E+000,-3.4121390E+000, 2.4688937E+000, 4.3235412E+000, 3.4581217E+000, 4.3825181E+000, 4.8842429E+000, 4.2873569E+000, 3.4902586E+000, 3.4022155E+000, 3.8622579E+000, 9.8649184E+003, 1.5158736E+000, 5.9526743E+000, 2.8871993E+000
 1.4000593E+002, 1.1666123E+002, 1.1906078E+002, 1.2980900E+002, 1.3913700E+002, 1.4055800E+002, 1.3928127E+002, 1.5190313E+002, 1.5225599E+002, 1.5613823E+002, 1.6058207E+002, 1.7006644E+002, 1.8838810E+002, 1.7660851E+002, 1.8585075E+002, 2.4345676E+002, 2.1112550E+002, 1.8787605E+002, 1.8754298E+002, 1.7808746E+002, 1.5452302E+002, 1.6338125E+002, 1.3841657E+002, 1.4218512E+002,-1.4604495E+000,-1.4163277E+000,-1.9088785E+000,-1.7823966E+000,-1.6297381E+000,-1.9260987E+000,-1.7863781E+000,-2.0506212E+000,-1.7447418E+000,-1.5019373E+000,-1.6398784E+000,-2.3723834E+000,-2.3737292E+000,-2.2066400E+000, 2.9314392E+000, 5.2905745E+000, 4.7796524E+000, 3.4329203E+000, 4.1311800E+000, 4.3241377E+000, 4.0273366E+000, 3.5126509E+000, 3.5225744E+000, 1.0083646E+004, 1.5499918E+000, 6.3199484E+000, 3.6833316E+000
 1.4100959E+002, 1.1684735E+002, 1.1975434E+002, 1.3176221E+002, 1.3761635E+002, 1.3470658E+002, 1.4698206E+002, 1.4813450E+002, 1.5459021E+002, 1.5279505E+002, 1.6564200E+002, 1.7582533E+002, 1.8604493E+002, 1.9830395E+002, 2.3065576E+002, 2.1359347E+002, 2.2178437E+002, 2.1072161E+002, 1.8842126E+002, 1.7903285E+002, 1.7559237E+002, 1.4988238E+002, 1.5235113E+002, 1.3450234E+002,-1.4384820E+000,-1.4514006E+000,-1.9943958E+000,-1.6194557E+000,-1.7552131E+000,-1.8209102E+000,-1.9263617E+000,-1.8001693E+000,-1.4704365E+000,-1.9352013E+000,-1.9759874E+000,-2.4416168E+000,-2.3351911E+000,-3.6688022E+000, 1.5535811E+000, 4.7439238E+000, 4.6081632E+000, 5.0505123E+000, 3.4915661E+000, 3.8586712E+000, 3.2204349E+000, 3.5145874E+000, 3.5442857E+000, 1.0188976E+004, 1.5436075E+000, 6.3553651E+000, 3.5851742E+000
 1.4200051E+002, 1.1191032E+002, 1.2277100E+002, 1.3409680E+002, 1.3480655E+002, 1.4139095E+002, 1.4532344E+002, 1.5029742E+002, 1.5044156E+002, 1.5665797E+002, 1.6587914E+002, 1.8247315E+002, 1.7800224E+002, 2.0964376E+002, 1.9525652E+002, 2.6348316E+002, 1.9087740E+002, 1.7814199E+002, 1.9424339E+002, 1.8227838E+002, 1.7305837E+002, 1.4634114E+002, 1.4929942E+002, 1.3928761E+002,-1.2701974E+000,-1.7827596E+000,-1.8330631E+000,-1.4323257E+000,-1.9334186E+000,-1.7658341E+000,-1.7137938E+000,-1.7064556E+000,-1.7313728E+000,-1.6482171E+000,-2.1461527E+000,-1.6708825E+000,-2.8375048E+000,-2.4024368E+000, 2.9066149E+000, 4.7779310E+000, 3.9999711E+000, 4.1653348E+000, 4.6140983E+000, 3.9019758E+000, 3.4946448E+000, 3.5137550E+000, 3.5557797E+000, 1.0045625E+004, 1.4933351E+000, 6.2487736E+000, 3.1218324E+000
 1.4300857E+002, 1.1404956E+002, 1.2433460E+002, 1.3331258E+002, 1.3393124E+002, 1.4225412E+002, 1.4579385E+002, 1.4983521E+002, 1.4941350E+002, 1.6192820E+002, 1.7187199E+002, 1.7265471E+002, 1.9411001E+002, 1.8323490E+002, 1.9940422E+002, 1.9434772E+002, 2.0031163E+002, 1.6916290E+002, 1.7127353E+002, 1.7770609E+002, 1.7167636E+002, 1.6024343E+002, 1.3896662E+002, 1.4707464E+002,-1.3605970E+000,-1.7893697E+000,-1.7415450E+000,-1.8875456E+000,-1.7891377E+000,-1.8017941E+000,-1.6935045E+000,-1.6548310E+000,-1.6658734E+000,-2.2664390E+000,-1.9030835E+000,-1.5460238E+000,-1.4944154E+000,-2.8060581E+000, 2.0862808E+000, 4.0091016E+000, 5.4488164E+000, 4.1823770E+000, 3.8919734E+000, 4.3715172E+000, 3.8093308E+000, 3.1813019E+000, 3.6514547E+000, 9.6909227E+003, 1.4617426E+000, 6.3037957E+000, 3.1350826E+000
 1.4400487E+002, 1.1502117E+002, 1.2547367E+002, 1.3159180E+002, 1.4018979E+002, 1.4141961E+002, 1.4686343E+002, 1.4614998E+002, 1.5445967E+002, 1.6107778E+002, 1.6848438E+002, 1.7434717E+002, 1.8619992E+002, 1.9034973E+002, 2.2782782E+002, 2.1089457E+002, 1.7780408E+002, 1.6612607E+002, 1.4812665E+002, 1.7274133E+002, 1.6199718E+002, 1.5777078E+002, 1.4680122E+002, 1.3742381E+002,-1.5033474E+000,-1.7491439E+000,-1.6946807E+000,-1.7147128E+000,-1.7779366E+000,-1.8655962E+000,-1.7089510E+000,-1.9380795E+000,-2.3079201E+000,-1.8237089E+000,-1.9390370E+000,-1.7206916E+000,-2.0284558E+000,-3.6992563E+000, 1.4689819E+000, 3.3715080E+000, 3.5648996E+000, 4.4940424E+000, 4.2809115E+000, 3.5552852E+000, 4.2420137E+000, 3.5622942E+000, 3.1939973E+000, 9.8419366E+003, 1.5063618E+000, 6.0149604E+000, 2.6842548E+000
 1.4500002E+002, 1.1851144E+002, 1.2713922E+002, 1.3067787E+002, 1.3825288E+002, 1.4358479E+002, 1.4480035E+002, 1.4704529E+002, 1.5231400E+002, 1.5634591E+002, 1.5620876E+002, 1.7155328E+002, 1.8293005E+002, 1.8746449E+002, 2.2554640E+002, 2.6398616E+002, 2.3138601E+002, 1.8618870E+002, 1.6936320E+002, 1.4940651E+002, 1.5900785E+002, 1.5382942E+002, 1.4558315E+002, 1.3588661E+002,-1.8390123E+000,-1.7698885E+000,-1.5932000E+000,-1.7908750E+000,-1.8870223E+000,-1.7258083E+000,-1.9428173E+000,-2.2045458E+000,-1.8043981E+000,-1.7942611E+000,-1.5708120E+000,-1.7390842E+000,-5.8846744E-001,-3.6329604E+000, 3.6914101E+000, 5.0793631E+000, 4.5089162E+000, 3.4835657E+000, 3.7122721E+000, 4.6109419E+000, 3.8990343E+000, 3.8980901E+000, 3.2613517E+000, 1.0447523E+004, 1.5968795E+000, 6.1614366E+000, 3.9699825E+000
 1.4600590E+002, 1.2080241E+002, 1.2877406E+002, 1.2921750E+002, 1.4014239E+002, 1.4248092E+002, 1.4305503E+002, 1.4985724E+002, 1.5180786E+002, 1.5840356E+002, 1.6224280E+002, 1.7711280E+002, 1.8413853E+002, 1.7703224E+002, 2.1724945E+002, 2.1000591E+002, 2.2256156E+002, 2.0550209E+002, 1.8716048E+002, 1.7394733E+002, 1.4878095E+002, 1.5325062E+002, 1.4034866E+002, 1.4030617E+002,-1.5092433E+000,-1.6019651E+000,-1.7987974E+000,-1.5886352E+000,-1.6087569E+000,-1.7246213E+000,-2.0956882E+000,-1.6605552E+000,-1.4832976E+000,-1.7204150E+000,-1.7485889E+000,-1.5243761E+000,-7.2427401E-001,-3.1600708E+000, 5.1207454E-001, 4.6569609E+000, 5.6696255E+000, 5.5100575E+000, 4.0226546E+000, 3.1087920E+000, 4.4033492E+000, 3.8453191E+000, 3.6770328E+000, 1.0039867E+004, 1.5230057E+000, 6.3338007E+000, 3.7433024E+000
 1.4700581E+002, 1.2093532E+002, 1.2604170E+002, 1.3401973E+002, 1.3992538E+002, 1.3984376E+002, 1.4331871E+002, 1.4676392E+002, 1.4945690E+002, 1.5613809E+002, 1.6566511E+002, 1.7255997E+002, 1.7068353E+002, 1.9712244E+002, 1.8234332E+002, 1.9740952E+002, 1.9156871E+002, 2.0996698E+002, 1.8397006E+002, 1.6924440E+002, 1.7592842E+002, 1.4339232E+002, 1.4252768E+002, 1.2785607E+002,-1.5640004E+000,-1.6310815E+000,-1.6141329E+000,-1.5579596E+000,-1.5290533E+000,-1.9240840E+000,-1.5733381E+000,-1.6179988E+000,-1.5227151E+000,-1.7651485E+000,-1.3802197E+000,-1.0178625E+000,-2.2404355E+000,-3.6793979E+000, 1.1042059E+000, 4.3574648E+000, 4.8015453E+000, 4.3359325E+000, 5.1688710E+000, 4.6412887E+000, 3.2177210E+000, 3.7996309E+000, 3.7755380E+000, 9.8256876E+003, 1.5001937E+000, 6.2604383E+000, 3.2009758E+000
 1.4800572E+002, 1.2224213E+002, 1.2573911E+002, 1.3236169E+002, 1.3810453E+002, 1.4035537E+002, 1.4279500E+002, 1.4556276E+002, 1.5060819E+002, 1.6116119E+002, 1.6794320E+002, 1.6612918E+002, 1.8191327E+002, 1.8188082E+002, 1.8732155E+002, 2.4035919E+002, 2.2306254E+002, 1.5682834E+002, 1.8143268E+002, 1.9018268E+002, 1.6026388E+002, 1.5068707E+002, 1.4284808E+002, 1.3166159E+002,-1.6909642E+000,-1.6268202E+000,-1.7426192E+000,-1.4920787E+000,-1.9590209E+000,-1.9218649E+000,-1.6677007E+000,-1.5212767E+000,-1.9210681E+000,-1.6592943E+000,-1.4420278E+000,-1.7657838E+000,-1.4237565E+000,-3.3748463E+000, 1.2835331E+000, 5.0507328E+000, 4.4629034E+000, 4.5775422E+000, 3.7010177E+000, 4.3376621E+000, 3.6372368E+000, 3.5115482E+000, 3.4275822E+000, 1.0141641E+004, 1.4712220E+000, 6.2986600E+000, 3.7266352E+000
 1.4900432E+002, 1.2330205E+002, 1.2126088E+002, 1.3442220E+002, 1.3614069E+002, 1.3721003E+002, 1.4409685E+002, 1.4531211E+002, 1.5465411E+002, 1.5951973E+002, 1.6361766E+002, 1.6774987E+002, 1.8503895E+002, 1.7172706E+002, 1.9368841E+002, 2.3243074E+002, 1.9293197E+002, 1.7822660E+002, 1.5058899E+002, 1.5599142E+002, 1.7849009E+002, 1.5867472E+002, 1.3661664E+002, 1.3977846E+002,-1.6224681E+000,-1.7733609E+000,-1.6624981E+000,-1.7110486E+000,-2.0015244E+000,-1.6631650E+000,-1.6273642E+000,-1.8300627E+000,-1.7133360E+000,-1.6171589E+000,-1.7621477E+000,-1.5437166E+000,-2.1001485E+000,-1.2121136E+000, 2.4844038E+000, 4.0531724E+000, 4.7080186E+000, 3.6069187E+000, 4.1430615E+000, 3.5696215E+000, 4.2559117E+000, 3.1346496E+000, 3.4187694E+000, 9.9238076E+003, 1.5344344E+000, 6.3314498E+000, 3.0005393E+000
 1.5001004E+002, 1.2195743E+002, 1.2689464E+002, 1.3314919E+002, 1.3624959E+002, 1.4082558E+002, 1.4005778E+002, 1.4666132E+002, 1.5614616E+002, 1.6165870E+002, 1.6139055E+002, 1.7873589E+002, 1.7966184E+002, 1.8403480E+002, 2.3987214E+002, 2.3449482E+002, 2.0648322E+002, 1.9546209E+002, 1.6618345E+002, 1.5669200E+002, 1.4586933E+002, 1.6913574E+002, 1.5400091E+002, 1.3576952E+002,-1.5809507E+000,-1.6671978E+000,-1.5088460E+000,-1.8767497E+000,-1.7281362E+000,-1.6012550E+000,-1.5656411E+000,-1.7139478E+000,-1.5740438E+000,-1.6318050E+000,-1.6989514E+000,-2.0835055E+000,-5.0540642E-001,-3.2516395E+000, 2.1513222E+000, 5.8116843E+000, 4.4916044E+000, 4.5190120E+000, 4.0449498E+000, 3.6873722E+000, 3.9166933E+000, 4.1565784E+000, 3.2466199E+000, 1.0025316E+004, 1.5446507E+000, 6.3979792E+000, 3.7735649E+000
 1.5101128E+002, 1.2162404E+002, 1.2641185E+002, 1.3212618E+002, 1.3537930E+002, 1.3765869E+002, 1.4193454E+002, 1.4935630E+002, 1.5265647E+002, 1.5481566E+002, 1.6527101E+002, 1.7324598E+002, 1.6572904E+002, 1.9718458E+002, 2.1342988E+002, 2.4289344E+002, 2.1755308E+002, 1.6350981E+002, 1.8250029E+002, 1.7442675E+002, 1.5613136E+002, 1.4771107E+002, 1.4860366E+002, 1.4317319E+002,-1.5226341E+000,-1.6888782E+000,-1.3695814E+000,-1.6523521E+000,-1.6462783E+000,-1.6082792E+000,-1.6250883E+000,-1.7316303E+000,-1.6066927E+000,-2.0247254E+000,-2.0878356E+000,-1.3917608E+000,-2.1776682E+000,-2.6420459E+000, 2.2087857E+000, 5.3544215E+000, 5.0783632E+000, 5.0624636E+000, 4.1568113E+000, 3.9166794E+000, 3.6250558E+000, 3.8176747E+000, 3.6066388E+000, 9.7580687E+003, 1.5389171E+000, 6.2764214E+000, 3.8514895E+000
 1.5200647E+002, 1.1562084E+002, 1.2714601E+002, 1.3039635E+002, 1.3536311E+002, 1.3742885E+002, 1.4305211E+002, 1.5146996E+002, 1.5745186E+002, 1.6037780E+002, 1.6482958E+002, 1.6637510E+002, 1.8487324E+002, 1.9234906E+002, 2.1631024E+002, 2.0740308E+002, 1.7768210E+002, 1.7982236E+002, 1.7446884E+002, 1.5759793E+002, 1.7305968E+002, 1.4080894E+002, 1.5213796E+002, 1.3949794E+002,-1.4124925E+000,-1.6304513E+000,-1.5360410E+000,-1.7551698E+000,-1.7935253E+000,-1.8329825E+000,-1.9401235E+000,-1.8143717E+000,-2.0308869E+000,-1.9939755E+000,-1.7139231E+000,-1.7492794E+000,-2.5531434E+000,-3.0031492E+000, 1.5600831E+000, 4.2482389E+000, 4.3410185E+000, 3.9699501E+000, 4.8240988E+000, 4.2714708E+000, 3.1225749E+000, 3.3329735E+000, 3.4162276E+000, 1.0265042E+004, 1.5524625E+000, 6.3946094E+000, 2.9212671E+000
 1.5300167E+002, 1.1686181E+002, 1.2704472E+002, 1.2997155E+002, 1.3466163E+002, 1.3839300E+002, 1.4590023E+002, 1.5299840E+002, 1.4968742E+002, 1.6091815E+002, 1.6430856E+002, 1.6034776E+002, 1.8715703E+002, 2.0244278E+002, 2.2631646E+002, 2.2365590E+002, 1.9988094E+002, 1.7841752E+002, 1.6718181E+002, 1.6372757E+002, 1.5384092E+002, 1.6496281E+002, 1.3957558E+002, 1.4052530E+002,-1.6233570E+000,-1.5439583E+000,-1.8496823E+000,-1.7322184E+000,-1.8094250E+000,-1.8065488E+000,-1.8222792E+000,-1.9132480E+000,-1.9471229E+000,-1.8771101E+000,-1.4908391E+000,-2.3648519E+000,-3.5528166E+000,-3.4232038E+000, 1.4270736E+000, 3.6098432E+000, 4.9780276E+000, 3.9529768E+000, 3.4991918E+000, 3.9090737E+000, 4.1022289E+000, 3.0171613E+000, 3.3756972E+000, 9.9215382E+003, 1.5213068E+000, 6.6814845E+000, 2.9652750E+000
 1.5400433E+002, 1.1941985E+002, 1.2422807E+002, 1.3160512E+002, 1.3481714E+002, 1.4159111E+002, 1.4935027E+002, 1.4863547E+002, 1.5832664E+002, 1.5313579E+002, 1.5390413E+002, 1.8363789E+002, 1.9714771E+002, 1.9170222E+002, 2.4197900E+002, 2.2695606E+002, 2.0453137E+002, 1.9449747E+002, 1.7922056E+002, 1.6691275E+002, 1.5166326E+002, 1.5101867E+002, 1.4744813E+002, 1.3812450E+002,-1.4627012E+000,-1.3122306E+000,-1.7252746E+000,-1.7559705E+000,-1.6943374E+000,-1.8489773E+000,-1.6052242E+000,-1.9528390E+000,-1.7244676E+000,-1.4102114E+000,-2.5149302E+000,-2.7872170E+000,-2.7833998E+000,-3.4585183E+000, 1.6463100E+000, 4.2388693E+000, 4.5488755E+000, 4.6333218E+000, 4.1893554E+000, 3.4240992E+000, 3.9795190E+000, 3.4990678E+000, 3.4482572E+000, 9.9340793E+003, 1.5943694E+000, 6.4983412E+000, 3.2714148E+000
 1.5500462E+002, 1.2225055E+002, 1.2425693E+002, 1.3251804E+002, 1.3724418E+002, 1.4257294E+002, 1.4869504E+002, 1.4730483E+002, 1.5718736E+002, 1.5609485E+002, 1.7289884E+002, 1.8660794E+002, 1.8323264E+002, 2.0632190E+002, 2.1348340E+002, 2.1757647E+002, 1.9596084E+002, 1.9200814E+002, 1.8307354E+002, 1.6981014E+002, 1.6438093E+002, 1.4808650E+002, 1.5052312E+002, 1.3299246E+002,-1.2742936E+000,-1.2916366E+000,-1.6387622E+000,-1.7248560E+000,-1.6960065E+000,-1.5210214E+000,-1.6655934E+000,-1.4642205E+000,-1.7254146E+000,-2.4423017E+000,-2.1618666E+000,-2.0116007E+000,-2.7427459E+000,-2.5558315E+000, 2.4604589E+000, 5.1299298E+000, 5.1193935E+000, 4.6625291E+000, 4.4459556E+000, 4.6227579E+000, 3.8565318E+000, 3.3708577E+000, 3.4720958E+000, 9.9764933E+003, 1.5634816E+000, 6.2260344E+000, 3.4614523E+000
 1.5601187E+002, 1.1857158E+002, 1.2299977E+002, 1.3196115E+002, 1.3861883E+002, 1.4514628E+002, 1.4261972E+002, 1.5390563E+002, 1.5263334E+002, 1.6282085E+002, 1.7684033E+002, 1.8166778E+002, 1.6931915E+002, 1.8412007E+002, 2.1893404E+002, 2.1742296E+002, 1.9474026E+002, 1.8100716E+002, 1.7755018E+002, 1.7717057E+002, 1.6752346E+002, 1.5229946E+002, 1.4315232E+002, 1.4465179E+002,-1.3558298E+000,-1.4772365E+000,-1.6434713E+000,-1.5693599E+000,-1.6258058E+000,-1.6638546E+000,-1.7339705E+000,-1.7079590E+000,-2.5111674E+000,-2.0952015E+000,-2.0697849E+000,-1.9308441E+000,-2.6087439E+000,-3.2227155E+000, 1.8565595E+000, 3.8946255E+000, 5.3887628E+000, 5.0140541E+000, 4.1268545E+000, 4.1471462E+000, 3.9118876E+000, 3.4053578E+000, 3.2832196E+000, 1.0057740E+004, 1.5281926E+000, 6.3060827E+000, 2.9659714E+000
 1.5700548E+002, 1.1950685E+002, 1.2660197E+002, 1.2822895E+002, 1.3980489E+002, 1.4087781E+002, 1.4605812E+002, 1.5423582E+002, 1.5698020E+002, 1.5992752E+002, 1.6278343E+002, 1.5975451E+002, 1.6761993E+002, 1.8736425E+002, 2.0941024E+002, 2.2874106E+002, 1.9363401E+002, 1.7431734E+002, 1.7664541E+002, 1.6176657E+002, 1.6852258E+002, 1.4971922E+002, 1.4390419E+002, 1.3735838E+002,-1.4548123E+000,-1.8029631E+000,-1.8140150E+000,-1.6074409E+000,-1.6313930E+000,-1.7209911E+000,-1.8970631E+000,-2.5731277E+000,-2.1871109E+000,-2.0551545E+000,-1.9516734E+000,-2.0083060E+000,-1.8465129E+000,-3.8126613E+000, 8.8538414E-001, 4.5957057E+000, 4.4765407E+000, 4.3174065E+000, 4.5213496E+000, 4.0246392E+000, 3.8743631E+000, 3.3948822E+000, 3.1807015E+000, 9.9000419E+003, 1.7514983E+000, 6.3455934E+000, 3.1568594E+000
 1.5800176E+002, 1.1911733E+002, 1.2536176E+002, 1.2847273E+002, 1.3922233E+002, 1.4135350E+002, 1.5020534E+002, 1.5181932E+002, 1.5447795E+002, 1.5541243E+002, 1.5522681E+002, 1.6269639E+002, 1.8083427E+002, 1.9454499E+002, 2.2825562E+002, 2.2965111E+002, 1.9347196E+002, 1.8559427E+002, 1.6661601E+002, 1.7004884E+002, 1.5071914E+002, 1.5562965E+002, 1.4217931E+002, 1.3940398E+002,-1.3529226E+000,-1.5593041E+000,-1.7846875E+000,-1.5527298E+000,-1.7683142E+000,-1.7992218E+000,-2.1335721E+000,-2.2137176E+000,-1.7977615E+000,-1.9364284E+000,-2.1832535E+000,-1.4049531E+000,-2.9778793E+000,-4.5301285E+000, 1.7173115E+000, 4.5390726E+000, 5.2456890E+000, 4.4909927E+000, 4.3074859E+000, 3.9452604E+000, 3.8555402E+000, 3.8863428E+000, 3.1968274E+000, 1.0098927E+004, 1.6496773E+000, 6.1205418E+000, 3.1831266E+000
 1.5900352E+002, 1.1723980E+002, 1.2697552E+002, 1.3266734E+002, 1.3665558E+002, 1.4445898E+002, 1.5004554E+002, 1.5408858E+002, 1.5051167E+002, 1.4990373E+002, 1.6096070E+002, 1.6784534E+002, 1.8684883E+002, 2.0172392E+002, 2.1764160E+002, 2.6288741E+002, 2.1457845E+002, 1.8621500E+002, 1.7158923E+002, 1.6569679E+002, 1.6192837E+002, 1.4785852E+002, 1.4284113E+002, 1.3780647E+002,-1.3832466E+000,-1.5620360E+000,-1.5821659E+000,-1.4938797E+000,-1.6072558E+000,-1.6284440E+000,-2.0419086E+000,-1.7609039E+000,-1.6812180E+000,-1.9743059E+000,-1.2306352E+000,-2.9737071E+000,-2.1674732E+000,-2.4706310E+000, 2.7498830E+000, 5.4612511E+000, 4.7343136E+000, 5.1499614E+000, 4.5920503E+000, 4.1957045E+000, 4.0293263E+000, 3.5917526E+000, 4.0044590E+000, 9.9289850E+003, 1.6000276E+000, 6.6554118E+000, 3.9218640E+000
 1.6000455E+002, 1.2189971E+002, 1.2259385E+002, 1.3381605E+002, 1.3950502E+002, 1.4686272E+002, 1.4940858E+002, 1.4958783E+002, 1.4576921E+002, 1.5224221E+002, 1.5851566E+002, 1.8379243E+002, 1.8718690E+002, 1.6549959E+002, 1.9429041E+002, 2.1997795E+002, 2.1611386E+002, 1.8982014E+002, 1.9406212E+002, 1.6596240E+002, 1.6118928E+002, 1.4488800E+002, 1.4298627E+002, 1.3918462E+002,-1.6490909E+000,-1.5957047E+000,-1.5504950E+000,-1.6813732E+000,-1.4310220E+000,-1.8340461E+000,-1.7519289E+000,-1.5448021E+000,-1.7290168E+000,-1.6362971E+000,-3.0239905E+000,-1.7985146E+000,-9.9796115E-001,-2.4205526E+000, 1.3602691E+000, 4.0733421E+000, 5.4804199E+000, 4.6052987E+000, 4.6991516E+000, 4.7181890E+000, 3.9536244E+000, 3.5817574E+000, 3.6903087E+000, 9.9365212E+003, 1.4920417E+000, 6.3378230E+000, 3.3267665E+000
 1.6100800E+002, 1.2206114E+002, 1.2549177E+002, 1.3323875E+002, 1.4206534E+002, 1.4590143E+002, 1.4867552E+002, 1.4495320E+002, 1.4711301E+002, 1.5622981E+002, 1.7663903E+002, 1.7375921E+002, 1.6802433E+002, 1.8757443E+002, 1.8684748E+002, 2.1211861E+002, 2.0974696E+002, 2.0371917E+002, 1.6902835E+002, 1.8503461E+002, 1.6760964E+002, 1.5429666E+002, 1.4054312E+002, 1.3917919E+002,-1.6835055E+000,-1.6490970E+000,-1.5738172E+000,-1.6050726E+000,-1.6725550E+000,-1.8324439E+000,-1.6398841E+000,-1.6706048E+000,-1.8858760E+000,-2.3915854E+000,-1.6483555E+000,-1.4741939E+000,-2.4062003E+000,-2.7585454E+000, 1.3908557E+000, 3.7415710E+000, 4.4489957E+000, 5.0123519E+000, 4.0660340E+000, 3.9142977E+000, 4.3217103E+000, 3.5073601E+000, 3.1073142E+000, 1.0191346E+004, 1.4605425E+000, 6.2293208E+000, 3.2042177E+000
 1.6200994E+002, 1.2111363E+002, 1.2474547E+002, 1.3124940E+002, 1.4409235E+002, 1.4603703E+002, 1.4503611E+002, 1.4414172E+002, 1.4912848E+002, 1.6548650E+002, 1.6767819E+002, 1.7367540E+002, 1.7383141E+002, 1.7745780E+002, 1.9930370E+002, 2.4756048E+002, 1.9378983E+002, 1.8218776E+002, 1.7823715E+002, 1.6166125E+002, 1.7496582E+002, 1.3881106E+002, 1.4596953E+002, 1.3611115E+002,-1.6457388E+000,-1.6319433E+000,-1.6408731E+000,-1.5090810E+000,-2.0128756E+000,-1.6239825E+000,-1.5431194E+000,-1.8632718E+000,-2.1939970E+000,-1.9127711E+000,-1.8664484E+000,-2.3430499E+000,-2.2184586E+000,-2.8831508E+000, 1.1151307E+000, 4.8340890E+000, 3.4347993E+000, 3.6526641E+000, 3.3156653E+000, 3.5426917E+000, 3.8062410E+000, 3.6989198E+000, 3.4917725E+000, 1.0061859E+004, 1.4917646E+000, 6.4023128E+000, 3.2080091E+000
 1.6300153E+002, 1.1997311E+002, 1.2606969E+002, 1.3484499E+002, 1.4274498E+002, 1.4363220E+002, 1.4178262E+002, 1.4423902E+002, 1.5626340E+002, 1.6394200E+002, 1.6955231E+002, 1.7114228E+002, 1.7907295E+002, 2.0680598E+002, 2.8668741E+002, 2.3887611E+002, 2.1432941E+002, 1.7556366E+002, 1.7956617E+002, 1.6837787E+002, 1.5563706E+002, 1.6198919E+002, 1.4126587E+002, 1.3789838E+002,-1.4803529E+000,-1.2609070E+000,-1.7576760E+000,-1.9842496E+000,-1.5266938E+000,-1.4042933E+000,-1.4094605E+000,-1.7146145E+000,-2.1234177E+000,-1.5247389E+000,-1.9439188E+000,-2.3675449E+000,-4.3394956E+000,-3.2968369E+000, 4.2553785E+000, 4.6590042E+000, 5.8308763E+000, 4.0749110E+000, 3.7969527E+000, 3.1645920E+000, 3.8259476E+000, 3.8195351E+000, 3.4507140E+000, 9.8709422E+003, 1.6092352E+000, 6.2312257E+000, 3.4220790E+000
 1.6401083E+002, 1.1745487E+002, 1.2679829E+002, 1.3551093E+002, 1.4198990E+002, 1.4095578E+002, 1.4119742E+002, 1.4627427E+002, 1.5827823E+002, 1.5845927E+002, 1.6482233E+002, 1.7821600E+002, 1.9971119E+002, 2.0821030E+002, 2.4470814E+002, 2.7114075E+002, 1.9712714E+002, 1.7378197E+002, 1.4420265E+002, 1.7013715E+002, 1.6399337E+002, 1.5450826E+002, 1.4838067E+002, 1.3847877E+002,-1.3555010E+000,-1.2486774E+000,-1.7764672E+000,-1.6671298E+000,-1.4922927E+000,-1.2491527E+000,-1.7266425E+000,-2.1188008E+000,-1.3916830E+000,-1.5622925E+000,-1.9684923E+000,-3.9570987E+000,-2.5466627E+000,-2.5635345E+000, 3.1632377E+000, 6.0179392E+000, 4.9781648E+000, 4.9328789E+000, 4.4920210E+000, 3.6834744E+000, 3.0494051E+000, 3.8877490E+000, 3.7189319E+000, 9.8845699E+003, 1.6685038E+000, 6.8762032E+000, 3.8831632E+000
 1.6500534E+002, 1.1872739E+002, 1.2462479E+002, 1.3619899E+002, 1.3970626E+002, 1.3931248E+002, 1.3955680E+002, 1.5568268E+002, 1.5204066E+002, 1.6254434E+002, 1.7176772E+002, 1.8722918E+002, 1.7640708E+002, 2.0784057E+002, 2.2022589E+002, 2.3013691E+002, 2.3503358E+002, 1.9042136E+002, 1.7002396E+002, 1.4532229E+002, 1.5479574E+002, 1.5260644E+002, 1.5390819E+002, 1.3772979E+002,-1.4638914E+000,-1.4971744E+000,-1.8393862E+000,-1.4825243E+000,-1.4440717E+000,-1.4928367E+000,-2.1519274E+000,-1.5332753E+000,-1.8011872E+000,-2.2897575E+000,-3.3799757E+000,-1.4055965E+000,-1.6500801E+000,-3.1533862E+000, 2.0289483E+000, 5.2036137E+000, 5.3383438E+000, 4.7875222E+000, 3.8408560E+000, 4.4090486E+000, 3.6732583E+000, 3.4129909E+000, 3.6783683E+000, 9.8800350E+003, 1.5510031E+000, 6.0919570E+000, 4.1585601E+000
 1.6600683E+002, 1.1959730E+002, 1.3070630E+002, 1.3520068E+002, 1.3785444E+002, 1.3643522E+002, 1.5040997E+002, 1.4862082E+002, 1.5632549E+002, 1.6511012E+002, 1.7778047E+002, 1.7085418E+002, 1.7791411E+002, 1.8909316E+002, 2.0769370E+002, 2.2724536E+002, 1.9211550E+002, 1.8498654E+002, 1.8417721E+002, 1.6608661E+002, 1.5420217E+002, 1.5468742E+002, 1.5086832E+002, 1.5032650E+002,-1.6451553E+000,-1.7567331E+000,-1.9245858E+000,-1.5171633E+000,-1.3265773E+000,-2.2879151E+000,-1.3838800E+000,-1.7311937E+000,-2.2625811E+000,-2.9205474E+000,-1.6513348E+000,-1.0108888E+000,-2.3526713E+000,-3.2042592E+000, 1.8408584E+000, 4.4676569E+000, 4.8372703E+000, 4.7470491E+000, 4.5593747E+000, 4.1087630E+000, 3.9445987E+000, 3.2952246E+000, 3.4581603E+000, 9.9259062E+003, 1.5576884E+000, 5.9424474E+000, 2.9845387E+000
 1.6700022E+002, 1.2065359E+002, 1.3069747E+002, 1.3496902E+002, 1.3791252E+002, 1.4403661E+002, 1.4814543E+002, 1.4819548E+002, 1.5997473E+002, 1.7504731E+002, 1.6269774E+002, 1.7107343E+002, 1.7835307E+002, 1.9680936E+002, 2.1940971E+002, 2.1907876E+002, 2.1655211E+002, 1.8444632E+002, 1.6759485E+002, 1.7442955E+002, 1.6400689E+002, 1.4916049E+002, 1.4737491E+002, 1.4324388E+002,-1.4438791E+000,-1.5438510E+000,-1.6707912E+000,-1.3797564E+000,-2.1253346E+000,-1.6541078E+000,-1.4506291E+000,-2.0985592E+000,-2.6489558E+000,-1.6652311E+000,-1.2943070E+000,-1.7997413E+000,-1.5485449E+000,-3.4583593E+000, 3.0537757E+000, 4.3884662E+000, 4.7159470E+000, 4.2653179E+000, 4.6970616E+000, 4.2852717E+000, 3.9624865E+000, 3.5130304E+000, 3.0758683E+000, 1.0150648E+004, 1.6875832E+000, 5.9593493E+000, 3.4706248E+000
 1.6801118E+002, 1.1748112E+002, 1.2935556E+002, 1.3381148E+002, 1.3786300E+002, 1.4595862E+002, 1.4431023E+002, 1.5374210E+002, 1.7170003E+002, 1.5623307E+002, 1.6462247E+002, 1.6981881E+002, 1.8296894E+002, 2.0560182E+002, 2.1163058E+002, 2.2215838E+002, 1.9710040E+002, 1.7559085E+002, 1.9092270E+002, 1.7468210E+002, 1.6385246E+002, 1.5278045E+002, 1.4730571E+002, 1.4434647E+002,-1.3012069E+000,-1.6757783E+000,-1.4817803E+000,-1.8526792E+000,-1.8200364E+000,-1.2260107E+000,-1.8769033E+000,-2.3709014E+000,-1.7286260E+000,-1.5788637E+000,-1.3865687E+000,-1.6195259E+000,-3.2142117E+000,-2.8422340E+000, 2.2715278E+000, 5.2391044E+000, 4.8081852E+000, 4.3476761E+000, 4.3008395E+000, 4.0095997E+000, 4.1744714E+000, 3.6034974E+000, 3.7215963E+000, 1.0277950E+004, 1.8421128E+000, 6.1263676E+000, 3.5103238E+000
 1.6900776E+002, 1.2454576E+002, 1.2748196E+002, 1.3250978E+002, 1.4477851E+002, 1.4348677E+002, 1.4431037E+002, 1.6275923E+002, 1.5894616E+002, 1.5618321E+002, 1.6680794E+002, 1.6751874E+002, 1.9012459E+002, 1.9664731E+002, 2.4386394E+002, 2.4509565E+002, 2.1321190E+002, 1.7714320E+002, 1.7217390E+002, 1.7096558E+002, 1.7424359E+002, 1.5617769E+002, 1.4625241E+002, 1.4295443E+002,-1.6944927E+000,-1.7098445E+000,-1.5433591E+000,-1.8975563E+000,-1.3416623E+000,-1.4667237E+000,-2.4622464E+000,-1.6006484E+000,-1.5564276E+000,-1.7593316E+000,-1.3030838E+000,-2.3196027E+000,-2.7774985E+000,-4.0273868E+000, 2.5377839E+000, 4.1128172E+000, 5.3796221E+000, 4.9119827E+000, 4.5178492E+000, 4.0943801E+000, 3.7017567E+000, 3.8589463E+000, 3.5094890E+000, 9.8154690E+003, 1.6055580E+000, 6.1220062E+000, 3.3161352E+000
 1.7000120E+002, 1.2655594E+002, 1.2772461E+002, 1.3200356E+002, 1.4269027E+002, 1.4173124E+002, 1.5555018E+002, 1.5636682E+002, 1.5120389E+002, 1.6080996E+002, 1.6405345E+002, 1.7915532E+002, 1.9220546E+002, 2.1015816E+002, 2.3397233E+002, 2.3607957E+002, 2.0079863E+002, 2.0075047E+002, 1.6383939E+002, 1.5931817E+002, 1.6154134E+002, 1.5330008E+002, 1.4964262E+002, 1.3979351E+002,-1.6556517E+000,-1.7172963E+000,-1.7317548E+000,-1.7402813E+000,-1.4624671E+000,-2.2883215E+000,-1.7767233E+000,-1.6252880E+000,-1.9500225E+000,-1.5888677E+000,-2.3759353E+000,-1.9980137E+000,-2.9447757E+000,-2.3673445E+000, 1.6319134E+000, 5.2357004E+000, 5.4759744E+000, 4.8637670E+000, 4.5513607E+000, 3.1905734E+000, 3.5450222E+000, 3.3557559E+000, 3.8100991E+000, 9.9946479E+003, 1.4809299E+000, 6.0909012E+000, 3.6403415E+000
 1.7100618E+002, 1.2293160E+002, 1.2660912E+002, 1.3455569E+002, 1.4061865E+002, 1.4600431E+002, 1.5207482E+002, 1.4887304E+002, 1.5344804E+002, 1.6086810E+002, 1.7159636E+002, 1.8269177E+002, 1.8844811E+002, 2.1514543E+002, 2.4298969E+002, 2.3797248E+002, 2.1416305E+002, 1.6478978E+002, 1.7055067E+002, 1.5751018E+002, 1.5263095E+002, 1.5884794E+002, 1.4546202E+002, 1.4164659E+002,-1.4543381E+000,-1.5374512E+000,-1.8623364E+000,-1.4519996E+000,-1.8911522E+000,-1.7882432E+000,-1.5520000E+000,-1.8654000E+000,-1.6879895E+000,-2.1717039E+000,-1.8198223E+000,-1.0166071E+000,-2.2618487E+000,-4.3085545E+000, 2.0805510E+000, 4.8213931E+000, 4.4638370E+000, 4.8566176E+000, 4.5417611E+000, 4.1150446E+000, 3.3007667E+000, 3.1645600E+000, 3.5225400E+000, 1.0095829E+004, 1.4933763E+000, 6.1160781E+000, 3.8525185E+000
 1.7200694E+002, 1.2284081E+002, 1.2742719E+002, 1.3766080E+002, 1.3961250E+002, 1.5184850E+002, 1.4697446E+002, 1.4682328E+002, 1.5642256E+002, 1.6574905E+002, 1.7084853E+002, 1.8933837E+002, 1.7151710E+002, 2.1579232E+002, 2.2230794E+002, 2.5120723E+002, 2.3280608E+002, 2.0009272E+002, 1.6970023E+002, 1.5412543E+002, 1.5611985E+002, 1.4583558E+002, 1.4971893E+002, 1.4247328E+002,-1.5917651E+000,-1.4400410E+000,-1.7892254E+000,-1.5100644E+000,-1.8280721E+000,-1.2939378E+000,-1.5530558E+000,-1.9007894E+000,-1.6245754E+000,-1.8182051E+000,-1.5847111E+000,-1.2776002E+000,-3.1055928E+000,-2.7816664E+000, 1.4592261E+000, 5.2494437E+000, 4.7816225E+000, 4.3023127E+000, 4.6656132E+000, 4.6075885E+000, 3.7796806E+000, 3.7624435E+000, 3.5559191E+000, 9.9085690E+003, 1.5378673E+000, 5.9671741E+000, 3.9447833E+000
 1.7301183E+002, 1.2301024E+002, 1.2540537E+002, 1.3762934E+002, 1.4758878E+002, 1.4403084E+002, 1.4387040E+002, 1.5045247E+002, 1.5900397E+002, 1.6066379E+002, 1.8281263E+002, 1.7457356E+002, 1.8966719E+002, 1.8267924E+002, 2.2310165E+002, 2.4205741E+002, 2.1475334E+002, 1.8278779E+002, 1.8407450E+002, 1.6730801E+002, 1.5519191E+002, 1.4976141E+002, 1.3776568E+002, 1.4035439E+002,-1.6002588E+000,-1.8403221E+000,-1.5189156E+000,-2.0181616E+000,-1.4796102E+000,-1.3549048E+000,-2.0063045E+000,-1.6697899E+000,-1.8852557E+000,-1.9542898E+000,-1.6461638E+000,-2.5597518E+000,-1.0305927E+000,-3.3631052E+000, 1.3573029E+000, 3.9767219E+000, 5.2061637E+000, 4.6597760E+000, 3.6184077E+000, 4.0411592E+000, 4.5445954E+000, 3.2826763E+000, 3.2851464E+000, 9.7858820E+003, 1.5539210E+000, 6.1510790E+000, 3.4407808E+000
 1.7400510E+002, 1.1984160E+002, 1.3017862E+002, 1.3479814E+002, 1.4492728E+002, 1.4122695E+002, 1.4382387E+002, 1.5284350E+002, 1.5788273E+002, 1.7359707E+002, 1.6691388E+002, 1.8075950E+002, 1.6596384E+002, 2.0634710E+002, 2.1679244E+002, 2.3000700E+002, 2.0899176E+002, 1.6673505E+002, 1.8094603E+002, 1.6713163E+002, 1.5449118E+002, 1.5281321E+002, 1.4234271E+002, 1.4165821E+002,-1.5588575E+000,-1.9359652E+000,-1.3473679E+000,-1.6172495E+000,-1.3715049E+000,-1.9421537E+000,-1.7046028E+000,-2.1857053E+000,-2.2324445E+000,-1.9256918E+000,-2.1249459E+000,-1.8236939E+000,-2.3108683E+000,-2.7482253E+000, 1.5934618E+000, 5.1234336E+000, 4.8848493E+000, 3.8216086E+000, 4.6351361E+000, 3.6657142E+000, 3.7623795E+000, 4.0540678E+000, 3.0354613E+000, 1.0035227E+004, 1.6290032E+000, 5.8029032E+000, 3.5002767E+000
 1.7501244E+002, 1.2203232E+002, 1.3458866E+002, 1.3182930E+002, 1.3998902E+002, 1.3950608E+002, 1.4815261E+002, 1.5547140E+002, 1.6242723E+002, 1.6417551E+002, 1.7458235E+002, 1.6942592E+002, 1.8913059E+002, 2.0097903E+002, 2.2484894E+002, 2.5809064E+002, 2.1510150E+002, 1.5279126E+002, 1.5436129E+002, 1.7634071E+002, 1.6323262E+002, 1.3744525E+002, 1.4748484E+002, 1.3432717E+002,-1.6949731E+000,-1.7661300E+000,-1.6401228E+000,-1.4817821E+000,-1.6795915E+000,-1.7310964E+000,-2.0983773E+000,-2.1617940E+000,-1.9525881E+000,-1.8591206E+000,-1.9635273E+000,-1.8247601E+000,-3.1960645E+000,-3.4930838E+000, 1.8182817E+000, 4.5957574E+000, 4.5358073E+000, 4.5995146E+000, 3.7674422E+000, 4.3835228E+000, 3.0249944E+000, 3.8467974E+000, 3.1902157E+000, 9.9719142E+003, 1.6987558E+000, 6.0298427E+000, 3.5014479E+000
 1.7600217E+002, 1.2282665E+002, 1.3294738E+002, 1.3649042E+002, 1.3494810E+002, 1.4303990E+002, 1.5064193E+002, 1.5338567E+002, 1.6021106E+002, 1.6367311E+002, 1.6896646E+002, 1.7671729E+002, 2.0244083E+002, 2.0908645E+002, 2.1224383E+002, 1.9456812E+002, 1.7500901E+002, 2.0757522E+002, 1.5549687E+002, 1.4906953E+002, 1.5757352E+002, 1.4452998E+002, 1.4360421E+002, 1.4045897E+002,-1.5209555E+000,-1.5592026E+000,-1.7784084E+000,-1.3004180E+000,-1.7381233E+000,-1.5599699E+000,-1.9481674E+000,-1.8273758E+000,-1.8357235E+000,-1.9049156E+000,-1.8006433E+000,-2.3441268E+000,-2.9639744E+000,-2.0291152E+000, 2.2608229E+000, 4.7377074E+000, 5.1921806E+000, 4.2548684E+000, 4.4515116E+000, 3.7003897E+000, 3.4253174E+000, 3.4964593E+000, 4.1067605E+000, 1.0287969E+004, 1.6572085E+000, 6.2627155E+000, 3.1610590E+000
 1.7700526E+002, 1.2416091E+002, 1.3018887E+002, 1.3495840E+002, 1.3654249E+002, 1.4662804E+002, 1.4793238E+002, 1.5632317E+002, 1.5830190E+002, 1.6702007E+002, 1.6767575E+002, 1.8572001E+002, 2.0170426E+002, 1.8214108E+002, 2.2470508E+002, 2.3159138E+002, 1.9767257E+002, 1.6478676E+002, 1.6842154E+002, 1.5519687E+002, 1.5210604E+002, 1.4491054E+002, 1.3470731E+002, 1.3838354E+002,-1.5672087E+000,-1.5757362E+000,-1.4051940E+000,-1.7098604E+000,-1.6421785E+000,-1.8757258E+000,-1.5722039E+000,-1.7232419E+000,-1.9716068E+000,-1.6765567E+000,-2.3906022E+000,-2.2036524E+000,-1.7210229E+000,-3.0217368E+000, 1.6035165E+000, 4.6114203E+000, 4.4171930E+000, 4.9687518E+000, 4.1182478E+000, 3.2687116E+000, 2.6607300E+000, 3.0935618E+000, 3.8792399E+000, 1.0043251E+004, 1.6401696E+000, 6.3611586E+000, 3.2311482E+000
 1.7800892E+002, 1.2614905E+002, 1.2557532E+002, 1.3306326E+002, 1.4249965E+002, 1.4530545E+002, 1.5132635E+002, 1.5162671E+002, 1.5888250E+002, 1.6433239E+002, 1.7698293E+002, 1.8761620E+002, 1.8127249E+002, 1.9387292E+002, 2.0148290E+002, 2.4279995E+002, 2.0833241E+002, 1.9480972E+002, 1.7928912E+002, 1.5842533E+002, 1.5823887E+002, 1.4967495E+002, 1.3920665E+002, 1.3352556E+002,-1.6232278E+000,-1.5381577E+000,-1.3897134E+000,-1.6856116E+000,-1.8978618E+000,-1.8415698E+000,-1.5813419E+000,-1.8901491E+000,-1.7866162E+000,-2.3089737E+000,-2.2534822E+000,-2.3430146E+000,-1.8055757E+000,-3.2018043E+000, 1.5271682E-002, 5.5649435E+000, 5.7658348E+000, 4.6029230E+000, 4.2818905E+000, 4.2174900E+000, 3.1727456E+000, 3.2669795E+000, 2.8853074E+000, 9.8126481E+003, 1.6189729E+000, 6.0775284E+000, 4.0466163E+000
 1.7900062E+002, 1.2756952E+002, 1.3056553E+002, 1.3005456E+002, 1.4303048E+002, 1.4354971E+002, 1.4966327E+002, 1.5473463E+002, 1.5928423E+002, 1.6874175E+002, 1.7472568E+002, 1.7767180E+002, 1.7793279E+002, 1.8591196E+002, 1.9364999E+002, 2.0875951E+002, 1.9377141E+002, 1.5651420E+002, 1.5845636E+002, 1.8904547E+002, 1.6893624E+002, 1.5491704E+002, 1.4049300E+002, 1.3306256E+002,-1.5532317E+000,-1.6196319E+000,-1.4636504E+000,-1.7270132E+000,-1.9551298E+000,-1.7059403E+000,-1.9298091E+000,-1.9908863E+000,-2.3962998E+000,-2.2901199E+000,-2.2214866E+000,-1.9624799E+000,-1.8020247E+000,-2.7439867E+000, 7.0973076E-001, 3.8686303E+000, 4.4671451E+000, 5.8278947E+000, 4.5349713E+000, 3.8929281E+000, 3.5071537E+000, 3.0080461E+000, 2.9477038E+000, 1.0031442E+004, 1.5958728E+000, 5.9749105E+000, 2.9922502E+000
 1.8000409E+002, 1.2587529E+002, 1.2975953E+002, 1.2964506E+002, 1.3931795E+002, 1.4736676E+002, 1.4599696E+002, 1.5228159E+002, 1.6184667E+002, 1.6635824E+002, 1.7039217E+002, 1.5929743E+002, 1.8831220E+002, 1.7692749E+002, 1.7372976E+002, 2.4693412E+002, 1.9102218E+002, 1.5557048E+002, 1.3387252E+002, 1.4165719E+002, 1.6993296E+002, 1.5356049E+002, 1.4611420E+002, 1.3416686E+002,-1.3675062E+000,-1.4979378E+000,-1.9200939E+000,-1.8360534E+000,-1.5948386E+000,-1.8243887E+000,-1.9881778E+000,-2.0340550E+000,-1.9542261E+000,-1.9380722E+000,-1.5882091E+000,-1.6534143E+000,-1.7509218E+000,-3.0354614E+000, 1.7656155E+000, 4.4071586E+000, 4.6447237E+000, 3.7944338E+000, 4.5651361E+000, 4.1143883E+000, 3.4413618E+000, 3.2274298E+000, 2.9309726E+000, 9.8766455E+003, 1.6767743E+000, 5.7875426E+000, 3.1811629E+000
 1.8101089E+002, 1.2163625E+002, 1.2723834E+002, 1.3601369E+002, 1.4146859E+002, 1.4367504E+002, 1.4921709E+002, 1.5358594E+002, 1.5897974E+002, 1.6806504E+002, 1.6087030E+002, 1.7582416E+002, 1.7398629E+002, 1.7338229E+002, 2.1080736E+002, 2.4139989E+002, 1.9450269E+002, 1.9167408E+002, 1.7308087E+002, 1.3522283E+002, 1.3950984E+002, 1.6634973E+002, 1.4581188E+002, 1.3955528E+002,-1.3644334E+000,-1.3591782E+000,-1.5804685E+000,-1.7116928E+000,-1.6295012E+000,-1.6583775E+000,-1.6442516E+000,-1.8089445E+000,-1.9199280E+000,-1.5915521E+000,-2.1922625E+000,-1.2553672E+000,-1.9825553E+000,-3.6960432E+000, 3.0368340E+000, 4.4002110E+000, 5.2695510E+000, 4.8306381E+000, 3.1508479E+000, 3.4506827E+000, 4.2417957E+000, 3.6054188E+000, 3.2954734E+000, 1.0003902E+004, 1.6487151E+000, 5.8604475E+000, 3.2204031E+000
 1.8200436E+002, 1.2193592E+002, 1.2304436E+002, 1.3606221E+002, 1.4096426E+002, 1.4445569E+002, 1.4706187E+002, 1.5553562E+002, 1.6101063E+002, 1.5967955E+002, 1.6645168E+002, 1.7288799E+002, 1.6825455E+002, 1.9251693E+002, 2.4201225E+002, 2.3976665E+002, 1.7529802E+002, 1.5873887E+002, 1.5723861E+002, 1.7042785E+002, 1.4194037E+002, 1.4158883E+002, 1.5985341E+002, 1.4438053E+002,-1.5219752E+000,-1.4547115E+000,-1.6323316E+000,-1.5097160E+000,-1.8750726E+000,-1.6759893E+000,-1.8137374E+000,-1.8090860E+000,-1.6596927E+000,-1.7226828E+000,-1.8217906E+000,-1.2428205E+000,-2.8674398E+000,-3.6988962E+000, 1.5294225E+000, 5.0717343E+000, 4.6178154E+000, 5.2644291E+000, 4.6974466E+000, 3.5221402E+000, 3.7948689E+000, 4.4556551E+000, 3.4580881E+000, 9.9687258E+003, 1.6500421E+000, 5.7158552E+000, 3.2050013E+000
 1.8300479E+002, 1.2431725E+002, 1.2743200E+002, 1.3450644E+002, 1.3978374E+002, 1.4421924E+002, 1.4966088E+002, 1.5394075E+002, 1.5758209E+002, 1.5976415E+002, 1.6449634E+002, 1.6639154E+002, 1.8151138E+002, 2.2339504E+002, 2.1523290E+002, 2.2742746E+002, 2.0449217E+002, 1.5025009E+002, 1.6808195E+002, 1.3923333E+002, 1.5783862E+002, 1.3476536E+002, 1.4063043E+002, 1.4931726E+002,-1.5080470E+000,-1.6554680E+000,-1.6871808E+000,-1.8845480E+000,-1.8154256E+000,-1.8466073E+000,-1.8336993E+000,-1.8532859E+000,-1.9277793E+000,-2.1774711E+000,-1.8411883E+000,-2.7341010E+000,-2.5409422E+000,-3.5295253E+000, 8.1124754E-001, 3.8224361E+000, 4.4986583E+000, 3.9508206E+000, 4.7918107E+000, 4.4007391E+000, 2.6372607E+000, 3.6667832E+000, 3.8659830E+000, 1.0116736E+004, 1.5895191E+000, 6.1675297E+000, 3.0551074E+000
 1.8400838E+002, 1.2194529E+002, 1.3095941E+002, 1.3293088E+002, 1.4336482E+002, 1.4465109E+002, 1.5012866E+002, 1.5546976E+002, 1.5657744E+002, 1.6420018E+002, 1.6392250E+002, 1.7431765E+002, 1.9443808E+002, 1.9488936E+002, 2.2088396E+002, 2.4575293E+002, 2.0492792E+002, 1.9280124E+002, 1.4382599E+002, 1.6147618E+002, 1.4329789E+002, 1.4637036E+002, 1.2662786E+002, 1.4235583E+002,-1.3326111E+000,-1.7027033E+000,-1.5900287E+000,-1.7197104E+000,-1.6851511E+000,-1.7587276E+000,-1.8197924E+000,-1.7824544E+000,-2.2065307E+000,-1.8880844E+000,-2.3264330E+000,-2.3742058E+000,-2.0242901E+000,-2.1419059E+000, 1.2643717E+000, 3.9855263E+000, 4.2080626E+000, 4.7481118E+000, 4.0923340E+000, 4.1823710E+000, 3.2411262E+000, 3.3008743E+000, 3.4785786E+000, 1.0185998E+004, 1.5771037E+000, 6.3551759E+000, 3.0128514E+000
 1.8500176E+002, 1.1950352E+002, 1.3155073E+002, 1.3280921E+002, 1.4055689E+002, 1.4664193E+002, 1.5101366E+002, 1.5065380E+002, 1.5628717E+002, 1.6045241E+002, 1.6784331E+002, 1.7244007E+002, 1.9084014E+002, 1.9500256E+002, 2.1761749E+002, 2.4021944E+002, 2.2036024E+002, 1.9762509E+002, 1.7899809E+002, 1.5018109E+002, 1.5408341E+002, 1.4201837E+002, 1.3592698E+002, 1.3097238E+002,-1.2651107E+000,-1.6990597E+000,-1.4628798E+000,-1.6628838E+000,-1.8009952E+000,-1.7379104E+000,-1.8030977E+000,-2.0180774E+000,-1.8065678E+000,-2.0130479E+000,-2.0408289E+000,-2.4291207E+000,-1.9082326E+000,-3.0036527E+000, 2.9606996E+000, 4.7313432E+000, 5.1619385E+000, 4.4456496E+000, 4.4716370E+000, 4.1328734E+000, 4.2551765E+000, 3.1249830E+000, 3.3780811E+000, 9.9760763E+003, 1.6040924E+000, 6.0175117E+000, 3.7556902E+000
 1.8600173E+002, 1.2050113E+002, 1.2910412E+002, 1.3312404E+002, 1.4169747E+002, 1.4691356E+002, 1.4770840E+002, 1.5183188E+002, 1.5887432E+002, 1.6136369E+002, 1.6927134E+002, 1.8341365E+002, 1.8373322E+002, 1.8031157E+002, 2.0533401E+002, 2.5815966E+002, 2.1306440E+002, 2.0225805E+002, 1.8373684E+002, 1.7877038E+002, 1.5560255E+002, 1.4116771E+002, 1.3664095E+002, 1.2907430E+002,-1.5040406E+000,-1.6384548E+000,-1.5830466E+000,-1.8361770E+000,-1.6920364E+000,-1.5485374E+000,-1.9071182E+000,-1.9216274E+000,-1.8534069E+000,-1.9290118E+000,-2.3804020E+000,-1.8205969E+000,-1.3918941E+000,-2.9203491E+000, 2.8142717E+000, 5.4537834E+000, 5.2983380E+000, 5.2671987E+000, 5.1902815E+000, 4.6630932E+000, 3.6048885E+000, 4.2848925E+000, 3.0616231E+000, 9.7415064E+003, 1.5706888E+000, 5.8653121E+000, 3.9898005E+000
 1.8700506E+002, 1.2423680E+002, 1.2817906E+002, 1.3519584E+002, 1.4311124E+002, 1.4641193E+002, 1.4805508E+002, 1.5378037E+002, 1.5681651E+002, 1.6080737E+002, 1.7469784E+002, 1.7431107E+002, 1.8719071E+002, 1.7803742E+002, 1.9304026E+002, 2.2360455E+002, 2.0870060E+002, 1.8384089E+002, 1.9123060E+002, 1.6727463E+002, 1.6329382E+002, 1.5109366E+002, 1.3189818E+002, 1.2907828E+002,-1.7053670E+000,-1.5009750E+000,-1.7022281E+000,-1.6895066E+000,-1.7422885E+000,-2.0101403E+000,-1.8362374E+000,-1.8748306E+000,-2.1806699E+000,-2.2340548E+000,-1.8888491E+000,-1.9879552E+000,-8.2380702E-001,-3.0738796E+000, 1.3139351E+000, 4.6984822E+000, 6.0568522E+000, 5.0445099E+000, 4.3813244E+000, 4.7906843E+000, 4.2918850E+000, 3.4694578E+000, 3.5184155E+000, 1.0159712E+004, 1.5467473E+000, 6.1643230E+000, 3.3001609E+000
 1.8800405E+002, 1.2522874E+002, 1.2591806E+002, 1.3500297E+002, 1.4389919E+002, 1.4318233E+002, 1.4953255E+002, 1.5337417E+002, 1.5737070E+002, 1.6684418E+002, 1.7119780E+002, 1.7576462E+002, 1.7850004E+002, 1.9518425E+002, 2.1041159E+002, 2.2926421E+002, 2.0122406E+002, 1.7848240E+002, 1.6298589E+002, 1.8338104E+002, 1.6103725E+002, 1.5054279E+002, 1.4154151E+002, 1.3058636E+002,-1.7500054E+000,-1.7144292E+000,-1.6581606E+000,-1.7237254E+000,-1.7817295E+000,-1.8129422E+000,-1.7991135E+000,-2.2826888E+000,-2.1338632E+000,-1.8207469E+000,-1.9215092E+000,-1.5001646E+000,-1.6365688E+000,-2.6643921E+000, 1.6936025E+000, 3.7082387E+000, 4.5189182E+000, 5.3476019E+000, 4.9818628E+000, 3.6235274E+000, 4.1171020E+000, 4.0183425E+000, 3.2740939E+000, 9.9796416E+003, 1.6749918E+000, 5.9303977E+000, 2.9713464E+000
 1.8900212E+002, 1.2303485E+002, 1.2597827E+002, 1.3427375E+002, 1.4014495E+002, 1.4520247E+002, 1.5104978E+002, 1.5433761E+002, 1.6007771E+002, 1.6632999E+002, 1.6808526E+002, 1.6996719E+002, 1.7447212E+002, 1.8508623E+002, 1.9670620E+002, 2.5657877E+002, 2.2619388E+002, 2.0378398E+002, 1.6702313E+002, 1.4694710E+002, 1.6558949E+002, 1.4753661E+002, 1.4397044E+002, 1.3030663E+002,-1.5655649E+000,-1.4868025E+000,-1.7613455E+000,-1.4930807E+000,-1.7243389E+000,-1.7959177E+000,-2.1587568E+000,-1.9925553E+000,-1.6335204E+000,-1.5776607E+000,-1.5812448E+000,-1.2104100E+000,-2.0077885E+000,-3.7201608E+000, 2.7851120E+000, 5.4525193E+000, 4.8548330E+000, 4.6055946E+000, 4.3557758E+000, 4.5688721E+000, 3.9541302E+000, 4.0189075E+000, 3.3280029E+000, 1.0021401E+004, 1.6439736E+000, 5.8658932E+000, 4.0916716E+000
 1.9001220E+002, 1.2256248E+002, 1.2509780E+002, 1.3528614E+002, 1.4189838E+002, 1.4721332E+002, 1.4791169E+002, 1.5315041E+002, 1.5689941E+002, 1.6369424E+002, 1.6210853E+002, 1.6460935E+002, 1.7726105E+002, 1.8883230E+002, 2.1261135E+002, 2.8054409E+002, 2.1199966E+002, 2.0232400E+002, 1.9647683E+002, 1.7146142E+002, 1.4424107E+002, 1.5856254E+002, 1.4478831E+002, 1.3914645E+002,-1.5090502E+000,-1.6793964E+000,-1.5506877E+000,-1.7124980E+000,-1.7598808E+000,-1.7661055E+000,-1.8789198E+000,-1.7425559E+000,-1.4136478E+000,-1.4902437E+000,-1.1400380E+000,-1.3644992E+000,-2.0864195E+000,-3.0378330E+000, 3.2588448E+000, 5.7358577E+000, 5.6943374E+000, 5.0270889E+000, 4.7424717E+000, 4.0464011E+000, 3.6353045E+000, 3.7787708E+000, 3.9118802E+000, 9.6224803E+003, 1.6213638E+000, 5.7629650E+000, 4.1118608E+000
 1.9100684E+002, 1.1853740E+002, 1.2931398E+002, 1.3589763E+002, 1.4127981E+002, 1.4530381E+002, 1.4844088E+002, 1.5491724E+002, 1.5754466E+002, 1.5975837E+002, 1.6388705E+002, 1.7128024E+002, 1.7622175E+002, 1.8110910E+002, 2.0640662E+002, 2.0675524E+002, 2.2464315E+002, 1.6522505E+002, 1.6404858E+002, 1.8376977E+002, 1.8445969E+002, 1.4508196E+002, 1.4410616E+002, 1.4232138E+002,-1.5442671E+000,-1.8367423E+000,-1.6695038E+000,-1.5613061E+000,-1.6665513E+000,-1.9562054E+000,-1.9256604E+000,-1.5486485E+000,-1.4940322E+000,-1.3254308E+000,-1.5260450E+000,-2.1437598E+000,-1.3308226E+000,-1.8042002E+000, 1.2709370E+000, 4.4630636E+000, 5.7941490E+000, 4.9355347E+000, 4.3507929E+000, 4.1824937E+000, 3.2754321E+000, 3.4904670E+000, 3.4128634E+000, 1.0303497E+004, 1.5944739E+000, 5.8843170E+000, 3.9905726E+000
 1.9200821E+002, 1.2048910E+002, 1.2793117E+002, 1.3382722E+002, 1.4429871E+002, 1.4319743E+002, 1.4800789E+002, 1.5223045E+002, 1.5669404E+002, 1.5499459E+002, 1.6402889E+002, 1.6535997E+002, 1.7325754E+002, 1.7227151E+002, 1.7320172E+002, 1.7597038E+002, 1.9110457E+002, 1.6514907E+002, 1.6103151E+002, 1.5782306E+002, 1.6826502E+002, 1.5810652E+002, 1.4361930E+002, 1.3824054E+002,-1.4969266E+000,-1.7824939E+000,-1.6390985E+000,-1.8773150E+000,-1.9327632E+000,-2.0341237E+000,-1.6235104E+000,-1.4117266E+000,-1.5670791E+000,-1.5360712E+000,-2.0608914E+000,-2.2551739E+000,-1.3800780E+000,-2.5193461E+000, 6.7436654E-001, 3.4273258E+000, 4.9077962E+000, 4.0484187E+000, 4.1501205E+000, 3.8998742E+000, 3.8270247E+000, 3.3851308E+000, 3.2392428E+000, 1.0101380E+004, 1.5651691E+000, 5.9671018E+000, 2.6332068E+000
 1.9300523E+002, 1.1894421E+002, 1.2982437E+002, 1.3661496E+002, 1.3981062E+002, 1.4341276E+002, 1.4861494E+002, 1.5255038E+002, 1.5409671E+002, 1.5680535E+002, 1.6328300E+002, 1.7158412E+002, 1.7979248E+002, 1.7564210E+002, 2.1729397E+002, 2.2514820E+002, 1.8286203E+002, 1.8129403E+002, 1.3762805E+002, 1.4537332E+002, 1.5646877E+002, 1.6584975E+002, 1.4272148E+002, 1.4170784E+002,-1.5104312E+000,-1.5864470E+000,-1.5834500E+000,-1.7014105E+000,-1.9573049E+000,-1.6824571E+000,-1.4463696E+000,-1.5429810E+000,-1.4054871E+000,-1.4634525E+000,-2.1305130E+000,-1.6507741E+000,-1.5916390E+000,-4.0084074E+000, 2.4521927E+000, 4.4109120E+000, 3.8349450E+000, 3.9189818E+000, 3.5267265E+000, 3.5845874E+000, 4.4168339E+000, 3.9459889E+000, 3.2297824E+000, 9.9892703E+003, 1.5459973E+000, 5.7605442E+000, 3.0836982E+000
 1.9400015E+002, 1.2253021E+002, 1.2817838E+002, 1.3353448E+002, 1.3926353E+002, 1.4445143E+002, 1.4902831E+002, 1.5239781E+002, 1.5101467E+002, 1.5896489E+002, 1.6551046E+002, 1.7204370E+002, 1.8050110E+002, 1.7545011E+002, 1.6332701E+002, 2.3224993E+002, 2.1122965E+002, 1.8385063E+002, 1.7988889E+002, 1.3860022E+002, 1.4074152E+002, 1.5106227E+002, 1.6111599E+002, 1.3372083E+002,-1.5785573E+000,-1.6474068E+000,-1.4800878E+000,-1.8309752E+000,-1.6690837E+000,-1.4770178E+000,-1.3042748E+000,-1.4538651E+000,-1.3655443E+000,-2.0220564E+000,-1.5817161E+000,-1.5385817E+000,-2.3621649E+000,-2.1921813E+000, 1.6969748E+000, 5.0591845E+000, 5.2133789E+000, 4.4767667E+000, 3.6940332E+000, 3.3564244E+000, 3.6657239E+000, 4.3847542E+000, 3.2722799E+000, 9.9654654E+003, 1.5231350E+000, 5.8456319E+000, 3.5994789E+000
 1.9500535E+002, 1.2372573E+002, 1.2689195E+002, 1.3725277E+002, 1.3941093E+002, 1.4562774E+002, 1.4888914E+002, 1.4882038E+002, 1.5355761E+002, 1.5822942E+002, 1.6550387E+002, 1.7600246E+002, 1.8065989E+002, 1.6751020E+002, 2.3075040E+002, 2.1593530E+002, 2.1958589E+002, 1.7523804E+002, 1.8152930E+002, 1.7083580E+002, 1.4578893E+002, 1.4439662E+002, 1.5020069E+002, 1.5265497E+002,-1.5887957E+000,-1.6909870E+000,-1.7343717E+000,-1.7895949E+000,-1.6069989E+000,-1.5248022E+000,-1.8166936E+000,-1.4948054E+000,-1.7552031E+000,-1.7852207E+000,-1.8340629E+000,-2.3702128E+000,-1.1950811E+000,-2.7956753E+000, 7.0674031E-001, 4.7511253E+000, 5.2635419E+000, 5.0215623E+000, 4.3427481E+000, 3.2727312E+000, 2.8428915E+000, 3.4694935E+000, 4.1352781E+000, 9.8858649E+003, 1.5570645E+000, 5.9886364E+000, 3.5775145E+000
 1.9601056E+002, 1.2428178E+002, 1.3081255E+002, 1.3292520E+002, 1.4057972E+002, 1.4627683E+002, 1.4697757E+002, 1.4817631E+002, 1.5486332E+002, 1.6077960E+002, 1.7257178E+002, 1.8057290E+002, 1.6531683E+002, 1.9334853E+002, 1.8503480E+002, 2.0052610E+002, 2.0476170E+002, 1.8366259E+002, 1.5539819E+002, 1.7288591E+002, 1.6487551E+002, 1.4031819E+002, 1.4211878E+002, 1.4869932E+002,-1.5715110E+000,-1.7403149E+000,-1.8020728E+000,-1.7004012E+000,-1.5397085E+000,-1.6857371E+000,-1.9063495E+000,-1.7100120E+000,-1.8704912E+000,-2.0700011E+000,-2.1036462E+000,-1.2557926E+000,-2.7105993E+000,-2.8706410E+000, 8.9154025E-001, 3.4344273E+000, 5.2299676E+000, 4.7116894E+000, 4.2112565E+000, 4.2030151E+000, 2.2324398E+000, 2.9594396E+000, 3.3540550E+000, 9.8479603E+003, 1.5557542E+000, 5.6628861E+000, 2.9686692E+000
 1.9700319E+002, 1.2117886E+002, 1.2779188E+002, 1.3377189E+002, 1.4348864E+002, 1.4527034E+002, 1.4470807E+002, 1.5234584E+002, 1.5557294E+002, 1.6454621E+002, 1.7417000E+002, 1.5957461E+002, 1.9698277E+002, 1.7779594E+002, 1.9214405E+002, 2.1544914E+002, 2.0206994E+002, 1.9298175E+002, 1.7295313E+002, 1.6624687E+002, 1.6969062E+002, 1.5364010E+002, 1.4009343E+002, 1.4052204E+002,-1.5592668E+000,-1.4514022E+000,-1.7356915E+000,-1.6238195E+000,-1.4782586E+000,-1.7304965E+000,-1.5433058E+000,-1.7387620E+000,-1.9202194E+000,-1.8593906E+000,-1.1915933E+000,-2.1776965E+000,-1.5634449E+000,-2.9976853E+000, 1.9279221E+000, 4.6189097E+000, 4.8881953E+000, 4.6679769E+000, 4.3031292E+000, 4.1460694E+000, 3.9758585E+000, 2.9905993E+000, 2.8916737E+000, 1.0324435E+004, 1.5573169E+000, 5.8465428E+000, 3.5511695E+000
 1.9800839E+002, 1.2363956E+002, 1.3048981E+002, 1.3238144E+002, 1.4094620E+002, 1.4232395E+002, 1.4903928E+002, 1.5142647E+002, 1.5839911E+002, 1.6132600E+002, 1.5887653E+002, 1.7959124E+002, 1.8176747E+002, 1.7162000E+002, 2.2599655E+002, 2.0469240E+002, 2.0248420E+002, 1.7546322E+002, 1.8509686E+002, 1.6853208E+002, 1.5615714E+002, 1.4180888E+002, 1.4228830E+002, 1.3626244E+002,-1.6177986E+000,-1.6696479E+000,-1.6603833E+000,-1.3603566E+000,-1.4252378E+000,-1.6791860E+000,-1.7012030E+000,-1.8528462E+000,-1.8612582E+000,-1.3636854E+000,-1.4580186E+000,-1.6829293E+000,-1.8931656E+000,-3.3523645E+000, 1.8616007E+000, 4.2507735E+000, 4.9652525E+000, 4.4356848E+000, 4.0449818E+000, 3.8881358E+000, 3.7002196E+000, 3.8156076E+000, 3.4607736E+000, 9.8767662E+003, 1.6170407E+000, 5.7765185E+000, 3.2123290E+000
 1.9900663E+002, 1.2613111E+002, 1.2796065E+002, 1.3283178E+002, 1.4059155E+002, 1.4528625E+002, 1.4846428E+002, 1.5222758E+002, 1.5706023E+002, 1.5432029E+002, 1.6329425E+002, 1.8252335E+002, 1.7215451E+002, 1.9932599E+002, 1.8049877E+002, 2.2072886E+002, 2.2472064E+002, 2.0039476E+002, 1.7736916E+002, 1.7574798E+002, 1.6427544E+002, 1.4917435E+002, 1.4413637E+002, 1.3649109E+002,-1.5818302E+000,-1.6552105E+000,-1.5020683E+000,-1.4023909E+000,-1.4937339E+000,-1.6251830E+000,-1.8238970E+000,-1.9039316E+000,-1.6956059E+000,-1.1828669E+000,-1.7021120E+000,-1.9614025E+000,-3.5350880E+000,-2.9739690E+000, 1.6571051E+000, 4.1883498E+000, 5.1521165E+000, 4.8466438E+000, 3.9575360E+000, 3.6521097E+000, 3.7778577E+000, 3.6866666E+000, 3.1247964E+000, 9.8758598E+003, 1.6304038E+000, 5.7132555E+000, 3.5767033E+000
 2.0001158E+002, 1.2392867E+002, 1.2674618E+002, 1.3595094E+002, 1.4076616E+002, 1.4756960E+002, 1.4795889E+002, 1.5432029E+002, 1.5168353E+002, 1.5432175E+002, 1.6958575E+002, 1.7423334E+002, 1.9013645E+002, 1.7418473E+002, 1.8698766E+002, 2.1269437E+002, 1.9189934E+002, 1.8745730E+002, 1.7910153E+002, 1.6667911E+002, 1.6574180E+002, 1.4470930E+002, 1.3200029E+002, 1.4141859E+002,-1.4838370E+000,-1.5859053E+000,-1.6360750E+000,-1.6588989E+000,-1.6213917E+000,-1.6645201E+000,-1.8997110E+000,-1.8384529E+000,-1.4718587E+000,-1.8450227E+000,-2.0358087E+000,-2.7945534E+000,-2.2262655E+000,-3.1099540E+000,-2.3950888E-001, 4.0214051E+000, 4.3806927E+000, 4.5519125E+000, 4.4562418E+000, 4.0731631E+000, 3.4088969E+000, 2.6207833E+000, 3.8089139E+000, 1.0152423E+004, 1.5483821E+000, 5.9793891E+000, 2.8805725E+000
 2.0100542E+002, 1.2094292E+002, 1.2694806E+002, 1.3482338E+002, 1.4541069E+002, 1.4346012E+002, 1.4960980E+002, 1.4843857E+002, 1.4953756E+002, 1.6424123E+002, 1.6682290E+002, 1.7751923E+002, 1.7193438E+002, 1.8269682E+002, 2.1896690E+002, 2.5000107E+002, 2.0355573E+002, 1.9677909E+002, 1.7617479E+002, 1.5756857E+002, 1.5502259E+002, 1.5723819E+002, 1.3953370E+002, 1.3458754E+002,-1.4842739E+000,-1.7083091E+000,-1.6300976E+000,-1.7066651E+000,-1.6297186E+000,-1.8496070E+000,-1.8313097E+000,-1.6454714E+000,-1.6952268E+000,-1.8767522E+000,-2.6106035E+000,-1.8766028E+000,-1.7329381E+000,-9.1152891E-001, 2.5177580E+000, 4.6971728E+000, 4.6260364E+000, 4.2429824E+000, 4.3947231E+000, 3.8613945E+000, 4.1569901E+000, 2.8718745E+000, 2.5564570E+000, 9.9790893E+003, 1.4875278E+000, 5.3958963E+000, 3.4407391E+000
 2.0200157E+002, 1.2123643E+002, 1.2766947E+002, 1.3295685E+002, 1.4212545E+002, 1.4395128E+002, 1.4790658E+002, 1.4695352E+002, 1.5489802E+002, 1.5714947E+002, 1.6960614E+002, 1.7336018E+002, 1.7666913E+002, 1.9105195E+002, 1.9080058E+002, 2.8670290E+002, 2.1775375E+002, 2.1011772E+002, 1.8874687E+002, 1.8000397E+002, 1.5067418E+002, 1.5478827E+002, 1.4737168E+002, 1.3035310E+002,-1.4482383E+000,-1.5906228E+000,-1.5091100E+000,-1.4974675E+000,-1.5047957E+000,-1.7488162E+000,-1.7542964E+000,-1.7056680E+000,-1.6500585E+000,-2.3100244E+000,-1.4857527E+000,-1.2641442E+000,-1.4459442E+000,-2.0664444E+000, 3.0995807E+000, 5.9310803E+000, 5.2658504E+000, 5.4149601E+000, 4.2257091E+000, 3.7446121E+000, 4.2963572E+000, 3.8298760E+000, 2.6760902E+000, 9.8708617E+003, 1.5238742E+000, 5.7481376E+000, 4.3258114E+000
 2.0300256E+002, 1.1933870E+002, 1.2918344E+002, 1.3552463E+002, 1.3867663E+002, 1.4640123E+002, 1.4380835E+002, 1.4676165E+002, 1.5756120E+002, 1.5614904E+002, 1.6966720E+002, 1.6647981E+002, 1.9207146E+002, 1.7875087E+002, 1.8202870E+002, 2.5909041E+002, 2.3721699E+002, 1.8361529E+002, 1.8340262E+002, 1.6904335E+002, 1.7625461E+002, 1.4111723E+002, 1.5067784E+002, 1.3684599E+002,-1.4373740E+000,-1.5516042E+000,-1.5830734E+000,-1.3777467E+000,-1.5437213E+000,-1.6377207E+000,-1.7702258E+000,-1.6842140E+000,-1.9072784E+000,-1.6299256E+000,-1.3776620E+000,-1.4862802E+000,-8.3953889E-001,-1.7522772E+000, 1.2527550E+000, 5.0263522E+000, 5.8898513E+000, 4.9111878E+000, 5.1768724E+000, 4.5595503E+000, 3.4385715E+000, 4.1727495E+000, 3.2715071E+000, 9.8888516E+003, 1.5625425E+000, 5.5542793E+000, 4.0989083E+000
 2.0400741E+002, 1.2217728E+002, 1.2983617E+002, 1.3781675E+002, 1.3963032E+002, 1.4334260E+002, 1.4298220E+002, 1.5300279E+002, 1.5191868E+002, 1.6220161E+002, 1.6221214E+002, 1.7612162E+002, 1.7291310E+002, 1.8693569E+002, 1.8416523E+002, 2.3003680E+002, 2.2183379E+002, 2.1030739E+002, 1.8154408E+002, 1.7442928E+002, 1.5455910E+002, 1.5183865E+002, 1.4145498E+002, 1.4320174E+002,-1.4421576E+000,-1.4985305E+000,-1.6004125E+000,-1.5321218E+000,-1.5972288E+000,-1.5230957E+000,-1.8541832E+000,-1.7432535E+000,-1.8865017E+000,-1.3676660E+000,-1.6268622E+000,-1.8372837E+000,-8.1649607E-001,-2.7594879E+000,-1.9986122E-001, 4.5401110E+000, 4.8247699E+000, 4.8589098E+000, 3.8799114E+000, 3.9858130E+000, 4.1078842E+000, 3.3678603E+000, 3.7286258E+000, 1.0391708E+004, 1.5223295E+000, 5.7614388E+000, 3.6836630E+000
 2.0500952E+002, 1.2363112E+002, 1.2341890E+002, 1.3635542E+002, 1.4244539E+002, 1.4031437E+002, 1.4486606E+002, 1.4818895E+002, 1.5386017E+002, 1.5399602E+002, 1.6021292E+002, 1.7105038E+002, 1.7531559E+002, 1.7842926E+002, 2.1395211E+002, 2.0515809E+002, 1.9794850E+002, 1.6348932E+002, 1.7779652E+002, 1.7021698E+002, 1.5652396E+002, 1.6012926E+002, 1.3734012E+002, 1.4104216E+002,-1.5014436E+000,-1.5742921E+000,-1.6184396E+000,-1.7028816E+000,-1.4945163E+000,-1.7426095E+000,-1.7900063E+000,-1.9724253E+000,-1.6084573E+000,-1.4909015E+000,-1.9165707E+000,-1.7906971E+000,-1.7293928E+000,-2.8121347E+000, 1.5437106E+000, 3.5628710E+000, 4.3094687E+000, 4.0931530E+000, 3.8601148E+000, 4.2882393E+000, 4.2704126E+000, 3.5365157E+000, 3.6617534E+000, 1.0015971E+004, 1.5537983E+000, 5.8137051E+000, 2.9153706E+000
 2.0601013E+002, 1.2132497E+002, 1.3073714E+002, 1.2931888E+002, 1.3976400E+002, 1.3874234E+002, 1.4698250E+002, 1.4756558E+002, 1.5550554E+002, 1.5443233E+002, 1.6738931E+002, 1.6527766E+002, 1.7250099E+002, 1.9951779E+002, 1.9897825E+002, 2.1776060E+002, 1.9253994E+002, 1.6786952E+002, 1.4158624E+002, 1.5668867E+002, 1.6505852E+002, 1.4484763E+002, 1.4873454E+002, 1.3472089E+002,-1.4393704E+000,-1.7866798E+000,-1.4193227E+000,-1.4792266E+000,-1.3756482E+000,-1.6588227E+000,-1.8806930E+000,-1.3572233E+000,-1.3527293E+000,-1.8887413E+000,-1.7423472E+000,-1.4610487E+000,-1.5238647E+000,-2.8506126E+000, 3.3544433E+000, 3.7322822E+000, 4.1938212E+000, 3.7962482E+000, 3.7222646E+000, 3.7017794E+000, 3.8506106E+000, 4.0632168E+000, 3.1174201E+000, 9.9056838E+003, 1.5393961E+000, 5.7586621E+000, 2.8694761E+000
 2.0700261E+002, 1.2412792E+002, 1.3198238E+002, 1.3341271E+002, 1.3782258E+002, 1.4227167E+002, 1.4327155E+002, 1.4991734E+002, 1.4866483E+002, 1.5861670E+002, 1.5955334E+002, 1.7116426E+002, 1.8169112E+002, 1.8493585E+002, 1.9170507E+002, 2.3435750E+002, 2.1278135E+002, 1.8408442E+002, 1.7679283E+002, 1.5346614E+002, 1.4698712E+002, 1.5063923E+002, 1.3889192E+002, 1.4172914E+002,-1.3863790E+000,-1.6784587E+000,-1.4404648E+000,-1.3300490E+000,-1.6270190E+000,-1.4563455E+000,-1.4924060E+000,-1.3566769E+000,-1.6399583E+000,-1.2436752E+000,-1.5368318E+000,-1.4424106E+000,-2.0037385E+000,-1.9459198E+000, 1.4752142E+000, 5.3753870E+000, 5.8106332E+000, 5.0171301E+000, 4.3494563E+000, 3.8092923E+000, 3.7744604E+000, 3.9316402E+000, 4.1189964E+000, 9.8542684E+003, 1.4944613E+000, 5.8413517E+000, 3.6548217E+000
 2.0800738E+002, 1.2056441E+002, 1.3018376E+002, 1.3475278E+002, 1.3484959E+002, 1.4190179E+002, 1.4385417E+002, 1.4942138E+002, 1.5073079E+002, 1.6125575E+002, 1.6190488E+002, 1.7007007E+002, 1.8357661E+002, 1.9256802E+002, 1.9916470E+002, 2.0570171E+002, 1.9154330E+002, 1.8716565E+002, 1.6441174E+002, 1.7263181E+002, 1.6371577E+002, 1.3668853E+002, 1.4133740E+002, 1.3852732E+002,-1.3667473E+000,-1.6452737E+000,-1.6507582E+000,-1.5466524E+000,-1.4899760E+000,-1.6908961E+000,-1.2785923E+000,-1.4174447E+000,-1.7275252E+000,-1.6486078E+000,-1.5770570E+000,-2.2283642E+000,-2.3423307E+000,-1.9542112E+000, 1.0334901E+000, 4.3028215E+000, 4.6923925E+000, 4.7566613E+000, 4.7477074E+000, 4.4606693E+000, 3.1454142E+000, 3.4958100E+000, 3.3083273E+000, 9.9576419E+003, 1.4890294E+000, 5.8999947E+000, 3.1624774E+000
 2.0900196E+002, 1.2403561E+002, 1.2629650E+002, 1.3383177E+002, 1.3967777E+002, 1.3969991E+002, 1.4599912E+002, 1.4596135E+002, 1.5817512E+002, 1.5787695E+002, 1.6719173E+002, 1.7548120E+002, 1.7955610E+002, 1.9316117E+002, 2.0948966E+002, 2.3946251E+002, 2.2024243E+002, 1.8752672E+002, 1.6976928E+002, 1.6873326E+002, 1.5469848E+002, 1.4226266E+002, 1.3879648E+002, 1.3344844E+002,-1.7488792E+000,-1.4355619E+000,-1.5041503E+000,-1.7551463E+000,-1.5505596E+000,-1.5164651E+000,-1.4184586E+000,-1.9842959E+000,-1.4774800E+000,-1.7213308E+000,-2.2853859E+000,-2.2044567E+000,-1.6214134E+000,-3.2640160E+000, 7.8935392E-001, 4.6796211E+000, 5.0207234E+000, 3.8247887E+000, 3.7931262E+000, 4.3767951E+000, 3.8738654E+000, 3.0128498E+000, 3.1472605E+000, 1.0023746E+004, 1.5929960E+000, 5.9128316E+000, 3.6104848E+000
 2.1000928E+002, 1.2556073E+002, 1.2334640E+002, 1.3218517E+002, 1.3793637E+002, 1.4085976E+002, 1.4479988E+002, 1.4998400E+002, 1.5482464E+002, 1.6029295E+002, 1.6872306E+002, 1.7485947E+002, 1.8516186E+002, 1.9977211E+002, 1.9408780E+002, 2.1610837E+002, 2.1334967E+002, 1.8370958E+002, 1.9854039E+002, 1.7396309E+002, 1.6448143E+002, 1.4238708E+002, 1.3564715E+002, 1.3759815E+002,-1.3929775E+000,-1.5483823E+000,-1.3744771E+000,-1.3957310E+000,-1.6140672E+000,-1.3179412E+000,-1.7101357E+000,-1.5901274E+000,-1.8408637E+000,-1.9787213E+000,-1.8753601E+000,-1.9319528E+000,-3.2798235E+000,-3.0545847E+000, 9.8835580E-003, 4.3232909E+000, 5.4548497E+000, 4.6632515E+000, 3.9759389E+000, 3.4880666E+000, 3.7180702E+000, 3.1223597E+000, 3.1284668E+000, 1.0202943E+004, 1.5311537E+000, 5.8116472E+000, 3.5191810E+000
 2.1101085E+002, 1.2196765E+002, 1.2915873E+002, 1.3096652E+002, 1.3689924E+002, 1.4310112E+002, 1.4348606E+002, 1.5234849E+002, 1.5502524E+002, 1.6511834E+002, 1.7547818E+002, 1.7700676E+002, 1.8912578E+002, 1.9633576E+002, 2.2164703E+002, 2.5570778E+002, 2.0115113E+002, 1.8628576E+002, 1.5610372E+002, 1.8219050E+002, 1.7360115E+002, 1.4183324E+002, 1.3514410E+002, 1.3524870E+002,-1.3530864E+000,-1.5868889E+000,-1.5449067E+000,-1.5594396E+000,-1.3761273E+000,-1.2324760E+000,-1.6081535E+000,-1.8593383E+000,-1.9056873E+000,-1.8975603E+000,-2.1183046E+000,-2.9408502E+000,-3.2028208E+000,-2.5832521E+000, 2.6105143E+000, 4.9133648E+000, 4.9762175E+000, 4.7180244E+000, 4.3163901E+000, 3.9603369E+000, 3.5987478E+000, 3.4804853E+000, 3.4766526E+000, 1.0090694E+004, 1.5684642E+000, 6.0861611E+000, 3.3858708E+000
 2.1200158E+002, 1.1870882E+002, 1.2845712E+002, 1.3256873E+002, 1.3770346E+002, 1.3971040E+002, 1.4610531E+002, 1.4921268E+002, 1.5955589E+002, 1.6984176E+002, 1.7222956E+002, 1.7782817E+002, 1.9326652E+002, 1.9524457E+002, 1.7775669E+002, 2.6833706E+002, 2.1232531E+002, 1.8598151E+002, 1.7605746E+002, 1.5644358E+002, 1.6331154E+002, 1.5731298E+002, 1.3686321E+002, 1.3175427E+002,-1.4205270E+000,-1.3039791E+000,-1.8144538E+000,-1.4962771E+000,-1.3186738E+000,-1.5347372E+000,-1.6487913E+000,-1.8393481E+000,-2.0471981E+000,-2.0788744E+000,-2.5355891E+000,-3.1003370E+000,-2.9131279E+000,-1.0600775E+000, 2.8942964E+000, 5.1478374E+000, 5.6138996E+000, 4.8291784E+000, 3.7929895E+000, 4.0535770E+000, 4.0961940E+000, 3.5031248E+000, 3.2988345E+000, 9.8139509E+003, 1.6244643E+000, 6.1564417E+000, 3.8638396E+000
 2.1300189E+002, 1.1638934E+002, 1.2589021E+002, 1.3285094E+002, 1.4006730E+002, 1.4058115E+002, 1.4827424E+002, 1.5326260E+002, 1.6318239E+002, 1.6782097E+002, 1.7127755E+002, 1.8708442E+002, 1.7991824E+002, 1.7445136E+002, 1.7633362E+002, 2.1975794E+002, 2.2829671E+002, 1.6838908E+002, 1.6732560E+002, 1.6440769E+002, 1.5812834E+002, 1.5858503E+002, 1.4394687E+002, 1.3287803E+002,-1.5603850E+000,-1.4166469E+000,-1.6073683E+000,-1.4349735E+000,-1.3696368E+000,-1.7016380E+000,-1.6831546E+000,-2.0972969E+000,-2.1342990E+000,-2.3559830E+000,-2.8137167E+000,-2.5329383E+000,-9.9735657E-001,-1.1727762E+000, 9.8361102E-001, 3.7264739E+000, 4.7836472E+000, 4.4450044E+000, 4.5603578E+000, 3.6917980E+000, 3.6129304E+000, 3.2210400E+000, 2.7967190E+000, 1.0046918E+004, 1.7065439E+000, 6.0244522E+000, 3.4194925E+000
 2.1400027E+002, 1.2303909E+002, 1.2725111E+002, 1.2959847E+002, 1.3574148E+002, 1.4283748E+002, 1.4842729E+002, 1.5772061E+002, 1.6399879E+002, 1.6330206E+002, 1.7484662E+002, 1.7466936E+002, 1.6911970E+002, 1.7204538E+002, 2.1107015E+002, 2.2148193E+002, 2.2025758E+002, 2.1025083E+002, 1.6911591E+002, 1.5791300E+002, 1.5686665E+002, 1.4938756E+002, 1.4483888E+002, 1.3428773E+002,-1.7846161E+000,-1.4883244E+000,-1.4391485E+000,-1.5043061E+000,-1.6764512E+000,-1.7286334E+000,-2.0235272E+000,-2.0554041E+000,-2.3235109E+000,-2.4955872E+000,-2.3430383E+000,-1.4366784E+000,-5.5506704E-001,-2.3812990E+000, 6.9573500E-001, 3.5164737E+000, 4.7531572E+000, 4.1210046E+000, 3.9142224E+000, 4.5417491E+000, 3.3587705E+000, 3.1575170E+000, 3.1581845E+000, 1.0197530E+004, 1.6811031E+000, 5.7962399E+000, 3.4951370E+000
 2.1500803E+002, 1.2040783E+002, 1.2536205E+002, 1.3298412E+002, 1.3708015E+002, 1.4539496E+002, 1.5097205E+002, 1.6207513E+002, 1.5880695E+002, 1.6597084E+002, 1.7414100E+002, 1.6532495E+002, 1.7336114E+002, 1.9706254E+002, 2.1216574E+002, 2.2121252E+002, 2.0663762E+002, 2.0214321E+002, 1.9064793E+002, 1.5540985E+002, 1.5339164E+002, 1.4998487E+002, 1.4869657E+002, 1.4172937E+002,-1.5146270E+000,-1.4695718E+000,-1.4696457E+000,-1.4463729E+000,-1.6900429E+000,-1.7533759E+000,-1.9459240E+000,-2.1048969E+000,-2.0907474E+000,-2.0394778E+000,-1.4888347E+000,-9.1704503E-001,-2.0452677E+000,-2.7965186E+000, 1.2907924E+000, 4.2075909E+000, 4.5557786E+000, 5.0693183E+000, 4.4627511E+000, 3.5418661E+000, 3.1073895E+000, 3.3675849E+000, 3.5273793E+000, 9.5482898E+003, 1.6529121E+000, 5.5140852E+000, 3.1964765E+000
 2.1601091E+002, 1.1905030E+002, 1.2485721E+002, 1.3187581E+002, 1.3857779E+002, 1.4577106E+002, 1.5725622E+002, 1.5624211E+002, 1.5761346E+002, 1.6124570E+002, 1.6393136E+002, 1.6266172E+002, 1.8238142E+002, 1.8741945E+002, 2.1099776E+002, 2.4547915E+002, 2.0303522E+002, 1.9739288E+002, 1.8995293E+002, 1.7403272E+002, 1.5323403E+002, 1.4250585E+002, 1.4367777E+002, 1.4124541E+002,-1.5211346E+000,-1.5128922E+000,-1.3620264E+000,-1.6784573E+000,-1.6835836E+000,-2.0296225E+000,-1.8968203E+000,-1.7880628E+000,-1.9638583E+000,-1.5874938E+000,-9.0516994E-001,-1.8372032E+000,-1.4808187E+000,-1.4199897E+000, 2.9701110E+000, 4.8227551E+000, 5.3536054E+000, 4.7738478E+000, 4.8055274E+000, 3.8507865E+000, 3.7712947E+000, 3.2882193E+000, 3.4805211E+000, 9.9374025E+003, 1.6333190E+000, 5.4465323E+000, 3.3053340E+000
 2.1700367E+002, 1.1921285E+002, 1.2492111E+002, 1.2971916E+002, 1.4392412E+002, 1.5030911E+002, 1.5523617E+002, 1.5340422E+002, 1.5919074E+002, 1.5733938E+002, 1.6137641E+002, 1.7235873E+002, 1.8024946E+002, 1.7149478E+002, 1.5853733E+002, 2.4264532E+002, 2.3475183E+002, 1.7163125E+002, 1.6283757E+002, 1.6696556E+002, 1.6276828E+002, 1.4419739E+002, 1.4162902E+002, 1.4087774E+002,-1.6009487E+000,-1.4340853E+000,-1.3909337E+000,-1.7617272E+000,-1.9595495E+000,-1.8131157E+000,-1.8317417E+000,-1.9371177E+000,-1.6548094E+000,-1.3958759E+000,-1.6737537E+000,-1.9621023E+000,-5.8019820E-001,-1.2541184E+000, 1.0240582E+000, 4.7613765E+000, 5.1518941E+000, 4.6544524E+000, 3.7107944E+000, 4.5339131E+000, 3.2092205E+000, 3.7178399E+000, 3.1336443E+000, 9.8836336E+003, 1.6237878E+000, 5.6172290E+000, 4.0062305E+000
 2.1800620E+002, 1.1973457E+002, 1.2385224E+002, 1.3012713E+002, 1.4364112E+002, 1.5250878E+002, 1.5119084E+002, 1.5414957E+002, 1.4875827E+002, 1.5911947E+002, 1.6207418E+002, 1.7289580E+002, 1.7848533E+002, 1.6550645E+002, 2.0750890E+002, 1.9141679E+002, 1.6294547E+002, 1.7716645E+002, 1.8064991E+002, 1.5659164E+002, 1.5137593E+002, 1.5386041E+002, 1.3808216E+002, 1.3916946E+002,-1.6542386E+000,-1.3393557E+000,-1.7223370E+000,-2.0084279E+000,-1.8830624E+000,-1.8378984E+000,-1.8922067E+000,-1.6738368E+000,-1.4535057E+000,-1.3435842E+000,-1.6264640E+000,-1.4234595E+000,-9.9308699E-001,-3.1361800E+000, 7.8100938E-001, 3.4063503E+000, 5.0423285E+000, 4.2652479E+000, 4.3639707E+000, 3.0172860E+000, 3.3798567E+000, 3.1548033E+000, 3.7326515E+000, 1.0191551E+004, 1.5178333E+000, 5.5722163E+000, 2.6294101E+000
 2.1900965E+002, 1.1877624E+002, 1.2524320E+002, 1.3478585E+002, 1.4884692E+002, 1.4958314E+002, 1.4888060E+002, 1.5018021E+002, 1.5266326E+002, 1.5887441E+002, 1.6659427E+002, 1.7222828E+002, 1.6983225E+002, 2.0761337E+002, 2.6212048E+002, 2.1559339E+002, 1.8913152E+002, 1.6702213E+002, 1.5005440E+002, 1.5664339E+002, 1.5373790E+002, 1.4911271E+002, 1.4354153E+002, 1.3493721E+002,-1.6233349E+000,-1.3536242E+000,-1.9677011E+000,-1.7265806E+000,-1.5892187E+000,-1.6946759E+000,-1.7748664E+000,-1.4187925E+000,-1.5184965E+000,-1.9173540E+000,-1.4026642E+000,-1.3291016E+000,-2.2619444E+000,-2.8701018E+000, 4.1650904E-001, 4.3581673E+000, 3.4517841E+000, 3.8600394E+000, 2.8978766E+000, 3.4088877E+000, 3.2161747E+000, 3.5229488E+000, 3.2796814E+000, 1.0488101E+004, 1.5217596E+000, 5.6872611E+000, 2.9234601E+000
 2.2000921E+002, 1.1778986E+002, 1.2460375E+002, 1.3974780E+002, 1.4687056E+002, 1.4644062E+002, 1.4922693E+002, 1.4655313E+002, 1.5532496E+002, 1.6075697E+002, 1.6438242E+002, 1.6848613E+002, 1.9362835E+002, 1.9583771E+002, 1.9627000E+002, 2.5652128E+002, 2.2709401E+002, 1.8470637E+002, 1.8000613E+002, 1.4777398E+002, 1.5081292E+002, 1.4306480E+002, 1.5087520E+002, 1.3578544E+002,-1.4506984E+000,-1.1444973E+000,-1.7610396E+000,-1.6678469E+000,-1.7549360E+000,-1.5996314E+000,-1.2510036E+000,-1.1462430E+000,-1.7438221E+000,-1.5659009E+000,-1.3191318E+000,-1.6130979E+000,-2.2038033E+000,-1.9615665E+000, 3.1166241E+000, 5.2532499E+000, 5.4063450E+000, 4.2363594E+000, 3.4500569E+000, 2.7071047E+000, 3.2971981E+000, 3.2925713E+000, 3.3082059E+000, 9.6910424E+003, 1.5337855E+000, 5.7867767E+000, 3.9207911E+000
 2.2101047E+002, 1.1978940E+002, 1.2452417E+002, 1.3958511E+002, 1.4485755E+002, 1.4533689E+002, 1.4476180E+002, 1.4980746E+002, 1.5485352E+002, 1.6149635E+002, 1.6594423E+002, 1.7505155E+002, 1.9307708E+002, 1.8631878E+002, 1.9740989E+002, 2.0523975E+002, 1.9770548E+002, 1.8764243E+002, 1.9025632E+002, 1.7675990E+002, 1.5533957E+002, 1.4665176E+002, 1.3701884E+002, 1.4320106E+002,-1.4001933E+000,-1.4600665E+000,-1.8124481E+000,-1.7564720E+000,-1.5410049E+000,-1.6827743E+000,-1.3230934E+000,-1.5281988E+000,-1.5822580E+000,-1.4134442E+000,-1.5302282E+000,-2.2469125E+000,-1.5948653E+000,-2.5923538E+000, 1.2320875E+000, 4.7250157E+000, 5.6169148E+000, 5.4265085E+000, 4.7022582E+000, 3.5903520E+000, 3.3685800E+000, 3.0154461E+000, 3.5584184E+000, 9.6180107E+003, 1.5358153E+000, 5.9058587E+000, 3.2159101E+000
 2.2200528E+002, 1.1747676E+002, 1.3266795E+002, 1.3943154E+002, 1.4246223E+002, 1.4395755E+002, 1.4300764E+002, 1.5101391E+002, 1.5856077E+002, 1.6062681E+002, 1.6735794E+002, 1.8914576E+002, 1.8745462E+002, 1.9173895E+002, 1.9435547E+002, 1.9016900E+002, 1.9465682E+002, 1.7173945E+002, 1.5427947E+002, 1.6932869E+002, 1.7080104E+002, 1.4536246E+002, 1.4321409E+002, 1.4214432E+002,-1.3362897E+000,-1.8070532E+000,-1.7534243E+000,-1.6722842E+000,-1.7129691E+000,-1.3831753E+000,-1.3844383E+000,-1.8747748E+000,-1.7338325E+000,-1.7392761E+000,-2.1209209E+000,-1.9628060E+000,-1.7875891E+000,-1.4429236E+000, 5.3735422E-001, 3.9919621E+000, 4.5058218E+000, 4.6413509E+000, 4.9335697E+000, 4.5162775E+000, 3.3105418E+000, 3.4920436E+000, 3.2176091E+000, 1.0371421E+004, 1.5895707E+000, 5.7462323E+000, 2.8659893E+000
 2.2300841E+002, 1.1771233E+002, 1.3451358E+002, 1.3876102E+002, 1.4045244E+002, 1.3953877E+002, 1.4586252E+002, 1.5123133E+002, 1.5674882E+002, 1.6213001E+002, 1.8115524E+002, 1.7686570E+002, 1.8976555E+002, 1.8213980E+002, 2.3935926E+002, 2.4438616E+002, 2.0923293E+002, 1.8230099E+002, 1.6560925E+002, 1.5681623E+002, 1.5002694E+002, 1.6542885E+002, 1.3622525E+002, 1.3653852E+002,-1.3380400E+000,-1.8928117E+000,-1.4882540E+000,-1.4461234E+000,-1.5125608E+000,-1.2970820E+000,-1.6101787E+000,-1.5933369E+000,-1.4453375E+000,-1.8952656E+000,-2.0208610E+000,-1.6978607E+000,-1.9123235E+000,-3.6586916E+000, 1.4685082E+000, 3.7698954E+000, 4.2861279E+000, 4.4248789E+000, 4.1024915E+000, 3.9346639E+000, 4.2587958E+000, 3.4390708E+000, 3.1516799E+000, 1.0266214E+004, 1.5816088E+000, 5.9682743E+000, 2.9749589E+000
 2.2400097E+002, 1.1654907E+002, 1.3315678E+002, 1.3714000E+002, 1.3958393E+002, 1.3824551E+002, 1.4813890E+002, 1.5508891E+002, 1.5860133E+002, 1.6893863E+002, 1.7046890E+002, 1.8676109E+002, 1.7853511E+002, 1.9352451E+002, 1.9354881E+002, 2.2598913E+002, 2.1310747E+002, 2.0609650E+002, 1.8167432E+002, 1.5850039E+002, 1.5708435E+002, 1.5567498E+002, 1.4785333E+002, 1.3639566E+002,-1.3534545E+000,-1.6055011E+000,-1.6708235E+000,-1.5136898E+000,-1.3047907E+000,-1.4366145E+000,-1.5158949E+000,-1.5452372E+000,-1.7333036E+000,-1.8359869E+000,-1.7776252E+000,-1.5447911E+000, 2.5956413E-002,-3.9932967E+000, 1.2074305E+000, 4.1396656E+000, 5.4901173E+000, 4.3695082E+000, 3.9648983E+000, 4.1895472E+000, 3.2835950E+000, 4.0719944E+000, 3.3386408E+000, 9.7184369E+003, 1.6031024E+000, 5.5547516E+000, 3.5218007E+000
 2.2500022E+002, 1.2443915E+002, 1.3041643E+002, 1.3764650E+002, 1.3521737E+002, 1.4321859E+002, 1.4726271E+002, 1.5320963E+002, 1.5974978E+002, 1.6146216E+002, 1.6825995E+002, 1.7868368E+002, 1.8552412E+002, 1.8873130E+002, 2.0465801E+002, 2.4534185E+002, 2.1571497E+002, 1.8265045E+002, 1.8230554E+002, 1.8491864E+002, 1.6215365E+002, 1.4830615E+002, 1.5366564E+002, 1.3353206E+002,-1.6710515E+000,-1.6148848E+000,-1.3774778E+000,-1.2427014E+000,-1.4229148E+000,-1.5979415E+000,-1.5217994E+000,-1.7085072E+000,-1.8104464E+000,-1.9463502E+000,-1.6561611E+000,-1.2909673E+000,-1.9789471E+000,-3.6030558E+000, 1.9678815E+000, 4.2426679E+000, 4.3854173E+000, 5.0907728E+000, 4.7013759E+000, 3.6536946E+000, 4.0912810E+000, 3.5203151E+000, 3.3671446E+000, 1.0013000E+004, 1.6462088E+000, 5.6094756E+000, 3.3167149E+000
 2.2601076E+002, 1.2921579E+002, 1.2957806E+002, 1.3448338E+002, 1.3835736E+002, 1.4189295E+002, 1.5003072E+002, 1.5414892E+002, 1.6147882E+002, 1.6018138E+002, 1.7625429E+002, 1.7747599E+002, 1.8781126E+002, 1.8449056E+002, 1.8331734E+002, 2.2727490E+002, 1.8286407E+002, 1.6273179E+002, 1.7291407E+002, 1.6166347E+002, 1.7712675E+002, 1.4051900E+002, 1.4575476E+002, 1.4854326E+002,-1.7694917E+000,-1.5391687E+000,-1.5473846E+000,-1.5976830E+000,-1.7048866E+000,-1.5804334E+000,-1.6327922E+000,-1.9678078E+000,-1.7614136E+000,-1.6228273E+000,-1.8643526E+000,-2.5873288E+000,-3.0032873E+000,-2.8019223E+000,-1.2368834E-001, 4.0705852E+000, 4.6749822E+000, 3.9314735E+000, 4.2696554E+000, 4.5625688E+000, 2.6972344E+000, 3.3423887E+000, 3.6354456E+000, 1.0004503E+004, 1.6590871E+000, 5.9048433E+000, 2.7515051E+000
 2.2700195E+002, 1.2816681E+002, 1.3010329E+002, 1.3373746E+002, 1.3854429E+002, 1.4474907E+002, 1.4784054E+002, 1.5737338E+002, 1.5617988E+002, 1.6509228E+002, 1.7181221E+002, 1.8531979E+002, 1.7122279E+002, 1.8596192E+002, 2.4117956E+002, 2.2583053E+002, 2.0556455E+002, 1.7872827E+002, 1.4135136E+002, 1.6061686E+002, 1.6337520E+002, 1.6245393E+002, 1.4051887E+002, 1.4477857E+002,-1.5150501E+000,-1.5188608E+000,-1.4761932E+000,-1.6767783E+000,-1.7281162E+000,-1.4504330E+000,-1.8355195E+000,-1.6800077E+000,-1.5950288E+000,-1.7564640E+000,-2.6102214E+000,-2.3549600E+000,-2.5176309E+000,-3.4970058E+000, 1.0932658E+000, 3.5885954E+000, 5.3157003E+000, 4.7796781E+000, 4.0905827E+000, 4.0233636E+000, 3.9036552E+000, 3.3831817E+000, 3.3573697E+000, 1.0250165E+004, 1.5814257E+000, 5.8865044E+000, 3.0114370E+000
 2.2800567E+002, 1.2464179E+002, 1.3140429E+002, 1.3542446E+002, 1.3868767E+002, 1.4708866E+002, 1.5056985E+002, 1.5323059E+002, 1.5918306E+002, 1.6405119E+002, 1.7410469E+002, 1.7365170E+002, 1.6874848E+002, 2.1546280E+002, 2.2285826E+002, 2.7884540E+002, 2.2433475E+002, 1.7492559E+002, 1.5930190E+002, 1.6598634E+002, 1.5891956E+002, 1.5816420E+002, 1.4317086E+002, 1.3855914E+002,-1.4557505E+000,-1.4720207E+000,-1.3561390E+000,-1.7687304E+000,-1.4409380E+000,-1.6801980E+000,-1.6470128E+000,-1.2720692E+000,-1.5405806E+000,-2.3016510E+000,-2.1565554E+000,-1.6380484E+000,-2.8483970E+000,-3.1985661E+000, 3.7525737E+000, 5.5041934E+000, 5.1298091E+000, 5.2278391E+000, 4.5835165E+000, 4.0347423E+000, 3.7486313E+000, 3.6941510E+000, 3.5938738E+000, 9.7054001E+003, 1.6095794E+000, 5.5580596E+000, 4.0750611E+000
 2.2900753E+002, 1.2274968E+002, 1.3005975E+002, 1.3620773E+002, 1.4320322E+002, 1.4465347E+002, 1.5283208E+002, 1.5463127E+002, 1.6000730E+002, 1.6918518E+002, 1.7191041E+002, 1.6737773E+002, 1.8137133E+002, 2.1062056E+002, 2.0394583E+002, 2.4664489E+002, 2.4003522E+002, 1.8635794E+002, 1.6603421E+002, 1.5330539E+002, 1.6424686E+002, 1.5561091E+002, 1.5125254E+002, 1.3536116E+002,-1.2395581E+000,-1.3581368E+000,-1.3898611E+000,-1.7808965E+000,-1.5746152E+000,-1.6289124E+000,-1.6953376E+000,-1.5252522E+000,-1.9918702E+000,-1.8704960E+000,-1.7287477E+000,-2.1889048E+000,-2.8277108E+000,-3.1861804E+000, 1.0868901E+000, 4.8040954E+000, 5.7820462E+000, 5.2217075E+000, 4.4217060E+000, 4.2932204E+000, 4.0041151E+000, 3.7755297E+000, 2.9724036E+000, 9.9647756E+003, 1.6498687E+000, 5.8378762E+000, 4.0246663E+000
 2.3000542E+002, 1.2296282E+002, 1.2948417E+002, 1.3708005E+002, 1.4244305E+002, 1.4496432E+002, 1.4869197E+002, 1.5751615E+002, 1.6231790E+002, 1.6910140E+002, 1.6552343E+002, 1.6920547E+002, 1.9317882E+002, 1.9440489E+002, 2.0551919E+002, 2.4072401E+002, 2.1627739E+002, 2.1155174E+002, 1.6815665E+002, 1.6787433E+002, 1.5899383E+002, 1.4441039E+002, 1.4976109E+002, 1.4553121E+002,-1.2304748E+000,-1.4318026E+000,-1.3783567E+000,-1.5590068E+000,-1.6744206E+000,-1.5964275E+000,-1.7036295E+000,-1.7712755E+000,-1.8386618E+000,-2.0176363E+000,-2.0216630E+000,-2.7763943E+000,-1.7567394E+000,-2.8464994E+000,-4.7773239E-001, 4.1852975E+000, 4.8416949E+000, 4.6992467E+000, 5.0282610E+000, 4.2418159E+000, 3.5895119E+000, 3.5658070E+000, 3.6914189E+000, 1.0148000E+004, 1.6882375E+000, 5.9996726E+000, 3.4665644E+000
 2.3100583E+002, 1.2371335E+002, 1.2966645E+002, 1.3390369E+002, 1.4239315E+002, 1.4830634E+002, 1.5081323E+002, 1.5616430E+002, 1.6476048E+002, 1.6319644E+002, 1.6392227E+002, 1.7192624E+002, 1.6993976E+002, 2.0372239E+002, 2.3104645E+002, 2.4166428E+002, 2.1191683E+002, 2.0119943E+002, 1.9169894E+002, 1.8288961E+002, 1.6927577E+002, 1.4820707E+002, 1.4370836E+002, 1.4480814E+002,-1.3272205E+000,-1.6478610E+000,-1.6412158E+000,-1.5847702E+000,-1.4934345E+000,-1.8702174E+000,-1.6982855E+000,-1.8344698E+000,-1.8775244E+000,-1.7405167E+000,-2.3185021E+000,-1.3898756E+000,-1.3291748E+000,-3.9814230E+000, 1.0049391E+000, 3.8310802E+000, 4.4734669E+000, 5.0296773E+000, 4.1848857E+000, 4.4630187E+000, 4.2899699E+000, 3.7996526E+000, 3.2859391E+000, 1.0052818E+004, 1.7044006E+000, 5.7055514E+000, 3.0278111E+000
 2.3201022E+002, 1.2240395E+002, 1.3060221E+002, 1.3627168E+002, 1.4236718E+002, 1.4530948E+002, 1.5306674E+002, 1.5939090E+002, 1.6224560E+002, 1.5932697E+002, 1.6461645E+002, 1.6989590E+002, 1.6853962E+002, 2.1291675E+002, 2.0721200E+002, 2.2881111E+002, 2.2218661E+002, 2.0894417E+002, 1.7779438E+002, 1.6415695E+002, 1.7631088E+002, 1.5099998E+002, 1.3709450E+002, 1.4333318E+002,-1.1647913E+000,-1.4634886E+000,-1.7971280E+000,-1.4562674E+000,-1.4360706E+000,-1.7607063E+000,-2.0521587E+000,-1.4823796E+000,-1.4975366E+000,-2.0436746E+000,-1.6178247E+000,-1.5734432E+000,-2.7664702E+000,-2.9158675E+000, 1.9332172E+000, 4.3626263E+000, 4.9185356E+000, 4.3793063E+000, 5.1774654E+000, 4.3431296E+000, 3.4520930E+000, 3.4009026E+000, 3.3254548E+000, 9.6446383E+003, 1.6754525E+000, 5.5835807E+000, 3.8088998E+000
 2.3301101E+002, 1.2220350E+002, 1.3214386E+002, 1.3527231E+002, 1.4336107E+002, 1.4901322E+002, 1.5405547E+002, 1.6007167E+002, 1.5720889E+002, 1.5601929E+002, 1.5813506E+002, 1.6258338E+002, 2.0100111E+002, 1.8444659E+002, 1.9695501E+002, 2.3900059E+002, 2.1861253E+002, 2.2350211E+002, 2.0297026E+002, 1.8713865E+002, 1.5068286E+002, 1.5787601E+002, 1.4745211E+002, 1.3523488E+002,-1.2141575E+000,-1.3994104E+000,-1.5637613E+000,-1.3375556E+000,-1.7436452E+000,-1.9790018E+000,-1.5560349E+000,-1.5847525E+000,-1.7369412E+000,-1.5749852E+000,-1.1195707E+000,-2.2413891E+000,-1.1718272E+000,-2.8361325E+000, 1.5831378E+000, 4.4053320E+000, 5.7053098E+000, 6.0921813E+000, 4.3741045E+000, 4.7538582E+000, 4.4474635E+000, 3.8843088E+000, 2.8258443E+000, 9.8201351E+003, 1.5987165E+000, 5.5458560E+000, 3.7915344E+000
 2.3400599E+002, 1.2376055E+002, 1.2987292E+002, 1.3390276E+002, 1.4454799E+002, 1.4909172E+002, 1.5568705E+002, 1.5535046E+002, 1.5461611E+002, 1.5906500E+002, 1.5878734E+002, 1.8169733E+002, 1.7979417E+002, 1.8503312E+002, 1.9442556E+002, 2.3672794E+002, 2.2299220E+002, 1.9040711E+002, 1.8140402E+002, 1.7552747E+002, 1.8588401E+002, 1.4824833E+002, 1.4816007E+002, 1.3971034E+002,-1.2799990E+000,-1.4228912E+000,-1.4290505E+000,-1.6045461E+000,-1.9247132E+000,-1.7664295E+000,-1.6118699E+000,-1.6202791E+000,-1.9159264E+000,-1.4414322E+000,-2.1860823E+000,-2.0137971E+000,-2.6031722E+000,-1.7403141E+000, 9.1351222E-001, 4.3230238E+000, 5.7181983E+000, 4.4720647E+000, 5.5054096E+000, 5.0596250E+000, 4.6887064E+000, 3.8121981E+000, 3.3182563E+000, 1.0123258E+004, 1.5588192E+000, 5.6838570E+000, 3.5592444E+000
 2.3500163E+002, 1.2426653E+002, 1.3030600E+002, 1.3503551E+002, 1.4839640E+002, 1.5038078E+002, 1.5371525E+002, 1.5068062E+002, 1.5276433E+002, 1.5517284E+002, 1.6519918E+002, 1.7835740E+002, 1.7497320E+002, 1.7761058E+002, 1.8490870E+002, 2.0722406E+002, 2.0389442E+002, 1.8559274E+002, 1.5370800E+002, 1.7260010E+002, 1.6287085E+002, 1.5314761E+002, 1.4778188E+002, 1.3762961E+002,-1.4702158E+000,-1.5103885E+000,-1.5608751E+000,-1.7635693E+000,-1.7986618E+000,-1.5981072E+000,-1.5496354E+000,-2.0750059E+000,-1.4909888E+000,-1.6355168E+000,-2.2666622E+000,-2.1131759E+000,-1.9501364E+000,-3.0138385E+000, 3.1214744E-001, 2.7703245E+000, 4.4427497E+000, 4.5690565E+000, 4.0540452E+000, 3.6610682E+000, 3.8240727E+000, 4.1611258E+000, 3.5892334E+000, 1.0064753E+004, 1.5979027E+000, 5.7560920E+000, 2.9424627E+000
 2.3600637E+002, 1.2466455E+002, 1.2900795E+002, 1.3726018E+002, 1.4612926E+002, 1.4991212E+002, 1.4972768E+002, 1.5093090E+002, 1.5232240E+002, 1.5755050E+002, 1.8017881E+002, 1.6972254E+002, 1.6920578E+002, 1.6721810E+002, 1.8437805E+002, 2.0569739E+002, 2.0436199E+002, 1.8989560E+002, 1.7109535E+002, 1.5290588E+002, 1.5736899E+002, 1.5624875E+002, 1.4511686E+002, 1.4036134E+002,-1.4484326E+000,-1.4706156E+000,-1.6199418E+000,-1.7783636E+000,-1.6060493E+000,-1.4480976E+000,-1.8150604E+000,-1.5778239E+000,-1.2311677E+000,-2.0278366E+000,-1.0597721E+000,-1.6221562E+000,-2.2032054E+000,-2.6923555E+000,-6.3976273E-001, 3.7075926E+000, 4.1132161E+000, 4.0049641E+000, 3.1892583E+000, 3.5938849E+000, 4.1090920E+000, 3.6848326E+000, 3.8725075E+000, 1.0139959E+004, 1.5389359E+000, 5.4734022E+000, 3.2479076E+000
 2.3700147E+002, 1.2495155E+002, 1.2707585E+002, 1.4315154E+002, 1.4650449E+002, 1.4779269E+002, 1.4656476E+002, 1.5084306E+002, 1.5384549E+002, 1.7201440E+002, 1.6750052E+002, 1.6251252E+002, 1.7215899E+002, 1.8065021E+002, 1.9904804E+002, 2.2047488E+002, 2.0027546E+002, 1.8675052E+002, 1.6414731E+002, 1.6962340E+002, 1.4985293E+002, 1.3917665E+002, 1.4861675E+002, 1.4250198E+002,-1.5016704E+000,-1.4958066E+000,-1.8639914E+000,-1.4835816E+000,-1.4055263E+000,-1.3062589E+000,-1.6215868E+000,-1.4136101E+000,-1.9479029E+000,-1.3329243E+000,-1.6009658E+000,-1.3771565E+000,-1.5120691E+000,-3.4125269E+000, 6.5520708E-001, 4.1745619E+000, 5.2499049E+000, 4.8373056E+000, 3.9112992E+000, 3.3240029E+000, 2.7380881E+000, 3.7371522E+000, 4.1615109E+000, 1.0050244E+004, 1.5200657E+000, 5.4276510E+000, 3.2189207E+000
 2.3801108E+002, 1.2474871E+002, 1.2920725E+002, 1.4302748E+002, 1.4566760E+002, 1.4370406E+002, 1.4642078E+002, 1.4808106E+002, 1.5946339E+002, 1.6898317E+002, 1.6551745E+002, 1.6780777E+002, 1.7102152E+002, 1.8257709E+002, 1.8905924E+002, 2.2775413E+002, 2.0339478E+002, 1.9993519E+002, 1.6139038E+002, 1.4803270E+002, 1.6442980E+002, 1.4828600E+002, 1.3598239E+002, 1.4571522E+002,-1.5927581E+000,-1.8217501E+000,-1.8023332E+000,-1.5079151E+000,-1.4107782E+000,-1.4972298E+000,-1.4472097E+000,-1.8158883E+000,-1.5824104E+000,-1.2491251E+000,-1.3597468E+000,-1.3769425E+000,-2.3723061E+000,-3.3114234E+000,-5.9515530E-001, 5.0160211E+000, 5.5222215E+000, 5.0202638E+000, 4.3914260E+000, 3.8473814E+000, 3.0938635E+000, 2.5934389E+000, 3.9454777E+000, 1.0134510E+004, 1.6468934E+000, 5.6785796E+000, 3.7283130E+000
 2.3901090E+002, 1.2334478E+002, 1.3314387E+002, 1.4150751E+002, 1.4128106E+002, 1.4249174E+002, 1.4836086E+002, 1.5201078E+002, 1.6520924E+002, 1.6237954E+002, 1.6112548E+002, 1.6831299E+002, 1.7468277E+002, 1.8229812E+002, 1.7736944E+002, 1.9437939E+002, 2.2857747E+002, 1.9133789E+002, 1.8415784E+002, 1.7393750E+002, 1.5497652E+002, 1.5315771E+002, 1.4033788E+002, 1.3671421E+002,-1.4649243E+000,-1.7411210E+000,-1.6480764E+000,-1.4148468E+000,-1.4561739E+000,-1.5761186E+000,-1.6770377E+000,-1.8036221E+000,-1.4498052E+000,-1.5288678E+000,-1.5719766E+000,-2.4153959E+000,-2.5929109E+000,-2.9140393E+000, 6.0468294E-001, 2.9728497E+000, 5.8155241E+000, 4.4386475E+000, 4.6311174E+000, 4.4198107E+000, 3.5261358E+000, 2.8036159E+000, 3.4410198E+000, 9.9961544E+003, 1.7052662E+000, 5.8489306E+000, 3.3333954E+000
 2.4000141E+002, 1.2159748E+002, 1.3631166E+002, 1.3817792E+002, 1.3845434E+002, 1.4590323E+002, 1.4465541E+002, 1.5957637E+002, 1.5908678E+002, 1.6014198E+002, 1.6373960E+002, 1.7455759E+002, 1.8231540E+002, 1.7939566E+002, 2.2119493E+002, 1.9772124E+002, 1.9202063E+002, 1.7680032E+002, 1.6864252E+002, 1.7478763E+002, 1.6826231E+002, 1.5154105E+002, 1.4262109E+002, 1.3240059E+002,-1.5469600E+000,-1.8119812E+000,-1.4555563E+000,-1.4983602E+000,-1.4634308E+000,-1.3714858E+000,-1.8910714E+000,-1.4906415E+000,-1.3697995E+000,-1.3135401E+000,-2.2034939E+000,-2.0595729E+000,-2.6348415E+000,-3.6219163E+000, 2.2248462E+000, 3.0456177E+000, 4.1031368E+000, 4.4424526E+000, 3.7827739E+000, 4.2618841E+000, 4.1116149E+000, 3.2238679E+000, 2.8097195E+000, 1.0030784E+004, 1.6132618E+000, 5.7372964E+000, 2.6857174E+000
 2.4101166E+002, 1.2625580E+002, 1.3523797E+002, 1.3891576E+002, 1.4021222E+002, 1.4943709E+002, 1.5235262E+002, 1.5720508E+002, 1.5812008E+002, 1.5859387E+002, 1.6873055E+002, 1.7125633E+002, 1.8291658E+002, 1.8497846E+002, 2.1379578E+002, 2.5062747E+002, 2.1084075E+002, 1.5942994E+002, 1.7454763E+002, 1.5270187E+002, 1.5742737E+002, 1.5111966E+002, 1.4835686E+002, 1.3726951E+002,-1.6278030E+000,-1.7838826E+000,-1.4041954E+000,-1.6264411E+000,-1.5125933E+000,-1.7317427E+000,-1.4715981E+000,-1.5120833E+000,-1.6064456E+000,-1.8610496E+000,-1.6810251E+000,-1.2709850E+000,-3.1261913E+000,-2.4510154E+000, 3.3967782E+000, 5.5840977E+000, 4.2082976E+000, 4.0985788E+000, 3.7655777E+000, 3.3507650E+000, 4.2922113E+000, 3.9159875E+000, 3.5153888E+000, 9.9426435E+003, 1.5592326E+000, 5.7056466E+000, 3.6420068E+000
 2.4200706E+002, 1.2937237E+002, 1.3473672E+002, 1.3787578E+002, 1.4353715E+002, 1.4996895E+002, 1.5436207E+002, 1.5140205E+002, 1.5513577E+002, 1.6024541E+002, 1.6993103E+002, 1.7960551E+002, 1.8446680E+002, 1.7695675E+002, 2.0566757E+002, 2.3145074E+002, 2.2798167E+002, 1.9645095E+002, 1.8000040E+002, 1.5643439E+002, 1.4845725E+002, 1.5067210E+002, 1.4469011E+002, 1.4232068E+002,-1.5207482E+000,-1.7529584E+000,-1.3275820E+000,-1.4838255E+000,-1.6226785E+000,-1.5356546E+000,-1.4032267E+000,-1.3338105E+000,-1.5000324E+000,-1.8303651E+000,-1.5446655E+000,-1.0947877E+000,-1.4388117E+000,-2.5237038E+000, 2.0667611E+000, 5.2823989E+000, 6.3620904E+000, 5.0256325E+000, 3.9935934E+000, 3.8259982E+000, 3.9599103E+000, 3.8156760E+000, 3.5691931E+000, 1.0007359E+004, 1.5283014E+000, 5.6755218E+000, 4.0520285E+000
 2.4300182E+002, 1.2946986E+002, 1.3358075E+002, 1.3486888E+002, 1.4729067E+002, 1.5171172E+002, 1.4987435E+002, 1.5352778E+002, 1.5676296E+002, 1.6599275E+002, 1.7108825E+002, 1.8398493E+002, 1.7620442E+002, 1.8360736E+002, 2.0493711E+002, 2.2768543E+002, 2.1785080E+002, 1.7586553E+002, 1.5019429E+002, 1.7903941E+002, 1.6401016E+002, 1.3459459E+002, 1.4463902E+002, 1.4172244E+002,-1.6735967E+000,-1.4206563E+000,-1.2699841E+000,-1.6973696E+000,-1.7614690E+000,-1.3560325E+000,-1.4935894E+000,-1.6739778E+000,-2.0570131E+000,-1.7965083E+000,-1.1102432E+000,-1.0662554E+000,-1.1897013E+000,-3.1026709E+000, 9.3308957E-001, 4.1754240E+000, 4.4655513E+000, 4.8290312E+000, 4.8573900E+000, 3.9869810E+000, 3.7322819E+000, 3.2855641E+000, 3.7240488E+000, 9.8676862E+003, 1.5559055E+000, 5.6298897E+000, 3.3481813E+000
 2.4400418E+002, 1.2950910E+002, 1.2651570E+002, 1.3546600E+002, 1.4870977E+002, 1.4900800E+002, 1.4636987E+002, 1.5272945E+002, 1.5747304E+002, 1.6644175E+002, 1.7661905E+002, 1.7732179E+002, 1.6845632E+002, 1.9643684E+002, 1.7169364E+002, 2.3355022E+002, 2.2028475E+002, 1.9639398E+002, 1.7886979E+002, 1.5080740E+002, 1.5880827E+002, 1.4659456E+002, 1.3746239E+002, 1.3857176E+002,-1.6972230E+000,-1.3418098E+000,-1.5966753E+000,-1.5308154E+000,-1.4657594E+000,-1.4149603E+000,-1.4696605E+000,-1.9809265E+000,-1.9747743E+000,-1.6359893E+000,-1.6499932E+000,-1.2562383E+000,-2.2365475E+000,-2.6946592E+000, 6.8902412E-001, 4.4374882E+000, 4.4737478E+000, 4.7129961E+000, 4.1959456E+000, 3.8118717E+000, 3.7722629E+000, 3.0784371E+000, 3.1330728E+000, 9.8254572E+003, 1.6033847E+000, 5.4757371E+000, 3.8662687E+000
 2.4500535E+002, 1.2850399E+002, 1.3146244E+002, 1.3879430E+002, 1.4773978E+002, 1.4362435E+002, 1.4916212E+002, 1.5260618E+002, 1.6017974E+002, 1.6915160E+002, 1.7787055E+002, 1.6656845E+002, 1.7998942E+002, 1.7513551E+002, 1.7517299E+002, 2.2521671E+002, 2.2642814E+002, 2.0318371E+002, 1.9286130E+002, 1.8008528E+002, 1.5425190E+002, 1.5454955E+002, 1.3435352E+002, 1.3783992E+002,-1.4613278E+000,-1.3437429E+000,-1.4397795E+000,-1.7300668E+000,-1.2861770E+000,-1.3920958E+000,-1.6098285E+000,-1.9454960E+000,-1.7313379E+000,-1.6634293E+000,-1.0974969E+000,-2.1948661E+000,-2.1850162E+000,-2.1280372E+000, 2.6589855E-002, 4.9368646E+000, 5.0042370E+000, 4.6859288E+000, 4.5822367E+000, 4.0524346E+000, 3.8334691E+000, 3.3687070E+000, 3.3911838E+000, 1.0262877E+004, 1.6143825E+000, 5.7263818E+000, 3.6980198E+000
 2.4600652E+002, 1.2848587E+002, 1.3077973E+002, 1.3971440E+002, 1.4480227E+002, 1.4214075E+002, 1.4673477E+002, 1.5467835E+002, 1.6372320E+002, 1.6797819E+002, 1.7049173E+002, 1.7071036E+002, 1.8172460E+002, 1.6987166E+002, 1.9985603E+002, 2.4729803E+002, 2.0974287E+002, 1.9113084E+002, 1.7055314E+002, 1.8630558E+002, 1.7719355E+002, 1.4208944E+002, 1.5032884E+002, 1.3170340E+002,-1.4532786E+000,-1.3747202E+000,-1.4514744E+000,-1.4280200E+000,-1.2885293E+000,-1.5818355E+000,-1.8601217E+000,-1.8654607E+000,-1.6219559E+000,-1.3917842E+000,-2.0408503E+000,-1.9564511E+000,-1.1798931E+000,-4.3156352E+000,-1.2874810E-001, 5.1035592E+000, 5.9962474E+000, 5.2014464E+000, 4.9770530E+000, 4.9627377E+000, 4.0676345E+000, 4.1442865E+000, 3.4590648E+000, 1.0044629E+004, 1.6529235E+000, 5.6505528E+000, 3.8088242E+000
 2.4700379E+002, 1.2468279E+002, 1.2988798E+002, 1.4065482E+002, 1.3974614E+002, 1.4543206E+002, 1.4940309E+002, 1.5855349E+002, 1.6397531E+002, 1.6623191E+002, 1.6312728E+002, 1.7179107E+002, 1.6945821E+002, 1.8340284E+002, 1.7172788E+002, 2.2506302E+002, 2.1585253E+002, 1.9177973E+002, 1.4691679E+002, 1.6024060E+002, 1.7484280E+002, 1.5630974E+002, 1.3893476E+002, 1.4048971E+002,-1.2712127E+000,-1.7284415E+000,-1.5269773E+000,-1.3101843E+000,-1.3233542E+000,-1.8023228E+000,-2.0369442E+000,-1.5090485E+000,-1.6725113E+000,-1.7731442E+000,-1.6974929E+000,-1.0736212E+000,-2.1976781E+000,-2.2914669E+000, 1.0264731E+000, 3.8303347E+000, 5.1408417E+000, 4.7947451E+000, 4.5225117E+000, 4.3735714E+000, 4.8409376E+000, 3.7290383E+000, 3.8926120E+000, 9.8684377E+003, 1.6514729E+000, 5.4585010E+000, 3.2165414E+000
 2.4801289E+002, 1.2369632E+002, 1.3181886E+002, 1.4031819E+002, 1.3915477E+002, 1.4430440E+002, 1.5293534E+002, 1.5900250E+002, 1.6066765E+002, 1.6378098E+002, 1.6617611E+002, 1.7353255E+002, 1.7730965E+002, 1.7715857E+002, 1.8923626E+002, 2.8079838E+002, 2.1037563E+002, 1.9443099E+002, 1.9206638E+002, 1.4393906E+002, 1.5731000E+002, 1.5557071E+002, 1.4783965E+002, 1.3846529E+002,-1.3194961E+000,-1.4746721E+000,-1.6594781E+000,-1.4458140E+000,-1.6623298E+000,-2.0860210E+000,-1.7117738E+000,-1.6335429E+000,-1.4079012E+000,-1.4298149E+000,-1.5687784E+000,-1.9983371E+000,-1.6381294E+000,-4.2857982E+000, 1.3040534E+000, 4.6178465E+000, 5.0693483E+000, 4.9686799E+000, 3.6747684E+000, 2.8973718E+000, 4.0087971E+000, 3.9525822E+000, 3.5234263E+000, 1.0135125E+004, 1.6147253E+000, 5.7364513E+000, 3.5312886E+000
 2.4900984E+002, 1.2664341E+002, 1.3354894E+002, 1.3960405E+002, 1.4296662E+002, 1.4746340E+002, 1.5445097E+002, 1.5757883E+002, 1.5856495E+002, 1.5983733E+002, 1.6596215E+002, 1.6913872E+002, 1.7938328E+002, 1.9982412E+002, 1.9179864E+002, 2.7159715E+002, 2.2819032E+002, 1.9518842E+002, 1.8267898E+002, 1.8877099E+002, 1.6116007E+002, 1.5362561E+002, 1.5581293E+002, 1.3852303E+002,-1.3538933E+000,-1.6261176E+000,-1.4995271E+000,-1.3989883E+000,-2.0423344E+000,-1.7956669E+000,-1.4164529E+000,-1.5711667E+000,-1.6775970E+000,-1.5513063E+000,-1.3780338E+000,-2.3180815E+000,-3.1250565E+000,-3.4697413E+000, 2.1221307E+000, 5.0183604E+000, 5.3449056E+000, 4.3079113E+000, 4.3029433E+000, 4.0289302E+000, 3.9522426E+000, 3.9146398E+000, 3.4774415E+000, 9.8995516E+003, 1.5818871E+000, 5.7264078E+000, 3.8323535E+000
 2.5000656E+002, 1.2571091E+002, 1.3481237E+002, 1.3718425E+002, 1.4308778E+002, 1.4926549E+002, 1.5301015E+002, 1.5423610E+002, 1.5776253E+002, 1.6227041E+002, 1.6519075E+002, 1.7153289E+002, 1.9490690E+002, 1.9051484E+002, 2.0701704E+002, 2.6503186E+002, 2.3438620E+002, 2.1431609E+002, 1.9467045E+002, 1.7351288E+002, 1.7560262E+002, 1.5735810E+002, 1.4583194E+002, 1.4603217E+002,-1.4710691E+000,-1.4323424E+000,-1.2284982E+000,-1.8526966E+000,-1.8170443E+000,-1.4400655E+000,-1.3781196E+000,-1.7588472E+000,-1.3571893E+000,-1.3783493E+000,-2.8197453E+000,-2.5245200E+000,-2.4416092E+000,-2.7476481E+000, 2.5323268E+000, 4.7829558E+000, 4.9902089E+000, 5.0292948E+000, 4.2460184E+000, 3.8161335E+000, 3.8327937E+000, 3.4679508E+000, 3.9404282E+000, 9.8348926E+003, 1.5905886E+000, 5.7846496E+000, 3.9225343E+000
 2.5100615E+002, 1.2522443E+002, 1.3278706E+002, 1.3516005E+002, 1.4523966E+002, 1.4837471E+002, 1.5031927E+002, 1.5354514E+002, 1.5682609E+002, 1.6308312E+002, 1.6497664E+002, 1.6976157E+002, 1.8289304E+002, 1.8519419E+002, 2.0515713E+002, 2.4737549E+002, 2.3573819E+002, 1.9627814E+002, 2.0073886E+002, 1.8995411E+002, 1.6338454E+002, 1.6273591E+002, 1.4848380E+002, 1.4296583E+002,-1.5476419E+000,-1.3099939E+000,-1.3223584E+000,-1.7157585E+000,-1.6533929E+000,-1.2750961E+000,-1.4284152E+000,-1.5175707E+000,-1.5570551E+000,-2.0583906E+000,-1.7956442E+000,-1.6305781E+000,-2.1775834E+000,-7.4397949E-001, 2.0275449E+000, 5.3683117E+000, 5.7994010E+000, 5.5111994E+000, 4.6634904E+000, 4.0793779E+000, 4.5291241E+000, 3.6375974E+000, 3.1739004E+000, 1.0064329E+004, 1.5935292E+000, 5.6466306E+000, 3.9620426E+000
 2.5200574E+002, 1.2401815E+002, 1.3277407E+002, 1.3518626E+002, 1.4468659E+002, 1.4828924E+002, 1.4856548E+002, 1.5263958E+002, 1.5743759E+002, 1.6053211E+002, 1.6281103E+002, 1.8021731E+002, 1.7435013E+002, 2.0711800E+002, 2.1978425E+002, 2.2173401E+002, 1.9948105E+002, 2.0682273E+002, 1.8069777E+002, 1.7595758E+002, 1.8406209E+002, 1.5665826E+002, 1.5595782E+002, 1.4140281E+002,-1.3661695E+000,-1.4049543E+000,-1.6187244E+000,-1.7597189E+000,-1.4375579E+000,-1.2720083E+000,-1.5789490E+000,-1.4922890E+000,-1.5185750E+000,-1.7909795E+000,-1.5294857E+000,-1.7490894E+000,-1.5394849E+000,-2.2693790E+000, 1.2104348E+000, 4.3354757E+000, 5.5938310E+000, 4.8900291E+000, 5.0288600E+000, 5.0008188E+000, 4.1907541E+000, 4.1764453E+000, 3.6447030E+000, 1.0319280E+004, 1.5588489E+000, 5.5939518E+000, 3.2999914E+000
 2.5300601E+002, 1.2741238E+002, 1.3072422E+002, 1.3465972E+002, 1.4544995E+002, 1.4574958E+002, 1.4876963E+002, 1.5249519E+002, 1.5715416E+002, 1.5933944E+002, 1.6461304E+002, 1.7556448E+002, 1.9243934E+002, 1.9748838E+002, 1.7257953E+002, 1.9884192E+002, 2.0527175E+002, 1.7109665E+002, 1.6189808E+002, 1.6829666E+002, 1.7040906E+002, 1.7023498E+002, 1.5050624E+002, 1.4768941E+002,-1.5632917E+000,-1.3700611E+000,-1.8378451E+000,-1.6038683E+000,-1.3773611E+000,-1.5139487E+000,-1.5466665E+000,-1.6704737E+000,-1.9437680E+000,-1.4867584E+000,-1.7179684E+000,-1.9664562E+000,-1.9232829E+000,-2.1884029E+000,-3.3952419E-001, 3.6758238E+000, 4.7099708E+000, 5.3492643E+000, 4.4448765E+000, 4.3712850E+000, 4.6647612E+000, 4.0318151E+000, 3.7750849E+000, 9.9373539E+003, 1.5316575E+000, 5.8553263E+000, 2.9571833E+000
 2.5400897E+002, 1.2716591E+002, 1.3214457E+002, 1.3996167E+002, 1.4514573E+002, 1.4322933E+002, 1.4984936E+002, 1.5182126E+002, 1.5545757E+002, 1.5913838E+002, 1.6718165E+002, 1.8139204E+002, 1.8519102E+002, 1.8654925E+002, 1.9061792E+002, 2.0785410E+002, 1.8151416E+002, 1.9456462E+002, 1.7812511E+002, 1.4014789E+002, 1.5849260E+002, 1.6076616E+002, 1.5445099E+002, 1.4222837E+002,-1.4096930E+000,-1.4298057E+000,-1.5943746E+000,-1.4109884E+000,-1.3857091E+000,-1.6408376E+000,-1.4945418E+000,-1.5471389E+000,-1.4657345E+000,-1.8737670E+000,-1.7727754E+000,-1.9783704E+000,-1.4900636E+000,-3.7365453E+000,-2.4163269E-001, 3.8090810E+000, 4.7012973E+000, 4.4068911E+000, 4.2311944E+000, 3.6523046E+000, 4.6624967E+000, 4.4646322E+000, 3.7351673E+000, 1.0023255E+004, 1.5425010E+000, 5.6183596E+000, 2.7034491E+000
 2.5500222E+002, 1.2418318E+002, 1.3187232E+002, 1.3685022E+002, 1.4223091E+002, 1.4605366E+002, 1.4796578E+002, 1.4851902E+002, 1.5421455E+002, 1.5774672E+002, 1.6297008E+002, 1.7948039E+002, 1.7468774E+002, 2.1107136E+002, 1.8190610E+002, 2.4553571E+002, 1.9900827E+002, 1.7875922E+002, 1.6858662E+002, 1.7958563E+002, 1.4212141E+002, 1.5823264E+002, 1.5459711E+002, 1.4827506E+002,-1.3866081E+000,-1.4197498E+000,-1.5455192E+000,-1.3255314E+000,-1.6174923E+000,-1.4486139E+000,-1.4510397E+000,-1.5240145E+000,-1.6586806E+000,-1.8704897E+000,-2.1858816E+000,-1.7390368E+000,-2.8733062E+000,-2.8962558E+000, 1.1950937E+000, 4.7733792E+000, 4.7991884E+000, 4.5380087E+000, 3.9742772E+000, 3.2461019E+000, 3.8448025E+000, 4.1688349E+000, 3.9686955E+000, 1.0049760E+004, 1.5268471E+000, 5.6600639E+000, 3.1704226E+000
 2.5600883E+002, 1.2579080E+002, 1.2575911E+002, 1.3792898E+002, 1.3915761E+002, 1.4564206E+002, 1.4555396E+002, 1.4902392E+002, 1.5641279E+002, 1.5902548E+002, 1.7753182E+002, 1.7083387E+002, 1.9944265E+002, 1.9194590E+002, 2.0849776E+002, 2.4464446E+002, 2.0294156E+002, 1.6637689E+002, 1.6758501E+002, 1.5878786E+002, 1.7788589E+002, 1.3828516E+002, 1.5112496E+002, 1.4766317E+002,-1.3425634E+000,-1.4142890E+000,-1.4273203E+000,-1.4444901E+000,-1.4302571E+000,-1.4520220E+000,-1.5565435E+000,-1.5515379E+000,-1.7359592E+000,-2.1238261E+000,-1.6991559E+000,-2.1519605E+000,-2.1733280E+000,-2.0485665E+000, 1.4803662E+000, 3.9028205E+000, 5.1488815E+000, 4.8293679E+000, 4.0529979E+000, 3.7383196E+000, 3.8325201E+000, 3.6682984E+000, 3.6925497E+000, 9.8221729E+003, 1.5672788E+000, 5.6384708E+000, 3.1732094E+000
 2.5700802E+002, 1.2485292E+002, 1.3180857E+002, 1.3843203E+002, 1.4346961E+002, 1.4357590E+002, 1.4210726E+002, 1.4973446E+002, 1.5436636E+002, 1.6854439E+002, 1.6979512E+002, 1.7886792E+002, 1.9075169E+002, 1.7144293E+002, 1.8314460E+002, 2.3989600E+002, 2.3406005E+002, 1.9928092E+002, 1.5408961E+002, 1.5663199E+002, 1.5566224E+002, 1.5360781E+002, 1.4534291E+002, 1.4450017E+002,-1.3547906E+000,-1.6199774E+000,-1.5708948E+000,-1.5898234E+000,-1.5543828E+000,-1.5334468E+000,-1.7221779E+000,-1.7139329E+000,-2.1965382E+000,-1.8491009E+000,-2.4225426E+000,-2.7348657E+000,-2.5226650E-001,-3.0668478E+000, 5.4240950E-001, 3.8490477E+000, 5.2157526E+000, 4.3067045E+000, 4.5287796E+000, 4.1859640E+000, 4.0551515E+000, 3.5747831E+000, 3.5269136E+000, 9.8973270E+003, 1.5442509E+000, 5.9581942E+000, 3.7029773E+000
 2.5800345E+002, 1.2663729E+002, 1.3318987E+002, 1.3723497E+002, 1.4160135E+002, 1.3905736E+002, 1.4282589E+002, 1.5176248E+002, 1.5962459E+002, 1.6795850E+002, 1.6989265E+002, 1.7703070E+002, 1.7025007E+002, 1.7795750E+002, 1.8306294E+002, 2.4026993E+002, 2.2175977E+002, 1.5869825E+002, 1.8821693E+002, 1.7254291E+002, 1.4997719E+002, 1.6003324E+002, 1.3712747E+002, 1.4513586E+002,-1.4537561E+000,-1.6233733E+000,-1.4118865E+000,-1.2703438E+000,-1.3700153E+000,-1.3987869E+000,-1.5792080E+000,-2.0686095E+000,-1.8148438E+000,-2.3038816E+000,-2.2033686E+000,-1.1037591E+000,-1.8388804E+000,-1.4628166E+000, 9.5886224E-001, 3.1139620E+000, 4.7497017E+000, 5.2271289E+000, 4.5054894E+000, 4.1194047E+000, 3.2572725E+000, 3.6314460E+000, 3.5875347E+000, 1.0163385E+004, 1.6254148E+000, 5.6190727E+000, 3.0369394E+000
 2.5900765E+002, 1.2475178E+002, 1.3197235E+002, 1.3356516E+002, 1.3888082E+002, 1.3803040E+002, 1.4318511E+002, 1.5299329E+002, 1.6298280E+002, 1.6730433E+002, 1.7011366E+002, 1.6771485E+002, 1.7367527E+002, 1.8087907E+002, 2.2004948E+002, 2.3764441E+002, 2.4202081E+002, 1.9682902E+002, 1.4371736E+002, 1.6073140E+002, 1.7817991E+002, 1.4515752E+002, 1.5735651E+002, 1.3696045E+002,-1.3927773E+000,-1.4008348E+000,-1.3675434E+000,-1.2730526E+000,-1.3890339E+000,-1.5678088E+000,-1.8765050E+000,-1.7716463E+000,-1.9613063E+000,-2.2375114E+000,-1.1882874E+000,-1.2566369E+000,-1.7585672E+000,-2.7867508E+000, 5.2587364E-001, 5.0584376E+000, 4.0899749E+000, 3.7539466E+000, 3.8112286E+000, 4.7358845E+000, 3.6359440E+000, 3.7871139E+000, 3.3956933E+000, 9.9995595E+003, 1.6485912E+000, 5.6310245E+000, 4.1799330E+000
 2.6001017E+002, 1.2534408E+002, 1.2912284E+002, 1.3359404E+002, 1.3467402E+002, 1.3706653E+002, 1.4683316E+002, 1.5485725E+002, 1.6321742E+002, 1.6805366E+002, 1.6681376E+002, 1.6862258E+002, 1.7907192E+002, 2.0419827E+002, 1.8876874E+002, 2.6637266E+002, 2.4204974E+002, 1.7207231E+002, 1.9333522E+002, 1.7452181E+002, 1.5706199E+002, 1.4970822E+002, 1.4442330E+002, 1.4412054E+002,-1.4927585E+000,-1.4487658E+000,-1.5129452E+000,-1.4661116E+000,-1.4236986E+000,-1.6063837E+000,-1.9312401E+000,-1.9646881E+000,-2.0971311E+000,-1.4926454E+000,-1.3242759E+000,-2.1142636E+000,-1.9813209E+000,-2.6312650E+000, 1.0517410E+000, 4.1626184E+000, 5.2360278E+000, 4.9321813E+000, 3.8813867E+000, 3.3388600E+000, 4.5894453E+000, 3.4100934E+000, 3.4747663E+000, 1.0097826E+004, 1.6260767E+000, 5.8892461E+000, 3.8611611E+000
 2.6100622E+002, 1.2861007E+002, 1.3008635E+002, 1.3627736E+002, 1.3431036E+002, 1.4057439E+002, 1.5206702E+002, 1.5738838E+002, 1.6384758E+002, 1.6406851E+002, 1.6463175E+002, 1.7670714E+002, 1.8581058E+002, 1.9557950E+002, 2.0609649E+002, 2.8602745E+002, 2.3249810E+002, 2.0142006E+002, 1.5463634E+002, 1.6849602E+002, 1.8380790E+002, 1.4739206E+002, 1.4280103E+002, 1.4460987E+002,-1.5878947E+000,-1.4253492E+000,-1.5505793E+000,-1.4518815E+000,-1.6440343E+000,-1.9792716E+000,-1.9147100E+000,-2.1761938E+000,-1.7173238E+000,-1.4518233E+000,-2.4547852E+000,-2.2460135E+000,-2.8801510E+000,-3.7397771E+000, 1.6795576E+000, 4.6412806E+000, 5.2385340E+000, 4.8365872E+000, 4.0337203E+000, 3.6707896E+000, 3.7741651E+000, 3.8957352E+000, 3.4765202E+000, 9.9290322E+003, 1.6733976E+000, 5.7775500E+000, 3.7805102E+000
 2.6200018E+002, 1.2805966E+002, 1.2912002E+002, 1.3494308E+002, 1.3352391E+002, 1.4588635E+002, 1.5128171E+002, 1.6004911E+002, 1.6172147E+002, 1.6088391E+002, 1.7170610E+002, 1.8276466E+002, 1.9153658E+002, 1.7302957E+002, 2.1916384E+002, 2.7516726E+002, 2.4369336E+002, 1.9965032E+002, 1.7086225E+002, 1.5534362E+002, 1.5735531E+002, 1.5806422E+002, 1.3989263E+002, 1.3867194E+002,-1.4394771E+000,-1.3013482E+000,-1.3079125E+000,-1.5962864E+000,-1.7531801E+000,-1.7431381E+000,-2.1289867E+000,-1.8033900E+000,-1.4942274E+000,-2.2733504E+000,-2.0331749E+000,-2.7529962E+000,-1.4002293E+000,-2.9209445E+000, 2.4241132E+000, 5.0505424E+000, 5.6314627E+000, 5.1138524E+000, 4.0462861E+000, 3.3174352E+000, 3.8668761E+000, 3.7663335E+000, 3.2640835E+000, 1.0132502E+004, 1.6014218E+000, 6.0164042E+000, 4.2215120E+000
 2.6301129E+002, 1.2292520E+002, 1.2841997E+002, 1.3189678E+002, 1.4065935E+002, 1.4882796E+002, 1.5470585E+002, 1.5801822E+002, 1.5753447E+002, 1.6344003E+002, 1.7312627E+002, 1.8736446E+002, 1.8093480E+002, 1.9015471E+002, 1.9163059E+002, 2.4811014E+002, 2.5259799E+002, 2.0104734E+002, 1.6352690E+002, 1.5396696E+002, 1.6212459E+002, 1.5932890E+002, 1.3876822E+002, 1.3810047E+002,-1.3067650E+000,-1.3884687E+000,-1.3880391E+000,-1.6674684E+000,-1.6034304E+000,-2.0582275E+000,-1.8738592E+000,-1.4976438E+000,-2.1600954E+000,-2.0441868E+000,-1.9133806E+000,-1.8643530E+000,-1.5757281E+000,-1.4522116E+000, 8.9983319E-001, 5.1114419E+000, 5.3123351E+000, 4.8185147E+000, 4.9699888E+000, 3.8059262E+000, 3.8770675E+000, 3.9116889E+000, 3.6397936E+000, 9.6149293E+003, 1.5415612E+000, 5.5561454E+000, 4.4940433E+000
 2.6400660E+002, 1.2284776E+002, 1.3046394E+002, 1.2991345E+002, 1.4466146E+002, 1.4936688E+002, 1.5410982E+002, 1.5500226E+002, 1.5639305E+002, 1.7056459E+002, 1.7411603E+002, 1.8006103E+002, 1.7864559E+002, 1.8735819E+002, 1.8693413E+002, 2.0601155E+002, 2.2717168E+002, 2.1765480E+002, 1.7889814E+002, 1.5636559E+002, 1.5005390E+002, 1.4923549E+002, 1.5240460E+002, 1.3257137E+002,-1.4158198E+000,-1.3995896E+000,-1.2622828E+000,-1.8079231E+000,-1.8702963E+000,-1.6654079E+000,-1.5794908E+000,-1.9211575E+000,-1.8568328E+000,-1.6068624E+000,-1.8271673E+000,-1.1479507E+000,-1.7359975E+000,-2.8966897E+000, 1.7462731E+000, 3.9872065E+000, 4.8735257E+000, 4.8980817E+000, 4.5077309E+000, 4.3999333E+000, 3.7181064E+000, 3.8511147E+000, 3.4317690E+000, 9.9413403E+003, 1.5673675E+000, 5.4344338E+000, 3.3391347E+000
 2.6500767E+002, 1.2314146E+002, 1.2982799E+002, 1.2585584E+002, 1.4542403E+002, 1.4953899E+002, 1.5260592E+002, 1.5220343E+002, 1.6336250E+002, 1.6812950E+002, 1.7372361E+002, 1.7166633E+002, 1.8195448E+002, 1.8339034E+002, 1.7923229E+002, 2.3841466E+002, 2.0516026E+002, 1.7906808E+002, 1.9028861E+002, 1.7092724E+002, 1.5499844E+002, 1.5469827E+002, 1.4543238E+002, 1.4445266E+002,-1.2223458E+000,-1.3521454E+000,-1.6123870E+000,-1.7473348E+000,-1.7267365E+000,-1.6156902E+000,-1.5644613E+000,-1.8364066E+000,-1.7722168E+000,-1.6992625E+000,-1.0633532E+000,-1.4439357E+000,-2.3569432E+000,-3.6525548E+000, 2.9273305E+000, 3.8675261E+000, 4.4613552E+000, 4.1553476E+000, 4.0998822E+000, 4.1875686E+000, 3.9698796E+000, 3.8177007E+000, 3.5872672E+000, 9.9601979E+003, 1.6309353E+000, 5.3561706E+000, 2.8933936E+000
 2.6600874E+002, 1.2208363E+002, 1.2784210E+002, 1.3217271E+002, 1.4514463E+002, 1.4897393E+002, 1.4956455E+002, 1.5364834E+002, 1.6363936E+002, 1.6712733E+002, 1.6786091E+002, 1.7775970E+002, 1.7868195E+002, 1.7527361E+002, 1.7843284E+002, 2.3403913E+002, 2.3041091E+002, 1.9431401E+002, 1.6080910E+002, 1.7574020E+002, 1.6578793E+002, 1.4853340E+002, 1.4906510E+002, 1.4530280E+002,-1.2844805E+000,-1.2386976E+000,-1.6731263E+000,-1.8369986E+000,-1.6416344E+000,-1.4465425E+000,-1.8906790E+000,-1.9203308E+000,-1.8415626E+000,-1.3777732E+000,-1.2270741E+000,-1.8556270E+000,-2.6746609E+000,-2.9834305E+000, 1.1761978E+000, 4.2615339E+000, 5.3843160E+000, 4.3942493E+000, 3.8776922E+000, 3.7152015E+000, 4.2428298E+000, 4.0962439E+000, 3.9104954E+000, 1.0149055E+004, 1.6509648E+000, 5.5706177E+000, 3.8849309E+000
 2.6701108E+002, 1.2344814E+002, 1.2797816E+002, 1.3852447E+002, 1.4633716E+002, 1.4658407E+002, 1.4784828E+002, 1.5934078E+002, 1.6234291E+002, 1.6534043E+002, 1.6536482E+002, 1.7087055E+002, 1.7708633E+002, 1.7403824E+002, 1.9348071E+002, 2.1705134E+002, 2.1976985E+002, 1.9238543E+002, 1.8692003E+002, 1.6887081E+002, 1.6117927E+002, 1.5248915E+002, 1.4469502E+002, 1.4487710E+002,-1.4917461E+000,-1.4376879E+000,-1.7130753E+000,-1.6129035E+000,-1.3588647E+000,-1.6341604E+000,-1.7437222E+000,-1.7841101E+000,-1.5701281E+000,-1.3244708E+000,-1.8086893E+000,-2.4536503E+000,-2.0786610E+000,-3.2179117E+000, 8.3029756E-001, 4.3291161E+000, 5.2489347E+000, 5.2744122E+000, 4.0342147E+000, 3.6506046E+000, 3.6484053E+000, 4.1042997E+000, 3.9154092E+000, 1.0203231E+004, 1.6258826E+000, 5.7063882E+000, 3.4581517E+000
 2.6801041E+002, 1.2418287E+002, 1.2460923E+002, 1.3854903E+002, 1.4371052E+002, 1.4421529E+002, 1.5075274E+002, 1.5710993E+002, 1.6161632E+002, 1.6053417E+002, 1.6733872E+002, 1.7209363E+002, 1.7174819E+002, 1.8391139E+002, 2.1338790E+002, 2.4784180E+002, 2.1276056E+002, 1.8639944E+002, 1.6275377E+002, 1.5893375E+002, 1.6838082E+002, 1.6144159E+002, 1.4573569E+002, 1.4118568E+002,-1.2464103E+000,-1.2185905E+000,-1.4934510E+000,-1.4320696E+000,-1.3424289E+000,-1.5871197E+000,-1.8503668E+000,-1.5577882E+000,-1.2761072E+000,-1.5473592E+000,-2.1899730E+000,-1.3699016E+000,-1.7344728E+000,-3.0797402E+000, 2.1245339E+000, 3.3559654E+000, 4.9934103E+000, 4.6630488E+000, 4.1461410E+000, 4.1135045E+000, 3.7653525E+000, 3.8342076E+000, 3.5447933E+000, 9.9441181E+003, 1.6165237E+000, 5.4863765E+000, 3.0160382E+000
 2.6900677E+002, 1.2396182E+002, 1.2557693E+002, 1.3740718E+002, 1.4253446E+002, 1.4271568E+002, 1.5430565E+002, 1.5784240E+002, 1.5828074E+002, 1.5959260E+002, 1.6688137E+002, 1.6753520E+002, 1.7187653E+002, 1.9126528E+002, 1.8723271E+002, 2.1496913E+002, 2.2437112E+002, 1.9631289E+002, 1.5289957E+002, 1.5675078E+002, 1.6090970E+002, 1.5401202E+002, 1.4928318E+002, 1.4010549E+002,-1.3781497E+000,-1.6101723E+000,-1.5747367E+000,-1.3456542E+000,-1.5464161E+000,-1.9896267E+000,-1.8457343E+000,-1.5864855E+000,-1.5512307E+000,-1.7644562E+000,-1.5543584E+000,-8.7353480E-001,-1.8070901E+000,-3.8146486E+000, 2.1058628E+000, 4.0300614E+000, 4.4713795E+000, 4.3427959E+000, 4.1617877E+000, 3.3091740E+000, 4.0306716E+000, 4.0500957E+000, 3.4169081E+000, 9.8783967E+003, 1.5717068E+000, 5.3543162E+000, 3.5954105E+000
 2.7000724E+002, 1.2086812E+002, 1.3089205E+002, 1.3889381E+002, 1.3677377E+002, 1.5070156E+002, 1.5361021E+002, 1.5468100E+002, 1.5559037E+002, 1.5981577E+002, 1.6390881E+002, 1.6895419E+002, 1.8030004E+002, 1.9102006E+002, 2.2192954E+002, 2.3032907E+002, 2.1356543E+002, 2.0375924E+002, 1.8292317E+002, 1.4776040E+002, 1.5004853E+002, 1.5548617E+002, 1.4591165E+002, 1.4241771E+002,-1.2596457E+000,-1.6700218E+000,-1.6181763E+000,-1.3725978E+000,-1.9535839E+000,-1.8122876E+000,-1.6672405E+000,-1.4501424E+000,-1.8209508E+000,-1.8206777E+000,-1.3733966E+000,-1.7685475E+000,-3.2210104E+000,-3.8275536E+000, 1.4676780E+000, 3.5223709E+000, 5.0936719E+000, 4.9425398E+000, 4.0820501E+000, 3.5953012E+000, 3.7652131E+000, 3.7620516E+000, 3.4872917E+000, 9.9235141E+003, 1.5364118E+000, 5.5431996E+000, 3.0517432E+000
 2.7100768E+002, 1.2326836E+002, 1.3325802E+002, 1.4004415E+002, 1.4218606E+002, 1.4940855E+002, 1.5197289E+002, 1.5261545E+002, 1.5578979E+002, 1.5915167E+002, 1.6478625E+002, 1.7431944E+002, 1.7983914E+002, 1.9539390E+002, 2.1257566E+002, 2.5337282E+002, 2.1591677E+002, 1.7933505E+002, 1.8260491E+002, 1.7614461E+002, 1.5138619E+002, 1.4757230E+002, 1.4771691E+002, 1.4230155E+002,-1.4801380E+000,-1.4669301E+000,-1.3221161E+000,-1.6889598E+000,-1.8657206E+000,-1.7133738E+000,-1.5913098E+000,-1.6926537E+000,-1.2574639E+000,-1.5312719E+000,-1.7769086E+000,-2.7140682E+000,-1.4591764E+000,-3.2237858E+000, 1.7999939E+000, 4.3946079E+000, 5.6849495E+000, 4.7214049E+000, 4.5071410E+000, 3.9475777E+000, 3.5210129E+000, 3.5793262E+000, 3.3334550E+000, 1.0098572E+004, 1.5492813E+000, 5.6625814E+000, 3.4159850E+000
 2.7201184E+002, 1.1907538E+002, 1.3075158E+002, 1.3634697E+002, 1.4663644E+002, 1.4953306E+002, 1.4957718E+002, 1.5133960E+002, 1.5611746E+002, 1.6036576E+002, 1.6482436E+002, 1.7070758E+002, 1.7165292E+002, 1.9300824E+002, 1.8606983E+002, 2.4100191E+002, 2.2863666E+002, 1.9850553E+002, 1.5560599E+002, 1.7032458E+002, 1.6995980E+002, 1.5258164E+002, 1.3307201E+002, 1.4049443E+002,-1.3289934E+000,-1.4709269E+000,-1.2661009E+000,-1.8739754E+000,-1.7195159E+000,-1.5697687E+000,-1.4092307E+000,-1.4792022E+000,-1.4731259E+000,-1.8813772E+000,-2.3447178E+000,-1.5762236E+000,-2.3248933E+000,-1.3015582E+000, 1.3900290E+000, 4.5122751E+000, 5.0912612E+000, 5.3412698E+000, 4.4657086E+000, 3.9866479E+000, 4.0774412E+000, 3.4108325E+000, 3.7755320E+000, 9.8312869E+003, 1.5643283E+000, 5.5436830E+000, 3.7380169E+000
 2.7300908E+002, 1.2244553E+002, 1.2989818E+002, 1.3570226E+002, 1.4537507E+002, 1.4629830E+002, 1.4700007E+002, 1.5112736E+002, 1.5470865E+002, 1.6065712E+002, 1.6997254E+002, 1.6616389E+002, 1.7851461E+002, 1.8373830E+002, 1.9972614E+002, 2.5297638E+002, 2.3137957E+002, 2.1730533E+002, 1.9915998E+002, 1.4558648E+002, 1.5381027E+002, 1.4138340E+002, 1.4618212E+002, 1.3994453E+002,-1.5536870E+000,-1.4413009E+000,-1.2237402E+000,-1.5394296E+000,-1.6043353E+000,-1.4609774E+000,-1.6865353E+000,-1.0797697E+000,-1.5307150E+000,-2.1866983E+000,-9.3164804E-001,-1.5519819E+000,-2.0715016E+000,-3.2565148E+000, 2.7148543E+000, 3.9472028E+000, 5.3214501E+000, 4.6889618E+000, 4.3227532E+000, 3.9540529E+000, 2.6035797E+000, 3.9893429E+000, 3.3203076E+000, 9.8968476E+003, 1.5441671E+000, 5.5709108E+000, 3.5948317E+000
 2.7400869E+002, 1.2421866E+002, 1.3202044E+002, 1.3298670E+002, 1.4489452E+002, 1.4399725E+002, 1.4511471E+002, 1.5285010E+002, 1.5684394E+002, 1.6342140E+002, 1.6413141E+002, 1.7179516E+002, 1.8190036E+002, 1.8576483E+002, 1.8239823E+002, 2.2602239E+002, 2.2164514E+002, 2.1207656E+002, 1.7907345E+002, 1.8716750E+002, 1.4540589E+002, 1.5333203E+002, 1.4506233E+002, 1.3524533E+002,-1.3786945E+000,-1.4434861E+000,-1.5025920E+000,-1.6037941E+000,-1.5458982E+000,-1.3674961E+000,-1.4377930E+000,-1.6408976E+000,-2.2553241E+000,-1.4285711E+000,-1.7826428E+000,-1.9692773E+000,-2.1344341E+000,-2.4908358E+000, 1.0820213E+000, 4.0712940E+000, 4.8338534E+000, 5.4123318E+000, 4.8424290E+000, 3.8284109E+000, 3.5528906E+000, 3.0915578E+000, 3.0520957E+000, 1.0100456E+004, 1.5780966E+000, 5.5005582E+000, 3.3280409E+000
 2.7500132E+002, 1.2400944E+002, 1.3410055E+002, 1.3963068E+002, 1.4182661E+002, 1.4185765E+002, 1.4765761E+002, 1.5186961E+002, 1.5812334E+002, 1.6228545E+002, 1.6573414E+002, 1.7524943E+002, 1.7503939E+002, 1.8225784E+002, 1.9696952E+002, 2.1820951E+002, 2.0230651E+002, 1.8726498E+002, 1.6336428E+002, 1.5840409E+002, 1.6359668E+002, 1.4635913E+002, 1.3655677E+002, 1.4697157E+002,-1.4386601E+000,-1.3901894E+000,-1.7864205E+000,-1.6551916E+000,-1.5278411E+000,-1.8394833E+000,-1.4479668E+000,-2.0182119E+000,-1.6669727E+000,-1.7355737E+000,-1.5774436E+000,-1.4131202E+000,-2.1491747E+000,-2.9057444E+000, 1.3857853E+000, 3.6973729E+000, 4.9294931E+000, 4.6216112E+000, 4.6311271E+000, 4.1566916E+000, 3.5539182E+000, 3.0403901E+000, 3.5310539E+000, 1.0319029E+004, 1.6346390E+000, 5.6877432E+000, 2.8201568E+000
 2.7600389E+002, 1.2247738E+002, 1.2622544E+002, 1.3775555E+002, 1.3925859E+002, 1.4138215E+002, 1.4919203E+002, 1.5426948E+002, 1.5993002E+002, 1.6010282E+002, 1.6627016E+002, 1.6679835E+002, 1.7746014E+002, 1.8430612E+002, 2.0631403E+002, 2.4676448E+002, 1.9728962E+002, 1.8421881E+002, 1.7357286E+002, 1.5140814E+002, 1.5440929E+002, 1.4521552E+002, 1.4222517E+002, 1.3695549E+002,-1.3541690E+000,-1.1635435E+000,-1.4216011E+000,-1.6166176E+000,-1.5846020E+000,-1.5683239E+000,-1.9773494E+000,-1.6015894E+000,-1.3920007E+000,-1.1803937E+000,-1.5862054E+000,-1.3348395E+000,-1.0730502E+000,-3.4708616E+000, 2.2020394E+000, 4.0978143E+000, 4.9872028E+000, 4.5785654E+000, 4.0792403E+000, 3.5222385E+000, 3.9422507E+000, 3.3908406E+000, 3.0153527E+000, 9.8002159E+003, 1.5785628E+000, 5.6155091E+000, 3.3753138E+000
 2.7700232E+002, 1.2628130E+002, 1.2678655E+002, 1.3716818E+002, 1.4182274E+002, 1.4584435E+002, 1.5031769E+002, 1.5353845E+002, 1.5692018E+002, 1.6144095E+002, 1.6930725E+002, 1.6769252E+002, 1.7654645E+002, 1.7494850E+002, 1.7699923E+002, 2.3311923E+002, 2.2141170E+002, 1.7537600E+002, 1.7951029E+002, 1.6938506E+002, 1.4752980E+002, 1.4836749E+002, 1.4008108E+002, 1.3758430E+002,-1.3251537E+000,-1.4020786E+000,-1.0992392E+000,-1.5473815E+000,-1.6974383E+000,-1.7499304E+000,-1.4392229E+000,-1.2951176E+000,-1.3932774E+000,-1.6079975E+000,-1.5283847E+000,-1.3550383E+000,-1.0401112E+000,-3.2547229E+000, 2.0658411E+000, 4.1730036E+000, 5.1079156E+000, 5.1984281E+000, 4.3447909E+000, 3.2900902E+000, 3.5324740E+000, 3.7806418E+000, 3.7576991E+000, 1.0013550E+004, 1.5386214E+000, 5.5075482E+000, 3.6022926E+000
 2.7801149E+002, 1.2358786E+002, 1.3552233E+002, 1.3590302E+002, 1.4086010E+002, 1.4645539E+002, 1.5053247E+002, 1.5418965E+002, 1.5542446E+002, 1.6142171E+002, 1.5905142E+002, 1.6744779E+002, 1.8231579E+002, 1.7648916E+002, 1.7090536E+002, 2.0774240E+002, 1.8636638E+002, 1.9789841E+002, 1.6266585E+002, 1.5298197E+002, 1.6287977E+002, 1.4579457E+002, 1.4168445E+002, 1.3566275E+002,-1.4607352E+000,-1.6867449E+000,-1.3793564E+000,-1.7604795E+000,-1.6733111E+000,-1.7106241E+000,-1.5646717E+000,-1.4766827E+000,-1.5248718E+000,-1.5551410E+000,-1.6987147E+000,-1.8992134E+000,-9.8485562E-001,-2.3844822E+000, 5.3917138E-001, 3.1614807E+000, 4.5189309E+000, 4.5303541E+000, 3.8626695E+000, 3.9696158E+000, 3.5102534E+000, 3.7390490E+000, 3.1986722E+000, 1.0160180E+004, 1.5024045E+000, 5.6161460E+000, 2.6358717E+000
 2.7900095E+002, 1.2386689E+002, 1.3178132E+002, 1.3301072E+002, 1.4354212E+002, 1.4658091E+002, 1.4583594E+002, 1.5168045E+002, 1.5675112E+002, 1.6305204E+002, 1.6739106E+002, 1.6589577E+002, 1.7460762E+002, 1.6788847E+002, 1.9655568E+002, 2.2465883E+002, 2.0575750E+002, 1.8320900E+002, 1.7475636E+002, 1.4913752E+002, 1.3951882E+002, 1.5397655E+002, 1.4348976E+002, 1.3766376E+002,-1.3371542E+000,-1.3736827E+000,-1.4808566E+000,-1.7180088E+000,-1.6554220E+000,-1.4461690E+000,-1.2350027E+000,-1.4242979E+000,-1.5785559E+000,-1.7787593E+000,-1.3163723E+000,-9.6862154E-001,-1.4392582E+000,-2.9749248E+000,-2.2843950E-001, 3.3347024E+000, 4.2905009E+000, 4.0252803E+000, 4.3068787E+000, 3.5662103E+000, 3.6743010E+000, 3.3367783E+000, 3.3953797E+000, 9.9252151E+003, 1.5325160E+000, 5.5979264E+000, 2.9744928E+000
 2.8000921E+002, 1.2039781E+002, 1.2927241E+002, 1.3889111E+002, 1.4349430E+002, 1.4411535E+002, 1.4728542E+002, 1.4961689E+002, 1.5811078E+002, 1.5604826E+002, 1.6341518E+002, 1.6688430E+002, 1.7755137E+002, 1.6841031E+002, 2.0341671E+002, 2.0557573E+002, 1.9616412E+002, 1.9214247E+002, 1.8131108E+002, 1.7125578E+002, 1.4853510E+002, 1.4898173E+002, 1.4393011E+002, 1.3910925E+002,-1.1105801E+000,-1.2923350E+000,-1.5406768E+000,-1.6981119E+000,-1.3773176E+000,-1.3977192E+000,-1.5564555E+000,-1.4226511E+000,-1.6392620E+000,-1.6475635E+000,-1.6775126E+000,-1.4011864E+000,-9.1368122E-001,-2.8930552E+000, 1.2844945E+000, 2.8177309E+000, 4.1734790E+000, 4.3738376E+000, 4.0420497E+000, 4.2227122E+000, 3.4894167E+000, 3.7289693E+000, 3.3964431E+000, 9.9741661E+003, 1.5539790E+000, 5.4313044E+000, 2.4987532E+000
 2.8101168E+002, 1.2733468E+002, 1.3222521E+002, 1.3578301E+002, 1.4102500E+002, 1.4101886E+002, 1.4672058E+002, 1.5307911E+002, 1.5666886E+002, 1.6319593E+002, 1.6256451E+002, 1.6781771E+002, 1.7193226E+002, 1.9737155E+002, 1.8827315E+002, 2.3565943E+002, 2.1307590E+002, 1.8602433E+002, 1.7607787E+002, 1.7546289E+002, 1.6874920E+002, 1.3949366E+002, 1.4894317E+002, 1.3765981E+002,-1.4464754E+000,-1.3227304E+000,-1.4629189E+000,-1.3914490E+000,-1.3874434E+000,-1.3016854E+000,-1.5373231E+000,-1.5778878E+000,-1.7729590E+000,-1.2928323E+000,-1.4878331E+000,-1.2911530E+000,-1.2999972E+000,-2.6716784E+000, 1.9396750E+000, 4.8719240E+000, 4.6715140E+000, 4.4308543E+000, 4.0091856E+000, 3.9608379E+000, 4.0932154E+000, 3.8811565E+000, 3.7179466E+000, 9.8645844E+003, 1.5204557E+000, 5.4474065E+000, 3.5140204E+000
 2.8200114E+002, 1.3107860E+002, 1.3116413E+002, 1.3419788E+002, 1.3850376E+002, 1.4311691E+002, 1.4567200E+002, 1.5374688E+002, 1.5499589E+002, 1.5700198E+002, 1.6590262E+002, 1.7324783E+002, 1.8031845E+002, 1.9355517E+002, 1.8387682E+002, 2.7181733E+002, 2.2773946E+002, 1.8834804E+002, 1.8643299E+002, 1.7123348E+002, 1.7083201E+002, 1.3893767E+002, 1.3770975E+002, 1.4633957E+002,-1.4157285E+000,-1.2685153E+000,-1.3290231E+000,-1.4647677E+000,-1.2750550E+000,-1.8364292E+000,-1.3483429E+000,-1.8132374E+000,-1.4801820E+000,-1.5666119E+000,-1.4056801E+000,-1.4673273E+000,-1.5717955E+000,-1.9166374E+000, 1.0484249E+000, 3.6831247E+000, 5.2805954E+000, 4.2120320E+000, 4.4094962E+000, 3.8183785E+000, 3.7276346E+000, 3.5289751E+000, 3.7673294E+000, 1.0044354E+004, 1.5574919E+000, 5.3911646E+000, 3.5267711E+000
 2.8300866E+002, 1.2740780E+002, 1.3122198E+002, 1.3674716E+002, 1.3727049E+002, 1.4185133E+002, 1.4960011E+002, 1.5163838E+002, 1.5638843E+002, 1.5949345E+002, 1.6693363E+002, 1.6934127E+002, 1.8393100E+002, 1.7842799E+002, 1.8394713E+002, 2.3707207E+002, 2.1101592E+002, 2.1959208E+002, 1.8235125E+002, 1.7826061E+002, 1.6524222E+002, 1.5650953E+002, 1.3353082E+002, 1.3804264E+002,-1.2804431E+000,-1.4754456E+000,-1.4274996E+000,-1.5257582E+000,-1.5417733E+000,-1.5661811E+000,-1.6529328E+000,-1.5467902E+000,-1.5931943E+000,-1.4938419E+000,-1.7013628E+000,-1.6209933E+000,-4.6903708E-001,-2.4341686E+000, 8.2676448E-001, 3.9051003E+000, 4.9627392E+000, 4.9480621E+000, 3.9877815E+000, 4.0242051E+000, 3.6656553E+000, 3.1357529E+000, 3.3506972E+000, 1.0241359E+004, 1.5628189E+000, 5.5743069E+000, 3.2911176E+000
 2.8400253E+002, 1.2304880E+002, 1.3075006E+002, 1.3672362E+002, 1.4017169E+002, 1.4259125E+002, 1.4932342E+002, 1.5107750E+002, 1.5508861E+002, 1.6311385E+002, 1.6689937E+002, 1.8177579E+002, 1.7280133E+002, 1.8405201E+002, 1.9601276E+002, 2.3042382E+002, 2.1961225E+002, 1.9462306E+002, 1.9516182E+002, 1.8393539E+002, 1.6648002E+002, 1.5925796E+002, 1.4151339E+002, 1.3148865E+002,-1.1564227E+000,-1.2652653E+000,-1.1972718E+000,-1.3683641E+000,-1.7709617E+000,-1.5198107E+000,-1.8184709E+000,-1.7373471E+000,-1.4506022E+000,-1.4711888E+000,-1.8534045E+000,-1.2360496E+000,-1.5725182E+000,-2.2561512E+000, 7.1703001E-001, 4.2173938E+000, 4.8632055E+000, 4.9292002E+000, 4.4606986E+000, 3.3646749E+000, 4.1923182E+000, 3.7427815E+000, 3.1306616E+000, 9.7060038E+003, 1.5586935E+000, 5.4188180E+000, 3.4954431E+000
 2.8500302E+002, 1.2295047E+002, 1.2800489E+002, 1.3271476E+002, 1.3711854E+002, 1.4525247E+002, 1.4702741E+002, 1.5208320E+002, 1.5609062E+002, 1.6342744E+002, 1.7129215E+002, 1.7104187E+002, 1.7223831E+002, 1.9111573E+002, 2.3422013E+002, 2.1400073E+002, 2.1247842E+002, 2.0390471E+002, 1.9534701E+002, 1.8907502E+002, 1.8172411E+002, 1.4691983E+002, 1.5258095E+002, 1.3268549E+002,-1.2165460E+000,-1.3689204E+000,-1.0918032E+000,-1.7044659E+000,-1.6558970E+000,-1.7586363E+000,-1.6080103E+000,-1.3986864E+000,-1.5168429E+000,-1.8192634E+000,-1.5194212E+000,-1.5307178E+000,-1.8465094E+000,-2.8159798E+000, 1.3092654E+000, 3.3710340E+000, 5.2815635E+000, 5.6311994E+000, 4.6840285E+000, 4.3609246E+000, 3.3973598E+000, 3.8751608E+000, 3.5338754E+000, 1.0055432E+004, 1.5408561E+000, 5.4087307E+000, 2.9702625E+000
 2.8600460E+002, 1.2419649E+002, 1.3081290E+002, 1.2793389E+002, 1.4029031E+002, 1.4468217E+002, 1.4897461E+002, 1.5235053E+002, 1.5818083E+002, 1.6319537E+002, 1.6519744E+002, 1.6941061E+002, 1.8802293E+002, 1.9081351E+002, 2.1888155E+002, 2.4130822E+002, 2.1288147E+002, 1.8198923E+002, 1.7709117E+002, 1.6495759E+002, 1.8086637E+002, 1.6282631E+002, 1.4877533E+002, 1.4455874E+002,-1.1350962E+000,-1.2245127E+000,-1.2413585E+000,-1.7049492E+000,-1.5634328E+000,-1.6308500E+000,-1.5277853E+000,-1.3546930E+000,-1.5846687E+000,-1.6023144E+000,-1.4244573E+000,-1.4856484E+000,-1.7489158E+000,-3.2290856E+000, 2.5207992E+000, 4.4714659E+000, 5.2551858E+000, 4.2058169E+000, 4.9917624E+000, 4.7625325E+000, 4.1130012E+000, 3.7027144E+000, 3.6509611E+000, 1.0065747E+004, 1.5433709E+000, 5.4592608E+000, 3.2389007E+000
 2.8700189E+002, 1.2209814E+002, 1.3173491E+002, 1.2893562E+002, 1.4055280E+002, 1.4303147E+002, 1.4827392E+002, 1.5417396E+002, 1.5859469E+002, 1.6507483E+002, 1.6573504E+002, 1.7966823E+002, 1.8949211E+002, 1.9822991E+002, 1.9529241E+002, 2.4011659E+002, 2.1315192E+002, 1.8204122E+002, 1.6834176E+002, 1.7409499E+002, 1.5221836E+002, 1.7053690E+002, 1.5061404E+002, 1.4627772E+002,-1.5593367E+000,-1.3983067E+000,-1.2347958E+000,-1.5668641E+000,-1.7353091E+000,-1.5697745E+000,-1.3086820E+000,-1.6211344E+000,-1.6476232E+000,-1.3481489E+000,-1.7229068E+000,-2.0196982E+000,-2.3315663E+000,-3.1362996E+000, 4.9037753E-001, 4.5764695E+000, 4.9416513E+000, 4.9941979E+000, 4.0900858E+000, 4.0959553E+000, 4.6543200E+000, 3.8525050E+000, 3.7619975E+000, 1.0179274E+004, 1.5607577E+000, 5.7018721E+000, 3.4843276E+000
 2.8800495E+002, 1.2396381E+002, 1.3044903E+002, 1.3007481E+002, 1.3937868E+002, 1.4619806E+002, 1.5104834E+002, 1.5383865E+002, 1.5838561E+002, 1.6145558E+002, 1.6727184E+002, 1.8277467E+002, 1.8696598E+002, 2.0003162E+002, 1.8098029E+002, 1.9649738E+002, 2.0440637E+002, 1.7603751E+002, 1.6239662E+002, 1.6233091E+002, 1.6680364E+002, 1.4958589E+002, 1.4938374E+002, 1.4256313E+002,-1.3629368E+000,-1.2391941E+000,-1.2591151E+000,-1.6850157E+000,-1.7193361E+000,-1.5596625E+000,-1.5396166E+000,-1.9014743E+000,-1.2988122E+000,-1.6464434E+000,-1.8251314E+000,-2.2903922E+000,-2.3563847E+000,-2.6598439E+000,-1.1340893E+000, 4.1217758E+000, 4.9066011E+000, 4.4299916E+000, 4.3791811E+000, 3.9187653E+000, 3.6605978E+000, 3.5793882E+000, 3.6510508E+000, 9.8047643E+003, 1.5812410E+000, 5.6685208E+000, 3.2927455E+000
 2.8900072E+002, 1.2522931E+002, 1.2815702E+002, 1.2922776E+002, 1.4054119E+002, 1.4466416E+002, 1.5237872E+002, 1.5374074E+002, 1.5591145E+002, 1.6127141E+002, 1.7242895E+002, 1.7475640E+002, 1.9669605E+002, 1.7742704E+002, 1.9339491E+002, 2.2041553E+002, 1.9929222E+002, 1.9227350E+002, 1.8335351E+002, 1.4485077E+002, 1.6072384E+002, 1.5225572E+002, 1.4703979E+002, 1.5121582E+002,-1.3190207E+000,-1.1956171E+000,-1.6082191E+000,-1.6082654E+000,-1.5862876E+000,-1.5651243E+000,-1.7435269E+000,-1.4618791E+000,-1.3630139E+000,-1.7453904E+000,-1.9460611E+000,-2.7640072E+000,-1.0031679E+000,-3.0958999E+000, 5.5288896E-001, 2.9395195E+000, 4.7868074E+000, 4.7749418E+000, 3.1133040E+000, 2.8379102E+000, 3.4538624E+000, 3.6658430E+000, 3.8336644E+000, 1.0049751E+004, 1.5478431E+000, 5.8163372E+000, 2.7886637E+000
 2.9000013E+002, 1.2705697E+002, 1.2374031E+002, 1.3445921E+002, 1.4196797E+002, 1.4829726E+002, 1.5125191E+002, 1.5307012E+002, 1.5452016E+002, 1.6484922E+002, 1.6478243E+002, 1.8429715E+002, 1.8443686E+002, 1.8122885E+002, 1.8631445E+002, 2.3060510E+002, 1.9507191E+002, 1.7755557E+002, 1.7486941E+002, 1.7753074E+002, 1.6342267E+002, 1.5686240E+002, 1.3956401E+002, 1.4174102E+002,-1.3714078E+000,-1.1117982E+000,-1.4619313E+000,-1.6335395E+000,-1.6390147E+000,-1.6935790E+000,-1.5837981E+000,-1.3598581E+000,-1.7372144E+000,-1.2877544E+000,-2.3055323E+000,-1.5524606E+000,-1.0043802E+000,-2.4219508E+000, 4.1038519E-001, 3.2798277E+000, 4.0456600E+000, 4.4212581E+000, 4.6389479E+000, 3.2268054E+000, 3.2814823E+000, 2.7302673E+000, 3.8168958E+000, 9.8626487E+003, 1.5254408E+000, 5.4536347E+000, 2.8433330E+000
 2.9101202E+002, 1.2540721E+002, 1.2236967E+002, 1.3009904E+002, 1.4244676E+002, 1.4858735E+002, 1.5019710E+002, 1.5145152E+002, 1.5821728E+002, 1.5932817E+002, 1.7253641E+002, 1.7688154E+002, 1.7501510E+002, 1.8013366E+002, 1.8093965E+002, 2.3481365E+002, 2.2064744E+002, 1.9436608E+002, 1.6940340E+002, 1.5765004E+002, 1.6182693E+002, 1.4938679E+002, 1.4669559E+002, 1.3333682E+002,-1.2819814E+000,-1.0661204E+000,-1.8147242E+000,-1.5454715E+000,-1.7166934E+000,-1.8375175E+000,-1.4021077E+000,-1.6880882E+000,-1.5312722E+000,-2.0626716E+000,-1.4408841E+000,-1.4511357E+000,-1.5899811E+000, 2.1213133E-001, 4.0895968E-001, 4.5082081E+000, 5.4579922E+000, 3.7488870E+000, 3.7590558E+000, 4.7431578E+000, 2.9711811E+000, 3.4277971E+000, 2.9702190E+000, 1.0134713E+004, 1.5677101E+000, 5.2661408E+000, 3.7973684E+000
 2.9201075E+002, 1.2276993E+002, 1.2557656E+002, 1.3260637E+002, 1.4338927E+002, 1.4762125E+002, 1.4866430E+002, 1.5168998E+002, 1.5886138E+002, 1.6035894E+002, 1.7681637E+002, 1.6592156E+002, 1.7714776E+002, 1.7701419E+002, 1.6624938E+002, 2.2850670E+002, 2.0386909E+002, 2.0248766E+002, 1.6475702E+002, 1.7597951E+002, 1.5132811E+002, 1.6457699E+002, 1.3977582E+002, 1.3530665E+002,-1.0330547E+000,-1.0963838E+000,-1.6601648E+000,-1.6493307E+000,-1.7347346E+000,-1.4799914E+000,-1.5382438E+000,-1.5276689E+000,-1.9295710E+000,-1.3806008E+000,-1.2550333E+000,-1.6921720E+000,-9.9367467E-001, 4.4980844E-002, 1.5327100E-001, 2.6268347E+000, 4.8303834E+000, 5.3327673E+000, 4.6251642E+000, 3.6033326E+000, 4.1459638E+000, 3.2027694E+000, 2.9922591E+000, 1.0001262E+004, 1.5959429E+000, 5.4660400E+000, 2.8502022E+000
 2.9300692E+002, 1.2310003E+002, 1.2820732E+002, 1.3437068E+002, 1.4414986E+002, 1.4491814E+002, 1.4810287E+002, 1.5508066E+002, 1.5711060E+002, 1.6395078E+002, 1.6916341E+002, 1.6655902E+002, 1.7008910E+002, 1.7333516E+002, 1.9493279E+002, 2.2900551E+002, 1.8924345E+002, 1.6917753E+002, 1.7178051E+002, 1.5569828E+002, 1.6464429E+002, 1.4400590E+002, 1.5005805E+002, 1.3988135E+002,-1.1349560E+000,-1.1638500E+000,-1.7745749E+000,-1.4463184E+000,-1.6644245E+000,-1.4946539E+000,-1.7831951E+000,-1.6600677E+000,-1.6149851E+000,-1.3845980E+000,-1.5339247E+000,-1.3895163E+000,-9.6018790E-001,-1.9114405E+000, 2.3208321E-001, 2.4871292E+000, 4.3104357E+000, 4.5010554E+000, 4.2996382E+000, 5.1171147E+000, 3.8526082E+000, 3.4502051E+000, 3.3303380E+000, 9.9331341E+003, 1.6000942E+000, 5.4571729E+000, 2.5932661E+000
 2.9400825E+002, 1.2075217E+002, 1.2435706E+002, 1.3599345E+002, 1.4333804E+002, 1.4479809E+002, 1.4916456E+002, 1.5501205E+002, 1.5821976E+002, 1.6234506E+002, 1.6416095E+002, 1.6895683E+002, 1.6364171E+002, 1.8020040E+002, 2.0555802E+002, 2.0892133E+002, 2.0748301E+002, 1.7509114E+002, 1.5815284E+002, 1.5657683E+002, 1.6332468E+002, 1.5923953E+002, 1.4644079E+002, 1.3911195E+002,-1.0789109E+000,-1.4179829E+000,-1.6390758E+000,-1.6505375E+000,-1.5058042E+000,-1.8503237E+000,-1.5261288E+000,-1.6456869E+000,-1.5120365E+000,-1.3288216E+000,-1.6300785E+000,-1.3369925E+000,-1.2394359E+000,-2.7961972E+000, 9.7365564E-001, 3.5217860E+000, 3.6423042E+000, 3.8387822E+000, 3.8403255E+000, 3.2256509E+000, 4.4680428E+000, 3.7370028E+000, 3.5946748E+000, 1.0053064E+004, 1.6497477E+000, 5.2760606E+000, 3.2062977E+000
 2.9500959E+002, 1.1862440E+002, 1.3065570E+002, 1.3621837E+002, 1.4106551E+002, 1.4243905E+002, 1.5302902E+002, 1.5658235E+002, 1.5955648E+002, 1.6263477E+002, 1.6061782E+002, 1.6003539E+002, 1.6654474E+002, 1.9930484E+002, 1.7210068E+002, 2.4476984E+002, 2.2759047E+002, 1.8352420E+002, 1.8453510E+002, 1.4700294E+002, 1.4279372E+002, 1.5145717E+002, 1.4389335E+002, 1.4748494E+002,-1.1587666E+000,-1.4822368E+000,-1.5743663E+000,-1.6895344E+000,-1.5772075E+000,-1.7141399E+000,-1.9646661E+000,-1.7396645E+000,-1.7788112E+000,-1.5112331E+000,-1.5365170E+000,-1.4358214E+000,-1.9338605E+000,-2.2808626E+000, 5.6377596E-001, 3.9501063E+000, 4.8435044E+000, 4.1476823E+000, 3.7713376E+000, 3.3627545E+000, 3.8576722E+000, 3.6289579E+000, 3.0957781E+000, 1.0021497E+004, 1.6376929E+000, 5.3696100E+000, 3.4604269E+000
 2.9601222E+002, 1.2072095E+002, 1.3038516E+002, 1.3532165E+002, 1.4120013E+002, 1.4956949E+002, 1.5292912E+002, 1.5787657E+002, 1.5468061E+002, 1.5882823E+002, 1.5958933E+002, 1.6156692E+002, 1.9463626E+002, 1.8735935E+002, 1.8214116E+002, 2.2991143E+002, 2.1159135E+002, 1.9730845E+002, 1.7583705E+002, 1.7841187E+002, 1.5105290E+002, 1.4638126E+002, 1.5115935E+002, 1.3830436E+002,-1.1701124E+000,-1.2994634E+000,-1.4663453E+000,-1.4987145E+000,-1.8463815E+000,-1.9197825E+000,-1.6380422E+000,-1.5197979E+000,-1.3107067E+000,-1.3580634E+000,-1.3097865E+000,-2.1386942E+000,-1.9320185E+000,-2.7248840E+000, 8.0852325E-001, 3.5215331E+000, 5.1125516E+000, 4.8527116E+000, 4.3354078E+000, 3.6380093E+000, 2.7113666E+000, 3.6084468E+000, 3.4605123E+000, 9.7726272E+003, 1.5562194E+000, 5.5494586E+000, 3.3673153E+000
 2.9700847E+002, 1.1982840E+002, 1.3026456E+002, 1.3664200E+002, 1.4037228E+002, 1.5011975E+002, 1.5512797E+002, 1.5343017E+002, 1.5697337E+002, 1.5510644E+002, 1.5690427E+002, 1.7489080E+002, 1.9301567E+002, 1.8623744E+002, 1.9645921E+002, 2.3447677E+002, 2.1924569E+002, 1.8826141E+002, 1.7862847E+002, 1.7665226E+002, 1.7407862E+002, 1.3637837E+002, 1.3841457E+002, 1.4634743E+002,-1.3725463E+000,-1.4318567E+000,-1.3520970E+000,-1.6054957E+000,-1.6422002E+000,-1.7098947E+000,-1.6565507E+000,-1.4992917E+000,-1.5035240E+000,-1.3583973E+000,-1.3808753E+000,-2.0669788E+000,-1.8901900E+000,-2.7180820E+000, 5.9378704E-001, 3.2119322E+000, 4.5049100E+000, 4.2187644E+000, 4.3171119E+000, 4.6508167E+000, 3.0620879E+000, 2.7065163E+000, 3.4039392E+000, 1.0103541E+004, 1.5218897E+000, 5.4926495E+000, 2.9957784E+000
 2.9800473E+002, 1.1911583E+002, 1.2709897E+002, 1.3751218E+002, 1.4820474E+002, 1.5185433E+002, 1.5258347E+002, 1.5055168E+002, 1.5400712E+002, 1.5447885E+002, 1.6045165E+002, 1.8543186E+002, 1.8327222E+002, 1.8497702E+002, 1.7881453E+002, 2.4008711E+002, 2.0836361E+002, 1.9790330E+002, 1.7617181E+002, 1.7139028E+002, 1.6880265E+002, 1.5216785E+002, 1.3964546E+002, 1.4095721E+002,-1.4760567E+000,-1.4232156E+000,-1.5918481E+000,-1.7119876E+000,-1.7870225E+000,-1.7227230E+000,-1.3766176E+000,-1.2594495E+000,-1.3944077E+000,-1.3659888E+000,-1.9823336E+000,-1.8558471E+000,-7.4535574E-001,-1.8496986E+000,-1.0115219E+000, 3.9729982E+000, 4.7477987E+000, 4.8944222E+000, 4.5328051E+000, 3.8542098E+000, 3.8105849E+000, 2.4202408E+000, 3.4348727E+000, 1.0013563E+004, 1.4794279E+000, 5.5268359E+000, 3.2182683E+000
 2.9900288E+002, 1.2016461E+002, 1.2850927E+002, 1.3598881E+002, 1.4667526E+002, 1.5016170E+002, 1.4818138E+002, 1.5160144E+002, 1.5119660E+002, 1.5422498E+002, 1.7930866E+002, 1.7894656E+002, 1.8016477E+002, 1.8190682E+002, 2.0077919E+002, 2.4380630E+002, 2.1502070E+002, 2.0595085E+002, 1.8460849E+002, 1.7219274E+002, 1.4887139E+002, 1.5589776E+002, 1.3863090E+002, 1.3235316E+002,-1.1690710E+000,-1.4594920E+000,-1.4317033E+000,-1.7022630E+000,-1.6397982E+000,-1.5701624E+000,-1.4044936E+000,-1.4459308E+000,-1.3497450E+000,-1.9556735E+000,-1.5894919E+000,-1.5148433E+000,-1.3095411E+000,-1.9984867E+000,-1.2317871E+000, 3.6545891E+000, 4.6545267E+000, 4.3916417E+000, 4.7384781E+000, 4.2895356E+000, 3.8086020E+000, 3.1489304E+000, 2.7604221E+000, 9.8972980E+003, 1.4527573E+000, 5.4944657E+000, 3.4873943E+000
 3.0000000E+002, 1.2274748E+002, 1.3002367E+002, 1.3683377E+002, 1.4807677E+002, 1.4712816E+002, 1.4726530E+002, 1.4945852E+002, 1.5114023E+002, 1.6582403E+002, 1.7117804E+002, 1.8096025E+002, 1.7542615E+002, 1.9485583E+002, 2.1272607E+002, 2.5201108E+002, 2.0989074E+002, 1.7214032E+002, 1.7254538E+002, 1.7216622E+002, 1.6344922E+002, 1.5175637E+002, 1.4549250E+002, 1.3233269E+002,-1.2511861E+000,-1.3820582E+000,-1.7184601E+000,-1.6924751E+000,-1.5950666E+000,-1.3069407E+000,-1.3541289E+000,-1.3413394E+000,-1.8646837E+000,-1.3775086E+000,-1.6424776E+000,-1.5797529E+000,-2.1276665E+000,-3.5472561E+000,-6.1280195E-002, 3.1684692E+000, 4.0825726E+000, 4.0667918E+000, 4.1617966E+000, 4.0956252E+000, 3.4786393E+000, 3.8511534E+000, 2.9067831E+000, 1.0415275E+004, 1.4342693E+000, 5.3711364E+000, 3.0208427E+000
