physical_case_id,parent_case_id,run_chid,job_attempt_id,window_id,batch,x_coord_m,y_coord_m,z_coord_m,xf_actual_m,xi,temp_mean_C,deltaT_mean_K,deltaT_ci95_low_K,deltaT_ci95_high_K,Theta,point_role,detection_limit_K,bootstrap_n,bootstrap_block_len_samples
d_q018_s35_x50,d_q018_s35,d_q018_s35_x50_g25_r104729,d_q018_s35_x50_g25_r104729_a01,QS60_V1,D1,5.0,5.0,4.5,50.0,9.0,159.8892767213115,139.8892767213115,138.3592854385246,141.53687638114755,0.22102900662883643,QC_ONLY,0.5,2000,7
d_q018_s35_x50,d_q018_s35,d_q018_s35_x50_g25_r104729,d_q018_s35_x50_g25_r104729_a01,QS60_V1,D1,10.0,5.0,4.5,50.0,8.0,166.88857524590165,146.88857524590165,145.23077666393442,148.5763695204918,0.23208809590464194,QC_ONLY,0.5,2000,7
d_q018_s35_x50,d_q018_s35,d_q018_s35_x50_g25_r104729,d_q018_s35_x50_g25_r104729_a01,QS60_V1,D1,15.0,5.0,4.5,50.0,7.0,174.12103147540984,154.12103147540984,152.4061707704918,155.8360485942623,0.24351558093681808,QC_ONLY,0.5,2000,7
d_q018_s35_x50,d_q018_s35,d_q018_s35_x50_g25_r104729,d_q018_s35_x50_g25_r104729_a01,QS60_V1,D1,17.5,5.0,4.5,50.0,6.5,178.37971721311476,158.37971721311476,156.48551007377048,160.27987252049184,0.2502444246352851,QC_ONLY,0.5,2000,7
d_q018_s35_x50,d_q018_s35,d_q018_s35_x50_g25_r104729,d_q018_s35_x50_g25_r104729_a01,QS60_V1,D1,20.0,5.0,4.5,50.0,6.0,183.09366852459016,163.09366852459016,160.80682406557378,165.3017395,0.25769260079354656,QC_ONLY,0.5,2000,7
d_q018_s35_x50,d_q018_s35,d_q018_s35_x50_g25_r104729,d_q018_s35_x50_g25_r104729_a01,QS60_V1,D1,22.5,5.0,4.5,50.0,5.5,188.1426373770492,168.1426373770492,165.63572940163937,170.5756748442623,0.2656701141249094,QC_ONLY,0.5,2000,7
d_q018_s35_x50,d_q018_s35,d_q018_s35_x50_g25_r104729,d_q018_s35_x50_g25_r104729_a01,QS60_V1,D1,25.0,5.0,4.5,50.0,5.0,193.43861770491804,173.43861770491804,170.69495953688525,176.009772454918,0.2740379125611449,ACTIVE,0.5,2000,7
d_q018_s35_x50,d_q018_s35,d_q018_s35_x50_g25_r104729,d_q018_s35_x50_g25_r104729_a01,QS60_V1,D1,27.5,5.0,4.5,50.0,4.5,198.67062032786885,178.67062032786885,175.87112244262295,181.411133397541,0.28230462441736615,ACTIVE,0.5,2000,7
d_q018_s35_x50,d_q018_s35,d_q018_s35_x50_g25_r104729,d_q018_s35_x50_g25_r104729_a01,QS60_V1,D1,30.0,5.0,4.5,50.0,4.0,205.40678918032788,185.40678918032788,182.5042708114754,188.0448042418033,0.2929479613824239,ACTIVE,0.5,2000,7
d_q018_s35_x50,d_q018_s35,d_q018_s35_x50_g25_r104729,d_q018_s35_x50_g25_r104729_a01,QS60_V1,D1,31.25,5.0,4.5,50.0,3.75,209.25446360655735,189.25446360655735,186.3492680081967,191.93542465163932,0.2990273956049265,ACTIVE,0.5,2000,7
d_q018_s35_x50,d_q018_s35,d_q018_s35_x50_g25_r104729,d_q018_s35_x50_g25_r104729_a01,QS60_V1,D1,32.5,5.0,4.5,50.0,3.5,212.70429163934426,192.70429163934426,189.83081315983605,195.64254136885248,0.3044782212936338,ACTIVE,0.5,2000,7
d_q018_s35_x50,d_q018_s35,d_q018_s35_x50_g25_r104729,d_q018_s35_x50_g25_r104729_a01,QS60_V1,D1,33.75,5.0,4.5,50.0,3.25,216.75157852459014,196.75157852459014,194.05001043032786,199.6113685819672,0.3108730488369199,ACTIVE,0.5,2000,7
d_q018_s35_x50,d_q018_s35,d_q018_s35_x50_g25_r104729,d_q018_s35_x50_g25_r104729_a01,QS60_V1,D1,35.0,5.0,4.5,50.0,3.0,221.72365786885246,201.72365786885246,198.80556652868853,204.7384238442623,0.31872907457455696,ACTIVE,0.5,2000,7
d_q018_s35_x50,d_q018_s35,d_q018_s35_x50_g25_r104729,d_q018_s35_x50_g25_r104729_a01,QS60_V1,D1,36.25,5.0,4.5,50.0,2.75,228.26458819672132,208.26458819672132,204.68441127868851,211.78232172131146,0.3290639291587113,ACTIVE,0.5,2000,7
d_q018_s35_x50,d_q018_s35,d_q018_s35_x50_g25_r104729,d_q018_s35_x50_g25_r104729_a01,QS60_V1,D1,37.5,5.0,4.5,50.0,2.5,235.27113655737705,215.27113655737705,211.17749427868853,219.3822023196721,0.3401344733801806,ACTIVE,0.5,2000,7
d_q018_s35_x50,d_q018_s35,d_q018_s35_x50_g25_r104729,d_q018_s35_x50_g25_r104729_a01,QS60_V1,D1,38.75,5.0,4.5,50.0,2.25,243.74755278688525,223.74755278688525,219.3002766967213,228.1919615409836,0.3535274503323255,ACTIVE,0.5,2000,7
d_q018_s35_x50,d_q018_s35,d_q018_s35_x50_g25_r104729,d_q018_s35_x50_g25_r104729_a01,QS60_V1,D1,40.0,5.0,4.5,50.0,2.0,252.802491147541,232.802491147541,228.36046300409836,237.18006554918034,0.36783450858474825,ACTIVE,0.5,2000,7
d_q018_s35_x50,d_q018_s35,d_q018_s35_x50_g25_r104729,d_q018_s35_x50_g25_r104729_a01,QS60_V1,D1,41.25,5.0,4.5,50.0,1.75,262.2051763934426,242.20517639344263,236.6631570901639,247.31698318442622,0.3826910167335865,ACTIVE,0.5,2000,7
d_q018_s35_x50,d_q018_s35,d_q018_s35_x50_g25_r104729,d_q018_s35_x50_g25_r104729_a01,QS60_V1,D1,42.5,5.0,4.5,50.0,1.5,277.87923934426226,257.87923934426226,251.2991032090164,263.7429075327869,0.4074564787122009,ACTIVE,0.5,2000,7
d_q018_s35_x50,d_q018_s35,d_q018_s35_x50_g25_r104729,d_q018_s35_x50_g25_r104729_a01,QS60_V1,D1,43.75,5.0,4.5,50.0,1.25,297.61585311475415,277.61585311475415,268.36855629098363,286.6672016762295,0.43864088568143256,ACTIVE,0.5,2000,7
d_q018_s35_x50,d_q018_s35,d_q018_s35_x50_g25_r104729,d_q018_s35_x50_g25_r104729_a01,QS60_V1,D1,45.0,5.0,4.5,50.0,1.0,323.5580116393443,303.5580116393443,293.1395615737705,314.1575052786885,0.4796302285595233,ACTIVE,0.5,2000,7
d_q018_s35_x50,d_q018_s35,d_q018_s35_x50_g25_r104729,d_q018_s35_x50_g25_r104729_a01,QS60_V1,D1,46.25,5.0,4.5,50.0,0.75,354.55968934426227,334.55968934426227,323.10568359836066,345.3738512049181,0.5286137545848706,ACTIVE,0.5,2000,7
d_q018_s35_x50,d_q018_s35,d_q018_s35_x50_g25_r104729,d_q018_s35_x50_g25_r104729_a01,QS60_V1,D1,47.5,5.0,4.5,50.0,0.5,397.8442727868852,377.8442727868852,362.9551371393443,391.9452819795082,0.5970046184516249,ACTIVE,0.5,2000,7
d_q018_s35_x50,d_q018_s35,d_q018_s35_x50_g25_r104729,d_q018_s35_x50_g25_r104729_a01,QS60_V1,D1,48.75,5.0,4.5,50.0,0.25,575.7797475409835,555.7797475409835,532.6421302827869,577.0518679221311,0.8781476921075141,ACTIVE,0.5,2000,7
d_q018_s35_x50,d_q018_s35,d_q018_s35_x50_g25_r104729,d_q018_s35_x50_g25_r104729_a01,QS60_V1,D1,50.0,5.0,4.5,50.0,0.0,721.938060819672,701.938060819672,674.4476770040985,726.2521455081967,1.1090819534869159,ACTIVE,0.5,2000,7
d_q018_s35_x50,d_q018_s35,d_q018_s35_x50_g25_r104729,d_q018_s35_x50_g25_r104729_a01,QS60_V1,D1,51.25,5.0,4.5,50.0,0.25,496.8123147540984,476.8123147540984,460.7434404467213,493.02961696311473,0.753376918864567,ACTIVE,0.5,2000,7
d_q018_s35_x50,d_q018_s35,d_q018_s35_x50_g25_r104729,d_q018_s35_x50_g25_r104729_a01,QS60_V1,D1,52.5,5.0,4.5,50.0,0.5,373.22682770491804,353.22682770491804,339.6219020081967,366.79049543032784,0.55810836021271,ACTIVE,0.5,2000,7
d_q018_s35_x50,d_q018_s35,d_q018_s35_x50_g25_r104729,d_q018_s35_x50_g25_r104729_a01,QS60_V1,D1,53.75,5.0,4.5,50.0,0.75,340.0180314754098,320.0180314754098,307.468659602459,333.5969314262295,0.5056375246062706,ACTIVE,0.5,2000,7
d_q018_s35_x50,d_q018_s35,d_q018_s35_x50_g25_r104729,d_q018_s35_x50_g25_r104729_a01,QS60_V1,D1,55.0,5.0,4.5,50.0,1.0,306.70968704918033,286.70968704918033,276.0959676393443,298.5836236557377,0.4530094000385277,ACTIVE,0.5,2000,7
d_q018_s35_x50,d_q018_s35,d_q018_s35_x50_g25_r104729,d_q018_s35_x50_g25_r104729_a01,QS60_V1,D1,56.25,5.0,4.5,50.0,1.25,284.8676721311475,264.8676721311475,256.9913536311475,272.9535921721311,0.4184983998156669,ACTIVE,0.5,2000,7
d_q018_s35_x50,d_q018_s35,d_q018_s35_x50_g25_r104729,d_q018_s35_x50_g25_r104729_a01,QS60_V1,D1,57.5,5.0,4.5,50.0,1.5,268.85337967213115,248.85337967213115,241.6635023442623,256.2966661598361,0.3931953656086081,ACTIVE,0.5,2000,7
d_q018_s35_x50,d_q018_s35,d_q018_s35_x50_g25_r104729,d_q018_s35_x50_g25_r104729_a01,QS60_V1,D1,58.75,5.0,4.5,50.0,1.75,257.11635983606556,237.11635983606556,231.40579855327871,242.8065184590164,0.3746505429034571,ACTIVE,0.5,2000,7
d_q018_s35_x50,d_q018_s35,d_q018_s35_x50_g25_r104729,d_q018_s35_x50_g25_r104729_a01,QS60_V1,D1,60.0,5.0,4.5,50.0,2.0,246.22422934426228,226.22422934426228,221.25457549590163,231.27503062704918,0.3574406692154894,ACTIVE,0.5,2000,7
d_q018_s35_x50,d_q018_s35,d_q018_s35_x50_g25_r104729,d_q018_s35_x50_g25_r104729_a01,QS60_V1,D1,61.25,5.0,4.5,50.0,2.25,236.84152967213114,216.84152967213114,212.61114276639344,221.48730397131146,0.3426157388374491,ACTIVE,0.5,2000,7
d_q018_s35_x50,d_q018_s35,d_q018_s35_x50_g25_r104729,d_q018_s35_x50_g25_r104729_a01,QS60_V1,D1,62.5,5.0,4.5,50.0,2.5,228.5841937704918,208.5841937704918,204.62350368442623,212.88305973360656,0.3295689149884991,ACTIVE,0.5,2000,7
d_q018_s35_x50,d_q018_s35,d_q018_s35_x50_g25_r104729,d_q018_s35_x50_g25_r104729_a01,QS60_V1,D1,63.75,5.0,4.5,50.0,2.75,222.03622639344263,202.03622639344263,198.40977384836063,206.0918759057377,0.3192229416679671,ACTIVE,0.5,2000,7
d_q018_s35_x50,d_q018_s35,d_q018_s35_x50_g25_r104729,d_q018_s35_x50_g25_r104729_a01,QS60_V1,D1,65.0,5.0,4.5,50.0,3.0,216.50891,196.50891,193.00332197131146,200.47164040983606,0.31048962571695404,ACTIVE,0.5,2000,7
d_q018_s35_x50,d_q018_s35,d_q018_s35_x50_g25_r104729,d_q018_s35_x50_g25_r104729_a01,QS60_V1,D1,66.25,5.0,4.5,50.0,3.25,211.5917175409836,191.5917175409836,188.42026071721313,195.06598418032792,0.30272032280759376,ACTIVE,0.5,2000,7
d_q018_s35_x50,d_q018_s35,d_q018_s35_x50_g25_r104729,d_q018_s35_x50_g25_r104729_a01,QS60_V1,D1,67.5,5.0,4.5,50.0,3.5,206.80955311475412,186.80955311475412,184.18822999999998,189.71820758606557,0.29516436800220136,ACTIVE,0.5,2000,7
d_q018_s35_x50,d_q018_s35,d_q018_s35_x50_g25_r104729,d_q018_s35_x50_g25_r104729_a01,QS60_V1,D1,68.75,5.0,4.5,50.0,3.75,202.6158450819672,182.6158450819672,180.47129607786886,185.0180417008197,0.28853819091198085,ACTIVE,0.5,2000,7
d_q018_s35_x50,d_q018_s35,d_q018_s35_x50_g25_r104729,d_q018_s35_x50_g25_r104729_a01,QS60_V1,D1,70.0,5.0,4.5,50.0,4.0,199.40600721311475,179.40600721311475,177.48754420491804,181.39891354508197,0.2834665564577869,ACTIVE,0.5,2000,7
d_q018_s35_x50,d_q018_s35,d_q018_s35_x50_g25_r104729,d_q018_s35_x50_g25_r104729_a01,QS60_V1,D1,72.5,5.0,4.5,50.0,4.5,193.20204032786884,173.20204032786884,171.30618725409835,174.97599965163934,0.2736641136262615,ACTIVE,0.5,2000,7
d_q018_s35_x50,d_q018_s35,d_q018_s35_x50_g25_r104729,d_q018_s35_x50_g25_r104729_a01,QS60_V1,D1,75.0,5.0,4.5,50.0,5.0,187.7494167213115,167.7494167213115,165.86070745081963,169.56433509836066,0.26504881438728334,ACTIVE,0.5,2000,7
d_q018_s35_x50,d_q018_s35,d_q018_s35_x50_g25_r104729,d_q018_s35_x50_g25_r104729_a01,QS60_V1,D1,77.5,5.0,4.5,50.0,5.5,182.66428147540984,162.66428147540984,160.8547115614754,164.3686312377049,0.25701415713321735,QC_ONLY,0.5,2000,7
d_q018_s35_x50,d_q018_s35,d_q018_s35_x50_g25_r104729,d_q018_s35_x50_g25_r104729_a01,QS60_V1,D1,80.0,5.0,4.5,50.0,6.0,178.4162380327869,158.4162380327869,156.6357495409836,160.00087719262297,0.2503021285614373,QC_ONLY,0.5,2000,7
d_q018_s35_x50,d_q018_s35,d_q018_s35_x50_g25_r104729,d_q018_s35_x50_g25_r104729_a01,QS60_V1,D1,82.5,5.0,4.5,50.0,6.5,174.4767501639344,154.4767501639344,152.71372365163936,155.9750624180328,0.24407762650747705,QC_ONLY,0.5,2000,7
d_q018_s35_x50,d_q018_s35,d_q018_s35_x50_g25_r104729,d_q018_s35_x50_g25_r104729_a01,QS60_V1,D1,85.0,5.0,4.5,50.0,7.0,170.68701098360657,150.68701098360657,149.0459364672131,152.12923261065575,0.2380897316091497,QC_ONLY,0.5,2000,7
d_q018_s35_x50,d_q018_s35,d_q018_s35_x50_g25_r104729,d_q018_s35_x50_g25_r104729_a01,QS60_V1,D1,90.0,5.0,4.5,50.0,8.0,163.63949213114753,143.63949213114753,142.00279417213113,145.17144447131145,0.2269544528539361,QC_ONLY,0.5,2000,7
d_q018_s35_x50,d_q018_s35,d_q018_s35_x50_g25_r104729,d_q018_s35_x50_g25_r104729_a01,QS60_V1,D1,95.0,5.0,4.5,50.0,9.0,156.82725098360658,136.82725098360658,135.28265200409837,138.2919854590164,0.21619091951494587,QC_ONLY,0.5,2000,7
d_q027_s45_x40,d_q027_s45,d_q027_s45_x40_g25_r104729,d_q027_s45_x40_g25_r104729_a01,QS60_V1,D1,5.0,5.0,4.5,40.0,7.0,215.38284116666668,195.38284116666668,191.0151550375,198.999695825,0.24179090156423644,QC_ONLY,0.5,2000,16
d_q027_s45_x40,d_q027_s45,d_q027_s45_x40_g25_r104729,d_q027_s45_x40_g25_r104729_a01,QS60_V1,D1,10.0,5.0,4.5,40.0,6.0,227.78201016666665,207.78201016666665,202.793250475,211.9007908125,0.2571351673823384,QC_ONLY,0.5,2000,16
d_q027_s45_x40,d_q027_s45,d_q027_s45_x40_g25_r104729,d_q027_s45_x40_g25_r104729_a01,QS60_V1,D1,15.0,5.0,4.5,40.0,5.0,241.19985766666665,221.19985766666665,215.3646708875,225.92526897916667,0.27374007201318545,ACTIVE,0.5,2000,16
d_q027_s45_x40,d_q027_s45,d_q027_s45_x40_g25_r104729,d_q027_s45_x40_g25_r104729_a01,QS60_V1,D1,17.5,5.0,4.5,40.0,4.5,249.65117016666667,229.65117016666667,223.55063140833332,234.35941416666668,0.28419877174635694,ACTIVE,0.5,2000,16
d_q027_s45_x40,d_q027_s45,d_q027_s45_x40_g25_r104729,d_q027_s45_x40_g25_r104729_a01,QS60_V1,D1,20.0,5.0,4.5,40.0,4.0,259.7320941666667,239.73209416666666,233.38995303333334,245.06221435833334,0.29667415437466726,ACTIVE,0.5,2000,16
d_q027_s45_x40,d_q027_s45,d_q027_s45_x40_g25_r104729,d_q027_s45_x40_g25_r104729_a01,QS60_V1,D1,22.5,5.0,4.5,40.0,3.5,272.6623595,252.6623595,246.51725925416667,258.4087200625,0.3126756645059717,ACTIVE,0.5,2000,16
d_q027_s45_x40,d_q027_s45,d_q027_s45_x40_g25_r104729,d_q027_s45_x40_g25_r104729_a01,QS60_V1,D1,25.0,5.0,4.5,40.0,3.0,288.57390150000003,268.57390150000003,261.7095491333333,276.08550839583336,0.3323665752455458,ACTIVE,0.5,2000,16
d_q027_s45_x40,d_q027_s45,d_q027_s45_x40_g25_r104729,d_q027_s45_x40_g25_r104729_a01,QS60_V1,D1,27.5,5.0,4.5,40.0,2.5,307.017589,287.017589,281.0199629541666,293.9966380875,0.3551910761186288,ACTIVE,0.5,2000,16
d_q027_s45_x40,d_q027_s45,d_q027_s45_x40_g25_r104729,d_q027_s45_x40_g25_r104729_a01,QS60_V1,D1,30.0,5.0,4.5,40.0,2.0,333.1820936666667,313.1820936666667,308.368788125,318.8089988583333,0.38757027141827377,ACTIVE,0.5,2000,16
d_q027_s45_x40,d_q027_s45,d_q027_s45_x40_g25_r104729,d_q027_s45_x40_g25_r104729_a01,QS60_V1,D1,31.25,5.0,4.5,40.0,1.75,350.76139216666667,330.76139216666667,324.68175345416665,337.46311590833335,0.4093250703955086,ACTIVE,0.5,2000,16
d_q027_s45_x40,d_q027_s45,d_q027_s45_x40_g25_r104729,d_q027_s45_x40_g25_r104729_a01,QS60_V1,D1,32.5,5.0,4.5,40.0,1.5,375.0129121666667,355.0129121666667,346.9712902041666,364.9986946083333,0.4393369017830005,ACTIVE,0.5,2000,16
d_q027_s45_x40,d_q027_s45,d_q027_s45_x40_g25_r104729,d_q027_s45_x40_g25_r104729_a01,QS60_V1,D1,33.75,5.0,4.5,40.0,1.25,408.884857,388.884857,378.6296069875,402.23862521666666,0.4812542371543268,ACTIVE,0.5,2000,16
d_q027_s45_x40,d_q027_s45,d_q027_s45_x40_g25_r104729,d_q027_s45_x40_g25_r104729_a01,QS60_V1,D1,35.0,5.0,4.5,40.0,1.0,445.51224583333334,425.51224583333334,409.2940157833334,445.5291016708333,0.5265814998508548,ACTIVE,0.5,2000,16
d_q027_s45_x40,d_q027_s45,d_q027_s45_x40_g25_r104729,d_q027_s45_x40_g25_r104729_a01,QS60_V1,D1,36.25,5.0,4.5,40.0,0.75,486.6762723333333,466.6762723333333,447.968708625,489.1869173791666,0.5775229592953864,ACTIVE,0.5,2000,16
d_q027_s45_x40,d_q027_s45,d_q027_s45_x40_g25_r104729,d_q027_s45_x40_g25_r104729_a01,QS60_V1,D1,37.5,5.0,4.5,40.0,0.5,564.923461,544.923461,524.1266473291666,564.3057252333333,0.6743557117500477,ACTIVE,0.5,2000,16
d_q027_s45_x40,d_q027_s45,d_q027_s45_x40_g25_r104729,d_q027_s45_x40_g25_r104729_a01,QS60_V1,D1,38.75,5.0,4.5,40.0,0.25,760.9525831666667,740.9525831666667,719.6779518791667,760.8935745583334,0.9169464013853388,ACTIVE,0.5,2000,16
d_q027_s45_x40,d_q027_s45,d_q027_s45_x40_g25_r104729,d_q027_s45_x40_g25_r104729_a01,QS60_V1,D1,40.0,5.0,4.5,40.0,0.0,870.9833633333333,850.9833633333333,825.4323420333334,873.9160391624998,1.0531121024134056,ACTIVE,0.5,2000,16
d_q027_s45_x40,d_q027_s45,d_q027_s45_x40_g25_r104729,d_q027_s45_x40_g25_r104729_a01,QS60_V1,D1,41.25,5.0,4.5,40.0,0.25,687.2467053333334,667.2467053333334,638.0368533708333,694.8691486458332,0.8257336288333058,ACTIVE,0.5,2000,16
d_q027_s45_x40,d_q027_s45,d_q027_s45_x40_g25_r104729,d_q027_s45_x40_g25_r104729_a01,QS60_V1,D1,42.5,5.0,4.5,40.0,0.5,514.6976546666667,494.69765466666666,480.3840947625,506.9900717,0.6122000847634992,ACTIVE,0.5,2000,16
d_q027_s45_x40,d_q027_s45,d_q027_s45_x40_g25_r104729,d_q027_s45_x40_g25_r104729_a01,QS60_V1,D1,43.75,5.0,4.5,40.0,0.75,448.04086716666666,428.04086716666666,413.9609855666667,442.81711574583335,0.5297107287445,ACTIVE,0.5,2000,16
d_q027_s45_x40,d_q027_s45,d_q027_s45_x40_g25_r104729,d_q027_s45_x40_g25_r104729_a01,QS60_V1,D1,45.0,5.0,4.5,40.0,1.0,406.5789741666667,386.5789741666667,369.5864669875,405.66776484999997,0.4784006524390878,ACTIVE,0.5,2000,16
d_q027_s45_x40,d_q027_s45,d_q027_s45_x40_g25_r104729,d_q027_s45_x40_g25_r104729_a01,QS60_V1,D1,46.25,5.0,4.5,40.0,1.25,372.2607595,352.2607595,339.0753867708333,367.9551018541666,0.43593104756088835,ACTIVE,0.5,2000,16
d_q027_s45_x40,d_q027_s45,d_q027_s45_x40_g25_r104729,d_q027_s45_x40_g25_r104729_a01,QS60_V1,D1,47.5,5.0,4.5,40.0,1.5,345.702621,325.702621,315.2216930833333,338.0185792541667,0.40306472105320323,ACTIVE,0.5,2000,16
d_q027_s45_x40,d_q027_s45,d_q027_s45_x40_g25_r104729,d_q027_s45_x40_g25_r104729_a01,QS60_V1,D1,48.75,5.0,4.5,40.0,1.75,327.26053800000005,307.26053800000005,299.0421395458334,317.1356676666667,0.3802422057869383,ACTIVE,0.5,2000,16
d_q027_s45_x40,d_q027_s45,d_q027_s45_x40_g25_r104729,d_q027_s45_x40_g25_r104729_a01,QS60_V1,D1,50.0,5.0,4.5,40.0,2.0,314.6899541666666,294.6899541666666,286.94887170416666,304.2892320708333,0.3646858100456266,ACTIVE,0.5,2000,16
d_q027_s45_x40,d_q027_s45,d_q027_s45_x40_g25_r104729,d_q027_s45_x40_g25_r104729_a01,QS60_V1,D1,51.25,5.0,4.5,40.0,2.25,304.29263166666664,284.29263166666664,277.6872084583334,292.34845235833336,0.3518188767667486,ACTIVE,0.5,2000,16
d_q027_s45_x40,d_q027_s45,d_q027_s45_x40_g25_r104729,d_q027_s45_x40_g25_r104729_a01,QS60_V1,D1,52.5,5.0,4.5,40.0,2.5,293.76040183333333,273.76040183333333,268.07342850416666,281.1207607041666,0.3387849924620819,ACTIVE,0.5,2000,16
d_q027_s45_x40,d_q027_s45,d_q027_s45_x40_g25_r104729,d_q027_s45_x40_g25_r104729_a01,QS60_V1,D1,53.75,5.0,4.5,40.0,2.75,283.81671816666665,263.81671816666665,258.71072719583333,270.67857362916664,0.32647944800241263,ACTIVE,0.5,2000,16
d_q027_s45_x40,d_q027_s45,d_q027_s45_x40_g25_r104729,d_q027_s45_x40_g25_r104729_a01,QS60_V1,D1,55.0,5.0,4.5,40.0,3.0,274.7891955,254.7891955,250.02744907916667,261.37000305,0.31530767451692554,ACTIVE,0.5,2000,16
d_q027_s45_x40,d_q027_s45,d_q027_s45_x40_g25_r104729,d_q027_s45_x40_g25_r104729_a01,QS60_V1,D1,56.25,5.0,4.5,40.0,3.25,266.36903533333333,246.36903533333333,242.2740600125,252.088571375,0.3048875265353691,ACTIVE,0.5,2000,16
d_q027_s45_x40,d_q027_s45,d_q027_s45_x40_g25_r104729,d_q027_s45_x40_g25_r104729_a01,QS60_V1,D1,57.5,5.0,4.5,40.0,3.5,259.92431516666664,239.92431516666664,236.44934544166665,244.58503691250002,0.2969120324227704,ACTIVE,0.5,2000,16
d_q027_s45_x40,d_q027_s45,d_q027_s45_x40_g25_r104729,d_q027_s45_x40_g25_r104729_a01,QS60_V1,D1,58.75,5.0,4.5,40.0,3.75,254.42969016666666,234.42969016666666,231.56813831666665,238.09763627499999,0.29011230362072016,ACTIVE,0.5,2000,16
d_q027_s45_x40,d_q027_s45,d_q027_s45_x40_g25_r104729,d_q027_s45_x40_g25_r104729_a01,QS60_V1,D1,60.0,5.0,4.5,40.0,4.0,248.8742015,228.8742015,226.00902919166668,232.31002625833332,0.2832372545871288,ACTIVE,0.5,2000,16
d_q027_s45_x40,d_q027_s45,d_q027_s45_x40_g25_r104729,d_q027_s45_x40_g25_r104729_a01,QS60_V1,D1,61.25,5.0,4.5,40.0,4.25,243.71669583333332,223.71669583333332,220.71869168333333,227.3997319,0.2768547189585152,ACTIVE,0.5,2000,16
d_q027_s45_x40,d_q027_s45,d_q027_s45_x40_g25_r104729,d_q027_s45_x40_g25_r104729_a01,QS60_V1,D1,62.5,5.0,4.5,40.0,4.5,239.13255116666667,219.13255116666667,216.0014915916667,223.03837952083333,0.2711817311708685,ACTIVE,0.5,2000,16
d_q027_s45_x40,d_q027_s45,d_q027_s45_x40_g25_r104729,d_q027_s45_x40_g25_r104729_a01,QS60_V1,D1,63.75,5.0,4.5,40.0,4.75,234.90984650000001,214.90984650000001,211.86254027083334,218.596036175,0.26595603395868656,ACTIVE,0.5,2000,16
d_q027_s45_x40,d_q027_s45,d_q027_s45_x40_g25_r104729,d_q027_s45_x40_g25_r104729_a01,QS60_V1,D1,65.0,5.0,4.5,40.0,5.0,231.170288,211.170288,208.245479825,214.66349173333336,0.2613282415907994,ACTIVE,0.5,2000,16
d_q027_s45_x40,d_q027_s45,d_q027_s45_x40_g25_r104729,d_q027_s45_x40_g25_r104729_a01,QS60_V1,D1,66.25,5.0,4.5,40.0,5.25,227.60577,207.60577,204.81769625416666,210.91678446249998,0.2569170659946438,QC_ONLY,0.5,2000,16
d_q027_s45_x40,d_q027_s45,d_q027_s45_x40_g25_r104729,d_q027_s45_x40_g25_r104729_a01,QS60_V1,D1,67.5,5.0,4.5,40.0,5.5,224.37082800000002,204.37082800000002,201.80042984166667,207.3530615625,0.25291374851795306,QC_ONLY,0.5,2000,16
d_q027_s45_x40,d_q027_s45,d_q027_s45_x40_g25_r104729,d_q027_s45_x40_g25_r104729_a01,QS60_V1,D1,68.75,5.0,4.5,40.0,5.75,221.40380533333334,201.40380533333334,199.04617346666666,204.094624775,0.2492419875728714,QC_ONLY,0.5,2000,16
d_q027_s45_x40,d_q027_s45,d_q027_s45_x40_g25_r104729,d_q027_s45_x40_g25_r104729_a01,QS60_V1,D1,70.0,5.0,4.5,40.0,6.0,218.80754933333336,198.80754933333336,196.53946019999998,201.26951898333334,0.24602905917453743,QC_ONLY,0.5,2000,16
d_q027_s45_x40,d_q027_s45,d_q027_s45_x40_g25_r104729,d_q027_s45_x40_g25_r104729_a01,QS60_V1,D1,72.5,5.0,4.5,40.0,6.5,214.22665733333332,194.22665733333332,191.76536469166663,196.7496438833333,0.2403600966390629,QC_ONLY,0.5,2000,16
d_q027_s45_x40,d_q027_s45,d_q027_s45_x40_g25_r104729,d_q027_s45_x40_g25_r104729_a01,QS60_V1,D1,75.0,5.0,4.5,40.0,7.0,209.67832166666668,189.67832166666668,187.02656340416667,192.32604142083335,0.23473142333851452,QC_ONLY,0.5,2000,16
d_q027_s45_x40,d_q027_s45,d_q027_s45_x40_g25_r104729,d_q027_s45_x40_g25_r104729_a01,QS60_V1,D1,77.5,5.0,4.5,40.0,7.5,205.54913100000002,185.54913100000002,182.53864191666668,188.58119880416666,0.22962145192003003,QC_ONLY,0.5,2000,16
d_q027_s45_x40,d_q027_s45,d_q027_s45_x40_g25_r104729,d_q027_s45_x40_g25_r104729_a01,QS60_V1,D1,80.0,5.0,4.5,40.0,8.0,201.25946033333332,181.25946033333332,178.08404579166668,184.27489801666667,0.22431288269402397,QC_ONLY,0.5,2000,16
d_q027_s45_x40,d_q027_s45,d_q027_s45_x40_g25_r104729,d_q027_s45_x40_g25_r104729_a01,QS60_V1,D1,82.5,5.0,4.5,40.0,8.5,197.240045,177.240045,173.95370963333337,180.42583860833335,0.2193387608550506,QC_ONLY,0.5,2000,16
d_q027_s45_x40,d_q027_s45,d_q027_s45_x40_g25_r104729,d_q027_s45_x40_g25_r104729_a01,QS60_V1,D1,85.0,5.0,4.5,40.0,9.0,193.38258750000003,173.38258750000003,170.1302753458333,176.70150192083332,0.21456506567741163,QC_ONLY,0.5,2000,16
d_q027_s45_x40,d_q027_s45,d_q027_s45_x40_g25_r104729,d_q027_s45_x40_g25_r104729_a01,QS60_V1,D1,90.0,5.0,4.5,40.0,10.0,186.00453883333333,166.00453883333333,162.73706602916664,169.39525744999997,0.20543455540206762,QC_ONLY,0.5,2000,16
d_q027_s45_x40,d_q027_s45,d_q027_s45_x40_g25_r104729,d_q027_s45_x40_g25_r104729_a01,QS60_V1,D1,95.0,5.0,4.5,40.0,11.0,178.65668366666665,158.65668366666665,155.5820334833333,161.8144786625,0.19634141029933957,QC_ONLY,0.5,2000,16
d_q027_s45_x50,d_q027_s45,d_q027_s45_x50_g25_r104729,d_q027_s45_x50_g25_r104729_a01,QS60_V1,D1,5.0,5.0,4.5,50.0,9.0,203.28507966666666,183.28507966666666,181.8072164375,185.1668858875,0.23641846403956465,QC_ONLY,0.5,2000,16
d_q027_s45_x50,d_q027_s45,d_q027_s45_x50_g25_r104729,d_q027_s45_x50_g25_r104729_a01,QS60_V1,D1,10.0,5.0,4.5,50.0,8.0,212.28685216666665,192.28685216666665,190.40712700416668,194.56981712500001,0.24802980322742454,QC_ONLY,0.5,2000,16
d_q027_s45_x50,d_q027_s45,d_q027_s45_x50_g25_r104729,d_q027_s45_x50_g25_r104729_a01,QS60_V1,D1,15.0,5.0,4.5,50.0,7.0,222.5043415,202.5043415,199.75330864583333,205.29373078333333,0.26120928918951414,QC_ONLY,0.5,2000,16
d_q027_s45_x50,d_q027_s45,d_q027_s45_x50_g25_r104729,d_q027_s45_x50_g25_r104729_a01,QS60_V1,D1,17.5,5.0,4.5,50.0,6.5,227.81351366666667,207.81351366666667,204.54464142083333,211.10439432499996,0.2680575625527781,QC_ONLY,0.5,2000,16
d_q027_s45_x50,d_q027_s45,d_q027_s45_x50_g25_r104729,d_q027_s45_x50_g25_r104729_a01,QS60_V1,D1,20.0,5.0,4.5,50.0,6.0,233.39315183333335,213.39315183333335,209.76310175833333,217.12134314166667,0.2752547085924825,QC_ONLY,0.5,2000,16
d_q027_s45_x50,d_q027_s45,d_q027_s45_x50_g25_r104729,d_q027_s45_x50_g25_r104729_a01,QS60_V1,D1,22.5,5.0,4.5,50.0,5.5,239.74744916666666,219.74744916666666,215.71738022916665,223.6350902541667,0.283451083432865,QC_ONLY,0.5,2000,16
d_q027_s45_x50,d_q027_s45,d_q027_s45_x50_g25_r104729,d_q027_s45_x50_g25_r104729_a01,QS60_V1,D1,25.0,5.0,4.5,50.0,5.0,246.75727700000002,226.75727700000002,222.5733649625,230.75120335833333,0.29249302363090207,ACTIVE,0.5,2000,16
d_q027_s45_x50,d_q027_s45,d_q027_s45_x50_g25_r104729,d_q027_s45_x50_g25_r104729_a01,QS60_V1,D1,27.5,5.0,4.5,50.0,4.5,254.63547316666666,234.63547316666666,230.0268560625,239.0969097541667,0.3026550675927623,ACTIVE,0.5,2000,16
d_q027_s45_x50,d_q027_s45,d_q027_s45_x50_g25_r104729,d_q027_s45_x50_g25_r104729_a01,QS60_V1,D1,30.0,5.0,4.5,50.0,4.0,262.94863733333335,242.94863733333335,239.47203022916665,246.33381553333334,0.3133781744990443,ACTIVE,0.5,2000,16
d_q027_s45_x50,d_q027_s45,d_q027_s45_x50_g25_r104729,d_q027_s45_x50_g25_r104729_a01,QS60_V1,D1,31.25,5.0,4.5,50.0,3.75,267.53868883333337,247.53868883333334,244.4592204375,250.5316565958333,0.31929885788181644,ACTIVE,0.5,2000,16
d_q027_s45_x50,d_q027_s45,d_q027_s45_x50_g25_r104729,d_q027_s45_x50_g25_r104729_a01,QS60_V1,D1,32.5,5.0,4.5,50.0,3.5,272.80173916666666,252.80173916666666,249.38519084166668,255.95580093333334,0.326087638933894,ACTIVE,0.5,2000,16
d_q027_s45_x50,d_q027_s45,d_q027_s45_x50_g25_r104729,d_q027_s45_x50_g25_r104729_a01,QS60_V1,D1,33.75,5.0,4.5,50.0,3.25,279.35799133333336,259.35799133333336,255.34377794166664,263.4859690125,0.33454451425576065,ACTIVE,0.5,2000,16
d_q027_s45_x50,d_q027_s45,d_q027_s45_x50_g25_r104729,d_q027_s45_x50_g25_r104729_a01,QS60_V1,D1,35.0,5.0,4.5,50.0,3.0,286.05403516666667,266.05403516666667,261.616038975,270.8630816875,0.3431817061160983,ACTIVE,0.5,2000,16
d_q027_s45_x50,d_q027_s45,d_q027_s45_x50_g25_r104729,d_q027_s45_x50_g25_r104729_a01,QS60_V1,D1,36.25,5.0,4.5,50.0,2.75,293.1717311666667,273.1717311666667,268.57929005000005,278.53052093333326,0.3523627848972021,ACTIVE,0.5,2000,16
d_q027_s45_x50,d_q027_s45,d_q027_s45_x50_g25_r104729,d_q027_s45_x50_g25_r104729_a01,QS60_V1,D1,37.5,5.0,4.5,50.0,2.5,301.152976,281.152976,277.43151313333334,285.50495178750003,0.3626577507943282,ACTIVE,0.5,2000,16
d_q027_s45_x50,d_q027_s45,d_q027_s45_x50_g25_r104729,d_q027_s45_x50_g25_r104729_a01,QS60_V1,D1,38.75,5.0,4.5,50.0,2.25,312.6079295,292.6079295,288.5971489916667,297.2419571333333,0.37743343530198076,ACTIVE,0.5,2000,16
d_q027_s45_x50,d_q027_s45,d_q027_s45_x50_g25_r104729,d_q027_s45_x50_g25_r104729_a01,QS60_V1,D1,40.0,5.0,4.5,50.0,2.0,325.12285733333334,305.12285733333334,299.9669021875,310.5023698,0.3935763751490411,ACTIVE,0.5,2000,16
d_q027_s45_x50,d_q027_s45,d_q027_s45_x50_g25_r104729,d_q027_s45_x50_g25_r104729_a01,QS60_V1,D1,41.25,5.0,4.5,50.0,1.75,339.15781066666665,319.15781066666665,312.1446823333333,326.0635987583333,0.4116799879252047,ACTIVE,0.5,2000,16
d_q027_s45_x50,d_q027_s45,d_q027_s45_x50_g25_r104729,d_q027_s45_x50_g25_r104729_a01,QS60_V1,D1,42.5,5.0,4.5,50.0,1.5,357.59898766666663,337.59898766666663,329.6254310833333,345.5218599958333,0.4354671655249897,ACTIVE,0.5,2000,16
d_q027_s45_x50,d_q027_s45,d_q027_s45_x50_g25_r104729,d_q027_s45_x50_g25_r104729_a01,QS60_V1,D1,43.75,5.0,4.5,50.0,1.25,378.2876778333333,358.2876778333333,348.38534074583333,367.8596261666666,0.4621533985838355,ACTIVE,0.5,2000,16
d_q027_s45_x50,d_q027_s45,d_q027_s45_x50_g25_r104729,d_q027_s45_x50_g25_r104729_a01,QS60_V1,D1,45.0,5.0,4.5,50.0,1.0,398.10204516666664,378.10204516666664,367.600442825,387.7340977875,0.4877118472005034,ACTIVE,0.5,2000,16
d_q027_s45_x50,d_q027_s45,d_q027_s45_x50_g25_r104729,d_q027_s45_x50_g25_r104729_a01,QS60_V1,D1,46.25,5.0,4.5,50.0,0.75,428.0467798333333,408.0467798333333,398.9066855,416.67251503333335,0.5263374035678893,ACTIVE,0.5,2000,16
d_q027_s45_x50,d_q027_s45,d_q027_s45_x50_g25_r104729,d_q027_s45_x50_g25_r104729_a01,QS60_V1,D1,47.5,5.0,4.5,50.0,0.5,489.68577383333337,469.68577383333337,460.000131025,479.51573042083334,0.6058452190045116,ACTIVE,0.5,2000,16
d_q027_s45_x50,d_q027_s45,d_q027_s45_x50_g25_r104729,d_q027_s45_x50_g25_r104729_a01,QS60_V1,D1,48.75,5.0,4.5,50.0,0.25,711.8609543333333,691.8609543333333,670.5853584916666,714.3547712249999,0.8924278203654656,ACTIVE,0.5,2000,16
d_q027_s45_x50,d_q027_s45,d_q027_s45_x50_g25_r104729,d_q027_s45_x50_g25_r104729_a01,QS60_V1,D1,50.0,5.0,4.5,50.0,0.0,843.9791001666667,823.9791001666667,797.9467966041666,854.0785482583333,1.062846324514729,ACTIVE,0.5,2000,16
d_q027_s45_x50,d_q027_s45,d_q027_s45_x50_g25_r104729,d_q027_s45_x50_g25_r104729_a01,QS60_V1,D1,51.25,5.0,4.5,50.0,0.25,654.8144755,634.8144755,617.4524908791667,650.0158940666665,0.8188438661823417,ACTIVE,0.5,2000,16
d_q027_s45_x50,d_q027_s45,d_q027_s45_x50_g25_r104729,d_q027_s45_x50_g25_r104729_a01,QS60_V1,D1,52.5,5.0,4.5,50.0,0.5,483.3551913333333,463.3551913333333,448.0040300625,477.88051494999996,0.5976794338034047,ACTIVE,0.5,2000,16
d_q027_s45_x50,d_q027_s45,d_q027_s45_x50_g25_r104729,d_q027_s45_x50_g25_r104729_a01,QS60_V1,D1,53.75,5.0,4.5,50.0,0.75,429.7951726666667,409.7951726666667,395.76431988750005,422.66787855,0.5285926463238528,ACTIVE,0.5,2000,16
d_q027_s45_x50,d_q027_s45,d_q027_s45_x50_g25_r104729,d_q027_s45_x50_g25_r104729_a01,QS60_V1,D1,55.0,5.0,4.5,50.0,1.0,399.7295931666667,379.7295931666667,366.9436122083334,391.39111915416663,0.4898112128390511,ACTIVE,0.5,2000,16
d_q027_s45_x50,d_q027_s45,d_q027_s45_x50_g25_r104729,d_q027_s45_x50_g25_r104729_a01,QS60_V1,D1,56.25,5.0,4.5,50.0,1.25,371.422205,351.422205,340.44401589583333,360.3238433541666,0.453297661144029,ACTIVE,0.5,2000,16
d_q027_s45_x50,d_q027_s45,d_q027_s45_x50_g25_r104729,d_q027_s45_x50_g25_r104729_a01,QS60_V1,D1,57.5,5.0,4.5,50.0,1.5,350.3740956666667,330.3740956666667,320.7650260291667,338.3373553291667,0.4261478151850811,ACTIVE,0.5,2000,16
d_q027_s45_x50,d_q027_s45,d_q027_s45_x50_g25_r104729,d_q027_s45_x50_g25_r104729_a01,QS60_V1,D1,58.75,5.0,4.5,50.0,1.75,331.8597395,311.8597395,301.7820273375,320.7401873916666,0.4022662441615951,ACTIVE,0.5,2000,16
d_q027_s45_x50,d_q027_s45,d_q027_s45_x50_g25_r104729,d_q027_s45_x50_g25_r104729_a01,QS60_V1,D1,60.0,5.0,4.5,50.0,2.0,316.27994550000005,296.27994550000005,287.8649545958333,303.4263515541667,0.38216994950285055,ACTIVE,0.5,2000,16
d_q027_s45_x50,d_q027_s45,d_q027_s45_x50_g25_r104729,d_q027_s45_x50_g25_r104729_a01,QS60_V1,D1,61.25,5.0,4.5,50.0,2.25,304.66344366666664,284.66344366666664,277.2206831083334,291.2620489208333,0.3671858846463758,ACTIVE,0.5,2000,16
d_q027_s45_x50,d_q027_s45,d_q027_s45_x50_g25_r104729,d_q027_s45_x50_g25_r104729_a01,QS60_V1,D1,62.5,5.0,4.5,50.0,2.5,294.14850816666666,274.14850816666666,267.2652036458333,280.46648852916667,0.3536227244322103,ACTIVE,0.5,2000,16
d_q027_s45_x50,d_q027_s45,d_q027_s45_x50_g25_r104729,d_q027_s45_x50_g25_r104729_a01,QS60_V1,D1,63.75,5.0,4.5,50.0,2.75,284.7887128333333,264.7887128333333,257.57513339166667,271.0258009125,0.3415495734672996,ACTIVE,0.5,2000,16
d_q027_s45_x50,d_q027_s45,d_q027_s45_x50_g25_r104729,d_q027_s45_x50_g25_r104729_a01,QS60_V1,D1,65.0,5.0,4.5,50.0,3.0,277.076292,257.076292,250.3446358875,262.78545171666667,0.33160136223941644,ACTIVE,0.5,2000,16
d_q027_s45_x50,d_q027_s45,d_q027_s45_x50_g25_r104729,d_q027_s45_x50_g25_r104729_a01,QS60_V1,D1,66.25,5.0,4.5,50.0,3.25,270.35954333333336,250.35954333333333,244.15579554166666,255.88918566249998,0.3229374633230338,ACTIVE,0.5,2000,16
d_q027_s45_x50,d_q027_s45,d_q027_s45_x50_g25_r104729,d_q027_s45_x50_g25_r104729_a01,QS60_V1,D1,67.5,5.0,4.5,50.0,3.5,264.9962611666666,244.99626116666664,238.89815252083335,250.53117467916664,0.31601939375424976,ACTIVE,0.5,2000,16
d_q027_s45_x50,d_q027_s45,d_q027_s45_x50_g25_r104729,d_q027_s45_x50_g25_r104729_a01,QS60_V1,D1,68.75,5.0,4.5,50.0,3.75,259.7996,239.7996,233.9226479041667,245.31402133333336,0.3093162477404457,ACTIVE,0.5,2000,16
d_q027_s45_x50,d_q027_s45,d_q027_s45_x50_g25_r104729,d_q027_s45_x50_g25_r104729_a01,QS60_V1,D1,70.0,5.0,4.5,50.0,4.0,255.38924616666665,235.38924616666665,229.966418525,241.0163539625,0.3036273554364787,ACTIVE,0.5,2000,16
d_q027_s45_x50,d_q027_s45,d_q027_s45_x50_g25_r104729,d_q027_s45_x50_g25_r104729_a01,QS60_V1,D1,72.5,5.0,4.5,50.0,4.5,247.49494983333335,227.49494983333335,222.92323827083334,232.75761462083332,0.29344454395398323,ACTIVE,0.5,2000,16
d_q027_s45_x50,d_q027_s45,d_q027_s45_x50_g25_r104729,d_q027_s45_x50_g25_r104729_a01,QS60_V1,D1,75.0,5.0,4.5,50.0,5.0,240.06937866666667,220.06937866666667,216.2417126541667,224.43528934583333,0.28386633860834054,ACTIVE,0.5,2000,16
d_q027_s45_x50,d_q027_s45,d_q027_s45_x50_g25_r104729,d_q027_s45_x50_g25_r104729_a01,QS60_V1,D1,77.5,5.0,4.5,50.0,5.5,233.33937550000002,213.33937550000002,210.2126837125,216.88126649166668,0.27518534278184775,QC_ONLY,0.5,2000,16
d_q027_s45_x50,d_q027_s45,d_q027_s45_x50_g25_r104729,d_q027_s45_x50_g25_r104729_a01,QS60_V1,D1,80.0,5.0,4.5,50.0,6.0,227.3352685,207.3352685,204.5479370625,210.63204367083333,0.26744067661780013,QC_ONLY,0.5,2000,16
d_q027_s45_x50,d_q027_s45,d_q027_s45_x50_g25_r104729,d_q027_s45_x50_g25_r104729_a01,QS60_V1,D1,82.5,5.0,4.5,50.0,6.5,221.80175416666668,201.80175416666668,199.24635100416666,204.86521477500003,0.26030302546907164,QC_ONLY,0.5,2000,16
d_q027_s45_x50,d_q027_s45,d_q027_s45_x50_g25_r104729,d_q027_s45_x50_g25_r104729_a01,QS60_V1,D1,85.0,5.0,4.5,50.0,7.0,216.96559866666666,196.96559866666666,194.68702241250003,199.70501072916667,0.2540648938260275,QC_ONLY,0.5,2000,16
d_q027_s45_x50,d_q027_s45,d_q027_s45_x50_g25_r104729,d_q027_s45_x50_g25_r104729_a01,QS60_V1,D1,90.0,5.0,4.5,50.0,8.0,207.82947016666668,187.82947016666668,185.53476059166664,190.60958870416664,0.2422802495376528,QC_ONLY,0.5,2000,16
d_q027_s45_x50,d_q027_s45,d_q027_s45_x50_g25_r104729,d_q027_s45_x50_g25_r104729_a01,QS60_V1,D1,95.0,5.0,4.5,50.0,9.0,198.87229383333334,178.87229383333334,176.79861502916668,181.41255729166667,0.23072643471153884,QC_ONLY,0.5,2000,16
d_q027_s45_x60,d_q027_s45,d_q027_s45_x60_g25_r104729,d_q027_s45_x60_g25_r104729_a01,QS60_V1,D1,5.0,5.0,4.5,60.0,11.0,180.20730573770493,160.20730573770493,156.68952563524587,163.87798759836065,0.20041268450064037,QC_ONLY,0.5,2000,13
d_q027_s45_x60,d_q027_s45,d_q027_s45_x60_g25_r104729,d_q027_s45_x60_g25_r104729_a01,QS60_V1,D1,10.0,5.0,4.5,60.0,10.0,187.6841955737705,167.6841955737705,163.7970367295082,171.93783581147542,0.20976596309715315,QC_ONLY,0.5,2000,13
d_q027_s45_x60,d_q027_s45,d_q027_s45_x60_g25_r104729,d_q027_s45_x60_g25_r104729_a01,QS60_V1,D1,15.0,5.0,4.5,60.0,9.0,195.32412590163935,175.32412590163935,170.978138147541,180.30577713114755,0.21932319857624466,QC_ONLY,0.5,2000,13
d_q027_s45_x60,d_q027_s45,d_q027_s45_x60_g25_r104729,d_q027_s45_x60_g25_r104729_a01,QS60_V1,D1,17.5,5.0,4.5,60.0,8.5,199.27897147540983,179.27897147540983,174.6575470942623,184.63704763114757,0.22427054610559194,QC_ONLY,0.5,2000,13
d_q027_s45_x60,d_q027_s45,d_q027_s45_x60_g25_r104729,d_q027_s45_x60_g25_r104729_a01,QS60_V1,D1,20.0,5.0,4.5,60.0,8.0,203.51990639344262,183.51990639344262,178.44735482786885,189.2840054795082,0.22957577952052116,QC_ONLY,0.5,2000,13
d_q027_s45_x60,d_q027_s45,d_q027_s45_x60_g25_r104729,d_q027_s45_x60_g25_r104729_a01,QS60_V1,D1,22.5,5.0,4.5,60.0,7.5,207.8325486885246,187.8325486885246,182.56861756147538,193.92638485245902,0.2349707158854298,QC_ONLY,0.5,2000,13
d_q027_s45_x60,d_q027_s45,d_q027_s45_x60_g25_r104729,d_q027_s45_x60_g25_r104729_a01,QS60_V1,D1,25.0,5.0,4.5,60.0,7.0,212.2075762295082,192.2075762295082,186.88451035655737,198.19555088934425,0.2404436936014916,QC_ONLY,0.5,2000,13
d_q027_s45_x60,d_q027_s45,d_q027_s45_x60_g25_r104729,d_q027_s45_x60_g25_r104729_a01,QS60_V1,D1,27.5,5.0,4.5,60.0,6.5,216.70989098360656,196.70989098360656,191.28807275,202.7920664139344,0.24607590233367635,QC_ONLY,0.5,2000,13
d_q027_s45_x60,d_q027_s45,d_q027_s45_x60_g25_r104729,d_q027_s45_x60_g25_r104729_a01,QS60_V1,D1,30.0,5.0,4.5,60.0,6.0,221.87501672131148,201.87501672131148,196.16580550409833,208.26145335655738,0.25253726007332633,QC_ONLY,0.5,2000,13
d_q027_s45_x60,d_q027_s45,d_q027_s45_x60_g25_r104729,d_q027_s45_x60_g25_r104729_a01,QS60_V1,D1,31.25,5.0,4.5,60.0,5.75,224.9362857377049,204.9362857377049,198.93511889344262,211.23433951639342,0.2563667804483741,QC_ONLY,0.5,2000,13
d_q027_s45_x60,d_q027_s45,d_q027_s45_x60_g25_r104729,d_q027_s45_x60_g25_r104729_a01,QS60_V1,D1,32.5,5.0,4.5,60.0,5.5,228.16475360655738,208.16475360655738,202.06758979918033,214.4888645204918,0.2604054596424435,QC_ONLY,0.5,2000,13
d_q027_s45_x60,d_q027_s45,d_q027_s45_x60_g25_r104729,d_q027_s45_x60_g25_r104729_a01,QS60_V1,D1,33.75,5.0,4.5,60.0,5.25,232.0585175409836,212.0585175409836,205.78363704918033,218.4738423442623,0.26527639657828933,QC_ONLY,0.5,2000,13
d_q027_s45_x60,d_q027_s45,d_q027_s45_x60_g25_r104729,d_q027_s45_x60_g25_r104729_a01,QS60_V1,D1,35.0,5.0,4.5,60.0,5.0,236.3319436065574,216.3319436065574,209.95863761885246,222.93352885655736,0.270622275069117,ACTIVE,0.5,2000,13
d_q027_s45_x60,d_q027_s45,d_q027_s45_x60_g25_r104729,d_q027_s45_x60_g25_r104729_a01,QS60_V1,D1,36.25,5.0,4.5,60.0,4.75,241.174731147541,221.174731147541,214.74473130737704,227.87355874590162,0.2766804011145284,ACTIVE,0.5,2000,13
d_q027_s45_x60,d_q027_s45,d_q027_s45_x60_g25_r104729,d_q027_s45_x60_g25_r104729_a01,QS60_V1,D1,37.5,5.0,4.5,60.0,4.5,245.99006016393443,225.99006016393443,219.2668629877049,233.23884072131145,0.2827041776862988,ACTIVE,0.5,2000,13
d_q027_s45_x60,d_q027_s45,d_q027_s45_x60_g25_r104729,d_q027_s45_x60_g25_r104729_a01,QS60_V1,D1,38.75,5.0,4.5,60.0,4.25,250.79868622950818,230.79868622950818,223.93420877459016,238.387872352459,0.28871956914503283,ACTIVE,0.5,2000,13
d_q027_s45_x60,d_q027_s45,d_q027_s45_x60_g25_r104729,d_q027_s45_x60_g25_r104729_a01,QS60_V1,D1,40.0,5.0,4.5,60.0,4.0,255.63645081967215,235.63645081967215,228.92813181147542,243.07209456557376,0.29477141168762117,ACTIVE,0.5,2000,13
d_q027_s45_x60,d_q027_s45,d_q027_s45_x60_g25_r104729,d_q027_s45_x60_g25_r104729_a01,QS60_V1,D1,41.25,5.0,4.5,60.0,3.75,260.71200655737704,240.71200655737704,233.87306362704916,248.08848456967212,0.3011207210779898,ACTIVE,0.5,2000,13
d_q027_s45_x60,d_q027_s45,d_q027_s45_x60_g25_r104729,d_q027_s45_x60_g25_r104729_a01,QS60_V1,D1,42.5,5.0,4.5,60.0,3.5,266.21861852459017,246.21861852459017,239.43130799590165,253.04529408606558,0.3080092639054896,ACTIVE,0.5,2000,13
d_q027_s45_x60,d_q027_s45,d_q027_s45_x60_g25_r104729,d_q027_s45_x60_g25_r104729_a01,QS60_V1,D1,43.75,5.0,4.5,60.0,3.25,273.194411147541,253.194411147541,246.65671875409834,259.6541999098361,0.3167356907038669,ACTIVE,0.5,2000,13
d_q027_s45_x60,d_q027_s45,d_q027_s45_x60_g25_r104729,d_q027_s45_x60_g25_r104729_a01,QS60_V1,D1,45.0,5.0,4.5,60.0,3.0,280.87126573770496,260.87126573770496,254.46324340573767,267.2915736557377,0.32633911690126366,ACTIVE,0.5,2000,13
d_q027_s45_x60,d_q027_s45,d_q027_s45_x60_g25_r104729,d_q027_s45_x60_g25_r104729_a01,QS60_V1,D1,46.25,5.0,4.5,60.0,2.75,289.54579213114755,269.54579213114755,263.94994653278684,275.26692535655735,0.3371905890814886,ACTIVE,0.5,2000,13
d_q027_s45_x60,d_q027_s45,d_q027_s45_x60_g25_r104729,d_q027_s45_x60_g25_r104729_a01,QS60_V1,D1,47.5,5.0,4.5,60.0,2.5,300.1522439344262,280.1522439344262,274.4838304631147,285.67670289754096,0.3504588196976499,ACTIVE,0.5,2000,13
d_q027_s45_x60,d_q027_s45,d_q027_s45_x60_g25_r104729,d_q027_s45_x60_g25_r104729_a01,QS60_V1,D1,48.75,5.0,4.5,60.0,2.25,312.0422181967213,292.0422181967213,287.7873883688525,296.50118505737703,0.36533268359279225,ACTIVE,0.5,2000,13
d_q027_s45_x60,d_q027_s45,d_q027_s45_x60_g25_r104729,d_q027_s45_x60_g25_r104729_a01,QS60_V1,D1,50.0,5.0,4.5,60.0,2.0,325.10025491803276,305.10025491803276,301.8510326516394,308.9628755532787,0.38166774510309925,ACTIVE,0.5,2000,13
d_q027_s45_x60,d_q027_s45,d_q027_s45_x60_g25_r104729,d_q027_s45_x60_g25_r104729_a01,QS60_V1,D1,51.25,5.0,4.5,60.0,1.75,343.35668475409835,323.35668475409835,319.2243218442623,327.5943935040984,0.40450578045982505,ACTIVE,0.5,2000,13
d_q027_s45_x60,d_q027_s45,d_q027_s45_x60_g25_r104729,d_q027_s45_x60_g25_r104729_a01,QS60_V1,D1,52.5,5.0,4.5,60.0,1.5,366.20742655737706,346.20742655737706,341.28325246721306,350.2745198729508,0.43309110924079763,ACTIVE,0.5,2000,13
d_q027_s45_x60,d_q027_s45,d_q027_s45_x60_g25_r104729,d_q027_s45_x60_g25_r104729_a01,QS60_V1,D1,53.75,5.0,4.5,60.0,1.25,396.94762590163936,376.94762590163936,370.28593082377046,383.3598058770492,0.4715458216791612,ACTIVE,0.5,2000,13
d_q027_s45_x60,d_q027_s45,d_q027_s45_x60_g25_r104729,d_q027_s45_x60_g25_r104729_a01,QS60_V1,D1,55.0,5.0,4.5,60.0,1.0,438.44386360655733,418.44386360655733,408.2367389508197,428.76814369672127,0.523455891303171,ACTIVE,0.5,2000,13
d_q027_s45_x60,d_q027_s45,d_q027_s45_x60_g25_r104729,d_q027_s45_x60_g25_r104729_a01,QS60_V1,D1,56.25,5.0,4.5,60.0,0.75,480.82554426229507,460.82554426229507,450.4369566598361,471.1275026762295,0.5764736132775456,ACTIVE,0.5,2000,13
d_q027_s45_x60,d_q027_s45,d_q027_s45_x60_g25_r104729,d_q027_s45_x60_g25_r104729_a01,QS60_V1,D1,57.5,5.0,4.5,60.0,0.5,560.3998663934426,540.3998663934426,520.0823394590163,561.6679840819672,0.6760177847632827,ACTIVE,0.5,2000,13
d_q027_s45_x60,d_q027_s45,d_q027_s45_x60_g25_r104729,d_q027_s45_x60_g25_r104729_a01,QS60_V1,D1,58.75,5.0,4.5,60.0,0.25,753.648712295082,733.648712295082,704.1134397295082,764.663883909836,0.9177640634704908,ACTIVE,0.5,2000,13
d_q027_s45_x60,d_q027_s45,d_q027_s45_x60_g25_r104729,d_q027_s45_x60_g25_r104729_a01,QS60_V1,D1,60.0,5.0,4.5,60.0,0.0,869.6721732786884,849.6721732786884,837.4669116270492,860.5889000737707,1.0629045935712187,ACTIVE,0.5,2000,13
d_q027_s45_x60,d_q027_s45,d_q027_s45_x60_g25_r104729,d_q027_s45_x60_g25_r104729_a01,QS60_V1,D1,61.25,5.0,4.5,60.0,0.25,669.9729519672131,649.9729519672131,605.2989448565575,695.1657361270492,0.8130891631735212,ACTIVE,0.5,2000,13
d_q027_s45_x60,d_q027_s45,d_q027_s45_x60_g25_r104729,d_q027_s45_x60_g25_r104729_a01,QS60_V1,D1,62.5,5.0,4.5,60.0,0.5,514.9955503278688,494.99555032786884,467.1747843278689,521.9787675204918,0.6192188714508319,ACTIVE,0.5,2000,13
d_q027_s45_x60,d_q027_s45,d_q027_s45_x60_g25_r104729,d_q027_s45_x60_g25_r104729_a01,QS60_V1,D1,63.75,5.0,4.5,60.0,0.75,463.0706332786885,443.0706332786885,421.34971571721314,462.55736305327866,0.5542629571722602,ACTIVE,0.5,2000,13
d_q027_s45_x60,d_q027_s45,d_q027_s45_x60_g25_r104729,d_q027_s45_x60_g25_r104729_a01,QS60_V1,D1,65.0,5.0,4.5,60.0,1.0,420.49297213114755,400.49297213114755,383.69270461065577,417.1828018811475,0.5010000717436275,ACTIVE,0.5,2000,13
d_q027_s45_x60,d_q027_s45,d_q027_s45_x60_g25_r104729,d_q027_s45_x60_g25_r104729_a01,QS60_V1,D1,66.25,5.0,4.5,60.0,1.25,387.2654955737705,367.2654955737705,353.8465863893443,380.2249794262295,0.4594338788326211,ACTIVE,0.5,2000,13
d_q027_s45_x60,d_q027_s45,d_q027_s45_x60_g25_r104729,d_q027_s45_x60_g25_r104729_a01,QS60_V1,D1,67.5,5.0,4.5,60.0,1.5,360.1080383606557,340.1080383606557,327.73694443032787,350.9265056762295,0.4254610279739809,ACTIVE,0.5,2000,13
d_q027_s45_x60,d_q027_s45,d_q027_s45_x60_g25_r104729,d_q027_s45_x60_g25_r104729_a01,QS60_V1,D1,68.75,5.0,4.5,60.0,1.75,340.1555947540984,320.1555947540984,309.7788023032787,328.941240807377,0.4005013498424193,ACTIVE,0.5,2000,13
d_q027_s45_x60,d_q027_s45,d_q027_s45_x60_g25_r104729,d_q027_s45_x60_g25_r104729_a01,QS60_V1,D1,70.0,5.0,4.5,60.0,2.0,323.5384454098361,303.5384454098361,295.43742211885245,310.3529163278689,0.37971398628557823,ACTIVE,0.5,2000,13
d_q027_s45_x60,d_q027_s45,d_q027_s45_x60_g25_r104729,d_q027_s45_x60_g25_r104729_a01,QS60_V1,D1,72.5,5.0,4.5,60.0,2.5,296.2283954098361,276.2283954098361,268.78868079098356,282.1820541721312,0.3455502481892164,ACTIVE,0.5,2000,13
d_q027_s45_x60,d_q027_s45,d_q027_s45_x60_g25_r104729,d_q027_s45_x60_g25_r104729_a01,QS60_V1,D1,75.0,5.0,4.5,60.0,3.0,279.20034819672134,259.20034819672134,251.30648809426228,265.6019068073771,0.3242488684670506,ACTIVE,0.5,2000,13
d_q027_s45_x60,d_q027_s45,d_q027_s45_x60_g25_r104729,d_q027_s45_x60_g25_r104729_a01,QS60_V1,D1,77.5,5.0,4.5,60.0,3.5,266.262292295082,246.26229229508198,237.5400229713115,253.39926772131147,0.3080638979781758,ACTIVE,0.5,2000,13
d_q027_s45_x60,d_q027_s45,d_q027_s45_x60_g25_r104729,d_q027_s45_x60_g25_r104729_a01,QS60_V1,D1,80.0,5.0,4.5,60.0,4.0,254.1102024590164,234.1102024590164,224.39862226639343,242.0332766229508,0.2928621383884714,ACTIVE,0.5,2000,13
d_q027_s45_x60,d_q027_s45,d_q027_s45_x60_g25_r104729,d_q027_s45_x60_g25_r104729_a01,QS60_V1,D1,82.5,5.0,4.5,60.0,4.5,245.74933754098362,225.74933754098362,216.88117672540983,233.02229984836066,0.2824030436845536,ACTIVE,0.5,2000,13
d_q027_s45_x60,d_q027_s45,d_q027_s45_x60_g25_r104729,d_q027_s45_x60_g25_r104729_a01,QS60_V1,D1,85.0,5.0,4.5,60.0,5.0,238.30859049180327,218.30859049180327,210.92696433606554,224.50672521311475,0.2730949782130706,ACTIVE,0.5,2000,13
d_q027_s45_x60,d_q027_s45,d_q027_s45_x60_g25_r104729,d_q027_s45_x60_g25_r104729_a01,QS60_V1,D1,90.0,5.0,4.5,60.0,6.0,224.86942344262295,204.86942344262295,198.2661367295082,210.33609625,0.256283138494672,QC_ONLY,0.5,2000,13
d_q027_s45_x60,d_q027_s45,d_q027_s45_x60_g25_r104729,d_q027_s45_x60_g25_r104729_a01,QS60_V1,D1,95.0,5.0,4.5,60.0,7.0,213.92965,193.92965,187.62002772950822,199.1298944262295,0.24259793635380061,QC_ONLY,0.5,2000,13
d_q036_s50_x50,d_q036_s50,d_q036_s50_x50_g25_r104729,d_q036_s50_x50_g25_r104729_a01,QS60_V1,D1,5.0,5.0,4.5,50.0,9.0,234.17032533333335,214.17032533333335,213.16471309583335,215.36519201666667,0.2392832847236424,QC_ONLY,0.5,2000,12
d_q036_s50_x50,d_q036_s50,d_q036_s50_x50_g25_r104729,d_q036_s50_x50_g25_r104729_a01,QS60_V1,D1,10.0,5.0,4.5,50.0,8.0,245.35309383333333,225.35309383333333,224.20368018333335,226.6047249166667,0.25177731056414765,QC_ONLY,0.5,2000,12
d_q036_s50_x50,d_q036_s50,d_q036_s50_x50_g25_r104729,d_q036_s50_x50_g25_r104729_a01,QS60_V1,D1,15.0,5.0,4.5,50.0,7.0,257.8711556666667,237.87115566666668,236.42530650833334,239.2989287375,0.2657632021632368,QC_ONLY,0.5,2000,12
d_q036_s50_x50,d_q036_s50,d_q036_s50_x50_g25_r104729,d_q036_s50_x50_g25_r104729_a01,QS60_V1,D1,17.5,5.0,4.5,50.0,6.5,264.238868,244.238868,242.83368152083335,245.58298810416665,0.2728775730310206,QC_ONLY,0.5,2000,12
d_q036_s50_x50,d_q036_s50,d_q036_s50_x50_g25_r104729,d_q036_s50_x50_g25_r104729_a01,QS60_V1,D1,20.0,5.0,4.5,50.0,6.0,270.996022,250.99602199999998,249.37966954583334,252.462978825,0.2804270503079823,QC_ONLY,0.5,2000,12
d_q036_s50_x50,d_q036_s50,d_q036_s50_x50_g25_r104729,d_q036_s50_x50_g25_r104729_a01,QS60_V1,D1,22.5,5.0,4.5,50.0,5.5,278.4200108333333,258.4200108333333,256.50087612083337,260.11251043333334,0.2887215534378011,QC_ONLY,0.5,2000,12
d_q036_s50_x50,d_q036_s50,d_q036_s50_x50_g25_r104729,d_q036_s50_x50_g25_r104729_a01,QS60_V1,D1,25.0,5.0,4.5,50.0,5.0,287.00222766666667,267.00222766666667,264.9996240916666,268.8091747666667,0.29831009485171717,ACTIVE,0.5,2000,12
d_q036_s50_x50,d_q036_s50,d_q036_s50_x50_g25_r104729,d_q036_s50_x50_g25_r104729_a01,QS60_V1,D1,27.5,5.0,4.5,50.0,4.5,295.97218133333337,275.97218133333337,273.5900296958333,278.2708941625,0.3083318379379188,ACTIVE,0.5,2000,12
d_q036_s50_x50,d_q036_s50,d_q036_s50_x50_g25_r104729,d_q036_s50_x50_g25_r104729_a01,QS60_V1,D1,30.0,5.0,4.5,50.0,4.0,306.86062200000003,286.86062200000003,283.73170046666667,289.7500969958334,0.32049702396069496,ACTIVE,0.5,2000,12
d_q036_s50_x50,d_q036_s50,d_q036_s50_x50_g25_r104729,d_q036_s50_x50_g25_r104729_a01,QS60_V1,D1,31.25,5.0,4.5,50.0,3.75,312.8799883333333,292.8799883333333,289.54251990000006,295.89178099583336,0.32722220283854914,ACTIVE,0.5,2000,12
d_q036_s50_x50,d_q036_s50,d_q036_s50_x50_g25_r104729,d_q036_s50_x50_g25_r104729_a01,QS60_V1,D1,32.5,5.0,4.5,50.0,3.5,318.871446,298.871446,295.39438065,301.8527385666667,0.3339162005645708,ACTIVE,0.5,2000,12
d_q036_s50_x50,d_q036_s50,d_q036_s50_x50_g25_r104729,d_q036_s50_x50_g25_r104729_a01,QS60_V1,D1,33.75,5.0,4.5,50.0,3.25,325.7984986666667,305.7984986666667,302.187286475,309.0204484541666,0.34165549830786884,ACTIVE,0.5,2000,12
d_q036_s50_x50,d_q036_s50,d_q036_s50_x50_g25_r104729,d_q036_s50_x50_g25_r104729_a01,QS60_V1,D1,35.0,5.0,4.5,50.0,3.0,334.03849699999995,314.03849699999995,309.5574167541667,318.84408236250005,0.3508616937238238,ACTIVE,0.5,2000,12
d_q036_s50_x50,d_q036_s50,d_q036_s50_x50_g25_r104729,d_q036_s50_x50_g25_r104729_a01,QS60_V1,D1,36.25,5.0,4.5,50.0,2.75,344.5692888333333,324.5692888333333,318.85263525833335,331.37066802916667,0.3626272941014627,ACTIVE,0.5,2000,12
d_q036_s50_x50,d_q036_s50,d_q036_s50_x50_g25_r104729,d_q036_s50_x50_g25_r104729_a01,QS60_V1,D1,37.5,5.0,4.5,50.0,2.5,357.0529691666667,337.0529691666667,329.2856427333333,346.1938918,0.37657477273068357,ACTIVE,0.5,2000,12
d_q036_s50_x50,d_q036_s50,d_q036_s50_x50_g25_r104729,d_q036_s50_x50_g25_r104729_a01,QS60_V1,D1,38.75,5.0,4.5,50.0,2.25,370.89882616666665,350.89882616666665,340.102482,362.66282622916674,0.3920441527095269,ACTIVE,0.5,2000,12
d_q036_s50_x50,d_q036_s50,d_q036_s50_x50_g25_r104729,d_q036_s50_x50_g25_r104729_a01,QS60_V1,D1,40.0,5.0,4.5,50.0,2.0,386.8363036666667,366.8363036666667,354.4331809375,379.37915266666664,0.40985041023130886,ACTIVE,0.5,2000,12
d_q036_s50_x50,d_q036_s50,d_q036_s50_x50_g25_r104729,d_q036_s50_x50_g25_r104729_a01,QS60_V1,D1,41.25,5.0,4.5,50.0,1.75,404.0987433333333,384.0987433333333,369.04475828333335,398.96638552499996,0.42913699094390206,ACTIVE,0.5,2000,12
d_q036_s50_x50,d_q036_s50,d_q036_s50_x50_g25_r104729,d_q036_s50_x50_g25_r104729_a01,QS60_V1,D1,42.5,5.0,4.5,50.0,1.5,426.6670013333333,406.6670013333333,389.620315175,423.4661382083333,0.4543515340713208,ACTIVE,0.5,2000,12
d_q036_s50_x50,d_q036_s50,d_q036_s50_x50_g25_r104729,d_q036_s50_x50_g25_r104729_a01,QS60_V1,D1,43.75,5.0,4.5,50.0,1.25,454.6066666666667,434.6066666666667,418.36971403749993,452.09280598333334,0.4855673193797384,ACTIVE,0.5,2000,12
d_q036_s50_x50,d_q036_s50,d_q036_s50_x50_g25_r104729,d_q036_s50_x50_g25_r104729_a01,QS60_V1,D1,45.0,5.0,4.5,50.0,1.0,486.4139695,466.4139695,451.3722029875,482.33489523333327,0.5211042495698288,ACTIVE,0.5,2000,12
d_q036_s50_x50,d_q036_s50,d_q036_s50_x50_g25_r104729,d_q036_s50_x50_g25_r104729_a01,QS60_V1,D1,46.25,5.0,4.5,50.0,0.75,524.1193946666666,504.1193946666666,485.01170735833335,523.779471725,0.5632308979359797,ACTIVE,0.5,2000,12
d_q036_s50_x50,d_q036_s50,d_q036_s50_x50_g25_r104729,d_q036_s50_x50_g25_r104729_a01,QS60_V1,D1,47.5,5.0,4.5,50.0,0.5,609.2721848333333,589.2721848333333,563.1384511458334,614.6217624,0.6583684446654371,ACTIVE,0.5,2000,12
d_q036_s50_x50,d_q036_s50,d_q036_s50_x50_g25_r104729,d_q036_s50_x50_g25_r104729_a01,QS60_V1,D1,48.75,5.0,4.5,50.0,0.25,822.3796261666666,802.3796261666666,790.8451493624999,814.9517664499999,0.8964642148517393,ACTIVE,0.5,2000,12
d_q036_s50_x50,d_q036_s50,d_q036_s50_x50_g25_r104729,d_q036_s50_x50_g25_r104729_a01,QS60_V1,D1,50.0,5.0,4.5,50.0,0.0,951.3792741666667,931.3792741666667,898.1241222208334,963.6164117625,1.0405899682846285,ACTIVE,0.5,2000,12
d_q036_s50_x50,d_q036_s50,d_q036_s50_x50_g25_r104729,d_q036_s50_x50_g25_r104729_a01,QS60_V1,D1,51.25,5.0,4.5,50.0,0.25,805.8169626666667,785.8169626666667,742.6667568458333,828.2947058833333,0.8779594639256522,ACTIVE,0.5,2000,12
d_q036_s50_x50,d_q036_s50,d_q036_s50_x50_g25_r104729,d_q036_s50_x50_g25_r104729_a01,QS60_V1,D1,52.5,5.0,4.5,50.0,0.5,619.0923688333334,599.0923688333334,563.0597986083334,636.7473539749999,0.6693401135016932,ACTIVE,0.5,2000,12
d_q036_s50_x50,d_q036_s50,d_q036_s50_x50_g25_r104729,d_q036_s50_x50_g25_r104729_a01,QS60_V1,D1,53.75,5.0,4.5,50.0,0.75,542.2608853333334,522.2608853333334,494.89315377500003,552.5661857708333,0.5834996044887997,ACTIVE,0.5,2000,12
d_q036_s50_x50,d_q036_s50,d_q036_s50_x50_g25_r104729,d_q036_s50_x50_g25_r104729_a01,QS60_V1,D1,55.0,5.0,4.5,50.0,1.0,501.1812121666666,481.1812121666666,463.19522695833336,500.54602406249995,0.5376030540895096,ACTIVE,0.5,2000,12
d_q036_s50_x50,d_q036_s50,d_q036_s50_x50_g25_r104729,d_q036_s50_x50_g25_r104729_a01,QS60_V1,D1,56.25,5.0,4.5,50.0,1.25,467.2217655,447.2217655,432.7629528625,461.83791892500005,0.49966162624160304,ACTIVE,0.5,2000,12
d_q036_s50_x50,d_q036_s50,d_q036_s50_x50_g25_r104729,d_q036_s50_x50_g25_r104729_a01,QS60_V1,D1,57.5,5.0,4.5,50.0,1.5,441.3964946666667,421.3964946666667,409.4559809083333,433.02882697499996,0.4708081628859311,ACTIVE,0.5,2000,12
d_q036_s50_x50,d_q036_s50,d_q036_s50_x50_g25_r104729,d_q036_s50_x50_g25_r104729_a01,QS60_V1,D1,58.75,5.0,4.5,50.0,1.75,417.43487633333336,397.43487633333336,388.06212603750004,407.00257268333337,0.44403687824054205,ACTIVE,0.5,2000,12
d_q036_s50_x50,d_q036_s50,d_q036_s50_x50_g25_r104729,d_q036_s50_x50_g25_r104729_a01,QS60_V1,D1,60.0,5.0,4.5,50.0,2.0,397.5395661666667,377.5395661666667,368.9225596708334,386.0903074416667,0.42180870466016257,ACTIVE,0.5,2000,12
d_q036_s50_x50,d_q036_s50,d_q036_s50_x50_g25_r104729,d_q036_s50_x50_g25_r104729_a01,QS60_V1,D1,61.25,5.0,4.5,50.0,2.25,380.2450948333333,360.2450948333333,351.93426024999997,368.27339902083327,0.40248633634532677,ACTIVE,0.5,2000,12
d_q036_s50_x50,d_q036_s50,d_q036_s50_x50_g25_r104729,d_q036_s50_x50_g25_r104729_a01,QS60_V1,D1,62.5,5.0,4.5,50.0,2.5,365.83929133333334,345.83929133333334,337.00022939166666,353.30819217499993,0.3863913522470473,ACTIVE,0.5,2000,12
d_q036_s50_x50,d_q036_s50,d_q036_s50_x50_g25_r104729,d_q036_s50_x50_g25_r104729_a01,QS60_V1,D1,63.75,5.0,4.5,50.0,2.75,353.586294,333.586294,325.6046673208333,340.1710103583333,0.3727016058031047,ACTIVE,0.5,2000,12
d_q036_s50_x50,d_q036_s50,d_q036_s50_x50_g25_r104729,d_q036_s50_x50_g25_r104729_a01,QS60_V1,D1,65.0,5.0,4.5,50.0,3.0,343.0513966666667,323.0513966666667,315.93566644583336,329.05056856249996,0.36093141852705257,ACTIVE,0.5,2000,12
d_q036_s50_x50,d_q036_s50,d_q036_s50_x50_g25_r104729,d_q036_s50_x50_g25_r104729_a01,QS60_V1,D1,66.25,5.0,4.5,50.0,3.25,334.4006521666667,314.4006521666667,308.36216491666664,319.61895459166664,0.35126631410120235,ACTIVE,0.5,2000,12
d_q036_s50_x50,d_q036_s50,d_q036_s50_x50_g25_r104729,d_q036_s50_x50_g25_r104729_a01,QS60_V1,D1,67.5,5.0,4.5,50.0,3.5,327.47300716666666,307.47300716666666,302.07683137083336,312.1943276,0.3435263545693702,ACTIVE,0.5,2000,12
d_q036_s50_x50,d_q036_s50,d_q036_s50_x50_g25_r104729,d_q036_s50_x50_g25_r104729_a01,QS60_V1,D1,68.75,5.0,4.5,50.0,3.75,320.9071461666666,300.9071461666666,295.65571135,305.3164064875,0.3361906007263781,ACTIVE,0.5,2000,12
d_q036_s50_x50,d_q036_s50,d_q036_s50_x50_g25_r104729,d_q036_s50_x50_g25_r104729_a01,QS60_V1,D1,70.0,5.0,4.5,50.0,4.0,314.8318276666667,294.8318276666667,289.78146791666666,299.11739746666666,0.3294029089013798,ACTIVE,0.5,2000,12
d_q036_s50_x50,d_q036_s50,d_q036_s50_x50_g25_r104729,d_q036_s50_x50_g25_r104729_a01,QS60_V1,D1,72.5,5.0,4.5,50.0,4.5,303.6322715,283.6322715,279.2785212041667,287.50620633750003,0.3168901269235964,ACTIVE,0.5,2000,12
d_q036_s50_x50,d_q036_s50,d_q036_s50_x50_g25_r104729,d_q036_s50_x50_g25_r104729_a01,QS60_V1,D1,75.0,5.0,4.5,50.0,5.0,294.43648716666667,274.43648716666667,270.26743175000007,278.268286,0.30661607295526294,ACTIVE,0.5,2000,12
d_q036_s50_x50,d_q036_s50,d_q036_s50_x50_g25_r104729,d_q036_s50_x50_g25_r104729_a01,QS60_V1,D1,77.5,5.0,4.5,50.0,5.5,285.058323,265.058323,261.7458318875,268.1519721291667,0.29613825385037545,QC_ONLY,0.5,2000,12
d_q036_s50_x50,d_q036_s50,d_q036_s50_x50_g25_r104729,d_q036_s50_x50_g25_r104729_a01,QS60_V1,D1,80.0,5.0,4.5,50.0,6.0,276.2923696666667,256.2923696666667,253.73005845833336,258.9236322833333,0.2863444315546417,QC_ONLY,0.5,2000,12
d_q036_s50_x50,d_q036_s50,d_q036_s50_x50_g25_r104729,d_q036_s50_x50_g25_r104729_a01,QS60_V1,D1,82.5,5.0,4.5,50.0,6.5,268.5331826666667,248.53318266666665,246.3447442875,250.9446767875,0.2776754259430785,QC_ONLY,0.5,2000,12
d_q036_s50_x50,d_q036_s50,d_q036_s50_x50_g25_r104729,d_q036_s50_x50_g25_r104729_a01,QS60_V1,D1,85.0,5.0,4.5,50.0,7.0,261.4096528333333,241.40965283333335,239.05347527499998,244.00574917499998,0.2697166127195662,QC_ONLY,0.5,2000,12
d_q036_s50_x50,d_q036_s50,d_q036_s50_x50_g25_r104729,d_q036_s50_x50_g25_r104729_a01,QS60_V1,D1,90.0,5.0,4.5,50.0,8.0,248.18615583333334,228.18615583333334,225.76660396666665,230.96354623333335,0.2549425687768839,QC_ONLY,0.5,2000,12
d_q036_s50_x50,d_q036_s50,d_q036_s50_x50_g25_r104729,d_q036_s50_x50_g25_r104729_a01,QS60_V1,D1,95.0,5.0,4.5,50.0,9.0,235.80931733333333,215.80931733333333,213.78969657916667,218.01306000833333,0.24111445992863578,QC_ONLY,0.5,2000,12
d_q018_s45_x50,d_q018_s45,d_q018_s45_x50_g25_r104729,d_q018_s45_x50_g25_r104729_a01,QS60_V1,D2,5.0,5.0,4.5,50.0,9.0,151.68839716666668,131.68839716666668,130.15926979999998,133.1153025,0.23692156330111697,QC_ONLY,0.5,2000,9
d_q018_s45_x50,d_q018_s45,d_q018_s45_x50_g25_r104729,d_q018_s45_x50_g25_r104729_a01,QS60_V1,D2,10.0,5.0,4.5,50.0,8.0,157.901198,137.901198,136.0798874125,139.418664225,0.2480990589467576,QC_ONLY,0.5,2000,9
d_q018_s45_x50,d_q018_s45,d_q018_s45_x50_g25_r104729,d_q018_s45_x50_g25_r104729_a01,QS60_V1,D2,15.0,5.0,4.5,50.0,7.0,164.16917550000002,144.16917550000002,142.19086032083337,145.9043280416667,0.2593758233389673,QC_ONLY,0.5,2000,9
d_q018_s45_x50,d_q018_s45,d_q018_s45_x50_g25_r104729,d_q018_s45_x50_g25_r104729_a01,QS60_V1,D2,17.5,5.0,4.5,50.0,6.5,167.6231435,147.6231435,145.49925666250002,149.53920476666667,0.26558988255571325,QC_ONLY,0.5,2000,9
d_q018_s45_x50,d_q018_s45,d_q018_s45_x50_g25_r104729,d_q018_s45_x50_g25_r104729_a01,QS60_V1,D2,20.0,5.0,4.5,50.0,6.0,171.60652216666668,151.60652216666668,149.10631469166665,153.83302290833333,0.27275640839422405,QC_ONLY,0.5,2000,9
d_q018_s45_x50,d_q018_s45,d_q018_s45_x50_g25_r104729,d_q018_s45_x50_g25_r104729_a01,QS60_V1,D2,22.5,5.0,4.5,50.0,5.5,176.10621483333335,156.10621483333335,153.509973575,158.40502647916668,0.28085183854523427,QC_ONLY,0.5,2000,9
d_q018_s45_x50,d_q018_s45,d_q018_s45_x50_g25_r104729,d_q018_s45_x50_g25_r104729_a01,QS60_V1,D2,25.0,5.0,4.5,50.0,5.0,180.67259233333334,160.67259233333334,158.0541882875,162.95306625,0.28906724187005267,ACTIVE,0.5,2000,9
d_q018_s45_x50,d_q018_s45,d_q018_s45_x50_g25_r104729,d_q018_s45_x50_g25_r104729_a01,QS60_V1,D2,27.5,5.0,4.5,50.0,4.5,185.63225316666666,165.63225316666666,163.01975080000003,168.0275618833333,0.29799020413064947,ACTIVE,0.5,2000,9
d_q018_s45_x50,d_q018_s45,d_q018_s45_x50_g25_r104729,d_q018_s45_x50_g25_r104729_a01,QS60_V1,D2,30.0,5.0,4.5,50.0,4.0,191.917727,171.917727,169.31609315416668,174.28310974583334,0.3092984463047637,ACTIVE,0.5,2000,9
d_q018_s45_x50,d_q018_s45,d_q018_s45_x50_g25_r104729,d_q018_s45_x50_g25_r104729_a01,QS60_V1,D2,31.25,5.0,4.5,50.0,3.75,195.8728655,175.8728655,172.88515279583333,178.66264280833332,0.3164141650518487,ACTIVE,0.5,2000,9
d_q018_s45_x50,d_q018_s45,d_q018_s45_x50_g25_r104729,d_q018_s45_x50_g25_r104729_a01,QS60_V1,D2,32.5,5.0,4.5,50.0,3.5,199.52809299999998,179.52809299999998,176.32481529583333,182.57010343333332,0.3229903117143767,ACTIVE,0.5,2000,9
d_q018_s45_x50,d_q018_s45,d_q018_s45_x50_g25_r104729,d_q018_s45_x50_g25_r104729_a01,QS60_V1,D2,33.75,5.0,4.5,50.0,3.25,203.57077683333333,183.57077683333333,180.19478519583336,186.75775417916665,0.3302635339141525,ACTIVE,0.5,2000,9
d_q018_s45_x50,d_q018_s45,d_q018_s45_x50_g25_r104729,d_q018_s45_x50_g25_r104729_a01,QS60_V1,D2,35.0,5.0,4.5,50.0,3.0,208.50580366666665,188.50580366666665,184.85898928333333,191.755893875,0.33914217696428023,ACTIVE,0.5,2000,9
d_q018_s45_x50,d_q018_s45,d_q018_s45_x50_g25_r104729,d_q018_s45_x50_g25_r104729_a01,QS60_V1,D2,36.25,5.0,4.5,50.0,2.75,214.4792565,194.4792565,190.61550227916666,197.87617524166666,0.34988905986382435,ACTIVE,0.5,2000,9
d_q018_s45_x50,d_q018_s45,d_q018_s45_x50_g25_r104729,d_q018_s45_x50_g25_r104729_a01,QS60_V1,D2,37.5,5.0,4.5,50.0,2.5,221.02315583333333,201.02315583333333,197.28302674999998,204.53760052916667,0.3616622372545118,ACTIVE,0.5,2000,9
d_q018_s45_x50,d_q018_s45,d_q018_s45_x50_g25_r104729,d_q018_s45_x50_g25_r104729_a01,QS60_V1,D2,38.75,5.0,4.5,50.0,2.25,228.25409566666667,208.25409566666667,204.10481252083332,212.09095594166666,0.3746714742587518,ACTIVE,0.5,2000,9
d_q018_s45_x50,d_q018_s45,d_q018_s45_x50_g25_r104729,d_q018_s45_x50_g25_r104729_a01,QS60_V1,D2,40.0,5.0,4.5,50.0,2.0,237.7904065,217.7904065,212.22375653749998,223.54586907499998,0.39182832117442373,ACTIVE,0.5,2000,9
d_q018_s45_x50,d_q018_s45,d_q018_s45_x50_g25_r104729,d_q018_s45_x50_g25_r104729_a01,QS60_V1,D2,41.25,5.0,4.5,50.0,1.75,249.42742850000002,229.42742850000002,222.5305132375,236.43517762916667,0.41276457299105207,ACTIVE,0.5,2000,9
d_q018_s45_x50,d_q018_s45,d_q018_s45_x50_g25_r104729,d_q018_s45_x50_g25_r104729_a01,QS60_V1,D2,42.5,5.0,4.5,50.0,1.5,264.065378,244.06537799999998,236.02460716250002,251.15263955,0.4390998155308605,ACTIVE,0.5,2000,9
d_q018_s45_x50,d_q018_s45,d_q018_s45_x50_g25_r104729,d_q018_s45_x50_g25_r104729_a01,QS60_V1,D2,43.75,5.0,4.5,50.0,1.25,279.50943216666667,259.50943216666667,250.30763645000002,267.25394504166667,0.4668853269016374,ACTIVE,0.5,2000,9
d_q018_s45_x50,d_q018_s45,d_q018_s45_x50_g25_r104729,d_q018_s45_x50_g25_r104729_a01,QS60_V1,D2,45.0,5.0,4.5,50.0,1.0,296.3508391666667,276.3508391666667,266.8604143375,284.6937952916666,0.49718482602592595,ACTIVE,0.5,2000,9
d_q018_s45_x50,d_q018_s45,d_q018_s45_x50_g25_r104729,d_q018_s45_x50_g25_r104729_a01,QS60_V1,D2,46.25,5.0,4.5,50.0,0.75,319.6461061666667,299.6461061666667,289.9304524291667,308.9329183958333,0.5390955121144795,ACTIVE,0.5,2000,9
d_q018_s45_x50,d_q018_s45,d_q018_s45_x50_g25_r104729,d_q018_s45_x50_g25_r104729_a01,QS60_V1,D2,47.5,5.0,4.5,50.0,0.5,363.9169186666667,343.9169186666667,331.96763482500006,355.5503892666666,0.6187434562901228,ACTIVE,0.5,2000,9
d_q018_s45_x50,d_q018_s45,d_q018_s45_x50_g25_r104729,d_q018_s45_x50_g25_r104729_a01,QS60_V1,D2,48.75,5.0,4.5,50.0,0.25,497.367567,477.367567,463.58518395833335,491.2791306875,0.8588354986183896,ACTIVE,0.5,2000,9
d_q018_s45_x50,d_q018_s45,d_q018_s45_x50_g25_r104729,d_q018_s45_x50_g25_r104729_a01,QS60_V1,D2,50.0,5.0,4.5,50.0,0.0,618.368965,598.368965,575.1897720708332,620.4816694250001,1.0765300031653484,ACTIVE,0.5,2000,9
d_q018_s45_x50,d_q018_s45,d_q018_s45_x50_g25_r104729,d_q018_s45_x50_g25_r104729_a01,QS60_V1,D2,51.25,5.0,4.5,50.0,0.25,488.48212383333333,468.48212383333333,453.4920756166666,483.46193745,0.8428496325059364,ACTIVE,0.5,2000,9
d_q018_s45_x50,d_q018_s45,d_q018_s45_x50_g25_r104729,d_q018_s45_x50_g25_r104729_a01,QS60_V1,D2,52.5,5.0,4.5,50.0,0.5,365.558743,345.558743,336.4634899958333,355.83408986666666,0.6216972745162407,ACTIVE,0.5,2000,9
d_q018_s45_x50,d_q018_s45,d_q018_s45_x50_g25_r104729,d_q018_s45_x50_g25_r104729_a01,QS60_V1,D2,53.75,5.0,4.5,50.0,0.75,326.66391333333337,306.66391333333337,297.28183385,316.366644425,0.5517213005715152,ACTIVE,0.5,2000,9
d_q018_s45_x50,d_q018_s45,d_q018_s45_x50_g25_r104729,d_q018_s45_x50_g25_r104729_a01,QS60_V1,D2,55.0,5.0,4.5,50.0,1.0,298.2069261666667,278.2069261666667,270.26823291666665,285.6709833875,0.5005241257905539,ACTIVE,0.5,2000,9
d_q018_s45_x50,d_q018_s45,d_q018_s45_x50_g25_r104729,d_q018_s45_x50_g25_r104729_a01,QS60_V1,D2,56.25,5.0,4.5,50.0,1.25,274.4536166666667,254.45361666666668,249.1283073,259.6869746208333,0.45778937207346815,ACTIVE,0.5,2000,9
d_q018_s45_x50,d_q018_s45,d_q018_s45_x50_g25_r104729,d_q018_s45_x50_g25_r104729_a01,QS60_V1,D2,57.5,5.0,4.5,50.0,1.5,260.3539146666667,240.35391466666667,236.14046274166665,244.79853912083337,0.43242249456722837,ACTIVE,0.5,2000,9
d_q018_s45_x50,d_q018_s45,d_q018_s45_x50_g25_r104729,d_q018_s45_x50_g25_r104729_a01,QS60_V1,D2,58.75,5.0,4.5,50.0,1.75,250.92507533333335,230.92507533333335,226.08179597083333,235.56706581666666,0.41545900041716183,ACTIVE,0.5,2000,9
d_q018_s45_x50,d_q018_s45,d_q018_s45_x50_g25_r104729,d_q018_s45_x50_g25_r104729_a01,QS60_V1,D2,60.0,5.0,4.5,50.0,2.0,240.55558466666668,220.55558466666668,214.5843744208333,225.8691047458333,0.396803173539159,ACTIVE,0.5,2000,9
d_q018_s45_x50,d_q018_s45,d_q018_s45_x50_g25_r104729,d_q018_s45_x50_g25_r104729_a01,QS60_V1,D2,61.25,5.0,4.5,50.0,2.25,230.958309,210.958309,205.06129220000003,216.14479545,0.3795366443437229,ACTIVE,0.5,2000,9
d_q018_s45_x50,d_q018_s45,d_q018_s45_x50_g25_r104729,d_q018_s45_x50_g25_r104729_a01,QS60_V1,D2,62.5,5.0,4.5,50.0,2.5,223.49782,203.49782,199.08404316666665,207.57689204583335,0.36611442374646136,ACTIVE,0.5,2000,9
d_q018_s45_x50,d_q018_s45,d_q018_s45_x50_g25_r104729,d_q018_s45_x50_g25_r104729_a01,QS60_V1,D2,63.75,5.0,4.5,50.0,2.75,217.54198749999998,197.54198749999998,193.75195570416668,201.19819755833333,0.35539924171813325,ACTIVE,0.5,2000,9
d_q018_s45_x50,d_q018_s45,d_q018_s45_x50_g25_r104729,d_q018_s45_x50_g25_r104729_a01,QS60_V1,D2,65.0,5.0,4.5,50.0,3.0,211.93061416666666,191.93061416666666,188.22295277083333,195.38736031250002,0.3453037787084578,ACTIVE,0.5,2000,9
d_q018_s45_x50,d_q018_s45,d_q018_s45_x50_g25_r104729,d_q018_s45_x50_g25_r104729_a01,QS60_V1,D2,66.25,5.0,4.5,50.0,3.25,206.6570775,186.6570775,182.97218603750002,190.1129009125,0.3358161201290072,ACTIVE,0.5,2000,9
d_q018_s45_x50,d_q018_s45,d_q018_s45_x50_g25_r104729,d_q018_s45_x50_g25_r104729_a01,QS60_V1,D2,67.5,5.0,4.5,50.0,3.5,201.801307,181.801307,178.18079759583335,185.04578853749996,0.32708006773074283,ACTIVE,0.5,2000,9
d_q018_s45_x50,d_q018_s45,d_q018_s45_x50_g25_r104729,d_q018_s45_x50_g25_r104729_a01,QS60_V1,D2,68.75,5.0,4.5,50.0,3.75,197.470018,177.470018,174.30001505833332,180.31341605000003,0.3192876138542621,ACTIVE,0.5,2000,9
d_q018_s45_x50,d_q018_s45,d_q018_s45_x50_g25_r104729,d_q018_s45_x50_g25_r104729_a01,QS60_V1,D2,70.0,5.0,4.5,50.0,4.0,194.066034,174.066034,171.29525209166667,176.70692135,0.31316348121931703,ACTIVE,0.5,2000,9
d_q018_s45_x50,d_q018_s45,d_q018_s45_x50_g25_r104729,d_q018_s45_x50_g25_r104729_a01,QS60_V1,D2,72.5,5.0,4.5,50.0,4.5,187.666075,167.666075,164.98092434999998,170.25510246666664,0.3016492679403444,ACTIVE,0.5,2000,9
d_q018_s45_x50,d_q018_s45,d_q018_s45_x50_g25_r104729,d_q018_s45_x50_g25_r104729_a01,QS60_V1,D2,75.0,5.0,4.5,50.0,5.0,182.37963,162.37963,159.86569575833335,164.8585024125,0.2921383858835127,ACTIVE,0.5,2000,9
d_q018_s45_x50,d_q018_s45,d_q018_s45_x50_g25_r104729,d_q018_s45_x50_g25_r104729_a01,QS60_V1,D2,77.5,5.0,4.5,50.0,5.5,177.61309183333333,157.61309183333333,155.41484885,159.95204163333332,0.2835628720320391,QC_ONLY,0.5,2000,9
d_q018_s45_x50,d_q018_s45,d_q018_s45_x50_g25_r104729,d_q018_s45_x50_g25_r104729_a01,QS60_V1,D2,80.0,5.0,4.5,50.0,6.0,173.50721800000002,153.50721800000002,151.57088665416669,155.70750685833332,0.2761759642387935,QC_ONLY,0.5,2000,9
d_q018_s45_x50,d_q018_s45,d_q018_s45_x50_g25_r104729,d_q018_s45_x50_g25_r104729_a01,QS60_V1,D2,82.5,5.0,4.5,50.0,6.5,169.93081716666666,149.93081716666666,148.16842920416664,151.94713732916668,0.26974163521167066,QC_ONLY,0.5,2000,9
d_q018_s45_x50,d_q018_s45,d_q018_s45_x50_g25_r104729,d_q018_s45_x50_g25_r104729_a01,QS60_V1,D2,85.0,5.0,4.5,50.0,7.0,166.68787133333333,146.68787133333333,144.77750999999998,148.7131967958333,0.2639072275260659,QC_ONLY,0.5,2000,9
d_q018_s45_x50,d_q018_s45,d_q018_s45_x50_g25_r104729,d_q018_s45_x50_g25_r104729_a01,QS60_V1,D2,90.0,5.0,4.5,50.0,8.0,160.11800833333334,140.11800833333334,138.48159741666663,141.96183569999997,0.25208733871183586,QC_ONLY,0.5,2000,9
d_q018_s45_x50,d_q018_s45,d_q018_s45_x50_g25_r104729,d_q018_s45_x50_g25_r104729_a01,QS60_V1,D2,95.0,5.0,4.5,50.0,9.0,153.36233716666666,133.36233716666666,132.15737049999998,134.6550724875,0.23993316105919688,QC_ONLY,0.5,2000,9
d_q018_s50_x50,d_q018_s50,d_q018_s50_x50_g25_r104729,d_q018_s50_x50_g25_r104729_a01,QS60_V1,D2,5.0,5.0,4.5,50.0,9.0,153.8402495,133.8402495,132.5299604125,135.1582439,0.29323414358437006,QC_ONLY,0.5,2000,13
d_q018_s50_x50,d_q018_s50,d_q018_s50_x50_g25_r104729,d_q018_s50_x50_g25_r104729_a01,QS60_V1,D2,10.0,5.0,4.5,50.0,8.0,160.030008,140.030008,138.6388147375,141.51596683333332,0.30679544924184027,QC_ONLY,0.5,2000,13
d_q018_s50_x50,d_q018_s50,d_q018_s50_x50_g25_r104729,d_q018_s50_x50_g25_r104729_a01,QS60_V1,D2,15.0,5.0,4.5,50.0,7.0,166.46877816666665,146.46877816666665,145.1388898125,147.86356147916666,0.3209023211478067,QC_ONLY,0.5,2000,13
d_q018_s50_x50,d_q018_s50,d_q018_s50_x50_g25_r104729,d_q018_s50_x50_g25_r104729_a01,QS60_V1,D2,17.5,5.0,4.5,50.0,6.5,169.950865,149.950865,148.543575825,151.32160051666665,0.3285313173150539,QC_ONLY,0.5,2000,13
d_q018_s50_x50,d_q018_s50,d_q018_s50_x50_g25_r104729,d_q018_s50_x50_g25_r104729_a01,QS60_V1,D2,20.0,5.0,4.5,50.0,6.0,174.0367815,154.0367815,152.579508625,155.40529617916667,0.337483259874267,QC_ONLY,0.5,2000,13
d_q018_s50_x50,d_q018_s50,d_q018_s50_x50_g25_r104729,d_q018_s50_x50_g25_r104729_a01,QS60_V1,D2,22.5,5.0,4.5,50.0,5.5,178.49791866666666,158.49791866666666,156.8711916625,160.020815475,0.3472572833191344,QC_ONLY,0.5,2000,13
d_q018_s50_x50,d_q018_s50,d_q018_s50_x50_g25_r104729,d_q018_s50_x50_g25_r104729_a01,QS60_V1,D2,25.0,5.0,4.5,50.0,5.0,182.785149,162.785149,160.99942882083332,164.37256003333334,0.35665028968187235,ACTIVE,0.5,2000,13
d_q018_s50_x50,d_q018_s50,d_q018_s50_x50_g25_r104729,d_q018_s50_x50_g25_r104729_a01,QS60_V1,D2,27.5,5.0,4.5,50.0,4.5,187.0630735,167.0630735,164.79884792916667,169.06586755000004,0.3660229076481598,ACTIVE,0.5,2000,13
d_q018_s50_x50,d_q018_s50,d_q018_s50_x50_g25_r104729,d_q018_s50_x50_g25_r104729_a01,QS60_V1,D2,30.0,5.0,4.5,50.0,4.0,191.5633188333333,171.5633188333333,168.61402415416663,174.10573084166666,0.3758826142100454,ACTIVE,0.5,2000,13
d_q018_s50_x50,d_q018_s50,d_q018_s50_x50_g25_r104729,d_q018_s50_x50_g25_r104729_a01,QS60_V1,D2,31.25,5.0,4.5,50.0,3.75,194.403513,174.403513,171.27931125,177.05062545833334,0.3821052707516101,ACTIVE,0.5,2000,13
d_q018_s50_x50,d_q018_s50,d_q018_s50_x50_g25_r104729,d_q018_s50_x50_g25_r104729_a01,QS60_V1,D2,32.5,5.0,4.5,50.0,3.5,197.651958,177.651958,174.54720276666666,180.33552717499998,0.3892223748448443,ACTIVE,0.5,2000,13
d_q018_s50_x50,d_q018_s50,d_q018_s50_x50_g25_r104729,d_q018_s50_x50_g25_r104729_a01,QS60_V1,D2,33.75,5.0,4.5,50.0,3.25,200.77718616666667,180.77718616666667,177.6115696625,183.8053345958333,0.3960695199180328,ACTIVE,0.5,2000,13
d_q018_s50_x50,d_q018_s50,d_q018_s50_x50_g25_r104729,d_q018_s50_x50_g25_r104729_a01,QS60_V1,D2,35.0,5.0,4.5,50.0,3.0,203.97698683333334,183.97698683333334,180.54776453333332,187.4881618875,0.40308004785440443,ACTIVE,0.5,2000,13
d_q018_s50_x50,d_q018_s50,d_q018_s50_x50_g25_r104729,d_q018_s50_x50_g25_r104729_a01,QS60_V1,D2,36.25,5.0,4.5,50.0,2.75,207.7129115,187.7129115,183.37503477916667,192.04744445416662,0.4112651840463817,ACTIVE,0.5,2000,13
d_q018_s50_x50,d_q018_s50,d_q018_s50_x50_g25_r104729,d_q018_s50_x50_g25_r104729_a01,QS60_V1,D2,37.5,5.0,4.5,50.0,2.5,211.63341566666668,191.63341566666668,186.89228548333332,196.17155325416667,0.4198547203482508,ACTIVE,0.5,2000,13
d_q018_s50_x50,d_q018_s50,d_q018_s50_x50_g25_r104729,d_q018_s50_x50_g25_r104729_a01,QS60_V1,D2,38.75,5.0,4.5,50.0,2.25,216.1084191666667,196.1084191666667,190.78510543750002,200.95584665833331,0.4296591239096739,ACTIVE,0.5,2000,13
d_q018_s50_x50,d_q018_s50,d_q018_s50_x50_g25_r104729,d_q018_s50_x50_g25_r104729_a01,QS60_V1,D2,40.0,5.0,4.5,50.0,2.0,222.61590833333332,202.61590833333332,195.71523710416668,208.751617925,0.44391655409080977,ACTIVE,0.5,2000,13
d_q018_s50_x50,d_q018_s50,d_q018_s50_x50_g25_r104729,d_q018_s50_x50_g25_r104729_a01,QS60_V1,D2,41.25,5.0,4.5,50.0,1.75,229.67378466666665,209.67378466666665,201.08019226666667,216.68820673333335,0.459379842076756,ACTIVE,0.5,2000,13
d_q018_s50_x50,d_q018_s50,d_q018_s50_x50_g25_r104729,d_q018_s50_x50_g25_r104729_a01,QS60_V1,D2,42.5,5.0,4.5,50.0,1.5,236.56280733333332,216.56280733333332,206.88222978333332,224.3112758166667,0.47447318409711225,ACTIVE,0.5,2000,13
d_q018_s50_x50,d_q018_s50,d_q018_s50_x50_g25_r104729,d_q018_s50_x50_g25_r104729_a01,QS60_V1,D2,43.75,5.0,4.5,50.0,1.25,247.2951965,227.2951965,217.0439633625,235.9972869125,0.4979870594646389,ACTIVE,0.5,2000,13
d_q018_s50_x50,d_q018_s50,d_q018_s50_x50_g25_r104729,d_q018_s50_x50_g25_r104729_a01,QS60_V1,D2,45.0,5.0,4.5,50.0,1.0,258.65727616666663,238.65727616666666,229.10397724583333,247.5113242958333,0.5228805404080705,ACTIVE,0.5,2000,13
d_q018_s50_x50,d_q018_s50,d_q018_s50_x50_g25_r104729,d_q018_s50_x50_g25_r104729_a01,QS60_V1,D2,46.25,5.0,4.5,50.0,0.75,271.36060883333334,251.36060883333332,239.88418770416666,261.8490839291667,0.5507126080341649,ACTIVE,0.5,2000,13
d_q018_s50_x50,d_q018_s50,d_q018_s50_x50_g25_r104729,d_q018_s50_x50_g25_r104729_a01,QS60_V1,D2,47.5,5.0,4.5,50.0,0.5,302.8638671666667,282.8638671666667,270.177457775,294.9978131,0.6197339301850339,ACTIVE,0.5,2000,13
d_q018_s50_x50,d_q018_s50,d_q018_s50_x50_g25_r104729,d_q018_s50_x50_g25_r104729_a01,QS60_V1,D2,48.75,5.0,4.5,50.0,0.25,404.30159083333336,384.30159083333336,363.04978015,404.7892201541666,0.8419765226612456,ACTIVE,0.5,2000,13
d_q018_s50_x50,d_q018_s50,d_q018_s50_x50_g25_r104729,d_q018_s50_x50_g25_r104729_a01,QS60_V1,D2,50.0,5.0,4.5,50.0,0.0,504.5340771666667,484.5340771666667,467.3444688083333,499.95027236249996,1.0615785287774033,ACTIVE,0.5,2000,13
d_q018_s50_x50,d_q018_s50,d_q018_s50_x50_g25_r104729,d_q018_s50_x50_g25_r104729_a01,QS60_V1,D2,51.25,5.0,4.5,50.0,0.25,425.61849133333334,405.61849133333334,390.74009851249997,423.2225858416666,0.8886802839389075,ACTIVE,0.5,2000,13
d_q018_s50_x50,d_q018_s50,d_q018_s50_x50_g25_r104729,d_q018_s50_x50_g25_r104729_a01,QS60_V1,D2,52.5,5.0,4.5,50.0,0.5,319.57691066666666,299.57691066666666,285.1947913916667,314.4962077916667,0.6563509793591003,ACTIVE,0.5,2000,13
d_q018_s50_x50,d_q018_s50,d_q018_s50_x50_g25_r104729,d_q018_s50_x50_g25_r104729_a01,QS60_V1,D2,53.75,5.0,4.5,50.0,0.75,285.04636,265.04636,258.81384795416665,272.8318945833333,0.5806970823433397,ACTIVE,0.5,2000,13
d_q018_s50_x50,d_q018_s50,d_q018_s50_x50_g25_r104729,d_q018_s50_x50_g25_r104729_a01,QS60_V1,D2,55.0,5.0,4.5,50.0,1.0,265.4252035,245.4252035,239.7573032875,252.13632409166667,0.5377085714588589,ACTIVE,0.5,2000,13
d_q018_s50_x50,d_q018_s50,d_q018_s50_x50_g25_r104729,d_q018_s50_x50_g25_r104729_a01,QS60_V1,D2,56.25,5.0,4.5,50.0,1.25,248.74966933333332,228.74966933333332,223.63360465833335,235.24627114583336,0.5011737024755608,ACTIVE,0.5,2000,13
d_q018_s50_x50,d_q018_s50,d_q018_s50_x50_g25_r104729,d_q018_s50_x50_g25_r104729_a01,QS60_V1,D2,57.5,5.0,4.5,50.0,1.5,238.25848183333335,218.25848183333335,213.3164360125,224.18414364999995,0.47818828222090465,ACTIVE,0.5,2000,13
d_q018_s50_x50,d_q018_s50,d_q018_s50_x50_g25_r104729,d_q018_s50_x50_g25_r104729_a01,QS60_V1,D2,58.75,5.0,4.5,50.0,1.75,229.555587,209.555587,205.20923316666668,214.06257725,0.45912087968175036,ACTIVE,0.5,2000,13
d_q018_s50_x50,d_q018_s50,d_q018_s50_x50_g25_r104729,d_q018_s50_x50_g25_r104729_a01,QS60_V1,D2,60.0,5.0,4.5,50.0,2.0,222.839285,202.839285,199.23008471666665,206.53103939166667,0.4444059559395917,ACTIVE,0.5,2000,13
d_q018_s50_x50,d_q018_s50,d_q018_s50_x50_g25_r104729,d_q018_s50_x50_g25_r104729_a01,QS60_V1,D2,61.25,5.0,4.5,50.0,2.25,216.25429083333333,196.25429083333333,193.23554364583336,199.8855735125,0.4299787180034388,ACTIVE,0.5,2000,13
d_q018_s50_x50,d_q018_s50,d_q018_s50_x50_g25_r104729,d_q018_s50_x50_g25_r104729_a01,QS60_V1,D2,62.5,5.0,4.5,50.0,2.5,211.100721,191.100721,187.3356525458333,195.36510187083334,0.41868762550977345,ACTIVE,0.5,2000,13
d_q018_s50_x50,d_q018_s50,d_q018_s50_x50_g25_r104729,d_q018_s50_x50_g25_r104729_a01,QS60_V1,D2,63.75,5.0,4.5,50.0,2.75,206.73465050000001,186.73465050000001,183.13258602499997,190.6394328875,0.40912188614004463,ACTIVE,0.5,2000,13
d_q018_s50_x50,d_q018_s50,d_q018_s50_x50_g25_r104729,d_q018_s50_x50_g25_r104729_a01,QS60_V1,D2,65.0,5.0,4.5,50.0,3.0,202.55374916666668,182.55374916666668,179.27435303333334,186.22697097916668,0.39996183879650804,ACTIVE,0.5,2000,13
d_q018_s50_x50,d_q018_s50,d_q018_s50_x50_g25_r104729,d_q018_s50_x50_g25_r104729_a01,QS60_V1,D2,66.25,5.0,4.5,50.0,3.25,199.11102066666666,179.11102066666666,176.25232104166668,182.6669749375,0.39241907384304753,ACTIVE,0.5,2000,13
d_q018_s50_x50,d_q018_s50,d_q018_s50_x50_g25_r104729,d_q018_s50_x50_g25_r104729_a01,QS60_V1,D2,67.5,5.0,4.5,50.0,3.5,196.15242516666666,176.15242516666666,173.50196701666664,179.48630246666664,0.3859370086877889,ACTIVE,0.5,2000,13
d_q018_s50_x50,d_q018_s50,d_q018_s50_x50_g25_r104729,d_q018_s50_x50_g25_r104729_a01,QS60_V1,D2,68.75,5.0,4.5,50.0,3.75,193.18839133333333,173.18839133333333,170.5899434458333,176.4595742375,0.3794430285441506,ACTIVE,0.5,2000,13
d_q018_s50_x50,d_q018_s50,d_q018_s50_x50_g25_r104729,d_q018_s50_x50_g25_r104729_a01,QS60_V1,D2,70.0,5.0,4.5,50.0,4.0,190.42282766666668,170.42282766666668,167.89704415416668,173.50660939166664,0.3733838819395035,ACTIVE,0.5,2000,13
d_q018_s50_x50,d_q018_s50,d_q018_s50_x50_g25_r104729,d_q018_s50_x50_g25_r104729_a01,QS60_V1,D2,72.5,5.0,4.5,50.0,4.5,184.98301183333334,164.98301183333334,162.12779377083336,168.34483279583333,0.3614656455113489,ACTIVE,0.5,2000,13
d_q018_s50_x50,d_q018_s50,d_q018_s50_x50_g25_r104729,d_q018_s50_x50_g25_r104729_a01,QS60_V1,D2,75.0,5.0,4.5,50.0,5.0,180.83719866666667,160.83719866666667,158.0902411916667,164.04315023333334,0.35238247376047505,ACTIVE,0.5,2000,13
d_q018_s50_x50,d_q018_s50,d_q018_s50_x50_g25_r104729,d_q018_s50_x50_g25_r104729_a01,QS60_V1,D2,77.5,5.0,4.5,50.0,5.5,176.960083,156.960083,154.73219281666667,159.47584194583334,0.34388799847116724,QC_ONLY,0.5,2000,13
d_q018_s50_x50,d_q018_s50,d_q018_s50_x50_g25_r104729,d_q018_s50_x50_g25_r104729_a01,QS60_V1,D2,80.0,5.0,4.5,50.0,6.0,173.60135116666666,153.60135116666666,151.80889931250002,155.5614014375,0.33652926403697103,QC_ONLY,0.5,2000,13
d_q018_s50_x50,d_q018_s50,d_q018_s50_x50_g25_r104729,d_q018_s50_x50_g25_r104729_a01,QS60_V1,D2,82.5,5.0,4.5,50.0,6.5,170.20514116666666,150.20514116666666,148.59686069583333,151.99696199166664,0.3290884176958808,QC_ONLY,0.5,2000,13
d_q018_s50_x50,d_q018_s50,d_q018_s50_x50_g25_r104729,d_q018_s50_x50_g25_r104729_a01,QS60_V1,D2,85.0,5.0,4.5,50.0,7.0,166.77748466666665,146.77748466666665,145.32853280416666,148.3825636625,0.3215786743859739,QC_ONLY,0.5,2000,13
d_q018_s50_x50,d_q018_s50,d_q018_s50_x50_g25_r104729,d_q018_s50_x50_g25_r104729_a01,QS60_V1,D2,90.0,5.0,4.5,50.0,8.0,160.303369,140.303369,139.2056758,141.4244891125,0.30739436308893653,QC_ONLY,0.5,2000,13
d_q018_s50_x50,d_q018_s50,d_q018_s50_x50_g25_r104729,d_q018_s50_x50_g25_r104729_a01,QS60_V1,D2,95.0,5.0,4.5,50.0,9.0,154.12579083333333,134.12579083333333,133.39917030416666,134.91412545,0.2938597436460162,QC_ONLY,0.5,2000,13
d_q027_s35_x50,d_q027_s35,d_q027_s35_x50_g25_r104729,d_q027_s35_x50_g25_r104729_a01,QS60_V1,D2,5.0,5.0,4.5,50.0,9.0,206.16596967213115,186.16596967213115,184.4368502254098,187.6827399221312,0.2095629994008447,QC_ONLY,0.5,2000,9
d_q027_s35_x50,d_q027_s35,d_q027_s35_x50_g25_r104729,d_q027_s35_x50_g25_r104729_a01,QS60_V1,D2,10.0,5.0,4.5,50.0,8.0,216.35495770491804,196.35495770491804,194.53126169672132,198.0056527418033,0.22103252251922464,QC_ONLY,0.5,2000,9
d_q027_s35_x50,d_q027_s35,d_q027_s35_x50_g25_r104729,d_q027_s35_x50_g25_r104729_a01,QS60_V1,D2,15.0,5.0,4.5,50.0,7.0,226.88201147540983,206.88201147540983,204.66486994262294,208.9308334180328,0.2328825989154828,QC_ONLY,0.5,2000,9
d_q027_s35_x50,d_q027_s35,d_q027_s35_x50_g25_r104729,d_q027_s35_x50_g25_r104729_a01,QS60_V1,D2,17.5,5.0,4.5,50.0,6.5,232.96597737704917,212.96597737704917,210.71138950409835,214.98481580327868,0.2397311875423164,QC_ONLY,0.5,2000,9
d_q027_s35_x50,d_q027_s35,d_q027_s35_x50_g25_r104729,d_q027_s35_x50_g25_r104729_a01,QS60_V1,D2,20.0,5.0,4.5,50.0,6.0,240.0137986885246,220.0137986885246,217.4348363114754,222.15272468032788,0.24766476732531947,QC_ONLY,0.5,2000,9
d_q027_s35_x50,d_q027_s35,d_q027_s35_x50_g25_r104729,d_q027_s35_x50_g25_r104729_a01,QS60_V1,D2,22.5,5.0,4.5,50.0,5.5,247.6990298360656,227.6990298360656,225.00106283196723,230.0425364180328,0.2563158655534431,QC_ONLY,0.5,2000,9
d_q027_s35_x50,d_q027_s35,d_q027_s35_x50_g25_r104729,d_q027_s35_x50_g25_r104729_a01,QS60_V1,D2,25.0,5.0,4.5,50.0,5.0,256.48974672131146,236.4897467213115,233.48765848770492,239.18290761065575,0.2662113851298738,ACTIVE,0.5,2000,9
d_q027_s35_x50,d_q027_s35,d_q027_s35_x50_g25_r104729,d_q027_s35_x50_g25_r104729_a01,QS60_V1,D2,27.5,5.0,4.5,50.0,4.5,265.4239450819672,245.42394508196722,241.67091416393444,249.05877656557377,0.2762684186951302,ACTIVE,0.5,2000,9
d_q027_s35_x50,d_q027_s35,d_q027_s35_x50_g25_r104729,d_q027_s35_x50_g25_r104729_a01,QS60_V1,D2,30.0,5.0,4.5,50.0,4.0,275.62333114754097,255.62333114754097,251.02377402459015,260.14389896721315,0.28774964665377994,ACTIVE,0.5,2000,9
d_q027_s35_x50,d_q027_s35,d_q027_s35_x50_g25_r104729,d_q027_s35_x50_g25_r104729_a01,QS60_V1,D2,31.25,5.0,4.5,50.0,3.75,281.41555131147544,261.41555131147544,256.4487689426229,266.3351499057377,0.2942698234233685,ACTIVE,0.5,2000,9
d_q027_s35_x50,d_q027_s35,d_q027_s35_x50_g25_r104729,d_q027_s35_x50_g25_r104729_a01,QS60_V1,D2,32.5,5.0,4.5,50.0,3.5,287.5804724590164,267.5804724590164,263.215235295082,272.1104274016393,0.3012095416168906,ACTIVE,0.5,2000,9
d_q027_s35_x50,d_q027_s35,d_q027_s35_x50_g25_r104729,d_q027_s35_x50_g25_r104729_a01,QS60_V1,D2,33.75,5.0,4.5,50.0,3.25,294.5911080327869,274.5911080327869,270.46653995901636,279.00162893032785,0.30910126222046314,ACTIVE,0.5,2000,9
d_q027_s35_x50,d_q027_s35,d_q027_s35_x50_g25_r104729,d_q027_s35_x50_g25_r104729_a01,QS60_V1,D2,35.0,5.0,4.5,50.0,3.0,302.4391773770492,282.4391773770492,277.6890996147541,287.6779360860656,0.3179356638792945,ACTIVE,0.5,2000,9
d_q027_s35_x50,d_q027_s35,d_q027_s35_x50_g25_r104729,d_q027_s35_x50_g25_r104729_a01,QS60_V1,D2,36.25,5.0,4.5,50.0,2.75,312.24493393442623,292.24493393442623,285.90518661065573,299.1162445122951,0.3289737916272255,ACTIVE,0.5,2000,9
d_q027_s35_x50,d_q027_s35,d_q027_s35_x50_g25_r104729,d_q027_s35_x50_g25_r104729_a01,QS60_V1,D2,37.5,5.0,4.5,50.0,2.5,322.7159162295082,302.7159162295082,296.35756610655733,309.73064465163935,0.3407607495782146,ACTIVE,0.5,2000,9
d_q027_s35_x50,d_q027_s35,d_q027_s35_x50_g25_r104729,d_q027_s35_x50_g25_r104729_a01,QS60_V1,D2,38.75,5.0,4.5,50.0,2.25,334.8085409836066,314.8085409836066,308.8090988647541,321.36746200819675,0.35437315531789326,ACTIVE,0.5,2000,9
d_q027_s35_x50,d_q027_s35,d_q027_s35_x50_g25_r104729,d_q027_s35_x50_g25_r104729_a01,QS60_V1,D2,40.0,5.0,4.5,50.0,2.0,351.40322000000003,331.40322000000003,324.604850159836,338.4844388811475,0.3730534260187864,ACTIVE,0.5,2000,9
d_q027_s35_x50,d_q027_s35,d_q027_s35_x50_g25_r104729,d_q027_s35_x50_g25_r104729_a01,QS60_V1,D2,41.25,5.0,4.5,50.0,1.75,370.5594406557377,350.5594406557377,340.2632602131148,360.09466371721317,0.3946171686559122,ACTIVE,0.5,2000,9
d_q027_s35_x50,d_q027_s35,d_q027_s35_x50_g25_r104729,d_q027_s35_x50_g25_r104729_a01,QS60_V1,D2,42.5,5.0,4.5,50.0,1.5,395.32406688524594,375.32406688524594,364.17327577459014,385.9762867581967,0.4224941719602034,ACTIVE,0.5,2000,9
d_q027_s35_x50,d_q027_s35,d_q027_s35_x50_g25_r104729,d_q027_s35_x50_g25_r104729_a01,QS60_V1,D2,43.75,5.0,4.5,50.0,1.25,426.94150786885245,406.94150786885245,394.95053454918036,418.4042752295082,0.45808524039001886,ACTIVE,0.5,2000,9
d_q027_s35_x50,d_q027_s35,d_q027_s35_x50_g25_r104729,d_q027_s35_x50_g25_r104729_a01,QS60_V1,D2,45.0,5.0,4.5,50.0,1.0,470.92350803278686,450.92350803278686,434.9611265,465.6683514426229,0.5075948252525756,ACTIVE,0.5,2000,9
d_q027_s35_x50,d_q027_s35,d_q027_s35_x50_g25_r104729,d_q027_s35_x50_g25_r104729_a01,QS60_V1,D2,46.25,5.0,4.5,50.0,0.75,524.3853206557377,504.3853206557377,484.0994656393443,522.7074500737705,0.5677756296520204,ACTIVE,0.5,2000,9
d_q027_s35_x50,d_q027_s35,d_q027_s35_x50_g25_r104729,d_q027_s35_x50_g25_r104729_a01,QS60_V1,D2,47.5,5.0,4.5,50.0,0.5,592.0600786885245,572.0600786885245,536.5191090245901,601.5179749754099,0.6439556388236981,ACTIVE,0.5,2000,9
d_q027_s35_x50,d_q027_s35,d_q027_s35_x50_g25_r104729,d_q027_s35_x50_g25_r104729_a01,QS60_V1,D2,48.75,5.0,4.5,50.0,0.25,827.0051440983607,807.0051440983607,765.2106237418033,846.5300499385245,0.9084282096615651,ACTIVE,0.5,2000,9
d_q027_s35_x50,d_q027_s35,d_q027_s35_x50_g25_r104729,d_q027_s35_x50_g25_r104729_a01,QS60_V1,D2,50.0,5.0,4.5,50.0,0.0,961.1805968852458,941.1805968852458,902.4713978565575,969.7923533729509,1.0594666104042296,ACTIVE,0.5,2000,9
d_q027_s35_x50,d_q027_s35,d_q027_s35_x50_g25_r104729,d_q027_s35_x50_g25_r104729_a01,QS60_V1,D2,51.25,5.0,4.5,50.0,0.25,745.764621147541,725.764621147541,700.5429459754098,749.8619680860655,0.8169775127782907,ACTIVE,0.5,2000,9
d_q027_s35_x50,d_q027_s35,d_q027_s35_x50_g25_r104729,d_q027_s35_x50_g25_r104729_a01,QS60_V1,D2,52.5,5.0,4.5,50.0,0.5,556.2211288524591,536.2211288524591,520.7439891885247,552.054796795082,0.6036125093234488,ACTIVE,0.5,2000,9
d_q027_s35_x50,d_q027_s35,d_q027_s35_x50_g25_r104729,d_q027_s35_x50_g25_r104729_a01,QS60_V1,D2,53.75,5.0,4.5,50.0,0.75,495.71289704918036,475.71289704918036,461.10418175409836,489.2447554877049,0.5354997034896611,ACTIVE,0.5,2000,9
d_q027_s35_x50,d_q027_s35,d_q027_s35_x50_g25_r104729,d_q027_s35_x50_g25_r104729_a01,QS60_V1,D2,55.0,5.0,4.5,50.0,1.0,455.88392262295076,435.88392262295076,423.57808075,449.50408589754096,0.49066508973871575,ACTIVE,0.5,2000,9
d_q027_s35_x50,d_q027_s35,d_q027_s35_x50_g25_r104729,d_q027_s35_x50_g25_r104729_a01,QS60_V1,D2,56.25,5.0,4.5,50.0,1.25,416.87503278688524,396.87503278688524,387.1053155122951,407.3008973032787,0.4467536274465459,ACTIVE,0.5,2000,9
d_q027_s35_x50,d_q027_s35,d_q027_s35_x50_g25_r104729,d_q027_s35_x50_g25_r104729_a01,QS60_V1,D2,57.5,5.0,4.5,50.0,1.5,387.157217704918,367.157217704918,358.321408204918,375.3796156967213,0.413300926745205,ACTIVE,0.5,2000,9
d_q027_s35_x50,d_q027_s35,d_q027_s35_x50_g25_r104729,d_q027_s35_x50_g25_r104729_a01,QS60_V1,D2,58.75,5.0,4.5,50.0,1.75,364.6180468852459,344.6180468852459,337.30383044672135,351.2468717172131,0.38792907038876606,ACTIVE,0.5,2000,9
d_q027_s35_x50,d_q027_s35,d_q027_s35_x50_g25_r104729,d_q027_s35_x50_g25_r104729_a01,QS60_V1,D2,60.0,5.0,4.5,50.0,2.0,346.0814949180328,326.0814949180328,319.0053173811476,332.71484790983607,0.3670628753712761,ACTIVE,0.5,2000,9
d_q027_s35_x50,d_q027_s35,d_q027_s35_x50_g25_r104729,d_q027_s35_x50_g25_r104729_a01,QS60_V1,D2,61.25,5.0,4.5,50.0,2.25,330.27712213114756,310.27712213114756,303.17355971311474,316.95764908196725,0.3492722352736162,ACTIVE,0.5,2000,9
d_q027_s35_x50,d_q027_s35,d_q027_s35_x50_g25_r104729,d_q027_s35_x50_g25_r104729_a01,QS60_V1,D2,62.5,5.0,4.5,50.0,2.5,315.77269737704916,295.77269737704916,289.7372390368852,301.7075124508197,0.3329449185174661,ACTIVE,0.5,2000,9
d_q027_s35_x50,d_q027_s35,d_q027_s35_x50_g25_r104729,d_q027_s35_x50_g25_r104729_a01,QS60_V1,D2,63.75,5.0,4.5,50.0,2.75,304.1651606557377,284.1651606557377,278.51522033606557,289.848024557377,0.3198785658684963,ACTIVE,0.5,2000,9
d_q027_s35_x50,d_q027_s35,d_q027_s35_x50_g25_r104729,d_q027_s35_x50_g25_r104729_a01,QS60_V1,D2,65.0,5.0,4.5,50.0,3.0,295.5530775409836,275.5530775409836,269.9606870081967,280.9495550696721,0.3101841304580089,ACTIVE,0.5,2000,9
d_q027_s35_x50,d_q027_s35,d_q027_s35_x50_g25_r104729,d_q027_s35_x50_g25_r104729_a01,QS60_V1,D2,66.25,5.0,4.5,50.0,3.25,287.28858426229505,267.28858426229505,261.9102791803279,272.83351764344263,0.3008809693966167,ACTIVE,0.5,2000,9
d_q027_s35_x50,d_q027_s35,d_q027_s35_x50_g25_r104729,d_q027_s35_x50_g25_r104729_a01,QS60_V1,D2,67.5,5.0,4.5,50.0,3.5,280.1973016393443,260.1973016393443,254.81547232377048,265.77693442213115,0.2928984661567288,ACTIVE,0.5,2000,9
d_q027_s35_x50,d_q027_s35,d_q027_s35_x50_g25_r104729,d_q027_s35_x50_g25_r104729_a01,QS60_V1,D2,68.75,5.0,4.5,50.0,3.75,273.67154213114753,253.67154213114753,248.29436989344265,259.442642352459,0.2855525600369649,ACTIVE,0.5,2000,9
d_q027_s35_x50,d_q027_s35,d_q027_s35_x50_g25_r104729,d_q027_s35_x50_g25_r104729_a01,QS60_V1,D2,70.0,5.0,4.5,50.0,4.0,268.12865360655735,248.12865360655738,242.6760900655738,253.88660435655737,0.27931305049285554,ACTIVE,0.5,2000,9
d_q027_s35_x50,d_q027_s35,d_q027_s35_x50_g25_r104729,d_q027_s35_x50_g25_r104729_a01,QS60_V1,D2,72.5,5.0,4.5,50.0,4.5,258.2675462295082,238.2675462295082,232.83272498770492,243.88786782377048,0.26821261552620884,ACTIVE,0.5,2000,9
d_q027_s35_x50,d_q027_s35,d_q027_s35_x50_g25_r104729,d_q027_s35_x50_g25_r104729_a01,QS60_V1,D2,75.0,5.0,4.5,50.0,5.0,249.67784213114754,229.67784213114754,224.76671186885247,234.92395426229507,0.2585433716897094,ACTIVE,0.5,2000,9
d_q027_s35_x50,d_q027_s35,d_q027_s35_x50_g25_r104729,d_q027_s35_x50_g25_r104729_a01,QS60_V1,D2,77.5,5.0,4.5,50.0,5.5,242.12263508196722,222.12263508196722,217.53540113934426,226.93924440983608,0.250038638772576,QC_ONLY,0.5,2000,9
d_q027_s35_x50,d_q027_s35,d_q027_s35_x50_g25_r104729,d_q027_s35_x50_g25_r104729_a01,QS60_V1,D2,80.0,5.0,4.5,50.0,6.0,235.1454642622951,215.1454642622951,210.93929481557376,219.51239666803278,0.2421845887177908,QC_ONLY,0.5,2000,9
d_q027_s35_x50,d_q027_s35,d_q027_s35_x50_g25_r104729,d_q027_s35_x50_g25_r104729_a01,QS60_V1,D2,82.5,5.0,4.5,50.0,6.5,228.6184555737705,208.6184555737705,204.90753778688526,212.51910526639344,0.2348372764227911,QC_ONLY,0.5,2000,9
d_q027_s35_x50,d_q027_s35,d_q027_s35_x50_g25_r104729,d_q027_s35_x50_g25_r104729_a01,QS60_V1,D2,85.0,5.0,4.5,50.0,7.0,222.78474590163935,202.78474590163935,199.42142034016393,206.2896466967213,0.2282703958125561,QC_ONLY,0.5,2000,9
d_q027_s35_x50,d_q027_s35,d_q027_s35_x50_g25_r104729,d_q027_s35_x50_g25_r104729_a01,QS60_V1,D2,90.0,5.0,4.5,50.0,8.0,212.10000360655738,192.10000360655738,189.41859899590162,194.81521133606557,0.21624281285995786,QC_ONLY,0.5,2000,9
d_q027_s35_x50,d_q027_s35,d_q027_s35_x50_g25_r104729,d_q027_s35_x50_g25_r104729_a01,QS60_V1,D2,95.0,5.0,4.5,50.0,9.0,202.09769180327868,182.09769180327868,179.96635601639343,184.3959504918033,0.2049834271294231,QC_ONLY,0.5,2000,9
d_q027_s50_x50,d_q027_s50,d_q027_s50_x50_g25_r104729,d_q027_s50_x50_g25_r104729_a01,QS60_V1,D2,5.0,5.0,4.5,50.0,9.0,203.48969200000002,183.48969200000002,180.24055947083332,186.62180314166667,0.2693483910704518,QC_ONLY,0.5,2000,15
d_q027_s50_x50,d_q027_s50,d_q027_s50_x50_g25_r104729,d_q027_s50_x50_g25_r104729_a01,QS60_V1,D2,10.0,5.0,4.5,50.0,8.0,212.55211616666665,192.55211616666665,188.8430247583333,196.21282567916668,0.28265131474907257,QC_ONLY,0.5,2000,15
d_q027_s50_x50,d_q027_s50,d_q027_s50_x50_g25_r104729,d_q027_s50_x50_g25_r104729_a01,QS60_V1,D2,15.0,5.0,4.5,50.0,7.0,222.53115516666668,202.53115516666668,198.01810705833333,207.28514092083333,0.29729975668486974,QC_ONLY,0.5,2000,15
d_q027_s50_x50,d_q027_s50,d_q027_s50_x50_g25_r104729,d_q027_s50_x50_g25_r104729_a01,QS60_V1,D2,17.5,5.0,4.5,50.0,6.5,227.68010933333332,207.68010933333332,202.49670150416665,213.06825276249998,0.3048580151645186,QC_ONLY,0.5,2000,15
d_q027_s50_x50,d_q027_s50,d_q027_s50_x50_g25_r104729,d_q027_s50_x50_g25_r104729_a01,QS60_V1,D2,20.0,5.0,4.5,50.0,6.0,232.90681233333333,212.90681233333333,207.00564477916666,219.01919267916665,0.31253040279735145,QC_ONLY,0.5,2000,15
d_q027_s50_x50,d_q027_s50,d_q027_s50_x50_g25_r104729,d_q027_s50_x50_g25_r104729_a01,QS60_V1,D2,22.5,5.0,4.5,50.0,5.5,238.87011883333335,218.87011883333335,212.4619516875,225.36150689166666,0.32128406625238065,QC_ONLY,0.5,2000,15
d_q027_s50_x50,d_q027_s50,d_q027_s50_x50_g25_r104729,d_q027_s50_x50_g25_r104729_a01,QS60_V1,D2,25.0,5.0,4.5,50.0,5.0,245.22470983333332,225.22470983333332,218.352511475,232.05203077916667,0.3306121044822381,ACTIVE,0.5,2000,15
d_q027_s50_x50,d_q027_s50,d_q027_s50_x50_g25_r104729,d_q027_s50_x50_g25_r104729_a01,QS60_V1,D2,27.5,5.0,4.5,50.0,4.5,252.58933816666666,232.58933816666666,225.73630188333334,239.47666942916666,0.3414227978285172,ACTIVE,0.5,2000,15
d_q027_s50_x50,d_q027_s50,d_q027_s50_x50_g25_r104729,d_q027_s50_x50_g25_r104729_a01,QS60_V1,D2,30.0,5.0,4.5,50.0,4.0,260.8118283333333,240.81182833333332,233.96901378750002,248.052902325,0.3534927646634077,ACTIVE,0.5,2000,15
d_q027_s50_x50,d_q027_s50,d_q027_s50_x50_g25_r104729,d_q027_s50_x50_g25_r104729_a01,QS60_V1,D2,31.25,5.0,4.5,50.0,3.75,265.6047053333333,245.60470533333333,238.81873155,252.82035033333332,0.36052832995580886,ACTIVE,0.5,2000,15
d_q027_s50_x50,d_q027_s50,d_q027_s50_x50_g25_r104729,d_q027_s50_x50_g25_r104729_a01,QS60_V1,D2,32.5,5.0,4.5,50.0,3.5,270.4082845,250.40828449999998,243.81629255833334,257.474402375,0.36757960518450783,ACTIVE,0.5,2000,15
d_q027_s50_x50,d_q027_s50,d_q027_s50_x50_g25_r104729,d_q027_s50_x50_g25_r104729_a01,QS60_V1,D2,33.75,5.0,4.5,50.0,3.25,275.53958783333337,255.53958783333334,248.39420164583333,263.05343677499997,0.37511195363342115,ACTIVE,0.5,2000,15
d_q027_s50_x50,d_q027_s50,d_q027_s50_x50_g25_r104729,d_q027_s50_x50_g25_r104729_a01,QS60_V1,D2,35.0,5.0,4.5,50.0,3.0,281.11868549999997,261.11868549999997,253.07342182083335,269.522403925,0.3833016288340399,ACTIVE,0.5,2000,15
d_q027_s50_x50,d_q027_s50,d_q027_s50_x50_g25_r104729,d_q027_s50_x50_g25_r104729_a01,QS60_V1,D2,36.25,5.0,4.5,50.0,2.75,287.3328481666667,267.3328481666667,257.97739344166666,276.58095922499996,0.3924235293499378,ACTIVE,0.5,2000,15
d_q027_s50_x50,d_q027_s50,d_q027_s50_x50_g25_r104729,d_q027_s50_x50_g25_r104729_a01,QS60_V1,D2,37.5,5.0,4.5,50.0,2.5,294.34813783333334,274.34813783333334,265.6123501541667,283.44473730416667,0.40272142109532166,ACTIVE,0.5,2000,15
d_q027_s50_x50,d_q027_s50,d_q027_s50_x50_g25_r104729,d_q027_s50_x50_g25_r104729_a01,QS60_V1,D2,38.75,5.0,4.5,50.0,2.25,302.32856166666664,282.32856166666664,274.52953658333337,290.72467942916666,0.4144360536511854,ACTIVE,0.5,2000,15
d_q027_s50_x50,d_q027_s50,d_q027_s50_x50_g25_r104729,d_q027_s50_x50_g25_r104729_a01,QS60_V1,D2,40.0,5.0,4.5,50.0,2.0,311.6122686666667,291.6122686666667,282.89430861666665,300.5259600708333,0.4280638030705888,ACTIVE,0.5,2000,15
d_q027_s50_x50,d_q027_s50,d_q027_s50_x50_g25_r104729,d_q027_s50_x50_g25_r104729_a01,QS60_V1,D2,41.25,5.0,4.5,50.0,1.75,324.63583883333337,304.63583883333337,295.99372291250006,313.2597340833333,0.44718137655468837,ACTIVE,0.5,2000,15
d_q027_s50_x50,d_q027_s50,d_q027_s50_x50_g25_r104729,d_q027_s50_x50_g25_r104729_a01,QS60_V1,D2,42.5,5.0,4.5,50.0,1.5,339.55734233333334,319.55734233333334,312.70793284166666,326.44594719583336,0.4690849664308821,ACTIVE,0.5,2000,15
d_q027_s50_x50,d_q027_s50,d_q027_s50_x50_g25_r104729,d_q027_s50_x50_g25_r104729_a01,QS60_V1,D2,43.75,5.0,4.5,50.0,1.25,357.79968033333336,337.79968033333336,330.470573525,346.1324294583333,0.4958632793492087,ACTIVE,0.5,2000,15
d_q027_s50_x50,d_q027_s50,d_q027_s50_x50_g25_r104729,d_q027_s50_x50_g25_r104729_a01,QS60_V1,D2,45.0,5.0,4.5,50.0,1.0,378.53399449999995,358.53399449999995,352.1429214125,365.403267225,0.5262996166707675,ACTIVE,0.5,2000,15
d_q027_s50_x50,d_q027_s50,d_q027_s50_x50_g25_r104729,d_q027_s50_x50_g25_r104729_a01,QS60_V1,D2,46.25,5.0,4.5,50.0,0.75,405.339643,385.339643,376.7331061625,392.8601573083334,0.5656481937836174,ACTIVE,0.5,2000,15
d_q027_s50_x50,d_q027_s50,d_q027_s50_x50_g25_r104729,d_q027_s50_x50_g25_r104729_a01,QS60_V1,D2,47.5,5.0,4.5,50.0,0.5,474.08862116666666,454.08862116666666,443.11143619583333,463.9285467166667,0.666566269644409,ACTIVE,0.5,2000,15
d_q027_s50_x50,d_q027_s50,d_q027_s50_x50_g25_r104729,d_q027_s50_x50_g25_r104729_a01,QS60_V1,D2,48.75,5.0,4.5,50.0,0.25,637.3946688333333,617.3946688333333,595.7612415875001,637.1931987541667,0.9062866632624393,ACTIVE,0.5,2000,15
d_q027_s50_x50,d_q027_s50,d_q027_s50_x50_g25_r104729,d_q027_s50_x50_g25_r104729_a01,QS60_V1,D2,50.0,5.0,4.5,50.0,0.0,743.5473308333333,723.5473308333333,706.5900747666667,740.1595607708333,1.0621103959522598,ACTIVE,0.5,2000,15
d_q027_s50_x50,d_q027_s50,d_q027_s50_x50_g25_r104729,d_q027_s50_x50_g25_r104729_a01,QS60_V1,D2,51.25,5.0,4.5,50.0,0.25,583.4848191666666,563.4848191666666,534.9913614625,589.27847535,0.8271512572769817,ACTIVE,0.5,2000,15
d_q027_s50_x50,d_q027_s50,d_q027_s50_x50_g25_r104729,d_q027_s50_x50_g25_r104729_a01,QS60_V1,D2,52.5,5.0,4.5,50.0,0.5,447.246083,427.246083,404.39163396249995,445.48150614166667,0.6271635414113764,ACTIVE,0.5,2000,15
d_q027_s50_x50,d_q027_s50,d_q027_s50_x50_g25_r104729,d_q027_s50_x50_g25_r104729_a01,QS60_V1,D2,53.75,5.0,4.5,50.0,0.75,408.91748483333333,388.91748483333333,371.9411896041666,402.7593099375,0.5709001833139769,ACTIVE,0.5,2000,15
d_q027_s50_x50,d_q027_s50,d_q027_s50_x50_g25_r104729,d_q027_s50_x50_g25_r104729_a01,QS60_V1,D2,55.0,5.0,4.5,50.0,1.0,381.90884016666666,361.90884016666666,349.7077979583333,372.4671009666667,0.5312536238442482,ACTIVE,0.5,2000,15
d_q027_s50_x50,d_q027_s50,d_q027_s50_x50_g25_r104729,d_q027_s50_x50_g25_r104729_a01,QS60_V1,D2,56.25,5.0,4.5,50.0,1.25,357.0767988333334,337.0767988333334,324.844225375,347.8680563125,0.49480214634038777,ACTIVE,0.5,2000,15
d_q027_s50_x50,d_q027_s50,d_q027_s50_x50_g25_r104729,d_q027_s50_x50_g25_r104729_a01,QS60_V1,D2,57.5,5.0,4.5,50.0,1.5,338.93270966666665,318.93270966666665,307.89147833333334,328.76506037499996,0.4681680549578566,ACTIVE,0.5,2000,15
d_q027_s50_x50,d_q027_s50,d_q027_s50_x50_g25_r104729,d_q027_s50_x50_g25_r104729_a01,QS60_V1,D2,58.75,5.0,4.5,50.0,1.75,322.8108066666666,302.8108066666666,293.2040431125,311.2592577958333,0.44450237332357767,ACTIVE,0.5,2000,15
d_q027_s50_x50,d_q027_s50,d_q027_s50_x50_g25_r104729,d_q027_s50_x50_g25_r104729_a01,QS60_V1,D2,60.0,5.0,4.5,50.0,2.0,310.56251933333334,290.56251933333334,281.59886324166666,298.31234022083333,0.42652285387132466,ACTIVE,0.5,2000,15
d_q027_s50_x50,d_q027_s50,d_q027_s50_x50_g25_r104729,d_q027_s50_x50_g25_r104729_a01,QS60_V1,D2,61.25,5.0,4.5,50.0,2.25,300.2546581666667,280.2546581666667,272.1578065916667,287.5955587541667,0.4113917269379422,ACTIVE,0.5,2000,15
d_q027_s50_x50,d_q027_s50,d_q027_s50_x50_g25_r104729,d_q027_s50_x50_g25_r104729_a01,QS60_V1,D2,62.5,5.0,4.5,50.0,2.5,292.0624516666667,272.0624516666667,264.87091485,278.42188005833333,0.399366214136428,ACTIVE,0.5,2000,15
d_q027_s50_x50,d_q027_s50,d_q027_s50_x50_g25_r104729,d_q027_s50_x50_g25_r104729_a01,QS60_V1,D2,63.75,5.0,4.5,50.0,2.75,284.72307866666665,264.72307866666665,258.1703005,270.2349858791667,0.3885925936269123,ACTIVE,0.5,2000,15
d_q027_s50_x50,d_q027_s50,d_q027_s50_x50_g25_r104729,d_q027_s50_x50_g25_r104729_a01,QS60_V1,D2,65.0,5.0,4.5,50.0,3.0,278.348162,258.348162,252.26075779166666,263.7351605333333,0.3792347189220222,ACTIVE,0.5,2000,15
d_q027_s50_x50,d_q027_s50,d_q027_s50_x50_g25_r104729,d_q027_s50_x50_g25_r104729_a01,QS60_V1,D2,66.25,5.0,4.5,50.0,3.25,273.27290616666664,253.27290616666667,247.85393844583334,258.2154473291667,0.3717846437811295,ACTIVE,0.5,2000,15
d_q027_s50_x50,d_q027_s50,d_q027_s50_x50_g25_r104729,d_q027_s50_x50_g25_r104729_a01,QS60_V1,D2,67.5,5.0,4.5,50.0,3.5,268.5251606666667,248.52516066666666,243.69703664166667,253.0769121708333,0.3648153279699886,ACTIVE,0.5,2000,15
d_q027_s50_x50,d_q027_s50,d_q027_s50_x50_g25_r104729,d_q027_s50_x50_g25_r104729_a01,QS60_V1,D2,68.75,5.0,4.5,50.0,3.75,263.40366600000004,243.40366600000002,239.3714977666667,247.74116488333334,0.35729737786986765,ACTIVE,0.5,2000,15
d_q027_s50_x50,d_q027_s50,d_q027_s50_x50_g25_r104729,d_q027_s50_x50_g25_r104729_a01,QS60_V1,D2,70.0,5.0,4.5,50.0,4.0,258.71384266666666,238.71384266666666,234.83347205833334,243.25439939166665,0.35041308722950837,ACTIVE,0.5,2000,15
d_q027_s50_x50,d_q027_s50,d_q027_s50_x50_g25_r104729,d_q027_s50_x50_g25_r104729_a01,QS60_V1,D2,72.5,5.0,4.5,50.0,4.5,251.22642749999997,231.22642749999997,227.20603319166668,236.12561824166664,0.33942215249940827,ACTIVE,0.5,2000,15
d_q027_s50_x50,d_q027_s50,d_q027_s50_x50_g25_r104729,d_q027_s50_x50_g25_r104729_a01,QS60_V1,D2,75.0,5.0,4.5,50.0,5.0,244.11663283333334,224.11663283333334,220.25422717916666,228.66712788333334,0.32898553487018506,ACTIVE,0.5,2000,15
d_q027_s50_x50,d_q027_s50,d_q027_s50_x50_g25_r104729,d_q027_s50_x50_g25_r104729_a01,QS60_V1,D2,77.5,5.0,4.5,50.0,5.5,236.88205716666667,216.88205716666667,213.27235184583333,221.0582062833333,0.3183657485778079,QC_ONLY,0.5,2000,15
d_q027_s50_x50,d_q027_s50,d_q027_s50_x50_g25_r104729,d_q027_s50_x50_g25_r104729_a01,QS60_V1,D2,80.0,5.0,4.5,50.0,6.0,230.5097345,210.5097345,206.86170661666668,214.4261993,0.309011681660259,QC_ONLY,0.5,2000,15
d_q027_s50_x50,d_q027_s50,d_q027_s50_x50_g25_r104729,d_q027_s50_x50_g25_r104729_a01,QS60_V1,D2,82.5,5.0,4.5,50.0,6.5,224.72357250000002,204.72357250000002,200.80244966666666,208.90939170416667,0.30051805235506085,QC_ONLY,0.5,2000,15
d_q027_s50_x50,d_q027_s50,d_q027_s50_x50_g25_r104729,d_q027_s50_x50_g25_r104729_a01,QS60_V1,D2,85.0,5.0,4.5,50.0,7.0,219.04415233333333,199.04415233333333,195.06679538333336,203.32751279166666,0.29218111163958593,QC_ONLY,0.5,2000,15
d_q027_s50_x50,d_q027_s50,d_q027_s50_x50_g25_r104729,d_q027_s50_x50_g25_r104729_a01,QS60_V1,D2,90.0,5.0,4.5,50.0,8.0,208.53850183333333,188.53850183333333,184.83057431666668,192.452956275,0.27675964556985444,QC_ONLY,0.5,2000,15
d_q027_s50_x50,d_q027_s50,d_q027_s50_x50_g25_r104729,d_q027_s50_x50_g25_r104729_a01,QS60_V1,D2,95.0,5.0,4.5,50.0,9.0,199.50682466666666,179.50682466666666,176.6271099125,182.33889285416666,0.26350185606138765,QC_ONLY,0.5,2000,15
d_q036_s35_x50,d_q036_s35,d_q036_s35_x50_g25_r104729,d_q036_s35_x50_g25_r104729_a01,QS60_V1,D2,5.0,5.0,4.5,50.0,9.0,237.43515816666667,217.43515816666667,214.4842720458333,219.80789576666666,0.20780588168046216,QC_ONLY,0.5,2000,7
d_q036_s35_x50,d_q036_s35,d_q036_s35_x50_g25_r104729,d_q036_s35_x50_g25_r104729_a01,QS60_V1,D2,10.0,5.0,4.5,50.0,8.0,250.01185366666667,230.01185366666667,226.97304974583335,232.72482293333331,0.21982560893635017,QC_ONLY,0.5,2000,7
d_q036_s35_x50,d_q036_s35,d_q036_s35_x50_g25_r104729,d_q036_s35_x50_g25_r104729_a01,QS60_V1,D2,15.0,5.0,4.5,50.0,7.0,264.1026926666667,244.10269266666668,240.67013348749998,247.36067591666668,0.2332924247296267,QC_ONLY,0.5,2000,7
d_q036_s35_x50,d_q036_s35,d_q036_s35_x50_g25_r104729,d_q036_s35_x50_g25_r104729_a01,QS60_V1,D2,17.5,5.0,4.5,50.0,6.5,272.1476408333333,252.14764083333333,248.73455168333334,255.4098555,0.24098109642809384,QC_ONLY,0.5,2000,7
d_q036_s35_x50,d_q036_s35,d_q036_s35_x50_g25_r104729,d_q036_s35_x50_g25_r104729_a01,QS60_V1,D2,20.0,5.0,4.5,50.0,6.0,280.98854183333333,260.98854183333333,257.58803677500003,264.3006675125,0.24943047160111187,QC_ONLY,0.5,2000,7
d_q036_s35_x50,d_q036_s35,d_q036_s35_x50_g25_r104729,d_q036_s35_x50_g25_r104729_a01,QS60_V1,D2,22.5,5.0,4.5,50.0,5.5,290.8499285,270.8499285,267.16787139166667,274.4007612333333,0.2588551394797437,QC_ONLY,0.5,2000,7
d_q036_s35_x50,d_q036_s35,d_q036_s35_x50_g25_r104729,d_q036_s35_x50_g25_r104729_a01,QS60_V1,D2,25.0,5.0,4.5,50.0,5.0,302.417725,282.417725,278.11198175,286.3782352708334,0.26991064757259814,ACTIVE,0.5,2000,7
d_q036_s35_x50,d_q036_s35,d_q036_s35_x50_g25_r104729,d_q036_s35_x50_g25_r104729_a01,QS60_V1,D2,27.5,5.0,4.5,50.0,4.5,314.32545050000004,294.32545050000004,289.32260402916665,299.3243724541666,0.28129103065875805,ACTIVE,0.5,2000,7
d_q036_s35_x50,d_q036_s35,d_q036_s35_x50_g25_r104729,d_q036_s35_x50_g25_r104729_a01,QS60_V1,D2,30.0,5.0,4.5,50.0,4.0,327.6740363333334,307.6740363333334,301.8125000875,313.6906322166667,0.2940484645147719,ACTIVE,0.5,2000,7
d_q036_s35_x50,d_q036_s35,d_q036_s35_x50_g25_r104729,d_q036_s35_x50_g25_r104729_a01,QS60_V1,D2,31.25,5.0,4.5,50.0,3.75,336.33971783333334,316.33971783333334,310.3682180541667,322.3153092041667,0.3023303799126913,ACTIVE,0.5,2000,7
d_q036_s35_x50,d_q036_s35,d_q036_s35_x50_g25_r104729,d_q036_s35_x50_g25_r104729_a01,QS60_V1,D2,32.5,5.0,4.5,50.0,3.5,345.808134,325.808134,319.9155271041667,331.7830686375,0.3113794802799995,ACTIVE,0.5,2000,7
d_q036_s35_x50,d_q036_s35,d_q036_s35_x50_g25_r104729,d_q036_s35_x50_g25_r104729_a01,QS60_V1,D2,33.75,5.0,4.5,50.0,3.25,356.67481116666664,336.67481116666664,331.071201625,342.2534437375,0.32176491862675116,ACTIVE,0.5,2000,7
d_q036_s35_x50,d_q036_s35,d_q036_s35_x50_g25_r104729,d_q036_s35_x50_g25_r104729_a01,QS60_V1,D2,35.0,5.0,4.5,50.0,3.0,368.6573286666666,348.6573286666666,342.7549766416667,354.42258755833336,0.3332167814939808,ACTIVE,0.5,2000,7
d_q036_s35_x50,d_q036_s35,d_q036_s35_x50_g25_r104729,d_q036_s35_x50_g25_r104729_a01,QS60_V1,D2,36.25,5.0,4.5,50.0,2.75,382.697293,362.697293,356.3433355625,369.37243468749995,0.34663497564275886,ACTIVE,0.5,2000,7
d_q036_s35_x50,d_q036_s35,d_q036_s35_x50_g25_r104729,d_q036_s35_x50_g25_r104729_a01,QS60_V1,D2,37.5,5.0,4.5,50.0,2.5,400.63791316666664,380.63791316666664,373.43710230833335,388.6217879041667,0.3637810822018957,ACTIVE,0.5,2000,7
d_q036_s35_x50,d_q036_s35,d_q036_s35_x50_g25_r104729,d_q036_s35_x50_g25_r104729_a01,QS60_V1,D2,38.75,5.0,4.5,50.0,2.25,422.09229316666665,402.09229316666665,392.40658368333334,411.9905693708333,0.38428533914635127,ACTIVE,0.5,2000,7
d_q036_s35_x50,d_q036_s35,d_q036_s35_x50_g25_r104729,d_q036_s35_x50_g25_r104729_a01,QS60_V1,D2,40.0,5.0,4.5,50.0,2.0,446.25358366666666,426.25358366666666,413.6836962958333,439.6109727083333,0.4073766290611209,ACTIVE,0.5,2000,7
d_q036_s35_x50,d_q036_s35,d_q036_s35_x50_g25_r104729,d_q036_s35_x50_g25_r104729_a01,QS60_V1,D2,41.25,5.0,4.5,50.0,1.75,480.10738116666664,460.10738116666664,445.0488878916667,476.8299652208333,0.43973118614855794,ACTIVE,0.5,2000,7
d_q036_s35_x50,d_q036_s35,d_q036_s35_x50_g25_r104729,d_q036_s35_x50_g25_r104729_a01,QS60_V1,D2,42.5,5.0,4.5,50.0,1.5,521.6477203333334,501.6477203333333,483.70935391250003,520.4302800291667,0.47943188073088405,ACTIVE,0.5,2000,7
d_q036_s35_x50,d_q036_s35,d_q036_s35_x50_g25_r104729,d_q036_s35_x50_g25_r104729_a01,QS60_V1,D2,43.75,5.0,4.5,50.0,1.25,574.981333,554.981333,536.8948278500001,573.2758055083333,0.5304035749906764,ACTIVE,0.5,2000,7
d_q036_s35_x50,d_q036_s35,d_q036_s35_x50_g25_r104729,d_q036_s35_x50_g25_r104729_a01,QS60_V1,D2,45.0,5.0,4.5,50.0,1.0,637.2756081666666,617.2756081666666,599.5434002791667,636.1429839416667,0.5899391021970535,ACTIVE,0.5,2000,7
d_q036_s35_x50,d_q036_s35,d_q036_s35_x50_g25_r104729,d_q036_s35_x50_g25_r104729_a01,QS60_V1,D2,46.25,5.0,4.5,50.0,0.75,688.4835365,668.4835365,646.3167130916667,691.0724376708333,0.6388792496233568,ACTIVE,0.5,2000,7
d_q036_s35_x50,d_q036_s35,d_q036_s35_x50_g25_r104729,d_q036_s35_x50_g25_r104729_a01,QS60_V1,D2,47.5,5.0,4.5,50.0,0.5,759.6504535,739.6504535,718.2908580625001,761.4793479916667,0.7068944871698506,ACTIVE,0.5,2000,7
d_q036_s35_x50,d_q036_s35,d_q036_s35_x50_g25_r104729,d_q036_s35_x50_g25_r104729_a01,QS60_V1,D2,48.75,5.0,4.5,50.0,0.25,986.0791256666666,966.0791256666666,941.2624909791667,991.6035464375,0.9232955984439695,ACTIVE,0.5,2000,7
d_q036_s35_x50,d_q036_s35,d_q036_s35_x50_g25_r104729,d_q036_s35_x50_g25_r104729_a01,QS60_V1,D2,50.0,5.0,4.5,50.0,0.0,1104.1334476666666,1084.1334476666666,1063.5025084083334,1102.5057326583335,1.036121797648584,ACTIVE,0.5,2000,7
d_q036_s35_x50,d_q036_s35,d_q036_s35_x50_g25_r104729,d_q036_s35_x50_g25_r104729_a01,QS60_V1,D2,51.25,5.0,4.5,50.0,0.25,926.4586288333334,906.4586288333334,871.2506903125,939.0562353041668,0.8663154393236983,ACTIVE,0.5,2000,7
d_q036_s35_x50,d_q036_s35,d_q036_s35_x50_g25_r104729,d_q036_s35_x50_g25_r104729_a01,QS60_V1,D2,52.5,5.0,4.5,50.0,0.5,714.4800728333333,694.4800728333333,669.6609986166667,714.7437701208333,0.6637245101549845,ACTIVE,0.5,2000,7
d_q036_s35_x50,d_q036_s35,d_q036_s35_x50_g25_r104729,d_q036_s35_x50_g25_r104729_a01,QS60_V1,D2,53.75,5.0,4.5,50.0,0.75,662.8190739999999,642.8190739999999,619.7643096166667,661.4435127541667,0.6143513567902222,ACTIVE,0.5,2000,7
d_q036_s35_x50,d_q036_s35,d_q036_s35_x50_g25_r104729,d_q036_s35_x50_g25_r104729_a01,QS60_V1,D2,55.0,5.0,4.5,50.0,1.0,614.2497868333334,594.2497868333334,576.1879717375,611.05806145,0.5679329963587215,ACTIVE,0.5,2000,7
d_q036_s35_x50,d_q036_s35,d_q036_s35_x50_g25_r104729,d_q036_s35_x50_g25_r104729_a01,QS60_V1,D2,56.25,5.0,4.5,50.0,1.25,562.2122658333333,542.2122658333333,527.2329832500001,557.4878567833333,0.5181999953893854,ACTIVE,0.5,2000,7
d_q036_s35_x50,d_q036_s35,d_q036_s35_x50_g25_r104729,d_q036_s35_x50_g25_r104729_a01,QS60_V1,D2,57.5,5.0,4.5,50.0,1.5,514.5679044999999,494.5679045,478.9675140125,509.23343966249996,0.4726655997679249,ACTIVE,0.5,2000,7
d_q036_s35_x50,d_q036_s35,d_q036_s35_x50_g25_r104729,d_q036_s35_x50_g25_r104729_a01,QS60_V1,D2,58.75,5.0,4.5,50.0,1.75,473.86600883333335,453.86600883333335,441.00085408749993,465.7773209125,0.4337662175962771,ACTIVE,0.5,2000,7
d_q036_s35_x50,d_q036_s35,d_q036_s35_x50_g25_r104729,d_q036_s35_x50_g25_r104729_a01,QS60_V1,D2,60.0,5.0,4.5,50.0,2.0,441.69404099999997,421.69404099999997,411.3433177125,431.1798473041666,0.4030190091072214,ACTIVE,0.5,2000,7
d_q036_s35_x50,d_q036_s35,d_q036_s35_x50_g25_r104729,d_q036_s35_x50_g25_r104729_a01,QS60_V1,D2,61.25,5.0,4.5,50.0,2.25,417.74185083333333,397.74185083333333,389.2427060958334,405.58553573750004,0.38012755936316933,ACTIVE,0.5,2000,7
d_q036_s35_x50,d_q036_s35,d_q036_s35_x50_g25_r104729,d_q036_s35_x50_g25_r104729_a01,QS60_V1,D2,62.5,5.0,4.5,50.0,2.5,398.98793850000004,378.98793850000004,370.33916209166665,386.7881394541667,0.3622041778813246,ACTIVE,0.5,2000,7
d_q036_s35_x50,d_q036_s35,d_q036_s35_x50_g25_r104729,d_q036_s35_x50_g25_r104729_a01,QS60_V1,D2,63.75,5.0,4.5,50.0,2.75,381.89297400000004,361.89297400000004,353.75159129166667,369.66599037916666,0.34586627650340795,ACTIVE,0.5,2000,7
d_q036_s35_x50,d_q036_s35,d_q036_s35_x50_g25_r104729,d_q036_s35_x50_g25_r104729_a01,QS60_V1,D2,65.0,5.0,4.5,50.0,3.0,367.2327225,347.2327225,338.89629021250005,354.8048517583333,0.3318552650630242,ACTIVE,0.5,2000,7
d_q036_s35_x50,d_q036_s35,d_q036_s35_x50_g25_r104729,d_q036_s35_x50_g25_r104729_a01,QS60_V1,D2,66.25,5.0,4.5,50.0,3.25,355.14837216666666,335.14837216666666,327.969080325,342.07112588333337,0.32030607910465647,ACTIVE,0.5,2000,7
d_q036_s35_x50,d_q036_s35,d_q036_s35_x50_g25_r104729,d_q036_s35_x50_g25_r104729_a01,QS60_V1,D2,67.5,5.0,4.5,50.0,3.5,345.36671850000005,325.36671850000005,318.47327029999997,331.8330788291666,0.3109576131912622,ACTIVE,0.5,2000,7
d_q036_s35_x50,d_q036_s35,d_q036_s35_x50_g25_r104729,d_q036_s35_x50_g25_r104729_a01,QS60_V1,D2,68.75,5.0,4.5,50.0,3.75,335.8485983333333,315.8485983333333,309.5027669875,321.8169647583333,0.3018610100022845,ACTIVE,0.5,2000,7
d_q036_s35_x50,d_q036_s35,d_q036_s35_x50_g25_r104729,d_q036_s35_x50_g25_r104729_a01,QS60_V1,D2,70.0,5.0,4.5,50.0,4.0,326.6740653333334,306.6740653333334,300.27359272916664,312.6654952166666,0.2930927779686678,ACTIVE,0.5,2000,7
d_q036_s35_x50,d_q036_s35,d_q036_s35_x50_g25_r104729,d_q036_s35_x50_g25_r104729_a01,QS60_V1,D2,72.5,5.0,4.5,50.0,4.5,311.1898136666667,291.1898136666667,284.72573692083336,297.0389448083334,0.2782942578172605,ACTIVE,0.5,2000,7
d_q036_s35_x50,d_q036_s35,d_q036_s35_x50_g25_r104729,d_q036_s35_x50_g25_r104729_a01,QS60_V1,D2,75.0,5.0,4.5,50.0,5.0,299.1529483333333,279.1529483333333,273.3136849791667,284.61207739583335,0.26679045395061524,ACTIVE,0.5,2000,7
d_q036_s35_x50,d_q036_s35,d_q036_s35_x50_g25_r104729,d_q036_s35_x50_g25_r104729_a01,QS60_V1,D2,77.5,5.0,4.5,50.0,5.5,288.0509696666667,268.0509696666667,262.6439350416666,273.02115934166665,0.2561801346044865,QC_ONLY,0.5,2000,7
d_q036_s35_x50,d_q036_s35,d_q036_s35_x50_g25_r104729,d_q036_s35_x50_g25_r104729_a01,QS60_V1,D2,80.0,5.0,4.5,50.0,6.0,279.1655098333333,259.1655098333333,253.5733646666667,264.3293632208334,0.24768817391896186,QC_ONLY,0.5,2000,7
d_q036_s35_x50,d_q036_s35,d_q036_s35_x50_g25_r104729,d_q036_s35_x50_g25_r104729_a01,QS60_V1,D2,82.5,5.0,4.5,50.0,6.5,270.56057066666665,250.56057066666665,245.18281732083335,255.54259930833334,0.23946431083530517,QC_ONLY,0.5,2000,7
d_q036_s35_x50,d_q036_s35,d_q036_s35_x50_g25_r104729,d_q036_s35_x50_g25_r104729_a01,QS60_V1,D2,85.0,5.0,4.5,50.0,7.0,262.90062466666666,242.9006246666667,237.76088990416667,247.84601795416665,0.23214359119835204,QC_ONLY,0.5,2000,7
d_q036_s35_x50,d_q036_s35,d_q036_s35_x50_g25_r104729,d_q036_s35_x50_g25_r104729_a01,QS60_V1,D2,90.0,5.0,4.5,50.0,8.0,248.86357816666666,228.86357816666666,224.43252767083334,233.29356354166666,0.21872818566450433,QC_ONLY,0.5,2000,7
d_q036_s35_x50,d_q036_s35,d_q036_s35_x50_g25_r104729,d_q036_s35_x50_g25_r104729_a01,QS60_V1,D2,95.0,5.0,4.5,50.0,9.0,235.42386,215.42386,211.4419475125,219.19592061666665,0.2058836553378111,QC_ONLY,0.5,2000,7
d_q036_s45_x50,d_q036_s45,d_q036_s45_x50_g25_r104729,d_q036_s45_x50_g25_r104729_a01,QS60_V1,D2,5.0,5.0,4.5,50.0,9.0,234.02987606557377,214.02987606557377,210.8581098852459,217.77286499999997,0.22027101472280083,QC_ONLY,0.5,2000,9
d_q036_s45_x50,d_q036_s45,d_q036_s45_x50_g25_r104729,d_q036_s45_x50_g25_r104729_a01,QS60_V1,D2,10.0,5.0,4.5,50.0,8.0,245.2644863934426,225.2644863934426,221.70517463114754,229.44120430327868,0.23183322772981463,QC_ONLY,0.5,2000,9
d_q036_s45_x50,d_q036_s45,d_q036_s45_x50_g25_r104729,d_q036_s45_x50_g25_r104729_a01,QS60_V1,D2,15.0,5.0,4.5,50.0,7.0,257.3123185245902,237.31231852459015,233.4257085819672,242.09262416803278,0.24423237619226934,QC_ONLY,0.5,2000,9
d_q036_s45_x50,d_q036_s45,d_q036_s45_x50_g25_r104729,d_q036_s45_x50_g25_r104729_a01,QS60_V1,D2,17.5,5.0,4.5,50.0,6.5,263.99380098360655,243.99380098360655,239.9984825942623,248.88006572540982,0.2511086915373721,QC_ONLY,0.5,2000,9
d_q036_s45_x50,d_q036_s45,d_q036_s45_x50_g25_r104729,d_q036_s45_x50_g25_r104729_a01,QS60_V1,D2,20.0,5.0,4.5,50.0,6.0,271.50519344262295,251.50519344262295,247.37380311475408,256.43009693032786,0.25883911716459534,QC_ONLY,0.5,2000,9
d_q036_s45_x50,d_q036_s45,d_q036_s45_x50_g25_r104729,d_q036_s45_x50_g25_r104729_a01,QS60_V1,D2,22.5,5.0,4.5,50.0,5.5,279.603827704918,259.603827704918,254.91766349590168,264.9060817663934,0.2671739086414545,QC_ONLY,0.5,2000,9
d_q036_s45_x50,d_q036_s45,d_q036_s45_x50_g25_r104729,d_q036_s45_x50_g25_r104729_a01,QS60_V1,D2,25.0,5.0,4.5,50.0,5.0,287.85300524590167,267.85300524590167,263.6452471270492,272.8090136557377,0.27566363325833143,ACTIVE,0.5,2000,9
d_q036_s45_x50,d_q036_s45,d_q036_s45_x50_g25_r104729,d_q036_s45_x50_g25_r104729_a01,QS60_V1,D2,27.5,5.0,4.5,50.0,4.5,298.24646081967217,278.24646081967217,274.06937822131147,282.65269571721313,0.2863601633306535,ACTIVE,0.5,2000,9
d_q036_s45_x50,d_q036_s45,d_q036_s45_x50_g25_r104729,d_q036_s45_x50_g25_r104729_a01,QS60_V1,D2,30.0,5.0,4.5,50.0,4.0,311.3496232786885,291.3496232786885,286.7234931434426,296.72912434016393,0.2998454156887914,ACTIVE,0.5,2000,9
d_q036_s45_x50,d_q036_s45,d_q036_s45_x50_g25_r104729,d_q036_s45_x50_g25_r104729_a01,QS60_V1,D2,31.25,5.0,4.5,50.0,3.75,318.7516137704918,298.7516137704918,293.6868487008197,304.70908730737705,0.30746324917339574,ACTIVE,0.5,2000,9
d_q036_s45_x50,d_q036_s45,d_q036_s45_x50_g25_r104729,d_q036_s45_x50_g25_r104729_a01,QS60_V1,D2,32.5,5.0,4.5,50.0,3.5,326.1936068852459,306.1936068852459,300.4368195942623,312.80781581557375,0.31512225176257047,ACTIVE,0.5,2000,9
d_q036_s45_x50,d_q036_s45,d_q036_s45_x50_g25_r104729,d_q036_s45_x50_g25_r104729_a01,QS60_V1,D2,33.75,5.0,4.5,50.0,3.25,334.7126781967213,314.7126781967213,308.2945023893443,322.2593078155738,0.323889740286928,ACTIVE,0.5,2000,9
d_q036_s45_x50,d_q036_s45,d_q036_s45_x50_g25_r104729,d_q036_s45_x50_g25_r104729_a01,QS60_V1,D2,35.0,5.0,4.5,50.0,3.0,346.10248295081965,326.10248295081965,319.54859908606556,334.4449228688524,0.3356116732095597,ACTIVE,0.5,2000,9
d_q036_s45_x50,d_q036_s45,d_q036_s45_x50_g25_r104729,d_q036_s45_x50_g25_r104729_a01,QS60_V1,D2,36.25,5.0,4.5,50.0,2.75,359.74691901639346,339.74691901639346,333.1154215409836,348.6678994426229,0.3496539827820958,ACTIVE,0.5,2000,9
d_q036_s45_x50,d_q036_s45,d_q036_s45_x50_g25_r104729,d_q036_s45_x50_g25_r104729_a01,QS60_V1,D2,37.5,5.0,4.5,50.0,2.5,374.58066885245904,354.58066885245904,347.6495517090164,363.6020183483607,0.36492028666732196,ACTIVE,0.5,2000,9
d_q036_s45_x50,d_q036_s45,d_q036_s45_x50_g25_r104729,d_q036_s45_x50_g25_r104729_a01,QS60_V1,D2,38.75,5.0,4.5,50.0,2.25,391.66914770491803,371.66914770491803,364.62768104098365,380.55893397950814,0.3825070677564585,ACTIVE,0.5,2000,9
d_q036_s45_x50,d_q036_s45,d_q036_s45_x50_g25_r104729,d_q036_s45_x50_g25_r104729_a01,QS60_V1,D2,40.0,5.0,4.5,50.0,2.0,412.533767704918,392.533767704918,384.27000186475414,402.95163467213115,0.4039801027536734,ACTIVE,0.5,2000,9
d_q036_s45_x50,d_q036_s45,d_q036_s45_x50_g25_r104729,d_q036_s45_x50_g25_r104729_a01,QS60_V1,D2,41.25,5.0,4.5,50.0,1.75,439.42930147540983,419.42930147540983,408.7242288852459,433.1523924672131,0.4316599137410074,ACTIVE,0.5,2000,9
d_q036_s45_x50,d_q036_s45,d_q036_s45_x50_g25_r104729,d_q036_s45_x50_g25_r104729_a01,QS60_V1,D2,42.5,5.0,4.5,50.0,1.5,468.5156149180328,448.5156149180328,436.0763322868853,462.98800102868853,0.46159438781690265,ACTIVE,0.5,2000,9
d_q036_s45_x50,d_q036_s45,d_q036_s45_x50_g25_r104729,d_q036_s45_x50_g25_r104729_a01,QS60_V1,D2,43.75,5.0,4.5,50.0,1.25,501.7857601639344,481.7857601639344,466.24875869262297,499.3680766311475,0.49583469476846326,ACTIVE,0.5,2000,9
d_q036_s45_x50,d_q036_s45,d_q036_s45_x50_g25_r104729,d_q036_s45_x50_g25_r104729_a01,QS60_V1,D2,45.0,5.0,4.5,50.0,1.0,545.2896709836066,525.2896709836066,508.38874884016394,546.2854270204919,0.5406071852114495,ACTIVE,0.5,2000,9
d_q036_s45_x50,d_q036_s45,d_q036_s45_x50_g25_r104729,d_q036_s45_x50_g25_r104729_a01,QS60_V1,D2,46.25,5.0,4.5,50.0,0.75,603.9717954098361,583.9717954098361,564.9096059754098,604.8501977745901,0.6010004879179137,ACTIVE,0.5,2000,9
d_q036_s45_x50,d_q036_s45,d_q036_s45_x50_g25_r104729,d_q036_s45_x50_g25_r104729_a01,QS60_V1,D2,47.5,5.0,4.5,50.0,0.5,700.8903398360656,680.8903398360656,656.527707840164,702.5442163442622,0.7007451895392975,ACTIVE,0.5,2000,9
d_q036_s45_x50,d_q036_s45,d_q036_s45_x50_g25_r104729,d_q036_s45_x50_g25_r104729_a01,QS60_V1,D2,48.75,5.0,4.5,50.0,0.25,902.1277026229508,882.1277026229508,856.0548958278687,905.6404127295082,0.9078506596542592,ACTIVE,0.5,2000,9
d_q036_s45_x50,d_q036_s45,d_q036_s45_x50_g25_r104729,d_q036_s45_x50_g25_r104729_a01,QS60_V1,D2,50.0,5.0,4.5,50.0,0.0,1025.3531478688524,1005.3531478688525,979.5485240081968,1029.3180074467214,1.0346693746997593,ACTIVE,0.5,2000,9
d_q036_s45_x50,d_q036_s45,d_q036_s45_x50_g25_r104729,d_q036_s45_x50_g25_r104729_a01,QS60_V1,D2,51.25,5.0,4.5,50.0,0.25,879.6671704918033,859.6671704918033,828.2910209713115,892.7644108073771,0.8847351755233139,ACTIVE,0.5,2000,9
d_q036_s45_x50,d_q036_s45,d_q036_s45_x50_g25_r104729,d_q036_s45_x50_g25_r104729_a01,QS60_V1,D2,52.5,5.0,4.5,50.0,0.5,669.8597057377049,649.8597057377049,626.5502994549181,674.2206454467214,0.6688096981677859,ACTIVE,0.5,2000,9
d_q036_s45_x50,d_q036_s45,d_q036_s45_x50_g25_r104729,d_q036_s45_x50_g25_r104729_a01,QS60_V1,D2,53.75,5.0,4.5,50.0,0.75,593.2409316393442,573.2409316393442,555.7686632131148,591.0646833811475,0.5899567107825469,ACTIVE,0.5,2000,9
d_q036_s45_x50,d_q036_s45,d_q036_s45_x50_g25_r104729,d_q036_s45_x50_g25_r104729_a01,QS60_V1,D2,55.0,5.0,4.5,50.0,1.0,552.4179408196721,532.4179408196721,512.8104678934426,550.6463885368852,0.5479433163108621,ACTIVE,0.5,2000,9
d_q036_s45_x50,d_q036_s45,d_q036_s45_x50_g25_r104729,d_q036_s45_x50_g25_r104729_a01,QS60_V1,D2,56.25,5.0,4.5,50.0,1.25,505.4103506557377,485.4103506557377,466.3825072172131,500.5527933934427,0.49956497878423084,ACTIVE,0.5,2000,9
d_q036_s45_x50,d_q036_s45,d_q036_s45_x50_g25_r104729,d_q036_s45_x50_g25_r104729_a01,QS60_V1,D2,57.5,5.0,4.5,50.0,1.5,467.8617078688525,447.8617078688525,430.91420638934426,462.16547501639343,0.460921412754238,ACTIVE,0.5,2000,9
d_q036_s45_x50,d_q036_s45,d_q036_s45_x50_g25_r104729,d_q036_s45_x50_g25_r104729_a01,QS60_V1,D2,58.75,5.0,4.5,50.0,1.75,439.5448509836065,419.5448509836065,405.0617662909836,432.2599959754098,0.43177883268769407,ACTIVE,0.5,2000,9
d_q036_s45_x50,d_q036_s45,d_q036_s45_x50_g25_r104729,d_q036_s45_x50_g25_r104729_a01,QS60_V1,D2,60.0,5.0,4.5,50.0,2.0,416.8555603278689,396.8555603278689,384.70418789754103,407.064453647541,0.40842791940422013,ACTIVE,0.5,2000,9
d_q036_s45_x50,d_q036_s45,d_q036_s45_x50_g25_r104729,d_q036_s45_x50_g25_r104729_a01,QS60_V1,D2,61.25,5.0,4.5,50.0,2.25,394.76820770491804,374.76820770491804,363.97909321311477,383.4539222377049,0.38569649674382894,ACTIVE,0.5,2000,9
d_q036_s45_x50,d_q036_s45,d_q036_s45_x50_g25_r104729,d_q036_s45_x50_g25_r104729_a01,QS60_V1,D2,62.5,5.0,4.5,50.0,2.5,377.0028550819672,357.0028550819672,347.3147166885246,365.2115431557377,0.36741310415817496,ACTIVE,0.5,2000,9
d_q036_s45_x50,d_q036_s45,d_q036_s45_x50_g25_r104729,d_q036_s45_x50_g25_r104729_a01,QS60_V1,D2,63.75,5.0,4.5,50.0,2.75,361.93269524590164,341.93269524590164,332.95877984426227,349.43325015983606,0.3519034965270051,ACTIVE,0.5,2000,9
d_q036_s45_x50,d_q036_s45,d_q036_s45_x50_g25_r104729,d_q036_s45_x50_g25_r104729_a01,QS60_V1,D2,65.0,5.0,4.5,50.0,3.0,347.6106180327869,327.6106180327869,319.5444459672131,334.50480456147534,0.33716378570408917,ACTIVE,0.5,2000,9
d_q036_s45_x50,d_q036_s45,d_q036_s45_x50_g25_r104729,d_q036_s45_x50_g25_r104729_a01,QS60_V1,D2,66.25,5.0,4.5,50.0,3.25,337.32288852459016,317.32288852459016,308.7083644631148,324.65016536885247,0.32657606468298317,ACTIVE,0.5,2000,9
d_q036_s45_x50,d_q036_s45,d_q036_s45_x50_g25_r104729,d_q036_s45_x50_g25_r104729_a01,QS60_V1,D2,67.5,5.0,4.5,50.0,3.5,329.0604806557377,309.0604806557377,300.6003121393442,316.20827145081967,0.3180727239401787,ACTIVE,0.5,2000,9
d_q036_s45_x50,d_q036_s45,d_q036_s45_x50_g25_r104729,d_q036_s45_x50_g25_r104729_a01,QS60_V1,D2,68.75,5.0,4.5,50.0,3.75,321.38317114754096,301.38317114754096,293.23568519672136,308.6628877008196,0.31017154310132516,ACTIVE,0.5,2000,9
d_q036_s45_x50,d_q036_s45,d_q036_s45_x50_g25_r104729,d_q036_s45_x50_g25_r104729_a01,QS60_V1,D2,70.0,5.0,4.5,50.0,4.0,314.3752193442623,294.3752193442623,286.79137568032786,301.3689834631148,0.30295923852397855,ACTIVE,0.5,2000,9
d_q036_s45_x50,d_q036_s45,d_q036_s45_x50_g25_r104729,d_q036_s45_x50_g25_r104729_a01,QS60_V1,D2,72.5,5.0,4.5,50.0,4.5,302.0676577049181,282.0676577049181,275.1068639795082,288.40723275409835,0.29029278680753134,ACTIVE,0.5,2000,9
d_q036_s45_x50,d_q036_s45,d_q036_s45_x50_g25_r104729,d_q036_s45_x50_g25_r104729_a01,QS60_V1,D2,75.0,5.0,4.5,50.0,5.0,292.0778367213114,272.0778367213114,265.57470060655737,277.64489934016393,0.28001166136182953,ACTIVE,0.5,2000,9
d_q036_s45_x50,d_q036_s45,d_q036_s45_x50_g25_r104729,d_q036_s45_x50_g25_r104729_a01,QS60_V1,D2,77.5,5.0,4.5,50.0,5.5,282.5667903278689,262.5667903278689,256.496034442623,267.79021533606556,0.27022327163479276,QC_ONLY,0.5,2000,9
d_q036_s45_x50,d_q036_s45,d_q036_s45_x50_g25_r104729,d_q036_s45_x50_g25_r104729_a01,QS60_V1,D2,80.0,5.0,4.5,50.0,6.0,274.3760245901639,254.37602459016392,248.85196898360655,259.25023179918037,0.26179366211687544,QC_ONLY,0.5,2000,9
d_q036_s45_x50,d_q036_s45,d_q036_s45_x50_g25_r104729,d_q036_s45_x50_g25_r104729_a01,QS60_V1,D2,82.5,5.0,4.5,50.0,6.5,266.6227057377049,246.6227057377049,241.4597115942623,251.11543311885245,0.25381425549152503,QC_ONLY,0.5,2000,9
d_q036_s45_x50,d_q036_s45,d_q036_s45_x50_g25_r104729,d_q036_s45_x50_g25_r104729_a01,QS60_V1,D2,85.0,5.0,4.5,50.0,7.0,259.65320918032785,239.65320918032788,234.6040400532787,244.0522670204918,0.2466415275199863,QC_ONLY,0.5,2000,9
d_q036_s45_x50,d_q036_s45,d_q036_s45_x50_g25_r104729,d_q036_s45_x50_g25_r104729_a01,QS60_V1,D2,90.0,5.0,4.5,50.0,8.0,246.61274524590164,226.61274524590164,222.0347832827869,230.57637663524594,0.23322080198346304,QC_ONLY,0.5,2000,9
d_q036_s45_x50,d_q036_s45,d_q036_s45_x50_g25_r104729,d_q036_s45_x50_g25_r104729_a01,QS60_V1,D2,95.0,5.0,4.5,50.0,9.0,234.4269186885246,214.4269186885246,210.587486602459,218.02021316803277,0.22067963515959813,QC_ONLY,0.5,2000,9
d_q018_s35_x40,d_q018_s35,d_q018_s35_x40_g25_r104729,d_q018_s35_x40_g25_r104729_a01,QS60_V1,D3,5.0,5.0,4.5,40.0,7.0,173.63862081967213,153.63862081967213,152.4977912172131,155.07555831967213,0.23277135076928643,QC_ONLY,0.5,2000,20
d_q018_s35_x40,d_q018_s35,d_q018_s35_x40_g25_r104729,d_q018_s35_x40_g25_r104729_a01,QS60_V1,D3,10.0,5.0,4.5,40.0,6.0,181.8382573770492,161.8382573770492,160.46144125409836,163.36251678278688,0.2451942719533947,QC_ONLY,0.5,2000,20
d_q018_s35_x40,d_q018_s35,d_q018_s35_x40_g25_r104729,d_q018_s35_x40_g25_r104729_a01,QS60_V1,D3,15.0,5.0,4.5,40.0,5.0,191.5954268852459,171.5954268852459,170.38594312295086,172.86804395901638,0.259976945177034,ACTIVE,0.5,2000,20
d_q018_s35_x40,d_q018_s35,d_q018_s35_x40_g25_r104729,d_q018_s35_x40_g25_r104729_a01,QS60_V1,D3,17.5,5.0,4.5,40.0,4.5,197.18434262295082,177.18434262295082,176.0763546434426,178.53383909836066,0.2684444741008209,ACTIVE,0.5,2000,20
d_q018_s35_x40,d_q018_s35,d_q018_s35_x40_g25_r104729,d_q018_s35_x40_g25_r104729_a01,QS60_V1,D3,20.0,5.0,4.5,40.0,4.0,203.73439950819673,183.73439950819673,182.41480773770493,185.17908835655737,0.27836818716632594,ACTIVE,0.5,2000,20
d_q018_s35_x40,d_q018_s35,d_q018_s35_x40_g25_r104729,d_q018_s35_x40_g25_r104729_a01,QS60_V1,D3,22.5,5.0,4.5,40.0,3.5,210.70084885245902,190.70084885245902,189.12577036885247,192.39560713524594,0.2889227587660868,ACTIVE,0.5,2000,20
d_q018_s35_x40,d_q018_s35,d_q018_s35_x40_g25_r104729,d_q018_s35_x40_g25_r104729_a01,QS60_V1,D3,25.0,5.0,4.5,40.0,3.0,220.8407719672131,200.8407719672131,199.25958128688524,202.92808322540984,0.3042853257269574,ACTIVE,0.5,2000,20
d_q018_s35_x40,d_q018_s35,d_q018_s35_x40_g25_r104729,d_q018_s35_x40_g25_r104729_a01,QS60_V1,D3,27.5,5.0,4.5,40.0,2.5,234.02664590163937,214.02664590163937,211.81020650819673,216.82004881557378,0.32426268344089054,ACTIVE,0.5,2000,20
d_q018_s35_x40,d_q018_s35,d_q018_s35_x40_g25_r104729,d_q018_s35_x40_g25_r104729_a01,QS60_V1,D3,30.0,5.0,4.5,40.0,2.0,251.63739967213115,231.63739967213115,228.31191827049182,235.22876937295084,0.3509439887100524,ACTIVE,0.5,2000,20
d_q018_s35_x40,d_q018_s35,d_q018_s35_x40_g25_r104729,d_q018_s35_x40_g25_r104729_a01,QS60_V1,D3,31.25,5.0,4.5,40.0,1.75,263.1034731147541,243.10347311475408,237.1177964713115,249.24038893442625,0.3683157497231364,ACTIVE,0.5,2000,20
d_q018_s35_x40,d_q018_s35,d_q018_s35_x40_g25_r104729,d_q018_s35_x40_g25_r104729_a01,QS60_V1,D3,32.5,5.0,4.5,40.0,1.5,279.6847731147541,259.6847731147541,253.03305127868853,265.83772569672135,0.393437373296163,ACTIVE,0.5,2000,20
d_q018_s35_x40,d_q018_s35,d_q018_s35_x40_g25_r104729,d_q018_s35_x40_g25_r104729_a01,QS60_V1,D3,33.75,5.0,4.5,40.0,1.25,299.1432181967213,279.1432181967213,272.7475234016393,286.4185315983607,0.42291803721669946,ACTIVE,0.5,2000,20
d_q018_s35_x40,d_q018_s35,d_q018_s35_x40_g25_r104729,d_q018_s35_x40_g25_r104729_a01,QS60_V1,D3,35.0,5.0,4.5,40.0,1.0,321.23012049180323,301.23012049180323,293.1123282049181,310.6153961352459,0.45638096505415887,ACTIVE,0.5,2000,20
d_q018_s35_x40,d_q018_s35,d_q018_s35_x40_g25_r104729,d_q018_s35_x40_g25_r104729_a01,QS60_V1,D3,36.25,5.0,4.5,40.0,0.75,351.08548295081965,331.08548295081965,320.03357335245903,342.7522866229508,0.5016135570301608,ACTIVE,0.5,2000,20
d_q018_s35_x40,d_q018_s35,d_q018_s35_x40_g25_r104729,d_q018_s35_x40_g25_r104729_a01,QS60_V1,D3,37.5,5.0,4.5,40.0,0.5,409.24982229508197,389.24982229508197,380.08686884426226,399.89211427049185,0.5897358778602728,ACTIVE,0.5,2000,20
d_q018_s35_x40,d_q018_s35,d_q018_s35_x40_g25_r104729,d_q018_s35_x40_g25_r104729_a01,QS60_V1,D3,38.75,5.0,4.5,40.0,0.25,572.229755409836,552.229755409836,540.205882795082,562.909613295082,0.8366598542472813,ACTIVE,0.5,2000,20
d_q018_s35_x40,d_q018_s35,d_q018_s35_x40_g25_r104729,d_q018_s35_x40_g25_r104729_a01,QS60_V1,D3,40.0,5.0,4.5,40.0,0.0,757.3401737704918,737.3401737704918,694.1009242008197,773.8292299016395,1.1171127891499646,ACTIVE,0.5,2000,20
d_q018_s35_x40,d_q018_s35,d_q018_s35_x40_g25_r104729,d_q018_s35_x40_g25_r104729_a01,QS60_V1,D3,41.25,5.0,4.5,40.0,0.25,536.9275529508196,516.9275529508196,480.85947585655737,553.4028962704917,0.7831749862650251,ACTIVE,0.5,2000,20
d_q018_s35_x40,d_q018_s35,d_q018_s35_x40_g25_r104729,d_q018_s35_x40_g25_r104729_a01,QS60_V1,D3,42.5,5.0,4.5,40.0,0.5,387.61049967213114,367.61049967213114,348.6115294221311,385.96090611065574,0.5569510589794222,ACTIVE,0.5,2000,20
d_q018_s35_x40,d_q018_s35,d_q018_s35_x40_g25_r104729,d_q018_s35_x40_g25_r104729_a01,QS60_V1,D3,43.75,5.0,4.5,40.0,0.75,347.6447021311475,327.6447021311475,312.84993880737704,344.1448507090164,0.49640057610893656,ACTIVE,0.5,2000,20
d_q018_s35_x40,d_q018_s35,d_q018_s35_x40_g25_r104729,d_q018_s35_x40_g25_r104729_a01,QS60_V1,D3,45.0,5.0,4.5,40.0,1.0,316.0921344262295,296.0921344262295,284.85722434836066,311.51403051639346,0.4485966205297368,ACTIVE,0.5,2000,20
d_q018_s35_x40,d_q018_s35,d_q018_s35_x40_g25_r104729,d_q018_s35_x40_g25_r104729_a01,QS60_V1,D3,46.25,5.0,4.5,40.0,1.25,293.040832295082,273.040832295082,262.4547529385246,284.6443516967213,0.4136725714499425,ACTIVE,0.5,2000,20
d_q018_s35_x40,d_q018_s35,d_q018_s35_x40_g25_r104729,d_q018_s35_x40_g25_r104729_a01,QS60_V1,D3,47.5,5.0,4.5,40.0,1.5,275.38499885245903,255.38499885245903,246.60766494262293,264.921954352459,0.3869229678836583,ACTIVE,0.5,2000,20
d_q018_s35_x40,d_q018_s35,d_q018_s35_x40_g25_r104729,d_q018_s35_x40_g25_r104729_a01,QS60_V1,D3,48.75,5.0,4.5,40.0,1.75,262.2024049180328,242.20240491803278,236.1371119262295,249.2302133319672,0.36695057955845345,ACTIVE,0.5,2000,20
d_q018_s35_x40,d_q018_s35,d_q018_s35_x40_g25_r104729,d_q018_s35_x40_g25_r104729_a01,QS60_V1,D3,50.0,5.0,4.5,40.0,2.0,252.1095742622951,232.1095742622951,226.5515880532787,238.31198425,0.3516593603826502,ACTIVE,0.5,2000,20
d_q018_s35_x40,d_q018_s35,d_q018_s35_x40_g25_r104729,d_q018_s35_x40_g25_r104729_a01,QS60_V1,D3,51.25,5.0,4.5,40.0,2.25,242.2649019672131,222.2649019672131,215.59752942213112,229.3635035819672,0.33674411540204835,ACTIVE,0.5,2000,20
d_q018_s35_x40,d_q018_s35,d_q018_s35_x40_g25_r104729,d_q018_s35_x40_g25_r104729_a01,QS60_V1,D3,52.5,5.0,4.5,40.0,2.5,233.37988901639343,213.37988901639343,207.33122139754096,219.9856070409836,0.3232828095459359,ACTIVE,0.5,2000,20
d_q018_s35_x40,d_q018_s35,d_q018_s35_x40_g25_r104729,d_q018_s35_x40_g25_r104729_a01,QS60_V1,D3,53.75,5.0,4.5,40.0,2.75,226.31162918032786,206.31162918032786,200.6828820491803,212.75718251639344,0.31257398919300927,ACTIVE,0.5,2000,20
d_q018_s35_x40,d_q018_s35,d_q018_s35_x40_g25_r104729,d_q018_s35_x40_g25_r104729_a01,QS60_V1,D3,55.0,5.0,4.5,40.0,3.0,219.45202409836065,199.45202409836065,194.15186915573773,205.82092232786883,0.3021812927983478,ACTIVE,0.5,2000,20
d_q018_s35_x40,d_q018_s35,d_q018_s35_x40_g25_r104729,d_q018_s35_x40_g25_r104729_a01,QS60_V1,D3,56.25,5.0,4.5,40.0,3.25,213.76026098360657,193.76026098360657,188.69406833606558,200.12526261065574,0.2935579441805863,ACTIVE,0.5,2000,20
d_q018_s35_x40,d_q018_s35,d_q018_s35_x40_g25_r104729,d_q018_s35_x40_g25_r104729_a01,QS60_V1,D3,57.5,5.0,4.5,40.0,3.5,208.9855255737705,188.9855255737705,184.60342840983608,194.51459039344257,0.28632394530072147,ACTIVE,0.5,2000,20
d_q018_s35_x40,d_q018_s35,d_q018_s35_x40_g25_r104729,d_q018_s35_x40_g25_r104729_a01,QS60_V1,D3,58.75,5.0,4.5,40.0,3.75,205.19324327868853,185.19324327868853,181.37633546721312,190.13661079508196,0.280578419419174,ACTIVE,0.5,2000,20
d_q018_s35_x40,d_q018_s35,d_q018_s35_x40_g25_r104729,d_q018_s35_x40_g25_r104729_a01,QS60_V1,D3,60.0,5.0,4.5,40.0,4.0,201.8256406557377,181.8256406557377,178.21063204098363,186.40478906967212,0.27547630767659,ACTIVE,0.5,2000,20
d_q018_s35_x40,d_q018_s35,d_q018_s35_x40_g25_r104729,d_q018_s35_x40_g25_r104729_a01,QS60_V1,D3,61.25,5.0,4.5,40.0,4.25,198.50912622950818,178.50912622950818,174.8727939795082,182.8835176352459,0.2704515974916075,ACTIVE,0.5,2000,20
d_q018_s35_x40,d_q018_s35,d_q018_s35_x40_g25_r104729,d_q018_s35_x40_g25_r104729_a01,QS60_V1,D3,62.5,5.0,4.5,40.0,4.5,195.3610075409836,175.3610075409836,171.67573817622952,179.72839102459017,0.2656820165385867,ACTIVE,0.5,2000,20
d_q018_s35_x40,d_q018_s35,d_q018_s35_x40_g25_r104729,d_q018_s35_x40_g25_r104729_a01,QS60_V1,D3,63.75,5.0,4.5,40.0,4.75,192.19983229508196,172.19983229508196,168.65499950409836,176.2465856885246,0.26089265414987706,ACTIVE,0.5,2000,20
d_q018_s35_x40,d_q018_s35,d_q018_s35_x40_g25_r104729,d_q018_s35_x40_g25_r104729_a01,QS60_V1,D3,65.0,5.0,4.5,40.0,5.0,189.4876493442623,169.4876493442623,166.00742101229508,173.28709211475407,0.2567835409228278,ACTIVE,0.5,2000,20
d_q018_s35_x40,d_q018_s35,d_q018_s35_x40_g25_r104729,d_q018_s35_x40_g25_r104729_a01,QS60_V1,D3,66.25,5.0,4.5,40.0,5.25,186.77891704918034,166.77891704918034,163.38984544262294,170.41702009836067,0.25267965563776873,QC_ONLY,0.5,2000,20
d_q018_s35_x40,d_q018_s35,d_q018_s35_x40_g25_r104729,d_q018_s35_x40_g25_r104729_a01,QS60_V1,D3,67.5,5.0,4.5,40.0,5.5,184.34440803278687,164.34440803278687,161.08293103278686,167.8222617786885,0.24899123439848259,QC_ONLY,0.5,2000,20
d_q018_s35_x40,d_q018_s35,d_q018_s35_x40_g25_r104729,d_q018_s35_x40_g25_r104729_a01,QS60_V1,D3,68.75,5.0,4.5,40.0,5.75,181.98836147540982,161.98836147540982,158.8602717991803,165.33160022950818,0.2454216882992653,QC_ONLY,0.5,2000,20
d_q018_s35_x40,d_q018_s35,d_q018_s35_x40_g25_r104729,d_q018_s35_x40_g25_r104729_a01,QS60_V1,D3,70.0,5.0,4.5,40.0,6.0,179.77671409836066,159.77671409836066,156.74455074590165,163.04337469262296,0.24207091526684318,QC_ONLY,0.5,2000,20
d_q018_s35_x40,d_q018_s35,d_q018_s35_x40_g25_r104729,d_q018_s35_x40_g25_r104729_a01,QS60_V1,D3,72.5,5.0,4.5,40.0,6.5,175.69389295081967,155.69389295081967,152.84935705327865,159.0240176844262,0.2358852063064772,QC_ONLY,0.5,2000,20
d_q018_s35_x40,d_q018_s35,d_q018_s35_x40_g25_r104729,d_q018_s35_x40_g25_r104729_a01,QS60_V1,D3,75.0,5.0,4.5,40.0,7.0,171.86364967213115,151.86364967213115,149.0650401680328,155.23667894672133,0.23008216735052509,QC_ONLY,0.5,2000,20
d_q018_s35_x40,d_q018_s35,d_q018_s35_x40_g25_r104729,d_q018_s35_x40_g25_r104729_a01,QS60_V1,D3,77.5,5.0,4.5,40.0,7.5,168.30708918032786,148.30708918032786,145.7335568114754,151.61670304918033,0.22469377356416453,QC_ONLY,0.5,2000,20
d_q018_s35_x40,d_q018_s35,d_q018_s35_x40_g25_r104729,d_q018_s35_x40_g25_r104729_a01,QS60_V1,D3,80.0,5.0,4.5,40.0,8.0,164.76128459016394,144.76128459016394,142.43117598360658,147.8618647909836,0.21932167558767246,QC_ONLY,0.5,2000,20
d_q018_s35_x40,d_q018_s35,d_q018_s35_x40_g25_r104729,d_q018_s35_x40_g25_r104729_a01,QS60_V1,D3,82.5,5.0,4.5,40.0,8.5,161.43078819672132,141.43078819672132,139.23304654098362,144.4136191147541,0.21427578191785235,QC_ONLY,0.5,2000,20
d_q018_s35_x40,d_q018_s35,d_q018_s35_x40_g25_r104729,d_q018_s35_x40_g25_r104729_a01,QS60_V1,D3,85.0,5.0,4.5,40.0,9.0,158.0941673770492,138.0941673770492,135.95432574590163,140.91777763114754,0.20922060938990059,QC_ONLY,0.5,2000,20
d_q018_s35_x40,d_q018_s35,d_q018_s35_x40_g25_r104729,d_q018_s35_x40_g25_r104729_a01,QS60_V1,D3,90.0,5.0,4.5,40.0,10.0,151.64267049180327,131.64267049180327,129.81903873360656,134.15616749180327,0.1994462203954489,QC_ONLY,0.5,2000,20
d_q018_s35_x40,d_q018_s35,d_q018_s35_x40_g25_r104729,d_q018_s35_x40_g25_r104729_a01,QS60_V1,D3,95.0,5.0,4.5,40.0,11.0,145.58870213114756,125.58870213114754,123.78880613934426,128.04940615983605,0.19027410998918365,QC_ONLY,0.5,2000,20
d_q018_s35_x50,d_q018_s35,d_q018_s35_x50_g25_r204729,d_q018_s35_x50_g25_r204729_a01,QS60_V1,D3,5.0,5.0,4.5,50.0,9.0,159.64415150000002,139.64415150000002,137.55143807500002,141.973324375,0.21428962312854605,QC_ONLY,0.5,2000,12
d_q018_s35_x50,d_q018_s35,d_q018_s35_x50_g25_r204729,d_q018_s35_x50_g25_r204729_a01,QS60_V1,D3,10.0,5.0,4.5,50.0,8.0,166.54097083333332,146.54097083333332,144.12419470833333,149.082250875,0.22487307255947808,QC_ONLY,0.5,2000,12
d_q018_s35_x50,d_q018_s35,d_q018_s35_x50_g25_r204729,d_q018_s35_x50_g25_r204729_a01,QS60_V1,D3,15.0,5.0,4.5,50.0,7.0,173.80599866666668,153.80599866666668,151.10518905,156.5190537625,0.23602155289109727,QC_ONLY,0.5,2000,12
d_q018_s35_x50,d_q018_s35,d_q018_s35_x50_g25_r204729,d_q018_s35_x50_g25_r204729_a01,QS60_V1,D3,17.5,5.0,4.5,50.0,6.5,177.55341583333333,157.55341583333333,154.81754022916667,160.41063965416666,0.24177211676165394,QC_ONLY,0.5,2000,12
d_q018_s35_x50,d_q018_s35,d_q018_s35_x50_g25_r204729,d_q018_s35_x50_g25_r204729_a01,QS60_V1,D3,20.0,5.0,4.5,50.0,6.0,181.78774566666667,161.78774566666667,159.12504280416667,164.636420125,0.24826986789867136,QC_ONLY,0.5,2000,12
d_q018_s35_x50,d_q018_s35,d_q018_s35_x50_g25_r204729,d_q018_s35_x50_g25_r204729_a01,QS60_V1,D3,22.5,5.0,4.5,50.0,5.5,186.17287016666666,166.17287016666666,163.45135245416668,168.90679068333336,0.254999019577299,QC_ONLY,0.5,2000,12
d_q018_s35_x50,d_q018_s35,d_q018_s35_x50_g25_r204729,d_q018_s35_x50_g25_r204729_a01,QS60_V1,D3,25.0,5.0,4.5,50.0,5.0,191.21643516666666,171.21643516666666,168.2366383916667,174.11182377916666,0.26273857495047426,ACTIVE,0.5,2000,12
d_q018_s35_x50,d_q018_s35,d_q018_s35_x50_g25_r204729,d_q018_s35_x50_g25_r204729_a01,QS60_V1,D3,27.5,5.0,4.5,50.0,4.5,196.9112015,176.9112015,173.51671665000003,180.1705860958333,0.2714774252228763,ACTIVE,0.5,2000,12
d_q018_s35_x50,d_q018_s35,d_q018_s35_x50_g25_r204729,d_q018_s35_x50_g25_r204729_a01,QS60_V1,D3,30.0,5.0,4.5,50.0,4.0,203.72054066666666,183.72054066666666,180.60441974583335,186.84490779583334,0.2819266327844221,ACTIVE,0.5,2000,12
d_q018_s35_x50,d_q018_s35,d_q018_s35_x50_g25_r204729,d_q018_s35_x50_g25_r204729_a01,QS60_V1,D3,31.25,5.0,4.5,50.0,3.75,207.73973333333333,187.73973333333333,184.47372870416666,191.06150599166668,0.28809424719984583,ACTIVE,0.5,2000,12
d_q018_s35_x50,d_q018_s35,d_q018_s35_x50_g25_r204729,d_q018_s35_x50_g25_r204729_a01,QS60_V1,D3,32.5,5.0,4.5,50.0,3.5,212.6012775,192.6012775,189.02929441666666,196.28691560416667,0.29555448421018554,ACTIVE,0.5,2000,12
d_q018_s35_x50,d_q018_s35,d_q018_s35_x50_g25_r204729,d_q018_s35_x50_g25_r204729_a01,QS60_V1,D3,33.75,5.0,4.5,50.0,3.25,218.484329,198.484329,194.71282428749998,202.66462560833335,0.3045822657193942,ACTIVE,0.5,2000,12
d_q018_s35_x50,d_q018_s35,d_q018_s35_x50_g25_r204729,d_q018_s35_x50_g25_r204729_a01,QS60_V1,D3,35.0,5.0,4.5,50.0,3.0,225.31818783333335,205.31818783333335,201.52066332916667,209.69006854166665,0.31506909970548264,ACTIVE,0.5,2000,12
d_q018_s35_x50,d_q018_s35,d_q018_s35_x50_g25_r204729,d_q018_s35_x50_g25_r204729_a01,QS60_V1,D3,36.25,5.0,4.5,50.0,2.75,232.11803266666666,212.11803266666666,207.70869023333333,217.01882537916666,0.32550373782684777,ACTIVE,0.5,2000,12
d_q018_s35_x50,d_q018_s35,d_q018_s35_x50_g25_r204729,d_q018_s35_x50_g25_r204729_a01,QS60_V1,D3,37.5,5.0,4.5,50.0,2.5,239.26619216666668,219.26619216666668,214.33104425416667,224.90934666249998,0.33647287895351885,ACTIVE,0.5,2000,12
d_q018_s35_x50,d_q018_s35,d_q018_s35_x50_g25_r204729,d_q018_s35_x50_g25_r204729_a01,QS60_V1,D3,38.75,5.0,4.5,50.0,2.25,247.26003450000002,227.26003450000002,221.88334727916668,233.54796401666667,0.34873975474143193,ACTIVE,0.5,2000,12
d_q018_s35_x50,d_q018_s35,d_q018_s35_x50_g25_r204729,d_q018_s35_x50_g25_r204729_a01,QS60_V1,D3,40.0,5.0,4.5,50.0,2.0,255.96024933333334,235.96024933333334,228.81561452083332,243.59687745000002,0.36209058782499565,ACTIVE,0.5,2000,12
d_q018_s35_x50,d_q018_s35,d_q018_s35_x50_g25_r204729,d_q018_s35_x50_g25_r204729_a01,QS60_V1,D3,41.25,5.0,4.5,50.0,1.75,268.40425816666664,248.40425816666666,241.30848569166668,256.0374458875,0.38118642488268506,ACTIVE,0.5,2000,12
d_q018_s35_x50,d_q018_s35,d_q018_s35_x50_g25_r204729,d_q018_s35_x50_g25_r204729_a01,QS60_V1,D3,42.5,5.0,4.5,50.0,1.5,283.85805466666665,263.85805466666665,255.93312996249998,272.4211779333333,0.4049009033790526,ACTIVE,0.5,2000,12
d_q018_s35_x50,d_q018_s35,d_q018_s35_x50_g25_r204729,d_q018_s35_x50_g25_r204729_a01,QS60_V1,D3,43.75,5.0,4.5,50.0,1.25,304.03087983333336,284.03087983333336,273.64154376249996,294.07172507499996,0.43585692306171764,ACTIVE,0.5,2000,12
d_q018_s35_x50,d_q018_s35,d_q018_s35_x50_g25_r204729,d_q018_s35_x50_g25_r204729_a01,QS60_V1,D3,45.0,5.0,4.5,50.0,1.0,335.0127818333333,315.0127818333333,298.4524508791667,331.19571995833337,0.4833999102335473,ACTIVE,0.5,2000,12
d_q018_s35_x50,d_q018_s35,d_q018_s35_x50_g25_r204729,d_q018_s35_x50_g25_r204729_a01,QS60_V1,D3,46.25,5.0,4.5,50.0,0.75,365.91868450000004,345.91868450000004,326.52604675833334,365.9128925166667,0.5308262733411174,ACTIVE,0.5,2000,12
d_q018_s35_x50,d_q018_s35,d_q018_s35_x50_g25_r204729,d_q018_s35_x50_g25_r204729_a01,QS60_V1,D3,47.5,5.0,4.5,50.0,0.5,408.6753023333333,388.6753023333333,365.3886878625,413.2340905375,0.5964380402739865,ACTIVE,0.5,2000,12
d_q018_s35_x50,d_q018_s35,d_q018_s35_x50_g25_r204729,d_q018_s35_x50_g25_r204729_a01,QS60_V1,D3,48.75,5.0,4.5,50.0,0.25,584.1957796666667,564.1957796666667,539.5595768416666,592.7401502499998,0.8657813427688461,ACTIVE,0.5,2000,12
d_q018_s35_x50,d_q018_s35,d_q018_s35_x50_g25_r204729,d_q018_s35_x50_g25_r204729_a01,QS60_V1,D3,50.0,5.0,4.5,50.0,0.0,733.4582031666666,713.4582031666666,701.4336667583334,726.1746553791668,1.094830594996702,ACTIVE,0.5,2000,12
d_q018_s35_x50,d_q018_s35,d_q018_s35_x50_g25_r204729,d_q018_s35_x50_g25_r204729_a01,QS60_V1,D3,51.25,5.0,4.5,50.0,0.25,535.4942338333334,515.4942338333334,480.58035701666665,543.7995107125,0.7910468423239593,ACTIVE,0.5,2000,12
d_q018_s35_x50,d_q018_s35,d_q018_s35_x50_g25_r204729,d_q018_s35_x50_g25_r204729_a01,QS60_V1,D3,52.5,5.0,4.5,50.0,0.5,392.9701201666667,372.9701201666667,353.19453405,389.95650763333333,0.5723378002602817,ACTIVE,0.5,2000,12
d_q018_s35_x50,d_q018_s35,d_q018_s35_x50_g25_r204729,d_q018_s35_x50_g25_r204729_a01,QS60_V1,D3,53.75,5.0,4.5,50.0,0.75,347.3188105,327.3188105,309.1070831125,344.0415713208333,0.5022840111204296,ACTIVE,0.5,2000,12
d_q018_s35_x50,d_q018_s35,d_q018_s35_x50_g25_r204729,d_q018_s35_x50_g25_r204729_a01,QS60_V1,D3,55.0,5.0,4.5,50.0,1.0,314.20661233333334,294.20661233333334,279.90517239166667,307.4733245333333,0.4514719979435461,ACTIVE,0.5,2000,12
d_q018_s35_x50,d_q018_s35,d_q018_s35_x50_g25_r204729,d_q018_s35_x50_g25_r204729_a01,QS60_V1,D3,56.25,5.0,4.5,50.0,1.25,290.672648,270.672648,258.626941675,281.9348010416667,0.4153581736727842,ACTIVE,0.5,2000,12
d_q018_s35_x50,d_q018_s35,d_q018_s35_x50_g25_r204729,d_q018_s35_x50_g25_r204729_a01,QS60_V1,D3,57.5,5.0,4.5,50.0,1.5,270.02793483333335,250.02793483333335,241.08738169583333,258.4776276541666,0.38367802268499346,ACTIVE,0.5,2000,12
d_q018_s35_x50,d_q018_s35,d_q018_s35_x50_g25_r204729,d_q018_s35_x50_g25_r204729_a01,QS60_V1,D3,58.75,5.0,4.5,50.0,1.75,258.1223185,238.1223185,231.24319097916666,244.6517732708333,0.36540837078923855,ACTIVE,0.5,2000,12
d_q018_s35_x50,d_q018_s35,d_q018_s35_x50_g25_r204729,d_q018_s35_x50_g25_r204729_a01,QS60_V1,D3,60.0,5.0,4.5,50.0,2.0,246.93029833333333,226.93029833333333,221.67002597083334,231.5710355958333,0.3482337611990754,ACTIVE,0.5,2000,12
d_q018_s35_x50,d_q018_s35,d_q018_s35_x50_g25_r204729,d_q018_s35_x50_g25_r204729_a01,QS60_V1,D3,61.25,5.0,4.5,50.0,2.25,238.383351,218.383351,213.66264744583336,222.396483025,0.3351181233203238,ACTIVE,0.5,2000,12
d_q018_s35_x50,d_q018_s35,d_q018_s35_x50_g25_r204729,d_q018_s35_x50_g25_r204729_a01,QS60_V1,D3,62.5,5.0,4.5,50.0,2.5,230.54437166666668,210.54437166666668,206.20330826666668,214.1595945375,0.32308889109678557,ACTIVE,0.5,2000,12
d_q018_s35_x50,d_q018_s35,d_q018_s35_x50_g25_r204729,d_q018_s35_x50_g25_r204729_a01,QS60_V1,D3,63.75,5.0,4.5,50.0,2.75,223.75178766666667,203.75178766666667,198.7919657333333,207.9518690875,0.3126653950191214,ACTIVE,0.5,2000,12
d_q018_s35_x50,d_q018_s35,d_q018_s35_x50_g25_r204729,d_q018_s35_x50_g25_r204729_a01,QS60_V1,D3,65.0,5.0,4.5,50.0,3.0,217.81390716666667,197.81390716666667,193.0069575625,202.11306751666663,0.30355347618213846,ACTIVE,0.5,2000,12
d_q018_s35_x50,d_q018_s35,d_q018_s35_x50_g25_r204729,d_q018_s35_x50_g25_r204729_a01,QS60_V1,D3,66.25,5.0,4.5,50.0,3.25,212.58728716666667,192.58728716666667,188.34087449583333,196.57299483333335,0.29553301547536753,ACTIVE,0.5,2000,12
d_q018_s35_x50,d_q018_s35,d_q018_s35_x50_g25_r204729,d_q018_s35_x50_g25_r204729_a01,QS60_V1,D3,67.5,5.0,4.5,50.0,3.5,207.94318116666668,187.94318116666668,183.88309314999998,191.75629497916665,0.2884064461645932,ACTIVE,0.5,2000,12
d_q018_s35_x50,d_q018_s35,d_q018_s35_x50_g25_r204729,d_q018_s35_x50_g25_r204729_a01,QS60_V1,D3,68.75,5.0,4.5,50.0,3.75,203.332469,183.332469,179.39539377500003,186.99756345,0.28133112104759966,ACTIVE,0.5,2000,12
d_q018_s35_x50,d_q018_s35,d_q018_s35_x50_g25_r204729,d_q018_s35_x50_g25_r204729_a01,QS60_V1,D3,70.0,5.0,4.5,50.0,4.0,199.54028716666667,179.54028716666667,175.76608230416667,182.95951094166665,0.275511863977604,ACTIVE,0.5,2000,12
d_q018_s35_x50,d_q018_s35,d_q018_s35_x50_g25_r204729,d_q018_s35_x50_g25_r204729_a01,QS60_V1,D3,72.5,5.0,4.5,50.0,4.5,192.78465033333333,172.78465033333333,169.16394906249997,176.18399016249998,0.26514506482806477,ACTIVE,0.5,2000,12
d_q018_s35_x50,d_q018_s35,d_q018_s35_x50_g25_r204729,d_q018_s35_x50_g25_r204729_a01,QS60_V1,D3,75.0,5.0,4.5,50.0,5.0,187.88696266666665,167.88696266666665,164.45655272916665,171.03840518333334,0.2576293641487468,ACTIVE,0.5,2000,12
d_q018_s35_x50,d_q018_s35,d_q018_s35_x50_g25_r204729,d_q018_s35_x50_g25_r204729_a01,QS60_V1,D3,77.5,5.0,4.5,50.0,5.5,182.89257166666667,162.89257166666667,159.6312099125,166.0055377,0.24996526827612736,QC_ONLY,0.5,2000,12
d_q018_s35_x50,d_q018_s35,d_q018_s35_x50_g25_r204729,d_q018_s35_x50_g25_r204729_a01,QS60_V1,D3,80.0,5.0,4.5,50.0,6.0,178.2035975,158.2035975,155.2841553458333,160.990185125,0.24276984694095965,QC_ONLY,0.5,2000,12
d_q018_s35_x50,d_q018_s35,d_q018_s35_x50_g25_r204729,d_q018_s35_x50_g25_r204729_a01,QS60_V1,D3,82.5,5.0,4.5,50.0,6.5,174.11385133333334,154.11385133333334,151.51125710416665,156.5591306625,0.236493965313748,QC_ONLY,0.5,2000,12
d_q018_s35_x50,d_q018_s35,d_q018_s35_x50_g25_r204729,d_q018_s35_x50_g25_r204729_a01,QS60_V1,D3,85.0,5.0,4.5,50.0,7.0,170.49419766666668,150.49419766666668,148.10482133749997,152.72971090000001,0.23093945972397498,QC_ONLY,0.5,2000,12
d_q018_s35_x50,d_q018_s35,d_q018_s35_x50_g25_r204729,d_q018_s35_x50_g25_r204729_a01,QS60_V1,D3,90.0,5.0,4.5,50.0,8.0,163.74553366666666,143.74553366666666,141.63551557916668,145.71367402083334,0.22058336067043752,QC_ONLY,0.5,2000,12
d_q018_s35_x50,d_q018_s35,d_q018_s35_x50_g25_r204729,d_q018_s35_x50_g25_r204729_a01,QS60_V1,D3,95.0,5.0,4.5,50.0,9.0,156.87333750000002,136.87333750000002,135.08165936249998,138.49507870000002,0.21003769648900253,QC_ONLY,0.5,2000,12
d_q018_s35_x50,d_q018_s35,d_q018_s35_x50_g25_r304729,d_q018_s35_x50_g25_r304729_a01,QS60_V1,D3,5.0,5.0,4.5,50.0,9.0,157.699245,137.699245,135.5907938375,139.8399317,0.21246834766040731,QC_ONLY,0.5,2000,7
d_q018_s35_x50,d_q018_s35,d_q018_s35_x50_g25_r304729,d_q018_s35_x50_g25_r304729_a01,QS60_V1,D3,10.0,5.0,4.5,50.0,8.0,164.51524366666666,144.51524366666666,142.27802704166666,146.80701040416668,0.22298535502934538,QC_ONLY,0.5,2000,7
d_q018_s35_x50,d_q018_s35,d_q018_s35_x50_g25_r304729,d_q018_s35_x50_g25_r304729_a01,QS60_V1,D3,15.0,5.0,4.5,50.0,7.0,171.72752516666665,151.72752516666665,149.21365284166666,154.16694225416666,0.23411382224183244,QC_ONLY,0.5,2000,7
d_q018_s35_x50,d_q018_s35,d_q018_s35_x50_g25_r304729,d_q018_s35_x50_g25_r304729_a01,QS60_V1,D3,17.5,5.0,4.5,50.0,6.5,175.66241816666667,155.66241816666667,153.06215664583334,158.135010125,0.2401853167800233,QC_ONLY,0.5,2000,7
d_q018_s35_x50,d_q018_s35,d_q018_s35_x50_g25_r304729,d_q018_s35_x50_g25_r304729_a01,QS60_V1,D3,20.0,5.0,4.5,50.0,6.0,180.02139033333333,160.02139033333333,157.231026775,162.580931825,0.24691116058366486,QC_ONLY,0.5,2000,7
d_q018_s35_x50,d_q018_s35,d_q018_s35_x50_g25_r304729,d_q018_s35_x50_g25_r304729_a01,QS60_V1,D3,22.5,5.0,4.5,50.0,5.5,184.81165683333333,164.81165683333333,161.89063739583335,167.57954044166667,0.25430248657174853,QC_ONLY,0.5,2000,7
d_q018_s35_x50,d_q018_s35,d_q018_s35_x50_g25_r304729,d_q018_s35_x50_g25_r304729_a01,QS60_V1,D3,25.0,5.0,4.5,50.0,5.0,189.68677216666669,169.68677216666669,166.45750799166666,172.8192799166667,0.261824733331542,ACTIVE,0.5,2000,7
d_q018_s35_x50,d_q018_s35,d_q018_s35_x50_g25_r304729,d_q018_s35_x50_g25_r304729_a01,QS60_V1,D3,27.5,5.0,4.5,50.0,4.5,195.10224150000002,175.10224150000002,171.19408472916666,178.69146586666668,0.27018074008422205,ACTIVE,0.5,2000,7
d_q018_s35_x50,d_q018_s35,d_q018_s35_x50_g25_r304729,d_q018_s35_x50_g25_r304729_a01,QS60_V1,D3,30.0,5.0,4.5,50.0,4.0,201.48879816666667,181.48879816666667,177.49008475833335,185.41799947916667,0.28003512339769787,ACTIVE,0.5,2000,7
d_q018_s35_x50,d_q018_s35,d_q018_s35_x50_g25_r304729,d_q018_s35_x50_g25_r304729_a01,QS60_V1,D3,31.25,5.0,4.5,50.0,3.75,205.03705866666667,185.03705866666667,181.07081616666667,188.94745065833334,0.28551004844542555,ACTIVE,0.5,2000,7
d_q018_s35_x50,d_q018_s35,d_q018_s35_x50_g25_r304729,d_q018_s35_x50_g25_r304729_a01,QS60_V1,D3,32.5,5.0,4.5,50.0,3.5,208.6077815,188.6077815,184.71301346666667,192.45288861666666,0.2910196326145444,ACTIVE,0.5,2000,7
d_q018_s35_x50,d_q018_s35,d_q018_s35_x50_g25_r304729,d_q018_s35_x50_g25_r304729_a01,QS60_V1,D3,33.75,5.0,4.5,50.0,3.25,213.20169933333332,193.20169933333332,189.2413317375,197.25160539583334,0.29810799487343703,ACTIVE,0.5,2000,7
d_q018_s35_x50,d_q018_s35,d_q018_s35_x50_g25_r304729,d_q018_s35_x50_g25_r304729_a01,QS60_V1,D3,35.0,5.0,4.5,50.0,3.0,219.2801795,199.2801795,195.43590319583333,203.24759771666666,0.30748701969886894,ACTIVE,0.5,2000,7
d_q018_s35_x50,d_q018_s35,d_q018_s35_x50_g25_r304729,d_q018_s35_x50_g25_r304729_a01,QS60_V1,D3,36.25,5.0,4.5,50.0,2.75,226.61421149999998,206.61421149999998,202.3790715,210.83042587916665,0.31880334652933595,ACTIVE,0.5,2000,7
d_q018_s35_x50,d_q018_s35,d_q018_s35_x50_g25_r304729,d_q018_s35_x50_g25_r304729_a01,QS60_V1,D3,37.5,5.0,4.5,50.0,2.5,233.82118416666665,213.82118416666665,209.27875514583332,218.07160634583335,0.32992362227318905,ACTIVE,0.5,2000,7
d_q018_s35_x50,d_q018_s35,d_q018_s35_x50_g25_r304729,d_q018_s35_x50_g25_r304729_a01,QS60_V1,D3,38.75,5.0,4.5,50.0,2.25,241.34859966666667,221.34859966666667,216.79338711666668,225.71552915,0.3415383376148624,ACTIVE,0.5,2000,7
d_q018_s35_x50,d_q018_s35,d_q018_s35_x50_g25_r304729,d_q018_s35_x50_g25_r304729_a01,QS60_V1,D3,40.0,5.0,4.5,50.0,2.0,250.22586216666664,230.22586216666664,225.34775887083333,234.65464300833332,0.3552358513167182,ACTIVE,0.5,2000,7
d_q018_s35_x50,d_q018_s35,d_q018_s35_x50_g25_r304729,d_q018_s35_x50_g25_r304729_a01,QS60_V1,D3,41.25,5.0,4.5,50.0,1.75,261.09491449999996,241.0949145,235.91659193750002,245.82080737916667,0.3720066737703767,ACTIVE,0.5,2000,7
d_q018_s35_x50,d_q018_s35,d_q018_s35_x50_g25_r304729,d_q018_s35_x50_g25_r304729_a01,QS60_V1,D3,42.5,5.0,4.5,50.0,1.5,275.9870228333333,255.98702283333333,250.89015971666666,261.25804280833336,0.39498502525489737,ACTIVE,0.5,2000,7
d_q018_s35_x50,d_q018_s35,d_q018_s35_x50_g25_r304729,d_q018_s35_x50_g25_r304729_a01,QS60_V1,D3,43.75,5.0,4.5,50.0,1.25,298.3548616666667,278.3548616666667,273.2146997208333,283.78156490416666,0.4294983427219077,ACTIVE,0.5,2000,7
d_q018_s35_x50,d_q018_s35,d_q018_s35_x50_g25_r304729,d_q018_s35_x50_g25_r304729_a01,QS60_V1,D3,45.0,5.0,4.5,50.0,1.0,325.2618358333333,305.2618358333333,298.173560625,312.179871325,0.47101549368183426,ACTIVE,0.5,2000,7
d_q018_s35_x50,d_q018_s35,d_q018_s35_x50_g25_r304729,d_q018_s35_x50_g25_r304729_a01,QS60_V1,D3,46.25,5.0,4.5,50.0,0.75,353.5378793333333,333.5378793333333,322.950339975,342.91751612499996,0.5146451028406848,ACTIVE,0.5,2000,7
d_q018_s35_x50,d_q018_s35,d_q018_s35_x50_g25_r304729,d_q018_s35_x50_g25_r304729_a01,QS60_V1,D3,47.5,5.0,4.5,50.0,0.5,393.4496011666667,373.4496011666667,356.84696917916665,388.3030605249999,0.5762284295336536,ACTIVE,0.5,2000,7
d_q018_s35_x50,d_q018_s35,d_q018_s35_x50_g25_r304729,d_q018_s35_x50_g25_r304729_a01,QS60_V1,D3,48.75,5.0,4.5,50.0,0.25,539.7306873333333,519.7306873333333,501.0841011208333,539.9917760958333,0.8019384591841526,ACTIVE,0.5,2000,7
d_q018_s35_x50,d_q018_s35,d_q018_s35_x50_g25_r304729,d_q018_s35_x50_g25_r304729_a01,QS60_V1,D3,50.0,5.0,4.5,50.0,0.0,750.8671891666667,730.8671891666667,702.2974999666666,757.3423401791666,1.1277196475655915,ACTIVE,0.5,2000,7
d_q018_s35_x50,d_q018_s35,d_q018_s35_x50_g25_r304729,d_q018_s35_x50_g25_r304729_a01,QS60_V1,D3,51.25,5.0,4.5,50.0,0.25,542.528823,522.528823,496.356829325,548.9055198333333,0.8062559502613645,ACTIVE,0.5,2000,7
d_q018_s35_x50,d_q018_s35,d_q018_s35_x50_g25_r304729,d_q018_s35_x50_g25_r304729_a01,QS60_V1,D3,52.5,5.0,4.5,50.0,0.5,396.111191,376.111191,361.08233352083334,393.00569305833335,0.5803352319641104,ACTIVE,0.5,2000,7
d_q018_s35_x50,d_q018_s35,d_q018_s35_x50_g25_r304729,d_q018_s35_x50_g25_r304729_a01,QS60_V1,D3,53.75,5.0,4.5,50.0,0.75,358.35605066666665,338.35605066666665,324.91353756666666,352.1851831625,0.5220794856649195,ACTIVE,0.5,2000,7
d_q018_s35_x50,d_q018_s35,d_q018_s35_x50_g25_r304729,d_q018_s35_x50_g25_r304729_a01,QS60_V1,D3,55.0,5.0,4.5,50.0,1.0,328.1084398333333,308.1084398333333,298.6536743125,317.81593875833335,0.47540777083864444,ACTIVE,0.5,2000,7
d_q018_s35_x50,d_q018_s35,d_q018_s35_x50_g25_r304729,d_q018_s35_x50_g25_r304729_a01,QS60_V1,D3,56.25,5.0,4.5,50.0,1.25,302.37382016666663,282.37382016666663,273.78938622916667,290.86037027916666,0.43569954935750493,ACTIVE,0.5,2000,7
d_q018_s35_x50,d_q018_s35,d_q018_s35_x50_g25_r304729,d_q018_s35_x50_g25_r304729_a01,QS60_V1,D3,57.5,5.0,4.5,50.0,1.5,283.3572735,263.3572735,255.08877216250002,270.5224955375,0.40635723707050814,ACTIVE,0.5,2000,7
d_q018_s35_x50,d_q018_s35,d_q018_s35_x50_g25_r304729,d_q018_s35_x50_g25_r304729_a01,QS60_V1,D3,58.75,5.0,4.5,50.0,1.75,268.4780935,248.4780935,241.33826287083332,254.06500022499998,0.3833988338552851,ACTIVE,0.5,2000,7
d_q018_s35_x50,d_q018_s35,d_q018_s35_x50_g25_r304729,d_q018_s35_x50_g25_r304729_a01,QS60_V1,D3,60.0,5.0,4.5,50.0,2.0,256.893206,236.89320600000002,229.96128761666665,242.3297518291667,0.3655234859914918,ACTIVE,0.5,2000,7
d_q018_s35_x50,d_q018_s35,d_q018_s35_x50_g25_r304729,d_q018_s35_x50_g25_r304729_a01,QS60_V1,D3,61.25,5.0,4.5,50.0,2.25,247.19894133333335,227.19894133333335,221.23950559166667,232.73678050833334,0.350565347364738,ACTIVE,0.5,2000,7
d_q018_s35_x50,d_q018_s35,d_q018_s35_x50_g25_r304729,d_q018_s35_x50_g25_r304729_a01,QS60_V1,D3,62.5,5.0,4.5,50.0,2.5,238.3545515,218.3545515,213.05200442916663,223.27230457916667,0.3369185558085981,ACTIVE,0.5,2000,7
d_q018_s35_x50,d_q018_s35,d_q018_s35_x50_g25_r304729,d_q018_s35_x50_g25_r304729_a01,QS60_V1,D3,63.75,5.0,4.5,50.0,2.75,229.91889083333334,209.91889083333334,205.34037055416667,213.98634841666666,0.32390242864486124,ACTIVE,0.5,2000,7
d_q018_s35_x50,d_q018_s35,d_q018_s35_x50_g25_r304729,d_q018_s35_x50_g25_r304729_a01,QS60_V1,D3,65.0,5.0,4.5,50.0,3.0,223.30480566666665,203.30480566666665,199.19693908333335,206.81022249166665,0.313696971478797,ACTIVE,0.5,2000,7
d_q018_s35_x50,d_q018_s35,d_q018_s35_x50_g25_r304729,d_q018_s35_x50_g25_r304729_a01,QS60_V1,D3,66.25,5.0,4.5,50.0,3.25,217.60575666666668,197.60575666666668,193.5385412166667,201.06417434166664,0.3049034045695108,ACTIVE,0.5,2000,7
d_q018_s35_x50,d_q018_s35,d_q018_s35_x50_g25_r304729,d_q018_s35_x50_g25_r304729_a01,QS60_V1,D3,67.5,5.0,4.5,50.0,3.5,212.13068416666667,192.13068416666667,188.02725910416666,195.62664105000002,0.29645543081775977,ACTIVE,0.5,2000,7
d_q018_s35_x50,d_q018_s35,d_q018_s35_x50_g25_r304729,d_q018_s35_x50_g25_r304729_a01,QS60_V1,D3,68.75,5.0,4.5,50.0,3.75,206.86209233333332,186.86209233333332,182.66335310416665,190.51059201666666,0.2883260543543997,ACTIVE,0.5,2000,7
d_q018_s35_x50,d_q018_s35,d_q018_s35_x50_g25_r304729,d_q018_s35_x50_g25_r304729_a01,QS60_V1,D3,70.0,5.0,4.5,50.0,4.0,202.42221916666668,182.42221916666668,178.05323102500003,186.23024866666668,0.2814753812403718,ACTIVE,0.5,2000,7
d_q018_s35_x50,d_q018_s35,d_q018_s35_x50_g25_r304729,d_q018_s35_x50_g25_r304729_a01,QS60_V1,D3,72.5,5.0,4.5,50.0,4.5,195.4073325,175.4073325,170.75378023333332,179.38797784999997,0.27065149198018235,ACTIVE,0.5,2000,7
d_q018_s35_x50,d_q018_s35,d_q018_s35_x50_g25_r304729,d_q018_s35_x50_g25_r304729_a01,QS60_V1,D3,75.0,5.0,4.5,50.0,5.0,189.8459555,169.8459555,165.9418649625,173.34399722916666,0.26207035137983564,ACTIVE,0.5,2000,7
d_q018_s35_x50,d_q018_s35,d_q018_s35_x50_g25_r304729,d_q018_s35_x50_g25_r304729_a01,QS60_V1,D3,77.5,5.0,4.5,50.0,5.5,184.94875199999998,164.94875199999998,161.5031343625,167.95161015833332,0.2545140228335043,QC_ONLY,0.5,2000,7
d_q018_s35_x50,d_q018_s35,d_q018_s35_x50_g25_r304729,d_q018_s35_x50_g25_r304729_a01,QS60_V1,D3,80.0,5.0,4.5,50.0,6.0,180.40660916666667,160.40660916666667,157.12668585416665,163.38897809166667,0.2475055488027579,QC_ONLY,0.5,2000,7
d_q018_s35_x50,d_q018_s35,d_q018_s35_x50_g25_r304729,d_q018_s35_x50_g25_r304729_a01,QS60_V1,D3,82.5,5.0,4.5,50.0,6.5,176.22098483333332,156.22098483333332,153.12145444583334,159.00073696666664,0.24104717870762388,QC_ONLY,0.5,2000,7
d_q018_s35_x50,d_q018_s35,d_q018_s35_x50_g25_r304729,d_q018_s35_x50_g25_r304729_a01,QS60_V1,D3,85.0,5.0,4.5,50.0,7.0,172.0324525,152.0324525,149.20574839999998,154.73506575833335,0.2345843216020129,QC_ONLY,0.5,2000,7
d_q018_s35_x50,d_q018_s35,d_q018_s35_x50_g25_r304729,d_q018_s35_x50_g25_r304729_a01,QS60_V1,D3,90.0,5.0,4.5,50.0,8.0,164.42368316666668,144.42368316666668,141.80551535,146.85516907500002,0.22284407823334001,QC_ONLY,0.5,2000,7
d_q018_s35_x50,d_q018_s35,d_q018_s35_x50_g25_r304729,d_q018_s35_x50_g25_r304729_a01,QS60_V1,D3,95.0,5.0,4.5,50.0,9.0,157.34325933333332,137.34325933333332,135.04245439166667,139.62432345416667,0.21191906588048576,QC_ONLY,0.5,2000,7
d_q018_s35_x60,d_q018_s35,d_q018_s35_x60_g25_r104729,d_q018_s35_x60_g25_r104729_a01,QS60_V1,D3,5.0,5.0,4.5,60.0,11.0,148.63203639344263,128.63203639344263,126.39462162295082,130.76481234016393,0.20679330496991435,QC_ONLY,0.5,2000,21
d_q018_s35_x60,d_q018_s35,d_q018_s35_x60_g25_r104729,d_q018_s35_x60_g25_r104729_a01,QS60_V1,D3,10.0,5.0,4.5,60.0,10.0,154.64395147540984,134.64395147540984,132.22910495491806,136.82154694672133,0.21645826732187357,QC_ONLY,0.5,2000,21
d_q018_s35_x60,d_q018_s35,d_q018_s35_x60_g25_r104729,d_q018_s35_x60_g25_r104729_a01,QS60_V1,D3,15.0,5.0,4.5,60.0,9.0,161.04425032786884,141.04425032786884,138.59874052459014,143.15510302459018,0.22674760883899675,QC_ONLY,0.5,2000,21
d_q018_s35_x60,d_q018_s35,d_q018_s35_x60_g25_r104729,d_q018_s35_x60_g25_r104729_a01,QS60_V1,D3,17.5,5.0,4.5,60.0,8.5,164.32898590163933,144.32898590163933,141.83875281557377,146.4420205532787,0.23202826321015677,QC_ONLY,0.5,2000,21
d_q018_s35_x60,d_q018_s35,d_q018_s35_x60_g25_r104729,d_q018_s35_x60_g25_r104729_a01,QS60_V1,D3,20.0,5.0,4.5,60.0,8.0,167.78043590163932,147.78043590163932,145.23625886885245,149.94718879508198,0.23757693345164566,QC_ONLY,0.5,2000,21
d_q018_s35_x60,d_q018_s35,d_q018_s35_x60_g25_r104729,d_q018_s35_x60_g25_r104729_a01,QS60_V1,D3,22.5,5.0,4.5,60.0,7.5,171.2711175409836,151.2711175409836,148.5121124385246,153.44989225819674,0.24318867383170076,QC_ONLY,0.5,2000,21
d_q018_s35_x60,d_q018_s35,d_q018_s35_x60_g25_r104729,d_q018_s35_x60_g25_r104729_a01,QS60_V1,D3,25.0,5.0,4.5,60.0,7.0,174.9822308196721,154.9822308196721,152.0155744262295,157.27211432786882,0.24915478772941135,QC_ONLY,0.5,2000,21
d_q018_s35_x60,d_q018_s35,d_q018_s35_x60_g25_r104729,d_q018_s35_x60_g25_r104729_a01,QS60_V1,D3,27.5,5.0,4.5,60.0,6.5,178.8765739344262,158.8765739344262,155.57952082786886,161.3936449672131,0.25541546824078576,QC_ONLY,0.5,2000,21
d_q018_s35_x60,d_q018_s35,d_q018_s35_x60_g25_r104729,d_q018_s35_x60_g25_r104729_a01,QS60_V1,D3,30.0,5.0,4.5,60.0,6.0,182.91278491803277,162.91278491803277,159.52898088114753,165.65574858606558,0.2619042204385891,QC_ONLY,0.5,2000,21
d_q018_s35_x60,d_q018_s35,d_q018_s35_x60_g25_r104729,d_q018_s35_x60_g25_r104729_a01,QS60_V1,D3,31.25,5.0,4.5,60.0,5.75,185.0667226229508,165.0667226229508,161.66647028278686,167.8560338565574,0.2653669650952695,QC_ONLY,0.5,2000,21
d_q018_s35_x60,d_q018_s35,d_q018_s35_x60_g25_r104729,d_q018_s35_x60_g25_r104729_a01,QS60_V1,D3,32.5,5.0,4.5,60.0,5.5,187.27503770491802,167.27503770491802,163.86801577049178,170.07416427459017,0.2689171287016212,QC_ONLY,0.5,2000,21
d_q018_s35_x60,d_q018_s35,d_q018_s35_x60_g25_r104729,d_q018_s35_x60_g25_r104729_a01,QS60_V1,D3,33.75,5.0,4.5,60.0,5.25,189.7776181967213,169.7776181967213,166.43419267213113,172.51891718442621,0.2729403635454693,QC_ONLY,0.5,2000,21
d_q018_s35_x60,d_q018_s35,d_q018_s35_x60_g25_r104729,d_q018_s35_x60_g25_r104729_a01,QS60_V1,D3,35.0,5.0,4.5,60.0,5.0,192.24036262295084,172.24036262295084,168.91236559016392,174.87411911885246,0.2768995565542663,ACTIVE,0.5,2000,21
d_q018_s35_x60,d_q018_s35,d_q018_s35_x60_g25_r104729,d_q018_s35_x60_g25_r104729_a01,QS60_V1,D3,36.25,5.0,4.5,60.0,4.75,195.0513044262295,175.0513044262295,171.44616320081968,177.74479936885248,0.28141852369399295,ACTIVE,0.5,2000,21
d_q018_s35_x60,d_q018_s35,d_q018_s35_x60_g25_r104729,d_q018_s35_x60_g25_r104729_a01,QS60_V1,D3,37.5,5.0,4.5,60.0,4.5,198.07914622950818,178.07914622950818,174.1519919344262,180.98145390983606,0.28628618676597384,ACTIVE,0.5,2000,21
d_q018_s35_x60,d_q018_s35,d_q018_s35_x60_g25_r104729,d_q018_s35_x60_g25_r104729_a01,QS60_V1,D3,38.75,5.0,4.5,60.0,4.25,201.72105147540984,181.72105147540984,177.88347967213116,184.50654889344264,0.29214103943956227,ACTIVE,0.5,2000,21
d_q018_s35_x60,d_q018_s35,d_q018_s35_x60_g25_r104729,d_q018_s35_x60_g25_r104729_a01,QS60_V1,D3,40.0,5.0,4.5,60.0,4.0,205.80188590163934,185.80188590163934,182.01530463114756,188.515771647541,0.2987015298251286,ACTIVE,0.5,2000,21
d_q018_s35_x60,d_q018_s35,d_q018_s35_x60_g25_r104729,d_q018_s35_x60_g25_r104729_a01,QS60_V1,D3,41.25,5.0,4.5,60.0,3.75,210.20863852459016,190.20863852459016,186.63336688934427,192.88648295491802,0.30578597756175246,ACTIVE,0.5,2000,21
d_q018_s35_x60,d_q018_s35,d_q018_s35_x60_g25_r104729,d_q018_s35_x60_g25_r104729_a01,QS60_V1,D3,42.5,5.0,4.5,60.0,3.5,214.6454331147541,194.6454331147541,191.28985288524592,197.43611674590164,0.3129187218025908,ACTIVE,0.5,2000,21
d_q018_s35_x60,d_q018_s35,d_q018_s35_x60_g25_r104729,d_q018_s35_x60_g25_r104729_a01,QS60_V1,D3,43.75,5.0,4.5,60.0,3.25,220.05255672131148,200.05255672131148,196.36116147540983,203.51093013114755,0.3216114004877107,ACTIVE,0.5,2000,21
d_q018_s35_x60,d_q018_s35,d_q018_s35_x60_g25_r104729,d_q018_s35_x60_g25_r104729_a01,QS60_V1,D3,45.0,5.0,4.5,60.0,3.0,225.7196931147541,205.7196931147541,201.4661627090164,209.91235972950818,0.3307220847105022,ACTIVE,0.5,2000,21
d_q018_s35_x60,d_q018_s35,d_q018_s35_x60_g25_r104729,d_q018_s35_x60_g25_r104729_a01,QS60_V1,D3,46.25,5.0,4.5,60.0,2.75,230.98359065573771,210.98359065573771,206.95964432786886,215.17579382377048,0.33918450822522855,ACTIVE,0.5,2000,21
d_q018_s35_x60,d_q018_s35,d_q018_s35_x60_g25_r104729,d_q018_s35_x60_g25_r104729_a01,QS60_V1,D3,47.5,5.0,4.5,60.0,2.5,237.0500968852459,217.0500968852459,213.700817897541,220.88808492213116,0.34893723319168585,ACTIVE,0.5,2000,21
d_q018_s35_x60,d_q018_s35,d_q018_s35_x60_g25_r104729,d_q018_s35_x60_g25_r104729_a01,QS60_V1,D3,48.75,5.0,4.5,60.0,2.25,244.8919204918033,224.8919204918033,221.98405399590166,227.97941650409837,0.3615440196972734,ACTIVE,0.5,2000,21
d_q018_s35_x60,d_q018_s35,d_q018_s35_x60_g25_r104729,d_q018_s35_x60_g25_r104729_a01,QS60_V1,D3,50.0,5.0,4.5,60.0,2.0,253.55271852459018,233.55271852459018,230.35962924590163,236.94284606147542,0.3754674177798387,ACTIVE,0.5,2000,21
d_q018_s35_x60,d_q018_s35,d_q018_s35_x60_g25_r104729,d_q018_s35_x60_g25_r104729_a01,QS60_V1,D3,51.25,5.0,4.5,60.0,1.75,264.5499693442623,244.54996934426228,240.26886086885244,248.76587698360657,0.3931469780693703,ACTIVE,0.5,2000,21
d_q018_s35_x60,d_q018_s35,d_q018_s35_x60_g25_r104729,d_q018_s35_x60_g25_r104729_a01,QS60_V1,D3,52.5,5.0,4.5,60.0,1.5,279.0513673770492,259.0513673770492,253.496958807377,263.8460962704918,0.4164599264604843,ACTIVE,0.5,2000,21
d_q018_s35_x60,d_q018_s35,d_q018_s35_x60_g25_r104729,d_q018_s35_x60_g25_r104729_a01,QS60_V1,D3,53.75,5.0,4.5,60.0,1.25,300.14861344262295,280.14861344262295,272.6454929180328,286.72532216393444,0.45037658798576136,ACTIVE,0.5,2000,21
d_q018_s35_x60,d_q018_s35,d_q018_s35_x60_g25_r104729,d_q018_s35_x60_g25_r104729_a01,QS60_V1,D3,55.0,5.0,4.5,60.0,1.0,327.1432726229508,307.1432726229508,297.8659620901639,315.520190557377,0.4937741345453291,ACTIVE,0.5,2000,21
d_q018_s35_x60,d_q018_s35,d_q018_s35_x60_g25_r104729,d_q018_s35_x60_g25_r104729_a01,QS60_V1,D3,56.25,5.0,4.5,60.0,0.75,355.2502181967213,335.2502181967213,325.91000033196724,343.9892712663934,0.5389598311320761,ACTIVE,0.5,2000,21
d_q018_s35_x60,d_q018_s35,d_q018_s35_x60_g25_r104729,d_q018_s35_x60_g25_r104729_a01,QS60_V1,D3,57.5,5.0,4.5,60.0,0.5,401.09151524590163,381.09151524590163,373.11969118852465,387.8901071311475,0.6126558837383835,ACTIVE,0.5,2000,21
d_q018_s35_x60,d_q018_s35,d_q018_s35_x60_g25_r104729,d_q018_s35_x60_g25_r104729_a01,QS60_V1,D3,58.75,5.0,4.5,60.0,0.25,607.5697344262295,587.5697344262295,565.0570090942622,613.1123555532786,0.9445974011532398,ACTIVE,0.5,2000,21
d_q018_s35_x60,d_q018_s35,d_q018_s35_x60_g25_r104729,d_q018_s35_x60_g25_r104729_a01,QS60_V1,D3,60.0,5.0,4.5,60.0,0.0,697.2143162295082,677.2143162295082,641.931565909836,710.9368691639344,1.0887131274023725,ACTIVE,0.5,2000,21
d_q018_s35_x60,d_q018_s35,d_q018_s35_x60_g25_r104729,d_q018_s35_x60_g25_r104729_a01,QS60_V1,D3,61.25,5.0,4.5,60.0,0.25,464.6987355737705,444.6987355737705,400.35395789754097,484.54415168442625,0.7149130482857687,ACTIVE,0.5,2000,21
d_q018_s35_x60,d_q018_s35,d_q018_s35_x60_g25_r104729,d_q018_s35_x60_g25_r104729_a01,QS60_V1,D3,62.5,5.0,4.5,60.0,0.5,367.7818875409836,347.7818875409836,330.8710522336065,365.9376379754098,0.5591061756442918,ACTIVE,0.5,2000,21
d_q018_s35_x60,d_q018_s35,d_q018_s35_x60_g25_r104729,d_q018_s35_x60_g25_r104729_a01,QS60_V1,D3,63.75,5.0,4.5,60.0,0.75,333.7678595081967,313.7678595081967,297.85797318852457,329.6216324385246,0.5044240492514154,ACTIVE,0.5,2000,21
d_q018_s35_x60,d_q018_s35,d_q018_s35_x60_g25_r104729,d_q018_s35_x60_g25_r104729_a01,QS60_V1,D3,65.0,5.0,4.5,60.0,1.0,309.6757601639344,289.6757601639344,272.24530508606557,305.2874665,0.4656927581457925,ACTIVE,0.5,2000,21
d_q018_s35_x60,d_q018_s35,d_q018_s35_x60_g25_r104729,d_q018_s35_x60_g25_r104729_a01,QS60_V1,D3,66.25,5.0,4.5,60.0,1.25,291.3459414754098,271.3459414754098,258.56205811885246,282.6828562581967,0.4362251084655412,ACTIVE,0.5,2000,21
d_q018_s35_x60,d_q018_s35,d_q018_s35_x60_g25_r104729,d_q018_s35_x60_g25_r104729_a01,QS60_V1,D3,67.5,5.0,4.5,60.0,1.5,278.3411104918033,258.3411104918033,248.47389207377051,267.46795759836067,0.41531809295776034,ACTIVE,0.5,2000,21
d_q018_s35_x60,d_q018_s35,d_q018_s35_x60_g25_r104729,d_q018_s35_x60_g25_r104729_a01,QS60_V1,D3,68.75,5.0,4.5,60.0,1.75,263.39358278688525,243.39358278688525,236.53635052868853,251.32264792213113,0.39128793109532295,ACTIVE,0.5,2000,21
d_q018_s35_x60,d_q018_s35,d_q018_s35_x60_g25_r104729,d_q018_s35_x60_g25_r104729_a01,QS60_V1,D3,70.0,5.0,4.5,60.0,2.0,252.45882295081967,232.45882295081967,225.35037497540984,240.86483647950823,0.37370883346962797,ACTIVE,0.5,2000,21
d_q018_s35_x60,d_q018_s35,d_q018_s35_x60_g25_r104729,d_q018_s35_x60_g25_r104729_a01,QS60_V1,D3,72.5,5.0,4.5,60.0,2.5,235.24452081967212,215.24452081967212,210.11330431147542,221.07148902049178,0.3460345267396747,ACTIVE,0.5,2000,21
d_q018_s35_x60,d_q018_s35,d_q018_s35_x60_g25_r104729,d_q018_s35_x60_g25_r104729_a01,QS60_V1,D3,75.0,5.0,4.5,60.0,3.0,222.22214704918034,202.22214704918034,198.1231411844262,207.08851680327868,0.32509930884172655,ACTIVE,0.5,2000,21
d_q018_s35_x60,d_q018_s35,d_q018_s35_x60_g25_r104729,d_q018_s35_x60_g25_r104729_a01,QS60_V1,D3,77.5,5.0,4.5,60.0,3.5,211.41754950819674,191.41754950819674,187.62416850409835,195.3730660655738,0.30772946461772804,ACTIVE,0.5,2000,21
d_q018_s35_x60,d_q018_s35,d_q018_s35_x60_g25_r104729,d_q018_s35_x60_g25_r104729_a01,QS60_V1,D3,80.0,5.0,4.5,60.0,4.0,203.38303065573768,183.38303065573768,180.26138998360656,186.99557785655736,0.2948128945786659,ACTIVE,0.5,2000,21
d_q018_s35_x60,d_q018_s35,d_q018_s35_x60_g25_r104729,d_q018_s35_x60_g25_r104729_a01,QS60_V1,D3,82.5,5.0,4.5,60.0,4.5,196.67374983606555,176.67374983606555,173.52493363114755,180.72649831557376,0.28402682297806126,ACTIVE,0.5,2000,21
d_q018_s35_x60,d_q018_s35,d_q018_s35_x60_g25_r104729,d_q018_s35_x60_g25_r104729_a01,QS60_V1,D3,85.0,5.0,4.5,60.0,5.0,191.00391590163935,171.00391590163935,167.81903909836066,175.1443641557377,0.2749118020952049,ACTIVE,0.5,2000,21
d_q018_s35_x60,d_q018_s35,d_q018_s35_x60_g25_r104729,d_q018_s35_x60_g25_r104729_a01,QS60_V1,D3,90.0,5.0,4.5,60.0,6.0,180.98896360655738,160.98896360655738,158.17899697131148,164.8346652377049,0.25881141884478776,QC_ONLY,0.5,2000,21
d_q018_s35_x60,d_q018_s35,d_q018_s35_x60_g25_r104729,d_q018_s35_x60_g25_r104729_a01,QS60_V1,D3,95.0,5.0,4.5,60.0,7.0,172.22761573770492,152.22761573770492,149.58919191393443,155.81748455327872,0.2447263733725272,QC_ONLY,0.5,2000,21
d_q018_s50_x40,d_q018_s50,d_q018_s50_x40_g25_r104729,d_q018_s50_x40_g25_r104729_a01,QS60_V1,D3,5.0,5.0,4.5,40.0,7.0,166.69439,146.69439,143.6068952291667,149.86748300000002,0.3068288647536565,QC_ONLY,0.5,2000,14
d_q018_s50_x40,d_q018_s50,d_q018_s50_x40_g25_r104729,d_q018_s50_x40_g25_r104729_a01,QS60_V1,D3,10.0,5.0,4.5,40.0,6.0,173.73480333333333,153.73480333333333,150.16642361249998,157.75030712916666,0.3215547314378779,QC_ONLY,0.5,2000,14
d_q018_s50_x40,d_q018_s50,d_q018_s50_x40_g25_r104729,d_q018_s50_x40_g25_r104729_a01,QS60_V1,D3,15.0,5.0,4.5,40.0,5.0,182.20805783333333,162.20805783333333,158.09364845416667,166.77089036666666,0.3392775568233872,ACTIVE,0.5,2000,14
d_q018_s50_x40,d_q018_s50,d_q018_s50_x40_g25_r104729,d_q018_s50_x40_g25_r104729_a01,QS60_V1,D3,17.5,5.0,4.5,40.0,4.5,187.57607133333335,167.57607133333335,163.26103499583334,172.2120876291667,0.35050539919818635,ACTIVE,0.5,2000,14
d_q018_s50_x40,d_q018_s50,d_q018_s50_x40_g25_r104729,d_q018_s50_x40_g25_r104729_a01,QS60_V1,D3,20.0,5.0,4.5,40.0,4.0,193.76447566666667,173.76447566666667,169.12342177083335,178.47119234166667,0.36344918713876995,ACTIVE,0.5,2000,14
d_q018_s50_x40,d_q018_s50,d_q018_s50_x40_g25_r104729,d_q018_s50_x40_g25_r104729_a01,QS60_V1,D3,22.5,5.0,4.5,40.0,3.5,200.5888,180.5888,175.81147939166667,185.75836582916665,0.37772307783020964,ACTIVE,0.5,2000,14
d_q018_s50_x40,d_q018_s50,d_q018_s50_x40_g25_r104729,d_q018_s50_x40_g25_r104729_a01,QS60_V1,D3,25.0,5.0,4.5,40.0,3.0,208.23218200000002,188.23218200000002,183.16280305,193.4445083833333,0.3937101256098728,ACTIVE,0.5,2000,14
d_q018_s50_x40,d_q018_s50,d_q018_s50_x40_g25_r104729,d_q018_s50_x40_g25_r104729_a01,QS60_V1,D3,27.5,5.0,4.5,40.0,2.5,219.0080793333333,199.0080793333333,193.66220123333332,204.80177875,0.4162492039310588,ACTIVE,0.5,2000,14
d_q018_s50_x40,d_q018_s50,d_q018_s50_x40_g25_r104729,d_q018_s50_x40_g25_r104729_a01,QS60_V1,D3,30.0,5.0,4.5,40.0,2.0,232.05512099999999,212.05512099999999,203.7020648208333,221.12572264166664,0.44353865230721684,ACTIVE,0.5,2000,14
d_q018_s50_x40,d_q018_s50,d_q018_s50_x40_g25_r104729,d_q018_s50_x40_g25_r104729_a01,QS60_V1,D3,31.25,5.0,4.5,40.0,1.75,240.73889066666666,220.73889066666666,211.49898129583335,230.84389844166665,0.4617017953463308,ACTIVE,0.5,2000,14
d_q018_s50_x40,d_q018_s50,d_q018_s50_x40_g25_r104729,d_q018_s50_x40_g25_r104729_a01,QS60_V1,D3,32.5,5.0,4.5,40.0,1.5,252.48887133333335,232.48887133333335,224.8061269125,240.5404046375,0.4862782854822573,ACTIVE,0.5,2000,14
d_q018_s50_x40,d_q018_s50,d_q018_s50_x40_g25_r104729,d_q018_s50_x40_g25_r104729_a01,QS60_V1,D3,33.75,5.0,4.5,40.0,1.25,265.75950116666667,245.75950116666667,238.94710075416666,253.1306750125,0.5140353952553555,ACTIVE,0.5,2000,14
d_q018_s50_x40,d_q018_s50,d_q018_s50_x40_g25_r104729,d_q018_s50_x40_g25_r104729_a01,QS60_V1,D3,35.0,5.0,4.5,40.0,1.0,284.7199295,264.7199295,254.95019070833334,275.55341892083334,0.5536933992237398,ACTIVE,0.5,2000,14
d_q018_s50_x40,d_q018_s50,d_q018_s50_x40_g25_r104729,d_q018_s50_x40_g25_r104729_a01,QS60_V1,D3,36.25,5.0,4.5,40.0,0.75,304.974067,284.974067,272.40031849583335,297.5707790541667,0.5960573506719817,ACTIVE,0.5,2000,14
d_q018_s50_x40,d_q018_s50,d_q018_s50_x40_g25_r104729,d_q018_s50_x40_g25_r104729_a01,QS60_V1,D3,37.5,5.0,4.5,40.0,0.5,338.1991901666667,318.1991901666667,304.93198055,333.6987092458333,0.6655516702743112,ACTIVE,0.5,2000,14
d_q018_s50_x40,d_q018_s50,d_q018_s50_x40_g25_r104729,d_q018_s50_x40_g25_r104729_a01,QS60_V1,D3,38.75,5.0,4.5,40.0,0.25,445.50384283333335,425.50384283333335,413.5571897958333,437.7848252666667,0.8899921874644965,ACTIVE,0.5,2000,14
d_q018_s50_x40,d_q018_s50,d_q018_s50_x40_g25_r104729,d_q018_s50_x40_g25_r104729_a01,QS60_V1,D3,40.0,5.0,4.5,40.0,0.0,533.1073064999999,513.1073064999999,484.82070027916666,537.3021601916668,1.0732253111397203,ACTIVE,0.5,2000,14
d_q018_s50_x40,d_q018_s50,d_q018_s50_x40_g25_r104729,d_q018_s50_x40_g25_r104729_a01,QS60_V1,D3,41.25,5.0,4.5,40.0,0.25,418.3428125,398.3428125,379.9731141458334,417.41939325416666,0.8331816434299475,ACTIVE,0.5,2000,14
d_q018_s50_x40,d_q018_s50,d_q018_s50_x40_g25_r104729,d_q018_s50_x40_g25_r104729_a01,QS60_V1,D3,42.5,5.0,4.5,40.0,0.5,328.46824533333336,308.46824533333336,300.49669585,318.56311652916673,0.645198235107553,ACTIVE,0.5,2000,14
d_q018_s50_x40,d_q018_s50,d_q018_s50_x40_g25_r104729,d_q018_s50_x40_g25_r104729_a01,QS60_V1,D3,43.75,5.0,4.5,40.0,0.75,299.1892631666667,279.1892631666667,273.1698723583333,285.91684533750004,0.5839577414571764,ACTIVE,0.5,2000,14
d_q018_s50_x40,d_q018_s50,d_q018_s50_x40_g25_r104729,d_q018_s50_x40_g25_r104729_a01,QS60_V1,D3,45.0,5.0,4.5,40.0,1.0,276.9820168333333,256.9820168333333,250.1426462541667,265.0860611,0.537508629246672,ACTIVE,0.5,2000,14
d_q018_s50_x40,d_q018_s50,d_q018_s50_x40_g25_r104729,d_q018_s50_x40_g25_r104729_a01,QS60_V1,D3,46.25,5.0,4.5,40.0,1.25,257.42434833333334,237.42434833333334,230.99527380416666,245.45501048749998,0.49660142602585805,ACTIVE,0.5,2000,14
d_q018_s50_x40,d_q018_s50,d_q018_s50_x40_g25_r104729,d_q018_s50_x40_g25_r104729_a01,QS60_V1,D3,47.5,5.0,4.5,40.0,1.5,244.2253836666667,224.2253836666667,219.03050210833334,231.24199233333334,0.4689942125216678,ACTIVE,0.5,2000,14
d_q018_s50_x40,d_q018_s50,d_q018_s50_x40_g25_r104729,d_q018_s50_x40_g25_r104729_a01,QS60_V1,D3,48.75,5.0,4.5,40.0,1.75,232.95772233333335,212.95772233333335,208.15214959166667,218.82420589999998,0.4454265509680437,ACTIVE,0.5,2000,14
d_q018_s50_x40,d_q018_s50,d_q018_s50_x40_g25_r104729,d_q018_s50_x40_g25_r104729_a01,QS60_V1,D3,50.0,5.0,4.5,40.0,2.0,223.33940583333333,203.33940583333333,197.86431692499997,209.02342605833334,0.42530869143342637,ACTIVE,0.5,2000,14
d_q018_s50_x40,d_q018_s50,d_q018_s50_x40_g25_r104729,d_q018_s50_x40_g25_r104729_a01,QS60_V1,D3,51.25,5.0,4.5,40.0,2.25,216.39861033333332,196.39861033333332,191.4661043125,201.2541823708333,0.41079118736423675,ACTIVE,0.5,2000,14
d_q018_s50_x40,d_q018_s50,d_q018_s50_x40_g25_r104729,d_q018_s50_x40_g25_r104729_a01,QS60_V1,D3,52.5,5.0,4.5,40.0,2.5,210.98764966666667,190.98764966666667,186.65728055416668,195.04496557916667,0.3994735158528721,ACTIVE,0.5,2000,14
d_q018_s50_x40,d_q018_s50,d_q018_s50_x40_g25_r104729,d_q018_s50_x40_g25_r104729_a01,QS60_V1,D3,53.75,5.0,4.5,40.0,2.75,205.78871066666667,185.78871066666667,182.03219143333337,189.14514552083335,0.38859931302007455,ACTIVE,0.5,2000,14
d_q018_s50_x40,d_q018_s50,d_q018_s50_x40_g25_r104729,d_q018_s50_x40_g25_r104729_a01,QS60_V1,D3,55.0,5.0,4.5,40.0,3.0,200.72124366666668,180.72124366666668,177.836897675,183.50363933333333,0.37800009960239295,ACTIVE,0.5,2000,14
d_q018_s50_x40,d_q018_s50,d_q018_s50_x40_g25_r104729,d_q018_s50_x40_g25_r104729_a01,QS60_V1,D3,56.25,5.0,4.5,40.0,3.25,196.31180133333334,176.31180133333334,173.93012687499998,178.75120961250002,0.3687772234901341,ACTIVE,0.5,2000,14
d_q018_s50_x40,d_q018_s50,d_q018_s50_x40_g25_r104729,d_q018_s50_x40_g25_r104729_a01,QS60_V1,D3,57.5,5.0,4.5,40.0,3.5,192.45084516666665,172.45084516666665,170.336103425,174.65578947083335,0.3607015718071899,ACTIVE,0.5,2000,14
d_q018_s50_x40,d_q018_s50,d_q018_s50_x40_g25_r104729,d_q018_s50_x40_g25_r104729_a01,QS60_V1,D3,58.75,5.0,4.5,40.0,3.75,188.43175549999998,168.43175549999998,166.61935555,170.40891299166665,0.35229516499254293,ACTIVE,0.5,2000,14
d_q018_s50_x40,d_q018_s50,d_q018_s50_x40_g25_r104729,d_q018_s50_x40_g25_r104729_a01,QS60_V1,D3,60.0,5.0,4.5,40.0,4.0,184.89642516666666,164.89642516666666,163.304472175,166.57735349166668,0.3449005986924558,ACTIVE,0.5,2000,14
d_q018_s50_x40,d_q018_s50,d_q018_s50_x40_g25_r104729,d_q018_s50_x40_g25_r104729_a01,QS60_V1,D3,61.25,5.0,4.5,40.0,4.25,182.04053133333335,162.04053133333335,160.48848680416668,163.7473180541667,0.33892715510856264,ACTIVE,0.5,2000,14
d_q018_s50_x40,d_q018_s50,d_q018_s50_x40_g25_r104729,d_q018_s50_x40_g25_r104729_a01,QS60_V1,D3,62.5,5.0,4.5,40.0,4.5,179.63955633333333,159.63955633333333,157.87909287916668,161.6012049,0.33390522868348316,ACTIVE,0.5,2000,14
d_q018_s50_x40,d_q018_s50,d_q018_s50_x40_g25_r104729,d_q018_s50_x40_g25_r104729_a01,QS60_V1,D3,63.75,5.0,4.5,40.0,4.75,177.17447666666666,157.17447666666666,155.31952467916665,159.25937714166665,0.32874921967965787,ACTIVE,0.5,2000,14
d_q018_s50_x40,d_q018_s50,d_q018_s50_x40_g25_r104729,d_q018_s50_x40_g25_r104729_a01,QS60_V1,D3,65.0,5.0,4.5,40.0,5.0,175.0718005,155.0718005,153.15778965833331,157.17413358333334,0.32435122094798924,ACTIVE,0.5,2000,14
d_q018_s50_x40,d_q018_s50,d_q018_s50_x40_g25_r104729,d_q018_s50_x40_g25_r104729_a01,QS60_V1,D3,66.25,5.0,4.5,40.0,5.25,173.0315661666667,153.0315661666667,150.9459157583333,155.24639284583333,0.3200838267802362,QC_ONLY,0.5,2000,14
d_q018_s50_x40,d_q018_s50,d_q018_s50_x40_g25_r104729,d_q018_s50_x40_g25_r104729_a01,QS60_V1,D3,67.5,5.0,4.5,40.0,5.5,171.1599958333333,151.1599958333333,148.91761954166668,153.5590814583333,0.3161692135446291,QC_ONLY,0.5,2000,14
d_q018_s50_x40,d_q018_s50,d_q018_s50_x40_g25_r104729,d_q018_s50_x40_g25_r104729_a01,QS60_V1,D3,68.75,5.0,4.5,40.0,5.75,169.37239966666667,149.37239966666667,147.02316987083333,151.76290029166665,0.3124302423238734,QC_ONLY,0.5,2000,14
d_q018_s50_x40,d_q018_s50,d_q018_s50_x40_g25_r104729,d_q018_s50_x40_g25_r104729_a01,QS60_V1,D3,70.0,5.0,4.5,40.0,6.0,167.6789116666667,147.6789116666667,145.30327757083333,149.9971894208333,0.30888810959123153,QC_ONLY,0.5,2000,14
d_q018_s50_x40,d_q018_s50,d_q018_s50_x40_g25_r104729,d_q018_s50_x40_g25_r104729_a01,QS60_V1,D3,72.5,5.0,4.5,40.0,6.5,164.28157433333334,144.28157433333334,142.0641467083333,146.5760341125,0.301782172157824,QC_ONLY,0.5,2000,14
d_q018_s50_x40,d_q018_s50,d_q018_s50_x40_g25_r104729,d_q018_s50_x40_g25_r104729_a01,QS60_V1,D3,75.0,5.0,4.5,40.0,7.0,161.2288468333333,141.2288468333333,139.1431439625,143.31084876666665,0.2953970274142024,QC_ONLY,0.5,2000,14
d_q018_s50_x40,d_q018_s50,d_q018_s50_x40_g25_r104729,d_q018_s50_x40_g25_r104729_a01,QS60_V1,D3,77.5,5.0,4.5,40.0,7.5,158.26704066666667,138.26704066666667,136.48162779166665,140.16715402916665,0.28920205551555855,QC_ONLY,0.5,2000,14
d_q018_s50_x40,d_q018_s50,d_q018_s50_x40_g25_r104729,d_q018_s50_x40_g25_r104729_a01,QS60_V1,D3,80.0,5.0,4.5,40.0,8.0,155.3314265,135.3314265,133.59771725416667,137.174986975,0.28306186731808836,QC_ONLY,0.5,2000,14
d_q018_s50_x40,d_q018_s50,d_q018_s50_x40_g25_r104729,d_q018_s50_x40_g25_r104729_a01,QS60_V1,D3,82.5,5.0,4.5,40.0,8.5,152.49265499999998,132.49265499999998,130.80192104166667,134.28703747083333,0.27712423714259193,QC_ONLY,0.5,2000,14
d_q018_s50_x40,d_q018_s50,d_q018_s50_x40_g25_r104729,d_q018_s50_x40_g25_r104729_a01,QS60_V1,D3,85.0,5.0,4.5,40.0,9.0,149.78422683333332,129.78422683333332,128.1424669625,131.46784415416667,0.27145923564086333,QC_ONLY,0.5,2000,14
d_q018_s50_x40,d_q018_s50,d_q018_s50_x40_g25_r104729,d_q018_s50_x40_g25_r104729_a01,QS60_V1,D3,90.0,5.0,4.5,40.0,10.0,144.80354383333332,124.80354383333334,123.35454020416665,126.29092356250001,0.2610415413405712,QC_ONLY,0.5,2000,14
d_q018_s50_x40,d_q018_s50,d_q018_s50_x40_g25_r104729,d_q018_s50_x40_g25_r104729_a01,QS60_V1,D3,95.0,5.0,4.5,40.0,11.0,139.90557983333332,119.90557983333333,118.68454335833334,121.14069524166666,0.2507968637238997,QC_ONLY,0.5,2000,14
d_q018_s50_x60,d_q018_s50,d_q018_s50_x60_g25_r104729,d_q018_s50_x60_g25_r104729_a01,QS60_V1,D3,5.0,5.0,4.5,60.0,11.0,139.44503950819671,119.44503950819671,117.56282505737705,121.31176948360655,0.23700600660437043,QC_ONLY,0.5,2000,16
d_q018_s50_x60,d_q018_s50,d_q018_s50_x60_g25_r104729,d_q018_s50_x60_g25_r104729_a01,QS60_V1,D3,10.0,5.0,4.5,60.0,10.0,144.28103950819673,124.28103950819671,122.15345541393442,126.30039594262296,0.24660172571215375,QC_ONLY,0.5,2000,16
d_q018_s50_x60,d_q018_s50,d_q018_s50_x60_g25_r104729,d_q018_s50_x60_g25_r104729_a01,QS60_V1,D3,15.0,5.0,4.5,60.0,9.0,149.3666331147541,129.3666331147541,127.04189727868852,131.55539680737706,0.25669269505559117,QC_ONLY,0.5,2000,16
d_q018_s50_x60,d_q018_s50,d_q018_s50_x60_g25_r104729,d_q018_s50_x60_g25_r104729_a01,QS60_V1,D3,17.5,5.0,4.5,60.0,8.5,152.01403655737707,132.01403655737707,129.51424225409838,134.3465921680328,0.26194574298784684,QC_ONLY,0.5,2000,16
d_q018_s50_x60,d_q018_s50,d_q018_s50_x60_g25_r104729,d_q018_s50_x60_g25_r104729_a01,QS60_V1,D3,20.0,5.0,4.5,60.0,8.0,154.84428737704917,134.84428737704917,132.2706524590164,137.25653886475408,0.2675616015217896,QC_ONLY,0.5,2000,16
d_q018_s50_x60,d_q018_s50,d_q018_s50_x60_g25_r104729,d_q018_s50_x60_g25_r104729_a01,QS60_V1,D3,22.5,5.0,4.5,60.0,7.5,157.75328786885245,137.75328786885245,135.13109311885248,140.21614944672132,0.2733337172380319,QC_ONLY,0.5,2000,16
d_q018_s50_x60,d_q018_s50,d_q018_s50_x60_g25_r104729,d_q018_s50_x60_g25_r104729_a01,QS60_V1,D3,25.0,5.0,4.5,60.0,7.0,160.81906344262293,140.81906344262293,138.17803373770494,143.17167976229507,0.27941691021847126,QC_ONLY,0.5,2000,16
d_q018_s50_x60,d_q018_s50,d_q018_s50_x60_g25_r104729,d_q018_s50_x60_g25_r104729_a01,QS60_V1,D3,27.5,5.0,4.5,60.0,6.5,164.02728081967211,144.02728081967211,141.41571970081966,146.33173209836065,0.2857827399924318,QC_ONLY,0.5,2000,16
d_q018_s50_x60,d_q018_s50,d_q018_s50_x60_g25_r104729,d_q018_s50_x60_g25_r104729_a01,QS60_V1,D3,30.0,5.0,4.5,60.0,6.0,167.45327639344262,147.45327639344262,144.56552219262295,149.96055093852462,0.29258069102436124,QC_ONLY,0.5,2000,16
d_q018_s50_x60,d_q018_s50,d_q018_s50_x60_g25_r104729,d_q018_s50_x60_g25_r104729_a01,QS60_V1,D3,31.25,5.0,4.5,60.0,5.75,169.28473278688523,149.28473278688523,146.14191793442623,151.95623227868853,0.296214715240579,QC_ONLY,0.5,2000,16
d_q018_s50_x60,d_q018_s50,d_q018_s50_x60_g25_r104729,d_q018_s50_x60_g25_r104729_a01,QS60_V1,D3,32.5,5.0,4.5,60.0,5.5,171.15602606557377,151.15602606557377,147.88318620081967,153.92131303688524,0.29992778485815097,QC_ONLY,0.5,2000,16
d_q018_s50_x60,d_q018_s50,d_q018_s50_x60_g25_r104729,d_q018_s50_x60_g25_r104729_a01,QS60_V1,D3,33.75,5.0,4.5,60.0,5.25,173.2813163934426,153.2813163934426,149.8210463237705,156.17192681147543,0.30414484213869647,QC_ONLY,0.5,2000,16
d_q018_s50_x60,d_q018_s50,d_q018_s50_x60_g25_r104729,d_q018_s50_x60_g25_r104729_a01,QS60_V1,D3,35.0,5.0,4.5,60.0,5.0,175.54322590163935,155.54322590163935,151.9153277704918,158.55183351639343,0.30863298281030116,ACTIVE,0.5,2000,16
d_q018_s50_x60,d_q018_s50,d_q018_s50_x60_g25_r104729,d_q018_s50_x60_g25_r104729_a01,QS60_V1,D3,36.25,5.0,4.5,60.0,4.75,178.16000524590163,158.16000524590163,154.48340589344258,161.23239093852456,0.31382526559661017,ACTIVE,0.5,2000,16
d_q018_s50_x60,d_q018_s50,d_q018_s50_x60_g25_r104729,d_q018_s50_x60_g25_r104729_a01,QS60_V1,D3,37.5,5.0,4.5,60.0,4.5,180.77552344262295,160.77552344262295,157.17185967213115,163.9003116885246,0.31901504598061214,ACTIVE,0.5,2000,16
d_q018_s50_x60,d_q018_s50,d_q018_s50_x60_g25_r104729,d_q018_s50_x60_g25_r104729_a01,QS60_V1,D3,38.75,5.0,4.5,60.0,4.25,183.81104639344264,163.81104639344264,160.35675611885247,166.9156926680328,0.3250382109064383,ACTIVE,0.5,2000,16
d_q018_s50_x60,d_q018_s50,d_q018_s50_x60_g25_r104729,d_q018_s50_x60_g25_r104729_a01,QS60_V1,D3,40.0,5.0,4.5,60.0,4.0,187.0907649180328,167.0907649180328,163.5964850204918,170.11244451229507,0.3315459151484897,ACTIVE,0.5,2000,16
d_q018_s50_x60,d_q018_s50,d_q018_s50_x60_g25_r104729,d_q018_s50_x60_g25_r104729_a01,QS60_V1,D3,41.25,5.0,4.5,60.0,3.75,190.69461852459017,170.69461852459017,167.02394291393443,173.8294430860656,0.3386967767932574,ACTIVE,0.5,2000,16
d_q018_s50_x60,d_q018_s50,d_q018_s50_x60_g25_r104729,d_q018_s50_x60_g25_r104729_a01,QS60_V1,D3,42.5,5.0,4.5,60.0,3.5,193.93165278688522,173.93165278688522,169.88098523770492,177.46489184016394,0.3451197857931031,ACTIVE,0.5,2000,16
d_q018_s50_x60,d_q018_s50,d_q018_s50_x60_g25_r104729,d_q018_s50_x60_g25_r104729_a01,QS60_V1,D3,43.75,5.0,4.5,60.0,3.25,197.7748375409836,177.7748375409836,173.5050457704918,181.38255815163936,0.3527455346309119,ACTIVE,0.5,2000,16
d_q018_s50_x60,d_q018_s50,d_q018_s50_x60_g25_r104729,d_q018_s50_x60_g25_r104729_a01,QS60_V1,D3,45.0,5.0,4.5,60.0,3.0,202.20677049180327,182.20677049180327,177.97125936885243,185.74432631557374,0.36153949321250717,ACTIVE,0.5,2000,16
d_q018_s50_x60,d_q018_s50,d_q018_s50_x60_g25_r104729,d_q018_s50_x60_g25_r104729_a01,QS60_V1,D3,46.25,5.0,4.5,60.0,2.75,206.823997704918,186.823997704918,182.73432354508196,190.20098135655738,0.37070111757021235,ACTIVE,0.5,2000,16
d_q018_s50_x60,d_q018_s50,d_q018_s50_x60_g25_r104729,d_q018_s50_x60_g25_r104729_a01,QS60_V1,D3,47.5,5.0,4.5,60.0,2.5,212.21608032786884,192.21608032786884,188.92174657786882,195.3527461885246,0.38140023052633215,ACTIVE,0.5,2000,16
d_q018_s50_x60,d_q018_s50,d_q018_s50_x60_g25_r104729,d_q018_s50_x60_g25_r104729_a01,QS60_V1,D3,48.75,5.0,4.5,60.0,2.25,219.4581524590164,199.4581524590164,196.62605939344263,202.71254018032784,0.3957701415951489,ACTIVE,0.5,2000,16
d_q018_s50_x60,d_q018_s50,d_q018_s50_x60_g25_r104729,d_q018_s50_x60_g25_r104729_a01,QS60_V1,D3,50.0,5.0,4.5,60.0,2.0,228.01471163934426,208.01471163934426,204.82051827459017,211.4679277295082,0.4127482926339311,ACTIVE,0.5,2000,16
d_q018_s50_x60,d_q018_s50,d_q018_s50_x60_g25_r104729,d_q018_s50_x60_g25_r104729_a01,QS60_V1,D3,51.25,5.0,4.5,60.0,1.75,238.19857819672131,218.19857819672131,214.25121132377052,222.04260260245903,0.4329553900110482,ACTIVE,0.5,2000,16
d_q018_s50_x60,d_q018_s50,d_q018_s50_x60_g25_r104729,d_q018_s50_x60_g25_r104729_a01,QS60_V1,D3,52.5,5.0,4.5,60.0,1.5,250.1835031147541,230.1835031147541,226.68536331967212,233.96160300409835,0.4567361950237272,ACTIVE,0.5,2000,16
d_q018_s50_x60,d_q018_s50,d_q018_s50_x60_g25_r104729,d_q018_s50_x60_g25_r104729_a01,QS60_V1,D3,53.75,5.0,4.5,60.0,1.25,265.70663459016396,245.70663459016393,241.48986419262295,249.3367636762295,0.48753760306988575,ACTIVE,0.5,2000,16
d_q018_s50_x60,d_q018_s50,d_q018_s50_x60_g25_r104729,d_q018_s50_x60_g25_r104729_a01,QS60_V1,D3,55.0,5.0,4.5,60.0,1.0,287.5264631147541,267.5264631147541,262.8269550737705,271.8823716762295,0.5308330839429141,ACTIVE,0.5,2000,16
d_q018_s50_x60,d_q018_s50,d_q018_s50_x60_g25_r104729,d_q018_s50_x60_g25_r104729_a01,QS60_V1,D3,56.25,5.0,4.5,60.0,0.75,314.74783344262295,294.74783344262295,289.32509974590164,298.7233487295082,0.5848464469278555,ACTIVE,0.5,2000,16
d_q018_s50_x60,d_q018_s50,d_q018_s50_x60_g25_r104729,d_q018_s50_x60_g25_r104729_a01,QS60_V1,D3,57.5,5.0,4.5,60.0,0.5,360.4499819672131,340.4499819672131,333.6545568606557,348.69095700409844,0.6755298588104363,ACTIVE,0.5,2000,16
d_q018_s50_x60,d_q018_s50,d_q018_s50_x60_g25_r104729,d_q018_s50_x60_g25_r104729_a01,QS60_V1,D3,58.75,5.0,4.5,60.0,0.25,473.9757280327869,453.9757280327869,426.5588984590164,479.94813663524593,0.9007906468060488,ACTIVE,0.5,2000,16
d_q018_s50_x60,d_q018_s50,d_q018_s50_x60_g25_r104729,d_q018_s50_x60_g25_r104729_a01,QS60_V1,D3,60.0,5.0,4.5,60.0,0.0,555.7860429508197,535.7860429508197,520.310978192623,550.9960583770492,1.0631208374745222,ACTIVE,0.5,2000,16
d_q018_s50_x60,d_q018_s50,d_q018_s50_x60_g25_r104729,d_q018_s50_x60_g25_r104729_a01,QS60_V1,D3,61.25,5.0,4.5,60.0,0.25,443.9016968852459,423.9016968852459,405.29770452868854,440.7737370819672,0.8411169587724405,ACTIVE,0.5,2000,16
d_q018_s50_x60,d_q018_s50,d_q018_s50_x60_g25_r104729,d_q018_s50_x60_g25_r104729_a01,QS60_V1,D3,62.5,5.0,4.5,60.0,0.5,349.3103298360656,329.3103298360656,317.06809350000003,342.1931454344262,0.6534262664181882,ACTIVE,0.5,2000,16
d_q018_s50_x60,d_q018_s50,d_q018_s50_x60_g25_r104729,d_q018_s50_x60_g25_r104729_a01,QS60_V1,D3,63.75,5.0,4.5,60.0,0.75,309.1412062295082,289.1412062295082,279.4993797008197,299.9422928647541,0.573721628921424,ACTIVE,0.5,2000,16
d_q018_s50_x60,d_q018_s50,d_q018_s50_x60_g25_r104729,d_q018_s50_x60_g25_r104729_a01,QS60_V1,D3,65.0,5.0,4.5,60.0,1.0,281.9953604918033,261.9953604918033,252.78123183196723,271.2586579057377,0.5198581238258423,ACTIVE,0.5,2000,16
d_q018_s50_x60,d_q018_s50,d_q018_s50_x60_g25_r104729,d_q018_s50_x60_g25_r104729_a01,QS60_V1,D3,66.25,5.0,4.5,60.0,1.25,260.8630642622951,240.86306426229507,232.48454877459017,249.4288580409836,0.47792686271731677,ACTIVE,0.5,2000,16
d_q018_s50_x60,d_q018_s50,d_q018_s50_x60_g25_r104729,d_q018_s50_x60_g25_r104729_a01,QS60_V1,D3,67.5,5.0,4.5,60.0,1.5,246.05699491803279,226.05699491803279,218.22649317213111,233.99549949590164,0.4485482683174197,ACTIVE,0.5,2000,16
d_q018_s50_x60,d_q018_s50,d_q018_s50_x60_g25_r104729,d_q018_s50_x60_g25_r104729_a01,QS60_V1,D3,68.75,5.0,4.5,60.0,1.75,236.89583967213116,216.89583967213116,210.0275921885246,223.654359852459,0.43037046177431226,ACTIVE,0.5,2000,16
d_q018_s50_x60,d_q018_s50,d_q018_s50_x60_g25_r104729,d_q018_s50_x60_g25_r104729_a01,QS60_V1,D3,70.0,5.0,4.5,60.0,2.0,228.82089721311476,208.82089721311476,201.55891907786886,216.21422582377048,0.41434794737227865,ACTIVE,0.5,2000,16
d_q018_s50_x60,d_q018_s50,d_q018_s50_x60_g25_r104729,d_q018_s50_x60_g25_r104729_a01,QS60_V1,D3,72.5,5.0,4.5,60.0,2.5,214.60508032786885,194.60508032786885,188.77178545491802,200.86655696311476,0.3861405475132003,ACTIVE,0.5,2000,16
d_q018_s50_x60,d_q018_s50,d_q018_s50_x60_g25_r104729,d_q018_s50_x60_g25_r104729_a01,QS60_V1,D3,75.0,5.0,4.5,60.0,3.0,202.93832344262296,182.93832344262296,178.30285265983605,187.93759579918034,0.362991059926431,ACTIVE,0.5,2000,16
d_q018_s50_x60,d_q018_s50,d_q018_s50_x60_g25_r104729,d_q018_s50_x60_g25_r104729_a01,QS60_V1,D3,77.5,5.0,4.5,60.0,3.5,194.19927655737706,174.19927655737706,170.5039965942623,178.2619289795082,0.3456508119569173,ACTIVE,0.5,2000,16
d_q018_s50_x60,d_q018_s50,d_q018_s50_x60_g25_r104729,d_q018_s50_x60_g25_r104729_a01,QS60_V1,D3,80.0,5.0,4.5,60.0,4.0,187.85394721311476,167.85394721311476,164.32023724590164,171.85354775819673,0.33306024164386605,ACTIVE,0.5,2000,16
d_q018_s50_x60,d_q018_s50,d_q018_s50_x60_g25_r104729,d_q018_s50_x60_g25_r104729_a01,QS60_V1,D3,82.5,5.0,4.5,60.0,4.5,182.55670836065576,162.55670836065576,159.30035673360655,166.1669319262295,0.3225493202056872,ACTIVE,0.5,2000,16
d_q018_s50_x60,d_q018_s50,d_q018_s50_x60_g25_r104729,d_q018_s50_x60_g25_r104729_a01,QS60_V1,D3,85.0,5.0,4.5,60.0,5.0,176.8927531147541,156.8927531147541,153.25096177459014,160.72478980737702,0.31131075040032574,ACTIVE,0.5,2000,16
d_q018_s50_x60,d_q018_s50,d_q018_s50_x60_g25_r104729,d_q018_s50_x60_g25_r104729_a01,QS60_V1,D3,90.0,5.0,4.5,60.0,6.0,168.56164163934426,148.56164163934426,144.99592109836064,152.31162957786884,0.29477993866052776,QC_ONLY,0.5,2000,16
d_q018_s50_x60,d_q018_s50,d_q018_s50_x60_g25_r104729,d_q018_s50_x60_g25_r104729_a01,QS60_V1,D3,95.0,5.0,4.5,60.0,7.0,161.15275885245902,141.15275885245902,138.02992461065574,144.43708447131146,0.28007903747660684,QC_ONLY,0.5,2000,16
d_q027_s45_x40,d_q027_s45,d_q027_s45_x40_g25_r204729,d_q027_s45_x40_g25_r204729_a01,QS60_V1,D3,5.0,5.0,4.5,40.0,7.0,220.8561563934426,200.8561563934426,198.50594554918032,203.28726664344265,0.25499524584558286,QC_ONLY,0.5,2000,10
d_q027_s45_x40,d_q027_s45,d_q027_s45_x40_g25_r204729,d_q027_s45_x40_g25_r204729_a01,QS60_V1,D3,10.0,5.0,4.5,40.0,6.0,231.89005,211.89005,209.2196429672131,214.64479873770492,0.2690032327719421,QC_ONLY,0.5,2000,10
d_q027_s45_x40,d_q027_s45,d_q027_s45_x40_g25_r204729,d_q027_s45_x40_g25_r204729_a01,QS60_V1,D3,15.0,5.0,4.5,40.0,5.0,245.23850245901642,225.23850245901642,222.0347573032787,228.67185279098362,0.28594964844355103,ACTIVE,0.5,2000,10
d_q027_s45_x40,d_q027_s45,d_q027_s45_x40_g25_r204729,d_q027_s45_x40_g25_r204729_a01,QS60_V1,D3,17.5,5.0,4.5,40.0,4.5,252.96593459016393,232.96593459016393,229.3389946885246,236.9205704672131,0.29575994498321606,ACTIVE,0.5,2000,10
d_q027_s45_x40,d_q027_s45,d_q027_s45_x40_g25_r204729,d_q027_s45_x40_g25_r204729_a01,QS60_V1,D3,20.0,5.0,4.5,40.0,4.0,262.4543791803279,242.4543791803279,238.2874695081967,246.91927637295083,0.30780592009498536,ACTIVE,0.5,2000,10
d_q027_s45_x40,d_q027_s45,d_q027_s45_x40_g25_r204729,d_q027_s45_x40_g25_r204729_a01,QS60_V1,D3,22.5,5.0,4.5,40.0,3.5,273.5547198360656,253.55471983606557,248.41322909016392,258.8733145286885,0.321898264314373,ACTIVE,0.5,2000,10
d_q027_s45_x40,d_q027_s45,d_q027_s45_x40_g25_r204729,d_q027_s45_x40_g25_r204729_a01,QS60_V1,D3,25.0,5.0,4.5,40.0,3.0,286.4134844262295,266.4134844262295,260.6419486311475,272.60778741803284,0.338223000866219,ACTIVE,0.5,2000,10
d_q027_s45_x40,d_q027_s45,d_q027_s45_x40_g25_r204729,d_q027_s45_x40_g25_r204729_a01,QS60_V1,D3,27.5,5.0,4.5,40.0,2.5,303.0944075409836,283.0944075409836,276.701469795082,289.75728597131143,0.35940012666088966,ACTIVE,0.5,2000,10
d_q027_s45_x40,d_q027_s45,d_q027_s45_x40_g25_r204729,d_q027_s45_x40_g25_r204729_a01,QS60_V1,D3,30.0,5.0,4.5,40.0,2.0,327.51045672131147,307.51045672131147,299.5417182213115,316.38893507786884,0.3903973167650353,ACTIVE,0.5,2000,10
d_q027_s45_x40,d_q027_s45,d_q027_s45_x40_g25_r204729,d_q027_s45_x40_g25_r204729_a01,QS60_V1,D3,31.25,5.0,4.5,40.0,1.75,345.46132786885244,325.46132786885244,316.11022118032787,335.8157671721311,0.41318669441519446,ACTIVE,0.5,2000,10
d_q027_s45_x40,d_q027_s45,d_q027_s45_x40_g25_r204729,d_q027_s45_x40_g25_r204729_a01,QS60_V1,D3,32.5,5.0,4.5,40.0,1.5,366.7868609836066,346.7868609836066,336.7057441885246,357.6771120245902,0.44026034581342655,ACTIVE,0.5,2000,10
d_q027_s45_x40,d_q027_s45,d_q027_s45_x40_g25_r204729,d_q027_s45_x40_g25_r204729_a01,QS60_V1,D3,33.75,5.0,4.5,40.0,1.25,399.2618472131147,379.2618472131147,370.6626437786885,388.48309236885245,0.4814886917407695,ACTIVE,0.5,2000,10
d_q027_s45_x40,d_q027_s45,d_q027_s45_x40_g25_r204729,d_q027_s45_x40_g25_r204729_a01,QS60_V1,D3,35.0,5.0,4.5,40.0,1.0,436.13883278688525,416.13883278688525,405.45838854918037,428.0397204344262,0.5283055589519885,ACTIVE,0.5,2000,10
d_q027_s45_x40,d_q027_s45,d_q027_s45_x40_g25_r204729,d_q027_s45_x40_g25_r204729_a01,QS60_V1,D3,36.25,5.0,4.5,40.0,0.75,485.7742286885246,465.7742286885246,447.565885909836,483.94541793032784,0.5913197588044883,ACTIVE,0.5,2000,10
d_q027_s45_x40,d_q027_s45,d_q027_s45_x40_g25_r204729,d_q027_s45_x40_g25_r204729_a01,QS60_V1,D3,37.5,5.0,4.5,40.0,0.5,565.812662295082,545.812662295082,516.61030675,572.6546767131147,0.6929318797425238,ACTIVE,0.5,2000,10
d_q027_s45_x40,d_q027_s45,d_q027_s45_x40_g25_r204729,d_q027_s45_x40_g25_r204729_a01,QS60_V1,D3,38.75,5.0,4.5,40.0,0.25,754.6504780327869,734.6504780327869,703.3976622663935,762.671903762295,0.932669342181345,ACTIVE,0.5,2000,10
d_q027_s45_x40,d_q027_s45,d_q027_s45_x40_g25_r204729,d_q027_s45_x40_g25_r204729_a01,QS60_V1,D3,40.0,5.0,4.5,40.0,0.0,843.7600852459017,823.7600852459017,805.6704930532787,839.2557764836066,1.0457976953596366,ACTIVE,0.5,2000,10
d_q027_s45_x40,d_q027_s45,d_q027_s45_x40_g25_r204729,d_q027_s45_x40_g25_r204729_a01,QS60_V1,D3,41.25,5.0,4.5,40.0,0.25,673.6341401639344,653.6341401639344,632.9878879508198,673.692712922131,0.8298157311030275,ACTIVE,0.5,2000,10
d_q027_s45_x40,d_q027_s45,d_q027_s45_x40_g25_r204729,d_q027_s45_x40_g25_r204729_a01,QS60_V1,D3,42.5,5.0,4.5,40.0,0.5,518.8378165573771,498.8378165573771,483.3670611147541,512.6560416229507,0.6332953589978928,ACTIVE,0.5,2000,10
d_q027_s45_x40,d_q027_s45,d_q027_s45_x40_g25_r204729,d_q027_s45_x40_g25_r204729_a01,QS60_V1,D3,43.75,5.0,4.5,40.0,0.75,452.8592590163934,432.8592590163934,423.1359486065574,442.4955551885246,0.5495328355941077,ACTIVE,0.5,2000,10
d_q027_s45_x40,d_q027_s45,d_q027_s45_x40_g25_r204729,d_q027_s45_x40_g25_r204729_a01,QS60_V1,D3,45.0,5.0,4.5,40.0,1.0,406.4014198360656,386.4014198360656,376.2967950409836,397.84092836065577,0.49055267618073656,ACTIVE,0.5,2000,10
d_q027_s45_x40,d_q027_s45,d_q027_s45_x40_g25_r204729,d_q027_s45_x40_g25_r204729_a01,QS60_V1,D3,46.25,5.0,4.5,40.0,1.25,374.83056147540987,354.83056147540987,346.5565818360656,362.97473742213117,0.4504721581932167,ACTIVE,0.5,2000,10
d_q027_s45_x40,d_q027_s45,d_q027_s45_x40_g25_r204729,d_q027_s45_x40_g25_r204729_a01,QS60_V1,D3,47.5,5.0,4.5,40.0,1.5,352.01242393442624,332.01242393442624,327.34522934016394,336.80629180327867,0.42150358338586064,ACTIVE,0.5,2000,10
d_q027_s45_x40,d_q027_s45,d_q027_s45_x40_g25_r204729,d_q027_s45_x40_g25_r204729_a01,QS60_V1,D3,48.75,5.0,4.5,40.0,1.75,335.44393737704917,315.44393737704917,310.28649013114756,320.79965853688526,0.4004692004779662,ACTIVE,0.5,2000,10
d_q027_s45_x40,d_q027_s45,d_q027_s45_x40_g25_r204729,d_q027_s45_x40_g25_r204729_a01,QS60_V1,D3,50.0,5.0,4.5,40.0,2.0,320.6617898360656,300.6617898360656,296.44392505327863,304.500205,0.3817026492603116,ACTIVE,0.5,2000,10
d_q027_s45_x40,d_q027_s45,d_q027_s45_x40_g25_r204729,d_q027_s45_x40_g25_r204729_a01,QS60_V1,D3,51.25,5.0,4.5,40.0,2.25,307.24734934426226,287.24734934426226,283.7371173483607,290.6485339877049,0.36467245903608003,ACTIVE,0.5,2000,10
d_q027_s45_x40,d_q027_s45,d_q027_s45_x40_g25_r204729,d_q027_s45_x40_g25_r204729_a01,QS60_V1,D3,52.5,5.0,4.5,40.0,2.5,295.42659967213115,275.42659967213115,272.7191874180328,278.01773009426233,0.3496655256024849,ACTIVE,0.5,2000,10
d_q027_s45_x40,d_q027_s45,d_q027_s45_x40_g25_r204729,d_q027_s45_x40_g25_r204729_a01,QS60_V1,D3,53.75,5.0,4.5,40.0,2.75,286.5132236065574,266.5132236065574,264.0343683565574,268.84329243852466,0.33834962390464024,ACTIVE,0.5,2000,10
d_q027_s45_x40,d_q027_s45,d_q027_s45_x40_g25_r204729,d_q027_s45_x40_g25_r204729_a01,QS60_V1,D3,55.0,5.0,4.5,40.0,3.0,278.5159267213115,258.5159267213115,256.41013,260.6822487295082,0.32819672283369267,ACTIVE,0.5,2000,10
d_q027_s45_x40,d_q027_s45,d_q027_s45_x40_g25_r204729,d_q027_s45_x40_g25_r204729_a01,QS60_V1,D3,56.25,5.0,4.5,40.0,3.25,270.79191639344265,250.79191639344262,248.80269205737702,252.8068515942623,0.3183907704156315,ACTIVE,0.5,2000,10
d_q027_s45_x40,d_q027_s45,d_q027_s45_x40_g25_r204729,d_q027_s45_x40_g25_r204729_a01,QS60_V1,D3,57.5,5.0,4.5,40.0,3.5,263.33785606557376,243.3378560655738,241.53986220901638,245.04873613114754,0.30892753075207113,ACTIVE,0.5,2000,10
d_q027_s45_x40,d_q027_s45,d_q027_s45_x40_g25_r204729,d_q027_s45_x40_g25_r204729_a01,QS60_V1,D3,58.75,5.0,4.5,40.0,3.75,256.8637113114754,236.8637113114754,235.1225399262295,238.62497274180328,0.300708334672378,ACTIVE,0.5,2000,10
d_q027_s45_x40,d_q027_s45,d_q027_s45_x40_g25_r204729,d_q027_s45_x40_g25_r204729_a01,QS60_V1,D3,60.0,5.0,4.5,40.0,4.0,251.68134295081967,231.68134295081967,229.93919779508195,233.53316981557376,0.29412910246005175,ACTIVE,0.5,2000,10
d_q027_s45_x40,d_q027_s45,d_q027_s45_x40_g25_r204729,d_q027_s45_x40_g25_r204729_a01,QS60_V1,D3,61.25,5.0,4.5,40.0,4.25,247.01164901639345,227.01164901639345,224.79557764754097,229.12945696311476,0.28820073175828365,ACTIVE,0.5,2000,10
d_q027_s45_x40,d_q027_s45,d_q027_s45_x40_g25_r204729,d_q027_s45_x40_g25_r204729_a01,QS60_V1,D3,62.5,5.0,4.5,40.0,4.5,242.65695196721313,222.65695196721313,220.2758980819672,224.87899328688525,0.2826722627057163,ACTIVE,0.5,2000,10
d_q027_s45_x40,d_q027_s45,d_q027_s45_x40_g25_r204729,d_q027_s45_x40_g25_r204729_a01,QS60_V1,D3,63.75,5.0,4.5,40.0,4.75,238.0696868852459,218.0696868852459,215.521343954918,220.4169812377049,0.2768485388610571,ACTIVE,0.5,2000,10
d_q027_s45_x40,d_q027_s45,d_q027_s45_x40_g25_r204729,d_q027_s45_x40_g25_r204729_a01,QS60_V1,D3,65.0,5.0,4.5,40.0,5.0,233.89199721311476,213.89199721311476,211.32532554508197,216.21259181557377,0.27154478803688564,ACTIVE,0.5,2000,10
d_q027_s45_x40,d_q027_s45,d_q027_s45_x40_g25_r204729,d_q027_s45_x40_g25_r204729_a01,QS60_V1,D3,66.25,5.0,4.5,40.0,5.25,229.86034016393444,209.86034016393444,207.25729570901638,212.2817492704918,0.26642643170228053,QC_ONLY,0.5,2000,10
d_q027_s45_x40,d_q027_s45,d_q027_s45_x40_g25_r204729,d_q027_s45_x40_g25_r204729_a01,QS60_V1,D3,67.5,5.0,4.5,40.0,5.5,226.38313065573772,206.38313065573772,203.5212115532787,208.92670792213113,0.2620119695851105,QC_ONLY,0.5,2000,10
d_q027_s45_x40,d_q027_s45,d_q027_s45_x40_g25_r204729,d_q027_s45_x40_g25_r204729_a01,QS60_V1,D3,68.75,5.0,4.5,40.0,5.75,223.17318180327868,203.17318180327868,200.23396048360658,205.81233143852455,0.2579368059880277,QC_ONLY,0.5,2000,10
d_q027_s45_x40,d_q027_s45,d_q027_s45_x40_g25_r204729,d_q027_s45_x40_g25_r204729_a01,QS60_V1,D3,70.0,5.0,4.5,40.0,6.0,220.30790950819673,200.30790950819673,197.31948924999998,202.97085959836065,0.2542992236185444,QC_ONLY,0.5,2000,10
d_q027_s45_x40,d_q027_s45,d_q027_s45_x40_g25_r204729,d_q027_s45_x40_g25_r204729_a01,QS60_V1,D3,72.5,5.0,4.5,40.0,6.5,214.78335459016392,194.78335459016392,191.9060839672131,197.28069978688526,0.24728557133719872,QC_ONLY,0.5,2000,10
d_q027_s45_x40,d_q027_s45,d_q027_s45_x40_g25_r204729,d_q027_s45_x40_g25_r204729_a01,QS60_V1,D3,75.0,5.0,4.5,40.0,7.0,210.1184418032787,190.1184418032787,187.20888615983608,192.70779255737705,0.2413632705011222,QC_ONLY,0.5,2000,10
d_q027_s45_x40,d_q027_s45,d_q027_s45_x40_g25_r204729,d_q027_s45_x40_g25_r204729_a01,QS60_V1,D3,77.5,5.0,4.5,40.0,7.5,205.85481672131147,185.85481672131147,183.06625573770492,188.3920232090164,0.23595042109938424,QC_ONLY,0.5,2000,10
d_q027_s45_x40,d_q027_s45,d_q027_s45_x40_g25_r204729,d_q027_s45_x40_g25_r204729_a01,QS60_V1,D3,80.0,5.0,4.5,40.0,8.0,201.82955147540983,181.82955147540983,179.15946823770494,184.36164332786885,0.23084017942493051,QC_ONLY,0.5,2000,10
d_q027_s45_x40,d_q027_s45,d_q027_s45_x40_g25_r204729,d_q027_s45_x40_g25_r204729_a01,QS60_V1,D3,82.5,5.0,4.5,40.0,8.5,197.91206393442621,177.91206393442621,175.24482585655738,180.4319902827869,0.22586676603025532,QC_ONLY,0.5,2000,10
d_q027_s45_x40,d_q027_s45,d_q027_s45_x40_g25_r204729,d_q027_s45_x40_g25_r204729_a01,QS60_V1,D3,85.0,5.0,4.5,40.0,9.0,194.1449537704918,174.1449537704918,171.61582752459017,176.6516020532787,0.22108426297120937,QC_ONLY,0.5,2000,10
d_q027_s45_x40,d_q027_s45,d_q027_s45_x40_g25_r204729,d_q027_s45_x40_g25_r204729_a01,QS60_V1,D3,90.0,5.0,4.5,40.0,10.0,186.61817278688525,166.61817278688525,164.21669175409835,168.84056243032788,0.21152870141012362,QC_ONLY,0.5,2000,10
d_q027_s45_x40,d_q027_s45,d_q027_s45_x40_g25_r204729,d_q027_s45_x40_g25_r204729_a01,QS60_V1,D3,95.0,5.0,4.5,40.0,11.0,179.46219081967212,159.46219081967212,157.34285227459017,161.3538708647541,0.2024438846250124,QC_ONLY,0.5,2000,10
d_q027_s45_x40,d_q027_s45,d_q027_s45_x40_g25_r304729,d_q027_s45_x40_g25_r304729_a01,QS60_V1,D3,5.0,5.0,4.5,40.0,7.0,214.32735766666667,194.32735766666667,189.00206036666665,199.02777032499995,0.24782050405293637,QC_ONLY,0.5,2000,10
d_q027_s45_x40,d_q027_s45,d_q027_s45_x40_g25_r304729,d_q027_s45_x40_g25_r304729_a01,QS60_V1,D3,10.0,5.0,4.5,40.0,6.0,225.30137166666665,205.30137166666665,200.121564825,210.004624575,0.26181537185548703,QC_ONLY,0.5,2000,10
d_q027_s45_x40,d_q027_s45,d_q027_s45_x40_g25_r304729,d_q027_s45_x40_g25_r304729_a01,QS60_V1,D3,15.0,5.0,4.5,40.0,5.0,238.70842983333333,218.70842983333333,212.92401397499998,223.83118360833333,0.27891303608879375,ACTIVE,0.5,2000,10
d_q027_s45_x40,d_q027_s45,d_q027_s45_x40_g25_r304729,d_q027_s45_x40_g25_r304729_a01,QS60_V1,D3,17.5,5.0,4.5,40.0,4.5,246.77912366666666,226.77912366666666,221.06099641666665,231.9680291875,0.28920537700182347,ACTIVE,0.5,2000,10
d_q027_s45_x40,d_q027_s45,d_q027_s45_x40_g25_r304729,d_q027_s45_x40_g25_r304729_a01,QS60_V1,D3,20.0,5.0,4.5,40.0,4.0,256.1918938333333,236.19189383333332,230.70942357916667,241.58086574583334,0.3012092321215903,ACTIVE,0.5,2000,10
d_q027_s45_x40,d_q027_s45,d_q027_s45_x40_g25_r304729,d_q027_s45_x40_g25_r304729_a01,QS60_V1,D3,22.5,5.0,4.5,40.0,3.5,268.4453648333333,248.44536483333334,242.58559708333334,254.35801782916664,0.31683575736270886,ACTIVE,0.5,2000,10
d_q027_s45_x40,d_q027_s45,d_q027_s45_x40_g25_r304729,d_q027_s45_x40_g25_r304729_a01,QS60_V1,D3,25.0,5.0,4.5,40.0,3.0,284.36346399999996,264.36346399999996,258.52134770833334,270.45469770833336,0.33713568531116883,ACTIVE,0.5,2000,10
d_q027_s45_x40,d_q027_s45,d_q027_s45_x40_g25_r304729,d_q027_s45_x40_g25_r304729_a01,QS60_V1,D3,27.5,5.0,4.5,40.0,2.5,306.55050550000004,286.55050550000004,279.23495786250004,293.9486834583333,0.3654302284675933,ACTIVE,0.5,2000,10
d_q027_s45_x40,d_q027_s45,d_q027_s45_x40_g25_r304729,d_q027_s45_x40_g25_r304729_a01,QS60_V1,D3,30.0,5.0,4.5,40.0,2.0,332.40668316666665,312.40668316666665,304.41825552916663,321.53561434166664,0.3984039232637055,ACTIVE,0.5,2000,10
d_q027_s45_x40,d_q027_s45,d_q027_s45_x40_g25_r304729,d_q027_s45_x40_g25_r304729_a01,QS60_V1,D3,31.25,5.0,4.5,40.0,1.75,352.52631333333335,332.52631333333335,323.7344498208333,342.8889289250001,0.4240619518044665,ACTIVE,0.5,2000,10
d_q027_s45_x40,d_q027_s45,d_q027_s45_x40_g25_r304729,d_q027_s45_x40_g25_r304729_a01,QS60_V1,D3,32.5,5.0,4.5,40.0,1.5,374.47461166666665,354.47461166666665,344.01746461666664,366.0369625125,0.45205203215846845,ACTIVE,0.5,2000,10
d_q027_s45_x40,d_q027_s45,d_q027_s45_x40_g25_r304729,d_q027_s45_x40_g25_r304729_a01,QS60_V1,D3,33.75,5.0,4.5,40.0,1.25,401.3542683333333,381.3542683333333,369.9826234375,394.33214995416665,0.4863309424667613,ACTIVE,0.5,2000,10
d_q027_s45_x40,d_q027_s45,d_q027_s45_x40_g25_r304729,d_q027_s45_x40_g25_r304729_a01,QS60_V1,D3,35.0,5.0,4.5,40.0,1.0,434.336204,414.336204,400.3150092458333,431.39431989583335,0.5283919266724705,ACTIVE,0.5,2000,10
d_q027_s45_x40,d_q027_s45,d_q027_s45_x40_g25_r304729,d_q027_s45_x40_g25_r304729_a01,QS60_V1,D3,36.25,5.0,4.5,40.0,0.75,478.72846899999996,458.72846899999996,442.1546066166667,476.6242202125,0.5850042000057099,ACTIVE,0.5,2000,10
d_q027_s45_x40,d_q027_s45,d_q027_s45_x40_g25_r304729,d_q027_s45_x40_g25_r304729_a01,QS60_V1,D3,37.5,5.0,4.5,40.0,0.5,543.236031,523.236031,505.48901663749996,543.368561475,0.667268975907658,ACTIVE,0.5,2000,10
d_q027_s45_x40,d_q027_s45,d_q027_s45_x40_g25_r304729,d_q027_s45_x40_g25_r304729_a01,QS60_V1,D3,38.75,5.0,4.5,40.0,0.25,714.777236,694.777236,663.3770703208334,729.8946176,0.8860309062883959,ACTIVE,0.5,2000,10
d_q027_s45_x40,d_q027_s45,d_q027_s45_x40_g25_r304729,d_q027_s45_x40_g25_r304729_a01,QS60_V1,D3,40.0,5.0,4.5,40.0,0.0,852.4537035,832.4537035,808.6586729208334,855.7350170958333,1.061606038795486,ACTIVE,0.5,2000,10
d_q027_s45_x40,d_q027_s45,d_q027_s45_x40_g25_r304729,d_q027_s45_x40_g25_r304729_a01,QS60_V1,D3,41.25,5.0,4.5,40.0,0.25,689.711603,669.711603,641.2397201083332,704.8848624166666,0.8540653720524953,ACTIVE,0.5,2000,10
d_q027_s45_x40,d_q027_s45,d_q027_s45_x40_g25_r304729,d_q027_s45_x40_g25_r304729_a01,QS60_V1,D3,42.5,5.0,4.5,40.0,0.5,525.1645741666666,505.1645741666667,481.97176394999997,529.1900689291666,0.6442229282734924,ACTIVE,0.5,2000,10
d_q027_s45_x40,d_q027_s45,d_q027_s45_x40_g25_r304729,d_q027_s45_x40_g25_r304729_a01,QS60_V1,D3,43.75,5.0,4.5,40.0,0.75,458.77743833333335,438.77743833333335,420.5409308708333,458.97095443333336,0.5595611819172844,ACTIVE,0.5,2000,10
d_q027_s45_x40,d_q027_s45,d_q027_s45_x40_g25_r304729,d_q027_s45_x40_g25_r304729_a01,QS60_V1,D3,45.0,5.0,4.5,40.0,1.0,415.1933526666667,395.1933526666667,383.8832292375,407.3686332,0.5039795581650237,ACTIVE,0.5,2000,10
d_q027_s45_x40,d_q027_s45,d_q027_s45_x40_g25_r304729,d_q027_s45_x40_g25_r304729_a01,QS60_V1,D3,46.25,5.0,4.5,40.0,1.25,384.1169015,364.1169015,353.3380498083333,374.88660149166674,0.46434858759674097,ACTIVE,0.5,2000,10
d_q027_s45_x40,d_q027_s45,d_q027_s45_x40_g25_r304729,d_q027_s45_x40_g25_r304729_a01,QS60_V1,D3,47.5,5.0,4.5,40.0,1.5,356.5026815,336.5026815,328.09730085,344.9150539791667,0.42913290823178385,ACTIVE,0.5,2000,10
d_q027_s45_x40,d_q027_s45,d_q027_s45_x40_g25_r304729,d_q027_s45_x40_g25_r304729_a01,QS60_V1,D3,48.75,5.0,4.5,40.0,1.75,334.1209656666667,314.1209656666667,307.8985440416667,320.20965815,0.40059010208247925,ACTIVE,0.5,2000,10
d_q027_s45_x40,d_q027_s45,d_q027_s45_x40_g25_r304729,d_q027_s45_x40_g25_r304729_a01,QS60_V1,D3,50.0,5.0,4.5,40.0,2.0,317.89880466666665,297.89880466666665,292.2969885666667,303.3982443625,0.3799024121755141,ACTIVE,0.5,2000,10
d_q027_s45_x40,d_q027_s45,d_q027_s45_x40_g25_r304729,d_q027_s45_x40_g25_r304729_a01,QS60_V1,D3,51.25,5.0,4.5,40.0,2.25,303.7011093333333,283.7011093333333,278.57911575416665,289.17508323333334,0.36179646941920907,ACTIVE,0.5,2000,10
d_q027_s45_x40,d_q027_s45,d_q027_s45_x40_g25_r304729,d_q027_s45_x40_g25_r304729_a01,QS60_V1,D3,52.5,5.0,4.5,40.0,2.5,291.8708221666667,271.8708221666667,266.94797485833334,276.97356516249994,0.3467096192508285,ACTIVE,0.5,2000,10
d_q027_s45_x40,d_q027_s45,d_q027_s45_x40_g25_r304729,d_q027_s45_x40_g25_r304729_a01,QS60_V1,D3,53.75,5.0,4.5,40.0,2.75,281.99780799999996,261.99780799999996,257.3940539958333,267.03874005,0.334118827214732,ACTIVE,0.5,2000,10
d_q027_s45_x40,d_q027_s45,d_q027_s45_x40_g25_r304729,d_q027_s45_x40_g25_r304729_a01,QS60_V1,D3,55.0,5.0,4.5,40.0,3.0,274.7558145,254.75581449999999,250.4599078916667,259.3042538625,0.3248833057674812,ACTIVE,0.5,2000,10
d_q027_s45_x40,d_q027_s45,d_q027_s45_x40_g25_r304729,d_q027_s45_x40_g25_r304729_a01,QS60_V1,D3,56.25,5.0,4.5,40.0,3.25,268.2145263333333,248.21452633333334,243.93393432083334,252.65869145000002,0.31654137517117537,ACTIVE,0.5,2000,10
d_q027_s45_x40,d_q027_s45,d_q027_s45_x40_g25_r304729,d_q027_s45_x40_g25_r304729_a01,QS60_V1,D3,57.5,5.0,4.5,40.0,3.5,261.68563616666665,241.68563616666668,237.56520089166668,245.91281500833333,0.30821525541409533,ACTIVE,0.5,2000,10
d_q027_s45_x40,d_q027_s45,d_q027_s45_x40_g25_r304729,d_q027_s45_x40_g25_r304729_a01,QS60_V1,D3,58.75,5.0,4.5,40.0,3.75,255.3599715,235.3599715,231.65481870833332,239.34295674166668,0.30014830372501733,ACTIVE,0.5,2000,10
d_q027_s45_x40,d_q027_s45,d_q027_s45_x40_g25_r304729,d_q027_s45_x40_g25_r304729_a01,QS60_V1,D3,60.0,5.0,4.5,40.0,4.0,250.05174200000002,230.05174200000002,226.60983384166664,233.74183950416665,0.29337886000842467,ACTIVE,0.5,2000,10
d_q027_s45_x40,d_q027_s45,d_q027_s45_x40_g25_r304729,d_q027_s45_x40_g25_r304729_a01,QS60_V1,D3,61.25,5.0,4.5,40.0,4.25,245.38387083333333,225.38387083333333,221.661308475,229.09016862916667,0.2874260482207927,ACTIVE,0.5,2000,10
d_q027_s45_x40,d_q027_s45,d_q027_s45_x40_g25_r304729,d_q027_s45_x40_g25_r304729_a01,QS60_V1,D3,62.5,5.0,4.5,40.0,4.5,241.26061516666667,221.26061516666667,217.4392582708333,224.84781879999997,0.2821677700765223,ACTIVE,0.5,2000,10
d_q027_s45_x40,d_q027_s45,d_q027_s45_x40_g25_r304729,d_q027_s45_x40_g25_r304729_a01,QS60_V1,D3,63.75,5.0,4.5,40.0,4.75,237.60260366666668,217.60260366666668,213.95088119583335,221.06436256249998,0.27750280542797073,ACTIVE,0.5,2000,10
d_q027_s45_x40,d_q027_s45,d_q027_s45_x40_g25_r304729,d_q027_s45_x40_g25_r304729_a01,QS60_V1,D3,65.0,5.0,4.5,40.0,5.0,234.38534716666666,214.38534716666666,210.60879611250002,217.90314957916664,0.273399923893065,ACTIVE,0.5,2000,10
d_q027_s45_x40,d_q027_s45,d_q027_s45_x40_g25_r304729,d_q027_s45_x40_g25_r304729_a01,QS60_V1,D3,66.25,5.0,4.5,40.0,5.25,231.1765755,211.1765755,207.35234722500002,214.705607075,0.2693078628401476,QC_ONLY,0.5,2000,10
d_q027_s45_x40,d_q027_s45,d_q027_s45_x40_g25_r304729,d_q027_s45_x40_g25_r304729_a01,QS60_V1,D3,67.5,5.0,4.5,40.0,5.5,228.14238116666667,208.14238116666667,204.43781761249997,211.66324149166667,0.26543843561121855,QC_ONLY,0.5,2000,10
d_q027_s45_x40,d_q027_s45,d_q027_s45_x40_g25_r304729,d_q027_s45_x40_g25_r304729_a01,QS60_V1,D3,68.75,5.0,4.5,40.0,5.75,225.16597166666668,205.16597166666668,201.58698167083335,208.67858995833336,0.2616426998413575,QC_ONLY,0.5,2000,10
d_q027_s45_x40,d_q027_s45,d_q027_s45_x40_g25_r304729,d_q027_s45_x40_g25_r304729_a01,QS60_V1,D3,70.0,5.0,4.5,40.0,6.0,222.40163666666666,202.40163666666666,198.71698692916667,205.85490342916668,0.25811741703353863,QC_ONLY,0.5,2000,10
d_q027_s45_x40,d_q027_s45,d_q027_s45_x40_g25_r304729,d_q027_s45_x40_g25_r304729_a01,QS60_V1,D3,72.5,5.0,4.5,40.0,6.5,217.058575,197.058575,193.36347641666666,200.37282780000004,0.25130355278241995,QC_ONLY,0.5,2000,10
d_q027_s45_x40,d_q027_s45,d_q027_s45_x40_g25_r304729,d_q027_s45_x40_g25_r304729_a01,QS60_V1,D3,75.0,5.0,4.5,40.0,7.0,212.11892116666667,192.11892116666667,188.59232070833332,195.3465087291667,0.24500414379789862,QC_ONLY,0.5,2000,10
d_q027_s45_x40,d_q027_s45,d_q027_s45_x40_g25_r304729,d_q027_s45_x40_g25_r304729_a01,QS60_V1,D3,77.5,5.0,4.5,40.0,7.5,207.55543516666665,187.55543516666665,184.1137990125,190.7907299583333,0.2391844516334098,QC_ONLY,0.5,2000,10
d_q027_s45_x40,d_q027_s45,d_q027_s45_x40_g25_r304729,d_q027_s45_x40_g25_r304729_a01,QS60_V1,D3,80.0,5.0,4.5,40.0,8.0,203.37138349999998,183.37138349999998,179.94736307500003,186.62906053749998,0.23384864196941246,QC_ONLY,0.5,2000,10
d_q027_s45_x40,d_q027_s45,d_q027_s45_x40_g25_r304729,d_q027_s45_x40_g25_r304729_a01,QS60_V1,D3,82.5,5.0,4.5,40.0,8.5,199.35647066666667,179.35647066666667,176.05368733749995,182.59616024166667,0.22872853055518755,QC_ONLY,0.5,2000,10
d_q027_s45_x40,d_q027_s45,d_q027_s45_x40_g25_r304729,d_q027_s45_x40_g25_r304729_a01,QS60_V1,D3,85.0,5.0,4.5,40.0,9.0,195.45646433333334,175.45646433333334,172.13120052083332,178.6415206833333,0.22375495634030956,QC_ONLY,0.5,2000,10
d_q027_s45_x40,d_q027_s45,d_q027_s45_x40_g25_r304729,d_q027_s45_x40_g25_r304729_a01,QS60_V1,D3,90.0,5.0,4.5,40.0,10.0,187.67182866666664,167.67182866666664,164.56890155833332,170.65257925833333,0.21382741778914482,QC_ONLY,0.5,2000,10
d_q027_s45_x40,d_q027_s45,d_q027_s45_x40_g25_r304729,d_q027_s45_x40_g25_r304729_a01,QS60_V1,D3,95.0,5.0,4.5,40.0,11.0,180.33976566666666,160.33976566666666,157.45420854166665,163.17906447916667,0.20447703310720688,QC_ONLY,0.5,2000,10
d_q027_s45_x60,d_q027_s45,d_q027_s45_x60_g25_r204729,d_q027_s45_x60_g25_r204729_a01,QS60_V1,D3,5.0,5.0,4.5,60.0,11.0,179.9959726229508,159.9959726229508,156.25149212295082,163.92244638114755,0.20263232188772448,QC_ONLY,0.5,2000,9
d_q027_s45_x60,d_q027_s45,d_q027_s45_x60_g25_r204729,d_q027_s45_x60_g25_r204729_a01,QS60_V1,D3,10.0,5.0,4.5,60.0,10.0,187.37506180327867,167.37506180327867,163.53527018442622,171.5650397213115,0.2119778194619049,QC_ONLY,0.5,2000,9
d_q027_s45_x60,d_q027_s45,d_q027_s45_x60_g25_r204729,d_q027_s45_x60_g25_r204729_a01,QS60_V1,D3,15.0,5.0,4.5,60.0,9.0,194.9310231147541,174.9310231147541,171.06454829508195,179.1255755532787,0.22154732274087965,QC_ONLY,0.5,2000,9
d_q027_s45_x60,d_q027_s45,d_q027_s45_x60_g25_r204729,d_q027_s45_x60_g25_r204729_a01,QS60_V1,D3,17.5,5.0,4.5,60.0,8.5,198.80570245901637,178.80570245901637,174.95329847131146,183.00211070491804,0.22645454171162543,QC_ONLY,0.5,2000,9
d_q027_s45_x60,d_q027_s45,d_q027_s45_x60_g25_r204729,d_q027_s45_x60_g25_r204729_a01,QS60_V1,D3,20.0,5.0,4.5,60.0,8.0,202.8212593442623,182.8212593442623,178.94687490163935,186.91581716393443,0.23154017981857428,QC_ONLY,0.5,2000,9
d_q027_s45_x60,d_q027_s45,d_q027_s45_x60_g25_r204729,d_q027_s45_x60_g25_r204729_a01,QS60_V1,D3,22.5,5.0,4.5,60.0,7.5,207.00014163934426,187.00014163934426,183.0535591352459,191.04241440573773,0.23683266692600596,QC_ONLY,0.5,2000,9
d_q027_s45_x60,d_q027_s45,d_q027_s45_x60_g25_r204729,d_q027_s45_x60_g25_r204729_a01,QS60_V1,D3,25.0,5.0,4.5,60.0,7.0,211.55637967213116,191.55637967213116,187.69732208196723,195.53031503688524,0.24260306899626613,QC_ONLY,0.5,2000,9
d_q027_s45_x60,d_q027_s45,d_q027_s45_x60_g25_r204729,d_q027_s45_x60_g25_r204729_a01,QS60_V1,D3,27.5,5.0,4.5,60.0,6.5,216.22091475409837,196.22091475409837,192.42619334836067,200.19343980737705,0.24851062753471265,QC_ONLY,0.5,2000,9
d_q027_s45_x60,d_q027_s45,d_q027_s45_x60_g25_r204729,d_q027_s45_x60_g25_r204729_a01,QS60_V1,D3,30.0,5.0,4.5,60.0,6.0,221.1179837704918,201.1179837704918,197.2536143565574,205.09813169672128,0.2547126865551276,QC_ONLY,0.5,2000,9
d_q027_s45_x60,d_q027_s45,d_q027_s45_x60_g25_r204729,d_q027_s45_x60_g25_r204729_a01,QS60_V1,D3,31.25,5.0,4.5,60.0,5.75,223.9102650819672,203.9102650819672,199.9035111557377,208.04747745491804,0.2582490658541325,QC_ONLY,0.5,2000,9
d_q027_s45_x60,d_q027_s45,d_q027_s45_x60_g25_r204729,d_q027_s45_x60_g25_r204729_a01,QS60_V1,D3,32.5,5.0,4.5,60.0,5.5,226.7098386885246,206.7098386885246,202.4868031065574,211.00445370491803,0.26179468072738427,QC_ONLY,0.5,2000,9
d_q027_s45_x60,d_q027_s45,d_q027_s45_x60_g25_r204729,d_q027_s45_x60_g25_r204729_a01,QS60_V1,D3,33.75,5.0,4.5,60.0,5.25,229.835498852459,209.835498852459,205.36842145901642,214.33526024590165,0.26575327897249496,QC_ONLY,0.5,2000,9
d_q027_s45_x60,d_q027_s45,d_q027_s45_x60_g25_r204729,d_q027_s45_x60_g25_r204729_a01,QS60_V1,D3,35.0,5.0,4.5,60.0,5.0,233.07024868852457,213.07024868852457,208.55209981557377,217.64310024590162,0.26985003752999054,ACTIVE,0.5,2000,9
d_q027_s45_x60,d_q027_s45,d_q027_s45_x60_g25_r204729,d_q027_s45_x60_g25_r204729_a01,QS60_V1,D3,36.25,5.0,4.5,60.0,4.75,236.6136,216.6136,211.8485385409836,221.2395386352459,0.27433763488470786,ACTIVE,0.5,2000,9
d_q027_s45_x60,d_q027_s45,d_q027_s45_x60_g25_r204729,d_q027_s45_x60_g25_r204729_a01,QS60_V1,D3,37.5,5.0,4.5,60.0,4.5,240.19671262295083,220.19671262295083,215.33056325,225.03465723770492,0.2788755892998779,ACTIVE,0.5,2000,9
d_q027_s45_x60,d_q027_s45,d_q027_s45_x60_g25_r204729,d_q027_s45_x60_g25_r204729_a01,QS60_V1,D3,38.75,5.0,4.5,60.0,4.25,244.3285368852459,224.3285368852459,219.00654126639344,229.7236676147541,0.2841084781668617,ACTIVE,0.5,2000,9
d_q027_s45_x60,d_q027_s45,d_q027_s45_x60_g25_r204729,d_q027_s45_x60_g25_r204729_a01,QS60_V1,D3,40.0,5.0,4.5,60.0,4.0,248.54909295081967,228.54909295081967,223.0666001967213,234.0878679795082,0.2894537444332818,ACTIVE,0.5,2000,9
d_q027_s45_x60,d_q027_s45,d_q027_s45_x60_g25_r204729,d_q027_s45_x60_g25_r204729_a01,QS60_V1,D3,41.25,5.0,4.5,60.0,3.75,253.76634770491802,233.76634770491802,228.5214923811475,239.10031818032786,0.29606131353249965,ACTIVE,0.5,2000,9
d_q027_s45_x60,d_q027_s45,d_q027_s45_x60_g25_r204729,d_q027_s45_x60_g25_r204729_a01,QS60_V1,D3,42.5,5.0,4.5,60.0,3.5,259.7168204918033,239.71682049180328,234.83899011885248,244.94806257786885,0.30359749145853904,ACTIVE,0.5,2000,9
d_q027_s45_x60,d_q027_s45,d_q027_s45_x60_g25_r204729,d_q027_s45_x60_g25_r204729_a01,QS60_V1,D3,43.75,5.0,4.5,60.0,3.25,266.26440163934427,246.26440163934427,241.39013164344263,251.82762244262295,0.31188989750429097,ACTIVE,0.5,2000,9
d_q027_s45_x60,d_q027_s45,d_q027_s45_x60_g25_r204729,d_q027_s45_x60_g25_r204729_a01,QS60_V1,D3,45.0,5.0,4.5,60.0,3.0,273.78650524590165,253.78650524590165,248.02987355737704,260.19199326639347,0.32141652054541436,ACTIVE,0.5,2000,9
d_q027_s45_x60,d_q027_s45,d_q027_s45_x60_g25_r204729,d_q027_s45_x60_g25_r204729_a01,QS60_V1,D3,46.25,5.0,4.5,60.0,2.75,282.30361950819673,262.30361950819673,256.4068650286885,268.93523263934424,0.3322033085530041,ACTIVE,0.5,2000,9
d_q027_s45_x60,d_q027_s45,d_q027_s45_x60_g25_r204729,d_q027_s45_x60_g25_r204729_a01,QS60_V1,D3,47.5,5.0,4.5,60.0,2.5,292.2985570491803,272.2985570491803,266.44305261065574,278.9845720614753,0.34486173593620545,ACTIVE,0.5,2000,9
d_q027_s45_x60,d_q027_s45,d_q027_s45_x60_g25_r204729,d_q027_s45_x60_g25_r204729_a01,QS60_V1,D3,48.75,5.0,4.5,60.0,2.25,304.8778273770492,284.8778273770492,279.2301589262296,291.07114386885246,0.36079317916194437,ACTIVE,0.5,2000,9
d_q027_s45_x60,d_q027_s45,d_q027_s45_x60_g25_r204729,d_q027_s45_x60_g25_r204729_a01,QS60_V1,D3,50.0,5.0,4.5,60.0,2.0,319.888421147541,299.888421147541,293.97033418442624,306.0678239344262,0.3798038543606016,ACTIVE,0.5,2000,9
d_q027_s45_x60,d_q027_s45,d_q027_s45_x60_g25_r204729,d_q027_s45_x60_g25_r204729_a01,QS60_V1,D3,51.25,5.0,4.5,60.0,1.75,340.15842295081967,320.15842295081967,312.40632646721315,327.61374795491804,0.4054754851068716,ACTIVE,0.5,2000,9
d_q027_s45_x60,d_q027_s45,d_q027_s45_x60_g25_r204729,d_q027_s45_x60_g25_r204729_a01,QS60_V1,D3,52.5,5.0,4.5,60.0,1.5,362.2721419672131,342.2721419672131,333.18673204098354,351.20207895081967,0.433482154002372,ACTIVE,0.5,2000,9
d_q027_s45_x60,d_q027_s45,d_q027_s45_x60_g25_r204729,d_q027_s45_x60_g25_r204729_a01,QS60_V1,D3,53.75,5.0,4.5,60.0,1.25,389.97607803278686,369.97607803278686,358.09521582377045,382.8886218893442,0.4685687427356125,ACTIVE,0.5,2000,9
d_q027_s45_x60,d_q027_s45,d_q027_s45_x60_g25_r204729,d_q027_s45_x60_g25_r204729_a01,QS60_V1,D3,55.0,5.0,4.5,60.0,1.0,426.17113950819675,406.17113950819675,392.71929082786886,420.37646801639346,0.5144092050134683,ACTIVE,0.5,2000,9
d_q027_s45_x60,d_q027_s45,d_q027_s45_x60_g25_r204729,d_q027_s45_x60_g25_r204729_a01,QS60_V1,D3,56.25,5.0,4.5,60.0,0.75,469.5405952459016,449.5405952459016,431.12841454508197,469.9819676352459,0.5693359220493284,ACTIVE,0.5,2000,9
d_q027_s45_x60,d_q027_s45,d_q027_s45_x60_g25_r204729,d_q027_s45_x60_g25_r204729_a01,QS60_V1,D3,57.5,5.0,4.5,60.0,0.5,543.4954708196722,523.4954708196722,501.7952594672131,549.2607620983606,0.6629985805947801,ACTIVE,0.5,2000,9
d_q027_s45_x60,d_q027_s45,d_q027_s45_x60_g25_r204729,d_q027_s45_x60_g25_r204729_a01,QS60_V1,D3,58.75,5.0,4.5,60.0,0.25,724.5450681967213,704.5450681967213,673.1807626393443,740.4090672704918,0.8922949790722916,ACTIVE,0.5,2000,9
d_q027_s45_x60,d_q027_s45,d_q027_s45_x60_g25_r204729,d_q027_s45_x60_g25_r204729_a01,QS60_V1,D3,60.0,5.0,4.5,60.0,0.0,850.382291147541,830.382291147541,805.0448219795082,854.5315456762295,1.0516657947772499,ACTIVE,0.5,2000,9
d_q027_s45_x60,d_q027_s45,d_q027_s45_x60_g25_r204729,d_q027_s45_x60_g25_r204729_a01,QS60_V1,D3,61.25,5.0,4.5,60.0,0.25,699.4113457377049,679.4113457377049,652.093914,712.4856544713114,0.8604635244671549,ACTIVE,0.5,2000,9
d_q027_s45_x60,d_q027_s45,d_q027_s45_x60_g25_r204729,d_q027_s45_x60_g25_r204729_a01,QS60_V1,D3,62.5,5.0,4.5,60.0,0.5,527.3445437704918,507.3445437704918,483.44534352459016,530.8175546803278,0.6425436916687497,ACTIVE,0.5,2000,9
d_q027_s45_x60,d_q027_s45,d_q027_s45_x60_g25_r204729,d_q027_s45_x60_g25_r204729_a01,QS60_V1,D3,63.75,5.0,4.5,60.0,0.75,475.0040816393443,455.0040816393443,436.78627800819675,471.91844027049177,0.5762553395531317,ACTIVE,0.5,2000,9
d_q027_s45_x60,d_q027_s45,d_q027_s45_x60_g25_r204729,d_q027_s45_x60_g25_r204729_a01,QS60_V1,D3,65.0,5.0,4.5,60.0,1.0,437.08724278688527,417.08724278688527,401.3148444959017,432.5882432295082,0.5282342739640449,ACTIVE,0.5,2000,9
d_q027_s45_x60,d_q027_s45,d_q027_s45_x60_g25_r204729,d_q027_s45_x60_g25_r204729_a01,QS60_V1,D3,66.25,5.0,4.5,60.0,1.25,403.83529606557374,383.83529606557374,370.17001979918035,396.82181085245907,0.4861212191104396,ACTIVE,0.5,2000,9
d_q027_s45_x60,d_q027_s45,d_q027_s45_x60_g25_r204729,d_q027_s45_x60_g25_r204729_a01,QS60_V1,D3,67.5,5.0,4.5,60.0,1.5,375.06122672131147,355.06122672131147,345.4823986352459,364.40682779508194,0.44967932381894593,ACTIVE,0.5,2000,9
d_q027_s45_x60,d_q027_s45,d_q027_s45_x60_g25_r204729,d_q027_s45_x60_g25_r204729_a01,QS60_V1,D3,68.75,5.0,4.5,60.0,1.75,349.4171116393443,329.4171116393443,321.6662412991803,337.29167201229507,0.41720146517896145,ACTIVE,0.5,2000,9
d_q027_s45_x60,d_q027_s45,d_q027_s45_x60_g25_r204729,d_q027_s45_x60_g25_r204729_a01,QS60_V1,D3,70.0,5.0,4.5,60.0,2.0,333.65255262295085,313.65255262295085,307.17675174590164,319.98651325000003,0.3972359051422982,ACTIVE,0.5,2000,9
d_q027_s45_x60,d_q027_s45,d_q027_s45_x60_g25_r204729,d_q027_s45_x60_g25_r204729_a01,QS60_V1,D3,72.5,5.0,4.5,60.0,2.5,308.45121245901635,288.45121245901635,282.87304187704916,293.6532458196722,0.36531881380316344,ACTIVE,0.5,2000,9
d_q027_s45_x60,d_q027_s45,d_q027_s45_x60_g25_r204729,d_q027_s45_x60_g25_r204729_a01,QS60_V1,D3,75.0,5.0,4.5,60.0,3.0,289.501411147541,269.501411147541,264.4638447459016,274.16191385655736,0.3413191957121235,ACTIVE,0.5,2000,9
d_q027_s45_x60,d_q027_s45,d_q027_s45_x60_g25_r204729,d_q027_s45_x60_g25_r204729_a01,QS60_V1,D3,77.5,5.0,4.5,60.0,3.5,274.95448606557375,254.95448606557378,249.7404690491803,259.5104971721311,0.322895749438058,ACTIVE,0.5,2000,9
d_q027_s45_x60,d_q027_s45,d_q027_s45_x60_g25_r204729,d_q027_s45_x60_g25_r204729_a01,QS60_V1,D3,80.0,5.0,4.5,60.0,4.0,262.91288278688523,242.91288278688523,238.02336084426227,247.25738339344264,0.30764525286861194,ACTIVE,0.5,2000,9
d_q027_s45_x60,d_q027_s45,d_q027_s45_x60_g25_r204729,d_q027_s45_x60_g25_r204729_a01,QS60_V1,D3,82.5,5.0,4.5,60.0,4.5,252.54638081967212,232.54638081967212,228.2002487704918,236.2433127827869,0.2945162451252712,ACTIVE,0.5,2000,9
d_q027_s45_x60,d_q027_s45,d_q027_s45_x60_g25_r204729,d_q027_s45_x60_g25_r204729_a01,QS60_V1,D3,85.0,5.0,4.5,60.0,5.0,243.59666655737706,223.59666655737706,219.66174725409837,226.8428393237705,0.2831815761866082,ACTIVE,0.5,2000,9
d_q027_s45_x60,d_q027_s45,d_q027_s45_x60_g25_r204729,d_q027_s45_x60_g25_r204729_a01,QS60_V1,D3,90.0,5.0,4.5,60.0,6.0,228.79139950819672,208.79139950819672,205.75110798770493,211.4471649918033,0.26443094397280154,QC_ONLY,0.5,2000,9
d_q027_s45_x60,d_q027_s45,d_q027_s45_x60_g25_r204729,d_q027_s45_x60_g25_r204729_a01,QS60_V1,D3,95.0,5.0,4.5,60.0,7.0,217.74857475409837,197.74857475409837,195.11542263524592,200.0879502786885,0.25044538431502544,QC_ONLY,0.5,2000,9
d_q027_s45_x60,d_q027_s45,d_q027_s45_x60_g25_r304729,d_q027_s45_x60_g25_r304729_a01,QS60_V1,D3,5.0,5.0,4.5,60.0,11.0,180.63564616666665,160.63564616666665,158.3034808375,163.46186173750002,0.20337922842660588,QC_ONLY,0.5,2000,7
d_q027_s45_x60,d_q027_s45,d_q027_s45_x60_g25_r304729,d_q027_s45_x60_g25_r304729_a01,QS60_V1,D3,10.0,5.0,4.5,60.0,10.0,187.90744533333333,167.90744533333333,165.2583876375,170.95610692916668,0.21258598258785505,QC_ONLY,0.5,2000,7
d_q027_s45_x60,d_q027_s45,d_q027_s45_x60_g25_r304729,d_q027_s45_x60_g25_r304729_a01,QS60_V1,D3,15.0,5.0,4.5,60.0,9.0,195.14775583333332,175.14775583333332,172.35820979583332,178.359287125,0.22175286925466148,QC_ONLY,0.5,2000,7
d_q027_s45_x60,d_q027_s45,d_q027_s45_x60_g25_r304729,d_q027_s45_x60_g25_r304729_a01,QS60_V1,D3,17.5,5.0,4.5,60.0,8.5,198.9620651666667,178.9620651666667,175.9544119875,182.39763560833336,0.2265821291836119,QC_ONLY,0.5,2000,7
d_q027_s45_x60,d_q027_s45,d_q027_s45_x60_g25_r304729,d_q027_s45_x60_g25_r304729_a01,QS60_V1,D3,20.0,5.0,4.5,60.0,8.0,202.81555500000002,182.81555500000002,179.75487033333334,186.4532526708333,0.23146099516233717,QC_ONLY,0.5,2000,7
d_q027_s45_x60,d_q027_s45,d_q027_s45_x60_g25_r304729,d_q027_s45_x60_g25_r304729_a01,QS60_V1,D3,22.5,5.0,4.5,60.0,7.5,206.8992055,186.8992055,183.68331423749999,190.67820537916668,0.23663126532137901,QC_ONLY,0.5,2000,7
d_q027_s45_x60,d_q027_s45,d_q027_s45_x60_g25_r304729,d_q027_s45_x60_g25_r304729_a01,QS60_V1,D3,25.0,5.0,4.5,60.0,7.0,211.42962333333335,191.42962333333335,187.97627805,195.5477259125,0.24236718325355136,QC_ONLY,0.5,2000,7
d_q027_s45_x60,d_q027_s45,d_q027_s45_x60_g25_r304729,d_q027_s45_x60_g25_r304729_a01,QS60_V1,D3,27.5,5.0,4.5,60.0,6.5,215.95506766666668,195.95506766666668,192.59717255416666,200.25108715833332,0.248096804285772,QC_ONLY,0.5,2000,7
d_q027_s45_x60,d_q027_s45,d_q027_s45_x60_g25_r304729,d_q027_s45_x60_g25_r304729_a01,QS60_V1,D3,30.0,5.0,4.5,60.0,6.0,220.83068233333333,200.83068233333333,197.37832935833333,205.24599885,0.2542697725694323,QC_ONLY,0.5,2000,7
d_q027_s45_x60,d_q027_s45,d_q027_s45_x60_g25_r304729,d_q027_s45_x60_g25_r304729_a01,QS60_V1,D3,31.25,5.0,4.5,60.0,5.75,223.62531966666666,203.62531966666666,200.1959953,208.10734105416662,0.25780803570186184,QC_ONLY,0.5,2000,7
d_q027_s45_x60,d_q027_s45,d_q027_s45_x60_g25_r304729,d_q027_s45_x60_g25_r304729_a01,QS60_V1,D3,32.5,5.0,4.5,60.0,5.5,226.44120650000002,206.44120650000002,202.7859991416667,211.16111896666666,0.26137320261945735,QC_ONLY,0.5,2000,7
d_q027_s45_x60,d_q027_s45,d_q027_s45_x60_g25_r304729,d_q027_s45_x60_g25_r304729_a01,QS60_V1,D3,33.75,5.0,4.5,60.0,5.25,229.54227649999999,209.54227649999999,205.78241147916665,214.2951786,0.26529943716918186,QC_ONLY,0.5,2000,7
d_q027_s45_x60,d_q027_s45,d_q027_s45_x60_g25_r304729,d_q027_s45_x60_g25_r304729_a01,QS60_V1,D3,35.0,5.0,4.5,60.0,5.0,232.9019076666667,212.9019076666667,209.12770509166668,217.36500567083337,0.26955303349590076,ACTIVE,0.5,2000,7
d_q027_s45_x60,d_q027_s45,d_q027_s45_x60_g25_r304729,d_q027_s45_x60_g25_r304729_a01,QS60_V1,D3,36.25,5.0,4.5,60.0,4.75,237.04651983333332,217.04651983333332,213.34444601666667,221.30603608333334,0.27480048662787626,ACTIVE,0.5,2000,7
d_q027_s45_x60,d_q027_s45,d_q027_s45_x60_g25_r304729,d_q027_s45_x60_g25_r304729_a01,QS60_V1,D3,37.5,5.0,4.5,60.0,4.5,241.46111133333335,221.46111133333335,217.76859973749998,225.5294972875,0.28038975796654986,ACTIVE,0.5,2000,7
d_q027_s45_x60,d_q027_s45,d_q027_s45_x60_g25_r304729,d_q027_s45_x60_g25_r304729_a01,QS60_V1,D3,38.75,5.0,4.5,60.0,4.25,246.06266116666666,226.06266116666666,222.29344656666666,230.3367426041667,0.28621573543171913,ACTIVE,0.5,2000,7
d_q027_s45_x60,d_q027_s45,d_q027_s45_x60_g25_r304729,d_q027_s45_x60_g25_r304729_a01,QS60_V1,D3,40.0,5.0,4.5,60.0,4.0,250.6212545,230.6212545,226.6455351416667,235.0462729291667,0.29198732609025874,ACTIVE,0.5,2000,7
d_q027_s45_x60,d_q027_s45,d_q027_s45_x60_g25_r304729,d_q027_s45_x60_g25_r304729_a01,QS60_V1,D3,41.25,5.0,4.5,60.0,3.75,255.8658185,235.8658185,231.93494395000002,240.03889455416666,0.29862741753451555,ACTIVE,0.5,2000,7
d_q027_s45_x60,d_q027_s45,d_q027_s45_x60_g25_r304729,d_q027_s45_x60_g25_r304729_a01,QS60_V1,D3,42.5,5.0,4.5,60.0,3.5,261.88796249999996,241.8879625,237.70585934999997,246.3421091458333,0.30625199544995,ACTIVE,0.5,2000,7
d_q027_s45_x60,d_q027_s45,d_q027_s45_x60_g25_r304729,d_q027_s45_x60_g25_r304729_a01,QS60_V1,D3,43.75,5.0,4.5,60.0,3.25,268.47373749999997,248.4737375,243.97991308333334,253.13078116666668,0.31459018108965253,ACTIVE,0.5,2000,7
d_q027_s45_x60,d_q027_s45,d_q027_s45_x60_g25_r304729,d_q027_s45_x60_g25_r304729_a01,QS60_V1,D3,45.0,5.0,4.5,60.0,3.0,275.22489833333333,255.22489833333333,250.60614697499997,259.83423575833336,0.32313776012352813,ACTIVE,0.5,2000,7
d_q027_s45_x60,d_q027_s45,d_q027_s45_x60_g25_r304729,d_q027_s45_x60_g25_r304729_a01,QS60_V1,D3,46.25,5.0,4.5,60.0,2.75,284.1331615,264.1331615,259.202987475,269.07890386249994,0.33441642543034333,ACTIVE,0.5,2000,7
d_q027_s45_x60,d_q027_s45,d_q027_s45_x60_g25_r304729,d_q027_s45_x60_g25_r304729_a01,QS60_V1,D3,47.5,5.0,4.5,60.0,2.5,295.3125025,275.3125025,270.16433270833335,280.55627369166666,0.3485704802815244,ACTIVE,0.5,2000,7
d_q027_s45_x60,d_q027_s45,d_q027_s45_x60_g25_r304729,d_q027_s45_x60_g25_r304729_a01,QS60_V1,D3,48.75,5.0,4.5,60.0,2.25,307.0852365,287.0852365,281.798025225,292.52518838333333,0.3634758242355522,ACTIVE,0.5,2000,7
d_q027_s45_x60,d_q027_s45,d_q027_s45_x60_g25_r304729,d_q027_s45_x60_g25_r304729_a01,QS60_V1,D3,50.0,5.0,4.5,60.0,2.0,320.8726045,300.8726045,294.62542567083335,307.3759978125,0.3809318766920807,ACTIVE,0.5,2000,7
d_q027_s45_x60,d_q027_s45,d_q027_s45_x60_g25_r304729,d_q027_s45_x60_g25_r304729_a01,QS60_V1,D3,51.25,5.0,4.5,60.0,1.75,339.39170416666667,319.39170416666667,312.5902538083334,327.0400614166667,0.4043787285661303,ACTIVE,0.5,2000,7
d_q027_s45_x60,d_q027_s45,d_q027_s45_x60_g25_r304729,d_q027_s45_x60_g25_r304729_a01,QS60_V1,D3,52.5,5.0,4.5,60.0,1.5,362.83277766666663,342.83277766666663,334.5868952,352.5468168208333,0.43405724361362436,ACTIVE,0.5,2000,7
d_q027_s45_x60,d_q027_s45,d_q027_s45_x60_g25_r304729,d_q027_s45_x60_g25_r304729_a01,QS60_V1,D3,53.75,5.0,4.5,60.0,1.25,394.8768285,374.8768285,364.07520421666663,385.99687673333335,0.4746279045451619,ACTIVE,0.5,2000,7
d_q027_s45_x60,d_q027_s45,d_q027_s45_x60_g25_r304729,d_q027_s45_x60_g25_r304729_a01,QS60_V1,D3,55.0,5.0,4.5,60.0,1.0,434.64383749999996,414.64383749999996,401.1351831041667,428.43758579166666,0.5249765276575092,ACTIVE,0.5,2000,7
d_q027_s45_x60,d_q027_s45,d_q027_s45_x60_g25_r304729,d_q027_s45_x60_g25_r304729_a01,QS60_V1,D3,56.25,5.0,4.5,60.0,0.75,481.1352435,461.1352435,445.58207136249996,478.3133464291666,0.5838388443747944,ACTIVE,0.5,2000,7
d_q027_s45_x60,d_q027_s45,d_q027_s45_x60_g25_r304729,d_q027_s45_x60_g25_r304729_a01,QS60_V1,D3,57.5,5.0,4.5,60.0,0.5,567.6102706666667,547.6102706666667,520.3249808250001,576.0035729625,0.6933240347607373,ACTIVE,0.5,2000,7
d_q027_s45_x60,d_q027_s45,d_q027_s45_x60_g25_r304729,d_q027_s45_x60_g25_r304729_a01,QS60_V1,D3,58.75,5.0,4.5,60.0,0.25,758.1839588333333,738.1839588333333,702.2224793833333,771.6990673041665,0.9346075268290878,ACTIVE,0.5,2000,7
d_q027_s45_x60,d_q027_s45,d_q027_s45_x60_g25_r304729,d_q027_s45_x60_g25_r304729_a01,QS60_V1,D3,60.0,5.0,4.5,60.0,0.0,847.7236909999999,827.7236909999999,809.6893064458333,846.6886478291667,1.0479729103921318,ACTIVE,0.5,2000,7
d_q027_s45_x60,d_q027_s45,d_q027_s45_x60_g25_r304729,d_q027_s45_x60_g25_r304729_a01,QS60_V1,D3,61.25,5.0,4.5,60.0,0.25,677.5817796666666,657.5817796666666,632.4775932416668,684.7553191166667,0.8325578921458154,ACTIVE,0.5,2000,7
d_q027_s45_x60,d_q027_s45,d_q027_s45_x60_g25_r304729,d_q027_s45_x60_g25_r304729_a01,QS60_V1,D3,62.5,5.0,4.5,60.0,0.5,539.502936,519.502936,502.6596641833333,533.87768865,0.6577376118586624,ACTIVE,0.5,2000,7
d_q027_s45_x60,d_q027_s45,d_q027_s45_x60_g25_r304729,d_q027_s45_x60_g25_r304729_a01,QS60_V1,D3,63.75,5.0,4.5,60.0,0.75,483.4419218333333,463.4419218333333,448.07957640833337,475.2477653208333,0.5867593073657731,ACTIVE,0.5,2000,7
d_q027_s45_x60,d_q027_s45,d_q027_s45_x60_g25_r304729,d_q027_s45_x60_g25_r304729_a01,QS60_V1,D3,65.0,5.0,4.5,60.0,1.0,436.89020650000003,416.89020650000003,405.69426101666664,426.9528054291667,0.5278206335884397,ACTIVE,0.5,2000,7
d_q027_s45_x60,d_q027_s45,d_q027_s45_x60_g25_r304729,d_q027_s45_x60_g25_r304729_a01,QS60_V1,D3,66.25,5.0,4.5,60.0,1.25,401.41952233333336,381.41952233333336,372.8264613041667,390.4004453416667,0.48291154553898125,ACTIVE,0.5,2000,7
d_q027_s45_x60,d_q027_s45,d_q027_s45_x60_g25_r304729,d_q027_s45_x60_g25_r304729_a01,QS60_V1,D3,67.5,5.0,4.5,60.0,1.5,372.69631616666663,352.69631616666663,344.3464336166667,360.5677055125,0.4465453737239534,ACTIVE,0.5,2000,7
d_q027_s45_x60,d_q027_s45,d_q027_s45_x60_g25_r304729,d_q027_s45_x60_g25_r304729_a01,QS60_V1,D3,68.75,5.0,4.5,60.0,1.75,350.74098299999997,330.74098299999997,322.40074623333334,339.20309257083335,0.41874794005438776,ACTIVE,0.5,2000,7
d_q027_s45_x60,d_q027_s45,d_q027_s45_x60_g25_r304729,d_q027_s45_x60_g25_r304729_a01,QS60_V1,D3,70.0,5.0,4.5,60.0,2.0,335.0929213333333,315.0929213333333,306.76568564999997,324.13905990416663,0.39893608145336074,ACTIVE,0.5,2000,7
d_q027_s45_x60,d_q027_s45,d_q027_s45_x60_g25_r304729,d_q027_s45_x60_g25_r304729_a01,QS60_V1,D3,72.5,5.0,4.5,60.0,2.5,306.37737050000004,286.37737050000004,279.7310907291666,293.7918117541667,0.3625796019813705,ACTIVE,0.5,2000,7
d_q027_s45_x60,d_q027_s45,d_q027_s45_x60_g25_r304729,d_q027_s45_x60_g25_r304729_a01,QS60_V1,D3,75.0,5.0,4.5,60.0,3.0,285.54204016666665,265.54204016666665,259.94670310416666,271.4852803583333,0.3362001930000649,ACTIVE,0.5,2000,7
d_q027_s45_x60,d_q027_s45,d_q027_s45_x60_g25_r304729,d_q027_s45_x60_g25_r304729_a01,QS60_V1,D3,77.5,5.0,4.5,60.0,3.5,270.7178856666667,250.71788566666666,245.78834284999996,256.1557273125,0.317431475245111,ACTIVE,0.5,2000,7
d_q027_s45_x60,d_q027_s45,d_q027_s45_x60_g25_r304729,d_q027_s45_x60_g25_r304729_a01,QS60_V1,D3,80.0,5.0,4.5,60.0,4.0,257.69001783333334,237.69001783333334,232.8217041,242.77895409166666,0.3009370185587162,ACTIVE,0.5,2000,7
d_q027_s45_x60,d_q027_s45,d_q027_s45_x60_g25_r304729,d_q027_s45_x60_g25_r304729_a01,QS60_V1,D3,82.5,5.0,4.5,60.0,4.5,248.4247575,228.4247575,223.71935276666665,233.2910394625,0.28920636261321164,ACTIVE,0.5,2000,7
d_q027_s45_x60,d_q027_s45,d_q027_s45_x60_g25_r304729,d_q027_s45_x60_g25_r304729_a01,QS60_V1,D3,85.0,5.0,4.5,60.0,5.0,240.01272233333333,220.01272233333333,215.15519878333333,225.21345314583334,0.2785559667482797,ACTIVE,0.5,2000,7
d_q027_s45_x60,d_q027_s45,d_q027_s45_x60_g25_r304729,d_q027_s45_x60_g25_r304729_a01,QS60_V1,D3,90.0,5.0,4.5,60.0,6.0,225.08836883333333,205.08836883333333,200.74928822916667,209.72310169166667,0.259660388014487,QC_ONLY,0.5,2000,7
d_q027_s45_x60,d_q027_s45,d_q027_s45_x60_g25_r304729,d_q027_s45_x60_g25_r304729_a01,QS60_V1,D3,95.0,5.0,4.5,60.0,7.0,213.43394066666667,193.43394066666667,189.51414855000002,197.32633997083335,0.24490482992477938,QC_ONLY,0.5,2000,7
d_q036_s35_x40,d_q036_s35,d_q036_s35_x40_g25_r104729,d_q036_s35_x40_g25_r104729_a01,QS60_V1,D3,5.0,5.0,4.5,40.0,7.0,270.3840575409836,250.3840575409836,246.16125248360655,254.78356028688526,0.24239139069477583,QC_ONLY,0.5,2000,11
d_q036_s35_x40,d_q036_s35,d_q036_s35_x40_g25_r104729,d_q036_s35_x40_g25_r104729_a01,QS60_V1,D3,10.0,5.0,4.5,40.0,6.0,286.6871891803279,266.6871891803279,261.6964877213114,271.9934765450819,0.2581740998239057,QC_ONLY,0.5,2000,11
d_q036_s35_x40,d_q036_s35,d_q036_s35_x40_g25_r104729,d_q036_s35_x40_g25_r104729_a01,QS60_V1,D3,15.0,5.0,4.5,40.0,5.0,306.5731354098361,286.5731354098361,280.10442952459016,293.70105427459015,0.2774252542671675,ACTIVE,0.5,2000,11
d_q036_s35_x40,d_q036_s35,d_q036_s35_x40_g25_r104729,d_q036_s35_x40_g25_r104729_a01,QS60_V1,D3,17.5,5.0,4.5,40.0,4.5,319.1673875409836,299.1673875409836,292.66361019262297,306.7341815081968,0.28961747736160237,ACTIVE,0.5,2000,11
d_q036_s35_x40,d_q036_s35,d_q036_s35_x40_g25_r104729,d_q036_s35_x40_g25_r104729_a01,QS60_V1,D3,20.0,5.0,4.5,40.0,4.0,334.5674013114754,314.5674013114754,307.77693069262295,322.6367886967213,0.30452589761490545,ACTIVE,0.5,2000,11
d_q036_s35_x40,d_q036_s35,d_q036_s35_x40_g25_r104729,d_q036_s35_x40_g25_r104729_a01,QS60_V1,D3,22.5,5.0,4.5,40.0,3.5,355.01417475409835,335.01417475409835,326.40395673360655,344.81520201229506,0.3243199767533792,ACTIVE,0.5,2000,11
d_q036_s35_x40,d_q036_s35,d_q036_s35_x40_g25_r104729,d_q036_s35_x40_g25_r104729_a01,QS60_V1,D3,25.0,5.0,4.5,40.0,3.0,380.28881344262294,360.28881344262294,351.54231065163935,370.0407235409836,0.34878780781733054,ACTIVE,0.5,2000,11
d_q036_s35_x40,d_q036_s35,d_q036_s35_x40_g25_r104729,d_q036_s35_x40_g25_r104729_a01,QS60_V1,D3,27.5,5.0,4.5,40.0,2.5,416.6644937704918,396.6644937704918,386.4904558811475,406.10122271721315,0.38400231719438027,ACTIVE,0.5,2000,11
d_q036_s35_x40,d_q036_s35,d_q036_s35_x40_g25_r104729,d_q036_s35_x40_g25_r104729_a01,QS60_V1,D3,30.0,5.0,4.5,40.0,2.0,466.7751149180328,446.7751149180328,432.84333168442623,458.85585318032787,0.4325133257139357,ACTIVE,0.5,2000,11
d_q036_s35_x40,d_q036_s35,d_q036_s35_x40_g25_r104729,d_q036_s35_x40_g25_r104729_a01,QS60_V1,D3,31.25,5.0,4.5,40.0,1.75,497.7129250819672,477.7129250819672,462.26359531557375,491.42441328278693,0.4624635505978006,ACTIVE,0.5,2000,11
d_q036_s35_x40,d_q036_s35,d_q036_s35_x40_g25_r104729,d_q036_s35_x40_g25_r104729_a01,QS60_V1,D3,32.5,5.0,4.5,40.0,1.5,534.1335204918033,514.1335204918033,494.76415507786885,533.4069557991803,0.49772154129426077,ACTIVE,0.5,2000,11
d_q036_s35_x40,d_q036_s35,d_q036_s35_x40_g25_r104729,d_q036_s35_x40_g25_r104729_a01,QS60_V1,D3,33.75,5.0,4.5,40.0,1.25,578.6251826229509,558.6251826229509,532.6326906844262,581.6085217581968,0.5407929571192309,ACTIVE,0.5,2000,11
d_q036_s35_x40,d_q036_s35,d_q036_s35_x40_g25_r104729,d_q036_s35_x40_g25_r104729_a01,QS60_V1,D3,35.0,5.0,4.5,40.0,1.0,630.5394403278689,610.5394403278689,579.3798490696721,637.8528758155738,0.5910500271801805,ACTIVE,0.5,2000,11
d_q036_s35_x40,d_q036_s35,d_q036_s35_x40_g25_r104729,d_q036_s35_x40_g25_r104729_a01,QS60_V1,D3,36.25,5.0,4.5,40.0,0.75,681.6685547540983,661.6685547540983,627.9708008237704,694.1471315614754,0.6405470170144374,ACTIVE,0.5,2000,11
d_q036_s35_x40,d_q036_s35,d_q036_s35_x40_g25_r104729,d_q036_s35_x40_g25_r104729_a01,QS60_V1,D3,37.5,5.0,4.5,40.0,0.5,747.9609624590164,727.9609624590164,699.500913159836,759.4793419180328,0.7047232631137722,ACTIVE,0.5,2000,11
d_q036_s35_x40,d_q036_s35,d_q036_s35_x40_g25_r104729,d_q036_s35_x40_g25_r104729_a01,QS60_V1,D3,38.75,5.0,4.5,40.0,0.25,951.2696998360656,931.2696998360656,895.2662421967214,964.6181270368853,0.9015420545224687,ACTIVE,0.5,2000,11
d_q036_s35_x40,d_q036_s35,d_q036_s35_x40_g25_r104729,d_q036_s35_x40_g25_r104729_a01,QS60_V1,D3,40.0,5.0,4.5,40.0,0.0,1089.1722655737703,1069.1722655737703,1043.4293307090165,1095.9478622950821,1.0350425457990295,ACTIVE,0.5,2000,11
d_q036_s35_x40,d_q036_s35,d_q036_s35_x40_g25_r104729,d_q036_s35_x40_g25_r104729_a01,QS60_V1,D3,41.25,5.0,4.5,40.0,0.25,946.8152032786886,926.8152032786886,884.8249261967213,964.3737448237704,0.8972297527489783,ACTIVE,0.5,2000,11
d_q036_s35_x40,d_q036_s35,d_q036_s35_x40_g25_r104729,d_q036_s35_x40_g25_r104729_a01,QS60_V1,D3,42.5,5.0,4.5,40.0,0.5,732.132621147541,712.132621147541,682.4731355532786,743.4568042254098,0.6894001882320894,ACTIVE,0.5,2000,11
d_q036_s35_x40,d_q036_s35,d_q036_s35_x40_g25_r104729,d_q036_s35_x40_g25_r104729_a01,QS60_V1,D3,43.75,5.0,4.5,40.0,0.75,661.1348786885245,641.1348786885245,608.6881409426229,677.9748415245901,0.6206688093262511,ACTIVE,0.5,2000,11
d_q036_s35_x40,d_q036_s35,d_q036_s35_x40_g25_r104729,d_q036_s35_x40_g25_r104729_a01,QS60_V1,D3,45.0,5.0,4.5,40.0,1.0,611.3704659016394,591.3704659016394,560.5530020245901,624.5542361106557,0.5724929576327081,ACTIVE,0.5,2000,11
d_q036_s35_x40,d_q036_s35,d_q036_s35_x40_g25_r104729,d_q036_s35_x40_g25_r104729_a01,QS60_V1,D3,46.25,5.0,4.5,40.0,1.25,558.7498727868852,538.7498727868852,510.94134886065575,567.6193120819672,0.5215520995384124,ACTIVE,0.5,2000,11
d_q036_s35_x40,d_q036_s35,d_q036_s35_x40_g25_r104729,d_q036_s35_x40_g25_r104729_a01,QS60_V1,D3,47.5,5.0,4.5,40.0,1.5,514.8461404918032,494.8461404918033,474.82524777868855,515.6135055983607,0.47904984587174615,ACTIVE,0.5,2000,11
d_q036_s35_x40,d_q036_s35,d_q036_s35_x40_g25_r104729,d_q036_s35_x40_g25_r104729_a01,QS60_V1,D3,48.75,5.0,4.5,40.0,1.75,480.3239483606557,460.3239483606557,443.34601335245907,478.6566960532787,0.44562965832992785,ACTIVE,0.5,2000,11
d_q036_s35_x40,d_q036_s35,d_q036_s35_x40_g25_r104729,d_q036_s35_x40_g25_r104729_a01,QS60_V1,D3,50.0,5.0,4.5,40.0,2.0,449.8612881967213,429.8612881967213,413.38721034016396,447.64985333196717,0.41613941588432085,ACTIVE,0.5,2000,11
d_q036_s35_x40,d_q036_s35,d_q036_s35_x40_g25_r104729,d_q036_s35_x40_g25_r104729_a01,QS60_V1,D3,51.25,5.0,4.5,40.0,2.25,423.08947262295084,403.08947262295084,387.1900903811475,419.35180156147544,0.390222200259328,ACTIVE,0.5,2000,11
d_q036_s35_x40,d_q036_s35,d_q036_s35_x40_g25_r104729,d_q036_s35_x40_g25_r104729_a01,QS60_V1,D3,52.5,5.0,4.5,40.0,2.5,401.0827706557377,381.0827706557377,366.9032891106557,395.1455088278688,0.3689179880549822,ACTIVE,0.5,2000,11
d_q036_s35_x40,d_q036_s35,d_q036_s35_x40_g25_r104729,d_q036_s35_x40_g25_r104729_a01,QS60_V1,D3,53.75,5.0,4.5,40.0,2.75,383.07105606557377,363.07105606557377,351.1958159016393,374.7940727131147,0.35148123672510734,ACTIVE,0.5,2000,11
d_q036_s35_x40,d_q036_s35,d_q036_s35_x40_g25_r104729,d_q036_s35_x40_g25_r104729_a01,QS60_V1,D3,55.0,5.0,4.5,40.0,3.0,367.7642937704918,347.7642937704918,336.9772674221311,358.07461713934424,0.33666309120826676,ACTIVE,0.5,2000,11
d_q036_s35_x40,d_q036_s35,d_q036_s35_x40_g25_r104729,d_q036_s35_x40_g25_r104729_a01,QS60_V1,D3,56.25,5.0,4.5,40.0,3.25,354.54021737704915,334.54021737704915,324.11238881967216,344.3313099180328,0.32386114886760536,ACTIVE,0.5,2000,11
d_q036_s35_x40,d_q036_s35,d_q036_s35_x40_g25_r104729,d_q036_s35_x40_g25_r104729_a01,QS60_V1,D3,57.5,5.0,4.5,40.0,3.5,343.12072,323.12072,312.4560804918033,332.7894482827869,0.3128061804425281,ACTIVE,0.5,2000,11
d_q036_s35_x40,d_q036_s35,d_q036_s35_x40_g25_r104729,d_q036_s35_x40_g25_r104729_a01,QS60_V1,D3,58.75,5.0,4.5,40.0,3.75,333.599141147541,313.599141147541,303.0827810286885,323.05688895491807,0.3035885458921345,ACTIVE,0.5,2000,11
d_q036_s35_x40,d_q036_s35,d_q036_s35_x40_g25_r104729,d_q036_s35_x40_g25_r104729_a01,QS60_V1,D3,60.0,5.0,4.5,40.0,4.0,325.4132532786885,305.4132532786885,295.52962646721306,314.66348954918027,0.2956639648940897,ACTIVE,0.5,2000,11
d_q036_s35_x40,d_q036_s35,d_q036_s35_x40_g25_r104729,d_q036_s35_x40_g25_r104729_a01,QS60_V1,D3,61.25,5.0,4.5,40.0,4.25,317.43193459016396,297.43193459016396,288.1433457418033,306.389357795082,0.2879374228950129,ACTIVE,0.5,2000,11
d_q036_s35_x40,d_q036_s35,d_q036_s35_x40_g25_r104729,d_q036_s35_x40_g25_r104729_a01,QS60_V1,D3,62.5,5.0,4.5,40.0,4.5,310.72196967213114,290.72196967213114,282.03961929508193,299.02756019672137,0.28144165098378043,ACTIVE,0.5,2000,11
d_q036_s35_x40,d_q036_s35,d_q036_s35_x40_g25_r104729,d_q036_s35_x40_g25_r104729_a01,QS60_V1,D3,63.75,5.0,4.5,40.0,4.75,304.64605262295083,284.64605262295083,276.3966242827869,292.91405940573765,0.2755596871009328,ACTIVE,0.5,2000,11
d_q036_s35_x40,d_q036_s35,d_q036_s35_x40_g25_r104729,d_q036_s35_x40_g25_r104729_a01,QS60_V1,D3,65.0,5.0,4.5,40.0,5.0,299.39291721311474,279.39291721311474,271.27061752459014,287.5696015696721,0.2704742403276704,ACTIVE,0.5,2000,11
d_q036_s35_x40,d_q036_s35,d_q036_s35_x40_g25_r104729,d_q036_s35_x40_g25_r104729_a01,QS60_V1,D3,66.25,5.0,4.5,40.0,5.25,294.1055413114754,274.1055413114754,266.14005576229505,281.8786330778688,0.2653556460748609,QC_ONLY,0.5,2000,11
d_q036_s35_x40,d_q036_s35,d_q036_s35_x40_g25_r104729,d_q036_s35_x40_g25_r104729_a01,QS60_V1,D3,67.5,5.0,4.5,40.0,5.5,288.93890721311476,268.93890721311476,261.1466409836066,276.49437859016393,0.2603539393503515,QC_ONLY,0.5,2000,11
d_q036_s35_x40,d_q036_s35,d_q036_s35_x40_g25_r104729,d_q036_s35_x40_g25_r104729_a01,QS60_V1,D3,68.75,5.0,4.5,40.0,5.75,283.89419196721315,263.89419196721315,256.09910544262294,271.4135945,0.255470259629996,QC_ONLY,0.5,2000,11
d_q036_s35_x40,d_q036_s35,d_q036_s35_x40_g25_r104729,d_q036_s35_x40_g25_r104729_a01,QS60_V1,D3,70.0,5.0,4.5,40.0,6.0,279.49152852459014,259.49152852459014,251.9489880081967,267.02550799180324,0.25120813637383077,QC_ONLY,0.5,2000,11
d_q036_s35_x40,d_q036_s35,d_q036_s35_x40_g25_r104729,d_q036_s35_x40_g25_r104729_a01,QS60_V1,D3,72.5,5.0,4.5,40.0,6.5,271.1249347540984,251.12493475409838,243.82042431557377,258.66789402049176,0.24310861790079139,QC_ONLY,0.5,2000,11
d_q036_s35_x40,d_q036_s35,d_q036_s35_x40_g25_r104729,d_q036_s35_x40_g25_r104729_a01,QS60_V1,D3,75.0,5.0,4.5,40.0,7.0,263.30788245901635,243.30788245901638,236.28054150000003,250.68490390983604,0.23554109864438438,QC_ONLY,0.5,2000,11
d_q036_s35_x40,d_q036_s35,d_q036_s35_x40_g25_r104729,d_q036_s35_x40_g25_r104729_a01,QS60_V1,D3,77.5,5.0,4.5,40.0,7.5,256.4334270491803,236.43342704918032,229.77143289344264,243.77081840573769,0.22888608704570607,QC_ONLY,0.5,2000,11
d_q036_s35_x40,d_q036_s35,d_q036_s35_x40_g25_r104729,d_q036_s35_x40_g25_r104729_a01,QS60_V1,D3,80.0,5.0,4.5,40.0,8.0,249.8733186885246,229.8733186885246,223.51448481557378,236.98272797950818,0.22253538802651032,QC_ONLY,0.5,2000,11
d_q036_s35_x40,d_q036_s35,d_q036_s35_x40_g25_r104729,d_q036_s35_x40_g25_r104729_a01,QS60_V1,D3,82.5,5.0,4.5,40.0,8.5,243.4698336065574,223.4698336065574,217.50976051639344,230.22003232377048,0.2163363126158995,QC_ONLY,0.5,2000,11
d_q036_s35_x40,d_q036_s35,d_q036_s35_x40_g25_r104729,d_q036_s35_x40_g25_r104729_a01,QS60_V1,D3,85.0,5.0,4.5,40.0,9.0,237.5184013114754,217.5184013114754,211.89219632377052,223.87748269672133,0.21057485973108633,QC_ONLY,0.5,2000,11
d_q036_s35_x40,d_q036_s35,d_q036_s35_x40_g25_r104729,d_q036_s35_x40_g25_r104729_a01,QS60_V1,D3,90.0,5.0,4.5,40.0,10.0,226.2058119672131,206.2058119672131,201.24757920081967,211.83788748770493,0.19962338666029864,QC_ONLY,0.5,2000,11
d_q036_s35_x40,d_q036_s35,d_q036_s35_x40_g25_r104729,d_q036_s35_x40_g25_r104729_a01,QS60_V1,D3,95.0,5.0,4.5,40.0,11.0,215.39370737704917,195.39370737704917,191.0518039139344,200.42564402459016,0.1891564220552609,QC_ONLY,0.5,2000,11
d_q036_s35_x60,d_q036_s35,d_q036_s35_x60_g25_r104729,d_q036_s35_x60_g25_r104729_a01,QS60_V1,D3,5.0,5.0,4.5,60.0,11.0,214.586906,194.586906,192.79675315833333,196.5570642875,0.18979991657062797,QC_ONLY,0.5,2000,6
d_q036_s35_x60,d_q036_s35,d_q036_s35_x60_g25_r104729,d_q036_s35_x60_g25_r104729_a01,QS60_V1,D3,10.0,5.0,4.5,60.0,10.0,224.75547916666667,204.75547916666667,202.86156842083332,206.71019298333334,0.19971833491824104,QC_ONLY,0.5,2000,6
d_q036_s35_x60,d_q036_s35,d_q036_s35_x60_g25_r104729,d_q036_s35_x60_g25_r104729_a01,QS60_V1,D3,15.0,5.0,4.5,60.0,9.0,235.1417415,215.1417415,213.3365135875,217.05641504583332,0.20984908710948727,QC_ONLY,0.5,2000,6
d_q036_s35_x60,d_q036_s35,d_q036_s35_x60_g25_r104729,d_q036_s35_x60_g25_r104729_a01,QS60_V1,D3,17.5,5.0,4.5,60.0,8.5,240.67545433333333,220.67545433333333,218.89387990833333,222.605604825,0.21524666629753644,QC_ONLY,0.5,2000,6
d_q036_s35_x60,d_q036_s35,d_q036_s35_x60_g25_r104729,d_q036_s35_x60_g25_r104729_a01,QS60_V1,D3,20.0,5.0,4.5,60.0,8.0,246.65970483333334,226.65970483333334,224.734704075,228.8511894791667,0.22108369957477936,QC_ONLY,0.5,2000,6
d_q036_s35_x60,d_q036_s35,d_q036_s35_x60_g25_r104729,d_q036_s35_x60_g25_r104729_a01,QS60_V1,D3,22.5,5.0,4.5,60.0,7.5,253.13443866666665,233.13443866666665,230.9920898125,235.46001884999998,0.22739914991337348,QC_ONLY,0.5,2000,6
d_q036_s35_x60,d_q036_s35,d_q036_s35_x60_g25_r104729,d_q036_s35_x60_g25_r104729_a01,QS60_V1,D3,25.0,5.0,4.5,60.0,7.0,259.8402985,239.8402985,237.51384184583335,242.32409411666666,0.2339400403723697,QC_ONLY,0.5,2000,6
d_q036_s35_x60,d_q036_s35,d_q036_s35_x60_g25_r104729,d_q036_s35_x60_g25_r104729_a01,QS60_V1,D3,27.5,5.0,4.5,60.0,6.5,266.735251,246.735251,244.25320305416665,249.37162538333334,0.24066537167116966,QC_ONLY,0.5,2000,6
d_q036_s35_x60,d_q036_s35,d_q036_s35_x60_g25_r104729,d_q036_s35_x60_g25_r104729_a01,QS60_V1,D3,30.0,5.0,4.5,60.0,6.0,274.0389865,254.03898650000002,251.50736147916663,256.65648597916663,0.2477894295898147,QC_ONLY,0.5,2000,6
d_q036_s35_x60,d_q036_s35,d_q036_s35_x60_g25_r104729,d_q036_s35_x60_g25_r104729_a01,QS60_V1,D3,31.25,5.0,4.5,60.0,5.75,278.23611766666664,258.23611766666664,255.65371104583332,261.0472886416667,0.2518833080611097,QC_ONLY,0.5,2000,6
d_q036_s35_x60,d_q036_s35,d_q036_s35_x60_g25_r104729,d_q036_s35_x60_g25_r104729_a01,QS60_V1,D3,32.5,5.0,4.5,60.0,5.5,282.5039595,262.5039595,259.697075875,265.46043294166674,0.25604615766160294,QC_ONLY,0.5,2000,6
d_q036_s35_x60,d_q036_s35,d_q036_s35_x60_g25_r104729,d_q036_s35_x60_g25_r104729_a01,QS60_V1,D3,33.75,5.0,4.5,60.0,5.25,287.26912266666665,267.26912266666665,264.3620208375,270.41912037500003,0.26069409410332195,QC_ONLY,0.5,2000,6
d_q036_s35_x60,d_q036_s35,d_q036_s35_x60_g25_r104729,d_q036_s35_x60_g25_r104729_a01,QS60_V1,D3,35.0,5.0,4.5,60.0,5.0,292.0463751666667,272.0463751666667,268.8979132166666,275.23516274583335,0.26535382247135936,ACTIVE,0.5,2000,6
d_q036_s35_x60,d_q036_s35,d_q036_s35_x60_g25_r104729,d_q036_s35_x60_g25_r104729_a01,QS60_V1,D3,36.25,5.0,4.5,60.0,4.75,297.3082248333333,277.3082248333333,273.9691428125,280.61394594583334,0.2704862265383654,ACTIVE,0.5,2000,6
d_q036_s35_x60,d_q036_s35,d_q036_s35_x60_g25_r104729,d_q036_s35_x60_g25_r104729_a01,QS60_V1,D3,37.5,5.0,4.5,60.0,4.5,303.2766916666667,283.2766916666667,279.5905117583334,286.91575947916664,0.2763078644394338,ACTIVE,0.5,2000,6
d_q036_s35_x60,d_q036_s35,d_q036_s35_x60_g25_r104729,d_q036_s35_x60_g25_r104729_a01,QS60_V1,D3,38.75,5.0,4.5,60.0,4.25,310.30975483333333,290.30975483333333,286.235561525,294.26000834999996,0.2831679087749415,ACTIVE,0.5,2000,6
d_q036_s35_x60,d_q036_s35,d_q036_s35_x60_g25_r104729,d_q036_s35_x60_g25_r104729_a01,QS60_V1,D3,40.0,5.0,4.5,60.0,4.0,317.987911,297.987911,293.64886735,302.15897090833334,0.2906571763202592,ACTIVE,0.5,2000,6
d_q036_s35_x60,d_q036_s35,d_q036_s35_x60_g25_r104729,d_q036_s35_x60_g25_r104729_a01,QS60_V1,D3,41.25,5.0,4.5,60.0,3.75,326.2942135,306.2942135,301.82714839999994,310.56413687500003,0.29875913730991804,ACTIVE,0.5,2000,6
d_q036_s35_x60,d_q036_s35,d_q036_s35_x60_g25_r104729,d_q036_s35_x60_g25_r104729_a01,QS60_V1,D3,42.5,5.0,4.5,60.0,3.5,334.6217918333333,314.6217918333333,310.0391187458333,319.22699712083335,0.30688185073084073,ACTIVE,0.5,2000,6
d_q036_s35_x60,d_q036_s35,d_q036_s35_x60_g25_r104729,d_q036_s35_x60_g25_r104729_a01,QS60_V1,D3,43.75,5.0,4.5,60.0,3.25,344.7253136666667,324.7253136666667,319.7824343291667,329.7558262791667,0.31673681805858167,ACTIVE,0.5,2000,6
d_q036_s35_x60,d_q036_s35,d_q036_s35_x60_g25_r104729,d_q036_s35_x60_g25_r104729_a01,QS60_V1,D3,45.0,5.0,4.5,60.0,3.0,357.981868,337.981868,333.2728245875,343.1098625458333,0.3296672508312815,ACTIVE,0.5,2000,6
d_q036_s35_x60,d_q036_s35,d_q036_s35_x60_g25_r104729,d_q036_s35_x60_g25_r104729_a01,QS60_V1,D3,46.25,5.0,4.5,60.0,2.75,374.3446925,354.3446925,348.8042203291667,360.1199622125,0.3456275371054249,ACTIVE,0.5,2000,6
d_q036_s35_x60,d_q036_s35,d_q036_s35_x60_g25_r104729,d_q036_s35_x60_g25_r104729_a01,QS60_V1,D3,47.5,5.0,4.5,60.0,2.5,392.45231033333334,372.45231033333334,365.7585903875,378.94130344999996,0.36328969343807904,ACTIVE,0.5,2000,6
d_q036_s35_x60,d_q036_s35,d_q036_s35_x60_g25_r104729,d_q036_s35_x60_g25_r104729_a01,QS60_V1,D3,48.75,5.0,4.5,60.0,2.25,413.96658933333333,393.96658933333333,386.758521325,401.15909545,0.3842747044196361,ACTIVE,0.5,2000,6
d_q036_s35_x60,d_q036_s35,d_q036_s35_x60_g25_r104729,d_q036_s35_x60_g25_r104729_a01,QS60_V1,D3,50.0,5.0,4.5,60.0,2.0,438.79113966666665,418.79113966666665,410.51708707499995,426.556959,0.4084885514817299,ACTIVE,0.5,2000,6
d_q036_s35_x60,d_q036_s35,d_q036_s35_x60_g25_r104729,d_q036_s35_x60_g25_r104729_a01,QS60_V1,D3,51.25,5.0,4.5,60.0,1.75,469.4135635,449.4135635,438.83112146249994,459.0586741166666,0.43835763984041465,ACTIVE,0.5,2000,6
d_q036_s35_x60,d_q036_s35,d_q036_s35_x60_g25_r104729,d_q036_s35_x60_g25_r104729_a01,QS60_V1,D3,52.5,5.0,4.5,60.0,1.5,511.4533515,491.4533515,477.8446897083333,504.70106869999995,0.4793632163155701,ACTIVE,0.5,2000,6
d_q036_s35_x60,d_q036_s35,d_q036_s35_x60_g25_r104729,d_q036_s35_x60_g25_r104729_a01,QS60_V1,D3,53.75,5.0,4.5,60.0,1.25,560.8070476666667,540.8070476666667,524.3680716875,557.8398582583334,0.5275027731205149,ACTIVE,0.5,2000,6
d_q036_s35_x60,d_q036_s35,d_q036_s35_x60_g25_r104729,d_q036_s35_x60_g25_r104729_a01,QS60_V1,D3,55.0,5.0,4.5,60.0,1.0,612.8794226666666,592.8794226666666,572.8622642708333,613.6424416750001,0.5782941271422211,ACTIVE,0.5,2000,6
d_q036_s35_x60,d_q036_s35,d_q036_s35_x60_g25_r104729,d_q036_s35_x60_g25_r104729_a01,QS60_V1,D3,56.25,5.0,4.5,60.0,0.75,672.3301233333333,652.3301233333333,630.9086909875001,673.9946305416667,0.6362822942730489,ACTIVE,0.5,2000,6
d_q036_s35_x60,d_q036_s35,d_q036_s35_x60_g25_r104729,d_q036_s35_x60_g25_r104729_a01,QS60_V1,D3,57.5,5.0,4.5,60.0,0.5,783.3768835,763.3768835,735.5109020000001,792.4586672541667,0.7445972176578314,ACTIVE,0.5,2000,6
d_q036_s35_x60,d_q036_s35,d_q036_s35_x60_g25_r104729,d_q036_s35_x60_g25_r104729_a01,QS60_V1,D3,58.75,5.0,4.5,60.0,0.25,992.2326371666666,972.2326371666666,947.0274385875,1000.1522969791667,0.9483149571301315,ACTIVE,0.5,2000,6
d_q036_s35_x60,d_q036_s35,d_q036_s35_x60_g25_r104729,d_q036_s35_x60_g25_r104729_a01,QS60_V1,D3,60.0,5.0,4.5,60.0,0.0,1078.3155723333334,1058.3155723333334,1029.7968473166666,1083.0514606833333,1.032280185051419,ACTIVE,0.5,2000,6
d_q036_s35_x60,d_q036_s35,d_q036_s35_x60_g25_r104729,d_q036_s35_x60_g25_r104729_a01,QS60_V1,D3,61.25,5.0,4.5,60.0,0.25,908.7392716666667,888.7392716666667,856.818796625,915.9093325875,0.8668755934449875,ACTIVE,0.5,2000,6
d_q036_s35_x60,d_q036_s35,d_q036_s35_x60_g25_r104729,d_q036_s35_x60_g25_r104729_a01,QS60_V1,D3,62.5,5.0,4.5,60.0,0.5,746.7719388333334,726.7719388333334,699.9851160666667,757.6379837958333,0.7088927831374234,ACTIVE,0.5,2000,6
d_q036_s35_x60,d_q036_s35,d_q036_s35_x60_g25_r104729,d_q036_s35_x60_g25_r104729_a01,QS60_V1,D3,63.75,5.0,4.5,60.0,0.75,688.3198833333333,668.3198833333333,650.7624617541667,687.2551346791666,0.6518786937244302,ACTIVE,0.5,2000,6
d_q036_s35_x60,d_q036_s35,d_q036_s35_x60_g25_r104729,d_q036_s35_x60_g25_r104729_a01,QS60_V1,D3,65.0,5.0,4.5,60.0,1.0,640.3044463333333,620.3044463333333,603.8022292333334,636.5888019208334,0.6050444738684331,ACTIVE,0.5,2000,6
d_q036_s35_x60,d_q036_s35,d_q036_s35_x60_g25_r104729,d_q036_s35_x60_g25_r104729_a01,QS60_V1,D3,66.25,5.0,4.5,60.0,1.25,588.0228971666667,568.0228971666667,554.0903393541666,582.6996795083334,0.5540490915274624,ACTIVE,0.5,2000,6
d_q036_s35_x60,d_q036_s35,d_q036_s35_x60_g25_r104729,d_q036_s35_x60_g25_r104729_a01,QS60_V1,D3,67.5,5.0,4.5,60.0,1.5,540.999601,520.999601,508.745389475,532.9293351916667,0.5081826050676321,ACTIVE,0.5,2000,6
d_q036_s35_x60,d_q036_s35,d_q036_s35_x60_g25_r104729,d_q036_s35_x60_g25_r104729_a01,QS60_V1,D3,68.75,5.0,4.5,60.0,1.75,502.22238366666664,482.22238366666664,472.4986348333333,491.3518537416666,0.4703593374798954,ACTIVE,0.5,2000,6
d_q036_s35_x60,d_q036_s35,d_q036_s35_x60_g25_r104729,d_q036_s35_x60_g25_r104729_a01,QS60_V1,D3,70.0,5.0,4.5,60.0,2.0,470.04948733333333,450.04948733333333,440.26334564166666,458.7081796291667,0.43897791945219866,ACTIVE,0.5,2000,6
d_q036_s35_x60,d_q036_s35,d_q036_s35_x60_g25_r104729,d_q036_s35_x60_g25_r104729_a01,QS60_V1,D3,72.5,5.0,4.5,60.0,2.5,419.58743316666664,399.58743316666664,391.4972738541667,407.42846887916664,0.38975727111722874,ACTIVE,0.5,2000,6
d_q036_s35_x60,d_q036_s35,d_q036_s35_x60_g25_r104729,d_q036_s35_x60_g25_r104729_a01,QS60_V1,D3,75.0,5.0,4.5,60.0,3.0,384.64678983333334,364.64678983333334,359.32987021666673,370.55257025000003,0.3556761948212177,ACTIVE,0.5,2000,6
d_q036_s35_x60,d_q036_s35,d_q036_s35_x60_g25_r104729,d_q036_s35_x60_g25_r104729_a01,QS60_V1,D3,77.5,5.0,4.5,60.0,3.5,359.7437578333333,339.7437578333333,333.74723665416667,346.43332848750003,0.33138579680257774,ACTIVE,0.5,2000,6
d_q036_s35_x60,d_q036_s35,d_q036_s35_x60_g25_r104729,d_q036_s35_x60_g25_r104729_a01,QS60_V1,D3,80.0,5.0,4.5,60.0,4.0,340.1743583333334,320.1743583333334,313.9169743333333,326.56418829166665,0.31229781977067367,ACTIVE,0.5,2000,6
d_q036_s35_x60,d_q036_s35,d_q036_s35_x60_g25_r104729,d_q036_s35_x60_g25_r104729_a01,QS60_V1,D3,82.5,5.0,4.5,60.0,4.5,324.4625888333333,304.4625888333333,298.7887811791667,310.16902916249995,0.296972572036497,ACTIVE,0.5,2000,6
d_q036_s35_x60,d_q036_s35,d_q036_s35_x60_g25_r104729,d_q036_s35_x60_g25_r104729_a01,QS60_V1,D3,85.0,5.0,4.5,60.0,5.0,310.9535881666667,290.9535881666667,286.23093392083337,296.0934161875,0.2837959033068658,ACTIVE,0.5,2000,6
d_q036_s35_x60,d_q036_s35,d_q036_s35_x60_g25_r104729,d_q036_s35_x60_g25_r104729_a01,QS60_V1,D3,90.0,5.0,4.5,60.0,6.0,289.0250673333333,269.0250673333333,265.65888729166664,272.47416262916664,0.26240684116368157,QC_ONLY,0.5,2000,6
d_q036_s35_x60,d_q036_s35,d_q036_s35_x60_g25_r104729,d_q036_s35_x60_g25_r104729_a01,QS60_V1,D3,95.0,5.0,4.5,60.0,7.0,270.4908425,250.49084249999999,247.98716121249998,252.89095599583334,0.24432857269546343,QC_ONLY,0.5,2000,6
d_q036_s50_x40,d_q036_s50,d_q036_s50_x40_g25_r104729,d_q036_s50_x40_g25_r104729_a01,QS60_V1,D3,5.0,5.0,4.5,40.0,7.0,252.629806,232.629806,225.90406694166666,238.64787349583335,0.24752727683516615,QC_ONLY,0.5,2000,19
d_q036_s50_x40,d_q036_s50,d_q036_s50_x40_g25_r104729,d_q036_s50_x40_g25_r104729_a01,QS60_V1,D3,10.0,5.0,4.5,40.0,6.0,267.8023758333334,247.80237583333334,241.01322510833336,253.89251393333333,0.2636714887829524,QC_ONLY,0.5,2000,19
d_q036_s50_x40,d_q036_s50,d_q036_s50_x40_g25_r104729,d_q036_s50_x40_g25_r104729_a01,QS60_V1,D3,15.0,5.0,4.5,40.0,5.0,285.558357,265.558357,258.6408939625,271.8191112416667,0.282564552149568,ACTIVE,0.5,2000,19
d_q036_s50_x40,d_q036_s50,d_q036_s50_x40_g25_r104729,d_q036_s50_x40_g25_r104729_a01,QS60_V1,D3,17.5,5.0,4.5,40.0,4.5,296.0374996666667,276.0374996666667,268.71008282500003,282.35793868750005,0.29371477271866914,ACTIVE,0.5,2000,19
d_q036_s50_x40,d_q036_s50,d_q036_s50_x40_g25_r104729,d_q036_s50_x40_g25_r104729_a01,QS60_V1,D3,20.0,5.0,4.5,40.0,4.0,309.05204433333336,289.05204433333336,282.49831446250005,294.7616419541667,0.3075627608848529,ACTIVE,0.5,2000,19
d_q036_s50_x40,d_q036_s50,d_q036_s50_x40_g25_r104729,d_q036_s50_x40_g25_r104729_a01,QS60_V1,D3,22.5,5.0,4.5,40.0,3.5,324.52349483333336,304.52349483333336,298.6663653875,309.6051018333333,0.32402499363483456,ACTIVE,0.5,2000,19
d_q036_s50_x40,d_q036_s50,d_q036_s50_x40_g25_r104729,d_q036_s50_x40_g25_r104729_a01,QS60_V1,D3,25.0,5.0,4.5,40.0,3.0,344.72648649999996,324.72648649999996,316.0385788583333,333.16428809583334,0.34552177256080563,ACTIVE,0.5,2000,19
d_q036_s50_x40,d_q036_s50,d_q036_s50_x40_g25_r104729,d_q036_s50_x40_g25_r104729_a01,QS60_V1,D3,27.5,5.0,4.5,40.0,2.5,372.4892428333333,352.4892428333333,345.0423613541667,360.3192139458333,0.3750624388700414,ACTIVE,0.5,2000,19
d_q036_s50_x40,d_q036_s50,d_q036_s50_x40_g25_r104729,d_q036_s50_x40_g25_r104729_a01,QS60_V1,D3,30.0,5.0,4.5,40.0,2.0,409.3576495,389.3576495,383.71033463333333,395.1611708875,0.4142918758040665,ACTIVE,0.5,2000,19
d_q036_s50_x40,d_q036_s50,d_q036_s50_x40_g25_r104729,d_q036_s50_x40_g25_r104729_a01,QS60_V1,D3,31.25,5.0,4.5,40.0,1.75,434.2825235,414.2825235,407.14754795833335,422.23077150833336,0.44081292352690066,ACTIVE,0.5,2000,19
d_q036_s50_x40,d_q036_s50,d_q036_s50_x40_g25_r104729,d_q036_s50_x40_g25_r104729_a01,QS60_V1,D3,32.5,5.0,4.5,40.0,1.5,465.2703605,445.2703605,434.0181870416667,457.7350885041667,0.47378520270088575,ACTIVE,0.5,2000,19
d_q036_s50_x40,d_q036_s50,d_q036_s50_x40_g25_r104729,d_q036_s50_x40_g25_r104729_a01,QS60_V1,D3,33.75,5.0,4.5,40.0,1.25,507.4072881666667,487.4072881666667,472.80906596250003,502.42528385833333,0.5186205535051175,ACTIVE,0.5,2000,19
d_q036_s50_x40,d_q036_s50,d_q036_s50_x40_g25_r104729,d_q036_s50_x40_g25_r104729_a01,QS60_V1,D3,35.0,5.0,4.5,40.0,1.0,546.306274,526.306274,509.4340538125,541.1998656958334,0.5600106066566672,ACTIVE,0.5,2000,19
d_q036_s50_x40,d_q036_s50,d_q036_s50_x40_g25_r104729,d_q036_s50_x40_g25_r104729_a01,QS60_V1,D3,36.25,5.0,4.5,40.0,0.75,601.7676616666666,581.7676616666666,560.325821975,598.38899005,0.6190237077492652,ACTIVE,0.5,2000,19
d_q036_s50_x40,d_q036_s50,d_q036_s50_x40_g25_r104729,d_q036_s50_x40_g25_r104729_a01,QS60_V1,D3,37.5,5.0,4.5,40.0,0.5,692.9730746666667,672.9730746666667,645.7664583375,698.2713037333334,0.7160698597480193,ACTIVE,0.5,2000,19
d_q036_s50_x40,d_q036_s50,d_q036_s50_x40_g25_r104729,d_q036_s50_x40_g25_r104729_a01,QS60_V1,D3,38.75,5.0,4.5,40.0,0.25,880.2953034999999,860.2953034999999,837.4788167958334,884.8314828833333,0.9153880898195726,ACTIVE,0.5,2000,19
d_q036_s50_x40,d_q036_s50,d_q036_s50_x40_g25_r104729,d_q036_s50_x40_g25_r104729_a01,QS60_V1,D3,40.0,5.0,4.5,40.0,0.0,990.2798638333334,970.2798638333334,943.3569216000001,999.1929293416666,1.0324159942886288,ACTIVE,0.5,2000,19
d_q036_s50_x40,d_q036_s50,d_q036_s50_x40_g25_r104729,d_q036_s50_x40_g25_r104729_a01,QS60_V1,D3,41.25,5.0,4.5,40.0,0.25,858.8011965000001,838.8011965000001,779.1751111708332,898.6092506291667,0.8925175133221067,ACTIVE,0.5,2000,19
d_q036_s50_x40,d_q036_s50,d_q036_s50_x40_g25_r104729,d_q036_s50_x40_g25_r104729_a01,QS60_V1,D3,42.5,5.0,4.5,40.0,0.5,678.2439214999999,658.2439214999999,606.9576295291666,707.6655504291666,0.7003974605996786,ACTIVE,0.5,2000,19
d_q036_s50_x40,d_q036_s50,d_q036_s50_x40_g25_r104729,d_q036_s50_x40_g25_r104729_a01,QS60_V1,D3,43.75,5.0,4.5,40.0,0.75,589.7530173333333,569.7530173333333,532.9980577416666,606.1239680708334,0.6062396529236637,ACTIVE,0.5,2000,19
d_q036_s50_x40,d_q036_s50,d_q036_s50_x40_g25_r104729,d_q036_s50_x40_g25_r104729_a01,QS60_V1,D3,45.0,5.0,4.5,40.0,1.0,527.5909546666667,507.5909546666666,474.8083532208334,542.6786212833333,0.54009676969254,ACTIVE,0.5,2000,19
d_q036_s50_x40,d_q036_s50,d_q036_s50_x40_g25_r104729,d_q036_s50_x40_g25_r104729_a01,QS60_V1,D3,46.25,5.0,4.5,40.0,1.25,477.53448149999997,457.53448149999997,429.8531393833333,486.5977022375,0.486834710526667,ACTIVE,0.5,2000,19
d_q036_s50_x40,d_q036_s50,d_q036_s50_x40_g25_r104729,d_q036_s50_x40_g25_r104729_a01,QS60_V1,D3,47.5,5.0,4.5,40.0,1.5,443.277762,423.277762,398.975433925,447.69767830416663,0.4503842116119186,ACTIVE,0.5,2000,19
d_q036_s50_x40,d_q036_s50,d_q036_s50_x40_g25_r104729,d_q036_s50_x40_g25_r104729_a01,QS60_V1,D3,48.75,5.0,4.5,40.0,1.75,414.092242,394.092242,371.0686181666667,416.9763658,0.41932966871891425,ACTIVE,0.5,2000,19
d_q036_s50_x40,d_q036_s50,d_q036_s50_x40_g25_r104729,d_q036_s50_x40_g25_r104729_a01,QS60_V1,D3,50.0,5.0,4.5,40.0,2.0,394.0891411666667,374.0891411666667,352.95190034166666,394.98720349166666,0.39804558151327807,ACTIVE,0.5,2000,19
d_q036_s50_x40,d_q036_s50,d_q036_s50_x40_g25_r104729,d_q036_s50_x40_g25_r104729_a01,QS60_V1,D3,51.25,5.0,4.5,40.0,2.25,379.3591715,359.3591715,340.37493747083334,378.65101216666665,0.3823723135767755,ACTIVE,0.5,2000,19
d_q036_s50_x40,d_q036_s50,d_q036_s50_x40_g25_r104729,d_q036_s50_x40_g25_r104729_a01,QS60_V1,D3,52.5,5.0,4.5,40.0,2.5,365.0392333333333,345.0392333333333,329.24359695,361.1715542875,0.3671353353073487,ACTIVE,0.5,2000,19
d_q036_s50_x40,d_q036_s50,d_q036_s50_x40_g25_r104729,d_q036_s50_x40_g25_r104729_a01,QS60_V1,D3,53.75,5.0,4.5,40.0,2.75,352.7338163333333,332.7338163333333,317.93242325,347.6860052208333,0.3540418869109246,ACTIVE,0.5,2000,19
d_q036_s50_x40,d_q036_s50,d_q036_s50_x40_g25_r104729,d_q036_s50_x40_g25_r104729_a01,QS60_V1,D3,55.0,5.0,4.5,40.0,3.0,340.74748416666665,320.74748416666665,308.1099739083333,333.44292605833334,0.3412879573458681,ACTIVE,0.5,2000,19
d_q036_s50_x40,d_q036_s50,d_q036_s50_x40_g25_r104729,d_q036_s50_x40_g25_r104729_a01,QS60_V1,D3,56.25,5.0,4.5,40.0,3.25,329.030624,309.030624,299.0624458458334,318.71229884583335,0.3288207566032709,ACTIVE,0.5,2000,19
d_q036_s50_x40,d_q036_s50,d_q036_s50_x40_g25_r104729,d_q036_s50_x40_g25_r104729_a01,QS60_V1,D3,57.5,5.0,4.5,40.0,3.5,319.11122233333333,299.11122233333333,290.52030839166673,307.37956124583326,0.31826612250627906,ACTIVE,0.5,2000,19
d_q036_s50_x40,d_q036_s50,d_q036_s50_x40_g25_r104729,d_q036_s50_x40_g25_r104729_a01,QS60_V1,D3,58.75,5.0,4.5,40.0,3.75,310.90837883333336,290.90837883333336,283.04643534999997,298.6323183,0.30953797391357446,ACTIVE,0.5,2000,19
d_q036_s50_x40,d_q036_s50,d_q036_s50_x40_g25_r104729,d_q036_s50_x40_g25_r104729_a01,QS60_V1,D3,60.0,5.0,4.5,40.0,4.0,303.34781300000003,283.34781300000003,276.4448274416667,290.1387152583333,0.3014932340574187,ACTIVE,0.5,2000,19
d_q036_s50_x40,d_q036_s50,d_q036_s50_x40_g25_r104729,d_q036_s50_x40_g25_r104729_a01,QS60_V1,D3,61.25,5.0,4.5,40.0,4.25,296.48938633333336,276.48938633333336,270.20122298333337,282.6569426208334,0.2941955979317466,ACTIVE,0.5,2000,19
d_q036_s50_x40,d_q036_s50,d_q036_s50_x40_g25_r104729,d_q036_s50_x40_g25_r104729_a01,QS60_V1,D3,62.5,5.0,4.5,40.0,4.5,290.9229353333333,270.9229353333333,264.77462315833327,277.0984216541666,0.28827267480612445,ACTIVE,0.5,2000,19
d_q036_s50_x40,d_q036_s50,d_q036_s50_x40_g25_r104729,d_q036_s50_x40_g25_r104729_a01,QS60_V1,D3,63.75,5.0,4.5,40.0,4.75,286.02795533333335,266.02795533333335,259.9745390708333,272.4640915125,0.28306422327363856,ACTIVE,0.5,2000,19
d_q036_s50_x40,d_q036_s50,d_q036_s50_x40_g25_r104729,d_q036_s50_x40_g25_r104729_a01,QS60_V1,D3,65.0,5.0,4.5,40.0,5.0,281.47338533333334,261.47338533333334,255.57212333333334,267.781128025,0.27821798138984855,ACTIVE,0.5,2000,19
d_q036_s50_x40,d_q036_s50,d_q036_s50_x40_g25_r104729,d_q036_s50_x40_g25_r104729_a01,QS60_V1,D3,66.25,5.0,4.5,40.0,5.25,276.8061035,256.8061035,251.34808920416666,262.61634832500005,0.2732518096756906,QC_ONLY,0.5,2000,19
d_q036_s50_x40,d_q036_s50,d_q036_s50_x40_g25_r104729,d_q036_s50_x40_g25_r104729_a01,QS60_V1,D3,67.5,5.0,4.5,40.0,5.5,272.47857016666666,252.47857016666666,247.45538196249998,257.9298248625,0.2686471437481722,QC_ONLY,0.5,2000,19
d_q036_s50_x40,d_q036_s50,d_q036_s50_x40_g25_r104729,d_q036_s50_x40_g25_r104729_a01,QS60_V1,D3,68.75,5.0,4.5,40.0,5.75,268.37079166666666,248.37079166666666,243.73702587916668,253.38295082500002,0.26427630561942855,QC_ONLY,0.5,2000,19
d_q036_s50_x40,d_q036_s50,d_q036_s50_x40_g25_r104729,d_q036_s50_x40_g25_r104729_a01,QS60_V1,D3,70.0,5.0,4.5,40.0,6.0,264.65309966666666,244.65309966666666,240.28471584166667,249.3509984375,0.26032053489213025,QC_ONLY,0.5,2000,19
d_q036_s50_x40,d_q036_s50,d_q036_s50_x40_g25_r104729,d_q036_s50_x40_g25_r104729_a01,QS60_V1,D3,72.5,5.0,4.5,40.0,6.5,257.8765851666667,237.87658516666667,233.9456173375,241.9294269291667,0.25311005653829877,QC_ONLY,0.5,2000,19
d_q036_s50_x40,d_q036_s50,d_q036_s50_x40_g25_r104729,d_q036_s50_x40_g25_r104729_a01,QS60_V1,D3,75.0,5.0,4.5,40.0,7.0,251.79923,231.79923,228.23376720833335,235.490775025,0.24664351125490921,QC_ONLY,0.5,2000,19
d_q036_s50_x40,d_q036_s50,d_q036_s50_x40_g25_r104729,d_q036_s50_x40_g25_r104729_a01,QS60_V1,D3,77.5,5.0,4.5,40.0,7.5,246.1103795,226.1103795,222.72638463333334,229.58006991666667,0.2405903502399902,QC_ONLY,0.5,2000,19
d_q036_s50_x40,d_q036_s50,d_q036_s50_x40_g25_r104729,d_q036_s50_x40_g25_r104729_a01,QS60_V1,D3,80.0,5.0,4.5,40.0,8.0,240.66772083333333,220.66772083333333,217.384153075,223.98959789166665,0.23479914703319513,QC_ONLY,0.5,2000,19
d_q036_s50_x40,d_q036_s50,d_q036_s50_x40_g25_r104729,d_q036_s50_x40_g25_r104729_a01,QS60_V1,D3,82.5,5.0,4.5,40.0,8.5,235.600238,215.600238,212.54061635833335,218.68252118333336,0.22940714569118328,QC_ONLY,0.5,2000,19
d_q036_s50_x40,d_q036_s50,d_q036_s50_x40_g25_r104729,d_q036_s50_x40_g25_r104729_a01,QS60_V1,D3,85.0,5.0,4.5,40.0,9.0,230.83587,210.83587,207.96889872083332,213.68108019583335,0.22433767047148334,QC_ONLY,0.5,2000,19
d_q036_s50_x40,d_q036_s50,d_q036_s50_x40_g25_r104729,d_q036_s50_x40_g25_r104729_a01,QS60_V1,D3,90.0,5.0,4.5,40.0,10.0,221.41239766666666,201.41239766666666,198.9275149916667,203.81423129166666,0.21431072471973592,QC_ONLY,0.5,2000,19
d_q036_s50_x40,d_q036_s50,d_q036_s50_x40_g25_r104729,d_q036_s50_x40_g25_r104729_a01,QS60_V1,D3,95.0,5.0,4.5,40.0,11.0,212.40518433333332,192.40518433333332,190.27925009583333,194.36749128333332,0.20472669494036447,QC_ONLY,0.5,2000,19
d_q036_s50_x50,d_q036_s50,d_q036_s50_x50_g25_r204729,d_q036_s50_x50_g25_r204729_a01,QS60_V1,D3,5.0,5.0,4.5,50.0,9.0,237.37842393442625,217.37842393442625,215.02368330737707,219.84387984016394,0.2459290793839067,QC_ONLY,0.5,2000,20
d_q036_s50_x50,d_q036_s50,d_q036_s50_x50_g25_r204729,d_q036_s50_x50_g25_r204729_a01,QS60_V1,D3,10.0,5.0,4.5,50.0,8.0,248.74287934426232,228.74287934426232,225.88757108606558,231.32682639344262,0.2587861514247065,QC_ONLY,0.5,2000,20
d_q036_s50_x50,d_q036_s50,d_q036_s50_x50_g25_r204729,d_q036_s50_x50_g25_r204729_a01,QS60_V1,D3,15.0,5.0,4.5,50.0,7.0,260.8710245901639,240.87102459016393,237.75628174590162,243.60588244262294,0.27250721693329916,QC_ONLY,0.5,2000,20
d_q036_s50_x50,d_q036_s50,d_q036_s50_x50_g25_r204729,d_q036_s50_x50_g25_r204729_a01,QS60_V1,D3,17.5,5.0,4.5,50.0,6.5,267.5958624590164,247.59586245901642,243.98612849590165,250.51854562704918,0.28011530036752175,QC_ONLY,0.5,2000,20
d_q036_s50_x50,d_q036_s50,d_q036_s50_x50_g25_r204729,d_q036_s50_x50_g25_r204729_a01,QS60_V1,D3,20.0,5.0,4.5,50.0,6.0,275.1242750819672,255.12427508196723,250.81210815163934,258.42041268032784,0.28863250070449253,QC_ONLY,0.5,2000,20
d_q036_s50_x50,d_q036_s50,d_q036_s50_x50_g25_r204729,d_q036_s50_x50_g25_r204729_a01,QS60_V1,D3,22.5,5.0,4.5,50.0,5.5,283.1997032786885,263.1997032786885,257.8537160901639,266.892790602459,0.2977685620766626,QC_ONLY,0.5,2000,20
d_q036_s50_x50,d_q036_s50,d_q036_s50_x50_g25_r204729,d_q036_s50_x50_g25_r204729_a01,QS60_V1,D3,25.0,5.0,4.5,50.0,5.0,291.99765213114756,271.99765213114756,266.16689950409835,276.23439223770487,0.3077220405433417,ACTIVE,0.5,2000,20
d_q036_s50_x50,d_q036_s50,d_q036_s50_x50_g25_r204729,d_q036_s50_x50_g25_r204729_a01,QS60_V1,D3,27.5,5.0,4.5,50.0,4.5,301.7568080327869,281.7568080327869,275.40558874590164,286.76584962295084,0.3187629717591195,ACTIVE,0.5,2000,20
d_q036_s50_x50,d_q036_s50,d_q036_s50_x50_g25_r204729,d_q036_s50_x50_g25_r204729_a01,QS60_V1,D3,30.0,5.0,4.5,50.0,4.0,314.13083409836065,294.13083409836065,286.3751944590163,300.83667820491803,0.33276221227020625,ACTIVE,0.5,2000,20
d_q036_s50_x50,d_q036_s50,d_q036_s50_x50_g25_r204729,d_q036_s50_x50_g25_r204729_a01,QS60_V1,D3,31.25,5.0,4.5,50.0,3.75,320.40550754098365,300.40550754098365,292.2425604385246,307.73172095491805,0.3398610063236787,ACTIVE,0.5,2000,20
d_q036_s50_x50,d_q036_s50,d_q036_s50_x50_g25_r204729,d_q036_s50_x50_g25_r204729_a01,QS60_V1,D3,32.5,5.0,4.5,50.0,3.5,326.9526044262295,306.9526044262295,298.8596852090164,314.26156918852456,0.3472680041318488,ACTIVE,0.5,2000,20
d_q036_s50_x50,d_q036_s50,d_q036_s50_x50_g25_r204729,d_q036_s50_x50_g25_r204729_a01,QS60_V1,D3,33.75,5.0,4.5,50.0,3.25,335.0272439344262,315.0272439344262,306.69123094262295,322.32561490573767,0.3564031732285148,ACTIVE,0.5,2000,20
d_q036_s50_x50,d_q036_s50,d_q036_s50_x50_g25_r204729,d_q036_s50_x50_g25_r204729_a01,QS60_V1,D3,35.0,5.0,4.5,50.0,3.0,345.4146057377049,325.4146057377049,315.7975324918033,333.6753557581967,0.3681548194097314,ACTIVE,0.5,2000,20
d_q036_s50_x50,d_q036_s50,d_q036_s50_x50_g25_r204729,d_q036_s50_x50_g25_r204729_a01,QS60_V1,D3,36.25,5.0,4.5,50.0,2.75,356.29495573770487,336.29495573770487,325.89370748360653,345.89997439344256,0.3804642032503367,ACTIVE,0.5,2000,20
d_q036_s50_x50,d_q036_s50,d_q036_s50_x50_g25_r204729,d_q036_s50_x50_g25_r204729_a01,QS60_V1,D3,37.5,5.0,4.5,50.0,2.5,369.0397026229508,349.0397026229508,338.2634192377049,359.37513149180324,0.3948828553490148,ACTIVE,0.5,2000,20
d_q036_s50_x50,d_q036_s50,d_q036_s50_x50_g25_r204729,d_q036_s50_x50_g25_r204729_a01,QS60_V1,D3,38.75,5.0,4.5,50.0,2.25,383.2380672131148,363.2380672131148,351.9153230778689,374.51621919262294,0.41094604446050365,ACTIVE,0.5,2000,20
d_q036_s50_x50,d_q036_s50,d_q036_s50_x50_g25_r204729,d_q036_s50_x50_g25_r204729_a01,QS60_V1,D3,40.0,5.0,4.5,50.0,2.0,399.7680675409836,379.7680675409836,367.0242869508197,392.4878397295082,0.42964710820579405,ACTIVE,0.5,2000,20
d_q036_s50_x50,d_q036_s50,d_q036_s50_x50_g25_r204729,d_q036_s50_x50_g25_r204729_a01,QS60_V1,D3,41.25,5.0,4.5,50.0,1.75,420.7479880327869,400.7479880327869,385.5961616762295,415.95472341803276,0.4533825481759226,ACTIVE,0.5,2000,20
d_q036_s50_x50,d_q036_s50,d_q036_s50_x50_g25_r204729,d_q036_s50_x50_g25_r204729_a01,QS60_V1,D3,42.5,5.0,4.5,50.0,1.5,444.76664278688526,424.76664278688526,407.6445930532787,441.0493162254098,0.48055583218821796,ACTIVE,0.5,2000,20
d_q036_s50_x50,d_q036_s50,d_q036_s50_x50_g25_r204729,d_q036_s50_x50_g25_r204729_a01,QS60_V1,D3,43.75,5.0,4.5,50.0,1.25,472.84808573770493,452.84808573770493,433.9515304180328,471.1881026762295,0.5123255142370217,ACTIVE,0.5,2000,20
d_q036_s50_x50,d_q036_s50,d_q036_s50_x50_g25_r204729,d_q036_s50_x50_g25_r204729_a01,QS60_V1,D3,45.0,5.0,4.5,50.0,1.0,509.00022491803276,489.00022491803276,469.4542642827869,506.4762951885246,0.553225904190437,ACTIVE,0.5,2000,20
d_q036_s50_x50,d_q036_s50,d_q036_s50_x50_g25_r204729,d_q036_s50_x50_g25_r204729_a01,QS60_V1,D3,46.25,5.0,4.5,50.0,0.75,559.7070672131148,539.7070672131148,514.6955476352459,566.0802750737705,0.610592623565752,ACTIVE,0.5,2000,20
d_q036_s50_x50,d_q036_s50,d_q036_s50_x50_g25_r204729,d_q036_s50_x50_g25_r204729_a01,QS60_V1,D3,47.5,5.0,4.5,50.0,0.5,675.1121295081967,655.1121295081967,606.4329601885246,700.3404973647541,0.7411550787201484,ACTIVE,0.5,2000,20
d_q036_s50_x50,d_q036_s50,d_q036_s50_x50_g25_r204729,d_q036_s50_x50_g25_r204729_a01,QS60_V1,D3,48.75,5.0,4.5,50.0,0.25,864.9566863934426,844.9566863934426,777.1322719918032,896.0398762786884,0.9559339710122283,ACTIVE,0.5,2000,20
d_q036_s50_x50,d_q036_s50,d_q036_s50_x50_g25_r204729,d_q036_s50_x50_g25_r204729_a01,QS60_V1,D3,50.0,5.0,4.5,50.0,0.0,920.3495519672132,900.3495519672132,871.7677245245901,938.8481603811475,1.0186021796984008,ACTIVE,0.5,2000,20
d_q036_s50_x50,d_q036_s50,d_q036_s50_x50_g25_r204729,d_q036_s50_x50_g25_r204729_a01,QS60_V1,D3,51.25,5.0,4.5,50.0,0.25,766.1017495081968,746.1017495081968,695.7529879016395,806.459602807377,0.8440953479293948,ACTIVE,0.5,2000,20
d_q036_s50_x50,d_q036_s50,d_q036_s50_x50_g25_r204729,d_q036_s50_x50_g25_r204729_a01,QS60_V1,D3,52.5,5.0,4.5,50.0,0.5,562.0778459016393,542.0778459016393,506.4984994959017,580.9357713729507,0.6132747822167306,ACTIVE,0.5,2000,20
d_q036_s50_x50,d_q036_s50,d_q036_s50_x50_g25_r204729,d_q036_s50_x50_g25_r204729_a01,QS60_V1,D3,53.75,5.0,4.5,50.0,0.75,498.8807419672131,478.8807419672131,445.45400657377047,515.4363078565574,0.5417773202836601,ACTIVE,0.5,2000,20
d_q036_s50_x50,d_q036_s50,d_q036_s50_x50_g25_r204729,d_q036_s50_x50_g25_r204729_a01,QS60_V1,D3,55.0,5.0,4.5,50.0,1.0,468.5822457377049,448.5822457377049,415.03829268032786,484.7883945204918,0.5074993954115603,ACTIVE,0.5,2000,20
d_q036_s50_x50,d_q036_s50,d_q036_s50_x50_g25_r204729,d_q036_s50_x50_g25_r204729_a01,QS60_V1,D3,56.25,5.0,4.5,50.0,1.25,444.2473706557377,424.2473706557377,396.1481473893443,454.5884309262295,0.4799683584415072,ACTIVE,0.5,2000,20
d_q036_s50_x50,d_q036_s50,d_q036_s50_x50_g25_r204729,d_q036_s50_x50_g25_r204729_a01,QS60_V1,D3,57.5,5.0,4.5,50.0,1.5,424.37507081967215,404.37507081967215,381.5294285081967,427.9109482827869,0.4574860149068112,ACTIVE,0.5,2000,20
d_q036_s50_x50,d_q036_s50,d_q036_s50_x50_g25_r204729,d_q036_s50_x50_g25_r204729_a01,QS60_V1,D3,58.75,5.0,4.5,50.0,1.75,406.0810591803278,386.0810591803278,368.27923718032787,403.4840834836065,0.43678925319848455,ACTIVE,0.5,2000,20
d_q036_s50_x50,d_q036_s50,d_q036_s50_x50_g25_r204729,d_q036_s50_x50_g25_r204729_a01,QS60_V1,D3,60.0,5.0,4.5,50.0,2.0,387.58276508196724,367.58276508196724,354.0173839262295,380.7149349959017,0.41586137841016196,ACTIVE,0.5,2000,20
d_q036_s50_x50,d_q036_s50,d_q036_s50_x50_g25_r204729,d_q036_s50_x50_g25_r204729_a01,QS60_V1,D3,61.25,5.0,4.5,50.0,2.25,371.3578685245901,351.3578685245901,338.93956079918036,363.49267826229504,0.39750549100774646,ACTIVE,0.5,2000,20
d_q036_s50_x50,d_q036_s50,d_q036_s50_x50_g25_r204729,d_q036_s50_x50_g25_r204729_a01,QS60_V1,D3,62.5,5.0,4.5,50.0,2.5,359.0240949180328,339.0240949180328,327.0942868606557,350.01518040573774,0.3835517897457244,ACTIVE,0.5,2000,20
d_q036_s50_x50,d_q036_s50,d_q036_s50_x50_g25_r204729,d_q036_s50_x50_g25_r204729_a01,QS60_V1,D3,63.75,5.0,4.5,50.0,2.75,347.8541060655738,327.8541060655738,316.37462890573767,337.6496746393443,0.37091472565493677,ACTIVE,0.5,2000,20
d_q036_s50_x50,d_q036_s50,d_q036_s50_x50_g25_r204729,d_q036_s50_x50_g25_r204729_a01,QS60_V1,D3,65.0,5.0,4.5,50.0,3.0,338.7815670491803,318.7815670491803,307.5940941926229,328.56112625819674,0.3606505921333446,ACTIVE,0.5,2000,20
d_q036_s50_x50,d_q036_s50,d_q036_s50_x50_g25_r204729,d_q036_s50_x50_g25_r204729_a01,QS60_V1,D3,66.25,5.0,4.5,50.0,3.25,330.48628065573774,310.48628065573774,299.6672760532787,320.26338815163933,0.35126579621366966,ACTIVE,0.5,2000,20
d_q036_s50_x50,d_q036_s50,d_q036_s50_x50_g25_r204729,d_q036_s50_x50_g25_r204729_a01,QS60_V1,D3,67.5,5.0,4.5,50.0,3.5,323.11770622950814,303.11770622950814,293.0487518852459,312.18694187295085,0.342929427349568,ACTIVE,0.5,2000,20
d_q036_s50_x50,d_q036_s50,d_q036_s50_x50_g25_r204729,d_q036_s50_x50_g25_r204729_a01,QS60_V1,D3,68.75,5.0,4.5,50.0,3.75,316.06453229508196,296.06453229508196,286.7542321598361,303.95782835245905,0.3349498839292364,ACTIVE,0.5,2000,20
d_q036_s50_x50,d_q036_s50,d_q036_s50_x50_g25_r204729,d_q036_s50_x50_g25_r204729_a01,QS60_V1,D3,70.0,5.0,4.5,50.0,4.0,310.03957393442624,290.03957393442624,281.93311961065575,297.4378320204918,0.328133602735619,ACTIVE,0.5,2000,20
d_q036_s50_x50,d_q036_s50,d_q036_s50_x50_g25_r204729,d_q036_s50_x50_g25_r204729_a01,QS60_V1,D3,72.5,5.0,4.5,50.0,4.5,299.237535409836,279.237535409836,272.5101138934426,285.64834359836067,0.3159128158620177,ACTIVE,0.5,2000,20
d_q036_s50_x50,d_q036_s50,d_q036_s50_x50_g25_r204729,d_q036_s50_x50_g25_r204729_a01,QS60_V1,D3,75.0,5.0,4.5,50.0,5.0,289.21212426229505,269.21212426229505,263.1618344057377,274.7241255983607,0.30457065922413695,ACTIVE,0.5,2000,20
d_q036_s50_x50,d_q036_s50,d_q036_s50_x50_g25_r204729,d_q036_s50_x50_g25_r204729_a01,QS60_V1,D3,77.5,5.0,4.5,50.0,5.5,280.3825501639344,260.3825501639344,255.6372366434426,264.7447359344262,0.29458140182655435,QC_ONLY,0.5,2000,20
d_q036_s50_x50,d_q036_s50,d_q036_s50_x50_g25_r204729,d_q036_s50_x50_g25_r204729_a01,QS60_V1,D3,80.0,5.0,4.5,50.0,6.0,272.37940868852456,252.3794086885246,248.24121327868852,256.3988331598361,0.2855271213712851,QC_ONLY,0.5,2000,20
d_q036_s50_x50,d_q036_s50,d_q036_s50_x50_g25_r204729,d_q036_s50_x50_g25_r204729_a01,QS60_V1,D3,82.5,5.0,4.5,50.0,6.5,264.96972163934424,244.96972163934427,241.51571152868854,248.679490795082,0.27714424011956773,QC_ONLY,0.5,2000,20
d_q036_s50_x50,d_q036_s50,d_q036_s50_x50_g25_r204729,d_q036_s50_x50_g25_r204729_a01,QS60_V1,D3,85.0,5.0,4.5,50.0,7.0,257.85330918032787,237.85330918032787,234.6908678114754,241.06525404508196,0.2690931523764254,QC_ONLY,0.5,2000,20
d_q036_s50_x50,d_q036_s50,d_q036_s50_x50_g25_r204729,d_q036_s50_x50_g25_r204729_a01,QS60_V1,D3,90.0,5.0,4.5,50.0,8.0,246.2214986885246,226.2214986885246,223.49680251639347,228.80262347950816,0.25593361062411163,QC_ONLY,0.5,2000,20
d_q036_s50_x50,d_q036_s50,d_q036_s50_x50_g25_r204729,d_q036_s50_x50_g25_r204729_a01,QS60_V1,D3,95.0,5.0,4.5,50.0,9.0,234.61105327868853,214.61105327868853,212.17398434016394,216.96240566393445,0.2427982400606585,QC_ONLY,0.5,2000,20
d_q036_s50_x50,d_q036_s50,d_q036_s50_x50_g25_r304729,d_q036_s50_x50_g25_r304729_a01,QS60_V1,D3,5.0,5.0,4.5,50.0,9.0,229.84383770491803,209.84383770491803,206.93603075409837,212.68529188934426,0.22110840197423826,QC_ONLY,0.5,2000,7
d_q036_s50_x50,d_q036_s50,d_q036_s50_x50_g25_r304729,d_q036_s50_x50_g25_r304729_a01,QS60_V1,D3,10.0,5.0,4.5,50.0,8.0,240.23364393442623,220.23364393442623,217.05351228688522,223.44504449590167,0.23205594028345924,QC_ONLY,0.5,2000,7
d_q036_s50_x50,d_q036_s50,d_q036_s50_x50_g25_r304729,d_q036_s50_x50_g25_r304729_a01,QS60_V1,D3,15.0,5.0,4.5,50.0,7.0,251.5636650819672,231.5636650819672,228.27721752459016,234.87815836885244,0.243994164906428,QC_ONLY,0.5,2000,7
d_q036_s50_x50,d_q036_s50,d_q036_s50_x50_g25_r304729,d_q036_s50_x50_g25_r304729_a01,QS60_V1,D3,17.5,5.0,4.5,50.0,6.5,258.07569524590167,238.07569524590164,234.86915491393447,241.392852897541,0.2508557654132788,QC_ONLY,0.5,2000,7
d_q036_s50_x50,d_q036_s50,d_q036_s50_x50_g25_r304729,d_q036_s50_x50_g25_r304729_a01,QS60_V1,D3,20.0,5.0,4.5,50.0,6.0,265.60183213114755,245.60183213114755,242.58156109016397,248.58367037295082,0.25878591060094036,QC_ONLY,0.5,2000,7
d_q036_s50_x50,d_q036_s50,d_q036_s50_x50_g25_r304729,d_q036_s50_x50_g25_r304729_a01,QS60_V1,D3,22.5,5.0,4.5,50.0,5.5,273.56350278688524,253.56350278688527,250.8290423155738,256.1627949754099,0.26717496931712154,QC_ONLY,0.5,2000,7
d_q036_s50_x50,d_q036_s50,d_q036_s50_x50_g25_r304729,d_q036_s50_x50_g25_r304729_a01,QS60_V1,D3,25.0,5.0,4.5,50.0,5.0,282.10130590163936,262.10130590163936,259.5739963770492,264.5230324057377,0.2761710876864803,ACTIVE,0.5,2000,7
d_q036_s50_x50,d_q036_s50,d_q036_s50_x50_g25_r304729,d_q036_s50_x50_g25_r304729_a01,QS60_V1,D3,27.5,5.0,4.5,50.0,4.5,292.50696721311476,272.50696721311476,269.71250276639347,275.38971315573775,0.28713533218958,ACTIVE,0.5,2000,7
d_q036_s50_x50,d_q036_s50,d_q036_s50_x50_g25_r304729,d_q036_s50_x50_g25_r304729_a01,QS60_V1,D3,30.0,5.0,4.5,50.0,4.0,305.69787147540984,285.69787147540984,282.1480671065574,289.01722390983605,0.3010343334370342,ACTIVE,0.5,2000,7
d_q036_s50_x50,d_q036_s50,d_q036_s50_x50_g25_r304729,d_q036_s50_x50_g25_r304729_a01,QS60_V1,D3,31.25,5.0,4.5,50.0,3.75,312.7073667213115,292.7073667213115,288.7113922704918,296.6256167991803,0.30842010330008224,ACTIVE,0.5,2000,7
d_q036_s50_x50,d_q036_s50,d_q036_s50_x50_g25_r304729,d_q036_s50_x50_g25_r304729_a01,QS60_V1,D3,32.5,5.0,4.5,50.0,3.5,319.9307296721311,299.9307296721311,295.6351451393442,304.3378234795082,0.31603122143632956,ACTIVE,0.5,2000,7
d_q036_s50_x50,d_q036_s50,d_q036_s50_x50_g25_r304729,d_q036_s50_x50_g25_r304729_a01,QS60_V1,D3,33.75,5.0,4.5,50.0,3.25,328.9489229508197,308.9489229508197,304.52004044672134,313.5452617991803,0.32553351765028654,ACTIVE,0.5,2000,7
d_q036_s50_x50,d_q036_s50,d_q036_s50_x50_g25_r304729,d_q036_s50_x50_g25_r304729_a01,QS60_V1,D3,35.0,5.0,4.5,50.0,3.0,339.6204878688525,319.6204878688525,315.23741980327867,324.14267029918034,0.33677793965189234,ACTIVE,0.5,2000,7
d_q036_s50_x50,d_q036_s50,d_q036_s50_x50_g25_r304729,d_q036_s50_x50_g25_r304729_a01,QS60_V1,D3,36.25,5.0,4.5,50.0,2.75,352.5182013114754,332.5182013114754,327.4576306967213,337.87589177868847,0.35036801139100243,ACTIVE,0.5,2000,7
d_q036_s50_x50,d_q036_s50,d_q036_s50_x50_g25_r304729,d_q036_s50_x50_g25_r304729_a01,QS60_V1,D3,37.5,5.0,4.5,50.0,2.5,366.90640426229504,346.90640426229504,340.5067219795082,354.65979913524586,0.36552858315966386,ACTIVE,0.5,2000,7
d_q036_s50_x50,d_q036_s50,d_q036_s50_x50_g25_r304729,d_q036_s50_x50_g25_r304729_a01,QS60_V1,D3,38.75,5.0,4.5,50.0,2.25,380.5839581967213,360.5839581967213,353.87818042213115,369.2024765081967,0.3799403577746997,ACTIVE,0.5,2000,7
d_q036_s50_x50,d_q036_s50,d_q036_s50_x50_g25_r304729,d_q036_s50_x50_g25_r304729_a01,QS60_V1,D3,40.0,5.0,4.5,50.0,2.0,400.1034572131148,380.1034572131148,372.9289107336066,388.4070311024591,0.4005076771778147,ACTIVE,0.5,2000,7
d_q036_s50_x50,d_q036_s50,d_q036_s50_x50_g25_r304729,d_q036_s50_x50_g25_r304729_a01,QS60_V1,D3,41.25,5.0,4.5,50.0,1.75,425.760493442623,405.760493442623,395.61813042622947,417.51756261475407,0.42754200109291124,ACTIVE,0.5,2000,7
d_q036_s50_x50,d_q036_s50,d_q036_s50_x50_g25_r304729,d_q036_s50_x50_g25_r304729_a01,QS60_V1,D3,42.5,5.0,4.5,50.0,1.5,452.880842295082,432.880842295082,420.64392521721305,448.87458796721313,0.45611818927806724,ACTIVE,0.5,2000,7
d_q036_s50_x50,d_q036_s50,d_q036_s50_x50_g25_r304729,d_q036_s50_x50_g25_r304729_a01,QS60_V1,D3,43.75,5.0,4.5,50.0,1.25,489.8958931147541,469.8958931147541,454.7045717377049,489.2113713893442,0.49512023396637356,ACTIVE,0.5,2000,7
d_q036_s50_x50,d_q036_s50,d_q036_s50_x50_g25_r304729,d_q036_s50_x50_g25_r304729_a01,QS60_V1,D3,45.0,5.0,4.5,50.0,1.0,540.7353283606557,520.7353283606557,505.36976638524595,538.2886148770492,0.5486887657252197,ACTIVE,0.5,2000,7
d_q036_s50_x50,d_q036_s50,d_q036_s50_x50_g25_r304729,d_q036_s50_x50_g25_r304729_a01,QS60_V1,D3,46.25,5.0,4.5,50.0,0.75,602.9021062295083,582.9021062295083,567.025245807377,600.7030585040984,0.6141926997973676,ACTIVE,0.5,2000,7
d_q036_s50_x50,d_q036_s50,d_q036_s50_x50_g25_r304729,d_q036_s50_x50_g25_r304729_a01,QS60_V1,D3,47.5,5.0,4.5,50.0,0.5,705.9564644262296,685.9564644262296,662.2065296926231,707.7284071270492,0.7227790881639379,ACTIVE,0.5,2000,7
d_q036_s50_x50,d_q036_s50,d_q036_s50_x50_g25_r304729,d_q036_s50_x50_g25_r304729_a01,QS60_V1,D3,48.75,5.0,4.5,50.0,0.25,896.9862227868853,876.9862227868853,850.4030748442624,903.3061266885245,0.9240634578295597,ACTIVE,0.5,2000,7
d_q036_s50_x50,d_q036_s50,d_q036_s50_x50_g25_r304729,d_q036_s50_x50_g25_r304729_a01,QS60_V1,D3,50.0,5.0,4.5,50.0,0.0,993.1942224590164,973.1942224590164,957.6556432172131,987.2219289836065,1.0254359703479219,ACTIVE,0.5,2000,7
d_q036_s50_x50,d_q036_s50,d_q036_s50_x50_g25_r304729,d_q036_s50_x50_g25_r304729_a01,QS60_V1,D3,51.25,5.0,4.5,50.0,0.25,872.1964883606557,852.1964883606557,828.7545468565575,873.9962624139343,0.8979429930863584,ACTIVE,0.5,2000,7
d_q036_s50_x50,d_q036_s50,d_q036_s50_x50_g25_r304729,d_q036_s50_x50_g25_r304729_a01,QS60_V1,D3,52.5,5.0,4.5,50.0,0.5,694.2379581967213,674.2379581967213,653.5239221639343,692.8379632540983,0.7104315243075464,ACTIVE,0.5,2000,7
d_q036_s50_x50,d_q036_s50,d_q036_s50_x50_g25_r304729,d_q036_s50_x50_g25_r304729_a01,QS60_V1,D3,53.75,5.0,4.5,50.0,0.75,600.0994378688525,580.0994378688525,563.0525227991805,594.7498643770491,0.611239582234965,ACTIVE,0.5,2000,7
d_q036_s50_x50,d_q036_s50,d_q036_s50_x50_g25_r304729,d_q036_s50_x50_g25_r304729_a01,QS60_V1,D3,55.0,5.0,4.5,50.0,1.0,542.7106039344262,522.7106039344262,511.36200525409845,533.5568375573771,0.5507700754760894,ACTIVE,0.5,2000,7
d_q036_s50_x50,d_q036_s50,d_q036_s50_x50_g25_r304729,d_q036_s50_x50_g25_r304729_a01,QS60_V1,D3,56.25,5.0,4.5,50.0,1.25,495.31809229508195,475.31809229508195,463.58477984016395,486.21458163114755,0.50083350059865,ACTIVE,0.5,2000,7
d_q036_s50_x50,d_q036_s50,d_q036_s50_x50_g25_r304729,d_q036_s50_x50_g25_r304729_a01,QS60_V1,D3,57.5,5.0,4.5,50.0,1.5,458.39483508196724,438.39483508196724,428.27939826639346,448.1900946721311,0.46192817706203115,ACTIVE,0.5,2000,7
d_q036_s50_x50,d_q036_s50,d_q036_s50_x50_g25_r304729,d_q036_s50_x50_g25_r304729_a01,QS60_V1,D3,58.75,5.0,4.5,50.0,1.75,428.49016360655736,408.49016360655736,400.7111162459016,415.839469602459,0.43041820186423435,ACTIVE,0.5,2000,7
d_q036_s50_x50,d_q036_s50,d_q036_s50_x50_g25_r304729,d_q036_s50_x50_g25_r304729_a01,QS60_V1,D3,60.0,5.0,4.5,50.0,2.0,402.50366524590163,382.50366524590163,375.0674801680328,389.42029037295083,0.40303673005989893,ACTIVE,0.5,2000,7
d_q036_s50_x50,d_q036_s50,d_q036_s50_x50_g25_r304729,d_q036_s50_x50_g25_r304729_a01,QS60_V1,D3,61.25,5.0,4.5,50.0,2.25,381.8453178688525,361.8453178688525,354.36780486475413,369.1285530819672,0.38126942811800835,ACTIVE,0.5,2000,7
d_q036_s50_x50,d_q036_s50,d_q036_s50_x50_g25_r304729,d_q036_s50_x50_g25_r304729_a01,QS60_V1,D3,62.5,5.0,4.5,50.0,2.5,365.5685957377049,345.5685957377049,338.95785600409835,351.9816978278688,0.36411896013591993,ACTIVE,0.5,2000,7
d_q036_s50_x50,d_q036_s50,d_q036_s50_x50_g25_r304729,d_q036_s50_x50_g25_r304729_a01,QS60_V1,D3,63.75,5.0,4.5,50.0,2.75,351.55365852459016,331.55365852459016,325.0036217336065,338.01648182786886,0.3493516912713529,ACTIVE,0.5,2000,7
d_q036_s50_x50,d_q036_s50,d_q036_s50_x50_g25_r304729,d_q036_s50_x50_g25_r304729_a01,QS60_V1,D3,65.0,5.0,4.5,50.0,3.0,339.8346037704918,319.8346037704918,313.607348795082,325.4879982950819,0.3370035494451869,ACTIVE,0.5,2000,7
d_q036_s50_x50,d_q036_s50,d_q036_s50_x50_g25_r304729,d_q036_s50_x50_g25_r304729_a01,QS60_V1,D3,66.25,5.0,4.5,50.0,3.25,329.70536327868854,309.70536327868854,304.5979951311475,314.3343688442623,0.3263305642250787,ACTIVE,0.5,2000,7
d_q036_s50_x50,d_q036_s50,d_q036_s50_x50_g25_r304729,d_q036_s50_x50_g25_r304729_a01,QS60_V1,D3,67.5,5.0,4.5,50.0,3.5,320.75170393442625,300.75170393442625,296.3487593688524,304.79929042213115,0.31689626617237426,ACTIVE,0.5,2000,7
d_q036_s50_x50,d_q036_s50,d_q036_s50_x50_g25_r304729,d_q036_s50_x50_g25_r304729_a01,QS60_V1,D3,68.75,5.0,4.5,50.0,3.75,312.5452809836065,292.5452809836065,288.8259359754099,296.06708343442625,0.30824931668638544,ACTIVE,0.5,2000,7
d_q036_s50_x50,d_q036_s50,d_q036_s50_x50_g25_r304729,d_q036_s50_x50_g25_r304729_a01,QS60_V1,D3,70.0,5.0,4.5,50.0,4.0,305.40449508196724,285.40449508196724,282.1143774139344,288.52894989344264,0.30072520839318956,ACTIVE,0.5,2000,7
d_q036_s50_x50,d_q036_s50,d_q036_s50_x50_g25_r304729,d_q036_s50_x50_g25_r304729_a01,QS60_V1,D3,72.5,5.0,4.5,50.0,4.5,292.7190201639344,272.7190201639344,269.0852749877049,276.3088469754098,0.28735876829140905,ACTIVE,0.5,2000,7
d_q036_s50_x50,d_q036_s50,d_q036_s50_x50_g25_r304729,d_q036_s50_x50_g25_r304729_a01,QS60_V1,D3,75.0,5.0,4.5,50.0,5.0,282.6503460655738,262.6503460655738,258.7241898770492,266.41680593442624,0.2767496007111893,ACTIVE,0.5,2000,7
d_q036_s50_x50,d_q036_s50,d_q036_s50_x50_g25_r304729,d_q036_s50_x50_g25_r304729_a01,QS60_V1,D3,77.5,5.0,4.5,50.0,5.5,273.49935229508196,253.49935229508196,249.45152918852457,257.018652852459,0.26710737518196076,QC_ONLY,0.5,2000,7
d_q036_s50_x50,d_q036_s50,d_q036_s50_x50_g25_r304729,d_q036_s50_x50_g25_r304729_a01,QS60_V1,D3,80.0,5.0,4.5,50.0,6.0,265.3176260655738,245.3176260655738,241.30497920491803,248.5667714467213,0.25848644815459126,QC_ONLY,0.5,2000,7
d_q036_s50_x50,d_q036_s50,d_q036_s50_x50_g25_r304729,d_q036_s50_x50_g25_r304729_a01,QS60_V1,D3,82.5,5.0,4.5,50.0,6.5,258.3363060655738,238.33630606557378,234.68338784426226,241.3817235532787,0.2511303660043904,QC_ONLY,0.5,2000,7
d_q036_s50_x50,d_q036_s50,d_q036_s50_x50_g25_r304729,d_q036_s50_x50_g25_r304729_a01,QS60_V1,D3,85.0,5.0,4.5,50.0,7.0,251.76313163934427,231.76313163934427,228.48552215163934,234.57397682377047,0.24420433896839386,QC_ONLY,0.5,2000,7
d_q036_s50_x50,d_q036_s50,d_q036_s50_x50_g25_r304729,d_q036_s50_x50_g25_r304729_a01,QS60_V1,D3,90.0,5.0,4.5,50.0,8.0,240.28776606557378,220.28776606557378,217.34437833196722,222.93952575409838,0.2321129677285363,QC_ONLY,0.5,2000,7
d_q036_s50_x50,d_q036_s50,d_q036_s50_x50_g25_r304729,d_q036_s50_x50_g25_r304729_a01,QS60_V1,D3,95.0,5.0,4.5,50.0,9.0,229.4026050819672,209.4026050819672,206.66211458606557,211.75255563114752,0.2206434836748658,QC_ONLY,0.5,2000,7
d_q036_s50_x60,d_q036_s50,d_q036_s50_x60_g25_r104729,d_q036_s50_x60_g25_r104729_a01,QS60_V1,D3,5.0,5.0,4.5,60.0,11.0,208.48706524590165,188.48706524590165,184.2370132090164,191.81978294672132,0.20386505735551202,QC_ONLY,0.5,2000,13
d_q036_s50_x60,d_q036_s50,d_q036_s50_x60_g25_r104729,d_q036_s50_x60_g25_r104729_a01,QS60_V1,D3,10.0,5.0,4.5,60.0,10.0,217.4431424590164,197.4431424590164,192.604406602459,201.2184647991803,0.21355182918969617,QC_ONLY,0.5,2000,13
d_q036_s50_x60,d_q036_s50,d_q036_s50_x60_g25_r104729,d_q036_s50_x60_g25_r104729_a01,QS60_V1,D3,15.0,5.0,4.5,60.0,9.0,226.21814393442625,206.21814393442625,200.91961005737704,210.5544186557377,0.22304275195803203,QC_ONLY,0.5,2000,13
d_q036_s50_x60,d_q036_s50,d_q036_s50_x60_g25_r104729,d_q036_s50_x60_g25_r104729_a01,QS60_V1,D3,17.5,5.0,4.5,60.0,8.5,230.84862655737703,210.84862655737703,205.3361725614754,215.3074108114754,0.22805101925892093,QC_ONLY,0.5,2000,13
d_q036_s50_x60,d_q036_s50,d_q036_s50_x60_g25_r104729,d_q036_s50_x60_g25_r104729_a01,QS60_V1,D3,20.0,5.0,4.5,60.0,8.0,235.5737936065574,215.5737936065574,209.7390268934426,220.45391002868854,0.23316169595304212,QC_ONLY,0.5,2000,13
d_q036_s50_x60,d_q036_s50,d_q036_s50_x60_g25_r104729,d_q036_s50_x60_g25_r104729_a01,QS60_V1,D3,22.5,5.0,4.5,60.0,7.5,240.73794786885247,220.73794786885247,214.69887079508197,225.7445887909836,0.2387471752722836,QC_ONLY,0.5,2000,13
d_q036_s50_x60,d_q036_s50,d_q036_s50_x60_g25_r104729,d_q036_s50_x60_g25_r104729_a01,QS60_V1,D3,25.0,5.0,4.5,60.0,7.0,246.11914409836066,226.11914409836066,219.9869541680328,231.3529129918033,0.2445674042441695,QC_ONLY,0.5,2000,13
d_q036_s50_x60,d_q036_s50,d_q036_s50_x60_g25_r104729,d_q036_s50_x60_g25_r104729_a01,QS60_V1,D3,27.5,5.0,4.5,60.0,6.5,251.76896918032787,231.76896918032787,225.1626259590164,237.66475373360657,0.2506781785452135,QC_ONLY,0.5,2000,13
d_q036_s50_x60,d_q036_s50,d_q036_s50_x60_g25_r104729,d_q036_s50_x60_g25_r104729_a01,QS60_V1,D3,30.0,5.0,4.5,60.0,6.0,258.5534378688525,238.55343786885246,231.3412713032787,244.96143698360655,0.258016168006232,QC_ONLY,0.5,2000,13
d_q036_s50_x60,d_q036_s50,d_q036_s50_x60_g25_r104729,d_q036_s50_x60_g25_r104729_a01,QS60_V1,D3,31.25,5.0,4.5,60.0,5.75,262.40155327868854,242.4015532786885,234.97093563934425,248.85373402459015,0.2621782375239117,QC_ONLY,0.5,2000,13
d_q036_s50_x60,d_q036_s50,d_q036_s50_x60_g25_r104729,d_q036_s50_x60_g25_r104729_a01,QS60_V1,D3,32.5,5.0,4.5,60.0,5.5,266.0452631147541,246.04526311475408,238.46255809016392,252.59496630327868,0.2661192247409775,QC_ONLY,0.5,2000,13
d_q036_s50_x60,d_q036_s50,d_q036_s50_x60_g25_r104729,d_q036_s50_x60_g25_r104729_a01,QS60_V1,D3,33.75,5.0,4.5,60.0,5.25,269.5150375409836,249.5150375409836,241.7885681229508,256.29058205327874,0.2698720857741265,QC_ONLY,0.5,2000,13
d_q036_s50_x60,d_q036_s50,d_q036_s50_x60_g25_r104729,d_q036_s50_x60_g25_r104729_a01,QS60_V1,D3,35.0,5.0,4.5,60.0,5.0,273.2378773770492,253.2378773770492,245.3977656967213,260.2394603032787,0.2738986589276464,ACTIVE,0.5,2000,13
d_q036_s50_x60,d_q036_s50,d_q036_s50_x60_g25_r104729,d_q036_s50_x60_g25_r104729_a01,QS60_V1,D3,36.25,5.0,4.5,60.0,4.75,278.0720998360656,258.0720998360656,250.13339946311476,264.91084260245907,0.27912728847626267,ACTIVE,0.5,2000,13
d_q036_s50_x60,d_q036_s50,d_q036_s50_x60_g25_r104729,d_q036_s50_x60_g25_r104729_a01,QS60_V1,D3,37.5,5.0,4.5,60.0,4.5,283.5791131147541,263.5791131147541,255.6215949098361,270.27764763524584,0.2850835994647792,ACTIVE,0.5,2000,13
d_q036_s50_x60,d_q036_s50,d_q036_s50_x60_g25_r104729,d_q036_s50_x60_g25_r104729_a01,QS60_V1,D3,38.75,5.0,4.5,60.0,4.25,289.65085032786885,269.65085032786885,261.5227969959016,276.32847457377045,0.2916507082135115,ACTIVE,0.5,2000,13
d_q036_s50_x60,d_q036_s50,d_q036_s50_x60_g25_r104729,d_q036_s50_x60_g25_r104729_a01,QS60_V1,D3,40.0,5.0,4.5,60.0,4.0,296.0055704918033,276.0055704918033,267.7026945614754,283.0654141639344,0.2985238874898115,ACTIVE,0.5,2000,13
d_q036_s50_x60,d_q036_s50,d_q036_s50_x60_g25_r104729,d_q036_s50_x60_g25_r104729_a01,QS60_V1,D3,41.25,5.0,4.5,60.0,3.75,302.8202344262295,282.8202344262295,273.9408557377049,290.5318956557377,0.30589453571990555,ACTIVE,0.5,2000,13
d_q036_s50_x60,d_q036_s50,d_q036_s50_x60_g25_r104729,d_q036_s50_x60_g25_r104729_a01,QS60_V1,D3,42.5,5.0,4.5,60.0,3.5,309.97895606557375,289.97895606557375,280.54917567622954,298.4593688237705,0.3136373121045508,ACTIVE,0.5,2000,13
d_q036_s50_x60,d_q036_s50,d_q036_s50_x60_g25_r104729,d_q036_s50_x60_g25_r104729_a01,QS60_V1,D3,43.75,5.0,4.5,60.0,3.25,318.4597272131148,298.4597272131148,288.5018729344263,307.4908751844262,0.3228099993346101,ACTIVE,0.5,2000,13
d_q036_s50_x60,d_q036_s50,d_q036_s50_x60_g25_r104729,d_q036_s50_x60_g25_r104729_a01,QS60_V1,D3,45.0,5.0,4.5,60.0,3.0,328.55374590163933,308.55374590163933,297.48689993852463,318.35168855737703,0.33372755325906117,ACTIVE,0.5,2000,13
d_q036_s50_x60,d_q036_s50,d_q036_s50_x60_g25_r104729,d_q036_s50_x60_g25_r104729_a01,QS60_V1,D3,46.25,5.0,4.5,60.0,2.75,340.9001790163934,320.9001790163934,308.90694515573773,331.8975358442623,0.3470812881256507,ACTIVE,0.5,2000,13
d_q036_s50_x60,d_q036_s50,d_q036_s50_x60_g25_r104729,d_q036_s50_x60_g25_r104729_a01,QS60_V1,D3,47.5,5.0,4.5,60.0,2.5,354.9390919672131,334.9390919672131,321.47583,346.8591198196721,0.3622655862640617,ACTIVE,0.5,2000,13
d_q036_s50_x60,d_q036_s50,d_q036_s50_x60_g25_r104729,d_q036_s50_x60_g25_r104729_a01,QS60_V1,D3,48.75,5.0,4.5,60.0,2.25,369.5743224590164,349.5743224590164,332.7578990081967,364.3613375655737,0.37809485337971327,ACTIVE,0.5,2000,13
d_q036_s50_x60,d_q036_s50,d_q036_s50_x60_g25_r104729,d_q036_s50_x60_g25_r104729_a01,QS60_V1,D3,50.0,5.0,4.5,60.0,2.0,387.4159250819672,367.4159250819672,349.39270265163935,383.4115981188525,0.3973920891730389,ACTIVE,0.5,2000,13
d_q036_s50_x60,d_q036_s50,d_q036_s50_x60_g25_r104729,d_q036_s50_x60_g25_r104729_a01,QS60_V1,D3,51.25,5.0,4.5,60.0,1.75,410.04779098360655,390.04779098360655,372.375880852459,406.0328080122951,0.4218704088608154,ACTIVE,0.5,2000,13
d_q036_s50_x60,d_q036_s50,d_q036_s50_x60_g25_r104729,d_q036_s50_x60_g25_r104729_a01,QS60_V1,D3,52.5,5.0,4.5,60.0,1.5,440.1102159016394,420.1102159016394,403.33900341393445,437.44786047131146,0.4543855205591434,ACTIVE,0.5,2000,13
d_q036_s50_x60,d_q036_s50,d_q036_s50_x60_g25_r104729,d_q036_s50_x60_g25_r104729_a01,QS60_V1,D3,53.75,5.0,4.5,60.0,1.25,477.81644016393443,457.81644016393443,440.30189361885243,476.1855268606558,0.49516806211903286,ACTIVE,0.5,2000,13
d_q036_s50_x60,d_q036_s50,d_q036_s50_x60_g25_r104729,d_q036_s50_x60_g25_r104729_a01,QS60_V1,D3,55.0,5.0,4.5,60.0,1.0,524.3961998360655,504.3961998360656,484.1454118647541,526.0782474221312,0.5455480994164276,ACTIVE,0.5,2000,13
d_q036_s50_x60,d_q036_s50,d_q036_s50_x60_g25_r104729,d_q036_s50_x60_g25_r104729_a01,QS60_V1,D3,56.25,5.0,4.5,60.0,0.75,585.3612880327869,565.3612880327869,536.8024860655737,595.3110306065573,0.6114871132458058,ACTIVE,0.5,2000,13
d_q036_s50_x60,d_q036_s50,d_q036_s50_x60_g25_r104729,d_q036_s50_x60_g25_r104729_a01,QS60_V1,D3,57.5,5.0,4.5,60.0,0.5,685.2828836065573,665.2828836065573,628.9075893319673,699.7178637704918,0.7195609579211709,ACTIVE,0.5,2000,13
d_q036_s50_x60,d_q036_s50,d_q036_s50_x60_g25_r104729,d_q036_s50_x60_g25_r104729_a01,QS60_V1,D3,58.75,5.0,4.5,60.0,0.25,867.833853114754,847.833853114754,809.7749639098361,879.0890881721311,0.9170056145109526,ACTIVE,0.5,2000,13
d_q036_s50_x60,d_q036_s50,d_q036_s50_x60_g25_r104729,d_q036_s50_x60_g25_r104729_a01,QS60_V1,D3,60.0,5.0,4.5,60.0,0.0,969.884932295082,949.884932295082,927.4575302581967,971.5943775655736,1.0273826798185777,ACTIVE,0.5,2000,13
d_q036_s50_x60,d_q036_s50,d_q036_s50_x60_g25_r104729,d_q036_s50_x60_g25_r104729_a01,QS60_V1,D3,61.25,5.0,4.5,60.0,0.25,854.562661147541,834.562661147541,802.6599853196722,869.774491352459,0.9026516729922484,ACTIVE,0.5,2000,13
d_q036_s50_x60,d_q036_s50,d_q036_s50_x60_g25_r104729,d_q036_s50_x60_g25_r104729_a01,QS60_V1,D3,62.5,5.0,4.5,60.0,0.5,680.5857132786886,660.5857132786886,628.5982367991803,693.4230878360656,0.7144805621017003,ACTIVE,0.5,2000,13
d_q036_s50_x60,d_q036_s50,d_q036_s50_x60_g25_r104729,d_q036_s50_x60_g25_r104729_a01,QS60_V1,D3,63.75,5.0,4.5,60.0,0.75,599.1211654098361,579.1211654098361,550.5347873893443,609.3524401352458,0.6263696102862119,ACTIVE,0.5,2000,13
d_q036_s50_x60,d_q036_s50,d_q036_s50_x60_g25_r104729,d_q036_s50_x60_g25_r104729_a01,QS60_V1,D3,65.0,5.0,4.5,60.0,1.0,545.2195995081968,525.2195995081968,499.4320461639344,553.0659741680329,0.5680704065198752,ACTIVE,0.5,2000,13
d_q036_s50_x60,d_q036_s50,d_q036_s50_x60_g25_r104729,d_q036_s50_x60_g25_r104729_a01,QS60_V1,D3,66.25,5.0,4.5,60.0,1.25,499.1608521311475,479.1608521311475,454.8018924139344,503.88292619672126,0.5182538890655065,ACTIVE,0.5,2000,13
d_q036_s50_x60,d_q036_s50,d_q036_s50_x60_g25_r104729,d_q036_s50_x60_g25_r104729_a01,QS60_V1,D3,67.5,5.0,4.5,60.0,1.5,459.0710806557377,439.0710806557377,420.3554451147541,459.2736960901639,0.47489333511692994,ACTIVE,0.5,2000,13
d_q036_s50_x60,d_q036_s50,d_q036_s50_x60_g25_r104729,d_q036_s50_x60_g25_r104729_a01,QS60_V1,D3,68.75,5.0,4.5,60.0,1.75,431.51101262295083,411.51101262295083,396.8575728852459,428.01327677459017,0.4450847387397943,ACTIVE,0.5,2000,13
d_q036_s50_x60,d_q036_s50,d_q036_s50_x60_g25_r104729,d_q036_s50_x60_g25_r104729_a01,QS60_V1,D3,70.0,5.0,4.5,60.0,2.0,408.27395147540983,388.27395147540983,375.7497891106557,402.6943248934426,0.4199518480693562,ACTIVE,0.5,2000,13
d_q036_s50_x60,d_q036_s50,d_q036_s50_x60_g25_r104729,d_q036_s50_x60_g25_r104729_a01,QS60_V1,D3,72.5,5.0,4.5,60.0,2.5,373.57841393442624,353.57841393442624,343.12332425819676,365.7227060122951,0.38242562449775364,ACTIVE,0.5,2000,13
d_q036_s50_x60,d_q036_s50,d_q036_s50_x60_g25_r104729,d_q036_s50_x60_g25_r104729_a01,QS60_V1,D3,75.0,5.0,4.5,60.0,3.0,345.14206672131144,325.14206672131144,316.33339106967213,334.86955713934424,0.35166925642538827,ACTIVE,0.5,2000,13
d_q036_s50_x60,d_q036_s50,d_q036_s50_x60_g25_r104729,d_q036_s50_x60_g25_r104729_a01,QS60_V1,D3,77.5,5.0,4.5,60.0,3.5,328.3951036065574,308.3951036065574,299.5837497827869,318.3580559959016,0.3335559679009694,ACTIVE,0.5,2000,13
d_q036_s50_x60,d_q036_s50,d_q036_s50_x60_g25_r104729,d_q036_s50_x60_g25_r104729_a01,QS60_V1,D3,80.0,5.0,4.5,60.0,4.0,314.3730065573771,294.3730065573771,285.86860281557375,304.50082615983604,0.3183898576140575,ACTIVE,0.5,2000,13
d_q036_s50_x60,d_q036_s50,d_q036_s50_x60_g25_r104729,d_q036_s50_x60_g25_r104729_a01,QS60_V1,D3,82.5,5.0,4.5,60.0,4.5,301.2454350819672,281.2454350819672,272.6637843196721,291.36723340163934,0.30419125407443764,ACTIVE,0.5,2000,13
d_q036_s50_x60,d_q036_s50,d_q036_s50_x60_g25_r104729,d_q036_s50_x60_g25_r104729_a01,QS60_V1,D3,85.0,5.0,4.5,60.0,5.0,290.5251321311476,270.5251321311476,262.3081327540984,279.84540620081964,0.29259631957277255,ACTIVE,0.5,2000,13
d_q036_s50_x60,d_q036_s50,d_q036_s50_x60_g25_r104729,d_q036_s50_x60_g25_r104729_a01,QS60_V1,D3,90.0,5.0,4.5,60.0,6.0,272.12570721311477,252.12570721311474,245.18815025409836,260.5555763606557,0.2726957507388867,QC_ONLY,0.5,2000,13
d_q036_s50_x60,d_q036_s50,d_q036_s50_x60_g25_r104729,d_q036_s50_x60_g25_r104729_a01,QS60_V1,D3,95.0,5.0,4.5,60.0,7.0,256.5795536065574,236.57955360655737,230.50601999180327,243.82263402049182,0.255881241517664,QC_ONLY,0.5,2000,13
