s,C,C,C,C,C,C,C,C,C,C,C,C,C,C,C,C,C,C,C,C,C,C,C,m/s,m/s,m/s,m/s,m/s,m/s,m/s,m/s,m/s,m/s,m/s,m/s,m/s,m/s,m/s,m/s,m/s,m/s,m/s,m/s,m/s,m/s,m/s,kW,kW/m2,kW/m2,kW/m2
Time,"T_1500","T_2000","T_2500","T_3000","T_3250","T_3500","T_3750","T_4000","T_4250","T_4500","T_4750","T_5000","T_5250","T_5500","T_5750","T_6000","T_6250","T_6500","T_6750","T_7000","T_7500","T_8000","T_8500","U_1500","U_2000","U_2500","U_3000","U_3250","U_3500","U_3750","U_4000","U_4250","U_4500","U_4750","U_5000","U_5250","U_5500","U_5750","U_6000","U_6250","U_6500","U_6750","U_7000","U_7500","U_8000","U_8500","HRR_tot","Qw_4000","Qw_5000","Qw_6000"
 0.0000000E+000, 2.0000000E+001, 2.0000000E+001, 2.0000000E+001, 2.0000000E+001, 2.0000000E+001, 2.0000000E+001, 2.0000000E+001, 2.0000000E+001, 2.0000000E+001, 2.0000000E+001, 2.0000000E+001, 2.0000000E+001, 2.0000000E+001, 2.0000000E+001, 2.0000000E+001, 2.0000000E+001, 2.0000000E+001, 2.0000000E+001, 2.0000000E+001, 2.0000000E+001, 2.0000000E+001, 2.0000000E+001, 2.0000000E+001, 5.6197912E-004, 2.9520993E-003,-8.7618291E-004, 1.1063441E-002, 2.0845985E-003,-1.4146524E-003,-6.6439703E-004,-9.9484654E-004,-7.0168638E-003,-8.3212020E-003, 7.5169748E-003,-3.5032099E-003,-6.7067145E-003,-1.9324854E-003,-6.1360356E-003,-2.4254334E-003, 3.5344018E-003, 8.2269287E-003, 1.1937058E-002, 4.3294472E-003,-1.9726841E-003, 3.6929560E-003, 3.2174182E-003, 0.0000000E+000,-1.2684651E-003,-1.2323377E-003,-1.2639695E-003
 1.0710652E+000, 1.9999991E+001, 1.9999999E+001, 1.9999977E+001, 1.9999986E+001, 1.9999977E+001, 2.0000007E+001, 1.9999962E+001, 1.9999985E+001, 1.9999941E+001, 1.9999968E+001, 1.9999980E+001, 1.9999970E+001, 1.9999957E+001, 1.9999942E+001, 1.9999988E+001, 1.9999981E+001, 1.9999976E+001, 2.0000006E+001, 1.9999963E+001, 1.9999981E+001, 1.9999988E+001, 1.9999955E+001, 1.9999961E+001, 7.1058507E-004, 2.8629444E-003,-8.9112091E-004, 1.0732621E-002, 2.1425779E-003,-1.2870666E-003,-7.4518864E-004,-9.7225282E-004,-7.4372998E-003,-8.9176551E-003, 4.1868507E-003,-3.3790022E-003,-3.7308694E-003,-1.0246000E-003,-5.5479706E-003,-2.1560929E-003, 3.5104768E-003, 7.8576937E-003, 1.1686722E-002, 4.1847084E-003,-1.9735983E-003, 3.6544953E-003, 3.1273198E-003, 4.3019584E+002,-1.3639546E-004,-1.3285508E-004,-1.3476195E-004
 2.0063036E+000, 1.9999988E+001, 2.0000020E+001, 1.9999957E+001, 1.9999977E+001, 1.9999948E+001, 2.0000040E+001, 1.9999917E+001, 1.9999973E+001, 1.9999858E+001, 1.9999934E+001, 2.0003377E+001, 2.0004947E+001, 2.0003352E+001, 1.9999865E+001, 1.9999980E+001, 1.9999963E+001, 1.9999952E+001, 2.0000037E+001, 1.9999911E+001, 1.9999958E+001, 1.9999982E+001, 1.9999894E+001, 1.9999896E+001, 1.2760232E-002, 4.3687883E-003,-5.6167399E-004, 9.9886041E-003, 1.8186509E-003,-1.8956917E-003,-3.6650956E-003,-4.6818779E-003,-1.3050812E-002,-1.5942913E-002,-5.7844181E-003,-3.1404710E-003, 6.0194517E-003, 6.5757391E-003, 3.7281262E-004, 1.9100957E-003, 6.1911700E-003, 8.0688435E-003, 1.1704479E-002, 4.1684564E-003,-1.9502961E-003, 3.6007686E-003, 2.9828035E-003, 1.3625671E+003, 7.6168467E-007, 3.4083553E-001, 1.9041898E-004
 3.0011299E+000, 1.9999963E+001, 2.0000019E+001, 1.9999986E+001, 2.0000003E+001, 1.9999960E+001, 2.0000113E+001, 2.0000021E+001, 2.0001164E+001, 2.0012128E+001, 2.0022982E+001, 2.0097603E+001, 2.0179269E+001, 2.0097409E+001, 2.0021329E+001, 2.0011080E+001, 2.0001010E+001, 2.0000060E+001, 2.0000103E+001, 1.9999906E+001, 1.9999965E+001, 1.9999996E+001, 1.9999861E+001, 1.9999854E+001, 1.4016205E-001, 8.2848350E-002, 5.3620864E-002, 2.3896098E-002, 8.2822164E-003,-2.0802135E-003,-1.9715059E-002,-2.4095378E-002,-3.5940360E-002,-4.4555337E-002,-4.0624621E-002,-2.0384093E-003, 4.3040237E-002, 3.9031214E-002, 2.7663048E-002, 2.6223749E-002, 2.9495789E-002, 2.4995188E-002, 2.6339093E-002, 1.7098507E-002, 4.3767249E-003, 7.5139491E-003, 4.1923808E-003, 2.2388089E+003, 1.7001730E-002, 2.4000168E+000, 1.4497803E-002
 4.0024891E+000, 1.9999888E+001, 1.9999939E+001, 2.0000052E+001, 2.0000096E+001, 2.0000077E+001, 2.0000396E+001, 2.0000651E+001, 2.0004124E+001, 2.0039931E+001, 2.0090408E+001, 2.0309190E+001, 3.8129861E+001, 2.0313726E+001, 2.0091916E+001, 2.0039396E+001, 2.0004224E+001, 2.0000748E+001, 2.0000314E+001, 2.0000081E+001, 2.0000079E+001, 2.0000021E+001, 1.9999862E+001, 1.9999879E+001, 2.9171174E-001, 2.6088280E-001, 2.4244780E-001, 2.2754188E-001, 2.1806964E-001, 2.0835917E-001, 1.8750081E-001, 1.7864279E-001, 1.5568627E-001, 1.0343560E-001,-6.3134434E-002,-1.7683323E-002, 5.3862705E-001, 3.2367604E-001, 2.6304648E-001, 2.4582975E-001, 2.5126674E-001, 2.4474071E-001, 2.4135724E-001, 2.3385420E-001, 2.2036791E-001, 2.2031324E-001, 2.1279524E-001, 3.1817725E+003, 1.4257800E-002, 3.6356809E+000, 1.3637137E-002
 5.0046248E+000, 1.9999981E+001, 1.9999927E+001, 2.0000024E+001, 2.0000269E+001, 2.0000425E+001, 2.0000803E+001, 2.0001812E+001, 2.0006866E+001, 2.0056047E+001, 2.0155158E+001, 4.9894563E+001, 1.4783864E+002, 8.0764993E+001, 2.3127195E+001, 2.0095579E+001, 2.0014807E+001, 2.0002684E+001, 2.0001030E+001, 2.0000487E+001, 2.0000282E+001, 2.0000068E+001, 1.9999971E+001, 1.9999897E+001, 4.8266687E-001, 4.9901335E-001, 5.0589651E-001, 5.1596362E-001, 5.1951529E-001, 5.1621173E-001, 5.2930607E-001, 5.3209529E-001, 5.2091553E-001, 4.1631353E-001,-1.0299329E+000,-2.4392515E+000, 5.5492908E+000, 1.8052632E+000, 7.7326184E-001, 7.2431139E-001, 7.1699368E-001, 7.2062070E-001, 7.2155965E-001, 7.2330108E-001, 7.2661469E-001, 7.3218337E-001, 7.3028693E-001, 3.7118633E+003, 2.2838681E-002, 6.0370791E+000, 2.7715028E-002
 6.0043848E+000, 2.0000132E+001, 1.9999923E+001, 2.0000087E+001, 2.0000394E+001, 2.0000772E+001, 2.0001335E+001, 2.0002902E+001, 2.0010858E+001, 2.0087266E+001, 2.5171086E+001, 6.8767837E+001, 1.1008224E+002, 8.4601659E+001, 9.7316457E+001, 3.5415931E+001, 2.0035421E+001, 2.0005902E+001, 2.0002125E+001, 2.0001068E+001, 2.0000578E+001, 2.0000165E+001, 2.0000026E+001, 1.9999933E+001, 5.1709065E-001, 4.9959276E-001, 4.9104714E-001, 4.8099284E-001, 4.6404524E-001, 4.6608766E-001, 4.5637391E-001, 4.5267071E-001, 4.0237389E-001,-4.2449688E-001,-4.2450027E+000,-3.7470697E+000, 5.3062447E+000, 4.4122567E+000, 2.3555978E+000, 7.0369337E-001, 6.2972614E-001, 6.1212893E-001, 6.0454474E-001, 6.0124246E-001, 6.0125807E-001, 5.9386732E-001, 5.8724095E-001, 4.8960369E+003, 3.6691690E-002, 8.8890500E+000, 3.9729723E-002
 7.0007963E+000, 1.9999971E+001, 1.9999991E+001, 2.0000130E+001, 2.0000711E+001, 2.0001119E+001, 2.0001989E+001, 2.0004199E+001, 2.0014117E+001, 2.0108437E+001, 5.0618907E+001, 6.5216113E+001, 1.9826884E+002, 1.4218840E+002, 5.2577936E+001, 4.2077319E+001, 4.4687514E+001, 2.0015137E+001, 2.0004543E+001, 2.0002040E+001, 2.0001165E+001, 2.0000326E+001, 2.0000065E+001, 1.9999987E+001, 6.5928085E-001, 6.6895272E-001, 6.7495634E-001, 6.8125926E-001, 6.8293833E-001, 6.8248955E-001, 6.8425560E-001, 6.6696833E-001, 5.5931549E-001,-1.9305902E+000,-2.0270177E+000,-5.5219641E+000, 5.2946198E+000, 4.5044716E+000, 3.4821907E+000, 3.2465289E+000, 1.1229606E+000, 9.3727968E-001, 9.2457378E-001, 9.2284665E-001, 9.2390146E-001, 9.2694320E-001, 9.2401803E-001, 5.5185985E+003, 4.0741218E-002, 1.2542112E+001, 4.3699828E-001
 8.0001518E+000, 1.9999960E+001, 2.0000094E+001, 2.0000286E+001, 2.0000958E+001, 2.0001621E+001, 2.0002870E+001, 2.0005900E+001, 2.0019039E+001, 2.0198965E+001, 5.7451221E+001, 7.6609853E+001, 4.6066626E+001, 2.1516203E+002, 7.2430347E+001, 5.9957093E+001, 4.8220330E+001, 3.9531986E+001, 2.0008839E+001, 2.0003615E+001, 2.0001841E+001, 2.0000556E+001, 2.0000193E+001, 1.9999986E+001, 7.3895660E-001, 7.3150103E-001, 7.2401629E-001, 7.2280333E-001, 7.1671195E-001, 7.1577651E-001, 7.0198276E-001, 6.6671624E-001, 2.7398359E-001,-2.4236445E+000,-2.4400969E+000,-2.5421510E+000, 4.5742643E+000, 5.3332937E+000, 3.9360085E+000, 3.4803825E+000, 2.8356088E+000, 1.0857726E+000, 9.3713546E-001, 9.2636839E-001, 9.1844765E-001, 9.1433812E-001, 9.1243005E-001, 6.2608971E+003, 5.3895558E-002, 1.0567497E+001, 7.8380816E-001
 9.0001726E+000, 2.0000038E+001, 2.0000117E+001, 2.0000341E+001, 2.0001148E+001, 2.0002027E+001, 2.0003574E+001, 2.0007566E+001, 2.0023534E+001, 4.0668161E+001, 4.3489353E+001, 5.1057110E+001, 2.0380947E+002, 2.1497646E+002, 1.5327918E+002, 9.0658738E+001, 7.8245145E+001, 5.8945070E+001, 3.6808551E+001, 2.0007116E+001, 2.0003228E+001, 2.0000968E+001, 2.0000194E+001, 2.0000078E+001, 8.3884594E-001, 8.3331488E-001, 8.2888612E-001, 8.2150623E-001, 8.1742314E-001, 8.1797293E-001, 8.0275153E-001, 7.3532132E-001,-7.1877556E-001,-1.8845098E+000,-1.4165542E+000,-3.9681547E+000, 4.5099832E+000, 5.3654975E+000, 4.5091285E+000, 3.7394417E+000, 3.5311362E+000, 2.4933600E+000, 1.1667005E+000, 1.0546175E+000, 1.0397001E+000, 1.0421760E+000, 1.0417900E+000, 6.1217325E+003, 5.3173467E-002, 1.1965985E+001, 1.1768457E+000
 1.0003153E+001, 2.0000054E+001, 2.0000088E+001, 2.0000351E+001, 2.0001357E+001, 2.0002495E+001, 2.0004587E+001, 2.0010009E+001, 2.0029474E+001, 5.9306220E+001, 3.1697172E+001, 7.0422889E+001, 9.2241244E+001, 1.9367772E+002, 1.3371162E+002, 9.2916921E+001, 9.4164841E+001, 6.6016422E+001, 4.5026530E+001, 3.0932768E+001, 2.0005947E+001, 2.0001557E+001, 2.0000459E+001, 2.0000091E+001, 9.8499117E-001, 9.9836159E-001, 1.0061663E+000, 1.0145541E+000, 1.0191118E+000, 1.0137280E+000, 1.0056376E+000, 8.9122468E-001,-1.6145490E-001,-4.1906352E-001,-1.0193796E+000,-3.1518128E+000, 1.3686778E+000, 5.1394407E+000, 5.5388823E+000, 4.8174606E+000, 3.5595002E+000, 3.1791803E+000, 2.3317661E+000, 1.4802854E+000, 1.3981253E+000, 1.3970682E+000, 1.4031987E+000, 7.7983119E+003, 6.7785680E-002, 1.0336683E+001, 1.8362579E+000
 1.1002030E+001, 2.0000008E+001, 2.0000041E+001, 2.0000445E+001, 2.0001577E+001, 2.0002787E+001, 2.0005350E+001, 2.0011470E+001, 2.0033578E+001, 5.5140986E+001, 3.6979394E+001, 1.0453053E+002, 1.7112896E+002, 1.6826323E+002, 1.8714645E+002, 1.8724091E+002, 7.7328719E+001, 7.9813602E+001, 4.7651392E+001, 5.0006883E+001, 2.6104084E+001, 2.0002533E+001, 2.0000708E+001, 2.0000158E+001, 9.3499725E-001, 8.9841447E-001, 8.8478050E-001, 8.4164632E-001, 8.3899585E-001, 8.1987852E-001, 7.6424589E-001, 5.6759578E-001,-3.9883317E-001,-9.4361888E-001,-2.6729986E+000,-5.3861520E+000, 1.6639503E+000, 5.1362022E+000, 4.7493436E+000, 4.0390594E+000, 3.9278117E+000, 3.2133987E+000, 2.4177065E+000, 1.8196138E+000, 9.5495485E-001, 9.3394086E-001, 9.2853242E-001, 7.0874296E+003, 6.1148696E-002, 1.0482880E+001, 1.2494679E+000
 1.2003321E+001, 2.0000052E+001, 2.0000139E+001, 2.0000327E+001, 2.0001676E+001, 2.0003301E+001, 2.0006818E+001, 2.0015664E+001, 2.0042112E+001, 5.6917962E+001, 4.4549975E+001, 1.8801144E+002, 9.1635358E+001, 1.4122981E+002, 1.2204175E+002, 1.0313621E+002, 1.4275753E+002, 9.0479793E+001, 6.7465084E+001, 5.4127035E+001, 4.7191248E+001, 2.0004617E+001, 2.0001102E+001, 2.0000277E+001, 1.0477596E+000, 1.0698087E+000, 1.0824428E+000, 1.0957114E+000, 1.0963378E+000, 1.0913838E+000, 1.0569777E+000, 7.9706147E-001,-4.2376173E-001,-7.0278506E-001,-3.3859061E+000,-1.7428358E+000,-5.8177724E-001, 3.9197805E+000, 5.0890399E+000, 5.8207974E+000, 5.0663600E+000, 3.9392502E+000, 3.5444199E+000, 2.7709554E+000, 1.5769454E+000, 1.5256146E+000, 1.5281449E+000, 8.2957248E+003, 7.2750483E-002, 9.3547324E+000, 2.5160548E+000
 1.3002531E+001, 2.0000073E+001, 2.0000018E+001, 2.0000462E+001, 2.0001809E+001, 2.0003564E+001, 2.0007614E+001, 2.0017350E+001, 2.0055087E+001, 6.1104383E+001, 1.1730477E+002, 8.8150622E+001, 1.7464870E+002, 1.8174384E+002, 2.0413243E+002, 2.0482575E+002, 8.7927408E+001, 9.4562293E+001, 8.7520744E+001, 7.3197586E+001, 6.3839465E+001, 2.2206504E+001, 2.0001779E+001, 2.0000318E+001, 9.7206037E-001, 9.5669928E-001, 9.4596145E-001, 9.3140144E-001, 9.1894065E-001, 9.0550406E-001, 8.2059760E-001, 5.3004595E-001,-1.3555514E+000,-2.5914824E+000,-1.5223464E+000,-4.7502747E+000,-2.4201574E+000, 4.0956149E+000, 5.0008818E+000, 3.8912742E+000, 4.1603501E+000, 4.2288394E+000, 3.6250164E+000, 3.3978565E+000, 1.9416967E+000, 1.1471153E+000, 1.1369527E+000, 8.0875675E+003, 7.7562550E-002, 9.9544239E+000, 1.6025845E+000
 1.4002862E+001, 2.0000114E+001, 2.0000106E+001, 2.0000572E+001, 2.0001998E+001, 2.0003923E+001, 2.0008348E+001, 2.0019718E+001, 2.0290623E+001, 6.8422585E+001, 9.5012582E+001, 1.1668490E+002, 1.3228861E+002, 1.2827401E+002, 1.3108660E+002, 1.1970810E+002, 1.5268887E+002, 1.3476129E+002, 8.9497747E+001, 9.2563202E+001, 8.3425646E+001, 5.6209657E+001, 2.0003588E+001, 2.0000782E+001, 9.7789908E-001, 9.6328680E-001, 9.5932375E-001, 9.3920392E-001, 9.3194195E-001, 9.0819560E-001, 8.0573759E-001, 3.9606771E-001,-1.7836069E+000,-1.7210692E+000,-2.5152627E+000,-2.0402230E+000,-2.3847564E+000, 2.4841600E+000, 4.4139828E+000, 5.1199618E+000, 4.7074807E+000, 3.5970793E+000, 3.4450243E+000, 4.1954909E+000, 2.9736167E+000, 1.2488413E+000, 1.1898956E+000, 8.4889922E+003, 9.6940613E-002, 8.1337553E+000, 2.6552598E+000
 1.5001075E+001, 2.0000045E+001, 2.0000140E+001, 2.0000491E+001, 2.0002014E+001, 2.0004017E+001, 2.0008800E+001, 2.0021084E+001, 4.1142568E+001, 7.7607313E+001, 1.0739321E+002, 1.0145428E+002, 1.8496335E+002, 1.2823815E+002, 1.6127682E+002, 1.3829784E+002, 9.7605647E+001, 1.1408767E+002, 1.3458423E+002, 1.0503513E+002, 9.5565509E+001, 7.3261139E+001, 2.0745336E+001, 2.0001260E+001, 1.0742991E+000, 1.1045612E+000, 1.1225327E+000, 1.1512889E+000, 1.1500391E+000, 1.1206596E+000, 9.9152945E-001,-8.4894687E-003,-1.7944704E+000,-2.6926886E+000,-2.1331336E-001,-4.6452304E+000,-1.9352541E+000, 4.5722155E+000, 5.2272350E+000, 4.5207933E+000, 4.8279812E+000, 5.1391187E+000, 4.7176637E+000, 3.8958410E+000, 4.5292372E+000, 2.0618178E+000, 1.7103982E+000, 9.5782478E+003, 4.3197351E-001, 9.9635902E+000, 1.8900981E+000
 1.6000794E+001, 2.0000091E+001, 2.0000103E+001, 2.0000490E+001, 2.0002167E+001, 2.0004305E+001, 2.0009373E+001, 2.0025014E+001, 8.2292024E+001, 1.0864961E+002, 1.0331482E+002, 1.2298616E+002, 1.0647953E+002, 1.8310882E+002, 3.2169186E+002, 1.9423842E+002, 1.2066143E+002, 1.1293294E+002, 1.0243957E+002, 1.2821807E+002, 9.4455797E+001, 7.9112158E+001, 6.0907605E+001, 2.0002574E+001, 9.2495383E-001, 8.9891323E-001, 8.7123258E-001, 8.3654339E-001, 8.0865165E-001, 7.4314588E-001, 4.4448326E-001,-1.8499871E+000,-2.7237381E+000,-1.7961615E+000,-2.7949610E+000,-1.6010707E+000,-3.8194630E+000, 4.7325001E+000, 4.6532284E+000, 4.7600598E+000, 4.3199344E+000, 3.3582275E+000, 3.4676586E+000, 3.7320705E+000, 3.2724769E+000, 2.6569931E+000, 9.6640110E-001, 7.8786959E+003, 7.6591098E-001, 7.2327829E+000, 2.4353484E+000
 1.7000525E+001, 2.0000110E+001, 2.0000145E+001, 2.0000514E+001, 2.0001987E+001, 2.0004432E+001, 2.0010310E+001, 2.1822051E+001, 9.7323280E+001, 9.3531845E+001, 1.2556287E+002, 1.0983336E+002, 1.0712277E+002, 1.5671907E+002, 1.5696451E+002, 1.6575270E+002, 1.9060534E+002, 1.6202191E+002, 1.1956050E+002, 1.0378080E+002, 9.7928037E+001, 7.8883097E+001, 7.8002043E+001, 2.2696327E+001, 1.0199064E+000, 1.0307104E+000, 1.0343697E+000, 1.0411460E+000, 1.0177328E+000, 9.3302630E-001, 2.9983034E-001,-1.8798831E+000,-1.6943548E+000,-2.1463660E+000,-1.9676163E+000,-1.5693225E+000,-2.9100836E+000, 1.6834345E+000, 4.5714901E+000, 5.8187084E+000, 5.3965790E+000, 4.9877012E+000, 3.9444784E+000, 3.4759980E+000, 3.3421966E+000, 3.9129767E+000, 1.8257908E+000, 9.3919970E+003, 8.9440365E-001, 7.6088656E+000, 3.5501608E+000
 1.8000299E+001, 2.0000196E+001, 2.0000167E+001, 2.0000463E+001, 2.0002258E+001, 2.0004769E+001, 2.0012135E+001, 3.6392149E+001, 9.1178720E+001, 1.0811404E+002, 8.5828997E+001, 9.5834948E+001, 1.2353864E+002, 2.4523485E+002, 2.2444356E+002, 1.7172945E+002, 9.2472487E+001, 1.3037027E+002, 1.2847013E+002, 1.1960357E+002, 9.9376816E+001, 8.2917565E+001, 7.4156449E+001, 7.2972155E+001, 1.0417933E+000, 1.0662717E+000, 1.0762691E+000, 1.0855787E+000, 1.0601276E+000, 8.8230032E-001,-8.9049786E-001,-1.0704696E+000,-1.8327172E+000,-1.0645882E+000,-1.6160199E+000,-1.8104680E+000,-3.1923540E+000, 3.1957157E+000, 4.9609363E+000, 4.4818831E+000, 5.1300241E+000, 4.9326445E+000, 5.1178748E+000, 4.2778026E+000, 3.4557584E+000, 3.6548681E+000, 3.5085045E+000, 9.7672615E+003, 7.4058439E-001, 9.4332466E+000, 1.8742801E+000
 1.9001694E+001, 2.0000226E+001, 2.0000195E+001, 2.0000538E+001, 2.0002434E+001, 2.0005238E+001, 2.0076010E+001, 8.3799539E+001, 9.5553475E+001, 9.6071653E+001, 1.0174630E+002, 1.2188723E+002, 1.5640015E+002, 2.2289419E+002, 2.6414922E+002, 1.4612546E+002, 1.5428135E+002, 7.9960111E+001, 8.5542503E+001, 1.0869289E+002, 1.1836031E+002, 8.7817655E+001, 5.8322078E+001, 7.3641617E+001, 9.2624487E-001, 8.8933920E-001, 8.6961586E-001, 8.1860793E-001, 7.5501332E-001, 2.7232121E-001,-1.8320193E+000,-1.9700863E+000,-1.9390155E+000,-1.9000002E+000,-1.8609566E+000,-2.3055663E+000,-2.7910370E+000, 1.8077590E+000, 3.4938194E+000, 4.6005108E+000, 3.5290330E+000, 3.3891740E+000, 3.3754357E+000, 3.5809570E+000, 2.9471126E+000, 2.5848679E+000, 2.7998389E+000, 8.6282538E+003, 1.0233637E+000, 7.5998912E+000, 2.8409202E+000
 2.0003589E+001, 2.0000223E+001, 2.0000143E+001, 2.0000575E+001, 2.0002452E+001, 2.0006091E+001, 2.4553827E+001, 9.2849575E+001, 1.0013602E+002, 9.3992034E+001, 1.0979990E+002, 1.2700515E+002, 1.4164849E+002, 1.6587308E+002, 1.2837646E+002, 2.1460274E+002, 1.5557201E+002, 1.1853163E+002, 1.0151591E+002, 9.1892122E+001, 9.5434300E+001, 1.1031240E+002, 7.2777219E+001, 6.3710481E+001, 1.0649236E+000, 1.0847105E+000, 1.1005211E+000, 1.1085412E+000, 1.0169892E+000,-2.3031807E-002,-1.0937159E+000,-1.5851700E+000,-1.6897234E+000,-1.7228834E+000,-1.9737445E+000,-1.8723543E+000,-3.0160704E+000, 4.1412301E-001, 5.0806061E+000, 5.0453442E+000, 5.0158339E+000, 4.6380351E+000, 3.8952114E+000, 3.9443429E+000, 4.3661051E+000, 3.5261562E+000, 3.5081696E+000, 1.0257505E+004, 8.9546680E-001, 8.0444233E+000, 2.7477412E+000
 2.1002790E+001, 2.0000048E+001, 2.0000184E+001, 2.0000588E+001, 2.0002838E+001, 2.0008402E+001, 7.0334108E+001, 1.1268712E+002, 1.0100648E+002, 1.1712137E+002, 1.2135047E+002, 1.4095328E+002, 1.5706065E+002, 1.7396787E+002, 1.6441324E+002, 1.8227202E+002, 1.2738488E+002, 1.4695532E+002, 1.2529744E+002, 1.0804918E+002, 8.9568722E+001, 1.0019792E+002, 1.0186121E+002, 6.0576455E+001, 9.2962731E-001, 9.0002756E-001, 8.8437021E-001, 8.0692659E-001, 5.9963313E-001,-1.0308254E+000,-2.1200105E+000,-1.8297397E+000,-2.5910110E+000,-2.5072959E+000,-2.6593124E+000,-3.7753191E+000,-3.0605361E+000,-2.9013563E-001, 3.4014938E+000, 3.6292414E+000, 4.4391042E+000, 4.1252410E+000, 3.9796889E+000, 2.9453456E+000, 3.1400576E+000, 3.0610442E+000, 2.9512976E+000, 9.2859991E+003, 8.3811427E-001, 8.1026910E+000, 2.0278801E+000
 2.2001319E+001, 2.0000175E+001, 2.0000211E+001, 2.0000637E+001, 2.0003319E+001, 2.0012450E+001, 9.6323063E+001, 1.0514395E+002, 1.2607973E+002, 1.1934366E+002, 1.2682361E+002, 1.5004407E+002, 1.4703809E+002, 1.5564367E+002, 1.3064431E+002, 1.5506691E+002, 1.6914118E+002, 1.3922084E+002, 1.0596429E+002, 1.1825071E+002, 1.0234620E+002, 8.7790953E+001, 9.6101471E+001, 8.3444168E+001, 1.0179871E+000, 1.0187109E+000, 1.0285391E+000, 9.6507899E-001, 5.9269707E-001,-1.2656482E+000,-1.3684517E+000,-2.1773999E+000,-2.1676385E+000,-2.4019782E+000,-2.1203023E+000,-2.5040761E+000,-3.8803899E+000,-4.4120187E-001, 2.8762043E+000, 4.7450329E+000, 4.5499336E+000, 4.0817870E+000, 4.2008912E+000, 4.3945554E+000, 3.3162934E+000, 3.6409549E+000, 3.5807750E+000, 9.7579501E+003, 1.3070216E+000, 7.2466707E+000, 2.9224990E+000
 2.3002414E+001, 2.0000233E+001, 2.0000331E+001, 2.0000715E+001, 2.0004806E+001, 2.1611974E+001, 1.0876972E+002, 1.1941036E+002, 1.1251937E+002, 1.1723025E+002, 1.3771461E+002, 1.4683053E+002, 1.5579785E+002, 1.9711681E+002, 1.3959083E+002, 1.9652537E+002, 1.3113326E+002, 1.2957082E+002, 1.4616776E+002, 1.1137759E+002, 1.0676987E+002, 1.0063756E+002, 9.2515891E+001, 9.3680480E+001, 9.8956835E-001, 9.8457826E-001, 9.8182922E-001, 8.4884190E-001,-1.0447905E-001,-1.2148309E+000,-1.4988081E+000,-2.2428792E+000,-2.0728398E+000,-2.2530595E+000,-2.4325940E+000,-2.5183462E+000,-3.5424405E+000,-3.9793621E-001, 3.4127967E+000, 4.4743776E+000, 4.6364332E+000, 4.0813830E+000, 3.9427987E+000, 3.9430078E+000, 4.0422413E+000, 3.2735107E+000, 3.3487889E+000, 9.5847730E+003, 1.1646758E+000, 7.6432367E+000, 2.4660743E+000
 2.4002956E+001, 2.0000278E+001, 2.0000381E+001, 2.0000775E+001, 2.0007256E+001, 7.2654468E+001, 1.0754430E+002, 1.1042098E+002, 1.1297642E+002, 1.2760600E+002, 1.3864723E+002, 1.4419079E+002, 1.6092989E+002, 1.7479561E+002, 1.2516687E+002, 1.4920715E+002, 1.6186800E+002, 1.3849420E+002, 1.2156474E+002, 1.4364732E+002, 1.2543839E+002, 1.0324121E+002, 9.2786451E+001, 9.3594301E+001, 9.5373623E-001, 9.3800136E-001, 9.2438051E-001, 6.5528185E-001,-1.1434901E+000,-1.1132456E+000,-2.3555953E+000,-2.0630445E+000,-2.3563414E+000,-2.8810666E+000,-3.1380245E+000,-3.0739553E+000,-3.5622352E+000, 7.5635507E-001, 2.6364465E+000, 3.3133167E+000, 3.8745395E+000, 4.2681890E+000, 3.7400687E+000, 3.7589310E+000, 3.7415340E+000, 3.3254250E+000, 3.3126457E+000, 9.3735111E+003, 1.1183621E+000, 6.4758101E+000, 2.8547840E+000
 2.5001448E+001, 2.0000353E+001, 2.0000376E+001, 2.0000871E+001, 2.0014357E+001, 1.0597241E+002, 1.1813908E+002, 1.0816468E+002, 1.2367116E+002, 1.3537470E+002, 1.2940227E+002, 1.5934017E+002, 1.3589058E+002, 2.0878667E+002, 1.6003983E+002, 1.5714394E+002, 1.2373358E+002, 1.1668126E+002, 1.2734877E+002, 1.4631296E+002, 1.3306072E+002, 1.0705974E+002, 9.6707165E+001, 8.9568969E+001, 1.0222952E+000, 1.0442825E+000, 1.0304021E+000, 4.7358280E-001,-1.0563213E+000,-1.8603010E+000,-1.8147959E+000,-2.3614855E+000,-2.2873964E+000,-2.1688529E+000,-2.7272600E+000,-1.4020089E+000,-1.5159965E+000,-1.5091819E+000, 3.3473613E+000, 3.7716361E+000, 4.3622278E+000, 4.0209933E+000, 4.1584379E+000, 3.8912526E+000, 3.6417409E+000, 3.8203298E+000, 3.2355404E+000, 1.0252122E+004, 1.1935202E+000, 7.1868690E+000, 2.1129200E+000
 2.6006036E+001, 2.0000364E+001, 2.0000182E+001, 2.0001176E+001, 3.5514772E+001, 1.1622075E+002, 1.0299017E+002, 1.1551658E+002, 1.2919075E+002, 1.1427543E+002, 1.5318798E+002, 1.3447887E+002, 1.4337652E+002, 1.7339052E+002, 1.7297903E+002, 1.9814523E+002, 1.4842825E+002, 1.3250536E+002, 9.8943693E+001, 1.2085028E+002, 1.3056495E+002, 1.0896039E+002, 9.9183544E+001, 9.2152203E+001, 9.3594356E-001, 9.1631005E-001, 8.6976570E-001,-6.5838469E-001,-1.9194087E+000,-2.2596724E+000,-2.5341861E+000,-2.5653081E+000,-2.4387321E+000,-3.1901582E+000,-1.7845550E+000,-1.6158254E+000,-2.5909621E+000,-1.5530989E+000, 3.0327487E+000, 4.3558864E+000, 4.2004709E+000, 3.5206753E+000, 3.4889561E+000, 3.2757374E+000, 3.3300499E+000, 3.3119089E+000, 3.2008720E+000, 9.3751054E+003, 1.3342101E+000, 6.6693511E+000, 2.5064811E+000
 2.7004181E+001, 2.0000402E+001, 2.0000355E+001, 2.0001679E+001, 1.0064320E+002, 1.1265648E+002, 1.0954090E+002, 1.2030274E+002, 1.1680176E+002, 1.4236337E+002, 1.3022722E+002, 1.4430040E+002, 1.5314151E+002, 1.8452775E+002, 1.8382401E+002, 1.4153521E+002, 1.8552479E+002, 1.4211803E+002, 1.3297193E+002, 1.2461171E+002, 1.1465101E+002, 1.1396335E+002, 1.0307798E+002, 9.4844487E+001, 1.0189596E+000, 1.0354129E+000, 9.8750930E-001,-9.4904094E-001,-1.6555404E+000,-2.1583293E+000,-2.3319664E+000,-1.8725526E+000,-2.9860874E+000,-1.7221255E+000,-1.2515363E+000,-1.7065240E+000,-2.8557119E+000,-1.6294080E+000, 2.7953421E+000, 5.2046119E+000, 5.3179053E+000, 4.8295627E+000, 4.1839634E+000, 3.6353027E+000, 4.1521894E+000, 3.6950815E+000, 3.6373719E+000, 1.0854036E+004, 1.0647046E+000, 6.9351798E+000, 3.7713272E+000
 2.8000516E+001, 2.0000350E+001, 2.0000451E+001, 2.0002845E+001, 1.1183574E+002, 1.0506115E+002, 1.0807064E+002, 1.0778064E+002, 1.2224422E+002, 1.3501440E+002, 1.2700889E+002, 1.5536127E+002, 1.8588080E+002, 1.7565869E+002, 1.7350299E+002, 1.7576515E+002, 1.4810585E+002, 1.4659030E+002, 1.4938341E+002, 1.3094436E+002, 1.3251065E+002, 1.1145198E+002, 1.0257002E+002, 9.9477133E+001, 9.3811437E-001, 9.1306693E-001, 7.9242212E-001,-1.3970004E+000,-1.9022960E+000,-2.5432544E+000,-2.1061281E+000,-2.9424139E+000,-2.3185232E+000,-1.6241419E+000,-2.2452204E+000,-2.6339927E+000,-2.9993733E+000,-2.2075504E+000, 3.1241633E+000, 4.3458096E+000, 3.9775539E+000, 4.0682110E+000, 3.8620338E+000, 3.7125388E+000, 3.2745281E+000, 3.1500371E+000, 3.0887668E+000, 9.3483891E+003, 1.3832699E+000, 6.4303993E+000, 2.7151450E+000
 2.9002172E+001, 2.0000445E+001, 2.0000584E+001, 2.0005008E+001, 1.0795286E+002, 1.0838155E+002, 9.8519759E+001, 1.2469540E+002, 1.3078935E+002, 1.1923607E+002, 1.5361607E+002, 1.6124597E+002, 1.6495466E+002, 1.7662424E+002, 2.3448413E+002, 1.6179090E+002, 1.6425289E+002, 1.6491700E+002, 1.3324688E+002, 1.3602556E+002, 1.3477765E+002, 1.1545210E+002, 1.0586292E+002, 1.0106560E+002, 1.0075512E+000, 1.0049535E+000, 8.0978985E-001,-1.4425512E+000,-2.0164452E+000,-2.1189954E+000,-2.1886732E+000,-2.0911937E+000,-1.5510521E+000,-2.1946738E+000,-2.1088625E+000,-2.0312156E+000,-1.8372275E+000,-1.9848257E+000, 3.7012834E+000, 4.5854395E+000, 5.3277964E+000, 4.3372768E+000, 4.2356680E+000, 4.4695614E+000, 4.0828510E+000, 3.8591891E+000, 3.4499993E+000, 1.0448172E+004, 1.2033664E+000, 6.5040703E+000, 3.0052474E+000
 3.0004598E+001, 2.0000410E+001, 2.0000784E+001, 2.0009870E+001, 1.0743274E+002, 1.0773862E+002, 1.1171811E+002, 1.2367079E+002, 1.2586776E+002, 1.4541776E+002, 1.4716325E+002, 1.6186122E+002, 1.5282097E+002, 1.7835834E+002, 2.0737802E+002, 2.1864229E+002, 1.5470257E+002, 1.2582022E+002, 1.4094285E+002, 1.3281312E+002, 1.2426404E+002, 1.2301644E+002, 1.0716834E+002, 1.0612749E+002, 9.5852909E-001, 9.2445350E-001, 4.9866072E-001,-1.7823689E+000,-2.1437032E+000,-2.3184989E+000,-2.1537984E+000,-1.9913409E+000,-2.4513490E+000,-2.2699190E+000,-2.0013288E+000,-2.0485383E+000,-2.2464944E+000,-3.7014849E+000, 4.6160312E+000, 4.2289237E+000, 3.8255075E+000, 3.7933309E+000, 4.1076549E+000, 3.7279718E+000, 3.6844637E+000, 3.2151594E+000, 3.4709631E+000, 9.0993838E+003, 1.1287190E+000, 6.8739449E+000, 2.8670399E+000
 3.1005595E+001, 2.0000428E+001, 2.0001008E+001, 2.1915470E+001, 1.1164881E+002, 1.0383949E+002, 1.2274106E+002, 1.3069111E+002, 1.3447785E+002, 1.4400441E+002, 1.4923296E+002, 1.4384710E+002, 1.5433770E+002, 1.8275667E+002, 1.9296335E+002, 1.8763178E+002, 1.9994685E+002, 1.7916182E+002, 1.2553911E+002, 1.2285548E+002, 1.2681990E+002, 1.0683687E+002, 1.2231858E+002, 1.0434680E+002, 9.9454920E-001, 9.6250601E-001,-2.3071820E-001,-1.7952928E+000,-2.0395863E+000,-2.1611657E+000,-1.9925158E+000,-2.2357956E+000,-2.3362958E+000,-1.5207073E+000,-2.0463274E+000,-1.4064449E+000,-2.7037994E+000,-1.7983856E+000, 2.6228873E+000, 4.4187312E+000, 4.9797746E+000, 4.1929149E+000, 4.1278281E+000, 3.9876462E+000, 3.7720678E+000, 3.6931294E+000, 3.3351584E+000, 1.0175903E+004, 1.3039833E+000, 6.4474338E+000, 3.4433625E+000
 3.2001012E+001, 2.0000531E+001, 2.0001433E+001, 7.5390779E+001, 1.0082206E+002, 1.1671558E+002, 1.2888497E+002, 1.3548980E+002, 1.3917784E+002, 1.4520381E+002, 1.4648277E+002, 1.5160620E+002, 1.6302051E+002, 1.6282555E+002, 2.1927907E+002, 1.9359877E+002, 1.7783381E+002, 1.5546496E+002, 1.5812722E+002, 1.5561440E+002, 1.1304132E+002, 1.1447283E+002, 1.0980072E+002, 1.0716327E+002, 9.6767821E-001, 9.0288992E-001,-1.2803362E+000,-1.8330909E+000,-1.8483246E+000,-2.0193667E+000,-2.3689671E+000,-2.1047481E+000,-2.1036354E+000,-1.4899106E+000,-1.7780807E+000,-1.9996280E+000,-6.1383125E-001,-2.4690661E+000, 2.8663779E+000, 3.8110160E+000, 3.9898530E+000, 4.4182850E+000, 4.3030454E+000, 3.9341037E+000, 3.5765762E+000, 3.2159932E+000, 3.3753428E+000, 1.0117599E+004, 1.3195899E+000, 6.9112124E+000, 2.9818740E+000
 3.3004777E+001, 2.0000494E+001, 2.0002169E+001, 9.8495634E+001, 1.0638483E+002, 1.2543790E+002, 1.3261187E+002, 1.3138229E+002, 1.4006713E+002, 1.4228487E+002, 1.4787354E+002, 1.6372787E+002, 1.6597691E+002, 1.7120693E+002, 1.8970402E+002, 1.9371612E+002, 1.6972134E+002, 1.4514135E+002, 1.2616173E+002, 1.2724180E+002, 1.5871460E+002, 1.1014681E+002, 1.1074098E+002, 1.0875589E+002, 9.7326945E-001, 8.7470077E-001,-1.3584214E+000,-2.0199069E+000,-2.0254663E+000,-2.3201272E+000,-2.0821902E+000,-1.9685135E+000,-1.9115187E+000,-2.0390677E+000,-1.9498723E+000,-1.4054795E+000,-8.9322636E-001,-3.0265223E+000, 2.1210391E+000, 3.4655428E+000, 4.0305178E+000, 3.7981098E+000, 3.9727315E+000, 4.3580620E+000, 3.7624910E+000, 3.2886249E+000, 3.2247946E+000, 9.8529306E+003, 1.3216972E+000, 6.2576354E+000, 2.6360177E+000
 3.4002061E+001, 2.0000639E+001, 2.0003753E+001, 1.0279202E+002, 1.2170219E+002, 1.2902872E+002, 1.2790776E+002, 1.3396849E+002, 1.3793257E+002, 1.4607659E+002, 1.5178290E+002, 1.5331866E+002, 1.4999959E+002, 1.6558014E+002, 1.9900653E+002, 2.2047878E+002, 1.8928412E+002, 1.5422597E+002, 1.3788165E+002, 1.2224745E+002, 1.1843961E+002, 1.1872742E+002, 1.1449585E+002, 1.0553645E+002, 9.7632795E-001, 8.0930547E-001,-1.3975249E+000,-2.0112093E+000,-2.4247339E+000,-2.1264393E+000,-1.8316177E+000,-1.9506238E+000,-2.1109640E+000,-1.8306855E+000,-1.4235620E+000,-9.0703887E-001,-1.2220505E+000,-4.0331566E+000, 2.3811112E+000, 4.5778877E+000, 4.7902752E+000, 4.2655616E+000, 3.7584519E+000, 3.8790482E+000, 4.2254440E+000, 3.5827824E+000, 3.1163807E+000, 1.0051160E+004, 1.3340502E+000, 6.6632627E+000, 3.2125090E+000
 3.5004471E+001, 2.0000698E+001, 2.0006549E+001, 1.0365959E+002, 1.2696936E+002, 1.2053074E+002, 1.2449935E+002, 1.3658866E+002, 1.4196729E+002, 1.5588349E+002, 1.5088214E+002, 1.5200876E+002, 1.5747771E+002, 1.7804896E+002, 1.8817894E+002, 2.1076987E+002, 1.5118791E+002, 1.5715013E+002, 1.5530221E+002, 1.4088008E+002, 1.2935880E+002, 1.2127029E+002, 1.1490835E+002, 1.1261227E+002, 9.6044089E-001, 6.4194209E-001,-1.3430751E+000,-2.2627573E+000,-2.5270557E+000,-1.9129546E+000,-2.1100460E+000,-2.1072808E+000,-1.8492880E+000,-1.6999648E+000,-1.2012858E+000,-1.7233330E+000,-3.1223237E+000,-2.7434228E+000, 2.9951612E+000, 3.3241182E+000, 4.9130524E+000, 4.8544809E+000, 4.3192694E+000, 3.8798798E+000, 3.6918775E+000, 3.8014477E+000, 3.3842228E+000, 9.8458041E+003, 1.3731665E+000, 6.4207705E+000, 2.5163216E+000
 3.6003622E+001, 2.0000783E+001, 2.0046369E+001, 1.0841578E+002, 1.2125611E+002, 1.1589308E+002, 1.3042366E+002, 1.3622762E+002, 1.5074170E+002, 1.4221441E+002, 1.5494421E+002, 1.5267088E+002, 1.6570947E+002, 1.5123187E+002, 1.8602766E+002, 1.7858236E+002, 1.8013083E+002, 1.3079351E+002, 1.3173032E+002, 1.4870756E+002, 1.3634650E+002, 1.1114059E+002, 1.1976086E+002, 1.0693537E+002, 9.7518675E-001, 2.8221068E-001,-1.7276030E+000,-2.2957089E+000,-2.2115784E+000,-1.9901927E+000,-2.0425591E+000,-1.9421160E+000,-1.5700212E+000,-1.6159928E+000,-1.6366893E+000,-1.7008307E+000,-1.8237210E+000,-1.8810712E+000, 3.4313944E+000, 4.5842509E+000, 3.9492728E+000, 4.8025438E+000, 4.7849004E+000, 4.2930767E+000, 3.7487224E+000, 3.6097436E+000, 3.6569835E+000, 1.0347156E+004, 1.4181521E+000, 7.0183806E+000, 3.3633640E+000
 3.7004171E+001, 2.0001169E+001, 3.5027670E+001, 1.0998228E+002, 1.1097037E+002, 1.2276089E+002, 1.2998112E+002, 1.4137328E+002, 1.4276081E+002, 1.4126230E+002, 1.4858107E+002, 1.5606565E+002, 1.6256206E+002, 1.4185247E+002, 1.9341169E+002, 1.3636655E+002, 1.6459504E+002, 1.4584690E+002, 1.4537554E+002, 1.1906044E+002, 1.2194406E+002, 1.2233109E+002, 1.1421999E+002, 1.1374837E+002, 9.2811745E-001,-9.1090853E-001,-1.7031768E+000,-2.4359657E+000,-2.2584897E+000,-2.1359308E+000,-2.0265215E+000,-1.7872338E+000,-1.8397623E+000,-1.8305832E+000,-1.8498976E+000,-1.7916475E+000,-7.0280136E-001,-2.4855899E+000, 2.1023168E+000, 3.5850518E+000, 4.3761110E+000, 3.9783275E+000, 4.0979668E+000, 4.0957670E+000, 3.6009508E+000, 3.4803688E+000, 3.2604410E+000, 9.9923462E+003, 1.3182945E+000, 6.3686725E+000, 3.1518809E+000
 3.8001213E+001, 2.0001517E+001, 7.4220036E+001, 1.2164386E+002, 1.0346592E+002, 1.1854317E+002, 1.3669709E+002, 1.3847021E+002, 1.3757606E+002, 1.4051881E+002, 1.5470745E+002, 1.4828249E+002, 1.4458902E+002, 1.7785253E+002, 2.0342688E+002, 1.9512298E+002, 1.5328477E+002, 1.3561103E+002, 1.3196397E+002, 1.5494955E+002, 1.3638218E+002, 1.2108030E+002, 1.1465387E+002, 1.1065051E+002, 9.4325827E-001,-1.3524589E+000,-1.7489701E+000,-2.3428291E+000,-2.1320362E+000,-2.0720466E+000,-1.6828861E+000,-1.5192295E+000,-1.7312642E+000,-1.8308245E+000,-1.1216379E+000,-1.1664448E+000,-2.2260168E+000,-3.2034981E+000, 2.2771600E+000, 3.2814345E+000, 3.8391588E+000, 5.2417923E+000, 4.5615531E+000, 4.1225648E+000, 4.1839534E+000, 3.6932109E+000, 3.4780006E+000, 1.0211221E+004, 1.2658396E+000, 6.5826944E+000, 2.4674519E+000
 3.9000788E+001, 2.0002689E+001, 1.0159955E+002, 1.1593548E+002, 1.1709178E+002, 1.3246901E+002, 1.3197321E+002, 1.3515521E+002, 1.4054152E+002, 1.4536628E+002, 1.4522424E+002, 1.5091001E+002, 1.5993997E+002, 1.8950447E+002, 1.7120035E+002, 1.6577683E+002, 1.6957195E+002, 1.5257250E+002, 1.3155001E+002, 1.1369933E+002, 1.4127410E+002, 1.0920181E+002, 1.2551599E+002, 1.1012405E+002, 8.5778794E-001,-1.3894315E+000,-2.0275746E+000,-2.2808621E+000,-2.2410191E+000,-1.8319606E+000,-1.6337173E+000,-1.8653539E+000,-2.1411006E+000,-1.6996381E+000,-1.5595679E+000,-1.8096050E+000,-2.5062917E+000,-2.4515639E+000, 1.7748926E+000, 4.1671328E+000, 4.2590608E+000, 3.3769952E+000, 3.9367658E+000, 4.1639794E+000, 3.6030367E+000, 3.4457898E+000, 3.3356165E+000, 9.6841076E+003, 1.2670611E+000, 6.7098735E+000, 3.3275503E+000
 4.0000246E+001, 2.0004558E+001, 1.0575202E+002, 1.0922051E+002, 1.2400154E+002, 1.3340267E+002, 1.3108950E+002, 1.3743887E+002, 1.3822372E+002, 1.4733835E+002, 1.4019761E+002, 1.4975269E+002, 1.5510233E+002, 1.5731448E+002, 1.5367626E+002, 2.4575051E+002, 1.3966535E+002, 1.4501877E+002, 1.6515698E+002, 1.4268780E+002, 1.1504058E+002, 1.3693568E+002, 1.0948844E+002, 1.1879366E+002, 7.9697195E-001,-1.5463758E+000,-2.2050876E+000,-2.2690055E+000,-1.8734352E+000,-1.6581284E+000,-1.5753177E+000,-2.2081718E+000,-1.7497135E+000,-1.5265756E+000,-1.3844901E+000,-1.6083947E+000,-1.6273589E+000,-2.9090134E+000, 2.9951486E+000, 3.6786704E+000, 4.4534565E+000, 4.8101707E+000, 3.8840486E+000, 3.6430484E+000, 4.2238864E+000, 3.4090957E+000, 3.6145803E+000, 9.9148442E+003, 1.3454846E+000, 6.3188150E+000, 2.6152418E+000
 4.1004935E+001, 2.0009072E+001, 1.0957749E+002, 1.0388269E+002, 1.3074671E+002, 1.2956712E+002, 1.3442473E+002, 1.3914354E+002, 1.4111607E+002, 1.3722340E+002, 1.3954548E+002, 1.4940809E+002, 1.5483059E+002, 1.5924915E+002, 1.6784014E+002, 1.9534660E+002, 2.1549729E+002, 1.3964218E+002, 1.2763348E+002, 1.3863941E+002, 1.4994574E+002, 1.1401358E+002, 1.1864599E+002, 1.1540007E+002, 5.6704924E-001,-1.6286155E+000,-2.6068620E+000,-2.3262056E+000,-1.7590931E+000,-1.7762737E+000,-2.1660143E+000,-1.9290793E+000,-1.7508583E+000,-1.4845560E+000,-1.5066447E+000,-1.1070192E+000,-2.0611802E+000,-2.2724114E+000, 2.8592419E+000, 4.9495428E+000, 4.6149727E+000, 4.2730101E+000, 4.3052080E+000, 3.7900871E+000, 3.9292018E+000, 3.6005989E+000, 3.3519538E+000, 1.0043870E+004, 1.3549181E+000, 6.5927374E+000, 4.1982210E+000
 4.2001945E+001, 2.0447991E+001, 1.1216885E+002, 1.1566315E+002, 1.2508127E+002, 1.3330014E+002, 1.3651879E+002, 1.3946962E+002, 1.3706085E+002, 1.3730058E+002, 1.4670042E+002, 1.4328780E+002, 1.6015055E+002, 1.5348822E+002, 1.2866802E+002, 1.6978083E+002, 1.7611151E+002, 1.5769853E+002, 1.4993247E+002, 1.4092305E+002, 1.2023612E+002, 1.3422707E+002, 1.2088811E+002, 1.0997826E+002,-1.2032582E-002,-1.6758549E+000,-2.4281080E+000,-1.9727938E+000,-1.7252136E+000,-1.9759826E+000,-2.0405842E+000,-1.6611087E+000,-1.6538837E+000,-1.5342421E+000,-1.0977140E+000,-1.2687575E+000,-1.6418465E+000,-9.4700156E-001, 1.4096851E+000, 4.4495047E+000, 4.4262079E+000, 4.0420861E+000, 4.2746467E+000, 3.9345836E+000, 4.1521986E+000, 3.7271437E+000, 2.9219582E+000, 1.0051515E+004, 1.2579141E+000, 6.5263616E+000, 2.9181618E+000
 4.3003478E+001, 6.7938520E+001, 1.0934663E+002, 1.1126346E+002, 1.3025858E+002, 1.3328774E+002, 1.3727953E+002, 1.3625227E+002, 1.3621327E+002, 1.3933777E+002, 1.4063095E+002, 1.5119710E+002, 1.5388849E+002, 1.3923697E+002, 1.9912598E+002, 1.6288954E+002, 1.5329642E+002, 1.4391122E+002, 1.3953311E+002, 1.3734149E+002, 1.4677995E+002, 1.2543457E+002, 1.1747284E+002, 1.2098482E+002,-1.0171721E+000,-1.7867332E+000,-2.5051358E+000,-1.8338509E+000,-2.0218499E+000,-2.1387036E+000,-1.7135332E+000,-1.6530648E+000,-1.4992187E+000,-1.3231161E+000,-1.5729875E+000,-1.6709935E+000,-1.3571331E+000,-7.8401218E-001, 2.4835652E+000, 3.6541086E+000, 4.3344523E+000, 4.5715752E+000, 3.5473745E+000, 3.7267904E+000, 3.9247611E+000, 3.6232047E+000, 3.6511460E+000, 9.8866010E+003, 1.2209641E+000, 6.6573853E+000, 2.8046837E+000
 4.4000434E+001, 9.8635619E+001, 1.0659031E+002, 1.0777351E+002, 1.2933817E+002, 1.3377071E+002, 1.3307529E+002, 1.3271496E+002, 1.3666089E+002, 1.4092507E+002, 1.4463345E+002, 1.4285433E+002, 1.5788241E+002, 1.4840773E+002, 2.3316892E+002, 1.8498109E+002, 1.7042629E+002, 1.6648697E+002, 1.2661528E+002, 1.2964825E+002, 1.3644569E+002, 1.2626316E+002, 1.3278794E+002, 1.0962233E+002,-1.2378131E+000,-1.5840823E+000,-2.1281851E+000,-1.8648205E+000,-2.0864503E+000,-1.7854978E+000,-1.6446177E+000,-1.6040966E+000,-1.7312501E+000,-1.5099728E+000,-1.5516261E+000,-1.4801449E+000,-1.2156667E+000,-3.1482579E+000, 2.1390414E+000, 3.6720352E+000, 4.7675434E+000, 4.3955703E+000, 4.1787334E+000, 3.9491681E+000, 4.1651231E+000, 3.7141280E+000, 3.3582231E+000, 9.9433458E+003, 1.1913244E+000, 6.4088619E+000, 2.7520378E+000
 4.5001400E+001, 1.0712937E+002, 1.1467924E+002, 1.1104921E+002, 1.3082798E+002, 1.3176501E+002, 1.2916039E+002, 1.3284962E+002, 1.3837220E+002, 1.3902059E+002, 1.3031070E+002, 1.4520591E+002, 1.5796571E+002, 1.8499366E+002, 2.0403817E+002, 1.7085466E+002, 1.6915649E+002, 1.2665458E+002, 1.4679901E+002, 1.2585054E+002, 1.2317102E+002, 1.3460676E+002, 1.2055904E+002, 1.2804575E+002,-1.5252987E+000,-2.2945248E+000,-1.9458343E+000,-1.9619577E+000,-1.8755659E+000,-1.6914266E+000,-1.4702962E+000,-1.6472490E+000,-1.6289169E+000,-1.5771383E+000,-1.4213636E+000,-1.0772709E+000,-2.8668106E+000,-2.3022172E+000, 1.5039191E+000, 3.8914022E+000, 3.7714397E+000, 4.6651754E+000, 4.4133915E+000, 3.9340088E+000, 3.8696188E+000, 3.9074815E+000, 3.9032480E+000, 9.8873191E+003, 1.2483414E+000, 6.3399145E+000, 2.8248384E+000
 4.6003382E+001, 1.0467971E+002, 1.0263073E+002, 1.1648435E+002, 1.2723543E+002, 1.2616420E+002, 1.2475390E+002, 1.2918269E+002, 1.3513417E+002, 1.3699497E+002, 1.3372690E+002, 1.5181225E+002, 1.7164235E+002, 1.6963628E+002, 2.5400166E+002, 1.9717680E+002, 1.6042944E+002, 1.4444510E+002, 1.4155969E+002, 1.2267147E+002, 1.2804288E+002, 1.1894034E+002, 1.2685022E+002, 1.1715002E+002,-1.4365799E+000,-2.2623543E+000,-2.0360284E+000,-2.0203786E+000,-1.6616976E+000,-1.7018245E+000,-1.5627167E+000,-1.6249033E+000,-1.7799089E+000,-1.6791724E+000,-1.5668139E+000,-2.1287816E+000,-1.6219024E+000,-4.4506934E+000, 2.5409287E+000, 4.1045926E+000, 4.5327641E+000, 4.6353232E+000, 4.2757751E+000, 4.2604478E+000, 3.9541491E+000, 3.7458442E+000, 3.5611240E+000, 1.0278683E+004, 1.2042627E+000, 6.7440330E+000, 2.7783937E+000
 4.7001707E+001, 1.0187416E+002, 1.0800444E+002, 1.1875852E+002, 1.2353914E+002, 1.2415701E+002, 1.2254350E+002, 1.2841876E+002, 1.3579741E+002, 1.2841221E+002, 1.3936699E+002, 1.6567777E+002, 1.6509306E+002, 1.8260313E+002, 1.8152684E+002, 1.4673751E+002, 1.9693764E+002, 1.6163527E+002, 1.4633475E+002, 1.5681111E+002, 1.2942436E+002, 1.2622633E+002, 1.2171508E+002, 1.1956197E+002,-1.5905908E+000,-2.2644231E+000,-1.9208911E+000,-1.8034442E+000,-1.5798697E+000,-1.4685404E+000,-1.5999330E+000,-1.6178697E+000,-1.7799022E+000,-1.7072724E+000,-1.5161875E+000,-1.9655967E+000,-1.9770396E+000,-2.2697169E+000, 2.5736293E+000, 3.8071318E+000, 4.5790495E+000, 4.6317322E+000, 4.2848312E+000, 3.8649184E+000, 3.8900730E+000, 3.8184480E+000, 3.6926635E+000, 1.0009106E+004, 1.1967354E+000, 6.6845355E+000, 3.2374307E+000
 4.8002442E+001, 1.0907992E+002, 1.0335748E+002, 1.1296209E+002, 1.2216413E+002, 1.1919143E+002, 1.2315175E+002, 1.2981202E+002, 1.3099360E+002, 1.3484275E+002, 1.4983452E+002, 1.6257227E+002, 1.6182162E+002, 1.5803704E+002, 1.7901601E+002, 1.8160991E+002, 1.6722232E+002, 1.7208957E+002, 1.5933304E+002, 1.3837686E+002, 1.4177524E+002, 1.1879018E+002, 1.1970247E+002, 1.2107525E+002,-1.9007902E+000,-2.2155704E+000,-1.8743983E+000,-1.7195906E+000,-1.5168459E+000,-1.5127424E+000,-1.6207748E+000,-1.6155725E+000,-1.9180328E+000,-1.7468368E+000,-1.9925347E+000,-2.0626043E+000,-1.9321166E+000,-3.4159848E+000, 1.3840449E+000, 3.7341481E+000, 4.0926630E+000, 4.1799282E+000, 3.9684846E+000, 3.8661928E+000, 3.4877633E+000, 4.0098746E+000, 3.3928330E+000, 9.7980832E+003, 1.1721089E+000, 6.6407753E+000, 2.7888237E+000
 4.9001073E+001, 1.0328315E+002, 9.8384364E+001, 1.1509962E+002, 1.1807966E+002, 1.2010644E+002, 1.2363457E+002, 1.2687157E+002, 1.2962972E+002, 1.3875122E+002, 1.5812017E+002, 1.4935456E+002, 1.4886460E+002, 1.8053657E+002, 1.8781349E+002, 1.6630197E+002, 1.7203451E+002, 1.7423427E+002, 1.7436615E+002, 1.5594489E+002, 1.3377048E+002, 1.3551339E+002, 1.1969608E+002, 1.1380642E+002,-1.8754613E+000,-2.1122451E+000,-1.7977235E+000,-1.5408411E+000,-1.4828261E+000,-1.6236299E+000,-1.7646685E+000,-1.7507180E+000,-1.9073452E+000,-1.8208899E+000,-1.4070316E+000,-1.5386062E+000,-2.3567589E+000,-3.2873849E+000, 2.7131591E+000, 3.8867653E+000, 4.6778298E+000, 4.5580455E+000, 4.0789777E+000, 3.7952931E+000, 3.8394198E+000, 3.7427676E+000, 3.5395125E+000, 1.0303561E+004, 1.1868300E+000, 6.5609988E+000, 2.7187989E+000
 5.0003046E+001, 9.9645552E+001, 1.1037172E+002, 1.1902355E+002, 1.1710704E+002, 1.2163248E+002, 1.2559054E+002, 1.2918044E+002, 1.3588818E+002, 1.4728468E+002, 1.4638610E+002, 1.4807047E+002, 1.6817358E+002, 1.6794204E+002, 1.7909535E+002, 1.9316629E+002, 1.7381858E+002, 1.5872940E+002, 1.6070224E+002, 1.7344309E+002, 1.4902666E+002, 1.2317739E+002, 1.2378200E+002, 1.2327545E+002,-1.3008804E+000,-2.0861112E+000,-1.7790430E+000,-1.5058819E+000,-1.4848562E+000,-1.8444297E+000,-1.6517204E+000,-1.8444431E+000,-1.9943171E+000,-1.6133698E+000,-1.4317047E+000,-2.1833093E+000,-1.4795964E+000,-1.3754981E+000, 1.9284517E+000, 3.6479630E+000, 4.3945695E+000, 4.5766256E+000, 4.3787136E+000, 4.3817253E+000, 3.8108987E+000, 3.6824722E+000, 3.6660880E+000, 9.9237783E+003, 1.2737102E+000, 6.6173024E+000, 2.8915649E+000
 5.1000548E+001, 9.6720110E+001, 1.1026115E+002, 1.1521771E+002, 1.1882828E+002, 1.2394800E+002, 1.2724034E+002, 1.3223059E+002, 1.4208391E+002, 1.4397061E+002, 1.4208176E+002, 1.6037195E+002, 1.6135332E+002, 1.5585424E+002, 1.7299281E+002, 1.5276427E+002, 1.8441112E+002, 1.7182130E+002, 1.4899009E+002, 1.3984671E+002, 1.5743925E+002, 1.3982895E+002, 1.2112418E+002, 1.1434365E+002,-1.6273753E+000,-1.9939607E+000,-1.7762620E+000,-1.4974306E+000,-1.6049617E+000,-1.7029295E+000,-1.8867471E+000,-1.8626081E+000,-1.8878146E+000,-1.7162875E+000,-1.8510483E+000,-1.6256951E+000,-1.3954903E+000,-2.0381768E+000, 1.5854770E+000, 4.2441449E+000, 5.1234837E+000, 4.7138093E+000, 4.2840825E+000, 4.2011461E+000, 3.7153253E+000, 3.9392244E+000, 3.4604477E+000, 9.7421237E+003, 1.2757619E+000, 6.2810940E+000, 2.9095050E+000
 5.2004008E+001, 1.0170901E+002, 1.1210126E+002, 1.1216315E+002, 1.2067028E+002, 1.2418072E+002, 1.2845710E+002, 1.3667921E+002, 1.4097250E+002, 1.4237056E+002, 1.5000826E+002, 1.6388950E+002, 1.5543258E+002, 1.5418813E+002, 2.1348603E+002, 1.6560297E+002, 1.6089384E+002, 1.4776788E+002, 1.5713237E+002, 1.5085067E+002, 1.2950167E+002, 1.3194486E+002, 1.1979944E+002, 1.1766339E+002,-1.9514230E+000,-2.0379215E+000,-1.6693996E+000,-1.7023344E+000,-1.6671502E+000,-1.7104440E+000,-1.7444943E+000,-1.9176815E+000,-1.6651128E+000,-1.5664617E+000,-1.8409934E+000,-1.2969029E+000,-2.2391064E+000,-2.8582354E+000, 1.6295845E+000, 3.4555114E+000, 3.5735151E+000, 4.6844698E+000, 4.5684897E+000, 4.0544175E+000, 4.0602759E+000, 3.5466567E+000, 3.6972930E+000, 1.0175295E+004, 1.3399468E+000, 6.5441956E+000, 2.6993890E+000
 5.3003022E+001, 1.0718210E+002, 1.1006088E+002, 1.1163819E+002, 1.2348817E+002, 1.2546063E+002, 1.3343931E+002, 1.3601488E+002, 1.3911469E+002, 1.4440480E+002, 1.5888192E+002, 1.5094797E+002, 1.5459330E+002, 1.6894199E+002, 1.8732729E+002, 1.7084271E+002, 1.4911427E+002, 1.5525932E+002, 1.4698294E+002, 1.3110668E+002, 1.3974342E+002, 1.3197986E+002, 1.2741590E+002, 1.1602320E+002,-1.9078442E+000,-1.8464404E+000,-1.6081173E+000,-1.6967193E+000,-1.6521594E+000,-1.7385510E+000,-1.7069615E+000,-1.6372887E+000,-1.7147820E+000,-2.0134419E+000,-1.3996014E+000,-1.6267319E+000,-2.6621200E+000,-1.3165614E+000, 1.4293791E+000, 3.5444870E+000, 3.9106571E+000, 4.2822770E+000, 3.6248228E+000, 4.0568716E+000, 3.1217288E+000, 3.7794074E+000, 3.4577069E+000, 1.0249790E+004, 1.2625623E+000, 6.5996962E+000, 2.4622705E+000
 5.4001685E+001, 1.0833194E+002, 1.0898872E+002, 1.1563769E+002, 1.2280547E+002, 1.2872807E+002, 1.3490618E+002, 1.3249363E+002, 1.3797853E+002, 1.4835584E+002, 1.5343854E+002, 1.4802470E+002, 1.5830627E+002, 1.4888635E+002, 1.7159771E+002, 1.3980007E+002, 1.6514715E+002, 1.4376471E+002, 1.4550443E+002, 1.5174817E+002, 1.2239576E+002, 1.2645657E+002, 1.2024636E+002, 1.2461815E+002,-2.0024674E+000,-1.7788255E+000,-1.5759960E+000,-1.6759158E+000,-1.7780601E+000,-1.7172694E+000,-1.6953192E+000,-1.7655784E+000,-1.9813018E+000,-1.5003688E+000,-1.5805524E+000,-2.1029264E+000,-1.0396557E+000,-1.8947912E+000, 1.1207338E-001, 3.6603278E+000, 3.9499740E+000, 3.9035630E+000, 4.0451909E+000, 3.6608085E+000, 3.8977034E+000, 3.5935466E+000, 3.5673650E+000, 9.9353956E+003, 1.2204410E+000, 6.6863271E+000, 2.4082138E+000
 5.5000802E+001, 1.0119055E+002, 1.0731910E+002, 1.1691086E+002, 1.2387594E+002, 1.3269728E+002, 1.2884707E+002, 1.3338549E+002, 1.4488292E+002, 1.4933488E+002, 1.4949986E+002, 1.5511624E+002, 1.4773242E+002, 1.5662941E+002, 1.6356491E+002, 1.4484145E+002, 1.7808929E+002, 1.4951977E+002, 1.3879707E+002, 1.3937767E+002, 1.4114599E+002, 1.2576216E+002, 1.1714643E+002, 1.1798705E+002,-2.0640774E+000,-1.7469081E+000,-1.5817792E+000,-1.7252977E+000,-1.7287245E+000,-1.5733668E+000,-1.8749276E+000,-2.0644394E+000,-1.6438735E+000,-1.4482561E+000,-2.2027808E+000,-1.0916745E+000,-1.0590424E+000,-3.0505798E+000,-1.1734899E-001, 3.3508138E+000, 3.8520905E+000, 4.1140929E+000, 3.9630894E+000, 3.6119916E+000, 3.4686925E+000, 3.6151354E+000, 3.3907028E+000, 9.9520475E+003, 1.3941366E+000, 6.1339838E+000, 2.5750730E+000
 5.6003605E+001, 1.0279460E+002, 1.0933697E+002, 1.1780075E+002, 1.2877369E+002, 1.3061174E+002, 1.3285960E+002, 1.3887772E+002, 1.4026154E+002, 1.4638473E+002, 1.5816874E+002, 1.4126027E+002, 1.5587911E+002, 1.6972194E+002, 1.8677811E+002, 1.9333567E+002, 1.6482577E+002, 1.6527102E+002, 1.5975676E+002, 1.3696938E+002, 1.3248856E+002, 1.2739522E+002, 1.2356870E+002, 1.1540048E+002,-2.0551805E+000,-1.7410308E+000,-1.5809734E+000,-1.8115817E+000,-1.6518809E+000,-1.7055238E+000,-1.9715098E+000,-1.7697658E+000,-1.5147323E+000,-2.2627114E+000,-1.4193892E+000,-9.6983992E-001,-2.6359827E+000,-3.3733879E+000, 1.5652067E+000, 3.7811895E+000, 4.1510595E+000, 4.1398849E+000, 3.6927434E+000, 3.8457452E+000, 3.5927528E+000, 3.7906260E+000, 3.4645741E+000, 1.0062918E+004, 1.3259878E+000, 6.0172988E+000, 2.9353395E+000
 5.7000960E+001, 1.0289592E+002, 1.0753002E+002, 1.1784951E+002, 1.2915891E+002, 1.2823420E+002, 1.3509544E+002, 1.3840659E+002, 1.3854850E+002, 1.4865709E+002, 1.4572677E+002, 1.4019047E+002, 1.6918116E+002, 1.7889503E+002, 1.8569408E+002, 1.7069289E+002, 1.8388488E+002, 1.6627194E+002, 1.5588866E+002, 1.5635969E+002, 1.4066541E+002, 1.2160847E+002, 1.1786654E+002, 1.1889437E+002,-1.9154647E+000,-1.6518364E+000,-1.5806736E+000,-1.7032192E+000,-1.6388205E+000,-1.8313723E+000,-1.8630534E+000,-1.8620662E+000,-1.8266830E+000,-1.7425225E+000,-1.2429720E+000,-1.8990027E+000,-1.9725491E+000,-3.6547650E-001, 2.4930533E+000, 4.6167320E+000, 4.4983157E+000, 4.2262736E+000, 3.5635898E+000, 3.6857269E+000, 3.5503978E+000, 3.2029966E+000, 3.5686943E+000, 1.0154318E+004, 1.2698053E+000, 6.3500373E+000, 3.4224423E+000
 5.8002943E+001, 1.0064470E+002, 1.1000058E+002, 1.1591528E+002, 1.2491618E+002, 1.3056890E+002, 1.3796519E+002, 1.4003301E+002, 1.3937096E+002, 1.4756535E+002, 1.4000988E+002, 1.4929575E+002, 1.7102255E+002, 1.7691966E+002, 1.7674964E+002, 1.6116687E+002, 1.5068885E+002, 1.4839225E+002, 1.5977934E+002, 1.5713948E+002, 1.4574875E+002, 1.2458839E+002, 1.1694380E+002, 1.1931328E+002,-1.7741274E+000,-1.8186730E+000,-1.6733643E+000,-1.6855060E+000,-1.8871603E+000,-1.8582867E+000,-1.7950711E+000,-1.8490176E+000,-2.0554296E+000,-1.3534261E+000,-1.6695290E+000,-2.1857779E+000,-1.1872088E+000,-7.1154106E-001, 6.4003072E-001, 3.1610519E+000, 4.5843041E+000, 4.2734755E+000, 4.0845386E+000, 3.9288467E+000, 3.5922850E+000, 3.3183749E+000, 3.4978216E+000, 9.8786962E+003, 1.2842591E+000, 6.5514212E+000, 2.4457593E+000
 5.9003232E+001, 9.4399674E+001, 1.0995201E+002, 1.2429501E+002, 1.2808179E+002, 1.3638160E+002, 1.3636348E+002, 1.3202054E+002, 1.4350978E+002, 1.3942586E+002, 1.3901578E+002, 1.6891696E+002, 1.7063882E+002, 1.6382506E+002, 1.8916078E+002, 1.6365873E+002, 1.5092691E+002, 1.3992143E+002, 1.3619335E+002, 1.3963664E+002, 1.5102020E+002, 1.3807984E+002, 1.2078769E+002, 1.1543607E+002,-2.0991007E+000,-1.7922535E+000,-1.8107438E+000,-1.7457737E+000,-1.9838546E+000,-1.6889880E+000,-1.7900563E+000,-2.2295396E+000,-1.4266908E+000,-1.4116693E+000,-2.3050990E+000,-1.6656330E+000,-1.0278743E+000,-3.5273538E+000, 4.4861058E-001, 2.6697326E+000, 4.3047772E+000, 4.2490745E+000, 4.0541504E+000, 3.8716953E+000, 3.7959529E+000, 3.4195251E+000, 3.2519154E+000, 9.5336534E+003, 1.3723094E+000, 6.2156461E+000, 2.3933621E+000
 6.0001236E+001, 8.1072227E+001, 1.1271355E+002, 1.2055552E+002, 1.3167894E+002, 1.3187596E+002, 1.3054367E+002, 1.4146068E+002, 1.3757347E+002, 1.3942938E+002, 1.5453128E+002, 1.5576280E+002, 1.6239988E+002, 1.8303373E+002, 1.8378781E+002, 1.6446525E+002, 1.5924881E+002, 1.3539582E+002, 1.3939841E+002, 1.4064923E+002, 1.3567813E+002, 1.3790177E+002, 1.2895475E+002, 1.1681705E+002,-1.8802987E+000,-1.5788839E+000,-1.6169770E+000,-2.0785739E+000,-1.6578525E+000,-1.7271759E+000,-2.2483514E+000,-1.7842314E+000,-1.4473930E+000,-2.0769808E+000,-1.7638081E+000,-1.7157356E+000,-2.4002621E+000,-1.7661830E+000,-4.2119631E-001, 3.1611739E+000, 3.9456818E+000, 4.4889836E+000, 3.6670739E+000, 3.4759192E+000, 3.8956910E+000, 3.7283737E+000, 3.3281112E+000, 9.9255946E+003, 1.2347606E+000, 6.2508936E+000, 2.5120093E+000
 6.1000480E+001, 7.7360543E+001, 1.0916176E+002, 1.2012710E+002, 1.2931400E+002, 1.2765115E+002, 1.3100157E+002, 1.3618481E+002, 1.3837710E+002, 1.4950994E+002, 1.5708520E+002, 1.4492899E+002, 1.5411856E+002, 1.6645049E+002, 1.7886839E+002, 1.6648417E+002, 1.6134439E+002, 1.4498768E+002, 1.4761010E+002, 1.3048384E+002, 1.3666459E+002, 1.3081700E+002, 1.2566775E+002, 1.2005416E+002,-1.8860247E+000,-1.6828159E+000,-1.6698306E+000,-1.8332817E+000,-1.7732118E+000,-1.9075707E+000,-1.7249144E+000,-1.6764499E+000,-1.8158561E+000,-1.9146845E+000,-1.5642887E+000,-1.2395716E+000,-1.6165602E+000,-2.8901752E+000,-1.1146107E+000, 3.7027470E+000, 4.3994242E+000, 4.0017720E+000, 4.3166309E+000, 3.7764369E+000, 3.3907347E+000, 3.3412556E+000, 3.6714865E+000, 1.0641084E+004, 1.2169621E+000, 6.4647027E+000, 2.8818952E+000
 6.2001620E+001, 9.9776634E+001, 1.1734149E+002, 1.2259691E+002, 1.2475673E+002, 1.2341814E+002, 1.3416505E+002, 1.3661124E+002, 1.4092819E+002, 1.5388399E+002, 1.4534630E+002, 1.5455116E+002, 1.4904085E+002, 1.7360648E+002, 1.7803765E+002, 1.7764750E+002, 1.4453056E+002, 1.4469722E+002, 1.4060190E+002, 1.5591497E+002, 1.2968738E+002, 1.2435133E+002, 1.3096603E+002, 1.2126916E+002,-1.6976501E+000,-1.8264269E+000,-1.7606020E+000,-1.6863969E+000,-1.5968566E+000,-1.8186946E+000,-1.8106143E+000,-1.7694672E+000,-1.9631610E+000,-1.6226383E+000,-1.4813998E+000,-1.1565083E+000,-1.8913433E+000,-3.7640158E+000,-6.3252831E-001, 3.2948615E+000, 4.2280625E+000, 4.1926489E+000, 3.7501959E+000, 4.1224031E+000, 3.7413119E+000, 3.1676270E+000, 3.4323675E+000, 1.0078633E+004, 1.2615402E+000, 6.7929553E+000, 2.7800610E+000
 6.3002537E+001, 1.0379586E+002, 1.1670594E+002, 1.2354709E+002, 1.2093095E+002, 1.3127995E+002, 1.3607038E+002, 1.3742544E+002, 1.5381886E+002, 1.4466017E+002, 1.5058532E+002, 1.5267168E+002, 1.5699424E+002, 1.7023446E+002, 1.8741121E+002, 1.8187859E+002, 1.6817676E+002, 1.5004067E+002, 1.1298659E+002, 1.3081258E+002, 1.5245358E+002, 1.2618531E+002, 1.2508238E+002, 1.2247997E+002,-1.5788080E+000,-1.6778099E+000,-1.7502281E+000,-1.6430663E+000,-1.9257534E+000,-1.7504824E+000,-1.7682191E+000,-2.1772246E+000,-1.6519479E+000,-1.4623167E+000,-1.2854277E+000,-1.6084660E+000,-3.2201408E+000,-3.1935890E+000,-2.2715141E-001, 3.2420861E+000, 3.9231349E+000, 3.5289176E+000, 2.8331804E+000, 3.4294859E+000, 3.9872877E+000, 3.1196658E+000, 3.1880248E+000, 9.5333593E+003, 1.4702899E+000, 6.5090990E+000, 2.4274460E+000
 6.4002841E+001, 1.0427479E+002, 1.1631976E+002, 1.2176269E+002, 1.2668882E+002, 1.3137121E+002, 1.3524376E+002, 1.5086701E+002, 1.3739893E+002, 1.4330028E+002, 1.5413313E+002, 1.4965713E+002, 1.6176679E+002, 1.4408133E+002, 1.7277322E+002, 1.7716461E+002, 1.7396769E+002, 1.5945588E+002, 1.4087430E+002, 1.2627395E+002, 1.2792153E+002, 1.4115975E+002, 1.2378735E+002, 1.2448068E+002,-1.4773942E+000,-1.7523377E+000,-1.5734001E+000,-1.8671515E+000,-1.7980721E+000,-1.7763501E+000,-2.1928082E+000,-1.6701664E+000,-1.6226218E+000,-1.3814740E+000,-1.6231848E+000,-2.1874793E+000,-1.0826143E+000,-1.9060128E+000, 6.7304247E-001, 3.3286941E+000, 4.2225366E+000, 4.6562878E+000, 4.0758596E+000, 3.2891829E+000, 4.2348689E+000, 3.6489820E+000, 3.1979347E+000, 1.0307014E+004, 1.3512271E+000, 6.9611675E+000, 2.9129187E+000
 6.5002788E+001, 1.1093397E+002, 1.1793205E+002, 1.1565130E+002, 1.2696189E+002, 1.3363524E+002, 1.4175199E+002, 1.4121338E+002, 1.4193869E+002, 1.5021690E+002, 1.4655143E+002, 1.5941000E+002, 1.5301967E+002, 1.6358209E+002, 1.6953443E+002, 2.0254027E+002, 1.3187176E+002, 1.4497851E+002, 1.5371681E+002, 1.3950326E+002, 1.2989878E+002, 1.3591369E+002, 1.2767788E+002, 1.2244687E+002,-1.7732628E+000,-1.7634486E+000,-1.5366832E+000,-1.8708027E+000,-1.7546318E+000,-2.2066394E+000,-1.7905061E+000,-1.5444010E+000,-1.4879978E+000,-1.6848368E+000,-1.9219612E+000,-1.7268446E+000,-2.4625767E+000,-2.8010604E+000, 1.2700725E+000, 3.4764830E+000, 3.7711758E+000, 4.3667174E+000, 4.1524785E+000, 3.7282150E+000, 3.4496727E+000, 3.9002674E+000, 3.2951584E+000, 9.7497809E+003, 1.3099855E+000, 6.5672790E+000, 2.3739477E+000
 6.6005216E+001, 1.0968937E+002, 1.1660246E+002, 1.1896164E+002, 1.3011551E+002, 1.3411795E+002, 1.4122002E+002, 1.3574502E+002, 1.4368841E+002, 1.4833865E+002, 1.4429790E+002, 1.4988203E+002, 1.6296179E+002, 1.5292665E+002, 1.7989902E+002, 1.5060858E+002, 1.6399603E+002, 1.5541459E+002, 1.3557617E+002, 1.4493809E+002, 1.4051321E+002, 1.1329787E+002, 1.3229118E+002, 1.1851361E+002,-1.4963437E+000,-1.7572922E+000,-1.6573488E+000,-1.8966142E+000,-1.8718394E+000,-1.7664550E+000,-1.7742457E+000,-1.7499411E+000,-1.8223140E+000,-1.5264583E+000,-1.3005656E+000,-2.1732260E+000,-1.7712890E+000,-1.9949741E+000, 3.4066614E-001, 3.9682802E+000, 4.0996661E+000, 3.7642029E+000, 3.7900182E+000, 4.0517982E+000, 2.9250070E+000, 3.6183477E+000, 3.3375018E+000, 1.0069476E+004, 1.2989719E+000, 6.8658931E+000, 2.6821331E+000
 6.7004017E+001, 1.0979766E+002, 1.1450912E+002, 1.2657526E+002, 1.3241951E+002, 1.3556039E+002, 1.3360579E+002, 1.4047541E+002, 1.4652716E+002, 1.3997696E+002, 1.3817886E+002, 1.5676451E+002, 1.7358319E+002, 1.5590560E+002, 1.8397581E+002, 1.6437841E+002, 1.4048717E+002, 1.5516468E+002, 1.6165006E+002, 1.3835873E+002, 1.3117580E+002, 1.2732578E+002, 1.1894686E+002, 1.2461193E+002,-1.6662993E+000,-1.5568398E+000,-1.9194470E+000,-1.9569720E+000,-1.9116593E+000,-1.5751358E+000,-1.9256417E+000,-1.7008518E+000,-1.4154240E+000,-1.4155208E+000,-1.8297865E+000,-2.1899867E+000,-1.9875241E+000,-2.6167064E+000, 5.7088579E-001, 3.8096674E+000, 3.5126051E+000, 4.2208059E+000, 3.7169889E+000, 3.6641215E+000, 3.6341572E+000, 3.2602660E+000, 3.6031692E+000, 1.0379133E+004, 1.3611639E+000, 6.6696000E+000, 2.2134644E+000
 6.8005004E+001, 1.1174275E+002, 1.1327403E+002, 1.2245810E+002, 1.3555471E+002, 1.3333877E+002, 1.3794270E+002, 1.4385423E+002, 1.3914915E+002, 1.3669885E+002, 1.4239922E+002, 1.6630621E+002, 1.5548229E+002, 1.7385214E+002, 1.9069296E+002, 1.5424226E+002, 1.5105299E+002, 1.3954478E+002, 1.4188390E+002, 1.5559225E+002, 1.4439738E+002, 1.3040880E+002, 1.1684802E+002, 1.2514484E+002,-1.5925746E+000,-1.3819104E+000,-1.8337544E+000,-1.9419285E+000,-1.6473799E+000,-1.8463276E+000,-1.8789109E+000,-1.7394393E+000,-1.6410307E+000,-1.5758725E+000,-2.0103352E+000,-1.5728826E+000,-2.3835413E+000,-2.0576124E+000, 1.0926948E+000, 3.2668335E+000, 3.8646120E+000, 4.0743493E+000, 3.9604003E+000, 3.9592831E+000, 4.0097893E+000, 2.9494311E+000, 3.1364991E+000, 1.0155736E+004, 1.3030009E+000, 6.7737062E+000, 2.2838835E+000
 6.9005125E+001, 1.1270822E+002, 1.1472482E+002, 1.2483407E+002, 1.3251988E+002, 1.3345925E+002, 1.3789893E+002, 1.3921471E+002, 1.3849573E+002, 1.3423393E+002, 1.4702978E+002, 1.5228202E+002, 1.6664942E+002, 1.5772975E+002, 2.0584793E+002, 1.9038629E+002, 1.4706951E+002, 1.4357823E+002, 1.4155617E+002, 1.2998643E+002, 1.3965968E+002, 1.2642369E+002, 1.2365478E+002, 1.1318368E+002,-1.7100404E+000,-1.6802510E+000,-1.9469496E+000,-1.7333632E+000,-1.6490981E+000,-1.8464297E+000,-1.6857180E+000,-1.5508449E+000,-1.5547834E+000,-1.9809943E+000,-1.6669415E+000,-2.1819960E+000,-1.3056064E+000,-3.2866266E+000, 2.0317932E+000, 4.1624193E+000, 3.3348873E+000, 3.6220832E+000, 3.3317628E+000, 3.3968228E+000, 3.6958413E+000, 3.6062993E+000, 3.0589280E+000, 9.9568109E+003, 1.2715438E+000, 6.6960984E+000, 2.5723797E+000
 7.0003073E+001, 1.1270057E+002, 1.2313826E+002, 1.3142397E+002, 1.2993837E+002, 1.3445325E+002, 1.3816874E+002, 1.3609956E+002, 1.2995359E+002, 1.4161235E+002, 1.4795461E+002, 1.5528795E+002, 1.5178553E+002, 1.8037564E+002, 1.6997713E+002, 1.8212048E+002, 1.7333412E+002, 1.5405481E+002, 1.4378975E+002, 1.4193818E+002, 1.2536668E+002, 1.3658732E+002, 1.1521587E+002, 1.1571031E+002,-1.4341311E+000,-1.7195222E+000,-1.9763746E+000,-1.7465668E+000,-1.7790900E+000,-1.8135861E+000,-1.6320893E+000,-1.5057285E+000,-1.9311938E+000,-1.7057667E+000,-1.8505588E+000,-1.1092879E+000,-1.7667836E+000,-2.2257986E+000, 1.6871925E+000, 3.7305322E+000, 4.2413282E+000, 3.3400443E+000, 3.4701627E+000, 3.2637889E+000, 3.7267049E+000, 3.3134652E+000, 2.8978710E+000, 9.5758708E+003, 1.1940354E+000, 6.3250248E+000, 2.8878234E+000
 7.1001531E+001, 1.1044578E+002, 1.1855415E+002, 1.2928506E+002, 1.3116806E+002, 1.3636022E+002, 1.3437630E+002, 1.3258624E+002, 1.3653222E+002, 1.3839223E+002, 1.3871177E+002, 1.4897178E+002, 1.5605467E+002, 1.5893470E+002, 1.8074864E+002, 1.4068207E+002, 1.8867308E+002, 1.2031481E+002, 1.3860741E+002, 1.4284019E+002, 1.3317262E+002, 1.2468442E+002, 1.3398504E+002, 1.1639553E+002,-1.3981314E+000,-1.8519981E+000,-1.9060853E+000,-1.6818304E+000,-1.7982269E+000,-1.6764232E+000,-1.5738415E+000,-1.8277586E+000,-1.7861613E+000,-1.4918020E+000,-1.3875174E+000,-1.0108679E+000,-1.4392303E+000,-2.2950465E+000, 1.7692899E+000, 4.0108174E+000, 4.1188645E+000, 3.4931684E+000, 3.6911339E+000, 3.4009002E+000, 2.8708559E+000, 3.6426603E+000, 3.4336088E+000, 9.9436252E+003, 1.2904989E+000, 6.3525738E+000, 3.1625155E+000
 7.2000381E+001, 1.0768877E+002, 1.1869233E+002, 1.2800603E+002, 1.3323727E+002, 1.3252437E+002, 1.3162708E+002, 1.3112541E+002, 1.3674962E+002, 1.3730828E+002, 1.4146781E+002, 1.4463702E+002, 1.6526457E+002, 1.7756183E+002, 1.5897235E+002, 1.5278445E+002, 1.7079849E+002, 1.5891035E+002, 1.2761616E+002, 1.2868811E+002, 1.3618266E+002, 1.1170605E+002, 1.2351490E+002, 1.1995849E+002,-1.4272554E+000,-1.7283955E+000,-1.6649663E+000,-1.7635804E+000,-1.5570644E+000,-1.6434938E+000,-1.6075129E+000,-1.8798916E+000,-1.6896373E+000,-1.7787165E+000,-1.1930704E+000,-8.9917752E-001,-2.1689484E+000,-1.1771570E+000, 8.5702495E-001, 3.3482698E+000, 4.3521768E+000, 5.0108058E+000, 3.6575417E+000, 3.7542654E+000, 3.4496945E+000, 3.1534356E+000, 3.5952853E+000, 9.9797505E+003, 1.2996045E+000, 6.3802977E+000, 2.7546955E+000
 7.3000050E+001, 1.1207133E+002, 1.2480612E+002, 1.2712113E+002, 1.2928744E+002, 1.3118656E+002, 1.2884120E+002, 1.3777020E+002, 1.3470832E+002, 1.4147924E+002, 1.4034157E+002, 1.4441507E+002, 1.5308781E+002, 1.5155813E+002, 1.7564060E+002, 2.0105600E+002, 1.6277868E+002, 1.5426926E+002, 1.4957334E+002, 1.4182303E+002, 1.3261684E+002, 1.2141942E+002, 1.1318053E+002, 1.2159218E+002,-1.6289833E+000,-1.7577057E+000,-1.6306628E+000,-1.6425998E+000,-1.6745383E+000,-1.3982925E+000,-1.8176590E+000,-1.7702580E+000,-1.6587166E+000,-1.3083011E+000,-1.2061392E+000,-1.3158968E+000,-1.2555763E+000,-2.1682006E+000, 3.1912319E-001, 3.0230250E+000, 4.4391618E+000, 3.9113694E+000, 4.5918338E+000, 3.5091709E+000, 3.8453199E+000, 2.9176527E+000, 3.6643009E+000, 1.0161992E+004, 1.2694148E+000, 6.3681229E+000, 2.3412363E+000
 7.4001549E+001, 1.1530093E+002, 1.2495764E+002, 1.2245082E+002, 1.2666077E+002, 1.2750143E+002, 1.3343340E+002, 1.3518751E+002, 1.3599312E+002, 1.4516026E+002, 1.4727446E+002, 1.5304284E+002, 1.5164711E+002, 1.6121698E+002, 1.6816581E+002, 1.7594081E+002, 1.4836497E+002, 1.4939919E+002, 1.5409748E+002, 1.4658875E+002, 1.3227982E+002, 1.3069108E+002, 1.1322814E+002, 1.1778567E+002,-1.6680276E+000,-1.6583637E+000,-1.7222490E+000,-1.3953948E+000,-1.5768175E+000,-1.7370329E+000,-1.6877926E+000,-1.7537348E+000,-1.6813967E+000,-1.3145864E+000,-1.0985437E+000,-9.3567743E-001,-9.7038756E-001,-1.8186979E+000, 1.8328514E+000, 3.7114951E+000, 3.1051732E+000, 3.4481269E+000, 4.1574285E+000, 3.6709427E+000, 3.7469406E+000, 3.0870475E+000, 3.0460128E+000, 1.0117301E+004, 1.2435437E+000, 6.4510422E+000, 2.8451242E+000
 7.5001334E+001, 1.1353712E+002, 1.2292015E+002, 1.2430586E+002, 1.2688864E+002, 1.2436304E+002, 1.3524673E+002, 1.3226056E+002, 1.4350681E+002, 1.3997090E+002, 1.4733534E+002, 1.4980669E+002, 1.4513777E+002, 1.5142657E+002, 1.7488102E+002, 1.6832721E+002, 1.5243571E+002, 1.4521340E+002, 1.5258499E+002, 1.4474516E+002, 1.4569157E+002, 1.2916652E+002, 1.2454242E+002, 1.1023426E+002,-1.6075482E+000,-1.6020614E+000,-1.7988600E+000,-1.5606492E+000,-1.6359599E+000,-1.6135401E+000,-1.5510051E+000,-1.9037442E+000,-1.6094812E+000,-1.1386770E+000,-1.3842618E+000,-3.9692462E-001,-1.1397732E+000,-2.7244444E+000, 7.2932825E-001, 3.3952519E+000, 3.9695895E+000, 3.2757172E+000, 3.2354084E+000, 3.7820962E+000, 3.9472491E+000, 3.5944175E+000, 3.0117130E+000, 1.0077166E+004, 1.3197562E+000, 6.4163016E+000, 2.3669435E+000
 7.6002379E+001, 1.1204211E+002, 1.2113481E+002, 1.2347431E+002, 1.2382954E+002, 1.3164827E+002, 1.3367662E+002, 1.4062120E+002, 1.4111869E+002, 1.4537036E+002, 1.3765045E+002, 1.4528062E+002, 1.5478148E+002, 1.6087711E+002, 1.6043896E+002, 1.7356614E+002, 1.6786795E+002, 1.5114163E+002, 1.4216495E+002, 1.4162181E+002, 1.4295157E+002, 1.2715286E+002, 1.2412715E+002, 1.1670814E+002,-1.5387108E+000,-1.5827036E+000,-1.7394286E+000,-1.6299921E+000,-1.6846239E+000,-1.5722585E+000,-1.8385511E+000,-1.7166353E+000,-1.4327281E+000,-1.2458310E+000,-1.2326248E+000,-5.1636412E-001,-1.5339202E+000,-2.5215361E+000, 1.5029221E+000, 3.3187553E+000, 3.9756317E+000, 4.0836258E+000, 4.0018962E+000, 3.3190773E+000, 3.6419487E+000, 3.1955647E+000, 3.4080479E+000, 9.9080072E+003, 1.2696314E+000, 6.2872166E+000, 2.7609370E+000
 7.7002280E+001, 1.1496976E+002, 1.1972611E+002, 1.2336288E+002, 1.2348360E+002, 1.3160941E+002, 1.3524741E+002, 1.3929878E+002, 1.3935531E+002, 1.3877554E+002, 1.3814679E+002, 1.4386106E+002, 1.5155803E+002, 1.5019512E+002, 1.7064709E+002, 1.8065575E+002, 1.4444491E+002, 1.4937408E+002, 1.5182077E+002, 1.4344948E+002, 1.3331549E+002, 1.2604098E+002, 1.2302336E+002, 1.2215457E+002,-1.5143384E+000,-1.5118650E+000,-1.6299994E+000,-1.7380014E+000,-1.4620604E+000,-1.5364259E+000,-1.6671020E+000,-1.6517873E+000,-1.5380170E+000,-1.2781533E+000,-1.1659103E+000,-1.0587656E+000,-1.6574633E+000,-2.2532262E+000,-2.9651899E-001, 2.7651583E+000, 3.9152259E+000, 4.3376210E+000, 3.8710952E+000, 3.7889304E+000, 3.1624100E+000, 3.4570586E+000, 3.4168281E+000, 1.0212170E+004, 1.2949154E+000, 6.4118927E+000, 2.2717016E+000
 7.8002987E+001, 1.1458060E+002, 1.1916996E+002, 1.2072146E+002, 1.2814324E+002, 1.3005064E+002, 1.3693695E+002, 1.3689229E+002, 1.3696236E+002, 1.3539719E+002, 1.3429330E+002, 1.5355729E+002, 1.4720857E+002, 1.5064390E+002, 1.3772010E+002, 1.6862599E+002, 1.5677211E+002, 1.4770864E+002, 1.3218248E+002, 1.4480780E+002, 1.3908305E+002, 1.3279153E+002, 1.2279016E+002, 1.1943749E+002,-1.6748024E+000,-1.6826563E+000,-1.6921284E+000,-1.5852406E+000,-1.5854416E+000,-1.5533081E+000,-1.7384922E+000,-1.5978972E+000,-1.3399308E+000,-1.0586653E+000,-1.1440552E+000,-1.1210504E+000,-1.9512063E+000,-1.8772710E+000, 7.5246469E-002, 3.4589818E+000, 4.6358265E+000, 4.4533532E+000, 3.5402034E+000, 3.6900829E+000, 3.5185101E+000, 3.3156220E+000, 3.0629683E+000, 9.9977908E+003, 1.2661144E+000, 6.5823441E+000, 2.6432506E+000
 7.9000694E+001, 1.1473170E+002, 1.1809465E+002, 1.1654536E+002, 1.2796703E+002, 1.3334555E+002, 1.3558729E+002, 1.3534930E+002, 1.3812506E+002, 1.3484418E+002, 1.3924316E+002, 1.4203166E+002, 1.3952402E+002, 1.6430420E+002, 1.2333893E+002, 1.5529956E+002, 1.5179742E+002, 1.6272433E+002, 1.4290625E+002, 1.3061277E+002, 1.4358852E+002, 1.2607265E+002, 1.2250239E+002, 1.2040778E+002,-1.5278805E+000,-1.6652875E+000,-1.5105767E+000,-1.5337928E+000,-1.7695097E+000,-1.5058953E+000,-1.6221647E+000,-1.5746323E+000,-1.4524075E+000,-1.2925843E+000,-9.9198463E-001,-7.5884312E-001,-1.7387142E+000,-2.1209998E-001,-3.5063825E-002, 3.5933480E+000, 4.0651407E+000, 4.8610410E+000, 4.4092991E+000, 3.5545432E+000, 4.0574532E+000, 3.1311115E+000, 3.5069168E+000, 1.0070992E+004, 1.2717379E+000, 6.3487636E+000, 2.4094536E+000
 8.0002429E+001, 1.1268748E+002, 1.1826023E+002, 1.2124211E+002, 1.2700190E+002, 1.3183058E+002, 1.3098858E+002, 1.3755709E+002, 1.3122634E+002, 1.3447327E+002, 1.3734440E+002, 1.4284672E+002, 1.4731124E+002, 1.5096977E+002, 1.5450909E+002, 2.1126331E+002, 1.7414146E+002, 1.3791979E+002, 1.4716170E+002, 1.4487220E+002, 1.3515159E+002, 1.3721052E+002, 1.2446755E+002, 1.1928904E+002,-1.5327574E+000,-1.6128834E+000,-1.6546262E+000,-1.6928914E+000,-1.7325701E+000,-1.4700265E+000,-1.6225006E+000,-1.4695766E+000,-1.2490278E+000,-1.2778569E+000,-1.1509313E+000,-1.2693616E+000,-5.7337014E-001,-2.1297330E+000, 1.4469794E+000, 4.1018806E+000, 4.8006162E+000, 3.9979425E+000, 4.3137690E+000, 4.1442066E+000, 3.7941225E+000, 3.3846500E+000, 3.1093252E+000, 9.9680660E+003, 1.2280464E+000, 6.4953735E+000, 2.9593396E+000
 8.1004332E+001, 1.1324042E+002, 1.1549919E+002, 1.2259085E+002, 1.3147684E+002, 1.3200093E+002, 1.3016419E+002, 1.3458232E+002, 1.3376560E+002, 1.3380650E+002, 1.3586384E+002, 1.3563775E+002, 1.4532196E+002, 1.5350520E+002, 1.5109722E+002, 1.8331198E+002, 1.6473977E+002, 1.7369508E+002, 1.5425899E+002, 1.4914489E+002, 1.4486590E+002, 1.2964421E+002, 1.3124705E+002, 1.1922238E+002,-1.6276789E+000,-1.5230034E+000,-1.6114734E+000,-1.7619108E+000,-1.6478590E+000,-1.5097558E+000,-1.4515313E+000,-1.4218764E+000,-1.2530786E+000,-1.2034090E+000,-1.1482959E+000,-1.4822145E+000,-1.6013006E+000,-1.3497578E+000, 8.4203313E-001, 4.3880034E+000, 4.5267206E+000, 4.9342940E+000, 3.6561328E+000, 3.7844627E+000, 3.7119000E+000, 3.7850665E+000, 3.2166837E+000, 9.7537354E+003, 1.1921580E+000, 6.4779119E+000, 2.9936818E+000
 8.2004428E+001, 1.1243686E+002, 1.1379756E+002, 1.2067911E+002, 1.2892393E+002, 1.2786521E+002, 1.3324965E+002, 1.3030627E+002, 1.3246959E+002, 1.3054181E+002, 1.3666684E+002, 1.4349338E+002, 1.3698174E+002, 1.4739025E+002, 1.5925391E+002, 2.0814627E+002, 1.5773918E+002, 1.5509279E+002, 1.6013563E+002, 1.5433602E+002, 1.2913634E+002, 1.2801539E+002, 1.2760004E+002, 1.2026747E+002,-1.5135438E+000,-1.7579635E+000,-1.3985829E+000,-1.5908807E+000,-1.6705104E+000,-1.5284813E+000,-1.3635283E+000,-1.2067075E+000,-1.1778478E+000,-1.3989378E+000,-1.4363558E+000,-9.0767049E-001,-1.2414384E+000,-2.2394417E+000, 3.9464975E-001, 3.9709675E+000, 4.2865852E+000, 4.8355561E+000, 4.4447989E+000, 3.7039225E+000, 4.0194881E+000, 3.5223278E+000, 3.5868707E+000, 1.0175172E+004, 1.1971101E+000, 6.4213499E+000, 2.5917889E+000
 8.3001243E+001, 1.1287094E+002, 1.2000115E+002, 1.2297406E+002, 1.2767595E+002, 1.2682044E+002, 1.2939254E+002, 1.3060814E+002, 1.2942473E+002, 1.3335743E+002, 1.4055695E+002, 1.3988041E+002, 1.4178373E+002, 1.4460206E+002, 1.6834339E+002, 1.9621088E+002, 1.4703459E+002, 1.6127241E+002, 1.5666225E+002, 1.4177580E+002, 1.4844394E+002, 1.3891996E+002, 1.2530369E+002, 1.2666035E+002,-1.5250844E+000,-1.7947296E+000,-1.7654581E+000,-1.6732860E+000,-1.5289391E+000,-1.4475556E+000,-1.1949531E+000,-1.3168507E+000,-1.1639417E+000,-1.4328553E+000,-1.1045809E+000,-1.1927943E+000,-6.6625115E-001,-1.8755779E+000, 1.4014434E+000, 3.2048942E+000, 4.7910789E+000, 3.9786873E+000, 4.4732471E+000, 4.0842828E+000, 3.4511006E+000, 3.5553342E+000, 3.5186758E+000, 1.0135688E+004, 1.2072995E+000, 6.4560518E+000, 2.5199621E+000
 8.4002023E+001, 1.0896145E+002, 1.1628223E+002, 1.2490301E+002, 1.2588486E+002, 1.2841818E+002, 1.2717165E+002, 1.3101193E+002, 1.2739290E+002, 1.3427927E+002, 1.3737493E+002, 1.3891647E+002, 1.5022007E+002, 1.6827289E+002, 2.0238091E+002, 2.1179963E+002, 1.7193885E+002, 1.6947445E+002, 1.5048489E+002, 1.5312205E+002, 1.3137075E+002, 1.3888038E+002, 1.2396897E+002, 1.2205337E+002,-1.4922125E+000,-1.7584160E+000,-1.7430828E+000,-1.6002131E+000,-1.4490567E+000,-1.3098901E+000,-1.1069002E+000,-1.1697232E+000,-1.3888556E+000,-1.2792276E+000,-1.1142313E+000,-1.1741211E+000,-1.4996389E+000,-2.7627036E+000, 2.3296231E+000, 3.9338161E+000, 4.1979256E+000, 4.6283760E+000, 3.8080360E+000, 4.1413095E+000, 3.9492973E+000, 3.6940330E+000, 3.1804463E+000, 9.8930857E+003, 1.1825954E+000, 6.4415374E+000, 2.9534995E+000
 8.5004397E+001, 1.0854748E+002, 1.1375132E+002, 1.2409585E+002, 1.2505564E+002, 1.2566315E+002, 1.2642978E+002, 1.2878633E+002, 1.3291367E+002, 1.3773391E+002, 1.3856767E+002, 1.3636270E+002, 1.5012333E+002, 1.6164310E+002, 1.5577109E+002, 1.7736351E+002, 1.6525819E+002, 1.6748837E+002, 1.7052327E+002, 1.5092088E+002, 1.4708083E+002, 1.3058816E+002, 1.3040453E+002, 1.2241615E+002,-1.6303485E+000,-1.5847014E+000,-1.5488671E+000,-1.5353195E+000,-1.4134447E+000,-1.0486461E+000,-1.2262300E+000,-1.3356024E+000,-1.4971825E+000,-1.1969624E+000,-9.7366465E-001,-7.8157211E-001,-1.6270249E+000,-1.7037912E+000, 2.1900887E+000, 3.8575405E+000, 4.8146041E+000, 4.4416374E+000, 4.3892672E+000, 3.5989827E+000, 3.7943606E+000, 3.7254628E+000, 3.2369452E+000, 9.7179318E+003, 1.1590369E+000, 6.1953699E+000, 3.1844745E+000
 8.6002229E+001, 1.1399486E+002, 1.1748208E+002, 1.2144117E+002, 1.2532404E+002, 1.2499298E+002, 1.2775853E+002, 1.2875676E+002, 1.3417780E+002, 1.3376283E+002, 1.3980235E+002, 1.4181984E+002, 1.5220771E+002, 1.4510381E+002, 2.2008338E+002, 2.5081172E+002, 1.6753101E+002, 1.5449967E+002, 1.7305521E+002, 1.6588778E+002, 1.4619099E+002, 1.2436348E+002, 1.3164011E+002, 1.2500243E+002,-1.5821560E+000,-1.6748258E+000,-1.5179058E+000,-1.5113831E+000,-1.4563276E+000,-1.0337943E+000,-1.2766437E+000,-1.3513875E+000,-1.3920912E+000,-1.2787474E+000,-1.2634220E+000,-1.2541012E+000,-7.6169928E-001,-3.7604084E+000, 2.9129759E+000, 3.4554019E+000, 4.3073832E+000, 4.6649226E+000, 4.5697837E+000, 4.5163268E+000, 3.4695669E+000, 3.6878308E+000, 3.4582056E+000, 1.0118282E+004, 1.1611648E+000, 6.1064010E+000, 2.6062421E+000
 8.7001411E+001, 1.1376962E+002, 1.1906571E+002, 1.2219419E+002, 1.2283356E+002, 1.2449513E+002, 1.2646752E+002, 1.3209905E+002, 1.3373725E+002, 1.3460839E+002, 1.3672347E+002, 1.4408392E+002, 1.5238056E+002, 1.9699941E+002, 1.9071283E+002, 2.3195043E+002, 1.7926566E+002, 1.6578793E+002, 1.3183827E+002, 1.5117285E+002, 1.5089264E+002, 1.4040547E+002, 1.2095924E+002, 1.2716804E+002,-1.5087996E+000,-1.6989309E+000,-1.5149010E+000,-1.4144130E+000,-1.3726911E+000,-1.2303442E+000,-1.3995645E+000,-1.4892636E+000,-1.4314715E+000,-1.0778206E+000,-1.2206227E+000,-1.2581727E+000,-1.5705615E+000,-1.7970119E+000, 2.0527042E+000, 4.5956426E+000, 3.9502384E+000, 3.8812654E+000, 4.3482072E+000, 4.3396497E+000, 3.8734398E+000, 3.2996623E+000, 3.4641939E+000, 1.0148247E+004, 1.1948294E+000, 6.1293209E+000, 3.7118088E+000
 8.8005215E+001, 1.1014444E+002, 1.1597519E+002, 1.2077250E+002, 1.2290693E+002, 1.2460869E+002, 1.2673025E+002, 1.3113239E+002, 1.3246997E+002, 1.3521587E+002, 1.3930725E+002, 1.4797895E+002, 1.5675735E+002, 1.7169747E+002, 1.9077264E+002, 2.1024193E+002, 2.0409108E+002, 1.6786998E+002, 1.5997515E+002, 1.2538074E+002, 1.3038606E+002, 1.3768047E+002, 1.2722276E+002, 1.2151811E+002,-1.5561113E+000,-1.4547122E+000,-1.5315969E+000,-1.4481677E+000,-1.1807204E+000,-1.5935523E+000,-1.3669509E+000,-1.2583021E+000,-1.3295673E+000,-1.2659007E+000,-1.4619860E+000,-1.5533008E+000,-7.0553557E-001,-2.2462609E+000, 2.2213415E+000, 4.8745577E+000, 4.7481756E+000, 4.3984428E+000, 3.8848333E+000, 3.6403188E+000, 4.0918117E+000, 3.7132650E+000, 3.1205408E+000, 9.8145262E+003, 1.1642738E+000, 6.3959250E+000, 4.1765391E+000
 8.9000656E+001, 1.1196039E+002, 1.1471515E+002, 1.2052202E+002, 1.1913451E+002, 1.2363342E+002, 1.2779736E+002, 1.2842431E+002, 1.3431602E+002, 1.3580315E+002, 1.4512537E+002, 1.4788335E+002, 1.5848495E+002, 1.6339676E+002, 1.8494478E+002, 1.7572268E+002, 1.6251810E+002, 1.6158449E+002, 1.6333581E+002, 1.3659595E+002, 1.4386140E+002, 1.2935379E+002, 1.3242529E+002, 1.1536129E+002,-1.5801344E+000,-1.5005628E+000,-1.4980972E+000,-1.2692603E+000,-1.5044516E+000,-1.5679030E+000,-1.4512157E+000,-1.3085671E+000,-1.3327521E+000,-1.5637772E+000,-1.1477781E+000,-1.3604067E+000,-4.0357653E-001,-2.2101656E+000, 2.0091789E+000, 3.8208041E+000, 4.4328107E+000, 4.4758720E+000, 4.4645423E+000, 3.9920543E+000, 2.6325319E+000, 4.1600343E+000, 2.9628342E+000, 9.9950572E+003, 1.1581279E+000, 6.1862057E+000, 2.6256604E+000
 9.0002481E+001, 1.1004653E+002, 1.1475521E+002, 1.1716801E+002, 1.2034750E+002, 1.2509357E+002, 1.2696057E+002, 1.3047184E+002, 1.3251714E+002, 1.3926158E+002, 1.4578384E+002, 1.4958751E+002, 1.5129146E+002, 1.6818853E+002, 1.9830036E+002, 2.3644591E+002, 1.9640954E+002, 1.7308713E+002, 1.1842165E+002, 1.5630098E+002, 1.5048336E+002, 1.2880970E+002, 1.3476221E+002, 1.2912891E+002,-1.5588088E+000,-1.5287369E+000,-1.2764875E+000,-1.3888159E+000,-1.4321634E+000,-1.3819044E+000,-1.3379179E+000,-1.3015711E+000,-1.4244936E+000,-1.1756740E+000,-1.1615753E+000,-1.0001131E+000,-1.4463800E+000,-3.2696498E-001, 2.1125660E+000, 4.1089950E+000, 4.2699542E+000, 3.8286461E+000, 4.1149266E+000, 4.7360870E+000, 3.2325036E+000, 3.5045675E+000, 3.2756780E+000, 1.0114553E+004, 1.1778719E+000, 6.2289757E+000, 3.3264621E+000
 9.1001322E+001, 1.1155624E+002, 1.1371067E+002, 1.2024499E+002, 1.2073795E+002, 1.2548770E+002, 1.2532249E+002, 1.3087625E+002, 1.3107173E+002, 1.4080037E+002, 1.4414273E+002, 1.5247945E+002, 1.5756185E+002, 1.5863998E+002, 1.5658228E+002, 2.0789031E+002, 2.0454732E+002, 1.9014524E+002, 1.6343524E+002, 1.1862148E+002, 1.3175584E+002, 1.4508310E+002, 1.1938940E+002, 1.3257100E+002,-1.4723298E+000,-1.6057366E+000,-1.4080382E+000,-1.6829301E+000,-1.4785499E+000,-1.5164971E+000,-1.6339727E+000,-1.4041666E+000,-1.2978771E+000,-1.4854766E+000,-1.2793641E+000,-1.6696083E+000,-1.2720094E+000,-1.5878380E+000, 3.4826260E-001, 4.3256630E+000, 4.4882386E+000, 4.2691546E+000, 3.9110526E+000, 3.5828039E+000, 4.0696611E+000, 3.0369604E+000, 3.6028661E+000, 9.9293940E+003, 1.2162218E+000, 6.1033162E+000, 3.4808675E+000
 9.2000673E+001, 1.0963694E+002, 1.1476533E+002, 1.1901398E+002, 1.2460040E+002, 1.2438731E+002, 1.2824474E+002, 1.3101151E+002, 1.3710427E+002, 1.4242757E+002, 1.4704180E+002, 1.5421853E+002, 1.6681151E+002, 1.6053746E+002, 2.0781257E+002, 2.3111545E+002, 1.7647112E+002, 1.4181923E+002, 1.5634810E+002, 1.5880096E+002, 1.3462005E+002, 1.2740649E+002, 1.3355036E+002, 1.1958125E+002,-1.3557140E+000,-1.6565619E+000,-1.3563991E+000,-1.7071766E+000,-1.3702043E+000,-1.6036641E+000,-1.4794501E+000,-1.2840462E+000,-1.2404283E+000,-1.4900415E+000,-1.3280286E+000,-1.5565393E+000,-2.1184817E+000,-2.3537988E+000, 1.6917509E+000, 2.9180119E+000, 4.6787045E+000, 4.9220751E+000, 4.4563011E+000, 3.7842460E+000, 3.1492732E+000, 3.6932247E+000, 2.5172887E+000, 9.9826243E+003, 1.2852914E+000, 6.2998550E+000, 2.7767669E+000
 9.3001157E+001, 1.0839339E+002, 1.1481182E+002, 1.1446766E+002, 1.2173860E+002, 1.2324435E+002, 1.2852755E+002, 1.3426704E+002, 1.3891737E+002, 1.4992075E+002, 1.4755139E+002, 1.6106275E+002, 1.6460460E+002, 1.8246419E+002, 1.9483709E+002, 2.5264169E+002, 2.0267517E+002, 1.8870579E+002, 1.2802209E+002, 1.3972314E+002, 1.5551980E+002, 1.2843888E+002, 1.3222125E+002, 1.2149716E+002,-1.5510867E+000,-1.4541936E+000,-1.4243267E+000,-1.4991237E+000,-1.5350393E+000,-1.5420767E+000,-1.4976394E+000,-1.3079133E+000,-1.3535954E+000,-1.3971960E+000,-1.8490319E+000,-1.6499583E+000,-1.9106107E+000,-3.6126163E+000, 2.9844756E+000, 4.5985954E+000, 4.3566138E+000, 4.6648862E+000, 4.4747559E+000, 4.4943834E+000, 2.3820722E+000, 3.7814738E+000, 3.6464370E+000, 1.0006318E+004, 1.2846291E+000, 6.1329537E+000, 3.8328585E+000
 9.4003883E+001, 1.1150847E+002, 1.1426814E+002, 1.1618133E+002, 1.2073608E+002, 1.2527253E+002, 1.3003144E+002, 1.3325906E+002, 1.4666428E+002, 1.4616153E+002, 1.6706701E+002, 1.5957928E+002, 1.7702065E+002, 1.8725865E+002, 1.9472152E+002, 2.4768205E+002, 1.9388258E+002, 1.5789590E+002, 1.7387022E+002, 1.4144245E+002, 1.2542074E+002, 1.5274223E+002, 1.1961890E+002, 1.3619829E+002,-1.6016058E+000,-1.8778211E+000,-1.5079857E+000,-1.4377231E+000,-1.5189043E+000,-1.5499667E+000,-1.4095754E+000,-1.5628684E+000,-1.4891649E+000,-1.8358249E+000,-1.6976521E+000,-2.1812515E+000,-2.5364130E+000,-1.9964478E+000, 2.3966351E+000, 4.4200170E+000, 4.7889144E+000, 4.5805940E+000, 4.2634453E+000, 4.1253604E+000, 4.3341995E+000, 2.6880822E+000, 3.7221386E+000, 9.6945718E+003, 1.3318339E+000, 6.3675930E+000, 3.4551377E+000
 9.5003528E+001, 1.0822738E+002, 1.1558615E+002, 1.1714035E+002, 1.2187233E+002, 1.2736951E+002, 1.3088025E+002, 1.3721602E+002, 1.4569282E+002, 1.5975591E+002, 1.5811599E+002, 1.6145532E+002, 1.6550159E+002, 1.9958927E+002, 2.2424413E+002, 2.3047748E+002, 2.2575670E+002, 1.6854954E+002, 1.4919676E+002, 1.5220660E+002, 1.5551617E+002, 1.2921765E+002, 1.3747789E+002, 1.2283475E+002,-1.5134129E+000,-1.5938621E+000,-1.4516834E+000,-1.5650432E+000,-1.6193250E+000,-1.6216457E+000,-1.5339810E+000,-1.5422748E+000,-1.8794181E+000,-1.7389672E+000,-1.8758997E+000,-1.7483604E+000,-1.7510101E+000,-2.2984853E+000, 1.9628278E+000, 4.4525448E+000, 5.3078522E+000, 4.6952113E+000, 4.1498794E+000, 4.1065754E+000, 4.0022273E+000, 3.7026117E+000, 2.9730720E+000, 1.0382079E+004, 1.3695302E+000, 6.0940515E+000, 4.0327484E+000
 9.6003001E+001, 1.1011269E+002, 1.1316777E+002, 1.1502966E+002, 1.2296920E+002, 1.2441103E+002, 1.3078145E+002, 1.4268101E+002, 1.5188744E+002, 1.5671582E+002, 1.6007187E+002, 1.6878694E+002, 1.7425697E+002, 1.9644641E+002, 2.3391513E+002, 2.4762050E+002, 1.9886650E+002, 1.9285833E+002, 1.6910241E+002, 1.3854363E+002, 1.4676132E+002, 1.3964207E+002, 1.3007559E+002, 1.2408350E+002,-1.5797217E+000,-1.4190188E+000,-1.4630956E+000,-1.5939429E+000,-1.4610425E+000,-1.4471207E+000,-1.5974893E+000,-1.8167260E+000,-1.7835285E+000,-1.7596616E+000,-1.4111001E+000,-1.5776692E+000,-1.3924098E+000,-1.2096386E+000, 2.7386000E+000, 4.6054722E+000, 4.4679247E+000, 5.1472710E+000, 4.7025737E+000, 4.0329429E+000, 3.8536125E+000, 3.9087414E+000, 2.9944518E+000, 9.7097120E+003, 1.4721836E+000, 5.9939925E+000, 3.5668898E+000
 9.7002816E+001, 1.1098350E+002, 1.0966058E+002, 1.1616782E+002, 1.2438517E+002, 1.2857991E+002, 1.3520642E+002, 1.4481117E+002, 1.5819618E+002, 1.5713233E+002, 1.6608787E+002, 1.6519346E+002, 1.9190165E+002, 1.8631876E+002, 2.0410786E+002, 2.2263360E+002, 1.7531644E+002, 1.8265305E+002, 1.7901245E+002, 1.4434742E+002, 1.3654645E+002, 1.4751123E+002, 1.2635841E+002, 1.3345706E+002,-1.7383181E+000,-1.3439765E+000,-1.4177693E+000,-1.6254257E+000,-1.5719545E+000,-1.5285523E+000,-1.9178546E+000,-2.0631735E+000,-2.0603780E+000,-1.7559870E+000,-1.5826936E+000,-1.8360120E+000,-1.1698140E+000,-1.8590907E+000, 9.5076770E-002, 3.7489875E+000, 4.8135379E+000, 4.8580281E+000, 4.5153592E+000, 4.4227955E+000, 3.6765582E+000, 4.0740278E+000, 3.6892776E+000, 1.0029223E+004, 1.5617850E+000, 6.4818455E+000, 3.3053733E+000
 9.8000093E+001, 1.0905012E+002, 1.1255654E+002, 1.1750660E+002, 1.2544692E+002, 1.2893766E+002, 1.3912279E+002, 1.5629872E+002, 1.5443685E+002, 1.6132810E+002, 1.6390225E+002, 1.7550200E+002, 1.6768950E+002, 1.7734831E+002, 2.2367251E+002, 2.3987996E+002, 2.0112364E+002, 1.5825216E+002, 1.5635075E+002, 1.6116607E+002, 1.4304345E+002, 1.3702971E+002, 1.3309077E+002, 1.2074162E+002,-1.5971268E+000,-1.3983528E+000,-1.3914211E+000,-1.3876896E+000,-1.5475082E+000,-1.6027786E+000,-2.0003913E+000,-1.8067953E+000,-1.7917522E+000,-1.3656002E+000,-1.6840256E+000,-1.2660878E+000,-1.2815659E+000,-3.9390038E+000, 2.1631811E+000, 3.3609285E+000, 4.7995931E+000, 4.5397431E+000, 4.7144517E+000, 3.9349569E+000, 3.7141534E+000, 3.7654877E+000, 3.3779313E+000, 1.0286768E+004, 1.5116311E+000, 6.3223994E+000, 2.9758829E+000
 9.9002112E+001, 1.0822123E+002, 1.1017662E+002, 1.1788783E+002, 1.2506050E+002, 1.3532289E+002, 1.5126300E+002, 1.5139600E+002, 1.5641483E+002, 1.6221416E+002, 1.6893625E+002, 1.6297428E+002, 1.6739064E+002, 1.8940851E+002, 2.3426102E+002, 2.2010554E+002, 1.9531176E+002, 1.7568653E+002, 1.5875277E+002, 1.5056150E+002, 1.5095485E+002, 1.3529382E+002, 1.3764247E+002, 1.3248500E+002,-1.4313026E+000,-1.3060026E+000,-1.6775207E+000,-1.7195956E+000,-1.6726752E+000,-1.9589007E+000,-1.8388396E+000,-1.9777897E+000,-1.6997516E+000,-1.5225161E+000,-1.3298572E+000,-1.1376419E+000,-2.7534274E+000,-2.0256565E+000, 1.5928892E+000, 4.3716070E+000, 4.3655984E+000, 4.6844109E+000, 4.2025935E+000, 4.2375501E+000, 3.1975832E+000, 3.5204440E+000, 3.7140917E+000, 9.7411416E+003, 1.5780082E+000, 6.1409032E+000, 3.4971940E+000
 1.0000092E+002, 1.0615031E+002, 1.0943744E+002, 1.1837060E+002, 1.2888670E+002, 1.4088357E+002, 1.4863377E+002, 1.4994401E+002, 1.6011907E+002, 1.6362287E+002, 1.6693379E+002, 1.6637339E+002, 1.7332020E+002, 1.8707912E+002, 2.5647687E+002, 2.0670319E+002, 1.9236808E+002, 1.8717364E+002, 1.7631929E+002, 1.6812022E+002, 1.5245793E+002, 1.4328871E+002, 1.3010697E+002, 1.3388642E+002,-1.2500378E+000,-1.3488414E+000,-1.4277983E+000,-1.8221896E+000,-1.9037071E+000,-1.7854302E+000,-1.7979002E+000,-1.7334457E+000,-1.4426368E+000,-1.5094122E+000,-1.3540271E+000,-1.8563616E+000,-2.1079783E+000,-2.7771834E+000, 2.5786317E+000, 4.2587417E+000, 4.5173110E+000, 4.3707684E+000, 4.5699194E+000, 4.0087955E+000, 4.1881711E+000, 3.3871813E+000, 3.5774796E+000, 1.0024840E+004, 1.5430598E+000, 6.0924704E+000, 3.2583963E+000
 1.0100403E+002, 1.0801690E+002, 1.0996327E+002, 1.1856134E+002, 1.3505541E+002, 1.4563718E+002, 1.4690036E+002, 1.5386865E+002, 1.5833556E+002, 1.6201450E+002, 1.6387718E+002, 1.8106066E+002, 1.7297831E+002, 1.7858774E+002, 2.4290135E+002, 2.2290653E+002, 1.9631326E+002, 1.8031212E+002, 1.7024799E+002, 1.6698828E+002, 1.5337923E+002, 1.3163435E+002, 1.3042172E+002, 1.2824836E+002,-1.3677590E+000,-1.3956653E+000,-1.5590250E+000,-1.8507095E+000,-1.8903332E+000,-1.8726202E+000,-1.8349968E+000,-1.6338765E+000,-1.7932248E+000,-1.4679196E+000,-2.0596429E+000,-2.1457939E+000,-1.9329749E+000,-3.5310720E+000, 1.5063559E+000, 4.8609545E+000, 4.8164576E+000, 4.0840922E+000, 4.1302245E+000, 4.3066753E+000, 4.0736004E+000, 3.4254531E+000, 3.3110718E+000, 1.0060678E+004, 1.5326728E+000, 6.2852512E+000, 3.9782708E+000
 1.0200166E+002, 1.0819049E+002, 1.1221636E+002, 1.2325229E+002, 1.4302305E+002, 1.4575486E+002, 1.4582655E+002, 1.5486920E+002, 1.5954148E+002, 1.6235980E+002, 1.6900195E+002, 1.7527527E+002, 1.6457872E+002, 1.8454909E+002, 2.0860495E+002, 2.3596106E+002, 1.8006722E+002, 1.8050406E+002, 1.7828096E+002, 1.5336359E+002, 1.5892637E+002, 1.4023786E+002, 1.3256953E+002, 1.2450879E+002,-1.3892388E+000,-1.4607291E+000,-1.6591593E+000,-1.9429601E+000,-1.9042675E+000,-1.7069204E+000,-1.6326556E+000,-1.6640381E+000,-1.6931257E+000,-1.7011749E+000,-2.2180252E+000,-1.4097746E+000,-1.2255448E+000,-2.8013334E+000, 1.7904781E+000, 4.1984728E+000, 5.1185409E+000, 4.4193974E+000, 3.9972283E+000, 4.1053195E+000, 3.6999300E+000, 3.7233713E+000, 3.4003301E+000, 9.9809269E+003, 1.6187641E+000, 6.0107089E+000, 3.0549865E+000
 1.0300027E+002, 1.0533827E+002, 1.1180390E+002, 1.3076926E+002, 1.4080111E+002, 1.4322656E+002, 1.4693835E+002, 1.5609747E+002, 1.5662052E+002, 1.6085833E+002, 1.7346522E+002, 1.6717724E+002, 1.6819012E+002, 1.7901771E+002, 2.4786191E+002, 2.9476792E+002, 2.0761089E+002, 1.5321751E+002, 1.4729895E+002, 1.6248710E+002, 1.3819709E+002, 1.4626055E+002, 1.3108872E+002, 1.2969316E+002,-1.3034680E+000,-1.3726966E+000,-1.8304029E+000,-1.9020801E+000,-1.7595954E+000,-1.7196923E+000,-1.6760670E+000,-1.7605098E+000,-1.6999582E+000,-2.4090246E+000,-1.5588710E+000,-1.5790954E+000,-1.2832756E+000,-3.4292153E+000, 8.8452761E-001, 5.0467958E+000, 4.9118027E+000, 4.8497141E+000, 4.1992058E+000, 3.6922523E+000, 3.9543386E+000, 3.3310769E+000, 3.6381996E+000, 1.0059181E+004, 1.5720599E+000, 6.1376544E+000, 4.3506150E+000
 1.0400512E+002, 1.0613954E+002, 1.1099041E+002, 1.3272249E+002, 1.4091543E+002, 1.4453858E+002, 1.4975079E+002, 1.5561014E+002, 1.5749619E+002, 1.7033369E+002, 1.6573627E+002, 1.6297749E+002, 1.7160567E+002, 1.7903742E+002, 2.7248794E+002, 2.2104931E+002, 1.8266701E+002, 1.6726583E+002, 1.5045018E+002, 1.3434063E+002, 1.4319731E+002, 1.3803975E+002, 1.3536250E+002, 1.2307067E+002,-1.1726360E+000,-1.3580600E+000,-1.7819942E+000,-1.7910327E+000,-1.6890131E+000,-1.5487815E+000,-1.7181875E+000,-1.6418744E+000,-2.3902597E+000,-1.4213854E+000,-1.5308018E+000,-1.5677129E+000,-2.2739727E+000,-3.1835614E+000, 1.9130166E+000, 4.3707342E+000, 4.8728893E+000, 4.3344394E+000, 3.9957403E+000, 4.2191404E+000, 3.2266616E+000, 3.5767183E+000, 3.3866882E+000, 9.8746064E+003, 1.5250247E+000, 6.1746361E+000, 3.3582317E+000
 1.0500138E+002, 1.0865294E+002, 1.2323193E+002, 1.3707594E+002, 1.4163110E+002, 1.4568084E+002, 1.5327895E+002, 1.5543888E+002, 1.6213032E+002, 1.5758144E+002, 1.6496349E+002, 1.8154229E+002, 1.9230436E+002, 1.7023231E+002, 2.2138783E+002, 2.2832880E+002, 2.0112653E+002, 1.5712310E+002, 1.4406377E+002, 1.6046802E+002, 1.3311246E+002, 1.3500770E+002, 1.3927176E+002, 1.3003092E+002,-1.2740909E+000,-1.8297303E+000,-1.8304975E+000,-1.7556961E+000,-1.7130224E+000,-1.7961702E+000,-1.7597394E+000,-2.0432672E+000,-1.7494162E+000,-1.5995117E+000,-1.6939122E+000,-2.4571245E+000,-9.5125388E-001,-2.6117516E+000, 1.5643909E+000, 4.3559533E+000, 4.0607122E+000, 4.6730160E+000, 4.0634919E+000, 3.6036751E+000, 3.9265510E+000, 3.2497525E+000, 3.5528362E+000, 9.7457869E+003, 1.6597118E+000, 6.0599125E+000, 3.3208628E+000
 1.0600254E+002, 1.0413650E+002, 1.2634631E+002, 1.3346138E+002, 1.4293941E+002, 1.4831635E+002, 1.5195924E+002, 1.5277282E+002, 1.5707483E+002, 1.5585893E+002, 1.6777941E+002, 1.8609536E+002, 1.8386745E+002, 1.6933091E+002, 1.9624392E+002, 2.2789808E+002, 1.9977432E+002, 1.9559724E+002, 1.4230270E+002, 1.2700347E+002, 1.4849955E+002, 1.3117129E+002, 1.3353182E+002, 1.3213297E+002,-1.3728325E+000,-1.8861545E+000,-1.7541588E+000,-1.6316650E+000,-1.6569685E+000,-1.7316263E+000,-1.5997753E+000,-1.6255422E+000,-1.4045214E+000,-1.7756272E+000,-2.1447187E+000,-1.6241017E+000, 8.0752612E-002,-1.1046322E+000, 8.2774336E-001, 5.3136388E+000, 4.4448197E+000, 4.1132107E+000, 4.1455696E+000, 3.6512045E+000, 3.8012534E+000, 3.3775089E+000, 3.5756553E+000, 1.0245024E+004, 1.6465790E+000, 5.7284346E+000, 4.0003834E+000
 1.0700071E+002, 1.0822315E+002, 1.3105827E+002, 1.3442749E+002, 1.4118172E+002, 1.5039151E+002, 1.4971636E+002, 1.5674166E+002, 1.5453108E+002, 1.6170606E+002, 1.7373771E+002, 1.7147542E+002, 1.5812583E+002, 1.6973438E+002, 1.8799164E+002, 2.1243177E+002, 1.9110517E+002, 1.8593064E+002, 1.7597276E+002, 1.4379648E+002, 1.2068664E+002, 1.3432896E+002, 1.2448091E+002, 1.3339613E+002,-1.5435982E+000,-2.1085354E+000,-1.7696147E+000,-1.7466996E+000,-1.8928951E+000,-1.6862312E+000,-2.0028217E+000,-1.5531421E+000,-1.7530074E+000,-2.1213863E+000,-1.8527428E+000,-1.3317240E+000,-7.2851158E-001,-1.5794054E+000, 3.5212950E-001, 3.5825641E+000, 4.8448262E+000, 4.6105127E+000, 3.7351356E+000, 3.4148082E+000, 3.4682721E+000, 3.4612586E+000, 3.0724337E+000, 1.0131606E+004, 1.5499136E+000, 6.2160711E+000, 3.0665639E+000
 1.0800353E+002, 1.1608604E+002, 1.2855499E+002, 1.3480545E+002, 1.4642608E+002, 1.4588033E+002, 1.5218230E+002, 1.5151318E+002, 1.5973470E+002, 1.6921923E+002, 1.7031066E+002, 1.6972795E+002, 1.6663122E+002, 1.6632725E+002, 1.9423623E+002, 2.2373004E+002, 1.8575527E+002, 1.8216398E+002, 1.6209882E+002, 1.6053963E+002, 1.5314247E+002, 1.2762192E+002, 1.2607661E+002, 1.2657181E+002,-1.8544599E+000,-1.7264830E+000,-1.6809611E+000,-1.7788555E+000,-1.6498858E+000,-1.8140494E+000,-1.5802900E+000,-1.5295896E+000,-2.0726571E+000,-1.5135043E+000,-1.4389846E+000,-1.1459100E+000,-3.6595684E-001,-2.9176599E+000, 1.3776040E+000, 4.2105374E+000, 3.6844104E+000, 4.3138002E+000, 4.6745912E+000, 4.0841228E+000, 3.3884416E+000, 3.1889051E+000, 3.3260335E+000, 9.9386119E+003, 1.5680306E+000, 5.7794665E+000, 3.1892246E+000
 1.0900196E+002, 1.2062879E+002, 1.3010964E+002, 1.3757737E+002, 1.4487458E+002, 1.4640089E+002, 1.5056859E+002, 1.5838562E+002, 1.6453879E+002, 1.6962163E+002, 1.6784185E+002, 1.6242215E+002, 1.6815355E+002, 1.9502169E+002, 2.0724572E+002, 2.3318788E+002, 1.9080292E+002, 1.8216812E+002, 1.4901951E+002, 1.4921350E+002, 1.4454504E+002, 1.2536225E+002, 1.2736594E+002, 1.1829651E+002,-1.9190107E+000,-1.7528480E+000,-1.8225353E+000,-1.8195349E+000,-1.9303893E+000,-1.7954502E+000,-1.7795080E+000,-1.9392169E+000,-1.8040404E+000,-1.7627124E+000,-1.7860792E+000,-1.2099439E+000,-1.9650466E+000,-3.5324217E+000, 1.4999842E+000, 3.9866623E+000, 4.2696392E+000, 3.7607994E+000, 3.3760457E+000, 3.7586286E+000, 3.1132409E+000, 3.3424861E+000, 3.0267632E+000, 9.6002178E+003, 1.6916020E+000, 5.8992029E+000, 3.1102295E+000
 1.1000249E+002, 1.2498611E+002, 1.2436571E+002, 1.3770916E+002, 1.4046887E+002, 1.5061030E+002, 1.5060779E+002, 1.5474719E+002, 1.6344731E+002, 1.6374802E+002, 1.6460548E+002, 1.6672924E+002, 1.7843740E+002, 1.6991639E+002, 1.9026634E+002, 1.8759360E+002, 1.7359945E+002, 1.6876107E+002, 1.7084546E+002, 1.5408914E+002, 1.4177450E+002, 1.3587357E+002, 1.1961119E+002, 1.2552772E+002,-1.8767016E+000,-1.4327136E+000,-1.8931082E+000,-1.5478918E+000,-1.8613322E+000,-1.7778806E+000,-1.5332336E+000,-1.7541036E+000,-1.7042396E+000,-1.6158875E+000,-1.4135675E+000,-1.8906820E+000,-1.3623141E+000,-1.7089966E+000, 6.0291397E-001, 4.2559835E+000, 4.8424600E+000, 4.4179626E+000, 3.8793557E+000, 3.3895891E+000, 4.0840172E+000, 3.0473717E+000, 3.5201175E+000, 1.0431408E+004, 1.7506845E+000, 5.8962552E+000, 3.1006702E+000
 1.1100178E+002, 1.2620759E+002, 1.3217506E+002, 1.4267594E+002, 1.4863665E+002, 1.4804050E+002, 1.5731417E+002, 1.6267945E+002, 1.6491532E+002, 1.6114656E+002, 1.6169464E+002, 1.6359256E+002, 1.7598031E+002, 1.5508924E+002, 1.9970317E+002, 2.5465706E+002, 1.9725323E+002, 1.3670143E+002, 1.4775301E+002, 1.7292491E+002, 1.6227076E+002, 1.3499739E+002, 1.3475031E+002, 1.2301120E+002,-1.8608028E+000,-1.9005021E+000,-1.9608714E+000,-1.8799067E+000,-1.8603255E+000,-1.9972333E+000,-1.8935925E+000,-1.7515689E+000,-1.6435303E+000,-1.6798022E+000,-1.4742053E+000,-2.2562097E+000,-1.0230097E+000,-2.1513548E+000, 1.7050604E+000, 3.4641042E+000, 4.0945940E+000, 5.0150995E+000, 4.3152715E+000, 3.9860854E+000, 2.8003651E+000, 3.5907074E+000, 3.0000497E+000, 1.0000312E+004, 1.6748947E+000, 6.2895015E+000, 3.0639874E+000
 1.1200359E+002, 1.2252625E+002, 1.3060315E+002, 1.3767464E+002, 1.4664983E+002, 1.5418701E+002, 1.5739888E+002, 1.5955013E+002, 1.5795742E+002, 1.5789536E+002, 1.6177500E+002, 1.7476301E+002, 1.5816948E+002, 1.5207920E+002, 1.9036415E+002, 2.1841812E+002, 1.8170257E+002, 1.9211780E+002, 1.4909413E+002, 1.2739216E+002, 1.5591615E+002, 1.4303933E+002, 1.3351960E+002, 1.2117442E+002,-1.5834369E+000,-1.7650919E+000,-1.7616851E+000,-1.6428620E+000,-1.8655039E+000,-1.8135309E+000,-1.6882668E+000,-1.6695353E+000,-1.4565448E+000,-1.5300704E+000,-2.1094636E+000,-1.0956410E+000,-1.9358427E+000,-2.2725885E+000,-6.4567403E-001, 4.0718465E+000, 4.5908597E+000, 4.5323554E+000, 4.3456478E+000, 3.9602474E+000, 3.8493397E+000, 3.4066263E+000, 3.0703961E+000, 1.0180188E+004, 1.6208899E+000, 6.2585516E+000, 3.2499741E+000
 1.1300294E+002, 1.2300934E+002, 1.3390167E+002, 1.3971748E+002, 1.5046479E+002, 1.5291832E+002, 1.5661607E+002, 1.5944838E+002, 1.5686409E+002, 1.5654484E+002, 1.6452816E+002, 1.5764261E+002, 1.6341262E+002, 2.0072927E+002, 2.1150105E+002, 2.1597010E+002, 1.9385054E+002, 1.6982402E+002, 1.6347339E+002, 1.6056596E+002, 1.2543692E+002, 1.4661033E+002, 1.3152471E+002, 1.3199184E+002,-1.6129346E+000,-1.8675681E+000,-1.7439446E+000,-1.8922673E+000,-2.0258393E+000,-1.7428216E+000,-1.7664237E+000,-1.5464674E+000,-1.6244656E+000,-2.1419740E+000,-1.7770108E+000,-1.7504285E+000,-2.5560414E+000,-2.4536447E+000,-2.2437589E-001, 4.3119364E+000, 4.7100302E+000, 5.0141870E+000, 4.3700710E+000, 3.9646975E+000, 3.2172668E+000, 3.3343573E+000, 3.2296602E+000, 9.6781159E+003, 1.5390981E+000, 5.7032323E+000, 3.3481448E+000
 1.1400319E+002, 1.2376242E+002, 1.3461968E+002, 1.3977569E+002, 1.4996549E+002, 1.5231354E+002, 1.5702393E+002, 1.5418459E+002, 1.5528958E+002, 1.6026871E+002, 1.5710450E+002, 1.6122942E+002, 1.8495513E+002, 1.8466268E+002, 2.0745573E+002, 2.1060337E+002, 2.0301799E+002, 1.5401492E+002, 1.3948350E+002, 1.5573117E+002, 1.6703362E+002, 1.2857491E+002, 1.4137784E+002, 1.2812443E+002,-1.6551237E+000,-1.8265409E+000,-1.9327564E+000,-1.9105229E+000,-1.8081137E+000,-1.7700478E+000,-1.6224512E+000,-1.5433704E+000,-1.8328270E+000,-1.5672513E+000,-1.7562964E+000,-2.0226743E+000,-1.7100032E+000,-3.7910398E+000, 1.2760647E+000, 4.4346552E+000, 5.0263729E+000, 4.7294785E+000, 4.9628909E+000, 4.4145187E+000, 3.5584514E+000, 3.6290064E+000, 3.2720911E+000, 1.0386027E+004, 1.5107289E+000, 6.2420172E+000, 3.4220208E+000
 1.1500172E+002, 1.2429554E+002, 1.3434852E+002, 1.4199670E+002, 1.4741624E+002, 1.5453438E+002, 1.5436313E+002, 1.5178938E+002, 1.5245185E+002, 1.5545939E+002, 1.5914919E+002, 1.6560349E+002, 1.6954490E+002, 2.0589849E+002, 2.0088293E+002, 2.1557256E+002, 1.8820516E+002, 1.7407963E+002, 1.4750857E+002, 1.3551726E+002, 1.4719329E+002, 1.4473640E+002, 1.3222538E+002, 1.2857971E+002,-1.6906016E+000,-1.8331624E+000,-1.7978921E+000,-2.0586670E+000,-1.9111122E+000,-1.6898261E+000,-1.5761344E+000,-1.6593353E+000,-1.7239739E+000,-1.9297182E+000,-2.1416870E+000,-1.9854708E+000,-3.1733047E+000,-3.0387483E+000, 7.0763608E-001, 3.1088863E+000, 4.8862526E+000, 5.0770507E+000, 4.0723160E+000, 3.8539475E+000, 3.9404091E+000, 2.9786242E+000, 3.6218420E+000, 9.7801171E+003, 1.5296273E+000, 6.3704076E+000, 2.7914391E+000
 1.1600225E+002, 1.2994647E+002, 1.3324943E+002, 1.4504124E+002, 1.5049323E+002, 1.5183715E+002, 1.5070205E+002, 1.5236159E+002, 1.5670169E+002, 1.5661823E+002, 1.5986246E+002, 1.6499000E+002, 1.8753266E+002, 1.8201016E+002, 2.1903850E+002, 2.2985519E+002, 1.9760995E+002, 1.8103974E+002, 1.6196879E+002, 1.3286799E+002, 1.4002099E+002, 1.4786429E+002, 1.2966052E+002, 1.2769496E+002,-1.8182043E+000,-1.7701830E+000,-1.9955537E+000,-1.9534348E+000,-1.6644177E+000,-1.5586573E+000,-1.4823682E+000,-1.8908511E+000,-1.6032261E+000,-1.7050335E+000,-1.8325262E+000,-2.7902687E+000,-2.4477516E+000,-1.8194880E+000, 2.7942980E+000, 4.0423145E+000, 4.3620599E+000, 4.2912468E+000, 4.7085068E+000, 4.1808306E+000, 4.0832668E+000, 3.4492474E+000, 3.1214021E+000, 1.0062843E+004, 1.5906471E+000, 6.4000614E+000, 3.0195099E+000
 1.1700263E+002, 1.2983692E+002, 1.3780324E+002, 1.4414017E+002, 1.5016815E+002, 1.4857916E+002, 1.5013620E+002, 1.5100575E+002, 1.5147993E+002, 1.5593948E+002, 1.5945972E+002, 1.7723133E+002, 1.7415800E+002, 1.8528788E+002, 2.1171023E+002, 2.3753186E+002, 1.9782044E+002, 1.7674942E+002, 1.7371214E+002, 1.6868489E+002, 1.4101671E+002, 1.4187173E+002, 1.4395603E+002, 1.2844982E+002,-1.6820655E+000,-1.9520566E+000,-1.8967978E+000,-1.8055561E+000,-1.6621982E+000,-1.5264231E+000,-1.6886937E+000,-1.3382893E+000,-1.4874839E+000,-1.5129881E+000,-2.3555218E+000,-1.7940747E+000,-1.7331629E+000,-3.8784144E+000, 1.7821356E+000, 4.2126469E+000, 5.0641081E+000, 4.8785261E+000, 4.3784152E+000, 4.0027500E+000, 3.5776503E+000, 4.0405678E+000, 3.2848314E+000, 9.6766840E+003, 1.4937029E+000, 6.0859351E+000, 3.6192965E+000
 1.1800346E+002, 1.2846735E+002, 1.3664922E+002, 1.4196022E+002, 1.4724389E+002, 1.4534037E+002, 1.4844932E+002, 1.4986150E+002, 1.5354217E+002, 1.5558346E+002, 1.6801468E+002, 1.6554451E+002, 1.6120103E+002, 2.1177401E+002, 2.5370295E+002, 2.2238789E+002, 1.8336474E+002, 1.7075810E+002, 1.6217456E+002, 1.6623702E+002, 1.6934299E+002, 1.4221321E+002, 1.3644352E+002, 1.3621456E+002,-1.7178115E+000,-1.8918292E+000,-1.8085132E+000,-1.7150353E+000,-1.6698319E+000,-1.6758720E+000,-1.5788936E+000,-1.5910202E+000,-1.4211919E+000,-2.3150237E+000,-2.1592134E+000,-1.7199512E+000,-4.2323039E+000,-3.1427227E+000, 2.3517772E+000, 5.1507970E+000, 4.3838874E+000, 4.5289291E+000, 4.3126634E+000, 4.2538824E+000, 3.7650400E+000, 3.5763701E+000, 3.4886129E+000, 1.0361514E+004, 1.4490370E+000, 6.2813610E+000, 3.8402097E+000
 1.1900246E+002, 1.2941334E+002, 1.3981960E+002, 1.4248193E+002, 1.4375786E+002, 1.4506141E+002, 1.4653022E+002, 1.4638154E+002, 1.5424325E+002, 1.6282364E+002, 1.5984846E+002, 1.5931438E+002, 1.9085092E+002, 2.0360659E+002, 2.2212169E+002, 2.5016736E+002, 2.0106331E+002, 1.3557483E+002, 1.5882411E+002, 1.4933027E+002, 1.6129074E+002, 1.5318438E+002, 1.4036738E+002, 1.3410058E+002,-1.6874732E+000,-1.7961739E+000,-1.8964401E+000,-1.7323847E+000,-1.6735270E+000,-1.8111894E+000,-1.4782323E+000,-1.6409357E+000,-1.6940855E+000,-1.8559450E+000,-1.5501759E+000,-2.2353423E+000,-2.9675499E+000,-2.8375927E+000, 3.4980220E+000, 4.8687631E+000, 5.2920355E+000, 4.8170692E+000, 4.6152943E+000, 4.2742419E+000, 4.3712007E+000, 4.0244578E+000, 3.2942368E+000, 9.5073601E+003, 1.5292728E+000, 6.1254592E+000, 3.8276148E+000
 1.2000064E+002, 1.3203455E+002, 1.3830051E+002, 1.4255674E+002, 1.4135471E+002, 1.4267296E+002, 1.4677003E+002, 1.4818196E+002, 1.5497773E+002, 1.5956331E+002, 1.6148692E+002, 1.7107298E+002, 1.9441808E+002, 2.1040096E+002, 2.0759393E+002, 2.3664940E+002, 1.9362139E+002, 2.1707697E+002, 1.5910065E+002, 1.4501372E+002, 1.4832822E+002, 1.5065864E+002, 1.3922833E+002, 1.3456541E+002,-1.8704994E+000,-1.9060187E+000,-1.8315601E+000,-1.6192706E+000,-1.6957968E+000,-1.4655061E+000,-1.7760652E+000,-1.7346104E+000,-1.8012165E+000,-1.5190934E+000,-2.2070402E+000,-2.1851923E+000,-2.3019565E+000,-2.2143488E+000, 2.5714869E+000, 4.6365443E+000, 5.7011004E+000, 4.4098687E+000, 3.9593232E+000, 4.1406778E+000, 4.1025929E+000, 3.8364413E+000, 3.6323380E+000, 1.0383995E+004, 1.5809975E+000, 6.7193302E+000, 4.3063445E+000
 1.2100323E+002, 1.3327448E+002, 1.3818163E+002, 1.3833872E+002, 1.3889298E+002, 1.4347643E+002, 1.4204742E+002, 1.5265726E+002, 1.6065611E+002, 1.6313793E+002, 1.6272035E+002, 1.8639384E+002, 1.7018587E+002, 1.6977212E+002, 1.9037321E+002, 2.5088052E+002, 1.7475472E+002, 1.7158770E+002, 1.5611438E+002, 1.7092608E+002, 1.4056331E+002, 1.4993915E+002, 1.4854460E+002, 1.3547431E+002,-1.7030498E+000,-1.7498763E+000,-1.6547824E+000,-1.6479727E+000,-1.5511773E+000,-1.5527461E+000,-1.7661161E+000,-1.9888312E+000,-1.6682178E+000,-1.6629933E+000,-1.8344958E+000,-1.3341193E+000,-8.0476999E-001,-1.0831441E+000, 1.3704140E+000, 3.4632348E+000, 4.3979132E+000, 4.9678690E+000, 4.6522635E+000, 3.8667531E+000, 4.1914250E+000, 4.0751829E+000, 3.7995174E+000, 9.6917053E+003, 1.5961045E+000, 5.7997110E+000, 2.7838365E+000
 1.2200280E+002, 1.3239982E+002, 1.3749012E+002, 1.3674393E+002, 1.4020157E+002, 1.4354263E+002, 1.5083900E+002, 1.5527558E+002, 1.5807475E+002, 1.5907925E+002, 1.7005123E+002, 1.6090269E+002, 1.5325305E+002, 1.7967729E+002, 2.6064870E+002, 2.1489478E+002, 2.2747733E+002, 1.8567501E+002, 1.6128763E+002, 1.5628846E+002, 1.5781194E+002, 1.3863610E+002, 1.4339008E+002, 1.3447864E+002,-1.6412734E+000,-1.8604995E+000,-1.5592940E+000,-1.5372123E+000,-1.4850560E+000,-1.7637602E+000,-1.8219827E+000,-1.6575168E+000,-1.6827160E+000,-2.0254482E+000,-1.8024534E+000,-1.1912716E+000,-1.1397596E+000,-4.1028953E+000, 1.9302139E+000, 4.4533319E+000, 4.4565698E+000, 4.0368505E+000, 4.1550175E+000, 3.9385974E+000, 3.5455177E+000, 3.6632735E+000, 3.9472101E+000, 1.0079502E+004, 1.6035416E+000, 6.2639634E+000, 3.8241649E+000
 1.2300302E+002, 1.3242417E+002, 1.3745665E+002, 1.3454122E+002, 1.4017382E+002, 1.4216619E+002, 1.4907986E+002, 1.4986816E+002, 1.5043571E+002, 1.6018489E+002, 1.5596754E+002, 1.5477011E+002, 1.5980255E+002, 2.1371341E+002, 2.5814776E+002, 2.5223381E+002, 1.6510321E+002, 1.5777716E+002, 1.9479292E+002, 1.6720902E+002, 1.5313432E+002, 1.4104904E+002, 1.3785790E+002, 1.3525047E+002,-1.5551472E+000,-1.8189001E+000,-1.5597758E+000,-1.4169808E+000,-1.6214083E+000,-1.8198759E+000,-1.5598923E+000,-1.6732861E+000,-1.7921638E+000,-1.5525974E+000,-1.5903252E+000,-1.8784955E+000,-3.5869985E+000,-3.4581619E+000, 2.8658702E+000, 3.9855711E+000, 4.3510995E+000, 4.7875815E+000, 4.2761714E+000, 4.0114170E+000, 3.0254756E+000, 3.3019605E+000, 3.8271222E+000, 9.5642064E+003, 1.5897119E+000, 5.7554555E+000, 3.1660744E+000
 1.2400460E+002, 1.3222003E+002, 1.3173343E+002, 1.3446427E+002, 1.3989387E+002, 1.4378220E+002, 1.5141980E+002, 1.5206220E+002, 1.5684634E+002, 1.5664645E+002, 1.5374908E+002, 1.6348492E+002, 2.1235199E+002, 2.2679676E+002, 2.5149258E+002, 2.4205468E+002, 2.1183405E+002, 1.5018661E+002, 1.4474627E+002, 1.6347221E+002, 1.5696886E+002, 1.4454852E+002, 1.3883545E+002, 1.3697494E+002,-1.6038344E+000,-1.6754479E+000,-1.4356757E+000,-1.8238849E+000,-1.7460775E+000,-1.4519875E+000,-1.5366416E+000,-1.8968615E+000,-1.4708442E+000,-1.3558538E+000,-1.6952381E+000,-3.3011636E+000,-3.3354628E+000,-1.5243886E+000, 2.6762290E+000, 4.2321549E+000, 4.9702672E+000, 4.6701239E+000, 4.0860402E+000, 4.0739279E+000, 3.8322835E+000, 3.2383905E+000, 3.5609646E+000, 1.0477355E+004, 1.6398736E+000, 6.8922456E+000, 3.8890767E+000
 1.2500512E+002, 1.3161347E+002, 1.3212892E+002, 1.3336906E+002, 1.3878794E+002, 1.4746223E+002, 1.4878967E+002, 1.5232899E+002, 1.5259816E+002, 1.5365397E+002, 1.6428014E+002, 1.8990914E+002, 1.8170825E+002, 2.0088075E+002, 2.0611163E+002, 2.6014698E+002, 1.8031741E+002, 1.7971429E+002, 1.7215673E+002, 1.4080873E+002, 1.4465474E+002, 1.4564390E+002, 1.3869634E+002, 1.3202571E+002,-1.6945641E+000,-1.6447898E+000,-1.7022354E+000,-1.9684735E+000,-1.6470484E+000,-1.6408931E+000,-1.9261074E+000,-1.8268293E+000,-1.4192353E+000,-1.6568828E+000,-3.1698624E+000,-1.9124117E+000,-1.7973896E+000,-1.3607641E+000, 1.8337340E+000, 3.5827664E+000, 4.4114469E+000, 4.7280249E+000, 4.3881695E+000, 3.6545128E+000, 3.9196761E+000, 3.0622448E+000, 3.1123267E+000, 1.0136068E+004, 1.6421777E+000, 6.3116314E+000, 3.1815097E+000
 1.2600026E+002, 1.3115584E+002, 1.2913101E+002, 1.3392638E+002, 1.4278654E+002, 1.4660940E+002, 1.4875508E+002, 1.5258613E+002, 1.4961715E+002, 1.5617836E+002, 1.8553706E+002, 1.7290216E+002, 1.7949630E+002, 1.8923127E+002, 2.3379321E+002, 2.0723200E+002, 2.0235558E+002, 1.8602323E+002, 1.4304092E+002, 1.6453337E+002, 1.4527028E+002, 1.4527651E+002, 1.4212655E+002, 1.3511562E+002,-1.7591790E+000,-1.3632483E+000,-1.4951479E+000,-1.6702777E+000,-1.5583920E+000,-1.6860968E+000,-1.7286550E+000,-1.4895676E+000,-1.5142470E+000,-2.2103261E+000,-1.8603679E+000,-1.7830650E+000,-9.3567408E-001,-2.0777748E+000, 2.6785067E+000, 4.3119152E+000, 4.8328409E+000, 4.6919493E+000, 4.5603605E+000, 4.5553858E+000, 3.7533986E+000, 3.6804685E+000, 3.4807487E+000, 9.9056819E+003, 1.4974523E+000, 6.0370136E+000, 3.7380000E+000
 1.2700276E+002, 1.2842102E+002, 1.2762746E+002, 1.3715649E+002, 1.4446636E+002, 1.4638263E+002, 1.5194098E+002, 1.5006217E+002, 1.5308932E+002, 1.7983683E+002, 1.7125717E+002, 1.7236752E+002, 1.7049049E+002, 2.0432045E+002, 2.2993788E+002, 2.0951056E+002, 1.7636900E+002, 1.6698317E+002, 1.8074240E+002, 1.6571258E+002, 1.5437136E+002, 1.3759105E+002, 1.4047202E+002, 1.3635231E+002,-1.7131729E+000,-1.6305867E+000,-1.8116964E+000,-1.6981266E+000,-1.8979668E+000,-1.8449909E+000,-1.7741921E+000,-1.6375038E+000,-2.1671076E+000,-2.0560642E+000,-1.9076335E+000,-1.4961610E+000,-2.0371634E+000,-4.1040089E+000, 2.6298057E+000, 3.5249847E+000, 4.0282325E+000, 4.3210884E+000, 4.3430606E+000, 3.5758649E+000, 3.9076592E+000, 2.9405013E+000, 3.4335546E+000, 9.6342202E+003, 1.4728136E+000, 5.6186987E+000, 2.6216334E+000
 1.2800466E+002, 1.2578599E+002, 1.3030109E+002, 1.4005274E+002, 1.3987098E+002, 1.4827546E+002, 1.4855358E+002, 1.5104590E+002, 1.7466169E+002, 1.6876505E+002, 1.7402208E+002, 1.7652168E+002, 1.6967696E+002, 1.8045152E+002, 1.9405239E+002, 2.0710627E+002, 2.1359462E+002, 1.9068226E+002, 1.5440498E+002, 1.6079678E+002, 1.6623914E+002, 1.3555579E+002, 1.3635224E+002, 1.3477733E+002,-1.6861406E+000,-1.6448843E+000,-1.7637489E+000,-1.6751884E+000,-1.6771968E+000,-1.5910613E+000,-1.5226798E+000,-2.0984919E+000,-1.6606847E+000,-1.7503237E+000,-1.4999037E+000,-1.4964399E+000,-1.6569838E+000,-1.5559447E+000, 1.8923080E+000, 4.7160682E+000, 4.8625828E+000, 3.8118886E+000, 3.8040501E+000, 4.4722706E+000, 3.7845755E+000, 3.5038044E+000, 3.6283612E+000, 1.0386742E+004, 1.7993287E+000, 5.8471578E+000, 3.7627742E+000
 1.2900070E+002, 1.2175928E+002, 1.2940829E+002, 1.3725638E+002, 1.4188602E+002, 1.4853839E+002, 1.4709321E+002, 1.6474334E+002, 1.6861296E+002, 1.7145572E+002, 1.7161815E+002, 1.6408437E+002, 1.6546626E+002, 1.5850236E+002, 2.1146988E+002, 2.5185226E+002, 1.8646032E+002, 1.4861698E+002, 1.9162552E+002, 1.6574054E+002, 1.4513091E+002, 1.4753934E+002, 1.3722251E+002, 1.3606503E+002,-1.6536466E+000,-1.6224482E+000,-1.8545373E+000,-1.8918911E+000,-1.8117314E+000,-1.6559166E+000,-2.1982850E+000,-2.0997270E+000,-1.9483607E+000,-1.7601777E+000,-1.6542561E+000,-1.6434989E+000,-1.1416240E+000,-3.1188127E+000, 1.8239847E+000, 3.7723274E+000, 4.5011231E+000, 4.5023559E+000, 3.8973868E+000, 2.9622187E+000, 3.9576810E+000, 3.3311412E+000, 3.1957788E+000, 9.9463998E+003, 1.7895544E+000, 5.7980066E+000, 3.1223091E+000
 1.3000503E+002, 1.2120770E+002, 1.2971120E+002, 1.3803442E+002, 1.4630673E+002, 1.4623118E+002, 1.5519108E+002, 1.6772226E+002, 1.6363630E+002, 1.6405195E+002, 1.5963879E+002, 1.5625598E+002, 1.7361369E+002, 1.9902640E+002, 1.8766436E+002, 2.0220257E+002, 1.8545572E+002, 1.8893097E+002, 1.2763131E+002, 1.5799288E+002, 1.5962331E+002, 1.3195526E+002, 1.4208557E+002, 1.3271012E+002,-1.6238514E+000,-1.6669895E+000,-1.6471483E+000,-1.7884984E+000,-1.6337500E+000,-1.7467072E+000,-2.0210989E+000,-1.6518608E+000,-1.4406416E+000,-1.4800556E+000,-1.2306558E+000,-1.0152919E+000,-2.5571588E+000,-8.4387249E-001, 1.8391898E+000, 4.5925871E+000, 5.0830811E+000, 4.2171126E+000, 4.0023903E+000, 3.9422377E+000, 2.9918244E+000, 3.6763141E+000, 3.5853024E+000, 1.0151117E+004, 1.7521401E+000, 5.6455131E+000, 3.4365513E+000
 1.3100474E+002, 1.2394154E+002, 1.3425610E+002, 1.3123585E+002, 1.4496366E+002, 1.4451476E+002, 1.6904662E+002, 1.5801356E+002, 1.5899157E+002, 1.6496665E+002, 1.6048142E+002, 1.6579817E+002, 2.0371083E+002, 1.7264592E+002, 1.9156186E+002, 2.6977903E+002, 1.9947209E+002, 1.5918737E+002, 1.6777594E+002, 1.6008711E+002, 1.4133068E+002, 1.4191927E+002, 1.3629880E+002, 1.3477725E+002,-1.7317800E+000,-1.7002211E+000,-1.5955679E+000,-1.6849365E+000,-1.7816284E+000,-2.2182848E+000,-1.8133726E+000,-1.8680984E+000,-1.6680442E+000,-1.7175329E+000,-1.5154814E+000,-2.2400777E+000,-7.0634639E-001,-7.4051885E-001, 1.6895033E+000, 4.1952041E+000, 4.4810446E+000, 4.8905518E+000, 4.1681465E+000, 3.5909158E+000, 3.4130888E+000, 3.2845222E+000, 3.4794767E+000, 1.0043331E+004, 1.7107739E+000, 6.1056938E+000, 3.3125175E+000
 1.3200462E+002, 1.2599913E+002, 1.3129833E+002, 1.3755569E+002, 1.4251930E+002, 1.6495005E+002, 1.5092277E+002, 1.5856435E+002, 1.5806210E+002, 1.5737785E+002, 1.5502005E+002, 1.7322280E+002, 1.7323101E+002, 1.6517323E+002, 2.1751603E+002, 2.3325454E+002, 2.0940063E+002, 2.0058291E+002, 1.5787165E+002, 1.3812432E+002, 1.6955050E+002, 1.4427264E+002, 1.2954788E+002, 1.3236178E+002,-1.6134206E+000,-1.4604421E+000,-1.6850050E+000,-1.6184939E+000,-2.2173829E+000,-1.6375440E+000,-1.6003585E+000,-1.5321342E+000,-1.6758167E+000,-1.0903741E+000,-1.8722810E+000,-1.3025384E+000,-4.7466108E-001,-2.4885120E+000, 8.0349855E-001, 4.7340992E+000, 4.7591136E+000, 5.0659631E+000, 4.4803838E+000, 4.2248046E+000, 3.6559935E+000, 2.6719032E+000, 3.5579262E+000, 9.9535378E+003, 1.6627120E+000, 5.8223805E+000, 3.7382618E+000
 1.3300369E+002, 1.2512385E+002, 1.2797606E+002, 1.3859066E+002, 1.5153834E+002, 1.5491617E+002, 1.5604584E+002, 1.5732432E+002, 1.5840497E+002, 1.5773970E+002, 1.7314893E+002, 1.6607548E+002, 1.6347690E+002, 1.6805144E+002, 2.0982590E+002, 2.2126473E+002, 1.9890037E+002, 1.5320536E+002, 1.7688168E+002, 1.5978891E+002, 1.3299964E+002, 1.4902934E+002, 1.3594924E+002, 1.2572896E+002,-1.4251614E+000,-1.6375657E+000,-1.8374645E+000,-2.2225524E+000,-1.9944898E+000,-1.7372386E+000,-1.7258422E+000,-1.7103825E+000,-1.5996196E+000,-2.0200551E+000,-1.8687315E+000,-7.7708741E-001,-1.4203852E+000,-3.1080664E+000, 7.2366241E-001, 4.3344741E+000, 5.1101628E+000, 4.4185339E+000, 3.6194456E+000, 2.2740484E+000, 4.0688702E+000, 3.4025765E+000, 3.0177752E+000, 1.0000595E+004, 1.5906548E+000, 5.8833941E+000, 3.5368243E+000
 1.3400086E+002, 1.2824477E+002, 1.2574977E+002, 1.4120864E+002, 1.5428654E+002, 1.4866750E+002, 1.5534901E+002, 1.5461477E+002, 1.5556070E+002, 1.6273215E+002, 1.6625005E+002, 1.6116456E+002, 1.7071424E+002, 1.8465441E+002, 2.0378158E+002, 2.0249202E+002, 1.8918666E+002, 1.8988714E+002, 1.7350402E+002, 1.5687356E+002, 1.5342560E+002, 1.3893847E+002, 1.4066088E+002, 1.2728692E+002,-1.5575926E+000,-1.3556338E+000,-1.6988418E+000,-1.8917089E+000,-1.4329335E+000,-1.6043185E+000,-1.5524639E+000,-1.5985919E+000,-1.8685435E+000,-1.7482459E+000,-1.2887108E+000,-3.8019842E-001,-3.1064656E+000,-2.2984266E+000, 1.8832473E+000, 4.2482750E+000, 4.8952984E+000, 4.9287530E+000, 4.5421464E+000, 3.8745743E+000, 3.5427767E+000, 3.6053206E+000, 3.2668068E+000, 9.7925787E+003, 1.5552585E+000, 5.7736052E+000, 3.1856562E+000
 1.3500273E+002, 1.2749061E+002, 1.2500281E+002, 1.4340329E+002, 1.4830674E+002, 1.5326226E+002, 1.5514103E+002, 1.5446178E+002, 1.5425541E+002, 1.6591991E+002, 1.5927957E+002, 1.6176990E+002, 1.8507403E+002, 1.8536835E+002, 2.2320926E+002, 2.1877013E+002, 2.0179835E+002, 1.6247064E+002, 1.6206398E+002, 1.8773310E+002, 1.6255531E+002, 1.2748939E+002, 1.3536533E+002, 1.3425538E+002,-1.4288968E+000,-1.6396166E+000,-2.1456010E+000,-1.7186552E+000,-1.8978147E+000,-1.6547137E+000,-1.7325721E+000,-1.8398418E+000,-2.0542823E+000,-1.5946148E+000,-1.1883766E+000,-2.4910925E+000,-1.3658490E+000,-4.2686062E+000, 1.0576666E+000, 4.2768638E+000, 4.9999287E+000, 4.8642853E+000, 4.3261963E+000, 4.0056794E+000, 3.1549389E+000, 3.4771453E+000, 3.3833022E+000, 9.9085922E+003, 1.6063468E+000, 5.8805849E+000, 3.6353458E+000
 1.3600291E+002, 1.1940127E+002, 1.3150347E+002, 1.5288829E+002, 1.4972115E+002, 1.5224152E+002, 1.5108369E+002, 1.5187333E+002, 1.5925187E+002, 1.6397388E+002, 1.5853417E+002, 1.7622765E+002, 1.7402575E+002, 2.2456218E+002, 2.3507494E+002, 2.3040623E+002, 1.7471676E+002, 2.0688038E+002, 1.7328740E+002, 1.5487939E+002, 1.6981691E+002, 1.4175426E+002, 1.2748439E+002, 1.3487529E+002,-1.0632823E+000,-1.7058831E+000,-2.0470708E+000,-1.6128080E+000,-1.6531062E+000,-1.5706302E+000,-1.5698516E+000,-2.0180739E+000,-1.8177747E+000,-1.3719021E+000,-1.2922121E+000,-1.2872122E+000,-2.7988758E+000,-2.6114778E+000, 1.9055009E+000, 3.9023695E+000, 4.6649929E+000, 5.1878323E+000, 4.5957713E+000, 4.0117394E+000, 3.8900550E+000, 3.2000306E+000, 3.5825868E+000, 1.0161508E+004, 1.7285386E+000, 5.7834998E+000, 3.0129103E+000
 1.3700261E+002, 1.1550839E+002, 1.3377970E+002, 1.4621521E+002, 1.4790553E+002, 1.5105890E+002, 1.4972641E+002, 1.5357725E+002, 1.5750334E+002, 1.5776218E+002, 1.6226203E+002, 1.6897816E+002, 2.0887671E+002, 1.9668647E+002, 2.3170645E+002, 2.6665879E+002, 1.8272363E+002, 1.6923978E+002, 1.7785752E+002, 1.4011196E+002, 1.4460852E+002, 1.4985035E+002, 1.3329999E+002, 1.3043166E+002,-1.1292002E+000,-1.6952322E+000,-1.8378893E+000,-1.7817651E+000,-1.5436625E+000,-1.7764106E+000,-2.1088558E+000,-1.9827433E+000,-1.6795044E+000,-1.3119690E+000,-1.9891867E+000,-2.2382700E+000,-2.4168821E+000,-4.3881645E+000, 2.4093967E+000, 4.0231780E+000, 4.4405388E+000, 4.1390081E+000, 4.5896003E+000, 3.6433841E+000, 4.0073490E+000, 3.0921451E+000, 3.0986977E+000, 1.0108672E+004, 1.6670567E+000, 5.8445983E+000, 2.9984748E+000
 1.3800492E+002, 1.2136796E+002, 1.3985891E+002, 1.4472961E+002, 1.4740983E+002, 1.4673680E+002, 1.5027221E+002, 1.5605500E+002, 1.5521272E+002, 1.5829846E+002, 1.7120725E+002, 1.9416314E+002, 1.8135409E+002, 2.0625550E+002, 2.2178480E+002, 2.4410854E+002, 2.4262586E+002, 1.6969550E+002, 1.6509425E+002, 1.4448140E+002, 1.4229815E+002, 1.3965472E+002, 1.4585913E+002, 1.2625895E+002,-1.3402833E+000,-1.9497735E+000,-1.6383786E+000,-1.4421456E+000,-1.5373034E+000,-1.8031619E+000,-1.7663253E+000,-1.6409777E+000,-1.4335876E+000,-2.0084286E+000,-1.7895174E+000,-2.1261895E+000,-2.7921947E+000,-3.2405799E+000, 1.8502393E+000, 4.1730741E+000, 4.8749342E+000, 4.7673445E+000, 3.7234155E+000, 3.3958934E+000, 4.0123847E+000, 3.5194984E+000, 3.1498530E+000, 9.9091509E+003, 1.5978040E+000, 5.6582076E+000, 3.7036369E+000
 1.3900355E+002, 1.2666861E+002, 1.4451007E+002, 1.3921819E+002, 1.4724916E+002, 1.4509690E+002, 1.5401360E+002, 1.5255577E+002, 1.5389091E+002, 1.6389047E+002, 1.7224781E+002, 1.8169482E+002, 1.9043013E+002, 1.8949037E+002, 2.3451431E+002, 2.3603076E+002, 1.9450559E+002, 2.0120678E+002, 1.7548796E+002, 1.6622975E+002, 1.5026958E+002, 1.3798422E+002, 1.4017205E+002, 1.3615512E+002,-1.4418258E+000,-1.8595801E+000,-1.6079698E+000,-1.5451491E+000,-1.7965985E+000,-1.8751174E+000,-1.7413070E+000,-1.5663995E+000,-1.9318131E+000,-1.9482195E+000,-2.3940380E+000,-1.8740351E+000,-1.0925932E+000,-1.8351953E+000, 1.4949015E+000, 4.3069048E+000, 4.6439967E+000, 4.7078960E+000, 4.4379434E+000, 3.8037825E+000, 3.6370673E+000, 3.5288695E+000, 3.3634266E+000, 1.0044112E+004, 1.5716000E+000, 6.1177212E+000, 3.6885517E+000
 1.4000193E+002, 1.2658362E+002, 1.4128557E+002, 1.4157051E+002, 1.3968479E+002, 1.5014520E+002, 1.5229593E+002, 1.5127047E+002, 1.5669690E+002, 1.6903389E+002, 1.7617515E+002, 1.7815850E+002, 1.7637795E+002, 1.7805624E+002, 2.2230486E+002, 2.0812196E+002, 1.6526761E+002, 1.7560109E+002, 1.6492735E+002, 1.6039993E+002, 1.5960406E+002, 1.3599579E+002, 1.3656082E+002, 1.4241118E+002,-1.2854480E+000,-1.6774672E+000,-1.7010393E+000,-1.6087373E+000,-1.8570127E+000,-1.8032816E+000,-1.6595560E+000,-1.6945112E+000,-2.0293666E+000,-1.9801360E+000,-1.9627555E+000,-1.5263050E+000,-6.6080282E-001,-2.8308834E+000, 1.7077698E-001, 3.4595389E+000, 4.4704281E+000, 4.9403591E+000, 4.3455364E+000, 4.3623941E+000, 3.4976306E+000, 3.5557152E+000, 3.6764867E+000, 1.0098478E+004, 1.5438850E+000, 5.9251914E+000, 2.7661993E+000
 1.4100066E+002, 1.3492332E+002, 1.4056865E+002, 1.4042997E+002, 1.4266809E+002, 1.5170838E+002, 1.4983001E+002, 1.4942299E+002, 1.6287434E+002, 1.7723154E+002, 1.6112014E+002, 1.7335804E+002, 1.7081399E+002, 1.9116611E+002, 2.0753951E+002, 2.1041828E+002, 1.6608816E+002, 1.6317951E+002, 1.4717749E+002, 1.5609024E+002, 1.4844974E+002, 1.4575979E+002, 1.2729315E+002, 1.3279804E+002,-1.5874624E+000,-1.5553306E+000,-1.5444371E+000,-1.7679382E+000,-1.8383844E+000,-1.5402470E+000,-1.5534506E+000,-2.0308384E+000,-2.0738870E+000,-1.6673442E+000,-1.9037495E+000,-1.0746381E+000,-1.6922314E+000,-3.7380572E+000, 5.2117870E-001, 3.6154099E+000, 4.5753199E+000, 4.4327145E+000, 4.4890879E+000, 4.0122478E+000, 4.2692436E+000, 3.6014908E+000, 3.4121817E+000, 1.0185700E+004, 1.6869984E+000, 5.7663181E+000, 3.3054671E+000
 1.4200295E+002, 1.3767867E+002, 1.3199908E+002, 1.4102437E+002, 1.4942960E+002, 1.4978297E+002, 1.5072745E+002, 1.5962185E+002, 1.7101860E+002, 1.5986482E+002, 1.6312298E+002, 1.6180862E+002, 1.7020569E+002, 1.8927402E+002, 1.9985679E+002, 2.2842840E+002, 1.6229720E+002, 1.5855960E+002, 1.7006465E+002, 1.3152956E+002, 1.4388104E+002, 1.3162639E+002, 1.3916032E+002, 1.3013157E+002,-1.5609792E+000,-1.3523852E+000,-1.5238764E+000,-1.9428711E+000,-1.6424001E+000,-1.7518200E+000,-1.9439960E+000,-2.1325106E+000,-1.6954968E+000,-1.8122240E+000,-1.4321122E+000,-1.6387824E+000,-2.9725546E+000,-2.5011820E+000, 2.9223096E-001, 3.6759725E+000, 4.8092025E+000, 4.2585048E+000, 3.6189816E+000, 4.1143366E+000, 4.0540926E+000, 3.5913337E+000, 3.3044692E+000, 9.7200390E+003, 1.7843429E+000, 5.9894414E+000, 3.0038799E+000
 1.4300059E+002, 1.3351744E+002, 1.3497009E+002, 1.3557075E+002, 1.4752433E+002, 1.4625951E+002, 1.5303511E+002, 1.6346339E+002, 1.6633786E+002, 1.5959090E+002, 1.6471386E+002, 1.6701237E+002, 1.9207032E+002, 1.8738033E+002, 2.1337079E+002, 1.9222496E+002, 1.9138048E+002, 1.7152520E+002, 1.5211799E+002, 1.6187399E+002, 1.4780562E+002, 1.4454470E+002, 1.3700658E+002, 1.3052722E+002,-1.4614682E+000,-1.5460221E+000,-1.5832261E+000,-1.7956199E+000,-1.6995160E+000,-1.8608787E+000,-2.1702741E+000,-1.8639608E+000,-1.7527144E+000,-1.4825985E+000,-1.2079339E+000,-2.5384436E+000,-2.6311965E+000,-1.9442957E+000,-6.4622751E-003, 4.0066731E+000, 4.8191951E+000, 4.0510694E+000, 4.3198178E+000, 3.8864140E+000, 4.0352430E+000, 3.7288166E+000, 3.4651502E+000, 1.0144239E+004, 1.7030157E+000, 5.9968580E+000, 3.1929233E+000
 1.4400386E+002, 1.3455330E+002, 1.3442576E+002, 1.3993065E+002, 1.4692861E+002, 1.4827902E+002, 1.5759174E+002, 1.6447790E+002, 1.5831648E+002, 1.5678097E+002, 1.6396836E+002, 1.8114677E+002, 1.7694979E+002, 1.8287087E+002, 2.0563100E+002, 1.9517171E+002, 1.7398650E+002, 1.9432805E+002, 1.9037058E+002, 1.6740845E+002, 1.5615350E+002, 1.3931689E+002, 1.3731336E+002, 1.3539001E+002,-1.4254102E+000,-1.3365407E+000,-1.6676935E+000,-1.6282988E+000,-1.9908255E+000,-2.1160142E+000,-1.7769098E+000,-1.8155093E+000,-1.4998954E+000,-1.3149913E+000,-2.0483504E+000,-1.7465444E+000,-2.3325357E+000,-2.7413864E+000, 8.3177527E-001, 3.8556943E+000, 5.2284649E+000, 5.4783051E+000, 4.2818287E+000, 4.0461529E+000, 4.0570967E+000, 3.6244862E+000, 3.4281611E+000, 9.8926898E+003, 1.6387261E+000, 5.9085277E+000, 2.8842601E+000
 1.4500217E+002, 1.2906442E+002, 1.3302148E+002, 1.4198315E+002, 1.4229077E+002, 1.5410741E+002, 1.5870388E+002, 1.5690540E+002, 1.5824305E+002, 1.6323296E+002, 1.6970940E+002, 1.7707884E+002, 1.9098109E+002, 1.8833207E+002, 2.0551003E+002, 2.1833794E+002, 1.9315153E+002, 1.5517264E+002, 1.7218487E+002, 1.6434588E+002, 1.6988715E+002, 1.5173237E+002, 1.3201238E+002, 1.3060812E+002,-1.2140316E+000,-1.2885581E+000,-1.8512900E+000,-1.7037061E+000,-2.1031620E+000,-1.8356695E+000,-1.5743896E+000,-1.5530991E+000,-1.5345176E+000,-1.7709341E+000,-1.9077000E+000,-2.4534713E+000,-1.7022645E+000,-1.9654547E+000, 1.7369061E+000, 3.5385606E+000, 4.7091635E+000, 4.7302302E+000, 4.8567396E+000, 4.6064813E+000, 4.2336328E+000, 4.1580490E+000, 3.3917516E+000, 1.0261475E+004, 1.6112611E+000, 5.9321363E+000, 3.0441786E+000
 1.4600050E+002, 1.2517562E+002, 1.3296772E+002, 1.4289766E+002, 1.5033442E+002, 1.5275612E+002, 1.5445316E+002, 1.5605139E+002, 1.5791191E+002, 1.6447004E+002, 1.7042121E+002, 1.7529740E+002, 1.8246748E+002, 1.8338912E+002, 1.8837639E+002, 2.3692794E+002, 2.0223774E+002, 1.7771359E+002, 1.3063429E+002, 1.5380716E+002, 1.6020493E+002, 1.5203665E+002, 1.4578958E+002, 1.2949502E+002,-1.4470382E+000,-1.2648889E+000,-1.6957874E+000,-2.0451845E+000,-1.7787198E+000,-1.3459368E+000,-1.8137516E+000,-1.7007683E+000,-1.7346558E+000,-1.8974323E+000,-1.9587339E+000,-1.8784949E+000,-1.0874017E+000,-1.8685343E+000, 1.4620785E+000, 4.6029528E+000, 4.6277051E+000, 4.0054297E+000, 4.3172680E+000, 4.5522329E+000, 4.0772880E+000, 4.1662619E+000, 3.2702128E+000, 1.0034880E+004, 1.6351534E+000, 6.1350927E+000, 3.7013637E+000
 1.4700028E+002, 1.3115628E+002, 1.3433829E+002, 1.4128814E+002, 1.5065809E+002, 1.5009901E+002, 1.5141675E+002, 1.5442683E+002, 1.5991920E+002, 1.6714553E+002, 1.6909172E+002, 1.6927614E+002, 1.8504289E+002, 1.9326255E+002, 2.1886083E+002, 2.5056677E+002, 2.2064519E+002, 1.7699278E+002, 1.6861201E+002, 1.5888594E+002, 1.4498184E+002, 1.5295803E+002, 1.4328639E+002, 1.3131332E+002,-1.4372884E+000,-1.5979267E+000,-1.5665118E+000,-1.9161703E+000,-1.5051473E+000,-1.4921816E+000,-1.6582732E+000,-1.5699111E+000,-2.0817349E+000,-1.5806355E+000,-1.7474789E+000,-1.3226477E+000,-2.1537551E+000,-3.0985735E+000, 2.6147729E+000, 4.7043896E+000, 5.1126691E+000, 5.2578128E+000, 4.2549367E+000, 3.9581762E+000, 4.2232902E+000, 4.1408382E+000, 3.7170573E+000, 9.9284856E+003, 1.5895733E+000, 6.1211405E+000, 4.0756175E+000
 1.4800132E+002, 1.2996971E+002, 1.3431902E+002, 1.3469382E+002, 1.4717677E+002, 1.4925353E+002, 1.5264070E+002, 1.5431260E+002, 1.6199757E+002, 1.5652432E+002, 1.6253850E+002, 1.7354744E+002, 1.8378037E+002, 2.0878415E+002, 2.1919367E+002, 2.2015975E+002, 1.7421591E+002, 1.8809595E+002, 1.6661456E+002, 1.5538344E+002, 1.7207250E+002, 1.4839780E+002, 1.4641515E+002, 1.3880280E+002,-1.2926482E+000,-1.6371701E+000,-1.3531317E+000,-1.5269150E+000,-1.3766363E+000,-1.5624541E+000,-1.4995519E+000,-2.0306708E+000,-1.3320876E+000,-1.5875203E+000,-1.4269820E+000,-1.5043084E+000,-2.9799983E+000,-3.6417746E+000, 1.4634220E+000, 3.9937403E+000, 4.9864454E+000, 4.8944411E+000, 4.5133002E+000, 4.2164528E+000, 4.1526795E+000, 3.9441404E+000, 3.6583958E+000, 9.2849120E+003, 1.6888481E+000, 5.5521414E+000, 3.1856817E+000
 1.4900054E+002, 1.2878771E+002, 1.3617282E+002, 1.4635279E+002, 1.4762984E+002, 1.4845018E+002, 1.5167339E+002, 1.5550333E+002, 1.5392311E+002, 1.6185993E+002, 1.5955306E+002, 1.8551733E+002, 1.8578818E+002, 2.1129224E+002, 2.3656452E+002, 2.5962633E+002, 1.8182380E+002, 1.8835698E+002, 1.7676678E+002, 1.4851701E+002, 1.5055075E+002, 1.5961594E+002, 1.4432749E+002, 1.3972838E+002,-1.3566822E+000,-1.4637131E+000,-1.8841862E+000,-1.4928569E+000,-1.5186381E+000,-1.4534837E+000,-1.8220244E+000,-1.6435849E+000,-1.4211963E+000,-1.7386611E+000,-1.9188096E+000,-2.3682664E+000,-2.5418746E+000,-3.3534852E+000, 2.6760041E+000, 4.7305439E+000, 4.5271215E+000, 4.5969463E+000, 4.2461375E+000, 4.2750637E+000, 4.1447300E+000, 4.1420993E+000, 3.9911995E+000, 1.0482709E+004, 1.5929859E+000, 5.7818727E+000, 4.0446732E+000
 1.5000518E+002, 1.2355762E+002, 1.3210055E+002, 1.4437664E+002, 1.4520860E+002, 1.4780443E+002, 1.5363893E+002, 1.5638218E+002, 1.5236408E+002, 1.6065312E+002, 1.5980724E+002, 1.7601244E+002, 1.9674869E+002, 1.9039953E+002, 2.2679870E+002, 2.6111168E+002, 1.9796819E+002, 1.6664499E+002, 1.6340509E+002, 1.4426863E+002, 1.4104800E+002, 1.4530329E+002, 1.4592516E+002, 1.4172987E+002,-1.4481890E+000,-1.4091960E+000,-1.7146823E+000,-1.5257313E+000,-1.4540803E+000,-1.5780028E+000,-1.6625507E+000,-1.3269437E+000,-1.7260432E+000,-1.4394555E+000,-1.9232380E+000,-1.7750879E+000,-1.4816014E+000,-1.6032478E+000, 9.6769920E-001, 3.9942950E+000, 5.2236835E+000, 4.3736610E+000, 3.8868677E+000, 3.4800686E+000, 4.3238775E+000, 4.1170907E+000, 3.9133112E+000, 9.9276018E+003, 1.5236242E+000, 5.8558787E+000, 3.5965826E+000
 1.5100183E+002, 1.2734507E+002, 1.3068341E+002, 1.4407829E+002, 1.4376829E+002, 1.4956128E+002, 1.5407256E+002, 1.5095729E+002, 1.5572335E+002, 1.5238824E+002, 1.6394177E+002, 1.6835319E+002, 1.7188949E+002, 1.9493787E+002, 2.1792867E+002, 2.4528109E+002, 2.2468257E+002, 1.6810445E+002, 1.5344933E+002, 1.6257872E+002, 1.4825144E+002, 1.3373569E+002, 1.4814243E+002, 1.4042060E+002,-1.6549887E+000,-1.3432228E+000,-1.5555634E+000,-1.6900985E+000,-1.4866980E+000,-1.7663178E+000,-1.3149155E+000,-1.4759267E+000,-1.3842032E+000,-1.5890150E+000,-1.7892956E+000,-1.3885746E+000,-1.3842616E+000,-3.0490466E+000, 3.0999707E-001, 3.9605926E+000, 4.9102304E+000, 5.1056843E+000, 4.1880706E+000, 3.5732219E+000, 3.4021346E+000, 3.8244937E+000, 3.9350321E+000, 9.8228864E+003, 1.5819339E+000, 5.5592103E+000, 3.8817175E+000
 1.5200027E+002, 1.3039307E+002, 1.3594948E+002, 1.4064411E+002, 1.4394753E+002, 1.4889238E+002, 1.5136241E+002, 1.5035253E+002, 1.5871404E+002, 1.6040859E+002, 1.6526068E+002, 1.7577434E+002, 1.8092455E+002, 1.8969238E+002, 2.2338101E+002, 2.5061930E+002, 1.7257566E+002, 1.7640456E+002, 1.6108589E+002, 1.3504369E+002, 1.4695598E+002, 1.4001761E+002, 1.3581994E+002, 1.4427711E+002,-1.6357562E+000,-1.6538265E+000,-1.5154673E+000,-1.5192976E+000,-1.6874438E+000,-1.4510367E+000,-1.3063767E+000,-1.4602847E+000,-1.7044918E+000,-1.7146788E+000,-1.4118973E+000,-1.5781405E+000,-1.4658480E+000,-3.9773674E+000, 1.2141699E+000, 3.1411184E+000, 4.4735337E+000, 4.2392901E+000, 5.2297969E+000, 4.3898639E+000, 3.7698922E+000, 3.8054856E+000, 3.8495037E+000, 1.0329394E+004, 1.5823894E+000, 5.4405257E+000, 2.8055675E+000
 1.5300083E+002, 1.2548593E+002, 1.3908844E+002, 1.3805366E+002, 1.4552561E+002, 1.5027600E+002, 1.4871936E+002, 1.5134396E+002, 1.5601568E+002, 1.6197128E+002, 1.7016774E+002, 1.7037019E+002, 1.8188544E+002, 2.3006376E+002, 2.0348362E+002, 2.0346408E+002, 2.0647584E+002, 1.6867850E+002, 1.5437632E+002, 1.7120638E+002, 1.3318283E+002, 1.4485666E+002, 1.3665951E+002, 1.4097213E+002,-1.3633693E+000,-1.5284125E+000,-1.4860243E+000,-1.5982301E+000,-1.4550082E+000,-1.2132830E+000,-1.4403767E+000,-1.4828091E+000,-1.5607579E+000,-1.8458307E+000,-1.2727187E+000,-1.6268816E+000,-2.7455200E+000,-1.7848651E+000, 3.4801715E-001, 4.8448000E+000, 4.7581105E+000, 4.0212576E+000, 4.1779220E+000, 4.1909326E+000, 3.1843968E+000, 3.4139684E+000, 3.1646975E+000, 9.7503059E+003, 1.5937155E+000, 5.8064710E+000, 3.8936090E+000
 1.5400433E+002, 1.2075121E+002, 1.3895791E+002, 1.3570226E+002, 1.4623293E+002, 1.4676798E+002, 1.4683715E+002, 1.5263468E+002, 1.5581754E+002, 1.6855255E+002, 1.6684613E+002, 1.7164491E+002, 1.8527022E+002, 1.7956829E+002, 1.7354160E+002, 2.1259168E+002, 1.8122087E+002, 2.0671088E+002, 1.6324357E+002, 1.5588339E+002, 1.4797479E+002, 1.3763026E+002, 1.3928300E+002, 1.3440148E+002,-1.2227588E+000,-1.3491247E+000,-1.5681755E+000,-1.6717353E+000,-1.3770711E+000,-1.3238390E+000,-1.5842226E+000,-1.5962543E+000,-1.9395703E+000,-1.4242990E+000,-1.9568055E+000,-2.0510676E+000,-1.4513429E+000,-1.0626024E+000, 6.8143682E-001, 3.5378747E+000, 4.6364721E+000, 4.6875676E+000, 4.2506353E+000, 3.5708809E+000, 3.6336606E+000, 3.3369481E+000, 3.2584176E+000, 9.8681561E+003, 1.6212262E+000, 5.4908219E+000, 2.9207246E+000
 1.5500017E+002, 1.2269347E+002, 1.3812568E+002, 1.3751978E+002, 1.4448872E+002, 1.4464035E+002, 1.4802368E+002, 1.5108129E+002, 1.6349611E+002, 1.6801601E+002, 1.6758859E+002, 1.6627445E+002, 1.8851658E+002, 1.7161891E+002, 2.4820113E+002, 2.1410007E+002, 2.1374079E+002, 1.6126577E+002, 1.7700873E+002, 1.5018833E+002, 1.5358610E+002, 1.3703075E+002, 1.3293826E+002, 1.3383135E+002,-1.3700550E+000,-1.4700660E+000,-1.6167562E+000,-1.5184586E+000,-1.3102556E+000,-1.5331343E+000,-1.3790161E+000,-1.9136323E+000,-1.6116178E+000,-1.9267203E+000,-1.7590295E+000,-1.9165091E+000,-2.2245942E+000,-3.4925660E+000, 1.7761249E+000, 3.8731477E+000, 3.7761514E+000, 4.3052957E+000, 4.4649605E+000, 4.3805966E+000, 3.4142957E+000, 2.8565106E+000, 3.2580357E+000, 1.0076562E+004, 1.6956312E+000, 5.4282399E+000, 3.5395465E+000
 1.5600191E+002, 1.3497775E+002, 1.3217532E+002, 1.3856005E+002, 1.4256109E+002, 1.4487687E+002, 1.4657249E+002, 1.5594268E+002, 1.6051345E+002, 1.6262796E+002, 1.6214679E+002, 1.6846361E+002, 1.6354342E+002, 1.8224948E+002, 2.0973353E+002, 2.7760808E+002, 2.1369316E+002, 1.8664974E+002, 1.8053674E+002, 1.5950887E+002, 1.4316386E+002, 1.3561255E+002, 1.3374078E+002, 1.3322238E+002,-1.3805980E+000,-1.4238507E+000,-1.6340149E+000,-1.3974203E+000,-1.5019672E+000,-1.1920907E+000,-1.5337218E+000,-1.7475201E+000,-1.5098292E+000,-1.5176206E+000,-1.5884042E+000,-1.5934560E+000,-1.7235149E+000,-1.2391763E+000, 1.2274892E+000, 4.5842664E+000, 5.2112059E+000, 4.4839228E+000, 3.5622901E+000, 4.0536472E+000, 3.4894612E+000, 3.3409647E+000, 3.2687949E+000, 1.0176625E+004, 1.6968002E+000, 5.4782104E+000, 4.6263775E+000
 1.5700048E+002, 1.3344974E+002, 1.3478639E+002, 1.3810945E+002, 1.3581122E+002, 1.4579729E+002, 1.4908477E+002, 1.5870029E+002, 1.6292528E+002, 1.6040486E+002, 1.6174861E+002, 1.7142554E+002, 1.7543925E+002, 1.6805916E+002, 2.4085943E+002, 2.4888234E+002, 2.1061308E+002, 2.0575773E+002, 1.8193886E+002, 1.9003331E+002, 1.5562269E+002, 1.3790628E+002, 1.2619717E+002, 1.3097556E+002,-1.3090928E+000,-1.3138547E+000,-1.7948246E+000,-1.5243421E+000,-1.6426641E+000,-1.5309036E+000,-1.8836414E+000,-1.4783685E+000,-1.7377420E+000,-1.5051708E+000,-1.7009311E+000,-1.6279676E+000,-9.9165031E-001,-3.4070792E+000,-2.9566768E-001, 4.7479871E+000, 5.3547946E+000, 5.3979566E+000, 4.1982403E+000, 3.4959117E+000, 3.7220680E+000, 2.9894047E+000, 3.0352619E+000, 9.8020037E+003, 1.6392877E+000, 5.5865983E+000, 4.3246881E+000
 1.5800179E+002, 1.3266425E+002, 1.3386062E+002, 1.3769846E+002, 1.4267618E+002, 1.4383681E+002, 1.5462983E+002, 1.5924602E+002, 1.6478191E+002, 1.5916181E+002, 1.6203963E+002, 1.6552547E+002, 1.7486426E+002, 2.0407195E+002, 1.9445313E+002, 2.6335636E+002, 1.8509065E+002, 1.8180678E+002, 1.5312821E+002, 1.4195304E+002, 1.8056648E+002, 1.4258510E+002, 1.3513459E+002, 1.2910222E+002,-1.3135932E+000,-1.4853397E+000,-1.4650657E+000,-1.7645023E+000,-1.6067494E+000,-1.7666964E+000,-1.5501375E+000,-1.9005526E+000,-1.3868867E+000,-1.3848150E+000,-1.7291466E+000,-1.3092227E+000,-2.1867227E+000,-2.1681622E+000, 1.6206444E+000, 4.2754485E+000, 5.2084790E+000, 4.7486986E+000, 4.7500275E+000, 4.2618769E+000, 3.4009371E+000, 3.4260830E+000, 3.3481499E+000, 1.0191117E+004, 1.7465351E+000, 5.5147666E+000, 3.2735372E+000
 1.5900311E+002, 1.2807029E+002, 1.3120539E+002, 1.3740923E+002, 1.4224766E+002, 1.4860033E+002, 1.5528748E+002, 1.6268552E+002, 1.5616310E+002, 1.5892409E+002, 1.6598499E+002, 1.6796051E+002, 1.8076899E+002, 1.8081550E+002, 2.2326960E+002, 2.3073743E+002, 1.8832190E+002, 1.8005828E+002, 1.5222338E+002, 1.3947782E+002, 1.4551824E+002, 1.6060477E+002, 1.3465725E+002, 1.3078392E+002,-1.3250558E+000,-1.4251166E+000,-1.6117743E+000,-1.7396283E+000,-1.7913118E+000,-1.6484740E+000,-1.7898672E+000,-1.6149976E+000,-1.4888569E+000,-1.7767518E+000,-1.9093371E+000,-2.0326648E+000,-1.9314836E+000,-1.4809218E+000, 6.1814013E-001, 3.7294401E+000, 5.1434811E+000, 4.5362993E+000, 3.8455077E+000, 3.8623964E+000, 3.5843896E+000, 3.2951252E+000, 3.2127172E+000, 9.8777974E+003, 1.6493012E+000, 5.5932171E+000, 3.1794951E+000
 1.6000378E+002, 1.2835500E+002, 1.3010092E+002, 1.3540862E+002, 1.4401170E+002, 1.5356051E+002, 1.5762343E+002, 1.5624436E+002, 1.5647740E+002, 1.6080054E+002, 1.6269608E+002, 1.7354879E+002, 1.9225584E+002, 1.7692329E+002, 2.2715722E+002, 2.3872810E+002, 2.3546064E+002, 1.9430199E+002, 1.5303468E+002, 1.4569704E+002, 1.3769888E+002, 1.4748190E+002, 1.5085598E+002, 1.3291882E+002,-1.2886419E+000,-1.5126208E+000,-1.4014301E+000,-1.7088878E+000,-1.7926719E+000,-1.5585542E+000,-1.4217775E+000,-1.4707359E+000,-1.4151291E+000,-1.4947411E+000,-1.8922341E+000,-1.8217067E+000,-1.2435364E+000,-2.1811941E+000, 9.4187556E-001, 4.3767340E+000, 4.5369173E+000, 4.9544852E+000, 4.3385994E+000, 2.7774119E+000, 3.8972197E+000, 3.6561765E+000, 3.6309505E+000, 1.0005651E+004, 1.6173223E+000, 5.5477142E+000, 3.7280204E+000
 1.6100337E+002, 1.2889260E+002, 1.3502836E+002, 1.3502878E+002, 1.4663856E+002, 1.4953402E+002, 1.5598263E+002, 1.5450872E+002, 1.5856849E+002, 1.5894762E+002, 1.6821589E+002, 1.8137015E+002, 1.6818499E+002, 1.9417134E+002, 2.1589911E+002, 2.3012636E+002, 1.9977238E+002, 1.9872650E+002, 1.7884700E+002, 1.2420698E+002, 1.3902696E+002, 1.4575322E+002, 1.4983241E+002, 1.3263268E+002,-1.4178963E+000,-1.4557481E+000,-1.8294978E+000,-1.9328751E+000,-1.6168470E+000,-1.5476300E+000,-1.5151033E+000,-1.3995401E+000,-1.7277961E+000,-2.0564100E+000,-2.5059209E+000,-1.4342070E+000,-2.2426719E+000,-2.4400717E+000,-4.9098263E-001, 3.9414517E+000, 4.9910700E+000, 4.2019265E+000, 4.3697642E+000, 3.8058308E+000, 3.6041914E+000, 3.4165416E+000, 3.4205131E+000, 9.9386142E+003, 1.5502985E+000, 5.4047495E+000, 3.4001571E+000
 1.6200124E+002, 1.2690029E+002, 1.3246310E+002, 1.3905992E+002, 1.4716016E+002, 1.5529752E+002, 1.5211674E+002, 1.5616660E+002, 1.6061126E+002, 1.6053858E+002, 1.7388838E+002, 1.6851096E+002, 1.8771011E+002, 2.0932316E+002, 2.4428677E+002, 2.7987945E+002, 1.9608788E+002, 1.7889487E+002, 1.7569947E+002, 1.7439435E+002, 1.4600865E+002, 1.4015072E+002, 1.4109719E+002, 1.4842647E+002,-1.1791652E+000,-1.4332509E+000,-1.5403397E+000,-1.5806831E+000,-1.6593228E+000,-1.3268459E+000,-1.5101150E+000,-1.3394459E+000,-1.4170912E+000,-2.1155112E+000,-1.6461939E+000,-2.3234529E+000,-2.4048002E+000,-2.6444618E+000, 9.8897534E-001, 4.8707166E+000, 5.2056980E+000, 5.0807176E+000, 4.7804980E+000, 4.6735926E+000, 3.8851252E+000, 3.8836626E+000, 3.8700128E+000, 1.0210913E+004, 1.6379000E+000, 5.7922813E+000, 3.6197354E+000
 1.6300218E+002, 1.2185311E+002, 1.3180283E+002, 1.4112442E+002, 1.4827115E+002, 1.5048331E+002, 1.5074809E+002, 1.5390494E+002, 1.5716696E+002, 1.7405136E+002, 1.7093883E+002, 1.9283572E+002, 2.0835824E+002, 2.0476460E+002, 2.6739947E+002, 2.4760219E+002, 2.3758513E+002, 1.8132833E+002, 1.5208001E+002, 1.6917070E+002, 1.6927880E+002, 1.4141212E+002, 1.3752924E+002, 1.3758576E+002,-1.2053874E+000,-1.5271432E+000,-1.7344278E+000,-1.7127109E+000,-1.4174986E+000,-1.6282792E+000,-1.4315911E+000,-1.4291595E+000,-2.2468352E+000,-1.9111975E+000,-2.2347562E+000,-2.3026302E+000,-2.2515695E+000,-4.0597808E+000, 1.6955413E+000, 3.8223168E+000, 5.1816203E+000, 4.8864594E+000, 4.6597591E+000, 4.7117532E+000, 4.3051514E+000, 3.6733210E+000, 3.2435918E+000, 9.8285555E+003, 1.5885282E+000, 5.9982837E+000, 3.7587671E+000
 1.6400356E+002, 1.2563510E+002, 1.2938120E+002, 1.3924090E+002, 1.5121611E+002, 1.4822441E+002, 1.5324727E+002, 1.5498796E+002, 1.6222896E+002, 1.6357246E+002, 1.8514983E+002, 2.0555662E+002, 2.0835755E+002, 2.2024676E+002, 2.1442348E+002, 2.4229642E+002, 2.0358761E+002, 1.8284209E+002, 1.8894230E+002, 1.5334713E+002, 1.4580477E+002, 1.4860078E+002, 1.4103145E+002, 1.3526001E+002,-1.2660758E+000,-1.6948171E+000,-1.6419147E+000,-1.5598809E+000,-1.4522531E+000,-1.3901535E+000,-1.5225067E+000,-1.8561202E+000,-1.6889994E+000,-1.8522267E+000,-2.8934097E+000,-1.8950155E+000,-3.6388218E+000,-1.4491181E+000, 4.6571054E-001, 4.4398880E+000, 5.4813046E+000, 5.1681983E+000, 4.2639398E+000, 4.1812265E+000, 4.2100651E+000, 3.7358821E+000, 3.6746158E+000, 1.0181879E+004, 1.7133740E+000, 5.5034424E+000, 3.4810037E+000
 1.6500344E+002, 1.2878776E+002, 1.3198203E+002, 1.4232659E+002, 1.4606554E+002, 1.4992104E+002, 1.4825951E+002, 1.5568828E+002, 1.6450615E+002, 1.7438172E+002, 1.9012716E+002, 1.8605975E+002, 2.0070255E+002, 1.8784938E+002, 2.0030875E+002, 2.5209464E+002, 1.8773165E+002, 1.8399739E+002, 1.6422814E+002, 1.5582536E+002, 1.5350941E+002, 1.4504586E+002, 1.4312415E+002, 1.3535547E+002,-1.2852969E+000,-1.5251745E+000,-1.8520184E+000,-1.4733573E+000,-1.6686175E+000,-1.5249285E+000,-1.8315373E+000,-1.8467931E+000,-2.0535017E+000,-2.5362627E+000,-2.3218981E+000,-2.3488972E+000,-1.2639805E+000,-2.4138201E+000, 1.2201965E+000, 4.4340200E+000, 4.4729653E+000, 4.4150423E+000, 5.1216894E+000, 4.3991039E+000, 3.8970033E+000, 3.9892345E+000, 3.5595524E+000, 9.8240744E+003, 1.7467168E+000, 5.9479510E+000, 3.7427970E+000
 1.6600442E+002, 1.2850031E+002, 1.3428125E+002, 1.4468626E+002, 1.4110112E+002, 1.4186720E+002, 1.4922651E+002, 1.6373051E+002, 1.6605976E+002, 1.7984323E+002, 1.8374295E+002, 1.8352784E+002, 1.8983479E+002, 1.9126668E+002, 1.8273622E+002, 2.3450412E+002, 1.8876289E+002, 1.7546971E+002, 1.7731068E+002, 1.6535638E+002, 1.3849799E+002, 1.5060877E+002, 1.4039047E+002, 1.3604284E+002,-1.1588791E+000,-1.3669197E+000,-1.5613685E+000,-1.4847684E+000,-1.4038833E+000,-1.5632050E+000,-1.9340301E+000,-2.0014567E+000,-2.1294944E+000,-1.8771188E+000,-2.1309905E+000,-1.6806404E+000,-1.7621874E+000,-1.4306007E+000, 5.9615018E-001, 3.9913854E+000, 5.3385765E+000, 5.0405004E+000, 4.5977082E+000, 4.1669755E+000, 4.1483927E+000, 3.6883943E+000, 3.8460451E+000, 9.9953487E+003, 1.8507951E+000, 5.4721957E+000, 3.2919107E+000
 1.6700153E+002, 1.2717100E+002, 1.3291388E+002, 1.4326026E+002, 1.4682276E+002, 1.3862211E+002, 1.5295743E+002, 1.6109870E+002, 1.7909022E+002, 1.6685461E+002, 1.8264591E+002, 1.7347424E+002, 1.7361198E+002, 1.8175403E+002, 2.1308317E+002, 2.6954969E+002, 2.1899754E+002, 1.6781675E+002, 1.5075672E+002, 1.6541442E+002, 1.6846105E+002, 1.4052853E+002, 1.4015247E+002, 1.3397206E+002,-1.2865681E+000,-1.4418418E+000,-1.5736578E+000,-1.6127546E+000,-1.6174773E+000,-2.0686176E+000,-1.7748420E+000,-2.0125632E+000,-1.5886436E+000,-2.4282614E+000,-1.6855397E+000,-1.8840375E+000,-1.2765590E+000,-2.8790918E+000, 8.4885928E-001, 4.0844270E+000, 4.3393631E+000, 4.4672901E+000, 4.5383093E+000, 4.1451191E+000, 4.0231862E+000, 3.6685465E+000, 3.6529915E+000, 1.0076601E+004, 2.0694150E+000, 5.5746984E+000, 3.7838498E+000
 1.6800397E+002, 1.2707473E+002, 1.3570128E+002, 1.3872419E+002, 1.4223930E+002, 1.4177280E+002, 1.5642457E+002, 1.7222759E+002, 1.6760441E+002, 1.7531880E+002, 1.6908281E+002, 1.7446485E+002, 1.7001096E+002, 2.0249675E+002, 1.8794850E+002, 2.4861644E+002, 1.8002177E+002, 1.8613156E+002, 1.7857407E+002, 1.5881439E+002, 1.4505211E+002, 1.4755936E+002, 1.4095115E+002, 1.3740618E+002,-1.4958327E+000,-1.3497806E+000,-1.4419149E+000,-1.6453189E+000,-1.5461961E+000,-1.8762679E+000,-2.1811117E+000,-1.3631628E+000,-2.2111593E+000,-1.3420202E+000,-1.8606226E+000,-1.5204676E+000,-2.1264271E+000,-2.6647204E+000, 9.6146990E-001, 4.7014205E+000, 4.3041985E+000, 4.5034004E+000, 3.9999626E+000, 3.9599905E+000, 4.1664003E+000, 4.1982337E+000, 3.7133148E+000, 1.0185272E+004, 1.8714263E+000, 5.5961366E+000, 3.6614445E+000
 1.6900253E+002, 1.2828242E+002, 1.3726348E+002, 1.4017769E+002, 1.4231058E+002, 1.5506354E+002, 1.6234539E+002, 1.6371925E+002, 1.6314117E+002, 1.6149594E+002, 1.7157090E+002, 1.6579503E+002, 1.7447604E+002, 1.9586689E+002, 1.7718410E+002, 2.3208592E+002, 1.9274267E+002, 1.5808025E+002, 1.6612759E+002, 1.6895122E+002, 1.6363575E+002, 1.3903564E+002, 1.4066064E+002, 1.3786074E+002,-1.4318124E+000,-1.6151893E+000,-1.5825680E+000,-1.7736767E+000,-2.0988222E+000,-2.2480267E+000,-1.5689823E+000,-1.6672211E+000,-1.5700030E+000,-1.6876618E+000,-1.8320023E+000,-1.5237473E+000,-2.5744023E+000,-1.3513464E+000,-7.4351427E-001, 3.8207775E+000, 5.0856667E+000, 4.6382297E+000, 4.0673560E+000, 3.6250634E+000, 3.7611120E+000, 4.0562413E+000, 3.5792024E+000, 9.8452854E+003, 1.8708360E+000, 5.3245385E+000, 3.2963046E+000
 1.7000197E+002, 1.2675473E+002, 1.3268411E+002, 1.4036944E+002, 1.5177290E+002, 1.5623406E+002, 1.6321302E+002, 1.6135125E+002, 1.6259718E+002, 1.6427185E+002, 1.6814076E+002, 1.7091231E+002, 1.8468314E+002, 1.6559069E+002, 2.2420793E+002, 2.3068341E+002, 1.6670451E+002, 1.8994992E+002, 1.7554183E+002, 1.6344016E+002, 1.6193025E+002, 1.3638578E+002, 1.3857503E+002, 1.3442231E+002,-1.5183450E+000,-1.5578684E+000,-1.7307784E+000,-1.9755423E+000,-1.9933267E+000,-1.6802661E+000,-1.3926550E+000,-1.3726542E+000,-1.2252027E+000,-1.5908400E+000,-1.5421826E+000,-2.0922252E+000,-1.5598156E+000,-4.1574684E+000, 2.5153935E-001, 3.8691538E+000, 4.7869695E+000, 4.7580961E+000, 4.7652553E+000, 4.2352718E+000, 3.5337524E+000, 3.3736822E+000, 3.7022078E+000, 1.0016082E+004, 1.8057463E+000, 5.4197544E+000, 2.8725307E+000
 1.7100009E+002, 1.3129697E+002, 1.3215485E+002, 1.3978014E+002, 1.5203852E+002, 1.5932163E+002, 1.5864813E+002, 1.5935146E+002, 1.5872402E+002, 1.6698542E+002, 1.6337510E+002, 1.7003419E+002, 1.7510812E+002, 2.1009632E+002, 1.9981271E+002, 2.5566166E+002, 1.9725807E+002, 1.3808168E+002, 1.6218385E+002, 1.8193708E+002, 1.5624241E+002, 1.5704521E+002, 1.3339928E+002, 1.3535932E+002,-1.7355295E+000,-1.3913210E+000,-1.7565661E+000,-2.1723422E+000,-1.9450329E+000,-1.6655362E+000,-1.5999125E+000,-1.2760892E+000,-1.7791139E+000,-1.6099333E+000,-2.1628296E+000,-1.8904678E+000,-2.5591065E+000,-3.4096027E+000, 1.5007959E+000, 3.8882729E+000, 4.7601611E+000, 4.0101511E+000, 4.1609348E+000, 4.5274824E+000, 3.9401792E+000, 2.9831184E+000, 3.5757401E+000, 9.9885786E+003, 1.6897701E+000, 5.2025375E+000, 3.4016827E+000
 1.7200160E+002, 1.3257828E+002, 1.3197418E+002, 1.3792705E+002, 1.5492558E+002, 1.5671307E+002, 1.5690162E+002, 1.5740248E+002, 1.6187366E+002, 1.6314343E+002, 1.6527720E+002, 1.7751133E+002, 1.9832169E+002, 1.7973325E+002, 1.6908096E+002, 2.1686768E+002, 2.0934800E+002, 1.8198722E+002, 1.4266068E+002, 1.4957592E+002, 1.6902878E+002, 1.3891728E+002, 1.3913672E+002, 1.3469419E+002,-1.8630034E+000,-1.3934707E+000,-1.6388210E+000,-1.8068679E+000,-1.6604010E+000,-1.4542976E+000,-1.3163181E+000,-1.3972572E+000,-1.5255880E+000,-1.9850948E+000,-1.6021182E+000,-2.1059587E+000,-2.0644470E+000,-2.8488327E+000, 1.5269115E+000, 3.8267118E+000, 4.7807708E+000, 5.0447361E+000, 3.9915748E+000, 3.9175257E+000, 4.3738875E+000, 3.8505380E+000, 3.4174881E+000, 1.0002559E+004, 1.6772505E+000, 5.6049556E+000, 3.3283816E+000
 1.7300072E+002, 1.2899616E+002, 1.3228550E+002, 1.4281097E+002, 1.5408197E+002, 1.5549691E+002, 1.5725794E+002, 1.5645079E+002, 1.6029221E+002, 1.6341238E+002, 1.7324293E+002, 1.8968207E+002, 1.8217770E+002, 1.9238236E+002, 2.2373065E+002, 2.2359441E+002, 2.1904155E+002, 1.5810886E+002, 1.8022882E+002, 1.3641731E+002, 1.4761941E+002, 1.4599928E+002, 1.4260213E+002, 1.3161329E+002,-1.4704380E+000,-1.6278484E+000,-1.9926732E+000,-1.8640189E+000,-1.5425836E+000,-1.6659582E+000,-1.2236641E+000,-1.5977641E+000,-1.7835426E+000,-1.6800526E+000,-2.3612600E+000,-1.7851050E+000,-2.4225092E+000,-3.6969849E+000, 1.3735768E+000, 4.3548668E+000, 4.5589052E+000, 4.7862683E+000, 4.5206057E+000, 3.7342902E+000, 4.0191587E+000, 3.7429615E+000, 3.3215229E+000, 9.7442690E+003, 1.7006017E+000, 5.2372304E+000, 4.1006740E+000
 1.7400448E+002, 1.2556758E+002, 1.3488634E+002, 1.4474634E+002, 1.5369494E+002, 1.5313752E+002, 1.5506464E+002, 1.5785858E+002, 1.6046751E+002, 1.6705128E+002, 1.8052295E+002, 1.8040230E+002, 1.8850802E+002, 2.0063649E+002, 1.9131043E+002, 2.3646927E+002, 2.1692063E+002, 1.8565514E+002, 1.4213454E+002, 1.5388114E+002, 1.4140689E+002, 1.4534256E+002, 1.3446752E+002, 1.4059398E+002,-1.3823316E+000,-1.6926939E+000,-1.6917883E+000,-1.6632577E+000,-1.7501448E+000,-1.3222367E+000,-1.5063771E+000,-1.4946564E+000,-1.7367978E+000,-2.2423957E+000,-1.8267976E+000,-2.2145392E+000,-2.0907192E+000,-8.1567967E-001, 8.4273821E-001, 3.9269660E+000, 4.6643568E+000, 4.4042289E+000, 4.1609704E+000, 4.4840249E+000, 3.4322460E+000, 3.7647964E+000, 3.5936537E+000, 1.0514848E+004, 1.6418328E+000, 5.7057022E+000, 3.3374444E+000
 1.7500386E+002, 1.2437385E+002, 1.3369439E+002, 1.4804718E+002, 1.5070614E+002, 1.5178313E+002, 1.5360247E+002, 1.5777526E+002, 1.6160383E+002, 1.7703424E+002, 1.7609810E+002, 1.8461416E+002, 1.8486915E+002, 1.9313655E+002, 2.1962643E+002, 2.4871896E+002, 2.2518867E+002, 1.9844143E+002, 1.5816422E+002, 1.4537886E+002, 1.4510719E+002, 1.3878201E+002, 1.4193962E+002, 1.3594023E+002,-1.2721718E+000,-1.6778161E+000,-1.8486774E+000,-1.8021459E+000,-1.5380757E+000,-1.4894717E+000,-1.4717061E+000,-1.7473836E+000,-2.0170604E+000,-1.9170724E+000,-2.1512922E+000,-2.0481080E+000,-1.4930882E+000,-2.3902987E+000, 2.1287265E+000, 4.1969196E+000, 4.5999492E+000, 4.2157195E+000, 4.1391170E+000, 3.9146351E+000, 3.0905836E+000, 3.7789459E+000, 3.4608269E+000, 9.6828956E+003, 1.7146292E+000, 5.4805670E+000, 3.8646877E+000
 1.7600010E+002, 1.2556969E+002, 1.3980979E+002, 1.4879818E+002, 1.5190173E+002, 1.5027888E+002, 1.5480960E+002, 1.5825682E+002, 1.6985518E+002, 1.6931331E+002, 1.7868838E+002, 1.7657716E+002, 1.8313135E+002, 1.7370454E+002, 2.0246674E+002, 2.6201502E+002, 2.1564730E+002, 1.9924312E+002, 1.6866277E+002, 1.5584567E+002, 1.4209308E+002, 1.3277516E+002, 1.3985045E+002, 1.3389340E+002,-1.3518451E+000,-1.7490848E+000,-1.7241193E+000,-1.6463941E+000,-1.4357261E+000,-1.5073548E+000,-1.6311679E+000,-1.8164944E+000,-1.6891963E+000,-1.6229111E+000,-1.6301237E+000,-1.8989687E+000,-2.3460681E+000,-2.2211413E+000, 3.0084128E+000, 4.0438145E+000, 4.5433416E+000, 4.3479166E+000, 3.9099485E+000, 3.4151960E+000, 3.2294650E+000, 3.0256890E+000, 3.7123072E+000, 1.0104298E+004, 1.8227392E+000, 5.4707549E+000, 3.4549031E+000
 1.7700219E+002, 1.2415703E+002, 1.3677099E+002, 1.4818928E+002, 1.4796560E+002, 1.4833900E+002, 1.5501259E+002, 1.6007809E+002, 1.6654358E+002, 1.6847679E+002, 1.7008022E+002, 1.7858495E+002, 1.8178965E+002, 2.0323362E+002, 2.0780887E+002, 2.6932678E+002, 2.1927275E+002, 2.0287332E+002, 1.7303418E+002, 1.6736303E+002, 1.6246096E+002, 1.4735524E+002, 1.3209510E+002, 1.3821241E+002,-1.4240954E+000,-1.6899582E+000,-1.5180050E+000,-1.5683298E+000,-1.5358335E+000,-1.4228122E+000,-1.6723561E+000,-1.6806579E+000,-1.6019866E+000,-1.8008239E+000,-1.9380320E+000,-2.0651076E+000,-2.0351075E+000,-1.7521287E+000, 2.2579952E+000, 5.0329837E+000, 4.8255413E+000, 4.1253769E+000, 4.2163633E+000, 3.3994276E+000, 3.5865762E+000, 2.7979974E+000, 3.4818399E+000, 9.6936277E+003, 1.8265736E+000, 5.3575826E+000, 4.4309942E+000
 1.7800349E+002, 1.2599928E+002, 1.4092826E+002, 1.4287730E+002, 1.4707089E+002, 1.5159857E+002, 1.5549212E+002, 1.6510028E+002, 1.6117747E+002, 1.7376029E+002, 1.7260092E+002, 1.8120794E+002, 1.7920205E+002, 2.0376895E+002, 1.9971378E+002, 2.3557908E+002, 2.0049640E+002, 1.7603653E+002, 2.0296159E+002, 1.4624084E+002, 1.5379949E+002, 1.3760481E+002, 1.3850200E+002, 1.3134951E+002,-1.4889102E+000,-1.7255802E+000,-1.4081469E+000,-1.4117411E+000,-1.5258122E+000,-1.6402427E+000,-1.9274775E+000,-1.5953522E+000,-1.7872468E+000,-1.3288880E+000,-1.7531395E+000,-1.9739873E+000,-2.2043105E+000,-2.5767963E+000, 3.4199755E-001, 3.8968065E+000, 5.2873255E+000, 5.3055176E+000, 4.2002608E+000, 3.9556510E+000, 3.1970889E+000, 3.9832134E+000, 2.8798225E+000, 1.0271465E+004, 1.7155721E+000, 5.7734691E+000, 3.4138776E+000
 1.7900093E+002, 1.2837362E+002, 1.4101758E+002, 1.4126544E+002, 1.4478356E+002, 1.5001737E+002, 1.5725447E+002, 1.6078971E+002, 1.6537336E+002, 1.6241960E+002, 1.7600921E+002, 1.7531868E+002, 1.8235885E+002, 1.8532145E+002, 1.9793553E+002, 1.7873011E+002, 1.7782561E+002, 1.7705506E+002, 1.3265111E+002, 1.8129388E+002, 1.6140795E+002, 1.5601197E+002, 1.3843566E+002, 1.3203308E+002,-1.6735334E+000,-1.6486335E+000,-1.4281888E+000,-1.6245822E+000,-1.4775469E+000,-1.8395204E+000,-1.4990322E+000,-1.7942603E+000,-1.4018086E+000,-1.8753610E+000,-1.9151148E+000,-1.8317293E+000,-1.6109956E+000,-2.2907358E+000,-9.2608876E-001, 3.4251011E+000, 4.5219798E+000, 4.7128803E+000, 4.7079296E+000, 3.6342678E+000, 3.6628880E+000, 3.4838955E+000, 3.1740282E+000, 9.8021896E+003, 1.7391313E+000, 5.1388283E+000, 3.2750983E+000
 1.8000478E+002, 1.3179871E+002, 1.3899123E+002, 1.4197042E+002, 1.4929362E+002, 1.5359810E+002, 1.5836590E+002, 1.5795680E+002, 1.6696290E+002, 1.6635291E+002, 1.7492292E+002, 1.7507472E+002, 1.9291152E+002, 1.8207210E+002, 2.2603956E+002, 2.1165744E+002, 1.8964364E+002, 1.4624718E+002, 1.5188207E+002, 1.2779141E+002, 1.5484670E+002, 1.5086011E+002, 1.4541917E+002, 1.3683536E+002,-1.5496998E+000,-1.5012328E+000,-1.4514720E+000,-1.4547315E+000,-1.8391780E+000,-1.6005105E+000,-1.7417518E+000,-1.6099320E+000,-1.6620008E+000,-1.9436443E+000,-1.7938751E+000,-1.7348195E+000,-1.4092702E+000,-3.2865370E+000, 4.8199015E-001, 3.9897830E+000, 4.1290567E+000, 4.1536490E+000, 4.1536372E+000, 3.8211274E+000, 2.5223910E+000, 3.6716776E+000, 3.5053547E+000, 1.0119521E+004, 1.7206455E+000, 5.7080428E+000, 3.0616082E+000
 1.8100417E+002, 1.3320375E+002, 1.3981137E+002, 1.4180899E+002, 1.4731075E+002, 1.5345420E+002, 1.5629644E+002, 1.6076210E+002, 1.6069073E+002, 1.6695638E+002, 1.7003040E+002, 1.7358525E+002, 1.8196691E+002, 1.8082604E+002, 2.0166749E+002, 2.6101688E+002, 2.0350283E+002, 1.4712903E+002, 1.3786007E+002, 1.3583122E+002, 1.3133284E+002, 1.4792686E+002, 1.4182677E+002, 1.3495079E+002,-1.6565416E+000,-1.4150702E+000,-1.3299655E+000,-1.6175233E+000,-1.6457573E+000,-1.4140599E+000,-1.6478388E+000,-1.3052492E+000,-1.5126911E+000,-1.7989776E+000,-1.3909048E+000,-1.3998710E+000,-1.4244043E+000,-2.8039272E+000, 1.0214853E+000, 4.2746198E+000, 4.8176658E+000, 4.4207668E+000, 4.1255991E+000, 3.5382966E+000, 2.6157334E+000, 3.1311590E+000, 3.5364901E+000, 9.9374982E+003, 1.6982164E+000, 5.1600525E+000, 3.4919629E+000
 1.8200091E+002, 1.3386085E+002, 1.3553736E+002, 1.3870946E+002, 1.5055833E+002, 1.5466877E+002, 1.5721014E+002, 1.6012705E+002, 1.6297829E+002, 1.6906069E+002, 1.7026337E+002, 1.7392859E+002, 1.8219782E+002, 1.9476562E+002, 2.6647459E+002, 2.5247474E+002, 2.2850386E+002, 1.9590111E+002, 1.3999156E+002, 1.4566701E+002, 1.3457659E+002, 1.4129794E+002, 1.3779079E+002, 1.3895643E+002,-1.6514808E+000,-1.5333157E+000,-1.4932985E+000,-1.6209625E+000,-1.6089453E+000,-1.8095092E+000,-1.4853736E+000,-1.6412279E+000,-1.5911623E+000,-1.5389510E+000,-1.5373716E+000,-1.3466369E+000,-1.9927154E+000,-2.8667341E+000, 2.3664431E+000, 4.3167920E+000, 5.0646072E+000, 5.0530899E+000, 4.2743994E+000, 3.4126042E+000, 3.1035462E+000, 2.6380577E+000, 3.2974531E+000, 1.0165971E+004, 1.7376884E+000, 5.5122765E+000, 4.2592779E+000
 1.8300410E+002, 1.3384201E+002, 1.3463373E+002, 1.4130786E+002, 1.5162979E+002, 1.5289069E+002, 1.5753349E+002, 1.5878141E+002, 1.6541959E+002, 1.6947757E+002, 1.6826018E+002, 1.7407809E+002, 1.8185262E+002, 1.9689028E+002, 2.2674427E+002, 2.3546834E+002, 1.9317515E+002, 1.5679411E+002, 1.9557053E+002, 1.3639870E+002, 1.4042104E+002, 1.3316261E+002, 1.4153903E+002, 1.3713586E+002,-1.5510407E+000,-1.3546804E+000,-1.5499489E+000,-1.5693350E+000,-1.6048101E+000,-1.3633148E+000,-1.5773773E+000,-1.5531086E+000,-1.5133168E+000,-1.5065375E+000,-1.1784450E+000,-1.6796598E+000,-2.9134593E+000,-2.3935240E+000, 7.0200722E-001, 2.6282944E+000, 4.9630787E+000, 4.9025170E+000, 4.9593930E+000, 4.1028169E+000, 2.8171471E+000, 3.5658432E+000, 2.8213606E+000, 9.6864650E+003, 1.7606568E+000, 5.0730107E+000, 2.8210254E+000
 1.8400038E+002, 1.3042152E+002, 1.3318613E+002, 1.3898498E+002, 1.5099649E+002, 1.5584756E+002, 1.5352636E+002, 1.6116570E+002, 1.6659464E+002, 1.6959079E+002, 1.6932136E+002, 1.8014343E+002, 1.8505522E+002, 2.3853413E+002, 2.4502826E+002, 2.0846968E+002, 2.2520952E+002, 1.7898558E+002, 1.4961601E+002, 1.6815855E+002, 1.3801151E+002, 1.3924730E+002, 1.3101203E+002, 1.3702489E+002,-1.5443797E+000,-1.5068950E+000,-1.4530801E+000,-1.6384412E+000,-1.8261704E+000,-1.5963578E+000,-1.6777154E+000,-1.5847877E+000,-1.6419599E+000,-1.4571379E+000,-1.9997805E+000,-2.0820349E+000,-2.7543637E+000,-3.3615822E+000, 1.8312225E+000, 3.9888807E+000, 4.0696884E+000, 3.7535146E+000, 3.7859166E+000, 4.3069712E+000, 3.2352964E+000, 2.8894054E+000, 3.0196718E+000, 1.0019083E+004, 1.7635753E+000, 5.7036318E+000, 3.3653081E+000
 1.8500488E+002, 1.2912518E+002, 1.3251144E+002, 1.4319446E+002, 1.4800681E+002, 1.5193278E+002, 1.5607307E+002, 1.6374035E+002, 1.6676236E+002, 1.6492556E+002, 1.6582505E+002, 1.9055507E+002, 2.1633711E+002, 2.3378206E+002, 2.2470440E+002, 2.6161961E+002, 1.9790864E+002, 1.7624389E+002, 1.7263018E+002, 1.5444187E+002, 1.4612636E+002, 1.4256279E+002, 1.3177630E+002, 1.3744921E+002,-1.5002982E+000,-1.2422399E+000,-1.5355112E+000,-1.5834617E+000,-1.5807007E+000,-1.5502880E+000,-1.3685991E+000,-1.5604145E+000,-1.5946012E+000,-1.2301633E+000,-1.8499723E+000,-2.4701184E+000,-2.8583055E+000,-2.4576871E+000, 2.0111819E+000, 3.7572367E+000, 4.4059999E+000, 4.8887912E+000, 3.8136375E+000, 3.6161388E+000, 3.5560381E+000, 3.5503254E+000, 3.2925669E+000, 1.0160051E+004, 1.7175869E+000, 5.6384840E+000, 3.3718962E+000
 1.8600536E+002, 1.2418617E+002, 1.2967649E+002, 1.4555691E+002, 1.5365600E+002, 1.5071492E+002, 1.5818697E+002, 1.6213528E+002, 1.6533717E+002, 1.6374575E+002, 1.7630714E+002, 1.8699090E+002, 1.9658467E+002, 2.1943134E+002, 2.2622593E+002, 2.3865708E+002, 2.2011997E+002, 1.7343762E+002, 1.6505099E+002, 1.5205408E+002, 1.5686944E+002, 1.3466705E+002, 1.4158733E+002, 1.3258711E+002,-1.5080758E+000,-1.5461568E+000,-1.6889793E+000,-1.9424685E+000,-1.7511928E+000,-1.8906380E+000,-1.5601939E+000,-1.6673557E+000,-1.5310354E+000,-1.9622596E+000,-2.2761475E+000,-2.4179045E+000,-2.0839757E+000,-4.3513074E+000, 1.8691744E+000, 4.3204090E+000, 4.7693042E+000, 4.0851047E+000, 4.3214525E+000, 3.5675035E+000, 2.9428403E+000, 3.3004069E+000, 2.7535341E+000, 9.9008872E+003, 1.7304995E+000, 5.5432981E+000, 3.9965655E+000
 1.8700580E+002, 1.2681914E+002, 1.3605763E+002, 1.4403356E+002, 1.4971595E+002, 1.5403301E+002, 1.5734004E+002, 1.6105078E+002, 1.6171816E+002, 1.6501533E+002, 1.8086178E+002, 1.7893213E+002, 1.9505034E+002, 2.1326211E+002, 2.0726941E+002, 2.9221146E+002, 2.0770662E+002, 1.4606059E+002, 1.6356457E+002, 1.6903703E+002, 1.3627314E+002, 1.3708213E+002, 1.3611817E+002, 1.3582702E+002,-1.4141785E+000,-1.4647135E+000,-1.4727702E+000,-1.5229001E+000,-1.8009777E+000,-1.5803201E+000,-1.5216964E+000,-1.4824774E+000,-1.4159527E+000,-1.9670298E+000,-1.5419306E+000,-2.2655343E+000,-3.4170032E+000,-2.4368611E+000, 3.0164916E+000, 4.3295601E+000, 5.1542345E+000, 4.9871565E+000, 3.8856245E+000, 4.0608734E+000, 3.3829358E+000, 3.8538137E+000, 3.2319258E+000, 9.7515946E+003, 1.6641583E+000, 5.4954863E+000, 3.5393327E+000
 1.8800390E+002, 1.2746092E+002, 1.3665921E+002, 1.4778275E+002, 1.4910761E+002, 1.5289250E+002, 1.5546936E+002, 1.6024285E+002, 1.5921605E+002, 1.7725496E+002, 1.8506370E+002, 1.8458868E+002, 2.0099247E+002, 1.9234179E+002, 2.1643488E+002, 2.4120967E+002, 2.1027589E+002, 1.7822451E+002, 1.3332484E+002, 1.5559381E+002, 1.6990420E+002, 1.3296993E+002, 1.2763771E+002, 1.3590424E+002,-1.4273034E+000,-1.6960422E+000,-1.8907282E+000,-1.7697069E+000,-1.6083817E+000,-1.7162653E+000,-1.7305326E+000,-1.6405204E+000,-1.9601446E+000,-2.0327397E+000,-2.2531301E+000,-2.6009546E+000,-2.6810507E+000,-2.9825409E+000, 8.4348521E-001, 4.6394677E+000, 4.5518084E+000, 4.5517194E+000, 4.4540580E+000, 3.7490213E+000, 3.3586537E+000, 2.7091888E+000, 2.9862993E+000, 1.0346909E+004, 1.6705751E+000, 5.7188397E+000, 4.1002155E+000
 1.8900029E+002, 1.2814458E+002, 1.3912080E+002, 1.4621467E+002, 1.5193926E+002, 1.5112652E+002, 1.5684072E+002, 1.5636112E+002, 1.6385647E+002, 1.8314836E+002, 1.6855980E+002, 1.9479365E+002, 1.8949964E+002, 1.9012456E+002, 2.4259917E+002, 2.9383228E+002, 1.9320888E+002, 1.5641560E+002, 1.6606786E+002, 1.5273661E+002, 1.4361990E+002, 1.4318134E+002, 1.3134949E+002, 1.3141242E+002,-1.0884655E+000,-1.5451084E+000,-1.8281412E+000,-1.6320391E+000,-1.4258096E+000,-1.5142636E+000,-1.4887454E+000,-1.7018222E+000,-2.3283046E+000,-1.5921402E+000,-2.0243222E+000,-1.6968681E+000,-1.6185831E+000,-3.6157316E+000, 1.5754878E+000, 3.3099449E+000, 4.8578048E+000, 4.7848136E+000, 3.6690816E+000, 3.9689281E+000, 3.3224915E+000, 3.4715184E+000, 3.0194930E+000, 9.8418772E+003, 1.7751748E+000, 4.9957465E+000, 3.2637788E+000
 1.9000293E+002, 1.2860169E+002, 1.4107776E+002, 1.4421749E+002, 1.5162453E+002, 1.5009703E+002, 1.5683194E+002, 1.5695412E+002, 1.7595706E+002, 1.7270505E+002, 1.7729515E+002, 1.9264973E+002, 1.9288748E+002, 1.9279523E+002, 2.1026529E+002, 2.4085806E+002, 1.9222159E+002, 2.0288312E+002, 1.5235699E+002, 1.4951158E+002, 1.6491088E+002, 1.4567285E+002, 1.3471550E+002, 1.2744281E+002,-1.1490923E+000,-1.8886114E+000,-1.5710327E+000,-1.6379263E+000,-1.7264202E+000,-1.6080351E+000,-1.8457085E+000,-2.2191024E+000,-1.8430100E+000,-2.1326009E+000,-2.0401825E+000,-1.5635205E+000,-1.6377387E+000,-2.1592659E+000, 1.8280059E+000, 4.8880188E+000, 4.2908454E+000, 4.3048721E+000, 3.4022687E+000, 3.3791065E+000, 3.6138303E+000, 3.2075277E+000, 2.6621798E+000, 9.9515053E+003, 1.9556871E+000, 5.5073664E+000, 4.2869522E+000
 1.9100409E+002, 1.2877757E+002, 1.3856830E+002, 1.4341179E+002, 1.4846370E+002, 1.5006551E+002, 1.5467372E+002, 1.7084540E+002, 1.6749322E+002, 1.7724989E+002, 1.8661409E+002, 1.9698747E+002, 1.9286734E+002, 1.8975893E+002, 1.9264839E+002, 2.3707194E+002, 1.8560040E+002, 1.4023988E+002, 1.9624352E+002, 1.8300805E+002, 1.4953054E+002, 1.3074202E+002, 1.3681975E+002, 1.2975199E+002,-1.2083319E+000,-1.6322380E+000,-1.3861046E+000,-1.5054846E+000,-1.6472031E+000,-1.6525010E+000,-2.1623166E+000,-1.7221940E+000,-2.0541662E+000,-1.9799831E+000,-1.8780387E+000,-1.1229402E+000,-1.2873835E+000,-2.5615976E+000, 7.8979560E-001, 3.8422915E+000, 5.0323168E+000, 5.0476140E+000, 4.3550120E+000, 3.1641567E+000, 2.8864991E+000, 3.5567786E+000, 3.1500218E+000, 9.8971584E+003, 1.7915609E+000, 5.0161733E+000, 3.4985399E+000
 1.9200046E+002, 1.3162142E+002, 1.3993355E+002, 1.4481970E+002, 1.4797031E+002, 1.5299573E+002, 1.6276482E+002, 1.6350485E+002, 1.7560951E+002, 1.8031542E+002, 1.9154255E+002, 1.8585951E+002, 1.9042211E+002, 1.7497755E+002, 2.1312163E+002, 2.0884725E+002, 2.3753965E+002, 2.0975355E+002, 1.4754825E+002, 1.6776673E+002, 1.8926422E+002, 1.4465478E+002, 1.3965003E+002, 1.2986516E+002,-1.2772675E+000,-1.5988384E+000,-1.5646174E+000,-1.5334572E+000,-1.6192229E+000,-2.1764777E+000,-1.8483804E+000,-1.9805922E+000,-2.0885178E+000,-2.0905547E+000,-1.2891689E+000,-1.1225481E+000,-1.4415431E+000,-2.7266056E+000, 5.3986702E-001, 5.2315400E+000, 5.5936996E+000, 4.4953800E+000, 4.5991200E+000, 3.9297095E+000, 3.0056240E+000, 3.0320676E+000, 3.3488313E+000, 1.0250408E+004, 1.8663880E+000, 5.3552489E+000, 4.5071578E+000
 1.9300267E+002, 1.3072893E+002, 1.3706414E+002, 1.4504142E+002, 1.4761086E+002, 1.5524126E+002, 1.6061185E+002, 1.6697699E+002, 1.7580557E+002, 1.8311649E+002, 1.8209061E+002, 1.8260569E+002, 1.9076535E+002, 2.0700735E+002, 2.0975952E+002, 2.9468522E+002, 2.1355468E+002, 1.6612983E+002, 1.6998117E+002, 1.8209751E+002, 1.3607520E+002, 1.3808544E+002, 1.3234745E+002, 1.3941380E+002,-1.4692303E+000,-1.4900701E+000,-1.5079209E+000,-1.5860423E+000,-2.0212746E+000,-1.8186825E+000,-2.0534011E+000,-2.2301929E+000,-2.0687002E+000,-1.6426655E+000,-1.7838753E+000,-1.3291013E+000,-3.0763402E+000,-2.9009731E+000, 1.6689008E+000, 4.1382087E+000, 5.3724751E+000, 5.3705470E+000, 4.1352276E+000, 3.4606207E+000, 2.2664621E+000, 2.9283869E+000, 3.2074702E+000, 9.4789514E+003, 1.8910238E+000, 4.6748285E+000, 3.7198199E+000
 1.9400504E+002, 1.3577921E+002, 1.3595291E+002, 1.4200785E+002, 1.4944636E+002, 1.6127520E+002, 1.6185528E+002, 1.7223441E+002, 1.7876731E+002, 1.7963023E+002, 1.8159687E+002, 1.8117955E+002, 2.0279851E+002, 2.0937213E+002, 2.2479669E+002, 2.3882128E+002, 2.3314009E+002, 1.8429525E+002, 1.5233774E+002, 1.5621819E+002, 1.6081387E+002, 1.4415959E+002, 1.3481967E+002, 1.3243021E+002,-1.6376667E+000,-1.2668596E+000,-1.3953186E+000,-1.6689956E+000,-1.8617287E+000,-2.0277745E+000,-2.0657779E+000,-1.9994718E+000,-1.9767572E+000,-1.4671243E+000,-1.6315150E+000,-2.3633410E+000,-1.7360922E+000,-3.2509833E+000, 1.1043979E+000, 4.3459267E+000, 5.7312597E+000, 5.1949112E+000, 4.5794172E+000, 3.9933173E+000, 3.4164534E+000, 2.9090619E+000, 3.1158860E+000, 1.0188733E+004, 1.8928854E+000, 5.4483373E+000, 5.0339635E+000
 1.9500120E+002, 1.3612448E+002, 1.3431579E+002, 1.4167150E+002, 1.5692295E+002, 1.5698136E+002, 1.6776238E+002, 1.7418290E+002, 1.7515138E+002, 1.7810802E+002, 1.7541514E+002, 1.9054741E+002, 1.8769824E+002, 2.0361934E+002, 1.8219001E+002, 2.8858893E+002, 2.0550832E+002, 1.6060106E+002, 1.6199332E+002, 1.6852065E+002, 1.6276903E+002, 1.4714315E+002, 1.3218397E+002, 1.3373429E+002,-1.4398209E+000,-1.3902031E+000,-1.3413139E+000,-2.0139851E+000,-1.8742613E+000,-2.1785730E+000,-2.1037711E+000,-2.0727280E+000,-1.7592796E+000,-1.6633740E+000,-2.1993876E+000,-2.0032760E+000,-1.7896913E+000,-1.0148593E+000,-2.5641679E-001, 3.3736708E+000, 4.6836452E+000, 4.6477624E+000, 4.4887424E+000, 4.2743160E+000, 4.0925928E+000, 2.9422160E+000, 2.9086701E+000, 1.0512783E+004, 1.8848007E+000, 5.2440994E+000, 3.3908241E+000
 1.9600543E+002, 1.3246751E+002, 1.3677592E+002, 1.4420556E+002, 1.5333764E+002, 1.6272594E+002, 1.6838410E+002, 1.7194388E+002, 1.7452666E+002, 1.7358184E+002, 1.7874727E+002, 1.8629164E+002, 1.7413088E+002, 2.0976941E+002, 2.2683095E+002, 2.2592103E+002, 2.4216340E+002, 2.2730081E+002, 1.5713584E+002, 1.4404432E+002, 1.6449470E+002, 1.4523292E+002, 1.4769896E+002, 1.3126492E+002,-1.2154670E+000,-1.3986611E+000,-1.6417057E+000,-1.7069241E+000,-2.0108258E+000,-1.9608703E+000,-1.8223782E+000,-1.6899722E+000,-1.5067048E+000,-1.9320912E+000,-1.7344778E+000,-1.4647788E+000,-2.4075899E+000,-3.4380807E+000,-6.0852710E-001, 4.7507123E+000, 5.3917185E+000, 4.2776228E+000, 2.8561981E+000, 3.4470655E+000, 4.2112140E+000, 4.0349511E+000, 2.9487919E+000, 9.8437767E+003, 1.8888534E+000, 5.3046928E+000, 4.5805228E+000
 1.9700469E+002, 1.2740745E+002, 1.3743461E+002, 1.4624763E+002, 1.5501116E+002, 1.6493950E+002, 1.6842714E+002, 1.7134920E+002, 1.7210933E+002, 1.6941287E+002, 1.8337879E+002, 1.7358174E+002, 1.9062134E+002, 1.8514220E+002, 2.2219116E+002, 2.5898610E+002, 2.0860967E+002, 1.9340086E+002, 2.0739404E+002, 1.6652540E+002, 1.3496170E+002, 1.6613206E+002, 1.4509895E+002, 1.3577723E+002,-1.1817699E+000,-1.4615530E+000,-1.8400263E+000,-1.8889041E+000,-1.9696668E+000,-1.9411513E+000,-1.9086327E+000,-1.6565087E+000,-1.8053452E+000,-1.8181604E+000,-1.6318216E+000,-2.0241236E+000,-2.8389597E+000,-3.0966293E+000, 9.2586648E-001, 3.2744901E+000, 5.4511367E+000, 5.5109098E+000, 4.5305501E+000, 2.8585751E+000, 3.7609822E+000, 4.0518637E+000, 3.1421412E+000, 9.8960694E+003, 1.8427694E+000, 5.4149593E+000, 3.4845366E+000
 1.9800148E+002, 1.3026485E+002, 1.3859821E+002, 1.5113898E+002, 1.6018807E+002, 1.6298846E+002, 1.6777293E+002, 1.7012213E+002, 1.6855381E+002, 1.7397920E+002, 1.7664202E+002, 1.6961911E+002, 1.9278512E+002, 1.9941611E+002, 2.0334184E+002, 2.3829849E+002, 2.1801228E+002, 1.9734727E+002, 1.4945925E+002, 1.3882642E+002, 1.5749953E+002, 1.4200206E+002, 1.4677915E+002, 1.4209181E+002,-1.2620088E+000,-1.4630727E+000,-1.8394563E+000,-1.9325581E+000,-1.7390909E+000,-1.7711031E+000,-1.7586287E+000,-1.5766801E+000,-1.8222296E+000,-1.7906647E+000,-1.1040000E+000,-2.5364807E+000,-1.0040451E+000,-2.6158232E+000, 1.3038512E+000, 4.7794969E+000, 4.5628492E+000, 4.4460593E+000, 4.6986561E+000, 4.2187027E+000, 2.5081740E+000, 4.0484559E+000, 3.5132550E+000, 1.0256136E+004, 1.8089978E+000, 5.5818704E+000, 3.7127650E+000
 1.9900328E+002, 1.2809845E+002, 1.3832514E+002, 1.4716108E+002, 1.5829032E+002, 1.6376672E+002, 1.6733195E+002, 1.6823781E+002, 1.6754456E+002, 1.7792432E+002, 1.7187704E+002, 1.8461625E+002, 1.6754129E+002, 1.8264423E+002, 1.9860075E+002, 2.5675630E+002, 2.2440637E+002, 1.6384310E+002, 1.6896999E+002, 1.5823101E+002, 1.2802831E+002, 1.3816043E+002, 1.4159446E+002, 1.4300618E+002,-1.2562213E+000,-1.3660745E+000,-1.8296670E+000,-1.8455463E+000,-1.6821358E+000,-1.9190354E+000,-1.7421881E+000,-1.8137359E+000,-2.1262347E+000,-1.7769601E+000,-1.8807946E+000,-1.2700397E+000,-1.3953195E+000,-2.1929931E+000, 1.3962083E-001, 4.6887438E+000, 5.9957832E+000, 5.2653049E+000, 4.2032645E+000, 3.8621787E+000, 2.3648901E+000, 3.2879610E+000, 3.8530280E+000, 9.9070888E+003, 1.8332042E+000, 5.3363154E+000, 4.2926248E+000
 2.0000026E+002, 1.2992589E+002, 1.3843858E+002, 1.4952849E+002, 1.5773499E+002, 1.6268252E+002, 1.6534089E+002, 1.6634090E+002, 1.7304763E+002, 1.6644689E+002, 1.7709019E+002, 1.6468449E+002, 1.7658899E+002, 1.9964188E+002, 2.2823775E+002, 2.6181123E+002, 1.9968236E+002, 1.8332636E+002, 1.5203640E+002, 1.4679462E+002, 1.5978209E+002, 1.4587852E+002, 1.3960305E+002, 1.4018777E+002,-1.3002089E+000,-1.4766423E+000,-1.7819921E+000,-1.8073513E+000,-1.8074825E+000,-1.7908058E+000,-1.7831045E+000,-1.8749310E+000,-1.6842807E+000,-1.9009115E+000,-1.2432359E+000,-1.8276357E+000,-2.1257219E+000,-3.4964167E+000, 5.5365611E-001, 4.4748545E+000, 5.1065918E+000, 5.4185957E+000, 5.0214595E+000, 4.3155548E+000, 3.7848042E+000, 2.7447893E+000, 3.2803720E+000, 9.7845739E+003, 1.8585335E+000, 5.4592315E+000, 3.7802926E+000
 2.0100275E+002, 1.3231593E+002, 1.4481425E+002, 1.5203876E+002, 1.5872883E+002, 1.6337506E+002, 1.6538664E+002, 1.6802789E+002, 1.6563336E+002, 1.7206133E+002, 1.7661080E+002, 1.8831601E+002, 1.8111548E+002, 2.0611116E+002, 2.4305717E+002, 3.0454638E+002, 1.9641924E+002, 1.5872655E+002, 1.7541919E+002, 1.4693883E+002, 1.5265224E+002, 1.3987518E+002, 1.3715413E+002, 1.3574159E+002,-1.2573543E+000,-1.8090660E+000,-1.6656843E+000,-1.7865879E+000,-1.9579370E+000,-1.8605454E+000,-1.9365369E+000,-1.7850750E+000,-1.9665255E+000,-1.9077040E+000,-1.8082918E+000,-1.6460617E+000,-2.5026125E+000,-1.8456256E+000, 1.6953072E+000, 4.6022434E+000, 4.6241842E+000, 4.5040383E+000, 4.4144066E+000, 4.4449785E+000, 3.9092195E+000, 3.5670681E+000, 2.6804089E+000, 1.0498051E+004, 1.8513924E+000, 5.2181670E+000, 3.4657559E+000
 2.0200128E+002, 1.3192954E+002, 1.4325934E+002, 1.5114407E+002, 1.5975550E+002, 1.6103642E+002, 1.6618047E+002, 1.6575020E+002, 1.6187198E+002, 1.7587237E+002, 1.7494493E+002, 1.8244771E+002, 1.9791934E+002, 1.8132371E+002, 1.9094258E+002, 2.1512584E+002, 2.3484481E+002, 1.7850730E+002, 1.5424254E+002, 1.5453430E+002, 1.5340127E+002, 1.6021287E+002, 1.3134804E+002, 1.3231910E+002,-1.2385589E+000,-1.4260048E+000,-1.6848585E+000,-1.9621583E+000,-1.6993361E+000,-2.1823891E+000,-1.9045101E+000,-1.7794175E+000,-2.0211640E+000,-1.7087777E+000,-1.8641942E+000,-1.5855325E+000,-8.7745879E-001,-1.2042232E+000, 1.3602597E+000, 4.4166365E+000, 5.3640505E+000, 4.3786708E+000, 3.4469471E+000, 3.5763469E+000, 4.4251577E+000, 3.4340247E+000, 2.3035204E+000, 9.8592186E+003, 1.7051838E+000, 5.6202210E+000, 4.2274499E+000
 2.0300497E+002, 1.3118298E+002, 1.4579020E+002, 1.5131893E+002, 1.5764004E+002, 1.6180396E+002, 1.6535717E+002, 1.6027449E+002, 1.7063236E+002, 1.7610472E+002, 1.8251685E+002, 1.8174503E+002, 1.8139097E+002, 1.7674291E+002, 2.1155400E+002, 2.0319669E+002, 1.9311528E+002, 1.7231164E+002, 1.7917745E+002, 1.7575756E+002, 1.5413564E+002, 1.5582839E+002, 1.5228461E+002, 1.3495016E+002,-1.2363283E+000,-1.6011771E+000,-1.6206705E+000,-1.8186898E+000,-2.0237849E+000,-1.9885107E+000,-1.7644916E+000,-1.9293463E+000,-1.7846104E+000,-1.5013630E+000,-1.8949168E+000,-9.0223573E-001,-8.6965044E-001,-3.1120352E+000, 1.3073391E+000, 2.7317299E+000, 4.4195165E+000, 5.5316540E+000, 4.5200174E+000, 3.0725905E+000, 3.9171039E+000, 4.4475137E+000, 3.2691749E+000, 9.9406913E+003, 1.8301936E+000, 5.1372364E+000, 2.7971899E+000
 2.0400540E+002, 1.3598698E+002, 1.4473530E+002, 1.5150234E+002, 1.5622334E+002, 1.6171229E+002, 1.6184119E+002, 1.6409179E+002, 1.7566789E+002, 1.7639867E+002, 1.7902563E+002, 1.7863470E+002, 1.6850661E+002, 2.0939343E+002, 2.1995287E+002, 2.4546554E+002, 1.9358785E+002, 1.7978379E+002, 1.5466836E+002, 1.6853029E+002, 1.7691727E+002, 1.4765091E+002, 1.5096291E+002, 1.4490628E+002,-1.5749524E+000,-1.5426581E+000,-1.8636530E+000,-1.9083905E+000,-2.0136017E+000,-1.8488286E+000,-1.9417487E+000,-2.0055133E+000,-1.6642464E+000,-1.9138388E+000,-1.6646254E+000,-1.0108798E+000,-1.9939660E+000,-3.6898348E+000, 2.4821106E+000, 4.0638563E+000, 3.9129341E+000, 3.6620674E+000, 4.5167671E+000, 4.2717705E+000, 3.4182852E+000, 4.3823470E+000, 3.7889256E+000, 9.9490362E+003, 1.8317623E+000, 5.1813921E+000, 3.7830351E+000
 2.0500095E+002, 1.3865944E+002, 1.4050546E+002, 1.5093661E+002, 1.5963141E+002, 1.5836861E+002, 1.5796671E+002, 1.7319540E+002, 1.7210834E+002, 1.7451345E+002, 1.7654343E+002, 1.7577670E+002, 1.9666337E+002, 2.0621541E+002, 1.7752087E+002, 2.1875054E+002, 2.0439323E+002, 1.7681452E+002, 1.7745490E+002, 1.4885661E+002, 1.5904293E+002, 1.5705519E+002, 1.4562155E+002, 1.4801203E+002,-1.3796824E+000,-1.5491458E+000,-1.5573579E+000,-1.9843001E+000,-1.8480603E+000,-1.8796533E+000,-2.0222938E+000,-1.7893719E+000,-1.6847651E+000,-1.7910070E+000,-1.5062605E+000,-2.2502459E+000,-2.4649650E+000,-1.6321981E+000, 1.6875094E+000, 4.2313176E+000, 4.9350857E+000, 4.8215108E+000, 3.0439444E+000, 3.7851216E+000, 3.5323707E+000, 3.6857629E+000, 4.0724828E+000, 1.0218026E+004, 1.8722734E+000, 5.2147605E+000, 3.8043061E+000
 2.0600204E+002, 1.3668413E+002, 1.4645707E+002, 1.4988961E+002, 1.5486416E+002, 1.5453481E+002, 1.6910998E+002, 1.6861442E+002, 1.7280958E+002, 1.7768354E+002, 1.7693925E+002, 1.8930137E+002, 1.9526936E+002, 1.7730005E+002, 2.2821098E+002, 2.3670537E+002, 2.2914834E+002, 1.9099798E+002, 1.4613567E+002, 1.5973901E+002, 1.5968435E+002, 1.5375240E+002, 1.4358704E+002, 1.4171810E+002,-1.2856853E+000,-1.5128403E+000,-1.6166101E+000,-2.0028916E+000,-1.7437106E+000,-2.1092147E+000,-1.9132171E+000,-1.8219599E+000,-1.9413795E+000,-1.5092525E+000,-2.1535334E+000,-2.0176964E+000,-1.2568667E+000,-2.5596146E+000, 8.4064457E-001, 3.7523141E+000, 4.5575719E+000, 4.2677369E+000, 4.6085410E+000, 3.1045611E+000, 3.5970043E+000, 3.6395849E+000, 3.4921338E+000, 9.9029025E+003, 1.9007961E+000, 5.5917142E+000, 4.0009817E+000
 2.0700415E+002, 1.3831553E+002, 1.4498340E+002, 1.5435497E+002, 1.5175143E+002, 1.6133893E+002, 1.6349460E+002, 1.6989557E+002, 1.7278920E+002, 1.7063253E+002, 1.8013727E+002, 1.9599203E+002, 1.8394661E+002, 1.7626794E+002, 1.9435017E+002, 2.3544226E+002, 1.9997220E+002, 1.8348476E+002, 1.6585065E+002, 1.5519595E+002, 1.5215903E+002, 1.4751191E+002, 1.4889600E+002, 1.4102744E+002,-1.3823435E+000,-1.6915347E+000,-1.7781024E+000,-1.5917584E+000,-2.1350874E+000,-1.9668606E+000,-1.6951501E+000,-2.0090997E+000,-1.5152658E+000,-1.4826986E+000,-2.3180606E+000,-1.4824108E+000,-1.8053058E+000,-3.3694903E+000, 1.8057990E-001, 3.8112078E+000, 4.5635702E+000, 3.9800392E+000, 4.1364368E+000, 4.4396558E+000, 2.7254023E+000, 4.0028213E+000, 3.3798067E+000, 9.9496379E+003, 1.8593516E+000, 5.3062933E+000, 3.3018925E+000
 2.0800002E+002, 1.3882585E+002, 1.4557625E+002, 1.5277937E+002, 1.5456623E+002, 1.6055686E+002, 1.6427645E+002, 1.6845864E+002, 1.7116748E+002, 1.7417259E+002, 1.8890389E+002, 1.7576077E+002, 1.8534866E+002, 1.7986719E+002, 2.1143168E+002, 2.1834007E+002, 2.2209761E+002, 1.9738452E+002, 1.6275324E+002, 1.5581300E+002, 1.5772024E+002, 1.4134469E+002, 1.3865746E+002, 1.4233174E+002,-1.5570051E+000,-1.5386609E+000,-1.8052008E+000,-1.8597522E+000,-2.0175960E+000,-1.7852276E+000,-1.8963877E+000,-1.7545032E+000,-1.4829299E+000,-2.0061540E+000,-1.2389962E+000,-1.5437694E+000,-2.2182730E+000,-2.9312411E+000,-5.1407189E-001, 4.1114093E+000, 5.1880566E+000, 4.9542617E+000, 3.8936486E+000, 3.8677869E+000, 2.4185101E+000, 3.2377476E+000, 3.5317615E+000, 1.0059677E+004, 1.7743374E+000, 5.4982631E+000, 3.5545872E+000
 2.0900546E+002, 1.4069190E+002, 1.4245964E+002, 1.4901689E+002, 1.5796433E+002, 1.5849358E+002, 1.6426454E+002, 1.6725290E+002, 1.6799750E+002, 1.8213612E+002, 1.7700339E+002, 1.7433590E+002, 1.8230119E+002, 1.8111368E+002, 2.2987825E+002, 2.1879663E+002, 1.7376500E+002, 1.7745032E+002, 1.8753234E+002, 1.7848606E+002, 1.6906812E+002, 1.4947866E+002, 1.4139639E+002, 1.3662885E+002,-1.4970682E+000,-1.4653455E+000,-1.8780055E+000,-1.9738039E+000,-1.9051878E+000,-1.8286486E+000,-1.6230680E+000,-1.5490691E+000,-2.0715395E+000,-1.6117397E+000,-1.1672723E+000,-1.7328657E+000,-1.3901168E+000,-2.9727521E+000, 1.0820474E+000, 2.8264038E+000, 4.4373626E+000, 4.7269518E+000, 5.0217934E+000, 4.3301445E+000, 3.1616172E+000, 3.3172815E+000, 3.0361929E+000, 1.0028214E+004, 1.7297826E+000, 5.3828058E+000, 2.8807893E+000
 2.1000488E+002, 1.3591378E+002, 1.4385944E+002, 1.4791622E+002, 1.5656576E+002, 1.5969483E+002, 1.6415354E+002, 1.6233368E+002, 1.7312337E+002, 1.7679014E+002, 1.7137314E+002, 1.8183116E+002, 1.7979699E+002, 2.0605367E+002, 2.4679325E+002, 2.1071471E+002, 1.9803029E+002, 1.6319856E+002, 1.5111220E+002, 1.5146782E+002, 1.7058928E+002, 1.5048655E+002, 1.4382771E+002, 1.3631876E+002,-1.5013954E+000,-1.7480058E+000,-1.4638077E+000,-1.8608944E+000,-1.8227393E+000,-1.9241910E+000,-1.4898825E+000,-1.9766673E+000,-2.0499982E+000,-1.2406298E+000,-1.7243721E+000,-1.4323319E+000,-2.6452680E+000,-2.1760590E+000, 4.7537044E-001, 4.0085414E+000, 4.6958537E+000, 3.8464032E+000, 4.2925145E+000, 4.6503199E+000, 3.4639859E+000, 3.1037865E+000, 2.8925789E+000, 1.0170018E+004, 1.8542150E+000, 5.3948919E+000, 3.1076107E+000
 2.1100147E+002, 1.3899729E+002, 1.4483363E+002, 1.4876826E+002, 1.5661939E+002, 1.5975337E+002, 1.6135244E+002, 1.6417798E+002, 1.7591454E+002, 1.6833195E+002, 1.7196172E+002, 1.7581599E+002, 2.0184515E+002, 1.7680831E+002, 2.1630682E+002, 2.2931555E+002, 2.3847315E+002, 1.8425264E+002, 1.6349950E+002, 1.4730611E+002, 1.3951341E+002, 1.6522753E+002, 1.4193981E+002, 1.3967569E+002,-1.3061011E+000,-1.8441506E+000,-1.8153710E+000,-1.8225302E+000,-1.8095570E+000,-1.5634850E+000,-1.7612164E+000,-2.1096145E+000,-1.2735129E+000,-1.2670426E+000,-1.4289022E+000,-2.6476623E+000,-1.5086042E+000,-3.3285807E+000, 2.5933475E-001, 3.7169439E+000, 5.1728272E+000, 4.8425182E+000, 3.9401628E+000, 3.6777149E+000, 4.3915304E+000, 3.6221926E+000, 3.2579260E+000, 9.7505776E+003, 1.8534108E+000, 5.4733704E+000, 3.8288101E+000
 2.1200031E+002, 1.3895188E+002, 1.4177262E+002, 1.5203973E+002, 1.5589211E+002, 1.6043939E+002, 1.5821749E+002, 1.7065506E+002, 1.6439314E+002, 1.6655542E+002, 1.7282776E+002, 1.8634335E+002, 1.8697831E+002, 1.9134003E+002, 1.9695727E+002, 2.5465699E+002, 2.0218435E+002, 1.9507378E+002, 2.0017430E+002, 1.7387857E+002, 1.4794966E+002, 1.5219745E+002, 1.5439427E+002, 1.3886460E+002,-1.2893718E+000,-1.8901690E+000,-1.9183119E+000,-1.8292714E+000,-1.7054228E+000,-1.7487656E+000,-2.0556228E+000,-1.5157708E+000,-1.2909764E+000,-1.3743832E+000,-2.1739650E+000,-2.1526416E+000,-4.0365756E-001,-1.8554914E+000, 3.3279597E-001, 3.4649594E+000, 4.9316767E+000, 4.7197753E+000, 4.3622898E+000, 3.9961514E+000, 3.8248619E+000, 4.5620956E+000, 2.9508473E+000, 9.8712725E+003, 1.7840911E+000, 5.3142215E+000, 3.1118422E+000
 2.1300320E+002, 1.3699937E+002, 1.4271033E+002, 1.4665158E+002, 1.5758079E+002, 1.5560473E+002, 1.6261915E+002, 1.6700812E+002, 1.6358829E+002, 1.6836127E+002, 1.7630693E+002, 1.8816050E+002, 1.7298956E+002, 1.8047341E+002, 2.2390149E+002, 2.7239258E+002, 1.8028082E+002, 2.0018433E+002, 1.6927678E+002, 1.7718510E+002, 1.7790145E+002, 1.4326891E+002, 1.4514687E+002, 1.4458600E+002,-1.2817529E+000,-1.5066306E+000,-1.6194244E+000,-1.8248814E+000,-1.5521406E+000,-2.0110459E+000,-1.7377890E+000,-1.3150993E+000,-1.5426945E+000,-1.6952679E+000,-2.1446375E+000,-1.0207256E+000,-1.4779876E+000,-2.5522139E+000, 2.4312312E+000, 4.0523711E+000, 4.5341554E+000, 4.5291287E+000, 4.1889652E+000, 3.9516013E+000, 3.5363815E+000, 4.0723979E+000, 3.7089604E+000, 9.9938666E+003, 1.7161721E+000, 4.9113802E+000, 3.3700637E+000
 2.1400067E+002, 1.3813495E+002, 1.4358539E+002, 1.4968441E+002, 1.5404186E+002, 1.5618162E+002, 1.6443875E+002, 1.6035607E+002, 1.6245675E+002, 1.6887882E+002, 1.8446185E+002, 1.7781870E+002, 1.7473332E+002, 1.9310194E+002, 2.0516790E+002, 2.5777363E+002, 2.3180004E+002, 1.6115597E+002, 1.6900113E+002, 1.6803594E+002, 1.6837359E+002, 1.4719056E+002, 1.4263309E+002, 1.4188038E+002,-1.4357928E+000,-1.5160138E+000,-1.6782445E+000,-1.5862090E+000,-1.8140239E+000,-1.8564860E+000,-1.5025460E+000,-1.4002338E+000,-1.3434714E+000,-2.1451394E+000,-1.4236905E+000,-1.2369091E+000,-1.9422766E+000,-1.4820196E+000, 1.0741362E+000, 5.0281747E+000, 4.7220778E+000, 4.9502780E+000, 4.1851640E+000, 3.5923169E+000, 3.5314695E+000, 3.5213539E+000, 3.4628456E+000, 1.0039081E+004, 1.6678589E+000, 4.9627429E+000, 4.1276032E+000
 2.1500324E+002, 1.3345269E+002, 1.4613445E+002, 1.4654471E+002, 1.4919523E+002, 1.6155315E+002, 1.5831655E+002, 1.5985561E+002, 1.6424099E+002, 1.7914576E+002, 1.7794618E+002, 1.7149791E+002, 1.8248894E+002, 1.8257154E+002, 2.1200609E+002, 3.0923703E+002, 2.1799366E+002, 1.9876613E+002, 1.6862695E+002, 1.5204031E+002, 1.6133198E+002, 1.5522870E+002, 1.4182750E+002, 1.3811760E+002,-1.4428403E+000,-1.7015556E+000,-1.6459032E+000,-1.5979393E+000,-1.7440102E+000,-1.6263960E+000,-1.4399833E+000,-1.5886984E+000,-1.9758097E+000,-1.6454279E+000,-1.0459173E+000,-2.1187543E+000,-1.1441919E+000,-2.7601464E+000, 1.7823860E+000, 4.3814704E+000, 5.5567461E+000, 4.6150542E+000, 4.6479521E+000, 3.6399149E+000, 3.7932583E+000, 3.7822476E+000, 3.4055327E+000, 1.0065907E+004, 1.7027376E+000, 5.3054544E+000, 3.7494976E+000
 2.1600138E+002, 1.3267863E+002, 1.4395843E+002, 1.5126160E+002, 1.5625032E+002, 1.5889241E+002, 1.5731399E+002, 1.5910007E+002, 1.6773584E+002, 1.7344121E+002, 1.7352388E+002, 1.7706650E+002, 1.8233554E+002, 2.3179297E+002, 2.3574187E+002, 2.8542838E+002, 2.3672353E+002, 1.9408926E+002, 1.6042769E+002, 1.6494797E+002, 1.6281362E+002, 1.6582966E+002, 1.4129400E+002, 1.3800871E+002,-1.5281660E+000,-1.4006151E+000,-1.7347659E+000,-1.8831099E+000,-1.6609883E+000,-1.5317931E+000,-1.7523179E+000,-1.7910424E+000,-1.4744235E+000,-1.2040020E+000,-1.9202663E+000,-1.4479550E+000,-2.6595739E+000,-3.4029920E+000, 1.7686614E+000, 4.3797883E+000, 5.2291239E+000, 5.1679133E+000, 4.5556588E+000, 4.5061193E+000, 4.0006179E+000, 3.8458646E+000, 3.5443738E+000, 9.9602296E+003, 1.7523869E+000, 5.1828410E+000, 4.6711909E+000
 2.1700305E+002, 1.3302290E+002, 1.4360288E+002, 1.4940913E+002, 1.5795137E+002, 1.5646051E+002, 1.5333171E+002, 1.6077883E+002, 1.7276038E+002, 1.7284418E+002, 1.7121914E+002, 1.7898306E+002, 2.1584968E+002, 1.9633781E+002, 2.1420987E+002, 2.4310179E+002, 2.3225455E+002, 1.7056536E+002, 1.7407753E+002, 1.6396769E+002, 1.5157440E+002, 1.5355604E+002, 1.4307467E+002, 1.3984357E+002,-1.5473296E+000,-1.6356425E+000,-1.5768994E+000,-1.7441273E+000,-1.5515636E+000,-1.4706055E+000,-1.7681618E+000,-1.8084286E+000,-1.4119814E+000,-1.1761155E+000,-1.4937248E+000,-2.6719023E+000,-1.6425510E+000,-3.0298016E+000, 1.8720880E+000, 4.4825774E+000, 4.7881598E+000, 4.8935350E+000, 4.4290767E+000, 3.7917488E+000, 3.6262587E+000, 4.0947022E+000, 3.7791307E+000, 9.7170648E+003, 1.7821201E+000, 5.5630092E+000, 4.2073061E+000
 2.1800227E+002, 1.3808002E+002, 1.4077116E+002, 1.3844423E+002, 1.5534569E+002, 1.5434958E+002, 1.5632665E+002, 1.6588899E+002, 1.6975685E+002, 1.6959717E+002, 1.7634530E+002, 2.0031655E+002, 1.7950429E+002, 1.9502048E+002, 1.8691509E+002, 2.7073442E+002, 2.1836274E+002, 1.7939196E+002, 1.5698049E+002, 1.6393139E+002, 1.4747586E+002, 1.5903019E+002, 1.4832462E+002, 1.4011728E+002,-1.7014818E+000,-1.5793061E+000,-1.6350482E+000,-1.3570532E+000,-1.4321173E+000,-1.6630875E+000,-1.8963966E+000,-1.6598850E+000,-1.2255852E+000,-1.7253296E+000,-2.4801095E+000,-1.3859929E+000,-2.7239659E+000,-2.3085108E+000, 8.7251114E-001, 3.9271783E+000, 5.0992468E+000, 4.5050848E+000, 2.8866921E+000, 2.6456803E+000, 3.9073607E+000, 3.8559843E+000, 3.8956194E+000, 1.0249043E+004, 1.7486600E+000, 5.2295890E+000, 3.6782204E+000
 2.1900337E+002, 1.3575655E+002, 1.4361977E+002, 1.4968538E+002, 1.5392977E+002, 1.4940228E+002, 1.5963641E+002, 1.6474168E+002, 1.6957654E+002, 1.7019314E+002, 1.8089331E+002, 1.7494154E+002, 1.9084407E+002, 1.8608761E+002, 2.0445381E+002, 2.1828923E+002, 2.1578805E+002, 1.9990252E+002, 1.6125628E+002, 1.6257344E+002, 1.4738542E+002, 1.4558858E+002, 1.5206242E+002, 1.4302155E+002,-1.5148765E+000,-1.6779648E+000,-1.8292483E+000,-1.5581312E+000,-1.4935491E+000,-1.9187133E+000,-1.8538051E+000,-1.4861444E+000,-1.3803563E+000,-1.7398757E+000,-1.6060573E+000,-1.9110367E+000,-2.3871343E+000,-2.5890609E+000,-2.7557392E-001, 4.1838343E+000, 4.9216040E+000, 5.0488012E+000, 4.4071693E+000, 3.0054827E+000, 2.8615077E+000, 4.0536027E+000, 4.0612415E+000, 1.0178857E+004, 1.7376476E+000, 5.5427766E+000, 3.6010316E+000
 2.2000034E+002, 1.3296280E+002, 1.4454250E+002, 1.4917970E+002, 1.5100243E+002, 1.5326491E+002, 1.6191138E+002, 1.6481258E+002, 1.6718931E+002, 1.7234874E+002, 1.7371293E+002, 1.7943502E+002, 1.7586206E+002, 1.9751421E+002, 2.0805567E+002, 2.4532649E+002, 1.8721260E+002, 1.6512237E+002, 1.9021835E+002, 1.6709871E+002, 1.5055925E+002, 1.4736639E+002, 1.4644626E+002, 1.4361780E+002,-1.4807626E+000,-1.5689735E+000,-1.6675625E+000,-1.5034861E+000,-1.7023895E+000,-1.8984936E+000,-1.7619058E+000,-1.5142344E+000,-1.4486366E+000,-1.4695286E+000,-1.7900810E+000,-1.6800684E+000,-2.3620588E+000,-3.0288757E+000, 3.8014897E-001, 3.7904616E+000, 4.8156882E+000, 4.6847590E+000, 4.4661537E+000, 3.9575484E+000, 3.1135648E+000, 3.0927970E+000, 4.0213726E+000, 9.8928652E+003, 1.7242727E+000, 5.0786331E+000, 2.7861566E+000
 2.2100035E+002, 1.3713837E+002, 1.3822607E+002, 1.4966739E+002, 1.4807081E+002, 1.5753717E+002, 1.5722360E+002, 1.6692429E+002, 1.6876413E+002, 1.6496220E+002, 1.7498440E+002, 1.7997439E+002, 1.6997642E+002, 2.0890357E+002, 2.3843050E+002, 2.4634418E+002, 1.9981405E+002, 1.8198450E+002, 1.6223972E+002, 1.6963546E+002, 1.5233771E+002, 1.4590521E+002, 1.4287792E+002, 1.4385807E+002,-1.4042148E+000,-1.4457202E+000,-1.5329820E+000,-1.6336174E+000,-1.6753219E+000,-1.5886688E+000,-1.6681895E+000,-1.5817809E+000,-1.7264439E+000,-1.4855560E+000,-1.7480575E+000,-1.4544941E+000,-2.7641619E+000,-3.1360141E+000,-5.9127283E-001, 4.1257796E+000, 5.0743576E+000, 5.0743729E+000, 4.4787356E+000, 4.1120151E+000, 2.8749027E+000, 3.3356255E+000, 3.6853678E+000, 9.6654140E+003, 1.7985349E+000, 4.9388705E+000, 3.3804461E+000
 2.2200403E+002, 1.3486954E+002, 1.4214927E+002, 1.4919418E+002, 1.5355251E+002, 1.5748371E+002, 1.6321372E+002, 1.6317427E+002, 1.7046892E+002, 1.6615576E+002, 1.7374312E+002, 1.7561253E+002, 1.8929585E+002, 1.9911994E+002, 2.1101170E+002, 2.7396415E+002, 2.0104530E+002, 1.9807498E+002, 1.7406475E+002, 1.6826947E+002, 1.5251937E+002, 1.4335422E+002, 1.4171541E+002, 1.3917583E+002,-1.4631264E+000,-1.7149457E+000,-1.5377002E+000,-1.6904089E+000,-1.7519934E+000,-1.9849693E+000,-1.8528444E+000,-1.7075543E+000,-1.3855211E+000,-1.9220087E+000,-1.7958510E+000,-2.2745883E+000,-2.2542896E+000,-2.6762571E+000, 6.9948218E-001, 4.1268445E+000, 5.3053944E+000, 5.0773796E+000, 4.7895754E+000, 4.0523027E+000, 2.5190164E+000, 3.4002032E+000, 3.1085370E+000, 1.0461985E+004, 1.7975540E+000, 5.1463259E+000, 3.4681008E+000
 2.2300207E+002, 1.3744835E+002, 1.4310273E+002, 1.4533583E+002, 1.5388179E+002, 1.5600422E+002, 1.6040674E+002, 1.6540272E+002, 1.6486555E+002, 1.7628582E+002, 1.7123980E+002, 1.9823927E+002, 1.8649226E+002, 1.7753996E+002, 2.0064934E+002, 2.6166289E+002, 1.9860938E+002, 1.6501745E+002, 1.8120447E+002, 1.4403398E+002, 1.6153880E+002, 1.4868298E+002, 1.4241685E+002, 1.3744527E+002,-1.4078074E+000,-1.6351412E+000,-1.4481061E+000,-1.6254874E+000,-1.8415861E+000,-1.6778204E+000,-1.6810304E+000,-1.4972628E+000,-1.6339536E+000,-1.3332884E+000,-1.9481399E+000,-2.2987962E+000,-1.7133940E+000,-1.9785355E+000, 6.3391196E-004, 4.3791986E+000, 5.1136365E+000, 4.9949116E+000, 4.9588405E+000, 4.6061898E+000, 3.4868858E+000, 3.0147342E+000, 3.3442562E+000, 9.6191620E+003, 1.7513412E+000, 5.0485183E+000, 3.9839555E+000
 2.2400273E+002, 1.3502231E+002, 1.4397135E+002, 1.4147517E+002, 1.5456891E+002, 1.5772930E+002, 1.6037436E+002, 1.6264006E+002, 1.6479238E+002, 1.6978155E+002, 1.8375589E+002, 1.8703761E+002, 1.6966397E+002, 1.6046434E+002, 1.9190001E+002, 2.7480877E+002, 1.9068228E+002, 1.4250011E+002, 1.6180302E+002, 1.6056380E+002, 1.5134210E+002, 1.3921345E+002, 1.3991736E+002, 1.3452128E+002,-1.4671538E+000,-1.5976342E+000,-1.5872178E+000,-1.6953100E+000,-1.7530915E+000,-1.7898435E+000,-1.8776248E+000,-1.5414350E+000,-1.6088567E+000,-2.0771275E+000,-1.8087485E+000,-1.4462944E+000,-1.4972081E+000,-2.3666563E+000, 4.6573047E-001, 2.7673906E+000, 4.7161127E+000, 4.6003467E+000, 4.2572467E+000, 3.7590644E+000, 2.9877357E+000, 2.9661646E+000, 2.7883995E+000, 1.0233862E+004, 1.6977851E+000, 4.9471285E+000, 3.1952954E+000
 2.2500222E+002, 1.2940258E+002, 1.4308277E+002, 1.4454203E+002, 1.5306089E+002, 1.5622376E+002, 1.5924046E+002, 1.6083892E+002, 1.7055365E+002, 1.6750606E+002, 1.8116426E+002, 1.7458107E+002, 1.7124596E+002, 1.6890985E+002, 2.5652557E+002, 3.0014961E+002, 2.3998980E+002, 2.0932010E+002, 1.4821092E+002, 1.4596285E+002, 1.5152946E+002, 1.5224918E+002, 1.4080716E+002, 1.3445170E+002,-1.1593565E+000,-1.4966363E+000,-1.5951415E+000,-1.6559526E+000,-1.6771681E+000,-1.7620865E+000,-1.3908535E+000,-1.6639864E+000,-1.8185376E+000,-2.0313729E+000,-1.4032397E+000,-1.0953533E+000,-1.0450860E+000,-3.9798869E+000, 8.8837302E-001, 4.9787251E+000, 4.4637924E+000, 4.0811622E+000, 4.3153073E+000, 4.3142559E+000, 4.2232103E+000, 3.3662121E+000, 3.1687818E+000, 9.8815281E+003, 1.7721472E+000, 4.8617112E+000, 4.4509424E+000
 2.2600009E+002, 1.3532027E+002, 1.3869388E+002, 1.4829387E+002, 1.5216294E+002, 1.5642704E+002, 1.5901453E+002, 1.6225955E+002, 1.6797464E+002, 1.7750840E+002, 1.7305548E+002, 1.7083142E+002, 1.7297678E+002, 2.1028478E+002, 2.3271332E+002, 3.0317399E+002, 2.5815559E+002, 2.1407953E+002, 2.0306074E+002, 1.4105997E+002, 1.3435009E+002, 1.4480764E+002, 1.4527524E+002, 1.3838313E+002,-1.6337128E+000,-1.5884665E+000,-1.7668638E+000,-1.6404204E+000,-1.8122633E+000,-1.7492110E+000,-1.5915940E+000,-1.9609526E+000,-2.0858876E+000,-1.7020284E+000,-1.7083918E+000,-1.8158445E+000,-2.3108410E+000,-1.8826453E+000, 1.9467050E+000, 4.6333414E+000, 5.6412981E+000, 4.8070379E+000, 3.5647309E+000, 3.1445934E+000, 3.2345529E+000, 3.4767459E+000, 2.8257663E+000, 9.9952869E+003, 1.7850663E+000, 5.2320331E+000, 4.7908946E+000
 2.2700193E+002, 1.3540774E+002, 1.3600273E+002, 1.4744931E+002, 1.5589708E+002, 1.5738021E+002, 1.5790323E+002, 1.6056982E+002, 1.7380303E+002, 1.7143705E+002, 1.7130438E+002, 1.7142082E+002, 1.8223057E+002, 1.7504290E+002, 2.1528028E+002, 2.2745020E+002, 1.9900805E+002, 1.9805078E+002, 1.8555903E+002, 1.7049567E+002, 1.4540927E+002, 1.3677256E+002, 1.4288083E+002, 1.3867845E+002,-1.4056387E+000,-1.5740269E+000,-1.5714635E+000,-1.7397118E+000,-1.6104863E+000,-1.3532436E+000,-1.6950885E+000,-1.8112860E+000,-1.6637944E+000,-1.4124485E+000,-1.2336471E+000,-1.7634087E+000,-9.2875063E-001,-9.3518729E-001, 1.9673959E+000, 4.4355887E+000, 5.4532449E+000, 5.1476514E+000, 5.0260973E+000, 3.6950947E+000, 3.4967919E+000, 3.5421741E+000, 3.5788828E+000, 1.0183901E+004, 1.8961872E+000, 5.2151213E+000, 3.8706113E+000
 2.2800368E+002, 1.3794521E+002, 1.4110207E+002, 1.4539417E+002, 1.5067580E+002, 1.5360164E+002, 1.5810936E+002, 1.6970758E+002, 1.6660437E+002, 1.6894686E+002, 1.6998685E+002, 1.7773562E+002, 1.7942064E+002, 1.7113630E+002, 1.9362624E+002, 2.4050689E+002, 2.0716313E+002, 1.8109253E+002, 1.8927577E+002, 1.6072962E+002, 1.4876876E+002, 1.3419936E+002, 1.3565843E+002, 1.3723808E+002,-1.3797404E+000,-1.6157256E+000,-1.6333220E+000,-1.8277619E+000,-1.6232600E+000,-1.5110955E+000,-2.1105936E+000,-1.8873485E+000,-1.7721972E+000,-1.4175927E+000,-1.6810181E+000,-1.3021665E+000,-1.2498021E+000,-1.7879214E+000, 7.5803401E-001, 3.7290073E+000, 4.7177513E+000, 4.9165448E+000, 4.5344944E+000, 4.0536070E+000, 2.5183632E+000, 2.6565623E+000, 3.4414405E+000, 9.6775235E+003, 1.8010815E+000, 5.0238283E+000, 3.9141756E+000
 2.2900048E+002, 1.3632023E+002, 1.4186148E+002, 1.4289069E+002, 1.5257229E+002, 1.4660184E+002, 1.6154766E+002, 1.7061031E+002, 1.6521492E+002, 1.6813111E+002, 1.7323353E+002, 1.7871321E+002, 1.7231083E+002, 1.9107849E+002, 2.1109822E+002, 2.6464984E+002, 2.2120790E+002, 2.0014779E+002, 1.4910184E+002, 1.7865713E+002, 1.5651129E+002, 1.4224560E+002, 1.3272560E+002, 1.3622860E+002,-1.2160457E+000,-1.5398073E+000,-1.5757424E+000,-1.6059280E+000,-1.3401822E+000,-1.8320598E+000,-1.8640301E+000,-1.5706898E+000,-1.4799564E+000,-1.6341923E+000,-1.6644341E+000,-1.2428479E+000,-1.2768664E+000,-2.3203861E+000, 6.3173153E-001, 3.5497252E+000, 5.4514650E+000, 5.4869592E+000, 4.7415625E+000, 4.6536782E+000, 3.6064004E+000, 3.5214412E+000, 3.0991880E+000, 1.0583576E+004, 1.7118765E+000, 4.9854877E+000, 3.6253931E+000
 2.3000225E+002, 1.3307469E+002, 1.3886344E+002, 1.5092544E+002, 1.4941684E+002, 1.5612964E+002, 1.6671948E+002, 1.6244909E+002, 1.6554370E+002, 1.6977118E+002, 1.7830930E+002, 1.7323798E+002, 1.8111024E+002, 1.9967766E+002, 1.9777339E+002, 2.4613749E+002, 2.2684626E+002, 2.0003374E+002, 1.6336732E+002, 1.3462429E+002, 1.6067176E+002, 1.4411523E+002, 1.3111120E+002, 1.3279326E+002,-1.2134406E+000,-1.6028506E+000,-1.9079934E+000,-1.5748262E+000,-1.7386292E+000,-2.0642381E+000,-1.6759961E+000,-1.5064371E+000,-1.6448721E+000,-1.8245697E+000,-1.6272584E+000,-1.3244405E+000,-1.6616542E+000,-7.8084453E-001,-2.9082302E-001, 3.9327614E+000, 4.6158012E+000, 4.7366695E+000, 4.6544036E+000, 4.3898816E+000, 4.2227278E+000, 3.1329621E+000, 2.8484615E+000, 9.5590283E+003, 1.7051796E+000, 5.1504220E+000, 3.7145565E+000
 2.3100305E+002, 1.3112541E+002, 1.3899950E+002, 1.4848341E+002, 1.4826191E+002, 1.6099338E+002, 1.6149845E+002, 1.6142523E+002, 1.6380295E+002, 1.7236359E+002, 1.7076093E+002, 1.7430530E+002, 1.8470079E+002, 1.8328079E+002, 1.9836177E+002, 2.5126040E+002, 1.9719820E+002, 2.1098894E+002, 2.0237007E+002, 1.7992260E+002, 1.4628891E+002, 1.4723725E+002, 1.4132112E+002, 1.3003557E+002,-1.4714840E+000,-1.4377330E+000,-1.7683884E+000,-1.5272838E+000,-1.8819380E+000,-1.5276434E+000,-1.3914246E+000,-1.6841763E+000,-1.7736585E+000,-1.5671376E+000,-1.3865649E+000,-1.6574345E+000,-7.0508429E-001,-2.5579249E+000,-5.9892657E-001, 3.6245675E+000, 5.0643701E+000, 5.3676521E+000, 4.7282913E+000, 3.9031119E+000, 3.9474238E+000, 4.1167076E+000, 2.9687275E+000, 1.0177410E+004, 1.7089968E+000, 5.3695136E+000, 3.1405338E+000
 2.3200284E+002, 1.3241647E+002, 1.3611186E+002, 1.4447029E+002, 1.5546458E+002, 1.6055993E+002, 1.5983240E+002, 1.6175772E+002, 1.6815479E+002, 1.7107365E+002, 1.7056634E+002, 1.8600021E+002, 1.8147529E+002, 1.9458339E+002, 2.1074657E+002, 2.5793219E+002, 2.3908018E+002, 2.0239185E+002, 1.7654778E+002, 1.9227903E+002, 1.8126766E+002, 1.5197857E+002, 1.4299085E+002, 1.3484358E+002,-1.4720088E+000,-1.6700746E+000,-1.8821113E+000,-1.7146749E+000,-1.7426270E+000,-1.4721429E+000,-1.4331240E+000,-1.8596585E+000,-1.8457927E+000,-1.6063711E+000,-1.8793191E+000,-1.4610625E+000,-1.8447803E+000,-2.0241939E+000, 1.0092755E+000, 4.8199480E+000, 5.0967447E+000, 4.5583200E+000, 4.9127029E+000, 4.2167948E+000, 3.1543478E+000, 4.0812076E+000, 3.3056729E+000, 1.0031495E+004, 1.8358502E+000, 5.1607673E+000, 4.2665488E+000
 2.3300252E+002, 1.3695007E+002, 1.4559243E+002, 1.4190230E+002, 1.5312810E+002, 1.5720186E+002, 1.5448748E+002, 1.6076512E+002, 1.6820336E+002, 1.6435457E+002, 1.7736603E+002, 1.8510479E+002, 1.8229516E+002, 2.0796892E+002, 1.8015749E+002, 2.6886505E+002, 2.0173534E+002, 1.8084687E+002, 1.9625017E+002, 1.7977785E+002, 1.7013414E+002, 1.5007197E+002, 1.3961143E+002, 1.4357920E+002,-1.2912654E+000,-1.9122892E+000,-1.5786802E+000,-1.7368632E+000,-1.4304749E+000,-1.2304356E+000,-2.0221009E+000,-1.7925002E+000,-1.6821188E+000,-1.7551603E+000,-1.6488855E+000,-1.2891930E+000,-1.7044818E+000,-1.3482294E+000, 1.4462790E+000, 5.2173640E+000, 5.6489481E+000, 5.4582180E+000, 4.4598368E+000, 4.2655511E+000, 3.4492593E+000, 3.6794626E+000, 4.1013000E+000, 1.0124412E+004, 1.8473932E+000, 5.0279745E+000, 4.1993017E+000
 2.3400263E+002, 1.3592261E+002, 1.4398248E+002, 1.4494882E+002, 1.5458716E+002, 1.5860818E+002, 1.5857976E+002, 1.6656432E+002, 1.5888007E+002, 1.7006168E+002, 1.8423803E+002, 1.8133931E+002, 2.0370714E+002, 1.8693588E+002, 2.1007319E+002, 2.5481537E+002, 2.1164447E+002, 1.8279951E+002, 1.6507364E+002, 1.6407205E+002, 1.7942044E+002, 1.6133576E+002, 1.3670847E+002, 1.3477794E+002,-1.2746532E+000,-1.7432193E+000,-1.6867707E+000,-1.5661364E+000,-1.4021806E+000,-1.8328305E+000,-1.9058522E+000,-1.4822581E+000,-1.9458316E+000,-1.7933849E+000,-1.6161567E+000,-1.9239230E+000,-9.6297654E-001,-3.3535939E+000, 1.5783805E+000, 4.2577582E+000, 5.4983322E+000, 5.4977335E+000, 4.7510063E+000, 4.5361628E+000, 4.0596951E+000, 3.4329634E+000, 3.4409032E+000, 9.8513880E+003, 1.7312627E+000, 5.1477623E+000, 4.2253718E+000
 2.3500084E+002, 1.2840087E+002, 1.4000442E+002, 1.4796724E+002, 1.4941385E+002, 1.5067862E+002, 1.6477321E+002, 1.6055581E+002, 1.6547545E+002, 1.7892640E+002, 1.7312860E+002, 1.8805060E+002, 1.8187241E+002, 2.0051382E+002, 2.2517856E+002, 3.0654704E+002, 2.3597226E+002, 1.9274309E+002, 1.7152004E+002, 1.5646484E+002, 1.5693410E+002, 1.5908933E+002, 1.4391597E+002, 1.3278320E+002,-1.1817372E+000,-1.7278235E+000,-1.6643546E+000,-1.4532474E+000,-1.5471551E+000,-2.0444278E+000,-1.4732186E+000,-1.8113963E+000,-1.9409081E+000,-1.6397313E+000,-1.7142390E+000,-1.4580925E+000,-2.0280844E+000,-3.2260717E+000, 1.4132359E+000, 4.3634211E+000, 5.1205616E+000, 5.2181084E+000, 5.3121605E+000, 4.6765174E+000, 3.7780407E+000, 4.0419098E+000, 3.1918736E+000, 1.0063837E+004, 1.7695807E+000, 5.0167959E+000, 4.3036760E+000
 2.3600348E+002, 1.3378924E+002, 1.3824477E+002, 1.4684190E+002, 1.5352342E+002, 1.6177685E+002, 1.6292021E+002, 1.5540273E+002, 1.7337068E+002, 1.7693233E+002, 1.8291863E+002, 1.8253048E+002, 2.0015710E+002, 2.0425258E+002, 2.1982671E+002, 2.5694889E+002, 1.9712546E+002, 1.8194105E+002, 1.5848892E+002, 1.7004407E+002, 1.5654327E+002, 1.5706813E+002, 1.4281128E+002, 1.3554416E+002,-1.6020198E+000,-1.6679708E+000,-1.6560116E+000,-1.5739237E+000,-2.0128488E+000,-1.5862001E+000,-1.6086839E+000,-1.8694016E+000,-1.9052941E+000,-1.5647109E+000,-1.5894433E+000,-1.9234529E+000,-2.8784590E+000,-2.5428676E+000, 1.0587710E+000, 4.7564992E+000, 5.1964743E+000, 4.8246275E+000, 4.5870864E+000, 4.6523413E+000, 4.0812409E+000, 3.5627959E+000, 3.2233212E+000, 9.9191986E+003, 1.7773203E+000, 5.1499527E+000, 4.0031377E+000
 2.3700256E+002, 1.3769622E+002, 1.3690026E+002, 1.4933309E+002, 1.5326476E+002, 1.6101884E+002, 1.5788928E+002, 1.6302296E+002, 1.7665053E+002, 1.7133496E+002, 1.7741334E+002, 1.7561908E+002, 1.9495326E+002, 2.1656311E+002, 2.3330288E+002, 2.2182696E+002, 2.1239431E+002, 1.6922477E+002, 1.5355941E+002, 1.4292853E+002, 1.5962261E+002, 1.5178238E+002, 1.5037543E+002, 1.4097598E+002,-1.6729475E+000,-1.6749381E+000,-1.6361678E+000,-1.9235005E+000,-1.8202632E+000,-1.6164811E+000,-1.7437372E+000,-1.9122440E+000,-1.7580721E+000,-1.4788730E+000,-1.7006023E+000,-2.1478949E+000,-2.3181092E+000,-4.1274498E+000, 6.8892085E-001, 4.1663560E+000, 4.7877325E+000, 5.0545406E+000, 4.2911453E+000, 4.3937103E+000, 3.9284117E+000, 4.1011974E+000, 3.5070782E+000, 9.8972744E+003, 1.8602237E+000, 5.3960371E+000, 3.1359560E+000
 2.3800100E+002, 1.3526143E+002, 1.4200085E+002, 1.4604017E+002, 1.5919821E+002, 1.5593909E+002, 1.5838688E+002, 1.7005062E+002, 1.7203779E+002, 1.7454790E+002, 1.7693743E+002, 1.8876340E+002, 1.7459942E+002, 2.1354249E+002, 2.1677940E+002, 2.7672753E+002, 2.1602244E+002, 1.7326209E+002, 1.6312297E+002, 1.6268404E+002, 1.5285496E+002, 1.5122756E+002, 1.3786873E+002, 1.3954081E+002,-1.6669097E+000,-1.5955264E+000,-1.6229314E+000,-2.0038395E+000,-1.4303483E+000,-1.6849472E+000,-2.0082222E+000,-1.8295629E+000,-1.6440920E+000,-1.7482155E+000,-2.1812409E+000,-2.1975449E+000,-2.6007196E+000,-1.4313391E+000,-1.1847082E+000, 4.4730961E+000, 4.6144993E+000, 4.9845833E+000, 4.4147381E+000, 4.0811957E+000, 3.5178882E+000, 3.5776479E+000, 3.4779530E+000, 1.0193738E+004, 1.8025878E+000, 5.7046998E+000, 3.9539249E+000
 2.3900008E+002, 1.3539301E+002, 1.4202964E+002, 1.4400610E+002, 1.5486925E+002, 1.5762736E+002, 1.6248791E+002, 1.6997549E+002, 1.7347234E+002, 1.7305560E+002, 1.8616302E+002, 1.7744501E+002, 2.1765227E+002, 1.8661941E+002, 2.2364804E+002, 2.6729433E+002, 1.8534149E+002, 1.9798898E+002, 1.9113029E+002, 1.5898226E+002, 1.6204780E+002, 1.4153840E+002, 1.3690423E+002, 1.3650772E+002,-1.6055624E+000,-1.5739229E+000,-1.8745861E+000,-1.5838208E+000,-1.8658869E+000,-2.0425817E+000,-1.8394342E+000,-1.7716849E+000,-1.8710905E+000,-2.4461941E+000,-2.3278027E+000,-2.2738387E+000,-1.7280044E+000,-2.2208972E+000, 4.7718887E-001, 3.7556577E+000, 5.8298999E+000, 5.6099999E+000, 4.4682645E+000, 4.0310418E+000, 3.3527512E+000, 3.5074585E+000, 3.6527105E+000, 9.7577073E+003, 1.8088194E+000, 5.2784475E+000, 3.1475107E+000
 2.4000031E+002, 1.3381613E+002, 1.4466959E+002, 1.4625642E+002, 1.5095339E+002, 1.5766727E+002, 1.6768507E+002, 1.6896499E+002, 1.7080861E+002, 1.8060348E+002, 1.7472993E+002, 1.8400828E+002, 1.8586357E+002, 2.0472518E+002, 2.5310171E+002, 2.4117727E+002, 2.0794191E+002, 1.8370007E+002, 1.7061645E+002, 1.8429316E+002, 1.6504731E+002, 1.4515834E+002, 1.4495548E+002, 1.3451006E+002,-1.5406332E+000,-1.5998077E+000,-1.8525687E+000,-1.6033088E+000,-1.8180672E+000,-1.8702299E+000,-1.7974337E+000,-1.7441431E+000,-2.3540167E+000,-2.2193245E+000,-2.1240323E+000,-1.7285274E+000,-2.9247901E+000,-3.4610078E+000,-3.1965385E-001, 4.6678238E+000, 4.8229598E+000, 5.2360226E+000, 4.8433921E+000, 3.7994806E+000, 4.1010487E+000, 3.5991635E+000, 3.2389323E+000, 1.0086664E+004, 1.8016589E+000, 4.9727942E+000, 4.3200919E+000
 2.4100578E+002, 1.3483712E+002, 1.4264097E+002, 1.5339900E+002, 1.4951988E+002, 1.6345059E+002, 1.6604524E+002, 1.6609461E+002, 1.7348477E+002, 1.7265755E+002, 1.7707522E+002, 1.7823189E+002, 2.0479165E+002, 1.8776014E+002, 2.2271850E+002, 2.2718031E+002, 1.9187228E+002, 1.6415465E+002, 1.6532125E+002, 1.5851988E+002, 1.6930606E+002, 1.4684115E+002, 1.4046701E+002, 1.4013236E+002,-1.4268925E+000,-1.4325310E+000,-2.0409353E+000,-1.7179733E+000,-2.0244283E+000,-1.7625653E+000,-1.6806251E+000,-2.1691327E+000,-2.3588231E+000,-2.2330603E+000,-1.7261067E+000,-2.4572788E+000,-1.8636421E+000,-2.1906188E+000, 5.7601873E-001, 3.3403579E+000, 5.2083721E+000, 5.0642071E+000, 4.4489054E+000, 4.2292804E+000, 3.3727551E+000, 4.2533639E+000, 3.7121477E+000, 1.0092369E+004, 1.8322593E+000, 5.5663424E+000, 3.2681009E+000
 2.4200542E+002, 1.3625090E+002, 1.3828989E+002, 1.4851621E+002, 1.5963767E+002, 1.6247320E+002, 1.6390817E+002, 1.6998467E+002, 1.7119430E+002, 1.6485960E+002, 1.7778150E+002, 1.8817231E+002, 1.9013706E+002, 1.9988340E+002, 1.8802521E+002, 2.0511288E+002, 1.9950937E+002, 1.8520058E+002, 1.7018899E+002, 1.5295639E+002, 1.5716243E+002, 1.6130054E+002, 1.3671958E+002, 1.3763179E+002,-1.5163530E+000,-1.5079386E+000,-1.6077114E+000,-1.8507213E+000,-1.7715468E+000,-1.5735414E+000,-2.0203556E+000,-2.3298286E+000,-2.0270507E+000,-2.1168262E+000,-1.8285308E+000,-1.5309012E+000,-2.1161847E+000,-7.6121050E-001, 9.4193259E-002, 2.3871605E+000, 4.8417106E+000, 4.6758601E+000, 4.4331029E+000, 3.7075357E+000, 4.2519399E+000, 3.9546136E+000, 3.4677819E+000, 9.9523353E+003, 1.9262869E+000, 5.1507364E+000, 3.0119169E+000
 2.4300133E+002, 1.3687718E+002, 1.4021161E+002, 1.4560833E+002, 1.6019433E+002, 1.5847249E+002, 1.6272214E+002, 1.6499645E+002, 1.6384459E+002, 1.6740745E+002, 1.7755813E+002, 1.8110348E+002, 1.8598225E+002, 1.8170688E+002, 2.2631483E+002, 2.4222898E+002, 1.9299808E+002, 1.6158203E+002, 1.7029520E+002, 1.7754210E+002, 1.5170822E+002, 1.4356548E+002, 1.5518924E+002, 1.3668721E+002,-1.6157099E+000,-1.5526706E+000,-1.5911280E+000,-1.8338435E+000,-1.6027136E+000,-1.7609354E+000,-1.9668809E+000,-1.9416075E+000,-1.9407051E+000,-1.9688929E+000,-1.4264638E+000,-1.7419425E+000,-1.3608847E+000,-2.6099531E+000, 4.3460575E-001, 3.2152044E+000, 4.2416277E+000, 4.5091764E+000, 4.4088962E+000, 4.3949505E+000, 3.2637709E+000, 3.9707223E+000, 3.8310413E+000, 1.0082242E+004, 1.8072665E+000, 5.0820337E+000, 3.3896254E+000
 2.4400046E+002, 1.3666827E+002, 1.4363418E+002, 1.4637261E+002, 1.5504882E+002, 1.5991724E+002, 1.6537057E+002, 1.6164730E+002, 1.6688568E+002, 1.6612369E+002, 1.7879010E+002, 1.8018373E+002, 1.8646558E+002, 2.1167622E+002, 2.1578293E+002, 2.6448381E+002, 1.8330610E+002, 1.7375470E+002, 1.6357454E+002, 1.6044384E+002, 1.7241675E+002, 1.4436001E+002, 1.4567156E+002, 1.4798880E+002,-1.4328860E+000,-1.6271456E+000,-1.5704225E+000,-1.6184596E+000,-1.6326662E+000,-1.8399931E+000,-1.9871003E+000,-1.7363212E+000,-2.0705102E+000,-1.6565735E+000,-1.3823329E+000,-1.5179107E+000,-3.1158468E+000,-2.3129155E+000, 8.7346515E-001, 3.2684025E+000, 4.7840973E+000, 4.4360787E+000, 4.3510482E+000, 4.0415997E+000, 3.4219003E+000, 3.8353125E+000, 3.6392680E+000, 1.0257831E+004, 1.7850907E+000, 5.0769011E+000, 3.0362709E+000
 2.4500407E+002, 1.3307245E+002, 1.4246840E+002, 1.5337268E+002, 1.5555267E+002, 1.6007939E+002, 1.6179502E+002, 1.5871786E+002, 1.6939982E+002, 1.6779149E+002, 1.7270673E+002, 1.8274051E+002, 2.0544394E+002, 2.1229147E+002, 2.3597429E+002, 2.6210636E+002, 1.9270068E+002, 1.8603828E+002, 1.5740109E+002, 1.6802308E+002, 1.5370246E+002, 1.4704092E+002, 1.4114391E+002, 1.4353558E+002,-1.3577548E+000,-1.4998947E+000,-1.9105322E+000,-1.5748093E+000,-1.8182226E+000,-2.0509099E+000,-1.6608874E+000,-2.0359098E+000,-1.9436113E+000,-1.5347740E+000,-1.7534229E+000,-2.4950509E+000,-2.0330282E+000,-3.1651046E+000, 7.1954598E-001, 3.6326029E+000, 4.7361963E+000, 5.3767830E+000, 4.9081171E+000, 4.1871000E+000, 3.7299526E+000, 3.3859149E+000, 3.4360057E+000, 9.6997832E+003, 1.7939961E+000, 5.4309689E+000, 3.4315953E+000
 2.4600060E+002, 1.3468523E+002, 1.3802495E+002, 1.5453433E+002, 1.5653773E+002, 1.5751942E+002, 1.5761666E+002, 1.6025662E+002, 1.6641636E+002, 1.6564050E+002, 1.7616363E+002, 1.9691563E+002, 1.9903945E+002, 2.1482248E+002, 2.2050018E+002, 2.7153587E+002, 2.2413704E+002, 1.9491924E+002, 1.9781768E+002, 1.4201497E+002, 1.4328184E+002, 1.5297807E+002, 1.3604613E+002, 1.3563675E+002,-1.5887920E+000,-1.6436650E+000,-1.7593464E+000,-1.7039861E+000,-1.6241969E+000,-1.6213019E+000,-1.7734796E+000,-1.8488004E+000,-1.5551435E+000,-1.3386562E+000,-2.5090307E+000,-2.2956358E+000,-1.9142592E+000,-2.0978215E+000, 6.7516512E-001, 4.8105894E+000, 5.2163841E+000, 4.0434757E+000, 4.7591057E+000, 4.5795052E+000, 3.7815442E+000, 3.4554435E+000, 3.3199220E+000, 1.0327693E+004, 1.8340164E+000, 5.4376228E+000, 4.3689908E+000
 2.4700547E+002, 1.3717877E+002, 1.3884750E+002, 1.5098608E+002, 1.5369059E+002, 1.5764417E+002, 1.5714106E+002, 1.6694256E+002, 1.6428713E+002, 1.6928717E+002, 1.8582395E+002, 1.9841077E+002, 1.9389509E+002, 2.0576972E+002, 2.0153802E+002, 2.3677033E+002, 2.2511658E+002, 1.9743663E+002, 2.0195157E+002, 1.7453586E+002, 1.4412249E+002, 1.5213566E+002, 1.3731327E+002, 1.3624840E+002,-1.7221125E+000,-1.7043474E+000,-1.5489237E+000,-1.4812591E+000,-1.6286327E+000,-1.7671409E+000,-1.8214511E+000,-1.6267431E+000,-1.5548628E+000,-2.3160994E+000,-2.4851696E+000,-1.7460299E+000,-1.8863327E+000,-2.5219333E+000, 1.4641354E+000, 3.8326003E+000, 5.3240059E+000, 5.5538646E+000, 4.1707125E+000, 3.6366100E+000, 4.0945755E+000, 3.7798541E+000, 3.4351381E+000, 9.7090052E+003, 1.7298935E+000, 5.2176506E+000, 3.4787910E+000
 2.4800096E+002, 1.4033306E+002, 1.4319800E+002, 1.5114963E+002, 1.5355891E+002, 1.5475653E+002, 1.6073870E+002, 1.6098150E+002, 1.6360522E+002, 1.7523423E+002, 1.9904794E+002, 1.7950220E+002, 1.9783107E+002, 1.9934463E+002, 2.1920744E+002, 2.1267905E+002, 1.8949113E+002, 1.8101188E+002, 1.6701553E+002, 1.6220432E+002, 1.6448910E+002, 1.4145301E+002, 1.4772927E+002, 1.3451082E+002,-1.4058042E+000,-1.8392878E+000,-1.6448186E+000,-1.6590242E+000,-1.3447209E+000,-1.7461800E+000,-1.5553967E+000,-1.6576756E+000,-1.9362698E+000,-2.4707393E+000,-1.5423833E+000,-1.8720200E+000,-1.3401715E+000,-2.7645796E+000, 3.0421409E-001, 3.5622187E+000, 5.1925174E+000, 4.9156663E+000, 4.8144241E+000, 4.2639811E+000, 3.1315489E+000, 3.9171178E+000, 3.7179942E+000, 1.0114446E+004, 1.6852079E+000, 5.2919475E+000, 3.2903415E+000
 2.4900227E+002, 1.3772248E+002, 1.4733120E+002, 1.4904299E+002, 1.5219862E+002, 1.5597657E+002, 1.5872904E+002, 1.6065454E+002, 1.6940073E+002, 1.8615047E+002, 1.7289205E+002, 1.8038403E+002, 1.8741724E+002, 1.9188290E+002, 2.0249389E+002, 2.4750363E+002, 1.9789487E+002, 1.6406727E+002, 1.4271016E+002, 1.5850639E+002, 1.5328958E+002, 1.4981661E+002, 1.4065543E+002, 1.4270586E+002,-1.3918008E+000,-1.5875174E+000,-1.4931117E+000,-1.5048870E+000,-1.6042817E+000,-1.6740415E+000,-1.6448409E+000,-1.7721624E+000,-2.5027385E+000,-1.4269332E+000,-1.6978611E+000,-1.3628940E+000,-1.4754765E+000,-2.1456826E+000, 1.1854901E+000, 4.3394531E+000, 4.4370826E+000, 4.7877522E+000, 4.4263080E+000, 3.8854432E+000, 3.2404370E+000, 3.7933780E+000, 3.8313783E+000, 9.9608022E+003, 1.7889916E+000, 5.1626409E+000, 3.2309447E+000
 2.5000387E+002, 1.2816887E+002, 1.4388061E+002, 1.4863856E+002, 1.5008060E+002, 1.5861140E+002, 1.5714432E+002, 1.6439779E+002, 1.7616778E+002, 1.7772855E+002, 1.8236810E+002, 1.8250629E+002, 1.8648588E+002, 1.7745769E+002, 2.1638833E+002, 2.1283003E+002, 2.0753743E+002, 1.8517771E+002, 1.7970768E+002, 1.4048004E+002, 1.6144228E+002, 1.3805601E+002, 1.3960663E+002, 1.3747176E+002,-1.4066740E+000,-1.5053102E+000,-1.4482602E+000,-1.5496128E+000,-1.7123234E+000,-1.5467656E+000,-1.7044743E+000,-2.4006447E+000,-1.8973819E+000,-1.6276163E+000,-1.6857560E+000,-1.0982183E+000,-1.1035337E+000,-2.5015283E+000,-7.4142525E-001, 4.8272522E+000, 5.5593464E+000, 4.3909450E+000, 4.1860645E+000, 3.9113917E+000, 2.9413759E+000, 3.3055592E+000, 3.4777245E+000, 1.0058647E+004, 2.0285284E+000, 5.0421656E+000, 3.8183421E+000
 2.5100084E+002, 1.3325691E+002, 1.4283351E+002, 1.4505065E+002, 1.5399356E+002, 1.5610436E+002, 1.5782832E+002, 1.7076825E+002, 1.7598412E+002, 1.7013420E+002, 1.8023721E+002, 1.7779332E+002, 1.8244503E+002, 1.9790452E+002, 2.4699983E+002, 2.4601649E+002, 2.1815245E+002, 1.8034786E+002, 1.6658295E+002, 1.7842693E+002, 1.6001684E+002, 1.4650797E+002, 1.4175933E+002, 1.3584442E+002,-1.4361614E+000,-1.5605562E+000,-1.5111576E+000,-1.4733067E+000,-1.5958910E+000,-1.5637466E+000,-2.2704239E+000,-2.0262941E+000,-1.4025864E+000,-1.5335008E+000,-1.2340635E+000,-1.2230261E+000,-1.8442259E+000,-2.1206473E+000, 2.1673130E-001, 3.4562049E+000, 5.1383823E+000, 5.3005218E+000, 4.8243754E+000, 4.3695749E+000, 3.7101103E+000, 3.7978889E+000, 3.3276766E+000, 1.0079480E+004, 1.9045112E+000, 5.0257918E+000, 3.0830279E+000
 2.5200414E+002, 1.3827233E+002, 1.4143358E+002, 1.4795421E+002, 1.5551692E+002, 1.5571230E+002, 1.6639708E+002, 1.7146733E+002, 1.6884824E+002, 1.7347187E+002, 1.7520664E+002, 1.7483541E+002, 1.8528772E+002, 1.9951860E+002, 2.3162505E+002, 2.7607907E+002, 2.1816031E+002, 2.2107826E+002, 1.7202601E+002, 1.3946186E+002, 1.6622515E+002, 1.4601993E+002, 1.3194711E+002, 1.3884748E+002,-1.6751758E+000,-1.4740563E+000,-1.5333456E+000,-1.6597651E+000,-1.6745023E+000,-2.0361092E+000,-2.1225706E+000,-1.6277391E+000,-1.7643419E+000,-1.6837174E+000,-1.4601731E+000,-1.5983934E+000,-1.5370747E+000,-1.5521215E+000,-5.5603996E-001, 5.0900169E+000, 5.7347805E+000, 4.6505369E+000, 4.9369519E+000, 4.4100278E+000, 3.3197395E+000, 3.3984696E+000, 3.4851291E+000, 9.7233602E+003, 1.7735599E+000, 4.9149915E+000, 4.4695642E+000
 2.5300002E+002, 1.3780807E+002, 1.3705378E+002, 1.4347953E+002, 1.5400412E+002, 1.5774889E+002, 1.6701030E+002, 1.6674864E+002, 1.6786065E+002, 1.7440040E+002, 1.7410776E+002, 1.7642462E+002, 1.8622924E+002, 1.9951861E+002, 2.1401991E+002, 2.5663302E+002, 2.0295282E+002, 1.8871852E+002, 2.0665946E+002, 1.9594964E+002, 1.3975873E+002, 1.5993785E+002, 1.4049528E+002, 1.3085928E+002,-1.4597791E+000,-1.3894197E+000,-1.3640267E+000,-1.5765657E+000,-1.6787360E+000,-1.9856596E+000,-1.6093676E+000,-1.3934737E+000,-1.6935502E+000,-1.1588632E+000,-1.7754660E+000,-1.6935357E+000,-2.3613721E+000,-1.5891201E+000, 5.9044365E-001, 3.2734294E+000, 5.2497906E+000, 5.4524081E+000, 4.8426748E+000, 4.4383996E+000, 4.0463693E+000, 3.8787788E+000, 3.4658064E+000, 1.0184847E+004, 1.6989325E+000, 5.2042107E+000, 2.9951750E+000
 2.5400367E+002, 1.3488988E+002, 1.3683732E+002, 1.4605063E+002, 1.5260345E+002, 1.6405726E+002, 1.6566358E+002, 1.6293380E+002, 1.6770979E+002, 1.7197723E+002, 1.7712639E+002, 1.7399855E+002, 1.8996182E+002, 1.7875322E+002, 1.9537713E+002, 2.6332899E+002, 2.1517491E+002, 1.7299383E+002, 1.3305739E+002, 1.7940462E+002, 1.8602024E+002, 1.4619312E+002, 1.5219453E+002, 1.3695368E+002,-1.3357645E+000,-1.2691093E+000,-1.4823485E+000,-1.7507234E+000,-2.1551621E+000,-1.6164689E+000,-1.4449035E+000,-1.6415047E+000,-1.5554461E+000,-1.7897885E+000,-1.9054322E+000,-2.4312662E+000,-1.3059251E+000,-1.5868554E+000, 1.8207693E-001, 4.6829723E+000, 4.4689413E+000, 4.0334079E+000, 4.4295493E+000, 4.3615562E+000, 4.0269019E+000, 4.0635723E+000, 3.9058402E+000, 9.9284119E+003, 1.7521213E+000, 5.1204993E+000, 3.8244153E+000
 2.5500139E+002, 1.3383866E+002, 1.3966407E+002, 1.4908299E+002, 1.6095501E+002, 1.5985933E+002, 1.6297782E+002, 1.6290444E+002, 1.7042122E+002, 1.7413071E+002, 1.7632164E+002, 1.7960540E+002, 1.7718406E+002, 1.7530279E+002, 2.2512791E+002, 2.6262913E+002, 2.1832774E+002, 1.8886812E+002, 1.7538798E+002, 1.3193534E+002, 1.5236928E+002, 1.5045605E+002, 1.4176793E+002, 1.3790137E+002,-1.3763552E+000,-1.3501915E+000,-1.7126025E+000,-2.2129816E+000,-1.6431457E+000,-1.4645569E+000,-1.5164952E+000,-1.5848419E+000,-1.5193961E+000,-1.8414268E+000,-1.9252236E+000,-1.3287416E+000,-1.4607072E+000,-3.4539284E+000, 1.2125539E+000, 4.5769377E+000, 5.4323033E+000, 5.0503117E+000, 4.2303745E+000, 3.7409781E+000, 3.5886073E+000, 4.1423956E+000, 3.4540499E+000, 9.8725552E+003, 1.7481580E+000, 4.9716402E+000, 3.5284015E+000
 2.5600337E+002, 1.3516660E+002, 1.4081555E+002, 1.4826311E+002, 1.5663544E+002, 1.6050669E+002, 1.5881798E+002, 1.6770829E+002, 1.6780256E+002, 1.7453074E+002, 1.7202151E+002, 1.7092402E+002, 1.7709061E+002, 1.9187064E+002, 2.1063323E+002, 2.3607716E+002, 2.3677745E+002, 1.8977433E+002, 1.8237770E+002, 1.6167415E+002, 1.4563786E+002, 1.4481221E+002, 1.4525957E+002, 1.4424869E+002,-1.3044729E+000,-1.3066210E+000,-1.6629596E+000,-1.8259077E+000,-1.5614664E+000,-1.3207130E+000,-1.4709581E+000,-1.6003529E+000,-1.8703882E+000,-1.7906908E+000,-1.3659478E+000,-1.0642920E+000,-1.9840520E+000,-1.0569872E+000, 4.2814407E-001, 4.4937294E+000, 5.7732626E+000, 5.3461616E+000, 4.6838261E+000, 3.9120315E+000, 3.1521721E+000, 3.8861752E+000, 3.6483739E+000, 1.0138214E+004, 1.7302982E+000, 4.9152210E+000, 4.1790244E+000
 2.5700321E+002, 1.3258345E+002, 1.3885202E+002, 1.4793077E+002, 1.5535850E+002, 1.5905298E+002, 1.6322174E+002, 1.6325801E+002, 1.6864298E+002, 1.7161413E+002, 1.7027678E+002, 1.7267638E+002, 1.7691623E+002, 1.7781010E+002, 2.1940859E+002, 2.7901305E+002, 2.0324643E+002, 1.9600968E+002, 1.7385233E+002, 1.4326907E+002, 1.5632471E+002, 1.4351118E+002, 1.4152771E+002, 1.3729839E+002,-1.1029154E+000,-1.2386421E+000,-1.6963161E+000,-1.7277319E+000,-1.5385249E+000,-1.5265316E+000,-1.4077294E+000,-1.7511969E+000,-1.5417942E+000,-1.6997807E+000,-1.1734946E+000,-1.3753401E+000,-1.3141176E+000,-3.6258615E+000, 1.5689205E+000, 3.9068857E+000, 4.8318508E+000, 5.3371431E+000, 5.0683488E+000, 4.4044359E+000, 3.6355780E+000, 3.7377816E+000, 3.5224868E+000, 9.8183248E+003, 1.7153115E+000, 5.1012897E+000, 3.3715801E+000
 2.5800247E+002, 1.2887515E+002, 1.4033620E+002, 1.5366387E+002, 1.5628064E+002, 1.4968068E+002, 1.6541073E+002, 1.5813425E+002, 1.6957798E+002, 1.6654285E+002, 1.6810691E+002, 1.6817056E+002, 1.7795254E+002, 1.9901805E+002, 1.9912695E+002, 2.3756372E+002, 2.2508291E+002, 1.8145769E+002, 1.6915991E+002, 1.7302783E+002, 1.4313388E+002, 1.5257317E+002, 1.4088874E+002, 1.4051538E+002,-1.2481261E+000,-1.5147651E+000,-1.9105912E+000,-1.5390516E+000,-1.3233621E+000,-1.4325331E+000,-1.3508288E+000,-1.7670062E+000,-1.6012809E+000,-1.2727869E+000,-1.5327033E+000,-1.2189058E+000,-1.8856501E+000,-2.0599539E+000, 5.1382856E-001, 4.5741617E+000, 4.7283232E+000, 4.7806195E+000, 4.7524887E+000, 5.0024468E+000, 3.3337026E+000, 3.3027953E+000, 3.4765461E+000, 1.0012326E+004, 1.8028451E+000, 5.1737833E+000, 3.8605106E+000
 2.5900272E+002, 1.3214801E+002, 1.4236358E+002, 1.4712251E+002, 1.5371237E+002, 1.6269811E+002, 1.5770956E+002, 1.6416157E+002, 1.6803810E+002, 1.6447065E+002, 1.6672641E+002, 1.7462443E+002, 1.9236690E+002, 1.8095888E+002, 1.8080639E+002, 2.4114078E+002, 2.3583967E+002, 2.0124284E+002, 1.7453936E+002, 1.7539978E+002, 1.4796263E+002, 1.5623647E+002, 1.4681915E+002, 1.3919846E+002,-1.4071395E+000,-1.5127310E+000,-1.5379883E+000,-1.5242666E+000,-1.5272911E+000,-1.4112292E+000,-1.7112340E+000,-1.7303811E+000,-1.5831986E+000,-1.3629549E+000,-1.4501220E+000,-1.9745197E+000,-1.7243503E+000,-2.0832978E+000, 7.6099168E-001, 4.5185048E+000, 5.3086547E+000, 4.9576429E+000, 4.3368954E+000, 4.5073428E+000, 4.1551638E+000, 3.5986308E+000, 3.3338151E+000, 1.0179154E+004, 1.7455228E+000, 5.1714452E+000, 3.7650566E+000
 2.6000361E+002, 1.3274277E+002, 1.4180495E+002, 1.4741416E+002, 1.5607961E+002, 1.5636135E+002, 1.5472385E+002, 1.6468789E+002, 1.6338230E+002, 1.6522517E+002, 1.6659733E+002, 1.7415901E+002, 1.7638443E+002, 1.8202753E+002, 1.9755472E+002, 2.0087575E+002, 2.0587975E+002, 1.7937501E+002, 1.7512304E+002, 1.7275979E+002, 1.6226933E+002, 1.4243305E+002, 1.4522959E+002, 1.3566155E+002,-1.4540421E+000,-1.5434324E+000,-1.4762721E+000,-1.6200030E+000,-1.6080772E+000,-1.5002717E+000,-1.5220832E+000,-1.5420509E+000,-1.5516369E+000,-1.6257236E+000,-1.4459578E+000,-1.7539056E+000,-1.4272117E+000,-2.4732701E+000,-1.8534324E-001, 3.7488209E+000, 5.1501486E+000, 5.3627926E+000, 4.8915739E+000, 4.1940398E+000, 3.8471909E+000, 3.8039268E+000, 3.5526836E+000, 1.0102654E+004, 1.7255708E+000, 5.0460663E+000, 3.2502590E+000
 2.6100490E+002, 1.2785030E+002, 1.4655394E+002, 1.4597641E+002, 1.5910034E+002, 1.5686953E+002, 1.6168988E+002, 1.6513015E+002, 1.6125229E+002, 1.6509630E+002, 1.6812206E+002, 1.7307117E+002, 1.8162869E+002, 1.8758979E+002, 1.9801559E+002, 2.4980587E+002, 1.7360229E+002, 1.6781643E+002, 1.6042316E+002, 1.6412332E+002, 1.7226727E+002, 1.4758425E+002, 1.3906628E+002, 1.4087912E+002,-1.3442052E+000,-1.6318458E+000,-1.4513086E+000,-1.7399092E+000,-1.6121513E+000,-1.5942140E+000,-1.4572601E+000,-1.6117263E+000,-1.6705232E+000,-1.4252847E+000,-1.7520463E+000,-1.6515289E+000,-2.2333267E+000,-3.5313254E+000, 7.5432601E-001, 3.1166776E+000, 3.9523599E+000, 4.5806442E+000, 4.8169316E+000, 4.4257474E+000, 3.1051255E+000, 3.9334429E+000, 3.6644154E+000, 9.7349546E+003, 1.6529677E+000, 4.9966111E+000, 2.5866285E+000
 2.6200118E+002, 1.2887774E+002, 1.4255243E+002, 1.4585263E+002, 1.5372822E+002, 1.5596583E+002, 1.6170336E+002, 1.6024611E+002, 1.6152896E+002, 1.6396362E+002, 1.7333194E+002, 1.7403935E+002, 1.7908913E+002, 1.9556872E+002, 1.7732230E+002, 2.5598125E+002, 2.2302843E+002, 1.9455505E+002, 1.4860140E+002, 1.4226812E+002, 1.5484777E+002, 1.5282426E+002, 1.4133431E+002, 1.3799291E+002,-1.5136749E+000,-1.5534556E+000,-1.4627502E+000,-1.6386875E+000,-1.5513297E+000,-1.4613813E+000,-1.3244766E+000,-1.5693570E+000,-1.5518138E+000,-1.8309876E+000,-1.5018781E+000,-1.9401463E+000,-2.4948424E+000,-1.7158644E+000, 1.8591186E+000, 4.3853900E+000, 4.7319754E+000, 3.6195335E+000, 3.8701317E+000, 4.1591696E+000, 3.7017674E+000, 3.7835034E+000, 3.8021434E+000, 1.0295607E+004, 1.6315953E+000, 5.1627217E+000, 3.7342070E+000
 2.6300171E+002, 1.3408623E+002, 1.4203874E+002, 1.4938322E+002, 1.4964469E+002, 1.5689917E+002, 1.6093583E+002, 1.5865752E+002, 1.6078112E+002, 1.7159833E+002, 1.6720664E+002, 1.7777397E+002, 1.8779129E+002, 1.8171103E+002, 1.9517114E+002, 2.6441184E+002, 2.2940487E+002, 2.1181883E+002, 1.8089861E+002, 1.5831783E+002, 1.3737357E+002, 1.5062959E+002, 1.3925145E+002, 1.3249355E+002,-1.3282567E+000,-1.5149945E+000,-1.6276705E+000,-1.4920672E+000,-1.6409419E+000,-1.3145984E+000,-1.4140986E+000,-1.4904087E+000,-1.8328089E+000,-1.3966817E+000,-1.8781011E+000,-1.6032896E+000,-1.5178306E+000,-1.4989925E+000, 5.9436326E-002, 5.0453908E+000, 5.7704224E+000, 5.1586093E+000, 2.8748097E+000, 2.5279122E+000, 2.8784500E+000, 3.5599669E+000, 3.4817240E+000, 9.8624987E+003, 1.6675032E+000, 4.8977904E+000, 4.5244073E+000
 2.6400315E+002, 1.3348745E+002, 1.4130143E+002, 1.5044596E+002, 1.5160345E+002, 1.5865211E+002, 1.5461447E+002, 1.5792641E+002, 1.6430940E+002, 1.6277643E+002, 1.6859169E+002, 1.7750895E+002, 1.7244206E+002, 1.8660312E+002, 2.4526606E+002, 2.3803064E+002, 2.0059726E+002, 1.9231035E+002, 1.9671323E+002, 1.5208595E+002, 1.4783541E+002, 1.4292534E+002, 1.4543474E+002, 1.3951362E+002,-1.3195174E+000,-1.5364119E+000,-1.7418550E+000,-1.5681119E+000,-1.4670504E+000,-1.4439183E+000,-1.3386022E+000,-1.6132971E+000,-1.5666263E+000,-1.6022395E+000,-1.6121448E+000,-1.7191270E+000,-1.7904959E+000,-2.8136276E+000, 1.6048619E+000, 3.7534011E+000, 5.0951744E+000, 5.4954869E+000, 4.6315565E+000, 2.3285219E+000, 3.3511464E+000, 3.5760934E+000, 3.2617461E+000, 9.9952461E+003, 1.6746900E+000, 4.9287420E+000, 3.0976577E+000
 2.6500087E+002, 1.3501197E+002, 1.3564065E+002, 1.4543255E+002, 1.5361874E+002, 1.5502332E+002, 1.5547894E+002, 1.5918583E+002, 1.6604241E+002, 1.6450418E+002, 1.6976508E+002, 1.7062442E+002, 1.8001964E+002, 2.0085216E+002, 2.2425081E+002, 2.5082476E+002, 2.0288772E+002, 1.7351157E+002, 1.7014186E+002, 1.7064922E+002, 1.5134029E+002, 1.3532124E+002, 1.3873309E+002, 1.4024693E+002,-1.2051046E+000,-1.5185420E+000,-1.6878786E+000,-1.6094384E+000,-1.4315751E+000,-1.4840345E+000,-1.4475218E+000,-1.9347311E+000,-1.5676360E+000,-1.5325574E+000,-1.6499970E+000,-2.1504382E+000,-2.7737347E+000,-1.3561605E+000, 1.8630144E+000, 4.6914286E+000, 4.9137505E+000, 4.6054461E+000, 4.9605990E+000, 4.3076583E+000, 2.1815253E+000, 3.4240613E+000, 3.6285096E+000, 9.8350519E+003, 1.7020066E+000, 4.7932252E+000, 3.4742770E+000
 2.6600106E+002, 1.3520449E+002, 1.3850685E+002, 1.4491491E+002, 1.5398304E+002, 1.4771352E+002, 1.5474899E+002, 1.6249263E+002, 1.6163899E+002, 1.6570832E+002, 1.6830998E+002, 1.7288624E+002, 1.9394226E+002, 1.9565100E+002, 2.1763194E+002, 2.2762131E+002, 2.1326642E+002, 1.9668244E+002, 1.6880378E+002, 1.6588360E+002, 1.4229815E+002, 1.4796490E+002, 1.3513969E+002, 1.4076729E+002,-1.3650123E+000,-1.6697527E+000,-1.6319815E+000,-1.4128695E+000,-1.5130947E+000,-1.4204019E+000,-1.6462588E+000,-1.5298141E+000,-1.6591745E+000,-1.8027242E+000,-1.5969778E+000,-2.2862526E+000,-2.3266501E+000,-1.2731510E+000, 1.8808897E+000, 4.3492008E+000, 5.4041876E+000, 5.3614183E+000, 4.3314220E+000, 4.3494487E+000, 3.3868121E+000, 3.2018272E+000, 3.2595350E+000, 1.0255857E+004, 1.6669669E+000, 5.3316113E+000, 3.9040879E+000
 2.6700385E+002, 1.3401916E+002, 1.4542800E+002, 1.4441757E+002, 1.4986984E+002, 1.5217106E+002, 1.5491991E+002, 1.5922611E+002, 1.5487919E+002, 1.6334155E+002, 1.7308612E+002, 1.8723955E+002, 1.7737706E+002, 1.7355303E+002, 1.9210420E+002, 2.0208152E+002, 1.8314389E+002, 1.6928970E+002, 1.5345107E+002, 1.5458371E+002, 1.5924306E+002, 1.4691034E+002, 1.3355029E+002, 1.3642871E+002,-1.3434451E+000,-1.5679790E+000,-1.5674472E+000,-1.4038940E+000,-1.5353071E+000,-1.5228295E+000,-1.7389554E+000,-1.4556089E+000,-1.6922453E+000,-1.7535523E+000,-2.2813522E+000,-1.5525587E+000,-2.2432746E+000,-2.5610926E+000, 1.6959735E+000, 3.7954024E+000, 5.4786252E+000, 4.8881665E+000, 4.2105970E+000, 4.1427518E+000, 4.0272500E+000, 3.2255757E+000, 3.3296885E+000, 9.4467641E+003, 1.6160605E+000, 4.8257167E+000, 2.9495489E+000
 2.6800453E+002, 1.3438413E+002, 1.4418673E+002, 1.4615668E+002, 1.4586694E+002, 1.5205675E+002, 1.5853174E+002, 1.5398649E+002, 1.6051551E+002, 1.6778519E+002, 1.7517641E+002, 1.7534025E+002, 1.8867490E+002, 1.6996617E+002, 2.3293328E+002, 2.3753603E+002, 2.0070233E+002, 1.7544113E+002, 1.3390392E+002, 1.5397088E+002, 1.5527296E+002, 1.4635422E+002, 1.4380030E+002, 1.3443668E+002,-1.3245565E+000,-1.6020630E+000,-1.5722133E+000,-1.3591454E+000,-1.4082791E+000,-1.8569434E+000,-1.4772921E+000,-1.7757057E+000,-1.9922384E+000,-2.0526223E+000,-1.6319305E+000,-2.3481944E+000,-2.0881098E+000,-3.0756623E+000, 7.4678329E-001, 3.9997918E+000, 4.0471369E+000, 4.7198289E+000, 4.1416201E+000, 3.4640126E+000, 3.2626112E+000, 4.1389188E+000, 3.0557367E+000, 1.0533815E+004, 1.6765321E+000, 5.1169767E+000, 4.0200528E+000
 2.6900007E+002, 1.3608450E+002, 1.3960202E+002, 1.4582785E+002, 1.5027036E+002, 1.5437061E+002, 1.5013043E+002, 1.5514955E+002, 1.6407013E+002, 1.6842019E+002, 1.6913244E+002, 1.8191484E+002, 1.7976003E+002, 1.9639631E+002, 2.1554646E+002, 2.5173802E+002, 1.9721493E+002, 1.8418261E+002, 1.7894242E+002, 1.3401213E+002, 1.4942579E+002, 1.5330263E+002, 1.3964224E+002, 1.3905397E+002,-1.2231159E+000,-1.5555670E+000,-1.4949488E+000,-1.4496755E+000,-1.6922553E+000,-1.5177901E+000,-1.7636966E+000,-1.7700203E+000,-1.8385752E+000,-1.7115234E+000,-2.2247516E+000,-2.0236155E+000,-2.5379658E+000,-2.7228104E+000, 1.4894147E+000, 4.4584428E+000, 4.9817954E+000, 3.8288722E+000, 4.5587998E+000, 3.6511734E+000, 3.6259075E+000, 3.6522218E+000, 3.4883121E+000, 9.9753291E+003, 1.6913043E+000, 5.0091910E+000, 3.6319782E+000
 2.7000345E+002, 1.3879841E+002, 1.4006123E+002, 1.4400901E+002, 1.5131184E+002, 1.5067309E+002, 1.4636127E+002, 1.5764462E+002, 1.6417942E+002, 1.7004057E+002, 1.7388143E+002, 1.8264322E+002, 1.7692120E+002, 1.8587154E+002, 2.3146544E+002, 2.2193399E+002, 2.2038532E+002, 1.9639018E+002, 1.6716048E+002, 1.6504209E+002, 1.4370525E+002, 1.3910656E+002, 1.4946598E+002, 1.4032888E+002,-1.5137306E+000,-1.6493522E+000,-1.6139845E+000,-1.3690001E+000,-1.7439850E+000,-1.5286757E+000,-1.8371384E+000,-1.5949707E+000,-1.9922922E+000,-1.8534625E+000,-1.7535512E+000,-1.4245705E+000,-1.9666723E+000,-2.6614579E+000, 3.7845030E-001, 4.4541136E+000, 5.0936395E+000, 4.7932440E+000, 4.4239870E+000, 3.7032395E+000, 3.1411527E+000, 4.1931100E+000, 3.2360248E+000, 9.9473072E+003, 1.7311372E+000, 5.4356931E+000, 3.8542135E+000
 2.7100044E+002, 1.3748425E+002, 1.4086371E+002, 1.4411941E+002, 1.5205771E+002, 1.4307550E+002, 1.5336961E+002, 1.6040381E+002, 1.6501593E+002, 1.6512945E+002, 1.7234479E+002, 1.7606140E+002, 1.7371960E+002, 1.9938277E+002, 2.6333247E+002, 2.8235619E+002, 2.0575730E+002, 2.0057324E+002, 2.0050042E+002, 1.7681473E+002, 1.5449217E+002, 1.4444633E+002, 1.4235111E+002, 1.4032877E+002,-1.3731022E+000,-1.4460940E+000,-1.5753906E+000,-1.7286782E+000,-1.6338903E+000,-1.7530144E+000,-1.6520216E+000,-1.4846607E+000,-1.6355982E+000,-1.9152092E+000,-1.2498985E+000,-1.0673904E+000,-1.8006368E+000,-3.2783522E+000, 2.5593557E+000, 3.9934183E+000, 4.7101607E+000, 5.0004226E+000, 4.6158915E+000, 4.4881947E+000, 3.8480867E+000, 3.8076210E+000, 3.6613731E+000, 9.7949626E+003, 1.7324651E+000, 4.8073162E+000, 3.2100012E+000
 2.7200479E+002, 1.3625981E+002, 1.4009886E+002, 1.4448165E+002, 1.4562695E+002, 1.4805319E+002, 1.5502042E+002, 1.6229084E+002, 1.6491507E+002, 1.7236646E+002, 1.7595153E+002, 1.7522397E+002, 1.8268904E+002, 1.8834157E+002, 2.2574752E+002, 2.4111245E+002, 2.3033048E+002, 1.9900651E+002, 1.7186370E+002, 1.7825627E+002, 1.7565684E+002, 1.4905219E+002, 1.3657748E+002, 1.3929989E+002,-1.6281583E+000,-1.5121163E+000,-1.6256665E+000,-1.7875129E+000,-1.6761346E+000,-1.7505413E+000,-1.5812395E+000,-1.8788193E+000,-1.7841191E+000,-1.4964403E+000,-1.5641268E+000,-1.4195119E+000,-1.8347174E+000,-1.8692173E+000, 1.0987083E+000, 4.3070480E+000, 4.8295729E+000, 4.6423686E+000, 4.2802180E+000, 4.1424974E+000, 3.4480100E+000, 3.3157047E+000, 3.1130008E+000, 1.0232321E+004, 1.6921021E+000, 5.0247235E+000, 4.4968514E+000
 2.7300532E+002, 1.3558320E+002, 1.3948965E+002, 1.4383752E+002, 1.4410010E+002, 1.4932895E+002, 1.5895091E+002, 1.6241417E+002, 1.6128570E+002, 1.6616887E+002, 1.6765877E+002, 1.7155323E+002, 1.8831641E+002, 1.9352910E+002, 1.6843094E+002, 2.2342119E+002, 1.8709505E+002, 1.6656109E+002, 1.9140776E+002, 1.8549026E+002, 1.6870397E+002, 1.5426510E+002, 1.4071549E+002, 1.3392819E+002,-1.4869915E+000,-1.4308785E+000,-1.6603619E+000,-1.6014585E+000,-1.4790882E+000,-1.5944658E+000,-1.6200287E+000,-1.6186104E+000,-1.1991961E+000,-1.3275058E+000,-1.1272263E+000,-2.1391360E+000,-1.7771073E+000,-9.7653405E-001, 1.8077223E-001, 2.9622645E+000, 4.7262342E+000, 5.1181031E+000, 4.7724912E+000, 4.6095290E+000, 4.1326486E+000, 3.7731274E+000, 3.1617666E+000, 1.0087246E+004, 1.6963318E+000, 5.1829271E+000, 3.0261699E+000
 2.7400384E+002, 1.3246371E+002, 1.3693998E+002, 1.4674092E+002, 1.4030222E+002, 1.5388069E+002, 1.5964424E+002, 1.5934448E+002, 1.6510112E+002, 1.6469898E+002, 1.6779239E+002, 1.8108858E+002, 1.7385406E+002, 1.8069869E+002, 2.1483730E+002, 2.7163155E+002, 2.1246941E+002, 1.9304606E+002, 1.5975013E+002, 1.6138985E+002, 1.9476856E+002, 1.5757301E+002, 1.4454387E+002, 1.3691151E+002,-1.2691056E+000,-1.5232605E+000,-1.8174068E+000,-1.4522862E+000,-1.7799904E+000,-1.8092991E+000,-1.7305316E+000,-1.6219355E+000,-1.5973877E+000,-1.0749891E+000,-1.9680406E+000,-8.2504294E-001,-9.8325158E-001,-2.7037732E+000, 3.9769398E-001, 3.8800609E+000, 4.9219277E+000, 4.3725890E+000, 4.3690824E+000, 3.9926358E+000, 3.6614199E+000, 3.3390511E+000, 3.1814421E+000, 9.6015786E+003, 1.7300640E+000, 4.7635620E+000, 3.4535736E+000
 2.7500221E+002, 1.2928181E+002, 1.3334087E+002, 1.4411035E+002, 1.4745581E+002, 1.5448256E+002, 1.5767821E+002, 1.6166859E+002, 1.6213994E+002, 1.6232191E+002, 1.7008768E+002, 1.7669515E+002, 1.7221402E+002, 2.0011498E+002, 1.8240125E+002, 2.4290192E+002, 2.0665154E+002, 1.8105180E+002, 1.7411819E+002, 1.4984014E+002, 1.4343523E+002, 1.5966308E+002, 1.4486758E+002, 1.3632687E+002,-1.0514347E+000,-1.4830623E+000,-1.5888186E+000,-1.5482494E+000,-1.5648512E+000,-1.6825903E+000,-1.3471088E+000,-1.4351851E+000,-1.3125983E+000,-1.5179080E+000,-1.0543392E+000,-8.4345457E-001,-1.7174822E+000,-1.2738283E+000,-3.7964599E-001, 3.9138944E+000, 5.3773393E+000, 5.1478151E+000, 4.3222866E+000, 3.6888377E+000, 4.5901598E+000, 4.0432667E+000, 3.4268803E+000, 1.0212038E+004, 1.6952590E+000, 4.7631008E+000, 3.4508128E+000
 2.7600079E+002, 1.3085057E+002, 1.4031052E+002, 1.4039967E+002, 1.5131594E+002, 1.5667480E+002, 1.5728805E+002, 1.6085647E+002, 1.6003506E+002, 1.6408075E+002, 1.7424665E+002, 1.6703346E+002, 1.8368608E+002, 2.0224871E+002, 2.3168066E+002, 2.5587836E+002, 2.3222841E+002, 1.7379341E+002, 1.5061236E+002, 1.6777445E+002, 1.5064246E+002, 1.5810713E+002, 1.5528759E+002, 1.4505079E+002,-1.3746241E+000,-1.4725936E+000,-1.7707344E+000,-1.7584161E+000,-1.7851671E+000,-1.6587981E+000,-1.5272858E+000,-1.6054212E+000,-1.3695702E+000,-1.4833759E+000,-1.0805818E+000,-2.9111980E+000,-2.3096277E+000,-2.8508253E+000,-9.8509252E-003, 4.0922075E+000, 4.6733925E+000, 5.1537253E+000, 4.7463486E+000, 3.3699582E+000, 3.4790604E+000, 4.4687654E+000, 3.3351982E+000, 9.8049482E+003, 1.6824106E+000, 5.4141830E+000, 3.6027452E+000
 2.7700066E+002, 1.3098627E+002, 1.3728640E+002, 1.3882851E+002, 1.5259570E+002, 1.5425505E+002, 1.5806577E+002, 1.6141851E+002, 1.6141674E+002, 1.6665667E+002, 1.6967706E+002, 1.8313024E+002, 2.0628930E+002, 2.0278849E+002, 2.1595161E+002, 2.2760868E+002, 1.9776255E+002, 2.1403959E+002, 1.8969648E+002, 1.4754873E+002, 1.5676314E+002, 1.4612366E+002, 1.4910167E+002, 1.4548118E+002,-1.3254885E+000,-1.6781312E+000,-1.4497645E+000,-1.6686879E+000,-1.5951417E+000,-1.3186810E+000,-1.5341309E+000,-1.3375100E+000,-1.4231845E+000,-1.3612362E+000,-1.8504505E+000,-2.2944109E+000,-1.5324167E+000,-2.8283097E+000, 1.4391745E+000, 3.9991587E+000, 5.1305380E+000, 4.2372856E+000, 4.4177094E+000, 4.2306067E+000, 2.9664784E+000, 4.1244884E+000, 4.1002634E+000, 9.9057320E+003, 1.6633516E+000, 5.1399694E+000, 3.3916823E+000
 2.7800455E+002, 1.2873978E+002, 1.3631210E+002, 1.3395537E+002, 1.5221996E+002, 1.5376042E+002, 1.5630081E+002, 1.5783981E+002, 1.6232972E+002, 1.6799738E+002, 1.7633304E+002, 1.8784209E+002, 1.8891268E+002, 1.9292434E+002, 2.1467321E+002, 2.7926569E+002, 2.2937702E+002, 1.7411474E+002, 1.6772966E+002, 1.8478908E+002, 1.5809598E+002, 1.5297533E+002, 1.4183475E+002, 1.4697387E+002,-1.3951331E+000,-1.6267543E+000,-1.3636990E+000,-1.7566706E+000,-1.5015485E+000,-1.7726334E+000,-1.5738679E+000,-1.6583060E+000,-1.5260198E+000,-1.6300128E+000,-1.8638793E+000,-1.7523980E+000,-1.7228507E+000,-3.2484114E+000, 4.8538499E-001, 4.2818301E+000, 5.0075083E+000, 4.7353465E+000, 3.6035839E+000, 2.9210855E+000, 4.0492309E+000, 3.3982044E+000, 3.6300049E+000, 9.9733163E+003, 1.7619176E+000, 4.9171231E+000, 4.1624337E+000
 2.7900235E+002, 1.3157024E+002, 1.3629125E+002, 1.4442337E+002, 1.5086427E+002, 1.5450550E+002, 1.5531061E+002, 1.5907208E+002, 1.6278951E+002, 1.6749380E+002, 1.7943325E+002, 1.8777927E+002, 1.8373809E+002, 1.8525111E+002, 2.3356010E+002, 2.3236909E+002, 2.2801664E+002, 1.9233838E+002, 1.8270599E+002, 1.5133129E+002, 1.6405355E+002, 1.4472628E+002, 1.4477272E+002, 1.4243125E+002,-1.3511125E+000,-1.5695829E+000,-1.7089511E+000,-1.5137535E+000,-1.5740265E+000,-1.6014135E+000,-1.2629175E+000,-1.4139297E+000,-1.5254842E+000,-1.8861931E+000,-1.7670548E+000,-2.1962119E+000,-1.5469762E+000,-2.1423415E+000, 1.9556681E+000, 4.5859065E+000, 5.3087145E+000, 4.9234384E+000, 4.7944309E+000, 4.1852744E+000, 2.8469352E+000, 3.9103921E+000, 3.7595814E+000, 1.0488329E+004, 1.7450242E+000, 5.2797112E+000, 3.7862343E+000
 2.8000236E+002, 1.2959598E+002, 1.3689828E+002, 1.4593973E+002, 1.4952727E+002, 1.5488332E+002, 1.5450729E+002, 1.6100196E+002, 1.6672299E+002, 1.7513752E+002, 1.7485007E+002, 1.9239555E+002, 1.8664388E+002, 2.1144475E+002, 2.4392309E+002, 2.4182158E+002, 2.0485925E+002, 1.7007935E+002, 1.7155397E+002, 1.7612243E+002, 1.6884414E+002, 1.6728167E+002, 1.3973549E+002, 1.3849044E+002,-1.4361048E+000,-1.9059349E+000,-1.7743319E+000,-1.4834855E+000,-1.6667999E+000,-1.4569659E+000,-1.5494403E+000,-1.7768286E+000,-2.1190155E+000,-1.4310236E+000,-2.2181561E+000,-1.8739747E+000,-2.0713418E+000,-2.6339935E+000, 2.1776727E+000, 3.1540408E+000, 5.0368760E+000, 4.9784715E+000, 3.9111326E+000, 3.8178950E+000, 3.6264749E+000, 3.7719778E+000, 3.0208155E+000, 9.3591427E+003, 1.7177250E+000, 4.8542729E+000, 2.9452862E+000
 2.8100055E+002, 1.2840481E+002, 1.3250207E+002, 1.4593947E+002, 1.5225315E+002, 1.5338132E+002, 1.5317423E+002, 1.6364845E+002, 1.6787753E+002, 1.6841787E+002, 1.8365444E+002, 1.8819482E+002, 1.8762907E+002, 2.2163306E+002, 2.0573730E+002, 2.2744368E+002, 2.0178503E+002, 1.9675061E+002, 1.6154103E+002, 1.5059359E+002, 1.6662235E+002, 1.5390170E+002, 1.4204653E+002, 1.3662983E+002,-1.4421818E+000,-1.9334051E+000,-1.7072137E+000,-1.6061939E+000,-1.3689909E+000,-1.7081238E+000,-1.6809789E+000,-1.7186414E+000,-1.6616608E+000,-1.8472658E+000,-1.6516761E+000,-1.7431108E+000,-1.3126735E+000,-9.3826472E-001, 1.4647776E+000, 4.2371238E+000, 4.7368460E+000, 4.5652516E+000, 4.9024226E+000, 4.0841840E+000, 3.3127521E+000, 3.3860567E+000, 4.0380155E+000, 1.0345637E+004, 1.7606443E+000, 5.1190027E+000, 3.2544415E+000
 2.8200561E+002, 1.2556613E+002, 1.3500304E+002, 1.4448429E+002, 1.5159350E+002, 1.5267625E+002, 1.5963067E+002, 1.6124825E+002, 1.7087458E+002, 1.7581082E+002, 1.7665008E+002, 1.8520435E+002, 1.8353044E+002, 2.0432215E+002, 2.3250847E+002, 2.2585779E+002, 2.1180432E+002, 1.9067873E+002, 1.9651005E+002, 1.7171367E+002, 1.4415279E+002, 1.5513596E+002, 1.4616115E+002, 1.3430963E+002,-9.9786840E-001,-1.8064836E+000,-1.4886285E+000,-1.5219251E+000,-1.3400045E+000,-1.6489784E+000,-1.7563794E+000,-1.7620522E+000,-1.8327680E+000,-1.6784112E+000,-1.4306807E+000,-1.8651346E+000,-1.5263676E+000,-2.8461906E+000, 8.0564412E-001, 4.0197523E+000, 5.0968789E+000, 4.6166511E+000, 4.0570930E+000, 3.0905317E+000, 3.5620138E+000, 3.7274903E+000, 3.1555324E+000, 9.7996986E+003, 1.7810320E+000, 5.1311536E+000, 3.4846432E+000
 2.8300141E+002, 1.2832762E+002, 1.4066862E+002, 1.4291195E+002, 1.5045580E+002, 1.5489224E+002, 1.5845467E+002, 1.6562872E+002, 1.6942355E+002, 1.7345386E+002, 1.8000008E+002, 1.7738846E+002, 2.0810934E+002, 2.1450650E+002, 2.1652952E+002, 2.6407254E+002, 2.1850307E+002, 2.1013174E+002, 1.9652852E+002, 1.7486414E+002, 1.5043365E+002, 1.5036262E+002, 1.4188875E+002, 1.4771090E+002,-1.4299452E+000,-1.7279144E+000,-1.3490339E+000,-1.4186500E+000,-1.8416393E+000,-1.7087308E+000,-1.8889510E+000,-1.9138878E+000,-1.7184609E+000,-1.4239572E+000,-1.4671218E+000,-1.3641862E+000,-2.7462039E+000,-1.5815661E+000, 1.4009822E+000, 4.0049853E+000, 5.0131025E+000, 5.5774929E+000, 4.2563504E+000, 3.2582040E+000, 3.7234353E+000, 3.0590281E+000, 3.6886517E+000, 1.0399113E+004, 1.7808819E+000, 5.2718613E+000, 3.6528386E+000
 2.8400273E+002, 1.2686190E+002, 1.4109548E+002, 1.4376600E+002, 1.4752233E+002, 1.5746094E+002, 1.5844260E+002, 1.6612346E+002, 1.6966418E+002, 1.7432217E+002, 1.7694290E+002, 1.8090173E+002, 1.9706467E+002, 1.8915292E+002, 2.4212657E+002, 2.3013020E+002, 2.2840812E+002, 1.5320345E+002, 1.3805372E+002, 1.7432332E+002, 1.7071433E+002, 1.3871610E+002, 1.4785179E+002, 1.3405105E+002,-1.5353716E+000,-1.6513843E+000,-1.7272862E+000,-1.6343966E+000,-1.6269613E+000,-1.7204605E+000,-1.9199388E+000,-1.8557814E+000,-1.6570341E+000,-1.7772217E+000,-1.1864728E+000,-2.4196551E+000,-1.6990339E+000,-1.5322961E+000, 1.8761406E+000, 4.3089037E+000, 4.6209491E+000, 4.3719964E+000, 4.9972740E+000, 3.9629683E+000, 2.4469437E+000, 3.6767280E+000, 3.1123463E+000, 9.9208167E+003, 1.8087929E+000, 5.0671514E+000, 3.6567994E+000
 2.8500180E+002, 1.2956811E+002, 1.3912292E+002, 1.4586946E+002, 1.5493456E+002, 1.5577634E+002, 1.6043954E+002, 1.6678051E+002, 1.7004577E+002, 1.7524315E+002, 1.7558707E+002, 1.9641002E+002, 1.9221013E+002, 1.9583948E+002, 2.6826783E+002, 2.5347591E+002, 2.3122670E+002, 2.0171536E+002, 1.5738541E+002, 1.3468776E+002, 1.4472629E+002, 1.4903344E+002, 1.4166648E+002, 1.4144940E+002,-1.4714427E+000,-1.4999213E+000,-1.4569900E+000,-1.7117869E+000,-1.9663091E+000,-1.7928717E+000,-1.9834121E+000,-1.8022541E+000,-1.7816969E+000,-1.6148158E+000,-2.0378305E+000,-1.6618404E+000,-1.9350417E+000,-1.7608058E+000, 9.1885886E-001, 4.4249312E+000, 4.1431251E+000, 4.7259803E+000, 3.4656670E+000, 3.6667705E+000, 3.3588610E+000, 3.5902740E+000, 3.2486559E+000, 1.0179691E+004, 1.7781505E+000, 5.2519570E+000, 4.6178071E+000
 2.8600101E+002, 1.3269169E+002, 1.3636456E+002, 1.4534429E+002, 1.5485958E+002, 1.5657901E+002, 1.6255227E+002, 1.6287588E+002, 1.7218538E+002, 1.6969786E+002, 1.9206667E+002, 1.9954569E+002, 1.8180755E+002, 2.0287690E+002, 2.5730121E+002, 2.9116272E+002, 2.0614443E+002, 1.6809422E+002, 2.1607659E+002, 1.8007366E+002, 1.4373815E+002, 1.3366829E+002, 1.3933072E+002, 1.4273945E+002,-1.5123211E+000,-1.4806594E+000,-1.4495215E+000,-1.8483107E+000,-1.7128253E+000,-1.7186068E+000,-1.6125952E+000,-1.6872924E+000,-1.7236057E+000,-1.6613627E+000,-1.4811987E+000,-9.5233156E-001,-2.2904687E+000,-2.5818672E+000, 2.2184959E-001, 3.7273620E+000, 4.7693643E+000, 4.8246715E+000, 4.7247165E+000, 3.8653627E+000, 3.0974810E+000, 3.0158304E+000, 3.6441259E+000, 9.6794192E+003, 1.8343905E+000, 4.9448947E+000, 3.4361825E+000
 2.8700312E+002, 1.3336403E+002, 1.3639266E+002, 1.4214842E+002, 1.5280221E+002, 1.5924330E+002, 1.6146044E+002, 1.6789539E+002, 1.7148548E+002, 1.8345155E+002, 1.8824784E+002, 1.8193937E+002, 1.9804044E+002, 2.2659001E+002, 2.5839196E+002, 2.6088060E+002, 2.0899598E+002, 1.6208359E+002, 1.4388451E+002, 1.7418894E+002, 1.8113909E+002, 1.3768603E+002, 1.4203936E+002, 1.3930248E+002,-1.5695350E+000,-1.5330587E+000,-1.2833555E+000,-1.9483519E+000,-1.7440039E+000,-1.8176991E+000,-1.8833413E+000,-1.7716639E+000,-1.9420336E+000,-1.8453447E+000,-1.5482667E+000,-2.2058280E+000,-1.5281845E+000,-3.4817274E+000, 2.0309461E+000, 4.1642168E+000, 4.7403522E+000, 3.8923888E+000, 4.5203783E+000, 4.5906643E+000, 3.2843980E+000, 3.4486236E+000, 3.0845824E+000, 1.0146805E+004, 1.8118192E+000, 5.3676397E+000, 3.9818816E+000
 2.8800349E+002, 1.3237033E+002, 1.3925333E+002, 1.4333254E+002, 1.5394583E+002, 1.5977386E+002, 1.6172921E+002, 1.6905823E+002, 1.7094909E+002, 1.8587228E+002, 1.7994622E+002, 1.8550192E+002, 1.8502180E+002, 2.3165036E+002, 2.2475331E+002, 3.2319160E+002, 2.0297810E+002, 1.4557432E+002, 1.5250041E+002, 1.5426774E+002, 1.3970820E+002, 1.6264990E+002, 1.3132085E+002, 1.3552870E+002,-1.5152173E+000,-1.5721186E+000,-1.3559854E+000,-1.8805355E+000,-1.4759693E+000,-1.8171466E+000,-1.4954902E+000,-1.8402686E+000,-1.6427100E+000,-1.7305969E+000,-1.9113090E+000,-1.2628928E+000,-2.4233260E+000,-3.0344879E+000, 1.7621221E+000, 4.4839459E+000, 5.2816643E+000, 5.3293508E+000, 4.3044864E+000, 3.8621253E+000, 4.3201466E+000, 3.1577421E+000, 3.3387166E+000, 1.0037391E+004, 1.8718738E+000, 4.9012117E+000, 3.9513246E+000
 2.8900403E+002, 1.3072638E+002, 1.3828641E+002, 1.4791983E+002, 1.5725573E+002, 1.5865523E+002, 1.6499294E+002, 1.6775368E+002, 1.8123610E+002, 1.7888619E+002, 1.7685585E+002, 1.8002068E+002, 2.1347304E+002, 2.2415032E+002, 2.3925868E+002, 2.5853586E+002, 2.6810071E+002, 2.0080308E+002, 1.4790540E+002, 1.4079642E+002, 1.6663665E+002, 1.4251738E+002, 1.4325551E+002, 1.3329230E+002,-1.4114019E+000,-1.5257513E+000,-1.5717944E+000,-1.7536669E+000,-1.6794233E+000,-1.8357534E+000,-1.9247795E+000,-1.8526398E+000,-1.9467150E+000,-1.8122815E+000,-1.3130024E+000,-2.5756203E+000,-2.1059075E+000,-2.3109416E+000, 3.7595177E-001, 4.1690383E+000, 5.3096347E+000, 5.0409231E+000, 4.5330991E+000, 4.1203947E+000, 2.9031768E+000, 3.6413755E+000, 2.8333225E+000, 9.9572963E+003, 1.9680490E+000, 5.5954466E+000, 4.7971821E+000
 2.9000548E+002, 1.3326655E+002, 1.3990759E+002, 1.4505029E+002, 1.5677935E+002, 1.6151768E+002, 1.6687114E+002, 1.7471610E+002, 1.7368966E+002, 1.7419732E+002, 1.7478317E+002, 1.9657734E+002, 1.9996944E+002, 2.1049267E+002, 2.1084830E+002, 2.4567693E+002, 1.9646042E+002, 2.0102846E+002, 1.9401303E+002, 1.7419524E+002, 1.4446249E+002, 1.5253275E+002, 1.3177972E+002, 1.3388645E+002,-1.4135584E+000,-1.5255795E+000,-1.5030703E+000,-1.5555289E+000,-1.8927910E+000,-1.7368341E+000,-1.8386622E+000,-1.8657331E+000,-1.5965471E+000,-1.3135884E+000,-1.9798129E+000,-1.8684007E+000,-1.4634519E+000,-1.4054063E+000,-4.6383261E-001, 4.3006963E+000, 5.2681111E+000, 5.7025160E+000, 5.3923752E+000, 4.1223945E+000, 3.9001437E+000, 3.6206831E+000, 2.9841449E+000, 1.0074821E+004, 1.9100213E+000, 5.3276173E+000, 3.6494210E+000
 2.9100542E+002, 1.3006712E+002, 1.3914055E+002, 1.4900453E+002, 1.5364398E+002, 1.6418848E+002, 1.6937212E+002, 1.7061625E+002, 1.7112678E+002, 1.7338534E+002, 1.7721724E+002, 1.8414330E+002, 2.0126814E+002, 2.1693571E+002, 2.6866255E+002, 2.6153545E+002, 2.2042345E+002, 1.9189046E+002, 1.8748558E+002, 1.7884488E+002, 1.6600887E+002, 1.4552126E+002, 1.4060415E+002, 1.4070145E+002,-1.3692139E+000,-1.5159993E+000,-1.8684761E+000,-1.9311180E+000,-1.8873462E+000,-1.9351157E+000,-1.8412233E+000,-1.8295663E+000,-1.7663409E+000,-1.8332486E+000,-1.9503201E+000,-2.2245179E+000,-1.7153341E+000,-4.5008510E+000, 1.0223815E+000, 4.2278385E+000, 4.9159126E+000, 4.5767111E+000, 4.4745119E+000, 4.2712701E+000, 3.7867524E+000, 3.5487988E+000, 3.2824327E+000, 9.7839868E+003, 1.8580637E+000, 5.4158637E+000, 4.0193787E+000
 2.9200242E+002, 1.2631866E+002, 1.3896333E+002, 1.5095219E+002, 1.5976395E+002, 1.6510809E+002, 1.6704340E+002, 1.6872260E+002, 1.7273422E+002, 1.7397056E+002, 1.8067770E+002, 2.0045641E+002, 2.0581618E+002, 2.2985340E+002, 2.3374157E+002, 2.5315476E+002, 2.0481565E+002, 1.8635552E+002, 1.9996517E+002, 1.9084459E+002, 1.7395415E+002, 1.5024948E+002, 1.4450747E+002, 1.3746102E+002,-1.1079494E+000,-1.4373217E+000,-1.4413802E+000,-1.9233177E+000,-1.8875189E+000,-1.8342862E+000,-1.8097132E+000,-1.7327120E+000,-1.4898261E+000,-1.6865002E+000,-1.6536447E+000,-1.4997438E+000,-2.7275111E+000,-2.2280056E+000, 1.1240969E+000, 3.9172926E+000, 5.8552130E+000, 5.4459335E+000, 4.8505003E+000, 4.3910613E+000, 4.0666507E+000, 4.3050942E+000, 3.1738875E+000, 1.0005173E+004, 1.8457654E+000, 4.9775088E+000, 3.3092776E+000
 2.9300522E+002, 1.3099457E+002, 1.4108022E+002, 1.4792362E+002, 1.6127296E+002, 1.6550287E+002, 1.6365267E+002, 1.6714440E+002, 1.7183331E+002, 1.7554817E+002, 1.8226422E+002, 1.8706836E+002, 2.0889404E+002, 2.0156761E+002, 2.6329803E+002, 2.7890890E+002, 2.1169396E+002, 1.8644010E+002, 1.5940107E+002, 1.7408205E+002, 1.9101888E+002, 1.5279746E+002, 1.3849811E+002, 1.4347825E+002,-1.5540221E+000,-1.6845920E+000,-1.5846603E+000,-1.9828846E+000,-1.9942645E+000,-1.6363500E+000,-1.8262215E+000,-1.6148398E+000,-1.7238226E+000,-1.6501577E+000,-1.3175969E+000,-1.9571332E+000,-2.1582347E+000,-3.7050568E+000, 1.3074094E+000, 3.5861196E+000, 4.1924748E+000, 4.5807167E+000, 5.0453439E+000, 4.6836149E+000, 4.0309923E+000, 3.6603839E+000, 3.7030865E+000, 1.0375360E+004, 1.8442032E+000, 5.1767619E+000, 3.8041873E+000
 2.9400190E+002, 1.3401215E+002, 1.4384782E+002, 1.4868268E+002, 1.6235956E+002, 1.5908377E+002, 1.6192680E+002, 1.6987409E+002, 1.7320092E+002, 1.7802018E+002, 1.8372631E+002, 2.0747847E+002, 1.8453922E+002, 2.0845368E+002, 2.0471466E+002, 2.6351009E+002, 2.0696595E+002, 1.7300689E+002, 1.9076086E+002, 1.5906999E+002, 1.5793428E+002, 1.6739476E+002, 1.4313372E+002, 1.3709641E+002,-1.3325883E+000,-1.7744110E+000,-1.6119737E+000,-1.8069669E+000,-1.6308182E+000,-1.6873403E+000,-1.6616074E+000,-1.8481471E+000,-1.3090253E+000,-1.2901629E+000,-1.5427514E+000,-1.7784835E+000,-2.1360306E+000,-8.7503935E-001, 1.2967618E+000, 4.4623721E+000, 5.6719906E+000, 4.0532956E+000, 4.1523765E+000, 4.1984911E+000, 4.8454651E+000, 4.0305158E+000, 3.5477222E+000, 9.6360039E+003, 1.8325978E+000, 5.0768326E+000, 3.7177628E+000
 2.9500075E+002, 1.3296047E+002, 1.4344810E+002, 1.5338442E+002, 1.5886013E+002, 1.5990166E+002, 1.5913645E+002, 1.6566043E+002, 1.7470993E+002, 1.7887984E+002, 1.8264706E+002, 1.8970660E+002, 1.9692459E+002, 1.9265256E+002, 2.0640838E+002, 2.6193768E+002, 2.1291487E+002, 1.6164242E+002, 1.2466545E+002, 1.7677151E+002, 1.5984183E+002, 1.5557022E+002, 1.5972393E+002, 1.3615394E+002,-1.3689607E+000,-1.6859750E+000,-1.8837971E+000,-1.8076364E+000,-1.8194152E+000,-1.5752219E+000,-1.8476835E+000,-1.8139884E+000,-1.6640846E+000,-1.7250229E+000,-1.8809010E+000,-2.0651827E+000,-1.3931679E+000,-1.8697218E+000, 9.0302882E-001, 4.4381755E+000, 4.6384617E+000, 5.3120000E+000, 4.2367534E+000, 2.8740175E+000, 4.1982056E+000, 4.4735721E+000, 3.4621809E+000, 1.0234945E+004, 1.9140124E+000, 5.4046716E+000, 4.1360539E+000
 2.9600400E+002, 1.3285189E+002, 1.4193673E+002, 1.5546996E+002, 1.5960922E+002, 1.6366154E+002, 1.6435402E+002, 1.6827640E+002, 1.7543128E+002, 1.7800708E+002, 1.8839664E+002, 1.8694924E+002, 1.8908387E+002, 1.7369624E+002, 2.1535378E+002, 2.2986131E+002, 1.7805011E+002, 1.8177385E+002, 2.0611474E+002, 1.3907836E+002, 1.5281368E+002, 1.4454063E+002, 1.4744574E+002, 1.5191990E+002,-1.3667678E+000,-1.3371789E+000,-1.7203132E+000,-1.9255956E+000,-1.6772548E+000,-1.3824881E+000,-2.0079329E+000,-1.5624014E+000,-1.1947497E+000,-1.8141452E+000,-2.1418744E+000,-1.3549315E+000,-1.1818137E+000,-1.8610649E+000,-2.5808149E-001, 3.6841244E+000, 5.5341703E+000, 4.7159405E+000, 4.0528792E+000, 3.8634498E+000, 3.1258143E+000, 4.2468237E+000, 4.3252986E+000, 9.9527156E+003, 1.8861099E+000, 5.1658633E+000, 2.8299819E+000
 2.9700215E+002, 1.3359158E+002, 1.4230554E+002, 1.5298697E+002, 1.5733129E+002, 1.6156885E+002, 1.6389059E+002, 1.7185099E+002, 1.7516611E+002, 1.8089404E+002, 1.8546651E+002, 1.7964107E+002, 1.9093565E+002, 1.8992010E+002, 2.3962217E+002, 2.5077742E+002, 2.5221486E+002, 1.9890622E+002, 1.5833292E+002, 1.9157135E+002, 1.5568131E+002, 1.5533384E+002, 1.4610759E+002, 1.4867273E+002,-1.7325053E+000,-1.6489403E+000,-1.8336113E+000,-1.9113497E+000,-1.6449133E+000,-1.8421875E+000,-2.0134251E+000,-1.7031412E+000,-1.8347510E+000,-1.3750374E+000,-1.2090472E+000,-1.7591260E+000,-1.7753054E+000,-4.0906127E+000, 4.7326580E-001, 4.3044854E+000, 4.6915396E+000, 4.4605864E+000, 4.5030983E+000, 3.7631763E+000, 3.2236495E+000, 3.8990475E+000, 3.6490395E+000, 9.9761449E+003, 1.8596495E+000, 5.0810496E+000, 4.2493543E+000
 2.9800198E+002, 1.3948769E+002, 1.4790600E+002, 1.5262456E+002, 1.6242799E+002, 1.5995404E+002, 1.6763126E+002, 1.7328594E+002, 1.7460135E+002, 1.8152134E+002, 1.8014208E+002, 1.8872119E+002, 1.8602328E+002, 2.3353566E+002, 1.9495984E+002, 2.2430488E+002, 1.7298365E+002, 1.7869179E+002, 1.8935644E+002, 1.8433926E+002, 1.4627350E+002, 1.4159799E+002, 1.4428567E+002, 1.4108274E+002,-1.5925760E+000,-1.4674097E+000,-1.6264431E+000,-1.7705802E+000,-1.6475018E+000,-1.7321002E+000,-1.6310065E+000,-1.5252139E+000,-1.3192492E+000,-1.1869896E+000,-1.2752512E+000,-1.5779352E+000,-2.7158440E+000,-2.1567860E+000, 4.6546850E-001, 4.1984057E+000, 4.8516656E+000, 5.1455315E+000, 4.7600427E+000, 4.4087974E+000, 3.4289400E+000, 3.4706771E+000, 3.7741715E+000, 1.0258315E+004, 1.8148376E+000, 5.2302775E+000, 3.1874653E+000
 2.9900085E+002, 1.3564472E+002, 1.4862808E+002, 1.5716327E+002, 1.6038957E+002, 1.6424955E+002, 1.6964583E+002, 1.6555860E+002, 1.7653542E+002, 1.7672271E+002, 1.7930846E+002, 1.9000379E+002, 1.9481779E+002, 2.0190632E+002, 2.1099941E+002, 2.4989586E+002, 2.3698290E+002, 1.7763232E+002, 1.6157535E+002, 1.4570923E+002, 1.7322697E+002, 1.4271883E+002, 1.4503026E+002, 1.4034843E+002,-1.5070412E+000,-1.5738270E+000,-1.9965798E+000,-1.9126571E+000,-1.9186050E+000,-1.9690881E+000,-1.6244491E+000,-1.7162649E+000,-1.5532099E+000,-1.6010970E+000,-1.8900813E+000,-2.3696388E+000,-2.2081626E+000,-4.0657950E+000, 3.2126050E-001, 4.3522053E+000, 4.9407428E+000, 4.4911103E+000, 3.9776693E+000, 4.1888237E+000, 3.5795627E+000, 3.2095564E+000, 3.0309052E+000, 9.4548062E+003, 1.8813565E+000, 5.4185767E+000, 4.0574016E+000
 3.0000000E+002, 1.3806328E+002, 1.4360396E+002, 1.5208017E+002, 1.5884225E+002, 1.6577466E+002, 1.6792938E+002, 1.6901307E+002, 1.7377593E+002, 1.7223580E+002, 1.7891770E+002, 1.8972009E+002, 2.0200232E+002, 2.0711530E+002, 2.2931254E+002, 2.1633160E+002, 1.8164031E+002, 2.2472834E+002, 2.0057893E+002, 1.4549940E+002, 1.5158000E+002, 1.4605694E+002, 1.3875659E+002, 1.3780006E+002,-1.5426241E+000,-1.4999910E+000,-1.8842836E+000,-1.6903132E+000,-1.6788657E+000,-1.5913495E+000,-1.5822501E+000,-1.5073701E+000,-1.1013476E+000,-1.4360643E+000,-1.5817916E+000,-2.0420129E+000,-2.4194192E+000,-2.4180604E+000, 1.8324058E+000, 4.2455974E+000, 5.2494218E+000, 5.3199544E+000, 4.6354574E+000, 3.0359712E+000, 3.8972144E+000, 3.9858164E+000, 3.3318867E+000, 1.0314496E+004, 1.8435478E+000, 5.0773033E+000, 3.0491168E+000
