chid,time_s,x_m,C_T_J_per_m,J_T_W,U_e_field_mps,area_m2,cp_J_kgK,T0_K,cp_model,status
gsA_c,0.0,15.0,0.0,0.0,0.0,50.0,1005.0,293.15,constant_cp_1005_J_kgK,NEAR_ZERO_C_T_REVIEW
gsA_c,5.012290954589844,15.0,-6.549932873971329,-2.5984346856820997,0.39671165113939794,50.0,1005.0,293.15,constant_cp_1005_J_kgK,PASS
gsA_c,10.028749465942383,15.0,4.422977119772753,4.839615658617451,1.0941986644895656,50.0,1005.0,293.15,constant_cp_1005_J_kgK,PASS
gsA_c,15.019333839416504,15.0,12.761111877890698,10.81546001724624,0.8475327322485954,50.0,1005.0,293.15,constant_cp_1005_J_kgK,PASS
gsA_c,20.023555755615234,15.0,19.16043085249413,20.162757538692603,1.0523123249608808,50.0,1005.0,293.15,constant_cp_1005_J_kgK,PASS
gsA_c,25.00023651123047,15.0,23.544135619590136,19.91141498523772,0.8457059246560116,50.0,1005.0,293.15,constant_cp_1005_J_kgK,PASS
gsA_c,30.015220642089844,15.0,32.59891872467705,33.3526335871437,1.0231208546458008,50.0,1005.0,293.15,constant_cp_1005_J_kgK,PASS
gsA_c,35.001434326171875,15.0,51.501483761878006,48.31334498484729,0.9380961761663126,50.0,1005.0,293.15,constant_cp_1005_J_kgK,PASS
gsA_c,40.00098419189453,15.0,91.96577145526383,87.29186455876112,0.9491777557726954,50.0,1005.0,293.15,constant_cp_1005_J_kgK,PASS
gsA_c,45.024112701416016,15.0,209.75565172976496,220.35307249686107,1.0505226947577013,50.0,1005.0,293.15,constant_cp_1005_J_kgK,PASS
gsA_c,50.01590347290039,15.0,1383.717515632039,774.6217096365122,0.5598120287449923,50.0,1005.0,293.15,constant_cp_1005_J_kgK,PASS
gsA_c,55.029544830322266,15.0,580568.3406913736,-227664.60312484184,-0.3921409197989087,50.0,1005.0,293.15,constant_cp_1005_J_kgK,PASS
gsA_c,60.01183319091797,15.0,1412747.8066375256,-860648.0171861604,-0.6092014534671861,50.0,1005.0,293.15,constant_cp_1005_J_kgK,PASS
gsA_c,65.02611541748047,15.0,1615159.5240246912,-885612.37053828,-0.5483126325079584,50.0,1005.0,293.15,constant_cp_1005_J_kgK,PASS
gsA_c,70.02098083496094,15.0,1797749.8517471058,-880050.2775452049,-0.48952877214254575,50.0,1005.0,293.15,constant_cp_1005_J_kgK,PASS
gsA_c,75.00432586669922,15.0,1689623.3268727083,-869934.8420083276,-0.514869100214468,50.0,1005.0,293.15,constant_cp_1005_J_kgK,PASS
gsA_c,80.00102233886719,15.0,1666795.8063837192,-801844.3323337319,-0.4810693243063847,50.0,1005.0,293.15,constant_cp_1005_J_kgK,PASS
gsA_c,85.00537109375,15.0,1666662.4673077113,-780115.0077680205,-0.46807018401764344,50.0,1005.0,293.15,constant_cp_1005_J_kgK,PASS
gsA_c,90.0014419555664,15.0,1944955.5302660763,-217087.5479869499,-0.11161568715005608,50.0,1005.0,293.15,constant_cp_1005_J_kgK,PASS
gsA_c,95.0119857788086,15.0,2059256.6908939308,-96145.54873515875,-0.04668944340951568,50.0,1005.0,293.15,constant_cp_1005_J_kgK,PASS
gsA_c,100.01397705078125,15.0,2066087.2180673396,9867.005875576171,0.004775696683708235,50.0,1005.0,293.15,constant_cp_1005_J_kgK,PASS
gsA_c,105.00387573242188,15.0,2045679.089464909,-242904.60546060454,-0.11874032770415682,50.0,1005.0,293.15,constant_cp_1005_J_kgK,PASS
gsA_c,110.02632141113281,15.0,2260867.519025294,-139605.36284674355,-0.06174858175985924,50.0,1005.0,293.15,constant_cp_1005_J_kgK,PASS
gsA_c,115.02855682373047,15.0,2151542.5732252444,-352544.3992263479,-0.16385657602762202,50.0,1005.0,293.15,constant_cp_1005_J_kgK,PASS
gsA_c,120.00379180908203,15.0,2283956.3014411367,-259368.12621391728,-0.11356089696210929,50.0,1005.0,293.15,constant_cp_1005_J_kgK,PASS
gsA_c,125.0023422241211,15.0,2243856.0485083917,-125646.90875807311,-0.055995975696211495,50.0,1005.0,293.15,constant_cp_1005_J_kgK,PASS
gsA_c,130.01202392578125,15.0,2374879.157245668,-69580.26658477122,-0.029298445090346757,50.0,1005.0,293.15,constant_cp_1005_J_kgK,PASS
gsA_c,135.01612854003906,15.0,2514527.372307825,138398.83354806318,0.055039700530697004,50.0,1005.0,293.15,constant_cp_1005_J_kgK,PASS
gsA_c,140.01504516601562,15.0,2391810.9613999208,14159.076461413177,0.005919814186789202,50.0,1005.0,293.15,constant_cp_1005_J_kgK,PASS
gsA_c,145.00167846679688,15.0,2326606.8598551108,-296585.43273914745,-0.1274755257781786,50.0,1005.0,293.15,constant_cp_1005_J_kgK,PASS
gsA_c,150.01470947265625,15.0,2510653.4945401764,6680.547960573342,0.0026608801155162494,50.0,1005.0,293.15,constant_cp_1005_J_kgK,PASS
gsA_c,155.02285766601562,15.0,2410282.9360782667,32950.15492492262,0.013670658507227075,50.0,1005.0,293.15,constant_cp_1005_J_kgK,PASS
gsA_c,160.01528930664062,15.0,2469419.5427197795,-50336.89027458476,-0.020384098126616623,50.0,1005.0,293.15,constant_cp_1005_J_kgK,PASS
gsA_c,165.00747680664062,15.0,2454042.091971355,-23319.441066289553,-0.00950246173143543,50.0,1005.0,293.15,constant_cp_1005_J_kgK,PASS
gsA_c,170.00120544433594,15.0,2506230.7120807017,-161688.6629671019,-0.06451467623779379,50.0,1005.0,293.15,constant_cp_1005_J_kgK,PASS
gsA_c,175.0095977783203,15.0,2508372.4132923917,-105683.44299600832,-0.04213227766178959,50.0,1005.0,293.15,constant_cp_1005_J_kgK,PASS
gsA_c,180.0248565673828,15.0,2558629.42609932,-69893.98737157905,-0.027316963784839197,50.0,1005.0,293.15,constant_cp_1005_J_kgK,PASS
gsA_c,185.00575256347656,15.0,2636439.065334489,234238.94112113537,0.088846711536425,50.0,1005.0,293.15,constant_cp_1005_J_kgK,PASS
gsA_c,190.0160369873047,15.0,2545557.4243010078,-206146.97544907918,-0.08098303871722148,50.0,1005.0,293.15,constant_cp_1005_J_kgK,PASS
gsA_c,195.0253448486328,15.0,2534930.4359990656,-185436.14922742522,-0.07315236212955135,50.0,1005.0,293.15,constant_cp_1005_J_kgK,PASS
gsA_c,200.02882385253906,15.0,2516426.473152752,-246939.26529892953,-0.09813092809723423,50.0,1005.0,293.15,constant_cp_1005_J_kgK,PASS
gsA_c,205.01026916503906,15.0,2573062.3206088543,-173622.923729026,-0.0674771544934606,50.0,1005.0,293.15,constant_cp_1005_J_kgK,PASS
gsA_c,210.00177001953125,15.0,2604497.9512262936,-27874.17171732546,-0.010702320462260783,50.0,1005.0,293.15,constant_cp_1005_J_kgK,PASS
gsA_c,215.01107788085938,15.0,2642736.2153668916,38505.928878781386,0.014570477618946009,50.0,1005.0,293.15,constant_cp_1005_J_kgK,PASS
gsA_c,220.03042602539062,15.0,2541783.8649789467,-77215.59348766366,-0.030378504856982874,50.0,1005.0,293.15,constant_cp_1005_J_kgK,PASS
gsA_c,225.02005004882812,15.0,2583562.696553161,-77370.77280216408,-0.029947317673144777,50.0,1005.0,293.15,constant_cp_1005_J_kgK,PASS
gsA_c,230.01730346679688,15.0,2508288.90510465,-192956.23082620674,-0.07692743464818547,50.0,1005.0,293.15,constant_cp_1005_J_kgK,PASS
gsA_c,235.01231384277344,15.0,2553649.330475714,34052.50912079285,0.01333484152048757,50.0,1005.0,293.15,constant_cp_1005_J_kgK,PASS
gsA_c,240.00238037109375,15.0,2464781.396267959,-130849.54776254762,-0.05308768881519189,50.0,1005.0,293.15,constant_cp_1005_J_kgK,PASS
gsA_c,245.0231475830078,15.0,2601234.4910112587,-34526.37051417073,-0.01327307116427947,50.0,1005.0,293.15,constant_cp_1005_J_kgK,PASS
gsA_c,250.0041046142578,15.0,2499757.189636411,-235907.0159599553,-0.09437197218113323,50.0,1005.0,293.15,constant_cp_1005_J_kgK,PASS
gsA_c,255.00942993164062,15.0,2765683.4124328336,137468.35839137062,0.04970502327684951,50.0,1005.0,293.15,constant_cp_1005_J_kgK,PASS
gsA_c,260.00836181640625,15.0,2706703.2207267433,-228387.6432655889,-0.084378531608747,50.0,1005.0,293.15,constant_cp_1005_J_kgK,PASS
gsA_c,265.0084533691406,15.0,2556490.1543197315,-330536.891846034,-0.12929323873495924,50.0,1005.0,293.15,constant_cp_1005_J_kgK,PASS
gsA_c,270.0048522949219,15.0,2700572.129721318,-162271.22499680077,-0.06008772112061531,50.0,1005.0,293.15,constant_cp_1005_J_kgK,PASS
gsA_c,275.0065002441406,15.0,2751620.9471030454,-154777.40365625964,-0.056249536775482084,50.0,1005.0,293.15,constant_cp_1005_J_kgK,PASS
gsA_c,280.01397705078125,15.0,2748628.2952422136,-158953.87766381307,-0.05783025589125929,50.0,1005.0,293.15,constant_cp_1005_J_kgK,PASS
gsA_c,285.0081481933594,15.0,2833481.862931206,41158.33749596798,0.014525710587534912,50.0,1005.0,293.15,constant_cp_1005_J_kgK,PASS
gsA_c,290.0098571777344,15.0,2705816.6110512083,-48543.74075844837,-0.017940513987601377,50.0,1005.0,293.15,constant_cp_1005_J_kgK,PASS
gsA_c,295.0116271972656,15.0,2725338.9921808494,-42111.38253722456,-0.015451796146477364,50.0,1005.0,293.15,constant_cp_1005_J_kgK,PASS
gsA_c,300.0,15.0,2673338.7706044693,45890.20119458274,0.017165875757753843,50.0,1005.0,293.15,constant_cp_1005_J_kgK,PASS
gsA_c,0.0,22.0,0.0,0.0,0.0,50.0,1005.0,293.15,constant_cp_1005_J_kgK,NEAR_ZERO_C_T_REVIEW
gsA_c,5.012290954589844,22.0,-9.20952436485365,-2.8928890564215144,0.3141192684333993,50.0,1005.0,293.15,constant_cp_1005_J_kgK,PASS
gsA_c,10.028749465942383,22.0,90.11050537774736,110.18720308075366,1.2228008556562975,50.0,1005.0,293.15,constant_cp_1005_J_kgK,PASS
gsA_c,15.019333839416504,22.0,137.2836522993873,112.59846207766192,0.8201884214974682,50.0,1005.0,293.15,constant_cp_1005_J_kgK,PASS
gsA_c,20.023555755615234,22.0,160.64414531062255,179.67018536498918,1.1184359381193714,50.0,1005.0,293.15,constant_cp_1005_J_kgK,PASS
gsA_c,25.00023651123047,22.0,191.03704148642535,152.6440804938573,0.799028708282759,50.0,1005.0,293.15,constant_cp_1005_J_kgK,PASS
gsA_c,30.015220642089844,22.0,219.5534824387707,233.81201689983436,1.0649433308987717,50.0,1005.0,293.15,constant_cp_1005_J_kgK,PASS
gsA_c,35.001434326171875,22.0,358.8978606737316,328.9040959411327,0.9164281317330499,50.0,1005.0,293.15,constant_cp_1005_J_kgK,PASS
gsA_c,40.00098419189453,22.0,4613.8626027044775,935.0934459642278,0.20267041446269066,50.0,1005.0,293.15,constant_cp_1005_J_kgK,PASS
gsA_c,45.024112701416016,22.0,616907.3057707457,-199072.00146462172,-0.3226935385631504,50.0,1005.0,293.15,constant_cp_1005_J_kgK,PASS
gsA_c,50.01590347290039,22.0,1485845.298143599,-1053225.1367564804,-0.7088390279071242,50.0,1005.0,293.15,constant_cp_1005_J_kgK,PASS
gsA_c,55.029544830322266,22.0,1655932.2237407528,-846206.8200862911,-0.5110153712539686,50.0,1005.0,293.15,constant_cp_1005_J_kgK,PASS
gsA_c,60.01183319091797,22.0,1560755.043380927,-1079047.9003252352,-0.6913627509335402,50.0,1005.0,293.15,constant_cp_1005_J_kgK,PASS
gsA_c,65.02611541748047,22.0,1668588.8938841529,-1165651.9911466155,-0.6985854906616344,50.0,1005.0,293.15,constant_cp_1005_J_kgK,PASS
gsA_c,70.02098083496094,22.0,1644842.9928607517,-927406.4133942728,-0.5638267101599187,50.0,1005.0,293.15,constant_cp_1005_J_kgK,PASS
gsA_c,75.00432586669922,22.0,1705166.0762888393,-1026209.9381094587,-0.601824040707474,50.0,1005.0,293.15,constant_cp_1005_J_kgK,PASS
gsA_c,80.00102233886719,22.0,1810709.60884009,-901275.8910883173,-0.4977473398761378,50.0,1005.0,293.15,constant_cp_1005_J_kgK,PASS
gsA_c,85.00537109375,22.0,1761129.0539222853,-843592.366194881,-0.4790065579328671,50.0,1005.0,293.15,constant_cp_1005_J_kgK,PASS
gsA_c,90.0014419555664,22.0,1782760.0931735507,-707514.0766949558,-0.3968644347627762,50.0,1005.0,293.15,constant_cp_1005_J_kgK,PASS
gsA_c,95.0119857788086,22.0,2012493.6525838189,-371363.62118531903,-0.18452908942521587,50.0,1005.0,293.15,constant_cp_1005_J_kgK,PASS
gsA_c,100.01397705078125,22.0,2311059.1699694823,-270447.8316497884,-0.11702332643147323,50.0,1005.0,293.15,constant_cp_1005_J_kgK,PASS
gsA_c,105.00387573242188,22.0,2358407.174495934,-46588.844183059875,-0.019754368408846687,50.0,1005.0,293.15,constant_cp_1005_J_kgK,PASS
gsA_c,110.02632141113281,22.0,2197508.1436724053,-555037.7266154386,-0.2525759589167561,50.0,1005.0,293.15,constant_cp_1005_J_kgK,PASS
gsA_c,115.02855682373047,22.0,2272774.56973104,-391493.2913309329,-0.17225346347361764,50.0,1005.0,293.15,constant_cp_1005_J_kgK,PASS
gsA_c,120.00379180908203,22.0,2216405.9646664513,-347716.90928099724,-0.15688322212818323,50.0,1005.0,293.15,constant_cp_1005_J_kgK,PASS
gsA_c,125.0023422241211,22.0,2285910.237366186,-112979.79600591399,-0.049424423653698965,50.0,1005.0,293.15,constant_cp_1005_J_kgK,PASS
gsA_c,130.01202392578125,22.0,2254589.8808838706,-454654.9159002537,-0.20165748092598304,50.0,1005.0,293.15,constant_cp_1005_J_kgK,PASS
gsA_c,135.01612854003906,22.0,2297804.885217279,-319928.6825392146,-0.13923231019197793,50.0,1005.0,293.15,constant_cp_1005_J_kgK,PASS
gsA_c,140.01504516601562,22.0,2488954.8873573416,-147706.2380816387,-0.05934468271478652,50.0,1005.0,293.15,constant_cp_1005_J_kgK,PASS
gsA_c,145.00167846679688,22.0,2436853.7115166876,-341763.14388185856,-0.14024770640382284,50.0,1005.0,293.15,constant_cp_1005_J_kgK,PASS
gsA_c,150.01470947265625,22.0,2324610.4449990657,-284755.38686990784,-0.12249595947678114,50.0,1005.0,293.15,constant_cp_1005_J_kgK,PASS
gsA_c,155.02285766601562,22.0,2569728.7506665634,-148114.47929677973,-0.0576381765033995,50.0,1005.0,293.15,constant_cp_1005_J_kgK,PASS
gsA_c,160.01528930664062,22.0,2506045.04415212,-265624.875255798,-0.10599365557121013,50.0,1005.0,293.15,constant_cp_1005_J_kgK,PASS
gsA_c,165.00747680664062,22.0,2576468.1043689842,-257081.1968543511,-0.0997804694024396,50.0,1005.0,293.15,constant_cp_1005_J_kgK,PASS
gsA_c,170.00120544433594,22.0,2517022.0750375693,-207300.56309009506,-0.08235945371555822,50.0,1005.0,293.15,constant_cp_1005_J_kgK,PASS
gsA_c,175.0095977783203,22.0,2579838.4134299317,-233492.88558153412,-0.09050678692356624,50.0,1005.0,293.15,constant_cp_1005_J_kgK,PASS
gsA_c,180.0248565673828,22.0,2518722.6482083187,-247264.7663697966,-0.09817070035308854,50.0,1005.0,293.15,constant_cp_1005_J_kgK,PASS
gsA_c,185.00575256347656,22.0,2568663.840629691,-331241.7917446997,-0.12895490118453876,50.0,1005.0,293.15,constant_cp_1005_J_kgK,PASS
gsA_c,190.0160369873047,22.0,2656484.2954800846,-453165.79959567054,-0.1705885483180594,50.0,1005.0,293.15,constant_cp_1005_J_kgK,PASS
gsA_c,195.0253448486328,22.0,2644033.4700000007,-64413.85025122948,-0.02436196477165981,50.0,1005.0,293.15,constant_cp_1005_J_kgK,PASS
gsA_c,200.02882385253906,22.0,2596951.518791357,-261631.7706323578,-0.10074572772699404,50.0,1005.0,293.15,constant_cp_1005_J_kgK,PASS
gsA_c,205.01026916503906,22.0,2519409.866944098,-323921.168445159,-0.1285702547628969,50.0,1005.0,293.15,constant_cp_1005_J_kgK,PASS
gsA_c,210.00177001953125,22.0,2538491.1022607917,-233282.78470194293,-0.09189820854372116,50.0,1005.0,293.15,constant_cp_1005_J_kgK,PASS
gsA_c,215.01107788085938,22.0,2642783.587641983,-24344.849230300402,-0.009211820954292373,50.0,1005.0,293.15,constant_cp_1005_J_kgK,PASS
gsA_c,220.03042602539062,22.0,2634645.807769121,-52224.94763173326,-0.01982237896180609,50.0,1005.0,293.15,constant_cp_1005_J_kgK,PASS
gsA_c,225.02005004882812,22.0,2627750.586230336,-111897.71944414289,-0.042583082287374445,50.0,1005.0,293.15,constant_cp_1005_J_kgK,PASS
gsA_c,230.01730346679688,22.0,2609389.382725455,-114725.72514816583,-0.043966502626119015,50.0,1005.0,293.15,constant_cp_1005_J_kgK,PASS
gsA_c,235.01231384277344,22.0,2741995.5308812857,77668.30338790221,0.028325466804440546,50.0,1005.0,293.15,constant_cp_1005_J_kgK,PASS
gsA_c,240.00238037109375,22.0,2508036.690452028,-336050.50168523984,-0.13398946792308397,50.0,1005.0,293.15,constant_cp_1005_J_kgK,PASS
gsA_c,245.0231475830078,22.0,2536480.798229079,-306060.571647116,-0.12066346879534878,50.0,1005.0,293.15,constant_cp_1005_J_kgK,PASS
gsA_c,250.0041046142578,22.0,2670143.11580661,-334736.80566273676,-0.12536287050726783,50.0,1005.0,293.15,constant_cp_1005_J_kgK,PASS
gsA_c,255.00942993164062,22.0,2678577.2362182904,-460567.7594805709,-0.17194492406379758,50.0,1005.0,293.15,constant_cp_1005_J_kgK,PASS
gsA_c,260.00836181640625,22.0,2657543.864835315,-264287.69454508787,-0.09944810245360348,50.0,1005.0,293.15,constant_cp_1005_J_kgK,PASS
gsA_c,265.0084533691406,22.0,2790083.9382860605,-261053.93542620377,-0.0935649038525229,50.0,1005.0,293.15,constant_cp_1005_J_kgK,PASS
gsA_c,270.0048522949219,22.0,2723139.2732156888,-299712.2883054272,-0.11006131462071866,50.0,1005.0,293.15,constant_cp_1005_J_kgK,PASS
gsA_c,275.0065002441406,22.0,2736565.595727737,-250247.4585120927,-0.091445810362731,50.0,1005.0,293.15,constant_cp_1005_J_kgK,PASS
gsA_c,280.01397705078125,22.0,2767982.094752265,-212827.515822378,-0.07688905077307807,50.0,1005.0,293.15,constant_cp_1005_J_kgK,PASS
gsA_c,285.0081481933594,22.0,2635615.33329561,-455844.27111589676,-0.17295553920833456,50.0,1005.0,293.15,constant_cp_1005_J_kgK,PASS
gsA_c,290.0098571777344,22.0,2661592.57011082,-219625.68696640874,-0.08251664414484904,50.0,1005.0,293.15,constant_cp_1005_J_kgK,PASS
gsA_c,295.0116271972656,22.0,2729918.44165725,-34738.89788403176,-0.012725251184772694,50.0,1005.0,293.15,constant_cp_1005_J_kgK,PASS
gsA_c,300.0,22.0,2749201.1407633107,-62507.42688343744,-0.02273657825781432,50.0,1005.0,293.15,constant_cp_1005_J_kgK,PASS
gsA_c,0.0,29.0,0.0,0.0,0.0,50.0,1005.0,293.15,constant_cp_1005_J_kgK,NEAR_ZERO_C_T_REVIEW
gsA_c,5.012290954589844,29.0,-1.6908816197860688,-0.36778859954178245,0.217512920491029,50.0,1005.0,293.15,constant_cp_1005_J_kgK,PASS
gsA_c,10.028749465942383,29.0,612.6104157719367,787.4336192451747,1.285374193730712,50.0,1005.0,293.15,constant_cp_1005_J_kgK,PASS
gsA_c,15.019333839416504,29.0,885.7545154855512,705.8898465753405,0.796936210014792,50.0,1005.0,293.15,constant_cp_1005_J_kgK,PASS
gsA_c,20.023555755615234,29.0,1054.1081711035526,1253.8122564385337,1.1894531233210346,50.0,1005.0,293.15,constant_cp_1005_J_kgK,PASS
gsA_c,25.00023651123047,29.0,1228.9361456450106,909.8076899342938,0.7403213691432587,50.0,1005.0,293.15,constant_cp_1005_J_kgK,PASS
gsA_c,30.015220642089844,29.0,48906.77113171561,-2902.7753227225176,-0.05935323996149142,50.0,1005.0,293.15,constant_cp_1005_J_kgK,PASS
gsA_c,35.001434326171875,29.0,952405.0860404131,-585779.1327950957,-0.6150525037937888,50.0,1005.0,293.15,constant_cp_1005_J_kgK,PASS
gsA_c,40.00098419189453,29.0,1524868.7051155975,-902224.3838116842,-0.5916734868942619,50.0,1005.0,293.15,constant_cp_1005_J_kgK,PASS
gsA_c,45.024112701416016,29.0,1840114.308748407,-762748.652740686,-0.41451156002340167,50.0,1005.0,293.15,constant_cp_1005_J_kgK,PASS
gsA_c,50.01590347290039,29.0,1782887.9475343272,-1489292.258406365,-0.8353257760623736,50.0,1005.0,293.15,constant_cp_1005_J_kgK,PASS
gsA_c,55.029544830322266,29.0,1726942.25311616,-748632.9964345407,-0.4335020439066093,50.0,1005.0,293.15,constant_cp_1005_J_kgK,PASS
gsA_c,60.01183319091797,29.0,1869034.121970673,-1355243.1502065288,-0.7251034822080114,50.0,1005.0,293.15,constant_cp_1005_J_kgK,PASS
gsA_c,65.02611541748047,29.0,1841575.5374954997,-1208751.0195854753,-0.6563678735814162,50.0,1005.0,293.15,constant_cp_1005_J_kgK,PASS
gsA_c,70.02098083496094,29.0,1758342.237967066,-994379.1837300202,-0.5655208424496964,50.0,1005.0,293.15,constant_cp_1005_J_kgK,PASS
gsA_c,75.00432586669922,29.0,1764383.5037018643,-1258183.4699067315,-0.7131009031012407,50.0,1005.0,293.15,constant_cp_1005_J_kgK,PASS
gsA_c,80.00102233886719,29.0,1754963.7954730513,-915078.3851871528,-0.5214229419134498,50.0,1005.0,293.15,constant_cp_1005_J_kgK,PASS
gsA_c,85.00537109375,29.0,1906618.4742685175,-1132358.2843910786,-0.5939092165911758,50.0,1005.0,293.15,constant_cp_1005_J_kgK,PASS
gsA_c,90.0014419555664,29.0,1992382.4860201203,-775686.1592492082,-0.38932592747222855,50.0,1005.0,293.15,constant_cp_1005_J_kgK,PASS
gsA_c,95.0119857788086,29.0,1998891.6320459447,-771186.649895941,-0.3858071330793459,50.0,1005.0,293.15,constant_cp_1005_J_kgK,PASS
gsA_c,100.01397705078125,29.0,2061239.8703850957,-891749.2448290663,-0.4326275935378947,50.0,1005.0,293.15,constant_cp_1005_J_kgK,PASS
gsA_c,105.00387573242188,29.0,2379673.515795452,-94518.97027619975,-0.03971930168101438,50.0,1005.0,293.15,constant_cp_1005_J_kgK,PASS
gsA_c,110.02632141113281,29.0,2357106.5168805486,-617568.9476583833,-0.2620029868126998,50.0,1005.0,293.15,constant_cp_1005_J_kgK,PASS
gsA_c,115.02855682373047,29.0,2332641.2402944504,-388370.26898346865,-0.16649378493130146,50.0,1005.0,293.15,constant_cp_1005_J_kgK,PASS
gsA_c,120.00379180908203,29.0,2251759.052137262,-435253.19732506806,-0.19329474746063363,50.0,1005.0,293.15,constant_cp_1005_J_kgK,PASS
gsA_c,125.0023422241211,29.0,2330989.191453002,-443759.56263691396,-0.1903739254836699,50.0,1005.0,293.15,constant_cp_1005_J_kgK,PASS
gsA_c,130.01202392578125,29.0,2504411.7531259162,-343896.58193811146,-0.13731631051039114,50.0,1005.0,293.15,constant_cp_1005_J_kgK,PASS
gsA_c,135.01612854003906,29.0,2422195.939168045,-492249.8236899774,-0.20322460942571433,50.0,1005.0,293.15,constant_cp_1005_J_kgK,PASS
gsA_c,140.01504516601562,29.0,2390024.68596649,-387860.1030365098,-0.16228288574335997,50.0,1005.0,293.15,constant_cp_1005_J_kgK,PASS
gsA_c,145.00167846679688,29.0,2505722.941116371,-203018.09526684135,-0.0810217649906621,50.0,1005.0,293.15,constant_cp_1005_J_kgK,PASS
gsA_c,150.01470947265625,29.0,2431497.090330354,-586822.4530802441,-0.24134203384981867,50.0,1005.0,293.15,constant_cp_1005_J_kgK,PASS
gsA_c,155.02285766601562,29.0,2472363.6080158465,-421657.17302821926,-0.17054820401866896,50.0,1005.0,293.15,constant_cp_1005_J_kgK,PASS
gsA_c,160.01528930664062,29.0,2581746.457047112,-372664.758754489,-0.14434599406044174,50.0,1005.0,293.15,constant_cp_1005_J_kgK,PASS
gsA_c,165.00747680664062,29.0,2478130.164285941,-405056.7333810257,-0.16345256565558183,50.0,1005.0,293.15,constant_cp_1005_J_kgK,PASS
gsA_c,170.00120544433594,29.0,2589357.2556810468,-466748.1643008678,-0.18025637956169344,50.0,1005.0,293.15,constant_cp_1005_J_kgK,PASS
gsA_c,175.0095977783203,29.0,2482397.8322210447,-432278.65154613764,-0.17413753989600056,50.0,1005.0,293.15,constant_cp_1005_J_kgK,PASS
gsA_c,180.0248565673828,29.0,2631646.5764895035,-296635.4408044133,-0.11271857074368677,50.0,1005.0,293.15,constant_cp_1005_J_kgK,PASS
gsA_c,185.00575256347656,29.0,2751535.8114273893,-534173.9488814641,-0.1941366514885937,50.0,1005.0,293.15,constant_cp_1005_J_kgK,PASS
gsA_c,190.0160369873047,29.0,2782798.4436378255,-128216.22597910557,-0.04607456435525898,50.0,1005.0,293.15,constant_cp_1005_J_kgK,PASS
gsA_c,195.0253448486328,29.0,2649287.7057706257,-423996.5428905373,-0.16004171308650106,50.0,1005.0,293.15,constant_cp_1005_J_kgK,PASS
gsA_c,200.02882385253906,29.0,2686323.1979315993,-342173.79401614354,-0.12737625698933344,50.0,1005.0,293.15,constant_cp_1005_J_kgK,PASS
gsA_c,205.01026916503906,29.0,2671897.4119556085,-437923.8785684076,-0.16389995985956785,50.0,1005.0,293.15,constant_cp_1005_J_kgK,PASS
gsA_c,210.00177001953125,29.0,2707725.804965167,-330070.42895166436,-0.12189950265511112,50.0,1005.0,293.15,constant_cp_1005_J_kgK,PASS
gsA_c,215.01107788085938,29.0,2792353.5310882754,-371304.63579410035,-0.13297192911292652,50.0,1005.0,293.15,constant_cp_1005_J_kgK,PASS
gsA_c,220.03042602539062,29.0,2852352.997974203,-69603.48854625248,-0.02440212995926038,50.0,1005.0,293.15,constant_cp_1005_J_kgK,PASS
gsA_c,225.02005004882812,29.0,2699398.0010439027,-357015.2278990592,-0.1322573506244708,50.0,1005.0,293.15,constant_cp_1005_J_kgK,PASS
gsA_c,230.01730346679688,29.0,2749623.054813125,-196739.00720740738,-0.07155126476810053,50.0,1005.0,293.15,constant_cp_1005_J_kgK,PASS
gsA_c,235.01231384277344,29.0,2732581.7959048436,-362635.45112606836,-0.13270799493340996,50.0,1005.0,293.15,constant_cp_1005_J_kgK,PASS
gsA_c,240.00238037109375,29.0,2881155.4862336866,-43846.980839482974,-0.015218540286696138,50.0,1005.0,293.15,constant_cp_1005_J_kgK,PASS
gsA_c,245.0231475830078,29.0,2766086.5128019108,-522825.8909283832,-0.18901284848057262,50.0,1005.0,293.15,constant_cp_1005_J_kgK,PASS
gsA_c,250.0041046142578,29.0,2875713.7454481493,-250582.46499288222,-0.08713748556841548,50.0,1005.0,293.15,constant_cp_1005_J_kgK,PASS
gsA_c,255.00942993164062,29.0,2694071.918921869,-440612.5142546436,-0.16354890571405778,50.0,1005.0,293.15,constant_cp_1005_J_kgK,PASS
gsA_c,260.00836181640625,29.0,2824062.368956494,-290387.85115940473,-0.10282628824047695,50.0,1005.0,293.15,constant_cp_1005_J_kgK,PASS
gsA_c,265.0084533691406,29.0,2726724.3407168337,-596069.5592324096,-0.21860279395742202,50.0,1005.0,293.15,constant_cp_1005_J_kgK,PASS
gsA_c,270.0048522949219,29.0,2785152.1227787957,-434253.49807348987,-0.1559173355458327,50.0,1005.0,293.15,constant_cp_1005_J_kgK,PASS
gsA_c,275.0065002441406,29.0,2846025.0985473003,-500313.4143944497,-0.17579374639029888,50.0,1005.0,293.15,constant_cp_1005_J_kgK,PASS
gsA_c,280.01397705078125,29.0,2762484.401429068,-397141.7638081205,-0.14376253621655707,50.0,1005.0,293.15,constant_cp_1005_J_kgK,PASS
gsA_c,285.0081481933594,29.0,2791954.141795553,-165294.2020213795,-0.05920376683374747,50.0,1005.0,293.15,constant_cp_1005_J_kgK,PASS
gsA_c,290.0098571777344,29.0,2797658.863997615,-291047.1227193193,-0.10403238452862612,50.0,1005.0,293.15,constant_cp_1005_J_kgK,PASS
gsA_c,295.0116271972656,29.0,2862713.993548017,-29264.227063378086,-0.010222546551745572,50.0,1005.0,293.15,constant_cp_1005_J_kgK,PASS
gsA_c,300.0,29.0,2762695.983651518,-365514.21499682474,-0.13230345183103218,50.0,1005.0,293.15,constant_cp_1005_J_kgK,PASS
gsA_c,0.0,39.5,0.0,0.0,0.0,50.0,1005.0,293.15,constant_cp_1005_J_kgK,NEAR_ZERO_C_T_REVIEW
gsA_c,5.012290954589844,39.5,883.9050698503972,101.20828664020789,0.1145013079936549,50.0,1005.0,293.15,constant_cp_1005_J_kgK,PASS
gsA_c,10.028749465942383,39.5,7778.7517713492025,10338.511521205342,1.3290707590494082,50.0,1005.0,293.15,constant_cp_1005_J_kgK,PASS
gsA_c,15.019333839416504,39.5,10249.66787872081,7648.809648090143,0.746249511554319,50.0,1005.0,293.15,constant_cp_1005_J_kgK,PASS
gsA_c,20.023555755615234,39.5,474456.92170874577,-131255.58801427146,-0.27664384690934046,50.0,1005.0,293.15,constant_cp_1005_J_kgK,PASS
gsA_c,25.00023651123047,39.5,1381718.2574756087,-1352186.8215232727,-0.9786270205285622,50.0,1005.0,293.15,constant_cp_1005_J_kgK,PASS
gsA_c,30.015220642089844,39.5,1585154.5456718488,-674800.1743069536,-0.42569992695630016,50.0,1005.0,293.15,constant_cp_1005_J_kgK,PASS
gsA_c,35.001434326171875,39.5,1687135.1732564084,-1262900.2363289776,-0.7485471563558251,50.0,1005.0,293.15,constant_cp_1005_J_kgK,PASS
gsA_c,40.00098419189453,39.5,1810250.9315216043,-1457983.3131052512,-0.8054039844518927,50.0,1005.0,293.15,constant_cp_1005_J_kgK,PASS
gsA_c,45.024112701416016,39.5,1834272.2999135496,-987549.4922520192,-0.5383876168759473,50.0,1005.0,293.15,constant_cp_1005_J_kgK,PASS
gsA_c,50.01590347290039,39.5,1771321.7232796466,-1588933.5990089315,-0.8970327513778695,50.0,1005.0,293.15,constant_cp_1005_J_kgK,PASS
gsA_c,55.029544830322266,39.5,1880128.5318440404,-1107925.1269666003,-0.589281588041186,50.0,1005.0,293.15,constant_cp_1005_J_kgK,PASS
gsA_c,60.01183319091797,39.5,1831017.8392217385,-1622576.3077592389,-0.886160840709724,50.0,1005.0,293.15,constant_cp_1005_J_kgK,PASS
gsA_c,65.02611541748047,39.5,1832056.9850608837,-1243369.763088841,-0.6786741751089801,50.0,1005.0,293.15,constant_cp_1005_J_kgK,PASS
gsA_c,70.02098083496094,39.5,1948129.300370172,-1126814.1730328994,-0.5784083083288097,50.0,1005.0,293.15,constant_cp_1005_J_kgK,PASS
gsA_c,75.00432586669922,39.5,2160864.959150763,-1617202.321364442,-0.7484050840456102,50.0,1005.0,293.15,constant_cp_1005_J_kgK,PASS
gsA_c,80.00102233886719,39.5,2052405.0732724029,-1128855.7991720047,-0.5500160830201661,50.0,1005.0,293.15,constant_cp_1005_J_kgK,PASS
gsA_c,85.00537109375,39.5,2102569.496411451,-1423093.7352096513,-0.6768355279758924,50.0,1005.0,293.15,constant_cp_1005_J_kgK,PASS
gsA_c,90.0014419555664,39.5,2288544.4917139183,-1264913.3818221125,-0.5527152241968445,50.0,1005.0,293.15,constant_cp_1005_J_kgK,PASS
gsA_c,95.0119857788086,39.5,2325024.4018210564,-1006045.7544399409,-0.4327033099747097,50.0,1005.0,293.15,constant_cp_1005_J_kgK,PASS
gsA_c,100.01397705078125,39.5,2459831.5764280627,-1167457.6770919813,-0.4746087855280131,50.0,1005.0,293.15,constant_cp_1005_J_kgK,PASS
gsA_c,105.00387573242188,39.5,2517013.408281521,-1000020.0034673668,-0.39730420194707083,50.0,1005.0,293.15,constant_cp_1005_J_kgK,PASS
gsA_c,110.02632141113281,39.5,2687598.8989080745,-505231.5428011154,-0.18798621438875504,50.0,1005.0,293.15,constant_cp_1005_J_kgK,PASS
gsA_c,115.02855682373047,39.5,2603198.5172510585,-468219.5045924133,-0.17986315737719705,50.0,1005.0,293.15,constant_cp_1005_J_kgK,PASS
gsA_c,120.00379180908203,39.5,2694333.6461235816,-851721.709133077,-0.31611590136896156,50.0,1005.0,293.15,constant_cp_1005_J_kgK,PASS
gsA_c,125.0023422241211,39.5,2623540.777613722,-726371.0958225641,-0.2768667070169364,50.0,1005.0,293.15,constant_cp_1005_J_kgK,PASS
gsA_c,130.01202392578125,39.5,2593602.351553401,-740830.3578158589,-0.2856376026078743,50.0,1005.0,293.15,constant_cp_1005_J_kgK,PASS
gsA_c,135.01612854003906,39.5,2542443.122514014,-543928.6654876084,-0.21393936433463323,50.0,1005.0,293.15,constant_cp_1005_J_kgK,PASS
gsA_c,140.01504516601562,39.5,2773030.857938789,-691647.8679976875,-0.24941946319046499,50.0,1005.0,293.15,constant_cp_1005_J_kgK,PASS
gsA_c,145.00167846679688,39.5,2804143.7223821525,-562947.7495984351,-0.20075566922803953,50.0,1005.0,293.15,constant_cp_1005_J_kgK,PASS
gsA_c,150.01470947265625,39.5,2825771.989039172,-499313.8817553944,-0.17669998984071342,50.0,1005.0,293.15,constant_cp_1005_J_kgK,PASS
gsA_c,155.02285766601562,39.5,2691090.744369869,-789919.0803177201,-0.2935311943569123,50.0,1005.0,293.15,constant_cp_1005_J_kgK,PASS
gsA_c,160.01528930664062,39.5,2649744.1289811954,-578699.7909962519,-0.21839836709771554,50.0,1005.0,293.15,constant_cp_1005_J_kgK,PASS
gsA_c,165.00747680664062,39.5,2794141.017222519,-688130.9660410855,-0.24627639113401417,50.0,1005.0,293.15,constant_cp_1005_J_kgK,PASS
gsA_c,170.00120544433594,39.5,2641914.3536076774,-650011.4228643093,-0.24603803752255754,50.0,1005.0,293.15,constant_cp_1005_J_kgK,PASS
gsA_c,175.0095977783203,39.5,2782423.6242578328,-598387.1979322159,-0.21505970288468418,50.0,1005.0,293.15,constant_cp_1005_J_kgK,PASS
gsA_c,180.0248565673828,39.5,2843226.5851063253,-757972.6414010152,-0.26658889775844924,50.0,1005.0,293.15,constant_cp_1005_J_kgK,PASS
gsA_c,185.00575256347656,39.5,2870884.3677654723,-578651.6163414684,-0.20155866353887902,50.0,1005.0,293.15,constant_cp_1005_J_kgK,PASS
gsA_c,190.0160369873047,39.5,2786585.32372627,-777233.9009416576,-0.2789198286246361,50.0,1005.0,293.15,constant_cp_1005_J_kgK,PASS
gsA_c,195.0253448486328,39.5,2907870.828759716,-271850.84076599055,-0.09348793559786218,50.0,1005.0,293.15,constant_cp_1005_J_kgK,PASS
gsA_c,200.02882385253906,39.5,2731542.0823384803,-691339.9952172064,-0.25309512882384305,50.0,1005.0,293.15,constant_cp_1005_J_kgK,PASS
gsA_c,205.01026916503906,39.5,2756357.6509390813,-531493.7862628365,-0.19282468154368804,50.0,1005.0,293.15,constant_cp_1005_J_kgK,PASS
gsA_c,210.00177001953125,39.5,2830191.7219164954,-800807.8929886778,-0.28295181799429536,50.0,1005.0,293.15,constant_cp_1005_J_kgK,PASS
gsA_c,215.01107788085938,39.5,2762431.8221304296,-692169.2360044003,-0.25056518335015,50.0,1005.0,293.15,constant_cp_1005_J_kgK,PASS
gsA_c,220.03042602539062,39.5,2884636.3049197313,-349927.72040869086,-0.12130739664195828,50.0,1005.0,293.15,constant_cp_1005_J_kgK,PASS
gsA_c,225.02005004882812,39.5,2948194.04075734,-465666.6830977318,-0.15794980814020979,50.0,1005.0,293.15,constant_cp_1005_J_kgK,PASS
gsA_c,230.01730346679688,39.5,2985160.3070383267,-578080.3505795966,-0.19365135909673423,50.0,1005.0,293.15,constant_cp_1005_J_kgK,PASS
gsA_c,235.01231384277344,39.5,2982059.3692001067,-366160.4506139108,-0.12278778028223086,50.0,1005.0,293.15,constant_cp_1005_J_kgK,PASS
gsA_c,240.00238037109375,39.5,3006228.2376561943,-485816.70157135767,-0.16160339906531,50.0,1005.0,293.15,constant_cp_1005_J_kgK,PASS
gsA_c,245.0231475830078,39.5,3052117.564217191,-713918.997023108,-0.23390940289884085,50.0,1005.0,293.15,constant_cp_1005_J_kgK,PASS
gsA_c,250.0041046142578,39.5,2945445.326050137,-577644.5128977287,-0.19611449168277514,50.0,1005.0,293.15,constant_cp_1005_J_kgK,PASS
gsA_c,255.00942993164062,39.5,2924729.3966640346,-719363.9644520371,-0.2459591527587298,50.0,1005.0,293.15,constant_cp_1005_J_kgK,PASS
gsA_c,260.00836181640625,39.5,3011592.453054847,-773098.9955439589,-0.25670770783070457,50.0,1005.0,293.15,constant_cp_1005_J_kgK,PASS
gsA_c,265.0084533691406,39.5,3030211.9893453787,-534541.1565083503,-0.17640388144059446,50.0,1005.0,293.15,constant_cp_1005_J_kgK,PASS
gsA_c,270.0048522949219,39.5,2993001.0195494294,-873863.5039094687,-0.29196899640248736,50.0,1005.0,293.15,constant_cp_1005_J_kgK,PASS
gsA_c,275.0065002441406,39.5,2981172.1370955626,-588956.4910949722,-0.19755869973639595,50.0,1005.0,293.15,constant_cp_1005_J_kgK,PASS
gsA_c,280.01397705078125,39.5,2988147.0797714256,-298056.48083979054,-0.09974625508145667,50.0,1005.0,293.15,constant_cp_1005_J_kgK,PASS
gsA_c,285.0081481933594,39.5,2995725.6345766396,-810202.124464412,-0.27045271272945215,50.0,1005.0,293.15,constant_cp_1005_J_kgK,PASS
gsA_c,290.0098571777344,39.5,3047310.1198653164,-448500.27801124635,-0.14717907281162076,50.0,1005.0,293.15,constant_cp_1005_J_kgK,PASS
gsA_c,295.0116271972656,39.5,3206661.172911855,-500337.0430498142,-0.1560305302214003,50.0,1005.0,293.15,constant_cp_1005_J_kgK,PASS
gsA_c,300.0,39.5,3055168.672712236,-336830.38987881783,-0.11024935967931206,50.0,1005.0,293.15,constant_cp_1005_J_kgK,PASS
gsA_c,0.0,46.5,0.0,0.0,0.0,50.0,1005.0,293.15,constant_cp_1005_J_kgK,NEAR_ZERO_C_T_REVIEW
gsA_c,5.012290954589844,46.5,25531.52516269976,2778.027281457839,0.1088077294150952,50.0,1005.0,293.15,constant_cp_1005_J_kgK,PASS
gsA_c,10.028749465942383,46.5,836576.366873126,139050.26596119237,0.16621347610012077,50.0,1005.0,293.15,constant_cp_1005_J_kgK,PASS
gsA_c,15.019333839416504,46.5,1107240.1751609438,-526208.9262226878,-0.4752437077585266,50.0,1005.0,293.15,constant_cp_1005_J_kgK,PASS
gsA_c,20.023555755615234,46.5,1971840.4336938795,-372836.15872825094,-0.1890802888293608,50.0,1005.0,293.15,constant_cp_1005_J_kgK,PASS
gsA_c,25.00023651123047,46.5,1902270.5351189072,-1930841.2389481056,-1.0150192642433016,50.0,1005.0,293.15,constant_cp_1005_J_kgK,PASS
gsA_c,30.015220642089844,46.5,1741730.497721645,-610213.5864628804,-0.35034902774057153,50.0,1005.0,293.15,constant_cp_1005_J_kgK,PASS
gsA_c,35.001434326171875,46.5,2206177.4592695017,-1822254.54652665,-0.8259782271232273,50.0,1005.0,293.15,constant_cp_1005_J_kgK,PASS
gsA_c,40.00098419189453,46.5,2242960.338024298,-1677998.4346895665,-0.7481177469984259,50.0,1005.0,293.15,constant_cp_1005_J_kgK,PASS
gsA_c,45.024112701416016,46.5,2125670.6832109676,-745772.4327509664,-0.3508410021558123,50.0,1005.0,293.15,constant_cp_1005_J_kgK,PASS
gsA_c,50.01590347290039,46.5,2157427.7766328547,-2012377.7219682925,-0.932767133048159,50.0,1005.0,293.15,constant_cp_1005_J_kgK,PASS
gsA_c,55.029544830322266,46.5,2287419.9230058705,-1001404.2849710492,-0.4377876903577528,50.0,1005.0,293.15,constant_cp_1005_J_kgK,PASS
gsA_c,60.01183319091797,46.5,2249751.576306833,-1610693.1024036447,-0.7159426486757884,50.0,1005.0,293.15,constant_cp_1005_J_kgK,PASS
gsA_c,65.02611541748047,46.5,2401918.8994857026,-1495208.6669742926,-0.6225058919743065,50.0,1005.0,293.15,constant_cp_1005_J_kgK,PASS
gsA_c,70.02098083496094,46.5,2319027.195675008,-1228911.2997325878,-0.5299253506058532,50.0,1005.0,293.15,constant_cp_1005_J_kgK,PASS
gsA_c,75.00432586669922,46.5,2344373.4329271037,-1709768.9842545432,-0.7293074389261373,50.0,1005.0,293.15,constant_cp_1005_J_kgK,PASS
gsA_c,80.00102233886719,46.5,2399212.024680144,-1109093.8680388415,-0.46227422029810067,50.0,1005.0,293.15,constant_cp_1005_J_kgK,PASS
gsA_c,85.00537109375,46.5,2418692.169461953,-1600734.9169002497,-0.6618183732146197,50.0,1005.0,293.15,constant_cp_1005_J_kgK,PASS
gsA_c,90.0014419555664,46.5,2473572.380084039,-1371841.2988814511,-0.5545992144506572,50.0,1005.0,293.15,constant_cp_1005_J_kgK,PASS
gsA_c,95.0119857788086,46.5,2509898.576602398,-1165722.6042659362,-0.46445008381332775,50.0,1005.0,293.15,constant_cp_1005_J_kgK,PASS
gsA_c,100.01397705078125,46.5,2657085.1965638883,-1332904.377011147,-0.5016415652515934,50.0,1005.0,293.15,constant_cp_1005_J_kgK,PASS
gsA_c,105.00387573242188,46.5,2639983.0312849656,-874154.5116990469,-0.3311212615156724,50.0,1005.0,293.15,constant_cp_1005_J_kgK,PASS
gsA_c,110.02632141113281,46.5,2798658.8315774556,-715321.6896280029,-0.2555944588732932,50.0,1005.0,293.15,constant_cp_1005_J_kgK,PASS
gsA_c,115.02855682373047,46.5,2867317.840683383,-695436.3204171036,-0.24253897163048949,50.0,1005.0,293.15,constant_cp_1005_J_kgK,PASS
gsA_c,120.00379180908203,46.5,2880168.114337742,-658932.1457033758,-0.22878252919444206,50.0,1005.0,293.15,constant_cp_1005_J_kgK,PASS
gsA_c,125.0023422241211,46.5,2766421.3497737073,-638033.4877518192,-0.23063496376067585,50.0,1005.0,293.15,constant_cp_1005_J_kgK,PASS
gsA_c,130.01202392578125,46.5,2955148.1342566065,-764837.8200383319,-0.25881539107031376,50.0,1005.0,293.15,constant_cp_1005_J_kgK,PASS
gsA_c,135.01612854003906,46.5,3011799.7878985927,-734090.2699677858,-0.2437380708098059,50.0,1005.0,293.15,constant_cp_1005_J_kgK,PASS
gsA_c,140.01504516601562,46.5,2812255.699694048,-850252.9394105088,-0.3023384180545921,50.0,1005.0,293.15,constant_cp_1005_J_kgK,PASS
gsA_c,145.00167846679688,46.5,2827025.2445265134,-824494.3943743238,-0.29164734059968206,50.0,1005.0,293.15,constant_cp_1005_J_kgK,PASS
gsA_c,150.01470947265625,46.5,2955975.4417729685,-675248.8824759752,-0.22843521395122504,50.0,1005.0,293.15,constant_cp_1005_J_kgK,PASS
gsA_c,155.02285766601562,46.5,2834491.596994752,-547844.9238935155,-0.19327802011280037,50.0,1005.0,293.15,constant_cp_1005_J_kgK,PASS
gsA_c,160.01528930664062,46.5,2854365.0324057895,-738866.1310962278,-0.2588548145411792,50.0,1005.0,293.15,constant_cp_1005_J_kgK,PASS
gsA_c,165.00747680664062,46.5,2826956.9402053086,-643535.7387585565,-0.227642568447406,50.0,1005.0,293.15,constant_cp_1005_J_kgK,PASS
gsA_c,170.00120544433594,46.5,2837361.5085925823,-521799.36142648733,-0.1839030239348371,50.0,1005.0,293.15,constant_cp_1005_J_kgK,PASS
gsA_c,175.0095977783203,46.5,2892877.460912492,-860735.7062074253,-0.2975361790595602,50.0,1005.0,293.15,constant_cp_1005_J_kgK,PASS
gsA_c,180.0248565673828,46.5,2964549.748491345,-876104.5601747644,-0.2955270224831317,50.0,1005.0,293.15,constant_cp_1005_J_kgK,PASS
gsA_c,185.00575256347656,46.5,2848589.759485769,-710247.301720116,-0.2493329547910509,50.0,1005.0,293.15,constant_cp_1005_J_kgK,PASS
gsA_c,190.0160369873047,46.5,2931975.0648228223,-817337.1657478013,-0.2787667519939131,50.0,1005.0,293.15,constant_cp_1005_J_kgK,PASS
gsA_c,195.0253448486328,46.5,2958723.1277671526,-587700.4879040683,-0.19863314765365883,50.0,1005.0,293.15,constant_cp_1005_J_kgK,PASS
gsA_c,200.02882385253906,46.5,3035635.640646112,-524005.06973584834,-0.17261790668142163,50.0,1005.0,293.15,constant_cp_1005_J_kgK,PASS
gsA_c,205.01026916503906,46.5,2965735.7572373874,-712543.284827468,-0.24025852036501358,50.0,1005.0,293.15,constant_cp_1005_J_kgK,PASS
gsA_c,210.00177001953125,46.5,2916691.501899084,-694635.8092485557,-0.23815882097790317,50.0,1005.0,293.15,constant_cp_1005_J_kgK,PASS
gsA_c,215.01107788085938,46.5,3005722.447520232,-655212.2609637592,-0.21798827816065297,50.0,1005.0,293.15,constant_cp_1005_J_kgK,PASS
gsA_c,220.03042602539062,46.5,3075378.597411361,-701316.2833629248,-0.22804225923703952,50.0,1005.0,293.15,constant_cp_1005_J_kgK,PASS
gsA_c,225.02005004882812,46.5,3186667.5249820133,-595928.6623373935,-0.18700685203761788,50.0,1005.0,293.15,constant_cp_1005_J_kgK,PASS
gsA_c,230.01730346679688,46.5,3136415.827230581,-480086.30756227206,-0.15306844946838014,50.0,1005.0,293.15,constant_cp_1005_J_kgK,PASS
gsA_c,235.01231384277344,46.5,3204947.8565093745,-583092.0023712581,-0.1819349419950703,50.0,1005.0,293.15,constant_cp_1005_J_kgK,PASS
gsA_c,240.00238037109375,46.5,3327721.196107677,-641263.3735726909,-0.19270345554271637,50.0,1005.0,293.15,constant_cp_1005_J_kgK,PASS
gsA_c,245.0231475830078,46.5,3205461.801363609,-453615.5084663057,-0.14151330964959144,50.0,1005.0,293.15,constant_cp_1005_J_kgK,PASS
gsA_c,250.0041046142578,46.5,3033132.797605295,-690606.4045063455,-0.22768749362098145,50.0,1005.0,293.15,constant_cp_1005_J_kgK,PASS
gsA_c,255.00942993164062,46.5,3221281.6278616,-702240.8400414304,-0.21800044863124943,50.0,1005.0,293.15,constant_cp_1005_J_kgK,PASS
gsA_c,260.00836181640625,46.5,3161031.68960265,-750165.4172886361,-0.23731663929725857,50.0,1005.0,293.15,constant_cp_1005_J_kgK,PASS
gsA_c,265.0084533691406,46.5,3149923.764470433,-803182.791604941,-0.2549848350821825,50.0,1005.0,293.15,constant_cp_1005_J_kgK,PASS
gsA_c,270.0048522949219,46.5,3173026.190563133,-732447.5538192072,-0.23083564705440263,50.0,1005.0,293.15,constant_cp_1005_J_kgK,PASS
gsA_c,275.0065002441406,46.5,3073479.2817267072,-849942.2269249344,-0.2765407373910877,50.0,1005.0,293.15,constant_cp_1005_J_kgK,PASS
gsA_c,280.01397705078125,46.5,3247546.971780272,-745199.3312612246,-0.22946529726488102,50.0,1005.0,293.15,constant_cp_1005_J_kgK,PASS
gsA_c,285.0081481933594,46.5,3178555.364980403,-469605.3883814586,-0.147741767708474,50.0,1005.0,293.15,constant_cp_1005_J_kgK,PASS
gsA_c,290.0098571777344,46.5,3147041.777011032,-760689.8348282904,-0.2417158362450374,50.0,1005.0,293.15,constant_cp_1005_J_kgK,PASS
gsA_c,295.0116271972656,46.5,3127130.623936898,-616599.1327655215,-0.1971772870777155,50.0,1005.0,293.15,constant_cp_1005_J_kgK,PASS
gsA_c,300.0,46.5,3315736.112924614,-661886.9321511916,-0.1996199062920542,50.0,1005.0,293.15,constant_cp_1005_J_kgK,PASS
gsA_c,0.0,50.0,0.0,0.0,0.0,50.0,1005.0,293.15,constant_cp_1005_J_kgK,NEAR_ZERO_C_T_REVIEW
gsA_c,5.012290954589844,50.0,2193902.5186394965,191141.7614114538,0.08712409042220634,50.0,1005.0,293.15,constant_cp_1005_J_kgK,PASS
gsA_c,10.028749465942383,50.0,2054234.2638638811,2581286.6453571445,1.256568781255703,50.0,1005.0,293.15,constant_cp_1005_J_kgK,PASS
gsA_c,15.019333839416504,50.0,2490623.338996231,1335743.208531157,0.5363087977283175,50.0,1005.0,293.15,constant_cp_1005_J_kgK,PASS
gsA_c,20.023555755615234,50.0,2518895.7606573077,1707039.3488923798,0.6776935256927528,50.0,1005.0,293.15,constant_cp_1005_J_kgK,PASS
gsA_c,25.00023651123047,50.0,3018558.449911079,816857.6832916676,0.2706118489491997,50.0,1005.0,293.15,constant_cp_1005_J_kgK,PASS
gsA_c,30.015220642089844,50.0,2989684.438274525,2497132.123738422,0.8352493968158134,50.0,1005.0,293.15,constant_cp_1005_J_kgK,PASS
gsA_c,35.001434326171875,50.0,3224159.8351185154,222822.20736670634,0.06911016164262702,50.0,1005.0,293.15,constant_cp_1005_J_kgK,PASS
gsA_c,40.00098419189453,50.0,3428285.47541144,1326951.4459276581,0.38705978701158367,50.0,1005.0,293.15,constant_cp_1005_J_kgK,PASS
gsA_c,45.024112701416016,50.0,3365699.929738021,2580026.406561722,0.7665645959004269,50.0,1005.0,293.15,constant_cp_1005_J_kgK,PASS
gsA_c,50.01590347290039,50.0,3089129.21940233,744059.2263638717,0.2408637429896275,50.0,1005.0,293.15,constant_cp_1005_J_kgK,PASS
gsA_c,55.029544830322266,50.0,3267443.454029518,1650877.3414869974,0.5052504701959206,50.0,1005.0,293.15,constant_cp_1005_J_kgK,PASS
gsA_c,60.01183319091797,50.0,3104596.451936775,1478938.131722177,0.47637048956863753,50.0,1005.0,293.15,constant_cp_1005_J_kgK,PASS
gsA_c,65.02611541748047,50.0,3126891.88405433,356425.53251926415,0.11398716224787486,50.0,1005.0,293.15,constant_cp_1005_J_kgK,PASS
gsA_c,70.02098083496094,50.0,3290721.58273265,1184648.6322872476,0.35999661548501544,50.0,1005.0,293.15,constant_cp_1005_J_kgK,PASS
gsA_c,75.00432586669922,50.0,3329816.1441100184,582827.4006728204,0.1750329073584921,50.0,1005.0,293.15,constant_cp_1005_J_kgK,PASS
gsA_c,80.00102233886719,50.0,3377066.897843361,1887319.229903896,0.558863441855168,50.0,1005.0,293.15,constant_cp_1005_J_kgK,PASS
gsA_c,85.00537109375,50.0,3469834.010771342,1364050.167520946,0.39311683593121444,50.0,1005.0,293.15,constant_cp_1005_J_kgK,PASS
gsA_c,90.0014419555664,50.0,3217387.375496885,973576.4722508385,0.30259846223847436,50.0,1005.0,293.15,constant_cp_1005_J_kgK,PASS
gsA_c,95.0119857788086,50.0,3330893.305289739,1044832.8877082958,0.31367948233256615,50.0,1005.0,293.15,constant_cp_1005_J_kgK,PASS
gsA_c,100.01397705078125,50.0,3526424.8847801643,1061602.570424092,0.30104216171054826,50.0,1005.0,293.15,constant_cp_1005_J_kgK,PASS
gsA_c,105.00387573242188,50.0,3723525.301458169,1741070.4913077925,0.4675865880717856,50.0,1005.0,293.15,constant_cp_1005_J_kgK,PASS
gsA_c,110.02632141113281,50.0,3794162.5602335082,2080398.525893781,0.5483156013657318,50.0,1005.0,293.15,constant_cp_1005_J_kgK,PASS
gsA_c,115.02855682373047,50.0,3758722.559933739,2183918.195771396,0.5810267081297682,50.0,1005.0,293.15,constant_cp_1005_J_kgK,PASS
gsA_c,120.00379180908203,50.0,3676506.4488437176,1643998.9405570359,0.4471633501619676,50.0,1005.0,293.15,constant_cp_1005_J_kgK,PASS
gsA_c,125.0023422241211,50.0,3579643.480563256,1839727.555176543,0.5139415601486275,50.0,1005.0,293.15,constant_cp_1005_J_kgK,PASS
gsA_c,130.01202392578125,50.0,3755126.280760308,1692842.4578639735,0.4508083966542984,50.0,1005.0,293.15,constant_cp_1005_J_kgK,PASS
gsA_c,135.01612854003906,50.0,3699350.5750161847,1358490.1961718542,0.3672239677273383,50.0,1005.0,293.15,constant_cp_1005_J_kgK,PASS
gsA_c,140.01504516601562,50.0,3709923.6920251874,1633233.8692304166,0.44023381740740336,50.0,1005.0,293.15,constant_cp_1005_J_kgK,PASS
gsA_c,145.00167846679688,50.0,3591217.4438726157,1729302.0339603578,0.4815364318612665,50.0,1005.0,293.15,constant_cp_1005_J_kgK,PASS
gsA_c,150.01470947265625,50.0,3507467.9813793786,1917551.9962122662,0.5467054885154367,50.0,1005.0,293.15,constant_cp_1005_J_kgK,PASS
gsA_c,155.02285766601562,50.0,3536387.739266387,2019883.3779762646,0.5711713553206931,50.0,1005.0,293.15,constant_cp_1005_J_kgK,PASS
gsA_c,160.01528930664062,50.0,3558363.5000729132,1317059.3528579255,0.37013063809555646,50.0,1005.0,293.15,constant_cp_1005_J_kgK,PASS
gsA_c,165.00747680664062,50.0,3509253.1653978177,1508411.0174283627,0.42983818674061525,50.0,1005.0,293.15,constant_cp_1005_J_kgK,PASS
gsA_c,170.00120544433594,50.0,3644237.8106715847,1649366.5927841133,0.4525957630849992,50.0,1005.0,293.15,constant_cp_1005_J_kgK,PASS
gsA_c,175.0095977783203,50.0,3830381.417718494,1587604.2914994387,0.4144768153258925,50.0,1005.0,293.15,constant_cp_1005_J_kgK,PASS
gsA_c,180.0248565673828,50.0,3644166.044359385,1961305.8351980858,0.5382043000575917,50.0,1005.0,293.15,constant_cp_1005_J_kgK,PASS
gsA_c,185.00575256347656,50.0,3710121.3484508945,1811600.616682881,0.48828608192001244,50.0,1005.0,293.15,constant_cp_1005_J_kgK,PASS
gsA_c,190.0160369873047,50.0,3586973.344837592,1415051.1195065242,0.3944972497615795,50.0,1005.0,293.15,constant_cp_1005_J_kgK,PASS
gsA_c,195.0253448486328,50.0,3594202.3099606517,2025488.93951332,0.5635433859413145,50.0,1005.0,293.15,constant_cp_1005_J_kgK,PASS
gsA_c,200.02882385253906,50.0,3597391.675004932,2010544.746610668,0.5588895867470175,50.0,1005.0,293.15,constant_cp_1005_J_kgK,PASS
gsA_c,205.01026916503906,50.0,3598738.981606852,1592290.0103022903,0.44245776602317677,50.0,1005.0,293.15,constant_cp_1005_J_kgK,PASS
gsA_c,210.00177001953125,50.0,3621647.4637704017,1459228.3688985195,0.40291839100743254,50.0,1005.0,293.15,constant_cp_1005_J_kgK,PASS
gsA_c,215.01107788085938,50.0,3777936.1076854155,1684925.3414734048,0.4459909573499082,50.0,1005.0,293.15,constant_cp_1005_J_kgK,PASS
gsA_c,220.03042602539062,50.0,3726753.880719617,1754307.8916879282,0.47073349833050415,50.0,1005.0,293.15,constant_cp_1005_J_kgK,PASS
gsA_c,225.02005004882812,50.0,3681997.546132544,1617995.3072040942,0.4394341079622896,50.0,1005.0,293.15,constant_cp_1005_J_kgK,PASS
gsA_c,230.01730346679688,50.0,3964745.9269165616,2060669.7620063736,0.5197482512098789,50.0,1005.0,293.15,constant_cp_1005_J_kgK,PASS
gsA_c,235.01231384277344,50.0,3904867.744760745,1784543.9771043207,0.45700497270328444,50.0,1005.0,293.15,constant_cp_1005_J_kgK,PASS
gsA_c,240.00238037109375,50.0,3925215.122088181,1837365.0492396401,0.46809282856889056,50.0,1005.0,293.15,constant_cp_1005_J_kgK,PASS
gsA_c,245.0231475830078,50.0,3890277.191894584,2178454.042766685,0.5599739903638504,50.0,1005.0,293.15,constant_cp_1005_J_kgK,PASS
gsA_c,250.0041046142578,50.0,3869506.0532883955,1589532.0369424894,0.4107842228575061,50.0,1005.0,293.15,constant_cp_1005_J_kgK,PASS
gsA_c,255.00942993164062,50.0,3722073.0361493304,1704096.323230296,0.4578352726235775,50.0,1005.0,293.15,constant_cp_1005_J_kgK,PASS
gsA_c,260.00836181640625,50.0,3758968.0577838453,1409788.6066446193,0.3750467109517766,50.0,1005.0,293.15,constant_cp_1005_J_kgK,PASS
gsA_c,265.0084533691406,50.0,3870449.4540463174,1611148.8344821497,0.4162691836209854,50.0,1005.0,293.15,constant_cp_1005_J_kgK,PASS
gsA_c,270.0048522949219,50.0,3898853.6682787417,1706690.7229963574,0.43774167183602547,50.0,1005.0,293.15,constant_cp_1005_J_kgK,PASS
gsA_c,275.0065002441406,50.0,3935525.862349474,1961831.5293309554,0.49849285659623616,50.0,1005.0,293.15,constant_cp_1005_J_kgK,PASS
gsA_c,280.01397705078125,50.0,3675084.5451667104,1650329.249487456,0.44905885271616053,50.0,1005.0,293.15,constant_cp_1005_J_kgK,PASS
gsA_c,285.0081481933594,50.0,3764281.602147703,1662100.560988685,0.44154522340740304,50.0,1005.0,293.15,constant_cp_1005_J_kgK,PASS
gsA_c,290.0098571777344,50.0,3822258.6813480454,1834480.781880734,0.4799467892721859,50.0,1005.0,293.15,constant_cp_1005_J_kgK,PASS
gsA_c,295.0116271972656,50.0,3979419.9712388734,2136678.661542524,0.5369321853398983,50.0,1005.0,293.15,constant_cp_1005_J_kgK,PASS
gsA_c,300.0,50.0,3942214.6944363476,1867639.9864685163,0.47375400155255837,50.0,1005.0,293.15,constant_cp_1005_J_kgK,PASS
gsA_c,0.0,53.5,0.0,0.0,0.0,50.0,1005.0,293.15,constant_cp_1005_J_kgK,NEAR_ZERO_C_T_REVIEW
gsA_c,5.012290954589844,53.5,27853.905500108413,1614.030658757416,0.05794629621153399,50.0,1005.0,293.15,constant_cp_1005_J_kgK,PASS
gsA_c,10.028749465942383,53.5,2231454.7175195026,4550584.910456643,2.0392907257894515,50.0,1005.0,293.15,constant_cp_1005_J_kgK,PASS
gsA_c,15.019333839416504,53.5,3846313.764519208,3562846.5634398824,0.9263015920088984,50.0,1005.0,293.15,constant_cp_1005_J_kgK,PASS
gsA_c,20.023555755615234,53.5,3984012.3788812477,6154703.401399278,1.544850471355107,50.0,1005.0,293.15,constant_cp_1005_J_kgK,PASS
gsA_c,25.00023651123047,53.5,4538544.155764023,3861867.8727496937,0.8509045500515974,50.0,1005.0,293.15,constant_cp_1005_J_kgK,PASS
gsA_c,30.015220642089844,53.5,4454538.619764774,6939964.411954945,1.5579535849486954,50.0,1005.0,293.15,constant_cp_1005_J_kgK,PASS
gsA_c,35.001434326171875,53.5,4629075.170993652,4769616.209472732,1.0303605003780725,50.0,1005.0,293.15,constant_cp_1005_J_kgK,PASS
gsA_c,40.00098419189453,53.5,4604404.101568764,4882167.431080807,1.0603255759887378,50.0,1005.0,293.15,constant_cp_1005_J_kgK,PASS
gsA_c,45.024112701416016,53.5,4848438.6475541815,7112378.85367992,1.46694211697776,50.0,1005.0,293.15,constant_cp_1005_J_kgK,PASS
gsA_c,50.01590347290039,53.5,4780031.846973646,3751896.627221306,0.784910382887244,50.0,1005.0,293.15,constant_cp_1005_J_kgK,PASS
gsA_c,55.029544830322266,53.5,4493338.306356227,6460933.871916143,1.437891703541791,50.0,1005.0,293.15,constant_cp_1005_J_kgK,PASS
gsA_c,60.01183319091797,53.5,4685499.253256154,4591696.294315048,0.9799801571036598,50.0,1005.0,293.15,constant_cp_1005_J_kgK,PASS
gsA_c,65.02611541748047,53.5,4349623.917393504,3957154.6133681186,0.9097693705297235,50.0,1005.0,293.15,constant_cp_1005_J_kgK,PASS
gsA_c,70.02098083496094,53.5,4638439.527785857,5241371.287342153,1.1299859049459466,50.0,1005.0,293.15,constant_cp_1005_J_kgK,PASS
gsA_c,75.00432586669922,53.5,4717957.455583893,4536331.773340533,0.9615033234289979,50.0,1005.0,293.15,constant_cp_1005_J_kgK,PASS
gsA_c,80.00102233886719,53.5,4622704.768799462,5620228.811851241,1.2157879624466779,50.0,1005.0,293.15,constant_cp_1005_J_kgK,PASS
gsA_c,85.00537109375,53.5,4913590.575735379,5972983.8212836,1.2156047047916012,50.0,1005.0,293.15,constant_cp_1005_J_kgK,PASS
gsA_c,90.0014419555664,53.5,4500642.882880326,4562619.954674689,1.013770715297166,50.0,1005.0,293.15,constant_cp_1005_J_kgK,PASS
gsA_c,95.0119857788086,53.5,4742859.227512676,5191442.490008586,1.0945807667859377,50.0,1005.0,293.15,constant_cp_1005_J_kgK,PASS
gsA_c,100.01397705078125,53.5,4906726.793537548,4459982.447361965,0.9089526755873237,50.0,1005.0,293.15,constant_cp_1005_J_kgK,PASS
gsA_c,105.00387573242188,53.5,4789380.613066733,5543876.257143787,1.1575351188457614,50.0,1005.0,293.15,constant_cp_1005_J_kgK,PASS
gsA_c,110.02632141113281,53.5,5147649.3479769975,6385589.749488365,1.2404865440179742,50.0,1005.0,293.15,constant_cp_1005_J_kgK,PASS
gsA_c,115.02855682373047,53.5,4809640.932596769,5921112.378754268,1.2310923958220317,50.0,1005.0,293.15,constant_cp_1005_J_kgK,PASS
gsA_c,120.00379180908203,53.5,5032681.064088455,5849021.971327528,1.1622079557284506,50.0,1005.0,293.15,constant_cp_1005_J_kgK,PASS
gsA_c,125.0023422241211,53.5,4789859.963938098,5975194.301577532,1.2474674304809699,50.0,1005.0,293.15,constant_cp_1005_J_kgK,PASS
gsA_c,130.01202392578125,53.5,4543879.678899992,5581509.331610028,1.2283576428153198,50.0,1005.0,293.15,constant_cp_1005_J_kgK,PASS
gsA_c,135.01612854003906,53.5,4627141.174879191,4976836.6626997115,1.075574847320203,50.0,1005.0,293.15,constant_cp_1005_J_kgK,PASS
gsA_c,140.01504516601562,53.5,4847932.540132833,5868890.310399979,1.2105965299259653,50.0,1005.0,293.15,constant_cp_1005_J_kgK,PASS
gsA_c,145.00167846679688,53.5,4889624.871854024,5876339.841614703,1.201797682975737,50.0,1005.0,293.15,constant_cp_1005_J_kgK,PASS
gsA_c,150.01470947265625,53.5,4998259.272000872,6394183.092296785,1.2792819948568024,50.0,1005.0,293.15,constant_cp_1005_J_kgK,PASS
gsA_c,155.02285766601562,53.5,4708846.079211934,6016632.460157353,1.277729694057931,50.0,1005.0,293.15,constant_cp_1005_J_kgK,PASS
gsA_c,160.01528930664062,53.5,4482804.299693981,5005310.431408169,1.116557872434863,50.0,1005.0,293.15,constant_cp_1005_J_kgK,PASS
gsA_c,165.00747680664062,53.5,4778523.262239803,5231981.182429777,1.094894990628847,50.0,1005.0,293.15,constant_cp_1005_J_kgK,PASS
gsA_c,170.00120544433594,53.5,4901018.77741625,5943249.134875896,1.2126558588720804,50.0,1005.0,293.15,constant_cp_1005_J_kgK,PASS
gsA_c,175.0095977783203,53.5,4969353.609296905,5948606.584387707,1.1970584208897446,50.0,1005.0,293.15,constant_cp_1005_J_kgK,PASS
gsA_c,180.0248565673828,53.5,4842161.069845447,5637873.462883409,1.1643300133060956,50.0,1005.0,293.15,constant_cp_1005_J_kgK,PASS
gsA_c,185.00575256347656,53.5,4793767.65077349,5937156.888761009,1.238515781590505,50.0,1005.0,293.15,constant_cp_1005_J_kgK,PASS
gsA_c,190.0160369873047,53.5,4657126.1204543095,5477704.317498535,1.1761984055875592,50.0,1005.0,293.15,constant_cp_1005_J_kgK,PASS
gsA_c,195.0253448486328,53.5,4906784.226742087,6286853.615879676,1.2812574030902313,50.0,1005.0,293.15,constant_cp_1005_J_kgK,PASS
gsA_c,200.02882385253906,53.5,4951108.440198029,6317658.892513907,1.276008992495672,50.0,1005.0,293.15,constant_cp_1005_J_kgK,PASS
gsA_c,205.01026916503906,53.5,4888613.534112059,5470379.78699279,1.119004345265022,50.0,1005.0,293.15,constant_cp_1005_J_kgK,PASS
gsA_c,210.00177001953125,53.5,4762356.048412595,6020471.477618743,1.2641792038261201,50.0,1005.0,293.15,constant_cp_1005_J_kgK,PASS
gsA_c,215.01107788085938,53.5,4836635.250168273,5792712.217402693,1.1976739856910144,50.0,1005.0,293.15,constant_cp_1005_J_kgK,PASS
gsA_c,220.03042602539062,53.5,4842055.326894954,5958319.636670547,1.2305352240763043,50.0,1005.0,293.15,constant_cp_1005_J_kgK,PASS
gsA_c,225.02005004882812,53.5,4750001.55654373,5518775.554173011,1.1618471043594072,50.0,1005.0,293.15,constant_cp_1005_J_kgK,PASS
gsA_c,230.01730346679688,53.5,4809617.832460551,5909526.514472432,1.2286894136553836,50.0,1005.0,293.15,constant_cp_1005_J_kgK,PASS
gsA_c,235.01231384277344,53.5,4747645.501304898,5819372.3610880375,1.225738602321629,50.0,1005.0,293.15,constant_cp_1005_J_kgK,PASS
gsA_c,240.00238037109375,53.5,4876571.9521694835,5648346.729372482,1.1582617430384987,50.0,1005.0,293.15,constant_cp_1005_J_kgK,PASS
gsA_c,245.0231475830078,53.5,4924141.319509666,6259268.566636195,1.2711391003009387,50.0,1005.0,293.15,constant_cp_1005_J_kgK,PASS
gsA_c,250.0041046142578,53.5,5000623.82914586,5730730.477676398,1.1460031135065891,50.0,1005.0,293.15,constant_cp_1005_J_kgK,PASS
gsA_c,255.00942993164062,53.5,4914845.39748561,6360749.516898315,1.2941911703168558,50.0,1005.0,293.15,constant_cp_1005_J_kgK,PASS
gsA_c,260.00836181640625,53.5,4758644.542856697,5437935.699191239,1.1427488752767296,50.0,1005.0,293.15,constant_cp_1005_J_kgK,PASS
gsA_c,265.0084533691406,53.5,4848555.384364719,5617124.013640385,1.1585149737082703,50.0,1005.0,293.15,constant_cp_1005_J_kgK,PASS
gsA_c,270.0048522949219,53.5,4793740.336790986,5706031.156473096,1.1903087684329627,50.0,1005.0,293.15,constant_cp_1005_J_kgK,PASS
gsA_c,275.0065002441406,53.5,4984232.453995336,6203000.585301362,1.2445247372700416,50.0,1005.0,293.15,constant_cp_1005_J_kgK,PASS
gsA_c,280.01397705078125,53.5,4713924.606685189,5538296.153811233,1.1748800873813163,50.0,1005.0,293.15,constant_cp_1005_J_kgK,PASS
gsA_c,285.0081481933594,53.5,4635057.639796017,4968663.019916007,1.0719743757349847,50.0,1005.0,293.15,constant_cp_1005_J_kgK,PASS
gsA_c,290.0098571777344,53.5,4952024.998049328,6033546.097021868,1.218399765630942,50.0,1005.0,293.15,constant_cp_1005_J_kgK,PASS
gsA_c,295.0116271972656,53.5,4748668.3179063555,5923214.051183962,1.2473421293394211,50.0,1005.0,293.15,constant_cp_1005_J_kgK,PASS
gsA_c,300.0,53.5,5011404.566302702,6318786.519710601,1.2608813429669787,50.0,1005.0,293.15,constant_cp_1005_J_kgK,PASS
gsA_c,0.0,60.5,0.0,0.0,0.0,50.0,1005.0,293.15,constant_cp_1005_J_kgK,NEAR_ZERO_C_T_REVIEW
gsA_c,5.012290954589844,60.5,932.1858787674852,90.11400149639677,0.09666956295824473,50.0,1005.0,293.15,constant_cp_1005_J_kgK,PASS
gsA_c,10.028749465942383,60.5,916869.7489671223,2711057.733944379,2.9568624518351196,50.0,1005.0,293.15,constant_cp_1005_J_kgK,PASS
gsA_c,15.019333839416504,60.5,1530116.8578583382,2627930.0751061747,1.717470179881825,50.0,1005.0,293.15,constant_cp_1005_J_kgK,PASS
gsA_c,20.023555755615234,60.5,2182199.4154520063,4888031.820897648,2.239956525643726,50.0,1005.0,293.15,constant_cp_1005_J_kgK,PASS
gsA_c,25.00023651123047,60.5,2674206.432772993,3098345.269831863,1.1586036260555481,50.0,1005.0,293.15,constant_cp_1005_J_kgK,PASS
gsA_c,30.015220642089844,60.5,3639162.7718991106,6604611.818460917,1.8148712306743768,50.0,1005.0,293.15,constant_cp_1005_J_kgK,PASS
gsA_c,35.001434326171875,60.5,3272578.7423404576,4440948.129200664,1.3570179601009753,50.0,1005.0,293.15,constant_cp_1005_J_kgK,PASS
gsA_c,40.00098419189453,60.5,3416196.4863900235,3885929.4437894486,1.1375017389283137,50.0,1005.0,293.15,constant_cp_1005_J_kgK,PASS
gsA_c,45.024112701416016,60.5,3607365.0165145732,6319894.290084435,1.7519420023069079,50.0,1005.0,293.15,constant_cp_1005_J_kgK,PASS
gsA_c,50.01590347290039,60.5,3610335.001706477,3702886.1808861224,1.02563506686662,50.0,1005.0,293.15,constant_cp_1005_J_kgK,PASS
gsA_c,55.029544830322266,60.5,3732302.2123522516,5768860.561632912,1.5456574075219742,50.0,1005.0,293.15,constant_cp_1005_J_kgK,PASS
gsA_c,60.01183319091797,60.5,3688401.103173258,4771679.863504007,1.2936987410069818,50.0,1005.0,293.15,constant_cp_1005_J_kgK,PASS
gsA_c,65.02611541748047,60.5,3450309.073113242,4335358.919854214,1.2565132073638792,50.0,1005.0,293.15,constant_cp_1005_J_kgK,PASS
gsA_c,70.02098083496094,60.5,3729940.1251945724,5383504.014533421,1.4433218319429697,50.0,1005.0,293.15,constant_cp_1005_J_kgK,PASS
gsA_c,75.00432586669922,60.5,3908998.8216127204,4600972.432522355,1.1770206752388195,50.0,1005.0,293.15,constant_cp_1005_J_kgK,PASS
gsA_c,80.00102233886719,60.5,4044889.024446557,5827022.956252801,1.4405890794618486,50.0,1005.0,293.15,constant_cp_1005_J_kgK,PASS
gsA_c,85.00537109375,60.5,3885493.0673176534,4775377.600690663,1.22902744077918,50.0,1005.0,293.15,constant_cp_1005_J_kgK,PASS
gsA_c,90.0014419555664,60.5,3694510.519212029,4636644.538802186,1.2550091587751375,50.0,1005.0,293.15,constant_cp_1005_J_kgK,PASS
gsA_c,95.0119857788086,60.5,3841753.5294342116,5393301.899501789,1.4038646306120732,50.0,1005.0,293.15,constant_cp_1005_J_kgK,PASS
gsA_c,100.01397705078125,60.5,3761699.3389473623,4489073.74199578,1.1933632482313055,50.0,1005.0,293.15,constant_cp_1005_J_kgK,PASS
gsA_c,105.00387573242188,60.5,4012986.8557191095,5534193.394756429,1.3790708999879653,50.0,1005.0,293.15,constant_cp_1005_J_kgK,PASS
gsA_c,110.02632141113281,60.5,3936282.300446975,5090457.994456925,1.2932146644763993,50.0,1005.0,293.15,constant_cp_1005_J_kgK,PASS
gsA_c,115.02855682373047,60.5,4295684.623922605,5753833.039595323,1.339444941454107,50.0,1005.0,293.15,constant_cp_1005_J_kgK,PASS
gsA_c,120.00379180908203,60.5,4421511.236691922,5834387.387148164,1.3195459820912554,50.0,1005.0,293.15,constant_cp_1005_J_kgK,PASS
gsA_c,125.0023422241211,60.5,4586478.202069011,6319443.119875135,1.3778421790000797,50.0,1005.0,293.15,constant_cp_1005_J_kgK,PASS
gsA_c,130.01202392578125,60.5,4273097.404131812,5583458.416121639,1.3066536725146474,50.0,1005.0,293.15,constant_cp_1005_J_kgK,PASS
gsA_c,135.01612854003906,60.5,4435025.015093718,5832229.2285867315,1.3150386319666536,50.0,1005.0,293.15,constant_cp_1005_J_kgK,PASS
gsA_c,140.01504516601562,60.5,4533700.315578651,6130828.231007654,1.3522791107169059,50.0,1005.0,293.15,constant_cp_1005_J_kgK,PASS
gsA_c,145.00167846679688,60.5,4378759.422349307,5876127.697093023,1.3419617591003303,50.0,1005.0,293.15,constant_cp_1005_J_kgK,PASS
gsA_c,150.01470947265625,60.5,4596814.649179731,6454775.994808167,1.4041845250297347,50.0,1005.0,293.15,constant_cp_1005_J_kgK,PASS
gsA_c,155.02285766601562,60.5,4562644.379785703,6330316.180062831,1.387422655184043,50.0,1005.0,293.15,constant_cp_1005_J_kgK,PASS
gsA_c,160.01528930664062,60.5,4271180.675143901,5635246.612332861,1.3193650751248076,50.0,1005.0,293.15,constant_cp_1005_J_kgK,PASS
gsA_c,165.00747680664062,60.5,4248455.050582142,5688030.01225983,1.338846697102381,50.0,1005.0,293.15,constant_cp_1005_J_kgK,PASS
gsA_c,170.00120544433594,60.5,4600643.775195984,6229622.393484267,1.3540762332156195,50.0,1005.0,293.15,constant_cp_1005_J_kgK,PASS
gsA_c,175.0095977783203,60.5,4412655.393928714,5849839.790799074,1.3256960420810908,50.0,1005.0,293.15,constant_cp_1005_J_kgK,PASS
gsA_c,180.0248565673828,60.5,4404195.630991045,6054487.5246575605,1.374709034733582,50.0,1005.0,293.15,constant_cp_1005_J_kgK,PASS
gsA_c,185.00575256347656,60.5,4531112.9072413845,6335939.482266173,1.3983186055991694,50.0,1005.0,293.15,constant_cp_1005_J_kgK,PASS
gsA_c,190.0160369873047,60.5,4309907.452917008,5837377.012616771,1.3544089000486423,50.0,1005.0,293.15,constant_cp_1005_J_kgK,PASS
gsA_c,195.0253448486328,60.5,4352903.520128806,6024917.552575361,1.3841146546701033,50.0,1005.0,293.15,constant_cp_1005_J_kgK,PASS
gsA_c,200.02882385253906,60.5,4464575.5485453205,5966065.330321318,1.3363118767841708,50.0,1005.0,293.15,constant_cp_1005_J_kgK,PASS
gsA_c,205.01026916503906,60.5,4420481.003824496,6014830.387090035,1.3606732800991892,50.0,1005.0,293.15,constant_cp_1005_J_kgK,PASS
gsA_c,210.00177001953125,60.5,4612849.279434187,6411290.196230451,1.389876366612364,50.0,1005.0,293.15,constant_cp_1005_J_kgK,PASS
gsA_c,215.01107788085938,60.5,4356456.331830466,5658974.19192488,1.2989856343968287,50.0,1005.0,293.15,constant_cp_1005_J_kgK,PASS
gsA_c,220.03042602539062,60.5,4352907.184102079,5875788.529941158,1.3498538520189511,50.0,1005.0,293.15,constant_cp_1005_J_kgK,PASS
gsA_c,225.02005004882812,60.5,4534466.266152922,6299510.458886435,1.3892507054046275,50.0,1005.0,293.15,constant_cp_1005_J_kgK,PASS
gsA_c,230.01730346679688,60.5,4391077.9509427305,6029663.307900912,1.3731624387598014,50.0,1005.0,293.15,constant_cp_1005_J_kgK,PASS
gsA_c,235.01231384277344,60.5,4466039.696051568,6042148.176993449,1.3529096443847823,50.0,1005.0,293.15,constant_cp_1005_J_kgK,PASS
gsA_c,240.00238037109375,60.5,4389418.085773952,5897888.252462507,1.343660625898792,50.0,1005.0,293.15,constant_cp_1005_J_kgK,PASS
gsA_c,245.0231475830078,60.5,4427220.604077894,6099299.2895931285,1.3776813570064903,50.0,1005.0,293.15,constant_cp_1005_J_kgK,PASS
gsA_c,250.0041046142578,60.5,4431056.163636265,5982558.439249659,1.350142769199337,50.0,1005.0,293.15,constant_cp_1005_J_kgK,PASS
gsA_c,255.00942993164062,60.5,4398174.359800007,5845376.616118604,1.3290461309461143,50.0,1005.0,293.15,constant_cp_1005_J_kgK,PASS
gsA_c,260.00836181640625,60.5,4418438.169916208,5867269.691271268,1.3279058041865808,50.0,1005.0,293.15,constant_cp_1005_J_kgK,PASS
gsA_c,265.0084533691406,60.5,4494033.727743796,5665246.823327047,1.260615110285621,50.0,1005.0,293.15,constant_cp_1005_J_kgK,PASS
gsA_c,270.0048522949219,60.5,4591972.81773992,6331527.9438789645,1.37882522287996,50.0,1005.0,293.15,constant_cp_1005_J_kgK,PASS
gsA_c,275.0065002441406,60.5,4312645.707870392,5649271.248046015,1.3099316824788871,50.0,1005.0,293.15,constant_cp_1005_J_kgK,PASS
gsA_c,280.01397705078125,60.5,4423549.986457195,5993556.21962642,1.3549199710585018,50.0,1005.0,293.15,constant_cp_1005_J_kgK,PASS
gsA_c,285.0081481933594,60.5,4414386.828396465,5833190.069030282,1.3214043752366849,50.0,1005.0,293.15,constant_cp_1005_J_kgK,PASS
gsA_c,290.0098571777344,60.5,4531715.453110516,6191926.46082266,1.3663537626954474,50.0,1005.0,293.15,constant_cp_1005_J_kgK,PASS
gsA_c,295.0116271972656,60.5,4505684.732275857,6218795.595996108,1.3802109924488535,50.0,1005.0,293.15,constant_cp_1005_J_kgK,PASS
gsA_c,300.0,60.5,4470328.01476609,6030406.766937119,1.3489852975034224,50.0,1005.0,293.15,constant_cp_1005_J_kgK,PASS
gsA_c,0.0,71.0,0.0,0.0,0.0,50.0,1005.0,293.15,constant_cp_1005_J_kgK,NEAR_ZERO_C_T_REVIEW
gsA_c,5.012290954589844,71.0,0.6699469762928345,0.05907582721653287,0.08817985485246957,50.0,1005.0,293.15,constant_cp_1005_J_kgK,PASS
gsA_c,10.028749465942383,71.0,2323.6597307878083,4024.960020672493,1.7321641234046552,50.0,1005.0,293.15,constant_cp_1005_J_kgK,PASS
gsA_c,15.019333839416504,71.0,819015.8649722756,1734363.8163675496,2.1176193167225854,50.0,1005.0,293.15,constant_cp_1005_J_kgK,PASS
gsA_c,20.023555755615234,71.0,1337175.0545477713,3623413.7527310206,2.7097527286406384,50.0,1005.0,293.15,constant_cp_1005_J_kgK,PASS
gsA_c,25.00023651123047,71.0,1533289.3973266776,2562571.565850049,1.6712902145661117,50.0,1005.0,293.15,constant_cp_1005_J_kgK,PASS
gsA_c,30.015220642089844,71.0,1953254.4945754635,5147647.188681757,2.6354206289951922,50.0,1005.0,293.15,constant_cp_1005_J_kgK,PASS
gsA_c,35.001434326171875,71.0,1957528.5846072999,4031404.364162149,2.059435757854278,50.0,1005.0,293.15,constant_cp_1005_J_kgK,PASS
gsA_c,40.00098419189453,71.0,2094095.165572254,3876471.2781738257,1.851143798001415,50.0,1005.0,293.15,constant_cp_1005_J_kgK,PASS
gsA_c,45.024112701416016,71.0,2019116.432324206,4863500.225732499,2.408726979718608,50.0,1005.0,293.15,constant_cp_1005_J_kgK,PASS
gsA_c,50.01590347290039,71.0,2346944.8390883543,3431935.8732311134,1.4622993331893608,50.0,1005.0,293.15,constant_cp_1005_J_kgK,PASS
gsA_c,55.029544830322266,71.0,2652296.836623297,5602413.318405669,2.1122874487677006,50.0,1005.0,293.15,constant_cp_1005_J_kgK,PASS
gsA_c,60.01183319091797,71.0,2605465.3214419773,4286387.557050396,1.6451524116537164,50.0,1005.0,293.15,constant_cp_1005_J_kgK,PASS
gsA_c,65.02611541748047,71.0,2782038.7204968054,4689308.209585868,1.685565400307753,50.0,1005.0,293.15,constant_cp_1005_J_kgK,PASS
gsA_c,70.02098083496094,71.0,2673854.5017795,4753231.928182211,1.7776703724973983,50.0,1005.0,293.15,constant_cp_1005_J_kgK,PASS
gsA_c,75.00432586669922,71.0,2813218.44483162,4220836.985824081,1.5003587771786808,50.0,1005.0,293.15,constant_cp_1005_J_kgK,PASS
gsA_c,80.00102233886719,71.0,2861424.3901967355,5176451.25766686,1.809047017073533,50.0,1005.0,293.15,constant_cp_1005_J_kgK,PASS
gsA_c,85.00537109375,71.0,2801732.255352537,4388309.058314957,1.5662842335956124,50.0,1005.0,293.15,constant_cp_1005_J_kgK,PASS
gsA_c,90.0014419555664,71.0,3088403.639621337,5079418.835445785,1.6446745400379599,50.0,1005.0,293.15,constant_cp_1005_J_kgK,PASS
gsA_c,95.0119857788086,71.0,2936717.1664462416,4699779.969858093,1.600351584264192,50.0,1005.0,293.15,constant_cp_1005_J_kgK,PASS
gsA_c,100.01397705078125,71.0,3038870.710760774,4373896.867425229,1.439316536875711,50.0,1005.0,293.15,constant_cp_1005_J_kgK,PASS
gsA_c,105.00387573242188,71.0,3096077.386228215,5080794.623198202,1.6410425158616142,50.0,1005.0,293.15,constant_cp_1005_J_kgK,PASS
gsA_c,110.02632141113281,71.0,3152983.621367451,4732096.301377491,1.5008312346783383,50.0,1005.0,293.15,constant_cp_1005_J_kgK,PASS
gsA_c,115.02855682373047,71.0,3446493.5495775086,5612133.061211985,1.6283602393220644,50.0,1005.0,293.15,constant_cp_1005_J_kgK,PASS
gsA_c,120.00379180908203,71.0,3423390.725767007,5290086.93478102,1.5452769953963639,50.0,1005.0,293.15,constant_cp_1005_J_kgK,PASS
gsA_c,125.0023422241211,71.0,3562880.778615597,5780992.729241134,1.6225613733523272,50.0,1005.0,293.15,constant_cp_1005_J_kgK,PASS
gsA_c,130.01202392578125,71.0,3438128.8786651697,5388386.280424785,1.5672438324990272,50.0,1005.0,293.15,constant_cp_1005_J_kgK,PASS
gsA_c,135.01612854003906,71.0,3508298.9480094337,5544535.09131572,1.5804055394029692,50.0,1005.0,293.15,constant_cp_1005_J_kgK,PASS
gsA_c,140.01504516601562,71.0,3483043.864230238,5479297.623814605,1.5731348318880685,50.0,1005.0,293.15,constant_cp_1005_J_kgK,PASS
gsA_c,145.00167846679688,71.0,3437946.713614193,5410224.0913974745,1.5736788676721212,50.0,1005.0,293.15,constant_cp_1005_J_kgK,PASS
gsA_c,150.01470947265625,71.0,3294565.1809097547,5309140.125134692,1.611484318446125,50.0,1005.0,293.15,constant_cp_1005_J_kgK,PASS
gsA_c,155.02285766601562,71.0,3342113.2486314997,5658419.259486923,1.6930662842750417,50.0,1005.0,293.15,constant_cp_1005_J_kgK,PASS
gsA_c,160.01528930664062,71.0,3255357.31558167,5699075.297075176,1.7506758074748727,50.0,1005.0,293.15,constant_cp_1005_J_kgK,PASS
gsA_c,165.00747680664062,71.0,3170461.7919477886,5405847.194414266,1.7050661856716955,50.0,1005.0,293.15,constant_cp_1005_J_kgK,PASS
gsA_c,170.00120544433594,71.0,3194225.878844698,5545169.311886053,1.7359978668420446,50.0,1005.0,293.15,constant_cp_1005_J_kgK,PASS
gsA_c,175.0095977783203,71.0,3177432.1850838354,5676187.053410171,1.7864069861369536,50.0,1005.0,293.15,constant_cp_1005_J_kgK,PASS
gsA_c,180.0248565673828,71.0,3175154.3558457335,5882303.17758799,1.852603847985582,50.0,1005.0,293.15,constant_cp_1005_J_kgK,PASS
gsA_c,185.00575256347656,71.0,2986101.7072601644,5704897.144546538,1.9104831997771923,50.0,1005.0,293.15,constant_cp_1005_J_kgK,PASS
gsA_c,190.0160369873047,71.0,2981840.611744965,5731162.547162106,1.922021762192126,50.0,1005.0,293.15,constant_cp_1005_J_kgK,PASS
gsA_c,195.0253448486328,71.0,3016743.0999572524,5755207.539713192,1.9077552675250147,50.0,1005.0,293.15,constant_cp_1005_J_kgK,PASS
gsA_c,200.02882385253906,71.0,2938343.381390824,5271382.0363357775,1.7939979614774093,50.0,1005.0,293.15,constant_cp_1005_J_kgK,PASS
gsA_c,205.01026916503906,71.0,3093423.9235329125,5740372.821875859,1.8556696281445768,50.0,1005.0,293.15,constant_cp_1005_J_kgK,PASS
gsA_c,210.00177001953125,71.0,3013838.7386206966,5429265.397394074,1.8014452226063071,50.0,1005.0,293.15,constant_cp_1005_J_kgK,PASS
gsA_c,215.01107788085938,71.0,3158899.085417012,5704140.915042102,1.805736986463145,50.0,1005.0,293.15,constant_cp_1005_J_kgK,PASS
gsA_c,220.03042602539062,71.0,3118743.2880708203,5811505.82487998,1.8634126916149087,50.0,1005.0,293.15,constant_cp_1005_J_kgK,PASS
gsA_c,225.02005004882812,71.0,2997128.6665282194,5630015.41896265,1.8784697106395112,50.0,1005.0,293.15,constant_cp_1005_J_kgK,PASS
gsA_c,230.01730346679688,71.0,3061444.5691353567,5627897.083450522,1.8383142194339996,50.0,1005.0,293.15,constant_cp_1005_J_kgK,PASS
gsA_c,235.01231384277344,71.0,3198355.1722990167,5896324.631327525,1.8435490474590328,50.0,1005.0,293.15,constant_cp_1005_J_kgK,PASS
gsA_c,240.00238037109375,71.0,3102862.529341618,5827548.110652646,1.8781199797108525,50.0,1005.0,293.15,constant_cp_1005_J_kgK,PASS
gsA_c,245.0231475830078,71.0,2883870.3864390478,5790591.393628372,2.007923594922201,50.0,1005.0,293.15,constant_cp_1005_J_kgK,PASS
gsA_c,250.0041046142578,71.0,2797431.6277962793,5632074.659150304,2.01330198857695,50.0,1005.0,293.15,constant_cp_1005_J_kgK,PASS
gsA_c,255.00942993164062,71.0,2809109.286792022,5723839.103629388,2.0375992954570874,50.0,1005.0,293.15,constant_cp_1005_J_kgK,PASS
gsA_c,260.00836181640625,71.0,2748107.7164494824,5309999.858501241,1.9322386188565004,50.0,1005.0,293.15,constant_cp_1005_J_kgK,PASS
gsA_c,265.0084533691406,71.0,2882565.897850887,5570179.943422322,1.9323686398896203,50.0,1005.0,293.15,constant_cp_1005_J_kgK,PASS
gsA_c,270.0048522949219,71.0,2792320.1126208683,5670041.557434492,2.030584363091736,50.0,1005.0,293.15,constant_cp_1005_J_kgK,PASS
gsA_c,275.0065002441406,71.0,2837502.1546079973,5884062.967645538,2.0736770042940895,50.0,1005.0,293.15,constant_cp_1005_J_kgK,PASS
gsA_c,280.01397705078125,71.0,2763977.285934369,5669326.637824088,2.0511480563443043,50.0,1005.0,293.15,constant_cp_1005_J_kgK,PASS
gsA_c,285.0081481933594,71.0,2686174.994744445,5416805.999071505,2.016549930540487,50.0,1005.0,293.15,constant_cp_1005_J_kgK,PASS
gsA_c,290.0098571777344,71.0,2809551.821884388,5455815.287269194,1.9418809949588096,50.0,1005.0,293.15,constant_cp_1005_J_kgK,PASS
gsA_c,295.0116271972656,71.0,3026491.02886697,5916747.548442372,1.9549859860835035,50.0,1005.0,293.15,constant_cp_1005_J_kgK,PASS
gsA_c,300.0,71.0,2868570.4383259853,5750492.945168928,2.004654607165494,50.0,1005.0,293.15,constant_cp_1005_J_kgK,PASS
gsA_c,0.0,78.0,0.0,0.0,0.0,50.0,1005.0,293.15,constant_cp_1005_J_kgK,NEAR_ZERO_C_T_REVIEW
gsA_c,5.012290954589844,78.0,-8.394629092982342,-0.48332580059654945,0.05757559925345835,50.0,1005.0,293.15,constant_cp_1005_J_kgK,PASS
gsA_c,10.028749465942383,78.0,365.71795792950155,630.7620097309506,1.7247225520460117,50.0,1005.0,293.15,constant_cp_1005_J_kgK,PASS
gsA_c,15.019333839416504,78.0,725602.0995124388,1595984.814044828,2.199531692531254,50.0,1005.0,293.15,constant_cp_1005_J_kgK,PASS
gsA_c,20.023555755615234,78.0,872262.6318740266,2492207.4784699837,2.857175565477977,50.0,1005.0,293.15,constant_cp_1005_J_kgK,PASS
gsA_c,25.00023651123047,78.0,1361152.935591684,2499801.720408741,1.8365325857539236,50.0,1005.0,293.15,constant_cp_1005_J_kgK,PASS
gsA_c,30.015220642089844,78.0,1692438.2222754753,4639141.078093496,2.7410992123873155,50.0,1005.0,293.15,constant_cp_1005_J_kgK,PASS
gsA_c,35.001434326171875,78.0,1715163.3085361896,3672921.9637594153,2.1414415440673564,50.0,1005.0,293.15,constant_cp_1005_J_kgK,PASS
gsA_c,40.00098419189453,78.0,1954796.5447512055,4008809.3647679174,2.050755294985511,50.0,1005.0,293.15,constant_cp_1005_J_kgK,PASS
gsA_c,45.024112701416016,78.0,1814826.1110598387,4546657.547175033,2.5052855033697043,50.0,1005.0,293.15,constant_cp_1005_J_kgK,PASS
gsA_c,50.01590347290039,78.0,1923421.390014441,3498754.7722357293,1.8190266524016658,50.0,1005.0,293.15,constant_cp_1005_J_kgK,PASS
gsA_c,55.029544830322266,78.0,1962294.7227336965,5077333.328174151,2.5874468648118536,50.0,1005.0,293.15,constant_cp_1005_J_kgK,PASS
gsA_c,60.01183319091797,78.0,2048084.1393603305,4084487.0464433054,1.994296507622482,50.0,1005.0,293.15,constant_cp_1005_J_kgK,PASS
gsA_c,65.02611541748047,78.0,2099622.9809635635,4603885.059559069,2.1927198841414097,50.0,1005.0,293.15,constant_cp_1005_J_kgK,PASS
gsA_c,70.02098083496094,78.0,1993064.2404269301,4500925.154726246,2.2582940697195544,50.0,1005.0,293.15,constant_cp_1005_J_kgK,PASS
gsA_c,75.00432586669922,78.0,1923937.972311536,3988395.737096319,2.073037589826462,50.0,1005.0,293.15,constant_cp_1005_J_kgK,PASS
gsA_c,80.00102233886719,78.0,2117757.8394521037,4918051.256313343,2.322291607044985,50.0,1005.0,293.15,constant_cp_1005_J_kgK,PASS
gsA_c,85.00537109375,78.0,2071369.2783063985,4107487.459489353,1.9829817418397417,50.0,1005.0,293.15,constant_cp_1005_J_kgK,PASS
gsA_c,90.0014419555664,78.0,2208647.5487397457,4732748.479999382,2.142826492484003,50.0,1005.0,293.15,constant_cp_1005_J_kgK,PASS
gsA_c,95.0119857788086,78.0,2052838.770869703,4448490.482217697,2.166994576165888,50.0,1005.0,293.15,constant_cp_1005_J_kgK,PASS
gsA_c,100.01397705078125,78.0,2140737.2612118586,4384997.952425957,2.0483587742774345,50.0,1005.0,293.15,constant_cp_1005_J_kgK,PASS
gsA_c,105.00387573242188,78.0,2166239.777676218,4622775.9521500915,2.1340093556536304,50.0,1005.0,293.15,constant_cp_1005_J_kgK,PASS
gsA_c,110.02632141113281,78.0,2275310.470998029,4556415.696493037,2.0025467972704556,50.0,1005.0,293.15,constant_cp_1005_J_kgK,PASS
gsA_c,115.02855682373047,78.0,2131489.782810898,4767224.621828004,2.2365693048461313,50.0,1005.0,293.15,constant_cp_1005_J_kgK,PASS
gsA_c,120.00379180908203,78.0,2242521.110849135,4969300.882615107,2.215943858264714,50.0,1005.0,293.15,constant_cp_1005_J_kgK,PASS
gsA_c,125.0023422241211,78.0,2311902.011454642,5211464.191898266,2.2541890469740222,50.0,1005.0,293.15,constant_cp_1005_J_kgK,PASS
gsA_c,130.01202392578125,78.0,2365217.414375095,5324584.821120399,2.251203119323889,50.0,1005.0,293.15,constant_cp_1005_J_kgK,PASS
gsA_c,135.01612854003906,78.0,2348081.8659596173,5423362.5598984035,2.309699094619077,50.0,1005.0,293.15,constant_cp_1005_J_kgK,PASS
gsA_c,140.01504516601562,78.0,2276533.4374971786,5124437.241147698,2.2509826373477315,50.0,1005.0,293.15,constant_cp_1005_J_kgK,PASS
gsA_c,145.00167846679688,78.0,2223487.5574934734,5306830.791862187,2.3867148588160076,50.0,1005.0,293.15,constant_cp_1005_J_kgK,PASS
gsA_c,150.01470947265625,78.0,2349561.551764966,5699448.39374707,2.4257497699797232,50.0,1005.0,293.15,constant_cp_1005_J_kgK,PASS
gsA_c,155.02285766601562,78.0,2332469.9583142395,5543370.65514911,2.376609668814557,50.0,1005.0,293.15,constant_cp_1005_J_kgK,PASS
gsA_c,160.01528930664062,78.0,2379018.9098356813,5579214.7466328405,2.3451746110829337,50.0,1005.0,293.15,constant_cp_1005_J_kgK,PASS
gsA_c,165.00747680664062,78.0,2320621.5201412,5375344.999403526,2.316338512226008,50.0,1005.0,293.15,constant_cp_1005_J_kgK,PASS
gsA_c,170.00120544433594,78.0,2175866.048268338,5208798.482434695,2.393896667756782,50.0,1005.0,293.15,constant_cp_1005_J_kgK,PASS
gsA_c,175.0095977783203,78.0,2374113.1600283105,5415142.775730663,2.28091182295038,50.0,1005.0,293.15,constant_cp_1005_J_kgK,PASS
gsA_c,180.0248565673828,78.0,2433819.6066947137,5380861.040930792,2.210870939707134,50.0,1005.0,293.15,constant_cp_1005_J_kgK,PASS
gsA_c,185.00575256347656,78.0,2505100.6189633757,5697022.335251643,2.274169066154756,50.0,1005.0,293.15,constant_cp_1005_J_kgK,PASS
gsA_c,190.0160369873047,78.0,2550062.6266332073,5659873.264216833,2.2195036330105506,50.0,1005.0,293.15,constant_cp_1005_J_kgK,PASS
gsA_c,195.0253448486328,78.0,2252234.459036082,5058267.8982899925,2.245888689783586,50.0,1005.0,293.15,constant_cp_1005_J_kgK,PASS
gsA_c,200.02882385253906,78.0,2467107.4653429855,5565004.057324616,2.2556796311063607,50.0,1005.0,293.15,constant_cp_1005_J_kgK,PASS
gsA_c,205.01026916503906,78.0,2329530.237906291,5422466.532786332,2.327708155297384,50.0,1005.0,293.15,constant_cp_1005_J_kgK,PASS
gsA_c,210.00177001953125,78.0,2312636.3808608684,5406275.888350481,2.337711165098085,50.0,1005.0,293.15,constant_cp_1005_J_kgK,PASS
gsA_c,215.01107788085938,78.0,2369036.9995055436,5588486.124601026,2.3589695415341474,50.0,1005.0,293.15,constant_cp_1005_J_kgK,PASS
gsA_c,220.03042602539062,78.0,2373011.0636462383,5634351.353112053,2.374346853846782,50.0,1005.0,293.15,constant_cp_1005_J_kgK,PASS
gsA_c,225.02005004882812,78.0,2385772.3215267668,5410398.8754631225,2.2677766971496904,50.0,1005.0,293.15,constant_cp_1005_J_kgK,PASS
gsA_c,230.01730346679688,78.0,2359241.4935832294,5500365.367338133,2.331412609645206,50.0,1005.0,293.15,constant_cp_1005_J_kgK,PASS
gsA_c,235.01231384277344,78.0,2529822.676907534,5629976.346589873,2.225443070765726,50.0,1005.0,293.15,constant_cp_1005_J_kgK,PASS
gsA_c,240.00238037109375,78.0,2446924.585500993,5695169.497359668,2.32748059793335,50.0,1005.0,293.15,constant_cp_1005_J_kgK,PASS
gsA_c,245.0231475830078,78.0,2488400.7886532885,5712741.765429069,2.295748253849726,50.0,1005.0,293.15,constant_cp_1005_J_kgK,PASS
gsA_c,250.0041046142578,78.0,2514970.5115726497,5795938.843643545,2.304575269162601,50.0,1005.0,293.15,constant_cp_1005_J_kgK,PASS
gsA_c,255.00942993164062,78.0,2525313.6308904462,5511563.542850476,2.182526350561475,50.0,1005.0,293.15,constant_cp_1005_J_kgK,PASS
gsA_c,260.00836181640625,78.0,2462979.9040830038,5524751.327197279,2.2431166888688874,50.0,1005.0,293.15,constant_cp_1005_J_kgK,PASS
gsA_c,265.0084533691406,78.0,2424480.8167963065,5298533.8005701685,2.1854302842336426,50.0,1005.0,293.15,constant_cp_1005_J_kgK,PASS
gsA_c,270.0048522949219,78.0,2476116.2830123845,5490460.317517031,2.217367720241904,50.0,1005.0,293.15,constant_cp_1005_J_kgK,PASS
gsA_c,275.0065002441406,78.0,2498561.7934134076,5556247.372444613,2.223778249988346,50.0,1005.0,293.15,constant_cp_1005_J_kgK,PASS
gsA_c,280.01397705078125,78.0,2373008.353128192,5181939.971274616,2.1837006871229843,50.0,1005.0,293.15,constant_cp_1005_J_kgK,PASS
gsA_c,285.0081481933594,78.0,2524111.6844584574,5377657.253103815,2.130514781186308,50.0,1005.0,293.15,constant_cp_1005_J_kgK,PASS
gsA_c,290.0098571777344,78.0,2587893.787727655,5688170.782979914,2.1979923635021006,50.0,1005.0,293.15,constant_cp_1005_J_kgK,PASS
gsA_c,295.0116271972656,78.0,2503631.7936666347,5481180.791215622,2.189291893912358,50.0,1005.0,293.15,constant_cp_1005_J_kgK,PASS
gsA_c,300.0,78.0,2355630.209142991,5318697.496118912,2.257866058719769,50.0,1005.0,293.15,constant_cp_1005_J_kgK,PASS
gsA_c,0.0,85.0,0.0,0.0,0.0,50.0,1005.0,293.15,constant_cp_1005_J_kgK,NEAR_ZERO_C_T_REVIEW
gsA_c,5.012290954589844,85.0,-7.580902405708443,-0.27775560108652847,0.03663885724748795,50.0,1005.0,293.15,constant_cp_1005_J_kgK,PASS
gsA_c,10.028749465942383,85.0,43.095328314512074,73.49436722727572,1.705390586404271,50.0,1005.0,293.15,constant_cp_1005_J_kgK,PASS
gsA_c,15.019333839416504,85.0,892.1010553492995,922.913320336634,1.0345389850191753,50.0,1005.0,293.15,constant_cp_1005_J_kgK,PASS
gsA_c,20.023555755615234,85.0,806921.3392222218,2340900.395701546,2.9010267567813965,50.0,1005.0,293.15,constant_cp_1005_J_kgK,PASS
gsA_c,25.00023651123047,85.0,1141687.6266123094,2186383.3064332963,1.9150451099490977,50.0,1005.0,293.15,constant_cp_1005_J_kgK,PASS
gsA_c,30.015220642089844,85.0,1278459.677829794,3560831.374477047,2.78525121771663,50.0,1005.0,293.15,constant_cp_1005_J_kgK,PASS
gsA_c,35.001434326171875,85.0,1616702.5806004019,3676120.051123186,2.2738381785460917,50.0,1005.0,293.15,constant_cp_1005_J_kgK,PASS
gsA_c,40.00098419189453,85.0,1700361.0372551414,3648829.771769394,2.145914715653344,50.0,1005.0,293.15,constant_cp_1005_J_kgK,PASS
gsA_c,45.024112701416016,85.0,1701704.3235094824,4565385.316523656,2.6828311202197015,50.0,1005.0,293.15,constant_cp_1005_J_kgK,PASS
gsA_c,50.01590347290039,85.0,1862323.9445540458,3423470.6003555213,1.8382787862265861,50.0,1005.0,293.15,constant_cp_1005_J_kgK,PASS
gsA_c,55.029544830322266,85.0,1789678.9264843324,4443560.171691924,2.4828812061954078,50.0,1005.0,293.15,constant_cp_1005_J_kgK,PASS
gsA_c,60.01183319091797,85.0,1873793.7819775925,3909841.9426739053,2.086591374290652,50.0,1005.0,293.15,constant_cp_1005_J_kgK,PASS
gsA_c,65.02611541748047,85.0,2016581.9506253735,4394661.856207499,2.1792627147360135,50.0,1005.0,293.15,constant_cp_1005_J_kgK,PASS
gsA_c,70.02098083496094,85.0,2010347.720874887,4718218.699566538,2.3469664728016335,50.0,1005.0,293.15,constant_cp_1005_J_kgK,PASS
gsA_c,75.00432586669922,85.0,1900053.2201174074,3661681.172621352,1.9271466366584664,50.0,1005.0,293.15,constant_cp_1005_J_kgK,PASS
gsA_c,80.00102233886719,85.0,1981602.9160523356,4608857.308775762,2.325822833344093,50.0,1005.0,293.15,constant_cp_1005_J_kgK,PASS
gsA_c,85.00537109375,85.0,1972140.09428898,4079964.7583094593,2.0688006750252783,50.0,1005.0,293.15,constant_cp_1005_J_kgK,PASS
gsA_c,90.0014419555664,85.0,1988786.9251043936,4336205.208273552,2.180326687357892,50.0,1005.0,293.15,constant_cp_1005_J_kgK,PASS
gsA_c,95.0119857788086,85.0,2225470.0114201447,5021501.505379411,2.2563779694227497,50.0,1005.0,293.15,constant_cp_1005_J_kgK,PASS
gsA_c,100.01397705078125,85.0,2037852.2880325944,4122375.435694722,2.0229019835753594,50.0,1005.0,293.15,constant_cp_1005_J_kgK,PASS
gsA_c,105.00387573242188,85.0,2035519.2095732223,4629280.815281066,2.274250615523134,50.0,1005.0,293.15,constant_cp_1005_J_kgK,PASS
gsA_c,110.02632141113281,85.0,1995634.8546909299,4306545.221555271,2.1579825645119017,50.0,1005.0,293.15,constant_cp_1005_J_kgK,PASS
gsA_c,115.02855682373047,85.0,2159741.948232371,4863549.149532688,2.251912157150641,50.0,1005.0,293.15,constant_cp_1005_J_kgK,PASS
gsA_c,120.00379180908203,85.0,2217631.9794040853,4910792.081341526,2.2144305849436456,50.0,1005.0,293.15,constant_cp_1005_J_kgK,PASS
gsA_c,125.0023422241211,85.0,2179644.446030722,4993296.863340918,2.290876786089604,50.0,1005.0,293.15,constant_cp_1005_J_kgK,PASS
gsA_c,130.01202392578125,85.0,2364784.8696974562,5398151.876930991,2.2827242960251235,50.0,1005.0,293.15,constant_cp_1005_J_kgK,PASS
gsA_c,135.01612854003906,85.0,2238229.2395906914,5149312.70868099,2.3006189971955915,50.0,1005.0,293.15,constant_cp_1005_J_kgK,PASS
gsA_c,140.01504516601562,85.0,2325515.84739649,5224249.866913021,2.2464907615064327,50.0,1005.0,293.15,constant_cp_1005_J_kgK,PASS
gsA_c,145.00167846679688,85.0,2330484.2273031166,5218058.971733648,2.2390449635319305,50.0,1005.0,293.15,constant_cp_1005_J_kgK,PASS
gsA_c,150.01470947265625,85.0,2267904.6961464505,5065366.18612792,2.233500461785199,50.0,1005.0,293.15,constant_cp_1005_J_kgK,PASS
gsA_c,155.02285766601562,85.0,2322164.949592017,5374221.304540614,2.314315055648744,50.0,1005.0,293.15,constant_cp_1005_J_kgK,PASS
gsA_c,160.01528930664062,85.0,2335066.590787137,5497672.442208757,2.354396428735474,50.0,1005.0,293.15,constant_cp_1005_J_kgK,PASS
gsA_c,165.00747680664062,85.0,2425493.5935443407,5735295.789405399,2.3645891313299603,50.0,1005.0,293.15,constant_cp_1005_J_kgK,PASS
gsA_c,170.00120544433594,85.0,2315398.989585102,5358362.009332993,2.3142283612610366,50.0,1005.0,293.15,constant_cp_1005_J_kgK,PASS
gsA_c,175.0095977783203,85.0,2181278.901265858,5015392.407052786,2.2992898359500056,50.0,1005.0,293.15,constant_cp_1005_J_kgK,PASS
gsA_c,180.0248565673828,85.0,2379498.246912333,5371256.430294328,2.257306319626054,50.0,1005.0,293.15,constant_cp_1005_J_kgK,PASS
gsA_c,185.00575256347656,85.0,2515334.1274173916,5756652.449803511,2.2886233630178294,50.0,1005.0,293.15,constant_cp_1005_J_kgK,PASS
gsA_c,190.0160369873047,85.0,2360004.7283787,5266851.203600208,2.231712140347482,50.0,1005.0,293.15,constant_cp_1005_J_kgK,PASS
gsA_c,195.0253448486328,85.0,2417932.985285983,5533928.896988927,2.288702346452499,50.0,1005.0,293.15,constant_cp_1005_J_kgK,PASS
gsA_c,200.02882385253906,85.0,2359597.94753695,5373693.156761337,2.277376602387126,50.0,1005.0,293.15,constant_cp_1005_J_kgK,PASS
gsA_c,205.01026916503906,85.0,2277712.9181828275,5264519.185640621,2.3113181400580904,50.0,1005.0,293.15,constant_cp_1005_J_kgK,PASS
gsA_c,210.00177001953125,85.0,2304941.9648387483,5475605.499812348,2.3755936519622582,50.0,1005.0,293.15,constant_cp_1005_J_kgK,PASS
gsA_c,215.01107788085938,85.0,2220840.9144699816,5141574.830242204,2.315147742795108,50.0,1005.0,293.15,constant_cp_1005_J_kgK,PASS
gsA_c,220.03042602539062,85.0,2273415.515726114,5320489.900699151,2.3403068483940643,50.0,1005.0,293.15,constant_cp_1005_J_kgK,PASS
gsA_c,225.02005004882812,85.0,2264802.2110731904,5254279.255048137,2.3199726798917077,50.0,1005.0,293.15,constant_cp_1005_J_kgK,PASS
gsA_c,230.01730346679688,85.0,2310571.8593688398,5429418.977283172,2.3498161094917345,50.0,1005.0,293.15,constant_cp_1005_J_kgK,PASS
gsA_c,235.01231384277344,85.0,2254012.3833540683,5107000.015869017,2.2657373373741527,50.0,1005.0,293.15,constant_cp_1005_J_kgK,PASS
gsA_c,240.00238037109375,85.0,2432157.6753170015,5695014.023348317,2.3415480341364137,50.0,1005.0,293.15,constant_cp_1005_J_kgK,PASS
gsA_c,245.0231475830078,85.0,2383423.6792295147,5352596.354494424,2.24575949342953,50.0,1005.0,293.15,constant_cp_1005_J_kgK,PASS
gsA_c,250.0041046142578,85.0,2358021.512318695,5489678.035401343,2.328086494004552,50.0,1005.0,293.15,constant_cp_1005_J_kgK,PASS
gsA_c,255.00942993164062,85.0,2243570.3136108583,5043310.947102487,2.247895203687935,50.0,1005.0,293.15,constant_cp_1005_J_kgK,PASS
gsA_c,260.00836181640625,85.0,2407747.1190610183,5640427.397213602,2.3426161960950758,50.0,1005.0,293.15,constant_cp_1005_J_kgK,PASS
gsA_c,265.0084533691406,85.0,2342291.04711067,5321005.598473419,2.2717098308671493,50.0,1005.0,293.15,constant_cp_1005_J_kgK,PASS
gsA_c,270.0048522949219,85.0,2400653.0036762324,5445953.3520301515,2.2685299973342694,50.0,1005.0,293.15,constant_cp_1005_J_kgK,PASS
gsA_c,275.0065002441406,85.0,2418558.4065779108,5417828.299212996,2.2401064553486796,50.0,1005.0,293.15,constant_cp_1005_J_kgK,PASS
gsA_c,280.01397705078125,85.0,2307076.574743389,5225966.931263048,2.2651900628154564,50.0,1005.0,293.15,constant_cp_1005_J_kgK,PASS
gsA_c,285.0081481933594,85.0,2377283.745377119,5450512.324998884,2.2927479042407044,50.0,1005.0,293.15,constant_cp_1005_J_kgK,PASS
gsA_c,290.0098571777344,85.0,2313187.802177017,5306993.6325155655,2.294233796115031,50.0,1005.0,293.15,constant_cp_1005_J_kgK,PASS
gsA_c,295.0116271972656,85.0,2312839.7719956012,5287327.392138294,2.2860759556967474,50.0,1005.0,293.15,constant_cp_1005_J_kgK,PASS
gsA_c,300.0,85.0,2473464.725898685,5852561.77326203,2.3661391698786467,50.0,1005.0,293.15,constant_cp_1005_J_kgK,PASS
gsA_f,0.0,15.0,0.0,0.0,0.0,50.0,1005.0,293.15,constant_cp_1005_J_kgK,NEAR_ZERO_C_T_REVIEW
gsA_f,5.004624843597412,15.0,-1.8090444305522713,-0.7804545256148616,0.4314181078157288,50.0,1005.0,293.15,constant_cp_1005_J_kgK,PASS
gsA_f,10.003152847290039,15.0,-1.0287287746719365,-1.1187601783624617,1.0875171423407684,50.0,1005.0,293.15,constant_cp_1005_J_kgK,PASS
gsA_f,15.001075744628906,15.0,0.547266928821406,0.4652933479369512,0.8502127985127734,50.0,1005.0,293.15,constant_cp_1005_J_kgK,PASS
gsA_f,20.003589630126953,15.0,4.404761421842651,4.021541868567937,0.9129987943757008,50.0,1005.0,293.15,constant_cp_1005_J_kgK,PASS
gsA_f,25.001447677612305,15.0,18.313524310366404,18.430175180347696,1.0063696570358602,50.0,1005.0,293.15,constant_cp_1005_J_kgK,PASS
gsA_f,30.00459861755371,15.0,60.99733108233826,62.81500150198444,1.0297991795110308,50.0,1005.0,293.15,constant_cp_1005_J_kgK,PASS
gsA_f,35.00447082519531,15.0,187.31436328730038,182.27817996572827,0.9731137365327357,50.0,1005.0,293.15,constant_cp_1005_J_kgK,PASS
gsA_f,40.000244140625,15.0,5803.077329917316,-1263.9144468599034,-0.2178007245127809,50.0,1005.0,293.15,constant_cp_1005_J_kgK,PASS
gsA_f,45.001399993896484,15.0,1070175.7564961147,-885577.0108569516,-0.8275061413804005,50.0,1005.0,293.15,constant_cp_1005_J_kgK,PASS
gsA_f,50.00304412841797,15.0,1433646.3795601255,-1081624.7130799824,-0.7544571161347668,50.0,1005.0,293.15,constant_cp_1005_J_kgK,PASS
gsA_f,55.00080108642578,15.0,1265512.2042576624,-1013945.3652840168,-0.8012134232073936,50.0,1005.0,293.15,constant_cp_1005_J_kgK,PASS
gsA_f,60.00123596191406,15.0,1192090.3133953963,-727018.790626855,-0.609868885316338,50.0,1005.0,293.15,constant_cp_1005_J_kgK,PASS
gsA_f,65.0027847290039,15.0,1318231.1495771997,-1014112.7310866003,-0.7692981093731999,50.0,1005.0,293.15,constant_cp_1005_J_kgK,PASS
gsA_f,70.0030746459961,15.0,1497990.6298678664,-584147.0950503751,-0.38995377100716627,50.0,1005.0,293.15,constant_cp_1005_J_kgK,PASS
gsA_f,75.00133514404297,15.0,1693117.2779132274,-481683.8274764643,-0.2844952524908026,50.0,1005.0,293.15,constant_cp_1005_J_kgK,PASS
gsA_f,80.00242614746094,15.0,1753620.7105455487,-678279.2525306664,-0.38678788888143,50.0,1005.0,293.15,constant_cp_1005_J_kgK,PASS
gsA_f,85.00439453125,15.0,2019095.621443211,-285536.9266805765,-0.14141822885856195,50.0,1005.0,293.15,constant_cp_1005_J_kgK,PASS
gsA_f,90.00247955322266,15.0,2004213.5045901663,-519309.16517843446,-0.25910870473084935,50.0,1005.0,293.15,constant_cp_1005_J_kgK,PASS
gsA_f,95.00352478027344,15.0,2048078.4745044787,-195146.8441127661,-0.09528289396234228,50.0,1005.0,293.15,constant_cp_1005_J_kgK,PASS
gsA_f,100.00091552734375,15.0,2112291.7651574127,-141915.49350058916,-0.06718555449654619,50.0,1005.0,293.15,constant_cp_1005_J_kgK,PASS
gsA_f,105.00138092041016,15.0,2199033.382061047,-1006.6182198490715,-0.0004577548608678313,50.0,1005.0,293.15,constant_cp_1005_J_kgK,PASS
gsA_f,110.00249481201172,15.0,2338819.1078523435,-498000.43008341826,-0.21292815182304312,50.0,1005.0,293.15,constant_cp_1005_J_kgK,PASS
gsA_f,115.00171661376953,15.0,2496744.9694968574,-474632.95327978977,-0.19010069473592947,50.0,1005.0,293.15,constant_cp_1005_J_kgK,PASS
gsA_f,120.00064086914062,15.0,2479444.1997112865,-453024.7222823105,-0.1827122071692768,50.0,1005.0,293.15,constant_cp_1005_J_kgK,PASS
gsA_f,125.00511932373047,15.0,2503503.18396158,-987365.5080386492,-0.39439354995196263,50.0,1005.0,293.15,constant_cp_1005_J_kgK,PASS
gsA_f,130.00503540039062,15.0,2505159.697405927,-327477.4847546447,-0.13072120116483787,50.0,1005.0,293.15,constant_cp_1005_J_kgK,PASS
gsA_f,135.0027313232422,15.0,2629555.458646233,-336842.28192704194,-0.12809856541320389,50.0,1005.0,293.15,constant_cp_1005_J_kgK,PASS
gsA_f,140.00192260742188,15.0,2900552.9816069417,16585.446120063774,0.005718029019030443,50.0,1005.0,293.15,constant_cp_1005_J_kgK,PASS
gsA_f,145.00216674804688,15.0,2754461.9026346463,-162155.8058357765,-0.05887023003682651,50.0,1005.0,293.15,constant_cp_1005_J_kgK,PASS
gsA_f,150.0051727294922,15.0,2626286.950913245,-451679.23038591084,-0.17198396017954062,50.0,1005.0,293.15,constant_cp_1005_J_kgK,PASS
gsA_f,155.0001678466797,15.0,2697820.7383687263,-396821.76174040395,-0.14708974399105088,50.0,1005.0,293.15,constant_cp_1005_J_kgK,PASS
gsA_f,160.00376892089844,15.0,2781810.37585283,-354035.90832764795,-0.1272681673060155,50.0,1005.0,293.15,constant_cp_1005_J_kgK,PASS
gsA_f,165.00343322753906,15.0,2758389.1648822953,-262535.707902665,-0.09517718211957511,50.0,1005.0,293.15,constant_cp_1005_J_kgK,PASS
gsA_f,170.00196838378906,15.0,2867278.9348978465,-171770.5307294235,-0.05990715749304774,50.0,1005.0,293.15,constant_cp_1005_J_kgK,PASS
gsA_f,175.0038604736328,15.0,2926943.6533075236,-207304.1880322392,-0.07082616291501886,50.0,1005.0,293.15,constant_cp_1005_J_kgK,PASS
gsA_f,180.00477600097656,15.0,2921927.2289504907,126089.41307234718,0.04315282455464725,50.0,1005.0,293.15,constant_cp_1005_J_kgK,PASS
gsA_f,185.0048828125,15.0,2762307.2031054385,-553164.6594038743,-0.200254576602485,50.0,1005.0,293.15,constant_cp_1005_J_kgK,PASS
gsA_f,190.0029296875,15.0,2938734.878662121,177161.42649911717,0.06028493001715454,50.0,1005.0,293.15,constant_cp_1005_J_kgK,PASS
gsA_f,195.00120544433594,15.0,2768024.322549808,-603692.6195785807,-0.21809512823300622,50.0,1005.0,293.15,constant_cp_1005_J_kgK,PASS
gsA_f,200.00025939941406,15.0,2890048.1750708157,27572.822206738405,0.009540609891758213,50.0,1005.0,293.15,constant_cp_1005_J_kgK,PASS
gsA_f,205.00096130371094,15.0,2838605.2208706127,-360800.61915263766,-0.12710489521398766,50.0,1005.0,293.15,constant_cp_1005_J_kgK,PASS
gsA_f,210.0048828125,15.0,2985563.2029997585,-172149.36995036248,-0.057660601449466733,50.0,1005.0,293.15,constant_cp_1005_J_kgK,PASS
gsA_f,215.00323486328125,15.0,2892369.513309937,-399783.4898636271,-0.13822006075777202,50.0,1005.0,293.15,constant_cp_1005_J_kgK,PASS
gsA_f,220.00033569335938,15.0,2881058.1615020856,-571577.7578580901,-0.19839160676995451,50.0,1005.0,293.15,constant_cp_1005_J_kgK,PASS
gsA_f,225.00222778320312,15.0,3003846.3864531466,-373148.36950348667,-0.12422351928058784,50.0,1005.0,293.15,constant_cp_1005_J_kgK,PASS
gsA_f,230.0022430419922,15.0,2940617.424757489,-130515.2115034638,-0.044383608151348446,50.0,1005.0,293.15,constant_cp_1005_J_kgK,PASS
gsA_f,235.00083923339844,15.0,3053649.5299939034,-59729.24137643073,-0.019559953029891403,50.0,1005.0,293.15,constant_cp_1005_J_kgK,PASS
gsA_f,240.0003204345703,15.0,2961337.2839440056,-467663.57034404366,-0.15792310213350433,50.0,1005.0,293.15,constant_cp_1005_J_kgK,PASS
gsA_f,245.0040740966797,15.0,2942460.1753886426,-334776.57774238987,-0.11377437850902168,50.0,1005.0,293.15,constant_cp_1005_J_kgK,PASS
gsA_f,250.0038604736328,15.0,3001302.5749399816,-138302.58717101486,-0.04608085446825718,50.0,1005.0,293.15,constant_cp_1005_J_kgK,PASS
gsA_f,255.0013885498047,15.0,3013683.151693418,-197586.5971297205,-0.06556316214552767,50.0,1005.0,293.15,constant_cp_1005_J_kgK,PASS
gsA_f,260.00360107421875,15.0,2992547.9310633503,-229725.0907946818,-0.07676571807257666,50.0,1005.0,293.15,constant_cp_1005_J_kgK,PASS
gsA_f,265.0008544921875,15.0,2923189.4430973516,-397108.7253949756,-0.13584775572198537,50.0,1005.0,293.15,constant_cp_1005_J_kgK,PASS
gsA_f,270.0034484863281,15.0,2910379.870939932,-302177.53029082436,-0.10382752207299781,50.0,1005.0,293.15,constant_cp_1005_J_kgK,PASS
gsA_f,275.002197265625,15.0,3063549.3477014997,185816.9696731614,0.06065414608469582,50.0,1005.0,293.15,constant_cp_1005_J_kgK,PASS
gsA_f,280.0023498535156,15.0,2841897.3364164103,-537688.3787632063,-0.1892004935833548,50.0,1005.0,293.15,constant_cp_1005_J_kgK,PASS
gsA_f,285.0018005371094,15.0,2931546.791840432,84689.67499263468,0.02888907495127044,50.0,1005.0,293.15,constant_cp_1005_J_kgK,PASS
gsA_f,290.0054931640625,15.0,2820200.3907743003,-460230.28093746083,-0.16319063086545496,50.0,1005.0,293.15,constant_cp_1005_J_kgK,PASS
gsA_f,295.0007629394531,15.0,2781247.713568714,-483824.4519362247,-0.17395949651511367,50.0,1005.0,293.15,constant_cp_1005_J_kgK,PASS
gsA_f,300.0,15.0,2914299.428137127,-225570.40437431587,-0.07740124511450922,50.0,1005.0,293.15,constant_cp_1005_J_kgK,PASS
gsA_f,0.0,22.0,0.0,0.0,0.0,50.0,1005.0,293.15,constant_cp_1005_J_kgK,NEAR_ZERO_C_T_REVIEW
gsA_f,5.004624843597412,22.0,24.87027599602156,9.548232109730339,0.3839214374168516,50.0,1005.0,293.15,constant_cp_1005_J_kgK,PASS
gsA_f,10.003152847290039,22.0,54.16220974871448,56.89424214200005,1.0504416715069491,50.0,1005.0,293.15,constant_cp_1005_J_kgK,PASS
gsA_f,15.001075744628906,22.0,59.34407060743054,55.092562911037945,0.9283583405417994,50.0,1005.0,293.15,constant_cp_1005_J_kgK,PASS
gsA_f,20.003589630126953,22.0,78.48486034544935,68.81535917429633,0.8767978801329361,50.0,1005.0,293.15,constant_cp_1005_J_kgK,PASS
gsA_f,25.001447677612305,22.0,152.0426772973077,155.24636287908396,1.021070962690894,50.0,1005.0,293.15,constant_cp_1005_J_kgK,PASS
gsA_f,30.00459861755371,22.0,415.00174144965354,440.4085687002887,1.061221013581352,50.0,1005.0,293.15,constant_cp_1005_J_kgK,PASS
gsA_f,35.00447082519531,22.0,567511.5240327697,-543880.1403329573,-0.9583596408194719,50.0,1005.0,293.15,constant_cp_1005_J_kgK,PASS
gsA_f,40.000244140625,22.0,1444523.0354983823,-1286393.638728529,-0.8905317583147456,50.0,1005.0,293.15,constant_cp_1005_J_kgK,PASS
gsA_f,45.001399993896484,22.0,1366438.8544194964,-1113674.0143357639,-0.8150192822267812,50.0,1005.0,293.15,constant_cp_1005_J_kgK,PASS
gsA_f,50.00304412841797,22.0,1353859.7819500412,-951337.8261554637,-0.7026856391178096,50.0,1005.0,293.15,constant_cp_1005_J_kgK,PASS
gsA_f,55.00080108642578,22.0,1160439.3716719092,-1050843.524770803,-0.9055565938415152,50.0,1005.0,293.15,constant_cp_1005_J_kgK,PASS
gsA_f,60.00123596191406,22.0,1408411.981823324,-1208385.9749254857,-0.857977630494959,50.0,1005.0,293.15,constant_cp_1005_J_kgK,PASS
gsA_f,65.0027847290039,22.0,1647474.4237105548,-1114327.5030503592,-0.6763853125808131,50.0,1005.0,293.15,constant_cp_1005_J_kgK,PASS
gsA_f,70.0030746459961,22.0,1685066.7691910984,-1002504.1010309111,-0.5949343488104948,50.0,1005.0,293.15,constant_cp_1005_J_kgK,PASS
gsA_f,75.00133514404297,22.0,1843114.3811883056,-876129.0234279134,-0.4753524970398467,50.0,1005.0,293.15,constant_cp_1005_J_kgK,PASS
gsA_f,80.00242614746094,22.0,1926451.369632751,-609786.3096297113,-0.3165334558878367,50.0,1005.0,293.15,constant_cp_1005_J_kgK,PASS
gsA_f,85.00439453125,22.0,1945404.5142113387,-603047.7406087168,-0.30998578249582726,50.0,1005.0,293.15,constant_cp_1005_J_kgK,PASS
gsA_f,90.00247955322266,22.0,2015042.2385598565,-495423.2880019699,-0.24586248294033128,50.0,1005.0,293.15,constant_cp_1005_J_kgK,PASS
gsA_f,95.00352478027344,22.0,2106711.3349139653,-231330.81194474665,-0.10980660146027729,50.0,1005.0,293.15,constant_cp_1005_J_kgK,PASS
gsA_f,100.00091552734375,22.0,2139650.5742395446,-359768.6982353962,-0.16814366914245416,50.0,1005.0,293.15,constant_cp_1005_J_kgK,PASS
gsA_f,105.00138092041016,22.0,2305663.307775936,-478912.0638872315,-0.20771118761012608,50.0,1005.0,293.15,constant_cp_1005_J_kgK,PASS
gsA_f,110.00249481201172,22.0,2485901.985831496,-757888.9468182344,-0.3048748305998605,50.0,1005.0,293.15,constant_cp_1005_J_kgK,PASS
gsA_f,115.00171661376953,22.0,2491059.009545319,-1003344.8188053032,-0.4027784227353324,50.0,1005.0,293.15,constant_cp_1005_J_kgK,PASS
gsA_f,120.00064086914062,22.0,2588476.5745254885,-425743.8774750633,-0.16447661982535391,50.0,1005.0,293.15,constant_cp_1005_J_kgK,PASS
gsA_f,125.00511932373047,22.0,2457170.8838665094,-957463.5934135766,-0.38966097136351724,50.0,1005.0,293.15,constant_cp_1005_J_kgK,PASS
gsA_f,130.00503540039062,22.0,2538979.799206079,-535455.0991016516,-0.2108938004426362,50.0,1005.0,293.15,constant_cp_1005_J_kgK,PASS
gsA_f,135.0027313232422,22.0,2735293.879290752,-644125.433756737,-0.23548673823807015,50.0,1005.0,293.15,constant_cp_1005_J_kgK,PASS
gsA_f,140.00192260742188,22.0,2861528.839860771,-465585.79176239716,-0.16270525925751295,50.0,1005.0,293.15,constant_cp_1005_J_kgK,PASS
gsA_f,145.00216674804688,22.0,2867450.7697228,-303184.091084898,-0.10573297169953055,50.0,1005.0,293.15,constant_cp_1005_J_kgK,PASS
gsA_f,150.0051727294922,22.0,2858925.9583287565,-636252.9281865675,-0.22254963488403942,50.0,1005.0,293.15,constant_cp_1005_J_kgK,PASS
gsA_f,155.0001678466797,22.0,2808100.8854663894,-353285.4141315189,-0.12580937385831942,50.0,1005.0,293.15,constant_cp_1005_J_kgK,PASS
gsA_f,160.00376892089844,22.0,2759917.497672398,-719932.2657793679,-0.26085282128416126,50.0,1005.0,293.15,constant_cp_1005_J_kgK,PASS
gsA_f,165.00343322753906,22.0,2965197.686926794,-396402.096197861,-0.13368487974530363,50.0,1005.0,293.15,constant_cp_1005_J_kgK,PASS
gsA_f,170.00196838378906,22.0,2888737.494723127,-441534.7386777364,-0.15284695805149834,50.0,1005.0,293.15,constant_cp_1005_J_kgK,PASS
gsA_f,175.0038604736328,22.0,2975297.588231972,-605258.5839193764,-0.203427914677618,50.0,1005.0,293.15,constant_cp_1005_J_kgK,PASS
gsA_f,180.00477600097656,22.0,2899364.2785899737,-22670.241783837788,-0.007819038798002585,50.0,1005.0,293.15,constant_cp_1005_J_kgK,PASS
gsA_f,185.0048828125,22.0,2862863.826482739,-1006080.8562901574,-0.35142462836809435,50.0,1005.0,293.15,constant_cp_1005_J_kgK,PASS
gsA_f,190.0029296875,22.0,2907816.938035401,-18354.28718933044,-0.006312050442120019,50.0,1005.0,293.15,constant_cp_1005_J_kgK,PASS
gsA_f,195.00120544433594,22.0,3003862.6491635963,-711327.6148274818,-0.23680430762223617,50.0,1005.0,293.15,constant_cp_1005_J_kgK,PASS
gsA_f,200.00025939941406,22.0,2989779.1596970996,-300470.0185996271,-0.10049906784087297,50.0,1005.0,293.15,constant_cp_1005_J_kgK,PASS
gsA_f,205.00096130371094,22.0,3084802.3942475524,-431885.1764551243,-0.14000416274977315,50.0,1005.0,293.15,constant_cp_1005_J_kgK,PASS
gsA_f,210.0048828125,22.0,2963137.6638410613,-713949.6080907749,-0.24094378631241006,50.0,1005.0,293.15,constant_cp_1005_J_kgK,PASS
gsA_f,215.00323486328125,22.0,3157823.6369976457,-399523.0978069829,-0.12651849619658814,50.0,1005.0,293.15,constant_cp_1005_J_kgK,PASS
gsA_f,220.00033569335938,22.0,3054253.3819293524,-572238.2345004154,-0.18735781316838093,50.0,1005.0,293.15,constant_cp_1005_J_kgK,PASS
gsA_f,225.00222778320312,22.0,3044499.117518158,-528552.4242025949,-0.17360899241562758,50.0,1005.0,293.15,constant_cp_1005_J_kgK,PASS
gsA_f,230.0022430419922,22.0,3111033.226874019,-154446.75734449457,-0.04964484339490111,50.0,1005.0,293.15,constant_cp_1005_J_kgK,PASS
gsA_f,235.00083923339844,22.0,3072979.7921323953,-253893.45748764114,-0.08262125840777491,50.0,1005.0,293.15,constant_cp_1005_J_kgK,PASS
gsA_f,240.0003204345703,22.0,3037627.1311915684,-674544.0128308672,-0.22206280879716267,50.0,1005.0,293.15,constant_cp_1005_J_kgK,PASS
gsA_f,245.0040740966797,22.0,3127166.3289361065,-387995.5516779835,-0.12407256629997783,50.0,1005.0,293.15,constant_cp_1005_J_kgK,PASS
gsA_f,250.0038604736328,22.0,3111692.450935885,-149557.84086979972,-0.04806318208755434,50.0,1005.0,293.15,constant_cp_1005_J_kgK,PASS
gsA_f,255.0013885498047,22.0,3022598.3530980204,-414269.4251602632,-0.13705738466232423,50.0,1005.0,293.15,constant_cp_1005_J_kgK,PASS
gsA_f,260.00360107421875,22.0,3080834.5497995717,-509407.98010298377,-0.16534739917666916,50.0,1005.0,293.15,constant_cp_1005_J_kgK,PASS
gsA_f,265.0008544921875,22.0,3058210.745906705,-384452.5168688197,-0.12571158393298898,50.0,1005.0,293.15,constant_cp_1005_J_kgK,PASS
gsA_f,270.0034484863281,22.0,3056825.6578774126,-158632.49667388434,-0.05189451883364357,50.0,1005.0,293.15,constant_cp_1005_J_kgK,PASS
gsA_f,275.002197265625,22.0,2884693.8120852443,-280983.4327407081,-0.09740494175275917,50.0,1005.0,293.15,constant_cp_1005_J_kgK,PASS
gsA_f,280.0023498535156,22.0,2983454.0612969627,-590146.081545349,-0.1978063242873602,50.0,1005.0,293.15,constant_cp_1005_J_kgK,PASS
gsA_f,285.0018005371094,22.0,2939069.3710459373,-267997.51061007543,-0.0911844794308826,50.0,1005.0,293.15,constant_cp_1005_J_kgK,PASS
gsA_f,290.0054931640625,22.0,3092510.3693850427,-553523.2058782745,-0.17898831038951196,50.0,1005.0,293.15,constant_cp_1005_J_kgK,PASS
gsA_f,295.0007629394531,22.0,3180483.176982291,-318295.6687597167,-0.10007777153587152,50.0,1005.0,293.15,constant_cp_1005_J_kgK,PASS
gsA_f,300.0,22.0,3148484.5385242663,-313833.549984362,-0.09967765321517492,50.0,1005.0,293.15,constant_cp_1005_J_kgK,PASS
gsA_f,0.0,29.0,0.0,0.0,0.0,50.0,1005.0,293.15,constant_cp_1005_J_kgK,NEAR_ZERO_C_T_REVIEW
gsA_f,5.004624843597412,29.0,318.52325715234093,113.56951209206406,0.35655014050478057,50.0,1005.0,293.15,constant_cp_1005_J_kgK,PASS
gsA_f,10.003152847290039,29.0,862.8097909278831,937.8997769629974,1.087029594266975,50.0,1005.0,293.15,constant_cp_1005_J_kgK,PASS
gsA_f,15.001075744628906,29.0,936.8162813314937,878.3821052002726,0.937624721840758,50.0,1005.0,293.15,constant_cp_1005_J_kgK,PASS
gsA_f,20.003589630126953,29.0,1013.3419008470835,860.5539652166642,0.8492237067237145,50.0,1005.0,293.15,constant_cp_1005_J_kgK,PASS
gsA_f,25.001447677612305,29.0,13112.326141816826,-4778.7124930971395,-0.36444429778610155,50.0,1005.0,293.15,constant_cp_1005_J_kgK,PASS
gsA_f,30.00459861755371,29.0,1138653.9801914734,-965524.3746853403,-0.847952399483976,50.0,1005.0,293.15,constant_cp_1005_J_kgK,PASS
gsA_f,35.00447082519531,29.0,1595137.2354116512,-1509193.6725016811,-0.9461215242161959,50.0,1005.0,293.15,constant_cp_1005_J_kgK,PASS
gsA_f,40.000244140625,29.0,1469204.6433438554,-1318910.5683732803,-0.8977037843900955,50.0,1005.0,293.15,constant_cp_1005_J_kgK,PASS
gsA_f,45.001399993896484,29.0,1354338.442961258,-1133877.753603105,-0.8372189089780859,50.0,1005.0,293.15,constant_cp_1005_J_kgK,PASS
gsA_f,50.00304412841797,29.0,1507870.0165363988,-1205008.8896345948,-0.7991463961877288,50.0,1005.0,293.15,constant_cp_1005_J_kgK,PASS
gsA_f,55.00080108642578,29.0,1514481.2189356936,-1340992.5798093306,-0.885446820365139,50.0,1005.0,293.15,constant_cp_1005_J_kgK,PASS
gsA_f,60.00123596191406,29.0,1644186.1455507409,-1397653.378861048,-0.8500578737043704,50.0,1005.0,293.15,constant_cp_1005_J_kgK,PASS
gsA_f,65.0027847290039,29.0,1737873.3070435948,-1303182.8276881862,-0.7498721698563352,50.0,1005.0,293.15,constant_cp_1005_J_kgK,PASS
gsA_f,70.0030746459961,29.0,1737106.5763227125,-1297434.654012638,-0.7468941006251796,50.0,1005.0,293.15,constant_cp_1005_J_kgK,PASS
gsA_f,75.00133514404297,29.0,1952764.0370764018,-961444.7040455042,-0.49235068128607046,50.0,1005.0,293.15,constant_cp_1005_J_kgK,PASS
gsA_f,80.00242614746094,29.0,2047959.982132818,-853569.0416014774,-0.4167899026584201,50.0,1005.0,293.15,constant_cp_1005_J_kgK,PASS
gsA_f,85.00439453125,29.0,2030090.0375072313,-799489.8649362929,-0.3938199046176269,50.0,1005.0,293.15,constant_cp_1005_J_kgK,PASS
gsA_f,90.00247955322266,29.0,2034938.867770047,-789743.3284455257,-0.38809191811789023,50.0,1005.0,293.15,constant_cp_1005_J_kgK,PASS
gsA_f,95.00352478027344,29.0,2058126.1796266134,-480740.50975499046,-0.23358165039337214,50.0,1005.0,293.15,constant_cp_1005_J_kgK,PASS
gsA_f,100.00091552734375,29.0,2289893.8154010023,-921032.9027516728,-0.4022164244285636,50.0,1005.0,293.15,constant_cp_1005_J_kgK,PASS
gsA_f,105.00138092041016,29.0,2445294.8403978962,-579238.8902368909,-0.23687895654441302,50.0,1005.0,293.15,constant_cp_1005_J_kgK,PASS
gsA_f,110.00249481201172,29.0,2547866.9684544145,-1149556.0784433866,-0.4511837127590414,50.0,1005.0,293.15,constant_cp_1005_J_kgK,PASS
gsA_f,115.00171661376953,29.0,2556752.110803014,-1510940.0257043005,-0.59096070335491,50.0,1005.0,293.15,constant_cp_1005_J_kgK,PASS
gsA_f,120.00064086914062,29.0,2603564.599001094,-424829.3060947545,-0.1631721779662191,50.0,1005.0,293.15,constant_cp_1005_J_kgK,PASS
gsA_f,125.00511932373047,29.0,2610893.7015650165,-1342062.6102637996,-0.5140242245248601,50.0,1005.0,293.15,constant_cp_1005_J_kgK,PASS
gsA_f,130.00503540039062,29.0,2638232.141918593,-785718.4784353204,-0.297820068958725,50.0,1005.0,293.15,constant_cp_1005_J_kgK,PASS
gsA_f,135.0027313232422,29.0,2730106.8767459104,-1058744.1188182398,-0.3878031764383472,50.0,1005.0,293.15,constant_cp_1005_J_kgK,PASS
gsA_f,140.00192260742188,29.0,2850600.983747935,-851563.1459839232,-0.29873109243942597,50.0,1005.0,293.15,constant_cp_1005_J_kgK,PASS
gsA_f,145.00216674804688,29.0,2989332.374146673,-206277.21021563816,-0.06900444125906924,50.0,1005.0,293.15,constant_cp_1005_J_kgK,PASS
gsA_f,150.0051727294922,29.0,2880544.943205115,-723476.6495851756,-0.2511596464730662,50.0,1005.0,293.15,constant_cp_1005_J_kgK,PASS
gsA_f,155.0001678466797,29.0,2823243.471545257,-343524.4564411389,-0.12167723396987655,50.0,1005.0,293.15,constant_cp_1005_J_kgK,PASS
gsA_f,160.00376892089844,29.0,2838674.3420126825,-847882.1201435791,-0.29868946486563575,50.0,1005.0,293.15,constant_cp_1005_J_kgK,PASS
gsA_f,165.00343322753906,29.0,2930792.8898511576,-614495.0913126934,-0.20966854854895625,50.0,1005.0,293.15,constant_cp_1005_J_kgK,PASS
gsA_f,170.00196838378906,29.0,3066887.7302534403,-623492.3267026632,-0.20329806029487069,50.0,1005.0,293.15,constant_cp_1005_J_kgK,PASS
gsA_f,175.0038604736328,29.0,2998116.007654735,-1198063.0663443953,-0.3996053065610277,50.0,1005.0,293.15,constant_cp_1005_J_kgK,PASS
gsA_f,180.00477600097656,29.0,3049848.9379204866,158632.06983455038,0.05201309083285687,50.0,1005.0,293.15,constant_cp_1005_J_kgK,PASS
gsA_f,185.0048828125,29.0,3052312.346986895,-1243601.4717734517,-0.4074292963500536,50.0,1005.0,293.15,constant_cp_1005_J_kgK,PASS
gsA_f,190.0029296875,29.0,3008127.461301267,-135852.43103993544,-0.04516179343715969,50.0,1005.0,293.15,constant_cp_1005_J_kgK,PASS
gsA_f,195.00120544433594,29.0,3090054.955752935,-1230291.4118006378,-0.3981454794226661,50.0,1005.0,293.15,constant_cp_1005_J_kgK,PASS
gsA_f,200.00025939941406,29.0,3106940.5144293145,-426610.782814163,-0.13730896386103586,50.0,1005.0,293.15,constant_cp_1005_J_kgK,PASS
gsA_f,205.00096130371094,29.0,3129164.879378736,-700757.3148817185,-0.22394387700684104,50.0,1005.0,293.15,constant_cp_1005_J_kgK,PASS
gsA_f,210.0048828125,29.0,3215620.3313299296,-602549.3081404376,-0.18738198109701357,50.0,1005.0,293.15,constant_cp_1005_J_kgK,PASS
gsA_f,215.00323486328125,29.0,3110347.154924111,-835160.9608244684,-0.2685105292836179,50.0,1005.0,293.15,constant_cp_1005_J_kgK,PASS
gsA_f,220.00033569335938,29.0,3120509.832651466,-722846.8242065322,-0.23164382199441308,50.0,1005.0,293.15,constant_cp_1005_J_kgK,PASS
gsA_f,225.00222778320312,29.0,3175630.916127961,-891786.7948108702,-0.28082192747330453,50.0,1005.0,293.15,constant_cp_1005_J_kgK,PASS
gsA_f,230.0022430419922,29.0,3158471.2245294144,-351407.54498069733,-0.11125874513327377,50.0,1005.0,293.15,constant_cp_1005_J_kgK,PASS
gsA_f,235.00083923339844,29.0,3181384.324353254,-432060.1726984321,-0.13580885823540537,50.0,1005.0,293.15,constant_cp_1005_J_kgK,PASS
gsA_f,240.0003204345703,29.0,3240106.7035320294,-785142.7791599557,-0.24232003788766399,50.0,1005.0,293.15,constant_cp_1005_J_kgK,PASS
gsA_f,245.0040740966797,29.0,3132061.1747663245,-739340.2005415768,-0.23605547889617354,50.0,1005.0,293.15,constant_cp_1005_J_kgK,PASS
gsA_f,250.0038604736328,29.0,3141553.5852603717,-316417.6005808036,-0.10072010296605488,50.0,1005.0,293.15,constant_cp_1005_J_kgK,PASS
gsA_f,255.0013885498047,29.0,3176497.4369728994,-612596.9906126147,-0.19285297808909926,50.0,1005.0,293.15,constant_cp_1005_J_kgK,PASS
gsA_f,260.00360107421875,29.0,3190981.7464672094,-590013.2716137255,-0.18490023400069244,50.0,1005.0,293.15,constant_cp_1005_J_kgK,PASS
gsA_f,265.0008544921875,29.0,3153789.1415768424,-608666.3371502368,-0.19299525422486347,50.0,1005.0,293.15,constant_cp_1005_J_kgK,PASS
gsA_f,270.0034484863281,29.0,3177870.359734401,-273842.57328015147,-0.08617172580414467,50.0,1005.0,293.15,constant_cp_1005_J_kgK,PASS
gsA_f,275.002197265625,29.0,3200079.826131363,48377.97142786067,0.015117738949139184,50.0,1005.0,293.15,constant_cp_1005_J_kgK,PASS
gsA_f,280.0023498535156,29.0,3111002.8018570673,-997952.7970563052,-0.32078170950556256,50.0,1005.0,293.15,constant_cp_1005_J_kgK,PASS
gsA_f,285.0018005371094,29.0,3108161.1902953954,-307754.21944665,-0.09901488391514256,50.0,1005.0,293.15,constant_cp_1005_J_kgK,PASS
gsA_f,290.0054931640625,29.0,3216743.6298235403,-794135.4399095811,-0.24687557707331015,50.0,1005.0,293.15,constant_cp_1005_J_kgK,PASS
gsA_f,295.0007629394531,29.0,3299984.9300621003,-523754.92085487884,-0.15871433717275263,50.0,1005.0,293.15,constant_cp_1005_J_kgK,PASS
gsA_f,300.0,29.0,3279325.3793781903,-393861.4053950219,-0.12010439948161042,50.0,1005.0,293.15,constant_cp_1005_J_kgK,PASS
gsA_f,0.0,39.5,0.0,0.0,0.0,50.0,1005.0,293.15,constant_cp_1005_J_kgK,NEAR_ZERO_C_T_REVIEW
gsA_f,5.004624843597412,39.5,2844.55543503914,914.5580760488923,0.3215117781791399,50.0,1005.0,293.15,constant_cp_1005_J_kgK,PASS
gsA_f,10.003152847290039,39.5,9175.8486166134,10117.264688761283,1.1025971669195034,50.0,1005.0,293.15,constant_cp_1005_J_kgK,PASS
gsA_f,15.001075744628906,39.5,459971.4155287649,-341403.0834902783,-0.7422267383676747,50.0,1005.0,293.15,constant_cp_1005_J_kgK,PASS
gsA_f,20.003589630126953,39.5,1284057.5259795557,-1401144.3378256846,-1.0911850205128522,50.0,1005.0,293.15,constant_cp_1005_J_kgK,PASS
gsA_f,25.001447677612305,39.5,1456451.860428116,-999618.9162242861,-0.6863384526354706,50.0,1005.0,293.15,constant_cp_1005_J_kgK,PASS
gsA_f,30.00459861755371,39.5,1550572.3435948717,-1438727.5618757298,-0.9278687110723,50.0,1005.0,293.15,constant_cp_1005_J_kgK,PASS
gsA_f,35.00447082519531,39.5,1735888.858755244,-1883599.1453917322,-1.085092018357907,50.0,1005.0,293.15,constant_cp_1005_J_kgK,PASS
gsA_f,40.000244140625,39.5,1819692.7588458394,-1708544.1616984727,-0.9389190309149414,50.0,1005.0,293.15,constant_cp_1005_J_kgK,PASS
gsA_f,45.001399993896484,39.5,1843236.693185737,-1332943.1286812194,-0.7231535340029727,50.0,1005.0,293.15,constant_cp_1005_J_kgK,PASS
gsA_f,50.00304412841797,39.5,1890583.6016783759,-1588763.237482349,-0.8403559811223978,50.0,1005.0,293.15,constant_cp_1005_J_kgK,PASS
gsA_f,55.00080108642578,39.5,1858568.7871545483,-1589051.9532960535,-0.85498689329055,50.0,1005.0,293.15,constant_cp_1005_J_kgK,PASS
gsA_f,60.00123596191406,39.5,1894646.2091327978,-1627274.0830160389,-0.8588801831033461,50.0,1005.0,293.15,constant_cp_1005_J_kgK,PASS
gsA_f,65.0027847290039,39.5,2054528.6278038803,-1725155.5950472718,-0.8396843790350678,50.0,1005.0,293.15,constant_cp_1005_J_kgK,PASS
gsA_f,70.0030746459961,39.5,2094037.259033193,-1479738.8338887636,-0.7066439852039458,50.0,1005.0,293.15,constant_cp_1005_J_kgK,PASS
gsA_f,75.00133514404297,39.5,2083136.819970652,-1502719.072635954,-0.7213731994123767,50.0,1005.0,293.15,constant_cp_1005_J_kgK,PASS
gsA_f,80.00242614746094,39.5,2245187.5576998563,-1118209.6737479134,-0.4980473323544931,50.0,1005.0,293.15,constant_cp_1005_J_kgK,PASS
gsA_f,85.00439453125,39.5,2313634.445203824,-855107.6849850762,-0.36959498366637755,50.0,1005.0,293.15,constant_cp_1005_J_kgK,PASS
gsA_f,90.00247955322266,39.5,2358501.3832160863,-1123786.7769758718,-0.4764834080544229,50.0,1005.0,293.15,constant_cp_1005_J_kgK,PASS
gsA_f,95.00352478027344,39.5,2460105.397321457,-989920.1964007327,-0.40238934375679575,50.0,1005.0,293.15,constant_cp_1005_J_kgK,PASS
gsA_f,100.00091552734375,39.5,2634289.4846785353,-1420118.7483414544,-0.5390898595621705,50.0,1005.0,293.15,constant_cp_1005_J_kgK,PASS
gsA_f,105.00138092041016,39.5,2756066.5201190854,-1105401.8402529988,-0.4010795211884928,50.0,1005.0,293.15,constant_cp_1005_J_kgK,PASS
gsA_f,110.00249481201172,39.5,2882203.299896689,-1560738.4339917088,-0.5415087943475924,50.0,1005.0,293.15,constant_cp_1005_J_kgK,PASS
gsA_f,115.00171661376953,39.5,2765712.460281425,-1484313.395093154,-0.5366839164987227,50.0,1005.0,293.15,constant_cp_1005_J_kgK,PASS
gsA_f,120.00064086914062,39.5,2786623.1221840037,-748180.3182149054,-0.2684899555518373,50.0,1005.0,293.15,constant_cp_1005_J_kgK,PASS
gsA_f,125.00511932373047,39.5,2769998.906424162,-1769639.3713307404,-0.638859231036736,50.0,1005.0,293.15,constant_cp_1005_J_kgK,PASS
gsA_f,130.00503540039062,39.5,2878378.727696341,-1060604.5671614567,-0.36847290349810646,50.0,1005.0,293.15,constant_cp_1005_J_kgK,PASS
gsA_f,135.0027313232422,39.5,2938931.0437323092,-1407653.5197117876,-0.47896786238445765,50.0,1005.0,293.15,constant_cp_1005_J_kgK,PASS
gsA_f,140.00192260742188,39.5,2930774.9393326025,-1223732.5917770038,-0.41754574032753006,50.0,1005.0,293.15,constant_cp_1005_J_kgK,PASS
gsA_f,145.00216674804688,39.5,3027259.369453172,-846414.8807882136,-0.2795977408903371,50.0,1005.0,293.15,constant_cp_1005_J_kgK,PASS
gsA_f,150.0051727294922,39.5,3170225.9174073474,-791068.5680679879,-0.24953066080379976,50.0,1005.0,293.15,constant_cp_1005_J_kgK,PASS
gsA_f,155.0001678466797,39.5,3130796.44765509,-459333.3364373995,-0.14671453226588133,50.0,1005.0,293.15,constant_cp_1005_J_kgK,PASS
gsA_f,160.00376892089844,39.5,3138861.7734612306,-1121709.5778593097,-0.3573618906519727,50.0,1005.0,293.15,constant_cp_1005_J_kgK,PASS
gsA_f,165.00343322753906,39.5,3187029.9344969904,-1119097.340151893,-0.351141144938295,50.0,1005.0,293.15,constant_cp_1005_J_kgK,PASS
gsA_f,170.00196838378906,39.5,3273570.47795708,-896271.7605182945,-0.27379027473317935,50.0,1005.0,293.15,constant_cp_1005_J_kgK,PASS
gsA_f,175.0038604736328,39.5,3220207.713992461,-1366722.9279362222,-0.4244207359660469,50.0,1005.0,293.15,constant_cp_1005_J_kgK,PASS
gsA_f,180.00477600097656,39.5,3315109.529811008,-17479.002826091368,-0.005272526493894707,50.0,1005.0,293.15,constant_cp_1005_J_kgK,PASS
gsA_f,185.0048828125,39.5,3297568.2467840062,-1546930.4140702463,-0.46911247874214845,50.0,1005.0,293.15,constant_cp_1005_J_kgK,PASS
gsA_f,190.0029296875,39.5,3245422.940037821,78169.43418755848,0.024086054616550993,50.0,1005.0,293.15,constant_cp_1005_J_kgK,PASS
gsA_f,195.00120544433594,39.5,3330157.591958769,-1841235.2524685038,-0.5528973334218412,50.0,1005.0,293.15,constant_cp_1005_J_kgK,PASS
gsA_f,200.00025939941406,39.5,3399279.4441160606,-299112.9315703446,-0.08799303984498545,50.0,1005.0,293.15,constant_cp_1005_J_kgK,PASS
gsA_f,205.00096130371094,39.5,3344438.6196537917,-1021956.0794763467,-0.3055687951546669,50.0,1005.0,293.15,constant_cp_1005_J_kgK,PASS
gsA_f,210.0048828125,39.5,3415152.3879192825,-865774.6864169063,-0.2535098256462835,50.0,1005.0,293.15,constant_cp_1005_J_kgK,PASS
gsA_f,215.00323486328125,39.5,3252903.513569837,-1041957.6591164519,-0.3203161897578004,50.0,1005.0,293.15,constant_cp_1005_J_kgK,PASS
gsA_f,220.00033569335938,39.5,3285267.785508494,-929146.9022466128,-0.2828222729194659,50.0,1005.0,293.15,constant_cp_1005_J_kgK,PASS
gsA_f,225.00222778320312,39.5,3289831.7618550896,-1224536.8832507473,-0.3722186944174458,50.0,1005.0,293.15,constant_cp_1005_J_kgK,PASS
gsA_f,230.0022430419922,39.5,3352965.998271536,-707196.2135591293,-0.21091660754200633,50.0,1005.0,293.15,constant_cp_1005_J_kgK,PASS
gsA_f,235.00083923339844,39.5,3392019.134775932,-700885.3496593919,-0.20662777001276864,50.0,1005.0,293.15,constant_cp_1005_J_kgK,PASS
gsA_f,240.0003204345703,39.5,3367185.4112389116,-1080939.9913189183,-0.3210218206906522,50.0,1005.0,293.15,constant_cp_1005_J_kgK,PASS
gsA_f,245.0040740966797,39.5,3360231.602521106,-980240.7212665821,-0.2917182019629627,50.0,1005.0,293.15,constant_cp_1005_J_kgK,PASS
gsA_f,250.0038604736328,39.5,3417749.8629147816,-493226.45747919194,-0.14431321110742443,50.0,1005.0,293.15,constant_cp_1005_J_kgK,PASS
gsA_f,255.0013885498047,39.5,3408160.755834843,-721569.3970436316,-0.2117181226878132,50.0,1005.0,293.15,constant_cp_1005_J_kgK,PASS
gsA_f,260.00360107421875,39.5,3392587.2003931543,-1013394.5120349159,-0.2987084641236273,50.0,1005.0,293.15,constant_cp_1005_J_kgK,PASS
gsA_f,265.0008544921875,39.5,3407266.2761307587,-820882.4665748128,-0.2409211373720385,50.0,1005.0,293.15,constant_cp_1005_J_kgK,PASS
gsA_f,270.0034484863281,39.5,3363167.527993913,-436802.7779561649,-0.12987838825165873,50.0,1005.0,293.15,constant_cp_1005_J_kgK,PASS
gsA_f,275.002197265625,39.5,3403493.115013836,-285192.0784049204,-0.08379393428088688,50.0,1005.0,293.15,constant_cp_1005_J_kgK,PASS
gsA_f,280.0023498535156,39.5,3437310.093201385,-1408378.27557661,-0.409732679737631,50.0,1005.0,293.15,constant_cp_1005_J_kgK,PASS
gsA_f,285.0018005371094,39.5,3395108.16852298,-480373.0230085291,-0.1414897550134646,50.0,1005.0,293.15,constant_cp_1005_J_kgK,PASS
gsA_f,290.0054931640625,39.5,3416680.9500974487,-1483412.9760599586,-0.434167836484015,50.0,1005.0,293.15,constant_cp_1005_J_kgK,PASS
gsA_f,295.0007629394531,39.5,3441507.2836908326,-953025.442419128,-0.27692094302269177,50.0,1005.0,293.15,constant_cp_1005_J_kgK,PASS
gsA_f,300.0,39.5,3510841.7809915384,-507314.1377985426,-0.1444992880468871,50.0,1005.0,293.15,constant_cp_1005_J_kgK,PASS
gsA_f,0.0,46.5,0.0,0.0,0.0,50.0,1005.0,293.15,constant_cp_1005_J_kgK,NEAR_ZERO_C_T_REVIEW
gsA_f,5.004624843597412,46.5,39246.733090154885,-5351.293452920909,-0.13635003557183092,50.0,1005.0,293.15,constant_cp_1005_J_kgK,PASS
gsA_f,10.003152847290039,46.5,698688.7355404285,-428680.30161751824,-0.6135497537196414,50.0,1005.0,293.15,constant_cp_1005_J_kgK,PASS
gsA_f,15.001075744628906,46.5,1039880.967555632,-915864.3639543103,-0.8807396159073486,50.0,1005.0,293.15,constant_cp_1005_J_kgK,PASS
gsA_f,20.003589630126953,46.5,1335782.82713399,-1638635.847291586,-1.2267232472267862,50.0,1005.0,293.15,constant_cp_1005_J_kgK,PASS
gsA_f,25.001447677612305,46.5,1745322.1872959833,-1597152.2647193088,-0.9151045442181457,50.0,1005.0,293.15,constant_cp_1005_J_kgK,PASS
gsA_f,30.00459861755371,46.5,1817986.4496307948,-1647921.2495031364,-0.9064540881687007,50.0,1005.0,293.15,constant_cp_1005_J_kgK,PASS
gsA_f,35.00447082519531,46.5,2007799.8326498764,-2067063.3300522598,-1.0295166362894688,50.0,1005.0,293.15,constant_cp_1005_J_kgK,PASS
gsA_f,40.000244140625,46.5,1988624.525281389,-1801748.8292244752,-0.9060276619939243,50.0,1005.0,293.15,constant_cp_1005_J_kgK,PASS
gsA_f,45.001399993896484,46.5,2079594.45236819,-1361393.0963191371,-0.6546435507023094,50.0,1005.0,293.15,constant_cp_1005_J_kgK,PASS
gsA_f,50.00304412841797,46.5,2152241.595289414,-1774034.9034886872,-0.8242731240635327,50.0,1005.0,293.15,constant_cp_1005_J_kgK,PASS
gsA_f,55.00080108642578,46.5,2237250.794603014,-1737217.4967350638,-0.7764965380393669,50.0,1005.0,293.15,constant_cp_1005_J_kgK,PASS
gsA_f,60.00123596191406,46.5,2344416.5943443626,-1852530.2929787785,-0.7901881847483061,50.0,1005.0,293.15,constant_cp_1005_J_kgK,PASS
gsA_f,65.0027847290039,46.5,2262991.4917548574,-1752495.131315047,-0.7744152541890725,50.0,1005.0,293.15,constant_cp_1005_J_kgK,PASS
gsA_f,70.0030746459961,46.5,2326798.2149399705,-1624448.1438179559,-0.6981474084807413,50.0,1005.0,293.15,constant_cp_1005_J_kgK,PASS
gsA_f,75.00133514404297,46.5,2369311.8982914016,-1634092.2909547174,-0.6896906617204435,50.0,1005.0,293.15,constant_cp_1005_J_kgK,PASS
gsA_f,80.00242614746094,46.5,2353573.37916242,-1270082.868490251,-0.5396402252570695,50.0,1005.0,293.15,constant_cp_1005_J_kgK,PASS
gsA_f,85.00439453125,46.5,2416156.1279671127,-986207.8581601072,-0.4081722396763635,50.0,1005.0,293.15,constant_cp_1005_J_kgK,PASS
gsA_f,90.00247955322266,46.5,2669385.48609141,-1474041.199200933,-0.5522024476724288,50.0,1005.0,293.15,constant_cp_1005_J_kgK,PASS
gsA_f,95.00352478027344,46.5,2799851.602262945,-1169456.1915677788,-0.4176850625306642,50.0,1005.0,293.15,constant_cp_1005_J_kgK,PASS
gsA_f,100.00091552734375,46.5,2889102.727446715,-1656561.5477596794,-0.573382708763592,50.0,1005.0,293.15,constant_cp_1005_J_kgK,PASS
gsA_f,105.00138092041016,46.5,2881187.6389637054,-1383481.8509255685,-0.4801776296052601,50.0,1005.0,293.15,constant_cp_1005_J_kgK,PASS
gsA_f,110.00249481201172,46.5,2797151.7424792172,-1430722.7128435548,-0.5114927056390057,50.0,1005.0,293.15,constant_cp_1005_J_kgK,PASS
gsA_f,115.00171661376953,46.5,2885722.486750495,-1886108.784005768,-0.6536001963687244,50.0,1005.0,293.15,constant_cp_1005_J_kgK,PASS
gsA_f,120.00064086914062,46.5,2909639.016416442,-800350.837833033,-0.27506877427659654,50.0,1005.0,293.15,constant_cp_1005_J_kgK,PASS
gsA_f,125.00511932373047,46.5,3171649.9206654704,-2349333.4360354124,-0.7407291141206651,50.0,1005.0,293.15,constant_cp_1005_J_kgK,PASS
gsA_f,130.00503540039062,46.5,3073408.007776801,-1013955.9630917709,-0.3299125793015786,50.0,1005.0,293.15,constant_cp_1005_J_kgK,PASS
gsA_f,135.0027313232422,46.5,3011043.6332012354,-1572956.7100870141,-0.5223958539633321,50.0,1005.0,293.15,constant_cp_1005_J_kgK,PASS
gsA_f,140.00192260742188,46.5,3112802.2562614847,-1571974.9563936375,-0.5050031537440477,50.0,1005.0,293.15,constant_cp_1005_J_kgK,PASS
gsA_f,145.00216674804688,46.5,3118512.382389186,-1144432.0948197134,-0.3669801349138557,50.0,1005.0,293.15,constant_cp_1005_J_kgK,PASS
gsA_f,150.0051727294922,46.5,3228835.009384486,-1087805.136572496,-0.33690328970381933,50.0,1005.0,293.15,constant_cp_1005_J_kgK,PASS
gsA_f,155.0001678466797,46.5,3198303.0622688094,-631482.5897701837,-0.19744301195841737,50.0,1005.0,293.15,constant_cp_1005_J_kgK,PASS
gsA_f,160.00376892089844,46.5,3260210.9535018257,-1217024.5761661562,-0.37329626626121765,50.0,1005.0,293.15,constant_cp_1005_J_kgK,PASS
gsA_f,165.00343322753906,46.5,3316408.678868144,-1534388.2830684877,-0.46266562165437286,50.0,1005.0,293.15,constant_cp_1005_J_kgK,PASS
gsA_f,170.00196838378906,46.5,3330926.752097298,-930141.6007810058,-0.27924408730853884,50.0,1005.0,293.15,constant_cp_1005_J_kgK,PASS
gsA_f,175.0038604736328,46.5,3377178.0221917513,-1820777.086059031,-0.5391415774041329,50.0,1005.0,293.15,constant_cp_1005_J_kgK,PASS
gsA_f,180.00477600097656,46.5,3423395.7834115764,-195466.88480146183,-0.05709736681590165,50.0,1005.0,293.15,constant_cp_1005_J_kgK,PASS
gsA_f,185.0048828125,46.5,3637442.786060119,-1891947.9745855532,-0.5201313356284589,50.0,1005.0,293.15,constant_cp_1005_J_kgK,PASS
gsA_f,190.0029296875,46.5,3630713.6466054562,8358.277623753995,0.002302103232946664,50.0,1005.0,293.15,constant_cp_1005_J_kgK,PASS
gsA_f,195.00120544433594,46.5,3523494.5014567734,-2016071.1369461082,-0.5721794474526842,50.0,1005.0,293.15,constant_cp_1005_J_kgK,PASS
gsA_f,200.00025939941406,46.5,3478488.008918627,-608012.1296480922,-0.17479207290328058,50.0,1005.0,293.15,constant_cp_1005_J_kgK,PASS
gsA_f,205.00096130371094,46.5,3431130.4907879108,-1269202.760429463,-0.3699080416314939,50.0,1005.0,293.15,constant_cp_1005_J_kgK,PASS
gsA_f,210.0048828125,46.5,3450738.166365549,-1015598.1903355974,-0.2943133154044152,50.0,1005.0,293.15,constant_cp_1005_J_kgK,PASS
gsA_f,215.00323486328125,46.5,3552401.9721145304,-1264293.8476737258,-0.3558983070041389,50.0,1005.0,293.15,constant_cp_1005_J_kgK,PASS
gsA_f,220.00033569335938,46.5,3559645.311403211,-1199358.1318056197,-0.3369319207066821,50.0,1005.0,293.15,constant_cp_1005_J_kgK,PASS
gsA_f,225.00222778320312,46.5,3514182.8147156816,-1408654.035245911,-0.40084825107764893,50.0,1005.0,293.15,constant_cp_1005_J_kgK,PASS
gsA_f,230.0022430419922,46.5,3521963.9452838674,-986150.7089796809,-0.28000022836695954,50.0,1005.0,293.15,constant_cp_1005_J_kgK,PASS
gsA_f,235.00083923339844,46.5,3552287.5793708283,-676052.6033380372,-0.190314716427823,50.0,1005.0,293.15,constant_cp_1005_J_kgK,PASS
gsA_f,240.0003204345703,46.5,3458703.6333629703,-1309826.3384335013,-0.37870441566568375,50.0,1005.0,293.15,constant_cp_1005_J_kgK,PASS
gsA_f,245.0040740966797,46.5,3469523.5627346956,-1154403.4913029494,-0.3327268054040949,50.0,1005.0,293.15,constant_cp_1005_J_kgK,PASS
gsA_f,250.0038604736328,46.5,3547222.315134688,-840018.767184295,-0.23681029621409544,50.0,1005.0,293.15,constant_cp_1005_J_kgK,PASS
gsA_f,255.0013885498047,46.5,3512946.2080776775,-872101.8302875333,-0.2482536818475102,50.0,1005.0,293.15,constant_cp_1005_J_kgK,PASS
gsA_f,260.00360107421875,46.5,3552813.2259635148,-1199566.2608331076,-0.33763842469027844,50.0,1005.0,293.15,constant_cp_1005_J_kgK,PASS
gsA_f,265.0008544921875,46.5,3610412.4625830264,-1098285.5017794466,-0.3041994545392443,50.0,1005.0,293.15,constant_cp_1005_J_kgK,PASS
gsA_f,270.0034484863281,46.5,3536464.7276227223,-699563.4864376467,-0.19781435425425722,50.0,1005.0,293.15,constant_cp_1005_J_kgK,PASS
gsA_f,275.002197265625,46.5,3619193.5252019074,-345657.8531939569,-0.0955068721213722,50.0,1005.0,293.15,constant_cp_1005_J_kgK,PASS
gsA_f,280.0023498535156,46.5,3687767.677215264,-1850840.6591797497,-0.5018864584705538,50.0,1005.0,293.15,constant_cp_1005_J_kgK,PASS
gsA_f,285.0018005371094,46.5,3661963.3450637776,-414082.60397462314,-0.11307666542670193,50.0,1005.0,293.15,constant_cp_1005_J_kgK,PASS
gsA_f,290.0054931640625,46.5,3686122.823787618,-1669100.0914561271,-0.4528064232382438,50.0,1005.0,293.15,constant_cp_1005_J_kgK,PASS
gsA_f,295.0007629394531,46.5,3690346.548749543,-1154713.811393126,-0.31290118587491333,50.0,1005.0,293.15,constant_cp_1005_J_kgK,PASS
gsA_f,300.0,46.5,3695799.195716868,-616064.3022021004,-0.16669312091308122,50.0,1005.0,293.15,constant_cp_1005_J_kgK,PASS
gsA_f,0.0,50.0,0.0,0.0,0.0,50.0,1005.0,293.15,constant_cp_1005_J_kgK,NEAR_ZERO_C_T_REVIEW
gsA_f,5.004624843597412,50.0,1546777.8703907998,133441.1357268655,0.08627039362358536,50.0,1005.0,293.15,constant_cp_1005_J_kgK,PASS
gsA_f,10.003152847290039,50.0,1271569.881557738,1027000.1895657445,0.8076631921382222,50.0,1005.0,293.15,constant_cp_1005_J_kgK,PASS
gsA_f,15.001075744628906,50.0,1854459.7985195345,-611400.0820681634,-0.32969174233718107,50.0,1005.0,293.15,constant_cp_1005_J_kgK,PASS
gsA_f,20.003589630126953,50.0,2003024.6503986318,-945725.8864004416,-0.4721489005201347,50.0,1005.0,293.15,constant_cp_1005_J_kgK,PASS
gsA_f,25.001447677612305,50.0,2101880.889655952,-685684.4774185657,-0.3262242312554648,50.0,1005.0,293.15,constant_cp_1005_J_kgK,PASS
gsA_f,30.00459861755371,50.0,2534756.7898753365,-680642.169286354,-0.2685236595499282,50.0,1005.0,293.15,constant_cp_1005_J_kgK,PASS
gsA_f,35.00447082519531,50.0,2478748.5379401594,-1050093.5637248843,-0.42363860135546944,50.0,1005.0,293.15,constant_cp_1005_J_kgK,PASS
gsA_f,40.000244140625,50.0,2554867.030183452,-725351.7182536095,-0.2839097728704595,50.0,1005.0,293.15,constant_cp_1005_J_kgK,PASS
gsA_f,45.001399993896484,50.0,2645050.878296271,-274129.0217652563,-0.10363846836164757,50.0,1005.0,293.15,constant_cp_1005_J_kgK,PASS
gsA_f,50.00304412841797,50.0,2718768.4177981983,-448986.43462279486,-0.16514331698262388,50.0,1005.0,293.15,constant_cp_1005_J_kgK,PASS
gsA_f,55.00080108642578,50.0,2601652.713327632,-458947.3602709195,-0.176406081380441,50.0,1005.0,293.15,constant_cp_1005_J_kgK,PASS
gsA_f,60.00123596191406,50.0,2632603.0788534693,-428913.62496749475,-0.16292377244893738,50.0,1005.0,293.15,constant_cp_1005_J_kgK,PASS
gsA_f,65.0027847290039,50.0,2648600.229196287,-374538.62791380426,-0.14141002624146762,50.0,1005.0,293.15,constant_cp_1005_J_kgK,PASS
gsA_f,70.0030746459961,50.0,2888403.092170949,-429829.2743150729,-0.1488120807930618,50.0,1005.0,293.15,constant_cp_1005_J_kgK,PASS
gsA_f,75.00133514404297,50.0,2780515.9983699187,-383557.7738322583,-0.13794481817659723,50.0,1005.0,293.15,constant_cp_1005_J_kgK,PASS
gsA_f,80.00242614746094,50.0,2890286.444940877,171575.81341835042,0.059362909762343666,50.0,1005.0,293.15,constant_cp_1005_J_kgK,PASS
gsA_f,85.00439453125,50.0,3077334.4503065012,119313.84542059805,0.038771816111412394,50.0,1005.0,293.15,constant_cp_1005_J_kgK,PASS
gsA_f,90.00247955322266,50.0,3089371.5496222093,-328205.0732120625,-0.1062368407102725,50.0,1005.0,293.15,constant_cp_1005_J_kgK,PASS
gsA_f,95.00352478027344,50.0,3210898.619242768,30514.841585666873,0.009503520728681006,50.0,1005.0,293.15,constant_cp_1005_J_kgK,PASS
gsA_f,100.00091552734375,50.0,3325258.179045828,-396571.50674043107,-0.11926036577834262,50.0,1005.0,293.15,constant_cp_1005_J_kgK,PASS
gsA_f,105.00138092041016,50.0,3445842.072746648,42246.09953662893,0.01226002197568937,50.0,1005.0,293.15,constant_cp_1005_J_kgK,PASS
gsA_f,110.00249481201172,50.0,3232224.22461857,-204420.67026902363,-0.0632445820781963,50.0,1005.0,293.15,constant_cp_1005_J_kgK,PASS
gsA_f,115.00171661376953,50.0,3313818.7797531458,-549728.5661084005,-0.1658897491519892,50.0,1005.0,293.15,constant_cp_1005_J_kgK,PASS
gsA_f,120.00064086914062,50.0,3220304.6049501686,589843.3666767399,0.18316384287686568,50.0,1005.0,293.15,constant_cp_1005_J_kgK,PASS
gsA_f,125.00511932373047,50.0,3533088.9318815917,-1378208.4616253432,-0.3900859809071832,50.0,1005.0,293.15,constant_cp_1005_J_kgK,PASS
gsA_f,130.00503540039062,50.0,3678601.748305903,382628.3141876627,0.10401460673579939,50.0,1005.0,293.15,constant_cp_1005_J_kgK,PASS
gsA_f,135.0027313232422,50.0,3599487.2216360085,-273713.5777308326,-0.07604238072733777,50.0,1005.0,293.15,constant_cp_1005_J_kgK,PASS
gsA_f,140.00192260742188,50.0,3384228.890772277,-220638.5379836969,-0.06519610378166454,50.0,1005.0,293.15,constant_cp_1005_J_kgK,PASS
gsA_f,145.00216674804688,50.0,3401054.9260408655,161791.84155716375,0.0475710757619266,50.0,1005.0,293.15,constant_cp_1005_J_kgK,PASS
gsA_f,150.0051727294922,50.0,3697612.4644571356,76159.76144224266,0.020597010144875746,50.0,1005.0,293.15,constant_cp_1005_J_kgK,PASS
gsA_f,155.0001678466797,50.0,3663798.4352683057,1041787.3125002636,0.2843462409044813,50.0,1005.0,293.15,constant_cp_1005_J_kgK,PASS
gsA_f,160.00376892089844,50.0,3614057.7231475497,-94707.1538561401,-0.026205213394781605,50.0,1005.0,293.15,constant_cp_1005_J_kgK,PASS
gsA_f,165.00343322753906,50.0,3606859.0380816776,-103328.62028166186,-0.028647812179712344,50.0,1005.0,293.15,constant_cp_1005_J_kgK,PASS
gsA_f,170.00196838378906,50.0,3722502.952728991,367532.733772655,0.09873269099846228,50.0,1005.0,293.15,constant_cp_1005_J_kgK,PASS
gsA_f,175.0038604736328,50.0,3837169.708944937,-348972.86541947816,-0.09094538211483776,50.0,1005.0,293.15,constant_cp_1005_J_kgK,PASS
gsA_f,180.00477600097656,50.0,3756795.0363070522,1023853.820974315,0.27253385161538335,50.0,1005.0,293.15,constant_cp_1005_J_kgK,PASS
gsA_f,185.0048828125,50.0,4064962.9386398955,-813930.7950905012,-0.20023080342347127,50.0,1005.0,293.15,constant_cp_1005_J_kgK,PASS
gsA_f,190.0029296875,50.0,4058721.8696561987,1593142.776749877,0.3925232691258114,50.0,1005.0,293.15,constant_cp_1005_J_kgK,PASS
gsA_f,195.00120544433594,50.0,3955208.89354715,-675462.0301175322,-0.17077783962802467,50.0,1005.0,293.15,constant_cp_1005_J_kgK,PASS
gsA_f,200.00025939941406,50.0,4005053.4821874406,783122.4614352528,0.19553358398788087,50.0,1005.0,293.15,constant_cp_1005_J_kgK,PASS
gsA_f,205.00096130371094,50.0,3850124.528014469,62998.03737866739,0.016362597344651557,50.0,1005.0,293.15,constant_cp_1005_J_kgK,PASS
gsA_f,210.0048828125,50.0,3762286.1171094063,196056.61306905234,0.05211103221986852,50.0,1005.0,293.15,constant_cp_1005_J_kgK,PASS
gsA_f,215.00323486328125,50.0,3811675.9050359344,167009.99625614658,0.043815371615276946,50.0,1005.0,293.15,constant_cp_1005_J_kgK,PASS
gsA_f,220.00033569335938,50.0,3852797.199778327,134854.1554763331,0.03500162310232472,50.0,1005.0,293.15,constant_cp_1005_J_kgK,PASS
gsA_f,225.00222778320312,50.0,3910113.944806437,45001.70586714335,0.011509052294221842,50.0,1005.0,293.15,constant_cp_1005_J_kgK,PASS
gsA_f,230.0022430419922,50.0,3894025.3474461953,235980.6712899371,0.06060070241830845,50.0,1005.0,293.15,constant_cp_1005_J_kgK,PASS
gsA_f,235.00083923339844,50.0,3904659.0210858965,822598.4724765988,0.21067101327783333,50.0,1005.0,293.15,constant_cp_1005_J_kgK,PASS
gsA_f,240.0003204345703,50.0,3922574.3313825154,-98120.77417411702,-0.025014382363414443,50.0,1005.0,293.15,constant_cp_1005_J_kgK,PASS
gsA_f,245.0040740966797,50.0,4020444.383699133,70441.84111274919,0.01752090923042119,50.0,1005.0,293.15,constant_cp_1005_J_kgK,PASS
gsA_f,250.0038604736328,50.0,3911282.8240932953,752423.9094663737,0.19237266730789246,50.0,1005.0,293.15,constant_cp_1005_J_kgK,PASS
gsA_f,255.0013885498047,50.0,3892266.396904195,597299.613176872,0.1534580504695023,50.0,1005.0,293.15,constant_cp_1005_J_kgK,PASS
gsA_f,260.00360107421875,50.0,3825235.6918990295,283425.175573613,0.07409351956373365,50.0,1005.0,293.15,constant_cp_1005_J_kgK,PASS
gsA_f,265.0008544921875,50.0,3946409.853667216,246764.60525069525,0.06252888432796413,50.0,1005.0,293.15,constant_cp_1005_J_kgK,PASS
gsA_f,270.0034484863281,50.0,4083647.238271359,799092.8175219842,0.19568115728337165,50.0,1005.0,293.15,constant_cp_1005_J_kgK,PASS
gsA_f,275.002197265625,50.0,3978928.1776397605,1002174.6363965236,0.25187050171662007,50.0,1005.0,293.15,constant_cp_1005_J_kgK,PASS
gsA_f,280.0023498535156,50.0,4133544.3133958513,-450151.2449277695,-0.10890200051053872,50.0,1005.0,293.15,constant_cp_1005_J_kgK,PASS
gsA_f,285.0018005371094,50.0,4219586.858844321,1102039.8071440053,0.26117244270825046,50.0,1005.0,293.15,constant_cp_1005_J_kgK,PASS
gsA_f,290.0054931640625,50.0,4125712.038204543,-414668.6188181555,-0.10050837648829555,50.0,1005.0,293.15,constant_cp_1005_J_kgK,PASS
gsA_f,295.0007629394531,50.0,4096265.7528699143,338040.8509904938,0.08252415038102849,50.0,1005.0,293.15,constant_cp_1005_J_kgK,PASS
gsA_f,300.0,50.0,3985689.9844227294,932896.6949081277,0.23406152976126274,50.0,1005.0,293.15,constant_cp_1005_J_kgK,PASS
gsA_f,0.0,53.5,0.0,0.0,0.0,50.0,1005.0,293.15,constant_cp_1005_J_kgK,NEAR_ZERO_C_T_REVIEW
gsA_f,5.004624843597412,53.5,604304.4435777317,1608582.7742388833,2.6618748072005007,50.0,1005.0,293.15,constant_cp_1005_J_kgK,PASS
gsA_f,10.003152847290039,53.5,2218321.965199407,4958865.846102302,2.2354130391782614,50.0,1005.0,293.15,constant_cp_1005_J_kgK,PASS
gsA_f,15.001075744628906,53.5,4159692.659444006,5271994.023201076,1.2673998910067894,50.0,1005.0,293.15,constant_cp_1005_J_kgK,PASS
gsA_f,20.003589630126953,53.5,3866237.529904464,2282786.571734969,0.590441366852951,50.0,1005.0,293.15,constant_cp_1005_J_kgK,PASS
gsA_f,25.001447677612305,53.5,3917784.7238901956,4324777.223527097,1.1038833239496564,50.0,1005.0,293.15,constant_cp_1005_J_kgK,PASS
gsA_f,30.00459861755371,53.5,3973744.415470041,4968560.630392579,1.2503473074538096,50.0,1005.0,293.15,constant_cp_1005_J_kgK,PASS
gsA_f,35.00447082519531,53.5,3579666.2311796253,2893124.3678876082,0.8082106489951221,50.0,1005.0,293.15,constant_cp_1005_J_kgK,PASS
gsA_f,40.000244140625,53.5,3366671.043505596,2756514.8229333344,0.818765714651786,50.0,1005.0,293.15,constant_cp_1005_J_kgK,PASS
gsA_f,45.001399993896484,53.5,3800203.2007747865,3735894.6861561867,0.9830776115852201,50.0,1005.0,293.15,constant_cp_1005_J_kgK,PASS
gsA_f,50.00304412841797,53.5,3822548.0904488484,3862647.4425331587,1.0104902152008246,50.0,1005.0,293.15,constant_cp_1005_J_kgK,PASS
gsA_f,55.00080108642578,53.5,4054564.5135562965,4533595.8410407,1.1181461845983156,50.0,1005.0,293.15,constant_cp_1005_J_kgK,PASS
gsA_f,60.00123596191406,53.5,3885277.540638336,4114881.1046712087,1.0590957947357214,50.0,1005.0,293.15,constant_cp_1005_J_kgK,PASS
gsA_f,65.0027847290039,53.5,3743546.3657434694,3753937.7720759492,1.0027758187871183,50.0,1005.0,293.15,constant_cp_1005_J_kgK,PASS
gsA_f,70.0030746459961,53.5,3757629.5410245503,4023936.278350075,1.0708709398885854,50.0,1005.0,293.15,constant_cp_1005_J_kgK,PASS
gsA_f,75.00133514404297,53.5,3731793.996305716,3651823.0288606416,0.9785703692314628,50.0,1005.0,293.15,constant_cp_1005_J_kgK,PASS
gsA_f,80.00242614746094,53.5,3838259.319508169,4736592.298475804,1.2340469739503546,50.0,1005.0,293.15,constant_cp_1005_J_kgK,PASS
gsA_f,85.00439453125,53.5,4129348.2554051764,3953560.95056022,0.9574297700333563,50.0,1005.0,293.15,constant_cp_1005_J_kgK,PASS
gsA_f,90.00247955322266,53.5,3995198.1691020685,3489234.8858621293,0.8733571498022445,50.0,1005.0,293.15,constant_cp_1005_J_kgK,PASS
gsA_f,95.00352478027344,53.5,4372640.109834954,4647340.111838171,1.0628224585383463,50.0,1005.0,293.15,constant_cp_1005_J_kgK,PASS
gsA_f,100.00091552734375,53.5,4347319.477943562,3449798.394433783,0.7935460947686459,50.0,1005.0,293.15,constant_cp_1005_J_kgK,PASS
gsA_f,105.00138092041016,53.5,4407955.793441865,4938229.85278664,1.120299314283894,50.0,1005.0,293.15,constant_cp_1005_J_kgK,PASS
gsA_f,110.00249481201172,53.5,4490384.972517338,4539285.94874724,1.010890152298565,50.0,1005.0,293.15,constant_cp_1005_J_kgK,PASS
gsA_f,115.00171661376953,53.5,4315483.875207366,4413120.553884052,1.0226247349080855,50.0,1005.0,293.15,constant_cp_1005_J_kgK,PASS
gsA_f,120.00064086914062,53.5,4723530.874159623,6652792.339387445,1.4084362983170002,50.0,1005.0,293.15,constant_cp_1005_J_kgK,PASS
gsA_f,125.00511932373047,53.5,4504782.3500432335,3254430.5998111824,0.7224390318835155,50.0,1005.0,293.15,constant_cp_1005_J_kgK,PASS
gsA_f,130.00503540039062,53.5,4427451.667207531,4813167.455122753,1.0871191414176407,50.0,1005.0,293.15,constant_cp_1005_J_kgK,PASS
gsA_f,135.0027313232422,53.5,4243854.375329634,3256770.616920917,0.767408664126924,50.0,1005.0,293.15,constant_cp_1005_J_kgK,PASS
gsA_f,140.00192260742188,53.5,4603780.313139458,4742435.2684717905,1.0301176307080948,50.0,1005.0,293.15,constant_cp_1005_J_kgK,PASS
gsA_f,145.00216674804688,53.5,4225437.829678871,4186779.911886634,0.9908511450527777,50.0,1005.0,293.15,constant_cp_1005_J_kgK,PASS
gsA_f,150.0051727294922,53.5,4675032.030028887,4473313.474451703,0.9568519414879948,50.0,1005.0,293.15,constant_cp_1005_J_kgK,PASS
gsA_f,155.0001678466797,53.5,4650084.001732981,5247074.206598629,1.1283826710750091,50.0,1005.0,293.15,constant_cp_1005_J_kgK,PASS
gsA_f,160.00376892089844,53.5,4360271.41225056,4002414.5180208837,0.9179278397156088,50.0,1005.0,293.15,constant_cp_1005_J_kgK,PASS
gsA_f,165.00343322753906,53.5,4717376.983313538,4716846.408460186,0.9998875275698275,50.0,1005.0,293.15,constant_cp_1005_J_kgK,PASS
gsA_f,170.00196838378906,53.5,4549458.257804778,4657107.654651586,1.023662025398767,50.0,1005.0,293.15,constant_cp_1005_J_kgK,PASS
gsA_f,175.0038604736328,53.5,4600877.629429365,3689870.9904090087,0.8019928560600846,50.0,1005.0,293.15,constant_cp_1005_J_kgK,PASS
gsA_f,180.00477600097656,53.5,4963821.706879313,7113399.023338042,1.4330488569884872,50.0,1005.0,293.15,constant_cp_1005_J_kgK,PASS
gsA_f,185.0048828125,53.5,4773936.118120781,3207612.8577286545,0.6719010850508204,50.0,1005.0,293.15,constant_cp_1005_J_kgK,PASS
gsA_f,190.0029296875,53.5,4995461.764739724,7165813.537227677,1.4344646950973174,50.0,1005.0,293.15,constant_cp_1005_J_kgK,PASS
gsA_f,195.00120544433594,53.5,4877293.697942099,3936071.382282434,0.8070195534755678,50.0,1005.0,293.15,constant_cp_1005_J_kgK,PASS
gsA_f,200.00025939941406,53.5,4527075.932812728,4681445.591219654,1.0340991979586729,50.0,1005.0,293.15,constant_cp_1005_J_kgK,PASS
gsA_f,205.00096130371094,53.5,4718507.916585933,4513131.291213393,0.9564742437645117,50.0,1005.0,293.15,constant_cp_1005_J_kgK,PASS
gsA_f,210.0048828125,53.5,4836206.68823991,5015953.592778757,1.0371669194734652,50.0,1005.0,293.15,constant_cp_1005_J_kgK,PASS
gsA_f,215.00323486328125,53.5,4839439.535264972,5051142.3780584615,1.0437453224181874,50.0,1005.0,293.15,constant_cp_1005_J_kgK,PASS
gsA_f,220.00033569335938,53.5,4732628.62704834,4600421.421729444,0.9720647412384537,50.0,1005.0,293.15,constant_cp_1005_J_kgK,PASS
gsA_f,225.00222778320312,53.5,4751680.158272827,4060762.1607109187,0.8545950117541058,50.0,1005.0,293.15,constant_cp_1005_J_kgK,PASS
gsA_f,230.0022430419922,53.5,4850228.832879543,4626644.441016434,0.9539023003724197,50.0,1005.0,293.15,constant_cp_1005_J_kgK,PASS
gsA_f,235.00083923339844,53.5,4657137.327117328,4708143.390615551,1.010952235228544,50.0,1005.0,293.15,constant_cp_1005_J_kgK,PASS
gsA_f,240.0003204345703,53.5,4593494.845067572,3659323.7443314744,0.7966317298169612,50.0,1005.0,293.15,constant_cp_1005_J_kgK,PASS
gsA_f,245.0040740966797,53.5,4767883.470156157,4249562.773763042,0.8912891433615218,50.0,1005.0,293.15,constant_cp_1005_J_kgK,PASS
gsA_f,250.0038604736328,53.5,4793005.345418226,5547922.897870355,1.1575040080382502,50.0,1005.0,293.15,constant_cp_1005_J_kgK,PASS
gsA_f,255.0013885498047,53.5,4807408.316276528,5650914.169030441,1.175459581807944,50.0,1005.0,293.15,constant_cp_1005_J_kgK,PASS
gsA_f,260.00360107421875,53.5,4577264.742523786,4923003.163126586,1.0755338482807897,50.0,1005.0,293.15,constant_cp_1005_J_kgK,PASS
gsA_f,265.0008544921875,53.5,4667201.119692252,4650728.886696507,0.9964706399888694,50.0,1005.0,293.15,constant_cp_1005_J_kgK,PASS
gsA_f,270.0034484863281,53.5,4926710.275983502,5745167.701957605,1.1661265591288936,50.0,1005.0,293.15,constant_cp_1005_J_kgK,PASS
gsA_f,275.002197265625,53.5,4892309.951870266,4953928.020943301,1.0125948825154625,50.0,1005.0,293.15,constant_cp_1005_J_kgK,PASS
gsA_f,280.0023498535156,53.5,4889231.37513342,3007702.020206024,0.6151686818306789,50.0,1005.0,293.15,constant_cp_1005_J_kgK,PASS
gsA_f,285.0018005371094,53.5,5177655.433758632,6591686.177510295,1.2731025194399948,50.0,1005.0,293.15,constant_cp_1005_J_kgK,PASS
gsA_f,290.0054931640625,53.5,4883860.807903169,3952905.658564104,0.8093813100011831,50.0,1005.0,293.15,constant_cp_1005_J_kgK,PASS
gsA_f,295.0007629394531,53.5,4961498.953980781,5830266.897424814,1.1751019100280147,50.0,1005.0,293.15,constant_cp_1005_J_kgK,PASS
gsA_f,300.0,53.5,4684982.446860038,4745245.409948974,1.0128630072305447,50.0,1005.0,293.15,constant_cp_1005_J_kgK,PASS
gsA_f,0.0,60.5,0.0,0.0,0.0,50.0,1005.0,293.15,constant_cp_1005_J_kgK,NEAR_ZERO_C_T_REVIEW
gsA_f,5.004624843597412,60.5,4458.648683250192,1923.1916063931144,0.43133957012974306,50.0,1005.0,293.15,constant_cp_1005_J_kgK,PASS
gsA_f,10.003152847290039,60.5,882616.2522001157,2461798.482271758,2.7892059274176964,50.0,1005.0,293.15,constant_cp_1005_J_kgK,PASS
gsA_f,15.001075744628906,60.5,1385815.7037875932,3216499.792441205,2.3210155460427675,50.0,1005.0,293.15,constant_cp_1005_J_kgK,PASS
gsA_f,20.003589630126953,60.5,1966783.6527010668,3802050.332971357,1.9331309408382764,50.0,1005.0,293.15,constant_cp_1005_J_kgK,PASS
gsA_f,25.001447677612305,60.5,2199570.6635447675,5323713.636293761,2.4203421715555202,50.0,1005.0,293.15,constant_cp_1005_J_kgK,PASS
gsA_f,30.00459861755371,60.5,2368057.4596244986,5335477.749772811,2.253103161871272,50.0,1005.0,293.15,constant_cp_1005_J_kgK,PASS
gsA_f,35.00447082519531,60.5,2643454.646843753,4632377.118457559,1.7523951560843116,50.0,1005.0,293.15,constant_cp_1005_J_kgK,PASS
gsA_f,40.000244140625,60.5,2712776.169334553,4595086.479033239,1.6938686394316185,50.0,1005.0,293.15,constant_cp_1005_J_kgK,PASS
gsA_f,45.001399993896484,60.5,2561731.827898823,5069157.078447109,1.9788008343577936,50.0,1005.0,293.15,constant_cp_1005_J_kgK,PASS
gsA_f,50.00304412841797,60.5,2515112.203608873,4751367.409543531,1.8891274125766273,50.0,1005.0,293.15,constant_cp_1005_J_kgK,PASS
gsA_f,55.00080108642578,60.5,2478458.6220973236,4672893.747869162,1.885403172038781,50.0,1005.0,293.15,constant_cp_1005_J_kgK,PASS
gsA_f,60.00123596191406,60.5,2943932.0560367177,5445434.043644713,1.8497145790027683,50.0,1005.0,293.15,constant_cp_1005_J_kgK,PASS
gsA_f,65.0027847290039,60.5,2849626.402959774,5376790.796429472,1.886840601576701,50.0,1005.0,293.15,constant_cp_1005_J_kgK,PASS
gsA_f,70.0030746459961,60.5,2814377.0260981405,5279224.302524597,1.8758056413797997,50.0,1005.0,293.15,constant_cp_1005_J_kgK,PASS
gsA_f,75.00133514404297,60.5,2959882.8611168973,5222280.438601873,1.7643537544020473,50.0,1005.0,293.15,constant_cp_1005_J_kgK,PASS
gsA_f,80.00242614746094,60.5,2896479.267930798,5019660.710695294,1.7330214534148083,50.0,1005.0,293.15,constant_cp_1005_J_kgK,PASS
gsA_f,85.00439453125,60.5,3044184.9275905364,5015676.891476775,1.647625558492817,50.0,1005.0,293.15,constant_cp_1005_J_kgK,PASS
gsA_f,90.00247955322266,60.5,3402812.1948927687,5734368.201993065,1.6851850391860277,50.0,1005.0,293.15,constant_cp_1005_J_kgK,PASS
gsA_f,95.00352478027344,60.5,3232553.1670520147,5259333.300410524,1.6269905021258682,50.0,1005.0,293.15,constant_cp_1005_J_kgK,PASS
gsA_f,100.00091552734375,60.5,3256584.0488095814,5130907.351301875,1.5755488801762805,50.0,1005.0,293.15,constant_cp_1005_J_kgK,PASS
gsA_f,105.00138092041016,60.5,3238852.0540678822,5412429.056148123,1.6710948712060818,50.0,1005.0,293.15,constant_cp_1005_J_kgK,PASS
gsA_f,110.00249481201172,60.5,3125139.221218258,5351296.898589377,1.712338721506079,50.0,1005.0,293.15,constant_cp_1005_J_kgK,PASS
gsA_f,115.00171661376953,60.5,3340554.25672155,5276088.417901685,1.5794050964104636,50.0,1005.0,293.15,constant_cp_1005_J_kgK,PASS
gsA_f,120.00064086914062,60.5,3355429.2631333536,6616670.312145947,1.9719296081858666,50.0,1005.0,293.15,constant_cp_1005_J_kgK,PASS
gsA_f,125.00511932373047,60.5,3033628.617900538,4470545.710449043,1.4736628221627672,50.0,1005.0,293.15,constant_cp_1005_J_kgK,PASS
gsA_f,130.00503540039062,60.5,2918736.6682647206,5934028.271127794,2.0330810708784344,50.0,1005.0,293.15,constant_cp_1005_J_kgK,PASS
gsA_f,135.0027313232422,60.5,3223571.573841806,5602530.45108258,1.7379885393410277,50.0,1005.0,293.15,constant_cp_1005_J_kgK,PASS
gsA_f,140.00192260742188,60.5,3161666.3383111116,5429708.519168204,1.717356589268881,50.0,1005.0,293.15,constant_cp_1005_J_kgK,PASS
gsA_f,145.00216674804688,60.5,3393366.0729698413,5869629.749289421,1.7297366753456034,50.0,1005.0,293.15,constant_cp_1005_J_kgK,PASS
gsA_f,150.0051727294922,60.5,3264991.9561268575,4366097.575755428,1.337246043611933,50.0,1005.0,293.15,constant_cp_1005_J_kgK,PASS
gsA_f,155.0001678466797,60.5,3782442.133151609,6790535.845416449,1.7952781844036918,50.0,1005.0,293.15,constant_cp_1005_J_kgK,PASS
gsA_f,160.00376892089844,60.5,3611455.80500133,5817052.183820935,1.6107222399801155,50.0,1005.0,293.15,constant_cp_1005_J_kgK,PASS
gsA_f,165.00343322753906,60.5,3203953.4483458684,4985845.25296116,1.55615408692509,50.0,1005.0,293.15,constant_cp_1005_J_kgK,PASS
gsA_f,170.00196838378906,60.5,3373580.041676464,5776045.339816858,1.712141187836324,50.0,1005.0,293.15,constant_cp_1005_J_kgK,PASS
gsA_f,175.0038604736328,60.5,3446118.63090034,5097491.651246503,1.4791979607256645,50.0,1005.0,293.15,constant_cp_1005_J_kgK,PASS
gsA_f,180.00477600097656,60.5,3266653.5701383166,6316267.288094344,1.933558962552279,50.0,1005.0,293.15,constant_cp_1005_J_kgK,PASS
gsA_f,185.0048828125,60.5,3521633.0585062224,5365691.313543454,1.523637251355037,50.0,1005.0,293.15,constant_cp_1005_J_kgK,PASS
gsA_f,190.0029296875,60.5,3118991.90674079,6466637.342689114,2.073310074551128,50.0,1005.0,293.15,constant_cp_1005_J_kgK,PASS
gsA_f,195.00120544433594,60.5,3620371.8843868086,5707815.203124462,1.5765825681444345,50.0,1005.0,293.15,constant_cp_1005_J_kgK,PASS
gsA_f,200.00025939941406,60.5,3042607.0938861175,5865223.923116029,1.9276967883568468,50.0,1005.0,293.15,constant_cp_1005_J_kgK,PASS
gsA_f,205.00096130371094,60.5,3592638.7565950407,5948660.149784125,1.655791342467737,50.0,1005.0,293.15,constant_cp_1005_J_kgK,PASS
gsA_f,210.0048828125,60.5,3435168.107448236,5932393.599581295,1.7269587438001932,50.0,1005.0,293.15,constant_cp_1005_J_kgK,PASS
gsA_f,215.00323486328125,60.5,3498069.436798999,5687442.57622851,1.6258804117487595,50.0,1005.0,293.15,constant_cp_1005_J_kgK,PASS
gsA_f,220.00033569335938,60.5,3387927.1705006585,5723552.379793986,1.6893965223426493,50.0,1005.0,293.15,constant_cp_1005_J_kgK,PASS
gsA_f,225.00222778320312,60.5,3921679.0833854713,5627078.752331629,1.4348646670685596,50.0,1005.0,293.15,constant_cp_1005_J_kgK,PASS
gsA_f,230.0022430419922,60.5,3708011.768112557,6114717.66695085,1.6490556258572358,50.0,1005.0,293.15,constant_cp_1005_J_kgK,PASS
gsA_f,235.00083923339844,60.5,3713311.210489252,6938047.552724829,1.8684260918197308,50.0,1005.0,293.15,constant_cp_1005_J_kgK,PASS
gsA_f,240.0003204345703,60.5,3414021.47525118,5563847.261215017,1.6297048221718249,50.0,1005.0,293.15,constant_cp_1005_J_kgK,PASS
gsA_f,245.0040740966797,60.5,3516247.3979466558,6099398.355552451,1.7346328813820802,50.0,1005.0,293.15,constant_cp_1005_J_kgK,PASS
gsA_f,250.0038604736328,60.5,3623537.8775697732,6331159.31058982,1.7472314418956723,50.0,1005.0,293.15,constant_cp_1005_J_kgK,PASS
gsA_f,255.0013885498047,60.5,3679494.524289111,6356547.504558417,1.7275599848287635,50.0,1005.0,293.15,constant_cp_1005_J_kgK,PASS
gsA_f,260.00360107421875,60.5,3450489.637409632,5878467.03021865,1.7036616967300209,50.0,1005.0,293.15,constant_cp_1005_J_kgK,PASS
gsA_f,265.0008544921875,60.5,3508912.097489003,5642145.849625651,1.6079473332099712,50.0,1005.0,293.15,constant_cp_1005_J_kgK,PASS
gsA_f,270.0034484863281,60.5,3551966.6667637574,6249680.328902265,1.7594985863413037,50.0,1005.0,293.15,constant_cp_1005_J_kgK,PASS
gsA_f,275.002197265625,60.5,3670019.147522119,6261993.167041329,1.706256266065867,50.0,1005.0,293.15,constant_cp_1005_J_kgK,PASS
gsA_f,280.0023498535156,60.5,3748049.5058691665,5644388.926255964,1.5059536746825968,50.0,1005.0,293.15,constant_cp_1005_J_kgK,PASS
gsA_f,285.0018005371094,60.5,3508162.897566232,6539642.559705648,1.8641216929357773,50.0,1005.0,293.15,constant_cp_1005_J_kgK,PASS
gsA_f,290.0054931640625,60.5,3965659.643756699,5641977.91490457,1.4227085584076704,50.0,1005.0,293.15,constant_cp_1005_J_kgK,PASS
gsA_f,295.0007629394531,60.5,3589870.7550429013,6222132.306106235,1.7332468856617305,50.0,1005.0,293.15,constant_cp_1005_J_kgK,PASS
gsA_f,300.0,60.5,3310071.2782462114,5830755.543311778,1.7615196330156098,50.0,1005.0,293.15,constant_cp_1005_J_kgK,PASS
gsA_f,0.0,71.0,0.0,0.0,0.0,50.0,1005.0,293.15,constant_cp_1005_J_kgK,NEAR_ZERO_C_T_REVIEW
gsA_f,5.004624843597412,71.0,430.4716478306904,177.88918189960586,0.4132425045775803,50.0,1005.0,293.15,constant_cp_1005_J_kgK,PASS
gsA_f,10.003152847290039,71.0,4167.358075349372,5998.997180751073,1.4395204521144263,50.0,1005.0,293.15,constant_cp_1005_J_kgK,PASS
gsA_f,15.001075744628906,71.0,817789.9129287582,2098109.1984192063,2.565584589940987,50.0,1005.0,293.15,constant_cp_1005_J_kgK,PASS
gsA_f,20.003589630126953,71.0,1192694.5603573334,2575085.5430978346,2.1590486187229128,50.0,1005.0,293.15,constant_cp_1005_J_kgK,PASS
gsA_f,25.001447677612305,71.0,1468212.2284672305,4179768.8852164214,2.846842441558992,50.0,1005.0,293.15,constant_cp_1005_J_kgK,PASS
gsA_f,30.00459861755371,71.0,1510764.7833486188,3963215.154384662,2.6233171424609,50.0,1005.0,293.15,constant_cp_1005_J_kgK,PASS
gsA_f,35.00447082519531,71.0,1622689.9328172724,3698908.4790743627,2.279491851319008,50.0,1005.0,293.15,constant_cp_1005_J_kgK,PASS
gsA_f,40.000244140625,71.0,1696857.764539872,3494825.8235634314,2.0595867824614653,50.0,1005.0,293.15,constant_cp_1005_J_kgK,PASS
gsA_f,45.001399993896484,71.0,1920409.9438327958,4649136.716044726,2.420908478929179,50.0,1005.0,293.15,constant_cp_1005_J_kgK,PASS
gsA_f,50.00304412841797,71.0,2008448.751629996,4526922.137795833,2.2539395810432894,50.0,1005.0,293.15,constant_cp_1005_J_kgK,PASS
gsA_f,55.00080108642578,71.0,1996775.1700438135,4340513.673505559,2.1737618429070893,50.0,1005.0,293.15,constant_cp_1005_J_kgK,PASS
gsA_f,60.00123596191406,71.0,2155826.075250333,4543745.487192617,2.107658655471545,50.0,1005.0,293.15,constant_cp_1005_J_kgK,PASS
gsA_f,65.0027847290039,71.0,2404894.8076544716,4779363.216902805,1.9873481375113384,50.0,1005.0,293.15,constant_cp_1005_J_kgK,PASS
gsA_f,70.0030746459961,71.0,2418586.7395178787,4620531.930611362,1.9104263887316346,50.0,1005.0,293.15,constant_cp_1005_J_kgK,PASS
gsA_f,75.00133514404297,71.0,2573675.7800446497,4608332.297558324,1.7905644266809608,50.0,1005.0,293.15,constant_cp_1005_J_kgK,PASS
gsA_f,80.00242614746094,71.0,2698714.1842250302,4851551.005324254,1.7977268707013656,50.0,1005.0,293.15,constant_cp_1005_J_kgK,PASS
gsA_f,85.00439453125,71.0,2755997.8702995353,5125123.342439212,1.8596252913222269,50.0,1005.0,293.15,constant_cp_1005_J_kgK,PASS
gsA_f,90.00247955322266,71.0,2770499.3519283333,5098730.541299326,1.8403651810098736,50.0,1005.0,293.15,constant_cp_1005_J_kgK,PASS
gsA_f,95.00352478027344,71.0,2712543.548747576,5502797.11545996,2.0286483946039082,50.0,1005.0,293.15,constant_cp_1005_J_kgK,PASS
gsA_f,100.00091552734375,71.0,2645519.784795289,4941644.536108031,1.8679295329822736,50.0,1005.0,293.15,constant_cp_1005_J_kgK,PASS
gsA_f,105.00138092041016,71.0,2739846.6145145246,5380684.496329807,1.9638634030917137,50.0,1005.0,293.15,constant_cp_1005_J_kgK,PASS
gsA_f,110.00249481201172,71.0,2672461.5020027226,5117144.262047857,1.9147681858889662,50.0,1005.0,293.15,constant_cp_1005_J_kgK,PASS
gsA_f,115.00171661376953,71.0,2667371.633212598,4777057.6651952835,1.7909231716023633,50.0,1005.0,293.15,constant_cp_1005_J_kgK,PASS
gsA_f,120.00064086914062,71.0,2755703.109357119,6490046.091022371,2.355132550014228,50.0,1005.0,293.15,constant_cp_1005_J_kgK,PASS
gsA_f,125.00511932373047,71.0,2702676.3466978967,4104679.834124899,1.5187463490180595,50.0,1005.0,293.15,constant_cp_1005_J_kgK,PASS
gsA_f,130.00503540039062,71.0,2813404.1577785034,5657997.7621597275,2.0110860171001335,50.0,1005.0,293.15,constant_cp_1005_J_kgK,PASS
gsA_f,135.0027313232422,71.0,2930486.7400913956,5115070.108176753,1.745467753939478,50.0,1005.0,293.15,constant_cp_1005_J_kgK,PASS
gsA_f,140.00192260742188,71.0,2877819.581747263,5254460.632891822,1.8258478280634893,50.0,1005.0,293.15,constant_cp_1005_J_kgK,PASS
gsA_f,145.00216674804688,71.0,3000515.977652205,5514715.704250675,1.8379224591117618,50.0,1005.0,293.15,constant_cp_1005_J_kgK,PASS
gsA_f,150.0051727294922,71.0,2811489.6560317227,4615669.847720928,1.641716816499234,50.0,1005.0,293.15,constant_cp_1005_J_kgK,PASS
gsA_f,155.0001678466797,71.0,3077577.035552608,6304079.792514452,2.048390574691981,50.0,1005.0,293.15,constant_cp_1005_J_kgK,PASS
gsA_f,160.00376892089844,71.0,3002308.7635206683,5488331.535141081,1.8280370099926588,50.0,1005.0,293.15,constant_cp_1005_J_kgK,PASS
gsA_f,165.00343322753906,71.0,2856007.9786537862,5308621.082454134,1.858755690506304,50.0,1005.0,293.15,constant_cp_1005_J_kgK,PASS
gsA_f,170.00196838378906,71.0,3089446.2849148246,5991333.401668035,1.9392903611636068,50.0,1005.0,293.15,constant_cp_1005_J_kgK,PASS
gsA_f,175.0038604736328,71.0,2929041.5380648356,4990789.614472999,1.7038985448360426,50.0,1005.0,293.15,constant_cp_1005_J_kgK,PASS
gsA_f,180.00477600097656,71.0,3060317.804343873,6545997.917213417,2.138992854899547,50.0,1005.0,293.15,constant_cp_1005_J_kgK,PASS
gsA_f,185.0048828125,71.0,2832644.335392993,3935474.1247098204,1.3893287185889587,50.0,1005.0,293.15,constant_cp_1005_J_kgK,PASS
gsA_f,190.0029296875,71.0,3070214.423176739,6986642.529179603,2.275620385481268,50.0,1005.0,293.15,constant_cp_1005_J_kgK,PASS
gsA_f,195.00120544433594,71.0,3190175.9724837085,4662462.008447484,1.4615062142849529,50.0,1005.0,293.15,constant_cp_1005_J_kgK,PASS
gsA_f,200.00025939941406,71.0,3326137.946365713,6170807.503077876,1.8552470169856827,50.0,1005.0,293.15,constant_cp_1005_J_kgK,PASS
gsA_f,205.00096130371094,71.0,3083580.905190547,5072417.653671827,1.6449763471856693,50.0,1005.0,293.15,constant_cp_1005_J_kgK,PASS
gsA_f,210.0048828125,71.0,3232009.9104197687,5874283.164869013,1.8175325347644333,50.0,1005.0,293.15,constant_cp_1005_J_kgK,PASS
gsA_f,215.00323486328125,71.0,3066823.472451631,5375950.956260791,1.7529378539558498,50.0,1005.0,293.15,constant_cp_1005_J_kgK,PASS
gsA_f,220.00033569335938,71.0,3240666.0830993336,5879271.156841722,1.8142168943302104,50.0,1005.0,293.15,constant_cp_1005_J_kgK,PASS
gsA_f,225.00222778320312,71.0,3043278.369631085,4884665.083763262,1.6050668031250108,50.0,1005.0,293.15,constant_cp_1005_J_kgK,PASS
gsA_f,230.0022430419922,71.0,3243483.639939371,5660870.441087272,1.745305686571333,50.0,1005.0,293.15,constant_cp_1005_J_kgK,PASS
gsA_f,235.00083923339844,71.0,3094409.3678778172,5869215.144975655,1.8967158016978312,50.0,1005.0,293.15,constant_cp_1005_J_kgK,PASS
gsA_f,240.0003204345703,71.0,3055457.2420756454,5523470.409811918,1.8077393896239538,50.0,1005.0,293.15,constant_cp_1005_J_kgK,PASS
gsA_f,245.0040740966797,71.0,3133793.770336385,6019169.911628809,1.920729426615301,50.0,1005.0,293.15,constant_cp_1005_J_kgK,PASS
gsA_f,250.0038604736328,71.0,3252870.4788398347,5836485.46736239,1.7942569510004047,50.0,1005.0,293.15,constant_cp_1005_J_kgK,PASS
gsA_f,255.0013885498047,71.0,3177283.195029354,5703924.083412881,1.7952205495362468,50.0,1005.0,293.15,constant_cp_1005_J_kgK,PASS
gsA_f,260.00360107421875,71.0,3587616.9400918954,6154302.574038302,1.7154291210032753,50.0,1005.0,293.15,constant_cp_1005_J_kgK,PASS
gsA_f,265.0008544921875,71.0,3431720.3890937716,5663721.921680509,1.6504030863587198,50.0,1005.0,293.15,constant_cp_1005_J_kgK,PASS
gsA_f,270.0034484863281,71.0,3239995.339621149,5766164.982974452,1.7796831101765365,50.0,1005.0,293.15,constant_cp_1005_J_kgK,PASS
gsA_f,275.002197265625,71.0,3337593.383714551,5964661.996109279,1.787114639312638,50.0,1005.0,293.15,constant_cp_1005_J_kgK,PASS
gsA_f,280.0023498535156,71.0,3280270.6406078134,4643156.5299354475,1.4154797084289052,50.0,1005.0,293.15,constant_cp_1005_J_kgK,PASS
gsA_f,285.0018005371094,71.0,3343691.440001146,6545512.2272881325,1.9575706505041288,50.0,1005.0,293.15,constant_cp_1005_J_kgK,PASS
gsA_f,290.0054931640625,71.0,3234309.151650242,5101787.657840913,1.5773964140805234,50.0,1005.0,293.15,constant_cp_1005_J_kgK,PASS
gsA_f,295.0007629394531,71.0,3103528.8420404876,5402316.69610043,1.7407013019890445,50.0,1005.0,293.15,constant_cp_1005_J_kgK,PASS
gsA_f,300.0,71.0,3281448.728391749,6326699.193154779,1.9280201267247952,50.0,1005.0,293.15,constant_cp_1005_J_kgK,PASS
gsA_f,0.0,78.0,0.0,0.0,0.0,50.0,1005.0,293.15,constant_cp_1005_J_kgK,NEAR_ZERO_C_T_REVIEW
gsA_f,5.004624843597412,78.0,44.08521460474741,17.48664599142205,0.39665557143828245,50.0,1005.0,293.15,constant_cp_1005_J_kgK,PASS
gsA_f,10.003152847290039,78.0,733.9405712034552,1019.7685220446783,1.3894429086692355,50.0,1005.0,293.15,constant_cp_1005_J_kgK,PASS
gsA_f,15.001075744628906,78.0,856409.5407530566,1995780.4894291037,2.3304043152930953,50.0,1005.0,293.15,constant_cp_1005_J_kgK,PASS
gsA_f,20.003589630126953,78.0,1066822.251913897,2529377.6014309363,2.370945672433424,50.0,1005.0,293.15,constant_cp_1005_J_kgK,PASS
gsA_f,25.001447677612305,78.0,1265776.8857889825,3865559.3547334163,3.0539026254409265,50.0,1005.0,293.15,constant_cp_1005_J_kgK,PASS
gsA_f,30.00459861755371,78.0,1421902.6525754111,3994778.9836885063,2.8094602513420934,50.0,1005.0,293.15,constant_cp_1005_J_kgK,PASS
gsA_f,35.00447082519531,78.0,1625426.4790305947,3832467.6308912276,2.3578228116333575,50.0,1005.0,293.15,constant_cp_1005_J_kgK,PASS
gsA_f,40.000244140625,78.0,1721525.937024044,4123068.8563003866,2.395008270062909,50.0,1005.0,293.15,constant_cp_1005_J_kgK,PASS
gsA_f,45.001399993896484,78.0,1664407.0070206933,4550582.582325748,2.734056371506954,50.0,1005.0,293.15,constant_cp_1005_J_kgK,PASS
gsA_f,50.00304412841797,78.0,1706667.5949669746,4243496.8255289635,2.486422568778589,50.0,1005.0,293.15,constant_cp_1005_J_kgK,PASS
gsA_f,55.00080108642578,78.0,1918873.93370849,4325898.106188619,2.254394116359806,50.0,1005.0,293.15,constant_cp_1005_J_kgK,PASS
gsA_f,60.00123596191406,78.0,2036785.8209245745,4648942.5305672735,2.2824896377454844,50.0,1005.0,293.15,constant_cp_1005_J_kgK,PASS
gsA_f,65.0027847290039,78.0,2019427.6107417091,4593119.778009765,2.274466167332817,50.0,1005.0,293.15,constant_cp_1005_J_kgK,PASS
gsA_f,70.0030746459961,78.0,2016613.7946491528,4743343.813102405,2.3521329793975956,50.0,1005.0,293.15,constant_cp_1005_J_kgK,PASS
gsA_f,75.00133514404297,78.0,1962880.7054968083,4445171.669426417,2.2646163146737615,50.0,1005.0,293.15,constant_cp_1005_J_kgK,PASS
gsA_f,80.00242614746094,78.0,1947186.1799710703,4506196.392135656,2.3142093131549464,50.0,1005.0,293.15,constant_cp_1005_J_kgK,PASS
gsA_f,85.00439453125,78.0,2028360.66654022,4988760.5577936405,2.4595036967971677,50.0,1005.0,293.15,constant_cp_1005_J_kgK,PASS
gsA_f,90.00247955322266,78.0,1897228.107020258,4445037.170251158,2.3429112998080273,50.0,1005.0,293.15,constant_cp_1005_J_kgK,PASS
gsA_f,95.00352478027344,78.0,2185821.705621547,5087855.963150224,2.3276628418800835,50.0,1005.0,293.15,constant_cp_1005_J_kgK,PASS
gsA_f,100.00091552734375,78.0,2284932.7372255567,5026600.520801593,2.1998899306353588,50.0,1005.0,293.15,constant_cp_1005_J_kgK,PASS
gsA_f,105.00138092041016,78.0,2195425.1351626394,5042217.8316139355,2.2966931328498252,50.0,1005.0,293.15,constant_cp_1005_J_kgK,PASS
gsA_f,110.00249481201172,78.0,2178275.752613157,4956953.117807476,2.275631591574616,50.0,1005.0,293.15,constant_cp_1005_J_kgK,PASS
gsA_f,115.00171661376953,78.0,2386616.38086469,5079748.19449329,2.1284309599236284,50.0,1005.0,293.15,constant_cp_1005_J_kgK,PASS
gsA_f,120.00064086914062,78.0,2378996.618228521,6142434.354332879,2.5819432895649657,50.0,1005.0,293.15,constant_cp_1005_J_kgK,PASS
gsA_f,125.00511932373047,78.0,2261960.3693530145,3990979.284319224,1.7643895703887849,50.0,1005.0,293.15,constant_cp_1005_J_kgK,PASS
gsA_f,130.00503540039062,78.0,2216365.0518015707,5222926.711431946,2.356528184374001,50.0,1005.0,293.15,constant_cp_1005_J_kgK,PASS
gsA_f,135.0027313232422,78.0,2233941.2181830714,4743829.912281969,2.1235249493897874,50.0,1005.0,293.15,constant_cp_1005_J_kgK,PASS
gsA_f,140.00192260742188,78.0,2162203.637689389,5038865.967956382,2.3304308068508752,50.0,1005.0,293.15,constant_cp_1005_J_kgK,PASS
gsA_f,145.00216674804688,78.0,2154580.122820918,5039267.040807809,2.3388626802191355,50.0,1005.0,293.15,constant_cp_1005_J_kgK,PASS
gsA_f,150.0051727294922,78.0,2327280.9923909004,5004994.580098295,2.1505759710418464,50.0,1005.0,293.15,constant_cp_1005_J_kgK,PASS
gsA_f,155.0001678466797,78.0,2332600.220447491,5354949.093336801,2.2956994715148804,50.0,1005.0,293.15,constant_cp_1005_J_kgK,PASS
gsA_f,160.00376892089844,78.0,2514875.3790989383,5707348.360110986,2.2694358565615627,50.0,1005.0,293.15,constant_cp_1005_J_kgK,PASS
gsA_f,165.00343322753906,78.0,2443693.477990724,5313525.267077141,2.174382881868668,50.0,1005.0,293.15,constant_cp_1005_J_kgK,PASS
gsA_f,170.00196838378906,78.0,2225761.9992032377,5114709.552206315,2.297958880615825,50.0,1005.0,293.15,constant_cp_1005_J_kgK,PASS
gsA_f,175.0038604736328,78.0,2230077.4642775687,4705311.759914782,2.109931980070953,50.0,1005.0,293.15,constant_cp_1005_J_kgK,PASS
gsA_f,180.00477600097656,78.0,2320857.6467480157,6022204.688557434,2.594818642580574,50.0,1005.0,293.15,constant_cp_1005_J_kgK,PASS
gsA_f,185.0048828125,78.0,2283756.4921772904,4522573.938193342,1.9803223126829967,50.0,1005.0,293.15,constant_cp_1005_J_kgK,PASS
gsA_f,190.0029296875,78.0,2434008.5546876,6969115.294063042,2.863225472499422,50.0,1005.0,293.15,constant_cp_1005_J_kgK,PASS
gsA_f,195.00120544433594,78.0,2200904.9891088223,4710497.363565613,2.140254752874615,50.0,1005.0,293.15,constant_cp_1005_J_kgK,PASS
gsA_f,200.00025939941406,78.0,2179252.525036941,5806355.349841623,2.6643793149870025,50.0,1005.0,293.15,constant_cp_1005_J_kgK,PASS
gsA_f,205.00096130371094,78.0,2110398.653339578,5147157.906339668,2.4389505263352023,50.0,1005.0,293.15,constant_cp_1005_J_kgK,PASS
gsA_f,210.0048828125,78.0,2143626.1763446373,5411233.134959488,2.5243361900846213,50.0,1005.0,293.15,constant_cp_1005_J_kgK,PASS
gsA_f,215.00323486328125,78.0,2334350.586325296,5239662.971072499,2.2445912802329766,50.0,1005.0,293.15,constant_cp_1005_J_kgK,PASS
gsA_f,220.00033569335938,78.0,2260558.466854739,5482023.76352913,2.425074973246156,50.0,1005.0,293.15,constant_cp_1005_J_kgK,PASS
gsA_f,225.00222778320312,78.0,2340985.7041190118,5240507.138795249,2.2385899792444133,50.0,1005.0,293.15,constant_cp_1005_J_kgK,PASS
gsA_f,230.0022430419922,78.0,2252066.6913742516,5353417.030764102,2.3771130096939306,50.0,1005.0,293.15,constant_cp_1005_J_kgK,PASS
gsA_f,235.00083923339844,78.0,2291338.260270648,5728149.102829666,2.49991422137431,50.0,1005.0,293.15,constant_cp_1005_J_kgK,PASS
gsA_f,240.0003204345703,78.0,2430446.005849269,5844190.677729038,2.4045754004261055,50.0,1005.0,293.15,constant_cp_1005_J_kgK,PASS
gsA_f,245.0040740966797,78.0,2287311.8956014453,5230593.228678027,2.2867861784554084,50.0,1005.0,293.15,constant_cp_1005_J_kgK,PASS
gsA_f,250.0038604736328,78.0,2315640.063811762,5478570.738319137,2.365899098023417,50.0,1005.0,293.15,constant_cp_1005_J_kgK,PASS
gsA_f,255.0013885498047,78.0,2317630.1564706187,5475656.244475406,2.362610026102679,50.0,1005.0,293.15,constant_cp_1005_J_kgK,PASS
gsA_f,260.00360107421875,78.0,2310934.3228013613,5540843.965441375,2.397663971135558,50.0,1005.0,293.15,constant_cp_1005_J_kgK,PASS
gsA_f,265.0008544921875,78.0,2182060.057590752,5168021.6885491535,2.368414045512225,50.0,1005.0,293.15,constant_cp_1005_J_kgK,PASS
gsA_f,270.0034484863281,78.0,2148119.7417591405,5560845.286154379,2.5887035894937975,50.0,1005.0,293.15,constant_cp_1005_J_kgK,PASS
gsA_f,275.002197265625,78.0,2192585.976411248,5815232.989428295,2.6522257516881838,50.0,1005.0,293.15,constant_cp_1005_J_kgK,PASS
gsA_f,280.0023498535156,78.0,2218765.6600884437,4899293.05633965,2.2081164966940916,50.0,1005.0,293.15,constant_cp_1005_J_kgK,PASS
gsA_f,285.0018005371094,78.0,2242276.4511064077,6321055.852058246,2.8190350252928185,50.0,1005.0,293.15,constant_cp_1005_J_kgK,PASS
gsA_f,290.0054931640625,78.0,2094573.5786175546,5109112.007336849,2.439213432028932,50.0,1005.0,293.15,constant_cp_1005_J_kgK,PASS
gsA_f,295.0007629394531,78.0,2199967.2899656883,5652036.788866063,2.5691458298701395,50.0,1005.0,293.15,constant_cp_1005_J_kgK,PASS
gsA_f,300.0,78.0,2176396.486155183,6035804.957998027,2.7733021057486007,50.0,1005.0,293.15,constant_cp_1005_J_kgK,PASS
gsA_f,0.0,85.0,0.0,0.0,0.0,50.0,1005.0,293.15,constant_cp_1005_J_kgK,NEAR_ZERO_C_T_REVIEW
gsA_f,5.004624843597412,85.0,-1.8522917819956808,-0.7451683715907937,0.4022953502420905,50.0,1005.0,293.15,constant_cp_1005_J_kgK,PASS
gsA_f,10.003152847290039,85.0,42.66659947178124,58.39072690168072,1.3685348170043536,50.0,1005.0,293.15,constant_cp_1005_J_kgK,PASS
gsA_f,15.001075744628906,85.0,823.5286661834795,1004.5227017969839,1.2197786707912361,50.0,1005.0,293.15,constant_cp_1005_J_kgK,PASS
gsA_f,20.003589630126953,85.0,863100.9484300567,1938601.1647967699,2.246088558149541,50.0,1005.0,293.15,constant_cp_1005_J_kgK,PASS
gsA_f,25.001447677612305,85.0,1003596.467054903,3012668.5826055924,3.001872447246048,50.0,1005.0,293.15,constant_cp_1005_J_kgK,PASS
gsA_f,30.00459861755371,85.0,1284497.3062045334,3678015.900353066,2.8633893450667967,50.0,1005.0,293.15,constant_cp_1005_J_kgK,PASS
gsA_f,35.00447082519531,85.0,1406661.557508269,3359257.131835916,2.3881061609349956,50.0,1005.0,293.15,constant_cp_1005_J_kgK,PASS
gsA_f,40.000244140625,85.0,1586536.9659399712,3830558.851466286,2.414415127854776,50.0,1005.0,293.15,constant_cp_1005_J_kgK,PASS
gsA_f,45.001399993896484,85.0,1587203.7810659637,4293512.529462268,2.705079574960909,50.0,1005.0,293.15,constant_cp_1005_J_kgK,PASS
gsA_f,50.00304412841797,85.0,1710304.0578861495,4239153.830757052,2.4785966046273855,50.0,1005.0,293.15,constant_cp_1005_J_kgK,PASS
gsA_f,55.00080108642578,85.0,1651734.7296952256,4076348.3292126614,2.4679194884791325,50.0,1005.0,293.15,constant_cp_1005_J_kgK,PASS
gsA_f,60.00123596191406,85.0,1666494.0098184342,4127956.9419101854,2.4770307709416413,50.0,1005.0,293.15,constant_cp_1005_J_kgK,PASS
gsA_f,65.0027847290039,85.0,1778520.318886292,4184384.5422828128,2.3527336167309403,50.0,1005.0,293.15,constant_cp_1005_J_kgK,PASS
gsA_f,70.0030746459961,85.0,1911025.7951734785,4531004.952318286,2.3709805298085835,50.0,1005.0,293.15,constant_cp_1005_J_kgK,PASS
gsA_f,75.00133514404297,85.0,1906469.862941243,4359426.79804677,2.286648681307334,50.0,1005.0,293.15,constant_cp_1005_J_kgK,PASS
gsA_f,80.00242614746094,85.0,1899974.707453884,4187021.2274955376,2.2037247185813724,50.0,1005.0,293.15,constant_cp_1005_J_kgK,PASS
gsA_f,85.00439453125,85.0,2132376.1274112836,4782596.671936749,2.2428485342981426,50.0,1005.0,293.15,constant_cp_1005_J_kgK,PASS
gsA_f,90.00247955322266,85.0,2086151.8104698062,4841390.320512412,2.3207277132061246,50.0,1005.0,293.15,constant_cp_1005_J_kgK,PASS
gsA_f,95.00352478027344,85.0,1820454.1361554419,4298531.876004095,2.3612415114626417,50.0,1005.0,293.15,constant_cp_1005_J_kgK,PASS
gsA_f,100.00091552734375,85.0,2073928.221700494,5097250.676344335,2.4577758395924136,50.0,1005.0,293.15,constant_cp_1005_J_kgK,PASS
gsA_f,105.00138092041016,85.0,2038197.5113166734,4709014.158438404,2.3103816643345736,50.0,1005.0,293.15,constant_cp_1005_J_kgK,PASS
gsA_f,110.00249481201172,85.0,2145727.90629277,5020351.074718307,2.3396960350821443,50.0,1005.0,293.15,constant_cp_1005_J_kgK,PASS
gsA_f,115.00171661376953,85.0,2044912.6840787805,4223238.909060201,2.0652416809487097,50.0,1005.0,293.15,constant_cp_1005_J_kgK,PASS
gsA_f,120.00064086914062,85.0,2198125.55215709,6031513.040253401,2.74393472853927,50.0,1005.0,293.15,constant_cp_1005_J_kgK,PASS
gsA_f,125.00511932373047,85.0,2081426.216403012,4073932.2770175785,1.9572792179286982,50.0,1005.0,293.15,constant_cp_1005_J_kgK,PASS
gsA_f,130.00503540039062,85.0,2051308.4547600485,5215924.56368456,2.5427304955434846,50.0,1005.0,293.15,constant_cp_1005_J_kgK,PASS
gsA_f,135.0027313232422,85.0,2034528.2908212638,4497648.798098161,2.2106592561967395,50.0,1005.0,293.15,constant_cp_1005_J_kgK,PASS
gsA_f,140.00192260742188,85.0,2095474.1362456954,5179000.467052075,2.4715172463693116,50.0,1005.0,293.15,constant_cp_1005_J_kgK,PASS
gsA_f,145.00216674804688,85.0,2094588.7470296621,4962345.513441345,2.369126407500493,50.0,1005.0,293.15,constant_cp_1005_J_kgK,PASS
gsA_f,150.0051727294922,85.0,2102385.5733181825,4848351.035758777,2.3061188667246473,50.0,1005.0,293.15,constant_cp_1005_J_kgK,PASS
gsA_f,155.0001678466797,85.0,2014322.4411489703,5141363.5990702575,2.552403475253753,50.0,1005.0,293.15,constant_cp_1005_J_kgK,PASS
gsA_f,160.00376892089844,85.0,2073123.8140702024,5146966.169932191,2.482710456075971,50.0,1005.0,293.15,constant_cp_1005_J_kgK,PASS
gsA_f,165.00343322753906,85.0,2164445.545970864,5057959.612423238,2.3368384674027376,50.0,1005.0,293.15,constant_cp_1005_J_kgK,PASS
gsA_f,170.00196838378906,85.0,2035762.1596839577,5002240.069950762,2.4571829504519984,50.0,1005.0,293.15,constant_cp_1005_J_kgK,PASS
gsA_f,175.0038604736328,85.0,2178552.358786661,4874060.032310087,2.237293041249043,50.0,1005.0,293.15,constant_cp_1005_J_kgK,PASS
gsA_f,180.00477600097656,85.0,2280048.3813099656,6147828.295342863,2.6963587026213554,50.0,1005.0,293.15,constant_cp_1005_J_kgK,PASS
gsA_f,185.0048828125,85.0,2187681.488221849,4404228.467738645,2.013194558463082,50.0,1005.0,293.15,constant_cp_1005_J_kgK,PASS
gsA_f,190.0029296875,85.0,1994866.6005518297,5877503.746856483,2.946314177213963,50.0,1005.0,293.15,constant_cp_1005_J_kgK,PASS
gsA_f,195.00120544433594,85.0,2065252.9563776916,4426777.726438043,2.1434554603917855,50.0,1005.0,293.15,constant_cp_1005_J_kgK,PASS
gsA_f,200.00025939941406,85.0,2232959.987176127,5769314.016679219,2.583706850911949,50.0,1005.0,293.15,constant_cp_1005_J_kgK,PASS
gsA_f,205.00096130371094,85.0,2248939.149226985,5297447.989102447,2.3555319364346996,50.0,1005.0,293.15,constant_cp_1005_J_kgK,PASS
gsA_f,210.0048828125,85.0,2073624.6265065202,5411483.372668313,2.609673565550363,50.0,1005.0,293.15,constant_cp_1005_J_kgK,PASS
gsA_f,215.00323486328125,85.0,1999895.6244572792,4936451.316545213,2.468354476191645,50.0,1005.0,293.15,constant_cp_1005_J_kgK,PASS
gsA_f,220.00033569335938,85.0,2150074.1133828196,5842976.521036024,2.7175698198807545,50.0,1005.0,293.15,constant_cp_1005_J_kgK,PASS
gsA_f,225.00222778320312,85.0,2198459.9553717286,5279101.914536715,2.4012727189493384,50.0,1005.0,293.15,constant_cp_1005_J_kgK,PASS
gsA_f,230.0022430419922,85.0,2151126.7821012656,4944594.302167713,2.298606638767115,50.0,1005.0,293.15,constant_cp_1005_J_kgK,PASS
gsA_f,235.00083923339844,85.0,2194230.7815267746,5712103.42783325,2.603237305721639,50.0,1005.0,293.15,constant_cp_1005_J_kgK,PASS
gsA_f,240.0003204345703,85.0,2017486.4827970623,5033224.309873516,2.494799520488189,50.0,1005.0,293.15,constant_cp_1005_J_kgK,PASS
gsA_f,245.0040740966797,85.0,2156287.7261239076,5369796.575289873,2.490296870048271,50.0,1005.0,293.15,constant_cp_1005_J_kgK,PASS
gsA_f,250.0038604736328,85.0,2231202.639034834,5854226.326884184,2.6237985848818206,50.0,1005.0,293.15,constant_cp_1005_J_kgK,PASS
gsA_f,255.0013885498047,85.0,2221408.262060995,5702581.714034015,2.5671020547763823,50.0,1005.0,293.15,constant_cp_1005_J_kgK,PASS
gsA_f,260.00360107421875,85.0,2047622.957368033,5385786.160115473,2.630262637335457,50.0,1005.0,293.15,constant_cp_1005_J_kgK,PASS
gsA_f,265.0008544921875,85.0,2241366.641771826,5172492.461979051,2.307740449768689,50.0,1005.0,293.15,constant_cp_1005_J_kgK,PASS
gsA_f,270.0034484863281,85.0,2217454.592099742,5741362.015514259,2.589167794447449,50.0,1005.0,293.15,constant_cp_1005_J_kgK,PASS
gsA_f,275.002197265625,85.0,2144916.9542912566,5664582.675153841,2.640933330225637,50.0,1005.0,293.15,constant_cp_1005_J_kgK,PASS
gsA_f,280.0023498535156,85.0,2109676.803789853,4563040.598782173,2.1629097834251487,50.0,1005.0,293.15,constant_cp_1005_J_kgK,PASS
gsA_f,285.0018005371094,85.0,2040724.0959006757,5866616.637656086,2.874772072050654,50.0,1005.0,293.15,constant_cp_1005_J_kgK,PASS
gsA_f,290.0054931640625,85.0,2237378.365619052,5297219.0976736145,2.3676009293170868,50.0,1005.0,293.15,constant_cp_1005_J_kgK,PASS
gsA_f,295.0007629394531,85.0,1939691.458546946,5064904.991486241,2.6111910578192883,50.0,1005.0,293.15,constant_cp_1005_J_kgK,PASS
gsA_f,300.0,85.0,2160311.884761598,6000460.212299322,2.777589779802328,50.0,1005.0,293.15,constant_cp_1005_J_kgK,PASS
gsA_m,0.0,15.0,0.0,0.0,0.0,50.0,1005.0,293.15,constant_cp_1005_J_kgK,NEAR_ZERO_C_T_REVIEW
gsA_m,5.004563331604004,15.0,-3.4843960584748856,-1.643851977664772,0.47177529465823925,50.0,1005.0,293.15,constant_cp_1005_J_kgK,PASS
gsA_m,10.000277519226074,15.0,0.9832655510481558,0.8841547388288422,0.8992023944977383,50.0,1005.0,293.15,constant_cp_1005_J_kgK,PASS
gsA_m,15.002864837646484,15.0,3.8827810862463608,3.6917232201311556,0.9507935516264961,50.0,1005.0,293.15,constant_cp_1005_J_kgK,PASS
gsA_m,20.005905151367188,15.0,7.926271239529257,6.904762109110251,0.8711236216348816,50.0,1005.0,293.15,constant_cp_1005_J_kgK,PASS
gsA_m,25.006208419799805,15.0,15.663516796757868,16.125726064423823,1.0295086520245642,50.0,1005.0,293.15,constant_cp_1005_J_kgK,PASS
gsA_m,30.0072078704834,15.0,33.445729162151245,31.84497124637955,0.9521386449981983,50.0,1005.0,293.15,constant_cp_1005_J_kgK,PASS
gsA_m,35.00959777832031,15.0,88.74812156544945,84.93218011663141,0.9570025665618074,50.0,1005.0,293.15,constant_cp_1005_J_kgK,PASS
gsA_m,40.01047897338867,15.0,252.47808375680148,271.47544676134646,1.0752436121218698,50.0,1005.0,293.15,constant_cp_1005_J_kgK,PASS
gsA_m,45.01016616821289,15.0,15533.115293305169,-7061.9049399447795,-0.45463545506470504,50.0,1005.0,293.15,constant_cp_1005_J_kgK,PASS
gsA_m,50.00878143310547,15.0,1013303.3296448381,-661997.6467882876,-0.6533064951245314,50.0,1005.0,293.15,constant_cp_1005_J_kgK,PASS
gsA_m,55.00791549682617,15.0,1372990.781168613,-720949.2282003276,-0.5250940050644007,50.0,1005.0,293.15,constant_cp_1005_J_kgK,PASS
gsA_m,60.009437561035156,15.0,1296767.0641411783,-843923.735679778,-0.650790538267326,50.0,1005.0,293.15,constant_cp_1005_J_kgK,PASS
gsA_m,65.00919342041016,15.0,1224444.0625997812,-900769.5938604712,-0.7356559775772247,50.0,1005.0,293.15,constant_cp_1005_J_kgK,PASS
gsA_m,70.00454711914062,15.0,1349417.157365837,-836469.6562208643,-0.6198747745683885,50.0,1005.0,293.15,constant_cp_1005_J_kgK,PASS
gsA_m,75.00989532470703,15.0,1552608.4484212087,-696998.7103850406,-0.4489211114971022,50.0,1005.0,293.15,constant_cp_1005_J_kgK,PASS
gsA_m,80.00159454345703,15.0,1628613.0279430223,-794311.0664874986,-0.4877224072625357,50.0,1005.0,293.15,constant_cp_1005_J_kgK,PASS
gsA_m,85.00528717041016,15.0,1732921.6777665168,-433753.1855219522,-0.2503016674596607,50.0,1005.0,293.15,constant_cp_1005_J_kgK,PASS
gsA_m,90.00576782226562,15.0,2024185.786943067,-30161.54174546094,-0.014900579749159785,50.0,1005.0,293.15,constant_cp_1005_J_kgK,PASS
gsA_m,95.00553894042969,15.0,2029407.1068489908,-255690.30298932455,-0.12599261238733334,50.0,1005.0,293.15,constant_cp_1005_J_kgK,PASS
gsA_m,100.00667572021484,15.0,1989641.3354957686,-315932.35277657164,-0.15878859528109326,50.0,1005.0,293.15,constant_cp_1005_J_kgK,PASS
gsA_m,105.01087188720703,15.0,2213553.579178634,-115499.85486839013,-0.05217847715764247,50.0,1005.0,293.15,constant_cp_1005_J_kgK,PASS
gsA_m,110.01018524169922,15.0,2156034.534725461,-254689.24792489735,-0.11812855676605762,50.0,1005.0,293.15,constant_cp_1005_J_kgK,PASS
gsA_m,115.00437927246094,15.0,2349742.9123440236,-65833.98207092856,-0.028017525545062625,50.0,1005.0,293.15,constant_cp_1005_J_kgK,PASS
gsA_m,120.00656127929688,15.0,2236119.7233069334,-339000.082823953,-0.15160193762908872,50.0,1005.0,293.15,constant_cp_1005_J_kgK,PASS
gsA_m,125.0086669921875,15.0,2265372.466988835,-408401.9658828378,-0.1802802725971554,50.0,1005.0,293.15,constant_cp_1005_J_kgK,PASS
gsA_m,130.00900268554688,15.0,2424877.8441275316,-367121.8501480813,-0.15139808012892758,50.0,1005.0,293.15,constant_cp_1005_J_kgK,PASS
gsA_m,135.00718688964844,15.0,2414674.8161851545,-383711.27451975434,-0.15890805335269279,50.0,1005.0,293.15,constant_cp_1005_J_kgK,PASS
gsA_m,140.0059356689453,15.0,2548321.364882004,-111522.08529632259,-0.043762959740160715,50.0,1005.0,293.15,constant_cp_1005_J_kgK,PASS
gsA_m,145.00001525878906,15.0,2502087.9446603367,-191755.32968632132,-0.07663812540863843,50.0,1005.0,293.15,constant_cp_1005_J_kgK,PASS
gsA_m,150.01004028320312,15.0,2672366.607254398,-12309.003142905887,-0.00460603089018247,50.0,1005.0,293.15,constant_cp_1005_J_kgK,PASS
gsA_m,155.00462341308594,15.0,2542240.4224464,-217557.05846615485,-0.08557690159642707,50.0,1005.0,293.15,constant_cp_1005_J_kgK,PASS
gsA_m,160.00454711914062,15.0,2585600.9942631433,-75975.74591568462,-0.029384172609871893,50.0,1005.0,293.15,constant_cp_1005_J_kgK,PASS
gsA_m,165.00534057617188,15.0,2340805.4824895333,-590829.6676584714,-0.25240442748369757,50.0,1005.0,293.15,constant_cp_1005_J_kgK,PASS
gsA_m,170.00120544433594,15.0,2679952.8048367123,-158149.0386112223,-0.05901187450980434,50.0,1005.0,293.15,constant_cp_1005_J_kgK,PASS
gsA_m,175.012451171875,15.0,2628445.373211643,-137874.22147151292,-0.05245466498055739,50.0,1005.0,293.15,constant_cp_1005_J_kgK,PASS
gsA_m,180.00408935546875,15.0,2596348.991731721,-206368.29067405872,-0.07948403366853024,50.0,1005.0,293.15,constant_cp_1005_J_kgK,PASS
gsA_m,185.0017547607422,15.0,2502737.4015158853,-257360.1259737769,-0.10283145399828848,50.0,1005.0,293.15,constant_cp_1005_J_kgK,PASS
gsA_m,190.01220703125,15.0,2635036.697808273,-182226.48754753987,-0.06915519912838751,50.0,1005.0,293.15,constant_cp_1005_J_kgK,PASS
gsA_m,195.00535583496094,15.0,2523789.6780006546,-438779.6052826084,-0.1738574371340679,50.0,1005.0,293.15,constant_cp_1005_J_kgK,PASS
gsA_m,200.01158142089844,15.0,2574147.277903476,-337681.10282120435,-0.13118173374144695,50.0,1005.0,293.15,constant_cp_1005_J_kgK,PASS
gsA_m,205.009521484375,15.0,2606950.1827762052,-351104.7153999405,-0.1346802550043516,50.0,1005.0,293.15,constant_cp_1005_J_kgK,PASS
gsA_m,210.00927734375,15.0,2807348.1521243695,83705.3354963148,0.02981651400556553,50.0,1005.0,293.15,constant_cp_1005_J_kgK,PASS
gsA_m,215.00802612304688,15.0,2613401.665432619,87923.98554556724,0.03364350253102498,50.0,1005.0,293.15,constant_cp_1005_J_kgK,PASS
gsA_m,220.00921630859375,15.0,2517457.850870039,-60361.962192568695,-0.02397734769291468,50.0,1005.0,293.15,constant_cp_1005_J_kgK,PASS
gsA_m,225.00021362304688,15.0,2470499.490234884,-513816.2492046729,-0.20798071452175096,50.0,1005.0,293.15,constant_cp_1005_J_kgK,PASS
gsA_m,230.0054168701172,15.0,2643972.684598851,-206145.11265758052,-0.07796794341271994,50.0,1005.0,293.15,constant_cp_1005_J_kgK,PASS
gsA_m,235.0016326904297,15.0,2512612.52365542,-447577.6437839386,-0.178132377981142,50.0,1005.0,293.15,constant_cp_1005_J_kgK,PASS
gsA_m,240.0014190673828,15.0,2635534.6703214357,-382377.7778343526,-0.1450854667708533,50.0,1005.0,293.15,constant_cp_1005_J_kgK,PASS
gsA_m,245.00535583496094,15.0,2807799.154927307,-116005.00989327324,-0.04131528057827788,50.0,1005.0,293.15,constant_cp_1005_J_kgK,PASS
gsA_m,250.00656127929688,15.0,2747005.441396312,-135901.2208706073,-0.04947249787809966,50.0,1005.0,293.15,constant_cp_1005_J_kgK,PASS
gsA_m,255.00221252441406,15.0,2827668.9114956637,-104533.21665805764,-0.0369679831443795,50.0,1005.0,293.15,constant_cp_1005_J_kgK,PASS
gsA_m,260.0101623535156,15.0,2776828.727521319,-158501.57367356867,-0.057080068389760534,50.0,1005.0,293.15,constant_cp_1005_J_kgK,PASS
gsA_m,265.0076599121094,15.0,2682598.9070221283,-414913.1317133282,-0.15466834442794525,50.0,1005.0,293.15,constant_cp_1005_J_kgK,PASS
gsA_m,270.0072326660156,15.0,2689604.696872956,-401969.571702135,-0.14945303009378333,50.0,1005.0,293.15,constant_cp_1005_J_kgK,PASS
gsA_m,275.0013122558594,15.0,2754513.4290786395,-284712.6753300652,-0.10336223898000707,50.0,1005.0,293.15,constant_cp_1005_J_kgK,PASS
gsA_m,280.00921630859375,15.0,2893299.3956667045,-1164.2738822498359,-0.0004024035272649519,50.0,1005.0,293.15,constant_cp_1005_J_kgK,PASS
gsA_m,285.0030212402344,15.0,2826764.1721800864,-238154.97500869283,-0.08425003307758086,50.0,1005.0,293.15,constant_cp_1005_J_kgK,PASS
gsA_m,290.0001220703125,15.0,2919731.440410841,81110.7907123894,0.02778022306769972,50.0,1005.0,293.15,constant_cp_1005_J_kgK,PASS
gsA_m,295.00958251953125,15.0,2745795.1352426587,-84180.94531219895,-0.030658130401545584,50.0,1005.0,293.15,constant_cp_1005_J_kgK,PASS
gsA_m,300.0,15.0,2690877.788031902,-290638.0854474206,-0.10800865306483952,50.0,1005.0,293.15,constant_cp_1005_J_kgK,PASS
gsA_m,0.0,22.0,0.0,0.0,0.0,50.0,1005.0,293.15,constant_cp_1005_J_kgK,NEAR_ZERO_C_T_REVIEW
gsA_m,5.004563331604004,22.0,12.43468378963577,5.546486872932485,0.446049691839321,50.0,1005.0,293.15,constant_cp_1005_J_kgK,PASS
gsA_m,10.000277519226074,22.0,88.18590802645949,96.53080704432088,1.0946284866088007,50.0,1005.0,293.15,constant_cp_1005_J_kgK,PASS
gsA_m,15.002864837646484,22.0,109.35732847734288,110.26550392316284,1.0083046601216106,50.0,1005.0,293.15,constant_cp_1005_J_kgK,PASS
gsA_m,20.005905151367188,22.0,126.83807260454215,107.07801624279662,0.8442103703026301,50.0,1005.0,293.15,constant_cp_1005_J_kgK,PASS
gsA_m,25.006208419799805,22.0,166.22320015221132,177.90769041250468,1.0702939797123598,50.0,1005.0,293.15,constant_cp_1005_J_kgK,PASS
gsA_m,30.0072078704834,22.0,262.0726558929501,245.03217420774263,0.9349780249752457,50.0,1005.0,293.15,constant_cp_1005_J_kgK,PASS
gsA_m,35.00959777832031,22.0,710.2470863060744,662.3986473256812,0.9326312773345106,50.0,1005.0,293.15,constant_cp_1005_J_kgK,PASS
gsA_m,40.01047897338867,22.0,1006511.3723168474,-603043.6467297974,-0.5991424074441157,50.0,1005.0,293.15,constant_cp_1005_J_kgK,PASS
gsA_m,45.01016616821289,22.0,1508882.8592551022,-1171334.1620159016,-0.776292311116954,50.0,1005.0,293.15,constant_cp_1005_J_kgK,PASS
gsA_m,50.00878143310547,22.0,1488197.6597229333,-977991.1720781277,-0.6571648367329146,50.0,1005.0,293.15,constant_cp_1005_J_kgK,PASS
gsA_m,55.00791549682617,22.0,1319292.6066569984,-741249.9734040491,-0.561854110046389,50.0,1005.0,293.15,constant_cp_1005_J_kgK,PASS
gsA_m,60.009437561035156,22.0,1385777.3725803944,-1089842.811258098,-0.786448698630971,50.0,1005.0,293.15,constant_cp_1005_J_kgK,PASS
gsA_m,65.00919342041016,22.0,1563014.6094283832,-1069807.0846904593,-0.684451110205363,50.0,1005.0,293.15,constant_cp_1005_J_kgK,PASS
gsA_m,70.00454711914062,22.0,1617282.3282805006,-1034005.9685281026,-0.6393478432596615,50.0,1005.0,293.15,constant_cp_1005_J_kgK,PASS
gsA_m,75.00989532470703,22.0,1543014.3534542627,-1057900.7949575004,-0.685606580774336,50.0,1005.0,293.15,constant_cp_1005_J_kgK,PASS
gsA_m,80.00159454345703,22.0,1750712.3615463674,-987045.4889065567,-0.5637964925515918,50.0,1005.0,293.15,constant_cp_1005_J_kgK,PASS
gsA_m,85.00528717041016,22.0,1874933.534081261,-804913.1506290651,-0.4293022317847024,50.0,1005.0,293.15,constant_cp_1005_J_kgK,PASS
gsA_m,90.00576782226562,22.0,1937405.5548942378,-607290.3415994318,-0.3134554559654823,50.0,1005.0,293.15,constant_cp_1005_J_kgK,PASS
gsA_m,95.00553894042969,22.0,2112706.011069947,-518978.5381261131,-0.24564635846484117,50.0,1005.0,293.15,constant_cp_1005_J_kgK,PASS
gsA_m,100.00667572021484,22.0,2206737.0816661883,-372958.43444983684,-0.1690090031786822,50.0,1005.0,293.15,constant_cp_1005_J_kgK,PASS
gsA_m,105.01087188720703,22.0,2103490.546601419,-759549.5060737319,-0.3610900497275471,50.0,1005.0,293.15,constant_cp_1005_J_kgK,PASS
gsA_m,110.01018524169922,22.0,2301983.4611326363,-540153.313703906,-0.2346469133353965,50.0,1005.0,293.15,constant_cp_1005_J_kgK,PASS
gsA_m,115.00437927246094,22.0,2355479.4433135944,-379925.66808313574,-0.16129441042740383,50.0,1005.0,293.15,constant_cp_1005_J_kgK,PASS
gsA_m,120.00656127929688,22.0,2356451.3721413957,-391069.3539748271,-0.16595689543953862,50.0,1005.0,293.15,constant_cp_1005_J_kgK,PASS
gsA_m,125.0086669921875,22.0,2473491.4788989797,-531775.7854423554,-0.21498994032478475,50.0,1005.0,293.15,constant_cp_1005_J_kgK,PASS
gsA_m,130.00900268554688,22.0,2477509.569006026,-407334.9243907258,-0.16441305797020514,50.0,1005.0,293.15,constant_cp_1005_J_kgK,PASS
gsA_m,135.00718688964844,22.0,2414595.976303623,-531713.540604742,-0.22020807862800876,50.0,1005.0,293.15,constant_cp_1005_J_kgK,PASS
gsA_m,140.0059356689453,22.0,2427244.6962132873,-639649.4298424658,-0.2635290256645217,50.0,1005.0,293.15,constant_cp_1005_J_kgK,PASS
gsA_m,145.00001525878906,22.0,2512577.3817024054,-544198.0502838488,-0.21658956824451125,50.0,1005.0,293.15,constant_cp_1005_J_kgK,PASS
gsA_m,150.01004028320312,22.0,2543262.81021308,-457031.05604881095,-0.17970264583490675,50.0,1005.0,293.15,constant_cp_1005_J_kgK,PASS
gsA_m,155.00462341308594,22.0,2650955.455722116,-225688.57125121728,-0.08513480328915599,50.0,1005.0,293.15,constant_cp_1005_J_kgK,PASS
gsA_m,160.00454711914062,22.0,2641596.4398639286,-355469.4957685678,-0.13456616249334372,50.0,1005.0,293.15,constant_cp_1005_J_kgK,PASS
gsA_m,165.00534057617188,22.0,2718307.1123360116,-413708.14887036453,-0.1521933070008558,50.0,1005.0,293.15,constant_cp_1005_J_kgK,PASS
gsA_m,170.00120544433594,22.0,2671125.9124599174,-487598.6841959497,-0.182544252938981,50.0,1005.0,293.15,constant_cp_1005_J_kgK,PASS
gsA_m,175.012451171875,22.0,2731134.1907553775,-268126.09675315814,-0.09817390066761959,50.0,1005.0,293.15,constant_cp_1005_J_kgK,PASS
gsA_m,180.00408935546875,22.0,2661688.4965282106,-307489.1146060084,-0.11552407992410967,50.0,1005.0,293.15,constant_cp_1005_J_kgK,PASS
gsA_m,185.0017547607422,22.0,2707064.0499893953,-110510.40855399612,-0.04082297519130698,50.0,1005.0,293.15,constant_cp_1005_J_kgK,PASS
gsA_m,190.01220703125,22.0,2561596.07731588,-490493.69190750923,-0.19147971698233687,50.0,1005.0,293.15,constant_cp_1005_J_kgK,PASS
gsA_m,195.00535583496094,22.0,2691315.0117056193,-270978.7941953093,-0.10068639048818612,50.0,1005.0,293.15,constant_cp_1005_J_kgK,PASS
gsA_m,200.01158142089844,22.0,2561138.356466493,-664357.9505834293,-0.2593994771528153,50.0,1005.0,293.15,constant_cp_1005_J_kgK,PASS
gsA_m,205.009521484375,22.0,2835166.4640952423,-1725.827984545147,-0.0006087219238803646,50.0,1005.0,293.15,constant_cp_1005_J_kgK,PASS
gsA_m,210.00927734375,22.0,2638687.880638829,-383960.2653103317,-0.14551181597778606,50.0,1005.0,293.15,constant_cp_1005_J_kgK,PASS
gsA_m,215.00802612304688,22.0,2708510.5544572966,-111095.63249714067,-0.04101724186169946,50.0,1005.0,293.15,constant_cp_1005_J_kgK,PASS
gsA_m,220.00921630859375,22.0,2840219.1168702273,13230.996412339155,0.0046584421369992805,50.0,1005.0,293.15,constant_cp_1005_J_kgK,PASS
gsA_m,225.00021362304688,22.0,2738888.032679397,-301530.90056181233,-0.1100924524712428,50.0,1005.0,293.15,constant_cp_1005_J_kgK,PASS
gsA_m,230.0054168701172,22.0,2642976.5173498928,-491930.37073134235,-0.18612740881428633,50.0,1005.0,293.15,constant_cp_1005_J_kgK,PASS
gsA_m,235.0016326904297,22.0,2747033.122469486,-485181.046914879,-0.1766200206857055,50.0,1005.0,293.15,constant_cp_1005_J_kgK,PASS
gsA_m,240.0014190673828,22.0,2823598.8015582915,-361824.83452586085,-0.1281431463726987,50.0,1005.0,293.15,constant_cp_1005_J_kgK,PASS
gsA_m,245.00535583496094,22.0,2798344.0261224853,-426884.7539471702,-0.15254906114552375,50.0,1005.0,293.15,constant_cp_1005_J_kgK,PASS
gsA_m,250.00656127929688,22.0,2842157.4828625917,-298071.0836535883,-0.10487493583690306,50.0,1005.0,293.15,constant_cp_1005_J_kgK,PASS
gsA_m,255.00221252441406,22.0,2855834.2485245583,-412758.91383723053,-0.1445318172966371,50.0,1005.0,293.15,constant_cp_1005_J_kgK,PASS
gsA_m,260.0101623535156,22.0,2826298.4604178006,-349571.40221881494,-0.12368523958617557,50.0,1005.0,293.15,constant_cp_1005_J_kgK,PASS
gsA_m,265.0076599121094,22.0,2850261.9205105705,-449334.6760727011,-0.15764680180416935,50.0,1005.0,293.15,constant_cp_1005_J_kgK,PASS
gsA_m,270.0072326660156,22.0,3031036.9835216776,-165014.39444022812,-0.0544415641700625,50.0,1005.0,293.15,constant_cp_1005_J_kgK,PASS
gsA_m,275.0013122558594,22.0,2979941.69091563,-76036.04980434664,-0.025515952220187044,50.0,1005.0,293.15,constant_cp_1005_J_kgK,PASS
gsA_m,280.00921630859375,22.0,2869569.2147419564,-407461.2611670294,-0.14199387806147407,50.0,1005.0,293.15,constant_cp_1005_J_kgK,PASS
gsA_m,285.0030212402344,22.0,2891171.5694821156,-268878.3694046121,-0.09299979712126706,50.0,1005.0,293.15,constant_cp_1005_J_kgK,PASS
gsA_m,290.0001220703125,22.0,2842703.983557516,-397293.3809052047,-0.1397589700521719,50.0,1005.0,293.15,constant_cp_1005_J_kgK,PASS
gsA_m,295.00958251953125,22.0,2913511.16679036,-95321.87680978468,-0.032717182585847104,50.0,1005.0,293.15,constant_cp_1005_J_kgK,PASS
gsA_m,300.0,22.0,2873591.7857849924,-245250.55864855787,-0.08534634594299606,50.0,1005.0,293.15,constant_cp_1005_J_kgK,PASS
gsA_m,0.0,29.0,0.0,0.0,0.0,50.0,1005.0,293.15,constant_cp_1005_J_kgK,NEAR_ZERO_C_T_REVIEW
gsA_m,5.004563331604004,29.0,164.54540268083676,72.50548457150829,0.44064120534381707,50.0,1005.0,293.15,constant_cp_1005_J_kgK,PASS
gsA_m,10.000277519226074,29.0,826.5959215150702,949.6429994822659,1.1488600109960783,50.0,1005.0,293.15,constant_cp_1005_J_kgK,PASS
gsA_m,15.002864837646484,29.0,1033.8883336708993,1072.5065011597942,1.0373523583061826,50.0,1005.0,293.15,constant_cp_1005_J_kgK,PASS
gsA_m,20.005905151367188,29.0,1183.4211345263884,972.4999079750819,0.8217699343044603,50.0,1005.0,293.15,constant_cp_1005_J_kgK,PASS
gsA_m,25.006208419799805,29.0,1440.885027387937,1540.839217183765,1.0693699968386494,50.0,1005.0,293.15,constant_cp_1005_J_kgK,PASS
gsA_m,30.0072078704834,29.0,492741.5760019506,-357448.27019347675,-0.725427460564158,50.0,1005.0,293.15,constant_cp_1005_J_kgK,PASS
gsA_m,35.00959777832031,29.0,1554831.2660218235,-1406808.432018622,-0.904798136467932,50.0,1005.0,293.15,constant_cp_1005_J_kgK,PASS
gsA_m,40.01047897338867,29.0,1486768.8436013167,-940234.6045865486,-0.6324013370559142,50.0,1005.0,293.15,constant_cp_1005_J_kgK,PASS
gsA_m,45.01016616821289,29.0,1620439.8042900697,-1223699.7004556274,-0.7551651701074705,50.0,1005.0,293.15,constant_cp_1005_J_kgK,PASS
gsA_m,50.00878143310547,29.0,1448259.5583799318,-1244916.347651829,-0.8595947739122332,50.0,1005.0,293.15,constant_cp_1005_J_kgK,PASS
gsA_m,55.00791549682617,29.0,1690926.8259486645,-454319.47805809375,-0.2686807442440365,50.0,1005.0,293.15,constant_cp_1005_J_kgK,PASS
gsA_m,60.009437561035156,29.0,1552965.6673940187,-1320447.5735366524,-0.8502748008283092,50.0,1005.0,293.15,constant_cp_1005_J_kgK,PASS
gsA_m,65.00919342041016,29.0,1600353.5251950982,-1525956.3569823005,-0.9535120415323677,50.0,1005.0,293.15,constant_cp_1005_J_kgK,PASS
gsA_m,70.00454711914062,29.0,1773722.308844921,-891992.1039048863,-0.502892758047209,50.0,1005.0,293.15,constant_cp_1005_J_kgK,PASS
gsA_m,75.00989532470703,29.0,1802138.8665845788,-1131693.0547356447,-0.6279721700250734,50.0,1005.0,293.15,constant_cp_1005_J_kgK,PASS
gsA_m,80.00159454345703,29.0,1852013.9320017458,-1545412.452024477,-0.8344496903185389,50.0,1005.0,293.15,constant_cp_1005_J_kgK,PASS
gsA_m,85.00528717041016,29.0,1968051.7339304313,-1180563.115169411,-0.5998638627307255,50.0,1005.0,293.15,constant_cp_1005_J_kgK,PASS
gsA_m,90.00576782226562,29.0,2101119.618525781,-716852.3832968732,-0.34117637900113534,50.0,1005.0,293.15,constant_cp_1005_J_kgK,PASS
gsA_m,95.00553894042969,29.0,2182347.2015186134,-736801.4618799886,-0.3376188084862371,50.0,1005.0,293.15,constant_cp_1005_J_kgK,PASS
gsA_m,100.00667572021484,29.0,2210470.7984910295,-737585.3434859423,-0.333677940459314,50.0,1005.0,293.15,constant_cp_1005_J_kgK,PASS
gsA_m,105.01087188720703,29.0,2344460.9574306565,-589327.3111410274,-0.2513700683618477,50.0,1005.0,293.15,constant_cp_1005_J_kgK,PASS
gsA_m,110.01018524169922,29.0,2251515.0016004504,-731940.0436982407,-0.32508779340930594,50.0,1005.0,293.15,constant_cp_1005_J_kgK,PASS
gsA_m,115.00437927246094,29.0,2445992.2140191114,-384174.6892032502,-0.15706292399516542,50.0,1005.0,293.15,constant_cp_1005_J_kgK,PASS
gsA_m,120.00656127929688,29.0,2499805.2518193834,-687060.1204808117,-0.2748454584535184,50.0,1005.0,293.15,constant_cp_1005_J_kgK,PASS
gsA_m,125.0086669921875,29.0,2501018.455766964,-706474.7057935058,-0.2824748070788856,50.0,1005.0,293.15,constant_cp_1005_J_kgK,PASS
gsA_m,130.00900268554688,29.0,2508592.874843357,-559276.021972259,-0.22294411643307463,50.0,1005.0,293.15,constant_cp_1005_J_kgK,PASS
gsA_m,135.00718688964844,29.0,2525084.2832059814,-762226.7780349362,-0.30186191530493084,50.0,1005.0,293.15,constant_cp_1005_J_kgK,PASS
gsA_m,140.0059356689453,29.0,2613125.4374739043,-605896.2303867282,-0.23186649278208585,50.0,1005.0,293.15,constant_cp_1005_J_kgK,PASS
gsA_m,145.00001525878906,29.0,2606687.494850232,-714482.2424724675,-0.27409585686201254,50.0,1005.0,293.15,constant_cp_1005_J_kgK,PASS
gsA_m,150.01004028320312,29.0,2596582.414407299,-540432.9123291273,-0.20813239330687194,50.0,1005.0,293.15,constant_cp_1005_J_kgK,PASS
gsA_m,155.00462341308594,29.0,2662245.1568575907,-430585.73072683765,-0.1617378210333882,50.0,1005.0,293.15,constant_cp_1005_J_kgK,PASS
gsA_m,160.00454711914062,29.0,2813303.9231907586,-402866.0322395526,-0.14320032361901192,50.0,1005.0,293.15,constant_cp_1005_J_kgK,PASS
gsA_m,165.00534057617188,29.0,2702316.1659353967,-713197.3081224309,-0.2639207495824457,50.0,1005.0,293.15,constant_cp_1005_J_kgK,PASS
gsA_m,170.00120544433594,29.0,2746138.999820791,-736910.0961459177,-0.26834406277104217,50.0,1005.0,293.15,constant_cp_1005_J_kgK,PASS
gsA_m,175.012451171875,29.0,2795507.639348909,-517212.90765299345,-0.1850157375257452,50.0,1005.0,293.15,constant_cp_1005_J_kgK,PASS
gsA_m,180.00408935546875,29.0,2780042.2291849516,-564401.4312681961,-0.20301901364774097,50.0,1005.0,293.15,constant_cp_1005_J_kgK,PASS
gsA_m,185.0017547607422,29.0,2831502.9170331224,-344474.4556854223,-0.12165781416406451,50.0,1005.0,293.15,constant_cp_1005_J_kgK,PASS
gsA_m,190.01220703125,29.0,2914331.9421995077,-251684.8341822913,-0.08636107319756423,50.0,1005.0,293.15,constant_cp_1005_J_kgK,PASS
gsA_m,195.00535583496094,29.0,2848859.215350437,-565384.3215204517,-0.1984599022914173,50.0,1005.0,293.15,constant_cp_1005_J_kgK,PASS
gsA_m,200.01158142089844,29.0,2822200.2627305007,-767720.9204456706,-0.2720292144338809,50.0,1005.0,293.15,constant_cp_1005_J_kgK,PASS
gsA_m,205.009521484375,29.0,2813926.3742947527,-536466.8783784676,-0.19064709129531535,50.0,1005.0,293.15,constant_cp_1005_J_kgK,PASS
gsA_m,210.00927734375,29.0,2733247.5798969613,-502435.2529008279,-0.183823542585838,50.0,1005.0,293.15,constant_cp_1005_J_kgK,PASS
gsA_m,215.00802612304688,29.0,2925497.1334123067,25856.804681714857,0.008838431043531877,50.0,1005.0,293.15,constant_cp_1005_J_kgK,PASS
gsA_m,220.00921630859375,29.0,2827014.2770705204,-253490.4250720432,-0.08966718956040128,50.0,1005.0,293.15,constant_cp_1005_J_kgK,PASS
gsA_m,225.00021362304688,29.0,2869099.9687869996,-531095.5271460703,-0.18510875637791285,50.0,1005.0,293.15,constant_cp_1005_J_kgK,PASS
gsA_m,230.0054168701172,29.0,2898235.1835872466,-744327.5967427245,-0.25682097883493504,50.0,1005.0,293.15,constant_cp_1005_J_kgK,PASS
gsA_m,235.0016326904297,29.0,2935135.3457305194,-660533.5145808323,-0.2250436306256376,50.0,1005.0,293.15,constant_cp_1005_J_kgK,PASS
gsA_m,240.0014190673828,29.0,2901346.059089756,-704786.2369706391,-0.2429169849499968,50.0,1005.0,293.15,constant_cp_1005_J_kgK,PASS
gsA_m,245.00535583496094,29.0,2844643.1535996133,-804861.5067917362,-0.2829393577093365,50.0,1005.0,293.15,constant_cp_1005_J_kgK,PASS
gsA_m,250.00656127929688,29.0,2807643.5928154658,-573619.0402793698,-0.2043062166961699,50.0,1005.0,293.15,constant_cp_1005_J_kgK,PASS
gsA_m,255.00221252441406,29.0,2978437.5146835353,-517861.32284342963,-0.17387013166816537,50.0,1005.0,293.15,constant_cp_1005_J_kgK,PASS
gsA_m,260.0101623535156,29.0,2887775.5896820175,-398898.11396833113,-0.13813334920953985,50.0,1005.0,293.15,constant_cp_1005_J_kgK,PASS
gsA_m,265.0076599121094,29.0,2882298.816516205,-862573.5197584452,-0.29926582032914467,50.0,1005.0,293.15,constant_cp_1005_J_kgK,PASS
gsA_m,270.0072326660156,29.0,2989362.5921043884,-814792.298041757,-0.2725638904406629,50.0,1005.0,293.15,constant_cp_1005_J_kgK,PASS
gsA_m,275.0013122558594,29.0,2998853.31897623,-563377.6381103124,-0.18786435286626227,50.0,1005.0,293.15,constant_cp_1005_J_kgK,PASS
gsA_m,280.00921630859375,29.0,2960373.3446215265,-437282.4525907794,-0.14771192741119762,50.0,1005.0,293.15,constant_cp_1005_J_kgK,PASS
gsA_m,285.0030212402344,29.0,2937815.9663781,-388104.12867085263,-0.1321063446834379,50.0,1005.0,293.15,constant_cp_1005_J_kgK,PASS
gsA_m,290.0001220703125,29.0,2894666.7260691673,-526325.7993867917,-0.18182604396103286,50.0,1005.0,293.15,constant_cp_1005_J_kgK,PASS
gsA_m,295.00958251953125,29.0,2966568.3406766327,-376762.21871691174,-0.12700271001711608,50.0,1005.0,293.15,constant_cp_1005_J_kgK,PASS
gsA_m,300.0,29.0,2985661.6000177287,-494551.9198755182,-0.16564232191370296,50.0,1005.0,293.15,constant_cp_1005_J_kgK,PASS
gsA_m,0.0,39.5,0.0,0.0,0.0,50.0,1005.0,293.15,constant_cp_1005_J_kgK,NEAR_ZERO_C_T_REVIEW
gsA_m,5.004563331604004,39.5,2338.556416878191,994.4889463114193,0.42525762437605297,50.0,1005.0,293.15,constant_cp_1005_J_kgK,PASS
gsA_m,10.000277519226074,39.5,8882.066931456811,10639.760103131004,1.1978923583032157,50.0,1005.0,293.15,constant_cp_1005_J_kgK,PASS
gsA_m,15.002864837646484,39.5,274219.178562661,-99307.74352718028,-0.362147330641527,50.0,1005.0,293.15,constant_cp_1005_J_kgK,PASS
gsA_m,20.005905151367188,39.5,1084809.0946092787,-954062.6211888597,-0.8794751315506703,50.0,1005.0,293.15,constant_cp_1005_J_kgK,PASS
gsA_m,25.006208419799805,39.5,1400029.322001358,-897551.6132345176,-0.6410948678928072,50.0,1005.0,293.15,constant_cp_1005_J_kgK,PASS
gsA_m,30.0072078704834,39.5,1638892.5461326796,-1660872.9164197838,-1.0134117214328484,50.0,1005.0,293.15,constant_cp_1005_J_kgK,PASS
gsA_m,35.00959777832031,39.5,1544935.2936486683,-1529643.843018738,-0.9901022064206861,50.0,1005.0,293.15,constant_cp_1005_J_kgK,PASS
gsA_m,40.01047897338867,39.5,1644289.833964353,-871406.4203358297,-0.5299591363615526,50.0,1005.0,293.15,constant_cp_1005_J_kgK,PASS
gsA_m,45.01016616821289,39.5,1635752.1910090984,-1625399.7527773732,-0.9936711451229421,50.0,1005.0,293.15,constant_cp_1005_J_kgK,PASS
gsA_m,50.00878143310547,39.5,1755096.1275621222,-1511699.193236673,-0.8613198841344747,50.0,1005.0,293.15,constant_cp_1005_J_kgK,PASS
gsA_m,55.00791549682617,39.5,1855512.7081678717,-765533.2320360937,-0.41257234653594954,50.0,1005.0,293.15,constant_cp_1005_J_kgK,PASS
gsA_m,60.009437561035156,39.5,1922787.3826265123,-1716477.5160370907,-0.8927027145832397,50.0,1005.0,293.15,constant_cp_1005_J_kgK,PASS
gsA_m,65.00919342041016,39.5,1988356.2085302456,-1773388.4995954721,-0.8918867212964451,50.0,1005.0,293.15,constant_cp_1005_J_kgK,PASS
gsA_m,70.00454711914062,39.5,1958573.2179991235,-1370577.2864581817,-0.699783533167252,50.0,1005.0,293.15,constant_cp_1005_J_kgK,PASS
gsA_m,75.00989532470703,39.5,2149842.2741179373,-1347829.8493010579,-0.6269435974571952,50.0,1005.0,293.15,constant_cp_1005_J_kgK,PASS
gsA_m,80.00159454345703,39.5,2250644.4732077746,-1906835.3390322453,-0.8472396958878585,50.0,1005.0,293.15,constant_cp_1005_J_kgK,PASS
gsA_m,85.00528717041016,39.5,2212752.8026737887,-1508607.4994995587,-0.6817785961796664,50.0,1005.0,293.15,constant_cp_1005_J_kgK,PASS
gsA_m,90.00576782226562,39.5,2327034.708062168,-1013189.3821984048,-0.4353993426432969,50.0,1005.0,293.15,constant_cp_1005_J_kgK,PASS
gsA_m,95.00553894042969,39.5,2368319.8136943765,-1237567.0527488468,-0.5225506477600032,50.0,1005.0,293.15,constant_cp_1005_J_kgK,PASS
gsA_m,100.00667572021484,39.5,2566186.6246781116,-915607.0456707687,-0.35679674925654215,50.0,1005.0,293.15,constant_cp_1005_J_kgK,PASS
gsA_m,105.01087188720703,39.5,2542423.7539323405,-904511.7742805154,-0.35576751235175336,50.0,1005.0,293.15,constant_cp_1005_J_kgK,PASS
gsA_m,110.01018524169922,39.5,2517711.8305546707,-879440.0120284453,-0.3493012986457222,50.0,1005.0,293.15,constant_cp_1005_J_kgK,PASS
gsA_m,115.00437927246094,39.5,2602306.3117586887,-1142182.0544251832,-0.4389114568351003,50.0,1005.0,293.15,constant_cp_1005_J_kgK,PASS
gsA_m,120.00656127929688,39.5,2675270.1904643113,-761573.9955971607,-0.284671805603674,50.0,1005.0,293.15,constant_cp_1005_J_kgK,PASS
gsA_m,125.0086669921875,39.5,2744707.0513763414,-907833.1757499967,-0.33075776713393173,50.0,1005.0,293.15,constant_cp_1005_J_kgK,PASS
gsA_m,130.00900268554688,39.5,2719523.26720241,-847310.2113613088,-0.3115657150574563,50.0,1005.0,293.15,constant_cp_1005_J_kgK,PASS
gsA_m,135.00718688964844,39.5,2718352.3938881774,-962621.8477927013,-0.3541195946327699,50.0,1005.0,293.15,constant_cp_1005_J_kgK,PASS
gsA_m,140.0059356689453,39.5,2740663.762187305,-1010467.4393405754,-0.3686944211405663,50.0,1005.0,293.15,constant_cp_1005_J_kgK,PASS
gsA_m,145.00001525878906,39.5,2759931.524815304,-933734.6428460549,-0.3383180468249264,50.0,1005.0,293.15,constant_cp_1005_J_kgK,PASS
gsA_m,150.01004028320312,39.5,2793059.6799821076,-783785.6619116741,-0.28061901703321096,50.0,1005.0,293.15,constant_cp_1005_J_kgK,PASS
gsA_m,155.00462341308594,39.5,2905525.9754442526,-786605.829420724,-0.27072751579873666,50.0,1005.0,293.15,constant_cp_1005_J_kgK,PASS
gsA_m,160.00454711914062,39.5,2906544.9345854586,-807058.9502540987,-0.27766952461349237,50.0,1005.0,293.15,constant_cp_1005_J_kgK,PASS
gsA_m,165.00534057617188,39.5,3032793.257553178,-825081.9678701197,-0.27205348264846313,50.0,1005.0,293.15,constant_cp_1005_J_kgK,PASS
gsA_m,170.00120544433594,39.5,2929249.766095565,-941299.1467911229,-0.32134478858243365,50.0,1005.0,293.15,constant_cp_1005_J_kgK,PASS
gsA_m,175.012451171875,39.5,2950092.7940308354,-998753.8263084805,-0.338549969793947,50.0,1005.0,293.15,constant_cp_1005_J_kgK,PASS
gsA_m,180.00408935546875,39.5,3041852.8498158795,-783827.6950370735,-0.2576810035648232,50.0,1005.0,293.15,constant_cp_1005_J_kgK,PASS
gsA_m,185.0017547607422,39.5,2981781.1430759327,-670036.8219942234,-0.22471026203587482,50.0,1005.0,293.15,constant_cp_1005_J_kgK,PASS
gsA_m,190.01220703125,39.5,3067060.1514352807,-537530.0435157171,-0.17525904839661233,50.0,1005.0,293.15,constant_cp_1005_J_kgK,PASS
gsA_m,195.00535583496094,39.5,3029796.0943548633,-921889.8744003093,-0.30427456029730204,50.0,1005.0,293.15,constant_cp_1005_J_kgK,PASS
gsA_m,200.01158142089844,39.5,3038831.5021550814,-959463.8441451252,-0.3157344668385501,50.0,1005.0,293.15,constant_cp_1005_J_kgK,PASS
gsA_m,205.009521484375,39.5,3030411.979785681,-904613.4320204931,-0.2985117000773174,50.0,1005.0,293.15,constant_cp_1005_J_kgK,PASS
gsA_m,210.00927734375,39.5,3110198.3298897906,-596868.980724596,-0.19190704817391685,50.0,1005.0,293.15,constant_cp_1005_J_kgK,PASS
gsA_m,215.00802612304688,39.5,3157320.2501952173,-378579.0248243129,-0.11990517110226788,50.0,1005.0,293.15,constant_cp_1005_J_kgK,PASS
gsA_m,220.00921630859375,39.5,3139292.8705714606,-486740.0732592696,-0.15504767899232855,50.0,1005.0,293.15,constant_cp_1005_J_kgK,PASS
gsA_m,225.00021362304688,39.5,3184334.4003330106,-883690.6552055313,-0.2775118891763116,50.0,1005.0,293.15,constant_cp_1005_J_kgK,PASS
gsA_m,230.0054168701172,39.5,3191962.5918687657,-979068.8749709902,-0.30672943268980624,50.0,1005.0,293.15,constant_cp_1005_J_kgK,PASS
gsA_m,235.0016326904297,39.5,3089482.9837118792,-1126767.5561912945,-0.3647107176610929,50.0,1005.0,293.15,constant_cp_1005_J_kgK,PASS
gsA_m,240.0014190673828,39.5,3107546.1422052393,-768648.8144045926,-0.2473491234659925,50.0,1005.0,293.15,constant_cp_1005_J_kgK,PASS
gsA_m,245.00535583496094,39.5,3099936.8030661903,-922723.6210206654,-0.2976588490797575,50.0,1005.0,293.15,constant_cp_1005_J_kgK,PASS
gsA_m,250.00656127929688,39.5,3169625.1073645977,-583401.933559705,-0.1840602322981905,50.0,1005.0,293.15,constant_cp_1005_J_kgK,PASS
gsA_m,255.00221252441406,39.5,3139405.0267770262,-739963.7283434158,-0.23570189957397011,50.0,1005.0,293.15,constant_cp_1005_J_kgK,PASS
gsA_m,260.0101623535156,39.5,3102996.203303866,-543613.0197255877,-0.17518971474950054,50.0,1005.0,293.15,constant_cp_1005_J_kgK,PASS
gsA_m,265.0076599121094,39.5,3146565.802190952,-955420.5526285861,-0.3036391458787631,50.0,1005.0,293.15,constant_cp_1005_J_kgK,PASS
gsA_m,270.0072326660156,39.5,3114414.85532069,-1141679.9818691597,-0.3665792885359202,50.0,1005.0,293.15,constant_cp_1005_J_kgK,PASS
gsA_m,275.0013122558594,39.5,3132903.626615903,-750458.2598981755,-0.23954080601860217,50.0,1005.0,293.15,constant_cp_1005_J_kgK,PASS
gsA_m,280.00921630859375,39.5,3192116.0030931653,-650008.6551372679,-0.20362939645909117,50.0,1005.0,293.15,constant_cp_1005_J_kgK,PASS
gsA_m,285.0030212402344,39.5,3132891.1280397745,-681029.5819421315,-0.21738054535212853,50.0,1005.0,293.15,constant_cp_1005_J_kgK,PASS
gsA_m,290.0001220703125,39.5,3203941.8425612524,-529066.7768658192,-0.1651299564298207,50.0,1005.0,293.15,constant_cp_1005_J_kgK,PASS
gsA_m,295.00958251953125,39.5,3082614.6453306573,-654448.7281393362,-0.21230312687012373,50.0,1005.0,293.15,constant_cp_1005_J_kgK,PASS
gsA_m,300.0,39.5,3108970.605105506,-585129.9089131658,-0.18820696083529187,50.0,1005.0,293.15,constant_cp_1005_J_kgK,PASS
gsA_m,0.0,46.5,0.0,0.0,0.0,50.0,1005.0,293.15,constant_cp_1005_J_kgK,NEAR_ZERO_C_T_REVIEW
gsA_m,5.004563331604004,46.5,31642.64475965255,14960.194362387889,0.4727858393639434,50.0,1005.0,293.15,constant_cp_1005_J_kgK,PASS
gsA_m,10.000277519226074,46.5,748388.4796542281,-258006.73853840365,-0.3447497463584796,50.0,1005.0,293.15,constant_cp_1005_J_kgK,PASS
gsA_m,15.002864837646484,46.5,987577.9065638222,-689032.6022049712,-0.6976994904659117,50.0,1005.0,293.15,constant_cp_1005_J_kgK,PASS
gsA_m,20.005905151367188,46.5,1327647.2742812939,-1409205.9746511998,-1.0614310004997793,50.0,1005.0,293.15,constant_cp_1005_J_kgK,PASS
gsA_m,25.006208419799805,46.5,1393491.7869726224,-1032849.3751373295,-0.7411951651191332,50.0,1005.0,293.15,constant_cp_1005_J_kgK,PASS
gsA_m,30.0072078704834,46.5,1542395.2260635337,-1583575.7022415698,-1.0266990428148142,50.0,1005.0,293.15,constant_cp_1005_J_kgK,PASS
gsA_m,35.00959777832031,46.5,1632676.3789816585,-1713679.407364414,-1.0496136462960763,50.0,1005.0,293.15,constant_cp_1005_J_kgK,PASS
gsA_m,40.01047897338867,46.5,1635236.3393732961,-1095814.5780401402,-0.6701261167300809,50.0,1005.0,293.15,constant_cp_1005_J_kgK,PASS
gsA_m,45.01016616821289,46.5,1832484.233248264,-1794673.2145042948,-0.979366251530063,50.0,1005.0,293.15,constant_cp_1005_J_kgK,PASS
gsA_m,50.00878143310547,46.5,1930193.5462123668,-1811301.062184035,-0.9384038537163093,50.0,1005.0,293.15,constant_cp_1005_J_kgK,PASS
gsA_m,55.00791549682617,46.5,2286235.8342848285,-1015890.8476882372,-0.4443508549965598,50.0,1005.0,293.15,constant_cp_1005_J_kgK,PASS
gsA_m,60.009437561035156,46.5,2285802.355342125,-1877107.4156612908,-0.821202853026344,50.0,1005.0,293.15,constant_cp_1005_J_kgK,PASS
gsA_m,65.00919342041016,46.5,2354179.0962167345,-1869067.5043293545,-0.793935986999895,50.0,1005.0,293.15,constant_cp_1005_J_kgK,PASS
gsA_m,70.00454711914062,46.5,2317368.3022190062,-1222360.8426017128,-0.527478019541061,50.0,1005.0,293.15,constant_cp_1005_J_kgK,PASS
gsA_m,75.00989532470703,46.5,2335631.645594258,-1534863.2548527878,-0.6571512497478043,50.0,1005.0,293.15,constant_cp_1005_J_kgK,PASS
gsA_m,80.00159454345703,46.5,2315424.2125629517,-2045901.5314365504,-0.883596846027594,50.0,1005.0,293.15,constant_cp_1005_J_kgK,PASS
gsA_m,85.00528717041016,46.5,2336096.964512021,-1702398.1520820106,-0.7287360832805234,50.0,1005.0,293.15,constant_cp_1005_J_kgK,PASS
gsA_m,90.00576782226562,46.5,2384112.3433040697,-1093738.3893141197,-0.4587612628179845,50.0,1005.0,293.15,constant_cp_1005_J_kgK,PASS
gsA_m,95.00553894042969,46.5,2478690.1109722396,-1474339.0533899202,-0.5948057189011118,50.0,1005.0,293.15,constant_cp_1005_J_kgK,PASS
gsA_m,100.00667572021484,46.5,2509998.7563296836,-1284793.0114534968,-0.5118699793031855,50.0,1005.0,293.15,constant_cp_1005_J_kgK,PASS
gsA_m,105.01087188720703,46.5,2655333.885080735,-1115088.0872197628,-0.4199427023038417,50.0,1005.0,293.15,constant_cp_1005_J_kgK,PASS
gsA_m,110.01018524169922,46.5,2812731.888438235,-1133443.1335920305,-0.40296877859246394,50.0,1005.0,293.15,constant_cp_1005_J_kgK,PASS
gsA_m,115.00437927246094,46.5,2771763.4031045204,-1085075.3273321306,-0.39147472909007636,50.0,1005.0,293.15,constant_cp_1005_J_kgK,PASS
gsA_m,120.00656127929688,46.5,2831383.4697718928,-962240.6630800869,-0.3398482308571253,50.0,1005.0,293.15,constant_cp_1005_J_kgK,PASS
gsA_m,125.0086669921875,46.5,2882022.1031917394,-1110140.9579455415,-0.3851951574958771,50.0,1005.0,293.15,constant_cp_1005_J_kgK,PASS
gsA_m,130.00900268554688,46.5,2886663.086288731,-989429.0087152086,-0.3427587422359283,50.0,1005.0,293.15,constant_cp_1005_J_kgK,PASS
gsA_m,135.00718688964844,46.5,2950129.0505820904,-1158910.6006893374,-0.39283386618652233,50.0,1005.0,293.15,constant_cp_1005_J_kgK,PASS
gsA_m,140.0059356689453,46.5,2906169.7046105256,-1103674.5653062654,-0.3797694826820774,50.0,1005.0,293.15,constant_cp_1005_J_kgK,PASS
gsA_m,145.00001525878906,46.5,3041920.5376418266,-1008123.6927582128,-0.3314102654172996,50.0,1005.0,293.15,constant_cp_1005_J_kgK,PASS
gsA_m,150.01004028320312,46.5,2944730.8311806344,-931560.9233250925,-0.31634841237818684,50.0,1005.0,293.15,constant_cp_1005_J_kgK,PASS
gsA_m,155.00462341308594,46.5,3009011.0751970727,-864793.0974954716,-0.28740110151931975,50.0,1005.0,293.15,constant_cp_1005_J_kgK,PASS
gsA_m,160.00454711914062,46.5,3060284.494740409,-1122381.8397049054,-0.3667573526689753,50.0,1005.0,293.15,constant_cp_1005_J_kgK,PASS
gsA_m,165.00534057617188,46.5,3140164.4250302194,-1123160.5945948812,-0.35767572730974817,50.0,1005.0,293.15,constant_cp_1005_J_kgK,PASS
gsA_m,170.00120544433594,46.5,3103772.6532434905,-1081689.7391652977,-0.34850804489011616,50.0,1005.0,293.15,constant_cp_1005_J_kgK,PASS
gsA_m,175.012451171875,46.5,3140117.969539048,-969846.5289397787,-0.3088567175971884,50.0,1005.0,293.15,constant_cp_1005_J_kgK,PASS
gsA_m,180.00408935546875,46.5,3149112.563716585,-859315.387473,-0.2728754117505521,50.0,1005.0,293.15,constant_cp_1005_J_kgK,PASS
gsA_m,185.0017547607422,46.5,3178255.8484303206,-650302.3864320219,-0.20460982924115234,50.0,1005.0,293.15,constant_cp_1005_J_kgK,PASS
gsA_m,190.01220703125,46.5,3213403.4924333515,-801664.0779099227,-0.24947507519600717,50.0,1005.0,293.15,constant_cp_1005_J_kgK,PASS
gsA_m,195.00535583496094,46.5,3299353.101154627,-883194.0457880562,-0.26768703400644733,50.0,1005.0,293.15,constant_cp_1005_J_kgK,PASS
gsA_m,200.01158142089844,46.5,3179909.912264155,-1224924.6927927718,-0.38520735699729375,50.0,1005.0,293.15,constant_cp_1005_J_kgK,PASS
gsA_m,205.009521484375,46.5,3260296.0893950993,-1167775.6509004207,-0.358180858081845,50.0,1005.0,293.15,constant_cp_1005_J_kgK,PASS
gsA_m,210.00927734375,46.5,3231747.83305366,-769640.006911023,-0.2381497711669522,50.0,1005.0,293.15,constant_cp_1005_J_kgK,PASS
gsA_m,215.00802612304688,46.5,3266181.686820094,-554747.4272474395,-0.1698458568566445,50.0,1005.0,293.15,constant_cp_1005_J_kgK,PASS
gsA_m,220.00921630859375,46.5,3304866.47406794,-584932.2655319795,-0.17699119468871907,50.0,1005.0,293.15,constant_cp_1005_J_kgK,PASS
gsA_m,225.00021362304688,46.5,3379697.611387577,-947362.3922948986,-0.2803098091092081,50.0,1005.0,293.15,constant_cp_1005_J_kgK,PASS
gsA_m,230.0054168701172,46.5,3334231.661719528,-1079525.1396274604,-0.3237702862766074,50.0,1005.0,293.15,constant_cp_1005_J_kgK,PASS
gsA_m,235.0016326904297,46.5,3332806.873717769,-1253255.1861267101,-0.37603594615990904,50.0,1005.0,293.15,constant_cp_1005_J_kgK,PASS
gsA_m,240.0014190673828,46.5,3353721.585161253,-882157.1770716906,-0.26303828587764977,50.0,1005.0,293.15,constant_cp_1005_J_kgK,PASS
gsA_m,245.00535583496094,46.5,3313670.583484737,-907197.2272737029,-0.2737741137562539,50.0,1005.0,293.15,constant_cp_1005_J_kgK,PASS
gsA_m,250.00656127929688,46.5,3264413.33946542,-743362.9631229728,-0.2277171686979767,50.0,1005.0,293.15,constant_cp_1005_J_kgK,PASS
gsA_m,255.00221252441406,46.5,3262944.856675798,-917045.9303990724,-0.28104855297289155,50.0,1005.0,293.15,constant_cp_1005_J_kgK,PASS
gsA_m,260.0101623535156,46.5,3354108.471148042,-745115.6322467378,-0.22215012980534285,50.0,1005.0,293.15,constant_cp_1005_J_kgK,PASS
gsA_m,265.0076599121094,46.5,3396727.4725441197,-1067300.5319793997,-0.3142143550244849,50.0,1005.0,293.15,constant_cp_1005_J_kgK,PASS
gsA_m,270.0072326660156,46.5,3320559.9004155444,-1299651.8891474018,-0.3913954056316705,50.0,1005.0,293.15,constant_cp_1005_J_kgK,PASS
gsA_m,275.0013122558594,46.5,3282909.2258296385,-865212.4468859942,-0.26355052405305,50.0,1005.0,293.15,constant_cp_1005_J_kgK,PASS
gsA_m,280.00921630859375,46.5,3332488.4187614843,-791324.1065855799,-0.23745742134632067,50.0,1005.0,293.15,constant_cp_1005_J_kgK,PASS
gsA_m,285.0030212402344,46.5,3441546.190548404,-711015.4783494379,-0.20659768574430748,50.0,1005.0,293.15,constant_cp_1005_J_kgK,PASS
gsA_m,290.0001220703125,46.5,3428251.387956204,-752312.4814661276,-0.21944495788992538,50.0,1005.0,293.15,constant_cp_1005_J_kgK,PASS
gsA_m,295.00958251953125,46.5,3376924.4516217657,-617967.4858125448,-0.1829971308703001,50.0,1005.0,293.15,constant_cp_1005_J_kgK,PASS
gsA_m,300.0,46.5,3432752.000987051,-938319.6063705119,-0.27334325523682107,50.0,1005.0,293.15,constant_cp_1005_J_kgK,PASS
gsA_m,0.0,50.0,0.0,0.0,0.0,50.0,1005.0,293.15,constant_cp_1005_J_kgK,NEAR_ZERO_C_T_REVIEW
gsA_m,5.004563331604004,50.0,2154569.257662689,1487290.935348031,0.690296183359391,50.0,1005.0,293.15,constant_cp_1005_J_kgK,PASS
gsA_m,10.000277519226074,50.0,1917712.8793723937,1948739.816502213,1.0161791358151449,50.0,1005.0,293.15,constant_cp_1005_J_kgK,PASS
gsA_m,15.002864837646484,50.0,2055825.7133735912,1420667.967009506,0.691044944991082,50.0,1005.0,293.15,constant_cp_1005_J_kgK,PASS
gsA_m,20.005905151367188,50.0,2392932.1116952766,536425.7277845461,0.22417089275654972,50.0,1005.0,293.15,constant_cp_1005_J_kgK,PASS
gsA_m,25.006208419799805,50.0,2565456.1748907277,1272444.4283973796,0.495991489097091,50.0,1005.0,293.15,constant_cp_1005_J_kgK,PASS
gsA_m,30.0072078704834,50.0,2670017.6699053613,768644.6066142013,0.28787996996343684,50.0,1005.0,293.15,constant_cp_1005_J_kgK,PASS
gsA_m,35.00959777832031,50.0,2804209.9425133336,1013771.2483507751,0.3615176000132716,50.0,1005.0,293.15,constant_cp_1005_J_kgK,PASS
gsA_m,40.01047897338867,50.0,2908967.9882662017,1030007.3943976727,0.35408000313251153,50.0,1005.0,293.15,constant_cp_1005_J_kgK,PASS
gsA_m,45.01016616821289,50.0,2905953.0509030693,138503.8920369614,0.04766212310068779,50.0,1005.0,293.15,constant_cp_1005_J_kgK,PASS
gsA_m,50.00878143310547,50.0,2966877.3434634507,719867.2458476368,0.24263465000790477,50.0,1005.0,293.15,constant_cp_1005_J_kgK,PASS
gsA_m,55.00791549682617,50.0,2743954.326484573,1409384.1483767354,0.5136325101235822,50.0,1005.0,293.15,constant_cp_1005_J_kgK,PASS
gsA_m,60.009437561035156,50.0,2979588.1434153356,32919.96572588803,0.011048495342766971,50.0,1005.0,293.15,constant_cp_1005_J_kgK,PASS
gsA_m,65.00919342041016,50.0,3008002.991880222,204086.17749203276,0.06784773088422491,50.0,1005.0,293.15,constant_cp_1005_J_kgK,PASS
gsA_m,70.00454711914062,50.0,3037701.3641433017,949563.6754032811,0.3125928330585184,50.0,1005.0,293.15,constant_cp_1005_J_kgK,PASS
gsA_m,75.00989532470703,50.0,3144147.3792979466,819110.8595320361,0.2605192316763899,50.0,1005.0,293.15,constant_cp_1005_J_kgK,PASS
gsA_m,80.00159454345703,50.0,3114300.630630116,43763.61277747899,0.01405246890651796,50.0,1005.0,293.15,constant_cp_1005_J_kgK,PASS
gsA_m,85.00528717041016,50.0,3015699.392024714,562912.776589171,0.18666077198471567,50.0,1005.0,293.15,constant_cp_1005_J_kgK,PASS
gsA_m,90.00576782226562,50.0,3078656.630922017,1214208.2477611057,0.39439547611955217,50.0,1005.0,293.15,constant_cp_1005_J_kgK,PASS
gsA_m,95.00553894042969,50.0,3281747.0133810285,872215.7254711031,0.2657778682862273,50.0,1005.0,293.15,constant_cp_1005_J_kgK,PASS
gsA_m,100.00667572021484,50.0,3280430.954591291,717372.6452661287,0.21868243995871756,50.0,1005.0,293.15,constant_cp_1005_J_kgK,PASS
gsA_m,105.01087188720703,50.0,3297854.3704517577,1427546.076506042,0.43287116899297423,50.0,1005.0,293.15,constant_cp_1005_J_kgK,PASS
gsA_m,110.01018524169922,50.0,3416460.713639136,1113721.4101827075,0.32598689214734056,50.0,1005.0,293.15,constant_cp_1005_J_kgK,PASS
gsA_m,115.00437927246094,50.0,3393721.6478446657,1473471.017974812,0.43417556619901493,50.0,1005.0,293.15,constant_cp_1005_J_kgK,PASS
gsA_m,120.00656127929688,50.0,3298909.0020751804,1154299.7280060195,0.34990347635533636,50.0,1005.0,293.15,constant_cp_1005_J_kgK,PASS
gsA_m,125.0086669921875,50.0,3502575.6219092314,1283826.0662074136,0.3665377153249322,50.0,1005.0,293.15,constant_cp_1005_J_kgK,PASS
gsA_m,130.00900268554688,50.0,3462854.221532318,1342697.544602794,0.3877430173796482,50.0,1005.0,293.15,constant_cp_1005_J_kgK,PASS
gsA_m,135.00718688964844,50.0,3591508.4597722366,1281927.2678975947,0.3569328270436235,50.0,1005.0,293.15,constant_cp_1005_J_kgK,PASS
gsA_m,140.0059356689453,50.0,3759056.1583387014,1003410.1474679234,0.2669314065026833,50.0,1005.0,293.15,constant_cp_1005_J_kgK,PASS
gsA_m,145.00001525878906,50.0,3578396.0854579667,1612980.8977894345,0.4507552711518807,50.0,1005.0,293.15,constant_cp_1005_J_kgK,PASS
gsA_m,150.01004028320312,50.0,3553581.824632652,1337931.7518031965,0.37650230607578694,50.0,1005.0,293.15,constant_cp_1005_J_kgK,PASS
gsA_m,155.00462341308594,50.0,3614775.5257027755,1732187.8967119495,0.47919653223146724,50.0,1005.0,293.15,constant_cp_1005_J_kgK,PASS
gsA_m,160.00454711914062,50.0,3528245.401826309,1284539.8865164067,0.36407328295574226,50.0,1005.0,293.15,constant_cp_1005_J_kgK,PASS
gsA_m,165.00534057617188,50.0,3667508.0468778685,1132764.206213634,0.3088648182184495,50.0,1005.0,293.15,constant_cp_1005_J_kgK,PASS
gsA_m,170.00120544433594,50.0,3862317.656149655,1382217.078836252,0.3578724491071985,50.0,1005.0,293.15,constant_cp_1005_J_kgK,PASS
gsA_m,175.012451171875,50.0,3653580.762092149,1160243.4266162002,0.3175633719813573,50.0,1005.0,293.15,constant_cp_1005_J_kgK,PASS
gsA_m,180.00408935546875,50.0,3713326.274389675,1484868.5031760172,0.39987558147447494,50.0,1005.0,293.15,constant_cp_1005_J_kgK,PASS
gsA_m,185.0017547607422,50.0,3642375.25963947,1787441.7489432604,0.49073519929415094,50.0,1005.0,293.15,constant_cp_1005_J_kgK,PASS
gsA_m,190.01220703125,50.0,3635834.492199152,1230067.8856728706,0.33831789876905477,50.0,1005.0,293.15,constant_cp_1005_J_kgK,PASS
gsA_m,195.00535583496094,50.0,3871033.6420533415,1594783.989345477,0.41197885030509407,50.0,1005.0,293.15,constant_cp_1005_J_kgK,PASS
gsA_m,200.01158142089844,50.0,3845359.3715212867,1191504.889409,0.30985527600704355,50.0,1005.0,293.15,constant_cp_1005_J_kgK,PASS
gsA_m,205.009521484375,50.0,3904867.118193334,1474830.4020412648,0.3776902919870996,50.0,1005.0,293.15,constant_cp_1005_J_kgK,PASS
gsA_m,210.00927734375,50.0,3713994.8661051868,1351840.4654149665,0.36398555037116187,50.0,1005.0,293.15,constant_cp_1005_J_kgK,PASS
gsA_m,215.00802612304688,50.0,3749166.112612001,1630273.124589497,0.43483619440209437,50.0,1005.0,293.15,constant_cp_1005_J_kgK,PASS
gsA_m,220.00921630859375,50.0,3866386.688989268,1543377.8071672819,0.39917833660107693,50.0,1005.0,293.15,constant_cp_1005_J_kgK,PASS
gsA_m,225.00021362304688,50.0,4094900.89570563,1584729.7132905098,0.38700074889539665,50.0,1005.0,293.15,constant_cp_1005_J_kgK,PASS
gsA_m,230.0054168701172,50.0,3963533.521695703,1391687.2496768176,0.3511228660131067,50.0,1005.0,293.15,constant_cp_1005_J_kgK,PASS
gsA_m,235.0016326904297,50.0,3752150.604255161,1238077.3873785576,0.3299647370162872,50.0,1005.0,293.15,constant_cp_1005_J_kgK,PASS
gsA_m,240.0014190673828,50.0,3949066.5469352994,1409278.3610485652,0.3568636649443766,50.0,1005.0,293.15,constant_cp_1005_J_kgK,PASS
gsA_m,245.00535583496094,50.0,3928811.4191327784,1565715.545020097,0.3985214300170465,50.0,1005.0,293.15,constant_cp_1005_J_kgK,PASS
gsA_m,250.00656127929688,50.0,3876955.113365068,1687191.5646887529,0.4351847043244012,50.0,1005.0,293.15,constant_cp_1005_J_kgK,PASS
gsA_m,255.00221252441406,50.0,3830648.0256581334,1296285.0933927041,0.33839838186908144,50.0,1005.0,293.15,constant_cp_1005_J_kgK,PASS
gsA_m,260.0101623535156,50.0,3907020.886195492,1615485.2363286922,0.41348262100072614,50.0,1005.0,293.15,constant_cp_1005_J_kgK,PASS
gsA_m,265.0076599121094,50.0,3942502.5095994356,1140628.237286963,0.2893157923196484,50.0,1005.0,293.15,constant_cp_1005_J_kgK,PASS
gsA_m,270.0072326660156,50.0,3964364.1518514818,1410148.156572449,0.35570601048691897,50.0,1005.0,293.15,constant_cp_1005_J_kgK,PASS
gsA_m,275.0013122558594,50.0,3918960.829274852,1421770.2568573407,0.36279266846370056,50.0,1005.0,293.15,constant_cp_1005_J_kgK,PASS
gsA_m,280.00921630859375,50.0,3841393.3915970502,1627166.6563739623,0.42358761274837076,50.0,1005.0,293.15,constant_cp_1005_J_kgK,PASS
gsA_m,285.0030212402344,50.0,3831956.10887372,1796115.3181560286,0.4687202220288318,50.0,1005.0,293.15,constant_cp_1005_J_kgK,PASS
gsA_m,290.0001220703125,50.0,3779375.9495477397,1649718.801955447,0.43650560938581956,50.0,1005.0,293.15,constant_cp_1005_J_kgK,PASS
gsA_m,295.00958251953125,50.0,3880729.123452164,1765591.3385355514,0.45496381797576774,50.0,1005.0,293.15,constant_cp_1005_J_kgK,PASS
gsA_m,300.0,50.0,3938020.6186979245,1384532.520735317,0.35158082061873547,50.0,1005.0,293.15,constant_cp_1005_J_kgK,PASS
gsA_m,0.0,53.5,0.0,0.0,0.0,50.0,1005.0,293.15,constant_cp_1005_J_kgK,NEAR_ZERO_C_T_REVIEW
gsA_m,5.004563331604004,53.5,74300.0716981526,97439.60841930684,1.31143357189692,50.0,1005.0,293.15,constant_cp_1005_J_kgK,PASS
gsA_m,10.000277519226074,53.5,1703702.7148708627,3811481.69707852,2.237175338050348,50.0,1005.0,293.15,constant_cp_1005_J_kgK,PASS
gsA_m,15.002864837646484,53.5,3860989.640099808,4844830.565002179,1.2548157380906457,50.0,1005.0,293.15,constant_cp_1005_J_kgK,PASS
gsA_m,20.005905151367188,53.5,4107606.695431801,4258157.13960731,1.0366516210870287,50.0,1005.0,293.15,constant_cp_1005_J_kgK,PASS
gsA_m,25.006208419799805,53.5,4374535.665582482,6556287.594710568,1.4987390881947646,50.0,1005.0,293.15,constant_cp_1005_J_kgK,PASS
gsA_m,30.0072078704834,53.5,3643651.2306557614,3533076.3942940757,0.9696527385960082,50.0,1005.0,293.15,constant_cp_1005_J_kgK,PASS
gsA_m,35.00959777832031,53.5,4035422.87028467,5115786.0100612575,1.2677199328308248,50.0,1005.0,293.15,constant_cp_1005_J_kgK,PASS
gsA_m,40.01047897338867,53.5,3991472.2086603157,5969493.191252205,1.4955617574638667,50.0,1005.0,293.15,constant_cp_1005_J_kgK,PASS
gsA_m,45.01016616821289,53.5,3997088.0356494477,3768781.0887216944,0.9428816816413554,50.0,1005.0,293.15,constant_cp_1005_J_kgK,PASS
gsA_m,50.00878143310547,53.5,4304545.181188678,4811651.131080353,1.1178070919333778,50.0,1005.0,293.15,constant_cp_1005_J_kgK,PASS
gsA_m,55.00791549682617,53.5,4213554.41457242,5091001.286444267,1.2082438686058568,50.0,1005.0,293.15,constant_cp_1005_J_kgK,PASS
gsA_m,60.009437561035156,53.5,4249274.558633585,3905287.0610381006,0.9190479473969082,50.0,1005.0,293.15,constant_cp_1005_J_kgK,PASS
gsA_m,65.00919342041016,53.5,4507247.948921705,5014821.214376782,1.112612678780298,50.0,1005.0,293.15,constant_cp_1005_J_kgK,PASS
gsA_m,70.00454711914062,53.5,3989747.3869880657,5015982.588460866,1.2572180897516732,50.0,1005.0,293.15,constant_cp_1005_J_kgK,PASS
gsA_m,75.00989532470703,53.5,4224000.395675304,4839608.098226026,1.145740446232203,50.0,1005.0,293.15,constant_cp_1005_J_kgK,PASS
gsA_m,80.00159454345703,53.5,4401340.944056033,4439517.605183249,1.008673870443682,50.0,1005.0,293.15,constant_cp_1005_J_kgK,PASS
gsA_m,85.00528717041016,53.5,4498278.303968796,6007429.606110471,1.3354953162435863,50.0,1005.0,293.15,constant_cp_1005_J_kgK,PASS
gsA_m,90.00576782226562,53.5,4226131.227211917,5315451.91117535,1.2577583670259296,50.0,1005.0,293.15,constant_cp_1005_J_kgK,PASS
gsA_m,95.00553894042969,53.5,4292996.032696748,4463405.037915981,1.0396946570463486,50.0,1005.0,293.15,constant_cp_1005_J_kgK,PASS
gsA_m,100.00667572021484,53.5,4549369.674033415,5054127.345129831,1.11095112230106,50.0,1005.0,293.15,constant_cp_1005_J_kgK,PASS
gsA_m,105.01087188720703,53.5,4603123.4844425,5410688.282631626,1.1754384389031727,50.0,1005.0,293.15,constant_cp_1005_J_kgK,PASS
gsA_m,110.01018524169922,53.5,4412250.1154002035,5018479.105799108,1.1373967872498807,50.0,1005.0,293.15,constant_cp_1005_J_kgK,PASS
gsA_m,115.00437927246094,53.5,4398837.354041943,5381404.285981343,1.2233696890467094,50.0,1005.0,293.15,constant_cp_1005_J_kgK,PASS
gsA_m,120.00656127929688,53.5,4338075.361120905,5236984.8864112105,1.2072139025860624,50.0,1005.0,293.15,constant_cp_1005_J_kgK,PASS
gsA_m,125.0086669921875,53.5,4351218.41505919,4614010.744208074,1.0603951132950213,50.0,1005.0,293.15,constant_cp_1005_J_kgK,PASS
gsA_m,130.00900268554688,53.5,4531099.9162682695,5441191.337756194,1.2008544146688025,50.0,1005.0,293.15,constant_cp_1005_J_kgK,PASS
gsA_m,135.00718688964844,53.5,4239706.078260514,4327578.960432503,1.0207261731237844,50.0,1005.0,293.15,constant_cp_1005_J_kgK,PASS
gsA_m,140.0059356689453,53.5,4565796.25423665,4959751.077359069,1.0862839253409224,50.0,1005.0,293.15,constant_cp_1005_J_kgK,PASS
gsA_m,145.00001525878906,53.5,4664386.229473796,5805354.892637445,1.244612818714278,50.0,1005.0,293.15,constant_cp_1005_J_kgK,PASS
gsA_m,150.01004028320312,53.5,4828401.505355134,5842391.418293175,1.2100053013017733,50.0,1005.0,293.15,constant_cp_1005_J_kgK,PASS
gsA_m,155.00462341308594,53.5,4577173.680135197,5253127.281269354,1.1476792554470403,50.0,1005.0,293.15,constant_cp_1005_J_kgK,PASS
gsA_m,160.00454711914062,53.5,4569280.790895171,4897942.909506335,1.071928632459196,50.0,1005.0,293.15,constant_cp_1005_J_kgK,PASS
gsA_m,165.00534057617188,53.5,4458996.846130135,4961947.2911277255,1.1127945280863092,50.0,1005.0,293.15,constant_cp_1005_J_kgK,PASS
gsA_m,170.00120544433594,53.5,4743380.1796038225,5323493.814730692,1.1222996287797704,50.0,1005.0,293.15,constant_cp_1005_J_kgK,PASS
gsA_m,175.012451171875,53.5,4623524.529558085,4888631.249584779,1.0573386641147617,50.0,1005.0,293.15,constant_cp_1005_J_kgK,PASS
gsA_m,180.00408935546875,53.5,4840343.641102437,5796040.123874569,1.1974439324218025,50.0,1005.0,293.15,constant_cp_1005_J_kgK,PASS
gsA_m,185.0017547607422,53.5,4613314.902939745,5576229.629370832,1.2087251242739763,50.0,1005.0,293.15,constant_cp_1005_J_kgK,PASS
gsA_m,190.01220703125,53.5,4445107.1720197005,4887730.486034253,1.099575397596868,50.0,1005.0,293.15,constant_cp_1005_J_kgK,PASS
gsA_m,195.00535583496094,53.5,4618283.712959161,5357835.9974614475,1.1601357409955262,50.0,1005.0,293.15,constant_cp_1005_J_kgK,PASS
gsA_m,200.01158142089844,53.5,4704332.3475431735,5452788.981165936,1.1590994382047946,50.0,1005.0,293.15,constant_cp_1005_J_kgK,PASS
gsA_m,205.009521484375,53.5,4746352.813965537,5196582.554545976,1.0948580432654933,50.0,1005.0,293.15,constant_cp_1005_J_kgK,PASS
gsA_m,210.00927734375,53.5,4589577.773433892,5072662.5997487195,1.1052569212599672,50.0,1005.0,293.15,constant_cp_1005_J_kgK,PASS
gsA_m,215.00802612304688,53.5,4523303.037058402,5500222.806848884,1.2159748665492445,50.0,1005.0,293.15,constant_cp_1005_J_kgK,PASS
gsA_m,220.00921630859375,53.5,4598845.243892651,5050459.474114286,1.0982016585188175,50.0,1005.0,293.15,constant_cp_1005_J_kgK,PASS
gsA_m,225.00021362304688,53.5,4785714.618224982,5374584.630002048,1.1230474565981279,50.0,1005.0,293.15,constant_cp_1005_J_kgK,PASS
gsA_m,230.0054168701172,53.5,4959539.25347512,5466482.337698185,1.102215762052463,50.0,1005.0,293.15,constant_cp_1005_J_kgK,PASS
gsA_m,235.0016326904297,53.5,4540502.5349307535,4885247.7251636125,1.0759266595670154,50.0,1005.0,293.15,constant_cp_1005_J_kgK,PASS
gsA_m,240.0014190673828,53.5,4650809.422114335,5029422.731116485,1.0814080463503544,50.0,1005.0,293.15,constant_cp_1005_J_kgK,PASS
gsA_m,245.00535583496094,53.5,4690304.441719913,5397572.408952779,1.1507936160693042,50.0,1005.0,293.15,constant_cp_1005_J_kgK,PASS
gsA_m,250.00656127929688,53.5,4669511.49196529,5544384.891175922,1.187358656406779,50.0,1005.0,293.15,constant_cp_1005_J_kgK,PASS
gsA_m,255.00221252441406,53.5,4550378.871271485,4660899.741938465,1.0242882787991006,50.0,1005.0,293.15,constant_cp_1005_J_kgK,PASS
gsA_m,260.0101623535156,53.5,4825669.499332309,5790442.709470658,1.1999252560234048,50.0,1005.0,293.15,constant_cp_1005_J_kgK,PASS
gsA_m,265.0076599121094,53.5,4471815.580334332,4500544.277795779,1.0064243922731935,50.0,1005.0,293.15,constant_cp_1005_J_kgK,PASS
gsA_m,270.0072326660156,53.5,4663603.922412678,5005832.644509929,1.073382887524505,50.0,1005.0,293.15,constant_cp_1005_J_kgK,PASS
gsA_m,275.0013122558594,53.5,4674763.81818121,5649613.083825182,1.208534442286167,50.0,1005.0,293.15,constant_cp_1005_J_kgK,PASS
gsA_m,280.00921630859375,53.5,4876654.190411318,5929438.596662969,1.2158825221443175,50.0,1005.0,293.15,constant_cp_1005_J_kgK,PASS
gsA_m,285.0030212402344,53.5,4678244.159310951,4892953.252121748,1.045895230240061,50.0,1005.0,293.15,constant_cp_1005_J_kgK,PASS
gsA_m,290.0001220703125,53.5,4664997.361667087,5199934.374863204,1.114670378506913,50.0,1005.0,293.15,constant_cp_1005_J_kgK,PASS
gsA_m,295.00958251953125,53.5,4822811.213325389,5863606.873838238,1.215806842622647,50.0,1005.0,293.15,constant_cp_1005_J_kgK,PASS
gsA_m,300.0,53.5,4812262.888036481,5190492.7444724925,1.0785970894018089,50.0,1005.0,293.15,constant_cp_1005_J_kgK,PASS
gsA_m,0.0,60.5,0.0,0.0,0.0,50.0,1005.0,293.15,constant_cp_1005_J_kgK,NEAR_ZERO_C_T_REVIEW
gsA_m,5.004563331604004,60.5,2726.67428980032,1582.451344492376,0.5803595062348579,50.0,1005.0,293.15,constant_cp_1005_J_kgK,PASS
gsA_m,10.000277519226074,60.5,773132.8318105509,2093544.3894519755,2.7078715368344057,50.0,1005.0,293.15,constant_cp_1005_J_kgK,PASS
gsA_m,15.002864837646484,60.5,1604429.627237458,4002609.09752868,2.494724000092455,50.0,1005.0,293.15,constant_cp_1005_J_kgK,PASS
gsA_m,20.005905151367188,60.5,1865878.4631893632,3603085.4864432993,1.9310397528703507,50.0,1005.0,293.15,constant_cp_1005_J_kgK,PASS
gsA_m,25.006208419799805,60.5,2314539.032586269,5772529.18549125,2.494029741654871,50.0,1005.0,293.15,constant_cp_1005_J_kgK,PASS
gsA_m,30.0072078704834,60.5,2522290.7478193454,4360399.538103707,1.7287458005677985,50.0,1005.0,293.15,constant_cp_1005_J_kgK,PASS
gsA_m,35.00959777832031,60.5,2388761.2230711104,3738495.688658656,1.5650353214676929,50.0,1005.0,293.15,constant_cp_1005_J_kgK,PASS
gsA_m,40.01047897338867,60.5,2836598.7409240426,6130925.980052631,2.161365261713201,50.0,1005.0,293.15,constant_cp_1005_J_kgK,PASS
gsA_m,45.01016616821289,60.5,2814688.0814098213,4082485.8474930907,1.450422117625287,50.0,1005.0,293.15,constant_cp_1005_J_kgK,PASS
gsA_m,50.00878143310547,60.5,2900372.423486925,4108594.8663860797,1.4165749312450666,50.0,1005.0,293.15,constant_cp_1005_J_kgK,PASS
gsA_m,55.00791549682617,60.5,3298607.279425795,6472837.249780841,1.9622939930295666,50.0,1005.0,293.15,constant_cp_1005_J_kgK,PASS
gsA_m,60.009437561035156,60.5,3048324.205185461,4327417.600887447,1.419605432232614,50.0,1005.0,293.15,constant_cp_1005_J_kgK,PASS
gsA_m,65.00919342041016,60.5,3206455.641330242,4425845.310261277,1.3802920749045986,50.0,1005.0,293.15,constant_cp_1005_J_kgK,PASS
gsA_m,70.00454711914062,60.5,3247254.4937217734,5951402.8606975,1.8327491338310296,50.0,1005.0,293.15,constant_cp_1005_J_kgK,PASS
gsA_m,75.00989532470703,60.5,3278625.9063983844,5354429.572969656,1.6331322102104566,50.0,1005.0,293.15,constant_cp_1005_J_kgK,PASS
gsA_m,80.00159454345703,60.5,3088134.694823895,3894664.1050746944,1.261170411900311,50.0,1005.0,293.15,constant_cp_1005_J_kgK,PASS
gsA_m,85.00528717041016,60.5,3448710.2043258986,5022766.314138767,1.456418781676247,50.0,1005.0,293.15,constant_cp_1005_J_kgK,PASS
gsA_m,90.00576782226562,60.5,3334489.486640552,6012679.605016889,1.8031784562843447,50.0,1005.0,293.15,constant_cp_1005_J_kgK,PASS
gsA_m,95.00553894042969,60.5,3323507.7223814125,4940009.833736118,1.4863843403969654,50.0,1005.0,293.15,constant_cp_1005_J_kgK,PASS
gsA_m,100.00667572021484,60.5,3513361.6053114515,5122403.285946273,1.4579778176554026,50.0,1005.0,293.15,constant_cp_1005_J_kgK,PASS
gsA_m,105.01087188720703,60.5,3448809.120051997,5533526.825808067,1.604474655797894,50.0,1005.0,293.15,constant_cp_1005_J_kgK,PASS
gsA_m,110.01018524169922,60.5,3568885.2568868794,5562294.365306955,1.5585523111378803,50.0,1005.0,293.15,constant_cp_1005_J_kgK,PASS
gsA_m,115.00437927246094,60.5,3625638.732713974,5497296.423052748,1.516228402309058,50.0,1005.0,293.15,constant_cp_1005_J_kgK,PASS
gsA_m,120.00656127929688,60.5,3550709.70448705,5184502.535931664,1.4601313448350846,50.0,1005.0,293.15,constant_cp_1005_J_kgK,PASS
gsA_m,125.0086669921875,60.5,3859444.0441836324,5893194.552779962,1.5269542673280334,50.0,1005.0,293.15,constant_cp_1005_J_kgK,PASS
gsA_m,130.00900268554688,60.5,3965606.3642685683,5936432.232255824,1.496979701703389,50.0,1005.0,293.15,constant_cp_1005_J_kgK,PASS
gsA_m,135.00718688964844,60.5,3821565.154631218,5489673.489967902,1.4364987296671266,50.0,1005.0,293.15,constant_cp_1005_J_kgK,PASS
gsA_m,140.0059356689453,60.5,3725746.067799539,5250481.670133096,1.4092430279968273,50.0,1005.0,293.15,constant_cp_1005_J_kgK,PASS
gsA_m,145.00001525878906,60.5,3831394.661409557,5549128.844536882,1.4483313088125918,50.0,1005.0,293.15,constant_cp_1005_J_kgK,PASS
gsA_m,150.01004028320312,60.5,3673317.295584246,5745977.21204231,1.5642474498322376,50.0,1005.0,293.15,constant_cp_1005_J_kgK,PASS
gsA_m,155.00462341308594,60.5,3712697.9531672387,5427601.7580311,1.4619023218414267,50.0,1005.0,293.15,constant_cp_1005_J_kgK,PASS
gsA_m,160.00454711914062,60.5,3757530.4697418576,5418812.690950731,1.4421207584573499,50.0,1005.0,293.15,constant_cp_1005_J_kgK,PASS
gsA_m,165.00534057617188,60.5,3790687.6707034362,5392000.591207509,1.4224333576411259,50.0,1005.0,293.15,constant_cp_1005_J_kgK,PASS
gsA_m,170.00120544433594,60.5,3560150.243117448,4943362.69184671,1.3885264256482752,50.0,1005.0,293.15,constant_cp_1005_J_kgK,PASS
gsA_m,175.012451171875,60.5,3778734.7714960473,6396009.157128673,1.6926324666593133,50.0,1005.0,293.15,constant_cp_1005_J_kgK,PASS
gsA_m,180.00408935546875,60.5,3720767.0680459403,6358517.524697038,1.7089265219809584,50.0,1005.0,293.15,constant_cp_1005_J_kgK,PASS
gsA_m,185.0017547607422,60.5,3640681.0353181465,6612471.640648941,1.8162732676940203,50.0,1005.0,293.15,constant_cp_1005_J_kgK,PASS
gsA_m,190.01220703125,60.5,3436821.6502499725,5791377.170732981,1.6850968016660832,50.0,1005.0,293.15,constant_cp_1005_J_kgK,PASS
gsA_m,195.00535583496094,60.5,3439776.946158778,5496914.780208843,1.598043962224726,50.0,1005.0,293.15,constant_cp_1005_J_kgK,PASS
gsA_m,200.01158142089844,60.5,3500697.2352483096,5507625.525068253,1.5732938768918094,50.0,1005.0,293.15,constant_cp_1005_J_kgK,PASS
gsA_m,205.009521484375,60.5,3615496.64755354,5727608.474467661,1.5841830411717572,50.0,1005.0,293.15,constant_cp_1005_J_kgK,PASS
gsA_m,210.00927734375,60.5,3630440.478227983,6198355.725985321,1.7073288387889325,50.0,1005.0,293.15,constant_cp_1005_J_kgK,PASS
gsA_m,215.00802612304688,60.5,3515579.0882569253,6556129.086345902,1.864878849759151,50.0,1005.0,293.15,constant_cp_1005_J_kgK,PASS
gsA_m,220.00921630859375,60.5,3641946.881390012,6340465.2101767305,1.7409548839319646,50.0,1005.0,293.15,constant_cp_1005_J_kgK,PASS
gsA_m,225.00021362304688,60.5,3764601.1772173117,5515975.35597486,1.465221705118871,50.0,1005.0,293.15,constant_cp_1005_J_kgK,PASS
gsA_m,230.0054168701172,60.5,3774283.069735545,5308113.386191027,1.4063898462610418,50.0,1005.0,293.15,constant_cp_1005_J_kgK,PASS
gsA_m,235.0016326904297,60.5,3931176.473980954,6188614.856196921,1.5742398992151942,50.0,1005.0,293.15,constant_cp_1005_J_kgK,PASS
gsA_m,240.0014190673828,60.5,3843208.1904137237,5592893.526172123,1.4552668627535483,50.0,1005.0,293.15,constant_cp_1005_J_kgK,PASS
gsA_m,245.00535583496094,60.5,4160543.3634140906,6557328.543754796,1.5760750390001779,50.0,1005.0,293.15,constant_cp_1005_J_kgK,PASS
gsA_m,250.00656127929688,60.5,3572239.0197212975,6143007.423907276,1.7196518458013332,50.0,1005.0,293.15,constant_cp_1005_J_kgK,PASS
gsA_m,255.00221252441406,60.5,3552214.463640766,5445088.188371597,1.5328714648582251,50.0,1005.0,293.15,constant_cp_1005_J_kgK,PASS
gsA_m,260.0101623535156,60.5,3735877.4200582746,6254540.419219221,1.6741824519289654,50.0,1005.0,293.15,constant_cp_1005_J_kgK,PASS
gsA_m,265.0076599121094,60.5,3778361.435052486,5866546.862317212,1.5526695799645533,50.0,1005.0,293.15,constant_cp_1005_J_kgK,PASS
gsA_m,270.0072326660156,60.5,3658919.770457948,5635186.711932371,1.5401230596611506,50.0,1005.0,293.15,constant_cp_1005_J_kgK,PASS
gsA_m,275.0013122558594,60.5,3798703.3189340346,5807064.984800826,1.5286966359958751,50.0,1005.0,293.15,constant_cp_1005_J_kgK,PASS
gsA_m,280.00921630859375,60.5,3837034.681226768,5954586.588313711,1.551871974847494,50.0,1005.0,293.15,constant_cp_1005_J_kgK,PASS
gsA_m,285.0030212402344,60.5,3780233.038325684,5922799.403224674,1.5667815563688,50.0,1005.0,293.15,constant_cp_1005_J_kgK,PASS
gsA_m,290.0001220703125,60.5,4022532.5771650043,6271822.468349454,1.5591725730086443,50.0,1005.0,293.15,constant_cp_1005_J_kgK,PASS
gsA_m,295.00958251953125,60.5,3971183.5340830926,6335386.725665668,1.5953396943987999,50.0,1005.0,293.15,constant_cp_1005_J_kgK,PASS
gsA_m,300.0,60.5,4171404.2475595144,6441947.833395643,1.544311567780685,50.0,1005.0,293.15,constant_cp_1005_J_kgK,PASS
gsA_m,0.0,71.0,0.0,0.0,0.0,50.0,1005.0,293.15,constant_cp_1005_J_kgK,NEAR_ZERO_C_T_REVIEW
gsA_m,5.004563331604004,71.0,182.5148794007506,107.49554287967817,0.58896865412852,50.0,1005.0,293.15,constant_cp_1005_J_kgK,PASS
gsA_m,10.000277519226074,71.0,3611.3249650678354,5834.96507278414,1.615740795753317,50.0,1005.0,293.15,constant_cp_1005_J_kgK,PASS
gsA_m,15.002864837646484,71.0,965913.7799397764,2523187.913638827,2.6122289235754996,50.0,1005.0,293.15,constant_cp_1005_J_kgK,PASS
gsA_m,20.005905151367188,71.0,1350108.5180986952,2902119.947897066,2.149545691322654,50.0,1005.0,293.15,constant_cp_1005_J_kgK,PASS
gsA_m,25.006208419799805,71.0,1763906.758728291,5046140.616028487,2.860775146451935,50.0,1005.0,293.15,constant_cp_1005_J_kgK,PASS
gsA_m,30.0072078704834,71.0,1710678.9273690232,3572811.8752630297,2.0885344514986888,50.0,1005.0,293.15,constant_cp_1005_J_kgK,PASS
gsA_m,35.00959777832031,71.0,2005327.3426909293,4357963.9127163915,2.173193283680299,50.0,1005.0,293.15,constant_cp_1005_J_kgK,PASS
gsA_m,40.01047897338867,71.0,1811681.256987803,4802395.29609923,2.650794822530727,50.0,1005.0,293.15,constant_cp_1005_J_kgK,PASS
gsA_m,45.01016616821289,71.0,1891099.738446774,3858719.3729409985,2.040463173090118,50.0,1005.0,293.15,constant_cp_1005_J_kgK,PASS
gsA_m,50.00878143310547,71.0,1837980.6286848015,3977232.4541749596,2.1639142394122697,50.0,1005.0,293.15,constant_cp_1005_J_kgK,PASS
gsA_m,55.00791549682617,71.0,2009846.4805157802,5231839.205256845,2.6031038967285767,50.0,1005.0,293.15,constant_cp_1005_J_kgK,PASS
gsA_m,60.009437561035156,71.0,2174866.49792873,4207012.11550252,1.9343771764883664,50.0,1005.0,293.15,constant_cp_1005_J_kgK,PASS
gsA_m,65.00919342041016,71.0,2206118.3734231805,4799311.719441031,2.17545521457856,50.0,1005.0,293.15,constant_cp_1005_J_kgK,PASS
gsA_m,70.00454711914062,71.0,2135840.5837637046,4953110.352473285,2.319044965305923,50.0,1005.0,293.15,constant_cp_1005_J_kgK,PASS
gsA_m,75.00989532470703,71.0,2135038.2988204197,4444325.830941886,2.081614101909701,50.0,1005.0,293.15,constant_cp_1005_J_kgK,PASS
gsA_m,80.00159454345703,71.0,2318437.414396918,3990062.8428143286,1.721013825103508,50.0,1005.0,293.15,constant_cp_1005_J_kgK,PASS
gsA_m,85.00528717041016,71.0,2389045.8380079237,4664612.090077154,1.9525000382440052,50.0,1005.0,293.15,constant_cp_1005_J_kgK,PASS
gsA_m,90.00576782226562,71.0,2538303.142455815,5463044.27721755,2.152242648185842,50.0,1005.0,293.15,constant_cp_1005_J_kgK,PASS
gsA_m,95.00553894042969,71.0,2271262.4339733487,4320087.95960854,1.9020646381453032,50.0,1005.0,293.15,constant_cp_1005_J_kgK,PASS
gsA_m,100.00667572021484,71.0,2335904.65236493,4326384.635424499,1.8521238146618504,50.0,1005.0,293.15,constant_cp_1005_J_kgK,PASS
gsA_m,105.01087188720703,71.0,2427221.1791522605,4930992.013831133,2.031537981039431,50.0,1005.0,293.15,constant_cp_1005_J_kgK,PASS
gsA_m,110.01018524169922,71.0,2421465.2564363214,4911785.8123374125,2.0284353860877204,50.0,1005.0,293.15,constant_cp_1005_J_kgK,PASS
gsA_m,115.00437927246094,71.0,2476971.1032225727,5056984.0950310305,2.041599955870226,50.0,1005.0,293.15,constant_cp_1005_J_kgK,PASS
gsA_m,120.00656127929688,71.0,2445805.1992444284,5116467.192623261,2.091935692263581,50.0,1005.0,293.15,constant_cp_1005_J_kgK,PASS
gsA_m,125.0086669921875,71.0,2335307.389992024,4752598.936668862,2.0351063663122706,50.0,1005.0,293.15,constant_cp_1005_J_kgK,PASS
gsA_m,130.00900268554688,71.0,2532477.1926334216,5471996.7183561325,2.1607289235509444,50.0,1005.0,293.15,constant_cp_1005_J_kgK,PASS
gsA_m,135.00718688964844,71.0,2519603.609384167,5355365.446785289,2.1254793519264035,50.0,1005.0,293.15,constant_cp_1005_J_kgK,PASS
gsA_m,140.0059356689453,71.0,2458712.648196055,5058689.696422771,2.0574546196499632,50.0,1005.0,293.15,constant_cp_1005_J_kgK,PASS
gsA_m,145.00001525878906,71.0,2622517.573930147,5768779.043352952,2.1997103473010347,50.0,1005.0,293.15,constant_cp_1005_J_kgK,PASS
gsA_m,150.01004028320312,71.0,2415870.853993992,5314785.114770856,2.199945872927888,50.0,1005.0,293.15,constant_cp_1005_J_kgK,PASS
gsA_m,155.00462341308594,71.0,2517176.598087014,5486499.334200508,2.179624321301134,50.0,1005.0,293.15,constant_cp_1005_J_kgK,PASS
gsA_m,160.00454711914062,71.0,2685107.7147161486,5760362.4420751715,2.145300320916219,50.0,1005.0,293.15,constant_cp_1005_J_kgK,PASS
gsA_m,165.00534057617188,71.0,2814360.165755533,5578350.002529754,1.9821023870383727,50.0,1005.0,293.15,constant_cp_1005_J_kgK,PASS
gsA_m,170.00120544433594,71.0,2877532.60669569,5483590.5251498185,1.9056571287463875,50.0,1005.0,293.15,constant_cp_1005_J_kgK,PASS
gsA_m,175.012451171875,71.0,2789186.4884400293,5296056.761360914,1.898781878985423,50.0,1005.0,293.15,constant_cp_1005_J_kgK,PASS
gsA_m,180.00408935546875,71.0,2872831.812425334,5654799.574757844,1.9683712601274366,50.0,1005.0,293.15,constant_cp_1005_J_kgK,PASS
gsA_m,185.0017547607422,71.0,2933005.3566491557,5829288.083339277,1.9874795216872734,50.0,1005.0,293.15,constant_cp_1005_J_kgK,PASS
gsA_m,190.01220703125,71.0,2783242.8753313697,5221847.543469812,1.876173865296647,50.0,1005.0,293.15,constant_cp_1005_J_kgK,PASS
gsA_m,195.00535583496094,71.0,2955059.271163391,5506732.959916269,1.8634932346884185,50.0,1005.0,293.15,constant_cp_1005_J_kgK,PASS
gsA_m,200.01158142089844,71.0,3128300.991569395,5655405.670109765,1.8078201826968634,50.0,1005.0,293.15,constant_cp_1005_J_kgK,PASS
gsA_m,205.009521484375,71.0,2965733.8468751027,5203579.531371759,1.7545672673407966,50.0,1005.0,293.15,constant_cp_1005_J_kgK,PASS
gsA_m,210.00927734375,71.0,2910387.1399466204,5478721.817878739,1.8824718343069722,50.0,1005.0,293.15,constant_cp_1005_J_kgK,PASS
gsA_m,215.00802612304688,71.0,2691780.2897185953,5442533.63772361,2.0219085705143427,50.0,1005.0,293.15,constant_cp_1005_J_kgK,PASS
gsA_m,220.00921630859375,71.0,2860478.658445364,5738821.957721398,2.0062453326746295,50.0,1005.0,293.15,constant_cp_1005_J_kgK,PASS
gsA_m,225.00021362304688,71.0,2812369.7915619933,5452955.823915044,1.9389185022096487,50.0,1005.0,293.15,constant_cp_1005_J_kgK,PASS
gsA_m,230.0054168701172,71.0,2692075.974294444,5671767.077307646,2.1068376715460775,50.0,1005.0,293.15,constant_cp_1005_J_kgK,PASS
gsA_m,235.0016326904297,71.0,2524733.0065445937,5261833.205878955,2.08411471321493,50.0,1005.0,293.15,constant_cp_1005_J_kgK,PASS
gsA_m,240.0014190673828,71.0,2795500.13870395,5663454.206324998,2.0259180559192127,50.0,1005.0,293.15,constant_cp_1005_J_kgK,PASS
gsA_m,245.00535583496094,71.0,2743353.857461935,5438452.730772915,1.9824102224291253,50.0,1005.0,293.15,constant_cp_1005_J_kgK,PASS
gsA_m,250.00656127929688,71.0,2780171.4215438208,5565751.065369127,2.0019452837474607,50.0,1005.0,293.15,constant_cp_1005_J_kgK,PASS
gsA_m,255.00221252441406,71.0,2954309.550992609,5588435.501698395,1.89162151265454,50.0,1005.0,293.15,constant_cp_1005_J_kgK,PASS
gsA_m,260.0101623535156,71.0,2937136.088889823,5197836.939591442,1.769695643063007,50.0,1005.0,293.15,constant_cp_1005_J_kgK,PASS
gsA_m,265.0076599121094,71.0,2984755.8785814466,5382001.822649657,1.8031631535666959,50.0,1005.0,293.15,constant_cp_1005_J_kgK,PASS
gsA_m,270.0072326660156,71.0,3090571.576537826,5507699.9936314775,1.7820975367285967,50.0,1005.0,293.15,constant_cp_1005_J_kgK,PASS
gsA_m,275.0013122558594,71.0,3139930.2281742133,5844179.499301113,1.8612450196701815,50.0,1005.0,293.15,constant_cp_1005_J_kgK,PASS
gsA_m,280.00921630859375,71.0,2959488.4820210654,5628413.8563079005,1.9018198213983912,50.0,1005.0,293.15,constant_cp_1005_J_kgK,PASS
gsA_m,285.0030212402344,71.0,2822446.5661925976,5792405.721375196,2.0522640856188077,50.0,1005.0,293.15,constant_cp_1005_J_kgK,PASS
gsA_m,290.0001220703125,71.0,2669334.9905298688,5532802.74694333,2.0727270149952424,50.0,1005.0,293.15,constant_cp_1005_J_kgK,PASS
gsA_m,295.00958251953125,71.0,2550966.4951720014,5323073.07124223,2.086688743782703,50.0,1005.0,293.15,constant_cp_1005_J_kgK,PASS
gsA_m,300.0,71.0,2689097.8798896307,6024934.107182475,2.240503832991663,50.0,1005.0,293.15,constant_cp_1005_J_kgK,PASS
gsA_m,0.0,78.0,0.0,0.0,0.0,50.0,1005.0,293.15,constant_cp_1005_J_kgK,NEAR_ZERO_C_T_REVIEW
gsA_m,5.004563331604004,78.0,15.026088856339523,8.85651060665412,0.5894089067846914,50.0,1005.0,293.15,constant_cp_1005_J_kgK,PASS
gsA_m,10.000277519226074,78.0,605.3495154223251,950.5444039998652,1.5702406292258166,50.0,1005.0,293.15,constant_cp_1005_J_kgK,PASS
gsA_m,15.002864837646484,78.0,597701.9247416701,1630850.0221665474,2.728533997730401,50.0,1005.0,293.15,constant_cp_1005_J_kgK,PASS
gsA_m,20.005905151367188,78.0,1062145.6485164398,2454889.3915427057,2.311254953566481,50.0,1005.0,293.15,constant_cp_1005_J_kgK,PASS
gsA_m,25.006208419799805,78.0,1370306.1896280418,4096885.4946204443,2.989759168885099,50.0,1005.0,293.15,constant_cp_1005_J_kgK,PASS
gsA_m,30.0072078704834,78.0,1467295.4083269413,3536978.9065434188,2.4105431574793768,50.0,1005.0,293.15,constant_cp_1005_J_kgK,PASS
gsA_m,35.00959777832031,78.0,1737415.5670060923,4131312.1118899486,2.377849140035626,50.0,1005.0,293.15,constant_cp_1005_J_kgK,PASS
gsA_m,40.01047897338867,78.0,1699367.7641446667,4674425.891230058,2.750685278288074,50.0,1005.0,293.15,constant_cp_1005_J_kgK,PASS
gsA_m,45.01016616821289,78.0,1976644.9285345762,4430955.956017846,2.24165498418718,50.0,1005.0,293.15,constant_cp_1005_J_kgK,PASS
gsA_m,50.00878143310547,78.0,1927828.3025915502,4071145.8796571223,2.111778250264477,50.0,1005.0,293.15,constant_cp_1005_J_kgK,PASS
gsA_m,55.00791549682617,78.0,1830825.142796968,4925637.863896106,2.690392298398941,50.0,1005.0,293.15,constant_cp_1005_J_kgK,PASS
gsA_m,60.009437561035156,78.0,1864016.6974007606,3934313.4691416165,2.110664284621343,50.0,1005.0,293.15,constant_cp_1005_J_kgK,PASS
gsA_m,65.00919342041016,78.0,1924690.9650884871,4254565.461513568,2.210518747521612,50.0,1005.0,293.15,constant_cp_1005_J_kgK,PASS
gsA_m,70.00454711914062,78.0,1761533.9714169542,4462880.738564897,2.5335195409118416,50.0,1005.0,293.15,constant_cp_1005_J_kgK,PASS
gsA_m,75.00989532470703,78.0,2080220.2825564446,5181841.996222233,2.4910063802733964,50.0,1005.0,293.15,constant_cp_1005_J_kgK,PASS
gsA_m,80.00159454345703,78.0,1991228.665710487,4224474.209304061,2.1215414794145357,50.0,1005.0,293.15,constant_cp_1005_J_kgK,PASS
gsA_m,85.00528717041016,78.0,1814892.922023575,4179618.8905559285,2.30295619087859,50.0,1005.0,293.15,constant_cp_1005_J_kgK,PASS
gsA_m,90.00576782226562,78.0,1893124.501212354,4713139.255205175,2.489608714158464,50.0,1005.0,293.15,constant_cp_1005_J_kgK,PASS
gsA_m,95.00553894042969,78.0,2314524.2009181436,5386162.73550409,2.3271144597958675,50.0,1005.0,293.15,constant_cp_1005_J_kgK,PASS
gsA_m,100.00667572021484,78.0,2042792.2795440014,4373623.328489003,2.1410024760154736,50.0,1005.0,293.15,constant_cp_1005_J_kgK,PASS
gsA_m,105.01087188720703,78.0,2332228.7475043903,5293562.391390916,2.269744079372707,50.0,1005.0,293.15,constant_cp_1005_J_kgK,PASS
gsA_m,110.01018524169922,78.0,2164032.503112506,4992806.403318037,2.3071771778551997,50.0,1005.0,293.15,constant_cp_1005_J_kgK,PASS
gsA_m,115.00437927246094,78.0,2128751.704328612,4855419.810261975,2.280876534538501,50.0,1005.0,293.15,constant_cp_1005_J_kgK,PASS
gsA_m,120.00656127929688,78.0,2286269.1205212553,5164668.298982824,2.2589940320784763,50.0,1005.0,293.15,constant_cp_1005_J_kgK,PASS
gsA_m,125.0086669921875,78.0,2310611.119018483,5360720.762268564,2.320044562299919,50.0,1005.0,293.15,constant_cp_1005_J_kgK,PASS
gsA_m,130.00900268554688,78.0,2288964.411929512,5505777.964955979,2.4053576089961184,50.0,1005.0,293.15,constant_cp_1005_J_kgK,PASS
gsA_m,135.00718688964844,78.0,2133154.670484818,4761210.022336359,2.232004124320831,50.0,1005.0,293.15,constant_cp_1005_J_kgK,PASS
gsA_m,140.0059356689453,78.0,2196980.1728823534,5089921.656580781,2.3167808792297824,50.0,1005.0,293.15,constant_cp_1005_J_kgK,PASS
gsA_m,145.00001525878906,78.0,2161056.6588681433,5013836.137813809,2.3200854624699248,50.0,1005.0,293.15,constant_cp_1005_J_kgK,PASS
gsA_m,150.01004028320312,78.0,2174826.817799732,5342215.617261036,2.4563866757288486,50.0,1005.0,293.15,constant_cp_1005_J_kgK,PASS
gsA_m,155.00462341308594,78.0,2115291.9244527295,5198356.333903074,2.4575124945215285,50.0,1005.0,293.15,constant_cp_1005_J_kgK,PASS
gsA_m,160.00454711914062,78.0,2100743.5554471435,5141952.091303442,2.44768195431116,50.0,1005.0,293.15,constant_cp_1005_J_kgK,PASS
gsA_m,165.00534057617188,78.0,2136080.5059520486,4698544.676917299,2.199610297376484,50.0,1005.0,293.15,constant_cp_1005_J_kgK,PASS
gsA_m,170.00120544433594,78.0,2243387.8311984083,5010684.153371689,2.233534515828679,50.0,1005.0,293.15,constant_cp_1005_J_kgK,PASS
gsA_m,175.012451171875,78.0,2189478.1317729773,5047358.004663906,2.305279021250921,50.0,1005.0,293.15,constant_cp_1005_J_kgK,PASS
gsA_m,180.00408935546875,78.0,2286893.72021959,5599731.743824703,2.448619144088169,50.0,1005.0,293.15,constant_cp_1005_J_kgK,PASS
gsA_m,185.0017547607422,78.0,2218389.4257911644,5621810.482059364,2.534185574768688,50.0,1005.0,293.15,constant_cp_1005_J_kgK,PASS
gsA_m,190.01220703125,78.0,2445309.1065152036,5887709.7561408505,2.407756851865403,50.0,1005.0,293.15,constant_cp_1005_J_kgK,PASS
gsA_m,195.00535583496094,78.0,2107771.942895904,4685483.779023082,2.2229557589544595,50.0,1005.0,293.15,constant_cp_1005_J_kgK,PASS
gsA_m,200.01158142089844,78.0,2352156.9723441172,5191648.59951817,2.207186280745653,50.0,1005.0,293.15,constant_cp_1005_J_kgK,PASS
gsA_m,205.009521484375,78.0,2262363.457961005,5301617.928700715,2.343397967309324,50.0,1005.0,293.15,constant_cp_1005_J_kgK,PASS
gsA_m,210.00927734375,78.0,2318068.7260471787,5539470.844637854,2.38969223923049,50.0,1005.0,293.15,constant_cp_1005_J_kgK,PASS
gsA_m,215.00802612304688,78.0,2350788.468520164,6018301.004837914,2.560120183261946,50.0,1005.0,293.15,constant_cp_1005_J_kgK,PASS
gsA_m,220.00921630859375,78.0,2208357.1480016345,5476834.166595531,2.4800491041730153,50.0,1005.0,293.15,constant_cp_1005_J_kgK,PASS
gsA_m,225.00021362304688,78.0,2349622.0020618793,5395968.095808698,2.296526033154923,50.0,1005.0,293.15,constant_cp_1005_J_kgK,PASS
gsA_m,230.0054168701172,78.0,2250266.311993591,5219144.39849997,2.3193452129122187,50.0,1005.0,293.15,constant_cp_1005_J_kgK,PASS
gsA_m,235.0016326904297,78.0,2422602.8574328725,5399385.9071726035,2.228754040558714,50.0,1005.0,293.15,constant_cp_1005_J_kgK,PASS
gsA_m,240.0014190673828,78.0,2467901.9705692264,5971676.753110214,2.4197382328491894,50.0,1005.0,293.15,constant_cp_1005_J_kgK,PASS
gsA_m,245.00535583496094,78.0,2159724.8480564468,5510189.983154709,2.5513388837996516,50.0,1005.0,293.15,constant_cp_1005_J_kgK,PASS
gsA_m,250.00656127929688,78.0,2358548.2166344216,6045261.6332649905,2.5631282797734776,50.0,1005.0,293.15,constant_cp_1005_J_kgK,PASS
gsA_m,255.00221252441406,78.0,2193856.3389902455,5547435.25736895,2.528622844977277,50.0,1005.0,293.15,constant_cp_1005_J_kgK,PASS
gsA_m,260.0101623535156,78.0,2088617.084476457,5021341.258365281,2.4041464065798124,50.0,1005.0,293.15,constant_cp_1005_J_kgK,PASS
gsA_m,265.0076599121094,78.0,2169243.765300456,5328109.959468291,2.4562061879340273,50.0,1005.0,293.15,constant_cp_1005_J_kgK,PASS
gsA_m,270.0072326660156,78.0,2403168.4867488546,5721861.850484081,2.38096574669425,50.0,1005.0,293.15,constant_cp_1005_J_kgK,PASS
gsA_m,275.0013122558594,78.0,2245451.6909822845,5315659.459398971,2.3673007443208927,50.0,1005.0,293.15,constant_cp_1005_J_kgK,PASS
gsA_m,280.00921630859375,78.0,2325093.626658973,5599287.988436324,2.4081989319639483,50.0,1005.0,293.15,constant_cp_1005_J_kgK,PASS
gsA_m,285.0030212402344,78.0,2472706.0223961836,5815352.336550792,2.3518171120541873,50.0,1005.0,293.15,constant_cp_1005_J_kgK,PASS
gsA_m,290.0001220703125,78.0,2366908.5185140846,5513359.392552896,2.3293504372590252,50.0,1005.0,293.15,constant_cp_1005_J_kgK,PASS
gsA_m,295.00958251953125,78.0,2577353.9332900937,6187482.501104974,2.4007112182712165,50.0,1005.0,293.15,constant_cp_1005_J_kgK,PASS
gsA_m,300.0,78.0,2474781.260777597,5480341.7523680255,2.2144752100822256,50.0,1005.0,293.15,constant_cp_1005_J_kgK,PASS
gsA_m,0.0,85.0,0.0,0.0,0.0,50.0,1005.0,293.15,constant_cp_1005_J_kgK,NEAR_ZERO_C_T_REVIEW
gsA_m,5.004563331604004,85.0,-3.87790618845127,-2.355298691139712,0.6073635039307103,50.0,1005.0,293.15,constant_cp_1005_J_kgK,PASS
gsA_m,10.000277519226074,85.0,53.897433141506454,83.9118317549088,1.5568799266013906,50.0,1005.0,293.15,constant_cp_1005_J_kgK,PASS
gsA_m,15.002864837646484,85.0,891.9032959251181,1321.892406738711,1.4821028387008133,50.0,1005.0,293.15,constant_cp_1005_J_kgK,PASS
gsA_m,20.005905151367188,85.0,781227.1206608897,1778512.7015261534,2.2765629283601854,50.0,1005.0,293.15,constant_cp_1005_J_kgK,PASS
gsA_m,25.006208419799805,85.0,1170781.9749986625,3659242.609380295,3.125468863991071,50.0,1005.0,293.15,constant_cp_1005_J_kgK,PASS
gsA_m,30.0072078704834,85.0,1366222.6564999819,3317403.147435762,2.428157029641386,50.0,1005.0,293.15,constant_cp_1005_J_kgK,PASS
gsA_m,35.00959777832031,85.0,1350515.2111744091,3232687.294158006,2.3936696657765566,50.0,1005.0,293.15,constant_cp_1005_J_kgK,PASS
gsA_m,40.01047897338867,85.0,1648788.0391341117,4797426.897640132,2.909668667999058,50.0,1005.0,293.15,constant_cp_1005_J_kgK,PASS
gsA_m,45.01016616821289,85.0,1633928.4144612697,3502449.740848986,2.143576003605882,50.0,1005.0,293.15,constant_cp_1005_J_kgK,PASS
gsA_m,50.00878143310547,85.0,1806998.5705805444,3896850.3312198315,2.1565320497004414,50.0,1005.0,293.15,constant_cp_1005_J_kgK,PASS
gsA_m,55.00791549682617,85.0,1858729.0980721964,5187091.839771249,2.790665861502412,50.0,1005.0,293.15,constant_cp_1005_J_kgK,PASS
gsA_m,60.009437561035156,85.0,1729981.697458451,3574632.8271554075,2.0662836100560873,50.0,1005.0,293.15,constant_cp_1005_J_kgK,PASS
gsA_m,65.00919342041016,85.0,1866972.845436742,4103149.4356503123,2.197755283736041,50.0,1005.0,293.15,constant_cp_1005_J_kgK,PASS
gsA_m,70.00454711914062,85.0,1944034.606343721,4985683.765280705,2.564606488491282,50.0,1005.0,293.15,constant_cp_1005_J_kgK,PASS
gsA_m,75.00989532470703,85.0,1971125.006640049,4669234.394966379,2.368816984837246,50.0,1005.0,293.15,constant_cp_1005_J_kgK,PASS
gsA_m,80.00159454345703,85.0,1780640.2014145555,3463465.208796442,1.9450674010645352,50.0,1005.0,293.15,constant_cp_1005_J_kgK,PASS
gsA_m,85.00528717041016,85.0,1948923.0214296193,4310711.616628734,2.211842935421143,50.0,1005.0,293.15,constant_cp_1005_J_kgK,PASS
gsA_m,90.00576782226562,85.0,1966062.6454657554,4588907.743472319,2.3340597788455595,50.0,1005.0,293.15,constant_cp_1005_J_kgK,PASS
gsA_m,95.00553894042969,85.0,1872731.974551658,4307237.858935951,2.2999756064757344,50.0,1005.0,293.15,constant_cp_1005_J_kgK,PASS
gsA_m,100.00667572021484,85.0,1762776.3310884398,3797148.355701189,2.154072691319045,50.0,1005.0,293.15,constant_cp_1005_J_kgK,PASS
gsA_m,105.01087188720703,85.0,1983508.465127536,4350858.784369917,2.1935166201018266,50.0,1005.0,293.15,constant_cp_1005_J_kgK,PASS
gsA_m,110.01018524169922,85.0,2110195.8578945473,4821985.863179693,2.2850892466402803,50.0,1005.0,293.15,constant_cp_1005_J_kgK,PASS
gsA_m,115.00437927246094,85.0,2197252.0639076913,5178314.339314765,2.3567229378796974,50.0,1005.0,293.15,constant_cp_1005_J_kgK,PASS
gsA_m,120.00656127929688,85.0,1973183.2330398622,4425424.351444004,2.2427842875120354,50.0,1005.0,293.15,constant_cp_1005_J_kgK,PASS
gsA_m,125.0086669921875,85.0,2165217.901913303,5136416.9549753815,2.3722402029082454,50.0,1005.0,293.15,constant_cp_1005_J_kgK,PASS
gsA_m,130.00900268554688,85.0,2042341.9499967555,4742985.514441173,2.322326833882399,50.0,1005.0,293.15,constant_cp_1005_J_kgK,PASS
gsA_m,135.00718688964844,85.0,2214195.895556326,5313137.790226865,2.3995789175157487,50.0,1005.0,293.15,constant_cp_1005_J_kgK,PASS
gsA_m,140.0059356689453,85.0,2143697.1200078214,5057742.642969492,2.359355058027524,50.0,1005.0,293.15,constant_cp_1005_J_kgK,PASS
gsA_m,145.00001525878906,85.0,2050287.5361363865,4862398.658321658,2.371569144630554,50.0,1005.0,293.15,constant_cp_1005_J_kgK,PASS
gsA_m,150.01004028320312,85.0,2094468.5440053607,5270385.864870195,2.5163356498977834,50.0,1005.0,293.15,constant_cp_1005_J_kgK,PASS
gsA_m,155.00462341308594,85.0,2154937.864105432,5306366.405804063,2.4624220002774257,50.0,1005.0,293.15,constant_cp_1005_J_kgK,PASS
gsA_m,160.00454711914062,85.0,2196225.8312826185,5392977.955636735,2.455566216743375,50.0,1005.0,293.15,constant_cp_1005_J_kgK,PASS
gsA_m,165.00534057617188,85.0,2191712.814389355,5041337.321749909,2.3001815240809735,50.0,1005.0,293.15,constant_cp_1005_J_kgK,PASS
gsA_m,170.00120544433594,85.0,2030458.9377004523,4709735.014963145,2.3195421131229774,50.0,1005.0,293.15,constant_cp_1005_J_kgK,PASS
gsA_m,175.012451171875,85.0,2212437.593522559,5224528.912986894,2.361435607622539,50.0,1005.0,293.15,constant_cp_1005_J_kgK,PASS
gsA_m,180.00408935546875,85.0,2161792.062127749,5210787.785218405,2.410401942215327,50.0,1005.0,293.15,constant_cp_1005_J_kgK,PASS
gsA_m,185.0017547607422,85.0,2156794.4595225183,5250275.483604788,2.43429570232071,50.0,1005.0,293.15,constant_cp_1005_J_kgK,PASS
gsA_m,190.01220703125,85.0,2268238.04712191,5344199.787716955,2.356101818545027,50.0,1005.0,293.15,constant_cp_1005_J_kgK,PASS
gsA_m,195.00535583496094,85.0,2354631.8647195455,5318529.055686151,2.258751839459892,50.0,1005.0,293.15,constant_cp_1005_J_kgK,PASS
gsA_m,200.01158142089844,85.0,2343254.3915048055,5238782.077890499,2.235686443982816,50.0,1005.0,293.15,constant_cp_1005_J_kgK,PASS
gsA_m,205.009521484375,85.0,2299013.1375546977,5240712.061763942,2.279548548964851,50.0,1005.0,293.15,constant_cp_1005_J_kgK,PASS
gsA_m,210.00927734375,85.0,2310760.79121765,5300723.629805335,2.293930055396227,50.0,1005.0,293.15,constant_cp_1005_J_kgK,PASS
gsA_m,215.00802612304688,85.0,2166528.674287444,5440367.647401084,2.5110988430330288,50.0,1005.0,293.15,constant_cp_1005_J_kgK,PASS
gsA_m,220.00921630859375,85.0,2232089.7760487976,5562870.852009291,2.492225407643135,50.0,1005.0,293.15,constant_cp_1005_J_kgK,PASS
gsA_m,225.00021362304688,85.0,2239642.5613600495,5343106.420162342,2.3856960536228042,50.0,1005.0,293.15,constant_cp_1005_J_kgK,PASS
gsA_m,230.0054168701172,85.0,2366936.781132595,5479879.338465506,2.3151777361131485,50.0,1005.0,293.15,constant_cp_1005_J_kgK,PASS
gsA_m,235.0016326904297,85.0,2192296.186386505,5104863.033905407,2.3285462364095952,50.0,1005.0,293.15,constant_cp_1005_J_kgK,PASS
gsA_m,240.0014190673828,85.0,2160177.834021195,5347003.4768757,2.47526078300794,50.0,1005.0,293.15,constant_cp_1005_J_kgK,PASS
gsA_m,245.00535583496094,85.0,2144669.518715899,5211956.733012294,2.4301910795715056,50.0,1005.0,293.15,constant_cp_1005_J_kgK,PASS
gsA_m,250.00656127929688,85.0,2266411.787752861,5357900.487009287,2.3640454554472745,50.0,1005.0,293.15,constant_cp_1005_J_kgK,PASS
gsA_m,255.00221252441406,85.0,2252021.1212786715,5506216.27879615,2.445010940070483,50.0,1005.0,293.15,constant_cp_1005_J_kgK,PASS
gsA_m,260.0101623535156,85.0,2283580.016104716,5387652.357934549,2.3593008871765724,50.0,1005.0,293.15,constant_cp_1005_J_kgK,PASS
gsA_m,265.0076599121094,85.0,2288489.993199,5321215.384793189,2.3252080632237533,50.0,1005.0,293.15,constant_cp_1005_J_kgK,PASS
gsA_m,270.0072326660156,85.0,2091402.3974565954,4836576.644871257,2.3125997420454008,50.0,1005.0,293.15,constant_cp_1005_J_kgK,PASS
gsA_m,275.0013122558594,85.0,2245629.4778814195,5281604.402659034,2.3519482865186756,50.0,1005.0,293.15,constant_cp_1005_J_kgK,PASS
gsA_m,280.00921630859375,85.0,2242184.5109245107,5463948.055425216,2.436886005055974,50.0,1005.0,293.15,constant_cp_1005_J_kgK,PASS
gsA_m,285.0030212402344,85.0,2176175.383870241,5323240.616078595,2.446145037543537,50.0,1005.0,293.15,constant_cp_1005_J_kgK,PASS
gsA_m,290.0001220703125,85.0,2253209.8124869443,5425019.490789547,2.4076850103904732,50.0,1005.0,293.15,constant_cp_1005_J_kgK,PASS
gsA_m,295.00958251953125,85.0,2336904.2556106425,5512963.95651412,2.3590885006427267,50.0,1005.0,293.15,constant_cp_1005_J_kgK,PASS
gsA_m,300.0,85.0,2326525.9649424367,5614907.992176698,2.413430185944914,50.0,1005.0,293.15,constant_cp_1005_J_kgK,PASS
gsB_c,0.0,15.0,0.0,0.0,0.0,50.0,1005.0,293.15,constant_cp_1005_J_kgK,NEAR_ZERO_C_T_REVIEW
gsB_c,5.009599685668945,15.0,-5.825224429134721,-5.550479238337806,0.9528352606681351,50.0,1005.0,293.15,constant_cp_1005_J_kgK,PASS
gsB_c,10.011014938354492,15.0,15.631189129605474,32.020720406240414,2.0485146804055137,50.0,1005.0,293.15,constant_cp_1005_J_kgK,PASS
gsB_c,15.006303787231445,15.0,21.15381831536304,49.10544729379596,2.3213514723160684,50.0,1005.0,293.15,constant_cp_1005_J_kgK,PASS
gsB_c,20.012596130371094,15.0,24.097493870816393,52.775819052700065,2.1900957557426692,50.0,1005.0,293.15,constant_cp_1005_J_kgK,PASS
gsB_c,25.00234603881836,15.0,27.85413993704921,71.91360293226955,2.581792261122175,50.0,1005.0,293.15,constant_cp_1005_J_kgK,PASS
gsB_c,30.01245880126953,15.0,22.435121922634735,60.05104790700945,2.676653512800724,50.0,1005.0,293.15,constant_cp_1005_J_kgK,PASS
gsB_c,35.009300231933594,15.0,19.83750464813326,38.88020341065608,1.959934180146737,50.0,1005.0,293.15,constant_cp_1005_J_kgK,PASS
gsB_c,40.01394271850586,15.0,37.70097249033171,75.79378607376375,2.0103933947908224,50.0,1005.0,293.15,constant_cp_1005_J_kgK,PASS
gsB_c,45.01336669921875,15.0,43.255721315333275,89.40740786440267,2.0669498772326014,50.0,1005.0,293.15,constant_cp_1005_J_kgK,PASS
gsB_c,50.0046272277832,15.0,35.53651755178173,93.011655494488,2.617354256965093,50.0,1005.0,293.15,constant_cp_1005_J_kgK,PASS
gsB_c,55.01531219482422,15.0,26.657523186162635,63.725811967792346,2.3905376174813027,50.0,1005.0,293.15,constant_cp_1005_J_kgK,PASS
gsB_c,60.00954818725586,15.0,-27.930844193703663,-61.704859490461594,2.209201378244137,50.0,1005.0,293.15,constant_cp_1005_J_kgK,PASS
gsB_c,65.01441192626953,15.0,30.33925850791732,83.24328560999072,2.743748189677208,50.0,1005.0,293.15,constant_cp_1005_J_kgK,PASS
gsB_c,70.01788330078125,15.0,55.068921618535924,118.88841041495498,2.158902097926298,50.0,1005.0,293.15,constant_cp_1005_J_kgK,PASS
gsB_c,75.00894927978516,15.0,28.105289496119212,61.884026213539705,2.2018640377243868,50.0,1005.0,293.15,constant_cp_1005_J_kgK,PASS
gsB_c,80.00939178466797,15.0,64.27589309045828,171.13594345205,2.662521440325074,50.0,1005.0,293.15,constant_cp_1005_J_kgK,PASS
gsB_c,85.0166244506836,15.0,-17.508753192935984,-43.61874979369648,2.4912539065776245,50.0,1005.0,293.15,constant_cp_1005_J_kgK,PASS
gsB_c,90.02213287353516,15.0,9.153734825330915,19.911776185085223,2.1752625090043654,50.0,1005.0,293.15,constant_cp_1005_J_kgK,PASS
gsB_c,95.003173828125,15.0,44.82156452423048,102.84929621436503,2.294638692419364,50.0,1005.0,293.15,constant_cp_1005_J_kgK,PASS
gsB_c,100.0059814453125,15.0,41.22854360962464,109.69999086385258,2.6607777344718717,50.0,1005.0,293.15,constant_cp_1005_J_kgK,PASS
gsB_c,105.0197982788086,15.0,45.662235687513686,87.27626259593222,1.9113444902542636,50.0,1005.0,293.15,constant_cp_1005_J_kgK,PASS
gsB_c,110.01859283447266,15.0,2.0112386154764295,2.7935848428206924,1.3889872737800186,50.0,1005.0,293.15,constant_cp_1005_J_kgK,PASS
gsB_c,115.01551055908203,15.0,8.217403632102815,12.463313909189829,1.5166973007122198,50.0,1005.0,293.15,constant_cp_1005_J_kgK,PASS
gsB_c,120.02314758300781,15.0,22.431562539974337,46.30522990242291,2.0642890934521407,50.0,1005.0,293.15,constant_cp_1005_J_kgK,PASS
gsB_c,125.01868438720703,15.0,25.341281658254786,57.46178865162997,2.2675170665902207,50.0,1005.0,293.15,constant_cp_1005_J_kgK,PASS
gsB_c,130.0050048828125,15.0,67.66714034857756,171.40758992346878,2.5330993601614322,50.0,1005.0,293.15,constant_cp_1005_J_kgK,PASS
gsB_c,135.01502990722656,15.0,31.19135427490903,66.16609996336068,2.1212961572003546,50.0,1005.0,293.15,constant_cp_1005_J_kgK,PASS
gsB_c,140.01190185546875,15.0,26.570621866960025,67.66233070673559,2.5465091123187324,50.0,1005.0,293.15,constant_cp_1005_J_kgK,PASS
gsB_c,145.01376342773438,15.0,-6.399083833869028,-17.753211637806814,2.7743364668967763,50.0,1005.0,293.15,constant_cp_1005_J_kgK,PASS
gsB_c,150.0125732421875,15.0,58.43454838013962,117.686928311705,2.013995685293766,50.0,1005.0,293.15,constant_cp_1005_J_kgK,PASS
gsB_c,155.01248168945312,15.0,46.439420566165595,110.47211395856874,2.3788435042765514,50.0,1005.0,293.15,constant_cp_1005_J_kgK,PASS
gsB_c,160.00794982910156,15.0,38.080391742970505,94.55575374612968,2.483056224365162,50.0,1005.0,293.15,constant_cp_1005_J_kgK,PASS
gsB_c,165.00357055664062,15.0,37.194526864708735,71.34929862179365,1.9182741288631286,50.0,1005.0,293.15,constant_cp_1005_J_kgK,PASS
gsB_c,170.00460815429688,15.0,-14.4390099333976,-39.115098670464754,2.708987586280558,50.0,1005.0,293.15,constant_cp_1005_J_kgK,PASS
gsB_c,175.016357421875,15.0,14.146905887427366,35.26346391941674,2.4926626498776256,50.0,1005.0,293.15,constant_cp_1005_J_kgK,PASS
gsB_c,180.01397705078125,15.0,71.07776778515088,146.2589105387292,2.057730779880048,50.0,1005.0,293.15,constant_cp_1005_J_kgK,PASS
gsB_c,185.00637817382812,15.0,-4.884689132326798,-19.281718798282384,3.9473788959729053,50.0,1005.0,293.15,constant_cp_1005_J_kgK,PASS
gsB_c,190.0080108642578,15.0,2.0506152726478177,1.4022768867134592,0.6838322647519169,50.0,1005.0,293.15,constant_cp_1005_J_kgK,PASS
gsB_c,195.0109100341797,15.0,16.86865141887786,33.4516518995473,1.9830661661624112,50.0,1005.0,293.15,constant_cp_1005_J_kgK,PASS
gsB_c,200.00852966308594,15.0,27.9531446050143,70.34829394446687,2.516650449743353,50.0,1005.0,293.15,constant_cp_1005_J_kgK,PASS
gsB_c,205.0216064453125,15.0,-15.679100272462065,-33.87181484628335,2.1603162334265877,50.0,1005.0,293.15,constant_cp_1005_J_kgK,PASS
gsB_c,210.00442504882812,15.0,12.764340621561416,26.936973561654288,2.1103302049180863,50.0,1005.0,293.15,constant_cp_1005_J_kgK,PASS
gsB_c,215.00306701660156,15.0,71.84906435355167,182.7229091789104,2.5431494595007185,50.0,1005.0,293.15,constant_cp_1005_J_kgK,PASS
gsB_c,220.0111846923828,15.0,23.354987769261584,42.76656429017268,1.8311533583686257,50.0,1005.0,293.15,constant_cp_1005_J_kgK,PASS
gsB_c,225.0142364501953,15.0,-1.9421629055585754,-9.408478618231808,4.844330301263556,50.0,1005.0,293.15,constant_cp_1005_J_kgK,PASS
gsB_c,230.0084228515625,15.0,17.772294054916884,44.35316167095496,2.495635145997856,50.0,1005.0,293.15,constant_cp_1005_J_kgK,PASS
gsB_c,235.01699829101562,15.0,24.0858362833702,63.02733564844593,2.616780040531359,50.0,1005.0,293.15,constant_cp_1005_J_kgK,PASS
gsB_c,240.00367736816406,15.0,19.188604066473474,42.70840986321851,2.225717395233214,50.0,1005.0,293.15,constant_cp_1005_J_kgK,PASS
gsB_c,245.01808166503906,15.0,61.712202573309085,132.1854980537659,2.1419669455906765,50.0,1005.0,293.15,constant_cp_1005_J_kgK,PASS
gsB_c,250.00741577148438,15.0,9.718446976375574,21.53307788399824,2.2156912451266115,50.0,1005.0,293.15,constant_cp_1005_J_kgK,PASS
gsB_c,255.01162719726562,15.0,31.87049462171835,66.28243198980502,2.0797428083389926,50.0,1005.0,293.15,constant_cp_1005_J_kgK,PASS
gsB_c,260.0019226074219,15.0,42.41587986430865,108.48042633258196,2.5575427570301703,50.0,1005.0,293.15,constant_cp_1005_J_kgK,PASS
gsB_c,265.0000915527344,15.0,11.186004859373497,22.42743652695936,2.0049550135999596,50.0,1005.0,293.15,constant_cp_1005_J_kgK,PASS
gsB_c,270.0126953125,15.0,2.0081441959161594,0.18831923444280818,0.09377774501054445,50.0,1005.0,293.15,constant_cp_1005_J_kgK,PASS
gsB_c,275.013916015625,15.0,32.55004442930165,76.26678310846634,2.343062335038403,50.0,1005.0,293.15,constant_cp_1005_J_kgK,PASS
gsB_c,280.0115661621094,15.0,32.16454612226251,63.99203779333429,1.9895209323987026,50.0,1005.0,293.15,constant_cp_1005_J_kgK,PASS
gsB_c,285.01824951171875,15.0,50.02110553701165,101.86636782485715,2.036467741550567,50.0,1005.0,293.15,constant_cp_1005_J_kgK,PASS
gsB_c,290.00213623046875,15.0,17.843741604791816,41.88069367284536,2.3470802591790223,50.0,1005.0,293.15,constant_cp_1005_J_kgK,PASS
gsB_c,295.0187072753906,15.0,30.293324937067254,60.41654615834415,1.9943847788864997,50.0,1005.0,293.15,constant_cp_1005_J_kgK,PASS
gsB_c,300.0,15.0,18.241522966112385,35.45230412993144,1.9434947506218834,50.0,1005.0,293.15,constant_cp_1005_J_kgK,PASS
gsB_c,0.0,22.0,0.0,0.0,0.0,50.0,1005.0,293.15,constant_cp_1005_J_kgK,NEAR_ZERO_C_T_REVIEW
gsB_c,5.009599685668945,22.0,-7.757378633129335,-6.258042813172361,0.806721330532907,50.0,1005.0,293.15,constant_cp_1005_J_kgK,PASS
gsB_c,10.011014938354492,22.0,156.08891048586804,291.4162841494034,1.8669890336246573,50.0,1005.0,293.15,constant_cp_1005_J_kgK,PASS
gsB_c,15.006303787231445,22.0,177.64521045892496,410.4329498924816,2.3104081941183057,50.0,1005.0,293.15,constant_cp_1005_J_kgK,PASS
gsB_c,20.012596130371094,22.0,186.3270156478464,388.4389977919731,2.084716467117301,50.0,1005.0,293.15,constant_cp_1005_J_kgK,PASS
gsB_c,25.00234603881836,22.0,217.5609359539444,588.5504667449106,2.705221248297976,50.0,1005.0,293.15,constant_cp_1005_J_kgK,PASS
gsB_c,30.01245880126953,22.0,200.82081743179276,577.2446398683309,2.8744263032467394,50.0,1005.0,293.15,constant_cp_1005_J_kgK,PASS
gsB_c,35.009300231933594,22.0,171.5046066223768,422.4095609737599,2.4629633529399535,50.0,1005.0,293.15,constant_cp_1005_J_kgK,PASS
gsB_c,40.01394271850586,22.0,206.3448183222137,357.7730589144661,1.7338601561298173,50.0,1005.0,293.15,constant_cp_1005_J_kgK,PASS
gsB_c,45.01336669921875,22.0,225.42155959115053,422.5255055356437,1.8743793020512691,50.0,1005.0,293.15,constant_cp_1005_J_kgK,PASS
gsB_c,50.0046272277832,22.0,148.27462767530204,404.5210736947047,2.728188092826061,50.0,1005.0,293.15,constant_cp_1005_J_kgK,PASS
gsB_c,55.01531219482422,22.0,130.90956230168808,312.6044648052755,2.3879421740214353,50.0,1005.0,293.15,constant_cp_1005_J_kgK,PASS
gsB_c,60.00954818725586,22.0,213.0065047092969,396.46090379005904,1.8612619569025481,50.0,1005.0,293.15,constant_cp_1005_J_kgK,PASS
gsB_c,65.01441192626953,22.0,183.77472756549815,508.71355375090974,2.7681366229577664,50.0,1005.0,293.15,constant_cp_1005_J_kgK,PASS
gsB_c,70.01788330078125,22.0,195.8712875934519,400.3891370829796,2.044144100956636,50.0,1005.0,293.15,constant_cp_1005_J_kgK,PASS
gsB_c,75.00894927978516,22.0,161.46741421078104,304.9293319383499,1.8884883580188128,50.0,1005.0,293.15,constant_cp_1005_J_kgK,PASS
gsB_c,80.00939178466797,22.0,177.609587451396,500.7497303593538,2.81938457006758,50.0,1005.0,293.15,constant_cp_1005_J_kgK,PASS
gsB_c,85.0166244506836,22.0,184.72918644062622,462.5526260972422,2.50394989014585,50.0,1005.0,293.15,constant_cp_1005_J_kgK,PASS
gsB_c,90.02213287353516,22.0,176.83714633362243,318.79170623272506,1.8027417476500511,50.0,1005.0,293.15,constant_cp_1005_J_kgK,PASS
gsB_c,95.003173828125,22.0,179.7729468516289,404.20615823806924,2.248425946810686,50.0,1005.0,293.15,constant_cp_1005_J_kgK,PASS
gsB_c,100.0059814453125,22.0,164.70897191359143,430.2568821522866,2.6122249270998608,50.0,1005.0,293.15,constant_cp_1005_J_kgK,PASS
gsB_c,105.0197982788086,22.0,197.84332753469204,338.314212513887,1.7100107278212517,50.0,1005.0,293.15,constant_cp_1005_J_kgK,PASS
gsB_c,110.01859283447266,22.0,181.9406011688451,380.71894641866845,2.0925452811011653,50.0,1005.0,293.15,constant_cp_1005_J_kgK,PASS
gsB_c,115.01551055908203,22.0,242.69053000177533,658.2466290581098,2.712288069297893,50.0,1005.0,293.15,constant_cp_1005_J_kgK,PASS
gsB_c,120.02314758300781,22.0,216.93112482117257,378.458444363139,1.7446018623347714,50.0,1005.0,293.15,constant_cp_1005_J_kgK,PASS
gsB_c,125.01868438720703,22.0,229.87480455671948,539.2170819442408,2.345698925037469,50.0,1005.0,293.15,constant_cp_1005_J_kgK,PASS
gsB_c,130.0050048828125,22.0,246.80769210916617,660.561364376611,2.676421300847301,50.0,1005.0,293.15,constant_cp_1005_J_kgK,PASS
gsB_c,135.01502990722656,22.0,261.965362743172,498.1180859293853,1.9014654483762168,50.0,1005.0,293.15,constant_cp_1005_J_kgK,PASS
gsB_c,140.01190185546875,22.0,199.51923326570878,507.0412727584138,2.541315262978295,50.0,1005.0,293.15,constant_cp_1005_J_kgK,PASS
gsB_c,145.01376342773438,22.0,254.79944345723158,617.5669509163604,2.423737440453225,50.0,1005.0,293.15,constant_cp_1005_J_kgK,PASS
gsB_c,150.0125732421875,22.0,181.69613716684924,295.7101825847187,1.6274984553554066,50.0,1005.0,293.15,constant_cp_1005_J_kgK,PASS
gsB_c,155.01248168945312,22.0,268.4377999536241,633.9046050557988,2.3614580553221347,50.0,1005.0,293.15,constant_cp_1005_J_kgK,PASS
gsB_c,160.00794982910156,22.0,194.45391748364978,474.5914463600425,2.440637105691156,50.0,1005.0,293.15,constant_cp_1005_J_kgK,PASS
gsB_c,165.00357055664062,22.0,160.03849720325462,276.84561265545756,1.729868859628967,50.0,1005.0,293.15,constant_cp_1005_J_kgK,PASS
gsB_c,170.00460815429688,22.0,211.83788105805107,497.6784874634267,2.349336601061903,50.0,1005.0,293.15,constant_cp_1005_J_kgK,PASS
gsB_c,175.016357421875,22.0,270.87991567878885,634.3734033411399,2.341898998857642,50.0,1005.0,293.15,constant_cp_1005_J_kgK,PASS
gsB_c,180.01397705078125,22.0,206.31400797174913,369.83983537692416,1.7926065176620205,50.0,1005.0,293.15,constant_cp_1005_J_kgK,PASS
gsB_c,185.00637817382812,22.0,167.64394214867707,472.07531093872575,2.815940169894383,50.0,1005.0,293.15,constant_cp_1005_J_kgK,PASS
gsB_c,190.0080108642578,22.0,232.43507238658694,452.07170639096717,1.9449375765337804,50.0,1005.0,293.15,constant_cp_1005_J_kgK,PASS
gsB_c,195.0109100341797,22.0,179.04168319171816,408.65457936300567,2.2824549684507556,50.0,1005.0,293.15,constant_cp_1005_J_kgK,PASS
gsB_c,200.00852966308594,22.0,247.7541067660385,618.3377081348813,2.4957717803495383,50.0,1005.0,293.15,constant_cp_1005_J_kgK,PASS
gsB_c,205.0216064453125,22.0,226.31733282445555,378.3462897848075,1.6717512753501846,50.0,1005.0,293.15,constant_cp_1005_J_kgK,PASS
gsB_c,210.00442504882812,22.0,196.03437850365168,467.42325714679873,2.3843943124277422,50.0,1005.0,293.15,constant_cp_1005_J_kgK,PASS
gsB_c,215.00306701660156,22.0,239.77456792325165,602.3577188162914,2.512183523177425,50.0,1005.0,293.15,constant_cp_1005_J_kgK,PASS
gsB_c,220.0111846923828,22.0,182.38260973851908,319.78856288955797,1.7533939411563617,50.0,1005.0,293.15,constant_cp_1005_J_kgK,PASS
gsB_c,225.0142364501953,22.0,252.06766710148304,709.3356437844162,2.8140683489406912,50.0,1005.0,293.15,constant_cp_1005_J_kgK,PASS
gsB_c,230.0084228515625,22.0,223.26789020699275,451.44364889800613,2.0219819718699745,50.0,1005.0,293.15,constant_cp_1005_J_kgK,PASS
gsB_c,235.01699829101562,22.0,240.6551552654551,606.4113847771499,2.5198354222070454,50.0,1005.0,293.15,constant_cp_1005_J_kgK,PASS
gsB_c,240.00367736816406,22.0,191.1170210812644,380.6627349608847,1.9917782979519771,50.0,1005.0,293.15,constant_cp_1005_J_kgK,PASS
gsB_c,245.01808166503906,22.0,211.23439222907552,412.46803722875677,1.9526556867666631,50.0,1005.0,293.15,constant_cp_1005_J_kgK,PASS
gsB_c,250.00741577148438,22.0,251.6470191260404,635.9421973902174,2.527119930115966,50.0,1005.0,293.15,constant_cp_1005_J_kgK,PASS
gsB_c,255.01162719726562,22.0,270.5820174240807,483.8939339311562,1.788344763395586,50.0,1005.0,293.15,constant_cp_1005_J_kgK,PASS
gsB_c,260.0019226074219,22.0,173.48539948094566,455.645242367932,2.6264183829219028,50.0,1005.0,293.15,constant_cp_1005_J_kgK,PASS
gsB_c,265.0000915527344,22.0,186.18280457265593,387.47344555213175,2.0811451757825634,50.0,1005.0,293.15,constant_cp_1005_J_kgK,PASS
gsB_c,270.0126953125,22.0,249.61695019267563,491.0677735226217,1.967285367206059,50.0,1005.0,293.15,constant_cp_1005_J_kgK,PASS
gsB_c,275.013916015625,22.0,272.08976093206434,773.4657298797459,2.8426859108087608,50.0,1005.0,293.15,constant_cp_1005_J_kgK,PASS
gsB_c,280.0115661621094,22.0,243.4476262759989,474.49590381853477,1.9490676950723076,50.0,1005.0,293.15,constant_cp_1005_J_kgK,PASS
gsB_c,285.01824951171875,22.0,196.04889512424637,375.15358222329405,1.9135715199191823,50.0,1005.0,293.15,constant_cp_1005_J_kgK,PASS
gsB_c,290.00213623046875,22.0,147.74653181611967,412.72893858906525,2.793493244903645,50.0,1005.0,293.15,constant_cp_1005_J_kgK,PASS
gsB_c,295.0187072753906,22.0,285.7679826362151,514.8831011622603,1.8017522341399208,50.0,1005.0,293.15,constant_cp_1005_J_kgK,PASS
gsB_c,300.0,22.0,233.0005625460948,478.4183022841321,2.053292477297915,50.0,1005.0,293.15,constant_cp_1005_J_kgK,PASS
gsB_c,0.0,29.0,0.0,0.0,0.0,50.0,1005.0,293.15,constant_cp_1005_J_kgK,NEAR_ZERO_C_T_REVIEW
gsB_c,5.009599685668945,29.0,110.33943098979094,74.17842518704796,0.6722748569660376,50.0,1005.0,293.15,constant_cp_1005_J_kgK,PASS
gsB_c,10.011014938354492,29.0,1050.9176581518034,1767.845290225051,1.6821920123907619,50.0,1005.0,293.15,constant_cp_1005_J_kgK,PASS
gsB_c,15.006303787231445,29.0,1144.470068670866,2647.8584872006772,2.3136109538220273,50.0,1005.0,293.15,constant_cp_1005_J_kgK,PASS
gsB_c,20.012596130371094,29.0,1212.257299569592,2405.0508901490234,1.9839442426957914,50.0,1005.0,293.15,constant_cp_1005_J_kgK,PASS
gsB_c,25.00234603881836,29.0,1351.402418335053,3843.324596949074,2.8439527299953045,50.0,1005.0,293.15,constant_cp_1005_J_kgK,PASS
gsB_c,30.01245880126953,29.0,1247.2599116687525,3827.3572086358026,3.068612382091219,50.0,1005.0,293.15,constant_cp_1005_J_kgK,PASS
gsB_c,35.009300231933594,29.0,1334.3951853140297,3387.0235948096088,2.538246264737523,50.0,1005.0,293.15,constant_cp_1005_J_kgK,PASS
gsB_c,40.01394271850586,29.0,1271.0329238786044,1928.2941416287138,1.5171079406369232,50.0,1005.0,293.15,constant_cp_1005_J_kgK,PASS
gsB_c,45.01336669921875,29.0,1163.8656998124245,1997.9644316732229,1.7166623537350658,50.0,1005.0,293.15,constant_cp_1005_J_kgK,PASS
gsB_c,50.0046272277832,29.0,1080.133936492345,3124.058713461316,2.8922882689933562,50.0,1005.0,293.15,constant_cp_1005_J_kgK,PASS
gsB_c,55.01531219482422,29.0,1299.7692318322136,3275.0035174076706,2.5196807534738745,50.0,1005.0,293.15,constant_cp_1005_J_kgK,PASS
gsB_c,60.00954818725586,29.0,1249.006826255888,2091.061672950367,1.6741795392880348,50.0,1005.0,293.15,constant_cp_1005_J_kgK,PASS
gsB_c,65.01441192626953,29.0,1109.8421012944355,3275.3362834002073,2.951173216061233,50.0,1005.0,293.15,constant_cp_1005_J_kgK,PASS
gsB_c,70.01788330078125,29.0,1318.9326397375394,2528.6881479450394,1.9172231179647794,50.0,1005.0,293.15,constant_cp_1005_J_kgK,PASS
gsB_c,75.00894927978516,29.0,1138.499285420265,1982.6817030577079,1.7414869982321335,50.0,1005.0,293.15,constant_cp_1005_J_kgK,PASS
gsB_c,80.00939178466797,29.0,1171.39819402911,3522.7446078594076,3.0072989917627084,50.0,1005.0,293.15,constant_cp_1005_J_kgK,PASS
gsB_c,85.0166244506836,29.0,1288.0024649170032,3326.9604745506163,2.5830389033940375,50.0,1005.0,293.15,constant_cp_1005_J_kgK,PASS
gsB_c,90.02213287353516,29.0,1199.665189823319,1969.9086060872717,1.6420486505703715,50.0,1005.0,293.15,constant_cp_1005_J_kgK,PASS
gsB_c,95.003173828125,29.0,1155.4977384312358,2607.2230352027136,2.2563635985477215,50.0,1005.0,293.15,constant_cp_1005_J_kgK,PASS
gsB_c,100.0059814453125,29.0,1237.583814668989,3430.7651126290975,2.772147689685112,50.0,1005.0,293.15,constant_cp_1005_J_kgK,PASS
gsB_c,105.0197982788086,29.0,1315.1047946374024,1980.2381869404066,1.505764555808564,50.0,1005.0,293.15,constant_cp_1005_J_kgK,PASS
gsB_c,110.01859283447266,29.0,1120.3941428990217,2247.3644587361,2.005869517417357,50.0,1005.0,293.15,constant_cp_1005_J_kgK,PASS
gsB_c,115.01551055908203,29.0,1346.513601120477,3808.088370353572,2.8281098439569505,50.0,1005.0,293.15,constant_cp_1005_J_kgK,PASS
gsB_c,120.02314758300781,29.0,1289.7632506877903,1991.9416554115012,1.5444242610787031,50.0,1005.0,293.15,constant_cp_1005_J_kgK,PASS
gsB_c,125.01868438720703,29.0,1090.4083624100997,2513.8576262303386,2.3054276846077397,50.0,1005.0,293.15,constant_cp_1005_J_kgK,PASS
gsB_c,130.0050048828125,29.0,1217.1345966327744,3359.8793946040287,2.760483026196476,50.0,1005.0,293.15,constant_cp_1005_J_kgK,PASS
gsB_c,135.01502990722656,29.0,1196.2613332006324,2014.8424380382987,1.6842828419822315,50.0,1005.0,293.15,constant_cp_1005_J_kgK,PASS
gsB_c,140.01190185546875,29.0,1136.0294858940783,2950.4017344891017,2.597117214932567,50.0,1005.0,293.15,constant_cp_1005_J_kgK,PASS
gsB_c,145.01376342773438,29.0,1323.9180623735117,3194.7301030966196,2.4130874816880397,50.0,1005.0,293.15,constant_cp_1005_J_kgK,PASS
gsB_c,150.0125732421875,29.0,1309.8082594444068,1899.8144577657154,1.4504523422154372,50.0,1005.0,293.15,constant_cp_1005_J_kgK,PASS
gsB_c,155.01248168945312,29.0,1284.5535515088116,3002.0077931990772,2.3370047824558506,50.0,1005.0,293.15,constant_cp_1005_J_kgK,PASS
gsB_c,160.00794982910156,29.0,1280.0605883091098,3216.272842881358,2.512594225815019,50.0,1005.0,293.15,constant_cp_1005_J_kgK,PASS
gsB_c,165.00357055664062,29.0,1341.315556223454,2036.5677567544576,1.5183360450146461,50.0,1005.0,293.15,constant_cp_1005_J_kgK,PASS
gsB_c,170.00460815429688,29.0,1226.2977235332073,2878.2618040892767,2.3471150185242826,50.0,1005.0,293.15,constant_cp_1005_J_kgK,PASS
gsB_c,175.016357421875,29.0,1389.6975303413506,3240.134693182567,2.3315395058551793,50.0,1005.0,293.15,constant_cp_1005_J_kgK,PASS
gsB_c,180.01397705078125,29.0,1325.4042698855696,2125.6205990627577,1.6037526416333878,50.0,1005.0,293.15,constant_cp_1005_J_kgK,PASS
gsB_c,185.00637817382812,29.0,1288.3449037107803,3835.917063052998,2.977399182471671,50.0,1005.0,293.15,constant_cp_1005_J_kgK,PASS
gsB_c,190.0080108642578,29.0,1395.3908191089981,2517.443268596454,1.8041133954157145,50.0,1005.0,293.15,constant_cp_1005_J_kgK,PASS
gsB_c,195.0109100341797,29.0,1179.0478735018646,2670.772278715101,2.265194093247828,50.0,1005.0,293.15,constant_cp_1005_J_kgK,PASS
gsB_c,200.00852966308594,29.0,1400.0295138240667,3598.6238655197403,2.5703914310262084,50.0,1005.0,293.15,constant_cp_1005_J_kgK,PASS
gsB_c,205.0216064453125,29.0,1415.2118136210493,2035.188526390113,1.4380805097869518,50.0,1005.0,293.15,constant_cp_1005_J_kgK,PASS
gsB_c,210.00442504882812,29.0,1245.642036993182,3054.4628115934456,2.452119245240045,50.0,1005.0,293.15,constant_cp_1005_J_kgK,PASS
gsB_c,215.00306701660156,29.0,1349.6414823201121,3488.196375921797,2.5845355389660964,50.0,1005.0,293.15,constant_cp_1005_J_kgK,PASS
gsB_c,220.0111846923828,29.0,1285.1469852097503,2072.7314016530954,1.6128360611710029,50.0,1005.0,293.15,constant_cp_1005_J_kgK,PASS
gsB_c,225.0142364501953,29.0,1321.681108886845,3876.718996489094,2.9331727376743975,50.0,1005.0,293.15,constant_cp_1005_J_kgK,PASS
gsB_c,230.0084228515625,29.0,1353.570242944425,2612.3351338041853,1.9299590452872513,50.0,1005.0,293.15,constant_cp_1005_J_kgK,PASS
gsB_c,235.01699829101562,29.0,1154.5616631122894,2974.9476342600597,2.5766901234517676,50.0,1005.0,293.15,constant_cp_1005_J_kgK,PASS
gsB_c,240.00367736816406,29.0,1330.852385231811,2606.690025014722,1.9586620228799634,50.0,1005.0,293.15,constant_cp_1005_J_kgK,PASS
gsB_c,245.01808166503906,29.0,1256.048107618104,2314.788401813592,1.8429138086130936,50.0,1005.0,293.15,constant_cp_1005_J_kgK,PASS
gsB_c,250.00741577148438,29.0,1422.2775935244028,3720.086430448553,2.6155839390168314,50.0,1005.0,293.15,constant_cp_1005_J_kgK,PASS
gsB_c,255.01162719726562,29.0,1342.8853292245758,2135.3600053195287,1.5901283295357487,50.0,1005.0,293.15,constant_cp_1005_J_kgK,PASS
gsB_c,260.0019226074219,29.0,1295.967805544759,3580.607991906616,2.7628834424623285,50.0,1005.0,293.15,constant_cp_1005_J_kgK,PASS
gsB_c,265.0000915527344,29.0,1392.4464023894218,2822.487888022502,2.0269993036551486,50.0,1005.0,293.15,constant_cp_1005_J_kgK,PASS
gsB_c,270.0126953125,29.0,1244.6830732200326,2288.2279166209537,1.8384020525798594,50.0,1005.0,293.15,constant_cp_1005_J_kgK,PASS
gsB_c,275.013916015625,29.0,1322.0290265694318,3982.7876989146926,3.012632566205238,50.0,1005.0,293.15,constant_cp_1005_J_kgK,PASS
gsB_c,280.0115661621094,29.0,1395.7888320755521,2421.6654344787494,1.734979804126942,50.0,1005.0,293.15,constant_cp_1005_J_kgK,PASS
gsB_c,285.01824951171875,29.0,1248.1127206803917,2262.181883475365,1.8124820346677941,50.0,1005.0,293.15,constant_cp_1005_J_kgK,PASS
gsB_c,290.00213623046875,29.0,1298.7356529382055,3918.3847936606758,3.017076481109045,50.0,1005.0,293.15,constant_cp_1005_J_kgK,PASS
gsB_c,295.0187072753906,29.0,1440.5028885761808,2292.1480423442717,1.591213777161031,50.0,1005.0,293.15,constant_cp_1005_J_kgK,PASS
gsB_c,300.0,29.0,1343.4270993599316,2641.6850743705977,1.9663776885453983,50.0,1005.0,293.15,constant_cp_1005_J_kgK,PASS
gsB_c,0.0,39.5,0.0,0.0,0.0,50.0,1005.0,293.15,constant_cp_1005_J_kgK,NEAR_ZERO_C_T_REVIEW
gsB_c,5.009599685668945,39.5,4296.300176276485,2138.569689122798,0.49777008155322944,50.0,1005.0,293.15,constant_cp_1005_J_kgK,PASS
gsB_c,10.011014938354492,39.5,12727.282931672538,18523.39807945653,1.4554086821908065,50.0,1005.0,293.15,constant_cp_1005_J_kgK,PASS
gsB_c,15.006303787231445,39.5,14457.750180105795,33624.34741302434,2.3256970824748313,50.0,1005.0,293.15,constant_cp_1005_J_kgK,PASS
gsB_c,20.012596130371094,39.5,13961.930555037943,26171.669357975865,1.874502186843377,50.0,1005.0,293.15,constant_cp_1005_J_kgK,PASS
gsB_c,25.00234603881836,39.5,16189.340973622198,49164.492616798096,3.03684335865804,50.0,1005.0,293.15,constant_cp_1005_J_kgK,PASS
gsB_c,30.01245880126953,39.5,15111.389031029576,50055.49772353077,3.3124352513686195,50.0,1005.0,293.15,constant_cp_1005_J_kgK,PASS
gsB_c,35.009300231933594,39.5,18915.24079296255,46439.08019231751,2.4551144075095674,50.0,1005.0,293.15,constant_cp_1005_J_kgK,PASS
gsB_c,40.01394271850586,39.5,14727.147923556957,18415.289131556623,1.2504314635218006,50.0,1005.0,293.15,constant_cp_1005_J_kgK,PASS
gsB_c,45.01336669921875,39.5,13126.44209932952,20293.211942376955,1.5459796179965595,50.0,1005.0,293.15,constant_cp_1005_J_kgK,PASS
gsB_c,50.0046272277832,39.5,13677.62964396077,41841.021961795675,3.05908428952579,50.0,1005.0,293.15,constant_cp_1005_J_kgK,PASS
gsB_c,55.01531219482422,39.5,18153.0390701157,42967.67429724952,2.366968645375878,50.0,1005.0,293.15,constant_cp_1005_J_kgK,PASS
gsB_c,60.00954818725586,39.5,16023.628959505037,20616.66319621787,1.2866413250281241,50.0,1005.0,293.15,constant_cp_1005_J_kgK,PASS
gsB_c,65.01441192626953,39.5,52265.32035708013,100768.39461371848,1.9280163964414687,50.0,1005.0,293.15,constant_cp_1005_J_kgK,PASS
gsB_c,70.01788330078125,39.5,34901.548659417786,42606.93111926706,1.2207748009992343,50.0,1005.0,293.15,constant_cp_1005_J_kgK,PASS
gsB_c,75.00894927978516,39.5,13389.928623867829,20426.969855304473,1.5255473295721267,50.0,1005.0,293.15,constant_cp_1005_J_kgK,PASS
gsB_c,80.00939178466797,39.5,22429.922015650805,61758.1715685796,2.75338324963788,50.0,1005.0,293.15,constant_cp_1005_J_kgK,PASS
gsB_c,85.0166244506836,39.5,27062.346135997723,62135.00940188705,2.2959949255557768,50.0,1005.0,293.15,constant_cp_1005_J_kgK,PASS
gsB_c,90.02213287353516,39.5,30371.34859300561,24330.253308275773,0.8010922937375959,50.0,1005.0,293.15,constant_cp_1005_J_kgK,PASS
gsB_c,95.003173828125,39.5,14527.630910640972,31751.051421000295,2.1855629191227317,50.0,1005.0,293.15,constant_cp_1005_J_kgK,PASS
gsB_c,100.0059814453125,39.5,16655.822710630444,47982.16255430032,2.880804112046246,50.0,1005.0,293.15,constant_cp_1005_J_kgK,PASS
gsB_c,105.0197982788086,39.5,16122.80737884159,19899.16817806403,1.2342247668465622,50.0,1005.0,293.15,constant_cp_1005_J_kgK,PASS
gsB_c,110.01859283447266,39.5,13703.876415495413,26030.833654656453,1.899523380495511,50.0,1005.0,293.15,constant_cp_1005_J_kgK,PASS
gsB_c,115.01551055908203,39.5,173765.66119638522,285035.26675086183,1.6403428893164405,50.0,1005.0,293.15,constant_cp_1005_J_kgK,PASS
gsB_c,120.02314758300781,39.5,103980.99666071168,27629.027956413953,0.26571228247183243,50.0,1005.0,293.15,constant_cp_1005_J_kgK,PASS
gsB_c,125.01868438720703,39.5,25651.366068126503,39487.56134157087,1.5393940906186359,50.0,1005.0,293.15,constant_cp_1005_J_kgK,PASS
gsB_c,130.0050048828125,39.5,238720.65752248972,329564.6910169152,1.3805453387956832,50.0,1005.0,293.15,constant_cp_1005_J_kgK,PASS
gsB_c,135.01502990722656,39.5,295035.88838024315,-99991.29030213092,-0.33891229589419136,50.0,1005.0,293.15,constant_cp_1005_J_kgK,PASS
gsB_c,140.01190185546875,39.5,179837.91312338575,197600.7478295325,1.0987713569271609,50.0,1005.0,293.15,constant_cp_1005_J_kgK,PASS
gsB_c,145.01376342773438,39.5,559230.9642520626,267539.29844065744,0.47840573133941977,50.0,1005.0,293.15,constant_cp_1005_J_kgK,PASS
gsB_c,150.0125732421875,39.5,389224.26199974644,-199266.17882532385,-0.5119572397710735,50.0,1005.0,293.15,constant_cp_1005_J_kgK,PASS
gsB_c,155.01248168945312,39.5,437011.6822613038,234990.7875212341,0.5377219810355659,50.0,1005.0,293.15,constant_cp_1005_J_kgK,PASS
gsB_c,160.00794982910156,39.5,660393.8130966992,552753.5565119971,0.8370059584901932,50.0,1005.0,293.15,constant_cp_1005_J_kgK,PASS
gsB_c,165.00357055664062,39.5,678254.2953516883,-448844.4208907893,-0.6617642143468533,50.0,1005.0,293.15,constant_cp_1005_J_kgK,PASS
gsB_c,170.00460815429688,39.5,161874.5567589386,181883.6564995279,1.1236086766272075,50.0,1005.0,293.15,constant_cp_1005_J_kgK,PASS
gsB_c,175.016357421875,39.5,290866.3344002137,223620.86022690157,0.7688097032199425,50.0,1005.0,293.15,constant_cp_1005_J_kgK,PASS
gsB_c,180.01397705078125,39.5,69956.88762312735,33673.24391141658,0.4813427963350948,50.0,1005.0,293.15,constant_cp_1005_J_kgK,PASS
gsB_c,185.00637817382812,39.5,42576.782502018024,113887.90929862573,2.674882943379413,50.0,1005.0,293.15,constant_cp_1005_J_kgK,PASS
gsB_c,190.0080108642578,39.5,207939.11866379497,13885.72865847887,0.06677785665202254,50.0,1005.0,293.15,constant_cp_1005_J_kgK,PASS
gsB_c,195.0109100341797,39.5,58578.73137973278,57137.75521372026,0.9754010349477789,50.0,1005.0,293.15,constant_cp_1005_J_kgK,PASS
gsB_c,200.00852966308594,39.5,272183.17660375783,230803.03124002233,0.8479694965718721,50.0,1005.0,293.15,constant_cp_1005_J_kgK,PASS
gsB_c,205.0216064453125,39.5,324990.384749142,-241597.9735021906,-0.7434003737946826,50.0,1005.0,293.15,constant_cp_1005_J_kgK,PASS
gsB_c,210.00442504882812,39.5,224201.88930069737,240839.98467852746,1.0742103263702394,50.0,1005.0,293.15,constant_cp_1005_J_kgK,PASS
gsB_c,215.00306701660156,39.5,762227.793817909,729111.0401750684,0.9565526816111446,50.0,1005.0,293.15,constant_cp_1005_J_kgK,PASS
gsB_c,220.0111846923828,39.5,229634.56572725592,-57898.61047055604,-0.25213369027084437,50.0,1005.0,293.15,constant_cp_1005_J_kgK,PASS
gsB_c,225.0142364501953,39.5,181549.0908582789,278571.16755033017,1.5344123522369342,50.0,1005.0,293.15,constant_cp_1005_J_kgK,PASS
gsB_c,230.0084228515625,39.5,248333.72881306434,86278.11399740851,0.34742809367774147,50.0,1005.0,293.15,constant_cp_1005_J_kgK,PASS
gsB_c,235.01699829101562,39.5,13954.88325532115,36261.60754668361,2.59848877867567,50.0,1005.0,293.15,constant_cp_1005_J_kgK,PASS
gsB_c,240.00367736816406,39.5,200451.47534272837,79646.62166238534,0.3973361708922649,50.0,1005.0,293.15,constant_cp_1005_J_kgK,PASS
gsB_c,245.01808166503906,39.5,27204.1471507747,33549.624114310005,1.2332540302905017,50.0,1005.0,293.15,constant_cp_1005_J_kgK,PASS
gsB_c,250.00741577148438,39.5,209363.01187349006,295129.7700648243,1.4096557334738689,50.0,1005.0,293.15,constant_cp_1005_J_kgK,PASS
gsB_c,255.01162719726562,39.5,154677.2695841632,4156.823986378138,0.02687417483870372,50.0,1005.0,293.15,constant_cp_1005_J_kgK,PASS
gsB_c,260.0019226074219,39.5,101674.16235884065,149390.38246545574,1.469305268906055,50.0,1005.0,293.15,constant_cp_1005_J_kgK,PASS
gsB_c,265.0000915527344,39.5,338766.8116130665,60941.85800979522,0.17989323605702487,50.0,1005.0,293.15,constant_cp_1005_J_kgK,PASS
gsB_c,270.0126953125,39.5,198636.97870404657,20267.748947457414,0.10203411811682184,50.0,1005.0,293.15,constant_cp_1005_J_kgK,PASS
gsB_c,275.013916015625,39.5,182433.8832637149,345456.4875658302,1.8935982800215803,50.0,1005.0,293.15,constant_cp_1005_J_kgK,PASS
gsB_c,280.0115661621094,39.5,146905.16153190573,5731.746896425225,0.03901664745237921,50.0,1005.0,293.15,constant_cp_1005_J_kgK,PASS
gsB_c,285.01824951171875,39.5,29871.59597982796,35561.57619659589,1.1904812926838304,50.0,1005.0,293.15,constant_cp_1005_J_kgK,PASS
gsB_c,290.00213623046875,39.5,16379.993977566392,51551.795209612916,3.147241401932977,50.0,1005.0,293.15,constant_cp_1005_J_kgK,PASS
gsB_c,295.0187072753906,39.5,17543.44277631492,23094.855272518857,1.3164380314049575,50.0,1005.0,293.15,constant_cp_1005_J_kgK,PASS
gsB_c,300.0,39.5,15115.610640852192,27561.67696728442,1.8233915666491867,50.0,1005.0,293.15,constant_cp_1005_J_kgK,PASS
gsB_c,0.0,46.5,0.0,0.0,0.0,50.0,1005.0,293.15,constant_cp_1005_J_kgK,NEAR_ZERO_C_T_REVIEW
gsB_c,5.009599685668945,46.5,1488604.4152328353,-22184.281458868994,-0.014902737914692465,50.0,1005.0,293.15,constant_cp_1005_J_kgK,PASS
gsB_c,10.011014938354492,46.5,544041.8379990833,145364.64971123674,0.2671938802461758,50.0,1005.0,293.15,constant_cp_1005_J_kgK,PASS
gsB_c,15.006303787231445,46.5,149837.67241649184,276068.75291570695,1.8424522248873354,50.0,1005.0,293.15,constant_cp_1005_J_kgK,PASS
gsB_c,20.012596130371094,46.5,92649.00453270343,163446.27649842593,1.7641449826989837,50.0,1005.0,293.15,constant_cp_1005_J_kgK,PASS
gsB_c,25.00234603881836,46.5,354725.5601652019,666428.2033777528,1.8787149227909703,50.0,1005.0,293.15,constant_cp_1005_J_kgK,PASS
gsB_c,30.01245880126953,46.5,1394240.8997757754,2433762.7006692765,1.7455826328582653,50.0,1005.0,293.15,constant_cp_1005_J_kgK,PASS
gsB_c,35.009300231933594,46.5,2096878.6390573257,1422298.4632654248,0.6782931719428615,50.0,1005.0,293.15,constant_cp_1005_J_kgK,PASS
gsB_c,40.01394271850586,46.5,1810065.9983094172,-1784033.0917607911,-0.9856177031263272,50.0,1005.0,293.15,constant_cp_1005_J_kgK,PASS
gsB_c,45.01336669921875,46.5,1673056.7163034503,-1004103.3665383835,-0.600160984833143,50.0,1005.0,293.15,constant_cp_1005_J_kgK,PASS
gsB_c,50.0046272277832,46.5,1946975.3343548207,2570584.1582892113,1.3202962117345147,50.0,1005.0,293.15,constant_cp_1005_J_kgK,PASS
gsB_c,55.01531219482422,46.5,2290611.3172200965,1490145.097192545,0.6505447196519556,50.0,1005.0,293.15,constant_cp_1005_J_kgK,PASS
gsB_c,60.00954818725586,46.5,2229502.208894783,-1953197.1630977623,-0.8760687274968018,50.0,1005.0,293.15,constant_cp_1005_J_kgK,PASS
gsB_c,65.01441192626953,46.5,2018153.6795701494,3040185.8757390585,1.5064194102337105,50.0,1005.0,293.15,constant_cp_1005_J_kgK,PASS
gsB_c,70.01788330078125,46.5,1982580.3463157776,-770596.3942623388,-0.3886835636670842,50.0,1005.0,293.15,constant_cp_1005_J_kgK,PASS
gsB_c,75.00894927978516,46.5,1700839.2978452595,-1240604.4738315963,-0.7294072258344918,50.0,1005.0,293.15,constant_cp_1005_J_kgK,PASS
gsB_c,80.00939178466797,46.5,1960595.5249651633,3321102.049951532,1.6939251404292281,50.0,1005.0,293.15,constant_cp_1005_J_kgK,PASS
gsB_c,85.0166244506836,46.5,2172873.572806454,2116020.323040944,0.9738349941400043,50.0,1005.0,293.15,constant_cp_1005_J_kgK,PASS
gsB_c,90.02213287353516,46.5,1948785.2270529417,-1734412.3500126607,-0.8899966635294808,50.0,1005.0,293.15,constant_cp_1005_J_kgK,PASS
gsB_c,95.003173828125,46.5,1647503.8562002212,628005.7173240226,0.3811861896168458,50.0,1005.0,293.15,constant_cp_1005_J_kgK,PASS
gsB_c,100.0059814453125,46.5,1860064.5337810756,2135368.875441147,1.1480079516921067,50.0,1005.0,293.15,constant_cp_1005_J_kgK,PASS
gsB_c,105.0197982788086,46.5,2121141.9997727573,-2805017.178081362,-1.3224089562989505,50.0,1005.0,293.15,constant_cp_1005_J_kgK,PASS
gsB_c,110.01859283447266,46.5,2314035.6653962047,-461280.75919813145,-0.19934038446168534,50.0,1005.0,293.15,constant_cp_1005_J_kgK,PASS
gsB_c,115.01551055908203,46.5,2394099.9427217576,3312819.981864465,1.383743394646361,50.0,1005.0,293.15,constant_cp_1005_J_kgK,PASS
gsB_c,120.02314758300781,46.5,2138649.507857223,-2454887.8358818404,-1.1478682350066163,50.0,1005.0,293.15,constant_cp_1005_J_kgK,PASS
gsB_c,125.01868438720703,46.5,2259958.531179246,925941.8925562942,0.40971631991545326,50.0,1005.0,293.15,constant_cp_1005_J_kgK,PASS
gsB_c,130.0050048828125,46.5,2352186.7682559295,2572205.2623993047,1.0935378504431053,50.0,1005.0,293.15,constant_cp_1005_J_kgK,PASS
gsB_c,135.01502990722656,46.5,2137935.8863256657,-1961892.3102842844,-0.9176572238824537,50.0,1005.0,293.15,constant_cp_1005_J_kgK,PASS
gsB_c,140.01190185546875,46.5,2055935.539783708,1759732.9226552127,0.8559280622389271,50.0,1005.0,293.15,constant_cp_1005_J_kgK,PASS
gsB_c,145.01376342773438,46.5,2202984.702230777,1079694.598381632,0.4901053544712842,50.0,1005.0,293.15,constant_cp_1005_J_kgK,PASS
gsB_c,150.0125732421875,46.5,1759688.2718849173,-2569881.706298951,-1.4604187272022795,50.0,1005.0,293.15,constant_cp_1005_J_kgK,PASS
gsB_c,155.01248168945312,46.5,1813674.9785852015,774795.40700946,0.4271963919433108,50.0,1005.0,293.15,constant_cp_1005_J_kgK,PASS
gsB_c,160.00794982910156,46.5,2020019.743648164,1344947.163379223,0.6658089197436469,50.0,1005.0,293.15,constant_cp_1005_J_kgK,PASS
gsB_c,165.00357055664062,46.5,2093487.2632200336,-2405149.430894444,-1.148872254037522,50.0,1005.0,293.15,constant_cp_1005_J_kgK,PASS
gsB_c,170.00460815429688,46.5,2075515.645014198,1037431.9451380903,0.49984298968317004,50.0,1005.0,293.15,constant_cp_1005_J_kgK,PASS
gsB_c,175.016357421875,46.5,2351132.6066153217,776446.3511560105,0.3302435383573615,50.0,1005.0,293.15,constant_cp_1005_J_kgK,PASS
gsB_c,180.01397705078125,46.5,2050192.859364942,-2190856.3887489447,-1.0686099011327028,50.0,1005.0,293.15,constant_cp_1005_J_kgK,PASS
gsB_c,185.00637817382812,46.5,1932015.2298134682,2898658.2829976734,1.5003288992072443,50.0,1005.0,293.15,constant_cp_1005_J_kgK,PASS
gsB_c,190.0080108642578,46.5,1971676.1440210473,-1370496.8870944707,-0.695092290511499,50.0,1005.0,293.15,constant_cp_1005_J_kgK,PASS
gsB_c,195.0109100341797,46.5,2092950.598948483,601436.6230033027,0.28736302868566016,50.0,1005.0,293.15,constant_cp_1005_J_kgK,PASS
gsB_c,200.00852966308594,46.5,1902816.4221765297,1243551.9424776707,0.6535322735207623,50.0,1005.0,293.15,constant_cp_1005_J_kgK,PASS
gsB_c,205.0216064453125,46.5,1965903.5798437651,-2694312.077455674,-1.3705209681086168,50.0,1005.0,293.15,constant_cp_1005_J_kgK,PASS
gsB_c,210.00442504882812,46.5,2162002.6645665243,1238813.9147520007,0.5729937039649204,50.0,1005.0,293.15,constant_cp_1005_J_kgK,PASS
gsB_c,215.00306701660156,46.5,2121022.015571502,1454189.568891534,0.6856079560775833,50.0,1005.0,293.15,constant_cp_1005_J_kgK,PASS
gsB_c,220.0111846923828,46.5,2139266.644066526,-1945607.2044096405,-0.9094739123830026,50.0,1005.0,293.15,constant_cp_1005_J_kgK,PASS
gsB_c,225.0142364501953,46.5,2189490.168424486,3135759.623760145,1.4321871223640041,50.0,1005.0,293.15,constant_cp_1005_J_kgK,PASS
gsB_c,230.0084228515625,46.5,2118220.2746920134,-904736.031128006,-0.427120843822323,50.0,1005.0,293.15,constant_cp_1005_J_kgK,PASS
gsB_c,235.01699829101562,46.5,2003944.5369048335,1733814.4140762584,0.8652007987976544,50.0,1005.0,293.15,constant_cp_1005_J_kgK,PASS
gsB_c,240.00367736816406,46.5,2064230.04979994,-756652.1373400197,-0.3665541722994257,50.0,1005.0,293.15,constant_cp_1005_J_kgK,PASS
gsB_c,245.01808166503906,46.5,1932419.966250279,-1136007.5043758668,-0.5878678155971482,50.0,1005.0,293.15,constant_cp_1005_J_kgK,PASS
gsB_c,250.00741577148438,46.5,2056030.9282532383,1750766.023941483,0.851527085455323,50.0,1005.0,293.15,constant_cp_1005_J_kgK,PASS
gsB_c,255.01162719726562,46.5,1997776.4708790893,-1953035.7911017886,-0.9776047618792836,50.0,1005.0,293.15,constant_cp_1005_J_kgK,PASS
gsB_c,260.0019226074219,46.5,2038115.8996529651,2458048.385768176,1.2060395516205495,50.0,1005.0,293.15,constant_cp_1005_J_kgK,PASS
gsB_c,265.0000915527344,46.5,2120484.6593470615,-558034.158094188,-0.2631634969083046,50.0,1005.0,293.15,constant_cp_1005_J_kgK,PASS
gsB_c,270.0126953125,46.5,2070663.3009516152,-1070422.6207946283,-0.5169467292450171,50.0,1005.0,293.15,constant_cp_1005_J_kgK,PASS
gsB_c,275.013916015625,46.5,1992517.171251759,3130786.441796161,1.5712720005465777,50.0,1005.0,293.15,constant_cp_1005_J_kgK,PASS
gsB_c,280.0115661621094,46.5,1819126.8335054938,-1504853.0176969725,-0.8272391951896448,50.0,1005.0,293.15,constant_cp_1005_J_kgK,PASS
gsB_c,285.01824951171875,46.5,1936100.6532310313,-708467.9221238826,-0.36592515009050103,50.0,1005.0,293.15,constant_cp_1005_J_kgK,PASS
gsB_c,290.00213623046875,46.5,2113646.269423054,3588606.7965525663,1.6978275165844658,50.0,1005.0,293.15,constant_cp_1005_J_kgK,PASS
gsB_c,295.0187072753906,46.5,1939078.4268393326,-2455011.740085552,-1.2660714007773175,50.0,1005.0,293.15,constant_cp_1005_J_kgK,PASS
gsB_c,300.0,46.5,2192066.0834109676,-644092.5087719872,-0.2938289651239646,50.0,1005.0,293.15,constant_cp_1005_J_kgK,PASS
gsB_c,0.0,50.0,0.0,0.0,0.0,50.0,1005.0,293.15,constant_cp_1005_J_kgK,NEAR_ZERO_C_T_REVIEW
gsB_c,5.009599685668945,50.0,4922144.860009495,4193025.9274296276,0.8518696719993605,50.0,1005.0,293.15,constant_cp_1005_J_kgK,PASS
gsB_c,10.011014938354492,50.0,3509186.6088744244,6656251.952796672,1.8968076351264973,50.0,1005.0,293.15,constant_cp_1005_J_kgK,PASS
gsB_c,15.006303787231445,50.0,3189719.7849902143,10356347.088971416,3.2467889930974563,50.0,1005.0,293.15,constant_cp_1005_J_kgK,PASS
gsB_c,20.012596130371094,50.0,2998596.8375890655,8253101.757427162,2.752321237043265,50.0,1005.0,293.15,constant_cp_1005_J_kgK,PASS
gsB_c,25.00234603881836,50.0,3648400.451662102,12037606.36327161,3.29942025903095,50.0,1005.0,293.15,constant_cp_1005_J_kgK,PASS
gsB_c,30.01245880126953,50.0,3728690.698909887,13421565.153530654,3.599538346651964,50.0,1005.0,293.15,constant_cp_1005_J_kgK,PASS
gsB_c,35.009300231933594,50.0,3695609.5114361513,11456404.779308477,3.100004138385389,50.0,1005.0,293.15,constant_cp_1005_J_kgK,PASS
gsB_c,40.01394271850586,50.0,3998615.9608203615,6434558.156398945,1.6091963367941993,50.0,1005.0,293.15,constant_cp_1005_J_kgK,PASS
gsB_c,45.01336669921875,50.0,3904278.389699958,6496075.587689198,1.6638351416811794,50.0,1005.0,293.15,constant_cp_1005_J_kgK,PASS
gsB_c,50.0046272277832,50.0,3803878.2241068915,12647484.641062278,3.3248920958903105,50.0,1005.0,293.15,constant_cp_1005_J_kgK,PASS
gsB_c,55.01531219482422,50.0,3717929.8544907253,10912042.160646886,2.9349779548602033,50.0,1005.0,293.15,constant_cp_1005_J_kgK,PASS
gsB_c,60.00954818725586,50.0,3978279.362076536,6523107.823469093,1.6396806834762443,50.0,1005.0,293.15,constant_cp_1005_J_kgK,PASS
gsB_c,65.01441192626953,50.0,3633690.20434536,12305814.351651724,3.3865887457702843,50.0,1005.0,293.15,constant_cp_1005_J_kgK,PASS
gsB_c,70.01788330078125,50.0,4069319.9844589885,9426986.057691457,2.316599848056619,50.0,1005.0,293.15,constant_cp_1005_J_kgK,PASS
gsB_c,75.00894927978516,50.0,3817923.232619173,6073827.459513306,1.590872076112053,50.0,1005.0,293.15,constant_cp_1005_J_kgK,PASS
gsB_c,80.00939178466797,50.0,3574444.068420545,13206223.63555814,3.69462310299728,50.0,1005.0,293.15,constant_cp_1005_J_kgK,PASS
gsB_c,85.0166244506836,50.0,3874137.100052519,11349062.532317568,2.929442670514607,50.0,1005.0,293.15,constant_cp_1005_J_kgK,PASS
gsB_c,90.02213287353516,50.0,4482911.118041508,7513311.446823509,1.67598938479644,50.0,1005.0,293.15,constant_cp_1005_J_kgK,PASS
gsB_c,95.003173828125,50.0,3889943.54847683,8847977.361094702,2.2745773173390313,50.0,1005.0,293.15,constant_cp_1005_J_kgK,PASS
gsB_c,100.0059814453125,50.0,3765278.874032558,12976353.511733957,3.4463193685934,50.0,1005.0,293.15,constant_cp_1005_J_kgK,PASS
gsB_c,105.0197982788086,50.0,4176448.9518346502,6135977.744694326,1.4691853810397666,50.0,1005.0,293.15,constant_cp_1005_J_kgK,PASS
gsB_c,110.01859283447266,50.0,4102394.1493821004,8899880.717976822,2.1694357962453004,50.0,1005.0,293.15,constant_cp_1005_J_kgK,PASS
gsB_c,115.01551055908203,50.0,3754589.4226949643,12786566.649907807,3.4055831970915955,50.0,1005.0,293.15,constant_cp_1005_J_kgK,PASS
gsB_c,120.02314758300781,50.0,4390412.24214703,6406932.136580611,1.459300808948056,50.0,1005.0,293.15,constant_cp_1005_J_kgK,PASS
gsB_c,125.01868438720703,50.0,3960731.463722877,9803070.662049279,2.4750657174912107,50.0,1005.0,293.15,constant_cp_1005_J_kgK,PASS
gsB_c,130.0050048828125,50.0,3783254.02050371,12399072.242513219,3.2773565230659236,50.0,1005.0,293.15,constant_cp_1005_J_kgK,PASS
gsB_c,135.01502990722656,50.0,4147413.1271539493,6924805.0580113325,1.6696685007512844,50.0,1005.0,293.15,constant_cp_1005_J_kgK,PASS
gsB_c,140.01190185546875,50.0,3654760.261667108,10069372.606127823,2.7551390201267827,50.0,1005.0,293.15,constant_cp_1005_J_kgK,PASS
gsB_c,145.01376342773438,50.0,3826762.2382867434,10624948.185268043,2.776485060651396,50.0,1005.0,293.15,constant_cp_1005_J_kgK,PASS
gsB_c,150.0125732421875,50.0,4569324.215449082,5800152.313216291,1.269367643820442,50.0,1005.0,293.15,constant_cp_1005_J_kgK,PASS
gsB_c,155.01248168945312,50.0,3657933.3126732092,8845682.387444645,2.4182186036027646,50.0,1005.0,293.15,constant_cp_1005_J_kgK,PASS
gsB_c,160.00794982910156,50.0,3679724.01408563,11234782.48274993,3.0531589977249,50.0,1005.0,293.15,constant_cp_1005_J_kgK,PASS
gsB_c,165.00357055664062,50.0,4144604.841763445,6043536.15407786,1.4581694479482528,50.0,1005.0,293.15,constant_cp_1005_J_kgK,PASS
gsB_c,170.00460815429688,50.0,3837380.889130895,9446488.348939724,2.461702036328012,50.0,1005.0,293.15,constant_cp_1005_J_kgK,PASS
gsB_c,175.016357421875,50.0,3765677.3052693,9619740.334986234,2.5545843563189443,50.0,1005.0,293.15,constant_cp_1005_J_kgK,PASS
gsB_c,180.01397705078125,50.0,3965812.8487421367,6270850.171489341,1.5812269541358481,50.0,1005.0,293.15,constant_cp_1005_J_kgK,PASS
gsB_c,185.00637817382812,50.0,3809569.7725019306,13111403.465432959,3.4417018845731904,50.0,1005.0,293.15,constant_cp_1005_J_kgK,PASS
gsB_c,190.0080108642578,50.0,3644544.176462667,7477153.479345122,2.0516018237985305,50.0,1005.0,293.15,constant_cp_1005_J_kgK,PASS
gsB_c,195.0109100341797,50.0,3815726.6370132444,9476488.804964788,2.4835345155601862,50.0,1005.0,293.15,constant_cp_1005_J_kgK,PASS
gsB_c,200.00852966308594,50.0,3546580.051869811,10815543.849895343,3.0495699213650123,50.0,1005.0,293.15,constant_cp_1005_J_kgK,PASS
gsB_c,205.0216064453125,50.0,4464885.708119346,6363681.481025378,1.4252730970141279,50.0,1005.0,293.15,constant_cp_1005_J_kgK,PASS
gsB_c,210.00442504882812,50.0,3875717.9093220085,10248723.498656018,2.6443419615254857,50.0,1005.0,293.15,constant_cp_1005_J_kgK,PASS
gsB_c,215.00306701660156,50.0,3649570.6255561383,11221139.834965775,3.0746465779808942,50.0,1005.0,293.15,constant_cp_1005_J_kgK,PASS
gsB_c,220.0111846923828,50.0,3840996.3330325927,5901064.757446295,1.536336993268413,50.0,1005.0,293.15,constant_cp_1005_J_kgK,PASS
gsB_c,225.0142364501953,50.0,3726597.5155283744,12876415.499204848,3.455273998748203,50.0,1005.0,293.15,constant_cp_1005_J_kgK,PASS
gsB_c,230.0084228515625,50.0,3893118.8073109863,8112413.016001424,2.0837825449269403,50.0,1005.0,293.15,constant_cp_1005_J_kgK,PASS
gsB_c,235.01699829101562,50.0,3554034.265793058,10047597.392786296,2.8270963759389196,50.0,1005.0,293.15,constant_cp_1005_J_kgK,PASS
gsB_c,240.00367736816406,50.0,4074327.1232630042,9236595.572506936,2.2670235582629474,50.0,1005.0,293.15,constant_cp_1005_J_kgK,PASS
gsB_c,245.01808166503906,50.0,3894323.0694437167,6530733.467208175,1.6769881056994724,50.0,1005.0,293.15,constant_cp_1005_J_kgK,PASS
gsB_c,250.00741577148438,50.0,3408252.3158202693,10515404.479961045,3.0852775867417797,50.0,1005.0,293.15,constant_cp_1005_J_kgK,PASS
gsB_c,255.01162719726562,50.0,4337873.131976804,7884482.531727518,1.8175917763953815,50.0,1005.0,293.15,constant_cp_1005_J_kgK,PASS
gsB_c,260.0019226074219,50.0,3528571.6492821574,11108924.54107811,3.1482780130986074,50.0,1005.0,293.15,constant_cp_1005_J_kgK,PASS
gsB_c,265.0000915527344,50.0,3843249.1927882275,8750304.728104595,2.2767986901615296,50.0,1005.0,293.15,constant_cp_1005_J_kgK,PASS
gsB_c,270.0126953125,50.0,4110545.8229956785,7754478.661080214,1.8864839354664857,50.0,1005.0,293.15,constant_cp_1005_J_kgK,PASS
gsB_c,275.013916015625,50.0,3599812.5297447965,12916440.76864077,3.5880870633995094,50.0,1005.0,293.15,constant_cp_1005_J_kgK,PASS
gsB_c,280.0115661621094,50.0,3908792.1144629223,8205856.880257911,2.099333154581288,50.0,1005.0,293.15,constant_cp_1005_J_kgK,PASS
gsB_c,285.01824951171875,50.0,4083396.2737356774,8431324.660237959,2.0647823760010917,50.0,1005.0,293.15,constant_cp_1005_J_kgK,PASS
gsB_c,290.00213623046875,50.0,3761794.424589692,13236019.908683354,3.518538871280037,50.0,1005.0,293.15,constant_cp_1005_J_kgK,PASS
gsB_c,295.0187072753906,50.0,4228048.453416202,7587189.398503082,1.794489699467077,50.0,1005.0,293.15,constant_cp_1005_J_kgK,PASS
gsB_c,300.0,50.0,3879055.4536828035,8517133.463942358,2.1956720046000187,50.0,1005.0,293.15,constant_cp_1005_J_kgK,PASS
gsB_c,0.0,53.5,0.0,0.0,0.0,50.0,1005.0,293.15,constant_cp_1005_J_kgK,NEAR_ZERO_C_T_REVIEW
gsB_c,5.009599685668945,53.5,1872056.6171415038,3181057.9448202797,1.6992316982792568,50.0,1005.0,293.15,constant_cp_1005_J_kgK,PASS
gsB_c,10.011014938354492,53.5,5443083.044161538,15113997.30796281,2.7767346530152004,50.0,1005.0,293.15,constant_cp_1005_J_kgK,PASS
gsB_c,15.006303787231445,53.5,6126697.178873317,26362376.491404817,4.302869184119327,50.0,1005.0,293.15,constant_cp_1005_J_kgK,PASS
gsB_c,20.012596130371094,53.5,4945667.974497346,13603834.548363952,2.750656659224395,50.0,1005.0,293.15,constant_cp_1005_J_kgK,PASS
gsB_c,25.00234603881836,53.5,5828113.468504569,23813233.63441034,4.0859248473967265,50.0,1005.0,293.15,constant_cp_1005_J_kgK,PASS
gsB_c,30.01245880126953,53.5,6010986.139948944,27517777.30169559,4.577913949728274,50.0,1005.0,293.15,constant_cp_1005_J_kgK,PASS
gsB_c,35.009300231933594,53.5,7005427.032425388,31311399.174162872,4.469591793510177,50.0,1005.0,293.15,constant_cp_1005_J_kgK,PASS
gsB_c,40.01394271850586,53.5,6245125.9663949665,15330163.122475998,2.4547404175620526,50.0,1005.0,293.15,constant_cp_1005_J_kgK,PASS
gsB_c,45.01336669921875,53.5,5030059.447991349,10026739.232211975,1.993363962371448,50.0,1005.0,293.15,constant_cp_1005_J_kgK,PASS
gsB_c,50.0046272277832,53.5,5637248.326817027,26518649.637626525,4.704183335595544,50.0,1005.0,293.15,constant_cp_1005_J_kgK,PASS
gsB_c,55.01531219482422,53.5,6143953.409666512,25545826.158184882,4.157880839068974,50.0,1005.0,293.15,constant_cp_1005_J_kgK,PASS
gsB_c,60.00954818725586,53.5,6150059.932194597,14589544.026726112,2.372260463731766,50.0,1005.0,293.15,constant_cp_1005_J_kgK,PASS
gsB_c,65.01441192626953,53.5,4956178.018858828,22854773.343014143,4.611370547233997,50.0,1005.0,293.15,constant_cp_1005_J_kgK,PASS
gsB_c,70.01788330078125,53.5,6419745.081602199,22559126.835153356,3.5140222155866647,50.0,1005.0,293.15,constant_cp_1005_J_kgK,PASS
gsB_c,75.00894927978516,53.5,5752948.797956141,13301076.28707438,2.3120449623677986,50.0,1005.0,293.15,constant_cp_1005_J_kgK,PASS
gsB_c,80.00939178466797,53.5,5177150.194603801,25327891.75416546,4.892245888590404,50.0,1005.0,293.15,constant_cp_1005_J_kgK,PASS
gsB_c,85.0166244506836,53.5,6299882.91378638,28298495.432297472,4.4919081544151105,50.0,1005.0,293.15,constant_cp_1005_J_kgK,PASS
gsB_c,90.02213287353516,53.5,6489120.509393254,15800667.830175199,2.4349475105760656,50.0,1005.0,293.15,constant_cp_1005_J_kgK,PASS
gsB_c,95.003173828125,53.5,5008867.274553018,16097379.290281368,3.2137763705703035,50.0,1005.0,293.15,constant_cp_1005_J_kgK,PASS
gsB_c,100.0059814453125,53.5,6061548.772361558,27412410.631116886,4.522344315054831,50.0,1005.0,293.15,constant_cp_1005_J_kgK,PASS
gsB_c,105.0197982788086,53.5,6363844.3108984595,14380859.337464407,2.259775480810606,50.0,1005.0,293.15,constant_cp_1005_J_kgK,PASS
gsB_c,110.01859283447266,53.5,4951977.639341801,13499642.30024305,2.7261113202517144,50.0,1005.0,293.15,constant_cp_1005_J_kgK,PASS
gsB_c,115.01551055908203,53.5,5567905.222699743,26904155.202223204,4.832006675066575,50.0,1005.0,293.15,constant_cp_1005_J_kgK,PASS
gsB_c,120.02314758300781,53.5,6473545.028505959,15807488.802736161,2.4418597125884824,50.0,1005.0,293.15,constant_cp_1005_J_kgK,PASS
gsB_c,125.01868438720703,53.5,4973347.004806444,17085302.502476994,3.4353730970240086,50.0,1005.0,293.15,constant_cp_1005_J_kgK,PASS
gsB_c,130.0050048828125,53.5,5612665.572420105,26321576.57008943,4.689674848868631,50.0,1005.0,293.15,constant_cp_1005_J_kgK,PASS
gsB_c,135.01502990722656,53.5,6659842.212292485,16215547.333886476,2.434824552443064,50.0,1005.0,293.15,constant_cp_1005_J_kgK,PASS
gsB_c,140.01190185546875,53.5,5115455.92147929,18852871.243024547,3.685472327864895,50.0,1005.0,293.15,constant_cp_1005_J_kgK,PASS
gsB_c,145.01376342773438,53.5,5871411.850651717,24661108.119425412,4.2002006922215935,50.0,1005.0,293.15,constant_cp_1005_J_kgK,PASS
gsB_c,150.0125732421875,53.5,6456043.289745394,12965789.483311906,2.0083182378758853,50.0,1005.0,293.15,constant_cp_1005_J_kgK,PASS
gsB_c,155.01248168945312,53.5,5202002.745635924,16316664.346709011,3.136612021283038,50.0,1005.0,293.15,constant_cp_1005_J_kgK,PASS
gsB_c,160.00794982910156,53.5,6116695.529129641,27020437.26538041,4.417489335001314,50.0,1005.0,293.15,constant_cp_1005_J_kgK,PASS
gsB_c,165.00357055664062,53.5,5772887.357385504,11699991.78015905,2.026714026420547,50.0,1005.0,293.15,constant_cp_1005_J_kgK,PASS
gsB_c,170.00460815429688,53.5,5144884.899435621,16901968.572727546,3.2851985813291256,50.0,1005.0,293.15,constant_cp_1005_J_kgK,PASS
gsB_c,175.016357421875,53.5,5896066.111077198,23502607.443800922,3.9861505961823496,50.0,1005.0,293.15,constant_cp_1005_J_kgK,PASS
gsB_c,180.01397705078125,53.5,5715674.412595068,12101382.921308883,2.117227477940706,50.0,1005.0,293.15,constant_cp_1005_J_kgK,PASS
gsB_c,185.00637817382812,53.5,5016451.971558691,23483377.981005974,4.6812723642421945,50.0,1005.0,293.15,constant_cp_1005_J_kgK,PASS
gsB_c,190.0080108642578,53.5,6450731.4848890975,18654056.89806208,2.891773892892518,50.0,1005.0,293.15,constant_cp_1005_J_kgK,PASS
gsB_c,195.0109100341797,53.5,5175752.16187251,15894573.350322245,3.0709687893115465,50.0,1005.0,293.15,constant_cp_1005_J_kgK,PASS
gsB_c,200.00852966308594,53.5,5918902.593379363,24749647.42432006,4.181458815018172,50.0,1005.0,293.15,constant_cp_1005_J_kgK,PASS
gsB_c,205.0216064453125,53.5,6416595.720276255,13104559.079797015,2.0422915282611602,50.0,1005.0,293.15,constant_cp_1005_J_kgK,PASS
gsB_c,210.00442504882812,53.5,5117541.889555261,18438441.840779703,3.60298796545505,50.0,1005.0,293.15,constant_cp_1005_J_kgK,PASS
gsB_c,215.00306701660156,53.5,5917473.634169199,26814157.753666405,4.531352298527149,50.0,1005.0,293.15,constant_cp_1005_J_kgK,PASS
gsB_c,220.0111846923828,53.5,5230397.516809943,10318852.747790843,1.9728620462645798,50.0,1005.0,293.15,constant_cp_1005_J_kgK,PASS
gsB_c,225.0142364501953,53.5,5307758.806747235,24500757.713592548,4.616026953306003,50.0,1005.0,293.15,constant_cp_1005_J_kgK,PASS
gsB_c,230.0084228515625,53.5,6136601.353265507,18684232.21044101,3.0447198921433034,50.0,1005.0,293.15,constant_cp_1005_J_kgK,PASS
gsB_c,235.01699829101562,53.5,4853469.8731787745,17539433.584826507,3.613792615001661,50.0,1005.0,293.15,constant_cp_1005_J_kgK,PASS
gsB_c,240.00367736816406,53.5,6705585.992910752,21657146.429122493,3.229717201750713,50.0,1005.0,293.15,constant_cp_1005_J_kgK,PASS
gsB_c,245.01808166503906,53.5,5105562.739347871,11740438.480561186,2.299538577810284,50.0,1005.0,293.15,constant_cp_1005_J_kgK,PASS
gsB_c,250.00741577148438,53.5,5379720.006963631,23221686.756862223,4.316523299875001,50.0,1005.0,293.15,constant_cp_1005_J_kgK,PASS
gsB_c,255.01162719726562,53.5,6171625.089504048,14785063.212919202,2.395651550199289,50.0,1005.0,293.15,constant_cp_1005_J_kgK,PASS
gsB_c,260.0019226074219,53.5,4887259.711059015,19575908.70481771,4.0054979399848225,50.0,1005.0,293.15,constant_cp_1005_J_kgK,PASS
gsB_c,265.0000915527344,53.5,6375431.202057108,22522389.399069045,3.5326848781305844,50.0,1005.0,293.15,constant_cp_1005_J_kgK,PASS
gsB_c,270.0126953125,53.5,5361935.243084149,12968724.30727745,2.418664851278197,50.0,1005.0,293.15,constant_cp_1005_J_kgK,PASS
gsB_c,275.013916015625,53.5,5088825.30850365,25579697.973352358,5.026641007033108,50.0,1005.0,293.15,constant_cp_1005_J_kgK,PASS
gsB_c,280.0115661621094,53.5,6354948.066863621,18582128.429404955,2.9240409573599955,50.0,1005.0,293.15,constant_cp_1005_J_kgK,PASS
gsB_c,285.01824951171875,53.5,5893525.920596374,14486280.674684687,2.4579989754620097,50.0,1005.0,293.15,constant_cp_1005_J_kgK,PASS
gsB_c,290.00213623046875,53.5,5309177.0394615065,25074259.32447523,4.722814692014571,50.0,1005.0,293.15,constant_cp_1005_J_kgK,PASS
gsB_c,295.0187072753906,53.5,6637039.726724238,17457269.80372631,2.63027954065637,50.0,1005.0,293.15,constant_cp_1005_J_kgK,PASS
gsB_c,300.0,53.5,4987109.40143585,13360345.286542628,2.6789757775708747,50.0,1005.0,293.15,constant_cp_1005_J_kgK,PASS
gsB_c,0.0,60.5,0.0,0.0,0.0,50.0,1005.0,293.15,constant_cp_1005_J_kgK,NEAR_ZERO_C_T_REVIEW
gsB_c,5.009599685668945,60.5,4955.984448379678,3662.4587197248584,0.7389972179839129,50.0,1005.0,293.15,constant_cp_1005_J_kgK,PASS
gsB_c,10.011014938354492,60.5,3961022.941930038,10828740.320894899,2.733824186238748,50.0,1005.0,293.15,constant_cp_1005_J_kgK,PASS
gsB_c,15.006303787231445,60.5,6167542.930295801,23581176.283336714,3.823431235071393,50.0,1005.0,293.15,constant_cp_1005_J_kgK,PASS
gsB_c,20.012596130371094,60.5,7665721.346322961,21401773.267192017,2.7918798897455184,50.0,1005.0,293.15,constant_cp_1005_J_kgK,PASS
gsB_c,25.00234603881836,60.5,8312211.561922412,43480314.46424119,5.230896030536697,50.0,1005.0,293.15,constant_cp_1005_J_kgK,PASS
gsB_c,30.01245880126953,60.5,8436944.150776329,48449344.90261186,5.742522889422442,50.0,1005.0,293.15,constant_cp_1005_J_kgK,PASS
gsB_c,35.009300231933594,60.5,6927535.4833428,31424807.637978077,4.53621749228694,50.0,1005.0,293.15,constant_cp_1005_J_kgK,PASS
gsB_c,40.01394271850586,60.5,7009783.3444469245,13568486.876111984,1.9356499636840834,50.0,1005.0,293.15,constant_cp_1005_J_kgK,PASS
gsB_c,45.01336669921875,60.5,7346223.245116672,16446031.118333986,2.238705600087272,50.0,1005.0,293.15,constant_cp_1005_J_kgK,PASS
gsB_c,50.0046272277832,60.5,7933803.269308392,42557745.23942395,5.364103922775212,50.0,1005.0,293.15,constant_cp_1005_J_kgK,PASS
gsB_c,55.01531219482422,60.5,7270717.35521277,34216388.39872888,4.7060539871209945,50.0,1005.0,293.15,constant_cp_1005_J_kgK,PASS
gsB_c,60.00954818725586,60.5,7198339.135084687,15174908.181352865,2.1081124265721796,50.0,1005.0,293.15,constant_cp_1005_J_kgK,PASS
gsB_c,65.01441192626953,60.5,7567186.476257836,39647270.310762,5.2393674234348415,50.0,1005.0,293.15,constant_cp_1005_J_kgK,PASS
gsB_c,70.01788330078125,60.5,6510825.852114177,19967278.360010017,3.0667812061854325,50.0,1005.0,293.15,constant_cp_1005_J_kgK,PASS
gsB_c,75.00894927978516,60.5,7725953.483692177,17288364.15032588,2.2376997462925305,50.0,1005.0,293.15,constant_cp_1005_J_kgK,PASS
gsB_c,80.00939178466797,60.5,8045334.1343946885,46346994.03678473,5.760729543680011,50.0,1005.0,293.15,constant_cp_1005_J_kgK,PASS
gsB_c,85.0166244506836,60.5,7405246.798011204,36549354.12723197,4.9356024348908765,50.0,1005.0,293.15,constant_cp_1005_J_kgK,PASS
gsB_c,90.02213287353516,60.5,7201522.166344298,15043345.096055001,2.0889118645442477,50.0,1005.0,293.15,constant_cp_1005_J_kgK,PASS
gsB_c,95.003173828125,60.5,7427839.36651551,27493775.907402053,3.7014499844117816,50.0,1005.0,293.15,constant_cp_1005_J_kgK,PASS
gsB_c,100.0059814453125,60.5,7681926.372910323,41108771.38957891,5.351362326843639,50.0,1005.0,293.15,constant_cp_1005_J_kgK,PASS
gsB_c,105.0197982788086,60.5,6916770.381900647,12334453.089928472,1.783267682588461,50.0,1005.0,293.15,constant_cp_1005_J_kgK,PASS
gsB_c,110.01859283447266,60.5,7905807.39415292,23041021.507297657,2.914442555777242,50.0,1005.0,293.15,constant_cp_1005_J_kgK,PASS
gsB_c,115.01551055908203,60.5,8005769.322253052,46978831.073647484,5.868121998352345,50.0,1005.0,293.15,constant_cp_1005_J_kgK,PASS
gsB_c,120.02314758300781,60.5,7059125.805948719,14315273.622809518,2.027910256358662,50.0,1005.0,293.15,constant_cp_1005_J_kgK,PASS
gsB_c,125.01868438720703,60.5,7947886.003655069,28717172.925297853,3.6131837965581557,50.0,1005.0,293.15,constant_cp_1005_J_kgK,PASS
gsB_c,130.0050048828125,60.5,7857250.217070168,43206499.73633991,5.498933919970142,50.0,1005.0,293.15,constant_cp_1005_J_kgK,PASS
gsB_c,135.01502990722656,60.5,6950400.567297352,14594472.582270633,2.0998030891830544,50.0,1005.0,293.15,constant_cp_1005_J_kgK,PASS
gsB_c,140.01190185546875,60.5,7561649.006017908,32139459.645738382,4.250324184600517,50.0,1005.0,293.15,constant_cp_1005_J_kgK,PASS
gsB_c,145.01376342773438,60.5,7444579.760161569,34989923.306898825,4.700053520030987,50.0,1005.0,293.15,constant_cp_1005_J_kgK,PASS
gsB_c,150.0125732421875,60.5,7173905.748332318,12184272.6721524,1.6984154935384836,50.0,1005.0,293.15,constant_cp_1005_J_kgK,PASS
gsB_c,155.01248168945312,60.5,7608333.5313635515,27254151.36427223,3.582144664389836,50.0,1005.0,293.15,constant_cp_1005_J_kgK,PASS
gsB_c,160.00794982910156,60.5,7215518.525563177,35609732.71186096,4.935159210762555,50.0,1005.0,293.15,constant_cp_1005_J_kgK,PASS
gsB_c,165.00357055664062,60.5,7061174.264509142,12870009.417868908,1.8226443557066871,50.0,1005.0,293.15,constant_cp_1005_J_kgK,PASS
gsB_c,170.00460815429688,60.5,7558295.438855652,27750451.889830098,3.6715225164619385,50.0,1005.0,293.15,constant_cp_1005_J_kgK,PASS
gsB_c,175.016357421875,60.5,7476729.498019706,32189180.98133014,4.305248837724542,50.0,1005.0,293.15,constant_cp_1005_J_kgK,PASS
gsB_c,180.01397705078125,60.5,7175937.7590360595,14782243.006230239,2.0599736930014747,50.0,1005.0,293.15,constant_cp_1005_J_kgK,PASS
gsB_c,185.00637817382812,60.5,8085037.881372839,44754062.40324364,5.5354177753888765,50.0,1005.0,293.15,constant_cp_1005_J_kgK,PASS
gsB_c,190.0080108642578,60.5,6915552.762056461,17709492.725272443,2.5608209979163274,50.0,1005.0,293.15,constant_cp_1005_J_kgK,PASS
gsB_c,195.0109100341797,60.5,7837877.85960385,27906677.846186694,3.5604889928199492,50.0,1005.0,293.15,constant_cp_1005_J_kgK,PASS
gsB_c,200.00852966308594,60.5,7483473.093111747,37938941.25162816,5.069697021634181,50.0,1005.0,293.15,constant_cp_1005_J_kgK,PASS
gsB_c,205.0216064453125,60.5,7218454.28486,11855670.769921143,1.642411283920887,50.0,1005.0,293.15,constant_cp_1005_J_kgK,PASS
gsB_c,210.00442504882812,60.5,7583902.203089854,29086390.560555164,3.835280279419308,50.0,1005.0,293.15,constant_cp_1005_J_kgK,PASS
gsB_c,215.00306701660156,60.5,7459735.734152266,37198421.053594515,4.986560165032681,50.0,1005.0,293.15,constant_cp_1005_J_kgK,PASS
gsB_c,220.0111846923828,60.5,7242843.817904102,14950901.399310648,2.064230815298329,50.0,1005.0,293.15,constant_cp_1005_J_kgK,PASS
gsB_c,225.0142364501953,60.5,7900842.320977813,41440414.38461082,5.245062830146713,50.0,1005.0,293.15,constant_cp_1005_J_kgK,PASS
gsB_c,230.0084228515625,60.5,6721025.1721142195,19517936.298525527,2.9040117837240307,50.0,1005.0,293.15,constant_cp_1005_J_kgK,PASS
gsB_c,235.01699829101562,60.5,7608028.179223633,31475316.977086917,4.137118874380778,50.0,1005.0,293.15,constant_cp_1005_J_kgK,PASS
gsB_c,240.00367736816406,60.5,6542009.115157489,20956499.793752603,3.203373676933207,50.0,1005.0,293.15,constant_cp_1005_J_kgK,PASS
gsB_c,245.01808166503906,60.5,7159662.516746249,17675448.739266153,2.4687544556637655,50.0,1005.0,293.15,constant_cp_1005_J_kgK,PASS
gsB_c,250.00741577148438,60.5,8292103.565771351,44090920.31080189,5.3172177555527735,50.0,1005.0,293.15,constant_cp_1005_J_kgK,PASS
gsB_c,255.01162719726562,60.5,6670762.574888483,14062927.630837364,2.108143930017245,50.0,1005.0,293.15,constant_cp_1005_J_kgK,PASS
gsB_c,260.0019226074219,60.5,7971507.717534244,36638309.59277775,4.596158078375511,50.0,1005.0,293.15,constant_cp_1005_J_kgK,PASS
gsB_c,265.0000915527344,60.5,7396365.250858823,26309447.169414714,3.557077872318408,50.0,1005.0,293.15,constant_cp_1005_J_kgK,PASS
gsB_c,270.0126953125,60.5,7159176.030564034,16881223.770216223,2.3579841727800392,50.0,1005.0,293.15,constant_cp_1005_J_kgK,PASS
gsB_c,275.013916015625,60.5,8228264.250357486,50550008.30779338,6.1434595158507666,50.0,1005.0,293.15,constant_cp_1005_J_kgK,PASS
gsB_c,280.0115661621094,60.5,7024128.128535251,16367254.243613958,2.3301474494923595,50.0,1005.0,293.15,constant_cp_1005_J_kgK,PASS
gsB_c,285.01824951171875,60.5,7732728.718481077,19644460.8607882,2.5404306262339587,50.0,1005.0,293.15,constant_cp_1005_J_kgK,PASS
gsB_c,290.00213623046875,60.5,8056143.49888665,46542196.786480986,5.777230357541801,50.0,1005.0,293.15,constant_cp_1005_J_kgK,PASS
gsB_c,295.0187072753906,60.5,6547116.972374664,14738824.800447958,2.251193137779258,50.0,1005.0,293.15,constant_cp_1005_J_kgK,PASS
gsB_c,300.0,60.5,7454013.186164751,22026516.94484884,2.9549876549362466,50.0,1005.0,293.15,constant_cp_1005_J_kgK,PASS
gsB_c,0.0,71.0,0.0,0.0,0.0,50.0,1005.0,293.15,constant_cp_1005_J_kgK,NEAR_ZERO_C_T_REVIEW
gsB_c,5.009599685668945,71.0,122.26745646204513,67.23510247769677,0.5499018661439017,50.0,1005.0,293.15,constant_cp_1005_J_kgK,PASS
gsB_c,10.011014938354492,71.0,1959892.7290691594,6305862.759962674,3.2174530097663085,50.0,1005.0,293.15,constant_cp_1005_J_kgK,PASS
gsB_c,15.006303787231445,71.0,3953045.1583128716,16962352.5478695,4.290958455710861,50.0,1005.0,293.15,constant_cp_1005_J_kgK,PASS
gsB_c,20.012596130371094,71.0,6124224.681853967,15587125.003129661,2.545158907920899,50.0,1005.0,293.15,constant_cp_1005_J_kgK,PASS
gsB_c,25.00234603881836,71.0,6748039.340637475,34028093.68932542,5.042663797824102,50.0,1005.0,293.15,constant_cp_1005_J_kgK,PASS
gsB_c,30.01245880126953,71.0,7147521.248228163,40269431.36841198,5.634041504723694,50.0,1005.0,293.15,constant_cp_1005_J_kgK,PASS
gsB_c,35.009300231933594,71.0,7705287.402271291,34720873.04181115,4.506110055229927,50.0,1005.0,293.15,constant_cp_1005_J_kgK,PASS
gsB_c,40.01394271850586,71.0,7645805.928226924,14189671.23583026,1.8558764594644725,50.0,1005.0,293.15,constant_cp_1005_J_kgK,PASS
gsB_c,45.01336669921875,71.0,6997889.603245195,15044434.39714847,2.14985306286795,50.0,1005.0,293.15,constant_cp_1005_J_kgK,PASS
gsB_c,50.0046272277832,71.0,6617231.401904646,34296375.89151004,5.182889007272507,50.0,1005.0,293.15,constant_cp_1005_J_kgK,PASS
gsB_c,55.01531219482422,71.0,7301346.782621177,33690908.81942691,4.614341685511874,50.0,1005.0,293.15,constant_cp_1005_J_kgK,PASS
gsB_c,60.00954818725586,71.0,7911680.733289231,16699992.670690874,2.110802146050193,50.0,1005.0,293.15,constant_cp_1005_J_kgK,PASS
gsB_c,65.01441192626953,71.0,6715374.594483316,33768014.22265181,5.028463229793949,50.0,1005.0,293.15,constant_cp_1005_J_kgK,PASS
gsB_c,70.01788330078125,71.0,7331244.141459448,22050889.067507915,3.0077963087883455,50.0,1005.0,293.15,constant_cp_1005_J_kgK,PASS
gsB_c,75.00894927978516,71.0,7341990.377207699,16102364.526695464,2.1931879094643407,50.0,1005.0,293.15,constant_cp_1005_J_kgK,PASS
gsB_c,80.00939178466797,71.0,6898177.438717164,37653255.00766657,5.458435266731678,50.0,1005.0,293.15,constant_cp_1005_J_kgK,PASS
gsB_c,85.0166244506836,71.0,7456137.283822317,35968136.71902688,4.823963850165076,50.0,1005.0,293.15,constant_cp_1005_J_kgK,PASS
gsB_c,90.02213287353516,71.0,7670445.278913364,15591796.901627915,2.0327107924869687,50.0,1005.0,293.15,constant_cp_1005_J_kgK,PASS
gsB_c,95.003173828125,71.0,6895588.063407391,24904610.21778635,3.611673143578122,50.0,1005.0,293.15,constant_cp_1005_J_kgK,PASS
gsB_c,100.0059814453125,71.0,6861014.418405117,35510477.80663425,5.175689138821087,50.0,1005.0,293.15,constant_cp_1005_J_kgK,PASS
gsB_c,105.0197982788086,71.0,8069696.562631503,14537803.034556834,1.8015303204679731,50.0,1005.0,293.15,constant_cp_1005_J_kgK,PASS
gsB_c,110.01859283447266,71.0,7091165.960086725,20105137.454525888,2.8352371905677414,50.0,1005.0,293.15,constant_cp_1005_J_kgK,PASS
gsB_c,115.01551055908203,71.0,7158433.760661349,39540047.46830641,5.523561269169781,50.0,1005.0,293.15,constant_cp_1005_J_kgK,PASS
gsB_c,120.02314758300781,71.0,7799182.153458764,14999955.53877398,1.9232728821600649,50.0,1005.0,293.15,constant_cp_1005_J_kgK,PASS
gsB_c,125.01868438720703,71.0,7185679.991257047,25919439.22798372,3.607096232996792,50.0,1005.0,293.15,constant_cp_1005_J_kgK,PASS
gsB_c,130.0050048828125,71.0,7141650.248915093,37405502.726524994,5.2376553629474305,50.0,1005.0,293.15,constant_cp_1005_J_kgK,PASS
gsB_c,135.01502990722656,71.0,7956747.161991846,16157476.261972414,2.030663527823805,50.0,1005.0,293.15,constant_cp_1005_J_kgK,PASS
gsB_c,140.01190185546875,71.0,6940116.236311926,29628659.92813675,4.269187852087306,50.0,1005.0,293.15,constant_cp_1005_J_kgK,PASS
gsB_c,145.01376342773438,71.0,6946316.992550725,30779201.006245345,4.431010136631132,50.0,1005.0,293.15,constant_cp_1005_J_kgK,PASS
gsB_c,150.0125732421875,71.0,7587212.217739049,12906196.822535466,1.7010459773829083,50.0,1005.0,293.15,constant_cp_1005_J_kgK,PASS
gsB_c,155.01248168945312,71.0,7079552.049928761,26323639.9692899,3.7182634979786298,50.0,1005.0,293.15,constant_cp_1005_J_kgK,PASS
gsB_c,160.00794982910156,71.0,7049968.299700871,34507477.6996038,4.894699696886289,50.0,1005.0,293.15,constant_cp_1005_J_kgK,PASS
gsB_c,165.00357055664062,71.0,7889495.110614364,13691191.290789466,1.7353697668650074,50.0,1005.0,293.15,constant_cp_1005_J_kgK,PASS
gsB_c,170.00460815429688,71.0,7210589.921660643,26790393.16685146,3.715423211958428,50.0,1005.0,293.15,constant_cp_1005_J_kgK,PASS
gsB_c,175.016357421875,71.0,6948709.802637043,28904100.73421779,4.159635609368612,50.0,1005.0,293.15,constant_cp_1005_J_kgK,PASS
gsB_c,180.01397705078125,71.0,7798278.468185257,16259381.334162898,2.084996246350591,50.0,1005.0,293.15,constant_cp_1005_J_kgK,PASS
gsB_c,185.00637817382812,71.0,6845776.13283068,36838471.44438242,5.3811972126453345,50.0,1005.0,293.15,constant_cp_1005_J_kgK,PASS
gsB_c,190.0080108642578,71.0,7876478.230403123,21102176.289244145,2.6791385276467805,50.0,1005.0,293.15,constant_cp_1005_J_kgK,PASS
gsB_c,195.0109100341797,71.0,7086275.473280655,24691840.84448295,3.484459634343235,50.0,1005.0,293.15,constant_cp_1005_J_kgK,PASS
gsB_c,200.00852966308594,71.0,6952357.677829405,33672339.81306771,4.843297967888865,50.0,1005.0,293.15,constant_cp_1005_J_kgK,PASS
gsB_c,205.0216064453125,71.0,7600643.460364174,12113730.219286256,1.5937769325001125,50.0,1005.0,293.15,constant_cp_1005_J_kgK,PASS
gsB_c,210.00442504882812,71.0,6842124.522823319,26549085.96724805,3.880240103594737,50.0,1005.0,293.15,constant_cp_1005_J_kgK,PASS
gsB_c,215.00306701660156,71.0,6956659.851679019,33772469.674890414,4.85469613218753,50.0,1005.0,293.15,constant_cp_1005_J_kgK,PASS
gsB_c,220.0111846923828,71.0,7737725.354331827,15600420.649131605,2.0161507335483275,50.0,1005.0,293.15,constant_cp_1005_J_kgK,PASS
gsB_c,225.0142364501953,71.0,6897718.664999602,35771100.97033102,5.185932147659298,50.0,1005.0,293.15,constant_cp_1005_J_kgK,PASS
gsB_c,230.0084228515625,71.0,7418683.61580085,21313854.037329905,2.8729967661559406,50.0,1005.0,293.15,constant_cp_1005_J_kgK,PASS
gsB_c,235.01699829101562,71.0,7197492.13986812,31101199.87155553,4.321116198138063,50.0,1005.0,293.15,constant_cp_1005_J_kgK,PASS
gsB_c,240.00367736816406,71.0,7439721.733103299,23976592.379487127,3.2227808027822396,50.0,1005.0,293.15,constant_cp_1005_J_kgK,PASS
gsB_c,245.01808166503906,71.0,7449080.884201873,19738595.1394031,2.64980276711252,50.0,1005.0,293.15,constant_cp_1005_J_kgK,PASS
gsB_c,250.00741577148438,71.0,6859076.160159586,34476297.26333028,5.0263762142755,50.0,1005.0,293.15,constant_cp_1005_J_kgK,PASS
gsB_c,255.01162719726562,71.0,7860895.345111051,16406182.11800266,2.0870627832752158,50.0,1005.0,293.15,constant_cp_1005_J_kgK,PASS
gsB_c,260.0019226074219,71.0,6931773.7970501315,32524601.008319423,4.692103631852572,50.0,1005.0,293.15,constant_cp_1005_J_kgK,PASS
gsB_c,265.0000915527344,71.0,7623870.170970408,25947433.54615236,3.4034464076989424,50.0,1005.0,293.15,constant_cp_1005_J_kgK,PASS
gsB_c,270.0126953125,71.0,7190017.087572558,16782071.61676099,2.3340795178035987,50.0,1005.0,293.15,constant_cp_1005_J_kgK,PASS
gsB_c,275.013916015625,71.0,6790182.083947636,38415505.15174049,5.65750736531158,50.0,1005.0,293.15,constant_cp_1005_J_kgK,PASS
gsB_c,280.0115661621094,71.0,7950959.626643946,18802710.55506072,2.364835370569883,50.0,1005.0,293.15,constant_cp_1005_J_kgK,PASS
gsB_c,285.01824951171875,71.0,7329443.822121538,18341626.979436364,2.5024582252855443,50.0,1005.0,293.15,constant_cp_1005_J_kgK,PASS
gsB_c,290.00213623046875,71.0,6742800.827860484,37540706.94273069,5.567524223408285,50.0,1005.0,293.15,constant_cp_1005_J_kgK,PASS
gsB_c,295.0187072753906,71.0,8005628.375244652,16962162.471146837,2.118779648028375,50.0,1005.0,293.15,constant_cp_1005_J_kgK,PASS
gsB_c,300.0,71.0,7465082.341218067,22775580.070725642,3.0509482721940584,50.0,1005.0,293.15,constant_cp_1005_J_kgK,PASS
gsB_c,0.0,78.0,0.0,0.0,0.0,50.0,1005.0,293.15,constant_cp_1005_J_kgK,NEAR_ZERO_C_T_REVIEW
gsB_c,5.009599685668945,78.0,-6.471691343910706,-2.7749407234357246,0.42878137654353976,50.0,1005.0,293.15,constant_cp_1005_J_kgK,PASS
gsB_c,10.011014938354492,78.0,1050156.7466869354,3520914.267291433,3.3527511758595194,50.0,1005.0,293.15,constant_cp_1005_J_kgK,PASS
gsB_c,15.006303787231445,78.0,3658485.5346050896,17127560.31690724,4.681598479726133,50.0,1005.0,293.15,constant_cp_1005_J_kgK,PASS
gsB_c,20.012596130371094,78.0,4990697.491463954,13587137.07896723,2.7224926179570192,50.0,1005.0,293.15,constant_cp_1005_J_kgK,PASS
gsB_c,25.00234603881836,78.0,6614533.125247279,34844571.28002386,5.267880683373434,50.0,1005.0,293.15,constant_cp_1005_J_kgK,PASS
gsB_c,30.01245880126953,78.0,6838625.591804915,38918989.3408641,5.691054264983123,50.0,1005.0,293.15,constant_cp_1005_J_kgK,PASS
gsB_c,35.009300231933594,78.0,6716718.098691398,29097958.101331543,4.332169025673509,50.0,1005.0,293.15,constant_cp_1005_J_kgK,PASS
gsB_c,40.01394271850586,78.0,6903429.909066993,10126962.957829677,1.4669465890468274,50.0,1005.0,293.15,constant_cp_1005_J_kgK,PASS
gsB_c,45.01336669921875,78.0,7224087.1254731305,14240409.818384755,1.9712400433504047,50.0,1005.0,293.15,constant_cp_1005_J_kgK,PASS
gsB_c,50.0046272277832,78.0,7226408.558410356,38668184.893213995,5.350954707398955,50.0,1005.0,293.15,constant_cp_1005_J_kgK,PASS
gsB_c,55.01531219482422,78.0,6743062.308792801,30596856.10886891,4.537531274028315,50.0,1005.0,293.15,constant_cp_1005_J_kgK,PASS
gsB_c,60.00954818725586,78.0,6588768.703274969,11183645.67448348,1.6973802205144355,50.0,1005.0,293.15,constant_cp_1005_J_kgK,PASS
gsB_c,65.01441192626953,78.0,7334949.00012763,37931303.00827567,5.171311076275466,50.0,1005.0,293.15,constant_cp_1005_J_kgK,PASS
gsB_c,70.01788330078125,78.0,6860784.970531769,19726680.055757694,2.875280327322182,50.0,1005.0,293.15,constant_cp_1005_J_kgK,PASS
gsB_c,75.00894927978516,78.0,6590687.3711632285,11892186.56074414,1.8043924542342868,50.0,1005.0,293.15,constant_cp_1005_J_kgK,PASS
gsB_c,80.00939178466797,78.0,7383469.626429729,41684994.64761918,5.64571898534049,50.0,1005.0,293.15,constant_cp_1005_J_kgK,PASS
gsB_c,85.0166244506836,78.0,6774198.084338813,32725500.682284698,4.830904008836468,50.0,1005.0,293.15,constant_cp_1005_J_kgK,PASS
gsB_c,90.02213287353516,78.0,6817375.504023997,11052709.49088405,1.6212557874155709,50.0,1005.0,293.15,constant_cp_1005_J_kgK,PASS
gsB_c,95.003173828125,78.0,7069975.777795497,25658630.70581868,3.6292388421476804,50.0,1005.0,293.15,constant_cp_1005_J_kgK,PASS
gsB_c,100.0059814453125,78.0,6929138.867959162,37020415.43272293,5.342715182677027,50.0,1005.0,293.15,constant_cp_1005_J_kgK,PASS
gsB_c,105.0197982788086,78.0,6787369.718871482,10122668.70297297,1.491397864304943,50.0,1005.0,293.15,constant_cp_1005_J_kgK,PASS
gsB_c,110.01859283447266,78.0,6862307.198401533,18736747.07526539,2.7303859377834057,50.0,1005.0,293.15,constant_cp_1005_J_kgK,PASS
gsB_c,115.01551055908203,78.0,6934923.097047787,39600866.92424407,5.710354155347771,50.0,1005.0,293.15,constant_cp_1005_J_kgK,PASS
gsB_c,120.02314758300781,78.0,6905125.231512453,11170921.528353486,1.617772473897143,50.0,1005.0,293.15,constant_cp_1005_J_kgK,PASS
gsB_c,125.01868438720703,78.0,6948994.299714364,24491722.5171286,3.524498864265196,50.0,1005.0,293.15,constant_cp_1005_J_kgK,PASS
gsB_c,130.0050048828125,78.0,7076079.005791732,37676533.41519533,5.324493039769241,50.0,1005.0,293.15,constant_cp_1005_J_kgK,PASS
gsB_c,135.01502990722656,78.0,6950309.667843418,11602471.544432178,1.6693459858504776,50.0,1005.0,293.15,constant_cp_1005_J_kgK,PASS
gsB_c,140.01190185546875,78.0,7017239.053711049,30281364.75814429,4.315281911641597,50.0,1005.0,293.15,constant_cp_1005_J_kgK,PASS
gsB_c,145.01376342773438,78.0,6856702.105062697,30067305.02913434,4.385097174767724,50.0,1005.0,293.15,constant_cp_1005_J_kgK,PASS
gsB_c,150.0125732421875,78.0,6844593.8486969955,8875787.241883192,1.2967587906728568,50.0,1005.0,293.15,constant_cp_1005_J_kgK,PASS
gsB_c,155.01248168945312,78.0,7124227.078899419,26515889.084292404,3.7219320482957836,50.0,1005.0,293.15,constant_cp_1005_J_kgK,PASS
gsB_c,160.00794982910156,78.0,7027314.159530857,34768091.92692939,4.9475647648077405,50.0,1005.0,293.15,constant_cp_1005_J_kgK,PASS
gsB_c,165.00357055664062,78.0,6709894.923243913,9329927.982953323,1.3904730386512145,50.0,1005.0,293.15,constant_cp_1005_J_kgK,PASS
gsB_c,170.00460815429688,78.0,7335662.06957902,27426794.970461793,3.7388302119587364,50.0,1005.0,293.15,constant_cp_1005_J_kgK,PASS
gsB_c,175.016357421875,78.0,7209829.632727241,29593676.9090253,4.104629154438284,50.0,1005.0,293.15,constant_cp_1005_J_kgK,PASS
gsB_c,180.01397705078125,78.0,6741814.0394189935,11926625.143170618,1.7690528207150678,50.0,1005.0,293.15,constant_cp_1005_J_kgK,PASS
gsB_c,185.00637817382812,78.0,7313217.085943075,40364790.78663138,5.519430137554319,50.0,1005.0,293.15,constant_cp_1005_J_kgK,PASS
gsB_c,190.0080108642578,78.0,6665929.980799364,16078230.774987943,2.4120011493219846,50.0,1005.0,293.15,constant_cp_1005_J_kgK,PASS
gsB_c,195.0109100341797,78.0,6917253.5238436675,23259399.366932333,3.3625194286659488,50.0,1005.0,293.15,constant_cp_1005_J_kgK,PASS
gsB_c,200.00852966308594,78.0,6980944.892700445,33876391.495324895,4.852694300845635,50.0,1005.0,293.15,constant_cp_1005_J_kgK,PASS
gsB_c,205.0216064453125,78.0,7026807.736378291,8327721.4502216745,1.1851358059945853,50.0,1005.0,293.15,constant_cp_1005_J_kgK,PASS
gsB_c,210.00442504882812,78.0,7470422.952325961,29581998.53030192,3.959882689251401,50.0,1005.0,293.15,constant_cp_1005_J_kgK,PASS
gsB_c,215.00306701660156,78.0,7352915.635075327,36092505.49976079,4.908597798618838,50.0,1005.0,293.15,constant_cp_1005_J_kgK,PASS
gsB_c,220.0111846923828,78.0,7004395.230631038,11672215.186258832,1.6664129881213543,50.0,1005.0,293.15,constant_cp_1005_J_kgK,PASS
gsB_c,225.0142364501953,78.0,7229056.368802795,38651290.6190245,5.346657799740679,50.0,1005.0,293.15,constant_cp_1005_J_kgK,PASS
gsB_c,230.0084228515625,78.0,6907411.520188745,18920926.153124545,2.739220922023121,50.0,1005.0,293.15,constant_cp_1005_J_kgK,PASS
gsB_c,235.01699829101562,78.0,6889766.612428648,29143691.121955663,4.229996857859091,50.0,1005.0,293.15,constant_cp_1005_J_kgK,PASS
gsB_c,240.00367736816406,78.0,6901625.074664533,21520530.01851004,3.118183005551933,50.0,1005.0,293.15,constant_cp_1005_J_kgK,PASS
gsB_c,245.01808166503906,78.0,6986296.874664826,16649456.080851197,2.3831589724205595,50.0,1005.0,293.15,constant_cp_1005_J_kgK,PASS
gsB_c,250.00741577148438,78.0,7245626.401164308,37371018.461460456,5.157734665350018,50.0,1005.0,293.15,constant_cp_1005_J_kgK,PASS
gsB_c,255.01162719726562,78.0,6860343.960632175,12151346.309044411,1.7712444709440884,50.0,1005.0,293.15,constant_cp_1005_J_kgK,PASS
gsB_c,260.0019226074219,78.0,7017893.708192311,33685994.54083634,4.800014924921578,50.0,1005.0,293.15,constant_cp_1005_J_kgK,PASS
gsB_c,265.0000915527344,78.0,6783712.289885288,21870757.962489314,3.224010251009502,50.0,1005.0,293.15,constant_cp_1005_J_kgK,PASS
gsB_c,270.0126953125,78.0,6785113.3000267595,13887138.807887852,2.046706988346544,50.0,1005.0,293.15,constant_cp_1005_J_kgK,PASS
gsB_c,275.013916015625,78.0,7430710.119622411,43498730.27408311,5.853912960379819,50.0,1005.0,293.15,constant_cp_1005_J_kgK,PASS
gsB_c,280.0115661621094,78.0,6810405.363882733,14108690.418704614,2.0716373937925185,50.0,1005.0,293.15,constant_cp_1005_J_kgK,PASS
gsB_c,285.01824951171875,78.0,7377254.77920079,17403306.7957412,2.3590491743361715,50.0,1005.0,293.15,constant_cp_1005_J_kgK,PASS
gsB_c,290.00213623046875,78.0,7520469.34352095,43873410.276448615,5.833865982612711,50.0,1005.0,293.15,constant_cp_1005_J_kgK,PASS
gsB_c,295.0187072753906,78.0,6779528.45958413,12371355.82374515,1.8248106630861511,50.0,1005.0,293.15,constant_cp_1005_J_kgK,PASS
gsB_c,300.0,78.0,6927556.320069294,20272678.751353934,2.926382379977699,50.0,1005.0,293.15,constant_cp_1005_J_kgK,PASS
gsB_c,0.0,85.0,0.0,0.0,0.0,50.0,1005.0,293.15,constant_cp_1005_J_kgK,NEAR_ZERO_C_T_REVIEW
gsB_c,5.009599685668945,85.0,-7.138894095293935,-2.5833913803719684,0.3618755714156206,50.0,1005.0,293.15,constant_cp_1005_J_kgK,PASS
gsB_c,10.011014938354492,85.0,1274.264587234939,2291.608404718333,1.7983772190429912,50.0,1005.0,293.15,constant_cp_1005_J_kgK,PASS
gsB_c,15.006303787231445,85.0,3043016.1896096407,15499376.914842676,5.093425716157934,50.0,1005.0,293.15,constant_cp_1005_J_kgK,PASS
gsB_c,20.012596130371094,85.0,4635260.283421941,14191144.262572056,3.0615636220746514,50.0,1005.0,293.15,constant_cp_1005_J_kgK,PASS
gsB_c,25.00234603881836,85.0,5132169.788444739,30392818.05908181,5.922021155167607,50.0,1005.0,293.15,constant_cp_1005_J_kgK,PASS
gsB_c,30.01245880126953,85.0,6440499.139508368,37447977.50338282,5.814452683280908,50.0,1005.0,293.15,constant_cp_1005_J_kgK,PASS
gsB_c,35.009300231933594,85.0,6867007.079120461,29803650.87039131,4.3401223454408635,50.0,1005.0,293.15,constant_cp_1005_J_kgK,PASS
gsB_c,40.01394271850586,85.0,7202385.3953762315,10008276.579104222,1.3895780397324071,50.0,1005.0,293.15,constant_cp_1005_J_kgK,PASS
gsB_c,45.01336669921875,85.0,7051634.026097454,13467361.442796186,1.9098213822434216,50.0,1005.0,293.15,constant_cp_1005_J_kgK,PASS
gsB_c,50.0046272277832,85.0,6706207.419268482,35083335.62366882,5.231471893169646,50.0,1005.0,293.15,constant_cp_1005_J_kgK,PASS
gsB_c,55.01531219482422,85.0,7043706.780889392,31533839.53986955,4.476881352503979,50.0,1005.0,293.15,constant_cp_1005_J_kgK,PASS
gsB_c,60.00954818725586,85.0,7137367.712585665,11702072.253532685,1.639550142960668,50.0,1005.0,293.15,constant_cp_1005_J_kgK,PASS
gsB_c,65.01441192626953,85.0,6859768.4149467945,34953000.54831928,5.095361597362376,50.0,1005.0,293.15,constant_cp_1005_J_kgK,PASS
gsB_c,70.01788330078125,85.0,6589829.503659945,17643878.6751483,2.6774408450702727,50.0,1005.0,293.15,constant_cp_1005_J_kgK,PASS
gsB_c,75.00894927978516,85.0,7228459.5008745715,12946378.849451654,1.7910287590163947,50.0,1005.0,293.15,constant_cp_1005_J_kgK,PASS
gsB_c,80.00939178466797,85.0,6410736.969653014,35559532.76268517,5.5468712772051,50.0,1005.0,293.15,constant_cp_1005_J_kgK,PASS
gsB_c,85.0166244506836,85.0,7396862.597472709,35530585.98112293,4.803467079848514,50.0,1005.0,293.15,constant_cp_1005_J_kgK,PASS
gsB_c,90.02213287353516,85.0,7279278.194682397,11272216.860017933,1.5485349726367685,50.0,1005.0,293.15,constant_cp_1005_J_kgK,PASS
gsB_c,95.003173828125,85.0,6966255.155139456,25263088.37836107,3.6264948405920583,50.0,1005.0,293.15,constant_cp_1005_J_kgK,PASS
gsB_c,100.0059814453125,85.0,6726185.481959293,35202325.39588457,5.233623944849996,50.0,1005.0,293.15,constant_cp_1005_J_kgK,PASS
gsB_c,105.0197982788086,85.0,7078728.634031216,9982460.10477861,1.4102052248178594,50.0,1005.0,293.15,constant_cp_1005_J_kgK,PASS
gsB_c,110.01859283447266,85.0,6936075.012265102,18606215.1887402,2.6825279651443674,50.0,1005.0,293.15,constant_cp_1005_J_kgK,PASS
gsB_c,115.01551055908203,85.0,6648415.39008648,37534890.92877124,5.645689796209168,50.0,1005.0,293.15,constant_cp_1005_J_kgK,PASS
gsB_c,120.02314758300781,85.0,7281489.152408868,11242451.32840925,1.5439769383835464,50.0,1005.0,293.15,constant_cp_1005_J_kgK,PASS
gsB_c,125.01868438720703,85.0,7261702.519671336,25983551.820715457,3.5781625246046938,50.0,1005.0,293.15,constant_cp_1005_J_kgK,PASS
gsB_c,130.0050048828125,85.0,6848544.650388378,36169434.24062044,5.281331448801941,50.0,1005.0,293.15,constant_cp_1005_J_kgK,PASS
gsB_c,135.01502990722656,85.0,7143980.462585069,11509519.989713296,1.611079432536486,50.0,1005.0,293.15,constant_cp_1005_J_kgK,PASS
gsB_c,140.01190185546875,85.0,7056437.323333167,30585057.688587487,4.334348381080834,50.0,1005.0,293.15,constant_cp_1005_J_kgK,PASS
gsB_c,145.01376342773438,85.0,6598171.966384739,27984675.524837114,4.241277079077166,50.0,1005.0,293.15,constant_cp_1005_J_kgK,PASS
gsB_c,150.0125732421875,85.0,7282307.484085504,9035947.537991788,1.240808295686309,50.0,1005.0,293.15,constant_cp_1005_J_kgK,PASS
gsB_c,155.01248168945312,85.0,6812184.006347498,25542012.40388367,3.749460140842346,50.0,1005.0,293.15,constant_cp_1005_J_kgK,PASS
gsB_c,160.00794982910156,85.0,6759342.053730186,32793040.23834163,4.851513649948307,50.0,1005.0,293.15,constant_cp_1005_J_kgK,PASS
gsB_c,165.00357055664062,85.0,7157345.314921154,9442232.739748977,1.319236717566839,50.0,1005.0,293.15,constant_cp_1005_J_kgK,PASS
gsB_c,170.00460815429688,85.0,6761497.100969702,25213449.49565795,3.728974385279549,50.0,1005.0,293.15,constant_cp_1005_J_kgK,PASS
gsB_c,175.016357421875,85.0,6880728.5675761495,27160868.50751566,3.947382641353563,50.0,1005.0,293.15,constant_cp_1005_J_kgK,PASS
gsB_c,180.01397705078125,85.0,7171301.450710014,12418299.323997825,1.7316660594107804,50.0,1005.0,293.15,constant_cp_1005_J_kgK,PASS
gsB_c,185.00637817382812,85.0,6998655.569258472,38393398.31989621,5.485824804486571,50.0,1005.0,293.15,constant_cp_1005_J_kgK,PASS
gsB_c,190.0080108642578,85.0,6630790.56507771,15435144.00407066,2.327798450664799,50.0,1005.0,293.15,constant_cp_1005_J_kgK,PASS
gsB_c,195.0109100341797,85.0,7181102.116673902,24309229.45508562,3.385166936791175,50.0,1005.0,293.15,constant_cp_1005_J_kgK,PASS
gsB_c,200.00852966308594,85.0,6639430.922293163,31480208.893696893,4.741401674651972,50.0,1005.0,293.15,constant_cp_1005_J_kgK,PASS
gsB_c,205.0216064453125,85.0,7157297.696594393,7726348.5838801935,1.0795063879425564,50.0,1005.0,293.15,constant_cp_1005_J_kgK,PASS
gsB_c,210.00442504882812,85.0,7002479.283235137,27312406.15551543,3.900390854551322,50.0,1005.0,293.15,constant_cp_1005_J_kgK,PASS
gsB_c,215.00306701660156,85.0,6737193.629821677,32410788.261114098,4.810725361617958,50.0,1005.0,293.15,constant_cp_1005_J_kgK,PASS
gsB_c,220.0111846923828,85.0,7503115.029959239,12261497.957151284,1.6341876551528618,50.0,1005.0,293.15,constant_cp_1005_J_kgK,PASS
gsB_c,225.0142364501953,85.0,6853316.495680707,36403171.05992079,5.311759800216994,50.0,1005.0,293.15,constant_cp_1005_J_kgK,PASS
gsB_c,230.0084228515625,85.0,7021949.446839586,18394188.213096414,2.6195272911534846,50.0,1005.0,293.15,constant_cp_1005_J_kgK,PASS
gsB_c,235.01699829101562,85.0,7335693.147148544,31602614.022784825,4.308061063741341,50.0,1005.0,293.15,constant_cp_1005_J_kgK,PASS
gsB_c,240.00367736816406,85.0,6748971.228580613,19774320.818326052,2.9299755694002,50.0,1005.0,293.15,constant_cp_1005_J_kgK,PASS
gsB_c,245.01808166503906,85.0,7179707.178410698,17248569.781291176,2.4024057461782617,50.0,1005.0,293.15,constant_cp_1005_J_kgK,PASS
gsB_c,250.00741577148438,85.0,6719291.686916782,34027521.455691114,5.064153044873246,50.0,1005.0,293.15,constant_cp_1005_J_kgK,PASS
gsB_c,255.01162719726562,85.0,7238875.065861305,12253727.059496175,1.692766755608896,50.0,1005.0,293.15,constant_cp_1005_J_kgK,PASS
gsB_c,260.0019226074219,85.0,7093509.121715317,34595596.815847225,4.877077934521847,50.0,1005.0,293.15,constant_cp_1005_J_kgK,PASS
gsB_c,265.0000915527344,85.0,6686714.240870427,20812280.45335856,3.112482409693848,50.0,1005.0,293.15,constant_cp_1005_J_kgK,PASS
gsB_c,270.0126953125,85.0,7555929.857643422,15434366.501922622,2.0426826072650126,50.0,1005.0,293.15,constant_cp_1005_J_kgK,PASS
gsB_c,275.013916015625,85.0,6745569.372532474,39082281.41660528,5.793770586030265,50.0,1005.0,293.15,constant_cp_1005_J_kgK,PASS
gsB_c,280.0115661621094,85.0,7197723.208609413,14505689.688724913,2.015316408857487,50.0,1005.0,293.15,constant_cp_1005_J_kgK,PASS
gsB_c,285.01824951171875,85.0,7261227.542428555,16289250.297691317,2.243319081038368,50.0,1005.0,293.15,constant_cp_1005_J_kgK,PASS
gsB_c,290.00213623046875,85.0,6877666.865002438,39313488.63162519,5.716108297084733,50.0,1005.0,293.15,constant_cp_1005_J_kgK,PASS
gsB_c,295.0187072753906,85.0,7050723.775180407,12025560.59484244,1.705578175842627,50.0,1005.0,293.15,constant_cp_1005_J_kgK,PASS
gsB_c,300.0,85.0,7139556.6810353715,20812497.225396927,2.915096574648766,50.0,1005.0,293.15,constant_cp_1005_J_kgK,PASS
gsB_f,0.0,15.0,0.0,0.0,0.0,50.0,1005.0,293.15,constant_cp_1005_J_kgK,NEAR_ZERO_C_T_REVIEW
gsB_f,5.001023769378662,15.0,-0.5051176252550462,-0.7078344883786727,1.4013260507786554,50.0,1005.0,293.15,constant_cp_1005_J_kgK,PASS
gsB_f,10.000624656677246,15.0,0.5697241306306164,1.354824730080722,2.3780364124704647,50.0,1005.0,293.15,constant_cp_1005_J_kgK,PASS
gsB_f,15.003981590270996,15.0,1.4753957625952197,3.4461560622427463,2.3357502761463884,50.0,1005.0,293.15,constant_cp_1005_J_kgK,PASS
gsB_f,20.000646591186523,15.0,1.5248804248755299,3.6302532972977253,2.3806806328524863,50.0,1005.0,293.15,constant_cp_1005_J_kgK,PASS
gsB_f,25.001638412475586,15.0,1.7992826633786052,4.50367619923709,2.503039843821574,50.0,1005.0,293.15,constant_cp_1005_J_kgK,PASS
gsB_f,30.00173568725586,15.0,2.193817154495619,5.076526866173545,2.314015483677205,50.0,1005.0,293.15,constant_cp_1005_J_kgK,PASS
gsB_f,35.003936767578125,15.0,2.8424772825937072,6.567709696375907,2.3105583760628816,50.0,1005.0,293.15,constant_cp_1005_J_kgK,PASS
gsB_f,40.00153350830078,15.0,3.537727635666603,8.085774258810506,2.2855841628411127,50.0,1005.0,293.15,constant_cp_1005_J_kgK,PASS
gsB_f,45.0018196105957,15.0,3.9672960890070685,9.572693148288167,2.412901112271434,50.0,1005.0,293.15,constant_cp_1005_J_kgK,PASS
gsB_f,50.0018196105957,15.0,5.839419423388357,13.671233012608276,2.3411973038809855,50.0,1005.0,293.15,constant_cp_1005_J_kgK,PASS
gsB_f,55.00148010253906,15.0,6.615310376213102,15.765157570202577,2.383131957724427,50.0,1005.0,293.15,constant_cp_1005_J_kgK,PASS
gsB_f,60.00165939331055,15.0,6.359789588504872,15.445846761591001,2.428672606886277,50.0,1005.0,293.15,constant_cp_1005_J_kgK,PASS
gsB_f,65.00375366210938,15.0,7.4099941950576955,18.121848450386143,2.4455954985804746,50.0,1005.0,293.15,constant_cp_1005_J_kgK,PASS
gsB_f,70.00176239013672,15.0,7.273280402095122,17.441606844736178,2.3980385573081926,50.0,1005.0,293.15,constant_cp_1005_J_kgK,PASS
gsB_f,75.00276184082031,15.0,8.296399088110192,20.26826280958914,2.443019265574284,50.0,1005.0,293.15,constant_cp_1005_J_kgK,PASS
gsB_f,80.0030517578125,15.0,10.68328821192895,26.963414547495017,2.5238872161909667,50.0,1005.0,293.15,constant_cp_1005_J_kgK,PASS
gsB_f,85.00257873535156,15.0,11.65683121949904,30.671176275620937,2.6311761485989735,50.0,1005.0,293.15,constant_cp_1005_J_kgK,PASS
gsB_f,90.00312805175781,15.0,11.959889929328664,30.73859380731896,2.570140192458631,50.0,1005.0,293.15,constant_cp_1005_J_kgK,PASS
gsB_f,95.00244140625,15.0,12.067357559112688,29.446383508667736,2.440168310417808,50.0,1005.0,293.15,constant_cp_1005_J_kgK,PASS
gsB_f,100.0029067993164,15.0,10.657979480638055,24.76558357895053,2.3236659088730236,50.0,1005.0,293.15,constant_cp_1005_J_kgK,PASS
gsB_f,105.00257110595703,15.0,10.991413451215527,26.226992762861236,2.386134674751471,50.0,1005.0,293.15,constant_cp_1005_J_kgK,PASS
gsB_f,110.0007095336914,15.0,10.150736295283478,24.379734688953718,2.4017700763125873,50.0,1005.0,293.15,constant_cp_1005_J_kgK,PASS
gsB_f,115.00285339355469,15.0,12.143934150362,30.128141706508746,2.4809210368725303,50.0,1005.0,293.15,constant_cp_1005_J_kgK,PASS
gsB_f,120.002197265625,15.0,14.219205122660789,31.99042456224535,2.249803999874312,50.0,1005.0,293.15,constant_cp_1005_J_kgK,PASS
gsB_f,125.00086212158203,15.0,13.439958337398508,32.242165955967856,2.3989781176516503,50.0,1005.0,293.15,constant_cp_1005_J_kgK,PASS
gsB_f,130.0030059814453,15.0,12.550488119410506,31.890846246746758,2.541004456622175,50.0,1005.0,293.15,constant_cp_1005_J_kgK,PASS
gsB_f,135.0028533935547,15.0,10.344204725590712,25.9697874057971,2.510563943020135,50.0,1005.0,293.15,constant_cp_1005_J_kgK,PASS
gsB_f,140.00146484375,15.0,10.419730763749449,24.929411164823403,2.3925197039794,50.0,1005.0,293.15,constant_cp_1005_J_kgK,PASS
gsB_f,145.00132751464844,15.0,9.98364037354763,22.629229006928142,2.2666310241521996,50.0,1005.0,293.15,constant_cp_1005_J_kgK,PASS
gsB_f,150.0012664794922,15.0,10.421440858949751,23.087732687450647,2.2154069670133856,50.0,1005.0,293.15,constant_cp_1005_J_kgK,PASS
gsB_f,155.0027618408203,15.0,12.676638699658511,29.38797571049965,2.3182782442930265,50.0,1005.0,293.15,constant_cp_1005_J_kgK,PASS
gsB_f,160.00135803222656,15.0,14.74039484965287,36.49249977335735,2.47567993551686,50.0,1005.0,293.15,constant_cp_1005_J_kgK,PASS
gsB_f,165.00035095214844,15.0,14.39929879655092,33.402323878974244,2.319718782740686,50.0,1005.0,293.15,constant_cp_1005_J_kgK,PASS
gsB_f,170.00323486328125,15.0,15.434561215538967,36.35389558943132,2.3553565974053186,50.0,1005.0,293.15,constant_cp_1005_J_kgK,PASS
gsB_f,175.00112915039062,15.0,14.461273080647654,36.72249306302283,2.5393679280993724,50.0,1005.0,293.15,constant_cp_1005_J_kgK,PASS
gsB_f,180.00108337402344,15.0,15.732268095815893,36.51572976487399,2.3210721772701377,50.0,1005.0,293.15,constant_cp_1005_J_kgK,PASS
gsB_f,185.00209045410156,15.0,16.602558616546684,44.16792799119968,2.6603085107930347,50.0,1005.0,293.15,constant_cp_1005_J_kgK,PASS
gsB_f,190.00250244140625,15.0,19.48479713747901,49.55538416233726,2.5432845828543007,50.0,1005.0,293.15,constant_cp_1005_J_kgK,PASS
gsB_f,195.00039672851562,15.0,18.741775041651266,47.82725151109017,2.551906177629821,50.0,1005.0,293.15,constant_cp_1005_J_kgK,PASS
gsB_f,200.0029296875,15.0,19.067741602579915,48.57315981034567,2.5473997298781415,50.0,1005.0,293.15,constant_cp_1005_J_kgK,PASS
gsB_f,205.00181579589844,15.0,18.474146082160253,44.390887995859835,2.4028654854214606,50.0,1005.0,293.15,constant_cp_1005_J_kgK,PASS
gsB_f,210.003173828125,15.0,17.03818425072088,45.20933082032674,2.6534124852981638,50.0,1005.0,293.15,constant_cp_1005_J_kgK,PASS
gsB_f,215.00296020507812,15.0,14.852805197184239,38.539135408546585,2.594737821866674,50.0,1005.0,293.15,constant_cp_1005_J_kgK,PASS
gsB_f,220.00228881835938,15.0,13.639200874032884,35.75299251773155,2.6213407108900983,50.0,1005.0,293.15,constant_cp_1005_J_kgK,PASS
gsB_f,225.00367736816406,15.0,12.446832803599882,30.257037973331002,2.430902579662606,50.0,1005.0,293.15,constant_cp_1005_J_kgK,PASS
gsB_f,230.0026092529297,15.0,13.756450592089578,34.25820468503108,2.4903374931786812,50.0,1005.0,293.15,constant_cp_1005_J_kgK,PASS
gsB_f,235.0022430419922,15.0,13.344681260202048,29.198537836623885,2.1880281188517325,50.0,1005.0,293.15,constant_cp_1005_J_kgK,PASS
gsB_f,240.00003051757812,15.0,16.11260605050267,35.214550145795684,2.185527904873685,50.0,1005.0,293.15,constant_cp_1005_J_kgK,PASS
gsB_f,245.0003662109375,15.0,17.659559408421767,37.97463543131061,2.150372755678734,50.0,1005.0,293.15,constant_cp_1005_J_kgK,PASS
gsB_f,250.00279235839844,15.0,16.64575758067803,36.36599458545818,2.1847004804086656,50.0,1005.0,293.15,constant_cp_1005_J_kgK,PASS
gsB_f,255.00270080566406,15.0,14.433554282850007,35.28137386341594,2.444399568503579,50.0,1005.0,293.15,constant_cp_1005_J_kgK,PASS
gsB_f,260.0030517578125,15.0,15.579376446828466,34.926935903419675,2.2418699503398916,50.0,1005.0,293.15,constant_cp_1005_J_kgK,PASS
gsB_f,265.0005798339844,15.0,15.795897644178428,35.055665575033046,2.2192892333493632,50.0,1005.0,293.15,constant_cp_1005_J_kgK,PASS
gsB_f,270.00225830078125,15.0,15.58688213923341,38.264781400016766,2.4549349289840565,50.0,1005.0,293.15,constant_cp_1005_J_kgK,PASS
gsB_f,275.0032653808594,15.0,14.047661858668343,33.001947430628654,2.349284013261963,50.0,1005.0,293.15,constant_cp_1005_J_kgK,PASS
gsB_f,280.0004577636719,15.0,14.5020686830626,34.16417596158199,2.3558139673636727,50.0,1005.0,293.15,constant_cp_1005_J_kgK,PASS
gsB_f,285.0023498535156,15.0,16.15379519355303,39.425161606563165,2.440612941524547,50.0,1005.0,293.15,constant_cp_1005_J_kgK,PASS
gsB_f,290.0003356933594,15.0,17.448611678595892,39.963811061925334,2.290371967453338,50.0,1005.0,293.15,constant_cp_1005_J_kgK,PASS
gsB_f,295.0047302246094,15.0,17.349773144246225,38.46234614007351,2.2168789077574798,50.0,1005.0,293.15,constant_cp_1005_J_kgK,PASS
gsB_f,300.0,15.0,17.695836990800014,43.417798236872756,2.453560024145335,50.0,1005.0,293.15,constant_cp_1005_J_kgK,PASS
gsB_f,0.0,22.0,0.0,0.0,0.0,50.0,1005.0,293.15,constant_cp_1005_J_kgK,NEAR_ZERO_C_T_REVIEW
gsB_f,5.001023769378662,22.0,52.65836620199419,71.50052784977605,1.3578189565195906,50.0,1005.0,293.15,constant_cp_1005_J_kgK,PASS
gsB_f,10.000624656677246,22.0,44.090368388140206,111.59599166905029,2.5310741494402493,50.0,1005.0,293.15,constant_cp_1005_J_kgK,PASS
gsB_f,15.003981590270996,22.0,33.83323482138187,75.75498840636894,2.239070216137133,50.0,1005.0,293.15,constant_cp_1005_J_kgK,PASS
gsB_f,20.000646591186523,22.0,38.11244787864344,87.65337399331517,2.2998620888933368,50.0,1005.0,293.15,constant_cp_1005_J_kgK,PASS
gsB_f,25.001638412475586,22.0,38.554683704237505,96.03847137226668,2.4909676890753545,50.0,1005.0,293.15,constant_cp_1005_J_kgK,PASS
gsB_f,30.00173568725586,22.0,44.46072311880331,98.25547966902799,2.2099388578154704,50.0,1005.0,293.15,constant_cp_1005_J_kgK,PASS
gsB_f,35.003936767578125,22.0,50.361805735453665,111.11400270484324,2.2063149063063676,50.0,1005.0,293.15,constant_cp_1005_J_kgK,PASS
gsB_f,40.00153350830078,22.0,54.548716748823345,120.32575041309187,2.2058401660471976,50.0,1005.0,293.15,constant_cp_1005_J_kgK,PASS
gsB_f,45.0018196105957,22.0,63.03006128023827,148.90517488418973,2.362446931786711,50.0,1005.0,293.15,constant_cp_1005_J_kgK,PASS
gsB_f,50.0018196105957,22.0,73.37939965158102,166.94554777043692,2.275101030546041,50.0,1005.0,293.15,constant_cp_1005_J_kgK,PASS
gsB_f,55.00148010253906,22.0,76.73261796157598,179.91158587217302,2.344655905783372,50.0,1005.0,293.15,constant_cp_1005_J_kgK,PASS
gsB_f,60.00165939331055,22.0,76.44106515263854,185.6298098820738,2.428404281245654,50.0,1005.0,293.15,constant_cp_1005_J_kgK,PASS
gsB_f,65.00375366210938,22.0,76.16611739213889,184.63359244269003,2.4240909050107624,50.0,1005.0,293.15,constant_cp_1005_J_kgK,PASS
gsB_f,70.00176239013672,22.0,75.40915550633363,178.3671252376837,2.365324529066464,50.0,1005.0,293.15,constant_cp_1005_J_kgK,PASS
gsB_f,75.00276184082031,22.0,89.52146581847492,218.62829558176907,2.442188514011213,50.0,1005.0,293.15,constant_cp_1005_J_kgK,PASS
gsB_f,80.0030517578125,22.0,106.0913362084498,271.0301356466449,2.5546867947026914,50.0,1005.0,293.15,constant_cp_1005_J_kgK,PASS
gsB_f,85.00257873535156,22.0,116.99984340827768,315.78566612844435,2.6990263997516055,50.0,1005.0,293.15,constant_cp_1005_J_kgK,PASS
gsB_f,90.00312805175781,22.0,111.54120346973136,295.0918704200475,2.6455862160163996,50.0,1005.0,293.15,constant_cp_1005_J_kgK,PASS
gsB_f,95.00244140625,22.0,103.62354954866095,251.74747429459657,2.429442683527726,50.0,1005.0,293.15,constant_cp_1005_J_kgK,PASS
gsB_f,100.0029067993164,22.0,99.4470465156671,220.5346986653931,2.217609334716964,50.0,1005.0,293.15,constant_cp_1005_J_kgK,PASS
gsB_f,105.00257110595703,22.0,96.87311789931613,236.38310592922326,2.440131081281651,50.0,1005.0,293.15,constant_cp_1005_J_kgK,PASS
gsB_f,110.0007095336914,22.0,101.16408608187949,240.365558184782,2.375996932230086,50.0,1005.0,293.15,constant_cp_1005_J_kgK,PASS
gsB_f,115.00285339355469,22.0,112.0986304619403,276.7794862970639,2.469071077443421,50.0,1005.0,293.15,constant_cp_1005_J_kgK,PASS
gsB_f,120.002197265625,22.0,120.75992581178926,260.4087489171194,2.156416933551481,50.0,1005.0,293.15,constant_cp_1005_J_kgK,PASS
gsB_f,125.00086212158203,22.0,117.67638753591126,279.14268241234345,2.372121444710269,50.0,1005.0,293.15,constant_cp_1005_J_kgK,PASS
gsB_f,130.0030059814453,22.0,110.63531437021813,285.0797475422431,2.5767518189147647,50.0,1005.0,293.15,constant_cp_1005_J_kgK,PASS
gsB_f,135.0028533935547,22.0,102.52153361537339,263.0409171460343,2.5657138346204458,50.0,1005.0,293.15,constant_cp_1005_J_kgK,PASS
gsB_f,140.00146484375,22.0,99.60379315132602,239.4694199298231,2.404219883108245,50.0,1005.0,293.15,constant_cp_1005_J_kgK,PASS
gsB_f,145.00132751464844,22.0,98.07982164464546,213.59885601947605,2.1778063258637603,50.0,1005.0,293.15,constant_cp_1005_J_kgK,PASS
gsB_f,150.0012664794922,22.0,101.45186176187323,213.47232812379826,2.104173589468019,50.0,1005.0,293.15,constant_cp_1005_J_kgK,PASS
gsB_f,155.0027618408203,22.0,118.91049342972558,270.7510340501525,2.276931381231595,50.0,1005.0,293.15,constant_cp_1005_J_kgK,PASS
gsB_f,160.00135803222656,22.0,125.33175641015451,314.6255652260826,2.5103419455316986,50.0,1005.0,293.15,constant_cp_1005_J_kgK,PASS
gsB_f,165.00035095214844,22.0,127.73204083632947,283.98470192245657,2.223284776950518,50.0,1005.0,293.15,constant_cp_1005_J_kgK,PASS
gsB_f,170.00323486328125,22.0,129.01868656242246,295.6091529121219,2.2912119227535896,50.0,1005.0,293.15,constant_cp_1005_J_kgK,PASS
gsB_f,175.00112915039062,22.0,126.5893264334512,330.1597609456016,2.6081168945674142,50.0,1005.0,293.15,constant_cp_1005_J_kgK,PASS
gsB_f,180.00108337402344,22.0,132.5810419038997,302.33246172347975,2.280359675709463,50.0,1005.0,293.15,constant_cp_1005_J_kgK,PASS
gsB_f,185.00209045410156,22.0,151.36225978844573,416.5857997469202,2.7522435270616126,50.0,1005.0,293.15,constant_cp_1005_J_kgK,PASS
gsB_f,190.00250244140625,22.0,152.07306849931348,395.53930971927684,2.600981972810403,50.0,1005.0,293.15,constant_cp_1005_J_kgK,PASS
gsB_f,195.00039672851562,22.0,150.02792145565292,387.21111575826694,2.5809270167762914,50.0,1005.0,293.15,constant_cp_1005_J_kgK,PASS
gsB_f,200.0029296875,22.0,143.1461558175919,375.7349152868087,2.6248341294122834,50.0,1005.0,293.15,constant_cp_1005_J_kgK,PASS
gsB_f,205.00181579589844,22.0,140.22387810364575,335.14532387758084,2.3900731345304105,50.0,1005.0,293.15,constant_cp_1005_J_kgK,PASS
gsB_f,210.003173828125,22.0,138.52283460532544,384.90780787134196,2.7786596265173866,50.0,1005.0,293.15,constant_cp_1005_J_kgK,PASS
gsB_f,215.00296020507812,22.0,126.13066572855226,338.2335256896762,2.6816121498550727,50.0,1005.0,293.15,constant_cp_1005_J_kgK,PASS
gsB_f,220.00228881835938,22.0,117.6016272980765,320.9808421876635,2.729391162006345,50.0,1005.0,293.15,constant_cp_1005_J_kgK,PASS
gsB_f,225.00367736816406,22.0,116.04934910270397,279.93946450028574,2.4122450204363175,50.0,1005.0,293.15,constant_cp_1005_J_kgK,PASS
gsB_f,230.0026092529297,22.0,118.45868609405468,299.0527034063596,2.524531659640316,50.0,1005.0,293.15,constant_cp_1005_J_kgK,PASS
gsB_f,235.0022430419922,22.0,121.51074036160509,252.00732707984974,2.0739510460377786,50.0,1005.0,293.15,constant_cp_1005_J_kgK,PASS
gsB_f,240.00003051757812,22.0,137.9734099378041,280.6288482046109,2.0339342800114846,50.0,1005.0,293.15,constant_cp_1005_J_kgK,PASS
gsB_f,245.0003662109375,22.0,145.0157296186182,290.8678928513417,2.0057678819690756,50.0,1005.0,293.15,constant_cp_1005_J_kgK,PASS
gsB_f,250.00279235839844,22.0,134.7021453306482,273.5509606903164,2.030783993950583,50.0,1005.0,293.15,constant_cp_1005_J_kgK,PASS
gsB_f,255.00270080566406,22.0,124.23918324669734,304.2881354701606,2.449212297729753,50.0,1005.0,293.15,constant_cp_1005_J_kgK,PASS
gsB_f,260.0030517578125,22.0,133.8284858878175,283.7594801613153,2.1203219798590416,50.0,1005.0,293.15,constant_cp_1005_J_kgK,PASS
gsB_f,265.0005798339844,22.0,136.26548254968947,283.3875489787579,2.0796722961248855,50.0,1005.0,293.15,constant_cp_1005_J_kgK,PASS
gsB_f,270.00225830078125,22.0,125.15203114352852,309.00731733952443,2.4690555519844137,50.0,1005.0,293.15,constant_cp_1005_J_kgK,PASS
gsB_f,275.0032653808594,22.0,119.54550395590651,276.42656449515937,2.312312511516995,50.0,1005.0,293.15,constant_cp_1005_J_kgK,PASS
gsB_f,280.0004577636719,22.0,124.27127275838285,285.6293517156412,2.298434267014259,50.0,1005.0,293.15,constant_cp_1005_J_kgK,PASS
gsB_f,285.0023498535156,22.0,133.31113392023158,326.5851943935949,2.4497968383238082,50.0,1005.0,293.15,constant_cp_1005_J_kgK,PASS
gsB_f,290.0003356933594,22.0,137.3743476077851,304.76630437337445,2.218509566584356,50.0,1005.0,293.15,constant_cp_1005_J_kgK,PASS
gsB_f,295.0047302246094,22.0,140.43386942141137,294.128493909193,2.0944270432689085,50.0,1005.0,293.15,constant_cp_1005_J_kgK,PASS
gsB_f,300.0,22.0,148.01904858265905,364.5156790832757,2.4626268211503515,50.0,1005.0,293.15,constant_cp_1005_J_kgK,PASS
gsB_f,0.0,29.0,0.0,0.0,0.0,50.0,1005.0,293.15,constant_cp_1005_J_kgK,NEAR_ZERO_C_T_REVIEW
gsB_f,5.001023769378662,29.0,658.5507292175604,936.88331911755,1.4226441146443805,50.0,1005.0,293.15,constant_cp_1005_J_kgK,PASS
gsB_f,10.000624656677246,29.0,716.8610623551801,1873.5175866147144,2.613501674169376,50.0,1005.0,293.15,constant_cp_1005_J_kgK,PASS
gsB_f,15.003981590270996,29.0,497.2229254588688,1127.2450573471642,2.267081825128244,50.0,1005.0,293.15,constant_cp_1005_J_kgK,PASS
gsB_f,20.000646591186523,29.0,541.802113019141,1271.8015860048515,2.3473544222917666,50.0,1005.0,293.15,constant_cp_1005_J_kgK,PASS
gsB_f,25.001638412475586,29.0,544.3746826437599,1409.5172292038674,2.5892409660859808,50.0,1005.0,293.15,constant_cp_1005_J_kgK,PASS
gsB_f,30.00173568725586,29.0,587.4720769740991,1302.8485081491783,2.217719886973286,50.0,1005.0,293.15,constant_cp_1005_J_kgK,PASS
gsB_f,35.003936767578125,29.0,608.2472044731705,1334.274355791653,2.1936382871584796,50.0,1005.0,293.15,constant_cp_1005_J_kgK,PASS
gsB_f,40.00153350830078,29.0,628.8004323875663,1373.1266721044633,2.18372412195789,50.0,1005.0,293.15,constant_cp_1005_J_kgK,PASS
gsB_f,45.0018196105957,29.0,673.1285936202219,1603.4735387045685,2.3821206733744305,50.0,1005.0,293.15,constant_cp_1005_J_kgK,PASS
gsB_f,50.0018196105957,29.0,732.3625002144047,1652.4742501043295,2.2563610911513066,50.0,1005.0,293.15,constant_cp_1005_J_kgK,PASS
gsB_f,55.00148010253906,29.0,744.0838204613607,1733.607998193642,2.3298557911344027,50.0,1005.0,293.15,constant_cp_1005_J_kgK,PASS
gsB_f,60.00165939331055,29.0,742.2479971967107,1809.8202362963636,2.43829588376011,50.0,1005.0,293.15,constant_cp_1005_J_kgK,PASS
gsB_f,65.00375366210938,29.0,742.424310578966,1804.1543428083855,2.4300852182480646,50.0,1005.0,293.15,constant_cp_1005_J_kgK,PASS
gsB_f,70.00176239013672,29.0,740.3570706402502,1733.7088975770735,2.341719916412016,50.0,1005.0,293.15,constant_cp_1005_J_kgK,PASS
gsB_f,75.00276184082031,29.0,869.5803246362402,2136.8179855052986,2.4572979918752273,50.0,1005.0,293.15,constant_cp_1005_J_kgK,PASS
gsB_f,80.0030517578125,29.0,1014.5661548178159,2627.891425560098,2.590162714455416,50.0,1005.0,293.15,constant_cp_1005_J_kgK,PASS
gsB_f,85.00257873535156,29.0,1118.1286171283227,3091.837292480981,2.7651893039093722,50.0,1005.0,293.15,constant_cp_1005_J_kgK,PASS
gsB_f,90.00312805175781,29.0,1028.5978079740569,2754.7855896771152,2.678195081030075,50.0,1005.0,293.15,constant_cp_1005_J_kgK,PASS
gsB_f,95.00244140625,29.0,941.9853871485061,2263.52814520489,2.402933395871922,50.0,1005.0,293.15,constant_cp_1005_J_kgK,PASS
gsB_f,100.0029067993164,29.0,906.5750696426508,1940.820218752004,2.1408268148327596,50.0,1005.0,293.15,constant_cp_1005_J_kgK,PASS
gsB_f,105.00257110595703,29.0,884.7445497594822,2166.968886380136,2.4492593788419237,50.0,1005.0,293.15,constant_cp_1005_J_kgK,PASS
gsB_f,110.0007095336914,29.0,910.9939692219789,2145.0760670876934,2.3546545197410143,50.0,1005.0,293.15,constant_cp_1005_J_kgK,PASS
gsB_f,115.00285339355469,29.0,971.9682302226522,2391.389750408185,2.4603579376847744,50.0,1005.0,293.15,constant_cp_1005_J_kgK,PASS
gsB_f,120.002197265625,29.0,1092.2257215470106,2211.5420061040186,2.0248030809690163,50.0,1005.0,293.15,constant_cp_1005_J_kgK,PASS
gsB_f,125.00086212158203,29.0,1069.5207724960217,2477.003625902258,2.3159939382188632,50.0,1005.0,293.15,constant_cp_1005_J_kgK,PASS
gsB_f,130.0030059814453,29.0,1026.5905202965998,2686.609896424218,2.6170219218909136,50.0,1005.0,293.15,constant_cp_1005_J_kgK,PASS
gsB_f,135.0028533935547,29.0,933.599421235998,2425.5342272795806,2.5980459842892825,50.0,1005.0,293.15,constant_cp_1005_J_kgK,PASS
gsB_f,140.00146484375,29.0,916.024483407942,2182.122009904451,2.382165596473783,50.0,1005.0,293.15,constant_cp_1005_J_kgK,PASS
gsB_f,145.00132751464844,29.0,892.4821180064453,1858.1662734394818,2.082020732906136,50.0,1005.0,293.15,constant_cp_1005_J_kgK,PASS
gsB_f,150.0012664794922,29.0,908.932387091544,1810.467713673198,1.991861814347323,50.0,1005.0,293.15,constant_cp_1005_J_kgK,PASS
gsB_f,155.0027618408203,29.0,1003.5116174203495,2212.117272569909,2.2043763461894192,50.0,1005.0,293.15,constant_cp_1005_J_kgK,PASS
gsB_f,160.00135803222656,29.0,1060.5307328802735,2669.5976938138806,2.5172280359674803,50.0,1005.0,293.15,constant_cp_1005_J_kgK,PASS
gsB_f,165.00035095214844,29.0,1076.0776377651525,2278.4392206482944,2.1173557935635055,50.0,1005.0,293.15,constant_cp_1005_J_kgK,PASS
gsB_f,170.00323486328125,29.0,1107.0116923912492,2446.1811005009113,2.209715685310171,50.0,1005.0,293.15,constant_cp_1005_J_kgK,PASS
gsB_f,175.00112915039062,29.0,1105.1235245420576,2923.9851047092984,2.645844595443118,50.0,1005.0,293.15,constant_cp_1005_J_kgK,PASS
gsB_f,180.00108337402344,29.0,1170.8584378765668,2562.3308574114626,2.188420712973841,50.0,1005.0,293.15,constant_cp_1005_J_kgK,PASS
gsB_f,185.00209045410156,29.0,1337.510043023675,3754.111155439177,2.8067910031909338,50.0,1005.0,293.15,constant_cp_1005_J_kgK,PASS
gsB_f,190.00250244140625,29.0,1300.8200488785915,3370.9298818008833,2.5913883205477166,50.0,1005.0,293.15,constant_cp_1005_J_kgK,PASS
gsB_f,195.00039672851562,29.0,1359.382407416117,3467.193127111981,2.550564953757046,50.0,1005.0,293.15,constant_cp_1005_J_kgK,PASS
gsB_f,200.0029296875,29.0,1394.2445808440548,3523.931874335261,2.52748472021989,50.0,1005.0,293.15,constant_cp_1005_J_kgK,PASS
gsB_f,205.00181579589844,29.0,1243.7847974930392,2876.3995162430556,2.312618325966346,50.0,1005.0,293.15,constant_cp_1005_J_kgK,PASS
gsB_f,210.003173828125,29.0,1215.9873338387054,3449.783192019989,2.8370223077296863,50.0,1005.0,293.15,constant_cp_1005_J_kgK,PASS
gsB_f,215.00296020507812,29.0,1199.3441342619951,3289.1244522907364,2.742435935047054,50.0,1005.0,293.15,constant_cp_1005_J_kgK,PASS
gsB_f,220.00228881835938,29.0,1103.0357301162787,3087.806634486625,2.7993713623023964,50.0,1005.0,293.15,constant_cp_1005_J_kgK,PASS
gsB_f,225.00367736816406,29.0,1041.9382639861699,2505.818451679061,2.404958660496911,50.0,1005.0,293.15,constant_cp_1005_J_kgK,PASS
gsB_f,230.0026092529297,29.0,1084.2290457495124,2767.7454528404223,2.552731328945874,50.0,1005.0,293.15,constant_cp_1005_J_kgK,PASS
gsB_f,235.0022430419922,29.0,1079.5220295244683,2094.006871400208,1.9397537188941691,50.0,1005.0,293.15,constant_cp_1005_J_kgK,PASS
gsB_f,240.00003051757812,29.0,1218.6512382264796,2289.45104832578,1.8786761761763537,50.0,1005.0,293.15,constant_cp_1005_J_kgK,PASS
gsB_f,245.0003662109375,29.0,1275.1207443283351,2323.1858006012953,1.821933970514457,50.0,1005.0,293.15,constant_cp_1005_J_kgK,PASS
gsB_f,250.00279235839844,29.0,1206.2757768388487,2222.3448298298918,1.8423190388949853,50.0,1005.0,293.15,constant_cp_1005_J_kgK,PASS
gsB_f,255.00270080566406,29.0,1149.6580465855232,2794.975622974093,2.4311364855599638,50.0,1005.0,293.15,constant_cp_1005_J_kgK,PASS
gsB_f,260.0030517578125,29.0,1230.9952730051846,2429.385901438622,1.9735135907596753,50.0,1005.0,293.15,constant_cp_1005_J_kgK,PASS
gsB_f,265.0005798339844,29.0,1256.5460004551157,2388.6836193845547,1.9009917810549575,50.0,1005.0,293.15,constant_cp_1005_J_kgK,PASS
gsB_f,270.00225830078125,29.0,1133.1808654182528,2779.4680013356956,2.4528017425597386,50.0,1005.0,293.15,constant_cp_1005_J_kgK,PASS
gsB_f,275.0032653808594,29.0,1077.8757654261487,2436.8499132999887,2.260789222155204,50.0,1005.0,293.15,constant_cp_1005_J_kgK,PASS
gsB_f,280.0004577636719,29.0,1108.7371531251233,2464.926600840138,2.223183911434907,50.0,1005.0,293.15,constant_cp_1005_J_kgK,PASS
gsB_f,285.0023498535156,29.0,1150.0207850980005,2787.145305085877,2.4235608096821863,50.0,1005.0,293.15,constant_cp_1005_J_kgK,PASS
gsB_f,290.0003356933594,29.0,1202.26574994583,2524.013761541803,2.0993809078013133,50.0,1005.0,293.15,constant_cp_1005_J_kgK,PASS
gsB_f,295.0047302246094,29.0,1235.5675697118459,2399.4659469932826,1.941994922666135,50.0,1005.0,293.15,constant_cp_1005_J_kgK,PASS
gsB_f,300.0,29.0,1247.1446217560003,3047.323114520267,2.4434400480572513,50.0,1005.0,293.15,constant_cp_1005_J_kgK,PASS
gsB_f,0.0,39.5,0.0,0.0,0.0,50.0,1005.0,293.15,constant_cp_1005_J_kgK,NEAR_ZERO_C_T_REVIEW
gsB_f,5.001023769378662,39.5,7301.412316967044,10918.402017042004,1.4953822004639148,50.0,1005.0,293.15,constant_cp_1005_J_kgK,PASS
gsB_f,10.000624656677246,39.5,11892.34884569554,32241.953486462677,2.7111510017745575,50.0,1005.0,293.15,constant_cp_1005_J_kgK,PASS
gsB_f,15.003981590270996,39.5,8353.238523949422,19342.761451755145,2.315600278418429,50.0,1005.0,293.15,constant_cp_1005_J_kgK,PASS
gsB_f,20.000646591186523,39.5,8851.561543909169,21777.383095601985,2.460287146801201,50.0,1005.0,293.15,constant_cp_1005_J_kgK,PASS
gsB_f,25.001638412475586,39.5,9176.247225719635,25374.480052916897,2.765235006070161,50.0,1005.0,293.15,constant_cp_1005_J_kgK,PASS
gsB_f,30.00173568725586,39.5,9703.579560904363,21765.575776395315,2.2430460470573546,50.0,1005.0,293.15,constant_cp_1005_J_kgK,PASS
gsB_f,35.003936767578125,39.5,122814.11758797376,-13745.399090031748,-0.11192035052636014,50.0,1005.0,293.15,constant_cp_1005_J_kgK,PASS
gsB_f,40.00153350830078,39.5,666279.3457423667,-244355.04794760968,-0.36674564431432216,50.0,1005.0,293.15,constant_cp_1005_J_kgK,PASS
gsB_f,45.0018196105957,39.5,984936.2059568458,-149201.04878909932,-0.15148295685216825,50.0,1005.0,293.15,constant_cp_1005_J_kgK,PASS
gsB_f,50.0018196105957,39.5,1232863.7886329028,-452549.06352388463,-0.3670714215928968,50.0,1005.0,293.15,constant_cp_1005_J_kgK,PASS
gsB_f,55.00148010253906,39.5,1319403.3468346754,-234578.037514273,-0.17779099778474797,50.0,1005.0,293.15,constant_cp_1005_J_kgK,PASS
gsB_f,60.00165939331055,39.5,1283908.8739091856,160229.83757071878,0.12479845012898645,50.0,1005.0,293.15,constant_cp_1005_J_kgK,PASS
gsB_f,65.00375366210938,39.5,1190728.956179927,205879.8952588083,0.1729024008278995,50.0,1005.0,293.15,constant_cp_1005_J_kgK,PASS
gsB_f,70.00176239013672,39.5,1190249.5671976374,-52576.54046270302,-0.0441727028613763,50.0,1005.0,293.15,constant_cp_1005_J_kgK,PASS
gsB_f,75.00276184082031,39.5,1381671.1816613916,52981.84547692316,0.0383462043503108,50.0,1005.0,293.15,constant_cp_1005_J_kgK,PASS
gsB_f,80.0030517578125,39.5,1435436.5385890903,557523.0886277847,0.38839967747775267,50.0,1005.0,293.15,constant_cp_1005_J_kgK,PASS
gsB_f,85.00257873535156,39.5,1415543.1341821547,1176542.334741495,0.8311596491344323,50.0,1005.0,293.15,constant_cp_1005_J_kgK,PASS
gsB_f,90.00312805175781,39.5,1266947.3762772486,730264.7214131078,0.576397043071268,50.0,1005.0,293.15,constant_cp_1005_J_kgK,PASS
gsB_f,95.00244140625,39.5,1222775.4354499467,187771.73135979974,0.1535619099926594,50.0,1005.0,293.15,constant_cp_1005_J_kgK,PASS
gsB_f,100.0029067993164,39.5,1195964.9196619168,-399844.445942945,-0.33432790491545133,50.0,1005.0,293.15,constant_cp_1005_J_kgK,PASS
gsB_f,105.00257110595703,39.5,1378044.7275705936,275919.1175141674,0.20022508122838312,50.0,1005.0,293.15,constant_cp_1005_J_kgK,PASS
gsB_f,110.0007095336914,39.5,1508357.562764024,34035.70168766451,0.022564743617750023,50.0,1005.0,293.15,constant_cp_1005_J_kgK,PASS
gsB_f,115.00285339355469,39.5,1337762.6012996715,-47178.88045944533,-0.03526700508267295,50.0,1005.0,293.15,constant_cp_1005_J_kgK,PASS
gsB_f,120.002197265625,39.5,1373380.4176565632,-498102.1485945374,-0.3626833047790666,50.0,1005.0,293.15,constant_cp_1005_J_kgK,PASS
gsB_f,125.00086212158203,39.5,1264871.3808624267,137220.4421810527,0.10848568815549581,50.0,1005.0,293.15,constant_cp_1005_J_kgK,PASS
gsB_f,130.0030059814453,39.5,1289964.03272591,813790.0303596018,0.630862574237769,50.0,1005.0,293.15,constant_cp_1005_J_kgK,PASS
gsB_f,135.0028533935547,39.5,1160623.7588283052,461771.05485361797,0.3978645545907086,50.0,1005.0,293.15,constant_cp_1005_J_kgK,PASS
gsB_f,140.00146484375,39.5,1227445.3140195366,-32449.49667865566,-0.02643661294562501,50.0,1005.0,293.15,constant_cp_1005_J_kgK,PASS
gsB_f,145.00132751464844,39.5,1136753.810408016,-637274.9556386182,-0.5606094739281147,50.0,1005.0,293.15,constant_cp_1005_J_kgK,PASS
gsB_f,150.0012664794922,39.5,1394705.9646609097,-819130.8697815241,-0.5873143806197718,50.0,1005.0,293.15,constant_cp_1005_J_kgK,PASS
gsB_f,155.0027618408203,39.5,1393448.4422175095,-558518.7379881485,-0.4008176557284969,50.0,1005.0,293.15,constant_cp_1005_J_kgK,PASS
gsB_f,160.00135803222656,39.5,1272115.0431900814,79444.26840074759,0.06245053765068703,50.0,1005.0,293.15,constant_cp_1005_J_kgK,PASS
gsB_f,165.00035095214844,39.5,1423122.5728566092,-509915.0063634092,-0.3583071592630741,50.0,1005.0,293.15,constant_cp_1005_J_kgK,PASS
gsB_f,170.00323486328125,39.5,1227440.9375826407,-374513.2675773933,-0.30511713933459866,50.0,1005.0,293.15,constant_cp_1005_J_kgK,PASS
gsB_f,175.00112915039062,39.5,1318426.575842116,782906.4840714748,0.5938187976614548,50.0,1005.0,293.15,constant_cp_1005_J_kgK,PASS
gsB_f,180.00108337402344,39.5,1299594.6696910958,-615780.1091217542,-0.4738247420390853,50.0,1005.0,293.15,constant_cp_1005_J_kgK,PASS
gsB_f,185.00209045410156,39.5,1277058.0471952823,790590.3219169381,0.6190715634682844,50.0,1005.0,293.15,constant_cp_1005_J_kgK,PASS
gsB_f,190.00250244140625,39.5,1394139.0176169637,584831.7504372558,0.41949313737515415,50.0,1005.0,293.15,constant_cp_1005_J_kgK,PASS
gsB_f,195.00039672851562,39.5,1136244.6299443687,412037.367665318,0.3626308602976555,50.0,1005.0,293.15,constant_cp_1005_J_kgK,PASS
gsB_f,200.0029296875,39.5,1346645.013296812,676039.9816450018,0.5020179594249137,50.0,1005.0,293.15,constant_cp_1005_J_kgK,PASS
gsB_f,205.00181579589844,39.5,1201935.6388722651,61702.36281375227,0.051335829322479716,50.0,1005.0,293.15,constant_cp_1005_J_kgK,PASS
gsB_f,210.003173828125,39.5,1218814.7254509162,1257580.457886836,1.031806091300363,50.0,1005.0,293.15,constant_cp_1005_J_kgK,PASS
gsB_f,215.00296020507812,39.5,1211346.2943403206,1136226.867463103,0.9379868273604393,50.0,1005.0,293.15,constant_cp_1005_J_kgK,PASS
gsB_f,220.00228881835938,39.5,1192932.4817802785,1028364.2065067313,0.862047284496811,50.0,1005.0,293.15,constant_cp_1005_J_kgK,PASS
gsB_f,225.00367736816406,39.5,1299951.8805365122,337610.72087057156,0.25971016768038646,50.0,1005.0,293.15,constant_cp_1005_J_kgK,PASS
gsB_f,230.0026092529297,39.5,1308852.9083891262,439019.6586437866,0.3354232212266776,50.0,1005.0,293.15,constant_cp_1005_J_kgK,PASS
gsB_f,235.0022430419922,39.5,1379233.0945089187,-1022835.5613340947,-0.7415973162232441,50.0,1005.0,293.15,constant_cp_1005_J_kgK,PASS
gsB_f,240.00003051757812,39.5,1505562.5554607606,-1061229.5353904304,-0.7048724289411225,50.0,1005.0,293.15,constant_cp_1005_J_kgK,PASS
gsB_f,245.0003662109375,39.5,1276755.3616953362,-914543.0125968147,-0.7163024648531262,50.0,1005.0,293.15,constant_cp_1005_J_kgK,PASS
gsB_f,250.00279235839844,39.5,1213005.4852217229,-567264.1033799892,-0.46765172152234713,50.0,1005.0,293.15,constant_cp_1005_J_kgK,PASS
gsB_f,255.00270080566406,39.5,1165534.0396057207,397519.8741252313,0.3410624319987298,50.0,1005.0,293.15,constant_cp_1005_J_kgK,PASS
gsB_f,260.0030517578125,39.5,1139349.3184764402,-584564.7046383406,-0.5130689027137273,50.0,1005.0,293.15,constant_cp_1005_J_kgK,PASS
gsB_f,265.0005798339844,39.5,1165250.6180794523,-527918.8334257248,-0.4530517514728564,50.0,1005.0,293.15,constant_cp_1005_J_kgK,PASS
gsB_f,270.00225830078125,39.5,1159088.2227806076,441773.30415613804,0.38113863593259595,50.0,1005.0,293.15,constant_cp_1005_J_kgK,PASS
gsB_f,275.0032653808594,39.5,1200096.513833721,-19146.401933945508,-0.01595405178936993,50.0,1005.0,293.15,constant_cp_1005_J_kgK,PASS
gsB_f,280.0004577636719,39.5,1262064.4877937788,-70917.00143530189,-0.05619126607331469,50.0,1005.0,293.15,constant_cp_1005_J_kgK,PASS
gsB_f,285.0023498535156,39.5,1231625.8589425527,243018.1262431909,0.19731489435585642,50.0,1005.0,293.15,constant_cp_1005_J_kgK,PASS
gsB_f,290.0003356933594,39.5,1457845.5811242326,-388866.1024527789,-0.26674025526962913,50.0,1005.0,293.15,constant_cp_1005_J_kgK,PASS
gsB_f,295.0047302246094,39.5,1362109.369935587,-847958.071102268,-0.6225330284178036,50.0,1005.0,293.15,constant_cp_1005_J_kgK,PASS
gsB_f,300.0,39.5,1263862.1926913466,-4037.4271715601244,-0.0031945153474071198,50.0,1005.0,293.15,constant_cp_1005_J_kgK,PASS
gsB_f,0.0,46.5,0.0,0.0,0.0,50.0,1005.0,293.15,constant_cp_1005_J_kgK,NEAR_ZERO_C_T_REVIEW
gsB_f,5.001023769378662,46.5,77156.99472198296,109936.53199723738,1.4248420689966779,50.0,1005.0,293.15,constant_cp_1005_J_kgK,PASS
gsB_f,10.000624656677246,46.5,942791.5884248336,852074.4705052485,0.9037781848784296,50.0,1005.0,293.15,constant_cp_1005_J_kgK,PASS
gsB_f,15.003981590270996,46.5,438085.75534143794,141697.12269383474,0.3234460855350059,50.0,1005.0,293.15,constant_cp_1005_J_kgK,PASS
gsB_f,20.000646591186523,46.5,690627.2382619123,53031.264777278855,0.07678710285267852,50.0,1005.0,293.15,constant_cp_1005_J_kgK,PASS
gsB_f,25.001638412475586,46.5,1285176.1024801978,281433.89844150865,0.21898469625943331,50.0,1005.0,293.15,constant_cp_1005_J_kgK,PASS
gsB_f,30.00173568725586,46.5,1671730.9764435657,-715962.7272409042,-0.42827628208699003,50.0,1005.0,293.15,constant_cp_1005_J_kgK,PASS
gsB_f,35.003936767578125,46.5,1820577.8121023593,-1124870.4168176404,-0.6178645094650839,50.0,1005.0,293.15,constant_cp_1005_J_kgK,PASS
gsB_f,40.00153350830078,46.5,1724956.3792212894,-863327.9371633558,-0.5004926197340098,50.0,1005.0,293.15,constant_cp_1005_J_kgK,PASS
gsB_f,45.0018196105957,46.5,1705248.951359513,-73953.68493111762,-0.04336826295782669,50.0,1005.0,293.15,constant_cp_1005_J_kgK,PASS
gsB_f,50.0018196105957,46.5,1547982.8183991765,-491601.5625830094,-0.3175755936951494,50.0,1005.0,293.15,constant_cp_1005_J_kgK,PASS
gsB_f,55.00148010253906,46.5,1361601.0473401526,-36242.64681674281,-0.02661766960854042,50.0,1005.0,293.15,constant_cp_1005_J_kgK,PASS
gsB_f,60.00165939331055,46.5,1298901.1548377592,493179.56499451346,0.379689834871318,50.0,1005.0,293.15,constant_cp_1005_J_kgK,PASS
gsB_f,65.00375366210938,46.5,1207775.4406001566,225563.43156971107,0.18675941237687863,50.0,1005.0,293.15,constant_cp_1005_J_kgK,PASS
gsB_f,70.00176239013672,46.5,1261859.042508858,-289131.23686842056,-0.2291311684810395,50.0,1005.0,293.15,constant_cp_1005_J_kgK,PASS
gsB_f,75.00276184082031,46.5,1123186.0507943195,-69078.96673613199,-0.06150269288625793,50.0,1005.0,293.15,constant_cp_1005_J_kgK,PASS
gsB_f,80.0030517578125,46.5,1232485.632412133,717113.6707872589,0.5818434324331835,50.0,1005.0,293.15,constant_cp_1005_J_kgK,PASS
gsB_f,85.00257873535156,46.5,1307140.7764647314,1131783.2661355212,0.8658464998670765,50.0,1005.0,293.15,constant_cp_1005_J_kgK,PASS
gsB_f,90.00312805175781,46.5,1398398.0707795885,1003339.9730308638,0.7174923893248182,50.0,1005.0,293.15,constant_cp_1005_J_kgK,PASS
gsB_f,95.00244140625,46.5,1310995.6035900367,304819.5124470445,0.23250994252942195,50.0,1005.0,293.15,constant_cp_1005_J_kgK,PASS
gsB_f,100.0029067993164,46.5,1324708.2953212953,-394919.16119101126,-0.298117829099294,50.0,1005.0,293.15,constant_cp_1005_J_kgK,PASS
gsB_f,105.00257110595703,46.5,1382096.6479203373,221599.10103459764,0.16033545943985986,50.0,1005.0,293.15,constant_cp_1005_J_kgK,PASS
gsB_f,110.0007095336914,46.5,1384222.8821850712,-182937.68874126623,-0.13215912776451796,50.0,1005.0,293.15,constant_cp_1005_J_kgK,PASS
gsB_f,115.00285339355469,46.5,1347220.4831559493,300158.8003289745,0.22279857238054554,50.0,1005.0,293.15,constant_cp_1005_J_kgK,PASS
gsB_f,120.002197265625,46.5,1328453.41530911,-638963.6544208045,-0.4809831094243733,50.0,1005.0,293.15,constant_cp_1005_J_kgK,PASS
gsB_f,125.00086212158203,46.5,1304957.0322472309,19237.048687771945,0.014741518848819362,50.0,1005.0,293.15,constant_cp_1005_J_kgK,PASS
gsB_f,130.0030059814453,46.5,1394791.9610455385,1104971.38438712,0.7922123264596611,50.0,1005.0,293.15,constant_cp_1005_J_kgK,PASS
gsB_f,135.0028533935547,46.5,1325182.4228976897,753975.6511319464,0.5689598942033026,50.0,1005.0,293.15,constant_cp_1005_J_kgK,PASS
gsB_f,140.00146484375,46.5,1169098.8082405035,-62927.00692864368,-0.05382522545151587,50.0,1005.0,293.15,constant_cp_1005_J_kgK,PASS
gsB_f,145.00132751464844,46.5,1488196.823673964,-607234.8780329224,-0.4080339833905974,50.0,1005.0,293.15,constant_cp_1005_J_kgK,PASS
gsB_f,150.0012664794922,46.5,1494638.3492225395,-992182.7497772997,-0.6638279757062296,50.0,1005.0,293.15,constant_cp_1005_J_kgK,PASS
gsB_f,155.0027618408203,46.5,1199248.4433407271,-421160.6453910639,-0.3511871520281845,50.0,1005.0,293.15,constant_cp_1005_J_kgK,PASS
gsB_f,160.00135803222656,46.5,1404805.8202116822,435447.1864489508,0.3099696628416128,50.0,1005.0,293.15,constant_cp_1005_J_kgK,PASS
gsB_f,165.00035095214844,46.5,1512404.4471321541,-421781.2789756183,-0.278881273970998,50.0,1005.0,293.15,constant_cp_1005_J_kgK,PASS
gsB_f,170.00323486328125,46.5,1300202.4292794326,-607021.7547503982,-0.4668671132131379,50.0,1005.0,293.15,constant_cp_1005_J_kgK,PASS
gsB_f,175.00112915039062,46.5,1433053.4499765616,776230.9292807936,0.5416622312960405,50.0,1005.0,293.15,constant_cp_1005_J_kgK,PASS
gsB_f,180.00108337402344,46.5,1388422.7026485128,-596597.4493545082,-0.42969439221676275,50.0,1005.0,293.15,constant_cp_1005_J_kgK,PASS
gsB_f,185.00209045410156,46.5,1283235.9402247868,1149182.4474920663,0.8955348049952225,50.0,1005.0,293.15,constant_cp_1005_J_kgK,PASS
gsB_f,190.00250244140625,46.5,1328612.5453286776,728032.1118424912,0.5479642010021719,50.0,1005.0,293.15,constant_cp_1005_J_kgK,PASS
gsB_f,195.00039672851562,46.5,1450034.9232676465,890510.3962105082,0.6141303094988546,50.0,1005.0,293.15,constant_cp_1005_J_kgK,PASS
gsB_f,200.0029296875,46.5,1346453.603716151,921424.2627531107,0.684334209667545,50.0,1005.0,293.15,constant_cp_1005_J_kgK,PASS
gsB_f,205.00181579589844,46.5,1298847.9992025404,155163.19034714098,0.11946216219481195,50.0,1005.0,293.15,constant_cp_1005_J_kgK,PASS
gsB_f,210.003173828125,46.5,1425372.2997915018,1716606.975497837,1.204321829285538,50.0,1005.0,293.15,constant_cp_1005_J_kgK,PASS
gsB_f,215.00296020507812,46.5,1170138.3772054298,1086715.4608327986,0.9287067940016924,50.0,1005.0,293.15,constant_cp_1005_J_kgK,PASS
gsB_f,220.00228881835938,46.5,1252269.832149979,1245796.1919548647,0.994830475007131,50.0,1005.0,293.15,constant_cp_1005_J_kgK,PASS
gsB_f,225.00367736816406,46.5,1524397.6711037823,717370.796353037,0.4705929495638788,50.0,1005.0,293.15,constant_cp_1005_J_kgK,PASS
gsB_f,230.0026092529297,46.5,1332007.2337552703,361374.3546785352,0.2713005947120331,50.0,1005.0,293.15,constant_cp_1005_J_kgK,PASS
gsB_f,235.0022430419922,46.5,1489370.4226340165,-999016.6937742098,-0.6707644240761842,50.0,1005.0,293.15,constant_cp_1005_J_kgK,PASS
gsB_f,240.00003051757812,46.5,1405390.3429534333,-954560.0192999605,-0.6792134470583797,50.0,1005.0,293.15,constant_cp_1005_J_kgK,PASS
gsB_f,245.0003662109375,46.5,1268818.0136439167,-907332.5119755727,-0.7151005914313945,50.0,1005.0,293.15,constant_cp_1005_J_kgK,PASS
gsB_f,250.00279235839844,46.5,1339617.1472056769,-947327.0606971226,-0.7071625372018883,50.0,1005.0,293.15,constant_cp_1005_J_kgK,PASS
gsB_f,255.00270080566406,46.5,1589310.422184445,776528.2249909875,0.4885944332534354,50.0,1005.0,293.15,constant_cp_1005_J_kgK,PASS
gsB_f,260.0030517578125,46.5,1348596.150979475,-898187.7363124473,-0.6660168321406671,50.0,1005.0,293.15,constant_cp_1005_J_kgK,PASS
gsB_f,265.0005798339844,46.5,1365033.8647784493,-921010.2666579926,-0.6747160568118769,50.0,1005.0,293.15,constant_cp_1005_J_kgK,PASS
gsB_f,270.00225830078125,46.5,1469485.696448843,727638.7332254809,0.4951655773063264,50.0,1005.0,293.15,constant_cp_1005_J_kgK,PASS
gsB_f,275.0032653808594,46.5,1593553.190567932,106565.23779046036,0.0668727209240384,50.0,1005.0,293.15,constant_cp_1005_J_kgK,PASS
gsB_f,280.0004577636719,46.5,1375143.825959137,-305444.30503391614,-0.22211807904593128,50.0,1005.0,293.15,constant_cp_1005_J_kgK,PASS
gsB_f,285.0023498535156,46.5,1361546.1881987145,24413.177927392557,0.017930480903986412,50.0,1005.0,293.15,constant_cp_1005_J_kgK,PASS
gsB_f,290.0003356933594,46.5,1517102.3092579497,-736407.9741903198,-0.48540429323485357,50.0,1005.0,293.15,constant_cp_1005_J_kgK,PASS
gsB_f,295.0047302246094,46.5,1561960.8096561232,-1453067.187199637,-0.9302840239119311,50.0,1005.0,293.15,constant_cp_1005_J_kgK,PASS
gsB_f,300.0,46.5,1726879.9755575287,1080415.7582748153,0.6256461210779858,50.0,1005.0,293.15,constant_cp_1005_J_kgK,PASS
gsB_f,0.0,50.0,0.0,0.0,0.0,50.0,1005.0,293.15,constant_cp_1005_J_kgK,NEAR_ZERO_C_T_REVIEW
gsB_f,5.001023769378662,50.0,2078688.4334259015,3849231.8930895207,1.8517599035972756,50.0,1005.0,293.15,constant_cp_1005_J_kgK,PASS
gsB_f,10.000624656677246,50.0,2707440.460893374,6824496.089843851,2.520644936949775,50.0,1005.0,293.15,constant_cp_1005_J_kgK,PASS
gsB_f,15.003981590270996,50.0,2100445.155386553,2145461.523572426,1.0214318227116894,50.0,1005.0,293.15,constant_cp_1005_J_kgK,PASS
gsB_f,20.000646591186523,50.0,2654906.3164240075,3137201.4929290707,1.1816618437801163,50.0,1005.0,293.15,constant_cp_1005_J_kgK,PASS
gsB_f,25.001638412475586,50.0,2738864.9406929854,2810607.636509456,1.026194316758941,50.0,1005.0,293.15,constant_cp_1005_J_kgK,PASS
gsB_f,30.00173568725586,50.0,2543604.4368508533,1121573.051942874,0.4409384712866178,50.0,1005.0,293.15,constant_cp_1005_J_kgK,PASS
gsB_f,35.003936767578125,50.0,2590543.7775946753,2142292.7763469713,0.8269664442173964,50.0,1005.0,293.15,constant_cp_1005_J_kgK,PASS
gsB_f,40.00153350830078,50.0,2346457.374647177,1368075.2335898061,0.5830386046520513,50.0,1005.0,293.15,constant_cp_1005_J_kgK,PASS
gsB_f,45.0018196105957,50.0,2194735.2254602346,2101015.6931156036,0.9572980233526899,50.0,1005.0,293.15,constant_cp_1005_J_kgK,PASS
gsB_f,50.0018196105957,50.0,2235758.3995940792,2700286.003246314,1.2077718253173386,50.0,1005.0,293.15,constant_cp_1005_J_kgK,PASS
gsB_f,55.00148010253906,50.0,2133065.1021540114,2449525.1250447603,1.1483592894427743,50.0,1005.0,293.15,constant_cp_1005_J_kgK,PASS
gsB_f,60.00165939331055,50.0,2200714.5919364803,2800646.7197457226,1.2726078747364242,50.0,1005.0,293.15,constant_cp_1005_J_kgK,PASS
gsB_f,65.00375366210938,50.0,2185507.8256386123,2500066.9331438392,1.1439295269571093,50.0,1005.0,293.15,constant_cp_1005_J_kgK,PASS
gsB_f,70.00176239013672,50.0,2306784.105480003,2265196.2035244103,0.9819714806180615,50.0,1005.0,293.15,constant_cp_1005_J_kgK,PASS
gsB_f,75.00276184082031,50.0,2503783.1728751836,5206738.886231934,2.079548637693274,50.0,1005.0,293.15,constant_cp_1005_J_kgK,PASS
gsB_f,80.0030517578125,50.0,2862264.629166778,7200724.11612722,2.5157436677067104,50.0,1005.0,293.15,constant_cp_1005_J_kgK,PASS
gsB_f,85.00257873535156,50.0,3071866.317344538,9379632.226500144,3.053398571917129,50.0,1005.0,293.15,constant_cp_1005_J_kgK,PASS
gsB_f,90.00312805175781,50.0,2690790.529671314,7155218.856936091,2.6591511966597094,50.0,1005.0,293.15,constant_cp_1005_J_kgK,PASS
gsB_f,95.00244140625,50.0,2263072.8925428847,3539007.304604471,1.563806148827973,50.0,1005.0,293.15,constant_cp_1005_J_kgK,PASS
gsB_f,100.0029067993164,50.0,2488350.2711736253,2074496.6771299709,0.8336835457459685,50.0,1005.0,293.15,constant_cp_1005_J_kgK,PASS
gsB_f,105.00257110595703,50.0,2325312.2219631015,2712712.5063909045,1.1666014055096423,50.0,1005.0,293.15,constant_cp_1005_J_kgK,PASS
gsB_f,110.0007095336914,50.0,2549864.8697172003,3754364.2040505637,1.4723777124969568,50.0,1005.0,293.15,constant_cp_1005_J_kgK,PASS
gsB_f,115.00285339355469,50.0,2894334.870260979,5475041.3877231125,1.8916406128325545,50.0,1005.0,293.15,constant_cp_1005_J_kgK,PASS
gsB_f,120.002197265625,50.0,2408957.872078526,1371818.003817665,0.5694653359105928,50.0,1005.0,293.15,constant_cp_1005_J_kgK,PASS
gsB_f,125.00086212158203,50.0,2284746.5776914307,2910615.691933766,1.2739337134163602,50.0,1005.0,293.15,constant_cp_1005_J_kgK,PASS
gsB_f,130.0030059814453,50.0,2478091.6145924563,5607297.453254525,2.2627482455593926,50.0,1005.0,293.15,constant_cp_1005_J_kgK,PASS
gsB_f,135.0028533935547,50.0,2574130.9980084808,5881202.428674213,2.2847331519741227,50.0,1005.0,293.15,constant_cp_1005_J_kgK,PASS
gsB_f,140.00146484375,50.0,2568159.1916460046,4375598.273918567,1.7037877901619187,50.0,1005.0,293.15,constant_cp_1005_J_kgK,PASS
gsB_f,145.00132751464844,50.0,2259532.1378344772,1029242.3957298191,0.4555112885963369,50.0,1005.0,293.15,constant_cp_1005_J_kgK,PASS
gsB_f,150.0012664794922,50.0,2331196.334725749,466131.5636100804,0.19995379911444383,50.0,1005.0,293.15,constant_cp_1005_J_kgK,PASS
gsB_f,155.0027618408203,50.0,2553768.641358909,2390354.5521724727,0.9360106132795641,50.0,1005.0,293.15,constant_cp_1005_J_kgK,PASS
gsB_f,160.00135803222656,50.0,2316644.3975203107,3475069.00155505,1.5000442041405628,50.0,1005.0,293.15,constant_cp_1005_J_kgK,PASS
gsB_f,165.00035095214844,50.0,2562842.3700552545,1967132.4486600657,0.7675588915043783,50.0,1005.0,293.15,constant_cp_1005_J_kgK,PASS
gsB_f,170.00323486328125,50.0,2626449.2364667095,2734543.43900967,1.0411560219943088,50.0,1005.0,293.15,constant_cp_1005_J_kgK,PASS
gsB_f,175.00112915039062,50.0,2757337.3839645395,7023089.152356036,2.547054703279776,50.0,1005.0,293.15,constant_cp_1005_J_kgK,PASS
gsB_f,180.00108337402344,50.0,2816693.5262229806,3270212.339843384,1.161011061160262,50.0,1005.0,293.15,constant_cp_1005_J_kgK,PASS
gsB_f,185.00209045410156,50.0,2754070.212705431,8448885.2322969,3.0677813489719377,50.0,1005.0,293.15,constant_cp_1005_J_kgK,PASS
gsB_f,190.00250244140625,50.0,2534504.2009676285,5859458.213884266,2.311875518552002,50.0,1005.0,293.15,constant_cp_1005_J_kgK,PASS
gsB_f,195.00039672851562,50.0,2622375.796445818,5769302.0632302305,2.200028718633512,50.0,1005.0,293.15,constant_cp_1005_J_kgK,PASS
gsB_f,200.0029296875,50.0,2685809.7280543614,6338061.861873558,2.3598327892217954,50.0,1005.0,293.15,constant_cp_1005_J_kgK,PASS
gsB_f,205.00181579589844,50.0,2141812.85799443,2325276.9110334404,1.0856583021967674,50.0,1005.0,293.15,constant_cp_1005_J_kgK,PASS
gsB_f,210.003173828125,50.0,2653395.4249872966,8808608.726697095,3.319749722843991,50.0,1005.0,293.15,constant_cp_1005_J_kgK,PASS
gsB_f,215.00296020507812,50.0,2879576.1161487075,9236169.411262695,3.2074753500927136,50.0,1005.0,293.15,constant_cp_1005_J_kgK,PASS
gsB_f,220.00228881835938,50.0,2643467.8564121793,7901064.453859385,2.9889012778021913,50.0,1005.0,293.15,constant_cp_1005_J_kgK,PASS
gsB_f,225.00367736816406,50.0,2153237.3023001095,3096641.0443517477,1.438132732069932,50.0,1005.0,293.15,constant_cp_1005_J_kgK,PASS
gsB_f,230.0026092529297,50.0,2822776.0400562775,6101437.417544676,2.1615024822950635,50.0,1005.0,293.15,constant_cp_1005_J_kgK,PASS
gsB_f,235.0022430419922,50.0,2327156.254143442,642516.5658629306,0.27609515464161294,50.0,1005.0,293.15,constant_cp_1005_J_kgK,PASS
gsB_f,240.00003051757812,50.0,2159856.0855097566,-10528.388576693833,-0.004874578749634136,50.0,1005.0,293.15,constant_cp_1005_J_kgK,PASS
gsB_f,245.0003662109375,50.0,2471241.7887577,1099699.5063881348,0.4449987497746857,50.0,1005.0,293.15,constant_cp_1005_J_kgK,PASS
gsB_f,250.00279235839844,50.0,2567353.694623835,902780.4983616103,0.3516385374761868,50.0,1005.0,293.15,constant_cp_1005_J_kgK,PASS
gsB_f,255.00270080566406,50.0,2216708.231428032,3059714.7527437266,1.3802965628781096,50.0,1005.0,293.15,constant_cp_1005_J_kgK,PASS
gsB_f,260.0030517578125,50.0,2491684.0904228017,838995.6757988689,0.33671831795358276,50.0,1005.0,293.15,constant_cp_1005_J_kgK,PASS
gsB_f,265.0005798339844,50.0,2340714.05936808,532865.4048621508,0.22765079003541666,50.0,1005.0,293.15,constant_cp_1005_J_kgK,PASS
gsB_f,270.00225830078125,50.0,2488619.4665682544,4359462.088528244,1.7517592171453333,50.0,1005.0,293.15,constant_cp_1005_J_kgK,PASS
gsB_f,275.0032653808594,50.0,2271910.5960358516,2363825.7850922938,1.0404572209913627,50.0,1005.0,293.15,constant_cp_1005_J_kgK,PASS
gsB_f,280.0004577636719,50.0,2393255.1839245395,2172027.861993708,0.9075621674542637,50.0,1005.0,293.15,constant_cp_1005_J_kgK,PASS
gsB_f,285.0023498535156,50.0,2389871.523078176,2746197.1216651723,1.1490982235430147,50.0,1005.0,293.15,constant_cp_1005_J_kgK,PASS
gsB_f,290.0003356933594,50.0,2580297.199313991,910447.0231109443,0.35284579751239487,50.0,1005.0,293.15,constant_cp_1005_J_kgK,PASS
gsB_f,295.0047302246094,50.0,2810816.6188175483,1468847.858264739,0.5225697928606428,50.0,1005.0,293.15,constant_cp_1005_J_kgK,PASS
gsB_f,300.0,50.0,2296557.2445893064,3284312.5590125695,1.4301026315587888,50.0,1005.0,293.15,constant_cp_1005_J_kgK,PASS
gsB_f,0.0,53.5,0.0,0.0,0.0,50.0,1005.0,293.15,constant_cp_1005_J_kgK,NEAR_ZERO_C_T_REVIEW
gsB_f,5.001023769378662,53.5,2362288.2319862815,7517518.493194485,3.1823036627810364,50.0,1005.0,293.15,constant_cp_1005_J_kgK,PASS
gsB_f,10.000624656677246,53.5,3854852.769615612,14123172.196989765,3.663738420390582,50.0,1005.0,293.15,constant_cp_1005_J_kgK,PASS
gsB_f,15.003981590270996,53.5,4206139.710425654,11852909.160134709,2.818001772683678,50.0,1005.0,293.15,constant_cp_1005_J_kgK,PASS
gsB_f,20.000646591186523,53.5,3751266.1427239375,8825470.13303077,2.352664353114188,50.0,1005.0,293.15,constant_cp_1005_J_kgK,PASS
gsB_f,25.001638412475586,53.5,4068712.8587106373,11328456.448299019,2.7842850654958653,50.0,1005.0,293.15,constant_cp_1005_J_kgK,PASS
gsB_f,30.00173568725586,53.5,4196707.34187468,9636282.45469381,2.2961530718482877,50.0,1005.0,293.15,constant_cp_1005_J_kgK,PASS
gsB_f,35.003936767578125,53.5,3072245.2168248547,6359909.4541332405,2.070117782038949,50.0,1005.0,293.15,constant_cp_1005_J_kgK,PASS
gsB_f,40.00153350830078,53.5,4069284.929503563,9892935.577651212,2.431123833557192,50.0,1005.0,293.15,constant_cp_1005_J_kgK,PASS
gsB_f,45.0018196105957,53.5,3959596.1417479035,11242818.710252468,2.8393852069189798,50.0,1005.0,293.15,constant_cp_1005_J_kgK,PASS
gsB_f,50.0018196105957,53.5,3352661.577538232,8805786.87872127,2.6265063368510693,50.0,1005.0,293.15,constant_cp_1005_J_kgK,PASS
gsB_f,55.00148010253906,53.5,4168966.1899840315,12590879.840855388,3.020144387619419,50.0,1005.0,293.15,constant_cp_1005_J_kgK,PASS
gsB_f,60.00165939331055,53.5,3806847.91465568,10569031.78391417,2.7763209933407884,50.0,1005.0,293.15,constant_cp_1005_J_kgK,PASS
gsB_f,65.00375366210938,53.5,4158057.6765634236,10768499.523049578,2.5897908015430873,50.0,1005.0,293.15,constant_cp_1005_J_kgK,PASS
gsB_f,70.00176239013672,53.5,4309933.837776834,11446494.968949137,2.6558400661791848,50.0,1005.0,293.15,constant_cp_1005_J_kgK,PASS
gsB_f,75.00276184082031,53.5,4808432.098120989,17524794.943127874,3.644596530743588,50.0,1005.0,293.15,constant_cp_1005_J_kgK,PASS
gsB_f,80.0030517578125,53.5,4571096.528437292,18683403.517564997,4.087291397443369,50.0,1005.0,293.15,constant_cp_1005_J_kgK,PASS
gsB_f,85.00257873535156,53.5,4564220.648671934,19692116.357124247,4.314453194293777,50.0,1005.0,293.15,constant_cp_1005_J_kgK,PASS
gsB_f,90.00312805175781,53.5,4552266.2987420205,18506947.306488346,4.065436003074463,50.0,1005.0,293.15,constant_cp_1005_J_kgK,PASS
gsB_f,95.00244140625,53.5,3999775.3545437623,11794981.646948665,2.9489110266029095,50.0,1005.0,293.15,constant_cp_1005_J_kgK,PASS
gsB_f,100.0029067993164,53.5,4067425.758144919,9566797.239586925,2.3520520861209695,50.0,1005.0,293.15,constant_cp_1005_J_kgK,PASS
gsB_f,105.00257110595703,53.5,4309996.624470385,11647453.291166132,2.70242747408123,50.0,1005.0,293.15,constant_cp_1005_J_kgK,PASS
gsB_f,110.0007095336914,53.5,4043419.9695374724,11537141.32679915,2.853312644671655,50.0,1005.0,293.15,constant_cp_1005_J_kgK,PASS
gsB_f,115.00285339355469,53.5,4154748.477923482,14245949.17122305,3.428835523238,50.0,1005.0,293.15,constant_cp_1005_J_kgK,PASS
gsB_f,120.002197265625,53.5,4495735.715560615,10194271.926134229,2.267542527210812,50.0,1005.0,293.15,constant_cp_1005_J_kgK,PASS
gsB_f,125.00086212158203,53.5,3936700.562581521,10688988.519670112,2.715215025818658,50.0,1005.0,293.15,constant_cp_1005_J_kgK,PASS
gsB_f,130.0030059814453,53.5,3646880.1812054156,12368811.929678824,3.391614562338189,50.0,1005.0,293.15,constant_cp_1005_J_kgK,PASS
gsB_f,135.0028533935547,53.5,3409314.844195025,11030232.76665952,3.2353224242227094,50.0,1005.0,293.15,constant_cp_1005_J_kgK,PASS
gsB_f,140.00146484375,53.5,3687573.404121789,9843305.33024257,2.6693178010341985,50.0,1005.0,293.15,constant_cp_1005_J_kgK,PASS
gsB_f,145.00132751464844,53.5,4492571.506184205,9428801.921414651,2.098753889267099,50.0,1005.0,293.15,constant_cp_1005_J_kgK,PASS
gsB_f,150.0012664794922,53.5,4565660.755410912,9760516.707659537,2.1378103259406713,50.0,1005.0,293.15,constant_cp_1005_J_kgK,PASS
gsB_f,155.0027618408203,53.5,4222835.918222286,9469296.612156136,2.2424022139468978,50.0,1005.0,293.15,constant_cp_1005_J_kgK,PASS
gsB_f,160.00135803222656,53.5,4295418.420516402,12844096.482366197,2.990185175213281,50.0,1005.0,293.15,constant_cp_1005_J_kgK,PASS
gsB_f,165.00035095214844,53.5,4073595.0640105233,8315419.704427244,2.0412975697787132,50.0,1005.0,293.15,constant_cp_1005_J_kgK,PASS
gsB_f,170.00323486328125,53.5,4360362.814415078,10881610.5382212,2.4955745660079702,50.0,1005.0,293.15,constant_cp_1005_J_kgK,PASS
gsB_f,175.00112915039062,53.5,4638027.345429134,16895403.603525627,3.642799480295513,50.0,1005.0,293.15,constant_cp_1005_J_kgK,PASS
gsB_f,180.00108337402344,53.5,4397180.794106575,12429722.527546883,2.8267481164763817,50.0,1005.0,293.15,constant_cp_1005_J_kgK,PASS
gsB_f,185.00209045410156,53.5,4615623.182621188,19360837.599116925,4.194631327794398,50.0,1005.0,293.15,constant_cp_1005_J_kgK,PASS
gsB_f,190.00250244140625,53.5,4539239.592244793,16082834.729648277,3.54306804098323,50.0,1005.0,293.15,constant_cp_1005_J_kgK,PASS
gsB_f,195.00039672851562,53.5,4220884.87500419,13948741.643811563,3.3046960665558816,50.0,1005.0,293.15,constant_cp_1005_J_kgK,PASS
gsB_f,200.0029296875,53.5,4554175.635674513,17671905.54555012,3.8803741794935744,50.0,1005.0,293.15,constant_cp_1005_J_kgK,PASS
gsB_f,205.00181579589844,53.5,4024961.1328452546,10756417.301235322,2.6724276200976833,50.0,1005.0,293.15,constant_cp_1005_J_kgK,PASS
gsB_f,210.003173828125,53.5,4732053.806486657,20009918.68131859,4.228590692246391,50.0,1005.0,293.15,constant_cp_1005_J_kgK,PASS
gsB_f,215.00296020507812,53.5,4595126.061761099,20748455.912674695,4.515318107447692,50.0,1005.0,293.15,constant_cp_1005_J_kgK,PASS
gsB_f,220.00228881835938,53.5,4799091.386609625,19871834.928980496,4.140749431116624,50.0,1005.0,293.15,constant_cp_1005_J_kgK,PASS
gsB_f,225.00367736816406,53.5,4117849.4735247637,11251456.800026018,2.732362334360679,50.0,1005.0,293.15,constant_cp_1005_J_kgK,PASS
gsB_f,230.0026092529297,53.5,4363898.369158877,15495067.390483594,3.5507397468264594,50.0,1005.0,293.15,constant_cp_1005_J_kgK,PASS
gsB_f,235.0022430419922,53.5,4016496.632740684,7281156.385151651,1.812812769665713,50.0,1005.0,293.15,constant_cp_1005_J_kgK,PASS
gsB_f,240.00003051757812,53.5,4004741.0257494394,8402119.882038446,2.0980432512402194,50.0,1005.0,293.15,constant_cp_1005_J_kgK,PASS
gsB_f,245.0003662109375,53.5,4383414.563509291,9064303.382282473,2.067863591488763,50.0,1005.0,293.15,constant_cp_1005_J_kgK,PASS
gsB_f,250.00279235839844,53.5,4198748.295167524,7742082.9341453845,1.8439026085597932,50.0,1005.0,293.15,constant_cp_1005_J_kgK,PASS
gsB_f,255.00270080566406,53.5,3853565.1453252025,11301190.36421443,2.9326584443301837,50.0,1005.0,293.15,constant_cp_1005_J_kgK,PASS
gsB_f,260.0030517578125,53.5,4223484.659262383,9946464.51127666,2.3550374427105822,50.0,1005.0,293.15,constant_cp_1005_J_kgK,PASS
gsB_f,265.0005798339844,53.5,4133515.57820052,9200754.5934119,2.2258908716674886,50.0,1005.0,293.15,constant_cp_1005_J_kgK,PASS
gsB_f,270.00225830078125,53.5,3767122.6262382735,10307717.181165848,2.7362308594288574,50.0,1005.0,293.15,constant_cp_1005_J_kgK,PASS
gsB_f,275.0032653808594,53.5,4443845.12064719,11990545.427700369,2.698236572645019,50.0,1005.0,293.15,constant_cp_1005_J_kgK,PASS
gsB_f,280.0004577636719,53.5,4413313.940582233,11777768.143983744,2.668690309040182,50.0,1005.0,293.15,constant_cp_1005_J_kgK,PASS
gsB_f,285.0023498535156,53.5,4205691.772892721,11397999.074853914,2.7101365697596624,50.0,1005.0,293.15,constant_cp_1005_J_kgK,PASS
gsB_f,290.0003356933594,53.5,4345717.42964341,8969177.07116699,2.063911705345959,50.0,1005.0,293.15,constant_cp_1005_J_kgK,PASS
gsB_f,295.0047302246094,53.5,4413748.665711927,9670954.334993247,2.1910976513279428,50.0,1005.0,293.15,constant_cp_1005_J_kgK,PASS
gsB_f,300.0,53.5,3787227.7521495745,11177429.541774886,2.9513486574528662,50.0,1005.0,293.15,constant_cp_1005_J_kgK,PASS
gsB_f,0.0,60.5,0.0,0.0,0.0,50.0,1005.0,293.15,constant_cp_1005_J_kgK,NEAR_ZERO_C_T_REVIEW
gsB_f,5.001023769378662,60.5,30064.722384147855,65462.43488729427,2.177383647547276,50.0,1005.0,293.15,constant_cp_1005_J_kgK,PASS
gsB_f,10.000624656677246,60.5,4777134.547455869,22162058.16640071,4.639194886860246,50.0,1005.0,293.15,constant_cp_1005_J_kgK,PASS
gsB_f,15.003981590270996,60.5,7140100.950498356,24856106.4635063,3.4811981841477215,50.0,1005.0,293.15,constant_cp_1005_J_kgK,PASS
gsB_f,20.000646591186523,60.5,7164261.586027276,24982088.492603976,3.487043038926365,50.0,1005.0,293.15,constant_cp_1005_J_kgK,PASS
gsB_f,25.001638412475586,60.5,6856275.836248555,31012462.989467658,4.523222771392505,50.0,1005.0,293.15,constant_cp_1005_J_kgK,PASS
gsB_f,30.00173568725586,60.5,6856086.989281848,24479933.65949706,3.5705401197164868,50.0,1005.0,293.15,constant_cp_1005_J_kgK,PASS
gsB_f,35.003936767578125,60.5,6832678.004563904,20328811.90077071,2.9752334131934837,50.0,1005.0,293.15,constant_cp_1005_J_kgK,PASS
gsB_f,40.00153350830078,60.5,7754628.9982542815,26963200.700971074,3.4770458660293118,50.0,1005.0,293.15,constant_cp_1005_J_kgK,PASS
gsB_f,45.0018196105957,60.5,7497698.220710843,30335345.84115968,4.04595449805709,50.0,1005.0,293.15,constant_cp_1005_J_kgK,PASS
gsB_f,50.0018196105957,60.5,7154237.993798156,25432750.301327515,3.5549209186742985,50.0,1005.0,293.15,constant_cp_1005_J_kgK,PASS
gsB_f,55.00148010253906,60.5,7501340.049595777,31344354.881329983,4.178500731081912,50.0,1005.0,293.15,constant_cp_1005_J_kgK,PASS
gsB_f,60.00165939331055,60.5,6493439.196363167,25878081.49323042,3.985265852296602,50.0,1005.0,293.15,constant_cp_1005_J_kgK,PASS
gsB_f,65.00375366210938,60.5,6820468.7453399785,26243895.389550634,3.847814038805108,50.0,1005.0,293.15,constant_cp_1005_J_kgK,PASS
gsB_f,70.00176239013672,60.5,6457832.036294437,23401492.005437925,3.6237381018763553,50.0,1005.0,293.15,constant_cp_1005_J_kgK,PASS
gsB_f,75.00276184082031,60.5,7223740.315618458,32536189.031630732,4.504064045780299,50.0,1005.0,293.15,constant_cp_1005_J_kgK,PASS
gsB_f,80.0030517578125,60.5,7539700.077390633,36268829.630431555,4.8103809512517905,50.0,1005.0,293.15,constant_cp_1005_J_kgK,PASS
gsB_f,85.00257873535156,60.5,7033270.814277463,35789272.100002326,5.088567331624781,50.0,1005.0,293.15,constant_cp_1005_J_kgK,PASS
gsB_f,90.00312805175781,60.5,7693303.434358621,36432522.20672798,4.735614878261369,50.0,1005.0,293.15,constant_cp_1005_J_kgK,PASS
gsB_f,95.00244140625,60.5,6613967.376527101,26472296.05192506,4.00248361458131,50.0,1005.0,293.15,constant_cp_1005_J_kgK,PASS
gsB_f,100.0029067993164,60.5,8161828.332069976,28491299.303823963,3.4907986476356196,50.0,1005.0,293.15,constant_cp_1005_J_kgK,PASS
gsB_f,105.00257110595703,60.5,8002706.652923809,37176832.85338664,4.645532376199743,50.0,1005.0,293.15,constant_cp_1005_J_kgK,PASS
gsB_f,110.0007095336914,60.5,7104317.333653974,26810512.21910793,3.773833707019733,50.0,1005.0,293.15,constant_cp_1005_J_kgK,PASS
gsB_f,115.00285339355469,60.5,8231578.547667977,36255256.147071615,4.404411126872232,50.0,1005.0,293.15,constant_cp_1005_J_kgK,PASS
gsB_f,120.002197265625,60.5,7361603.669990719,26479411.99137085,3.5969624525309754,50.0,1005.0,293.15,constant_cp_1005_J_kgK,PASS
gsB_f,125.00086212158203,60.5,6624343.996156283,26427463.29306561,3.989446095854912,50.0,1005.0,293.15,constant_cp_1005_J_kgK,PASS
gsB_f,130.0030059814453,60.5,7047510.45190976,30977880.092734072,4.395577743959155,50.0,1005.0,293.15,constant_cp_1005_J_kgK,PASS
gsB_f,135.0028533935547,60.5,6946654.517197063,32262374.452582583,4.644303869253061,50.0,1005.0,293.15,constant_cp_1005_J_kgK,PASS
gsB_f,140.00146484375,60.5,7079006.004836766,25917797.1474905,3.661219828007214,50.0,1005.0,293.15,constant_cp_1005_J_kgK,PASS
gsB_f,145.00132751464844,60.5,7232939.563345918,24080916.322980016,3.3293401821043713,50.0,1005.0,293.15,constant_cp_1005_J_kgK,PASS
gsB_f,150.0012664794922,60.5,7135387.423532335,21378607.388888076,2.9961382781237558,50.0,1005.0,293.15,constant_cp_1005_J_kgK,PASS
gsB_f,155.0027618408203,60.5,7905129.226880187,29023991.735906817,3.671539187141325,50.0,1005.0,293.15,constant_cp_1005_J_kgK,PASS
gsB_f,160.00135803222656,60.5,6758835.791889397,29659829.121386997,4.388304440977659,50.0,1005.0,293.15,constant_cp_1005_J_kgK,PASS
gsB_f,165.00035095214844,60.5,6794980.397491243,19990372.709732078,2.94193235893847,50.0,1005.0,293.15,constant_cp_1005_J_kgK,PASS
gsB_f,170.00323486328125,60.5,7783568.411727095,28019911.404889204,3.599879890908785,50.0,1005.0,293.15,constant_cp_1005_J_kgK,PASS
gsB_f,175.00112915039062,60.5,8063637.940293373,39991712.51611189,4.959512420104629,50.0,1005.0,293.15,constant_cp_1005_J_kgK,PASS
gsB_f,180.00108337402344,60.5,7290209.393286986,29053755.990518503,3.9853115902640535,50.0,1005.0,293.15,constant_cp_1005_J_kgK,PASS
gsB_f,185.00209045410156,60.5,7620499.737230451,42120727.663111806,5.52729205636321,50.0,1005.0,293.15,constant_cp_1005_J_kgK,PASS
gsB_f,190.00250244140625,60.5,7114295.445616896,29963372.053657077,4.211713202340711,50.0,1005.0,293.15,constant_cp_1005_J_kgK,PASS
gsB_f,195.00039672851562,60.5,7172356.960952217,31000131.080653533,4.322167907903163,50.0,1005.0,293.15,constant_cp_1005_J_kgK,PASS
gsB_f,200.0029296875,60.5,7401375.790236023,36990889.71792191,4.997839694441768,50.0,1005.0,293.15,constant_cp_1005_J_kgK,PASS
gsB_f,205.00181579589844,60.5,6714872.122737677,24704669.44713678,3.679097530909434,50.0,1005.0,293.15,constant_cp_1005_J_kgK,PASS
gsB_f,210.003173828125,60.5,7475483.419489237,39588161.36302456,5.295732615741581,50.0,1005.0,293.15,constant_cp_1005_J_kgK,PASS
gsB_f,215.00296020507812,60.5,7372077.14094625,39049749.53094009,5.296980590999055,50.0,1005.0,293.15,constant_cp_1005_J_kgK,PASS
gsB_f,220.00228881835938,60.5,7649558.431985641,38340753.15481663,5.0121524654939185,50.0,1005.0,293.15,constant_cp_1005_J_kgK,PASS
gsB_f,225.00367736816406,60.5,6801490.760912561,27109966.552652143,3.98588596318475,50.0,1005.0,293.15,constant_cp_1005_J_kgK,PASS
gsB_f,230.0026092529297,60.5,7129022.493197247,33013502.404779345,4.630859621537446,50.0,1005.0,293.15,constant_cp_1005_J_kgK,PASS
gsB_f,235.0022430419922,60.5,6526615.952265421,19718980.621003397,3.0213177495389227,50.0,1005.0,293.15,constant_cp_1005_J_kgK,PASS
gsB_f,240.00003051757812,60.5,7230434.92831477,20113316.378199313,2.781757470693013,50.0,1005.0,293.15,constant_cp_1005_J_kgK,PASS
gsB_f,245.0003662109375,60.5,7101266.200065165,19808634.137794193,2.789451004894369,50.0,1005.0,293.15,constant_cp_1005_J_kgK,PASS
gsB_f,250.00279235839844,60.5,6810901.72144747,17789327.999585193,2.611890279310117,50.0,1005.0,293.15,constant_cp_1005_J_kgK,PASS
gsB_f,255.00270080566406,60.5,6985043.511373515,28053957.91101015,4.016289643053878,50.0,1005.0,293.15,constant_cp_1005_J_kgK,PASS
gsB_f,260.0030517578125,60.5,7179036.964992185,24349836.398433954,3.391797049823445,50.0,1005.0,293.15,constant_cp_1005_J_kgK,PASS
gsB_f,265.0005798339844,60.5,7345002.686999161,24020483.264001075,3.2703164706144943,50.0,1005.0,293.15,constant_cp_1005_J_kgK,PASS
gsB_f,270.00225830078125,60.5,6806370.345625526,27512237.679868057,4.042130575153062,50.0,1005.0,293.15,constant_cp_1005_J_kgK,PASS
gsB_f,275.0032653808594,60.5,7208466.7649556855,30574197.531515174,4.241428659996482,50.0,1005.0,293.15,constant_cp_1005_J_kgK,PASS
gsB_f,280.0004577636719,60.5,7778802.807119321,29779955.880988903,3.8283469345351793,50.0,1005.0,293.15,constant_cp_1005_J_kgK,PASS
gsB_f,285.0023498535156,60.5,7035817.1266941605,25860870.399830885,3.675602980315356,50.0,1005.0,293.15,constant_cp_1005_J_kgK,PASS
gsB_f,290.0003356933594,60.5,7027838.607968619,23646422.2003407,3.364679173697707,50.0,1005.0,293.15,constant_cp_1005_J_kgK,PASS
gsB_f,295.0047302246094,60.5,7180157.391801539,22259496.39001911,3.100140453109773,50.0,1005.0,293.15,constant_cp_1005_J_kgK,PASS
gsB_f,300.0,60.5,6944686.317762931,28804192.281868175,4.1476592266224594,50.0,1005.0,293.15,constant_cp_1005_J_kgK,PASS
gsB_f,0.0,71.0,0.0,0.0,0.0,50.0,1005.0,293.15,constant_cp_1005_J_kgK,NEAR_ZERO_C_T_REVIEW
gsB_f,5.001023769378662,71.0,1882.7591939914926,4205.521286523663,2.2337011020541757,50.0,1005.0,293.15,constant_cp_1005_J_kgK,PASS
gsB_f,10.000624656677246,71.0,1998513.5390707487,11256515.334006302,5.632443870878279,50.0,1005.0,293.15,constant_cp_1005_J_kgK,PASS
gsB_f,15.003981590270996,71.0,4546667.548582119,20490782.021653175,4.506769365189948,50.0,1005.0,293.15,constant_cp_1005_J_kgK,PASS
gsB_f,20.000646591186523,71.0,6909948.781582779,28929684.53781797,4.186671341895445,50.0,1005.0,293.15,constant_cp_1005_J_kgK,PASS
gsB_f,25.001638412475586,71.0,6969715.467512989,32426169.76182087,4.652438096356254,50.0,1005.0,293.15,constant_cp_1005_J_kgK,PASS
gsB_f,30.00173568725586,71.0,6921868.529820813,28274505.79747463,4.084808267545435,50.0,1005.0,293.15,constant_cp_1005_J_kgK,PASS
gsB_f,35.003936767578125,71.0,7268573.57350603,26363674.19879489,3.6270767478904733,50.0,1005.0,293.15,constant_cp_1005_J_kgK,PASS
gsB_f,40.00153350830078,71.0,6666537.528955745,23677906.976685166,3.551754846326366,50.0,1005.0,293.15,constant_cp_1005_J_kgK,PASS
gsB_f,45.0018196105957,71.0,6559395.3663560655,27043534.373744115,4.122869999947508,50.0,1005.0,293.15,constant_cp_1005_J_kgK,PASS
gsB_f,50.0018196105957,71.0,6961366.191632045,25425613.53345218,3.65238845846311,50.0,1005.0,293.15,constant_cp_1005_J_kgK,PASS
gsB_f,55.00148010253906,71.0,6939148.875384696,28502317.731538936,4.107465950564262,50.0,1005.0,293.15,constant_cp_1005_J_kgK,PASS
gsB_f,60.00165939331055,71.0,7139585.961826984,30834160.28435371,4.318760282348839,50.0,1005.0,293.15,constant_cp_1005_J_kgK,PASS
gsB_f,65.00375366210938,71.0,7316490.560436543,30046827.379175544,4.106726733394812,50.0,1005.0,293.15,constant_cp_1005_J_kgK,PASS
gsB_f,70.00176239013672,71.0,7521667.654288585,29964155.66034388,3.9837117295736126,50.0,1005.0,293.15,constant_cp_1005_J_kgK,PASS
gsB_f,75.00276184082031,71.0,6845984.277105002,32587563.06729933,4.7600990227631375,50.0,1005.0,293.15,constant_cp_1005_J_kgK,PASS
gsB_f,80.0030517578125,71.0,7066452.7049145615,34083939.95641412,4.823345089780264,50.0,1005.0,293.15,constant_cp_1005_J_kgK,PASS
gsB_f,85.00257873535156,71.0,6715806.291764517,35015581.89922067,5.2139058778630485,50.0,1005.0,293.15,constant_cp_1005_J_kgK,PASS
gsB_f,90.00312805175781,71.0,7121113.98649811,34617242.41409214,4.86121166993362,50.0,1005.0,293.15,constant_cp_1005_J_kgK,PASS
gsB_f,95.00244140625,71.0,7558965.507353039,32894701.86529939,4.351746523158601,50.0,1005.0,293.15,constant_cp_1005_J_kgK,PASS
gsB_f,100.0029067993164,71.0,6900909.838312624,23923264.622611508,3.466682681433366,50.0,1005.0,293.15,constant_cp_1005_J_kgK,PASS
gsB_f,105.00257110595703,71.0,7032146.884969698,32219186.331549563,4.581699850498556,50.0,1005.0,293.15,constant_cp_1005_J_kgK,PASS
gsB_f,110.0007095336914,71.0,6487193.330551665,27188561.182333026,4.1911131358283304,50.0,1005.0,293.15,constant_cp_1005_J_kgK,PASS
gsB_f,115.00285339355469,71.0,6993069.095695604,32536422.907936487,4.652667156965946,50.0,1005.0,293.15,constant_cp_1005_J_kgK,PASS
gsB_f,120.002197265625,71.0,7693573.305957267,27028353.241282724,3.513107910514637,50.0,1005.0,293.15,constant_cp_1005_J_kgK,PASS
gsB_f,125.00086212158203,71.0,7116275.587534189,28585282.673342664,4.0168880928974176,50.0,1005.0,293.15,constant_cp_1005_J_kgK,PASS
gsB_f,130.0030059814453,71.0,6987284.645300711,34092429.742274255,4.879210089888505,50.0,1005.0,293.15,constant_cp_1005_J_kgK,PASS
gsB_f,135.0028533935547,71.0,7268372.519281998,37293437.890931204,5.13091999508787,50.0,1005.0,293.15,constant_cp_1005_J_kgK,PASS
gsB_f,140.00146484375,71.0,7001104.84472685,30482974.588544957,4.354023438386924,50.0,1005.0,293.15,constant_cp_1005_J_kgK,PASS
gsB_f,145.00132751464844,71.0,7340187.689625143,24455699.445377987,3.331753965902596,50.0,1005.0,293.15,constant_cp_1005_J_kgK,PASS
gsB_f,150.0012664794922,71.0,6890309.93689698,20780489.71070672,3.015900576464506,50.0,1005.0,293.15,constant_cp_1005_J_kgK,PASS
gsB_f,155.0027618408203,71.0,6402819.912088339,23698230.64221296,3.7012177396199104,50.0,1005.0,293.15,constant_cp_1005_J_kgK,PASS
gsB_f,160.00135803222656,71.0,6841094.244131184,32354768.465638485,4.729472699984346,50.0,1005.0,293.15,constant_cp_1005_J_kgK,PASS
gsB_f,165.00035095214844,71.0,7336561.064143704,25875614.620825276,3.5269405372073157,50.0,1005.0,293.15,constant_cp_1005_J_kgK,PASS
gsB_f,170.00323486328125,71.0,6769723.639108312,24201748.316851407,3.574997977323515,50.0,1005.0,293.15,constant_cp_1005_J_kgK,PASS
gsB_f,175.00112915039062,71.0,7309974.718774915,37791805.668063894,5.169895536163694,50.0,1005.0,293.15,constant_cp_1005_J_kgK,PASS
gsB_f,180.00108337402344,71.0,7425106.276436891,28818570.37562035,3.881233386123276,50.0,1005.0,293.15,constant_cp_1005_J_kgK,PASS
gsB_f,185.00209045410156,71.0,7207583.082075289,41369590.96965094,5.739731404905197,50.0,1005.0,293.15,constant_cp_1005_J_kgK,PASS
gsB_f,190.00250244140625,71.0,6986604.165313152,31926208.555566173,4.569631798245032,50.0,1005.0,293.15,constant_cp_1005_J_kgK,PASS
gsB_f,195.00039672851562,71.0,7163641.284669516,32640300.870172966,4.556384047317463,50.0,1005.0,293.15,constant_cp_1005_J_kgK,PASS
gsB_f,200.0029296875,71.0,7346949.554652939,37428315.7518321,5.094402169690706,50.0,1005.0,293.15,constant_cp_1005_J_kgK,PASS
gsB_f,205.00181579589844,71.0,6849854.836742166,26221220.771644346,3.82799656293378,50.0,1005.0,293.15,constant_cp_1005_J_kgK,PASS
gsB_f,210.003173828125,71.0,7289244.3687825715,40634764.182695605,5.574619552709865,50.0,1005.0,293.15,constant_cp_1005_J_kgK,PASS
gsB_f,215.00296020507812,71.0,7668309.796415194,40896813.202629566,5.333223916142268,50.0,1005.0,293.15,constant_cp_1005_J_kgK,PASS
gsB_f,220.00228881835938,71.0,7188256.818629159,38382337.89975202,5.3395891198934295,50.0,1005.0,293.15,constant_cp_1005_J_kgK,PASS
gsB_f,225.00367736816406,71.0,7302917.771421619,31061072.87079388,4.253241491003039,50.0,1005.0,293.15,constant_cp_1005_J_kgK,PASS
gsB_f,230.0026092529297,71.0,7137223.750586711,34166063.703032866,4.787024324440475,50.0,1005.0,293.15,constant_cp_1005_J_kgK,PASS
gsB_f,235.0022430419922,71.0,7094245.122915482,22276825.511189174,3.1401262749198873,50.0,1005.0,293.15,constant_cp_1005_J_kgK,PASS
gsB_f,240.00003051757812,71.0,7034835.6118069235,20625952.665174957,2.9319736527399964,50.0,1005.0,293.15,constant_cp_1005_J_kgK,PASS
gsB_f,245.0003662109375,71.0,6837111.687952597,19100303.293211445,2.7936216585239246,50.0,1005.0,293.15,constant_cp_1005_J_kgK,PASS
gsB_f,250.00279235839844,71.0,7168611.032266662,19466655.80662477,2.715540809649642,50.0,1005.0,293.15,constant_cp_1005_J_kgK,PASS
gsB_f,255.00270080566406,71.0,7395971.934078865,32729324.904269166,4.425290576544819,50.0,1005.0,293.15,constant_cp_1005_J_kgK,PASS
gsB_f,260.0030517578125,71.0,6988446.7600880265,23494487.221990973,3.3619040150911923,50.0,1005.0,293.15,constant_cp_1005_J_kgK,PASS
gsB_f,265.0005798339844,71.0,7389207.189620089,23770079.826020904,3.216864707679556,50.0,1005.0,293.15,constant_cp_1005_J_kgK,PASS
gsB_f,270.00225830078125,71.0,7154616.80991497,32252318.90723488,4.507903045560616,50.0,1005.0,293.15,constant_cp_1005_J_kgK,PASS
gsB_f,275.0032653808594,71.0,7031694.069023113,28763432.54272779,4.090540950784536,50.0,1005.0,293.15,constant_cp_1005_J_kgK,PASS
gsB_f,280.0004577636719,71.0,7043023.701670453,27760756.649097823,3.9415963689733955,50.0,1005.0,293.15,constant_cp_1005_J_kgK,PASS
gsB_f,285.0023498535156,71.0,7409343.982446939,33091764.7459819,4.466220602576657,50.0,1005.0,293.15,constant_cp_1005_J_kgK,PASS
gsB_f,290.0003356933594,71.0,7140980.32529732,22946232.02548957,3.2133167968830922,50.0,1005.0,293.15,constant_cp_1005_J_kgK,PASS
gsB_f,295.0047302246094,71.0,7065564.84640657,21270864.37848773,3.010497368700216,50.0,1005.0,293.15,constant_cp_1005_J_kgK,PASS
gsB_f,300.0,71.0,7304849.836790473,32684850.3173351,4.47440413528005,50.0,1005.0,293.15,constant_cp_1005_J_kgK,PASS
gsB_f,0.0,78.0,0.0,0.0,0.0,50.0,1005.0,293.15,constant_cp_1005_J_kgK,NEAR_ZERO_C_T_REVIEW
gsB_f,5.001023769378662,78.0,241.34346258786542,539.4218268194894,2.235079504674249,50.0,1005.0,293.15,constant_cp_1005_J_kgK,PASS
gsB_f,10.000624656677246,78.0,1916466.1390572747,10552613.441978432,5.506287445897345,50.0,1005.0,293.15,constant_cp_1005_J_kgK,PASS
gsB_f,15.003981590270996,78.0,2907094.3807544145,14550436.165439213,5.00514749770981,50.0,1005.0,293.15,constant_cp_1005_J_kgK,PASS
gsB_f,20.000646591186523,78.0,5404760.657056318,25349227.032713052,4.690166436809323,50.0,1005.0,293.15,constant_cp_1005_J_kgK,PASS
gsB_f,25.001638412475586,78.0,5958805.88971958,28481226.50699141,4.779686909440798,50.0,1005.0,293.15,constant_cp_1005_J_kgK,PASS
gsB_f,30.00173568725586,78.0,6331321.719575895,25325930.404876977,4.000101641742735,50.0,1005.0,293.15,constant_cp_1005_J_kgK,PASS
gsB_f,35.003936767578125,78.0,6847135.8293801425,25249318.034619886,3.6875737043624053,50.0,1005.0,293.15,constant_cp_1005_J_kgK,PASS
gsB_f,40.00153350830078,78.0,6519447.1337180305,23375623.541196182,3.5855223704935693,50.0,1005.0,293.15,constant_cp_1005_J_kgK,PASS
gsB_f,45.0018196105957,78.0,6768266.26780743,28321240.999330714,4.184415901903537,50.0,1005.0,293.15,constant_cp_1005_J_kgK,PASS
gsB_f,50.0018196105957,78.0,6726063.407734977,24595898.63160511,3.6568044546413003,50.0,1005.0,293.15,constant_cp_1005_J_kgK,PASS
gsB_f,55.00148010253906,78.0,6805661.400165988,27767180.829770386,4.080012095384755,50.0,1005.0,293.15,constant_cp_1005_J_kgK,PASS
gsB_f,60.00165939331055,78.0,6970578.494442283,30041434.22373447,4.309747641130047,50.0,1005.0,293.15,constant_cp_1005_J_kgK,PASS
gsB_f,65.00375366210938,78.0,6758017.0952393655,27745554.260694228,4.105576217059198,50.0,1005.0,293.15,constant_cp_1005_J_kgK,PASS
gsB_f,70.00176239013672,78.0,6924919.538445912,26973863.707071453,3.895188031762303,50.0,1005.0,293.15,constant_cp_1005_J_kgK,PASS
gsB_f,75.00276184082031,78.0,7141024.477364136,33306794.657559793,4.6641479472779865,50.0,1005.0,293.15,constant_cp_1005_J_kgK,PASS
gsB_f,80.0030517578125,78.0,6885295.483204443,33453680.277362727,4.858713813948512,50.0,1005.0,293.15,constant_cp_1005_J_kgK,PASS
gsB_f,85.00257873535156,78.0,6911195.222778952,36557577.64009354,5.289617274824129,50.0,1005.0,293.15,constant_cp_1005_J_kgK,PASS
gsB_f,90.00312805175781,78.0,6559617.276549311,32290972.90319422,4.92269160559637,50.0,1005.0,293.15,constant_cp_1005_J_kgK,PASS
gsB_f,95.00244140625,78.0,6685416.982255936,29097462.400889903,4.352378090718766,50.0,1005.0,293.15,constant_cp_1005_J_kgK,PASS
gsB_f,100.0029067993164,78.0,6796281.971798018,23944861.765240297,3.523229592974858,50.0,1005.0,293.15,constant_cp_1005_J_kgK,PASS
gsB_f,105.00257110595703,78.0,6766807.630265484,31542614.48561874,4.6613730150300166,50.0,1005.0,293.15,constant_cp_1005_J_kgK,PASS
gsB_f,110.0007095336914,78.0,6856223.053751485,29037567.162050296,4.235213314152892,50.0,1005.0,293.15,constant_cp_1005_J_kgK,PASS
gsB_f,115.00285339355469,78.0,6740800.072741084,31630372.231732626,4.692376556255054,50.0,1005.0,293.15,constant_cp_1005_J_kgK,PASS
gsB_f,120.002197265625,78.0,6572153.072690817,22844683.216394268,3.475981609637256,50.0,1005.0,293.15,constant_cp_1005_J_kgK,PASS
gsB_f,125.00086212158203,78.0,6764114.939484244,28168067.33581847,4.164338954590007,50.0,1005.0,293.15,constant_cp_1005_J_kgK,PASS
gsB_f,130.0030059814453,78.0,6789606.4573247,33743458.70153375,4.969869596069289,50.0,1005.0,293.15,constant_cp_1005_J_kgK,PASS
gsB_f,135.0028533935547,78.0,6759859.076739909,35158427.97860883,5.201059309000382,50.0,1005.0,293.15,constant_cp_1005_J_kgK,PASS
gsB_f,140.00146484375,78.0,6697723.542675892,29692515.712802663,4.433225038867434,50.0,1005.0,293.15,constant_cp_1005_J_kgK,PASS
gsB_f,145.00132751464844,78.0,6559318.254295018,21302152.67226722,3.2476168782203314,50.0,1005.0,293.15,constant_cp_1005_J_kgK,PASS
gsB_f,150.0012664794922,78.0,6840192.741425926,20814200.05945537,3.042925959293419,50.0,1005.0,293.15,constant_cp_1005_J_kgK,PASS
gsB_f,155.0027618408203,78.0,6881007.678288778,25375608.47690265,3.687775056111149,50.0,1005.0,293.15,constant_cp_1005_J_kgK,PASS
gsB_f,160.00135803222656,78.0,7019358.009370744,33052959.075282995,4.708829358918259,50.0,1005.0,293.15,constant_cp_1005_J_kgK,PASS
gsB_f,165.00035095214844,78.0,6999735.425305635,23813617.269227453,3.4020739102703526,50.0,1005.0,293.15,constant_cp_1005_J_kgK,PASS
gsB_f,170.00323486328125,78.0,6858119.190666277,24396792.235543534,3.5573590305556273,50.0,1005.0,293.15,constant_cp_1005_J_kgK,PASS
gsB_f,175.00112915039062,78.0,6773920.588419795,35587741.9668694,5.253640266717568,50.0,1005.0,293.15,constant_cp_1005_J_kgK,PASS
gsB_f,180.00108337402344,78.0,7019119.095398469,26941336.988257192,3.8382789381532434,50.0,1005.0,293.15,constant_cp_1005_J_kgK,PASS
gsB_f,185.00209045410156,78.0,7057038.3538365,40599191.78715053,5.753007104613384,50.0,1005.0,293.15,constant_cp_1005_J_kgK,PASS
gsB_f,190.00250244140625,78.0,6941567.494893964,32666268.526782557,4.705892228349145,50.0,1005.0,293.15,constant_cp_1005_J_kgK,PASS
gsB_f,195.00039672851562,78.0,6997307.540995506,32666269.194359805,4.6684055264080015,50.0,1005.0,293.15,constant_cp_1005_J_kgK,PASS
gsB_f,200.0029296875,78.0,7039937.326606484,36025812.955396675,5.117348533664074,50.0,1005.0,293.15,constant_cp_1005_J_kgK,PASS
gsB_f,205.00181579589844,78.0,6716186.694328638,25921074.98105971,3.859492917751719,50.0,1005.0,293.15,constant_cp_1005_J_kgK,PASS
gsB_f,210.003173828125,78.0,6670050.950057527,37498740.24940746,5.621957093009018,50.0,1005.0,293.15,constant_cp_1005_J_kgK,PASS
gsB_f,215.00296020507812,78.0,6774283.520251116,37331544.920608595,5.5107739156486835,50.0,1005.0,293.15,constant_cp_1005_J_kgK,PASS
gsB_f,220.00228881835938,78.0,6964569.145721908,37639252.72916049,5.404390701222482,50.0,1005.0,293.15,constant_cp_1005_J_kgK,PASS
gsB_f,225.00367736816406,78.0,6836889.321866426,29791706.751489446,4.357494373385074,50.0,1005.0,293.15,constant_cp_1005_J_kgK,PASS
gsB_f,230.0026092529297,78.0,6605320.796672192,32534523.697911326,4.925502439533663,50.0,1005.0,293.15,constant_cp_1005_J_kgK,PASS
gsB_f,235.0022430419922,78.0,6876901.708150318,20802532.703906145,3.0249861909835856,50.0,1005.0,293.15,constant_cp_1005_J_kgK,PASS
gsB_f,240.00003051757812,78.0,6906370.795902846,19626661.061018042,2.841819769170432,50.0,1005.0,293.15,constant_cp_1005_J_kgK,PASS
gsB_f,245.0003662109375,78.0,6659119.269958986,18058335.260432694,2.711820366681,50.0,1005.0,293.15,constant_cp_1005_J_kgK,PASS
gsB_f,250.00279235839844,78.0,7223602.205932105,19192179.91565035,2.656871096790118,50.0,1005.0,293.15,constant_cp_1005_J_kgK,PASS
gsB_f,255.00270080566406,78.0,7081717.523952411,31682220.293183595,4.473804580036578,50.0,1005.0,293.15,constant_cp_1005_J_kgK,PASS
gsB_f,260.0030517578125,78.0,6947600.841277625,22935205.523897864,3.3011691442653754,50.0,1005.0,293.15,constant_cp_1005_J_kgK,PASS
gsB_f,265.0005798339844,78.0,7020204.916982237,22093516.113826863,3.147132651410432,50.0,1005.0,293.15,constant_cp_1005_J_kgK,PASS
gsB_f,270.00225830078125,78.0,6890372.02839995,32059061.43612286,4.652733017025129,50.0,1005.0,293.15,constant_cp_1005_J_kgK,PASS
gsB_f,275.0032653808594,78.0,7085081.925083358,29403487.807679754,4.1500561487627134,50.0,1005.0,293.15,constant_cp_1005_J_kgK,PASS
gsB_f,280.0004577636719,78.0,6984328.8793279715,26915177.66003809,3.853652673730887,50.0,1005.0,293.15,constant_cp_1005_J_kgK,PASS
gsB_f,285.0023498535156,78.0,6983662.2527145455,30554945.423596654,4.37520377101856,50.0,1005.0,293.15,constant_cp_1005_J_kgK,PASS
gsB_f,290.0003356933594,78.0,6623246.041294269,21520741.659544423,3.2492740757882195,50.0,1005.0,293.15,constant_cp_1005_J_kgK,PASS
gsB_f,295.0047302246094,78.0,7394282.440261806,22084336.9612777,2.9866774957132645,50.0,1005.0,293.15,constant_cp_1005_J_kgK,PASS
gsB_f,300.0,78.0,7256891.804789429,32321713.31671074,4.4539334726444375,50.0,1005.0,293.15,constant_cp_1005_J_kgK,PASS
gsB_f,0.0,85.0,0.0,0.0,0.0,50.0,1005.0,293.15,constant_cp_1005_J_kgK,NEAR_ZERO_C_T_REVIEW
gsB_f,5.001023769378662,85.0,6.348019387461856,14.02510295957185,2.2093667491097837,50.0,1005.0,293.15,constant_cp_1005_J_kgK,PASS
gsB_f,10.000624656677246,85.0,9225.597220229405,43935.364763909296,4.7623328566269265,50.0,1005.0,293.15,constant_cp_1005_J_kgK,PASS
gsB_f,15.003981590270996,85.0,2515711.796874989,12491109.415905215,4.965238637995671,50.0,1005.0,293.15,constant_cp_1005_J_kgK,PASS
gsB_f,20.000646591186523,85.0,3972534.018635993,20743926.288895566,5.221837293672361,50.0,1005.0,293.15,constant_cp_1005_J_kgK,PASS
gsB_f,25.001638412475586,85.0,5407323.007233287,27593066.12591073,5.102906944711816,50.0,1005.0,293.15,constant_cp_1005_J_kgK,PASS
gsB_f,30.00173568725586,85.0,6326325.287992275,25729811.126328543,4.067102141454089,50.0,1005.0,293.15,constant_cp_1005_J_kgK,PASS
gsB_f,35.003936767578125,85.0,6314725.736625021,23025392.02651102,3.6463011992690606,50.0,1005.0,293.15,constant_cp_1005_J_kgK,PASS
gsB_f,40.00153350830078,85.0,6654761.492490899,23991086.738532163,3.6051009139250487,50.0,1005.0,293.15,constant_cp_1005_J_kgK,PASS
gsB_f,45.0018196105957,85.0,6772827.777305404,28648499.764199745,4.2299170606694005,50.0,1005.0,293.15,constant_cp_1005_J_kgK,PASS
gsB_f,50.0018196105957,85.0,6849855.738408735,24907491.730191413,3.636206758418182,50.0,1005.0,293.15,constant_cp_1005_J_kgK,PASS
gsB_f,55.00148010253906,85.0,6644032.407816127,26525307.585045345,3.9923507227087907,50.0,1005.0,293.15,constant_cp_1005_J_kgK,PASS
gsB_f,60.00165939331055,85.0,6742002.34686125,29005713.430798464,4.302240186003809,50.0,1005.0,293.15,constant_cp_1005_J_kgK,PASS
gsB_f,65.00375366210938,85.0,6389913.436055952,25691358.083581172,4.020611286940791,50.0,1005.0,293.15,constant_cp_1005_J_kgK,PASS
gsB_f,70.00176239013672,85.0,6623052.584800025,25958318.654717844,3.919388880331775,50.0,1005.0,293.15,constant_cp_1005_J_kgK,PASS
gsB_f,75.00276184082031,85.0,6781758.572598536,31892381.737691343,4.702671349368203,50.0,1005.0,293.15,constant_cp_1005_J_kgK,PASS
gsB_f,80.0030517578125,85.0,6658887.573802933,32763425.397165723,4.920255077749318,50.0,1005.0,293.15,constant_cp_1005_J_kgK,PASS
gsB_f,85.00257873535156,85.0,6807177.106563635,36106844.792577714,5.304231728856102,50.0,1005.0,293.15,constant_cp_1005_J_kgK,PASS
gsB_f,90.00312805175781,85.0,6518398.675410666,31760870.799145956,4.872495896723437,50.0,1005.0,293.15,constant_cp_1005_J_kgK,PASS
gsB_f,95.00244140625,85.0,6709133.576576954,29068554.510440182,4.332683822531844,50.0,1005.0,293.15,constant_cp_1005_J_kgK,PASS
gsB_f,100.0029067993164,85.0,6629505.632128462,23062305.158452503,3.4787367924820876,50.0,1005.0,293.15,constant_cp_1005_J_kgK,PASS
gsB_f,105.00257110595703,85.0,6647783.825260547,30763745.674783915,4.6276693832742355,50.0,1005.0,293.15,constant_cp_1005_J_kgK,PASS
gsB_f,110.0007095336914,85.0,6725654.762199402,28413944.310968388,4.2247105026361105,50.0,1005.0,293.15,constant_cp_1005_J_kgK,PASS
gsB_f,115.00285339355469,85.0,6919035.038069028,32773764.511504468,4.736753655846639,50.0,1005.0,293.15,constant_cp_1005_J_kgK,PASS
gsB_f,120.002197265625,85.0,6653589.028956206,22351982.750702925,3.3593873401900556,50.0,1005.0,293.15,constant_cp_1005_J_kgK,PASS
gsB_f,125.00086212158203,85.0,6922933.968953375,27704344.567647528,4.001821293094888,50.0,1005.0,293.15,constant_cp_1005_J_kgK,PASS
gsB_f,130.0030059814453,85.0,6917690.001581429,34430586.50490504,4.977179737316066,50.0,1005.0,293.15,constant_cp_1005_J_kgK,PASS
gsB_f,135.0028533935547,85.0,6734676.218336173,35168257.24598747,5.221967041301343,50.0,1005.0,293.15,constant_cp_1005_J_kgK,PASS
gsB_f,140.00146484375,85.0,6659727.842060368,29039455.417016122,4.360456779271625,50.0,1005.0,293.15,constant_cp_1005_J_kgK,PASS
gsB_f,145.00132751464844,85.0,6491341.188669754,20774434.87655006,3.2003301433008304,50.0,1005.0,293.15,constant_cp_1005_J_kgK,PASS
gsB_f,150.0012664794922,85.0,6774258.166406915,19949318.19105505,2.944871261326053,50.0,1005.0,293.15,constant_cp_1005_J_kgK,PASS
gsB_f,155.0027618408203,85.0,6624062.036622622,23957627.73791433,3.616757754601206,50.0,1005.0,293.15,constant_cp_1005_J_kgK,PASS
gsB_f,160.00135803222656,85.0,6823170.398512166,32739670.81778548,4.798307664267708,50.0,1005.0,293.15,constant_cp_1005_J_kgK,PASS
gsB_f,165.00035095214844,85.0,6518720.281863399,21759579.93190556,3.3380140566003096,50.0,1005.0,293.15,constant_cp_1005_J_kgK,PASS
gsB_f,170.00323486328125,85.0,6732036.935183734,23521900.090392806,3.4940242183550696,50.0,1005.0,293.15,constant_cp_1005_J_kgK,PASS
gsB_f,175.00112915039062,85.0,6880820.352359692,37053910.742912434,5.385100735874502,50.0,1005.0,293.15,constant_cp_1005_J_kgK,PASS
gsB_f,180.00108337402344,85.0,6950606.247462914,26565554.029801525,3.822048478073173,50.0,1005.0,293.15,constant_cp_1005_J_kgK,PASS
gsB_f,185.00209045410156,85.0,6902846.371791769,39888215.84666844,5.778517107040101,50.0,1005.0,293.15,constant_cp_1005_J_kgK,PASS
gsB_f,190.00250244140625,85.0,6410332.346084731,30208823.97605827,4.712520715795501,50.0,1005.0,293.15,constant_cp_1005_J_kgK,PASS
gsB_f,195.00039672851562,85.0,6782206.396226521,31626581.25084156,4.663169977905411,50.0,1005.0,293.15,constant_cp_1005_J_kgK,PASS
gsB_f,200.0029296875,85.0,6863429.418090999,35157906.0536859,5.122498376834004,50.0,1005.0,293.15,constant_cp_1005_J_kgK,PASS
gsB_f,205.00181579589844,85.0,6852314.761919957,26216739.70277543,3.825968393697918,50.0,1005.0,293.15,constant_cp_1005_J_kgK,PASS
gsB_f,210.003173828125,85.0,6739591.346466612,38067726.24617812,5.648373067327889,50.0,1005.0,293.15,constant_cp_1005_J_kgK,PASS
gsB_f,215.00296020507812,85.0,7084844.892373298,38171319.06686728,5.387742377812389,50.0,1005.0,293.15,constant_cp_1005_J_kgK,PASS
gsB_f,220.00228881835938,85.0,6749953.347466652,36414250.00964038,5.394740990811015,50.0,1005.0,293.15,constant_cp_1005_J_kgK,PASS
gsB_f,225.00367736816406,85.0,6879440.950387851,29587863.376239363,4.300911017278409,50.0,1005.0,293.15,constant_cp_1005_J_kgK,PASS
gsB_f,230.0026092529297,85.0,6724678.039797207,32623370.170471534,4.851291017563026,50.0,1005.0,293.15,constant_cp_1005_J_kgK,PASS
gsB_f,235.0022430419922,85.0,6817548.752826441,20442546.5653905,2.998518574130528,50.0,1005.0,293.15,constant_cp_1005_J_kgK,PASS
gsB_f,240.00003051757812,85.0,6709336.3551689945,18506659.404798947,2.758344257184405,50.0,1005.0,293.15,constant_cp_1005_J_kgK,PASS
gsB_f,245.0003662109375,85.0,6971630.625684917,18292766.697118834,2.6238863874578393,50.0,1005.0,293.15,constant_cp_1005_J_kgK,PASS
gsB_f,250.00279235839844,85.0,6658878.954783947,17165324.49380176,2.577809960259099,50.0,1005.0,293.15,constant_cp_1005_J_kgK,PASS
gsB_f,255.00270080566406,85.0,6668906.448119355,29533125.6690702,4.428481025910717,50.0,1005.0,293.15,constant_cp_1005_J_kgK,PASS
gsB_f,260.0030517578125,85.0,6858639.413705111,21942214.32170147,3.1992080350303835,50.0,1005.0,293.15,constant_cp_1005_J_kgK,PASS
gsB_f,265.0005798339844,85.0,6754342.992035579,19962158.17823162,2.9554552088589676,50.0,1005.0,293.15,constant_cp_1005_J_kgK,PASS
gsB_f,270.00225830078125,85.0,7132516.602424001,32790133.32179565,4.59727402676523,50.0,1005.0,293.15,constant_cp_1005_J_kgK,PASS
gsB_f,275.0032653808594,85.0,6638598.043714623,27855401.670081645,4.195976543037568,50.0,1005.0,293.15,constant_cp_1005_J_kgK,PASS
gsB_f,280.0004577636719,85.0,6776253.085024944,26364326.275307596,3.890693860530527,50.0,1005.0,293.15,constant_cp_1005_J_kgK,PASS
gsB_f,285.0023498535156,85.0,6953206.731647221,31265375.099265546,4.496540417382175,50.0,1005.0,293.15,constant_cp_1005_J_kgK,PASS
gsB_f,290.0003356933594,85.0,7031425.851433475,22386081.979318768,3.1837187012012627,50.0,1005.0,293.15,constant_cp_1005_J_kgK,PASS
gsB_f,295.0047302246094,85.0,7069524.495592999,20476562.49249613,2.896455412985811,50.0,1005.0,293.15,constant_cp_1005_J_kgK,PASS
gsB_f,300.0,85.0,6795122.996319775,30348039.14981281,4.466150085325791,50.0,1005.0,293.15,constant_cp_1005_J_kgK,PASS
gsB_m,0.0,15.0,0.0,0.0,0.0,50.0,1005.0,293.15,constant_cp_1005_J_kgK,NEAR_ZERO_C_T_REVIEW
gsB_m,5.001068592071533,15.0,0.07261648987764602,-0.006077990342401307,-0.08369986306061414,50.0,1005.0,293.15,constant_cp_1005_J_kgK,PASS
gsB_m,10.003204345703125,15.0,4.360863949086564,9.123071259718444,2.0920329925764705,50.0,1005.0,293.15,constant_cp_1005_J_kgK,PASS
gsB_m,15.000279426574707,15.0,5.695486477278386,14.324164968275436,2.5150028927125643,50.0,1005.0,293.15,constant_cp_1005_J_kgK,PASS
gsB_m,20.006793975830078,15.0,6.160249165087297,14.44840799834535,2.3454259087254266,50.0,1005.0,293.15,constant_cp_1005_J_kgK,PASS
gsB_m,25.003759384155273,15.0,6.484466102795778,14.464423769611921,2.2306267837756075,50.0,1005.0,293.15,constant_cp_1005_J_kgK,PASS
gsB_m,30.003196716308594,15.0,8.722872519780278,21.29872725626833,2.441710251471509,50.0,1005.0,293.15,constant_cp_1005_J_kgK,PASS
gsB_m,35.00564193725586,15.0,0.4602667018058959,0.13985209360905237,0.3038501215848997,50.0,1005.0,293.15,constant_cp_1005_J_kgK,PASS
gsB_m,40.00675582885742,15.0,10.722604942065619,24.773652553869244,2.310413624805839,50.0,1005.0,293.15,constant_cp_1005_J_kgK,PASS
gsB_m,45.00101852416992,15.0,-1.0475857444020598,-3.8153918232395156,3.642080698392074,50.0,1005.0,293.15,constant_cp_1005_J_kgK,PASS
gsB_m,50.00727462768555,15.0,12.001268168869927,28.264138130487446,2.3550959557296336,50.0,1005.0,293.15,constant_cp_1005_J_kgK,PASS
gsB_m,55.00128936767578,15.0,-3.844975542254101,-8.212468261770386,2.135896098527577,50.0,1005.0,293.15,constant_cp_1005_J_kgK,PASS
gsB_m,60.00448989868164,15.0,7.047299375344984,16.937875772246414,2.4034562557538295,50.0,1005.0,293.15,constant_cp_1005_J_kgK,PASS
gsB_m,65.0045166015625,15.0,2.2071596510027547,4.77267185745342,2.162359144759984,50.0,1005.0,293.15,constant_cp_1005_J_kgK,PASS
gsB_m,70.0008544921875,15.0,0.5180375126959191,1.5721524029444574,3.0348234662157867,50.0,1005.0,293.15,constant_cp_1005_J_kgK,PASS
gsB_m,75.00050354003906,15.0,5.413306368331927,12.636505290524745,2.334341422483401,50.0,1005.0,293.15,constant_cp_1005_J_kgK,PASS
gsB_m,80.00723266601562,15.0,13.621894119867743,32.832960153487875,2.410307983761978,50.0,1005.0,293.15,constant_cp_1005_J_kgK,PASS
gsB_m,85.00799560546875,15.0,2.0184446033503534,4.754181564849784,2.3553688590725237,50.0,1005.0,293.15,constant_cp_1005_J_kgK,PASS
gsB_m,90.00022888183594,15.0,11.422838169257954,29.16517768463376,2.5532339029867517,50.0,1005.0,293.15,constant_cp_1005_J_kgK,PASS
gsB_m,95.0,15.0,9.820248282392363,23.202235396023934,2.3626933582995746,50.0,1005.0,293.15,constant_cp_1005_J_kgK,PASS
gsB_m,100.00123596191406,15.0,6.160108295053099,15.819740097042358,2.56809447768611,50.0,1005.0,293.15,constant_cp_1005_J_kgK,PASS
gsB_m,105.0051498413086,15.0,12.094377549910629,28.10969718899355,2.3241954429376213,50.0,1005.0,293.15,constant_cp_1005_J_kgK,PASS
gsB_m,110.00016784667969,15.0,9.748774832261198,22.070919981088686,2.2639685866767976,50.0,1005.0,293.15,constant_cp_1005_J_kgK,PASS
gsB_m,115.00033569335938,15.0,22.033251029050618,52.193646199000085,2.36885814661733,50.0,1005.0,293.15,constant_cp_1005_J_kgK,PASS
gsB_m,120.0029296875,15.0,5.050243847301807,12.424168042872939,2.4601125046765184,50.0,1005.0,293.15,constant_cp_1005_J_kgK,PASS
gsB_m,125.00102996826172,15.0,0.6248740376272721,1.3781925838675377,2.2055526372885668,50.0,1005.0,293.15,constant_cp_1005_J_kgK,PASS
gsB_m,130.00238037109375,15.0,17.106008399006125,43.29746391774553,2.5311260760125682,50.0,1005.0,293.15,constant_cp_1005_J_kgK,PASS
gsB_m,135.00216674804688,15.0,1.7387327260067842,3.0319692882126112,1.7437811120241145,50.0,1005.0,293.15,constant_cp_1005_J_kgK,PASS
gsB_m,140.00196838378906,15.0,17.014860125026754,43.699085807641886,2.5682894530997435,50.0,1005.0,293.15,constant_cp_1005_J_kgK,PASS
gsB_m,145.00030517578125,15.0,3.2733603328581573,6.713495423726584,2.050949097869008,50.0,1005.0,293.15,constant_cp_1005_J_kgK,PASS
gsB_m,150.00265502929688,15.0,6.88472294072815,16.36753665004555,2.3773704168750616,50.0,1005.0,293.15,constant_cp_1005_J_kgK,PASS
gsB_m,155.00711059570312,15.0,12.982050894535728,31.179727062472757,2.4017566494978735,50.0,1005.0,293.15,constant_cp_1005_J_kgK,PASS
gsB_m,160.00521850585938,15.0,19.395650934506286,48.759277226995074,2.5139283744138132,50.0,1005.0,293.15,constant_cp_1005_J_kgK,PASS
gsB_m,165.00320434570312,15.0,-3.188898843743644,-7.206163800983662,2.259765565427638,50.0,1005.0,293.15,constant_cp_1005_J_kgK,PASS
gsB_m,170.0015869140625,15.0,11.088349960555686,27.21769798977848,2.454621118935162,50.0,1005.0,293.15,constant_cp_1005_J_kgK,PASS
gsB_m,175.0022735595703,15.0,4.9410582701167804,10.560928260118743,2.1373818483083293,50.0,1005.0,293.15,constant_cp_1005_J_kgK,PASS
gsB_m,180.00082397460938,15.0,6.79901110265881,15.514798382176986,2.2819198477007747,50.0,1005.0,293.15,constant_cp_1005_J_kgK,PASS
gsB_m,185.00701904296875,15.0,-2.94439880407829,-9.560882472066943,3.2471424915595715,50.0,1005.0,293.15,constant_cp_1005_J_kgK,PASS
gsB_m,190.0084228515625,15.0,-2.1395413262052188,-6.497599387312522,3.0369123067139006,50.0,1005.0,293.15,constant_cp_1005_J_kgK,PASS
gsB_m,195.00022888183594,15.0,13.177762552631087,33.2765300388446,2.525203341873493,50.0,1005.0,293.15,constant_cp_1005_J_kgK,PASS
gsB_m,200.00015258789062,15.0,12.099226850265232,25.682288644767706,2.1226388231643143,50.0,1005.0,293.15,constant_cp_1005_J_kgK,PASS
gsB_m,205.00753784179688,15.0,-0.4707672981478339,-0.9283507813269081,1.971995045126064,50.0,1005.0,293.15,constant_cp_1005_J_kgK,PASS
gsB_m,210.00521850585938,15.0,18.56548086299016,43.77421977577314,2.357828493453039,50.0,1005.0,293.15,constant_cp_1005_J_kgK,PASS
gsB_m,215.00587463378906,15.0,-0.006407002949728735,-1.5839214758415245,247.2171842361024,50.0,1005.0,293.15,constant_cp_1005_J_kgK,PASS
gsB_m,220.006591796875,15.0,8.321315290890645,20.22685541895241,2.430728161287681,50.0,1005.0,293.15,constant_cp_1005_J_kgK,PASS
gsB_m,225.0060272216797,15.0,12.676802813613843,31.198803979208755,2.46109404993211,50.0,1005.0,293.15,constant_cp_1005_J_kgK,PASS
gsB_m,230.007080078125,15.0,14.55250777126631,34.06689323393167,2.3409637546358324,50.0,1005.0,293.15,constant_cp_1005_J_kgK,PASS
gsB_m,235.00079345703125,15.0,14.901872798887794,35.00771532899711,2.349215819991478,50.0,1005.0,293.15,constant_cp_1005_J_kgK,PASS
gsB_m,240.00376892089844,15.0,-1.064221270849579,-4.69434175666648,4.4110580016013765,50.0,1005.0,293.15,constant_cp_1005_J_kgK,PASS
gsB_m,245.0013427734375,15.0,15.737836250430561,36.39942042527923,2.312860538371057,50.0,1005.0,293.15,constant_cp_1005_J_kgK,PASS
gsB_m,250.00682067871094,15.0,16.244310059744222,41.28630215577665,2.5415854536997893,50.0,1005.0,293.15,constant_cp_1005_J_kgK,PASS
gsB_m,255.00527954101562,15.0,12.129933380791833,29.524587293373248,2.4340271594312646,50.0,1005.0,293.15,constant_cp_1005_J_kgK,PASS
gsB_m,260.0035400390625,15.0,21.948632574851015,53.320904935803696,2.4293497442966006,50.0,1005.0,293.15,constant_cp_1005_J_kgK,PASS
gsB_m,265.0000305175781,15.0,-2.976368498591686,-9.401659451806474,3.1587686313358856,50.0,1005.0,293.15,constant_cp_1005_J_kgK,PASS
gsB_m,270.0051574707031,15.0,29.15549360353717,69.47321404023513,2.382851581337101,50.0,1005.0,293.15,constant_cp_1005_J_kgK,PASS
gsB_m,275.0024108886719,15.0,4.377097533735306,8.89463762591911,2.0320857726687582,50.0,1005.0,293.15,constant_cp_1005_J_kgK,PASS
gsB_m,280.0069580078125,15.0,10.608634958717609,26.757845459367,2.5222703543830174,50.0,1005.0,293.15,constant_cp_1005_J_kgK,PASS
gsB_m,285.0052185058594,15.0,5.226631440474279,12.12585584199574,2.3200135647168176,50.0,1005.0,293.15,constant_cp_1005_J_kgK,PASS
gsB_m,290.00390625,15.0,23.084843486293494,56.08799930861859,2.429646072302414,50.0,1005.0,293.15,constant_cp_1005_J_kgK,PASS
gsB_m,295.0010070800781,15.0,6.521154565857188,14.508146632350332,2.224781897685091,50.0,1005.0,293.15,constant_cp_1005_J_kgK,PASS
gsB_m,300.0,15.0,8.296665898025353,19.05935799425151,2.2972309872680903,50.0,1005.0,293.15,constant_cp_1005_J_kgK,PASS
gsB_m,0.0,22.0,0.0,0.0,0.0,50.0,1005.0,293.15,constant_cp_1005_J_kgK,NEAR_ZERO_C_T_REVIEW
gsB_m,5.001068592071533,22.0,55.77348130031224,83.00800550003676,1.4883059755870707,50.0,1005.0,293.15,constant_cp_1005_J_kgK,PASS
gsB_m,10.003204345703125,22.0,88.93895358690877,175.33176653971898,1.9713720419075775,50.0,1005.0,293.15,constant_cp_1005_J_kgK,PASS
gsB_m,15.000279426574707,22.0,82.19813355034144,213.2528213101497,2.594375469328032,50.0,1005.0,293.15,constant_cp_1005_J_kgK,PASS
gsB_m,20.006793975830078,22.0,85.25148010105846,196.07165649827832,2.2999208490404146,50.0,1005.0,293.15,constant_cp_1005_J_kgK,PASS
gsB_m,25.003759384155273,22.0,91.23116892085443,195.59196602228423,2.1439160358651304,50.0,1005.0,293.15,constant_cp_1005_J_kgK,PASS
gsB_m,30.003196716308594,22.0,90.86325026442655,219.81525419422792,2.419187664453024,50.0,1005.0,293.15,constant_cp_1005_J_kgK,PASS
gsB_m,35.00564193725586,22.0,111.55563306686092,256.52913516013865,2.2995623627906645,50.0,1005.0,293.15,constant_cp_1005_J_kgK,PASS
gsB_m,40.00675582885742,22.0,80.86145040271683,176.69553448933374,2.1851640504485914,50.0,1005.0,293.15,constant_cp_1005_J_kgK,PASS
gsB_m,45.00101852416992,22.0,102.45323398648317,238.42919890338322,2.327200319830923,50.0,1005.0,293.15,constant_cp_1005_J_kgK,PASS
gsB_m,50.00727462768555,22.0,99.84619243179276,228.31540301660453,2.2866711033601543,50.0,1005.0,293.15,constant_cp_1005_J_kgK,PASS
gsB_m,55.00128936767578,22.0,86.83702613599293,207.16706085218982,2.38569962685463,50.0,1005.0,293.15,constant_cp_1005_J_kgK,PASS
gsB_m,60.00448989868164,22.0,81.6635158759501,188.18631411946635,2.3044111204203346,50.0,1005.0,293.15,constant_cp_1005_J_kgK,PASS
gsB_m,65.0045166015625,22.0,99.52042101224174,227.25803930157107,2.2835317313552475,50.0,1005.0,293.15,constant_cp_1005_J_kgK,PASS
gsB_m,70.0008544921875,22.0,92.73724231569736,217.21723861376003,2.34228701638511,50.0,1005.0,293.15,constant_cp_1005_J_kgK,PASS
gsB_m,75.00050354003906,22.0,80.08411107541292,184.7638657927004,2.3071226403001015,50.0,1005.0,293.15,constant_cp_1005_J_kgK,PASS
gsB_m,80.00723266601562,22.0,89.54667548027635,206.58989848804976,2.3070638566726736,50.0,1005.0,293.15,constant_cp_1005_J_kgK,PASS
gsB_m,85.00799560546875,22.0,97.53296270130987,253.7466004267678,2.6016496720319386,50.0,1005.0,293.15,constant_cp_1005_J_kgK,PASS
gsB_m,90.00022888183594,22.0,91.87618170492868,231.24395927909086,2.5169086806332626,50.0,1005.0,293.15,constant_cp_1005_J_kgK,PASS
gsB_m,95.0,22.0,91.76205104085702,213.1193974046476,2.3225221644995027,50.0,1005.0,293.15,constant_cp_1005_J_kgK,PASS
gsB_m,100.00123596191406,22.0,97.61950877744977,222.74545364697306,2.2817719166411723,50.0,1005.0,293.15,constant_cp_1005_J_kgK,PASS
gsB_m,105.0051498413086,22.0,104.94709506670316,233.74246358540984,2.227240910618999,50.0,1005.0,293.15,constant_cp_1005_J_kgK,PASS
gsB_m,110.00016784667969,22.0,98.95295226340197,215.13796657463905,2.174143991174625,50.0,1005.0,293.15,constant_cp_1005_J_kgK,PASS
gsB_m,115.00033569335938,22.0,89.18852022761645,205.25796032898523,2.301394392494108,50.0,1005.0,293.15,constant_cp_1005_J_kgK,PASS
gsB_m,120.0029296875,22.0,100.39303758134555,243.67430618951343,2.427203240958259,50.0,1005.0,293.15,constant_cp_1005_J_kgK,PASS
gsB_m,125.00102996826172,22.0,90.7415849147169,223.1748747533107,2.4594553308783533,50.0,1005.0,293.15,constant_cp_1005_J_kgK,PASS
gsB_m,130.00238037109375,22.0,93.17318770107114,215.26963756902492,2.3104247356800447,50.0,1005.0,293.15,constant_cp_1005_J_kgK,PASS
gsB_m,135.00216674804688,22.0,104.55113071231321,241.89454806518197,2.3136483213029457,50.0,1005.0,293.15,constant_cp_1005_J_kgK,PASS
gsB_m,140.00196838378906,22.0,107.0895477887945,252.2157785304575,2.355185764959345,50.0,1005.0,293.15,constant_cp_1005_J_kgK,PASS
gsB_m,145.00030517578125,22.0,109.05080795202475,252.17540198358887,2.3124578966184015,50.0,1005.0,293.15,constant_cp_1005_J_kgK,PASS
gsB_m,150.00265502929688,22.0,88.87248103169466,201.14435403794207,2.263291760291293,50.0,1005.0,293.15,constant_cp_1005_J_kgK,PASS
gsB_m,155.00711059570312,22.0,103.51718170036618,243.7600455988077,2.354778613486834,50.0,1005.0,293.15,constant_cp_1005_J_kgK,PASS
gsB_m,160.00521850585938,22.0,94.89783460651442,220.4947883604986,2.323496518887259,50.0,1005.0,293.15,constant_cp_1005_J_kgK,PASS
gsB_m,165.00320434570312,22.0,100.95679074988892,238.22074188350228,2.35963069063192,50.0,1005.0,293.15,constant_cp_1005_J_kgK,PASS
gsB_m,170.0015869140625,22.0,101.95031707245693,234.92137274541466,2.3042730958467725,50.0,1005.0,293.15,constant_cp_1005_J_kgK,PASS
gsB_m,175.0022735595703,22.0,92.16269932273522,215.40733839221355,2.3372507529924134,50.0,1005.0,293.15,constant_cp_1005_J_kgK,PASS
gsB_m,180.00082397460938,22.0,119.33334333829282,269.94181052915854,2.262082021465286,50.0,1005.0,293.15,constant_cp_1005_J_kgK,PASS
gsB_m,185.00701904296875,22.0,106.13962333822779,234.71853341027253,2.211412910898504,50.0,1005.0,293.15,constant_cp_1005_J_kgK,PASS
gsB_m,190.0084228515625,22.0,98.83459515569922,225.76341390982142,2.2842549570004356,50.0,1005.0,293.15,constant_cp_1005_J_kgK,PASS
gsB_m,195.00022888183594,22.0,128.7337724411239,311.904033262045,2.422860973815327,50.0,1005.0,293.15,constant_cp_1005_J_kgK,PASS
gsB_m,200.00015258789062,22.0,120.50832705619773,264.4533585265083,2.1944820327726307,50.0,1005.0,293.15,constant_cp_1005_J_kgK,PASS
gsB_m,205.00753784179688,22.0,99.31486626216426,229.78264614504536,2.3136782517147827,50.0,1005.0,293.15,constant_cp_1005_J_kgK,PASS
gsB_m,210.00521850585938,22.0,111.91045212169468,256.7067949907382,2.293858974935549,50.0,1005.0,293.15,constant_cp_1005_J_kgK,PASS
gsB_m,215.00587463378906,22.0,113.96662391847742,279.1084726922903,2.449036946900288,50.0,1005.0,293.15,constant_cp_1005_J_kgK,PASS
gsB_m,220.006591796875,22.0,95.14677639029225,214.33242293829946,2.2526503899286596,50.0,1005.0,293.15,constant_cp_1005_J_kgK,PASS
gsB_m,225.0060272216797,22.0,100.90146475925026,254.09672992166992,2.5182660184906487,50.0,1005.0,293.15,constant_cp_1005_J_kgK,PASS
gsB_m,230.007080078125,22.0,111.75444697078845,260.76435379011684,2.3333689249604967,50.0,1005.0,293.15,constant_cp_1005_J_kgK,PASS
gsB_m,235.00079345703125,22.0,108.36422209707757,241.97427704462308,2.232972030432873,50.0,1005.0,293.15,constant_cp_1005_J_kgK,PASS
gsB_m,240.00376892089844,22.0,105.29475208570945,262.9281160540765,2.4970676205928775,50.0,1005.0,293.15,constant_cp_1005_J_kgK,PASS
gsB_m,245.0013427734375,22.0,130.6397864007819,305.3258069985208,2.3371578858793685,50.0,1005.0,293.15,constant_cp_1005_J_kgK,PASS
gsB_m,250.00682067871094,22.0,127.83627800710785,304.55814103153347,2.38240776231155,50.0,1005.0,293.15,constant_cp_1005_J_kgK,PASS
gsB_m,255.00527954101562,22.0,117.09601140622067,271.98658335462494,2.322765567212591,50.0,1005.0,293.15,constant_cp_1005_J_kgK,PASS
gsB_m,260.0035400390625,22.0,103.6012792675804,236.94343567576806,2.2870705588635225,50.0,1005.0,293.15,constant_cp_1005_J_kgK,PASS
gsB_m,265.0000305175781,22.0,103.73095720384882,239.34549573850126,2.3073680431372057,50.0,1005.0,293.15,constant_cp_1005_J_kgK,PASS
gsB_m,270.0051574707031,22.0,108.55997359382965,238.6406398445468,2.1982378213834832,50.0,1005.0,293.15,constant_cp_1005_J_kgK,PASS
gsB_m,275.0024108886719,22.0,127.53256314760748,297.23138463194135,2.330631309319739,50.0,1005.0,293.15,constant_cp_1005_J_kgK,PASS
gsB_m,280.0069580078125,22.0,144.61002816308786,353.3136901213962,2.4432170756546285,50.0,1005.0,293.15,constant_cp_1005_J_kgK,PASS
gsB_m,285.0052185058594,22.0,128.75321204460894,319.71095746544813,2.483129953699293,50.0,1005.0,293.15,constant_cp_1005_J_kgK,PASS
gsB_m,290.00390625,22.0,130.2736321407523,309.60934973623137,2.376607949330389,50.0,1005.0,293.15,constant_cp_1005_J_kgK,PASS
gsB_m,295.0010070800781,22.0,140.6575491015497,334.55554489815216,2.3785111217474477,50.0,1005.0,293.15,constant_cp_1005_J_kgK,PASS
gsB_m,300.0,22.0,150.0213749287184,374.6725431963191,2.4974610676101636,50.0,1005.0,293.15,constant_cp_1005_J_kgK,PASS
gsB_m,0.0,29.0,0.0,0.0,0.0,50.0,1005.0,293.15,constant_cp_1005_J_kgK,NEAR_ZERO_C_T_REVIEW
gsB_m,5.001068592071533,29.0,479.899274935686,766.2365157858461,1.5966611241222175,50.0,1005.0,293.15,constant_cp_1005_J_kgK,PASS
gsB_m,10.003204345703125,29.0,894.4159388588894,1658.8715595711644,1.8546981191834813,50.0,1005.0,293.15,constant_cp_1005_J_kgK,PASS
gsB_m,15.000279426574707,29.0,767.4919988291078,2076.7463538196193,2.7058866502650387,50.0,1005.0,293.15,constant_cp_1005_J_kgK,PASS
gsB_m,20.006793975830078,29.0,769.8006581827871,1780.7446039696385,2.313254197743869,50.0,1005.0,293.15,constant_cp_1005_J_kgK,PASS
gsB_m,25.003759384155273,29.0,837.7941520743886,1760.4969383628422,2.1013478477997594,50.0,1005.0,293.15,constant_cp_1005_J_kgK,PASS
gsB_m,30.003196716308594,29.0,797.6096420666731,1976.4974104591538,2.4780259743794044,50.0,1005.0,293.15,constant_cp_1005_J_kgK,PASS
gsB_m,35.00564193725586,29.0,823.8160586286419,1853.800248482365,2.2502599082203214,50.0,1005.0,293.15,constant_cp_1005_J_kgK,PASS
gsB_m,40.00675582885742,29.0,798.2872640583071,1764.964461246368,2.210939019960669,50.0,1005.0,293.15,constant_cp_1005_J_kgK,PASS
gsB_m,45.00101852416992,29.0,813.0363925080713,1914.6874602158339,2.3549837102703504,50.0,1005.0,293.15,constant_cp_1005_J_kgK,PASS
gsB_m,50.00727462768555,29.0,801.7560439114341,1857.4377344708053,2.3167118583937616,50.0,1005.0,293.15,constant_cp_1005_J_kgK,PASS
gsB_m,55.00128936767578,29.0,779.275556700817,1942.3866895272283,2.492554363886542,50.0,1005.0,293.15,constant_cp_1005_J_kgK,PASS
gsB_m,60.00448989868164,29.0,779.5051741307918,1870.6133738231754,2.3997446532752695,50.0,1005.0,293.15,constant_cp_1005_J_kgK,PASS
gsB_m,65.0045166015625,29.0,822.3843899952064,1854.93458416448,2.255556655413944,50.0,1005.0,293.15,constant_cp_1005_J_kgK,PASS
gsB_m,70.0008544921875,29.0,821.2561862691939,1961.2993393435813,2.3881699427446534,50.0,1005.0,293.15,constant_cp_1005_J_kgK,PASS
gsB_m,75.00050354003906,29.0,827.2141257490473,1917.783162819499,2.31836365352274,50.0,1005.0,293.15,constant_cp_1005_J_kgK,PASS
gsB_m,80.00723266601562,29.0,817.5965928682356,1912.4725988281732,2.339139638677591,50.0,1005.0,293.15,constant_cp_1005_J_kgK,PASS
gsB_m,85.00799560546875,29.0,833.8281694104206,2244.852920409923,2.6922248525070955,50.0,1005.0,293.15,constant_cp_1005_J_kgK,PASS
gsB_m,90.00022888183594,29.0,836.417378332826,2151.7097808553485,2.572531174736748,50.0,1005.0,293.15,constant_cp_1005_J_kgK,PASS
gsB_m,95.0,29.0,796.9841584177505,1877.5028696932618,2.3557593333075846,50.0,1005.0,293.15,constant_cp_1005_J_kgK,PASS
gsB_m,100.00123596191406,29.0,840.0402062248263,1896.486207413302,2.2576136158219473,50.0,1005.0,293.15,constant_cp_1005_J_kgK,PASS
gsB_m,105.0051498413086,29.0,809.4438326332466,1782.824116304178,2.2025297425544297,50.0,1005.0,293.15,constant_cp_1005_J_kgK,PASS
gsB_m,110.00016784667969,29.0,867.9351489603454,1880.2936321161505,2.1663987618963128,50.0,1005.0,293.15,constant_cp_1005_J_kgK,PASS
gsB_m,115.00033569335938,29.0,849.8411581777416,1965.7884892134027,2.3131246001619883,50.0,1005.0,293.15,constant_cp_1005_J_kgK,PASS
gsB_m,120.0029296875,29.0,867.1636224404775,2133.3351533261743,2.460129897192669,50.0,1005.0,293.15,constant_cp_1005_J_kgK,PASS
gsB_m,125.00102996826172,29.0,865.5678961193679,2204.946059204828,2.547398152227914,50.0,1005.0,293.15,constant_cp_1005_J_kgK,PASS
gsB_m,130.00238037109375,29.0,830.5996176892629,1928.3288090457402,2.3216105184445546,50.0,1005.0,293.15,constant_cp_1005_J_kgK,PASS
gsB_m,135.00216674804688,29.0,853.9787638717394,2000.7620484315353,2.3428709624560295,50.0,1005.0,293.15,constant_cp_1005_J_kgK,PASS
gsB_m,140.00196838378906,29.0,850.2344345642255,2027.0977882401926,2.384163362281094,50.0,1005.0,293.15,constant_cp_1005_J_kgK,PASS
gsB_m,145.00030517578125,29.0,832.3466686619914,1934.3327890764244,2.3239508991891165,50.0,1005.0,293.15,constant_cp_1005_J_kgK,PASS
gsB_m,150.00265502929688,29.0,889.6127320161354,2041.4979943032586,2.2948165205260755,50.0,1005.0,293.15,constant_cp_1005_J_kgK,PASS
gsB_m,155.00711059570312,29.0,897.0404720128088,2179.0721730911932,2.4291793303364457,50.0,1005.0,293.15,constant_cp_1005_J_kgK,PASS
gsB_m,160.00521850585938,29.0,861.6804782966633,2055.339018202686,2.3852681707066354,50.0,1005.0,293.15,constant_cp_1005_J_kgK,PASS
gsB_m,165.00320434570312,29.0,901.6914605271498,2170.751793264312,2.407421926778404,50.0,1005.0,293.15,constant_cp_1005_J_kgK,PASS
gsB_m,170.0015869140625,29.0,904.3506808266616,2127.178864261466,2.3521615114113392,50.0,1005.0,293.15,constant_cp_1005_J_kgK,PASS
gsB_m,175.0022735595703,29.0,860.1032303751613,2059.1238432657374,2.3940426806270585,50.0,1005.0,293.15,constant_cp_1005_J_kgK,PASS
gsB_m,180.00082397460938,29.0,882.2357886627756,1985.442263000658,2.2504666989397317,50.0,1005.0,293.15,constant_cp_1005_J_kgK,PASS
gsB_m,185.00701904296875,29.0,884.351816933787,1899.5241222187533,2.1479281049058176,50.0,1005.0,293.15,constant_cp_1005_J_kgK,PASS
gsB_m,190.0084228515625,29.0,877.8672296784964,2046.8706101704581,2.3316402993169674,50.0,1005.0,293.15,constant_cp_1005_J_kgK,PASS
gsB_m,195.00022888183594,29.0,927.7825300433775,2280.0694814377525,2.457547332054951,50.0,1005.0,293.15,constant_cp_1005_J_kgK,PASS
gsB_m,200.00015258789062,29.0,895.9439918235679,1923.7932544397254,2.14722490690737,50.0,1005.0,293.15,constant_cp_1005_J_kgK,PASS
gsB_m,205.00753784179688,29.0,921.9275605834184,2151.044789196903,2.3332036931766478,50.0,1005.0,293.15,constant_cp_1005_J_kgK,PASS
gsB_m,210.00521850585938,29.0,924.7757375062274,2141.2986310326,2.31547881738827,50.0,1005.0,293.15,constant_cp_1005_J_kgK,PASS
gsB_m,215.00587463378906,29.0,922.0479126221023,2294.091062900488,2.4880388876691963,50.0,1005.0,293.15,constant_cp_1005_J_kgK,PASS
gsB_m,220.006591796875,29.0,926.9558681889046,2103.993599955012,2.269788316960057,50.0,1005.0,293.15,constant_cp_1005_J_kgK,PASS
gsB_m,225.0060272216797,29.0,952.6918373377198,2485.5543477481856,2.6089804177302636,50.0,1005.0,293.15,constant_cp_1005_J_kgK,PASS
gsB_m,230.007080078125,29.0,960.4099524630622,2286.6968214348567,2.3809591056069603,50.0,1005.0,293.15,constant_cp_1005_J_kgK,PASS
gsB_m,235.00079345703125,29.0,976.7376684465177,2202.5469764497525,2.2550036182699964,50.0,1005.0,293.15,constant_cp_1005_J_kgK,PASS
gsB_m,240.00376892089844,29.0,985.0212051826642,2536.356703950768,2.5749259920529797,50.0,1005.0,293.15,constant_cp_1005_J_kgK,PASS
gsB_m,245.0013427734375,29.0,975.1583058730507,2286.541728296191,2.3447902915073113,50.0,1005.0,293.15,constant_cp_1005_J_kgK,PASS
gsB_m,250.00682067871094,29.0,1019.6318612394209,2479.594185931025,2.431852397113704,50.0,1005.0,293.15,constant_cp_1005_J_kgK,PASS
gsB_m,255.00527954101562,29.0,1027.2072634296128,2396.5033851766075,2.333028075729227,50.0,1005.0,293.15,constant_cp_1005_J_kgK,PASS
gsB_m,260.0035400390625,29.0,1012.5643084752138,2347.488296888206,2.318359710328809,50.0,1005.0,293.15,constant_cp_1005_J_kgK,PASS
gsB_m,265.0000305175781,29.0,974.4383205113804,2301.3291222201947,2.3616980918916517,50.0,1005.0,293.15,constant_cp_1005_J_kgK,PASS
gsB_m,270.0051574707031,29.0,1041.1760294662745,2341.0488215405217,2.2484659224611008,50.0,1005.0,293.15,constant_cp_1005_J_kgK,PASS
gsB_m,275.0024108886719,29.0,1086.8959427694986,2571.653486752321,2.366053074222703,50.0,1005.0,293.15,constant_cp_1005_J_kgK,PASS
gsB_m,280.0069580078125,29.0,1024.462582202086,2566.873257595974,2.505580293695027,50.0,1005.0,293.15,constant_cp_1005_J_kgK,PASS
gsB_m,285.0052185058594,29.0,1048.4225525245613,2664.8434694143134,2.5417647331173208,50.0,1005.0,293.15,constant_cp_1005_J_kgK,PASS
gsB_m,290.00390625,29.0,1039.2075803347427,2506.9755619706148,2.412391527360368,50.0,1005.0,293.15,constant_cp_1005_J_kgK,PASS
gsB_m,295.0010070800781,29.0,1035.831544322016,2483.877604185594,2.397955167323053,50.0,1005.0,293.15,constant_cp_1005_J_kgK,PASS
gsB_m,300.0,29.0,1047.881066373651,2682.143443385804,2.55958765689431,50.0,1005.0,293.15,constant_cp_1005_J_kgK,PASS
gsB_m,0.0,39.5,0.0,0.0,0.0,50.0,1005.0,293.15,constant_cp_1005_J_kgK,NEAR_ZERO_C_T_REVIEW
gsB_m,5.001068592071533,39.5,6808.509382249317,11704.034631493709,1.7190304036307789,50.0,1005.0,293.15,constant_cp_1005_J_kgK,PASS
gsB_m,10.003204345703125,39.5,12096.479718255772,20834.776212937188,1.7223834287501036,50.0,1005.0,293.15,constant_cp_1005_J_kgK,PASS
gsB_m,15.000279426574707,39.5,10472.610760695554,29823.803064877036,2.847790655679195,50.0,1005.0,293.15,constant_cp_1005_J_kgK,PASS
gsB_m,20.006793975830078,39.5,10367.260493128737,24348.746216971245,2.348619120075827,50.0,1005.0,293.15,constant_cp_1005_J_kgK,PASS
gsB_m,25.003759384155273,39.5,11137.625698125357,23381.355701952984,2.0993123970655923,50.0,1005.0,293.15,constant_cp_1005_J_kgK,PASS
gsB_m,30.003196716308594,39.5,10801.030742447203,28083.886614611347,2.6001117193603824,50.0,1005.0,293.15,constant_cp_1005_J_kgK,PASS
gsB_m,35.00564193725586,39.5,10985.306679548445,24598.716968616587,2.239238073745383,50.0,1005.0,293.15,constant_cp_1005_J_kgK,PASS
gsB_m,40.00675582885742,39.5,10859.736105486678,24207.051673203918,2.229064448534024,50.0,1005.0,293.15,constant_cp_1005_J_kgK,PASS
gsB_m,45.00101852416992,39.5,10858.494775796089,25924.195048133693,2.387457523663143,50.0,1005.0,293.15,constant_cp_1005_J_kgK,PASS
gsB_m,50.00727462768555,39.5,10898.763397115761,25579.567394011094,2.347015570663558,50.0,1005.0,293.15,constant_cp_1005_J_kgK,PASS
gsB_m,55.00128936767578,39.5,10481.356111749481,27099.805695884934,2.58552475528465,50.0,1005.0,293.15,constant_cp_1005_J_kgK,PASS
gsB_m,60.00448989868164,39.5,10588.300687405856,25980.673492659036,2.453715120081452,50.0,1005.0,293.15,constant_cp_1005_J_kgK,PASS
gsB_m,65.0045166015625,39.5,10801.371446730054,24479.80944428245,2.26636122690615,50.0,1005.0,293.15,constant_cp_1005_J_kgK,PASS
gsB_m,70.0008544921875,39.5,10861.728743218058,26570.814832003038,2.446278622874937,50.0,1005.0,293.15,constant_cp_1005_J_kgK,PASS
gsB_m,75.00050354003906,39.5,10814.118825551246,25719.966594195394,2.378369149543902,50.0,1005.0,293.15,constant_cp_1005_J_kgK,PASS
gsB_m,80.00723266601562,39.5,10900.856277407329,26029.851528111274,2.3878721878076035,50.0,1005.0,293.15,constant_cp_1005_J_kgK,PASS
gsB_m,85.00799560546875,39.5,10942.885851160623,30626.513530653676,2.798760212545082,50.0,1005.0,293.15,constant_cp_1005_J_kgK,PASS
gsB_m,90.00022888183594,39.5,11011.896911502696,29266.570152873537,2.657722859927966,50.0,1005.0,293.15,constant_cp_1005_J_kgK,PASS
gsB_m,95.0,39.5,10754.992521646036,26134.043895636074,2.4299453340423027,50.0,1005.0,293.15,constant_cp_1005_J_kgK,PASS
gsB_m,100.00123596191406,39.5,11074.004268621542,25130.163880707623,2.2692933171348217,50.0,1005.0,293.15,constant_cp_1005_J_kgK,PASS
gsB_m,105.0051498413086,39.5,10965.16280537919,24209.33434794347,2.207840848114436,50.0,1005.0,293.15,constant_cp_1005_J_kgK,PASS
gsB_m,110.00016784667969,39.5,11331.063089194522,24391.776821225652,2.1526468107378096,50.0,1005.0,293.15,constant_cp_1005_J_kgK,PASS
gsB_m,115.00033569335938,39.5,11303.928047617068,26408.325371646133,2.3362078438928866,50.0,1005.0,293.15,constant_cp_1005_J_kgK,PASS
gsB_m,120.0029296875,39.5,11376.980335243607,28508.18835692747,2.505778116589716,50.0,1005.0,293.15,constant_cp_1005_J_kgK,PASS
gsB_m,125.00102996826172,39.5,11415.002304657157,30303.381735024555,2.654697820136099,50.0,1005.0,293.15,constant_cp_1005_J_kgK,PASS
gsB_m,130.00238037109375,39.5,11135.644590261698,26257.172002082156,2.35793911966642,50.0,1005.0,293.15,constant_cp_1005_J_kgK,PASS
gsB_m,135.00216674804688,39.5,11175.875925229859,26644.506046128256,2.3841089704633474,50.0,1005.0,293.15,constant_cp_1005_J_kgK,PASS
gsB_m,140.00196838378906,39.5,11373.129300677378,27584.826103663745,2.4254385380124344,50.0,1005.0,293.15,constant_cp_1005_J_kgK,PASS
gsB_m,145.00030517578125,39.5,11389.336663044947,26942.685174727743,2.3656061781145232,50.0,1005.0,293.15,constant_cp_1005_J_kgK,PASS
gsB_m,150.00265502929688,39.5,11662.606988949636,27452.817034170872,2.353917701263548,50.0,1005.0,293.15,constant_cp_1005_J_kgK,PASS
gsB_m,155.00711059570312,39.5,11711.552232320137,28954.32672418089,2.47228771642018,50.0,1005.0,293.15,constant_cp_1005_J_kgK,PASS
gsB_m,160.00521850585938,39.5,11640.213342206996,28022.15880092905,2.407357835901452,50.0,1005.0,293.15,constant_cp_1005_J_kgK,PASS
gsB_m,165.00320434570312,39.5,11905.093142641432,29245.46626219359,2.4565508149986908,50.0,1005.0,293.15,constant_cp_1005_J_kgK,PASS
gsB_m,170.0015869140625,39.5,11930.680704542949,28159.339422590514,2.3602458334054384,50.0,1005.0,293.15,constant_cp_1005_J_kgK,PASS
gsB_m,175.0022735595703,39.5,11441.10050244182,27723.15316756882,2.4231194509347747,50.0,1005.0,293.15,constant_cp_1005_J_kgK,PASS
gsB_m,180.00082397460938,39.5,11509.695324025184,25788.359674382926,2.2405770916064482,50.0,1005.0,293.15,constant_cp_1005_J_kgK,PASS
gsB_m,185.00701904296875,39.5,11948.465125976065,25446.103704900655,2.1296545988637887,50.0,1005.0,293.15,constant_cp_1005_J_kgK,PASS
gsB_m,190.0084228515625,39.5,12042.316137202475,28285.127507578203,2.3488112407375072,50.0,1005.0,293.15,constant_cp_1005_J_kgK,PASS
gsB_m,195.00022888183594,39.5,12060.015920285763,29800.45829677175,2.471013180558318,50.0,1005.0,293.15,constant_cp_1005_J_kgK,PASS
gsB_m,200.00015258789062,39.5,12202.596480175129,25911.77618701483,2.1234641520032325,50.0,1005.0,293.15,constant_cp_1005_J_kgK,PASS
gsB_m,205.00753784179688,39.5,12320.88431590544,28536.802785384665,2.316132677955854,50.0,1005.0,293.15,constant_cp_1005_J_kgK,PASS
gsB_m,210.00521850585938,39.5,12914.91168161127,29019.32593887786,2.246962786450519,50.0,1005.0,293.15,constant_cp_1005_J_kgK,PASS
gsB_m,215.00587463378906,39.5,27666.98072960241,46737.06928949531,1.6892724849982306,50.0,1005.0,293.15,constant_cp_1005_J_kgK,PASS
gsB_m,220.006591796875,39.5,26086.016094876526,33492.07187715787,1.283909039822093,50.0,1005.0,293.15,constant_cp_1005_J_kgK,PASS
gsB_m,225.0060272216797,39.5,103541.73665847514,92842.85626581528,0.8966708427158196,50.0,1005.0,293.15,constant_cp_1005_J_kgK,PASS
gsB_m,230.007080078125,39.5,179105.46389488873,62373.968885779606,0.3482527418727133,50.0,1005.0,293.15,constant_cp_1005_J_kgK,PASS
gsB_m,235.00079345703125,39.5,327765.3048160157,-29593.59474045803,-0.09028897905185448,50.0,1005.0,293.15,constant_cp_1005_J_kgK,PASS
gsB_m,240.00376892089844,39.5,527736.6824152254,273824.53306211496,0.5188658324999059,50.0,1005.0,293.15,constant_cp_1005_J_kgK,PASS
gsB_m,245.0013427734375,39.5,592842.1506651475,206637.08790252882,0.3485532998466609,50.0,1005.0,293.15,constant_cp_1005_J_kgK,PASS
gsB_m,250.00682067871094,39.5,602702.9401318287,69471.41230261902,0.11526642343477449,50.0,1005.0,293.15,constant_cp_1005_J_kgK,PASS
gsB_m,255.00527954101562,39.5,774135.6040177471,84638.01704211248,0.10933228830045134,50.0,1005.0,293.15,constant_cp_1005_J_kgK,PASS
gsB_m,260.0035400390625,39.5,672394.8453362272,201766.15488050712,0.30007094236365656,50.0,1005.0,293.15,constant_cp_1005_J_kgK,PASS
gsB_m,265.0000305175781,39.5,680689.2810795199,156762.6030291962,0.23029979667166606,50.0,1005.0,293.15,constant_cp_1005_J_kgK,PASS
gsB_m,270.0051574707031,39.5,810794.3396846806,18875.01720379651,0.023279660796765078,50.0,1005.0,293.15,constant_cp_1005_J_kgK,PASS
gsB_m,275.0024108886719,39.5,1091896.530661058,147857.42788117903,0.13541340569299437,50.0,1005.0,293.15,constant_cp_1005_J_kgK,PASS
gsB_m,280.0069580078125,39.5,1140422.1996114713,356232.0165057587,0.3123685391490297,50.0,1005.0,293.15,constant_cp_1005_J_kgK,PASS
gsB_m,285.0052185058594,39.5,1142057.296456176,376764.5917956483,0.3298999034153147,50.0,1005.0,293.15,constant_cp_1005_J_kgK,PASS
gsB_m,290.00390625,39.5,1224258.6842814242,259803.2181017536,0.21221268138624175,50.0,1005.0,293.15,constant_cp_1005_J_kgK,PASS
gsB_m,295.0010070800781,39.5,1246551.123401229,127934.03763827935,0.10263039777238318,50.0,1005.0,293.15,constant_cp_1005_J_kgK,PASS
gsB_m,300.0,39.5,1208197.9891089904,539131.877289074,0.4462280869103806,50.0,1005.0,293.15,constant_cp_1005_J_kgK,PASS
gsB_m,0.0,46.5,0.0,0.0,0.0,50.0,1005.0,293.15,constant_cp_1005_J_kgK,NEAR_ZERO_C_T_REVIEW
gsB_m,5.001068592071533,46.5,98617.95623678458,150278.51591637026,1.5238453690476574,50.0,1005.0,293.15,constant_cp_1005_J_kgK,PASS
gsB_m,10.003204345703125,46.5,939462.228797654,-438332.6716584409,-0.4665782808739729,50.0,1005.0,293.15,constant_cp_1005_J_kgK,PASS
gsB_m,15.000279426574707,46.5,632947.9927197095,747722.2128668685,1.181332781630265,50.0,1005.0,293.15,constant_cp_1005_J_kgK,PASS
gsB_m,20.006793975830078,46.5,201225.97143382064,191496.67801884993,0.9516499120583377,50.0,1005.0,293.15,constant_cp_1005_J_kgK,PASS
gsB_m,25.003759384155273,46.5,861895.9095934008,-185773.9751013884,-0.21554107988402801,50.0,1005.0,293.15,constant_cp_1005_J_kgK,PASS
gsB_m,30.003196716308594,46.5,1129447.5372263228,467217.02681804006,0.41366864012597077,50.0,1005.0,293.15,constant_cp_1005_J_kgK,PASS
gsB_m,35.00564193725586,46.5,1695743.876374077,-442643.9576073607,-0.2610323196648326,50.0,1005.0,293.15,constant_cp_1005_J_kgK,PASS
gsB_m,40.00675582885742,46.5,1995776.116754933,-447950.7698451925,-0.2244494089715562,50.0,1005.0,293.15,constant_cp_1005_J_kgK,PASS
gsB_m,45.00101852416992,46.5,1869863.2077674877,-20497.843358148864,-0.01096221545672431,50.0,1005.0,293.15,constant_cp_1005_J_kgK,PASS
gsB_m,50.00727462768555,46.5,1863465.349488003,202331.54927230946,0.10857811191815347,50.0,1005.0,293.15,constant_cp_1005_J_kgK,PASS
gsB_m,55.00128936767578,46.5,1673164.227242596,746792.0655349983,0.4463351853784995,50.0,1005.0,293.15,constant_cp_1005_J_kgK,PASS
gsB_m,60.00448989868164,46.5,1612245.171102931,317211.01227359986,0.19675110086178568,50.0,1005.0,293.15,constant_cp_1005_J_kgK,PASS
gsB_m,65.0045166015625,46.5,1665124.4481906423,-60590.18890313475,-0.036387784089635604,50.0,1005.0,293.15,constant_cp_1005_J_kgK,PASS
gsB_m,70.0008544921875,46.5,1756142.5538466577,379056.2654760907,0.21584595433087422,50.0,1005.0,293.15,constant_cp_1005_J_kgK,PASS
gsB_m,75.00050354003906,46.5,1769358.5507561376,234756.27973176583,0.1326787493871394,50.0,1005.0,293.15,constant_cp_1005_J_kgK,PASS
gsB_m,80.00723266601562,46.5,1794648.5039899827,305180.47419895104,0.17005027643042814,50.0,1005.0,293.15,constant_cp_1005_J_kgK,PASS
gsB_m,85.00799560546875,46.5,1787960.8083968067,1129755.640762961,0.631868235286414,50.0,1005.0,293.15,constant_cp_1005_J_kgK,PASS
gsB_m,90.00022888183594,46.5,1815995.002461799,830353.6710419275,0.4572444692393333,50.0,1005.0,293.15,constant_cp_1005_J_kgK,PASS
gsB_m,95.0,46.5,1739611.3631118764,270699.9804343516,0.1556094574768206,50.0,1005.0,293.15,constant_cp_1005_J_kgK,PASS
gsB_m,100.00123596191406,46.5,1863232.623816677,-163202.54118236332,-0.08759107107520285,50.0,1005.0,293.15,constant_cp_1005_J_kgK,PASS
gsB_m,105.0051498413086,46.5,1860104.2095579016,-418891.0494197003,-0.22519762455634654,50.0,1005.0,293.15,constant_cp_1005_J_kgK,PASS
gsB_m,110.00016784667969,46.5,1860057.6894449124,-426343.5988531328,-0.2292098794959226,50.0,1005.0,293.15,constant_cp_1005_J_kgK,PASS
gsB_m,115.00033569335938,46.5,1759855.8992685946,-57809.29526085795,-0.03284888000482526,50.0,1005.0,293.15,constant_cp_1005_J_kgK,PASS
gsB_m,120.0029296875,46.5,1814856.5209137287,289033.69018844,0.1592598020051302,50.0,1005.0,293.15,constant_cp_1005_J_kgK,PASS
gsB_m,125.00102996826172,46.5,1807310.442659302,777435.6275759737,0.43016164197670637,50.0,1005.0,293.15,constant_cp_1005_J_kgK,PASS
gsB_m,130.00238037109375,46.5,1838410.2380088174,115864.63242573265,0.06302436204403736,50.0,1005.0,293.15,constant_cp_1005_J_kgK,PASS
gsB_m,135.00216674804688,46.5,1830098.7980212572,139414.91092092212,0.07617889868659578,50.0,1005.0,293.15,constant_cp_1005_J_kgK,PASS
gsB_m,140.00196838378906,46.5,1931866.485567612,146133.02391639876,0.07564343861654733,50.0,1005.0,293.15,constant_cp_1005_J_kgK,PASS
gsB_m,145.00030517578125,46.5,1855729.7758450268,79850.3063549746,0.04302905918433833,50.0,1005.0,293.15,constant_cp_1005_J_kgK,PASS
gsB_m,150.00265502929688,46.5,1956958.3590569885,99878.59260610808,0.05103766881081575,50.0,1005.0,293.15,constant_cp_1005_J_kgK,PASS
gsB_m,155.00711059570312,46.5,1873664.3571332823,210566.0951833601,0.1123819719266728,50.0,1005.0,293.15,constant_cp_1005_J_kgK,PASS
gsB_m,160.00521850585938,46.5,2003227.1630801586,322944.680233042,0.1612122110687051,50.0,1005.0,293.15,constant_cp_1005_J_kgK,PASS
gsB_m,165.00320434570312,46.5,2035354.2574372862,309833.9417845887,0.15222605138758516,50.0,1005.0,293.15,constant_cp_1005_J_kgK,PASS
gsB_m,170.0015869140625,46.5,2093409.00312772,8102.184301856672,0.003870330303228542,50.0,1005.0,293.15,constant_cp_1005_J_kgK,PASS
gsB_m,175.0022735595703,46.5,2041038.5098886525,304960.1618951853,0.14941421262640558,50.0,1005.0,293.15,constant_cp_1005_J_kgK,PASS
gsB_m,180.00082397460938,46.5,2040749.2115964035,-114406.21458385637,-0.05606088878229213,50.0,1005.0,293.15,constant_cp_1005_J_kgK,PASS
gsB_m,185.00701904296875,46.5,2039623.8045653151,-547163.7306053358,-0.26826698599055976,50.0,1005.0,293.15,constant_cp_1005_J_kgK,PASS
gsB_m,190.0084228515625,46.5,2147660.1596182943,62649.06278176857,0.02917084553680188,50.0,1005.0,293.15,constant_cp_1005_J_kgK,PASS
gsB_m,195.00022888183594,46.5,2144884.26431173,363962.0289201212,0.16968842327579503,50.0,1005.0,293.15,constant_cp_1005_J_kgK,PASS
gsB_m,200.00015258789062,46.5,2180315.4858179656,-504231.6902632592,-0.23126547214982138,50.0,1005.0,293.15,constant_cp_1005_J_kgK,PASS
gsB_m,205.00753784179688,46.5,2317855.1386207617,116331.5615435181,0.05018931494258139,50.0,1005.0,293.15,constant_cp_1005_J_kgK,PASS
gsB_m,210.00521850585938,46.5,2242975.356425594,-147978.44999184442,-0.06597417558241159,50.0,1005.0,293.15,constant_cp_1005_J_kgK,PASS
gsB_m,215.00587463378906,46.5,2196854.8484795447,694903.9861144652,0.31631766049332377,50.0,1005.0,293.15,constant_cp_1005_J_kgK,PASS
gsB_m,220.006591796875,46.5,2035259.7954693905,-410075.532932659,-0.2014855960135956,50.0,1005.0,293.15,constant_cp_1005_J_kgK,PASS
gsB_m,225.0060272216797,46.5,2305038.1451439215,747215.6174696736,0.3241662698918238,50.0,1005.0,293.15,constant_cp_1005_J_kgK,PASS
gsB_m,230.007080078125,46.5,2311457.307615439,-38892.39143291487,-0.01682591813605127,50.0,1005.0,293.15,constant_cp_1005_J_kgK,PASS
gsB_m,235.00079345703125,46.5,2336435.051235407,-145018.31651166506,-0.06206819934283451,50.0,1005.0,293.15,constant_cp_1005_J_kgK,PASS
gsB_m,240.00376892089844,46.5,2257830.4506948953,879514.500483243,0.3895396575117292,50.0,1005.0,293.15,constant_cp_1005_J_kgK,PASS
gsB_m,245.0013427734375,46.5,2022026.0272462792,-112594.68235786002,-0.05568409152042341,50.0,1005.0,293.15,constant_cp_1005_J_kgK,PASS
gsB_m,250.00682067871094,46.5,2138865.0540428474,241894.98023036536,0.11309501727242649,50.0,1005.0,293.15,constant_cp_1005_J_kgK,PASS
gsB_m,255.00527954101562,46.5,2065309.7314307953,-39583.304826922336,-0.019165795921321685,50.0,1005.0,293.15,constant_cp_1005_J_kgK,PASS
gsB_m,260.0035400390625,46.5,2035880.137841796,163947.0098348888,0.08052881247158604,50.0,1005.0,293.15,constant_cp_1005_J_kgK,PASS
gsB_m,265.0000305175781,46.5,1972282.3991109289,-227941.32793970895,-0.11557235821932037,50.0,1005.0,293.15,constant_cp_1005_J_kgK,PASS
gsB_m,270.0051574707031,46.5,2162176.702297721,-338206.2431832706,-0.1564193355815288,50.0,1005.0,293.15,constant_cp_1005_J_kgK,PASS
gsB_m,275.0024108886719,46.5,1984523.7127539315,-184033.27153822707,-0.09273422653279526,50.0,1005.0,293.15,constant_cp_1005_J_kgK,PASS
gsB_m,280.0069580078125,46.5,2012766.2380372325,512365.13396916585,0.2545576949207987,50.0,1005.0,293.15,constant_cp_1005_J_kgK,PASS
gsB_m,285.0052185058594,46.5,2096933.7031028168,1053014.7859610543,0.5021688498796676,50.0,1005.0,293.15,constant_cp_1005_J_kgK,PASS
gsB_m,290.00390625,46.5,1853872.7365390228,67330.10378095158,0.036318622337933225,50.0,1005.0,293.15,constant_cp_1005_J_kgK,PASS
gsB_m,295.0010070800781,46.5,1892819.9299320118,274720.52336948324,0.1451382242046399,50.0,1005.0,293.15,constant_cp_1005_J_kgK,PASS
gsB_m,300.0,46.5,1963925.234121467,864253.4474844717,0.44006433262775524,50.0,1005.0,293.15,constant_cp_1005_J_kgK,PASS
gsB_m,0.0,50.0,0.0,0.0,0.0,50.0,1005.0,293.15,constant_cp_1005_J_kgK,NEAR_ZERO_C_T_REVIEW
gsB_m,5.001068592071533,50.0,3137777.0991758406,6398063.849856837,2.0390434526204335,50.0,1005.0,293.15,constant_cp_1005_J_kgK,PASS
gsB_m,10.003204345703125,50.0,2804781.7165396735,3267832.961002562,1.1650935050425832,50.0,1005.0,293.15,constant_cp_1005_J_kgK,PASS
gsB_m,15.000279426574707,50.0,2745016.943091672,6920653.81631921,2.521169799602249,50.0,1005.0,293.15,constant_cp_1005_J_kgK,PASS
gsB_m,20.006793975830078,50.0,2939702.811993283,4420281.221662353,1.5036490095626889,50.0,1005.0,293.15,constant_cp_1005_J_kgK,PASS
gsB_m,25.003759384155273,50.0,3353333.1937879524,4353903.085743727,1.2983806959026107,50.0,1005.0,293.15,constant_cp_1005_J_kgK,PASS
gsB_m,30.003196716308594,50.0,3205831.7047101967,5117851.950121089,1.5964194073574225,50.0,1005.0,293.15,constant_cp_1005_J_kgK,PASS
gsB_m,35.00564193725586,50.0,3300131.07180187,4177314.750251446,1.2658026785495622,50.0,1005.0,293.15,constant_cp_1005_J_kgK,PASS
gsB_m,40.00675582885742,50.0,3281906.3209383497,4046149.2961164564,1.2328655666684587,50.0,1005.0,293.15,constant_cp_1005_J_kgK,PASS
gsB_m,45.00101852416992,50.0,3025881.0759413596,4627497.922019087,1.5293059462290528,50.0,1005.0,293.15,constant_cp_1005_J_kgK,PASS
gsB_m,50.00727462768555,50.0,3292876.7843911108,5674285.6596878255,1.7232001168659161,50.0,1005.0,293.15,constant_cp_1005_J_kgK,PASS
gsB_m,55.00128936767578,50.0,2968515.17921002,5530882.372270108,1.863181435286439,50.0,1005.0,293.15,constant_cp_1005_J_kgK,PASS
gsB_m,60.00448989868164,50.0,3135580.722557463,5534332.853759423,1.7650104856000874,50.0,1005.0,293.15,constant_cp_1005_J_kgK,PASS
gsB_m,65.0045166015625,50.0,3275412.551724058,4606242.82879105,1.4063092071765098,50.0,1005.0,293.15,constant_cp_1005_J_kgK,PASS
gsB_m,70.0008544921875,50.0,3261991.106798842,5176910.680993785,1.5870400965237914,50.0,1005.0,293.15,constant_cp_1005_J_kgK,PASS
gsB_m,75.00050354003906,50.0,3339474.891450174,4800899.838467885,1.4376211813298234,50.0,1005.0,293.15,constant_cp_1005_J_kgK,PASS
gsB_m,80.00723266601562,50.0,3172115.286020369,4418671.695160369,1.3929732360717217,50.0,1005.0,293.15,constant_cp_1005_J_kgK,PASS
gsB_m,85.00799560546875,50.0,3257032.657029583,6270364.564803417,1.9251770630147729,50.0,1005.0,293.15,constant_cp_1005_J_kgK,PASS
gsB_m,90.00022888183594,50.0,3214639.7777309595,5939276.533003414,1.8475714057130304,50.0,1005.0,293.15,constant_cp_1005_J_kgK,PASS
gsB_m,95.0,50.0,3389552.0366427894,5149260.279318789,1.5191565798821358,50.0,1005.0,293.15,constant_cp_1005_J_kgK,PASS
gsB_m,100.00123596191406,50.0,3250056.2810786753,4368933.1599942595,1.3442638471922812,50.0,1005.0,293.15,constant_cp_1005_J_kgK,PASS
gsB_m,105.0051498413086,50.0,3204926.1911445167,4233218.196274858,1.3208473280824995,50.0,1005.0,293.15,constant_cp_1005_J_kgK,PASS
gsB_m,110.00016784667969,50.0,3292686.7429636745,4247162.459039729,1.2898774741070422,50.0,1005.0,293.15,constant_cp_1005_J_kgK,PASS
gsB_m,115.00033569335938,50.0,3167845.5639351364,4906458.767518827,1.5488314276987551,50.0,1005.0,293.15,constant_cp_1005_J_kgK,PASS
gsB_m,120.0029296875,50.0,3190049.47448201,5574551.965309995,1.747481350964054,50.0,1005.0,293.15,constant_cp_1005_J_kgK,PASS
gsB_m,125.00102996826172,50.0,3303113.6032731878,6537217.897500645,1.979107800295652,50.0,1005.0,293.15,constant_cp_1005_J_kgK,PASS
gsB_m,130.00238037109375,50.0,3279493.0765576544,4739022.286801372,1.4450471997262828,50.0,1005.0,293.15,constant_cp_1005_J_kgK,PASS
gsB_m,135.00216674804688,50.0,3373357.912105407,5067826.9117533965,1.5023092846351493,50.0,1005.0,293.15,constant_cp_1005_J_kgK,PASS
gsB_m,140.00196838378906,50.0,3359697.7387869977,5306368.037030974,1.5794182839039594,50.0,1005.0,293.15,constant_cp_1005_J_kgK,PASS
gsB_m,145.00030517578125,50.0,3390099.26975981,5365853.487853311,1.5828012871828034,50.0,1005.0,293.15,constant_cp_1005_J_kgK,PASS
gsB_m,150.00265502929688,50.0,3228510.740495014,4701598.136503423,1.4562745842941025,50.0,1005.0,293.15,constant_cp_1005_J_kgK,PASS
gsB_m,155.00711059570312,50.0,3372357.7368841097,5870479.9784174,1.740764306885612,50.0,1005.0,293.15,constant_cp_1005_J_kgK,PASS
gsB_m,160.00521850585938,50.0,3110943.1496409248,5180588.671187117,1.6652791201874184,50.0,1005.0,293.15,constant_cp_1005_J_kgK,PASS
gsB_m,165.00320434570312,50.0,3107585.4695430025,5251319.741638038,1.6898391993093882,50.0,1005.0,293.15,constant_cp_1005_J_kgK,PASS
gsB_m,170.0015869140625,50.0,2959137.908518788,4806812.52050236,1.6243962495510842,50.0,1005.0,293.15,constant_cp_1005_J_kgK,PASS
gsB_m,175.0022735595703,50.0,3118790.733767716,5320642.294422269,1.7059952874730269,50.0,1005.0,293.15,constant_cp_1005_J_kgK,PASS
gsB_m,180.00082397460938,50.0,2995852.826593085,4776150.670675629,1.5942541063030506,50.0,1005.0,293.15,constant_cp_1005_J_kgK,PASS
gsB_m,185.00701904296875,50.0,2976356.386957067,3717821.545264087,1.2491184058321287,50.0,1005.0,293.15,constant_cp_1005_J_kgK,PASS
gsB_m,190.0084228515625,50.0,3068094.7710921373,5042479.002649323,1.6435212660834366,50.0,1005.0,293.15,constant_cp_1005_J_kgK,PASS
gsB_m,195.00022888183594,50.0,3076910.1667735884,5501496.042234131,1.7879937157875925,50.0,1005.0,293.15,constant_cp_1005_J_kgK,PASS
gsB_m,200.00015258789062,50.0,3424173.286416309,4774010.589247099,1.3942082336152763,50.0,1005.0,293.15,constant_cp_1005_J_kgK,PASS
gsB_m,205.00753784179688,50.0,3178269.046005725,5075968.984643435,1.5970859959205261,50.0,1005.0,293.15,constant_cp_1005_J_kgK,PASS
gsB_m,210.00521850585938,50.0,3170173.3089200463,5026096.459737672,1.5854327098129104,50.0,1005.0,293.15,constant_cp_1005_J_kgK,PASS
gsB_m,215.00587463378906,50.0,2983076.681330891,5756041.980174114,1.929565544257505,50.0,1005.0,293.15,constant_cp_1005_J_kgK,PASS
gsB_m,220.006591796875,50.0,3110434.5608358355,4836241.020561502,1.5548441627596585,50.0,1005.0,293.15,constant_cp_1005_J_kgK,PASS
gsB_m,225.0060272216797,50.0,3032045.4173716465,5757281.854758852,1.89881121891294,50.0,1005.0,293.15,constant_cp_1005_J_kgK,PASS
gsB_m,230.007080078125,50.0,3211512.7014491796,5225033.469829719,1.6269695796226948,50.0,1005.0,293.15,constant_cp_1005_J_kgK,PASS
gsB_m,235.00079345703125,50.0,3109413.0864663664,4846268.090898471,1.558579692094214,50.0,1005.0,293.15,constant_cp_1005_J_kgK,PASS
gsB_m,240.00376892089844,50.0,2959145.947883033,6068757.053865173,2.0508474947667747,50.0,1005.0,293.15,constant_cp_1005_J_kgK,PASS
gsB_m,245.0013427734375,50.0,3023680.49005104,5041769.207549484,1.6674278992567688,50.0,1005.0,293.15,constant_cp_1005_J_kgK,PASS
gsB_m,250.00682067871094,50.0,2797415.1071751984,5272377.207790081,1.8847317991050936,50.0,1005.0,293.15,constant_cp_1005_J_kgK,PASS
gsB_m,255.00527954101562,50.0,2791087.42299091,4906294.302583379,1.7578432915318096,50.0,1005.0,293.15,constant_cp_1005_J_kgK,PASS
gsB_m,260.0035400390625,50.0,3085400.399922181,5525137.484229311,1.7907359720212206,50.0,1005.0,293.15,constant_cp_1005_J_kgK,PASS
gsB_m,265.0000305175781,50.0,2815481.7038538703,4728513.452251973,1.6794687196082705,50.0,1005.0,293.15,constant_cp_1005_J_kgK,PASS
gsB_m,270.0051574707031,50.0,2782282.5493655642,4333014.634815135,1.5573596706787305,50.0,1005.0,293.15,constant_cp_1005_J_kgK,PASS
gsB_m,275.0024108886719,50.0,2872562.772236214,5475594.637277853,1.9061705770889892,50.0,1005.0,293.15,constant_cp_1005_J_kgK,PASS
gsB_m,280.0069580078125,50.0,2664388.1246703817,5446494.497565267,2.0441820946184652,50.0,1005.0,293.15,constant_cp_1005_J_kgK,PASS
gsB_m,285.0052185058594,50.0,2818903.2854718296,6036530.853270193,2.141446598888827,50.0,1005.0,293.15,constant_cp_1005_J_kgK,PASS
gsB_m,290.00390625,50.0,2902026.026806062,5555974.782263847,1.91451583512457,50.0,1005.0,293.15,constant_cp_1005_J_kgK,PASS
gsB_m,295.0010070800781,50.0,2692985.7569924146,4954071.123735202,1.8396202471074392,50.0,1005.0,293.15,constant_cp_1005_J_kgK,PASS
gsB_m,300.0,50.0,2607512.8794920966,5581385.803721396,2.1405017200944996,50.0,1005.0,293.15,constant_cp_1005_J_kgK,PASS
gsB_m,0.0,53.5,0.0,0.0,0.0,50.0,1005.0,293.15,constant_cp_1005_J_kgK,NEAR_ZERO_C_T_REVIEW
gsB_m,5.001068592071533,53.5,3385592.5168253444,13370587.737300068,3.9492607780919857,50.0,1005.0,293.15,constant_cp_1005_J_kgK,PASS
gsB_m,10.003204345703125,53.5,3906888.098606754,7467470.381306709,1.9113601907281914,50.0,1005.0,293.15,constant_cp_1005_J_kgK,PASS
gsB_m,15.000279426574707,53.5,5107466.11803007,21617668.170839623,4.232562227779882,50.0,1005.0,293.15,constant_cp_1005_J_kgK,PASS
gsB_m,20.006793975830078,53.5,4540999.627482621,11029122.980522813,2.4287874664805886,50.0,1005.0,293.15,constant_cp_1005_J_kgK,PASS
gsB_m,25.003759384155273,53.5,5450043.5984723,15202104.74291847,2.7893547029935255,50.0,1005.0,293.15,constant_cp_1005_J_kgK,PASS
gsB_m,30.003196716308594,53.5,4404810.667212857,12661017.407573853,2.874361320865831,50.0,1005.0,293.15,constant_cp_1005_J_kgK,PASS
gsB_m,35.00564193725586,53.5,4699842.752507137,11540423.795549452,2.4554914713674614,50.0,1005.0,293.15,constant_cp_1005_J_kgK,PASS
gsB_m,40.00675582885742,53.5,4554458.834670411,12371907.170431038,2.7164384660260836,50.0,1005.0,293.15,constant_cp_1005_J_kgK,PASS
gsB_m,45.00101852416992,53.5,4133437.679288715,12376303.252869938,2.994191327689174,50.0,1005.0,293.15,constant_cp_1005_J_kgK,PASS
gsB_m,50.00727462768555,53.5,3730531.8657636666,10410675.397259958,2.7906678650307724,50.0,1005.0,293.15,constant_cp_1005_J_kgK,PASS
gsB_m,55.00128936767578,53.5,4515446.829892191,14933365.448418446,3.3071733564793155,50.0,1005.0,293.15,constant_cp_1005_J_kgK,PASS
gsB_m,60.00448989868164,53.5,4256574.905459311,12768139.071409104,2.999627483363021,50.0,1005.0,293.15,constant_cp_1005_J_kgK,PASS
gsB_m,65.0045166015625,53.5,4084983.2946630497,10786538.975306753,2.640534415256765,50.0,1005.0,293.15,constant_cp_1005_J_kgK,PASS
gsB_m,70.0008544921875,53.5,4548993.996237797,13840760.216972478,3.042598040010461,50.0,1005.0,293.15,constant_cp_1005_J_kgK,PASS
gsB_m,75.00050354003906,53.5,4756975.343520217,13710804.458181646,2.882252580278352,50.0,1005.0,293.15,constant_cp_1005_J_kgK,PASS
gsB_m,80.00723266601562,53.5,4254287.529489572,10606237.721788818,2.4930702610646884,50.0,1005.0,293.15,constant_cp_1005_J_kgK,PASS
gsB_m,85.00799560546875,53.5,4399935.312419011,14414976.6742101,3.2761792277998247,50.0,1005.0,293.15,constant_cp_1005_J_kgK,PASS
gsB_m,90.00022888183594,53.5,4021900.3537856326,11883526.474411216,2.954704350948374,50.0,1005.0,293.15,constant_cp_1005_J_kgK,PASS
gsB_m,95.0,53.5,4262900.156119773,11363524.24292269,2.6656791918077967,50.0,1005.0,293.15,constant_cp_1005_J_kgK,PASS
gsB_m,100.00123596191406,53.5,4086178.094071932,9886158.553146478,2.4194145055715826,50.0,1005.0,293.15,constant_cp_1005_J_kgK,PASS
gsB_m,105.0051498413086,53.5,4367935.574135108,11121998.07443815,2.546282536834442,50.0,1005.0,293.15,constant_cp_1005_J_kgK,PASS
gsB_m,110.00016784667969,53.5,4172107.3279989697,11061811.827579897,2.6513727854852123,50.0,1005.0,293.15,constant_cp_1005_J_kgK,PASS
gsB_m,115.00033569335938,53.5,4716174.513174782,14639971.71148124,3.104204831815281,50.0,1005.0,293.15,constant_cp_1005_J_kgK,PASS
gsB_m,120.0029296875,53.5,4414200.992088446,14001674.792629056,3.171961317059236,50.0,1005.0,293.15,constant_cp_1005_J_kgK,PASS
gsB_m,125.00102996826172,53.5,3938268.637115376,13569035.620934853,3.4454317039361806,50.0,1005.0,293.15,constant_cp_1005_J_kgK,PASS
gsB_m,130.00238037109375,53.5,3950156.4301071903,9985914.62435476,2.527979537277156,50.0,1005.0,293.15,constant_cp_1005_J_kgK,PASS
gsB_m,135.00216674804688,53.5,4260522.126703647,11297900.813612422,2.651764379487819,50.0,1005.0,293.15,constant_cp_1005_J_kgK,PASS
gsB_m,140.00196838378906,53.5,4495345.164268876,13610452.27972345,3.0276768039761977,50.0,1005.0,293.15,constant_cp_1005_J_kgK,PASS
gsB_m,145.00030517578125,53.5,4264945.906180296,11936560.41519063,2.7987600963223147,50.0,1005.0,293.15,constant_cp_1005_J_kgK,PASS
gsB_m,150.00265502929688,53.5,4487768.009003634,14345299.131556727,3.196533132456114,50.0,1005.0,293.15,constant_cp_1005_J_kgK,PASS
gsB_m,155.00711059570312,53.5,4062985.1789228665,11676324.053346826,2.8738288571464397,50.0,1005.0,293.15,constant_cp_1005_J_kgK,PASS
gsB_m,160.00521850585938,53.5,4474165.841992337,13122934.945575785,2.9330461607860663,50.0,1005.0,293.15,constant_cp_1005_J_kgK,PASS
gsB_m,165.00320434570312,53.5,3820427.9315997884,11307422.321793089,2.959726639067407,50.0,1005.0,293.15,constant_cp_1005_J_kgK,PASS
gsB_m,170.0015869140625,53.5,3874610.3471914814,10938961.9001581,2.8232418023885226,50.0,1005.0,293.15,constant_cp_1005_J_kgK,PASS
gsB_m,175.0022735595703,53.5,3772969.985618996,10699901.264272243,2.835935961604743,50.0,1005.0,293.15,constant_cp_1005_J_kgK,PASS
gsB_m,180.00082397460938,53.5,4283967.046046725,10837662.129933512,2.5298192104289368,50.0,1005.0,293.15,constant_cp_1005_J_kgK,PASS
gsB_m,185.00701904296875,53.5,4525664.095801543,12129208.572887257,2.6800947476723946,50.0,1005.0,293.15,constant_cp_1005_J_kgK,PASS
gsB_m,190.0084228515625,53.5,4249746.325721817,12749136.89207932,2.999975978545939,50.0,1005.0,293.15,constant_cp_1005_J_kgK,PASS
gsB_m,195.00022888183594,53.5,3990367.4479329237,12368029.70840206,3.0994713819673176,50.0,1005.0,293.15,constant_cp_1005_J_kgK,PASS
gsB_m,200.00015258789062,53.5,4206391.594994513,11638316.60886255,2.766817198548945,50.0,1005.0,293.15,constant_cp_1005_J_kgK,PASS
gsB_m,205.00753784179688,53.5,4179476.326258143,12434922.223892814,2.9752345158097144,50.0,1005.0,293.15,constant_cp_1005_J_kgK,PASS
gsB_m,210.00521850585938,53.5,4286253.271972503,12413864.642530229,2.8962041799311256,50.0,1005.0,293.15,constant_cp_1005_J_kgK,PASS
gsB_m,215.00587463378906,53.5,4566409.707871658,14576272.732039612,3.1920641520432937,50.0,1005.0,293.15,constant_cp_1005_J_kgK,PASS
gsB_m,220.006591796875,53.5,4128428.995275454,11443951.109040555,2.7719869040104435,50.0,1005.0,293.15,constant_cp_1005_J_kgK,PASS
gsB_m,225.0060272216797,53.5,4199221.207436205,14191246.89694558,3.3794949577352487,50.0,1005.0,293.15,constant_cp_1005_J_kgK,PASS
gsB_m,230.007080078125,53.5,4237030.654903026,12955502.430936655,3.0576843752463168,50.0,1005.0,293.15,constant_cp_1005_J_kgK,PASS
gsB_m,235.00079345703125,53.5,4297475.502956681,12689909.704897279,2.9528754023534436,50.0,1005.0,293.15,constant_cp_1005_J_kgK,PASS
gsB_m,240.00376892089844,53.5,4324150.516343099,15046561.23525056,3.479657143844132,50.0,1005.0,293.15,constant_cp_1005_J_kgK,PASS
gsB_m,245.0013427734375,53.5,4273310.150770542,12333035.507522311,2.8860614072906636,50.0,1005.0,293.15,constant_cp_1005_J_kgK,PASS
gsB_m,250.00682067871094,53.5,4193344.339037698,13888958.222403219,3.312143506342839,50.0,1005.0,293.15,constant_cp_1005_J_kgK,PASS
gsB_m,255.00527954101562,53.5,4160457.732975967,12535670.152272275,3.013050716250284,50.0,1005.0,293.15,constant_cp_1005_J_kgK,PASS
gsB_m,260.0035400390625,53.5,4342417.452518286,12607690.463721279,2.903380571209185,50.0,1005.0,293.15,constant_cp_1005_J_kgK,PASS
gsB_m,265.0000305175781,53.5,4640201.09590579,14287239.414501753,3.0790129822407644,50.0,1005.0,293.15,constant_cp_1005_J_kgK,PASS
gsB_m,270.0051574707031,53.5,4223016.7131630145,12134547.137158057,2.873431000008842,50.0,1005.0,293.15,constant_cp_1005_J_kgK,PASS
gsB_m,275.0024108886719,53.5,4293371.861949906,13996362.519651296,3.2599930706432247,50.0,1005.0,293.15,constant_cp_1005_J_kgK,PASS
gsB_m,280.0069580078125,53.5,4118920.098303277,13354963.190001989,3.2423457778419515,50.0,1005.0,293.15,constant_cp_1005_J_kgK,PASS
gsB_m,285.0052185058594,53.5,4009217.741814064,13438318.373766508,3.3518554588871057,50.0,1005.0,293.15,constant_cp_1005_J_kgK,PASS
gsB_m,290.00390625,53.5,4271398.717934647,13844561.313731795,3.2412242986358497,50.0,1005.0,293.15,constant_cp_1005_J_kgK,PASS
gsB_m,295.0010070800781,53.5,4048652.78128314,12525465.037630709,3.0937365376294403,50.0,1005.0,293.15,constant_cp_1005_J_kgK,PASS
gsB_m,300.0,53.5,3851305.4871077817,12365617.95234881,3.210760089985753,50.0,1005.0,293.15,constant_cp_1005_J_kgK,PASS
gsB_m,0.0,60.5,0.0,0.0,0.0,50.0,1005.0,293.15,constant_cp_1005_J_kgK,NEAR_ZERO_C_T_REVIEW
gsB_m,5.001068592071533,60.5,18585.606480732305,48596.67859724224,2.6147480658013387,50.0,1005.0,293.15,constant_cp_1005_J_kgK,PASS
gsB_m,10.003204345703125,60.5,5288199.232391659,17153894.92190798,3.243806477039614,50.0,1005.0,293.15,constant_cp_1005_J_kgK,PASS
gsB_m,15.000279426574707,60.5,6416650.870734524,27471038.3083878,4.281211314406941,50.0,1005.0,293.15,constant_cp_1005_J_kgK,PASS
gsB_m,20.006793975830078,60.5,7866322.464255432,29280145.974832587,3.7222153182610507,50.0,1005.0,293.15,constant_cp_1005_J_kgK,PASS
gsB_m,25.003759384155273,60.5,6490658.546654291,19774638.299707137,3.046630500983644,50.0,1005.0,293.15,constant_cp_1005_J_kgK,PASS
gsB_m,30.003196716308594,60.5,7896486.318980398,37694821.25254248,4.773619522639744,50.0,1005.0,293.15,constant_cp_1005_J_kgK,PASS
gsB_m,35.00564193725586,60.5,7152946.268690611,21625730.845715694,3.023331929721654,50.0,1005.0,293.15,constant_cp_1005_J_kgK,PASS
gsB_m,40.00675582885742,60.5,6658983.100040061,24146147.839160018,3.6261013846115255,50.0,1005.0,293.15,constant_cp_1005_J_kgK,PASS
gsB_m,45.00101852416992,60.5,6537180.6247930275,26887513.4920737,4.113013703506927,50.0,1005.0,293.15,constant_cp_1005_J_kgK,PASS
gsB_m,50.00727462768555,60.5,6276033.566772962,25881752.733766004,4.123902853354877,50.0,1005.0,293.15,constant_cp_1005_J_kgK,PASS
gsB_m,55.00128936767578,60.5,6770374.843313269,28971518.044600364,4.279160122605908,50.0,1005.0,293.15,constant_cp_1005_J_kgK,PASS
gsB_m,60.00448989868164,60.5,7354777.261128612,31204423.94760771,4.242742212266439,50.0,1005.0,293.15,constant_cp_1005_J_kgK,PASS
gsB_m,65.0045166015625,60.5,7095823.34056427,29245162.68456992,4.121461496565993,50.0,1005.0,293.15,constant_cp_1005_J_kgK,PASS
gsB_m,70.0008544921875,60.5,6491172.936986349,25905175.611530006,3.990831220028622,50.0,1005.0,293.15,constant_cp_1005_J_kgK,PASS
gsB_m,75.00050354003906,60.5,6453420.860482394,25309165.96858883,3.9218216998010824,50.0,1005.0,293.15,constant_cp_1005_J_kgK,PASS
gsB_m,80.00723266601562,60.5,6357182.063996373,26412906.325132668,4.154813572938397,50.0,1005.0,293.15,constant_cp_1005_J_kgK,PASS
gsB_m,85.00799560546875,60.5,6818427.195841544,32078992.389327854,4.704749565837169,50.0,1005.0,293.15,constant_cp_1005_J_kgK,PASS
gsB_m,90.00022888183594,60.5,6566507.110364553,27984977.58947029,4.261775266381558,50.0,1005.0,293.15,constant_cp_1005_J_kgK,PASS
gsB_m,95.0,60.5,7054932.137362336,29404274.26044058,4.167903204159538,50.0,1005.0,293.15,constant_cp_1005_J_kgK,PASS
gsB_m,100.00123596191406,60.5,6967915.804515179,26694650.800043486,3.83108113659259,50.0,1005.0,293.15,constant_cp_1005_J_kgK,PASS
gsB_m,105.0051498413086,60.5,6658459.684303003,22490140.08300196,3.37767909536516,50.0,1005.0,293.15,constant_cp_1005_J_kgK,PASS
gsB_m,110.00016784667969,60.5,6627436.056331722,23116635.24549935,3.488020864933758,50.0,1005.0,293.15,constant_cp_1005_J_kgK,PASS
gsB_m,115.00033569335938,60.5,6813613.521048363,27202864.528646708,3.9924284587924777,50.0,1005.0,293.15,constant_cp_1005_J_kgK,PASS
gsB_m,120.0029296875,60.5,7075010.047211951,29837481.66041511,4.217305906466262,50.0,1005.0,293.15,constant_cp_1005_J_kgK,PASS
gsB_m,125.00102996826172,60.5,6860387.240211995,29707730.237009585,4.3303284780891715,50.0,1005.0,293.15,constant_cp_1005_J_kgK,PASS
gsB_m,130.00238037109375,60.5,7129750.879364601,30577163.658357248,4.288672097486001,50.0,1005.0,293.15,constant_cp_1005_J_kgK,PASS
gsB_m,135.00216674804688,60.5,6692561.989806829,26773976.15476708,4.000557065522208,50.0,1005.0,293.15,constant_cp_1005_J_kgK,PASS
gsB_m,140.00196838378906,60.5,7034855.702077735,28039449.997648317,3.9857889322970617,50.0,1005.0,293.15,constant_cp_1005_J_kgK,PASS
gsB_m,145.00030517578125,60.5,6739221.761766474,27058372.413425043,4.01505891480451,50.0,1005.0,293.15,constant_cp_1005_J_kgK,PASS
gsB_m,150.00265502929688,60.5,6704212.353729387,27493053.88893308,4.100862627604475,50.0,1005.0,293.15,constant_cp_1005_J_kgK,PASS
gsB_m,155.00711059570312,60.5,6966708.00334189,29624137.68819861,4.252243337023466,50.0,1005.0,293.15,constant_cp_1005_J_kgK,PASS
gsB_m,160.00521850585938,60.5,6997690.187143756,30165312.86023625,4.310752841795759,50.0,1005.0,293.15,constant_cp_1005_J_kgK,PASS
gsB_m,165.00320434570312,60.5,6994291.539217515,28519314.96346295,4.077513040963908,50.0,1005.0,293.15,constant_cp_1005_J_kgK,PASS
gsB_m,170.0015869140625,60.5,7237983.065286509,28237150.3014359,3.9012456987999533,50.0,1005.0,293.15,constant_cp_1005_J_kgK,PASS
gsB_m,175.0022735595703,60.5,7440603.1439267285,30364127.833311677,4.080869150788656,50.0,1005.0,293.15,constant_cp_1005_J_kgK,PASS
gsB_m,180.00082397460938,60.5,7331843.417896419,28899891.050315313,3.9416950694518493,50.0,1005.0,293.15,constant_cp_1005_J_kgK,PASS
gsB_m,185.00701904296875,60.5,6937567.897469313,25190769.102391094,3.631066315268811,50.0,1005.0,293.15,constant_cp_1005_J_kgK,PASS
gsB_m,190.0084228515625,60.5,6924796.20034671,29482712.978754982,4.257556775068534,50.0,1005.0,293.15,constant_cp_1005_J_kgK,PASS
gsB_m,195.00022888183594,60.5,6825144.564547263,29344892.95311731,4.2995269441686705,50.0,1005.0,293.15,constant_cp_1005_J_kgK,PASS
gsB_m,200.00015258789062,60.5,7039019.722870995,29339197.84237133,4.168080073286794,50.0,1005.0,293.15,constant_cp_1005_J_kgK,PASS
gsB_m,205.00753784179688,60.5,5865352.085679955,23266457.701192528,3.9667623292379566,50.0,1005.0,293.15,constant_cp_1005_J_kgK,PASS
gsB_m,210.00521850585938,60.5,7088030.112533502,27324091.200886965,3.8549626295422725,50.0,1005.0,293.15,constant_cp_1005_J_kgK,PASS
gsB_m,215.00587463378906,60.5,6801880.144621439,28274030.262830712,4.156796306560663,50.0,1005.0,293.15,constant_cp_1005_J_kgK,PASS
gsB_m,220.006591796875,60.5,6747661.270929312,27818525.11600844,4.122691403591628,50.0,1005.0,293.15,constant_cp_1005_J_kgK,PASS
gsB_m,225.0060272216797,60.5,6795160.317024676,28452635.573511165,4.1871912134619675,50.0,1005.0,293.15,constant_cp_1005_J_kgK,PASS
gsB_m,230.007080078125,60.5,7089504.0270379335,30375599.6704534,4.28458740620035,50.0,1005.0,293.15,constant_cp_1005_J_kgK,PASS
gsB_m,235.00079345703125,60.5,6623497.973851621,30523603.34942107,4.6083811710855445,50.0,1005.0,293.15,constant_cp_1005_J_kgK,PASS
gsB_m,240.00376892089844,60.5,7345938.259584512,32156366.955728512,4.3774349605747,50.0,1005.0,293.15,constant_cp_1005_J_kgK,PASS
gsB_m,245.0013427734375,60.5,7192034.327602556,31150975.227194853,4.3313162602185376,50.0,1005.0,293.15,constant_cp_1005_J_kgK,PASS
gsB_m,250.00682067871094,60.5,6546774.1197638335,27150803.191157416,4.147203293480491,50.0,1005.0,293.15,constant_cp_1005_J_kgK,PASS
gsB_m,255.00527954101562,60.5,7123109.649078354,31053065.49705213,4.359481606614047,50.0,1005.0,293.15,constant_cp_1005_J_kgK,PASS
gsB_m,260.0035400390625,60.5,6796676.008228315,26605513.778161976,3.914489045226273,50.0,1005.0,293.15,constant_cp_1005_J_kgK,PASS
gsB_m,265.0000305175781,60.5,6670618.874189838,24150853.910223834,3.6204817522507624,50.0,1005.0,293.15,constant_cp_1005_J_kgK,PASS
gsB_m,270.0051574707031,60.5,6907086.27721677,25219089.62169475,3.651190764024574,50.0,1005.0,293.15,constant_cp_1005_J_kgK,PASS
gsB_m,275.0024108886719,60.5,7124762.592334097,27323033.981972873,3.8349395685648733,50.0,1005.0,293.15,constant_cp_1005_J_kgK,PASS
gsB_m,280.0069580078125,60.5,6562582.974767027,27419628.739222188,4.178176313297675,50.0,1005.0,293.15,constant_cp_1005_J_kgK,PASS
gsB_m,285.0052185058594,60.5,6798338.132533128,29345631.32581769,4.316588959496666,50.0,1005.0,293.15,constant_cp_1005_J_kgK,PASS
gsB_m,290.00390625,60.5,6788794.157476986,27824315.454970352,4.098565195753569,50.0,1005.0,293.15,constant_cp_1005_J_kgK,PASS
gsB_m,295.0010070800781,60.5,6881163.840960037,29331448.11613086,4.262570808376309,50.0,1005.0,293.15,constant_cp_1005_J_kgK,PASS
gsB_m,300.0,60.5,6723574.261177737,30209179.53692728,4.4930238536006994,50.0,1005.0,293.15,constant_cp_1005_J_kgK,PASS
gsB_m,0.0,71.0,0.0,0.0,0.0,50.0,1005.0,293.15,constant_cp_1005_J_kgK,NEAR_ZERO_C_T_REVIEW
gsB_m,5.001068592071533,71.0,1079.7305330659556,2927.9920905947533,2.711780394204324,50.0,1005.0,293.15,constant_cp_1005_J_kgK,PASS
gsB_m,10.003204345703125,71.0,1949481.8657876062,7095373.437287615,3.6396201276901974,50.0,1005.0,293.15,constant_cp_1005_J_kgK,PASS
gsB_m,15.000279426574707,71.0,3195516.2501670476,17298834.852843042,5.413471094674837,50.0,1005.0,293.15,constant_cp_1005_J_kgK,PASS
gsB_m,20.006793975830078,71.0,6400636.184279384,23061307.102131575,3.602971085713713,50.0,1005.0,293.15,constant_cp_1005_J_kgK,PASS
gsB_m,25.003759384155273,71.0,6536003.221085131,21972779.68308627,3.3618067402724234,50.0,1005.0,293.15,constant_cp_1005_J_kgK,PASS
gsB_m,30.003196716308594,71.0,7172519.40693493,34353359.63562943,4.789580576444871,50.0,1005.0,293.15,constant_cp_1005_J_kgK,PASS
gsB_m,35.00564193725586,71.0,6711708.873560114,21646294.95583205,3.2251540350781234,50.0,1005.0,293.15,constant_cp_1005_J_kgK,PASS
gsB_m,40.00675582885742,71.0,6815274.945831364,24740475.92656926,3.630150819036587,50.0,1005.0,293.15,constant_cp_1005_J_kgK,PASS
gsB_m,45.00101852416992,71.0,6745249.8231464755,26854702.527032927,3.9812761915623067,50.0,1005.0,293.15,constant_cp_1005_J_kgK,PASS
gsB_m,50.00727462768555,71.0,6681089.602493241,27789584.124941286,4.159438920647134,50.0,1005.0,293.15,constant_cp_1005_J_kgK,PASS
gsB_m,55.00128936767578,71.0,6856518.475010933,29903698.986131534,4.361353228335587,50.0,1005.0,293.15,constant_cp_1005_J_kgK,PASS
gsB_m,60.00448989868164,71.0,6708963.8494926505,26444960.98197059,3.9417355012235493,50.0,1005.0,293.15,constant_cp_1005_J_kgK,PASS
gsB_m,65.0045166015625,71.0,6635375.877312385,26489071.25470411,3.9920980731890854,50.0,1005.0,293.15,constant_cp_1005_J_kgK,PASS
gsB_m,70.0008544921875,71.0,6741054.846717992,27489282.371718463,4.077890329745964,50.0,1005.0,293.15,constant_cp_1005_J_kgK,PASS
gsB_m,75.00050354003906,71.0,6740134.071002744,27850324.53594561,4.132013435127746,50.0,1005.0,293.15,constant_cp_1005_J_kgK,PASS
gsB_m,80.00723266601562,71.0,6978730.954548647,28906411.927080348,4.142072837503432,50.0,1005.0,293.15,constant_cp_1005_J_kgK,PASS
gsB_m,85.00799560546875,71.0,7012482.77741929,31349005.164936095,4.4704573486985515,50.0,1005.0,293.15,constant_cp_1005_J_kgK,PASS
gsB_m,90.00022888183594,71.0,6562863.405181733,28590499.7425829,4.356406339344067,50.0,1005.0,293.15,constant_cp_1005_J_kgK,PASS
gsB_m,95.0,71.0,6863457.265329041,28016234.22555536,4.081941963430034,50.0,1005.0,293.15,constant_cp_1005_J_kgK,PASS
gsB_m,100.00123596191406,71.0,6564799.345708688,24895909.319791175,3.7923336279981292,50.0,1005.0,293.15,constant_cp_1005_J_kgK,PASS
gsB_m,105.0051498413086,71.0,6662180.582688449,22817351.409376442,3.424907374721559,50.0,1005.0,293.15,constant_cp_1005_J_kgK,PASS
gsB_m,110.00016784667969,71.0,6573039.01165657,23143256.619746663,3.52093705494591,50.0,1005.0,293.15,constant_cp_1005_J_kgK,PASS
gsB_m,115.00033569335938,71.0,7188064.642714292,27999675.08668314,3.895300957687291,50.0,1005.0,293.15,constant_cp_1005_J_kgK,PASS
gsB_m,120.0029296875,71.0,7121979.2267825045,29050065.20600282,4.078931471290848,50.0,1005.0,293.15,constant_cp_1005_J_kgK,PASS
gsB_m,125.00102996826172,71.0,6578795.602720799,29111882.849126182,4.425108273174857,50.0,1005.0,293.15,constant_cp_1005_J_kgK,PASS
gsB_m,130.00238037109375,71.0,7011567.841131574,28524906.300057143,4.0682636104186365,50.0,1005.0,293.15,constant_cp_1005_J_kgK,PASS
gsB_m,135.00216674804688,71.0,7158479.793118738,28205386.839363135,3.9401364052848544,50.0,1005.0,293.15,constant_cp_1005_J_kgK,PASS
gsB_m,140.00196838378906,71.0,6810950.7790460475,27637919.14135518,4.0578650526125495,50.0,1005.0,293.15,constant_cp_1005_J_kgK,PASS
gsB_m,145.00030517578125,71.0,7085445.671554027,28863253.884233817,4.073597515553787,50.0,1005.0,293.15,constant_cp_1005_J_kgK,PASS
gsB_m,150.00265502929688,71.0,7019562.848442653,28876495.612729914,4.113717084125316,50.0,1005.0,293.15,constant_cp_1005_J_kgK,PASS
gsB_m,155.00711059570312,71.0,6898366.436869616,28158218.001248926,4.08186753471837,50.0,1005.0,293.15,constant_cp_1005_J_kgK,PASS
gsB_m,160.00521850585938,71.0,6917619.611487696,28531935.14048329,4.124530798585966,50.0,1005.0,293.15,constant_cp_1005_J_kgK,PASS
gsB_m,165.00320434570312,71.0,6455834.862121969,25596288.416017473,3.9648301052738235,50.0,1005.0,293.15,constant_cp_1005_J_kgK,PASS
gsB_m,170.0015869140625,71.0,6430964.244211578,24549211.21690025,3.817345313184824,50.0,1005.0,293.15,constant_cp_1005_J_kgK,PASS
gsB_m,175.0022735595703,71.0,6379624.190241545,25521707.187063523,4.000503231225164,50.0,1005.0,293.15,constant_cp_1005_J_kgK,PASS
gsB_m,180.00082397460938,71.0,6828049.834623303,25166198.86426892,3.685708141240787,50.0,1005.0,293.15,constant_cp_1005_J_kgK,PASS
gsB_m,185.00701904296875,71.0,6821293.71902407,25692890.294181027,3.7665714675979287,50.0,1005.0,293.15,constant_cp_1005_J_kgK,PASS
gsB_m,190.0084228515625,71.0,7007053.497966059,29467553.568090938,4.205412956622138,50.0,1005.0,293.15,constant_cp_1005_J_kgK,PASS
gsB_m,195.00022888183594,71.0,7009223.437899616,28907902.27625438,4.1242660520630965,50.0,1005.0,293.15,constant_cp_1005_J_kgK,PASS
gsB_m,200.00015258789062,71.0,6721528.964989521,26524206.884663355,3.9461567483857007,50.0,1005.0,293.15,constant_cp_1005_J_kgK,PASS
gsB_m,205.00753784179688,71.0,7158993.158659924,29646221.238384552,4.141116017483939,50.0,1005.0,293.15,constant_cp_1005_J_kgK,PASS
gsB_m,210.00521850585938,71.0,7115507.359453245,26994997.8708261,3.7938261471913353,50.0,1005.0,293.15,constant_cp_1005_J_kgK,PASS
gsB_m,215.00587463378906,71.0,7251100.264000038,30850910.67532776,4.254652335797242,50.0,1005.0,293.15,constant_cp_1005_J_kgK,PASS
gsB_m,220.006591796875,71.0,6910629.266211619,28609053.13810463,4.1398622377246985,50.0,1005.0,293.15,constant_cp_1005_J_kgK,PASS
gsB_m,225.0060272216797,71.0,6769647.344881332,27937032.853063457,4.126807709442533,50.0,1005.0,293.15,constant_cp_1005_J_kgK,PASS
gsB_m,230.007080078125,71.0,7387298.943748774,31741191.62050947,4.296724941308794,50.0,1005.0,293.15,constant_cp_1005_J_kgK,PASS
gsB_m,235.00079345703125,71.0,6692204.8040545685,29850967.099156886,4.460557913749329,50.0,1005.0,293.15,constant_cp_1005_J_kgK,PASS
gsB_m,240.00376892089844,71.0,7101732.607431602,30569368.040205605,4.304494372009489,50.0,1005.0,293.15,constant_cp_1005_J_kgK,PASS
gsB_m,245.0013427734375,71.0,7226121.903462829,30085135.79841257,4.163386142710307,50.0,1005.0,293.15,constant_cp_1005_J_kgK,PASS
gsB_m,250.00682067871094,71.0,6948108.880791839,28923509.880125917,4.16278880719406,50.0,1005.0,293.15,constant_cp_1005_J_kgK,PASS
gsB_m,255.00527954101562,71.0,6954289.531762729,29172173.242327504,4.19484594495063,50.0,1005.0,293.15,constant_cp_1005_J_kgK,PASS
gsB_m,260.0035400390625,71.0,6754901.310034601,27706400.691906437,4.101673647066875,50.0,1005.0,293.15,constant_cp_1005_J_kgK,PASS
gsB_m,265.0000305175781,71.0,6984184.144794209,27097553.173937555,3.8798451776411444,50.0,1005.0,293.15,constant_cp_1005_J_kgK,PASS
gsB_m,270.0051574707031,71.0,7069131.046280732,26159436.663546108,3.7005165829128766,50.0,1005.0,293.15,constant_cp_1005_J_kgK,PASS
gsB_m,275.0024108886719,71.0,6920508.790136637,27895603.037402473,4.030860140971182,50.0,1005.0,293.15,constant_cp_1005_J_kgK,PASS
gsB_m,280.0069580078125,71.0,6933580.277895093,30060589.252929404,4.335507493692024,50.0,1005.0,293.15,constant_cp_1005_J_kgK,PASS
gsB_m,285.0052185058594,71.0,7044127.030184493,30745300.67694446,4.364671526393414,50.0,1005.0,293.15,constant_cp_1005_J_kgK,PASS
gsB_m,290.00390625,71.0,6746416.762821307,29611614.66106928,4.389235901383284,50.0,1005.0,293.15,constant_cp_1005_J_kgK,PASS
gsB_m,295.0010070800781,71.0,6794021.435430327,28755227.283270277,4.232431050822692,50.0,1005.0,293.15,constant_cp_1005_J_kgK,PASS
gsB_m,300.0,71.0,6860209.198278228,30961931.8036737,4.5132635038949696,50.0,1005.0,293.15,constant_cp_1005_J_kgK,PASS
gsB_m,0.0,78.0,0.0,0.0,0.0,50.0,1005.0,293.15,constant_cp_1005_J_kgK,NEAR_ZERO_C_T_REVIEW
gsB_m,5.001068592071533,78.0,134.13697742294775,367.7488981891217,2.7415922533190074,50.0,1005.0,293.15,constant_cp_1005_J_kgK,PASS
gsB_m,10.003204345703125,78.0,1817357.0600089752,6826968.732339858,3.756536831736378,50.0,1005.0,293.15,constant_cp_1005_J_kgK,PASS
gsB_m,15.000279426574707,78.0,3718173.8068259577,22905607.703180365,6.16044566317191,50.0,1005.0,293.15,constant_cp_1005_J_kgK,PASS
gsB_m,20.006793975830078,78.0,5152201.972630264,20832770.910198912,4.043469378892286,50.0,1005.0,293.15,constant_cp_1005_J_kgK,PASS
gsB_m,25.003759384155273,78.0,6384895.443978436,22830103.754046194,3.5756425386068225,50.0,1005.0,293.15,constant_cp_1005_J_kgK,PASS
gsB_m,30.003196716308594,78.0,6102490.648556938,28671465.76800776,4.698321950692005,50.0,1005.0,293.15,constant_cp_1005_J_kgK,PASS
gsB_m,35.00564193725586,78.0,6840248.230219191,22276696.148612726,3.2567087332002984,50.0,1005.0,293.15,constant_cp_1005_J_kgK,PASS
gsB_m,40.00675582885742,78.0,6633191.011594563,24214365.304690685,3.6504851529776396,50.0,1005.0,293.15,constant_cp_1005_J_kgK,PASS
gsB_m,45.00101852416992,78.0,6692160.239522815,26335865.335914973,3.9353309534310927,50.0,1005.0,293.15,constant_cp_1005_J_kgK,PASS
gsB_m,50.00727462768555,78.0,6396767.58385388,26932372.064458635,4.2103096151935855,50.0,1005.0,293.15,constant_cp_1005_J_kgK,PASS
gsB_m,55.00128936767578,78.0,6491430.532913528,28051671.61161397,4.3213389513118035,50.0,1005.0,293.15,constant_cp_1005_J_kgK,PASS
gsB_m,60.00448989868164,78.0,6684168.145659311,27006634.441454068,4.040388250704336,50.0,1005.0,293.15,constant_cp_1005_J_kgK,PASS
gsB_m,65.0045166015625,78.0,6887320.745176683,27426634.59287329,3.9821921480977434,50.0,1005.0,293.15,constant_cp_1005_J_kgK,PASS
gsB_m,70.0008544921875,78.0,6394588.550822377,25916912.3713993,4.052944480386661,50.0,1005.0,293.15,constant_cp_1005_J_kgK,PASS
gsB_m,75.00050354003906,78.0,6555081.4170367345,27018016.745483395,4.121690491175784,50.0,1005.0,293.15,constant_cp_1005_J_kgK,PASS
gsB_m,80.00723266601562,78.0,6658192.150875998,27553388.78841965,4.13826879189639,50.0,1005.0,293.15,constant_cp_1005_J_kgK,PASS
gsB_m,85.00799560546875,78.0,6478402.652016362,28155075.639377054,4.345990385548814,50.0,1005.0,293.15,constant_cp_1005_J_kgK,PASS
gsB_m,90.00022888183594,78.0,6638280.620105265,28257855.59734924,4.256803412583234,50.0,1005.0,293.15,constant_cp_1005_J_kgK,PASS
gsB_m,95.0,78.0,6690898.63107878,28002400.510943584,4.185147923310972,50.0,1005.0,293.15,constant_cp_1005_J_kgK,PASS
gsB_m,100.00123596191406,78.0,7126358.531976432,27256832.06746645,3.824791012852255,50.0,1005.0,293.15,constant_cp_1005_J_kgK,PASS
gsB_m,105.0051498413086,78.0,6599188.37195247,22776550.989530258,3.4514170085421374,50.0,1005.0,293.15,constant_cp_1005_J_kgK,PASS
gsB_m,110.00016784667969,78.0,6926526.749078456,24093903.657148678,3.4784971645932448,50.0,1005.0,293.15,constant_cp_1005_J_kgK,PASS
gsB_m,115.00033569335938,78.0,6674517.303370104,25270669.869265877,3.7861419366620237,50.0,1005.0,293.15,constant_cp_1005_J_kgK,PASS
gsB_m,120.0029296875,78.0,6593995.820093338,25832898.640674815,3.9176395232093344,50.0,1005.0,293.15,constant_cp_1005_J_kgK,PASS
gsB_m,125.00102996826172,78.0,6327774.707310325,27898670.516927812,4.408922853194687,50.0,1005.0,293.15,constant_cp_1005_J_kgK,PASS
gsB_m,130.00238037109375,78.0,6708064.556366937,27984139.176486716,4.171715841632094,50.0,1005.0,293.15,constant_cp_1005_J_kgK,PASS
gsB_m,135.00216674804688,78.0,6510400.251382424,25065885.670361456,3.8501297466371507,50.0,1005.0,293.15,constant_cp_1005_J_kgK,PASS
gsB_m,140.00196838378906,78.0,6722373.364171519,26992367.297920164,4.015303202553785,50.0,1005.0,293.15,constant_cp_1005_J_kgK,PASS
gsB_m,145.00030517578125,78.0,6772504.464139661,27233932.775019024,4.021249881668208,50.0,1005.0,293.15,constant_cp_1005_J_kgK,PASS
gsB_m,150.00265502929688,78.0,6817744.875895164,28479726.325510025,4.177294229093701,50.0,1005.0,293.15,constant_cp_1005_J_kgK,PASS
gsB_m,155.00711059570312,78.0,6630387.58717629,27250208.063959524,4.109896699955164,50.0,1005.0,293.15,constant_cp_1005_J_kgK,PASS
gsB_m,160.00521850585938,78.0,6666469.992422493,27640422.301317364,4.146185662387307,50.0,1005.0,293.15,constant_cp_1005_J_kgK,PASS
gsB_m,165.00320434570312,78.0,6950113.92608986,28642109.034671113,4.121099213518243,50.0,1005.0,293.15,constant_cp_1005_J_kgK,PASS
gsB_m,170.0015869140625,78.0,7024351.614193212,28125790.053746454,4.004040742624024,50.0,1005.0,293.15,constant_cp_1005_J_kgK,PASS
gsB_m,175.0022735595703,78.0,6806723.749308055,27486960.978364937,4.038207218437379,50.0,1005.0,293.15,constant_cp_1005_J_kgK,PASS
gsB_m,180.00082397460938,78.0,6991161.576362001,25928976.18332555,3.708822332328105,50.0,1005.0,293.15,constant_cp_1005_J_kgK,PASS
gsB_m,185.00701904296875,78.0,7126071.6000226475,26778397.66014926,3.7578064273258427,50.0,1005.0,293.15,constant_cp_1005_J_kgK,PASS
gsB_m,190.0084228515625,78.0,6760066.557526741,27763939.272333995,4.107051171178378,50.0,1005.0,293.15,constant_cp_1005_J_kgK,PASS
gsB_m,195.00022888183594,78.0,6630099.138531391,26552162.697189584,4.0047912018207095,50.0,1005.0,293.15,constant_cp_1005_J_kgK,PASS
gsB_m,200.00015258789062,78.0,6980317.2234712355,28260236.227795955,4.048560448337683,50.0,1005.0,293.15,constant_cp_1005_J_kgK,PASS
gsB_m,205.00753784179688,78.0,6507193.847482839,26066436.075751543,4.005787546322253,50.0,1005.0,293.15,constant_cp_1005_J_kgK,PASS
gsB_m,210.00521850585938,78.0,6593212.478626876,24634080.67508758,3.7362789012099227,50.0,1005.0,293.15,constant_cp_1005_J_kgK,PASS
gsB_m,215.00587463378906,78.0,6531261.801294655,27404613.46670127,4.195914097528445,50.0,1005.0,293.15,constant_cp_1005_J_kgK,PASS
gsB_m,220.006591796875,78.0,6617393.8029876165,27091812.58464638,4.094030579291652,50.0,1005.0,293.15,constant_cp_1005_J_kgK,PASS
gsB_m,225.0060272216797,78.0,6638811.646014355,27047117.362753592,4.074090184346692,50.0,1005.0,293.15,constant_cp_1005_J_kgK,PASS
gsB_m,230.007080078125,78.0,6727899.290024258,28690515.474604525,4.264409177043593,50.0,1005.0,293.15,constant_cp_1005_J_kgK,PASS
gsB_m,235.00079345703125,78.0,6712608.835027613,29368330.921583198,4.375099405216926,50.0,1005.0,293.15,constant_cp_1005_J_kgK,PASS
gsB_m,240.00376892089844,78.0,6521418.850280382,27088239.93271881,4.153734111335936,50.0,1005.0,293.15,constant_cp_1005_J_kgK,PASS
gsB_m,245.0013427734375,78.0,6770066.870066196,27654195.548414253,4.0847743573534085,50.0,1005.0,293.15,constant_cp_1005_J_kgK,PASS
gsB_m,250.00682067871094,78.0,6586519.1016456615,27378481.536350057,4.156745181154862,50.0,1005.0,293.15,constant_cp_1005_J_kgK,PASS
gsB_m,255.00527954101562,78.0,6543428.470842706,26776203.760486476,4.092075565554101,50.0,1005.0,293.15,constant_cp_1005_J_kgK,PASS
gsB_m,260.0035400390625,78.0,6877769.801180536,28028686.938143156,4.0752580776012834,50.0,1005.0,293.15,constant_cp_1005_J_kgK,PASS
gsB_m,265.0000305175781,78.0,6684389.077551765,25504639.885219283,3.8155528634429294,50.0,1005.0,293.15,constant_cp_1005_J_kgK,PASS
gsB_m,270.0051574707031,78.0,6581825.49308501,23929624.617634017,3.6357124087800456,50.0,1005.0,293.15,constant_cp_1005_J_kgK,PASS
gsB_m,275.0024108886719,78.0,6697397.882099865,25628617.813289523,3.8266530172542272,50.0,1005.0,293.15,constant_cp_1005_J_kgK,PASS
gsB_m,280.0069580078125,78.0,6609043.82843717,28046984.40896789,4.24372800923006,50.0,1005.0,293.15,constant_cp_1005_J_kgK,PASS
gsB_m,285.0052185058594,78.0,7026522.4964127485,31314435.428149976,4.456605019643349,50.0,1005.0,293.15,constant_cp_1005_J_kgK,PASS
gsB_m,290.00390625,78.0,6766192.432625784,29408805.284517664,4.346433474565675,50.0,1005.0,293.15,constant_cp_1005_J_kgK,PASS
gsB_m,295.0010070800781,78.0,7117098.092781862,30369225.303481318,4.267079771498679,50.0,1005.0,293.15,constant_cp_1005_J_kgK,PASS
gsB_m,300.0,78.0,6620221.003340593,29693063.39960316,4.485207273989781,50.0,1005.0,293.15,constant_cp_1005_J_kgK,PASS
gsB_m,0.0,85.0,0.0,0.0,0.0,50.0,1005.0,293.15,constant_cp_1005_J_kgK,NEAR_ZERO_C_T_REVIEW
gsB_m,5.001068592071533,85.0,2.9071049575020425,7.699271904831026,2.648432724217245,50.0,1005.0,293.15,constant_cp_1005_J_kgK,PASS
gsB_m,10.003204345703125,85.0,2939.1312895788947,6432.459566324373,2.188558091681504,50.0,1005.0,293.15,constant_cp_1005_J_kgK,PASS
gsB_m,15.000279426574707,85.0,2640914.345609894,15934164.224221809,6.033578578839504,50.0,1005.0,293.15,constant_cp_1005_J_kgK,PASS
gsB_m,20.006793975830078,85.0,3750554.8849609247,17494574.390348203,4.664529630135107,50.0,1005.0,293.15,constant_cp_1005_J_kgK,PASS
gsB_m,25.003759384155273,85.0,5499105.237273405,19475508.58795961,3.541577719944864,50.0,1005.0,293.15,constant_cp_1005_J_kgK,PASS
gsB_m,30.003196716308594,85.0,6367863.808042243,30754710.732318517,4.829674700874898,50.0,1005.0,293.15,constant_cp_1005_J_kgK,PASS
gsB_m,35.00564193725586,85.0,6358746.160218628,19376803.712144446,3.0472680028287567,50.0,1005.0,293.15,constant_cp_1005_J_kgK,PASS
gsB_m,40.00675582885742,85.0,6516216.859443415,23539340.03016685,3.612424285120779,50.0,1005.0,293.15,constant_cp_1005_J_kgK,PASS
gsB_m,45.00101852416992,85.0,6519100.597378671,25678348.53909957,3.9389403730669263,50.0,1005.0,293.15,constant_cp_1005_J_kgK,PASS
gsB_m,50.00727462768555,85.0,6356598.530370573,26591774.615448717,4.183333977818241,50.0,1005.0,293.15,constant_cp_1005_J_kgK,PASS
gsB_m,55.00128936767578,85.0,6318497.850810529,26975045.772868235,4.269218160675311,50.0,1005.0,293.15,constant_cp_1005_J_kgK,PASS
gsB_m,60.00448989868164,85.0,6407691.880656546,25169476.997654878,3.928009877259572,50.0,1005.0,293.15,constant_cp_1005_J_kgK,PASS
gsB_m,65.0045166015625,85.0,6581305.57330931,26222371.30091056,3.9843722508883648,50.0,1005.0,293.15,constant_cp_1005_J_kgK,PASS
gsB_m,70.0008544921875,85.0,6491651.515519332,26517885.159080666,4.084921240101292,50.0,1005.0,293.15,constant_cp_1005_J_kgK,PASS
gsB_m,75.00050354003906,85.0,6559076.257263703,27173976.36305488,4.142957833881205,50.0,1005.0,293.15,constant_cp_1005_J_kgK,PASS
gsB_m,80.00723266601562,85.0,6551544.906648714,26847794.577813793,4.097933382181019,50.0,1005.0,293.15,constant_cp_1005_J_kgK,PASS
gsB_m,85.00799560546875,85.0,6474736.726529834,27430476.99791956,4.236539361596723,50.0,1005.0,293.15,constant_cp_1005_J_kgK,PASS
gsB_m,90.00022888183594,85.0,6377170.531803174,27013591.688350994,4.235983898130567,50.0,1005.0,293.15,constant_cp_1005_J_kgK,PASS
gsB_m,95.0,85.0,6465024.205238241,26636722.3673795,4.120127244967974,50.0,1005.0,293.15,constant_cp_1005_J_kgK,PASS
gsB_m,100.00123596191406,85.0,6633361.604652182,24440077.718689635,3.6844181239191074,50.0,1005.0,293.15,constant_cp_1005_J_kgK,PASS
gsB_m,105.0051498413086,85.0,6387191.239712674,21150178.031237535,3.31134253499962,50.0,1005.0,293.15,constant_cp_1005_J_kgK,PASS
gsB_m,110.00016784667969,85.0,6671374.410883831,22435069.42134917,3.3628856723658154,50.0,1005.0,293.15,constant_cp_1005_J_kgK,PASS
gsB_m,115.00033569335938,85.0,6574967.592740658,24553300.105739474,3.734360627548716,50.0,1005.0,293.15,constant_cp_1005_J_kgK,PASS
gsB_m,120.0029296875,85.0,6479788.236437416,24922650.251259305,3.8462136943169245,50.0,1005.0,293.15,constant_cp_1005_J_kgK,PASS
gsB_m,125.00102996826172,85.0,6675502.305578423,29992188.637204368,4.492873684148265,50.0,1005.0,293.15,constant_cp_1005_J_kgK,PASS
gsB_m,130.00238037109375,85.0,6305904.540251127,25352542.014541693,4.02044494215132,50.0,1005.0,293.15,constant_cp_1005_J_kgK,PASS
gsB_m,135.00216674804688,85.0,6552996.3610041775,24688790.329218417,3.7675574606049556,50.0,1005.0,293.15,constant_cp_1005_J_kgK,PASS
gsB_m,140.00196838378906,85.0,6715574.808538108,26825573.668797847,3.9945312849008996,50.0,1005.0,293.15,constant_cp_1005_J_kgK,PASS
gsB_m,145.00030517578125,85.0,6323886.502921721,25474430.931443024,4.028287180624366,50.0,1005.0,293.15,constant_cp_1005_J_kgK,PASS
gsB_m,150.00265502929688,85.0,6537808.858169509,26800117.520704217,4.099250697305925,50.0,1005.0,293.15,constant_cp_1005_J_kgK,PASS
gsB_m,155.00711059570312,85.0,6485869.56701987,26760489.211557403,4.125967834387598,50.0,1005.0,293.15,constant_cp_1005_J_kgK,PASS
gsB_m,160.00521850585938,85.0,6602387.144131332,26978549.812620092,4.086181137772348,50.0,1005.0,293.15,constant_cp_1005_J_kgK,PASS
gsB_m,165.00320434570312,85.0,6666609.233861612,26639816.20725865,3.9960068563712134,50.0,1005.0,293.15,constant_cp_1005_J_kgK,PASS
gsB_m,170.0015869140625,85.0,6668259.337809613,26019954.417923797,3.902060957705766,50.0,1005.0,293.15,constant_cp_1005_J_kgK,PASS
gsB_m,175.0022735595703,85.0,6802692.069006408,26850170.983231485,3.946991971834642,50.0,1005.0,293.15,constant_cp_1005_J_kgK,PASS
gsB_m,180.00082397460938,85.0,6402962.583904121,23387964.24579373,3.6526785748501482,50.0,1005.0,293.15,constant_cp_1005_J_kgK,PASS
gsB_m,185.00701904296875,85.0,6651352.129794696,24464619.544652626,3.6781422885526522,50.0,1005.0,293.15,constant_cp_1005_J_kgK,PASS
gsB_m,190.0084228515625,85.0,6593423.593885791,27346061.36682765,4.147475280093665,50.0,1005.0,293.15,constant_cp_1005_J_kgK,PASS
gsB_m,195.00022888183594,85.0,6630915.917664481,26561929.74860135,4.0057708585689475,50.0,1005.0,293.15,constant_cp_1005_J_kgK,PASS
gsB_m,200.00015258789062,85.0,6468326.201512609,25761761.608189687,3.982755477323536,50.0,1005.0,293.15,constant_cp_1005_J_kgK,PASS
gsB_m,205.00753784179688,85.0,6553651.42670151,26574099.916908123,4.05485403276674,50.0,1005.0,293.15,constant_cp_1005_J_kgK,PASS
gsB_m,210.00521850585938,85.0,7029885.4629672915,25933691.53830707,3.689063168229848,50.0,1005.0,293.15,constant_cp_1005_J_kgK,PASS
gsB_m,215.00587463378906,85.0,6627305.352886109,27553868.084284715,4.157627665712633,50.0,1005.0,293.15,constant_cp_1005_J_kgK,PASS
gsB_m,220.006591796875,85.0,6637597.216137839,27075300.900403954,4.079081634326408,50.0,1005.0,293.15,constant_cp_1005_J_kgK,PASS
gsB_m,225.0060272216797,85.0,6663241.9475059975,26179921.51127041,3.9290065883123693,50.0,1005.0,293.15,constant_cp_1005_J_kgK,PASS
gsB_m,230.007080078125,85.0,6812098.480790133,28845018.420300312,4.234380712733705,50.0,1005.0,293.15,constant_cp_1005_J_kgK,PASS
gsB_m,235.00079345703125,85.0,6695334.116311787,29606306.474285085,4.421931147865419,50.0,1005.0,293.15,constant_cp_1005_J_kgK,PASS
gsB_m,240.00376892089844,85.0,6505274.767602452,26970176.925553456,4.145893584675353,50.0,1005.0,293.15,constant_cp_1005_J_kgK,PASS
gsB_m,245.0013427734375,85.0,6646478.964148652,27304132.854052752,4.108059771396589,50.0,1005.0,293.15,constant_cp_1005_J_kgK,PASS
gsB_m,250.00682067871094,85.0,7158548.104960507,29304209.123359166,4.0935967313054515,50.0,1005.0,293.15,constant_cp_1005_J_kgK,PASS
gsB_m,255.00527954101562,85.0,6668147.314600584,27088974.666046962,4.062443942522521,50.0,1005.0,293.15,constant_cp_1005_J_kgK,PASS
gsB_m,260.0035400390625,85.0,6583270.691022309,26585056.83628825,4.03827490680926,50.0,1005.0,293.15,constant_cp_1005_J_kgK,PASS
gsB_m,265.0000305175781,85.0,6524925.658924554,24987721.162783757,3.8295794418142477,50.0,1005.0,293.15,constant_cp_1005_J_kgK,PASS
gsB_m,270.0051574707031,85.0,6593647.538797727,23919220.312405556,3.6276158486880448,50.0,1005.0,293.15,constant_cp_1005_J_kgK,PASS
gsB_m,275.0024108886719,85.0,6922802.67249083,27005101.053246677,3.9008913486089902,50.0,1005.0,293.15,constant_cp_1005_J_kgK,PASS
gsB_m,280.0069580078125,85.0,6380603.159695016,27051055.23352301,4.23957650342511,50.0,1005.0,293.15,constant_cp_1005_J_kgK,PASS
gsB_m,285.0052185058594,85.0,6696718.52175913,29339805.814074785,4.381221297975003,50.0,1005.0,293.15,constant_cp_1005_J_kgK,PASS
gsB_m,290.00390625,85.0,6867927.095178132,30068440.02579441,4.378095400416379,50.0,1005.0,293.15,constant_cp_1005_J_kgK,PASS
gsB_m,295.0010070800781,85.0,6690322.787774066,28683962.3626201,4.287380934001769,50.0,1005.0,293.15,constant_cp_1005_J_kgK,PASS
gsB_m,300.0,85.0,6868439.189929772,30326476.325210884,4.415337384026684,50.0,1005.0,293.15,constant_cp_1005_J_kgK,PASS
gsC_c,0.0,15.0,0.0,0.0,0.0,50.0,1005.0,293.15,constant_cp_1005_J_kgK,NEAR_ZERO_C_T_REVIEW
gsC_c,5.008182525634766,15.0,-5.941400957156375,-10.925918508552336,1.838946501927832,50.0,1005.0,293.15,constant_cp_1005_J_kgK,PASS
gsC_c,10.00052547454834,15.0,17.548782339485527,77.1123113008344,4.394168769358668,50.0,1005.0,293.15,constant_cp_1005_J_kgK,PASS
gsC_c,15.005416870117188,15.0,17.26121445016517,76.52210031206738,4.4331817166492575,50.0,1005.0,293.15,constant_cp_1005_J_kgK,PASS
gsC_c,20.014389038085938,15.0,-4.120015979642915,-21.504706050337766,5.219568601523247,50.0,1005.0,293.15,constant_cp_1005_J_kgK,PASS
gsC_c,25.00426483154297,15.0,30.338290757309352,132.59319701623033,4.370490021093703,50.0,1005.0,293.15,constant_cp_1005_J_kgK,PASS
gsC_c,30.006431579589844,15.0,44.6920648975815,204.6100845382347,4.578219534106354,50.0,1005.0,293.15,constant_cp_1005_J_kgK,PASS
gsC_c,35.0043830871582,15.0,5.873702804314078,19.976264087626774,3.400966094088685,50.0,1005.0,293.15,constant_cp_1005_J_kgK,PASS
gsC_c,40.00912094116211,15.0,39.86562956812335,161.98496476180404,4.063273715041599,50.0,1005.0,293.15,constant_cp_1005_J_kgK,PASS
gsC_c,45.00844192504883,15.0,22.533425954478545,100.37873203016116,4.454659146305096,50.0,1005.0,293.15,constant_cp_1005_J_kgK,PASS
gsC_c,50.00811767578125,15.0,19.024384556908274,79.55898025902025,4.181947648127637,50.0,1005.0,293.15,constant_cp_1005_J_kgK,PASS
gsC_c,55.000083923339844,15.0,24.642522865418712,100.40339223504093,4.074395822996856,50.0,1005.0,293.15,constant_cp_1005_J_kgK,PASS
gsC_c,60.00104522705078,15.0,7.752401614086466,29.078075635438644,3.75084742499042,50.0,1005.0,293.15,constant_cp_1005_J_kgK,PASS
gsC_c,65.00366973876953,15.0,24.61044163261306,104.1625825211586,4.2324548283966115,50.0,1005.0,293.15,constant_cp_1005_J_kgK,PASS
gsC_c,70.00558471679688,15.0,-13.309282356199148,-70.63431040523751,5.30714643431023,50.0,1005.0,293.15,constant_cp_1005_J_kgK,PASS
gsC_c,75.01339721679688,15.0,27.58575298379796,119.48592092561863,4.3314359043041275,50.0,1005.0,293.15,constant_cp_1005_J_kgK,PASS
gsC_c,80.0176773071289,15.0,26.620275429777465,105.90333123610694,3.978295848647196,50.0,1005.0,293.15,constant_cp_1005_J_kgK,PASS
gsC_c,85.00733947753906,15.0,7.071427184110632,24.030423238863452,3.398242336350593,50.0,1005.0,293.15,constant_cp_1005_J_kgK,PASS
gsC_c,90.01520538330078,15.0,39.395264206597105,167.2192874692829,4.2446545500521315,50.0,1005.0,293.15,constant_cp_1005_J_kgK,PASS
gsC_c,95.00411224365234,15.0,3.2039245872152833,4.171151878309655,1.3018882821562154,50.0,1005.0,293.15,constant_cp_1005_J_kgK,PASS
gsC_c,100.00709533691406,15.0,11.124334232546573,44.90967080193878,4.037065936630082,50.0,1005.0,293.15,constant_cp_1005_J_kgK,PASS
gsC_c,105.0131607055664,15.0,47.109362611058074,194.0801271998148,4.119778244465957,50.0,1005.0,293.15,constant_cp_1005_J_kgK,PASS
gsC_c,110.01277160644531,15.0,29.67004618561056,113.26274523240733,3.8174104792435517,50.0,1005.0,293.15,constant_cp_1005_J_kgK,PASS
gsC_c,115.00991821289062,15.0,10.529428740568747,41.812025153813536,3.9709680534467524,50.0,1005.0,293.15,constant_cp_1005_J_kgK,PASS
gsC_c,120.02018737792969,15.0,34.556182514058165,146.18729414482365,4.230423718856134,50.0,1005.0,293.15,constant_cp_1005_J_kgK,PASS
gsC_c,125.00469207763672,15.0,13.87692659382779,54.23475068615638,3.908268182838898,50.0,1005.0,293.15,constant_cp_1005_J_kgK,PASS
gsC_c,130.0162353515625,15.0,38.740224595102646,165.8625525067983,4.281403998971252,50.0,1005.0,293.15,constant_cp_1005_J_kgK,PASS
gsC_c,135.01351928710938,15.0,0.6033962930024472,-10.118988956117377,-16.770054865594414,50.0,1005.0,293.15,constant_cp_1005_J_kgK,PASS
gsC_c,140.00051879882812,15.0,28.264222743408283,120.54951622548202,4.265092209172149,50.0,1005.0,293.15,constant_cp_1005_J_kgK,PASS
gsC_c,145.0050048828125,15.0,31.76222394344819,133.19641607118388,4.193548169175529,50.0,1005.0,293.15,constant_cp_1005_J_kgK,PASS
gsC_c,150.01123046875,15.0,3.7106731845139507,4.951582283137135,1.334416165365237,50.0,1005.0,293.15,constant_cp_1005_J_kgK,PASS
gsC_c,155.00003051757812,15.0,40.31068345786835,183.36392036900565,4.548767339956019,50.0,1005.0,293.15,constant_cp_1005_J_kgK,PASS
gsC_c,160.01063537597656,15.0,36.1823855673866,155.36115059678139,4.293833813227729,50.0,1005.0,293.15,constant_cp_1005_J_kgK,PASS
gsC_c,165.0144500732422,15.0,21.13067221973516,87.38700866094753,4.135552705000846,50.0,1005.0,293.15,constant_cp_1005_J_kgK,PASS
gsC_c,170.0099334716797,15.0,22.443579397967284,92.49292697826215,4.12113082918129,50.0,1005.0,293.15,constant_cp_1005_J_kgK,PASS
gsC_c,175.01390075683594,15.0,39.44361325340637,151.24675828664843,3.8345056602985577,50.0,1005.0,293.15,constant_cp_1005_J_kgK,PASS
gsC_c,180.00241088867188,15.0,48.29213956350202,207.9214516044014,4.3054926428904325,50.0,1005.0,293.15,constant_cp_1005_J_kgK,PASS
gsC_c,185.00755310058594,15.0,50.938379518576724,227.65377009422116,4.4691993000430825,50.0,1005.0,293.15,constant_cp_1005_J_kgK,PASS
gsC_c,190.01014709472656,15.0,11.862934495608428,36.90307355399516,3.1107879390673214,50.0,1005.0,293.15,constant_cp_1005_J_kgK,PASS
gsC_c,195.0050506591797,15.0,26.481762747854205,102.14379926300126,3.857137465949873,50.0,1005.0,293.15,constant_cp_1005_J_kgK,PASS
gsC_c,200.00747680664062,15.0,17.848086834569727,73.04068317963643,4.092353642860619,50.0,1005.0,293.15,constant_cp_1005_J_kgK,PASS
gsC_c,205.017333984375,15.0,-13.31771887248749,-64.40817415031911,4.836276749957603,50.0,1005.0,293.15,constant_cp_1005_J_kgK,PASS
gsC_c,210.0058135986328,15.0,18.97366522050028,75.0729144073291,3.9566901561148633,50.0,1005.0,293.15,constant_cp_1005_J_kgK,PASS
gsC_c,215.0113983154297,15.0,53.50169438527203,237.63250608211655,4.44158841711545,50.0,1005.0,293.15,constant_cp_1005_J_kgK,PASS
gsC_c,220.0168914794922,15.0,14.062771715255522,55.3214917104952,3.9338967329283783,50.0,1005.0,293.15,constant_cp_1005_J_kgK,PASS
gsC_c,225.0142822265625,15.0,12.297225426326577,36.53969621701866,2.971377277985088,50.0,1005.0,293.15,constant_cp_1005_J_kgK,PASS
gsC_c,230.00491333007812,15.0,29.1759713190865,120.42095006269969,4.127401577879762,50.0,1005.0,293.15,constant_cp_1005_J_kgK,PASS
gsC_c,235.0085906982422,15.0,12.415415637790304,44.197698041747614,3.559904825389641,50.0,1005.0,293.15,constant_cp_1005_J_kgK,PASS
gsC_c,240.0028533935547,15.0,24.953946411852996,113.87311578696142,4.563330941846895,50.0,1005.0,293.15,constant_cp_1005_J_kgK,PASS
gsC_c,245.01358032226562,15.0,10.235522451562744,32.60031303035625,3.1850170014715626,50.0,1005.0,293.15,constant_cp_1005_J_kgK,PASS
gsC_c,250.0149688720703,15.0,41.01941291528874,170.1172280639605,4.147237026798286,50.0,1005.0,293.15,constant_cp_1005_J_kgK,PASS
gsC_c,255.00692749023438,15.0,20.19659601965415,97.31160226385725,4.8182179890285,50.0,1005.0,293.15,constant_cp_1005_J_kgK,PASS
gsC_c,260.0000915527344,15.0,28.44673691718242,111.09620330788596,3.9054111417916664,50.0,1005.0,293.15,constant_cp_1005_J_kgK,PASS
gsC_c,265.0103759765625,15.0,22.248273031238952,87.32660017568988,3.9250956714325156,50.0,1005.0,293.15,constant_cp_1005_J_kgK,PASS
gsC_c,270.0111083984375,15.0,19.532177616304338,76.36959602144428,3.9099376176973424,50.0,1005.0,293.15,constant_cp_1005_J_kgK,PASS
gsC_c,275.001708984375,15.0,-16.523300894450088,-80.9479938572978,4.899020744673839,50.0,1005.0,293.15,constant_cp_1005_J_kgK,PASS
gsC_c,280.00811767578125,15.0,-5.748411097142494,-32.640350104703856,5.6781516748603895,50.0,1005.0,293.15,constant_cp_1005_J_kgK,PASS
gsC_c,285.01025390625,15.0,57.16881390480104,251.2829583482009,4.395455164808006,50.0,1005.0,293.15,constant_cp_1005_J_kgK,PASS
gsC_c,290.0141296386719,15.0,-7.357759453694541,-38.57679310358107,5.243008193067191,50.0,1005.0,293.15,constant_cp_1005_J_kgK,PASS
gsC_c,295.0016174316406,15.0,13.014384082056552,49.08333550116807,3.7714681838128437,50.0,1005.0,293.15,constant_cp_1005_J_kgK,PASS
gsC_c,300.0,15.0,39.14188333132863,160.08230646179624,4.089795708158446,50.0,1005.0,293.15,constant_cp_1005_J_kgK,PASS
gsC_c,0.0,22.0,0.0,0.0,0.0,50.0,1005.0,293.15,constant_cp_1005_J_kgK,NEAR_ZERO_C_T_REVIEW
gsC_c,5.008182525634766,22.0,-7.566125420271561,-12.07170831572676,1.5954940796762513,50.0,1005.0,293.15,constant_cp_1005_J_kgK,PASS
gsC_c,10.00052547454834,22.0,122.20418029945712,544.5243729245201,4.455857169417004,50.0,1005.0,293.15,constant_cp_1005_J_kgK,PASS
gsC_c,15.005416870117188,22.0,136.23380018407326,614.8173447127734,4.512957458997295,50.0,1005.0,293.15,constant_cp_1005_J_kgK,PASS
gsC_c,20.014389038085938,22.0,137.36028670249652,538.406732407885,3.9196680884197646,50.0,1005.0,293.15,constant_cp_1005_J_kgK,PASS
gsC_c,25.00426483154297,22.0,156.07358910947966,641.8274558037624,4.1123386696094535,50.0,1005.0,293.15,constant_cp_1005_J_kgK,PASS
gsC_c,30.006431579589844,22.0,167.1668015366319,764.8438713006939,4.575333524752015,50.0,1005.0,293.15,constant_cp_1005_J_kgK,PASS
gsC_c,35.0043830871582,22.0,172.35278050427965,747.5432864309236,4.337285909977091,50.0,1005.0,293.15,constant_cp_1005_J_kgK,PASS
gsC_c,40.00912094116211,22.0,110.80586987009575,431.61349361998265,3.895222284903258,50.0,1005.0,293.15,constant_cp_1005_J_kgK,PASS
gsC_c,45.00844192504883,22.0,150.51755618491583,695.5716234984035,4.621199288136524,50.0,1005.0,293.15,constant_cp_1005_J_kgK,PASS
gsC_c,50.00811767578125,22.0,148.22789830882806,649.2995684031177,4.380414050302074,50.0,1005.0,293.15,constant_cp_1005_J_kgK,PASS
gsC_c,55.000083923339844,22.0,188.94028333552427,746.3577065857984,3.9502306940889356,50.0,1005.0,293.15,constant_cp_1005_J_kgK,PASS
gsC_c,60.00104522705078,22.0,147.24498202591315,659.3931268182332,4.478204402902577,50.0,1005.0,293.15,constant_cp_1005_J_kgK,PASS
gsC_c,65.00366973876953,22.0,159.01889653756257,664.4494299328524,4.178430641868537,50.0,1005.0,293.15,constant_cp_1005_J_kgK,PASS
gsC_c,70.00558471679688,22.0,196.92261923133083,795.9445026919097,4.041915071995098,50.0,1005.0,293.15,constant_cp_1005_J_kgK,PASS
gsC_c,75.01339721679688,22.0,167.54993152151957,760.92662312356,4.541491698677822,50.0,1005.0,293.15,constant_cp_1005_J_kgK,PASS
gsC_c,80.0176773071289,22.0,145.8374218105169,580.7830160107309,3.9824004620799323,50.0,1005.0,293.15,constant_cp_1005_J_kgK,PASS
gsC_c,85.00733947753906,22.0,147.3915330348333,596.6987404546855,4.048392252692143,50.0,1005.0,293.15,constant_cp_1005_J_kgK,PASS
gsC_c,90.01520538330078,22.0,156.2047153392908,708.3559392450624,4.5347922929337585,50.0,1005.0,293.15,constant_cp_1005_J_kgK,PASS
gsC_c,95.00411224365234,22.0,113.73920958646252,455.0609461119935,4.000915319901738,50.0,1005.0,293.15,constant_cp_1005_J_kgK,PASS
gsC_c,100.00709533691406,22.0,206.47939660960972,913.3439572682812,4.4234145016934345,50.0,1005.0,293.15,constant_cp_1005_J_kgK,PASS
gsC_c,105.0131607055664,22.0,116.49937968653198,478.52961290729354,4.107572196442406,50.0,1005.0,293.15,constant_cp_1005_J_kgK,PASS
gsC_c,110.01277160644531,22.0,149.56376030830867,592.4703950386369,3.9613232096690085,50.0,1005.0,293.15,constant_cp_1005_J_kgK,PASS
gsC_c,115.00991821289062,22.0,183.5803905553927,842.5318171313046,4.589443428994632,50.0,1005.0,293.15,constant_cp_1005_J_kgK,PASS
gsC_c,120.02018737792969,22.0,142.12408717666705,557.3871483358415,3.9218344997288237,50.0,1005.0,293.15,constant_cp_1005_J_kgK,PASS
gsC_c,125.00469207763672,22.0,194.19529578072803,855.3805852929707,4.404744110044782,50.0,1005.0,293.15,constant_cp_1005_J_kgK,PASS
gsC_c,130.0162353515625,22.0,159.9105975762989,686.4979518592548,4.293010984011925,50.0,1005.0,293.15,constant_cp_1005_J_kgK,PASS
gsC_c,135.01351928710938,22.0,178.12177474884072,721.444470277714,4.05028790719681,50.0,1005.0,293.15,constant_cp_1005_J_kgK,PASS
gsC_c,140.00051879882812,22.0,125.89641156541113,560.527762305887,4.452293400040279,50.0,1005.0,293.15,constant_cp_1005_J_kgK,PASS
gsC_c,145.0050048828125,22.0,193.51089105695428,832.9193819427937,4.304250667179988,50.0,1005.0,293.15,constant_cp_1005_J_kgK,PASS
gsC_c,150.01123046875,22.0,160.52256578834132,636.245240191545,3.9635875309052135,50.0,1005.0,293.15,constant_cp_1005_J_kgK,PASS
gsC_c,155.00003051757812,22.0,116.30411768739656,505.75656768740714,4.348569747482514,50.0,1005.0,293.15,constant_cp_1005_J_kgK,PASS
gsC_c,160.01063537597656,22.0,166.86116567510237,700.2291450342699,4.1964776057809585,50.0,1005.0,293.15,constant_cp_1005_J_kgK,PASS
gsC_c,165.0144500732422,22.0,158.33121392041363,626.9879470545914,3.9599768834324203,50.0,1005.0,293.15,constant_cp_1005_J_kgK,PASS
gsC_c,170.0099334716797,22.0,141.3678706177506,653.3594796712238,4.621697114143022,50.0,1005.0,293.15,constant_cp_1005_J_kgK,PASS
gsC_c,175.01390075683594,22.0,170.58986841798912,668.3597491775663,3.917933435155685,50.0,1005.0,293.15,constant_cp_1005_J_kgK,PASS
gsC_c,180.00241088867188,22.0,151.60229111080682,629.6561375124788,4.15334183207104,50.0,1005.0,293.15,constant_cp_1005_J_kgK,PASS
gsC_c,185.00755310058594,22.0,172.63649269506192,802.3338927428183,4.647533555697177,50.0,1005.0,293.15,constant_cp_1005_J_kgK,PASS
gsC_c,190.01014709472656,22.0,150.1294980637038,601.0870342353896,4.003790340898424,50.0,1005.0,293.15,constant_cp_1005_J_kgK,PASS
gsC_c,195.0050506591797,22.0,215.7008120507984,872.5248300552904,4.045069750807254,50.0,1005.0,293.15,constant_cp_1005_J_kgK,PASS
gsC_c,200.00747680664062,22.0,173.11278116386796,796.4287244596098,4.600635025908991,50.0,1005.0,293.15,constant_cp_1005_J_kgK,PASS
gsC_c,205.017333984375,22.0,168.97319001261104,719.024154253972,4.255255843817907,50.0,1005.0,293.15,constant_cp_1005_J_kgK,PASS
gsC_c,210.0058135986328,22.0,187.8293004571553,749.6545656303315,3.9911481531463187,50.0,1005.0,293.15,constant_cp_1005_J_kgK,PASS
gsC_c,215.0113983154297,22.0,152.2826890764911,668.567148010005,4.390303008569776,50.0,1005.0,293.15,constant_cp_1005_J_kgK,PASS
gsC_c,220.0168914794922,22.0,141.07733753002577,574.857139248455,4.074766006425605,50.0,1005.0,293.15,constant_cp_1005_J_kgK,PASS
gsC_c,225.0142822265625,22.0,180.78424218780754,726.5614464444814,4.0189423461237,50.0,1005.0,293.15,constant_cp_1005_J_kgK,PASS
gsC_c,230.00491333007812,22.0,189.9870621500654,815.4004708499904,4.291873676122413,50.0,1005.0,293.15,constant_cp_1005_J_kgK,PASS
gsC_c,235.0085906982422,22.0,141.2432824325171,569.3331030414931,4.030868535708783,50.0,1005.0,293.15,constant_cp_1005_J_kgK,PASS
gsC_c,240.0028533935547,22.0,201.58839313193107,903.4702168119941,4.48175712287279,50.0,1005.0,293.15,constant_cp_1005_J_kgK,PASS
gsC_c,245.01358032226562,22.0,172.98450335226215,723.1134539769664,4.180221002226151,50.0,1005.0,293.15,constant_cp_1005_J_kgK,PASS
gsC_c,250.0149688720703,22.0,165.465727624998,648.1710333360749,3.917252488691405,50.0,1005.0,293.15,constant_cp_1005_J_kgK,PASS
gsC_c,255.00692749023438,22.0,150.12961553601855,690.4716953832342,4.599170476214133,50.0,1005.0,293.15,constant_cp_1005_J_kgK,PASS
gsC_c,260.0000915527344,22.0,181.58094768050987,764.6118148166724,4.210859259077057,50.0,1005.0,293.15,constant_cp_1005_J_kgK,PASS
gsC_c,265.0103759765625,22.0,172.5868347667648,666.5595843176588,3.862169355006658,50.0,1005.0,293.15,constant_cp_1005_J_kgK,PASS
gsC_c,270.0111083984375,22.0,152.66146187428674,683.6896267004271,4.478469014393112,50.0,1005.0,293.15,constant_cp_1005_J_kgK,PASS
gsC_c,275.001708984375,22.0,145.04908326985202,568.2489258284178,3.9176319699126902,50.0,1005.0,293.15,constant_cp_1005_J_kgK,PASS
gsC_c,280.00811767578125,22.0,209.90786893691615,860.6863402916658,4.10030526557453,50.0,1005.0,293.15,constant_cp_1005_J_kgK,PASS
gsC_c,285.01025390625,22.0,162.31198045796555,726.1759909081773,4.473951884850321,50.0,1005.0,293.15,constant_cp_1005_J_kgK,PASS
gsC_c,290.0141296386719,22.0,155.92921096311818,644.1100003709557,4.130784709217671,50.0,1005.0,293.15,constant_cp_1005_J_kgK,PASS
gsC_c,295.0016174316406,22.0,173.84848363875017,787.0762651971484,4.527369170663188,50.0,1005.0,293.15,constant_cp_1005_J_kgK,PASS
gsC_c,300.0,22.0,155.47228484457355,601.8322242802778,3.870993630009758,50.0,1005.0,293.15,constant_cp_1005_J_kgK,PASS
gsC_c,0.0,29.0,0.0,0.0,0.0,50.0,1005.0,293.15,constant_cp_1005_J_kgK,NEAR_ZERO_C_T_REVIEW
gsC_c,5.008182525634766,29.0,184.9493595200811,251.1822249207322,1.3581135158897466,50.0,1005.0,293.15,constant_cp_1005_J_kgK,PASS
gsC_c,10.00052547454834,29.0,773.5844756471141,3497.474596744714,4.5211282113883,50.0,1005.0,293.15,constant_cp_1005_J_kgK,PASS
gsC_c,15.005416870117188,29.0,817.1163685401925,3758.991327323175,4.600313336072494,50.0,1005.0,293.15,constant_cp_1005_J_kgK,PASS
gsC_c,20.014389038085938,29.0,836.0881086282999,3169.018288266863,3.7902922617356882,50.0,1005.0,293.15,constant_cp_1005_J_kgK,PASS
gsC_c,25.00426483154297,29.0,876.6655248809136,3479.130599282999,3.9685952059671057,50.0,1005.0,293.15,constant_cp_1005_J_kgK,PASS
gsC_c,30.006431579589844,29.0,880.1333525110097,4100.737943265782,4.659223436496035,50.0,1005.0,293.15,constant_cp_1005_J_kgK,PASS
gsC_c,35.0043830871582,29.0,878.966550178174,3762.739692966275,4.28086790356158,50.0,1005.0,293.15,constant_cp_1005_J_kgK,PASS
gsC_c,40.00912094116211,29.0,859.2323501584599,3381.781955068024,3.9358177732023463,50.0,1005.0,293.15,constant_cp_1005_J_kgK,PASS
gsC_c,45.00844192504883,29.0,880.5745011424212,4172.525199071006,4.7384124723723025,50.0,1005.0,293.15,constant_cp_1005_J_kgK,PASS
gsC_c,50.00811767578125,29.0,857.7617043398741,3781.3943069699935,4.408443846156215,50.0,1005.0,293.15,constant_cp_1005_J_kgK,PASS
gsC_c,55.000083923339844,29.0,850.8007841348041,3241.3888555595354,3.809809436003232,50.0,1005.0,293.15,constant_cp_1005_J_kgK,PASS
gsC_c,60.00104522705078,29.0,951.0158687322304,4435.248146665377,4.6636952047637275,50.0,1005.0,293.15,constant_cp_1005_J_kgK,PASS
gsC_c,65.00366973876953,29.0,939.8887736730691,3906.519860159332,4.156363997080807,50.0,1005.0,293.15,constant_cp_1005_J_kgK,PASS
gsC_c,70.00558471679688,29.0,861.2194318639315,3455.0309261100597,4.0117893283345305,50.0,1005.0,293.15,constant_cp_1005_J_kgK,PASS
gsC_c,75.01339721679688,29.0,1007.1083336476054,4738.760836880296,4.705313895787619,50.0,1005.0,293.15,constant_cp_1005_J_kgK,PASS
gsC_c,80.0176773071289,29.0,909.1270750113346,3516.0010390731663,3.867447286206346,50.0,1005.0,293.15,constant_cp_1005_J_kgK,PASS
gsC_c,85.00733947753906,29.0,876.0759907175752,3584.53459420841,4.091579534405803,50.0,1005.0,293.15,constant_cp_1005_J_kgK,PASS
gsC_c,90.01520538330078,29.0,965.2759919936789,4486.343433524946,4.64773129211907,50.0,1005.0,293.15,constant_cp_1005_J_kgK,PASS
gsC_c,95.00411224365234,29.0,916.6534952024085,3696.0217423344106,4.032081655363405,50.0,1005.0,293.15,constant_cp_1005_J_kgK,PASS
gsC_c,100.00709533691406,29.0,888.1159988866343,3961.8784996185555,4.460992150328122,50.0,1005.0,293.15,constant_cp_1005_J_kgK,PASS
gsC_c,105.0131607055664,29.0,952.8546924104173,4133.667695116424,4.338193145331771,50.0,1005.0,293.15,constant_cp_1005_J_kgK,PASS
gsC_c,110.01277160644531,29.0,895.0645191322142,3444.2189593089424,3.848011942920433,50.0,1005.0,293.15,constant_cp_1005_J_kgK,PASS
gsC_c,115.00991821289062,29.0,899.8424013702574,4235.905077755254,4.707385505839929,50.0,1005.0,293.15,constant_cp_1005_J_kgK,PASS
gsC_c,120.02018737792969,29.0,955.1435810485764,3679.2027164726233,3.851989155839446,50.0,1005.0,293.15,constant_cp_1005_J_kgK,PASS
gsC_c,125.00469207763672,29.0,872.4573253229868,3845.984374199495,4.408220623021636,50.0,1005.0,293.15,constant_cp_1005_J_kgK,PASS
gsC_c,130.0162353515625,29.0,987.8327507409842,4298.755772018149,4.35170403976711,50.0,1005.0,293.15,constant_cp_1005_J_kgK,PASS
gsC_c,135.01351928710938,29.0,906.2659533923081,3561.561330053348,3.9299295275497066,50.0,1005.0,293.15,constant_cp_1005_J_kgK,PASS
gsC_c,140.00051879882812,29.0,1021.2320213464848,4785.219751890784,4.685732186087185,50.0,1005.0,293.15,constant_cp_1005_J_kgK,PASS
gsC_c,145.0050048828125,29.0,927.5895715149263,3952.500829815589,4.2610449181270535,50.0,1005.0,293.15,constant_cp_1005_J_kgK,PASS
gsC_c,150.01123046875,29.0,941.4142592143198,3681.0718194717765,3.9101509069344185,50.0,1005.0,293.15,constant_cp_1005_J_kgK,PASS
gsC_c,155.00003051757812,29.0,985.5458788510649,4574.366018555989,4.641454159276763,50.0,1005.0,293.15,constant_cp_1005_J_kgK,PASS
gsC_c,160.01063537597656,29.0,929.0063716957814,3879.4951856860125,4.175961870530896,50.0,1005.0,293.15,constant_cp_1005_J_kgK,PASS
gsC_c,165.0144500732422,29.0,930.3078593205023,3720.959138745738,3.99970730276269,50.0,1005.0,293.15,constant_cp_1005_J_kgK,PASS
gsC_c,170.0099334716797,29.0,972.8090229992557,4695.932450939379,4.827188420247769,50.0,1005.0,293.15,constant_cp_1005_J_kgK,PASS
gsC_c,175.01390075683594,29.0,939.538968723572,3625.9225245347643,3.8592571944695058,50.0,1005.0,293.15,constant_cp_1005_J_kgK,PASS
gsC_c,180.00241088867188,29.0,944.8705780676775,3930.2100696515436,4.159522119616554,50.0,1005.0,293.15,constant_cp_1005_J_kgK,PASS
gsC_c,185.00755310058594,29.0,1014.0095375990362,4867.644846738769,4.800393552766318,50.0,1005.0,293.15,constant_cp_1005_J_kgK,PASS
gsC_c,190.01014709472656,29.0,974.2664712780315,3854.3710489581053,3.9561774551248075,50.0,1005.0,293.15,constant_cp_1005_J_kgK,PASS
gsC_c,195.0050506591797,29.0,962.4663420657159,3852.5352934005887,4.00277404519725,50.0,1005.0,293.15,constant_cp_1005_J_kgK,PASS
gsC_c,200.00747680664062,29.0,1010.4407650991259,4794.118818038805,4.74458175444233,50.0,1005.0,293.15,constant_cp_1005_J_kgK,PASS
gsC_c,205.017333984375,29.0,1032.960845501388,4385.098078665166,4.245173568541644,50.0,1005.0,293.15,constant_cp_1005_J_kgK,PASS
gsC_c,210.0058135986328,29.0,970.0695947622453,3834.308443801835,3.9526117141498847,50.0,1005.0,293.15,constant_cp_1005_J_kgK,PASS
gsC_c,215.0113983154297,29.0,1055.8664323344394,4860.502120867351,4.603330470613173,50.0,1005.0,293.15,constant_cp_1005_J_kgK,PASS
gsC_c,220.0168914794922,29.0,1017.2002165663948,4144.264192757634,4.074187289049849,50.0,1005.0,293.15,constant_cp_1005_J_kgK,PASS
gsC_c,225.0142822265625,29.0,954.0610478138202,3897.684980065775,4.085362240700452,50.0,1005.0,293.15,constant_cp_1005_J_kgK,PASS
gsC_c,230.00491333007812,29.0,1114.1804484148881,4993.727654131955,4.481973868085644,50.0,1005.0,293.15,constant_cp_1005_J_kgK,PASS
gsC_c,235.0085906982422,29.0,973.816756228457,3954.9608855629476,4.061298863737208,50.0,1005.0,293.15,constant_cp_1005_J_kgK,PASS
gsC_c,240.0028533935547,29.0,986.4760174555284,4591.614455879773,4.654562680315859,50.0,1005.0,293.15,constant_cp_1005_J_kgK,PASS
gsC_c,245.01358032226562,29.0,1019.9033972866864,4306.117583872428,4.222083773153461,50.0,1005.0,293.15,constant_cp_1005_J_kgK,PASS
gsC_c,250.0149688720703,29.0,933.3711666935582,3591.5964059495,3.8479830255189733,50.0,1005.0,293.15,constant_cp_1005_J_kgK,PASS
gsC_c,255.00692749023438,29.0,1009.5355383003882,4756.241235504455,4.711316298490247,50.0,1005.0,293.15,constant_cp_1005_J_kgK,PASS
gsC_c,260.0000915527344,29.0,1000.6908176355239,4253.622414288602,4.2506859654563405,50.0,1005.0,293.15,constant_cp_1005_J_kgK,PASS
gsC_c,265.0103759765625,29.0,1001.3101593630684,3895.964404412363,3.8908667489069404,50.0,1005.0,293.15,constant_cp_1005_J_kgK,PASS
gsC_c,270.0111083984375,29.0,1042.1562900072472,4827.451850472109,4.632176475597443,50.0,1005.0,293.15,constant_cp_1005_J_kgK,PASS
gsC_c,275.001708984375,29.0,1047.0241425341628,4066.6904956713543,3.8840465376707205,50.0,1005.0,293.15,constant_cp_1005_J_kgK,PASS
gsC_c,280.00811767578125,29.0,1011.9985725439003,4096.166723863573,4.047601286198291,50.0,1005.0,293.15,constant_cp_1005_J_kgK,PASS
gsC_c,285.01025390625,29.0,1054.1352723836828,4840.166329173439,4.591598873476582,50.0,1005.0,293.15,constant_cp_1005_J_kgK,PASS
gsC_c,290.0141296386719,29.0,999.2614498390781,4137.919689678125,4.140978009649385,50.0,1005.0,293.15,constant_cp_1005_J_kgK,PASS
gsC_c,295.0016174316406,29.0,1019.148662612548,4734.453219474041,4.645498142864466,50.0,1005.0,293.15,constant_cp_1005_J_kgK,PASS
gsC_c,300.0,29.0,1062.6090452401613,4224.213583931706,3.975322441352842,50.0,1005.0,293.15,constant_cp_1005_J_kgK,PASS
gsC_c,0.0,39.5,0.0,0.0,0.0,50.0,1005.0,293.15,constant_cp_1005_J_kgK,NEAR_ZERO_C_T_REVIEW
gsC_c,5.008182525634766,39.5,7722.114682985027,8282.456995703873,1.0725633243899415,50.0,1005.0,293.15,constant_cp_1005_J_kgK,PASS
gsC_c,10.00052547454834,39.5,8705.896314637974,40071.205762459955,4.602766253381651,50.0,1005.0,293.15,constant_cp_1005_J_kgK,PASS
gsC_c,15.005416870117188,39.5,10037.176128552823,47409.98479316235,4.723438563391363,50.0,1005.0,293.15,constant_cp_1005_J_kgK,PASS
gsC_c,20.014389038085938,39.5,10280.529710111388,37350.54269615555,3.6331340650098882,50.0,1005.0,293.15,constant_cp_1005_J_kgK,PASS
gsC_c,25.00426483154297,39.5,9428.606813064023,37051.60670297503,3.9297011146581475,50.0,1005.0,293.15,constant_cp_1005_J_kgK,PASS
gsC_c,30.006431579589844,39.5,9893.449276069561,47834.424636277006,4.834959305039837,50.0,1005.0,293.15,constant_cp_1005_J_kgK,PASS
gsC_c,35.0043830871582,39.5,10485.39197343662,45112.34835603455,4.302399802536378,50.0,1005.0,293.15,constant_cp_1005_J_kgK,PASS
gsC_c,40.00912094116211,39.5,9790.76916079984,37980.31734216247,3.879196487873875,50.0,1005.0,293.15,constant_cp_1005_J_kgK,PASS
gsC_c,45.00844192504883,39.5,9887.67230223491,48543.43888476593,4.909491071400975,50.0,1005.0,293.15,constant_cp_1005_J_kgK,PASS
gsC_c,50.00811767578125,39.5,10240.07147612163,46135.41101215549,4.505379783698982,50.0,1005.0,293.15,constant_cp_1005_J_kgK,PASS
gsC_c,55.000083923339844,39.5,10112.955392021413,38029.25428995259,3.760449128446853,50.0,1005.0,293.15,constant_cp_1005_J_kgK,PASS
gsC_c,60.00104522705078,39.5,10206.614835320017,49258.41331844319,4.826126400692568,50.0,1005.0,293.15,constant_cp_1005_J_kgK,PASS
gsC_c,65.00366973876953,39.5,11084.787995490018,46047.981533075144,4.154159876743351,50.0,1005.0,293.15,constant_cp_1005_J_kgK,PASS
gsC_c,70.00558471679688,39.5,9802.42483313003,38774.1830743357,3.9555705587543577,50.0,1005.0,293.15,constant_cp_1005_J_kgK,PASS
gsC_c,75.01339721679688,39.5,11008.415140869442,53565.48699541511,4.86586727607546,50.0,1005.0,293.15,constant_cp_1005_J_kgK,PASS
gsC_c,80.0176773071289,39.5,11086.581643958196,42079.82392326605,3.795563436471358,50.0,1005.0,293.15,constant_cp_1005_J_kgK,PASS
gsC_c,85.00733947753906,39.5,9937.737439408127,40719.665050645344,4.0974784551227215,50.0,1005.0,293.15,constant_cp_1005_J_kgK,PASS
gsC_c,90.01520538330078,39.5,10744.903031183614,51413.351224369384,4.784906022432583,50.0,1005.0,293.15,constant_cp_1005_J_kgK,PASS
gsC_c,95.00411224365234,39.5,10638.435041051745,42540.4382697049,3.998749638038419,50.0,1005.0,293.15,constant_cp_1005_J_kgK,PASS
gsC_c,100.00709533691406,39.5,10189.252636592622,46546.429851377296,4.568188807509857,50.0,1005.0,293.15,constant_cp_1005_J_kgK,PASS
gsC_c,105.0131607055664,39.5,11223.441706483372,49663.99685444871,4.425023816513896,50.0,1005.0,293.15,constant_cp_1005_J_kgK,PASS
gsC_c,110.01277160644531,39.5,10465.07762980556,39657.012211928406,3.78946182864211,50.0,1005.0,293.15,constant_cp_1005_J_kgK,PASS
gsC_c,115.00991821289062,39.5,10527.568497325658,51487.813277712106,4.8907602254772105,50.0,1005.0,293.15,constant_cp_1005_J_kgK,PASS
gsC_c,120.02018737792969,39.5,11285.875805743959,42425.3704178737,3.759156236353186,50.0,1005.0,293.15,constant_cp_1005_J_kgK,PASS
gsC_c,125.00469207763672,39.5,10071.89688851235,45635.04008689879,4.530928045832556,50.0,1005.0,293.15,constant_cp_1005_J_kgK,PASS
gsC_c,130.0162353515625,39.5,11793.541309719087,51956.93890378003,4.405541774035062,50.0,1005.0,293.15,constant_cp_1005_J_kgK,PASS
gsC_c,135.01351928710938,39.5,10719.458151937526,41447.84702010128,3.866599079227319,50.0,1005.0,293.15,constant_cp_1005_J_kgK,PASS
gsC_c,140.00051879882812,39.5,10901.098790465574,52629.23505635589,4.827883506787606,50.0,1005.0,293.15,constant_cp_1005_J_kgK,PASS
gsC_c,145.0050048828125,39.5,11671.857506838242,50561.706033402195,4.331933113797445,50.0,1005.0,293.15,constant_cp_1005_J_kgK,PASS
gsC_c,150.01123046875,39.5,10754.083986369063,40714.120064328396,3.785921712712144,50.0,1005.0,293.15,constant_cp_1005_J_kgK,PASS
gsC_c,155.00003051757812,39.5,10690.104507439723,51276.27379429577,4.796611086318708,50.0,1005.0,293.15,constant_cp_1005_J_kgK,PASS
gsC_c,160.01063537597656,39.5,11817.768667935976,49616.121672258916,4.198433990916865,50.0,1005.0,293.15,constant_cp_1005_J_kgK,PASS
gsC_c,165.0144500732422,39.5,10343.347036073337,40913.029252498265,3.9554922705200264,50.0,1005.0,293.15,constant_cp_1005_J_kgK,PASS
gsC_c,170.0099334716797,39.5,10799.872523644288,53945.71099878091,4.995032198821971,50.0,1005.0,293.15,constant_cp_1005_J_kgK,PASS
gsC_c,175.01390075683594,39.5,11900.771519554855,45353.21278087438,3.810947273993795,50.0,1005.0,293.15,constant_cp_1005_J_kgK,PASS
gsC_c,180.00241088867188,39.5,10440.069365418014,43606.2169609536,4.176812953503155,50.0,1005.0,293.15,constant_cp_1005_J_kgK,PASS
gsC_c,185.00755310058594,39.5,11877.682000405712,59172.62328969738,4.981832590540074,50.0,1005.0,293.15,constant_cp_1005_J_kgK,PASS
gsC_c,190.01014709472656,39.5,11542.496971682325,44743.887292851236,3.8764478260310007,50.0,1005.0,293.15,constant_cp_1005_J_kgK,PASS
gsC_c,195.0050506591797,39.5,11048.458307050383,43679.756431787864,3.9534707212417524,50.0,1005.0,293.15,constant_cp_1005_J_kgK,PASS
gsC_c,200.00747680664062,39.5,11164.466745674701,55477.41393696473,4.9691055740259715,50.0,1005.0,293.15,constant_cp_1005_J_kgK,PASS
gsC_c,205.017333984375,39.5,12527.810387479854,53446.25383120679,4.26620871310569,50.0,1005.0,293.15,constant_cp_1005_J_kgK,PASS
gsC_c,210.0058135986328,39.5,10973.42068793321,43013.16435383299,3.9197589864688203,50.0,1005.0,293.15,constant_cp_1005_J_kgK,PASS
gsC_c,215.0113983154297,39.5,11223.270177069873,53239.25937192116,4.743649447260825,50.0,1005.0,293.15,constant_cp_1005_J_kgK,PASS
gsC_c,220.0168914794922,39.5,11708.863919449912,47388.118619452776,4.047200389845767,50.0,1005.0,293.15,constant_cp_1005_J_kgK,PASS
gsC_c,225.0142822265625,39.5,11037.636361706538,44867.794721499624,4.064982143926919,50.0,1005.0,293.15,constant_cp_1005_J_kgK,PASS
gsC_c,230.00491333007812,39.5,12102.415111897755,55428.10935389274,4.579921349697993,50.0,1005.0,293.15,constant_cp_1005_J_kgK,PASS
gsC_c,235.0085906982422,39.5,11298.553772703017,45071.70968910839,3.9891574263244527,50.0,1005.0,293.15,constant_cp_1005_J_kgK,PASS
gsC_c,240.0028533935547,39.5,11146.479368613263,53398.891055797925,4.790650867408056,50.0,1005.0,293.15,constant_cp_1005_J_kgK,PASS
gsC_c,245.01358032226562,39.5,12777.47809215113,54264.017488026344,4.246848798852964,50.0,1005.0,293.15,constant_cp_1005_J_kgK,PASS
gsC_c,250.0149688720703,39.5,10984.18841524249,41850.82032338994,3.8100967264282146,50.0,1005.0,293.15,constant_cp_1005_J_kgK,PASS
gsC_c,255.00692749023438,39.5,11707.353539580325,57097.9958392511,4.877105286537116,50.0,1005.0,293.15,constant_cp_1005_J_kgK,PASS
gsC_c,260.0000915527344,39.5,12133.643013606332,52054.34147433989,4.290083482426778,50.0,1005.0,293.15,constant_cp_1005_J_kgK,PASS
gsC_c,265.0103759765625,39.5,11296.075917516064,43409.5272654194,3.8428855810098907,50.0,1005.0,293.15,constant_cp_1005_J_kgK,PASS
gsC_c,270.0111083984375,39.5,12021.839324827146,57578.819117220664,4.789518272657812,50.0,1005.0,293.15,constant_cp_1005_J_kgK,PASS
gsC_c,275.001708984375,39.5,12392.220712746292,46928.54960768927,3.786936231648625,50.0,1005.0,293.15,constant_cp_1005_J_kgK,PASS
gsC_c,280.00811767578125,39.5,11156.91957794468,45011.554515879034,4.034407006469342,50.0,1005.0,293.15,constant_cp_1005_J_kgK,PASS
gsC_c,285.01025390625,39.5,11670.35630679955,54966.475402441894,4.709922641386007,50.0,1005.0,293.15,constant_cp_1005_J_kgK,PASS
gsC_c,290.0141296386719,39.5,11573.724009886959,47126.99580326613,4.07189559410639,50.0,1005.0,293.15,constant_cp_1005_J_kgK,PASS
gsC_c,295.0016174316406,39.5,11060.6048879624,53067.24692850528,4.797861189875358,50.0,1005.0,293.15,constant_cp_1005_J_kgK,PASS
gsC_c,300.0,39.5,12417.592793140975,48990.690260467694,3.9452646802465945,50.0,1005.0,293.15,constant_cp_1005_J_kgK,PASS
gsC_c,0.0,46.5,0.0,0.0,0.0,50.0,1005.0,293.15,constant_cp_1005_J_kgK,NEAR_ZERO_C_T_REVIEW
gsC_c,5.008182525634766,46.5,2589530.381786311,1138211.0400311607,0.43954341993315366,50.0,1005.0,293.15,constant_cp_1005_J_kgK,PASS
gsC_c,10.00052547454834,46.5,104324.9318891948,447699.2740126515,4.291392919270303,50.0,1005.0,293.15,constant_cp_1005_J_kgK,PASS
gsC_c,15.005416870117188,46.5,144907.40875975566,651262.9573064065,4.494338577167862,50.0,1005.0,293.15,constant_cp_1005_J_kgK,PASS
gsC_c,20.014389038085938,46.5,222009.61924745006,672235.1101742558,3.0279548807521945,50.0,1005.0,293.15,constant_cp_1005_J_kgK,PASS
gsC_c,25.00426483154297,46.5,186654.2097019361,612873.1398100443,3.2834680813720962,50.0,1005.0,293.15,constant_cp_1005_J_kgK,PASS
gsC_c,30.006431579589844,46.5,141028.7442817442,633175.7119030997,4.4896926164084,50.0,1005.0,293.15,constant_cp_1005_J_kgK,PASS
gsC_c,35.0043830871582,46.5,180167.6614613502,692930.4570263621,3.8460312544768565,50.0,1005.0,293.15,constant_cp_1005_J_kgK,PASS
gsC_c,40.00912094116211,46.5,195140.76695054478,634141.0525030259,3.249659527389965,50.0,1005.0,293.15,constant_cp_1005_J_kgK,PASS
gsC_c,45.00844192504883,46.5,135016.22475095763,612247.4285119266,4.534621151207826,50.0,1005.0,293.15,constant_cp_1005_J_kgK,PASS
gsC_c,50.00811767578125,46.5,159972.56325087472,662738.9408975162,4.142828791573347,50.0,1005.0,293.15,constant_cp_1005_J_kgK,PASS
gsC_c,55.000083923339844,46.5,201837.58453926822,641086.4054375241,3.176248897849822,50.0,1005.0,293.15,constant_cp_1005_J_kgK,PASS
gsC_c,60.00104522705078,46.5,145346.2169645954,652471.8722374835,4.489087407045575,50.0,1005.0,293.15,constant_cp_1005_J_kgK,PASS
gsC_c,65.00366973876953,46.5,184400.8587524495,678058.583134253,3.677090159566528,50.0,1005.0,293.15,constant_cp_1005_J_kgK,PASS
gsC_c,70.00558471679688,46.5,184548.25449322548,616022.5764030803,3.338002725057962,50.0,1005.0,293.15,constant_cp_1005_J_kgK,PASS
gsC_c,75.01339721679688,46.5,148162.15389102895,677595.6689311231,4.573338407522613,50.0,1005.0,293.15,constant_cp_1005_J_kgK,PASS
gsC_c,80.0176773071289,46.5,216456.17646467965,693812.5540167427,3.205325740057839,50.0,1005.0,293.15,constant_cp_1005_J_kgK,PASS
gsC_c,85.00733947753906,46.5,167536.54570276156,604589.7973138253,3.60870396830592,50.0,1005.0,293.15,constant_cp_1005_J_kgK,PASS
gsC_c,90.01520538330078,46.5,146571.3262195403,650611.4068375094,4.438872347126024,50.0,1005.0,293.15,constant_cp_1005_J_kgK,PASS
gsC_c,95.00411224365234,46.5,179959.16188530513,628060.3059533241,3.4900157312002125,50.0,1005.0,293.15,constant_cp_1005_J_kgK,PASS
gsC_c,100.00709533691406,46.5,151653.9486395759,629499.9148316879,4.150896962978308,50.0,1005.0,293.15,constant_cp_1005_J_kgK,PASS
gsC_c,105.0131607055664,46.5,175670.43284054153,723687.2464154237,4.119573423447533,50.0,1005.0,293.15,constant_cp_1005_J_kgK,PASS
gsC_c,110.01277160644531,46.5,202431.33360235993,645088.3640022916,3.1867021400424544,50.0,1005.0,293.15,constant_cp_1005_J_kgK,PASS
gsC_c,115.00991821289062,46.5,141200.38271600864,650728.8811515644,4.608548989986437,50.0,1005.0,293.15,constant_cp_1005_J_kgK,PASS
gsC_c,120.02018737792969,46.5,198657.55145633902,661385.8997178394,3.3292764099289505,50.0,1005.0,293.15,constant_cp_1005_J_kgK,PASS
gsC_c,125.00469207763672,46.5,154091.0274349221,624841.8344716434,4.055017640371899,50.0,1005.0,293.15,constant_cp_1005_J_kgK,PASS
gsC_c,130.0162353515625,46.5,167568.4128976281,682369.842481585,4.07218658147976,50.0,1005.0,293.15,constant_cp_1005_J_kgK,PASS
gsC_c,135.01351928710938,46.5,203031.02088006918,662019.6393565419,3.2606822173622176,50.0,1005.0,293.15,constant_cp_1005_J_kgK,PASS
gsC_c,140.00051879882812,46.5,137980.04239765706,626359.9498981598,4.5394967200618215,50.0,1005.0,293.15,constant_cp_1005_J_kgK,PASS
gsC_c,145.0050048828125,46.5,181292.12834700797,714528.5829914685,3.9413105770582515,50.0,1005.0,293.15,constant_cp_1005_J_kgK,PASS
gsC_c,150.01123046875,46.5,204853.21341222723,663021.0930513275,3.236566720176966,50.0,1005.0,293.15,constant_cp_1005_J_kgK,PASS
gsC_c,155.00003051757812,46.5,147898.75999238814,659796.1603253303,4.461133821265868,50.0,1005.0,293.15,constant_cp_1005_J_kgK,PASS
gsC_c,160.01063537597656,46.5,184380.8588793828,705289.4181227116,3.8251769864250926,50.0,1005.0,293.15,constant_cp_1005_J_kgK,PASS
gsC_c,165.0144500732422,46.5,186629.84409448464,637601.052195623,3.416393853240444,50.0,1005.0,293.15,constant_cp_1005_J_kgK,PASS
gsC_c,170.0099334716797,46.5,140769.01570435904,659392.7777182494,4.684218145725274,50.0,1005.0,293.15,constant_cp_1005_J_kgK,PASS
gsC_c,175.01390075683594,46.5,221936.01626526794,749135.5476469377,3.3754573063595665,50.0,1005.0,293.15,constant_cp_1005_J_kgK,PASS
gsC_c,180.00241088867188,46.5,164599.76764756217,605040.2843547226,3.675827086525538,50.0,1005.0,293.15,constant_cp_1005_J_kgK,PASS
gsC_c,185.00755310058594,46.5,144585.33148701664,686145.0086750226,4.74560594507218,50.0,1005.0,293.15,constant_cp_1005_J_kgK,PASS
gsC_c,190.01014709472656,46.5,212974.33421191125,733145.4731809533,3.442412325850795,50.0,1005.0,293.15,constant_cp_1005_J_kgK,PASS
gsC_c,195.0050506591797,46.5,197339.36122129913,664020.7327165661,3.3648671436202764,50.0,1005.0,293.15,constant_cp_1005_J_kgK,PASS
gsC_c,200.00747680664062,46.5,140890.53173428623,660752.3507476547,4.689827929628386,50.0,1005.0,293.15,constant_cp_1005_J_kgK,PASS
gsC_c,205.017333984375,46.5,184406.33882710422,733596.0663420281,3.9781499432610583,50.0,1005.0,293.15,constant_cp_1005_J_kgK,PASS
gsC_c,210.0058135986328,46.5,194375.48485212907,659581.1791466768,3.393335222538218,50.0,1005.0,293.15,constant_cp_1005_J_kgK,PASS
gsC_c,215.0113983154297,46.5,150437.10478161307,661282.0335507686,4.395737570931958,50.0,1005.0,293.15,constant_cp_1005_J_kgK,PASS
gsC_c,220.0168914794922,46.5,202648.9111360831,715519.8956377712,3.5308351356365333,50.0,1005.0,293.15,constant_cp_1005_J_kgK,PASS
gsC_c,225.0142822265625,46.5,186437.63086185313,663044.5784698784,3.5563881358328286,50.0,1005.0,293.15,constant_cp_1005_J_kgK,PASS
gsC_c,230.00491333007812,46.5,165137.93187440775,707409.3230405482,4.283748227987678,50.0,1005.0,293.15,constant_cp_1005_J_kgK,PASS
gsC_c,235.0085906982422,46.5,199347.87902478367,687436.8885314511,3.4484284051298233,50.0,1005.0,293.15,constant_cp_1005_J_kgK,PASS
gsC_c,240.0028533935547,46.5,143619.40637303022,641317.5167550468,4.465395958324147,50.0,1005.0,293.15,constant_cp_1005_J_kgK,PASS
gsC_c,245.01358032226562,46.5,195079.53178207198,757178.2313503932,3.8813822466841437,50.0,1005.0,293.15,constant_cp_1005_J_kgK,PASS
gsC_c,250.0149688720703,46.5,202442.17008217005,667201.0803001921,3.2957613526340683,50.0,1005.0,293.15,constant_cp_1005_J_kgK,PASS
gsC_c,255.00692749023438,46.5,146844.4458621996,674917.2634044634,4.596137493942457,50.0,1005.0,293.15,constant_cp_1005_J_kgK,PASS
gsC_c,260.0000915527344,46.5,178975.61075004275,703839.0810976905,3.9325977329987603,50.0,1005.0,293.15,constant_cp_1005_J_kgK,PASS
gsC_c,265.0103759765625,46.5,198116.8674851989,655664.5067801613,3.309483513962495,50.0,1005.0,293.15,constant_cp_1005_J_kgK,PASS
gsC_c,270.0111083984375,46.5,159385.9924386632,715349.6573763737,4.488158880408882,50.0,1005.0,293.15,constant_cp_1005_J_kgK,PASS
gsC_c,275.001708984375,46.5,219308.29912921105,737399.895391982,3.3623893775106106,50.0,1005.0,293.15,constant_cp_1005_J_kgK,PASS
gsC_c,280.00811767578125,46.5,185052.3359022165,653916.958880742,3.5336865957005523,50.0,1005.0,293.15,constant_cp_1005_J_kgK,PASS
gsC_c,285.01025390625,46.5,152322.67203930925,667642.749721844,4.383081919345164,50.0,1005.0,293.15,constant_cp_1005_J_kgK,PASS
gsC_c,290.0141296386719,46.5,185843.6309644336,672260.2200464883,3.6173433362111864,50.0,1005.0,293.15,constant_cp_1005_J_kgK,PASS
gsC_c,295.0016174316406,46.5,149766.30834250618,674379.3272248403,4.502877414074817,50.0,1005.0,293.15,constant_cp_1005_J_kgK,PASS
gsC_c,300.0,46.5,205749.89810844406,724604.3763734691,3.5217727106311876,50.0,1005.0,293.15,constant_cp_1005_J_kgK,PASS
gsC_c,0.0,50.0,0.0,0.0,0.0,50.0,1005.0,293.15,constant_cp_1005_J_kgK,NEAR_ZERO_C_T_REVIEW
gsC_c,5.008182525634766,50.0,6605533.8007434225,12455663.929813981,1.8856407832493647,50.0,1005.0,293.15,constant_cp_1005_J_kgK,PASS
gsC_c,10.00052547454834,50.0,2200649.737673431,13086382.485379592,5.946599434408294,50.0,1005.0,293.15,constant_cp_1005_J_kgK,PASS
gsC_c,15.005416870117188,50.0,2585795.433910809,18521819.304765258,7.162909742149432,50.0,1005.0,293.15,constant_cp_1005_J_kgK,PASS
gsC_c,20.014389038085938,50.0,2842916.5961163524,15221746.693350967,5.3542712839852795,50.0,1005.0,293.15,constant_cp_1005_J_kgK,PASS
gsC_c,25.00426483154297,50.0,2896930.4744369397,14608430.004440095,5.04272716702994,50.0,1005.0,293.15,constant_cp_1005_J_kgK,PASS
gsC_c,30.006431579589844,50.0,2563043.4201944848,17678184.58830803,6.897341047373515,50.0,1005.0,293.15,constant_cp_1005_J_kgK,PASS
gsC_c,35.0043830871582,50.0,2438492.383876797,16464063.738612993,6.751738839732551,50.0,1005.0,293.15,constant_cp_1005_J_kgK,PASS
gsC_c,40.00912094116211,50.0,2837487.1883273926,15382824.959388236,5.421284375368725,50.0,1005.0,293.15,constant_cp_1005_J_kgK,PASS
gsC_c,45.00844192504883,50.0,2356337.768403263,16391263.908507451,6.956245462047973,50.0,1005.0,293.15,constant_cp_1005_J_kgK,PASS
gsC_c,50.00811767578125,50.0,2620013.3824515585,17736480.00280372,6.769614278155942,50.0,1005.0,293.15,constant_cp_1005_J_kgK,PASS
gsC_c,55.000083923339844,50.0,2889661.2172311307,15532243.415710771,5.375108792370387,50.0,1005.0,293.15,constant_cp_1005_J_kgK,PASS
gsC_c,60.00104522705078,50.0,2561978.2493538894,18163701.054631785,7.089717119656468,50.0,1005.0,293.15,constant_cp_1005_J_kgK,PASS
gsC_c,65.00366973876953,50.0,2662817.6777515835,16776790.533271167,6.300390249563411,50.0,1005.0,293.15,constant_cp_1005_J_kgK,PASS
gsC_c,70.00558471679688,50.0,2948813.1893978696,15668660.844559075,5.313548142315017,50.0,1005.0,293.15,constant_cp_1005_J_kgK,PASS
gsC_c,75.01339721679688,50.0,2510204.551505741,17900972.854917984,7.131280534162093,50.0,1005.0,293.15,constant_cp_1005_J_kgK,PASS
gsC_c,80.0176773071289,50.0,2815737.346250649,16489799.225051617,5.856298793994025,50.0,1005.0,293.15,constant_cp_1005_J_kgK,PASS
gsC_c,85.00733947753906,50.0,2631449.541989049,15203349.986345239,5.777557100659202,50.0,1005.0,293.15,constant_cp_1005_J_kgK,PASS
gsC_c,90.01520538330078,50.0,2526654.016780523,17397866.44932812,6.885733596203478,50.0,1005.0,293.15,constant_cp_1005_J_kgK,PASS
gsC_c,95.00411224365234,50.0,2672393.0669165268,16248302.495104935,6.080057120434241,50.0,1005.0,293.15,constant_cp_1005_J_kgK,PASS
gsC_c,100.00709533691406,50.0,2487134.0336594786,16271658.193060646,6.542332649889042,50.0,1005.0,293.15,constant_cp_1005_J_kgK,PASS
gsC_c,105.0131607055664,50.0,2780937.543843588,18760977.96234606,6.746278068660305,50.0,1005.0,293.15,constant_cp_1005_J_kgK,PASS
gsC_c,110.01277160644531,50.0,2877097.2095585195,15377020.075716302,5.344630005767462,50.0,1005.0,293.15,constant_cp_1005_J_kgK,PASS
gsC_c,115.00991821289062,50.0,2526460.0399659835,18041567.5063163,7.141046056900709,50.0,1005.0,293.15,constant_cp_1005_J_kgK,PASS
gsC_c,120.02018737792969,50.0,3015142.348479297,16807425.503268383,5.574338973330826,50.0,1005.0,293.15,constant_cp_1005_J_kgK,PASS
gsC_c,125.00469207763672,50.0,2621433.273192956,16504904.148772549,6.296137428922329,50.0,1005.0,293.15,constant_cp_1005_J_kgK,PASS
gsC_c,130.0162353515625,50.0,2637268.7411544872,17645712.868844777,6.690904341102609,50.0,1005.0,293.15,constant_cp_1005_J_kgK,PASS
gsC_c,135.01351928710938,50.0,2859640.5310257925,15794772.42918404,5.523341922810918,50.0,1005.0,293.15,constant_cp_1005_J_kgK,PASS
gsC_c,140.00051879882812,50.0,2388623.5920559578,16456934.732319012,6.88971455655516,50.0,1005.0,293.15,constant_cp_1005_J_kgK,PASS
gsC_c,145.0050048828125,50.0,2685274.010679865,18190414.70239225,6.774137250070337,50.0,1005.0,293.15,constant_cp_1005_J_kgK,PASS
gsC_c,150.01123046875,50.0,2986548.7391076703,15756120.850260587,5.275695200932245,50.0,1005.0,293.15,constant_cp_1005_J_kgK,PASS
gsC_c,155.00003051757812,50.0,2455831.0764419837,16587264.628427692,6.754236798916711,50.0,1005.0,293.15,constant_cp_1005_J_kgK,PASS
gsC_c,160.01063537597656,50.0,2608464.411392993,16958364.737545617,6.501282771379415,50.0,1005.0,293.15,constant_cp_1005_J_kgK,PASS
gsC_c,165.0144500732422,50.0,2812138.1957873222,16136348.758222176,5.73810660599645,50.0,1005.0,293.15,constant_cp_1005_J_kgK,PASS
gsC_c,170.0099334716797,50.0,2434866.1364255697,17631391.763510477,7.24121605690968,50.0,1005.0,293.15,constant_cp_1005_J_kgK,PASS
gsC_c,175.01390075683594,50.0,3023077.4428891027,17669403.039221432,5.844839694988126,50.0,1005.0,293.15,constant_cp_1005_J_kgK,PASS
gsC_c,180.00241088867188,50.0,2839726.3345438796,16924156.332771786,5.959784267553429,50.0,1005.0,293.15,constant_cp_1005_J_kgK,PASS
gsC_c,185.00755310058594,50.0,2398953.516406085,17779552.430492472,7.411378465193578,50.0,1005.0,293.15,constant_cp_1005_J_kgK,PASS
gsC_c,190.01014709472656,50.0,2628850.4947260953,15891505.142017577,6.045039523509812,50.0,1005.0,293.15,constant_cp_1005_J_kgK,PASS
gsC_c,195.0050506591797,50.0,2879099.2657950516,15211777.662962189,5.283519690927195,50.0,1005.0,293.15,constant_cp_1005_J_kgK,PASS
gsC_c,200.00747680664062,50.0,2624424.640366629,18859538.612525307,7.186161234140312,50.0,1005.0,293.15,constant_cp_1005_J_kgK,PASS
gsC_c,205.017333984375,50.0,2525606.209557852,17301773.171977036,6.850542696046817,50.0,1005.0,293.15,constant_cp_1005_J_kgK,PASS
gsC_c,210.0058135986328,50.0,2752234.358525942,15312369.098213105,5.563613814636843,50.0,1005.0,293.15,constant_cp_1005_J_kgK,PASS
gsC_c,215.0113983154297,50.0,2570767.5619563214,17529002.952684127,6.818587262453542,50.0,1005.0,293.15,constant_cp_1005_J_kgK,PASS
gsC_c,220.0168914794922,50.0,2763600.924167196,16460744.271402474,5.9562667415024375,50.0,1005.0,293.15,constant_cp_1005_J_kgK,PASS
gsC_c,225.0142822265625,50.0,2803323.220826593,15829997.58313806,5.646868497193981,50.0,1005.0,293.15,constant_cp_1005_J_kgK,PASS
gsC_c,230.00491333007812,50.0,2696789.387268584,18418739.156363286,6.829876757642729,50.0,1005.0,293.15,constant_cp_1005_J_kgK,PASS
gsC_c,235.0085906982422,50.0,2695731.5494339103,15824300.162206655,5.870132048396908,50.0,1005.0,293.15,constant_cp_1005_J_kgK,PASS
gsC_c,240.0028533935547,50.0,2526513.3398059397,17021315.311387535,6.737077158157783,50.0,1005.0,293.15,constant_cp_1005_J_kgK,PASS
gsC_c,245.01358032226562,50.0,2782935.7552075814,18551978.048356574,6.666333570094492,50.0,1005.0,293.15,constant_cp_1005_J_kgK,PASS
gsC_c,250.0149688720703,50.0,2832417.9562069788,14682525.690130623,5.183742624549897,50.0,1005.0,293.15,constant_cp_1005_J_kgK,PASS
gsC_c,255.00692749023438,50.0,2363677.77483688,17106959.221314777,7.237432869840027,50.0,1005.0,293.15,constant_cp_1005_J_kgK,PASS
gsC_c,260.0000915527344,50.0,2631134.7467726613,17738047.01858963,6.741595822998817,50.0,1005.0,293.15,constant_cp_1005_J_kgK,PASS
gsC_c,265.0103759765625,50.0,2764021.2194291307,14844745.25633404,5.370705967083714,50.0,1005.0,293.15,constant_cp_1005_J_kgK,PASS
gsC_c,270.0111083984375,50.0,2727375.5110568698,19526738.06920618,7.159534134571545,50.0,1005.0,293.15,constant_cp_1005_J_kgK,PASS
gsC_c,275.001708984375,50.0,2922972.859322681,16019727.830607012,5.480628319730324,50.0,1005.0,293.15,constant_cp_1005_J_kgK,PASS
gsC_c,280.00811767578125,50.0,2907343.534009991,16277836.985457364,5.598869481724418,50.0,1005.0,293.15,constant_cp_1005_J_kgK,PASS
gsC_c,285.01025390625,50.0,2641749.1428183275,18532247.050352626,7.0151426378742565,50.0,1005.0,293.15,constant_cp_1005_J_kgK,PASS
gsC_c,290.0141296386719,50.0,2813114.397847495,17004047.575840726,6.044563132182493,50.0,1005.0,293.15,constant_cp_1005_J_kgK,PASS
gsC_c,295.0016174316406,50.0,2597800.2972992556,18601456.668767642,7.160464446826887,50.0,1005.0,293.15,constant_cp_1005_J_kgK,PASS
gsC_c,300.0,50.0,2949833.8794275685,17531988.561815858,5.9433816541621765,50.0,1005.0,293.15,constant_cp_1005_J_kgK,PASS
gsC_c,0.0,53.5,0.0,0.0,0.0,50.0,1005.0,293.15,constant_cp_1005_J_kgK,NEAR_ZERO_C_T_REVIEW
gsC_c,5.008182525634766,53.5,3804265.290464635,8977365.066331174,2.3598157281073107,50.0,1005.0,293.15,constant_cp_1005_J_kgK,PASS
gsC_c,10.00052547454834,53.5,3360058.2173983306,23382347.10361673,6.958911301757595,50.0,1005.0,293.15,constant_cp_1005_J_kgK,PASS
gsC_c,15.005416870117188,53.5,3364213.6001165025,28363248.015090067,8.430870148705136,50.0,1005.0,293.15,constant_cp_1005_J_kgK,PASS
gsC_c,20.014389038085938,53.5,4381017.872859811,23834531.702927615,5.440409602202573,50.0,1005.0,293.15,constant_cp_1005_J_kgK,PASS
gsC_c,25.00426483154297,53.5,4213677.445286418,22925676.94263461,5.44077643348808,50.0,1005.0,293.15,constant_cp_1005_J_kgK,PASS
gsC_c,30.006431579589844,53.5,3891236.808634493,31525707.43134221,8.101719063046476,50.0,1005.0,293.15,constant_cp_1005_J_kgK,PASS
gsC_c,35.0043830871582,53.5,3906901.322315431,29207839.10371702,7.475960280053079,50.0,1005.0,293.15,constant_cp_1005_J_kgK,PASS
gsC_c,40.00912094116211,53.5,3940235.029315898,22550844.422736257,5.723223171956704,50.0,1005.0,293.15,constant_cp_1005_J_kgK,PASS
gsC_c,45.00844192504883,53.5,3261566.5523755522,25780794.367456425,7.9044207602261105,50.0,1005.0,293.15,constant_cp_1005_J_kgK,PASS
gsC_c,50.00811767578125,53.5,4085863.9795723795,32279294.030129742,7.900237059166135,50.0,1005.0,293.15,constant_cp_1005_J_kgK,PASS
gsC_c,55.000083923339844,53.5,3886440.4861285836,21412289.90623648,5.509486117865654,50.0,1005.0,293.15,constant_cp_1005_J_kgK,PASS
gsC_c,60.00104522705078,53.5,3721711.041090004,30304039.69622672,8.142502027065312,50.0,1005.0,293.15,constant_cp_1005_J_kgK,PASS
gsC_c,65.00366973876953,53.5,4151006.6429936877,29732533.974796347,7.162728593793184,50.0,1005.0,293.15,constant_cp_1005_J_kgK,PASS
gsC_c,70.00558471679688,53.5,3780954.140901144,21215467.832957104,5.611141273430165,50.0,1005.0,293.15,constant_cp_1005_J_kgK,PASS
gsC_c,75.01339721679688,53.5,3719036.713819571,30273551.302733503,8.140159302606502,50.0,1005.0,293.15,constant_cp_1005_J_kgK,PASS
gsC_c,80.0176773071289,53.5,4821602.5127025265,30336979.396578494,6.291887254632796,50.0,1005.0,293.15,constant_cp_1005_J_kgK,PASS
gsC_c,85.00733947753906,53.5,3379257.528207428,21465510.552989483,6.352138117267477,50.0,1005.0,293.15,constant_cp_1005_J_kgK,PASS
gsC_c,90.01520538330078,53.5,3348421.165181874,26056361.3939927,7.781685788196661,50.0,1005.0,293.15,constant_cp_1005_J_kgK,PASS
gsC_c,95.00411224365234,53.5,4121705.948761256,26984345.9769827,6.54688769951981,50.0,1005.0,293.15,constant_cp_1005_J_kgK,PASS
gsC_c,100.00709533691406,53.5,3454897.3145015435,24453387.418274492,7.077891234461336,50.0,1005.0,293.15,constant_cp_1005_J_kgK,PASS
gsC_c,105.0131607055664,53.5,4027501.5715260673,30764491.969455753,7.638604584777038,50.0,1005.0,293.15,constant_cp_1005_J_kgK,PASS
gsC_c,110.01277160644531,53.5,3948967.885484655,22532329.67034594,5.705878174691854,50.0,1005.0,293.15,constant_cp_1005_J_kgK,PASS
gsC_c,115.00991821289062,53.5,3553184.383462934,28770264.79663876,8.097036824359577,50.0,1005.0,293.15,constant_cp_1005_J_kgK,PASS
gsC_c,120.02018737792969,53.5,5091058.995494734,29745330.642285906,5.842660764412403,50.0,1005.0,293.15,constant_cp_1005_J_kgK,PASS
gsC_c,125.00469207763672,53.5,3504707.7398745813,24063739.087123778,6.866118624768669,50.0,1005.0,293.15,constant_cp_1005_J_kgK,PASS
gsC_c,130.0162353515625,53.5,3839489.4407345727,30452270.420322835,7.931333290630612,50.0,1005.0,293.15,constant_cp_1005_J_kgK,PASS
gsC_c,135.01351928710938,53.5,4279026.0659623835,24582389.16800818,5.744856139940204,50.0,1005.0,293.15,constant_cp_1005_J_kgK,PASS
gsC_c,140.00051879882812,53.5,3223535.2470266777,24596408.90960438,7.6302590245574615,50.0,1005.0,293.15,constant_cp_1005_J_kgK,PASS
gsC_c,145.0050048828125,53.5,4689059.424045296,34883314.94242005,7.439298969754978,50.0,1005.0,293.15,constant_cp_1005_J_kgK,PASS
gsC_c,150.01123046875,53.5,4685331.462085022,26164121.065640677,5.58426256015564,50.0,1005.0,293.15,constant_cp_1005_J_kgK,PASS
gsC_c,155.00003051757812,53.5,3462848.462683743,26572838.339564905,7.6736936732630445,50.0,1005.0,293.15,constant_cp_1005_J_kgK,PASS
gsC_c,160.01063537597656,53.5,4571549.55548114,32658935.552285593,7.143953085475927,50.0,1005.0,293.15,constant_cp_1005_J_kgK,PASS
gsC_c,165.0144500732422,53.5,3529436.27216504,22383951.528606087,6.342075561793678,50.0,1005.0,293.15,constant_cp_1005_J_kgK,PASS
gsC_c,170.0099334716797,53.5,3645091.4898193176,29515662.901730586,8.09737231127596,50.0,1005.0,293.15,constant_cp_1005_J_kgK,PASS
gsC_c,175.01390075683594,53.5,5076775.280752634,31116552.43966674,6.129196334066158,50.0,1005.0,293.15,constant_cp_1005_J_kgK,PASS
gsC_c,180.00241088867188,53.5,3662315.728016425,23148462.719965134,6.320717392790912,50.0,1005.0,293.15,constant_cp_1005_J_kgK,PASS
gsC_c,185.00755310058594,53.5,3698749.529033697,31167228.021158468,8.426422977957346,50.0,1005.0,293.15,constant_cp_1005_J_kgK,PASS
gsC_c,190.01014709472656,53.5,4942223.836870407,32116853.9740101,6.498462035330968,50.0,1005.0,293.15,constant_cp_1005_J_kgK,PASS
gsC_c,195.0050506591797,53.5,4137247.3598789885,24440862.080095906,5.907517717483244,50.0,1005.0,293.15,constant_cp_1005_J_kgK,PASS
gsC_c,200.00747680664062,53.5,3688411.9358106633,30291936.49308342,8.212731392331767,50.0,1005.0,293.15,constant_cp_1005_J_kgK,PASS
gsC_c,205.017333984375,53.5,4244800.694924858,30787996.01834802,7.253107561718636,50.0,1005.0,293.15,constant_cp_1005_J_kgK,PASS
gsC_c,210.0058135986328,53.5,3903781.8798255124,23427960.013203576,6.001349648728512,50.0,1005.0,293.15,constant_cp_1005_J_kgK,PASS
gsC_c,215.0113983154297,53.5,3642826.085032407,28054631.224883925,7.701336975749239,50.0,1005.0,293.15,constant_cp_1005_J_kgK,PASS
gsC_c,220.0168914794922,53.5,4346837.013283937,27572175.938376497,6.343043425395501,50.0,1005.0,293.15,constant_cp_1005_J_kgK,PASS
gsC_c,225.0142822265625,53.5,4108171.2857285887,25743593.168319978,6.266436177515494,50.0,1005.0,293.15,constant_cp_1005_J_kgK,PASS
gsC_c,230.00491333007812,53.5,3899150.7351860413,29897976.517989278,7.667817570679976,50.0,1005.0,293.15,constant_cp_1005_J_kgK,PASS
gsC_c,235.0085906982422,53.5,3974449.578365579,24139996.935202774,6.073796247562388,50.0,1005.0,293.15,constant_cp_1005_J_kgK,PASS
gsC_c,240.0028533935547,53.5,3553217.9045617506,27281037.437217508,7.677839685033983,50.0,1005.0,293.15,constant_cp_1005_J_kgK,PASS
gsC_c,245.01358032226562,53.5,4728522.2997654965,34466407.999865815,7.289044190734834,50.0,1005.0,293.15,constant_cp_1005_J_kgK,PASS
gsC_c,250.0149688720703,53.5,3857083.600688652,21627063.36400731,5.607102568413596,50.0,1005.0,293.15,constant_cp_1005_J_kgK,PASS
gsC_c,255.00692749023438,53.5,3369218.354457904,27427454.91666403,8.140598806952958,50.0,1005.0,293.15,constant_cp_1005_J_kgK,PASS
gsC_c,260.0000915527344,53.5,4220830.633821318,31209018.40983207,7.39404660299697,50.0,1005.0,293.15,constant_cp_1005_J_kgK,PASS
gsC_c,265.0103759765625,53.5,3820734.655780405,21861268.71859704,5.72174481824406,50.0,1005.0,293.15,constant_cp_1005_J_kgK,PASS
gsC_c,270.0111083984375,53.5,3610292.36402085,30316189.376292426,8.397156329613347,50.0,1005.0,293.15,constant_cp_1005_J_kgK,PASS
gsC_c,275.001708984375,53.5,4462452.5503484765,26192940.381737508,5.869628883715991,50.0,1005.0,293.15,constant_cp_1005_J_kgK,PASS
gsC_c,280.00811767578125,53.5,4146473.8787138844,25254961.339532245,6.0907079311845544,50.0,1005.0,293.15,constant_cp_1005_J_kgK,PASS
gsC_c,285.01025390625,53.5,3780805.4128459687,29103557.049713835,7.697713548237431,50.0,1005.0,293.15,constant_cp_1005_J_kgK,PASS
gsC_c,290.0141296386719,53.5,4005655.3992765173,25408486.063326623,6.343153249756776,50.0,1005.0,293.15,constant_cp_1005_J_kgK,PASS
gsC_c,295.0016174316406,53.5,3504743.8416083874,27873012.895132575,7.952938689619371,50.0,1005.0,293.15,constant_cp_1005_J_kgK,PASS
gsC_c,300.0,53.5,4136777.9324436393,25938153.83000833,6.270134450917064,50.0,1005.0,293.15,constant_cp_1005_J_kgK,PASS
gsC_c,0.0,60.5,0.0,0.0,0.0,50.0,1005.0,293.15,constant_cp_1005_J_kgK,NEAR_ZERO_C_T_REVIEW
gsC_c,5.008182525634766,60.5,10597.861156780435,17964.084996563823,1.6950670263375582,50.0,1005.0,293.15,constant_cp_1005_J_kgK,PASS
gsC_c,10.00052547454834,60.5,7326513.194139107,51844869.75289194,7.076336093186263,50.0,1005.0,293.15,constant_cp_1005_J_kgK,PASS
gsC_c,15.005416870117188,60.5,7811535.40354792,69697912.0365789,8.922434378895959,50.0,1005.0,293.15,constant_cp_1005_J_kgK,PASS
gsC_c,20.014389038085938,60.5,5104439.891929047,31935773.396559753,6.2564696759492495,50.0,1005.0,293.15,constant_cp_1005_J_kgK,PASS
gsC_c,25.00426483154297,60.5,4479742.570814475,30688952.639838174,6.85060629148128,50.0,1005.0,293.15,constant_cp_1005_J_kgK,PASS
gsC_c,30.006431579589844,60.5,7301498.87486119,67434829.5346054,9.235751547778936,50.0,1005.0,293.15,constant_cp_1005_J_kgK,PASS
gsC_c,35.0043830871582,60.5,7246807.756255766,58615727.49279945,8.088489368605059,50.0,1005.0,293.15,constant_cp_1005_J_kgK,PASS
gsC_c,40.00912094116211,60.5,4801153.4552812725,31869607.16385095,6.637906382432819,50.0,1005.0,293.15,constant_cp_1005_J_kgK,PASS
gsC_c,45.00844192504883,60.5,6557359.545303547,59374375.15926795,9.054616381649002,50.0,1005.0,293.15,constant_cp_1005_J_kgK,PASS
gsC_c,50.00811767578125,60.5,6333934.17570668,55354031.82602663,8.739281194037789,50.0,1005.0,293.15,constant_cp_1005_J_kgK,PASS
gsC_c,55.000083923339844,60.5,5549672.686101378,35631605.47622705,6.420487746144557,50.0,1005.0,293.15,constant_cp_1005_J_kgK,PASS
gsC_c,60.00104522705078,60.5,6231596.877305097,57745290.48329659,9.266531776726383,50.0,1005.0,293.15,constant_cp_1005_J_kgK,PASS
gsC_c,65.00366973876953,60.5,7285323.861822384,56525001.97729468,7.758749377430594,50.0,1005.0,293.15,constant_cp_1005_J_kgK,PASS
gsC_c,70.00558471679688,60.5,5206613.394556928,36853471.58570282,7.078203967329317,50.0,1005.0,293.15,constant_cp_1005_J_kgK,PASS
gsC_c,75.01339721679688,60.5,7944822.442429524,74589854.26651299,9.388485999153863,50.0,1005.0,293.15,constant_cp_1005_J_kgK,PASS
gsC_c,80.0176773071289,60.5,5634150.270387197,40161567.35247245,7.128238585250302,50.0,1005.0,293.15,constant_cp_1005_J_kgK,PASS
gsC_c,85.00733947753906,60.5,5738481.194986727,44422572.44530046,7.741172434983156,50.0,1005.0,293.15,constant_cp_1005_J_kgK,PASS
gsC_c,90.01520538330078,60.5,6517527.782626848,59666050.48945354,9.154705968189292,50.0,1005.0,293.15,constant_cp_1005_J_kgK,PASS
gsC_c,95.00411224365234,60.5,6607585.215903027,46692082.43616832,7.0664366649090775,50.0,1005.0,293.15,constant_cp_1005_J_kgK,PASS
gsC_c,100.00709533691406,60.5,5784103.055735682,49342734.81490182,8.530749597549468,50.0,1005.0,293.15,constant_cp_1005_J_kgK,PASS
gsC_c,105.0131607055664,60.5,7642205.419476643,62760456.257810295,8.21234876752479,50.0,1005.0,293.15,constant_cp_1005_J_kgK,PASS
gsC_c,110.01277160644531,60.5,5175929.684137087,35329720.379496835,6.825772863138668,50.0,1005.0,293.15,constant_cp_1005_J_kgK,PASS
gsC_c,115.00991821289062,60.5,7156721.775292178,65798690.49825058,9.19397072629169,50.0,1005.0,293.15,constant_cp_1005_J_kgK,PASS
gsC_c,120.02018737792969,60.5,5219241.757683035,35835404.426612854,6.866017343201433,50.0,1005.0,293.15,constant_cp_1005_J_kgK,PASS
gsC_c,125.00469207763672,60.5,5661940.493582005,48391269.9559748,8.54676413692936,50.0,1005.0,293.15,constant_cp_1005_J_kgK,PASS
gsC_c,130.0162353515625,60.5,7711430.155902443,66744039.4943697,8.655208974859587,50.0,1005.0,293.15,constant_cp_1005_J_kgK,PASS
gsC_c,135.01351928710938,60.5,5027269.707834202,33416921.507355757,6.64713123612222,50.0,1005.0,293.15,constant_cp_1005_J_kgK,PASS
gsC_c,140.00051879882812,60.5,6788800.335524847,59808135.07046966,8.809823844354652,50.0,1005.0,293.15,constant_cp_1005_J_kgK,PASS
gsC_c,145.0050048828125,60.5,7086349.489381704,61218039.644213974,8.638868254514406,50.0,1005.0,293.15,constant_cp_1005_J_kgK,PASS
gsC_c,150.01123046875,60.5,4241685.29989134,28043067.660898842,6.611303215167147,50.0,1005.0,293.15,constant_cp_1005_J_kgK,PASS
gsC_c,155.00003051757812,60.5,6686245.852768581,60644874.52536748,9.070093421745206,50.0,1005.0,293.15,constant_cp_1005_J_kgK,PASS
gsC_c,160.01063537597656,60.5,6532226.039576145,49744339.90331793,7.615220233031874,50.0,1005.0,293.15,constant_cp_1005_J_kgK,PASS
gsC_c,165.0144500732422,60.5,6122363.008770848,44021356.99295657,7.190255940376604,50.0,1005.0,293.15,constant_cp_1005_J_kgK,PASS
gsC_c,170.0099334716797,60.5,7194750.145039402,68913454.22597167,9.578297068937932,50.0,1005.0,293.15,constant_cp_1005_J_kgK,PASS
gsC_c,175.01390075683594,60.5,5724869.163660665,40026307.46576433,6.9916545376855765,50.0,1005.0,293.15,constant_cp_1005_J_kgK,PASS
gsC_c,180.00241088867188,60.5,5355703.735273116,41002016.66058681,7.655766391733745,50.0,1005.0,293.15,constant_cp_1005_J_kgK,PASS
gsC_c,185.00755310058594,60.5,8226440.197966022,80299219.09845386,9.761113819110694,50.0,1005.0,293.15,constant_cp_1005_J_kgK,PASS
gsC_c,190.01014709472656,60.5,6757430.523203218,50662771.03600617,7.497342497572663,50.0,1005.0,293.15,constant_cp_1005_J_kgK,PASS
gsC_c,195.0050506591797,60.5,5548585.055657049,38401720.05287707,6.92099331048817,50.0,1005.0,293.15,constant_cp_1005_J_kgK,PASS
gsC_c,200.00747680664062,60.5,7779346.339341696,73034481.8781742,9.388254320137971,50.0,1005.0,293.15,constant_cp_1005_J_kgK,PASS
gsC_c,205.017333984375,60.5,7347949.744756617,60336100.04103585,8.211283710002338,50.0,1005.0,293.15,constant_cp_1005_J_kgK,PASS
gsC_c,210.0058135986328,60.5,5748183.233440865,41146959.376070134,7.158254652825244,50.0,1005.0,293.15,constant_cp_1005_J_kgK,PASS
gsC_c,215.0113983154297,60.5,6533871.109614767,59756095.13142033,9.145588293513722,50.0,1005.0,293.15,constant_cp_1005_J_kgK,PASS
gsC_c,220.0168914794922,60.5,6319705.1569476845,47807146.28192316,7.564774794812299,50.0,1005.0,293.15,constant_cp_1005_J_kgK,PASS
gsC_c,225.0142822265625,60.5,5055248.390361311,37482109.9240063,7.414494210704324,50.0,1005.0,293.15,constant_cp_1005_J_kgK,PASS
gsC_c,230.00491333007812,60.5,7150196.074532617,66453360.51497817,9.293921428486419,50.0,1005.0,293.15,constant_cp_1005_J_kgK,PASS
gsC_c,235.0085906982422,60.5,5651029.871711699,39475715.40427751,6.985578965329428,50.0,1005.0,293.15,constant_cp_1005_J_kgK,PASS
gsC_c,240.0028533935547,60.5,6224924.442196396,56099110.654288426,9.012014712020257,50.0,1005.0,293.15,constant_cp_1005_J_kgK,PASS
gsC_c,245.01358032226562,60.5,6888003.324915396,54341404.86883601,7.889282612897616,50.0,1005.0,293.15,constant_cp_1005_J_kgK,PASS
gsC_c,250.0149688720703,60.5,5141444.923111539,35748351.083797045,6.952977541994668,50.0,1005.0,293.15,constant_cp_1005_J_kgK,PASS
gsC_c,255.00692749023438,60.5,7599545.059208091,68997573.68062405,9.079171600808158,50.0,1005.0,293.15,constant_cp_1005_J_kgK,PASS
gsC_c,260.0000915527344,60.5,6979789.062867067,59304076.860143766,8.496542850506087,50.0,1005.0,293.15,constant_cp_1005_J_kgK,PASS
gsC_c,265.0103759765625,60.5,5342470.5516204275,37825888.806650504,7.080224110019195,50.0,1005.0,293.15,constant_cp_1005_J_kgK,PASS
gsC_c,270.0111083984375,60.5,7812238.593711814,74443156.08763084,9.529042821036114,50.0,1005.0,293.15,constant_cp_1005_J_kgK,PASS
gsC_c,275.001708984375,60.5,6434504.78782507,43578859.091628775,6.772682673899895,50.0,1005.0,293.15,constant_cp_1005_J_kgK,PASS
gsC_c,280.00811767578125,60.5,5823188.65063386,44871351.569069415,7.705632474088764,50.0,1005.0,293.15,constant_cp_1005_J_kgK,PASS
gsC_c,285.01025390625,60.5,6843571.967976009,60741926.20132067,8.875763488067056,50.0,1005.0,293.15,constant_cp_1005_J_kgK,PASS
gsC_c,290.0141296386719,60.5,6037937.368646831,44098718.17288809,7.303606427234454,50.0,1005.0,293.15,constant_cp_1005_J_kgK,PASS
gsC_c,295.0016174316406,60.5,6166196.232462414,58576439.573761374,9.499606786008723,50.0,1005.0,293.15,constant_cp_1005_J_kgK,PASS
gsC_c,300.0,60.5,6095316.494143197,44344627.36693163,7.275196851474574,50.0,1005.0,293.15,constant_cp_1005_J_kgK,PASS
gsC_c,0.0,71.0,0.0,0.0,0.0,50.0,1005.0,293.15,constant_cp_1005_J_kgK,NEAR_ZERO_C_T_REVIEW
gsC_c,5.008182525634766,71.0,232.93761343833717,346.8160073097523,1.4888793706992793,50.0,1005.0,293.15,constant_cp_1005_J_kgK,PASS
gsC_c,10.00052547454834,71.0,6048647.781368226,46533104.89615661,7.693141769552772,50.0,1005.0,293.15,constant_cp_1005_J_kgK,PASS
gsC_c,15.005416870117188,71.0,5967117.626749434,46754352.98544283,7.835332887666251,50.0,1005.0,293.15,constant_cp_1005_J_kgK,PASS
gsC_c,20.014389038085938,71.0,8055609.163118726,44268407.24957217,5.495351916059651,50.0,1005.0,293.15,constant_cp_1005_J_kgK,PASS
gsC_c,25.00426483154297,71.0,8738549.524362547,55918723.50383886,6.399085265574204,50.0,1005.0,293.15,constant_cp_1005_J_kgK,PASS
gsC_c,30.006431579589844,71.0,6483864.609552745,60591532.01474987,9.344971812872176,50.0,1005.0,293.15,constant_cp_1005_J_kgK,PASS
gsC_c,35.0043830871582,71.0,6629732.23539006,51071390.747231126,7.703386642767834,50.0,1005.0,293.15,constant_cp_1005_J_kgK,PASS
gsC_c,40.00912094116211,71.0,8776757.129230507,54817748.2495548,6.245786164799672,50.0,1005.0,293.15,constant_cp_1005_J_kgK,PASS
gsC_c,45.00844192504883,71.0,7592805.9180896,67716744.5186727,8.918540161462559,50.0,1005.0,293.15,constant_cp_1005_J_kgK,PASS
gsC_c,50.00811767578125,71.0,6950512.390697094,55863968.156849146,8.037388471045704,50.0,1005.0,293.15,constant_cp_1005_J_kgK,PASS
gsC_c,55.000083923339844,71.0,8290746.854377565,50030707.48519254,6.034523591656403,50.0,1005.0,293.15,constant_cp_1005_J_kgK,PASS
gsC_c,60.00104522705078,71.0,6988224.146156292,62188775.02751071,8.899081329799097,50.0,1005.0,293.15,constant_cp_1005_J_kgK,PASS
gsC_c,65.00366973876953,71.0,7101016.18463829,49903860.308379784,7.027706881775227,50.0,1005.0,293.15,constant_cp_1005_J_kgK,PASS
gsC_c,70.00558471679688,71.0,8664414.57342641,57927156.589920156,6.68563999321796,50.0,1005.0,293.15,constant_cp_1005_J_kgK,PASS
gsC_c,75.01339721679688,71.0,5623536.878013366,52387240.47601074,9.31571031050438,50.0,1005.0,293.15,constant_cp_1005_J_kgK,PASS
gsC_c,80.0176773071289,71.0,7483080.190574918,47535174.825623125,6.352354059427904,50.0,1005.0,293.15,constant_cp_1005_J_kgK,PASS
gsC_c,85.00733947753906,71.0,8252203.495366162,59963528.94065909,7.266365762105872,50.0,1005.0,293.15,constant_cp_1005_J_kgK,PASS
gsC_c,90.01520538330078,71.0,6445961.500224212,57362580.92982554,8.89899527445677,50.0,1005.0,293.15,constant_cp_1005_J_kgK,PASS
gsC_c,95.00411224365234,71.0,7140500.002996944,48223302.08300713,6.753490940797883,50.0,1005.0,293.15,constant_cp_1005_J_kgK,PASS
gsC_c,100.00709533691406,71.0,8239021.309609057,69762429.86701104,8.467319994141546,50.0,1005.0,293.15,constant_cp_1005_J_kgK,PASS
gsC_c,105.0131607055664,71.0,6518101.217374133,52603217.58799446,8.070328433651735,50.0,1005.0,293.15,constant_cp_1005_J_kgK,PASS
gsC_c,110.01277160644531,71.0,8320576.559118902,52439888.10231517,6.302434420225829,50.0,1005.0,293.15,constant_cp_1005_J_kgK,PASS
gsC_c,115.00991821289062,71.0,6982034.859895499,67604947.2182039,9.68269975369555,50.0,1005.0,293.15,constant_cp_1005_J_kgK,PASS
gsC_c,120.02018737792969,71.0,7477995.342867771,47969294.887486905,6.41472649929345,50.0,1005.0,293.15,constant_cp_1005_J_kgK,PASS
gsC_c,125.00469207763672,71.0,7980176.469738688,66508016.570373505,8.334153614594353,50.0,1005.0,293.15,constant_cp_1005_J_kgK,PASS
gsC_c,130.0162353515625,71.0,6630134.912246969,54755872.95425027,8.258636314188267,50.0,1005.0,293.15,constant_cp_1005_J_kgK,PASS
gsC_c,135.01351928710938,71.0,8153509.114725397,50374492.293515146,6.178259150104808,50.0,1005.0,293.15,constant_cp_1005_J_kgK,PASS
gsC_c,140.00051879882812,71.0,7852348.030131504,71147751.84590583,9.06069771396955,50.0,1005.0,293.15,constant_cp_1005_J_kgK,PASS
gsC_c,145.0050048828125,71.0,6395019.553029397,49373626.69592334,7.72063733136429,50.0,1005.0,293.15,constant_cp_1005_J_kgK,PASS
gsC_c,150.01123046875,71.0,8381603.607402508,51829405.56606929,6.183709943082291,50.0,1005.0,293.15,constant_cp_1005_J_kgK,PASS
gsC_c,155.00003051757812,71.0,7586757.032084741,68545790.33848663,9.034926260140315,50.0,1005.0,293.15,constant_cp_1005_J_kgK,PASS
gsC_c,160.01063537597656,71.0,6910738.834592782,49985054.98481186,7.232953839118309,50.0,1005.0,293.15,constant_cp_1005_J_kgK,PASS
gsC_c,165.0144500732422,71.0,8098819.7137721935,54979646.13896875,6.7885998308463185,50.0,1005.0,293.15,constant_cp_1005_J_kgK,PASS
gsC_c,170.0099334716797,71.0,6567695.210910596,63964970.784197,9.739333012581806,50.0,1005.0,293.15,constant_cp_1005_J_kgK,PASS
gsC_c,175.01390075683594,71.0,7478014.95364261,49504443.99993615,6.619997995032367,50.0,1005.0,293.15,constant_cp_1005_J_kgK,PASS
gsC_c,180.00241088867188,71.0,8361079.666038033,59791015.71716736,7.151111830692534,50.0,1005.0,293.15,constant_cp_1005_J_kgK,PASS
gsC_c,185.00755310058594,71.0,5521202.080902519,53273466.10203932,9.648889013917602,50.0,1005.0,293.15,constant_cp_1005_J_kgK,PASS
gsC_c,190.01014709472656,71.0,7449482.434398191,50754317.470762,6.813133384462057,50.0,1005.0,293.15,constant_cp_1005_J_kgK,PASS
gsC_c,195.0050506591797,71.0,8234563.369604537,54537555.59011105,6.623005148204985,50.0,1005.0,293.15,constant_cp_1005_J_kgK,PASS
gsC_c,200.00747680664062,71.0,6607172.187148233,61745189.84543298,9.345176438043344,50.0,1005.0,293.15,constant_cp_1005_J_kgK,PASS
gsC_c,205.017333984375,71.0,7581416.918012072,56227133.93167691,7.4164413512323035,50.0,1005.0,293.15,constant_cp_1005_J_kgK,PASS
gsC_c,210.0058135986328,71.0,8157511.842220307,52707476.07556486,6.461219682547094,50.0,1005.0,293.15,constant_cp_1005_J_kgK,PASS
gsC_c,215.0113983154297,71.0,6968863.73534094,63439339.415803894,9.103254393407969,50.0,1005.0,293.15,constant_cp_1005_J_kgK,PASS
gsC_c,220.0168914794922,71.0,6130659.884372311,42735631.26983384,6.97080446083323,50.0,1005.0,293.15,constant_cp_1005_J_kgK,PASS
gsC_c,225.0142822265625,71.0,8529498.288315956,62176814.030329496,7.289621491043822,50.0,1005.0,293.15,constant_cp_1005_J_kgK,PASS
gsC_c,230.00491333007812,71.0,6153772.0838713385,53008264.44710776,8.613946653311906,50.0,1005.0,293.15,constant_cp_1005_J_kgK,PASS
gsC_c,235.0085906982422,71.0,7436129.640562835,49021383.57756002,6.5923250329252765,50.0,1005.0,293.15,constant_cp_1005_J_kgK,PASS
gsC_c,240.0028533935547,71.0,7479502.748380473,67201883.01667705,8.984806246809413,50.0,1005.0,293.15,constant_cp_1005_J_kgK,PASS
gsC_c,245.01358032226562,71.0,7205126.122247393,53479142.346395046,7.422374215111455,50.0,1005.0,293.15,constant_cp_1005_J_kgK,PASS
gsC_c,250.0149688720703,71.0,8241618.424914285,54878275.16081749,6.658677013597391,50.0,1005.0,293.15,constant_cp_1005_J_kgK,PASS
gsC_c,255.00692749023438,71.0,6430086.5425974615,62481757.21232216,9.717094287673829,50.0,1005.0,293.15,constant_cp_1005_J_kgK,PASS
gsC_c,260.0000915527344,71.0,7342172.532754233,57079405.030406386,7.774184653897593,50.0,1005.0,293.15,constant_cp_1005_J_kgK,PASS
gsC_c,265.0103759765625,71.0,8227326.952889897,54270865.58448677,6.596415323621459,50.0,1005.0,293.15,constant_cp_1005_J_kgK,PASS
gsC_c,270.0111083984375,71.0,6318980.572494922,61537180.22923509,9.738466438256253,50.0,1005.0,293.15,constant_cp_1005_J_kgK,PASS
gsC_c,275.001708984375,71.0,7494340.249683175,47033297.490668364,6.27584229214262,50.0,1005.0,293.15,constant_cp_1005_J_kgK,PASS
gsC_c,280.00811767578125,71.0,8219597.914497251,59832940.94593659,7.279302657908206,50.0,1005.0,293.15,constant_cp_1005_J_kgK,PASS
gsC_c,285.01025390625,71.0,7049785.99593574,62942394.46906465,8.928270234777546,50.0,1005.0,293.15,constant_cp_1005_J_kgK,PASS
gsC_c,290.0141296386719,71.0,7454151.9212666135,49727018.10272761,6.671049722082665,50.0,1005.0,293.15,constant_cp_1005_J_kgK,PASS
gsC_c,295.0016174316406,71.0,7718163.441024464,69494545.77341263,9.004026191519511,50.0,1005.0,293.15,constant_cp_1005_J_kgK,PASS
gsC_c,300.0,71.0,7372625.641277606,50861984.259951495,6.898761273756684,50.0,1005.0,293.15,constant_cp_1005_J_kgK,PASS
gsC_c,0.0,78.0,0.0,0.0,0.0,50.0,1005.0,293.15,constant_cp_1005_J_kgK,NEAR_ZERO_C_T_REVIEW
gsC_c,5.008182525634766,78.0,-5.207625253030557,-6.86571403025317,1.3183963314063927,50.0,1005.0,293.15,constant_cp_1005_J_kgK,PASS
gsC_c,10.00052547454834,78.0,4321284.362792769,36140335.088263616,8.36333183704364,50.0,1005.0,293.15,constant_cp_1005_J_kgK,PASS
gsC_c,15.005416870117188,78.0,7537287.356084723,62277685.42505509,8.262612592948226,50.0,1005.0,293.15,constant_cp_1005_J_kgK,PASS
gsC_c,20.014389038085938,78.0,7460480.10887472,40288180.670523115,5.4002128660054645,50.0,1005.0,293.15,constant_cp_1005_J_kgK,PASS
gsC_c,25.00426483154297,78.0,6550450.9392460175,40172709.58992897,6.1328158874132415,50.0,1005.0,293.15,constant_cp_1005_J_kgK,PASS
gsC_c,30.006431579589844,78.0,7041478.702439143,63804557.28537813,9.061244091141885,50.0,1005.0,293.15,constant_cp_1005_J_kgK,PASS
gsC_c,35.0043830871582,78.0,7834085.615630178,59958015.80732313,7.653479774039981,50.0,1005.0,293.15,constant_cp_1005_J_kgK,PASS
gsC_c,40.00912094116211,78.0,7297244.1772509795,44139570.477274835,6.048799986011034,50.0,1005.0,293.15,constant_cp_1005_J_kgK,PASS
gsC_c,45.00844192504883,78.0,5882844.607302811,49298397.76805985,8.380027190733898,50.0,1005.0,293.15,constant_cp_1005_J_kgK,PASS
gsC_c,50.00811767578125,78.0,7797379.202739658,63564477.09734354,8.152031015114638,50.0,1005.0,293.15,constant_cp_1005_J_kgK,PASS
gsC_c,55.000083923339844,78.0,7364370.9144472405,44290994.20170306,6.014226431047094,50.0,1005.0,293.15,constant_cp_1005_J_kgK,PASS
gsC_c,60.00104522705078,78.0,6323707.4129955545,55194741.33186143,8.728225031163412,50.0,1005.0,293.15,constant_cp_1005_J_kgK,PASS
gsC_c,65.00366973876953,78.0,7878104.525470072,56544684.09734141,7.177447813053417,50.0,1005.0,293.15,constant_cp_1005_J_kgK,PASS
gsC_c,70.00558471679688,78.0,6820665.836044771,44125843.30420701,6.469433390361651,50.0,1005.0,293.15,constant_cp_1005_J_kgK,PASS
gsC_c,75.01339721679688,78.0,6946013.394671451,63103760.607446425,9.084888989107865,50.0,1005.0,293.15,constant_cp_1005_J_kgK,PASS
gsC_c,80.0176773071289,78.0,7139109.4354086155,45665589.46817838,6.396538655323841,50.0,1005.0,293.15,constant_cp_1005_J_kgK,PASS
gsC_c,85.00733947753906,78.0,7062727.005625533,50215877.555337995,7.109984219316496,50.0,1005.0,293.15,constant_cp_1005_J_kgK,PASS
gsC_c,90.01520538330078,78.0,7029905.636966808,61156004.63299431,8.69940619279511,50.0,1005.0,293.15,constant_cp_1005_J_kgK,PASS
gsC_c,95.00411224365234,78.0,7837066.850846084,53279422.40580624,6.798388149522322,50.0,1005.0,293.15,constant_cp_1005_J_kgK,PASS
gsC_c,100.00709533691406,78.0,6604161.025182358,54739138.304767214,8.288583227459345,50.0,1005.0,293.15,constant_cp_1005_J_kgK,PASS
gsC_c,105.0131607055664,78.0,7517377.515667811,59711525.57952816,7.943132489365693,50.0,1005.0,293.15,constant_cp_1005_J_kgK,PASS
gsC_c,110.01277160644531,78.0,7415457.493130345,45690632.11893277,6.161539212012261,50.0,1005.0,293.15,constant_cp_1005_J_kgK,PASS
gsC_c,115.00991821289062,78.0,7017136.823410203,62923575.34623285,8.967129604244072,50.0,1005.0,293.15,constant_cp_1005_J_kgK,PASS
gsC_c,120.02018737792969,78.0,7985570.251314935,49925465.57438688,6.251959973198652,50.0,1005.0,293.15,constant_cp_1005_J_kgK,PASS
gsC_c,125.00469207763672,78.0,7088596.9907377325,57680340.81221939,8.137060251497864,50.0,1005.0,293.15,constant_cp_1005_J_kgK,PASS
gsC_c,130.0162353515625,78.0,7601106.054857067,61310065.79597226,8.065940055762733,50.0,1005.0,293.15,constant_cp_1005_J_kgK,PASS
gsC_c,135.01351928710938,78.0,7108948.516391899,42381946.50341813,5.961774291330613,50.0,1005.0,293.15,constant_cp_1005_J_kgK,PASS
gsC_c,140.00051879882812,78.0,6076525.895154823,51148891.95508821,8.417456427836878,50.0,1005.0,293.15,constant_cp_1005_J_kgK,PASS
gsC_c,145.0050048828125,78.0,7307245.794154396,57584101.501096115,7.880411186819782,50.0,1005.0,293.15,constant_cp_1005_J_kgK,PASS
gsC_c,150.01123046875,78.0,6954327.674735203,42658432.96058148,6.1340844084120265,50.0,1005.0,293.15,constant_cp_1005_J_kgK,PASS
gsC_c,155.00003051757812,78.0,6414548.572429039,56451076.32337068,8.80047530795982,50.0,1005.0,293.15,constant_cp_1005_J_kgK,PASS
gsC_c,160.01063537597656,78.0,7881064.793110084,56735924.34141272,7.199017623990777,50.0,1005.0,293.15,constant_cp_1005_J_kgK,PASS
gsC_c,165.0144500732422,78.0,7689886.42221864,53125745.2731398,6.908521447032278,50.0,1005.0,293.15,constant_cp_1005_J_kgK,PASS
gsC_c,170.0099334716797,78.0,7089125.583647497,64864539.148938894,9.149864589585219,50.0,1005.0,293.15,constant_cp_1005_J_kgK,PASS
gsC_c,175.01390075683594,78.0,7867203.854342192,51504330.84805642,6.546713648411351,50.0,1005.0,293.15,constant_cp_1005_J_kgK,PASS
gsC_c,180.00241088867188,78.0,7004864.089653072,49148781.02728836,7.0163789615684795,50.0,1005.0,293.15,constant_cp_1005_J_kgK,PASS
gsC_c,185.00755310058594,78.0,7350070.972214457,70426497.83033821,9.5817439173815,50.0,1005.0,293.15,constant_cp_1005_J_kgK,PASS
gsC_c,190.01014709472656,78.0,8214867.445134687,57902584.61838357,7.048511129985034,50.0,1005.0,293.15,constant_cp_1005_J_kgK,PASS
gsC_c,195.0050506591797,78.0,7248033.912805697,47254379.79515007,6.519613506727924,50.0,1005.0,293.15,constant_cp_1005_J_kgK,PASS
gsC_c,200.00747680664062,78.0,6557905.712632917,58843975.38483414,8.972982833754255,50.0,1005.0,293.15,constant_cp_1005_J_kgK,PASS
gsC_c,205.017333984375,78.0,7872194.110488964,58438260.05478422,7.423376410005019,50.0,1005.0,293.15,constant_cp_1005_J_kgK,PASS
gsC_c,210.0058135986328,78.0,7501915.796651486,48553065.69145655,6.472088864704189,50.0,1005.0,293.15,constant_cp_1005_J_kgK,PASS
gsC_c,215.0113983154297,78.0,6213856.747999126,54196023.10064554,8.72180117736006,50.0,1005.0,293.15,constant_cp_1005_J_kgK,PASS
gsC_c,220.0168914794922,78.0,8084574.2860058155,55017150.58888812,6.8052006998218015,50.0,1005.0,293.15,constant_cp_1005_J_kgK,PASS
gsC_c,225.0142822265625,78.0,7044035.928816972,49891105.497169495,7.0827443246088855,50.0,1005.0,293.15,constant_cp_1005_J_kgK,PASS
gsC_c,230.00491333007812,78.0,7411449.135233635,63040317.65676998,8.505801835309057,50.0,1005.0,293.15,constant_cp_1005_J_kgK,PASS
gsC_c,235.0085906982422,78.0,7957461.767990312,51678258.70453969,6.494314419758906,50.0,1005.0,293.15,constant_cp_1005_J_kgK,PASS
gsC_c,240.0028533935547,78.0,6668068.899993215,58105571.07746045,8.71400280184861,50.0,1005.0,293.15,constant_cp_1005_J_kgK,PASS
gsC_c,245.01358032226562,78.0,8067486.24642555,59167299.43966365,7.334044042018517,50.0,1005.0,293.15,constant_cp_1005_J_kgK,PASS
gsC_c,250.0149688720703,78.0,7470600.150283489,48877649.564044505,6.542667065669379,50.0,1005.0,293.15,constant_cp_1005_J_kgK,PASS
gsC_c,255.00692749023438,78.0,7193778.047292646,65548502.932578765,9.111832822983427,50.0,1005.0,293.15,constant_cp_1005_J_kgK,PASS
gsC_c,260.0000915527344,78.0,7624155.994178135,59378265.50740701,7.7881755767784275,50.0,1005.0,293.15,constant_cp_1005_J_kgK,PASS
gsC_c,265.0103759765625,78.0,7615171.146933284,50138305.81777111,6.584002493228582,50.0,1005.0,293.15,constant_cp_1005_J_kgK,PASS
gsC_c,270.0111083984375,78.0,7381925.39919292,68296261.3115017,9.251822203319563,50.0,1005.0,293.15,constant_cp_1005_J_kgK,PASS
gsC_c,275.001708984375,78.0,8239876.027961558,51893045.782588534,6.297794482161186,50.0,1005.0,293.15,constant_cp_1005_J_kgK,PASS
gsC_c,280.00811767578125,78.0,6519897.598829594,46513288.19874345,7.134051953069505,50.0,1005.0,293.15,constant_cp_1005_J_kgK,PASS
gsC_c,285.01025390625,78.0,6968854.230948483,59876990.32023254,8.592085346586893,50.0,1005.0,293.15,constant_cp_1005_J_kgK,PASS
gsC_c,290.0141296386719,78.0,7834906.961013485,52392885.134107485,6.687110056930426,50.0,1005.0,293.15,constant_cp_1005_J_kgK,PASS
gsC_c,295.0016174316406,78.0,6619710.286396257,58549698.32117016,8.844752381609796,50.0,1005.0,293.15,constant_cp_1005_J_kgK,PASS
gsC_c,300.0,78.0,7781287.881998707,52837515.38671809,6.790330365356718,50.0,1005.0,293.15,constant_cp_1005_J_kgK,PASS
gsC_c,0.0,85.0,0.0,0.0,0.0,50.0,1005.0,293.15,constant_cp_1005_J_kgK,NEAR_ZERO_C_T_REVIEW
gsC_c,5.008182525634766,85.0,-7.205539551918463,-8.585200799645495,1.1914723021911977,50.0,1005.0,293.15,constant_cp_1005_J_kgK,PASS
gsC_c,10.00052547454834,85.0,3439083.14563753,28705501.92077356,8.346847315159106,50.0,1005.0,293.15,constant_cp_1005_J_kgK,PASS
gsC_c,15.005416870117188,85.0,6172889.2769686505,50862292.934890315,8.239625020435728,50.0,1005.0,293.15,constant_cp_1005_J_kgK,PASS
gsC_c,20.014389038085938,85.0,5767201.115489434,28163841.002328936,4.883450470746901,50.0,1005.0,293.15,constant_cp_1005_J_kgK,PASS
gsC_c,25.00426483154297,85.0,6155644.366346637,37277788.567552656,6.055871058983374,50.0,1005.0,293.15,constant_cp_1005_J_kgK,PASS
gsC_c,30.006431579589844,85.0,7239081.035872967,66977808.93823144,9.252252959502133,50.0,1005.0,293.15,constant_cp_1005_J_kgK,PASS
gsC_c,35.0043830871582,85.0,7203472.719242446,54411522.47149157,7.5535126725951915,50.0,1005.0,293.15,constant_cp_1005_J_kgK,PASS
gsC_c,40.00912094116211,85.0,6129762.015001072,35274605.04322479,5.7546451162213055,50.0,1005.0,293.15,constant_cp_1005_J_kgK,PASS
gsC_c,45.00844192504883,85.0,7202587.297783602,61269802.31221016,8.506637931492236,50.0,1005.0,293.15,constant_cp_1005_J_kgK,PASS
gsC_c,50.00811767578125,85.0,7322738.070597639,58877733.43879369,8.040398669344789,50.0,1005.0,293.15,constant_cp_1005_J_kgK,PASS
gsC_c,55.000083923339844,85.0,6602883.1572417,37824329.69307841,5.728456613925485,50.0,1005.0,293.15,constant_cp_1005_J_kgK,PASS
gsC_c,60.00104522705078,85.0,7121243.1331540095,63416661.53054692,8.90527964637258,50.0,1005.0,293.15,constant_cp_1005_J_kgK,PASS
gsC_c,65.00366973876953,85.0,7131338.968161403,49933821.0757865,7.002026028873565,50.0,1005.0,293.15,constant_cp_1005_J_kgK,PASS
gsC_c,70.00558471679688,85.0,6407047.970534491,39452365.074953556,6.157650958193519,50.0,1005.0,293.15,constant_cp_1005_J_kgK,PASS
gsC_c,75.01339721679688,85.0,7866436.870580858,72051955.95918086,9.159414502980756,50.0,1005.0,293.15,constant_cp_1005_J_kgK,PASS
gsC_c,80.0176773071289,85.0,7249709.802521581,44684249.92222757,6.163591528406498,50.0,1005.0,293.15,constant_cp_1005_J_kgK,PASS
gsC_c,85.00733947753906,85.0,6439133.63187197,43975655.14717498,6.829436638728441,50.0,1005.0,293.15,constant_cp_1005_J_kgK,PASS
gsC_c,90.01520538330078,85.0,7461542.399491549,65122128.58703104,8.727703348769905,50.0,1005.0,293.15,constant_cp_1005_J_kgK,PASS
gsC_c,95.00411224365234,85.0,7064066.847541729,46877361.47269967,6.636030276102614,50.0,1005.0,293.15,constant_cp_1005_J_kgK,PASS
gsC_c,100.00709533691406,85.0,6744179.414441951,54790180.44134989,8.124069226868798,50.0,1005.0,293.15,constant_cp_1005_J_kgK,PASS
gsC_c,105.0131607055664,85.0,7129448.855240654,55992268.60119806,7.853660183008359,50.0,1005.0,293.15,constant_cp_1005_J_kgK,PASS
gsC_c,110.01277160644531,85.0,6402899.148587232,37666668.65996811,5.882752138658792,50.0,1005.0,293.15,constant_cp_1005_J_kgK,PASS
gsC_c,115.00991821289062,85.0,7360009.64911242,65773074.469560556,8.936547315191692,50.0,1005.0,293.15,constant_cp_1005_J_kgK,PASS
gsC_c,120.02018737792969,85.0,7204666.346807031,45351426.85303258,6.29472964742239,50.0,1005.0,293.15,constant_cp_1005_J_kgK,PASS
gsC_c,125.00469207763672,85.0,6975857.411356377,55124974.40376589,7.902250741826365,50.0,1005.0,293.15,constant_cp_1005_J_kgK,PASS
gsC_c,130.0162353515625,85.0,7211905.230442762,58409145.40052758,8.098989592094465,50.0,1005.0,293.15,constant_cp_1005_J_kgK,PASS
gsC_c,135.01351928710938,85.0,6819932.778341785,38524700.19208148,5.648838697417259,50.0,1005.0,293.15,constant_cp_1005_J_kgK,PASS
gsC_c,140.00051879882812,85.0,7743300.185175239,65502861.94735708,8.459295181757787,50.0,1005.0,293.15,constant_cp_1005_J_kgK,PASS
gsC_c,145.0050048828125,85.0,8047485.976964612,62992328.79388161,7.8275785722638,50.0,1005.0,293.15,constant_cp_1005_J_kgK,PASS
gsC_c,150.01123046875,85.0,6785325.400737963,38701404.63322659,5.703691768270608,50.0,1005.0,293.15,constant_cp_1005_J_kgK,PASS
gsC_c,155.00003051757812,85.0,7639497.045559591,66958996.36951204,8.764843545352441,50.0,1005.0,293.15,constant_cp_1005_J_kgK,PASS
gsC_c,160.01063537597656,85.0,7728918.669856736,55610066.03752758,7.195064201465891,50.0,1005.0,293.15,constant_cp_1005_J_kgK,PASS
gsC_c,165.0144500732422,85.0,6588951.014930732,42908532.69818333,6.512194824479874,50.0,1005.0,293.15,constant_cp_1005_J_kgK,PASS
gsC_c,170.0099334716797,85.0,7591618.713460952,69012816.0620691,9.090658878810677,50.0,1005.0,293.15,constant_cp_1005_J_kgK,PASS
gsC_c,175.01390075683594,85.0,7023500.954373648,45547225.19842766,6.48497458665036,50.0,1005.0,293.15,constant_cp_1005_J_kgK,PASS
gsC_c,180.00241088867188,85.0,6768568.311241692,45219501.97865614,6.680807506005746,50.0,1005.0,293.15,constant_cp_1005_J_kgK,PASS
gsC_c,185.00755310058594,85.0,7575593.202607846,73319736.19261752,9.678415172474903,50.0,1005.0,293.15,constant_cp_1005_J_kgK,PASS
gsC_c,190.01014709472656,85.0,7195441.658866873,48828111.39198013,6.785978360593017,50.0,1005.0,293.15,constant_cp_1005_J_kgK,PASS
gsC_c,195.0050506591797,85.0,7183291.968091987,44468794.06481578,6.19058702644207,50.0,1005.0,293.15,constant_cp_1005_J_kgK,PASS
gsC_c,200.00747680664062,85.0,7756876.809951399,70227872.2806176,9.053627381386452,50.0,1005.0,293.15,constant_cp_1005_J_kgK,PASS
gsC_c,205.017333984375,85.0,7264827.842002939,53360167.7562563,7.345000998887359,50.0,1005.0,293.15,constant_cp_1005_J_kgK,PASS
gsC_c,210.0058135986328,85.0,6755762.8466316275,42298713.334344655,6.261130577642238,50.0,1005.0,293.15,constant_cp_1005_J_kgK,PASS
gsC_c,215.0113983154297,85.0,7705526.955619893,67833180.91429333,8.803185207835833,50.0,1005.0,293.15,constant_cp_1005_J_kgK,PASS
gsC_c,220.0168914794922,85.0,7650693.856842548,51629272.37703505,6.748312420168191,50.0,1005.0,293.15,constant_cp_1005_J_kgK,PASS
gsC_c,225.0142822265625,85.0,7274066.256474004,49724000.572736025,6.8357915393582065,50.0,1005.0,293.15,constant_cp_1005_J_kgK,PASS
gsC_c,230.00491333007812,85.0,7473833.017867016,63667685.068481356,8.518745992354496,50.0,1005.0,293.15,constant_cp_1005_J_kgK,PASS
gsC_c,235.0085906982422,85.0,7112697.643085429,44261045.90319979,6.22282123101745,50.0,1005.0,293.15,constant_cp_1005_J_kgK,PASS
gsC_c,240.0028533935547,85.0,7077251.41560043,60443958.85481517,8.540597939134699,50.0,1005.0,293.15,constant_cp_1005_J_kgK,PASS
gsC_c,245.01358032226562,85.0,7739217.538517686,56326656.658013135,7.278081586113618,50.0,1005.0,293.15,constant_cp_1005_J_kgK,PASS
gsC_c,250.0149688720703,85.0,7011368.354912855,43325911.001047485,6.179380230492252,50.0,1005.0,293.15,constant_cp_1005_J_kgK,PASS
gsC_c,255.00692749023438,85.0,7605541.18284102,69519198.69068372,9.140598547743988,50.0,1005.0,293.15,constant_cp_1005_J_kgK,PASS
gsC_c,260.0000915527344,85.0,7933882.657573924,60879035.48776963,7.673296684020485,50.0,1005.0,293.15,constant_cp_1005_J_kgK,PASS
gsC_c,265.0103759765625,85.0,6758560.028565789,42781426.328836635,6.329961729719982,50.0,1005.0,293.15,constant_cp_1005_J_kgK,PASS
gsC_c,270.0111083984375,85.0,8038918.659817186,74678197.79529238,9.289582461951497,50.0,1005.0,293.15,constant_cp_1005_J_kgK,PASS
gsC_c,275.001708984375,85.0,7068078.351125612,43408967.876548365,6.141551595793411,50.0,1005.0,293.15,constant_cp_1005_J_kgK,PASS
gsC_c,280.00811767578125,85.0,6906030.415460809,47874858.32020314,6.932326595756624,50.0,1005.0,293.15,constant_cp_1005_J_kgK,PASS
gsC_c,285.01025390625,85.0,7611315.939488258,65242434.27224344,8.571767982164456,50.0,1005.0,293.15,constant_cp_1005_J_kgK,PASS
gsC_c,290.0141296386719,85.0,7431959.695122914,48345123.11563952,6.505030314866361,50.0,1005.0,293.15,constant_cp_1005_J_kgK,PASS
gsC_c,295.0016174316406,85.0,7079962.590268858,61922568.45748589,8.746171701895166,50.0,1005.0,293.15,constant_cp_1005_J_kgK,PASS
gsC_c,300.0,85.0,7218051.699686676,48316742.65364918,6.6938759465724695,50.0,1005.0,293.15,constant_cp_1005_J_kgK,PASS
gsC_f,0.0,15.0,0.0,0.0,0.0,50.0,1005.0,293.15,constant_cp_1005_J_kgK,NEAR_ZERO_C_T_REVIEW
gsC_f,5.001721382141113,15.0,-0.3444197541666938,-0.9377770130200886,2.7227735893552887,50.0,1005.0,293.15,constant_cp_1005_J_kgK,PASS
gsC_f,10.000191688537598,15.0,1.4467392332992945,6.338203782661734,4.381027093477245,50.0,1005.0,293.15,constant_cp_1005_J_kgK,PASS
gsC_f,15.002643585205078,15.0,1.409630615876516,5.875401343697094,4.16804322590262,50.0,1005.0,293.15,constant_cp_1005_J_kgK,PASS
gsC_f,20.001121520996094,15.0,1.3414581934503333,5.840302395942782,4.353696909903229,50.0,1005.0,293.15,constant_cp_1005_J_kgK,PASS
gsC_f,25.003917694091797,15.0,1.285553891683624,5.413572685352172,4.211081866082806,50.0,1005.0,293.15,constant_cp_1005_J_kgK,PASS
gsC_f,30.00307273864746,15.0,1.348020186061487,5.77476025549106,4.28388262350826,50.0,1005.0,293.15,constant_cp_1005_J_kgK,PASS
gsC_f,35.0015754699707,15.0,1.5913835060571424,6.835295753368511,4.2951907714618995,50.0,1005.0,293.15,constant_cp_1005_J_kgK,PASS
gsC_f,40.00180435180664,15.0,1.6437422905521704,7.110291899475236,4.325673152061479,50.0,1005.0,293.15,constant_cp_1005_J_kgK,PASS
gsC_f,45.000858306884766,15.0,1.6905892065935824,6.985748377328466,4.132138278152217,50.0,1005.0,293.15,constant_cp_1005_J_kgK,PASS
gsC_f,50.00093460083008,15.0,1.6130764921121283,6.67439402780586,4.137679803968173,50.0,1005.0,293.15,constant_cp_1005_J_kgK,PASS
gsC_f,55.00254821777344,15.0,1.7256937390498894,7.552495790653259,4.376498341145352,50.0,1005.0,293.15,constant_cp_1005_J_kgK,PASS
gsC_f,60.002017974853516,15.0,1.9577807950533233,8.719717852387628,4.453878529182453,50.0,1005.0,293.15,constant_cp_1005_J_kgK,PASS
gsC_f,65.00010681152344,15.0,1.7293725641652937,7.152823169591315,4.136079936544874,50.0,1005.0,293.15,constant_cp_1005_J_kgK,PASS
gsC_f,70.00228118896484,15.0,1.8196104862165052,8.039219004748212,4.418098852049356,50.0,1005.0,293.15,constant_cp_1005_J_kgK,PASS
gsC_f,75.00025177001953,15.0,2.285165547331758,9.212707716453245,4.0315274852532275,50.0,1005.0,293.15,constant_cp_1005_J_kgK,PASS
gsC_f,80.00283813476562,15.0,1.980399582542396,8.712635074508768,4.399432895721092,50.0,1005.0,293.15,constant_cp_1005_J_kgK,PASS
gsC_f,85.00113677978516,15.0,1.8707157415201259,7.704505063408234,4.118479835439428,50.0,1005.0,293.15,constant_cp_1005_J_kgK,PASS
gsC_f,90.00355529785156,15.0,2.0170988482799856,8.46980360326898,4.199002744110594,50.0,1005.0,293.15,constant_cp_1005_J_kgK,PASS
gsC_f,95.00364685058594,15.0,1.7608617315558242,7.045734418127914,4.001299072983599,50.0,1005.0,293.15,constant_cp_1005_J_kgK,PASS
gsC_f,100.00283813476562,15.0,2.039178491878433,8.90478311063049,4.366848288038194,50.0,1005.0,293.15,constant_cp_1005_J_kgK,PASS
gsC_f,105.00196075439453,15.0,1.959564132612015,8.412455543575362,4.293023841005344,50.0,1005.0,293.15,constant_cp_1005_J_kgK,PASS
gsC_f,110.00096130371094,15.0,1.901018029586834,8.186055199749397,4.306142849798435,50.0,1005.0,293.15,constant_cp_1005_J_kgK,PASS
gsC_f,115.00304412841797,15.0,1.9981132040394805,8.566182616287215,4.287135781237158,50.0,1005.0,293.15,constant_cp_1005_J_kgK,PASS
gsC_f,120.00028991699219,15.0,1.8619206964668553,8.021427731667053,4.308146819883474,50.0,1005.0,293.15,constant_cp_1005_J_kgK,PASS
gsC_f,125.0025863647461,15.0,1.928237849330392,7.846226708288949,4.069117669764933,50.0,1005.0,293.15,constant_cp_1005_J_kgK,PASS
gsC_f,130.00022888183594,15.0,2.229899468039145,9.694455165418468,4.347485301476739,50.0,1005.0,293.15,constant_cp_1005_J_kgK,PASS
gsC_f,135.00064086914062,15.0,2.109809299979979,8.652935898327698,4.10128815637912,50.0,1005.0,293.15,constant_cp_1005_J_kgK,PASS
gsC_f,140.0008544921875,15.0,2.2738111665593586,9.203116377397428,4.047440925921646,50.0,1005.0,293.15,constant_cp_1005_J_kgK,PASS
gsC_f,145.0030975341797,15.0,2.2060950832721593,9.587611251584594,4.345964650362187,50.0,1005.0,293.15,constant_cp_1005_J_kgK,PASS
gsC_f,150.0004119873047,15.0,2.139058678861553,8.843957594566369,4.1345091080618595,50.0,1005.0,293.15,constant_cp_1005_J_kgK,PASS
gsC_f,155.0023956298828,15.0,2.031234242659944,8.337049461068816,4.104425418728097,50.0,1005.0,293.15,constant_cp_1005_J_kgK,PASS
gsC_f,160.0000762939453,15.0,2.150815831946269,8.955277871468205,4.163665588792382,50.0,1005.0,293.15,constant_cp_1005_J_kgK,PASS
gsC_f,165.00213623046875,15.0,2.1282134938395725,8.990428457242157,4.224401583319472,50.0,1005.0,293.15,constant_cp_1005_J_kgK,PASS
gsC_f,170.00222778320312,15.0,2.084574447462728,8.915115303399936,4.276707560132668,50.0,1005.0,293.15,constant_cp_1005_J_kgK,PASS
gsC_f,175.00099182128906,15.0,2.1045989081825356,8.73216125723648,4.149085708985856,50.0,1005.0,293.15,constant_cp_1005_J_kgK,PASS
gsC_f,180.0025177001953,15.0,2.1191642244642406,8.479512188443447,4.001347364471415,50.0,1005.0,293.15,constant_cp_1005_J_kgK,PASS
gsC_f,185.0011444091797,15.0,2.082425850228038,8.786197256330677,4.21921253577856,50.0,1005.0,293.15,constant_cp_1005_J_kgK,PASS
gsC_f,190.00201416015625,15.0,2.208637136197038,9.175123088902467,4.154201219556842,50.0,1005.0,293.15,constant_cp_1005_J_kgK,PASS
gsC_f,195.0022430419922,15.0,2.127856097401515,8.932284176710859,4.197785829324152,50.0,1005.0,293.15,constant_cp_1005_J_kgK,PASS
gsC_f,200.00115966796875,15.0,2.231458643230302,9.196449357658611,4.121272595141797,50.0,1005.0,293.15,constant_cp_1005_J_kgK,PASS
gsC_f,205.0005340576172,15.0,2.1165518673142003,8.62754691187586,4.076227491059581,50.0,1005.0,293.15,constant_cp_1005_J_kgK,PASS
gsC_f,210.00140380859375,15.0,2.103455972538675,8.839171773893554,4.202213825765645,50.0,1005.0,293.15,constant_cp_1005_J_kgK,PASS
gsC_f,215.0022430419922,15.0,2.1141573167974492,8.744710327051658,4.136262828426593,50.0,1005.0,293.15,constant_cp_1005_J_kgK,PASS
gsC_f,220.0011749267578,15.0,2.2919006912233586,9.546441251613897,4.165294458004179,50.0,1005.0,293.15,constant_cp_1005_J_kgK,PASS
gsC_f,225.00082397460938,15.0,1.9818421415380127,8.40486591348914,4.2409361134714745,50.0,1005.0,293.15,constant_cp_1005_J_kgK,PASS
gsC_f,230.0000457763672,15.0,2.535191548543061,10.898957166367694,4.299066541276577,50.0,1005.0,293.15,constant_cp_1005_J_kgK,PASS
gsC_f,235.00035095214844,15.0,2.4058101696656164,9.954120493821513,4.1375336322015395,50.0,1005.0,293.15,constant_cp_1005_J_kgK,PASS
gsC_f,240.00135803222656,15.0,2.138874449332815,8.830201392992446,4.1284337150403765,50.0,1005.0,293.15,constant_cp_1005_J_kgK,PASS
gsC_f,245.00198364257812,15.0,2.1786992981907938,8.843822504838961,4.059221255601316,50.0,1005.0,293.15,constant_cp_1005_J_kgK,PASS
gsC_f,250.0021514892578,15.0,2.264864094377641,9.27982217370139,4.097297578534875,50.0,1005.0,293.15,constant_cp_1005_J_kgK,PASS
gsC_f,255.0029296875,15.0,2.2367365353294533,9.510300962588824,4.2518646287217585,50.0,1005.0,293.15,constant_cp_1005_J_kgK,PASS
gsC_f,260.0028381347656,15.0,2.249099547325555,9.32377246841385,4.145557930219389,50.0,1005.0,293.15,constant_cp_1005_J_kgK,PASS
gsC_f,265.0002136230469,15.0,2.4452883977751583,10.15181859614526,4.15158334748175,50.0,1005.0,293.15,constant_cp_1005_J_kgK,PASS
gsC_f,270.001953125,15.0,2.3530945371864,9.909716826405909,4.211355160444859,50.0,1005.0,293.15,constant_cp_1005_J_kgK,PASS
gsC_f,275.0027160644531,15.0,2.216105949316556,9.50460707744736,4.288877558444212,50.0,1005.0,293.15,constant_cp_1005_J_kgK,PASS
gsC_f,280.0019836425781,15.0,2.5267237844215185,10.705896213574352,4.237066305127748,50.0,1005.0,293.15,constant_cp_1005_J_kgK,PASS
gsC_f,285.003173828125,15.0,2.3464380856019904,9.629862239620628,4.104034235808956,50.0,1005.0,293.15,constant_cp_1005_J_kgK,PASS
gsC_f,290.0028076171875,15.0,2.4564847097672526,10.485545179752013,4.268516361527437,50.0,1005.0,293.15,constant_cp_1005_J_kgK,PASS
gsC_f,295.0010070800781,15.0,2.2057595577987277,9.393313718752335,4.258539277902075,50.0,1005.0,293.15,constant_cp_1005_J_kgK,PASS
gsC_f,300.0,15.0,2.3971558356023106,9.608554092051783,4.00831433039864,50.0,1005.0,293.15,constant_cp_1005_J_kgK,PASS
gsC_f,0.0,22.0,0.0,0.0,0.0,50.0,1005.0,293.15,constant_cp_1005_J_kgK,NEAR_ZERO_C_T_REVIEW
gsC_f,5.001721382141113,22.0,70.06336190367193,165.0780345648462,2.3561249428688713,50.0,1005.0,293.15,constant_cp_1005_J_kgK,PASS
gsC_f,10.000191688537598,22.0,32.59978449937798,142.6672139920824,4.376323837061814,50.0,1005.0,293.15,constant_cp_1005_J_kgK,PASS
gsC_f,15.002643585205078,22.0,32.46685981811639,130.1242289392742,4.007909285475692,50.0,1005.0,293.15,constant_cp_1005_J_kgK,PASS
gsC_f,20.001121520996094,22.0,31.546757770931272,135.99024714519217,4.310751936168524,50.0,1005.0,293.15,constant_cp_1005_J_kgK,PASS
gsC_f,25.003917694091797,22.0,31.272546022498688,128.6009394406612,4.112263176270599,50.0,1005.0,293.15,constant_cp_1005_J_kgK,PASS
gsC_f,30.00307273864746,22.0,33.27948600809266,138.60108871017002,4.1647604975720265,50.0,1005.0,293.15,constant_cp_1005_J_kgK,PASS
gsC_f,35.0015754699707,22.0,35.65870570485187,149.8075978010638,4.201150738246768,50.0,1005.0,293.15,constant_cp_1005_J_kgK,PASS
gsC_f,40.00180435180664,22.0,35.02075910253741,149.07273478536342,4.256696273905318,50.0,1005.0,293.15,constant_cp_1005_J_kgK,PASS
gsC_f,45.000858306884766,22.0,37.302691569970776,147.59968528119808,3.9568105963715827,50.0,1005.0,293.15,constant_cp_1005_J_kgK,PASS
gsC_f,50.00093460083008,22.0,37.18563081035874,148.48217432390953,3.9929986686834456,50.0,1005.0,293.15,constant_cp_1005_J_kgK,PASS
gsC_f,55.00254821777344,22.0,37.632718975857365,163.56550762612284,4.346364335957473,50.0,1005.0,293.15,constant_cp_1005_J_kgK,PASS
gsC_f,60.002017974853516,22.0,40.596896570609545,179.51682790269518,4.421934755186088,50.0,1005.0,293.15,constant_cp_1005_J_kgK,PASS
gsC_f,65.00010681152344,22.0,39.5710453417321,157.88599356291218,3.9899373947651005,50.0,1005.0,293.15,constant_cp_1005_J_kgK,PASS
gsC_f,70.00228118896484,22.0,40.95197214291686,181.23561509758397,4.425565012123728,50.0,1005.0,293.15,constant_cp_1005_J_kgK,PASS
gsC_f,75.00025177001953,22.0,43.335946921056866,161.7397476992356,3.7322306119244923,50.0,1005.0,293.15,constant_cp_1005_J_kgK,PASS
gsC_f,80.00283813476562,22.0,43.10884092632553,188.6771985704068,4.376763432087766,50.0,1005.0,293.15,constant_cp_1005_J_kgK,PASS
gsC_f,85.00113677978516,22.0,41.73850096751924,165.04866083450105,3.9543504679046095,50.0,1005.0,293.15,constant_cp_1005_J_kgK,PASS
gsC_f,90.00355529785156,22.0,43.01226139990146,175.19616538462355,4.07316796835406,50.0,1005.0,293.15,constant_cp_1005_J_kgK,PASS
gsC_f,95.00364685058594,22.0,43.117110157713235,165.2068299384871,3.831584012248595,50.0,1005.0,293.15,constant_cp_1005_J_kgK,PASS
gsC_f,100.00283813476562,22.0,43.435094625021904,187.9098676752199,4.326222131967992,50.0,1005.0,293.15,constant_cp_1005_J_kgK,PASS
gsC_f,105.00196075439453,22.0,43.20814189607023,182.7288651644163,4.229037795693928,50.0,1005.0,293.15,constant_cp_1005_J_kgK,PASS
gsC_f,110.00096130371094,22.0,41.61515889614666,177.12484923968745,4.2562579101874345,50.0,1005.0,293.15,constant_cp_1005_J_kgK,PASS
gsC_f,115.00304412841797,22.0,44.76717872813742,189.4453884571529,4.231791992150924,50.0,1005.0,293.15,constant_cp_1005_J_kgK,PASS
gsC_f,120.00028991699219,22.0,41.54446071711875,176.98392427906168,4.260108838092917,50.0,1005.0,293.15,constant_cp_1005_J_kgK,PASS
gsC_f,125.0025863647461,22.0,43.421219420161236,170.24302852117972,3.920733475260535,50.0,1005.0,293.15,constant_cp_1005_J_kgK,PASS
gsC_f,130.00022888183594,22.0,45.079912573066856,193.10401536834905,4.283593386546098,50.0,1005.0,293.15,constant_cp_1005_J_kgK,PASS
gsC_f,135.00064086914062,22.0,42.886852875838706,167.29078006011446,3.900747404817406,50.0,1005.0,293.15,constant_cp_1005_J_kgK,PASS
gsC_f,140.0008544921875,22.0,43.964329110367814,167.2533509074813,3.8042966715994937,50.0,1005.0,293.15,constant_cp_1005_J_kgK,PASS
gsC_f,145.0030975341797,22.0,44.87460258261805,192.84616002436366,4.297445524225416,50.0,1005.0,293.15,constant_cp_1005_J_kgK,PASS
gsC_f,150.0004119873047,22.0,44.88596447776152,178.5206841596883,3.9772050402115813,50.0,1005.0,293.15,constant_cp_1005_J_kgK,PASS
gsC_f,155.0023956298828,22.0,43.848692239772284,173.38484222935733,3.954162219418191,50.0,1005.0,293.15,constant_cp_1005_J_kgK,PASS
gsC_f,160.0000762939453,22.0,43.494883626482576,173.35939731933374,3.9857422956707325,50.0,1005.0,293.15,constant_cp_1005_J_kgK,PASS
gsC_f,165.00213623046875,22.0,42.700931132134386,175.10246019785254,4.10067077113406,50.0,1005.0,293.15,constant_cp_1005_J_kgK,PASS
gsC_f,170.00222778320312,22.0,45.103652022448735,190.115612418483,4.215082457616618,50.0,1005.0,293.15,constant_cp_1005_J_kgK,PASS
gsC_f,175.00099182128906,22.0,44.053290262718974,176.07838374320664,3.9969405846677417,50.0,1005.0,293.15,constant_cp_1005_J_kgK,PASS
gsC_f,180.0025177001953,22.0,44.42173139882036,168.63470001856066,3.7962207843893863,50.0,1005.0,293.15,constant_cp_1005_J_kgK,PASS
gsC_f,185.0011444091797,22.0,44.26146759869524,181.71633971705944,4.105519983216975,50.0,1005.0,293.15,constant_cp_1005_J_kgK,PASS
gsC_f,190.00201416015625,22.0,46.36371505181163,186.1791878476712,4.0156227264273285,50.0,1005.0,293.15,constant_cp_1005_J_kgK,PASS
gsC_f,195.0022430419922,22.0,44.74383329064307,182.78195273028024,4.085075848081594,50.0,1005.0,293.15,constant_cp_1005_J_kgK,PASS
gsC_f,200.00115966796875,22.0,44.25837292586585,174.15028608665875,3.9348551374545795,50.0,1005.0,293.15,constant_cp_1005_J_kgK,PASS
gsC_f,205.0005340576172,22.0,43.11230991974708,167.76281149057078,3.891297214159192,50.0,1005.0,293.15,constant_cp_1005_J_kgK,PASS
gsC_f,210.00140380859375,22.0,43.84451796014701,176.4706387911975,4.024919123243131,50.0,1005.0,293.15,constant_cp_1005_J_kgK,PASS
gsC_f,215.0022430419922,22.0,42.43618852709087,168.25640246852518,3.964927301544693,50.0,1005.0,293.15,constant_cp_1005_J_kgK,PASS
gsC_f,220.0011749267578,22.0,42.76620349575019,170.41873409939078,3.984892746262617,50.0,1005.0,293.15,constant_cp_1005_J_kgK,PASS
gsC_f,225.00082397460938,22.0,43.92766016403581,184.93677751334673,4.210030236496572,50.0,1005.0,293.15,constant_cp_1005_J_kgK,PASS
gsC_f,230.0000457763672,22.0,48.85917692587311,204.52501125081577,4.18601016461914,50.0,1005.0,293.15,constant_cp_1005_J_kgK,PASS
gsC_f,235.00035095214844,22.0,46.058989431979825,181.85654397996086,3.9483398619628707,50.0,1005.0,293.15,constant_cp_1005_J_kgK,PASS
gsC_f,240.00135803222656,22.0,47.88830018278008,191.90975788871,4.007445600537529,50.0,1005.0,293.15,constant_cp_1005_J_kgK,PASS
gsC_f,245.00198364257812,22.0,43.687745847328074,168.91219499070732,3.866351804396692,50.0,1005.0,293.15,constant_cp_1005_J_kgK,PASS
gsC_f,250.0021514892578,22.0,45.74142534499107,178.35288417177748,3.8991544933876643,50.0,1005.0,293.15,constant_cp_1005_J_kgK,PASS
gsC_f,255.0029296875,22.0,44.337183200449,183.58343802822247,4.140620237287035,50.0,1005.0,293.15,constant_cp_1005_J_kgK,PASS
gsC_f,260.0028381347656,22.0,47.60954033280613,192.27904910518706,4.038666363024207,50.0,1005.0,293.15,constant_cp_1005_J_kgK,PASS
gsC_f,265.0002136230469,22.0,45.8231051372399,181.58183882600707,3.9626698862551546,50.0,1005.0,293.15,constant_cp_1005_J_kgK,PASS
gsC_f,270.001953125,22.0,44.76418283977967,182.17309670553712,4.069617384807469,50.0,1005.0,293.15,constant_cp_1005_J_kgK,PASS
gsC_f,275.0027160644531,22.0,46.26159798680301,195.15498042418844,4.218509280108343,50.0,1005.0,293.15,constant_cp_1005_J_kgK,PASS
gsC_f,280.0019836425781,22.0,48.92872048463828,200.4904552272502,4.097602660304571,50.0,1005.0,293.15,constant_cp_1005_J_kgK,PASS
gsC_f,285.003173828125,22.0,49.37773407620604,194.5774716940339,3.9405913481124197,50.0,1005.0,293.15,constant_cp_1005_J_kgK,PASS
gsC_f,290.0028076171875,22.0,48.39356305794163,201.28497776135978,4.15933370138921,50.0,1005.0,293.15,constant_cp_1005_J_kgK,PASS
gsC_f,295.0010070800781,22.0,45.28844897876303,189.7862257393568,4.19060996820982,50.0,1005.0,293.15,constant_cp_1005_J_kgK,PASS
gsC_f,300.0,22.0,49.01196214954615,186.58245641531627,3.8068758774073514,50.0,1005.0,293.15,constant_cp_1005_J_kgK,PASS
gsC_f,0.0,29.0,0.0,0.0,0.0,50.0,1005.0,293.15,constant_cp_1005_J_kgK,NEAR_ZERO_C_T_REVIEW
gsC_f,5.001721382141113,29.0,851.8304163334678,2078.5090293161857,2.440050260543957,50.0,1005.0,293.15,constant_cp_1005_J_kgK,PASS
gsC_f,10.000191688537598,29.0,419.0838074272911,1879.368194566646,4.484468646258117,50.0,1005.0,293.15,constant_cp_1005_J_kgK,PASS
gsC_f,15.002643585205078,29.0,386.42490671345826,1559.1049917501273,4.0346907372153415,50.0,1005.0,293.15,constant_cp_1005_J_kgK,PASS
gsC_f,20.001121520996094,29.0,386.8161203484757,1720.1023268025308,4.4468217230669564,50.0,1005.0,293.15,constant_cp_1005_J_kgK,PASS
gsC_f,25.003917694091797,29.0,390.97837499617725,1637.6389318931258,4.18856652085924,50.0,1005.0,293.15,constant_cp_1005_J_kgK,PASS
gsC_f,30.00307273864746,29.0,425.20153674180386,1802.1990290481442,4.2384584092843,50.0,1005.0,293.15,constant_cp_1005_J_kgK,PASS
gsC_f,35.0015754699707,29.0,441.29177151844175,1899.7447042539604,4.30496289951843,50.0,1005.0,293.15,constant_cp_1005_J_kgK,PASS
gsC_f,40.00180435180664,29.0,433.8039522858337,1891.3699229203887,4.359964709749357,50.0,1005.0,293.15,constant_cp_1005_J_kgK,PASS
gsC_f,45.000858306884766,29.0,465.5204271081787,1844.646287509695,3.962546389134218,50.0,1005.0,293.15,constant_cp_1005_J_kgK,PASS
gsC_f,50.00093460083008,29.0,460.8928337920532,1846.005686458307,4.005281816308707,50.0,1005.0,293.15,constant_cp_1005_J_kgK,PASS
gsC_f,55.00254821777344,29.0,464.14298976253497,2084.899815401491,4.491934299091056,50.0,1005.0,293.15,constant_cp_1005_J_kgK,PASS
gsC_f,60.002017974853516,29.0,503.0861934289263,2310.4564352496595,4.592565777839176,50.0,1005.0,293.15,constant_cp_1005_J_kgK,PASS
gsC_f,65.00010681152344,29.0,483.43095143428536,1941.0480242106732,4.015150495531547,50.0,1005.0,293.15,constant_cp_1005_J_kgK,PASS
gsC_f,70.00228118896484,29.0,503.6027959172021,2326.419183103094,4.619551761743919,50.0,1005.0,293.15,constant_cp_1005_J_kgK,PASS
gsC_f,75.00025177001953,29.0,526.9311815762347,1931.7683623629364,3.6660733505667253,50.0,1005.0,293.15,constant_cp_1005_J_kgK,PASS
gsC_f,80.00283813476562,29.0,524.9910875535234,2388.3867750923982,4.5493853737933225,50.0,1005.0,293.15,constant_cp_1005_J_kgK,PASS
gsC_f,85.00113677978516,29.0,501.75431290431453,1986.337326362537,3.958784758343226,50.0,1005.0,293.15,constant_cp_1005_J_kgK,PASS
gsC_f,90.00355529785156,29.0,537.7537736229818,2226.995778758225,4.141292703071622,50.0,1005.0,293.15,constant_cp_1005_J_kgK,PASS
gsC_f,95.00364685058594,29.0,522.3552089369581,1986.866637138965,3.8036696162724626,50.0,1005.0,293.15,constant_cp_1005_J_kgK,PASS
gsC_f,100.00283813476562,29.0,520.867501498469,2331.3901242730813,4.475975401731717,50.0,1005.0,293.15,constant_cp_1005_J_kgK,PASS
gsC_f,105.00196075439453,29.0,524.0476880911282,2280.2961582490943,4.351314222090826,50.0,1005.0,293.15,constant_cp_1005_J_kgK,PASS
gsC_f,110.00096130371094,29.0,498.3115540840184,2187.6945141743,4.3902143071742845,50.0,1005.0,293.15,constant_cp_1005_J_kgK,PASS
gsC_f,115.00304412841797,29.0,547.811219880344,2389.8669809711287,4.36257399307881,50.0,1005.0,293.15,constant_cp_1005_J_kgK,PASS
gsC_f,120.00028991699219,29.0,499.41817822836026,2192.5517762901036,4.390212194645353,50.0,1005.0,293.15,constant_cp_1005_J_kgK,PASS
gsC_f,125.0025863647461,29.0,514.7691369712853,2021.2673920600228,3.9265512379947634,50.0,1005.0,293.15,constant_cp_1005_J_kgK,PASS
gsC_f,130.00022888183594,29.0,534.7059463386732,2360.5364977284307,4.414644186935774,50.0,1005.0,293.15,constant_cp_1005_J_kgK,PASS
gsC_f,135.00064086914062,29.0,517.771648524481,2018.891940843665,3.8991936823754263,50.0,1005.0,293.15,constant_cp_1005_J_kgK,PASS
gsC_f,140.0008544921875,29.0,516.4651293155663,1945.6399716908538,3.767224273719122,50.0,1005.0,293.15,constant_cp_1005_J_kgK,PASS
gsC_f,145.0030975341797,29.0,525.8137811161945,2336.8087391377053,4.4441755295433625,50.0,1005.0,293.15,constant_cp_1005_J_kgK,PASS
gsC_f,150.0004119873047,29.0,532.5775560087804,2136.630612928809,4.011867546460353,50.0,1005.0,293.15,constant_cp_1005_J_kgK,PASS
gsC_f,155.0023956298828,29.0,513.5084008241084,2047.1487238480286,3.9865924696823996,50.0,1005.0,293.15,constant_cp_1005_J_kgK,PASS
gsC_f,160.0000762939453,29.0,516.1333789448594,2078.2849765451488,4.026643230844316,50.0,1005.0,293.15,constant_cp_1005_J_kgK,PASS
gsC_f,165.00213623046875,29.0,509.14842196929305,2134.1519166368344,4.191610588476604,50.0,1005.0,293.15,constant_cp_1005_J_kgK,PASS
gsC_f,170.00222778320312,29.0,532.8793055316759,2310.617666594895,4.336099455551496,50.0,1005.0,293.15,constant_cp_1005_J_kgK,PASS
gsC_f,175.00099182128906,29.0,513.707687527872,2071.928455075906,4.033282945487276,50.0,1005.0,293.15,constant_cp_1005_J_kgK,PASS
gsC_f,180.0025177001953,29.0,522.0860320085311,1967.8220606958694,3.769152859963787,50.0,1005.0,293.15,constant_cp_1005_J_kgK,PASS
gsC_f,185.0011444091797,29.0,523.0585655976863,2196.2943573166335,4.198945398786812,50.0,1005.0,293.15,constant_cp_1005_J_kgK,PASS
gsC_f,190.00201416015625,29.0,549.5111654211854,2240.2063842597645,4.076725870599245,50.0,1005.0,293.15,constant_cp_1005_J_kgK,PASS
gsC_f,195.0022430419922,29.0,517.2531788065746,2145.937538876084,4.148717933107962,50.0,1005.0,293.15,constant_cp_1005_J_kgK,PASS
gsC_f,200.00115966796875,29.0,522.2630299570454,2068.401502827426,3.9604593551138123,50.0,1005.0,293.15,constant_cp_1005_J_kgK,PASS
gsC_f,205.0005340576172,29.0,502.8853761541849,1961.6417041625755,3.900773013445582,50.0,1005.0,293.15,constant_cp_1005_J_kgK,PASS
gsC_f,210.00140380859375,29.0,513.4894593367812,2086.291064221584,4.062967654510683,50.0,1005.0,293.15,constant_cp_1005_J_kgK,PASS
gsC_f,215.0022430419922,29.0,489.924370250749,1961.0022099296216,4.002663123130525,50.0,1005.0,293.15,constant_cp_1005_J_kgK,PASS
gsC_f,220.0011749267578,29.0,491.3650918195894,1981.4852054849653,4.032612895114777,50.0,1005.0,293.15,constant_cp_1005_J_kgK,PASS
gsC_f,225.00082397460938,29.0,503.77582937605695,2186.4846946238067,4.340193727292356,50.0,1005.0,293.15,constant_cp_1005_J_kgK,PASS
gsC_f,230.0000457763672,29.0,569.0188031230942,2445.534196916053,4.297809111912106,50.0,1005.0,293.15,constant_cp_1005_J_kgK,PASS
gsC_f,235.00035095214844,29.0,546.4601454204069,2176.971787251484,3.983770464308418,50.0,1005.0,293.15,constant_cp_1005_J_kgK,PASS
gsC_f,240.00135803222656,29.0,556.052469705685,2258.1098497604303,4.060965417439064,50.0,1005.0,293.15,constant_cp_1005_J_kgK,PASS
gsC_f,245.00198364257812,29.0,506.3293091654579,1959.3723017669329,3.869758803796169,50.0,1005.0,293.15,constant_cp_1005_J_kgK,PASS
gsC_f,250.0021514892578,29.0,538.6663436123538,2104.8420753013306,3.9075061961030055,50.0,1005.0,293.15,constant_cp_1005_J_kgK,PASS
gsC_f,255.0029296875,29.0,518.333116761605,2204.0483803110073,4.252185147028634,50.0,1005.0,293.15,constant_cp_1005_J_kgK,PASS
gsC_f,260.0028381347656,29.0,552.3150715639513,2263.955343167474,4.099028724225637,50.0,1005.0,293.15,constant_cp_1005_J_kgK,PASS
gsC_f,265.0002136230469,29.0,529.0174228317652,2113.1314126553507,3.994445780897014,50.0,1005.0,293.15,constant_cp_1005_J_kgK,PASS
gsC_f,270.001953125,29.0,518.8761997801795,2150.5478232649825,4.1446260672043,50.0,1005.0,293.15,constant_cp_1005_J_kgK,PASS
gsC_f,275.0027160644531,29.0,532.3746747183495,2317.6111979316565,4.353346069952379,50.0,1005.0,293.15,constant_cp_1005_J_kgK,PASS
gsC_f,280.0019836425781,29.0,563.8060943487556,2351.0653855568034,4.169989308590777,50.0,1005.0,293.15,constant_cp_1005_J_kgK,PASS
gsC_f,285.003173828125,29.0,577.6903318727801,2295.227017834579,3.9731096249955318,50.0,1005.0,293.15,constant_cp_1005_J_kgK,PASS
gsC_f,290.0028076171875,29.0,561.9567843284422,2400.8086817455746,4.272230087248349,50.0,1005.0,293.15,constant_cp_1005_J_kgK,PASS
gsC_f,295.0010070800781,29.0,519.3622895136033,2239.0354325602157,4.311124388050625,50.0,1005.0,293.15,constant_cp_1005_J_kgK,PASS
gsC_f,300.0,29.0,564.1365176475676,2134.8161595544243,3.7842190547294465,50.0,1005.0,293.15,constant_cp_1005_J_kgK,PASS
gsC_f,0.0,39.5,0.0,0.0,0.0,50.0,1005.0,293.15,constant_cp_1005_J_kgK,NEAR_ZERO_C_T_REVIEW
gsC_f,5.001721382141113,39.5,9433.08362127672,23880.000562693276,2.5315158352702807,50.0,1005.0,293.15,constant_cp_1005_J_kgK,PASS
gsC_f,10.000191688537598,39.5,7043.947977941442,32392.987112468436,4.598697664137281,50.0,1005.0,293.15,constant_cp_1005_J_kgK,PASS
gsC_f,15.002643585205078,39.5,5920.546367230915,24308.967443528156,4.105865563028018,50.0,1005.0,293.15,constant_cp_1005_J_kgK,PASS
gsC_f,20.001121520996094,39.5,5778.739903293086,26959.70346328263,4.665325644422003,50.0,1005.0,293.15,constant_cp_1005_J_kgK,PASS
gsC_f,25.003917694091797,39.5,5943.852739933356,25807.907843941473,4.3419494010254525,50.0,1005.0,293.15,constant_cp_1005_J_kgK,PASS
gsC_f,30.00307273864746,39.5,6582.867243010633,29047.58187368168,4.412603323349498,50.0,1005.0,293.15,constant_cp_1005_J_kgK,PASS
gsC_f,35.0015754699707,39.5,6823.934920997748,30787.987067461403,4.511764461985122,50.0,1005.0,293.15,constant_cp_1005_J_kgK,PASS
gsC_f,40.00180435180664,39.5,6819.420269110138,31074.986093716347,4.556836925636018,50.0,1005.0,293.15,constant_cp_1005_J_kgK,PASS
gsC_f,45.000858306884766,39.5,7285.617117011441,29495.888458094938,4.048509273047016,50.0,1005.0,293.15,constant_cp_1005_J_kgK,PASS
gsC_f,50.00093460083008,39.5,7166.030693937904,29446.69174793908,4.1092053614625685,50.0,1005.0,293.15,constant_cp_1005_J_kgK,PASS
gsC_f,55.00254821777344,39.5,7141.004870281822,33915.66027784733,4.749424050806464,50.0,1005.0,293.15,constant_cp_1005_J_kgK,PASS
gsC_f,60.002017974853516,39.5,7770.934924223474,37777.867037521966,4.861431398654021,50.0,1005.0,293.15,constant_cp_1005_J_kgK,PASS
gsC_f,65.00010681152344,39.5,7722.579587666571,31800.014330331556,4.117796905727459,50.0,1005.0,293.15,constant_cp_1005_J_kgK,PASS
gsC_f,70.00228118896484,39.5,7607.68704294165,37511.414917292954,4.930725292136038,50.0,1005.0,293.15,constant_cp_1005_J_kgK,PASS
gsC_f,75.00025177001953,39.5,8254.418027867248,30195.632256323253,3.658117647346902,50.0,1005.0,293.15,constant_cp_1005_J_kgK,PASS
gsC_f,80.00283813476562,39.5,8099.150543055697,39178.462652775044,4.837354540392172,50.0,1005.0,293.15,constant_cp_1005_J_kgK,PASS
gsC_f,85.00113677978516,39.5,7533.253063979253,30364.053650548154,4.0306695384669675,50.0,1005.0,293.15,constant_cp_1005_J_kgK,PASS
gsC_f,90.00355529785156,39.5,8413.151559955964,36158.43485602846,4.297846603421158,50.0,1005.0,293.15,constant_cp_1005_J_kgK,PASS
gsC_f,95.00364685058594,39.5,8390.51145519303,32275.854445048662,3.846708823103834,50.0,1005.0,293.15,constant_cp_1005_J_kgK,PASS
gsC_f,100.00283813476562,39.5,7873.434945306441,37218.614396399294,4.727112709374903,50.0,1005.0,293.15,constant_cp_1005_J_kgK,PASS
gsC_f,105.00196075439453,39.5,7959.50073747902,36389.90141088475,4.571882409600203,50.0,1005.0,293.15,constant_cp_1005_J_kgK,PASS
gsC_f,110.00096130371094,39.5,7579.188068430807,34994.5983359096,4.617196198319202,50.0,1005.0,293.15,constant_cp_1005_J_kgK,PASS
gsC_f,115.00304412841797,39.5,8281.905510312423,38027.03183289502,4.5915800156787725,50.0,1005.0,293.15,constant_cp_1005_J_kgK,PASS
gsC_f,120.00028991699219,39.5,7640.765459619152,35388.52355068938,4.6315416613309655,50.0,1005.0,293.15,constant_cp_1005_J_kgK,PASS
gsC_f,125.0025863647461,39.5,7818.307090088239,31412.339578042105,4.017793010185222,50.0,1005.0,293.15,constant_cp_1005_J_kgK,PASS
gsC_f,130.00022888183594,39.5,8122.585097601459,37811.221514867575,4.655072376653623,50.0,1005.0,293.15,constant_cp_1005_J_kgK,PASS
gsC_f,135.00064086914062,39.5,7900.977929005905,31462.8672949511,3.982148485624962,50.0,1005.0,293.15,constant_cp_1005_J_kgK,PASS
gsC_f,140.0008544921875,39.5,7726.732825562905,29488.164001661018,3.8163819906001395,50.0,1005.0,293.15,constant_cp_1005_J_kgK,PASS
gsC_f,145.0030975341797,39.5,7862.210834580365,36950.79344532024,4.699796815775386,50.0,1005.0,293.15,constant_cp_1005_J_kgK,PASS
gsC_f,150.0004119873047,39.5,7996.945420897773,33084.69820203137,4.13716693821239,50.0,1005.0,293.15,constant_cp_1005_J_kgK,PASS
gsC_f,155.0023956298828,39.5,7716.39144312709,31688.13431330425,4.106600157191926,50.0,1005.0,293.15,constant_cp_1005_J_kgK,PASS
gsC_f,160.0000762939453,39.5,7697.356950492617,31932.987551863178,4.148565248726756,50.0,1005.0,293.15,constant_cp_1005_J_kgK,PASS
gsC_f,165.00213623046875,39.5,7707.347929622354,33824.9358032737,4.388660809416277,50.0,1005.0,293.15,constant_cp_1005_J_kgK,PASS
gsC_f,170.00222778320312,39.5,7986.5297624152645,36448.546678456885,4.563752688931275,50.0,1005.0,293.15,constant_cp_1005_J_kgK,PASS
gsC_f,175.00099182128906,39.5,7772.358093701427,32420.716214686934,4.1712844189404885,50.0,1005.0,293.15,constant_cp_1005_J_kgK,PASS
gsC_f,180.0025177001953,39.5,7819.149206772924,29869.43097248421,3.8200359377472393,50.0,1005.0,293.15,constant_cp_1005_J_kgK,PASS
gsC_f,185.0011444091797,39.5,8072.295288812048,35510.019500795024,4.398999074031201,50.0,1005.0,293.15,constant_cp_1005_J_kgK,PASS
gsC_f,190.00201416015625,39.5,8173.305617787436,34606.68113356711,4.234110744402962,50.0,1005.0,293.15,constant_cp_1005_J_kgK,PASS
gsC_f,195.0022430419922,39.5,7731.507628296938,33346.102584100445,4.313014251198697,50.0,1005.0,293.15,constant_cp_1005_J_kgK,PASS
gsC_f,200.00115966796875,39.5,7860.527584842523,32169.185059108164,4.092496936355264,50.0,1005.0,293.15,constant_cp_1005_J_kgK,PASS
gsC_f,205.0005340576172,39.5,7459.200473526344,29843.750920720864,4.000931604752567,50.0,1005.0,293.15,constant_cp_1005_J_kgK,PASS
gsC_f,210.00140380859375,39.5,7702.297465103564,32281.937297088647,4.191208849481951,50.0,1005.0,293.15,constant_cp_1005_J_kgK,PASS
gsC_f,215.0022430419922,39.5,7210.147163567241,29766.997760261485,4.128486851235093,50.0,1005.0,293.15,constant_cp_1005_J_kgK,PASS
gsC_f,220.0011749267578,39.5,7232.026004761117,30206.860969786103,4.176818632827869,50.0,1005.0,293.15,constant_cp_1005_J_kgK,PASS
gsC_f,225.00082397460938,39.5,7375.0192236792645,33684.275082633336,4.567347427987352,50.0,1005.0,293.15,constant_cp_1005_J_kgK,PASS
gsC_f,230.0000457763672,39.5,8312.427618850532,37467.97847394329,4.50746523061093,50.0,1005.0,293.15,constant_cp_1005_J_kgK,PASS
gsC_f,235.00035095214844,39.5,8219.751028202567,33752.61843234581,4.106282333434917,50.0,1005.0,293.15,constant_cp_1005_J_kgK,PASS
gsC_f,240.00135803222656,39.5,8269.433701908183,34775.506974026735,4.205306944536968,50.0,1005.0,293.15,constant_cp_1005_J_kgK,PASS
gsC_f,245.00198364257812,39.5,7596.445439572231,30174.96414603469,3.97224786066915,50.0,1005.0,293.15,constant_cp_1005_J_kgK,PASS
gsC_f,250.0021514892578,39.5,8115.737293755374,32474.676959898476,4.001445067089838,50.0,1005.0,293.15,constant_cp_1005_J_kgK,PASS
gsC_f,255.0029296875,39.5,7828.552000941371,34913.21241363164,4.459727981551239,50.0,1005.0,293.15,constant_cp_1005_J_kgK,PASS
gsC_f,260.0028381347656,39.5,8169.583479491425,34724.12201329526,4.25041522624268,50.0,1005.0,293.15,constant_cp_1005_J_kgK,PASS
gsC_f,265.0002136230469,39.5,8039.702036869134,33151.227259000836,4.123439787565392,50.0,1005.0,293.15,constant_cp_1005_J_kgK,PASS
gsC_f,270.001953125,39.5,7824.660802553809,33837.21696111332,4.324432434191297,50.0,1005.0,293.15,constant_cp_1005_J_kgK,PASS
gsC_f,275.0027160644531,39.5,7807.422192636358,35822.537359638285,4.588266969015721,50.0,1005.0,293.15,constant_cp_1005_J_kgK,PASS
gsC_f,280.0019836425781,39.5,8269.816485732095,35762.324015334336,4.3244398563173325,50.0,1005.0,293.15,constant_cp_1005_J_kgK,PASS
gsC_f,285.003173828125,39.5,8544.188847019395,35030.66588408754,4.099940498892852,50.0,1005.0,293.15,constant_cp_1005_J_kgK,PASS
gsC_f,290.0028076171875,39.5,8352.29875168165,37512.72061916,4.491304937051336,50.0,1005.0,293.15,constant_cp_1005_J_kgK,PASS
gsC_f,295.0010070800781,39.5,7697.042202360803,34949.482419899614,4.540638014064093,50.0,1005.0,293.15,constant_cp_1005_J_kgK,PASS
gsC_f,300.0,39.5,8380.712536856969,32294.354511737984,3.8534139394125466,50.0,1005.0,293.15,constant_cp_1005_J_kgK,PASS
gsC_f,0.0,46.5,0.0,0.0,0.0,50.0,1005.0,293.15,constant_cp_1005_J_kgK,NEAR_ZERO_C_T_REVIEW
gsC_f,5.001721382141113,46.5,82362.40868816238,213642.57914850727,2.593933112828094,50.0,1005.0,293.15,constant_cp_1005_J_kgK,PASS
gsC_f,10.000191688537598,46.5,46437.82454675787,215404.06797824497,4.638547780405857,50.0,1005.0,293.15,constant_cp_1005_J_kgK,PASS
gsC_f,15.002643585205078,46.5,41507.22494484193,170395.772042714,4.105207521561493,50.0,1005.0,293.15,constant_cp_1005_J_kgK,PASS
gsC_f,20.001121520996094,46.5,39131.5011826331,185599.307541161,4.742964157570495,50.0,1005.0,293.15,constant_cp_1005_J_kgK,PASS
gsC_f,25.003917694091797,46.5,40561.153302737686,177368.25941221637,4.372860359477019,50.0,1005.0,293.15,constant_cp_1005_J_kgK,PASS
gsC_f,30.00307273864746,46.5,45236.26234577733,202081.97028262872,4.467256130445711,50.0,1005.0,293.15,constant_cp_1005_J_kgK,PASS
gsC_f,35.0015754699707,46.5,46173.65639783615,211297.1837304982,4.576141467115775,50.0,1005.0,293.15,constant_cp_1005_J_kgK,PASS
gsC_f,40.00180435180664,46.5,45770.72732655077,211053.08650475042,4.611093133805583,50.0,1005.0,293.15,constant_cp_1005_J_kgK,PASS
gsC_f,45.000858306884766,46.5,50431.379558427616,203436.85200510762,4.033933907546797,50.0,1005.0,293.15,constant_cp_1005_J_kgK,PASS
gsC_f,50.00093460083008,46.5,48250.43178763201,198017.57823829597,4.1039545326732085,50.0,1005.0,293.15,constant_cp_1005_J_kgK,PASS
gsC_f,55.00254821777344,46.5,49129.78449990659,238011.0753160263,4.84453733593059,50.0,1005.0,293.15,constant_cp_1005_J_kgK,PASS
gsC_f,60.002017974853516,46.5,54035.065415338046,268639.2128893142,4.97157190103179,50.0,1005.0,293.15,constant_cp_1005_J_kgK,PASS
gsC_f,65.00010681152344,46.5,54929.976560519426,226589.34409894925,4.1250580882607695,50.0,1005.0,293.15,constant_cp_1005_J_kgK,PASS
gsC_f,70.00228118896484,46.5,53313.01293394959,269154.93287415383,5.048578537619126,50.0,1005.0,293.15,constant_cp_1005_J_kgK,PASS
gsC_f,75.00025177001953,46.5,60011.03130732063,214964.32095729373,3.582080098847878,50.0,1005.0,293.15,constant_cp_1005_J_kgK,PASS
gsC_f,80.00283813476562,46.5,57819.58440812245,286240.50841352984,4.9505805229086715,50.0,1005.0,293.15,constant_cp_1005_J_kgK,PASS
gsC_f,85.00113677978516,46.5,51734.533567430204,207023.2098405706,4.001644463861551,50.0,1005.0,293.15,constant_cp_1005_J_kgK,PASS
gsC_f,90.00355529785156,46.5,61108.86450989978,263479.8811080691,4.311647470808109,50.0,1005.0,293.15,constant_cp_1005_J_kgK,PASS
gsC_f,95.00364685058594,46.5,58814.74627738851,223663.56546049533,3.8028484286172906,50.0,1005.0,293.15,constant_cp_1005_J_kgK,PASS
gsC_f,100.00283813476562,46.5,55259.3422098732,265888.1398947736,4.811641421371507,50.0,1005.0,293.15,constant_cp_1005_J_kgK,PASS
gsC_f,105.00196075439453,46.5,55203.45387324625,256135.8871742276,4.639852567238667,50.0,1005.0,293.15,constant_cp_1005_J_kgK,PASS
gsC_f,110.00096130371094,46.5,52609.535376586646,246596.19003550394,4.687290778569477,50.0,1005.0,293.15,constant_cp_1005_J_kgK,PASS
gsC_f,115.00304412841797,46.5,58656.06714743501,273318.334651102,4.659677130485033,50.0,1005.0,293.15,constant_cp_1005_J_kgK,PASS
gsC_f,120.00028991699219,46.5,52162.02147638337,245150.24552357313,4.69978422202371,50.0,1005.0,293.15,constant_cp_1005_J_kgK,PASS
gsC_f,125.0025863647461,46.5,54064.24129630363,215682.86599184404,3.989381166190272,50.0,1005.0,293.15,constant_cp_1005_J_kgK,PASS
gsC_f,130.00022888183594,46.5,56683.87680334367,267550.6117424832,4.720047866004398,50.0,1005.0,293.15,constant_cp_1005_J_kgK,PASS
gsC_f,135.00064086914062,46.5,54160.055067222565,214385.30068838762,3.9583656335336475,50.0,1005.0,293.15,constant_cp_1005_J_kgK,PASS
gsC_f,140.0008544921875,46.5,54344.83370964505,204893.29730225194,3.770244259039549,50.0,1005.0,293.15,constant_cp_1005_J_kgK,PASS
gsC_f,145.0030975341797,46.5,55113.187919287215,263403.51405102725,4.779319142938613,50.0,1005.0,293.15,constant_cp_1005_J_kgK,PASS
gsC_f,150.0004119873047,46.5,54706.58899497905,226456.70077668948,4.139477619368107,50.0,1005.0,293.15,constant_cp_1005_J_kgK,PASS
gsC_f,155.0023956298828,46.5,53248.584717353544,217910.72698375548,4.092328991285565,50.0,1005.0,293.15,constant_cp_1005_J_kgK,PASS
gsC_f,160.0000762939453,46.5,54188.99030121669,224289.71603204976,4.139027407325759,50.0,1005.0,293.15,constant_cp_1005_J_kgK,PASS
gsC_f,165.00213623046875,46.5,54048.39366063883,240098.78913614195,4.442292783827752,50.0,1005.0,293.15,constant_cp_1005_J_kgK,PASS
gsC_f,170.00222778320312,46.5,55287.088901987336,255217.64806379375,4.616225110282758,50.0,1005.0,293.15,constant_cp_1005_J_kgK,PASS
gsC_f,175.00099182128906,46.5,53724.359965022624,224744.7388412853,4.183292997582507,50.0,1005.0,293.15,constant_cp_1005_J_kgK,PASS
gsC_f,180.0025177001953,46.5,54314.326721064215,204426.0964569241,3.7637601126267795,50.0,1005.0,293.15,constant_cp_1005_J_kgK,PASS
gsC_f,185.0011444091797,46.5,56130.24902269832,249452.25154508834,4.444167911035078,50.0,1005.0,293.15,constant_cp_1005_J_kgK,PASS
gsC_f,190.00201416015625,46.5,56537.811755815696,240724.55839294146,4.257762211113085,50.0,1005.0,293.15,constant_cp_1005_J_kgK,PASS
gsC_f,195.0022430419922,46.5,53047.99350175131,229127.16920419948,4.3192428983507325,50.0,1005.0,293.15,constant_cp_1005_J_kgK,PASS
gsC_f,200.00115966796875,46.5,54109.735665997854,221871.13361332778,4.100392117656303,50.0,1005.0,293.15,constant_cp_1005_J_kgK,PASS
gsC_f,205.0005340576172,46.5,52034.9733578456,207301.19121913583,3.9838819517311412,50.0,1005.0,293.15,constant_cp_1005_J_kgK,PASS
gsC_f,210.00140380859375,46.5,53452.68708604461,223406.66726099513,4.179521731084645,50.0,1005.0,293.15,constant_cp_1005_J_kgK,PASS
gsC_f,215.0022430419922,46.5,50758.728349515965,209472.71351268014,4.126831390855235,50.0,1005.0,293.15,constant_cp_1005_J_kgK,PASS
gsC_f,220.0011749267578,46.5,50246.3788493818,209704.58726450856,4.173526372778293,50.0,1005.0,293.15,constant_cp_1005_J_kgK,PASS
gsC_f,225.00082397460938,46.5,51525.938608424214,238511.15679127228,4.628953168691475,50.0,1005.0,293.15,constant_cp_1005_J_kgK,PASS
gsC_f,230.0000457763672,46.5,58542.972286597884,267138.45560466615,4.563117401980921,50.0,1005.0,293.15,constant_cp_1005_J_kgK,PASS
gsC_f,235.00035095214844,46.5,57249.53706390011,234571.64582718196,4.097354456602094,50.0,1005.0,293.15,constant_cp_1005_J_kgK,PASS
gsC_f,240.00135803222656,46.5,57259.85076877889,241232.12876909718,4.212936735431129,50.0,1005.0,293.15,constant_cp_1005_J_kgK,PASS
gsC_f,245.00198364257812,46.5,52220.08830844019,206079.66868262028,3.946367678763735,50.0,1005.0,293.15,constant_cp_1005_J_kgK,PASS
gsC_f,250.0021514892578,46.5,56655.06628526497,224645.1317099752,3.9651375673775826,50.0,1005.0,293.15,constant_cp_1005_J_kgK,PASS
gsC_f,255.0029296875,46.5,54154.92447557883,243979.27388103367,4.5052093829629785,50.0,1005.0,293.15,constant_cp_1005_J_kgK,PASS
gsC_f,260.0028381347656,46.5,56597.88980269841,240782.73781755453,4.254270586004614,50.0,1005.0,293.15,constant_cp_1005_J_kgK,PASS
gsC_f,265.0002136230469,46.5,56349.49495241754,231932.4870662381,4.115963901044396,50.0,1005.0,293.15,constant_cp_1005_J_kgK,PASS
gsC_f,270.001953125,46.5,53838.41428933202,234427.00684169066,4.354270272186259,50.0,1005.0,293.15,constant_cp_1005_J_kgK,PASS
gsC_f,275.0027160644531,46.5,54890.305033939054,255183.38965460454,4.648970150499587,50.0,1005.0,293.15,constant_cp_1005_J_kgK,PASS
gsC_f,280.0019836425781,46.5,59288.64081855399,256751.8098373434,4.33053964962864,50.0,1005.0,293.15,constant_cp_1005_J_kgK,PASS
gsC_f,285.003173828125,46.5,58984.09092867025,240575.3398223684,4.078647920729901,50.0,1005.0,293.15,constant_cp_1005_J_kgK,PASS
gsC_f,290.0028076171875,46.5,58253.23484751195,264380.64726313914,4.538471519310426,50.0,1005.0,293.15,constant_cp_1005_J_kgK,PASS
gsC_f,295.0010070800781,46.5,52543.95058109622,242374.23155106467,4.612790413940806,50.0,1005.0,293.15,constant_cp_1005_J_kgK,PASS
gsC_f,300.0,46.5,57807.24497976981,219679.2369072962,3.800202500295097,50.0,1005.0,293.15,constant_cp_1005_J_kgK,PASS
gsC_f,0.0,50.0,0.0,0.0,0.0,50.0,1005.0,293.15,constant_cp_1005_J_kgK,NEAR_ZERO_C_T_REVIEW
gsC_f,5.001721382141113,50.0,1494389.753544632,7020745.78511419,4.69806873906975,50.0,1005.0,293.15,constant_cp_1005_J_kgK,PASS
gsC_f,10.000191688537598,50.0,806758.635398625,4312869.2945468705,5.345922690267637,50.0,1005.0,293.15,constant_cp_1005_J_kgK,PASS
gsC_f,15.002643585205078,50.0,933645.7652441409,3579699.851782686,3.8341092361154976,50.0,1005.0,293.15,constant_cp_1005_J_kgK,PASS
gsC_f,20.001121520996094,50.0,1234006.406239295,7022035.0813322095,5.6904364886826295,50.0,1005.0,293.15,constant_cp_1005_J_kgK,PASS
gsC_f,25.003917694091797,50.0,1091803.1338703793,4803333.718362264,4.399450385652145,50.0,1005.0,293.15,constant_cp_1005_J_kgK,PASS
gsC_f,30.00307273864746,50.0,1043214.8170400362,4833523.367742808,4.63329631518961,50.0,1005.0,293.15,constant_cp_1005_J_kgK,PASS
gsC_f,35.0015754699707,50.0,1264779.2997150682,6949735.755182646,5.494820919940966,50.0,1005.0,293.15,constant_cp_1005_J_kgK,PASS
gsC_f,40.00180435180664,50.0,1092109.866444632,5897391.635196233,5.3999984950188304,50.0,1005.0,293.15,constant_cp_1005_J_kgK,PASS
gsC_f,45.000858306884766,50.0,973183.1925115486,3950740.67167919,4.059606353746499,50.0,1005.0,293.15,constant_cp_1005_J_kgK,PASS
gsC_f,50.00093460083008,50.0,958112.1905269341,4290032.428935429,4.477588816165704,50.0,1005.0,293.15,constant_cp_1005_J_kgK,PASS
gsC_f,55.00254821777344,50.0,1405236.7660067175,8350762.975644589,5.942602113503672,50.0,1005.0,293.15,constant_cp_1005_J_kgK,PASS
gsC_f,60.002017974853516,50.0,1232537.1389382656,7115957.01748202,5.7734219867904795,50.0,1005.0,293.15,constant_cp_1005_J_kgK,PASS
gsC_f,65.00010681152344,50.0,911378.292190414,3886195.592176443,4.264086192832533,50.0,1005.0,293.15,constant_cp_1005_J_kgK,PASS
gsC_f,70.00228118896484,50.0,1595419.4937569767,10895899.400687706,6.829488697690079,50.0,1005.0,293.15,constant_cp_1005_J_kgK,PASS
gsC_f,75.00025177001953,50.0,903344.9692043178,2751787.3034198717,3.046219769003298,50.0,1005.0,293.15,constant_cp_1005_J_kgK,PASS
gsC_f,80.00283813476562,50.0,1416224.0493281856,9119750.527479164,6.43948288535652,50.0,1005.0,293.15,constant_cp_1005_J_kgK,PASS
gsC_f,85.00113677978516,50.0,864775.5774935158,3838995.615008119,4.439296986317701,50.0,1005.0,293.15,constant_cp_1005_J_kgK,PASS
gsC_f,90.00355529785156,50.0,1134444.4078086573,5057189.441587839,4.457855675234474,50.0,1005.0,293.15,constant_cp_1005_J_kgK,PASS
gsC_f,95.00364685058594,50.0,771424.4380023559,2979099.1114435736,3.8618158366334665,50.0,1005.0,293.15,constant_cp_1005_J_kgK,PASS
gsC_f,100.00283813476562,50.0,1460442.4060516802,9062329.191172378,6.205194503816459,50.0,1005.0,293.15,constant_cp_1005_J_kgK,PASS
gsC_f,105.00196075439453,50.0,1186530.9439374185,6400565.58350602,5.394352010969215,50.0,1005.0,293.15,constant_cp_1005_J_kgK,PASS
gsC_f,110.00096130371094,50.0,1282905.9502592345,7189444.631285169,5.604030934483082,50.0,1005.0,293.15,constant_cp_1005_J_kgK,PASS
gsC_f,115.00304412841797,50.0,1220034.3800491604,6606479.520518089,5.4149945514255755,50.0,1005.0,293.15,constant_cp_1005_J_kgK,PASS
gsC_f,120.00028991699219,50.0,1289830.0146342516,7604061.248547667,5.895397968936158,50.0,1005.0,293.15,constant_cp_1005_J_kgK,PASS
gsC_f,125.0025863647461,50.0,984950.8024024279,4549721.325564543,4.61923713800441,50.0,1005.0,293.15,constant_cp_1005_J_kgK,PASS
gsC_f,130.00022888183594,50.0,1419325.6447037137,8326183.263785564,5.866295233130704,50.0,1005.0,293.15,constant_cp_1005_J_kgK,PASS
gsC_f,135.00064086914062,50.0,902561.3183268983,3592619.636344776,3.980471535168941,50.0,1005.0,293.15,constant_cp_1005_J_kgK,PASS
gsC_f,140.0008544921875,50.0,851160.291798346,3187423.1274448168,3.744797728651522,50.0,1005.0,293.15,constant_cp_1005_J_kgK,PASS
gsC_f,145.0030975341797,50.0,1313297.672481327,7829977.616314562,5.962073778384684,50.0,1005.0,293.15,constant_cp_1005_J_kgK,PASS
gsC_f,150.0004119873047,50.0,1086613.7478986487,5341893.304605748,4.916092139397444,50.0,1005.0,293.15,constant_cp_1005_J_kgK,PASS
gsC_f,155.0023956298828,50.0,1009632.2104917958,4735488.538577227,4.690310480754716,50.0,1005.0,293.15,constant_cp_1005_J_kgK,PASS
gsC_f,160.0000762939453,50.0,1153872.7732122354,4867688.907893486,4.21856639735285,50.0,1005.0,293.15,constant_cp_1005_J_kgK,PASS
gsC_f,165.00213623046875,50.0,1142851.1021493499,5562124.670276665,4.866884810992458,50.0,1005.0,293.15,constant_cp_1005_J_kgK,PASS
gsC_f,170.00222778320312,50.0,1312293.812380505,7642607.268607047,5.82385377154475,50.0,1005.0,293.15,constant_cp_1005_J_kgK,PASS
gsC_f,175.00099182128906,50.0,1372309.5934897277,6888443.9300404,5.019599048727307,50.0,1005.0,293.15,constant_cp_1005_J_kgK,PASS
gsC_f,180.0025177001953,50.0,888316.6195177598,3529107.5489590405,3.972803695685534,50.0,1005.0,293.15,constant_cp_1005_J_kgK,PASS
gsC_f,185.0011444091797,50.0,1216614.5604330772,6012801.982301079,4.942240688094923,50.0,1005.0,293.15,constant_cp_1005_J_kgK,PASS
gsC_f,190.00201416015625,50.0,1355142.3412223223,7079365.819874676,5.2240754380747685,50.0,1005.0,293.15,constant_cp_1005_J_kgK,PASS
gsC_f,195.0022430419922,50.0,1052636.863521997,5396790.7729251785,5.12692549533954,50.0,1005.0,293.15,constant_cp_1005_J_kgK,PASS
gsC_f,200.00115966796875,50.0,1022633.3027520356,4643870.944682648,4.541091055987908,50.0,1005.0,293.15,constant_cp_1005_J_kgK,PASS
gsC_f,205.0005340576172,50.0,1005340.822274736,3980973.1890041125,3.9598244702692496,50.0,1005.0,293.15,constant_cp_1005_J_kgK,PASS
gsC_f,210.00140380859375,50.0,1091321.0296137424,4662992.584302115,4.272796416241069,50.0,1005.0,293.15,constant_cp_1005_J_kgK,PASS
gsC_f,215.0022430419922,50.0,1046204.0280670293,4451800.800625335,4.255193710972893,50.0,1005.0,293.15,constant_cp_1005_J_kgK,PASS
gsC_f,220.0011749267578,50.0,1085465.9589186315,4803947.940260402,4.425701147778242,50.0,1005.0,293.15,constant_cp_1005_J_kgK,PASS
gsC_f,225.00082397460938,50.0,1278440.0291642766,7392350.727771148,5.782321078137364,50.0,1005.0,293.15,constant_cp_1005_J_kgK,PASS
gsC_f,230.0000457763672,50.0,1521687.067089811,8953035.926456146,5.883624905598102,50.0,1005.0,293.15,constant_cp_1005_J_kgK,PASS
gsC_f,235.00035095214844,50.0,1059585.4447183996,4356768.277499176,4.111766822785158,50.0,1005.0,293.15,constant_cp_1005_J_kgK,PASS
gsC_f,240.00135803222656,50.0,1203000.1346204588,6019726.51272588,5.003928378299868,50.0,1005.0,293.15,constant_cp_1005_J_kgK,PASS
gsC_f,245.00198364257812,50.0,978704.8679264825,3956768.118170809,4.042861385326251,50.0,1005.0,293.15,constant_cp_1005_J_kgK,PASS
gsC_f,250.0021514892578,50.0,986757.9211203849,4018482.3692018962,4.072409537527934,50.0,1005.0,293.15,constant_cp_1005_J_kgK,PASS
gsC_f,255.0029296875,50.0,1097622.7854000393,5786324.776618009,5.271687918276152,50.0,1005.0,293.15,constant_cp_1005_J_kgK,PASS
gsC_f,260.0028381347656,50.0,1214621.9582979751,6162488.105295278,5.073585293921939,50.0,1005.0,293.15,constant_cp_1005_J_kgK,PASS
gsC_f,265.0002136230469,50.0,975706.1662604958,4125129.25152775,4.227839685935131,50.0,1005.0,293.15,constant_cp_1005_J_kgK,PASS
gsC_f,270.001953125,50.0,1191913.7000748995,5888970.546201208,4.940769240114567,50.0,1005.0,293.15,constant_cp_1005_J_kgK,PASS
gsC_f,275.0027160644531,50.0,1309704.6160676747,7710082.280999579,5.88688639133664,50.0,1005.0,293.15,constant_cp_1005_J_kgK,PASS
gsC_f,280.0019836425781,50.0,1151565.8366059517,5382141.489041794,4.6737592571387445,50.0,1005.0,293.15,constant_cp_1005_J_kgK,PASS
gsC_f,285.003173828125,50.0,1050534.1764662538,4943377.939666033,4.7055850731999715,50.0,1005.0,293.15,constant_cp_1005_J_kgK,PASS
gsC_f,290.0028076171875,50.0,1365761.7068499953,7543885.926783966,5.523574053180364,50.0,1005.0,293.15,constant_cp_1005_J_kgK,PASS
gsC_f,295.0010070800781,50.0,1204252.1144480817,6773713.285424129,5.624829887492928,50.0,1005.0,293.15,constant_cp_1005_J_kgK,PASS
gsC_f,300.0,50.0,962607.2413173218,3725199.242914494,3.8699056926027056,50.0,1005.0,293.15,constant_cp_1005_J_kgK,PASS
gsC_f,0.0,53.5,0.0,0.0,0.0,50.0,1005.0,293.15,constant_cp_1005_J_kgK,NEAR_ZERO_C_T_REVIEW
gsC_f,5.001721382141113,53.5,4918606.612483216,20344859.47173456,4.1363054772667045,50.0,1005.0,293.15,constant_cp_1005_J_kgK,PASS
gsC_f,10.000191688537598,53.5,1847882.0724338442,12795706.057476882,6.924525243444599,50.0,1005.0,293.15,constant_cp_1005_J_kgK,PASS
gsC_f,15.002643585205078,53.5,1945792.9881747025,10491237.490613703,5.391754186788006,50.0,1005.0,293.15,constant_cp_1005_J_kgK,PASS
gsC_f,20.001121520996094,53.5,2013847.3565929658,13794678.46715489,6.849912642084637,50.0,1005.0,293.15,constant_cp_1005_J_kgK,PASS
gsC_f,25.003917694091797,53.5,2238968.1139859175,14282186.029025132,6.378914438222749,50.0,1005.0,293.15,constant_cp_1005_J_kgK,PASS
gsC_f,30.00307273864746,53.5,2549830.132035033,16838333.540267155,6.603707960274352,50.0,1005.0,293.15,constant_cp_1005_J_kgK,PASS
gsC_f,35.0015754699707,53.5,2688105.77763752,17687786.048986968,6.580018612411943,50.0,1005.0,293.15,constant_cp_1005_J_kgK,PASS
gsC_f,40.00180435180664,53.5,2435870.467667188,16627668.785888642,6.826171180527842,50.0,1005.0,293.15,constant_cp_1005_J_kgK,PASS
gsC_f,45.000858306884766,53.5,2389307.552133276,14551075.275689714,6.090080476537181,50.0,1005.0,293.15,constant_cp_1005_J_kgK,PASS
gsC_f,50.00093460083008,53.5,2323032.307688111,13638177.420803,5.87085137630985,50.0,1005.0,293.15,constant_cp_1005_J_kgK,PASS
gsC_f,55.00254821777344,53.5,2992969.070047258,21286784.15175444,7.112263325667552,50.0,1005.0,293.15,constant_cp_1005_J_kgK,PASS
gsC_f,60.002017974853516,53.5,3226230.6839634245,24371000.428253233,7.5540166886992255,50.0,1005.0,293.15,constant_cp_1005_J_kgK,PASS
gsC_f,65.00010681152344,53.5,2556988.339145202,16696502.812496549,6.529753208838708,50.0,1005.0,293.15,constant_cp_1005_J_kgK,PASS
gsC_f,70.00228118896484,53.5,3709847.465979728,25528852.41213972,6.881375217241671,50.0,1005.0,293.15,constant_cp_1005_J_kgK,PASS
gsC_f,75.00025177001953,53.5,1651361.4889438548,8355695.637687549,5.059882826159107,50.0,1005.0,293.15,constant_cp_1005_J_kgK,PASS
gsC_f,80.00283813476562,53.5,3761410.569502403,27827699.708139285,7.398208516179238,50.0,1005.0,293.15,constant_cp_1005_J_kgK,PASS
gsC_f,85.00113677978516,53.5,2508045.961510985,14401203.872817792,5.742001579644779,50.0,1005.0,293.15,constant_cp_1005_J_kgK,PASS
gsC_f,90.00355529785156,53.5,2625036.7444602004,18360555.988871213,6.994399612736385,50.0,1005.0,293.15,constant_cp_1005_J_kgK,PASS
gsC_f,95.00364685058594,53.5,2266183.2328036036,12540661.106705505,5.533824858103309,50.0,1005.0,293.15,constant_cp_1005_J_kgK,PASS
gsC_f,100.00283813476562,53.5,3344935.7121717767,24059083.794279307,7.192689445938076,50.0,1005.0,293.15,constant_cp_1005_J_kgK,PASS
gsC_f,105.00196075439453,53.5,2749519.555523385,19731297.374468844,7.176270972443724,50.0,1005.0,293.15,constant_cp_1005_J_kgK,PASS
gsC_f,110.00096130371094,53.5,2895498.1984628523,20341778.346532393,7.025312036916938,50.0,1005.0,293.15,constant_cp_1005_J_kgK,PASS
gsC_f,115.00304412841797,53.5,2818301.966064362,20916821.17612768,7.421781422995322,50.0,1005.0,293.15,constant_cp_1005_J_kgK,PASS
gsC_f,120.00028991699219,53.5,2778855.0898656244,20040686.93141533,7.211850306445601,50.0,1005.0,293.15,constant_cp_1005_J_kgK,PASS
gsC_f,125.0025863647461,53.5,2733040.733216652,15853034.132330325,5.8005114741455355,50.0,1005.0,293.15,constant_cp_1005_J_kgK,PASS
gsC_f,130.00022888183594,53.5,3016392.258852874,21295901.62890512,7.060057115053031,50.0,1005.0,293.15,constant_cp_1005_J_kgK,PASS
gsC_f,135.00064086914062,53.5,2142275.0052945386,12546844.651319532,5.85678524947103,50.0,1005.0,293.15,constant_cp_1005_J_kgK,PASS
gsC_f,140.0008544921875,53.5,2474687.782891201,13733369.302017767,5.549536146322644,50.0,1005.0,293.15,constant_cp_1005_J_kgK,PASS
gsC_f,145.0030975341797,53.5,2900744.6880846275,21150849.03550583,7.291523836064251,50.0,1005.0,293.15,constant_cp_1005_J_kgK,PASS
gsC_f,150.0004119873047,53.5,2535802.6427303646,15599234.201641655,6.151596318570577,50.0,1005.0,293.15,constant_cp_1005_J_kgK,PASS
gsC_f,155.0023956298828,53.5,2424061.4292721217,14252394.55109788,5.879551722159728,50.0,1005.0,293.15,constant_cp_1005_J_kgK,PASS
gsC_f,160.0000762939453,53.5,2287344.3993579624,14207937.705932673,6.21154283103179,50.0,1005.0,293.15,constant_cp_1005_J_kgK,PASS
gsC_f,165.00213623046875,53.5,2790224.1425977806,18697191.213299442,6.700963885966452,50.0,1005.0,293.15,constant_cp_1005_J_kgK,PASS
gsC_f,170.00222778320312,53.5,2646883.322535143,18715640.534502923,7.070821888959342,50.0,1005.0,293.15,constant_cp_1005_J_kgK,PASS
gsC_f,175.00099182128906,53.5,2624021.7174246903,16306924.170040587,6.2144775943564925,50.0,1005.0,293.15,constant_cp_1005_J_kgK,PASS
gsC_f,180.0025177001953,53.5,2520921.941681858,13595629.883807011,5.393118152137843,50.0,1005.0,293.15,constant_cp_1005_J_kgK,PASS
gsC_f,185.0011444091797,53.5,2867152.263650878,18944470.838789307,6.60741708034244,50.0,1005.0,293.15,constant_cp_1005_J_kgK,PASS
gsC_f,190.00201416015625,53.5,2664127.705325689,16648612.579356005,6.249179626815491,50.0,1005.0,293.15,constant_cp_1005_J_kgK,PASS
gsC_f,195.0022430419922,53.5,2627350.525257661,16918399.316956047,6.439338472089434,50.0,1005.0,293.15,constant_cp_1005_J_kgK,PASS
gsC_f,200.00115966796875,53.5,2263653.2593135242,13889191.259839475,6.135741506652616,50.0,1005.0,293.15,constant_cp_1005_J_kgK,PASS
gsC_f,205.0005340576172,53.5,2231753.4087569653,12599241.240333062,5.645445052708821,50.0,1005.0,293.15,constant_cp_1005_J_kgK,PASS
gsC_f,210.00140380859375,53.5,2396105.502482744,14426863.309013357,6.020963306525878,50.0,1005.0,293.15,constant_cp_1005_J_kgK,PASS
gsC_f,215.0022430419922,53.5,2423666.69775638,14537794.803566726,5.998264867452504,50.0,1005.0,293.15,constant_cp_1005_J_kgK,PASS
gsC_f,220.0011749267578,53.5,2337860.0350497984,14233631.767800132,6.0883164750694485,50.0,1005.0,293.15,constant_cp_1005_J_kgK,PASS
gsC_f,225.00082397460938,53.5,2526949.243564837,17450330.786555585,6.905691054537334,50.0,1005.0,293.15,constant_cp_1005_J_kgK,PASS
gsC_f,230.0000457763672,53.5,3213194.3445852986,21479087.264189173,6.684652392839096,50.0,1005.0,293.15,constant_cp_1005_J_kgK,PASS
gsC_f,235.00035095214844,53.5,2619591.9558869307,15718955.433715137,6.000535846199402,50.0,1005.0,293.15,constant_cp_1005_J_kgK,PASS
gsC_f,240.00135803222656,53.5,2615822.154976769,15773527.170429716,6.030045712557166,50.0,1005.0,293.15,constant_cp_1005_J_kgK,PASS
gsC_f,245.00198364257812,53.5,2363499.034321457,13285389.818347728,5.621068435156716,50.0,1005.0,293.15,constant_cp_1005_J_kgK,PASS
gsC_f,250.0021514892578,53.5,2005016.159188558,11598979.545914017,5.784980581207977,50.0,1005.0,293.15,constant_cp_1005_J_kgK,PASS
gsC_f,255.0029296875,53.5,2321185.0672417767,16089673.192068173,6.931663234929924,50.0,1005.0,293.15,constant_cp_1005_J_kgK,PASS
gsC_f,260.0028381347656,53.5,2372501.8856015317,14765277.849731598,6.223505211667285,50.0,1005.0,293.15,constant_cp_1005_J_kgK,PASS
gsC_f,265.0002136230469,53.5,2309059.4740679865,14099243.44158344,6.106054694530707,50.0,1005.0,293.15,constant_cp_1005_J_kgK,PASS
gsC_f,270.001953125,53.5,2401952.0029341187,15700378.699026948,6.536508090023469,50.0,1005.0,293.15,constant_cp_1005_J_kgK,PASS
gsC_f,275.0027160644531,53.5,2558230.809520891,17702950.72344449,6.9199974676092335,50.0,1005.0,293.15,constant_cp_1005_J_kgK,PASS
gsC_f,280.0019836425781,53.5,2200438.3743784134,15016512.874599356,6.824327847327813,50.0,1005.0,293.15,constant_cp_1005_J_kgK,PASS
gsC_f,285.003173828125,53.5,2159286.5061092293,13114911.386778053,6.073724514867421,50.0,1005.0,293.15,constant_cp_1005_J_kgK,PASS
gsC_f,290.0028076171875,53.5,2837088.3336293343,19352504.42308538,6.821255508223375,50.0,1005.0,293.15,constant_cp_1005_J_kgK,PASS
gsC_f,295.0010070800781,53.5,2503530.6917777094,17158648.541892547,6.8537799829042685,50.0,1005.0,293.15,constant_cp_1005_J_kgK,PASS
gsC_f,300.0,53.5,2212961.676100605,11871357.675706318,5.3644660022420645,50.0,1005.0,293.15,constant_cp_1005_J_kgK,PASS
gsC_f,0.0,60.5,0.0,0.0,0.0,50.0,1005.0,293.15,constant_cp_1005_J_kgK,NEAR_ZERO_C_T_REVIEW
gsC_f,5.001721382141113,60.5,3299125.3896372924,18009382.853250753,5.458835517382596,50.0,1005.0,293.15,constant_cp_1005_J_kgK,PASS
gsC_f,10.000191688537598,60.5,6489891.117042007,42082249.469230786,6.484276655847999,50.0,1005.0,293.15,constant_cp_1005_J_kgK,PASS
gsC_f,15.002643585205078,60.5,5446332.166370528,35062184.48393829,6.437760939451469,50.0,1005.0,293.15,constant_cp_1005_J_kgK,PASS
gsC_f,20.001121520996094,60.5,4285047.062681025,34250340.83125731,7.9929905856921675,50.0,1005.0,293.15,constant_cp_1005_J_kgK,PASS
gsC_f,25.003917694091797,60.5,4323429.309741411,33890322.619782425,7.8387595105167645,50.0,1005.0,293.15,constant_cp_1005_J_kgK,PASS
gsC_f,30.00307273864746,60.5,4922903.146491785,39847098.71886422,8.094227640302147,50.0,1005.0,293.15,constant_cp_1005_J_kgK,PASS
gsC_f,35.0015754699707,60.5,5319109.216164088,41929182.319465585,7.882745139364349,50.0,1005.0,293.15,constant_cp_1005_J_kgK,PASS
gsC_f,40.00180435180664,60.5,6298143.435725313,47539522.244940594,7.548180305846876,50.0,1005.0,293.15,constant_cp_1005_J_kgK,PASS
gsC_f,45.000858306884766,60.5,5959910.010466908,42661986.88518199,7.1581595712449,50.0,1005.0,293.15,constant_cp_1005_J_kgK,PASS
gsC_f,50.00093460083008,60.5,5680652.187311323,39927573.27542905,7.028695290412935,50.0,1005.0,293.15,constant_cp_1005_J_kgK,PASS
gsC_f,55.00254821777344,60.5,4746748.279441411,39927549.15684754,8.411558145979068,50.0,1005.0,293.15,constant_cp_1005_J_kgK,PASS
gsC_f,60.002017974853516,60.5,6403618.142358298,58193436.57227388,9.08758693578856,50.0,1005.0,293.15,constant_cp_1005_J_kgK,PASS
gsC_f,65.00010681152344,60.5,6913407.097706843,50127029.16864662,7.250698311296264,50.0,1005.0,293.15,constant_cp_1005_J_kgK,PASS
gsC_f,70.00228118896484,60.5,5229775.455676608,47161337.81202575,9.01785138037522,50.0,1005.0,293.15,constant_cp_1005_J_kgK,PASS
gsC_f,75.00025177001953,60.5,5201304.519606728,32271472.53110959,6.204495893185973,50.0,1005.0,293.15,constant_cp_1005_J_kgK,PASS
gsC_f,80.00283813476562,60.5,5839871.157057924,50182691.752257474,8.593116252506341,50.0,1005.0,293.15,constant_cp_1005_J_kgK,PASS
gsC_f,85.00113677978516,60.5,6366209.163049761,42540505.88741603,6.68223503153591,50.0,1005.0,293.15,constant_cp_1005_J_kgK,PASS
gsC_f,90.00355529785156,60.5,5330848.880868774,38878139.90423454,7.293048588145032,50.0,1005.0,293.15,constant_cp_1005_J_kgK,PASS
gsC_f,95.00364685058594,60.5,6736425.357056919,40129907.42079455,5.957151648500849,50.0,1005.0,293.15,constant_cp_1005_J_kgK,PASS
gsC_f,100.00283813476562,60.5,6064015.572430936,49290735.053653665,8.128398495173066,50.0,1005.0,293.15,constant_cp_1005_J_kgK,PASS
gsC_f,105.00196075439453,60.5,5032506.784528292,45153828.270128414,8.972432666945878,50.0,1005.0,293.15,constant_cp_1005_J_kgK,PASS
gsC_f,110.00096130371094,60.5,4851800.26583317,40827877.24279742,8.414995466798402,50.0,1005.0,293.15,constant_cp_1005_J_kgK,PASS
gsC_f,115.00304412841797,60.5,6062475.478686432,52393091.49883123,8.64219437802713,50.0,1005.0,293.15,constant_cp_1005_J_kgK,PASS
gsC_f,120.00028991699219,60.5,6196483.289192458,53395776.91437746,8.61710980605842,50.0,1005.0,293.15,constant_cp_1005_J_kgK,PASS
gsC_f,125.0025863647461,60.5,6805751.705836216,46486824.833064735,6.830520248512789,50.0,1005.0,293.15,constant_cp_1005_J_kgK,PASS
gsC_f,130.00022888183594,60.5,5194620.372995995,42476366.6504604,8.176991502838574,50.0,1005.0,293.15,constant_cp_1005_J_kgK,PASS
gsC_f,135.00064086914062,60.5,6121492.687458167,42827564.30952255,6.996261613979951,50.0,1005.0,293.15,constant_cp_1005_J_kgK,PASS
gsC_f,140.0008544921875,60.5,6299888.240343238,42554186.40464208,6.754752589440156,50.0,1005.0,293.15,constant_cp_1005_J_kgK,PASS
gsC_f,145.0030975341797,60.5,4903837.879346364,45171412.23349343,9.211440782686386,50.0,1005.0,293.15,constant_cp_1005_J_kgK,PASS
gsC_f,150.0004119873047,60.5,6840749.894361747,47587309.24807593,6.956446293599789,50.0,1005.0,293.15,constant_cp_1005_J_kgK,PASS
gsC_f,155.0023956298828,60.5,7356604.200260279,51478075.68900031,6.997532324381267,50.0,1005.0,293.15,constant_cp_1005_J_kgK,PASS
gsC_f,160.0000762939453,60.5,6357431.886117838,44983962.32534161,7.075807201893756,50.0,1005.0,293.15,constant_cp_1005_J_kgK,PASS
gsC_f,165.00213623046875,60.5,4689445.003038079,40619733.67988397,8.661949048036234,50.0,1005.0,293.15,constant_cp_1005_J_kgK,PASS
gsC_f,170.00222778320312,60.5,5861841.087105829,49028946.57334004,8.364086614560057,50.0,1005.0,293.15,constant_cp_1005_J_kgK,PASS
gsC_f,175.00099182128906,60.5,6212645.69475424,45078094.77238954,7.2558611881653,50.0,1005.0,293.15,constant_cp_1005_J_kgK,PASS
gsC_f,180.0025177001953,60.5,6490236.977569565,42016552.24179095,6.473808643197666,50.0,1005.0,293.15,constant_cp_1005_J_kgK,PASS
gsC_f,185.0011444091797,60.5,4920983.647717696,42424020.77818294,8.621044859163224,50.0,1005.0,293.15,constant_cp_1005_J_kgK,PASS
gsC_f,190.00201416015625,60.5,4543944.791986516,36049682.34765169,7.933565216555268,50.0,1005.0,293.15,constant_cp_1005_J_kgK,PASS
gsC_f,195.0022430419922,60.5,6348388.276264862,49736378.39006878,7.834489042836502,50.0,1005.0,293.15,constant_cp_1005_J_kgK,PASS
gsC_f,200.00115966796875,60.5,5795550.070603218,43512398.024355635,7.507897868929416,50.0,1005.0,293.15,constant_cp_1005_J_kgK,PASS
gsC_f,205.0005340576172,60.5,5849237.016466705,43131462.52004674,7.373861308513151,50.0,1005.0,293.15,constant_cp_1005_J_kgK,PASS
gsC_f,210.00140380859375,60.5,3992021.700283352,31163623.164527707,7.806476393230959,50.0,1005.0,293.15,constant_cp_1005_J_kgK,PASS
gsC_f,215.0022430419922,60.5,5139950.268652798,39325171.82249743,7.65088566368653,50.0,1005.0,293.15,constant_cp_1005_J_kgK,PASS
gsC_f,220.0011749267578,60.5,4840930.340783352,37824035.16843514,7.813381417571588,50.0,1005.0,293.15,constant_cp_1005_J_kgK,PASS
gsC_f,225.00082397460938,60.5,4773012.267843685,41758015.43406404,8.748776053938187,50.0,1005.0,293.15,constant_cp_1005_J_kgK,PASS
gsC_f,230.0000457763672,60.5,5093030.013989508,44742439.362397686,8.785033514332211,50.0,1005.0,293.15,constant_cp_1005_J_kgK,PASS
gsC_f,235.00035095214844,60.5,5401454.790156863,39824177.5768605,7.372861409380411,50.0,1005.0,293.15,constant_cp_1005_J_kgK,PASS
gsC_f,240.00135803222656,60.5,5516799.708337713,41678843.47213237,7.554895170318004,50.0,1005.0,293.15,constant_cp_1005_J_kgK,PASS
gsC_f,245.00198364257812,60.5,5423965.475322964,39601773.598227456,7.301258420320127,50.0,1005.0,293.15,constant_cp_1005_J_kgK,PASS
gsC_f,250.0021514892578,60.5,5351914.887913146,37655754.971208066,7.035940548354094,50.0,1005.0,293.15,constant_cp_1005_J_kgK,PASS
gsC_f,255.0029296875,60.5,4801998.02560447,40636800.49104306,8.462477550878988,50.0,1005.0,293.15,constant_cp_1005_J_kgK,PASS
gsC_f,260.0028381347656,60.5,6715763.993679889,50069942.12440897,7.4555839323015345,50.0,1005.0,293.15,constant_cp_1005_J_kgK,PASS
gsC_f,265.0002136230469,60.5,5218930.882126182,40065738.37260869,7.677001147845433,50.0,1005.0,293.15,constant_cp_1005_J_kgK,PASS
gsC_f,270.001953125,60.5,5433586.400603785,44084220.35039887,8.113282296477365,50.0,1005.0,293.15,constant_cp_1005_J_kgK,PASS
gsC_f,275.0027160644531,60.5,5198066.227153139,43528144.68002574,8.373911138847705,50.0,1005.0,293.15,constant_cp_1005_J_kgK,PASS
gsC_f,280.0019836425781,60.5,5967715.189857035,46254760.85631697,7.750832502015744,50.0,1005.0,293.15,constant_cp_1005_J_kgK,PASS
gsC_f,285.003173828125,60.5,6443330.296209097,44642776.55379011,6.928525234854943,50.0,1005.0,293.15,constant_cp_1005_J_kgK,PASS
gsC_f,290.0028076171875,60.5,5040479.76832035,42553953.0825135,8.442441005312046,50.0,1005.0,293.15,constant_cp_1005_J_kgK,PASS
gsC_f,295.0010070800781,60.5,5846014.736577589,49497395.38478406,8.466861206333723,50.0,1005.0,293.15,constant_cp_1005_J_kgK,PASS
gsC_f,300.0,60.5,6051026.500424046,40880436.940579966,6.75595073624535,50.0,1005.0,293.15,constant_cp_1005_J_kgK,PASS
gsC_f,0.0,71.0,0.0,0.0,0.0,50.0,1005.0,293.15,constant_cp_1005_J_kgK,NEAR_ZERO_C_T_REVIEW
gsC_f,5.001721382141113,71.0,5696.310604432336,23925.393707934723,4.200156095651459,50.0,1005.0,293.15,constant_cp_1005_J_kgK,PASS
gsC_f,10.000191688537598,71.0,6409549.896269726,43709194.28504616,6.819385915145825,50.0,1005.0,293.15,constant_cp_1005_J_kgK,PASS
gsC_f,15.002643585205078,71.0,6571525.893435172,42731609.54918817,6.502539933971229,50.0,1005.0,293.15,constant_cp_1005_J_kgK,PASS
gsC_f,20.001121520996094,71.0,7514776.480914099,60990664.322515346,8.116098260196878,50.0,1005.0,293.15,constant_cp_1005_J_kgK,PASS
gsC_f,25.003917694091797,71.0,6625354.7148766145,52192753.32794033,7.877729657364061,50.0,1005.0,293.15,constant_cp_1005_J_kgK,PASS
gsC_f,30.00307273864746,71.0,6870784.980514554,55489768.72473577,8.076190549129965,50.0,1005.0,293.15,constant_cp_1005_J_kgK,PASS
gsC_f,35.0015754699707,71.0,7668283.640055496,60711397.86246846,7.91720816707154,50.0,1005.0,293.15,constant_cp_1005_J_kgK,PASS
gsC_f,40.00180435180664,71.0,7588091.201907698,62131482.42296617,8.18802525822909,50.0,1005.0,293.15,constant_cp_1005_J_kgK,PASS
gsC_f,45.000858306884766,71.0,7430655.877190195,53989673.734549254,7.265801919354222,50.0,1005.0,293.15,constant_cp_1005_J_kgK,PASS
gsC_f,50.00093460083008,71.0,7191085.799973421,50896053.45031787,7.0776590442720035,50.0,1005.0,293.15,constant_cp_1005_J_kgK,PASS
gsC_f,55.00254821777344,71.0,7009165.655318427,60933271.66438716,8.693370175685903,50.0,1005.0,293.15,constant_cp_1005_J_kgK,PASS
gsC_f,60.002017974853516,71.0,8310791.837806096,76241367.1540323,9.173778942122883,50.0,1005.0,293.15,constant_cp_1005_J_kgK,PASS
gsC_f,65.00010681152344,71.0,7547615.793182887,60262998.62665959,7.984375500550779,50.0,1005.0,293.15,constant_cp_1005_J_kgK,PASS
gsC_f,70.00228118896484,71.0,6621114.954681863,63995644.84863199,9.665387972667649,50.0,1005.0,293.15,constant_cp_1005_J_kgK,PASS
gsC_f,75.00025177001953,71.0,8160626.61972771,56368921.88113011,6.907425680383711,50.0,1005.0,293.15,constant_cp_1005_J_kgK,PASS
gsC_f,80.00283813476562,71.0,7675983.024072814,65894654.635277145,8.584523236779381,50.0,1005.0,293.15,constant_cp_1005_J_kgK,PASS
gsC_f,85.00113677978516,71.0,6892627.569394232,48383316.66855708,7.019575072269472,50.0,1005.0,293.15,constant_cp_1005_J_kgK,PASS
gsC_f,90.00355529785156,71.0,7311589.163987968,55877154.637633145,7.642272204358375,50.0,1005.0,293.15,constant_cp_1005_J_kgK,PASS
gsC_f,95.00364685058594,71.0,7920371.0713162795,53733331.51111928,6.784193698413347,50.0,1005.0,293.15,constant_cp_1005_J_kgK,PASS
gsC_f,100.00283813476562,71.0,6716190.85982921,61578049.33990196,9.168597293476537,50.0,1005.0,293.15,constant_cp_1005_J_kgK,PASS
gsC_f,105.00196075439453,71.0,8313353.778478563,71270990.93405204,8.57307325456988,50.0,1005.0,293.15,constant_cp_1005_J_kgK,PASS
gsC_f,110.00096130371094,71.0,7890581.3710329775,65977314.36521873,8.361527657192317,50.0,1005.0,293.15,constant_cp_1005_J_kgK,PASS
gsC_f,115.00304412841797,71.0,7622643.94993159,65076659.63218923,8.537281822375196,50.0,1005.0,293.15,constant_cp_1005_J_kgK,PASS
gsC_f,120.00028991699219,71.0,7590109.522494574,68553328.16931647,9.031928718043801,50.0,1005.0,293.15,constant_cp_1005_J_kgK,PASS
gsC_f,125.0025863647461,71.0,7600708.4412306305,57807038.58059722,7.60548033483543,50.0,1005.0,293.15,constant_cp_1005_J_kgK,PASS
gsC_f,130.00022888183594,71.0,7624037.757830745,67797827.5446563,8.892640579464642,50.0,1005.0,293.15,constant_cp_1005_J_kgK,PASS
gsC_f,135.00064086914062,71.0,7540337.363040805,52594444.252571955,6.975078397733931,50.0,1005.0,293.15,constant_cp_1005_J_kgK,PASS
gsC_f,140.0008544921875,71.0,6796394.70014123,47167947.64974819,6.940142491837332,50.0,1005.0,293.15,constant_cp_1005_J_kgK,PASS
gsC_f,145.0030975341797,71.0,7824350.161820022,69455692.83076444,8.876864071048725,50.0,1005.0,293.15,constant_cp_1005_J_kgK,PASS
gsC_f,150.0004119873047,71.0,8345515.716401894,62654703.48531232,7.507589178961539,50.0,1005.0,293.15,constant_cp_1005_J_kgK,PASS
gsC_f,155.0023956298828,71.0,7588149.448754367,58136974.924951546,7.661548486567435,50.0,1005.0,293.15,constant_cp_1005_J_kgK,PASS
gsC_f,160.0000762939453,71.0,8167079.17940058,60768310.147768624,7.44064172918043,50.0,1005.0,293.15,constant_cp_1005_J_kgK,PASS
gsC_f,165.00213623046875,71.0,7761215.269718692,65709736.88323141,8.46642369779457,50.0,1005.0,293.15,constant_cp_1005_J_kgK,PASS
gsC_f,170.00222778320312,71.0,7899857.36226457,67389519.72555731,8.530472973785372,50.0,1005.0,293.15,constant_cp_1005_J_kgK,PASS
gsC_f,175.00099182128906,71.0,8488434.077049538,63913033.31480551,7.529425655505682,50.0,1005.0,293.15,constant_cp_1005_J_kgK,PASS
gsC_f,180.0025177001953,71.0,7422228.726479335,48717602.00487065,6.563743021158469,50.0,1005.0,293.15,constant_cp_1005_J_kgK,PASS
gsC_f,185.0011444091797,71.0,7807357.910879659,66579498.15805735,8.527788647332013,50.0,1005.0,293.15,constant_cp_1005_J_kgK,PASS
gsC_f,190.00201416015625,71.0,7218514.067795289,58187987.90645602,8.060937106994938,50.0,1005.0,293.15,constant_cp_1005_J_kgK,PASS
gsC_f,195.0022430419922,71.0,7120753.544235526,56562494.21037575,7.943329853926045,50.0,1005.0,293.15,constant_cp_1005_J_kgK,PASS
gsC_f,200.00115966796875,71.0,7552694.412271341,60419687.50529725,7.9997526984713625,50.0,1005.0,293.15,constant_cp_1005_J_kgK,PASS
gsC_f,205.0005340576172,71.0,7191021.408088286,54721723.0082944,7.6097288414055795,50.0,1005.0,293.15,constant_cp_1005_J_kgK,PASS
gsC_f,210.00140380859375,71.0,7233396.368839566,53391134.38701525,7.381198494391459,50.0,1005.0,293.15,constant_cp_1005_J_kgK,PASS
gsC_f,215.0022430419922,71.0,7460574.725814851,57501087.05400634,7.707326736510371,50.0,1005.0,293.15,constant_cp_1005_J_kgK,PASS
gsC_f,220.0011749267578,71.0,7366714.027534148,57724560.76635039,7.8358628488355295,50.0,1005.0,293.15,constant_cp_1005_J_kgK,PASS
gsC_f,225.00082397460938,71.0,7204957.441920541,64763078.91734496,8.988683061545165,50.0,1005.0,293.15,constant_cp_1005_J_kgK,PASS
gsC_f,230.0000457763672,71.0,8126653.684031231,68716206.92297089,8.45565833056198,50.0,1005.0,293.15,constant_cp_1005_J_kgK,PASS
gsC_f,235.00035095214844,71.0,7301368.883207294,55651686.871762745,7.6220894686965135,50.0,1005.0,293.15,constant_cp_1005_J_kgK,PASS
gsC_f,240.00135803222656,71.0,7676875.740567455,60494793.536662,7.8801319157720755,50.0,1005.0,293.15,constant_cp_1005_J_kgK,PASS
gsC_f,245.00198364257812,71.0,7240428.081589118,52578257.638790876,7.261760913347969,50.0,1005.0,293.15,constant_cp_1005_J_kgK,PASS
gsC_f,250.0021514892578,71.0,7638132.064667769,57426438.798383296,7.51838778279636,50.0,1005.0,293.15,constant_cp_1005_J_kgK,PASS
gsC_f,255.0029296875,71.0,8009668.693761872,67907329.49096608,8.47816958320061,50.0,1005.0,293.15,constant_cp_1005_J_kgK,PASS
gsC_f,260.0028381347656,71.0,7864395.847841299,61295815.249754444,7.794090790404395,50.0,1005.0,293.15,constant_cp_1005_J_kgK,PASS
gsC_f,265.0002136230469,71.0,8070059.858964504,62718763.93077466,7.771784227982455,50.0,1005.0,293.15,constant_cp_1005_J_kgK,PASS
gsC_f,270.001953125,71.0,7524205.932680652,62012695.238847,8.241759435304784,50.0,1005.0,293.15,constant_cp_1005_J_kgK,PASS
gsC_f,275.0027160644531,71.0,7737145.153534026,67377383.33811653,8.708300284031916,50.0,1005.0,293.15,constant_cp_1005_J_kgK,PASS
gsC_f,280.0019836425781,71.0,7622294.521673819,63166920.051839784,8.287126648311226,50.0,1005.0,293.15,constant_cp_1005_J_kgK,PASS
gsC_f,285.003173828125,71.0,7121295.941173313,52463479.21301976,7.367125260121658,50.0,1005.0,293.15,constant_cp_1005_J_kgK,PASS
gsC_f,290.0028076171875,71.0,8281281.709175199,70056047.62262599,8.459565811534679,50.0,1005.0,293.15,constant_cp_1005_J_kgK,PASS
gsC_f,295.0010070800781,71.0,7734552.552138917,64231946.08885177,8.304545822898188,50.0,1005.0,293.15,constant_cp_1005_J_kgK,PASS
gsC_f,300.0,71.0,7924427.314823754,54937142.67488525,6.932632541422596,50.0,1005.0,293.15,constant_cp_1005_J_kgK,PASS
gsC_f,0.0,78.0,0.0,0.0,0.0,50.0,1005.0,293.15,constant_cp_1005_J_kgK,NEAR_ZERO_C_T_REVIEW
gsC_f,5.001721382141113,78.0,984.1134054028663,4134.85659269322,4.201605800701732,50.0,1005.0,293.15,constant_cp_1005_J_kgK,PASS
gsC_f,10.000191688537598,78.0,3997869.7694495553,34139687.75389465,8.53946969828263,50.0,1005.0,293.15,constant_cp_1005_J_kgK,PASS
gsC_f,15.002643585205078,78.0,6487808.080259943,41365113.69127555,6.375822647580258,50.0,1005.0,293.15,constant_cp_1005_J_kgK,PASS
gsC_f,20.001121520996094,78.0,7326220.931164868,59653959.10084924,8.142528004730027,50.0,1005.0,293.15,constant_cp_1005_J_kgK,PASS
gsC_f,25.003917694091797,78.0,7197181.178064371,56360978.75404254,7.830979568198171,50.0,1005.0,293.15,constant_cp_1005_J_kgK,PASS
gsC_f,30.00307273864746,78.0,6927044.453293857,55363703.37110473,7.992399030264473,50.0,1005.0,293.15,constant_cp_1005_J_kgK,PASS
gsC_f,35.0015754699707,78.0,6935379.749858895,54611460.54330151,7.874328805774854,50.0,1005.0,293.15,constant_cp_1005_J_kgK,PASS
gsC_f,40.00180435180664,78.0,7416453.139111398,57883656.0092948,7.804762589820681,50.0,1005.0,293.15,constant_cp_1005_J_kgK,PASS
gsC_f,45.000858306884766,78.0,7400005.403640924,51961389.92821952,7.021804322285178,50.0,1005.0,293.15,constant_cp_1005_J_kgK,PASS
gsC_f,50.00093460083008,78.0,8005460.349644372,55241131.95479601,6.900431648162493,50.0,1005.0,293.15,constant_cp_1005_J_kgK,PASS
gsC_f,55.00254821777344,78.0,6901979.606660852,58886705.21758064,8.531857318261444,50.0,1005.0,293.15,constant_cp_1005_J_kgK,PASS
gsC_f,60.002017974853516,78.0,7357445.010388784,67574648.27229504,9.184526445916887,50.0,1005.0,293.15,constant_cp_1005_J_kgK,PASS
gsC_f,65.00010681152344,78.0,7212072.919066086,54816181.12525285,7.600613823570597,50.0,1005.0,293.15,constant_cp_1005_J_kgK,PASS
gsC_f,70.00228118896484,78.0,7302389.869504507,68801883.8960117,9.421831088933647,50.0,1005.0,293.15,constant_cp_1005_J_kgK,PASS
gsC_f,75.00025177001953,78.0,7146684.273435006,47922039.45800593,6.705492732642086,50.0,1005.0,293.15,constant_cp_1005_J_kgK,PASS
gsC_f,80.00283813476562,78.0,7545085.456911919,65582476.45933536,8.692078682721402,50.0,1005.0,293.15,constant_cp_1005_J_kgK,PASS
gsC_f,85.00113677978516,78.0,7637706.469572468,52583746.94666161,6.8847561969221704,50.0,1005.0,293.15,constant_cp_1005_J_kgK,PASS
gsC_f,90.00355529785156,78.0,7007519.950614901,52978313.31461974,7.560208702648211,50.0,1005.0,293.15,constant_cp_1005_J_kgK,PASS
gsC_f,95.00364685058594,78.0,7132322.029523196,46007983.61122875,6.450631844830545,50.0,1005.0,293.15,constant_cp_1005_J_kgK,PASS
gsC_f,100.00283813476562,78.0,7531563.801781269,67042944.16609354,8.901596790594457,50.0,1005.0,293.15,constant_cp_1005_J_kgK,PASS
gsC_f,105.00196075439453,78.0,7136204.904652134,59707302.476777956,8.366814472753495,50.0,1005.0,293.15,constant_cp_1005_J_kgK,PASS
gsC_f,110.00096130371094,78.0,7217865.8105667215,59865166.125941455,8.294025920833938,50.0,1005.0,293.15,constant_cp_1005_J_kgK,PASS
gsC_f,115.00304412841797,78.0,7401128.521329686,63342207.669245414,8.558452604450295,50.0,1005.0,293.15,constant_cp_1005_J_kgK,PASS
gsC_f,120.00028991699219,78.0,7444514.957015217,65938631.47178204,8.857344212821527,50.0,1005.0,293.15,constant_cp_1005_J_kgK,PASS
gsC_f,125.0025863647461,78.0,7304225.546134047,54874704.58877589,7.512734134807729,50.0,1005.0,293.15,constant_cp_1005_J_kgK,PASS
gsC_f,130.00022888183594,78.0,7770687.912831256,67247787.16338879,8.654032682530806,50.0,1005.0,293.15,constant_cp_1005_J_kgK,PASS
gsC_f,135.00064086914062,78.0,7268000.936352158,50093032.09734115,6.892271002166802,50.0,1005.0,293.15,constant_cp_1005_J_kgK,PASS
gsC_f,140.0008544921875,78.0,7792312.921593221,54511212.56924249,6.99551123238222,50.0,1005.0,293.15,constant_cp_1005_J_kgK,PASS
gsC_f,145.0030975341797,78.0,7868091.435492514,69809317.0292144,8.872458791506734,50.0,1005.0,293.15,constant_cp_1005_J_kgK,PASS
gsC_f,150.0004119873047,78.0,7354815.339622302,54473481.71265088,7.406505696912344,50.0,1005.0,293.15,constant_cp_1005_J_kgK,PASS
gsC_f,155.0023956298828,78.0,7078893.728200071,53781171.83151388,7.597397827469385,50.0,1005.0,293.15,constant_cp_1005_J_kgK,PASS
gsC_f,160.0000762939453,78.0,7381102.118729716,53218952.173029795,7.210163376277571,50.0,1005.0,293.15,constant_cp_1005_J_kgK,PASS
gsC_f,165.00213623046875,78.0,8209406.892452011,69988542.04309006,8.525407859542172,50.0,1005.0,293.15,constant_cp_1005_J_kgK,PASS
gsC_f,170.00222778320312,78.0,7512109.957934026,63843960.96511829,8.498805438502472,50.0,1005.0,293.15,constant_cp_1005_J_kgK,PASS
gsC_f,175.00099182128906,78.0,7498122.317410035,55325488.28169644,7.3785790548168455,50.0,1005.0,293.15,constant_cp_1005_J_kgK,PASS
gsC_f,180.0025177001953,78.0,7312809.094552765,48750647.18415202,6.666473383048638,50.0,1005.0,293.15,constant_cp_1005_J_kgK,PASS
gsC_f,185.0011444091797,78.0,7816462.179890365,65257349.21490075,8.348706577611312,50.0,1005.0,293.15,constant_cp_1005_J_kgK,PASS
gsC_f,190.00201416015625,78.0,7106906.727113453,56748988.17134569,7.985047553085715,50.0,1005.0,293.15,constant_cp_1005_J_kgK,PASS
gsC_f,195.0022430419922,78.0,7669201.889251764,60501737.19074061,7.888922219603137,50.0,1005.0,293.15,constant_cp_1005_J_kgK,PASS
gsC_f,200.00115966796875,78.0,7915971.397070515,64365892.92278759,8.131142685357307,50.0,1005.0,293.15,constant_cp_1005_J_kgK,PASS
gsC_f,205.0005340576172,78.0,7635921.416445415,57554922.3356041,7.537390603791257,50.0,1005.0,293.15,constant_cp_1005_J_kgK,PASS
gsC_f,210.00140380859375,78.0,7166295.501941862,52327334.29589086,7.30186667319421,50.0,1005.0,293.15,constant_cp_1005_J_kgK,PASS
gsC_f,215.0022430419922,78.0,7801266.560612418,58696270.84314953,7.52394119430547,50.0,1005.0,293.15,constant_cp_1005_J_kgK,PASS
gsC_f,220.0011749267578,78.0,8106369.058737761,63393637.291873276,7.820225902932707,50.0,1005.0,293.15,constant_cp_1005_J_kgK,PASS
gsC_f,225.00082397460938,78.0,7811690.734320645,67147643.30283508,8.595788746195757,50.0,1005.0,293.15,constant_cp_1005_J_kgK,PASS
gsC_f,230.0000457763672,78.0,7276581.445862513,61421972.50524016,8.441047896215725,50.0,1005.0,293.15,constant_cp_1005_J_kgK,PASS
gsC_f,235.00035095214844,78.0,7931664.693223434,60466224.336930364,7.623396433864736,50.0,1005.0,293.15,constant_cp_1005_J_kgK,PASS
gsC_f,240.00135803222656,78.0,7686182.419248668,58738014.76121071,7.642027154353228,50.0,1005.0,293.15,constant_cp_1005_J_kgK,PASS
gsC_f,245.00198364257812,78.0,7503182.4722224455,54028241.303116664,7.200710032460862,50.0,1005.0,293.15,constant_cp_1005_J_kgK,PASS
gsC_f,250.0021514892578,78.0,7287079.627719749,52677072.71345568,7.228831768638052,50.0,1005.0,293.15,constant_cp_1005_J_kgK,PASS
gsC_f,255.0029296875,78.0,7845306.84398374,66705998.25777803,8.502662749122713,50.0,1005.0,293.15,constant_cp_1005_J_kgK,PASS
gsC_f,260.0028381347656,78.0,7280392.381828912,55211839.85771282,7.583635189157623,50.0,1005.0,293.15,constant_cp_1005_J_kgK,PASS
gsC_f,265.0002136230469,78.0,7831734.994994704,60602676.6691224,7.738090819959285,50.0,1005.0,293.15,constant_cp_1005_J_kgK,PASS
gsC_f,270.001953125,78.0,7784172.910971312,62828792.74250431,8.071351119905238,50.0,1005.0,293.15,constant_cp_1005_J_kgK,PASS
gsC_f,275.0027160644531,78.0,7553070.217543904,65152716.29194021,8.62599107586828,50.0,1005.0,293.15,constant_cp_1005_J_kgK,PASS
gsC_f,280.0019836425781,78.0,8068423.150464791,65083063.548216395,8.066391949766194,50.0,1005.0,293.15,constant_cp_1005_J_kgK,PASS
gsC_f,285.003173828125,78.0,7405845.9066139385,55319072.98996885,7.469649475229432,50.0,1005.0,293.15,constant_cp_1005_J_kgK,PASS
gsC_f,290.0028076171875,78.0,7922091.552942479,66794823.637919426,8.431463230579558,50.0,1005.0,293.15,constant_cp_1005_J_kgK,PASS
gsC_f,295.0010070800781,78.0,7374787.804199502,61445050.46599112,8.331771990917733,50.0,1005.0,293.15,constant_cp_1005_J_kgK,PASS
gsC_f,300.0,78.0,7468968.840932099,52143034.9198405,6.981289657292671,50.0,1005.0,293.15,constant_cp_1005_J_kgK,PASS
gsC_f,0.0,85.0,0.0,0.0,0.0,50.0,1005.0,293.15,constant_cp_1005_J_kgK,NEAR_ZERO_C_T_REVIEW
gsC_f,5.001721382141113,85.0,79.24253798918608,331.1789005776482,4.179307086538087,50.0,1005.0,293.15,constant_cp_1005_J_kgK,PASS
gsC_f,10.000191688537598,85.0,3142878.2557788575,26714678.52226757,8.500067883045384,50.0,1005.0,293.15,constant_cp_1005_J_kgK,PASS
gsC_f,15.002643585205078,85.0,6094349.835529111,38085308.93127252,6.249281705037852,50.0,1005.0,293.15,constant_cp_1005_J_kgK,PASS
gsC_f,20.001121520996094,85.0,6867927.959516111,55126744.200174734,8.026692260770126,50.0,1005.0,293.15,constant_cp_1005_J_kgK,PASS
gsC_f,25.003917694091797,85.0,7242805.584451821,55835680.34532572,7.709123169782238,50.0,1005.0,293.15,constant_cp_1005_J_kgK,PASS
gsC_f,30.00307273864746,85.0,7011365.995495971,56952867.74823574,8.122934644236468,50.0,1005.0,293.15,constant_cp_1005_J_kgK,PASS
gsC_f,35.0015754699707,85.0,6926151.497957641,54153932.15257907,7.8187622907971015,50.0,1005.0,293.15,constant_cp_1005_J_kgK,PASS
gsC_f,40.00180435180664,85.0,7445572.873864958,57577780.44346541,7.733156523868267,50.0,1005.0,293.15,constant_cp_1005_J_kgK,PASS
gsC_f,45.000858306884766,85.0,7329470.066241963,50588459.58537121,6.902062376701869,50.0,1005.0,293.15,constant_cp_1005_J_kgK,PASS
gsC_f,50.00093460083008,85.0,7390058.525558956,49612821.77249956,6.713454514725515,50.0,1005.0,293.15,constant_cp_1005_J_kgK,PASS
gsC_f,55.00254821777344,85.0,7712078.780075098,66698049.586790696,8.648517668039329,50.0,1005.0,293.15,constant_cp_1005_J_kgK,PASS
gsC_f,60.002017974853516,85.0,6958492.245721756,63436642.597481236,9.116435049055859,50.0,1005.0,293.15,constant_cp_1005_J_kgK,PASS
gsC_f,65.00010681152344,85.0,8169896.107724903,62644015.43133904,7.6676636526757145,50.0,1005.0,293.15,constant_cp_1005_J_kgK,PASS
gsC_f,70.00228118896484,85.0,8078083.295877485,77026467.23480062,9.53524052841963,50.0,1005.0,293.15,constant_cp_1005_J_kgK,PASS
gsC_f,75.00025177001953,85.0,7446545.428478034,49370182.27246218,6.629944414715364,50.0,1005.0,293.15,constant_cp_1005_J_kgK,PASS
gsC_f,80.00283813476562,85.0,6823843.725238786,59236756.14364749,8.68084887767189,50.0,1005.0,293.15,constant_cp_1005_J_kgK,PASS
gsC_f,85.00113677978516,85.0,7542006.423363221,50452332.91046955,6.689510732075356,50.0,1005.0,293.15,constant_cp_1005_J_kgK,PASS
gsC_f,90.00355529785156,85.0,7352073.017988466,56482027.945291325,7.682462865520459,50.0,1005.0,293.15,constant_cp_1005_J_kgK,PASS
gsC_f,95.00364685058594,85.0,7108177.803510869,44656991.333702125,6.28248090694146,50.0,1005.0,293.15,constant_cp_1005_J_kgK,PASS
gsC_f,100.00283813476562,85.0,7840883.179325849,69650296.53898352,8.88296572542125,50.0,1005.0,293.15,constant_cp_1005_J_kgK,PASS
gsC_f,105.00196075439453,85.0,7775792.064900322,65282108.658613995,8.395557406080256,50.0,1005.0,293.15,constant_cp_1005_J_kgK,PASS
gsC_f,110.00096130371094,85.0,7277328.634339392,59816374.84523235,8.21955113624771,50.0,1005.0,293.15,constant_cp_1005_J_kgK,PASS
gsC_f,115.00304412841797,85.0,7096750.641560037,59900191.80906044,8.44050958452345,50.0,1005.0,293.15,constant_cp_1005_J_kgK,PASS
gsC_f,120.00028991699219,85.0,7463271.080812363,65581374.75115402,8.787215959468487,50.0,1005.0,293.15,constant_cp_1005_J_kgK,PASS
gsC_f,125.0025863647461,85.0,7653734.974199035,57109160.68514727,7.461606768154883,50.0,1005.0,293.15,constant_cp_1005_J_kgK,PASS
gsC_f,130.00022888183594,85.0,7296184.448571021,62968984.88599041,8.63039926277125,50.0,1005.0,293.15,constant_cp_1005_J_kgK,PASS
gsC_f,135.00064086914062,85.0,7346636.383615183,50460528.00427231,6.868521234671662,50.0,1005.0,293.15,constant_cp_1005_J_kgK,PASS
gsC_f,140.0008544921875,85.0,7559288.724881001,51888425.03039981,6.8641940953534135,50.0,1005.0,293.15,constant_cp_1005_J_kgK,PASS
gsC_f,145.0030975341797,85.0,7601584.481878504,66771730.37485956,8.783922685334533,50.0,1005.0,293.15,constant_cp_1005_J_kgK,PASS
gsC_f,150.0004119873047,85.0,6918697.372032043,50445006.38355922,7.291113293591473,50.0,1005.0,293.15,constant_cp_1005_J_kgK,PASS
gsC_f,155.0023956298828,85.0,7520013.3779473435,57500626.76011181,7.646346338788978,50.0,1005.0,293.15,constant_cp_1005_J_kgK,PASS
gsC_f,160.0000762939453,85.0,7895280.908692935,57365155.65365726,7.265752329406866,50.0,1005.0,293.15,constant_cp_1005_J_kgK,PASS
gsC_f,165.00213623046875,85.0,7540476.215815982,63447017.60797339,8.414192392105775,50.0,1005.0,293.15,constant_cp_1005_J_kgK,PASS
gsC_f,170.00222778320312,85.0,7477708.8442395115,63427585.41227469,8.482221858789865,50.0,1005.0,293.15,constant_cp_1005_J_kgK,PASS
gsC_f,175.00099182128906,85.0,7654903.631080204,56313154.405053124,7.356481168020481,50.0,1005.0,293.15,constant_cp_1005_J_kgK,PASS
gsC_f,180.0025177001953,85.0,7707601.335522834,50856251.375209615,6.598194322898234,50.0,1005.0,293.15,constant_cp_1005_J_kgK,PASS
gsC_f,185.0011444091797,85.0,7338085.49367889,61006607.61220828,8.31369539980967,50.0,1005.0,293.15,constant_cp_1005_J_kgK,PASS
gsC_f,190.00201416015625,85.0,7939318.234999523,63977231.86471354,8.058277798045387,50.0,1005.0,293.15,constant_cp_1005_J_kgK,PASS
gsC_f,195.0022430419922,85.0,7479591.190431618,58668712.65760112,7.84383947783857,50.0,1005.0,293.15,constant_cp_1005_J_kgK,PASS
gsC_f,200.00115966796875,85.0,7148239.801198156,57602549.05697949,8.058284369156782,50.0,1005.0,293.15,constant_cp_1005_J_kgK,PASS
gsC_f,205.0005340576172,85.0,7417350.95994399,55349242.0988004,7.4621306714086435,50.0,1005.0,293.15,constant_cp_1005_J_kgK,PASS
gsC_f,210.00140380859375,85.0,7753866.977811616,56302600.09761466,7.261228527485651,50.0,1005.0,293.15,constant_cp_1005_J_kgK,PASS
gsC_f,215.0022430419922,85.0,7765838.435072952,58371391.38808963,7.516431339141204,50.0,1005.0,293.15,constant_cp_1005_J_kgK,PASS
gsC_f,220.0011749267578,85.0,7242226.5680224355,56604879.44370835,7.815949820410671,50.0,1005.0,293.15,constant_cp_1005_J_kgK,PASS
gsC_f,225.00082397460938,85.0,7681681.741589988,65559030.965315625,8.53446330773734,50.0,1005.0,293.15,constant_cp_1005_J_kgK,PASS
gsC_f,230.0000457763672,85.0,7369198.867133914,61582058.54533571,8.356682952333824,50.0,1005.0,293.15,constant_cp_1005_J_kgK,PASS
gsC_f,235.00035095214844,85.0,7446747.100809543,56092524.71036187,7.532486863192116,50.0,1005.0,293.15,constant_cp_1005_J_kgK,PASS
gsC_f,240.00135803222656,85.0,7251719.489547668,55529583.3720642,7.6574367571859705,50.0,1005.0,293.15,constant_cp_1005_J_kgK,PASS
gsC_f,245.00198364257812,85.0,7755636.259559127,55981086.39871042,7.218116544559646,50.0,1005.0,293.15,constant_cp_1005_J_kgK,PASS
gsC_f,250.0021514892578,85.0,7748561.671852552,56448124.5495544,7.284980999068255,50.0,1005.0,293.15,constant_cp_1005_J_kgK,PASS
gsC_f,255.0029296875,85.0,7267533.230935497,61499136.98068415,8.46217485719949,50.0,1005.0,293.15,constant_cp_1005_J_kgK,PASS
gsC_f,260.0028381347656,85.0,7800950.238833318,59600554.2696262,7.6401659342644175,50.0,1005.0,293.15,constant_cp_1005_J_kgK,PASS
gsC_f,265.0002136230469,85.0,7663772.354537518,58242998.90496145,7.599781962531455,50.0,1005.0,293.15,constant_cp_1005_J_kgK,PASS
gsC_f,270.001953125,85.0,7816698.764205163,63130315.243314385,8.076339788403468,50.0,1005.0,293.15,constant_cp_1005_J_kgK,PASS
gsC_f,275.0027160644531,85.0,7402732.842271006,63180071.187826335,8.534695569054737,50.0,1005.0,293.15,constant_cp_1005_J_kgK,PASS
gsC_f,280.0019836425781,85.0,7206291.3099832395,57414006.542509496,7.967205886191551,50.0,1005.0,293.15,constant_cp_1005_J_kgK,PASS
gsC_f,285.003173828125,85.0,7019624.572501257,52210645.69935381,7.4378116892296875,50.0,1005.0,293.15,constant_cp_1005_J_kgK,PASS
gsC_f,290.0028076171875,85.0,7499407.804676796,62662002.23279481,8.355593383482546,50.0,1005.0,293.15,constant_cp_1005_J_kgK,PASS
gsC_f,295.0010070800781,85.0,7516015.8351240195,62588564.71309219,8.327359346504014,50.0,1005.0,293.15,constant_cp_1005_J_kgK,PASS
gsC_f,300.0,85.0,7206766.845658968,49814164.20274714,6.91213761587874,50.0,1005.0,293.15,constant_cp_1005_J_kgK,PASS
gsC_m,0.0,15.0,0.0,0.0,0.0,50.0,1005.0,293.15,constant_cp_1005_J_kgK,NEAR_ZERO_C_T_REVIEW
gsC_m,5.003993511199951,15.0,1.4293398625101972,3.029693023294328,2.1196449498399605,50.0,1005.0,293.15,constant_cp_1005_J_kgK,PASS
gsC_m,10.003931045532227,15.0,5.791262876717589,24.251774905306057,4.187648776679948,50.0,1005.0,293.15,constant_cp_1005_J_kgK,PASS
gsC_m,15.00706672668457,15.0,5.485271108148719,23.147314075105424,4.219903376607714,50.0,1005.0,293.15,constant_cp_1005_J_kgK,PASS
gsC_m,20.005443572998047,15.0,35.38193395068671,160.6272894233076,4.539810900179758,50.0,1005.0,293.15,constant_cp_1005_J_kgK,PASS
gsC_m,25.003950119018555,15.0,2.2999499472931006,8.717726163621041,3.79039820848748,50.0,1005.0,293.15,constant_cp_1005_J_kgK,PASS
gsC_m,30.00198745727539,15.0,2.6058667925139645,10.90688859523916,4.185512713998484,50.0,1005.0,293.15,constant_cp_1005_J_kgK,PASS
gsC_m,35.00673294067383,15.0,2.5451225491812224,9.121797651921334,3.584030816618959,50.0,1005.0,293.15,constant_cp_1005_J_kgK,PASS
gsC_m,40.006736755371094,15.0,5.257917704892705,21.527759830885152,4.094350850481808,50.0,1005.0,293.15,constant_cp_1005_J_kgK,PASS
gsC_m,45.00355911254883,15.0,5.53713472259469,23.229665151659198,4.195250126870414,50.0,1005.0,293.15,constant_cp_1005_J_kgK,PASS
gsC_m,50.002662658691406,15.0,2.796827901132648,9.19813628978304,3.288774501559156,50.0,1005.0,293.15,constant_cp_1005_J_kgK,PASS
gsC_m,55.007408142089844,15.0,-0.11986311753883427,-2.574219647229313,21.476327986538205,50.0,1005.0,293.15,constant_cp_1005_J_kgK,PASS
gsC_m,60.00221252441406,15.0,5.454840411728394,23.39574967865075,4.2889888444873305,50.0,1005.0,293.15,constant_cp_1005_J_kgK,PASS
gsC_m,65.00850677490234,15.0,10.41060788313187,45.256869396590865,4.347187974063705,50.0,1005.0,293.15,constant_cp_1005_J_kgK,PASS
gsC_m,70.00285339355469,15.0,3.9559169929868077,16.465644458369795,4.1622825967780415,50.0,1005.0,293.15,constant_cp_1005_J_kgK,PASS
gsC_m,75.0063247680664,15.0,8.097400619659254,33.53700105374552,4.141699617551477,50.0,1005.0,293.15,constant_cp_1005_J_kgK,PASS
gsC_m,80.00141143798828,15.0,5.155654396054903,20.528735192030858,3.9817904015749424,50.0,1005.0,293.15,constant_cp_1005_J_kgK,PASS
gsC_m,85.00379180908203,15.0,7.477428582862835,30.94467383499692,4.138411151365476,50.0,1005.0,293.15,constant_cp_1005_J_kgK,PASS
gsC_m,90.0025634765625,15.0,7.903963519283881,32.05267846306468,4.055266497727139,50.0,1005.0,293.15,constant_cp_1005_J_kgK,PASS
gsC_m,95.00758361816406,15.0,6.355093775564633,26.4934379519222,4.168850827917088,50.0,1005.0,293.15,constant_cp_1005_J_kgK,PASS
gsC_m,100.00171661376953,15.0,12.314490587913003,53.245799694143614,4.3238329112924845,50.0,1005.0,293.15,constant_cp_1005_J_kgK,PASS
gsC_m,105.0053482055664,15.0,8.654817775034669,35.96781622596616,4.155814386475199,50.0,1005.0,293.15,constant_cp_1005_J_kgK,PASS
gsC_m,110.00281524658203,15.0,0.1663662326670945,-1.5784541299349932,-9.487827518494788,50.0,1005.0,293.15,constant_cp_1005_J_kgK,PASS
gsC_m,115.00247192382812,15.0,8.205857284406992,31.900867914471025,3.887572840342033,50.0,1005.0,293.15,constant_cp_1005_J_kgK,PASS
gsC_m,120.0017318725586,15.0,22.52168318058315,100.86530998863606,4.478586665810019,50.0,1005.0,293.15,constant_cp_1005_J_kgK,PASS
gsC_m,125.00382995605469,15.0,13.040637074605925,57.39002312449454,4.400860386786582,50.0,1005.0,293.15,constant_cp_1005_J_kgK,PASS
gsC_m,130.0030975341797,15.0,14.257500608696851,58.13406699817589,4.077437454825538,50.0,1005.0,293.15,constant_cp_1005_J_kgK,PASS
gsC_m,135.00050354003906,15.0,9.246861853955277,37.91714412038975,4.100541861136428,50.0,1005.0,293.15,constant_cp_1005_J_kgK,PASS
gsC_m,140.0069580078125,15.0,3.2003968460349874,12.204615210011386,3.8134693268799995,50.0,1005.0,293.15,constant_cp_1005_J_kgK,PASS
gsC_m,145.00625610351562,15.0,6.238525174968199,25.182269555819396,4.036574165449479,50.0,1005.0,293.15,constant_cp_1005_J_kgK,PASS
gsC_m,150.0060272216797,15.0,5.979604043287523,23.511483072390618,3.931946479775993,50.0,1005.0,293.15,constant_cp_1005_J_kgK,PASS
gsC_m,155.0009307861328,15.0,12.362364704549211,51.00372664179375,4.125725769835865,50.0,1005.0,293.15,constant_cp_1005_J_kgK,PASS
gsC_m,160.00619506835938,15.0,1.459180981525705,1.723947129868467,1.1814484635651408,50.0,1005.0,293.15,constant_cp_1005_J_kgK,PASS
gsC_m,165.00274658203125,15.0,-0.18682375884571556,-6.825897642950148,36.53656070612844,50.0,1005.0,293.15,constant_cp_1005_J_kgK,PASS
gsC_m,170.0027618408203,15.0,7.832506664463175,33.27929222722461,4.248868676226864,50.0,1005.0,293.15,constant_cp_1005_J_kgK,PASS
gsC_m,175.0025634765625,15.0,8.18255220293958,32.85057611598659,4.014710239205113,50.0,1005.0,293.15,constant_cp_1005_J_kgK,PASS
gsC_m,180.00245666503906,15.0,12.23012465565601,53.49545642370244,4.374072867244944,50.0,1005.0,293.15,constant_cp_1005_J_kgK,PASS
gsC_m,185.00721740722656,15.0,-1.5303597129036817,-11.741413714263203,7.672322792863448,50.0,1005.0,293.15,constant_cp_1005_J_kgK,PASS
gsC_m,190.00164794921875,15.0,8.886771531914377,34.802818463789166,3.9162499378866937,50.0,1005.0,293.15,constant_cp_1005_J_kgK,PASS
gsC_m,195.00082397460938,15.0,12.892879322341173,55.426191190737796,4.29897696245358,50.0,1005.0,293.15,constant_cp_1005_J_kgK,PASS
gsC_m,200.00289916992188,15.0,10.027146001357572,42.942324307983306,4.282606865192424,50.0,1005.0,293.15,constant_cp_1005_J_kgK,PASS
gsC_m,205.0062255859375,15.0,4.7945419551027335,18.250568443662715,3.8065301358834653,50.0,1005.0,293.15,constant_cp_1005_J_kgK,PASS
gsC_m,210.00482177734375,15.0,0.08094265465752315,-4.095298179697178,-50.595055801292375,50.0,1005.0,293.15,constant_cp_1005_J_kgK,PASS
gsC_m,215.00160217285156,15.0,-0.48332080714740044,-7.544485378250737,15.609684605074694,50.0,1005.0,293.15,constant_cp_1005_J_kgK,PASS
gsC_m,220.0067138671875,15.0,-1.7449982193677194,-12.646301871158666,7.24717178708282,50.0,1005.0,293.15,constant_cp_1005_J_kgK,PASS
gsC_m,225.0027313232422,15.0,12.99658857190213,52.316922276286824,4.025434981097081,50.0,1005.0,293.15,constant_cp_1005_J_kgK,PASS
gsC_m,230.00674438476562,15.0,8.352646191637518,34.71296786532868,4.155924609368298,50.0,1005.0,293.15,constant_cp_1005_J_kgK,PASS
gsC_m,235.00157165527344,15.0,7.211514596131465,30.34675528055797,4.208097324330321,50.0,1005.0,293.15,constant_cp_1005_J_kgK,PASS
gsC_m,240.0023193359375,15.0,3.0037306714483947,9.160280357126158,3.0496343900431824,50.0,1005.0,293.15,constant_cp_1005_J_kgK,PASS
gsC_m,245.00656127929688,15.0,5.655903008699479,19.025287344290426,3.363793069234636,50.0,1005.0,293.15,constant_cp_1005_J_kgK,PASS
gsC_m,250.00390625,15.0,12.250133737019056,51.81333077414869,4.2296134786955655,50.0,1005.0,293.15,constant_cp_1005_J_kgK,PASS
gsC_m,255.00308227539062,15.0,8.028269907585557,32.707907080454326,4.074091610382454,50.0,1005.0,293.15,constant_cp_1005_J_kgK,PASS
gsC_m,260.0055847167969,15.0,2.1011452159073407,6.303155205701074,2.9998665275399854,50.0,1005.0,293.15,constant_cp_1005_J_kgK,PASS
gsC_m,265.0028076171875,15.0,5.458831124232368,20.866876291110835,3.8225905532519264,50.0,1005.0,293.15,constant_cp_1005_J_kgK,PASS
gsC_m,270.00006103515625,15.0,3.3956318286794485,11.486576526409067,3.382750870106378,50.0,1005.0,293.15,constant_cp_1005_J_kgK,PASS
gsC_m,275.0021057128906,15.0,12.902557701938129,53.34782015308641,4.134670146907246,50.0,1005.0,293.15,constant_cp_1005_J_kgK,PASS
gsC_m,280.0018005371094,15.0,-2.719266465805674,-21.171633620008684,7.7857885126201065,50.0,1005.0,293.15,constant_cp_1005_J_kgK,PASS
gsC_m,285.0030517578125,15.0,7.351827794746892,28.547356789745443,3.8830284907190538,50.0,1005.0,293.15,constant_cp_1005_J_kgK,PASS
gsC_m,290.00555419921875,15.0,8.062781481289765,29.97473272727818,3.7176665141079326,50.0,1005.0,293.15,constant_cp_1005_J_kgK,PASS
gsC_m,295.0043640136719,15.0,7.618320136023318,31.50472140396772,4.135389539599666,50.0,1005.0,293.15,constant_cp_1005_J_kgK,PASS
gsC_m,300.0,15.0,5.619563862047734,20.01893867669252,3.562365187862707,50.0,1005.0,293.15,constant_cp_1005_J_kgK,PASS
gsC_m,0.0,22.0,0.0,0.0,0.0,50.0,1005.0,293.15,constant_cp_1005_J_kgK,NEAR_ZERO_C_T_REVIEW
gsC_m,5.003993511199951,22.0,74.4555989256484,173.67806851632287,2.3326394659376213,50.0,1005.0,293.15,constant_cp_1005_J_kgK,PASS
gsC_m,10.003931045532227,22.0,74.79540662113155,308.95705968307186,4.130695635414236,50.0,1005.0,293.15,constant_cp_1005_J_kgK,PASS
gsC_m,15.00706672668457,22.0,67.53705716084934,280.81732538689,4.157973965521249,50.0,1005.0,293.15,constant_cp_1005_J_kgK,PASS
gsC_m,20.005443572998047,22.0,68.95574805475373,295.5369504586599,4.2858928920574595,50.0,1005.0,293.15,constant_cp_1005_J_kgK,PASS
gsC_m,25.003950119018555,22.0,78.8955912991042,352.157178351873,4.463585005812712,50.0,1005.0,293.15,constant_cp_1005_J_kgK,PASS
gsC_m,30.00198745727539,22.0,79.16571554822086,349.0373575238439,4.408945906726906,50.0,1005.0,293.15,constant_cp_1005_J_kgK,PASS
gsC_m,35.00673294067383,22.0,80.17858009806689,330.4231871060139,4.121090529387653,50.0,1005.0,293.15,constant_cp_1005_J_kgK,PASS
gsC_m,40.006736755371094,22.0,82.66419285899785,332.84436998580713,4.026463677562553,50.0,1005.0,293.15,constant_cp_1005_J_kgK,PASS
gsC_m,45.00355911254883,22.0,85.15540054885611,371.64264481123814,4.3642874369858875,50.0,1005.0,293.15,constant_cp_1005_J_kgK,PASS
gsC_m,50.002662658691406,22.0,78.6086162293998,340.0198358565831,4.3254779458271315,50.0,1005.0,293.15,constant_cp_1005_J_kgK,PASS
gsC_m,55.007408142089844,22.0,70.03857646248505,290.61374546903494,4.149338266755718,50.0,1005.0,293.15,constant_cp_1005_J_kgK,PASS
gsC_m,60.00221252441406,22.0,83.47787158707865,370.3629155606285,4.436659781986098,50.0,1005.0,293.15,constant_cp_1005_J_kgK,PASS
gsC_m,65.00850677490234,22.0,85.3050981109031,366.0808421201913,4.291429823337955,50.0,1005.0,293.15,constant_cp_1005_J_kgK,PASS
gsC_m,70.00285339355469,22.0,77.58048530933443,343.97199050095037,4.433743732396195,50.0,1005.0,293.15,constant_cp_1005_J_kgK,PASS
gsC_m,75.0063247680664,22.0,75.51821171724261,309.0266679528822,4.092081379069944,50.0,1005.0,293.15,constant_cp_1005_J_kgK,PASS
gsC_m,80.00141143798828,22.0,77.07835257978655,318.1052111411203,4.127036975883874,50.0,1005.0,293.15,constant_cp_1005_J_kgK,PASS
gsC_m,85.00379180908203,22.0,84.0727872559485,359.63150007637614,4.277620759464628,50.0,1005.0,293.15,constant_cp_1005_J_kgK,PASS
gsC_m,90.0025634765625,22.0,86.87869257007569,372.88149136391223,4.291978623629228,50.0,1005.0,293.15,constant_cp_1005_J_kgK,PASS
gsC_m,95.00758361816406,22.0,85.08713225223819,353.81469597359165,4.158263260307805,50.0,1005.0,293.15,constant_cp_1005_J_kgK,PASS
gsC_m,100.00171661376953,22.0,84.4698488010046,363.92063734329366,4.3082903841383136,50.0,1005.0,293.15,constant_cp_1005_J_kgK,PASS
gsC_m,105.0053482055664,22.0,79.05947744515566,348.515711423844,4.408272387851342,50.0,1005.0,293.15,constant_cp_1005_J_kgK,PASS
gsC_m,110.00281524658203,22.0,88.53382742585312,384.1645310738033,4.339183589359683,50.0,1005.0,293.15,constant_cp_1005_J_kgK,PASS
gsC_m,115.00247192382812,22.0,81.79948039968767,332.2676635203263,4.061977678742481,50.0,1005.0,293.15,constant_cp_1005_J_kgK,PASS
gsC_m,120.0017318725586,22.0,90.57622334907528,390.9901418685655,4.316697334104961,50.0,1005.0,293.15,constant_cp_1005_J_kgK,PASS
gsC_m,125.00382995605469,22.0,93.55519759714007,404.1692138143725,4.32011501435178,50.0,1005.0,293.15,constant_cp_1005_J_kgK,PASS
gsC_m,130.0030975341797,22.0,84.034713706864,327.5188050401271,3.89742275053979,50.0,1005.0,293.15,constant_cp_1005_J_kgK,PASS
gsC_m,135.00050354003906,22.0,79.90200201616007,346.68133183434526,4.3388316072467195,50.0,1005.0,293.15,constant_cp_1005_J_kgK,PASS
gsC_m,140.0069580078125,22.0,84.67342627708902,378.0220937826609,4.464471445163213,50.0,1005.0,293.15,constant_cp_1005_J_kgK,PASS
gsC_m,145.00625610351562,22.0,81.33055623658383,337.23024587687496,4.146415092646776,50.0,1005.0,293.15,constant_cp_1005_J_kgK,PASS
gsC_m,150.0060272216797,22.0,86.7761068811834,376.5749621731004,4.3396157733185605,50.0,1005.0,293.15,constant_cp_1005_J_kgK,PASS
gsC_m,155.0009307861328,22.0,98.16569579499213,389.4209354985986,3.966975758088578,50.0,1005.0,293.15,constant_cp_1005_J_kgK,PASS
gsC_m,160.00619506835938,22.0,92.9589826318606,410.66204959542785,4.417669363027867,50.0,1005.0,293.15,constant_cp_1005_J_kgK,PASS
gsC_m,165.00274658203125,22.0,97.4458029206936,387.3719882160648,3.975255748339954,50.0,1005.0,293.15,constant_cp_1005_J_kgK,PASS
gsC_m,170.0027618408203,22.0,92.32089440329915,395.16746536137924,4.280368684805303,50.0,1005.0,293.15,constant_cp_1005_J_kgK,PASS
gsC_m,175.0025634765625,22.0,92.20579816387566,370.64469739910555,4.019754774383557,50.0,1005.0,293.15,constant_cp_1005_J_kgK,PASS
gsC_m,180.00245666503906,22.0,94.04594635381439,397.6313431706921,4.228054037231097,50.0,1005.0,293.15,constant_cp_1005_J_kgK,PASS
gsC_m,185.00721740722656,22.0,91.89210606430724,382.0464682146231,4.157554816984003,50.0,1005.0,293.15,constant_cp_1005_J_kgK,PASS
gsC_m,190.00164794921875,22.0,99.23356681391786,410.6174820261465,4.137888974524072,50.0,1005.0,293.15,constant_cp_1005_J_kgK,PASS
gsC_m,195.00082397460938,22.0,88.57812512073673,378.93286905706,4.2779508883968385,50.0,1005.0,293.15,constant_cp_1005_J_kgK,PASS
gsC_m,200.00289916992188,22.0,86.3119734479398,367.4608969044847,4.257357145493448,50.0,1005.0,293.15,constant_cp_1005_J_kgK,PASS
gsC_m,205.0062255859375,22.0,104.3500147763253,447.66125531275776,4.289997047609735,50.0,1005.0,293.15,constant_cp_1005_J_kgK,PASS
gsC_m,210.00482177734375,22.0,86.21743973923161,369.88388281879725,4.290128353767369,50.0,1005.0,293.15,constant_cp_1005_J_kgK,PASS
gsC_m,215.00160217285156,22.0,93.00821136943352,375.54876275646967,4.037802224372775,50.0,1005.0,293.15,constant_cp_1005_J_kgK,PASS
gsC_m,220.0067138671875,22.0,85.40627443820104,359.5319758632482,4.209667008940796,50.0,1005.0,293.15,constant_cp_1005_J_kgK,PASS
gsC_m,225.0027313232422,22.0,100.28975153899594,419.8919140504604,4.18678785820908,50.0,1005.0,293.15,constant_cp_1005_J_kgK,PASS
gsC_m,230.00674438476562,22.0,100.45774244381828,412.8517787969482,4.109705919618181,50.0,1005.0,293.15,constant_cp_1005_J_kgK,PASS
gsC_m,235.00157165527344,22.0,102.16465323698105,452.59334708325076,4.430038499019671,50.0,1005.0,293.15,constant_cp_1005_J_kgK,PASS
gsC_m,240.0023193359375,22.0,96.19010440497058,411.50102915577656,4.277997531004181,50.0,1005.0,293.15,constant_cp_1005_J_kgK,PASS
gsC_m,245.00656127929688,22.0,95.34532923259178,373.9671772794322,3.9222390890615033,50.0,1005.0,293.15,constant_cp_1005_J_kgK,PASS
gsC_m,250.00390625,22.0,105.3757997701398,446.30364655661333,4.235352400892016,50.0,1005.0,293.15,constant_cp_1005_J_kgK,PASS
gsC_m,255.00308227539062,22.0,110.49214891635098,488.17701979579203,4.418205497668005,50.0,1005.0,293.15,constant_cp_1005_J_kgK,PASS
gsC_m,260.0055847167969,22.0,98.8173809103823,413.5059400901222,4.184546648336562,50.0,1005.0,293.15,constant_cp_1005_J_kgK,PASS
gsC_m,265.0028076171875,22.0,97.95931843226087,406.9813815060981,4.154595887509897,50.0,1005.0,293.15,constant_cp_1005_J_kgK,PASS
gsC_m,270.00006103515625,22.0,89.31413751391517,384.66330348483007,4.306857953149831,50.0,1005.0,293.15,constant_cp_1005_J_kgK,PASS
gsC_m,275.0021057128906,22.0,108.024326634872,452.10377157859494,4.185203330195657,50.0,1005.0,293.15,constant_cp_1005_J_kgK,PASS
gsC_m,280.0018005371094,22.0,97.02764140505073,415.3327642565482,4.280561273446019,50.0,1005.0,293.15,constant_cp_1005_J_kgK,PASS
gsC_m,285.0030517578125,22.0,101.35763732975727,429.9068713312742,4.241484733196496,50.0,1005.0,293.15,constant_cp_1005_J_kgK,PASS
gsC_m,290.00555419921875,22.0,101.5741265941771,417.5225651792595,4.110520849894112,50.0,1005.0,293.15,constant_cp_1005_J_kgK,PASS
gsC_m,295.0043640136719,22.0,107.88042699359536,467.8171769440089,4.336441650972014,50.0,1005.0,293.15,constant_cp_1005_J_kgK,PASS
gsC_m,300.0,22.0,98.52030959016564,395.1019454639445,4.010360372429985,50.0,1005.0,293.15,constant_cp_1005_J_kgK,PASS
gsC_m,0.0,29.0,0.0,0.0,0.0,50.0,1005.0,293.15,constant_cp_1005_J_kgK,NEAR_ZERO_C_T_REVIEW
gsC_m,5.003993511199951,29.0,591.0798311453269,1425.768694780447,2.412142353115557,50.0,1005.0,293.15,constant_cp_1005_J_kgK,PASS
gsC_m,10.003931045532227,29.0,646.3080850521415,2655.1237671789636,4.108139490411374,50.0,1005.0,293.15,constant_cp_1005_J_kgK,PASS
gsC_m,15.00706672668457,29.0,553.7238176640356,2301.4262014581986,4.156270920696429,50.0,1005.0,293.15,constant_cp_1005_J_kgK,PASS
gsC_m,20.005443572998047,29.0,590.3318766654049,2576.536145837255,4.364555341966142,50.0,1005.0,293.15,constant_cp_1005_J_kgK,PASS
gsC_m,25.003950119018555,29.0,630.5253406937454,2848.4847304920904,4.517637193381447,50.0,1005.0,293.15,constant_cp_1005_J_kgK,PASS
gsC_m,30.00198745727539,29.0,648.2896883709984,2918.0915868552725,4.501215489302719,50.0,1005.0,293.15,constant_cp_1005_J_kgK,PASS
gsC_m,35.00673294067383,29.0,614.6082375483337,2507.757978874644,4.08025442170119,50.0,1005.0,293.15,constant_cp_1005_J_kgK,PASS
gsC_m,40.006736755371094,29.0,641.6568809320397,2542.460209274128,3.9623360783992703,50.0,1005.0,293.15,constant_cp_1005_J_kgK,PASS
gsC_m,45.00355911254883,29.0,695.3108889492892,3105.6376388082317,4.466545380149033,50.0,1005.0,293.15,constant_cp_1005_J_kgK,PASS
gsC_m,50.002662658691406,29.0,624.8783593247736,2748.876628058979,4.3990587720543575,50.0,1005.0,293.15,constant_cp_1005_J_kgK,PASS
gsC_m,55.007408142089844,29.0,613.0536432237603,2584.58264648231,4.215915972519128,50.0,1005.0,293.15,constant_cp_1005_J_kgK,PASS
gsC_m,60.00221252441406,29.0,660.1535336275385,2990.1766707132588,4.529517026558552,50.0,1005.0,293.15,constant_cp_1005_J_kgK,PASS
gsC_m,65.00850677490234,29.0,672.7522593179012,2909.637143352168,4.324975654928166,50.0,1005.0,293.15,constant_cp_1005_J_kgK,PASS
gsC_m,70.00285339355469,29.0,653.0933884134186,2998.6294007396586,4.591425137559174,50.0,1005.0,293.15,constant_cp_1005_J_kgK,PASS
gsC_m,75.0063247680664,29.0,641.7646284927225,2638.3259235681353,4.111049139246761,50.0,1005.0,293.15,constant_cp_1005_J_kgK,PASS
gsC_m,80.00141143798828,29.0,682.9164029870558,2845.2166437315236,4.166273692186138,50.0,1005.0,293.15,constant_cp_1005_J_kgK,PASS
gsC_m,85.00379180908203,29.0,675.0916539042596,2951.7879091993873,4.372425421235667,50.0,1005.0,293.15,constant_cp_1005_J_kgK,PASS
gsC_m,90.0025634765625,29.0,680.0338569899533,2958.786606230347,4.350940141896065,50.0,1005.0,293.15,constant_cp_1005_J_kgK,PASS
gsC_m,95.00758361816406,29.0,692.8796174719962,2909.6167836979594,4.199310688788383,50.0,1005.0,293.15,constant_cp_1005_J_kgK,PASS
gsC_m,100.00171661376953,29.0,686.948608754738,3039.101401227542,4.42405932917199,50.0,1005.0,293.15,constant_cp_1005_J_kgK,PASS
gsC_m,105.0053482055664,29.0,694.5761728013083,3185.9982718117863,4.586967414902371,50.0,1005.0,293.15,constant_cp_1005_J_kgK,PASS
gsC_m,110.00281524658203,29.0,664.4690148321012,2920.23899064712,4.394845998019358,50.0,1005.0,293.15,constant_cp_1005_J_kgK,PASS
gsC_m,115.00247192382812,29.0,697.5684999899744,2846.25777203518,4.080255590772816,50.0,1005.0,293.15,constant_cp_1005_J_kgK,PASS
gsC_m,120.0017318725586,29.0,716.4877653625371,3180.280358225426,4.438708533441309,50.0,1005.0,293.15,constant_cp_1005_J_kgK,PASS
gsC_m,125.00382995605469,29.0,732.9054427506927,3228.3225932802948,4.404828242453162,50.0,1005.0,293.15,constant_cp_1005_J_kgK,PASS
gsC_m,130.0030975341797,29.0,701.0310040112414,2727.5531575155724,3.8907739342551872,50.0,1005.0,293.15,constant_cp_1005_J_kgK,PASS
gsC_m,135.00050354003906,29.0,723.2306551952958,3245.116929096391,4.486973700272173,50.0,1005.0,293.15,constant_cp_1005_J_kgK,PASS
gsC_m,140.0069580078125,29.0,699.3911181123086,3220.602797213686,4.60486659582073,50.0,1005.0,293.15,constant_cp_1005_J_kgK,PASS
gsC_m,145.00625610351562,29.0,727.8323137925292,3057.1187363110053,4.200306414505039,50.0,1005.0,293.15,constant_cp_1005_J_kgK,PASS
gsC_m,150.0060272216797,29.0,714.423108578395,3208.5855886604713,4.4911559412469595,50.0,1005.0,293.15,constant_cp_1005_J_kgK,PASS
gsC_m,155.0009307861328,29.0,695.6378261153545,2710.436174948083,3.8963323631782028,50.0,1005.0,293.15,constant_cp_1005_J_kgK,PASS
gsC_m,160.00619506835938,29.0,738.3725519446339,3365.8142445100834,4.558422757781369,50.0,1005.0,293.15,constant_cp_1005_J_kgK,PASS
gsC_m,165.00274658203125,29.0,709.9757282452538,2792.357910580213,3.9330329185728004,50.0,1005.0,293.15,constant_cp_1005_J_kgK,PASS
gsC_m,170.0027618408203,29.0,715.3217880654099,3146.1580734092377,4.39824163879257,50.0,1005.0,293.15,constant_cp_1005_J_kgK,PASS
gsC_m,175.0025634765625,29.0,762.5992512700182,3074.697603297449,4.031865489210585,50.0,1005.0,293.15,constant_cp_1005_J_kgK,PASS
gsC_m,180.00245666503906,29.0,727.989715073659,3154.298541320191,4.3328888801632335,50.0,1005.0,293.15,constant_cp_1005_J_kgK,PASS
gsC_m,185.00721740722656,29.0,744.2181724460388,3116.117888928156,4.187102659267447,50.0,1005.0,293.15,constant_cp_1005_J_kgK,PASS
gsC_m,190.00164794921875,29.0,739.6117808251624,3070.7985198160127,4.1519059044541775,50.0,1005.0,293.15,constant_cp_1005_J_kgK,PASS
gsC_m,195.00082397460938,29.0,701.1855564606151,3081.8656166652113,4.395221191116936,50.0,1005.0,293.15,constant_cp_1005_J_kgK,PASS
gsC_m,200.00289916992188,29.0,724.3101878912744,3143.47464591729,4.339956414343319,50.0,1005.0,293.15,constant_cp_1005_J_kgK,PASS
gsC_m,205.0062255859375,29.0,723.3162562216721,3136.866116734021,4.336783654103773,50.0,1005.0,293.15,constant_cp_1005_J_kgK,PASS
gsC_m,210.00482177734375,29.0,753.7760899445386,3383.6529858988774,4.488936477334206,50.0,1005.0,293.15,constant_cp_1005_J_kgK,PASS
gsC_m,215.00160217285156,29.0,729.634917458415,2973.7592798507576,4.075681150520279,50.0,1005.0,293.15,constant_cp_1005_J_kgK,PASS
gsC_m,220.0067138671875,29.0,754.0934360098986,3243.044827291535,4.300587529904802,50.0,1005.0,293.15,constant_cp_1005_J_kgK,PASS
gsC_m,225.0027313232422,29.0,760.3785703774602,3249.0580309279903,4.272947920285088,50.0,1005.0,293.15,constant_cp_1005_J_kgK,PASS
gsC_m,230.00674438476562,29.0,767.6880540479465,3146.2579583153297,4.098354718067203,50.0,1005.0,293.15,constant_cp_1005_J_kgK,PASS
gsC_m,235.00157165527344,29.0,762.5739571933593,3449.7740534489385,4.5238550581261,50.0,1005.0,293.15,constant_cp_1005_J_kgK,PASS
gsC_m,240.0023193359375,29.0,744.4413101056986,3285.5864299353734,4.413492891017104,50.0,1005.0,293.15,constant_cp_1005_J_kgK,PASS
gsC_m,245.00656127929688,29.0,758.1610683571287,2972.738521283754,3.9209854546099385,50.0,1005.0,293.15,constant_cp_1005_J_kgK,PASS
gsC_m,250.00390625,29.0,796.4240625437652,3399.633215984083,4.268621926265566,50.0,1005.0,293.15,constant_cp_1005_J_kgK,PASS
gsC_m,255.00308227539062,29.0,761.3656887330034,3415.254375753177,4.4856951479282605,50.0,1005.0,293.15,constant_cp_1005_J_kgK,PASS
gsC_m,260.0055847167969,29.0,744.5892309229089,3147.9481346805915,4.227764791567724,50.0,1005.0,293.15,constant_cp_1005_J_kgK,PASS
gsC_m,265.0028076171875,29.0,780.6284455079881,3267.4761267270333,4.185699541856385,50.0,1005.0,293.15,constant_cp_1005_J_kgK,PASS
gsC_m,270.00006103515625,29.0,758.2920088260271,3350.3278839938816,4.418255559855333,50.0,1005.0,293.15,constant_cp_1005_J_kgK,PASS
gsC_m,275.0021057128906,29.0,737.6238751858534,3102.9307955427776,4.206657213687327,50.0,1005.0,293.15,constant_cp_1005_J_kgK,PASS
gsC_m,280.0018005371094,29.0,772.4219710734119,3378.761206156333,4.374242749020454,50.0,1005.0,293.15,constant_cp_1005_J_kgK,PASS
gsC_m,285.0030517578125,29.0,784.673619059879,3383.4087582454335,4.311867604641531,50.0,1005.0,293.15,constant_cp_1005_J_kgK,PASS
gsC_m,290.00555419921875,29.0,752.1341066613365,3119.980234722204,4.148170129616113,50.0,1005.0,293.15,constant_cp_1005_J_kgK,PASS
gsC_m,295.0043640136719,29.0,781.2917396869175,3431.583173901398,4.392191801838484,50.0,1005.0,293.15,constant_cp_1005_J_kgK,PASS
gsC_m,300.0,29.0,754.5202271493458,3009.9947554917253,3.9892830532321213,50.0,1005.0,293.15,constant_cp_1005_J_kgK,PASS
gsC_m,0.0,39.5,0.0,0.0,0.0,50.0,1005.0,293.15,constant_cp_1005_J_kgK,NEAR_ZERO_C_T_REVIEW
gsC_m,5.003993511199951,39.5,7224.832806289572,18091.30746681541,2.50404513874197,50.0,1005.0,293.15,constant_cp_1005_J_kgK,PASS
gsC_m,10.003931045532227,39.5,8674.17401419225,35455.486010336215,4.087476911613905,50.0,1005.0,293.15,constant_cp_1005_J_kgK,PASS
gsC_m,15.00706672668457,39.5,7246.269134429332,30449.318205257863,4.202068352744346,50.0,1005.0,293.15,constant_cp_1005_J_kgK,PASS
gsC_m,20.005443572998047,39.5,7711.059448389736,34614.132868424465,4.48889456761331,50.0,1005.0,293.15,constant_cp_1005_J_kgK,PASS
gsC_m,25.003950119018555,39.5,8063.370293876196,37380.23340494302,4.635807614258663,50.0,1005.0,293.15,constant_cp_1005_J_kgK,PASS
gsC_m,30.00198745727539,39.5,8530.244196028776,39490.284932538736,4.62944366245912,50.0,1005.0,293.15,constant_cp_1005_J_kgK,PASS
gsC_m,35.00673294067383,39.5,8395.7655131015,34231.03484551484,4.077178524351783,50.0,1005.0,293.15,constant_cp_1005_J_kgK,PASS
gsC_m,40.006736755371094,39.5,8780.792951994821,34602.30310799903,3.940680904010399,50.0,1005.0,293.15,constant_cp_1005_J_kgK,PASS
gsC_m,45.00355911254883,39.5,9284.085481641887,42944.84977764271,4.62564135827445,50.0,1005.0,293.15,constant_cp_1005_J_kgK,PASS
gsC_m,50.002662658691406,39.5,8243.01967861849,37151.67030175157,4.507046173638832,50.0,1005.0,293.15,constant_cp_1005_J_kgK,PASS
gsC_m,55.007408142089844,39.5,8451.042303582191,36186.002586763185,4.281839007174361,50.0,1005.0,293.15,constant_cp_1005_J_kgK,PASS
gsC_m,60.00221252441406,39.5,8907.707201798756,41727.13600610774,4.684385674203233,50.0,1005.0,293.15,constant_cp_1005_J_kgK,PASS
gsC_m,65.00850677490234,39.5,9138.761575455803,40311.95412116046,4.411095944271361,50.0,1005.0,293.15,constant_cp_1005_J_kgK,PASS
gsC_m,70.00285339355469,39.5,8682.288235039827,41564.61526164371,4.787288113045266,50.0,1005.0,293.15,constant_cp_1005_J_kgK,PASS
gsC_m,75.0063247680664,39.5,8592.020658958021,35764.54676559606,4.162530350564725,50.0,1005.0,293.15,constant_cp_1005_J_kgK,PASS
gsC_m,80.00141143798828,39.5,9135.319318956004,38669.9901828251,4.233020087494886,50.0,1005.0,293.15,constant_cp_1005_J_kgK,PASS
gsC_m,85.00379180908203,39.5,8739.649304443185,39431.18581470786,4.511758360218959,50.0,1005.0,293.15,constant_cp_1005_J_kgK,PASS
gsC_m,90.0025634765625,39.5,8849.365626940147,39386.077880439625,4.450723310666703,50.0,1005.0,293.15,constant_cp_1005_J_kgK,PASS
gsC_m,95.00758361816406,39.5,9412.924421926644,40372.112475989554,4.289008459681425,50.0,1005.0,293.15,constant_cp_1005_J_kgK,PASS
gsC_m,100.00171661376953,39.5,9016.280988038878,41182.1386017316,4.5675305213269,50.0,1005.0,293.15,constant_cp_1005_J_kgK,PASS
gsC_m,105.0053482055664,39.5,8979.885799501752,42741.98553694365,4.7597471160836395,50.0,1005.0,293.15,constant_cp_1005_J_kgK,PASS
gsC_m,110.00281524658203,39.5,8894.550902136922,40122.907796680294,4.510953755634388,50.0,1005.0,293.15,constant_cp_1005_J_kgK,PASS
gsC_m,115.00247192382812,39.5,9342.650473839178,38461.657525751936,4.116782237914843,50.0,1005.0,293.15,constant_cp_1005_J_kgK,PASS
gsC_m,120.0017318725586,39.5,9171.959335471827,42196.45699509609,4.60059355386586,50.0,1005.0,293.15,constant_cp_1005_J_kgK,PASS
gsC_m,125.00382995605469,39.5,9978.678500632688,45289.238925732374,4.538600870130881,50.0,1005.0,293.15,constant_cp_1005_J_kgK,PASS
gsC_m,130.0030975341797,39.5,9376.263286979527,36462.10603988141,3.888767297150359,50.0,1005.0,293.15,constant_cp_1005_J_kgK,PASS
gsC_m,135.00050354003906,39.5,9812.202362542295,45434.49935096038,4.630407901532911,50.0,1005.0,293.15,constant_cp_1005_J_kgK,PASS
gsC_m,140.0069580078125,39.5,9295.078711085938,44428.81641668157,4.779821429988321,50.0,1005.0,293.15,constant_cp_1005_J_kgK,PASS
gsC_m,145.00625610351562,39.5,9652.0444975807,41295.33697906425,4.2784030874920544,50.0,1005.0,293.15,constant_cp_1005_J_kgK,PASS
gsC_m,150.0060272216797,39.5,9441.641612118961,44009.524697698034,4.661215337934908,50.0,1005.0,293.15,constant_cp_1005_J_kgK,PASS
gsC_m,155.0009307861328,39.5,9288.72543077789,36251.95581355698,3.902791193873963,50.0,1005.0,293.15,constant_cp_1005_J_kgK,PASS
gsC_m,160.00619506835938,39.5,9804.164120742513,46550.791598865835,4.748063274499284,50.0,1005.0,293.15,constant_cp_1005_J_kgK,PASS
gsC_m,165.00274658203125,39.5,9810.46054078814,38733.38752956835,3.9481721952324045,50.0,1005.0,293.15,constant_cp_1005_J_kgK,PASS
gsC_m,170.0027618408203,39.5,9332.805697550864,42620.12837518071,4.566700492474692,50.0,1005.0,293.15,constant_cp_1005_J_kgK,PASS
gsC_m,175.0025634765625,39.5,10101.5194437124,41071.839295816135,4.065907067216196,50.0,1005.0,293.15,constant_cp_1005_J_kgK,PASS
gsC_m,180.00245666503906,39.5,9657.549569769453,43026.134376075745,4.455181313358604,50.0,1005.0,293.15,constant_cp_1005_J_kgK,PASS
gsC_m,185.00721740722656,39.5,9926.480544549502,42245.28748205442,4.25581728513501,50.0,1005.0,293.15,constant_cp_1005_J_kgK,PASS
gsC_m,190.00164794921875,39.5,9850.860803034506,41278.35905371177,4.190330152771217,50.0,1005.0,293.15,constant_cp_1005_J_kgK,PASS
gsC_m,195.00082397460938,39.5,9408.302585425372,42763.74523890739,4.545319928926307,50.0,1005.0,293.15,constant_cp_1005_J_kgK,PASS
gsC_m,200.00289916992188,39.5,9657.323259402408,42986.34360948412,4.451165447695664,50.0,1005.0,293.15,constant_cp_1005_J_kgK,PASS
gsC_m,205.0062255859375,39.5,9837.098181364716,43710.71076777616,4.443455779528232,50.0,1005.0,293.15,constant_cp_1005_J_kgK,PASS
gsC_m,210.00482177734375,39.5,9739.145130854704,45484.5392671145,4.6702804667125974,50.0,1005.0,293.15,constant_cp_1005_J_kgK,PASS
gsC_m,215.00160217285156,39.5,9544.29062453107,39523.54003744099,4.141066276403199,50.0,1005.0,293.15,constant_cp_1005_J_kgK,PASS
gsC_m,220.0067138671875,39.5,9991.891235382795,44080.42389115791,4.41161966766192,50.0,1005.0,293.15,constant_cp_1005_J_kgK,PASS
gsC_m,225.0027313232422,39.5,9608.863221120675,42020.43465154253,4.3730911435158655,50.0,1005.0,293.15,constant_cp_1005_J_kgK,PASS
gsC_m,230.00674438476562,39.5,10062.02098393623,41787.67686889049,4.153010308326661,50.0,1005.0,293.15,constant_cp_1005_J_kgK,PASS
gsC_m,235.00157165527344,39.5,10030.597723446468,46867.749609136976,4.672478241209812,50.0,1005.0,293.15,constant_cp_1005_J_kgK,PASS
gsC_m,240.0023193359375,39.5,9719.51149215328,44112.79674699424,4.5385816748714864,50.0,1005.0,293.15,constant_cp_1005_J_kgK,PASS
gsC_m,245.00656127929688,39.5,10014.243872876476,39339.33731972075,3.928338256896978,50.0,1005.0,293.15,constant_cp_1005_J_kgK,PASS
gsC_m,250.00390625,39.5,10537.635251829382,45871.33940772636,4.3530961464773155,50.0,1005.0,293.15,constant_cp_1005_J_kgK,PASS
gsC_m,255.00308227539062,39.5,9926.718315210337,46083.200613511435,4.642339910350356,50.0,1005.0,293.15,constant_cp_1005_J_kgK,PASS
gsC_m,260.0055847167969,39.5,9784.04645289354,42250.27972312973,4.31828282158557,50.0,1005.0,293.15,constant_cp_1005_J_kgK,PASS
gsC_m,265.0028076171875,39.5,10177.775974398915,43116.69646776393,4.2363573904765675,50.0,1005.0,293.15,constant_cp_1005_J_kgK,PASS
gsC_m,270.00006103515625,39.5,10058.658574619856,46001.368634014005,4.573310476019208,50.0,1005.0,293.15,constant_cp_1005_J_kgK,PASS
gsC_m,275.0021057128906,39.5,9866.651550501314,42169.19643358105,4.273911591763286,50.0,1005.0,293.15,constant_cp_1005_J_kgK,PASS
gsC_m,280.0018005371094,39.5,10491.809735244893,47346.60058304005,4.512720090985371,50.0,1005.0,293.15,constant_cp_1005_J_kgK,PASS
gsC_m,285.0030517578125,39.5,10285.965420008117,45793.97192722297,4.45208301382588,50.0,1005.0,293.15,constant_cp_1005_J_kgK,PASS
gsC_m,290.00555419921875,39.5,9990.152177912318,42196.49022509548,4.223808554026373,50.0,1005.0,293.15,constant_cp_1005_J_kgK,PASS
gsC_m,295.0043640136719,39.5,9878.094864483603,44812.74028066606,4.53657723431918,50.0,1005.0,293.15,constant_cp_1005_J_kgK,PASS
gsC_m,300.0,39.5,10122.223415538989,40374.72438904009,3.988720929342007,50.0,1005.0,293.15,constant_cp_1005_J_kgK,PASS
gsC_m,0.0,46.5,0.0,0.0,0.0,50.0,1005.0,293.15,constant_cp_1005_J_kgK,NEAR_ZERO_C_T_REVIEW
gsC_m,5.003993511199951,46.5,70746.64458556606,184640.52999010414,2.6098839184773497,50.0,1005.0,293.15,constant_cp_1005_J_kgK,PASS
gsC_m,10.003931045532227,46.5,59253.29274861168,239797.54053017066,4.046990967194564,50.0,1005.0,293.15,constant_cp_1005_J_kgK,PASS
gsC_m,15.00706672668457,46.5,51405.871504362,214811.104864495,4.178727032110782,50.0,1005.0,293.15,constant_cp_1005_J_kgK,PASS
gsC_m,20.005443572998047,46.5,54813.605666281524,248821.17318053855,4.539405320193994,50.0,1005.0,293.15,constant_cp_1005_J_kgK,PASS
gsC_m,25.003950119018555,46.5,56190.153944980324,263931.1112743333,4.697106036277493,50.0,1005.0,293.15,constant_cp_1005_J_kgK,PASS
gsC_m,30.00198745727539,46.5,61245.05012087605,285356.16388423543,4.659252679539632,50.0,1005.0,293.15,constant_cp_1005_J_kgK,PASS
gsC_m,35.00673294067383,46.5,60843.0173179259,245080.69783954934,4.028082574519826,50.0,1005.0,293.15,constant_cp_1005_J_kgK,PASS
gsC_m,40.006736755371094,46.5,66948.53973029682,258662.0474172384,3.8635950606130978,50.0,1005.0,293.15,constant_cp_1005_J_kgK,PASS
gsC_m,45.00355911254883,46.5,68680.76342100248,321949.9976415887,4.687629863227934,50.0,1005.0,293.15,constant_cp_1005_J_kgK,PASS
gsC_m,50.002662658691406,46.5,59794.37444373233,270388.3716354658,4.52197007077818,50.0,1005.0,293.15,constant_cp_1005_J_kgK,PASS
gsC_m,55.007408142089844,46.5,62593.6808368662,266458.82917498937,4.256960536790276,50.0,1005.0,293.15,constant_cp_1005_J_kgK,PASS
gsC_m,60.00221252441406,46.5,65885.6159058285,312369.91697157756,4.7410942840399155,50.0,1005.0,293.15,constant_cp_1005_J_kgK,PASS
gsC_m,65.00850677490234,46.5,67236.13707007466,297253.5220175864,4.421038075221055,50.0,1005.0,293.15,constant_cp_1005_J_kgK,PASS
gsC_m,70.00285339355469,46.5,61262.54054491106,298433.2619798878,4.871382403103312,50.0,1005.0,293.15,constant_cp_1005_J_kgK,PASS
gsC_m,75.0063247680664,46.5,63073.83018663329,262712.74434589257,4.165162375085363,50.0,1005.0,293.15,constant_cp_1005_J_kgK,PASS
gsC_m,80.00141143798828,46.5,66307.68354814107,280724.8306475991,4.233669698984153,50.0,1005.0,293.15,constant_cp_1005_J_kgK,PASS
gsC_m,85.00379180908203,46.5,62724.77320854829,286241.79321092763,4.563456806120636,50.0,1005.0,293.15,constant_cp_1005_J_kgK,PASS
gsC_m,90.0025634765625,46.5,62784.47550754007,281260.4840292313,4.479777552580638,50.0,1005.0,293.15,constant_cp_1005_J_kgK,PASS
gsC_m,95.00758361816406,46.5,67723.62248758489,291084.15394042956,4.29811848877084,50.0,1005.0,293.15,constant_cp_1005_J_kgK,PASS
gsC_m,100.00171661376953,46.5,64736.57409274586,298953.8923468627,4.618006073638639,50.0,1005.0,293.15,constant_cp_1005_J_kgK,PASS
gsC_m,105.0053482055664,46.5,64538.30470508214,311572.39260599477,4.827712689847814,50.0,1005.0,293.15,constant_cp_1005_J_kgK,PASS
gsC_m,110.00281524658203,46.5,63199.97905380131,285806.0735245951,4.522249497603277,50.0,1005.0,293.15,constant_cp_1005_J_kgK,PASS
gsC_m,115.00247192382812,46.5,69797.65957715492,285443.32096042536,4.089582984439325,50.0,1005.0,293.15,constant_cp_1005_J_kgK,PASS
gsC_m,120.0017318725586,46.5,65959.29291474639,306461.2009224723,4.646217195180888,50.0,1005.0,293.15,constant_cp_1005_J_kgK,PASS
gsC_m,125.00382995605469,46.5,73003.34713529653,334409.8391598255,4.580746668232373,50.0,1005.0,293.15,constant_cp_1005_J_kgK,PASS
gsC_m,130.0030975341797,46.5,67932.09822891119,260959.30924183474,3.8414728242674734,50.0,1005.0,293.15,constant_cp_1005_J_kgK,PASS
gsC_m,135.00050354003906,46.5,71969.05293130531,335782.18959559174,4.665646912376244,50.0,1005.0,293.15,constant_cp_1005_J_kgK,PASS
gsC_m,140.0069580078125,46.5,66634.84633007903,320523.7654791858,4.8101523922100835,50.0,1005.0,293.15,constant_cp_1005_J_kgK,PASS
gsC_m,145.00625610351562,46.5,70007.37081761178,299735.92889832705,4.2814910115567155,50.0,1005.0,293.15,constant_cp_1005_J_kgK,PASS
gsC_m,150.0060272216797,46.5,68217.26887405635,322731.143838086,4.7309302932357475,50.0,1005.0,293.15,constant_cp_1005_J_kgK,PASS
gsC_m,155.0009307861328,46.5,67695.87482193975,259761.658100946,3.8371859257922645,50.0,1005.0,293.15,constant_cp_1005_J_kgK,PASS
gsC_m,160.00619506835938,46.5,70893.95419586689,342141.33518096735,4.826100322118996,50.0,1005.0,293.15,constant_cp_1005_J_kgK,PASS
gsC_m,165.00274658203125,46.5,72633.96990540753,281940.65495787456,3.8816638457879535,50.0,1005.0,293.15,constant_cp_1005_J_kgK,PASS
gsC_m,170.0027618408203,46.5,67139.28332041371,311611.78163606004,4.641273576736404,50.0,1005.0,293.15,constant_cp_1005_J_kgK,PASS
gsC_m,175.0025634765625,46.5,75305.65441899862,303539.45907479513,4.030765835801729,50.0,1005.0,293.15,constant_cp_1005_J_kgK,PASS
gsC_m,180.00245666503906,46.5,69744.95809375201,312358.15443700715,4.4785768459008475,50.0,1005.0,293.15,constant_cp_1005_J_kgK,PASS
gsC_m,185.00721740722656,46.5,71884.289398816,306421.7379847648,4.262708034640564,50.0,1005.0,293.15,constant_cp_1005_J_kgK,PASS
gsC_m,190.00164794921875,46.5,73339.25643269952,304012.1946641661,4.145286023497411,50.0,1005.0,293.15,constant_cp_1005_J_kgK,PASS
gsC_m,195.00082397460938,46.5,67062.68326197389,307264.6699238989,4.581753293759431,50.0,1005.0,293.15,constant_cp_1005_J_kgK,PASS
gsC_m,200.00289916992188,46.5,69567.35054910218,310827.05872005585,4.468001961648126,50.0,1005.0,293.15,constant_cp_1005_J_kgK,PASS
gsC_m,205.0062255859375,46.5,71016.6721054526,315586.177838078,4.443832250678543,50.0,1005.0,293.15,constant_cp_1005_J_kgK,PASS
gsC_m,210.00482177734375,46.5,69482.81016681218,329120.23808871396,4.736714552830657,50.0,1005.0,293.15,constant_cp_1005_J_kgK,PASS
gsC_m,215.00160217285156,46.5,68918.70612604248,285540.02158182557,4.143142517208745,50.0,1005.0,293.15,constant_cp_1005_J_kgK,PASS
gsC_m,220.0067138671875,46.5,71928.40670944823,317829.474479132,4.4186919885906315,50.0,1005.0,293.15,constant_cp_1005_J_kgK,PASS
gsC_m,225.0027313232422,46.5,69434.96898308278,304276.0714282119,4.38217336141306,50.0,1005.0,293.15,constant_cp_1005_J_kgK,PASS
gsC_m,230.00674438476562,46.5,73200.24833325452,302473.9310689377,4.132143509839994,50.0,1005.0,293.15,constant_cp_1005_J_kgK,PASS
gsC_m,235.00157165527344,46.5,73105.00601263825,343219.01927576365,4.694877108914045,50.0,1005.0,293.15,constant_cp_1005_J_kgK,PASS
gsC_m,240.0023193359375,46.5,70101.13109558247,319607.1993251378,4.559230276746186,50.0,1005.0,293.15,constant_cp_1005_J_kgK,PASS
gsC_m,245.00656127929688,46.5,72798.94316402567,282053.2900514363,3.874414624617956,50.0,1005.0,293.15,constant_cp_1005_J_kgK,PASS
gsC_m,250.00390625,46.5,77801.25322930705,338167.6461178805,4.346557826275365,50.0,1005.0,293.15,constant_cp_1005_J_kgK,PASS
gsC_m,255.00308227539062,46.5,71730.18961407767,336609.6113735836,4.692718828496117,50.0,1005.0,293.15,constant_cp_1005_J_kgK,PASS
gsC_m,260.0055847167969,46.5,70615.09786202275,305114.9238977176,4.3208171217703,50.0,1005.0,293.15,constant_cp_1005_J_kgK,PASS
gsC_m,265.0028076171875,46.5,74558.17732567362,313493.59576226556,4.204684274843611,50.0,1005.0,293.15,constant_cp_1005_J_kgK,PASS
gsC_m,270.00006103515625,46.5,72526.7243301957,334340.2481909256,4.609890371840798,50.0,1005.0,293.15,constant_cp_1005_J_kgK,PASS
gsC_m,275.0021057128906,46.5,72536.4113025323,307335.71032817225,4.236985326532672,50.0,1005.0,293.15,constant_cp_1005_J_kgK,PASS
gsC_m,280.0018005371094,46.5,77729.45520950663,353923.17449427734,4.553269716612995,50.0,1005.0,293.15,constant_cp_1005_J_kgK,PASS
gsC_m,285.0030517578125,46.5,74732.00480004295,336938.64827994106,4.508625844863497,50.0,1005.0,293.15,constant_cp_1005_J_kgK,PASS
gsC_m,290.00555419921875,46.5,71712.0590736795,302042.4810839637,4.2118785178603,50.0,1005.0,293.15,constant_cp_1005_J_kgK,PASS
gsC_m,295.0043640136719,46.5,70249.68219265193,321543.8048338053,4.577156718688102,50.0,1005.0,293.15,constant_cp_1005_J_kgK,PASS
gsC_m,300.0,46.5,73788.3948270768,290535.90489196905,3.93742004515529,50.0,1005.0,293.15,constant_cp_1005_J_kgK,PASS
gsC_m,0.0,50.0,0.0,0.0,0.0,50.0,1005.0,293.15,constant_cp_1005_J_kgK,NEAR_ZERO_C_T_REVIEW
gsC_m,5.003993511199951,50.0,3241833.363599724,11133597.801247174,3.4343522792560965,50.0,1005.0,293.15,constant_cp_1005_J_kgK,PASS
gsC_m,10.003931045532227,50.0,1597428.7031744325,8221982.838770827,5.1470108321153765,50.0,1005.0,293.15,constant_cp_1005_J_kgK,PASS
gsC_m,15.00706672668457,50.0,1587109.9142494476,7143724.668700217,4.5010900660138065,50.0,1005.0,293.15,constant_cp_1005_J_kgK,PASS
gsC_m,20.005443572998047,50.0,1403317.9490240929,7534320.717502771,5.368933478505243,50.0,1005.0,293.15,constant_cp_1005_J_kgK,PASS
gsC_m,25.003950119018555,50.0,1472906.5107346517,8419309.766546708,5.716119594275773,50.0,1005.0,293.15,constant_cp_1005_J_kgK,PASS
gsC_m,30.00198745727539,50.0,1462232.6396992696,8400188.61429487,5.7447689144885254,50.0,1005.0,293.15,constant_cp_1005_J_kgK,PASS
gsC_m,35.00673294067383,50.0,1697666.1113051013,7631657.002420814,4.495381601600023,50.0,1005.0,293.15,constant_cp_1005_J_kgK,PASS
gsC_m,40.006736755371094,50.0,2115450.515266757,9622194.162670821,4.548531905251144,50.0,1005.0,293.15,constant_cp_1005_J_kgK,PASS
gsC_m,45.00355911254883,50.0,1429500.8937935869,9713494.933658887,6.795025435682913,50.0,1005.0,293.15,constant_cp_1005_J_kgK,PASS
gsC_m,50.002662658691406,50.0,1637554.4591468317,8669062.623432215,5.293907982729811,50.0,1005.0,293.15,constant_cp_1005_J_kgK,PASS
gsC_m,55.007408142089844,50.0,1815639.1756177084,9378375.866645886,5.16533020028895,50.0,1005.0,293.15,constant_cp_1005_J_kgK,PASS
gsC_m,60.00221252441406,50.0,1651738.091633066,11051506.183679538,6.690834484995715,50.0,1005.0,293.15,constant_cp_1005_J_kgK,PASS
gsC_m,65.00850677490234,50.0,1671886.5120676074,9884853.543719763,5.912395053355174,50.0,1005.0,293.15,constant_cp_1005_J_kgK,PASS
gsC_m,70.00285339355469,50.0,1300243.2315399062,7960421.105493305,6.122255369147817,50.0,1005.0,293.15,constant_cp_1005_J_kgK,PASS
gsC_m,75.0063247680664,50.0,1607012.3052668585,7882553.402648507,4.905098347295813,50.0,1005.0,293.15,constant_cp_1005_J_kgK,PASS
gsC_m,80.00141143798828,50.0,1613386.6131102054,8425708.662335737,5.2223742244229205,50.0,1005.0,293.15,constant_cp_1005_J_kgK,PASS
gsC_m,85.00379180908203,50.0,1380766.978502769,7679341.911954176,5.561649453900791,50.0,1005.0,293.15,constant_cp_1005_J_kgK,PASS
gsC_m,90.0025634765625,50.0,1506862.185337054,8082785.530682746,5.363984582886582,50.0,1005.0,293.15,constant_cp_1005_J_kgK,PASS
gsC_m,95.00758361816406,50.0,1676388.1624842344,9088327.127784045,5.421373958114853,50.0,1005.0,293.15,constant_cp_1005_J_kgK,PASS
gsC_m,100.00171661376953,50.0,1495284.435289844,8985669.02125843,6.00933762780501,50.0,1005.0,293.15,constant_cp_1005_J_kgK,PASS
gsC_m,105.0053482055664,50.0,1430083.642388039,9062944.278064704,6.337352592139892,50.0,1005.0,293.15,constant_cp_1005_J_kgK,PASS
gsC_m,110.00281524658203,50.0,1559419.666745665,8426207.101429775,5.403424928591753,50.0,1005.0,293.15,constant_cp_1005_J_kgK,PASS
gsC_m,115.00247192382812,50.0,1919924.6239509268,10244268.71245208,5.335766094489092,50.0,1005.0,293.15,constant_cp_1005_J_kgK,PASS
gsC_m,120.0017318725586,50.0,1457311.517546284,7928499.301036539,5.440497248238296,50.0,1005.0,293.15,constant_cp_1005_J_kgK,PASS
gsC_m,125.00382995605469,50.0,1673019.167774927,10905766.774651507,6.518614361816245,50.0,1005.0,293.15,constant_cp_1005_J_kgK,PASS
gsC_m,130.0030975341797,50.0,1713301.999275166,7175411.7261703545,4.188060090518775,50.0,1005.0,293.15,constant_cp_1005_J_kgK,PASS
gsC_m,135.00050354003906,50.0,1831443.7145109558,12157096.967147559,6.6379855798046306,50.0,1005.0,293.15,constant_cp_1005_J_kgK,PASS
gsC_m,140.0069580078125,50.0,1485726.8921710486,8921434.408773473,6.0047606702042255,50.0,1005.0,293.15,constant_cp_1005_J_kgK,PASS
gsC_m,145.00625610351562,50.0,1768152.3320400645,9862333.534165002,5.577762365523112,50.0,1005.0,293.15,constant_cp_1005_J_kgK,PASS
gsC_m,150.0060272216797,50.0,1472932.7420875174,9062822.73974434,6.152910096152813,50.0,1005.0,293.15,constant_cp_1005_J_kgK,PASS
gsC_m,155.0009307861328,50.0,1672824.1564346843,6676680.559556863,3.9912626404122302,50.0,1005.0,293.15,constant_cp_1005_J_kgK,PASS
gsC_m,160.00619506835938,50.0,1418671.6950717468,9791691.423859071,6.902013663819427,50.0,1005.0,293.15,constant_cp_1005_J_kgK,PASS
gsC_m,165.00274658203125,50.0,1871715.2434117412,8426035.97409699,4.501772373632061,50.0,1005.0,293.15,constant_cp_1005_J_kgK,PASS
gsC_m,170.0027618408203,50.0,1464996.1409319083,8888751.541073035,6.067423177933253,50.0,1005.0,293.15,constant_cp_1005_J_kgK,PASS
gsC_m,175.0025634765625,50.0,1949918.877087567,9663646.01330766,4.955922078020726,50.0,1005.0,293.15,constant_cp_1005_J_kgK,PASS
gsC_m,180.00245666503906,50.0,1600326.2562441085,9103647.554009542,5.688619753934035,50.0,1005.0,293.15,constant_cp_1005_J_kgK,PASS
gsC_m,185.00721740722656,50.0,1605715.0443286034,8263162.9518850595,5.146095492516311,50.0,1005.0,293.15,constant_cp_1005_J_kgK,PASS
gsC_m,190.00164794921875,50.0,1774609.2721675455,9273724.362759836,5.225783787003833,50.0,1005.0,293.15,constant_cp_1005_J_kgK,PASS
gsC_m,195.00082397460938,50.0,1501064.6000201725,8590414.380765904,5.722881200882663,50.0,1005.0,293.15,constant_cp_1005_J_kgK,PASS
gsC_m,200.00289916992188,50.0,1596798.6014002424,8717154.178008255,5.459144422073093,50.0,1005.0,293.15,constant_cp_1005_J_kgK,PASS
gsC_m,205.0062255859375,50.0,1847960.991749118,10996565.646349128,5.950648144331627,50.0,1005.0,293.15,constant_cp_1005_J_kgK,PASS
gsC_m,210.00482177734375,50.0,1581922.8279112019,9399139.303297784,5.941591547615862,50.0,1005.0,293.15,constant_cp_1005_J_kgK,PASS
gsC_m,215.00160217285156,50.0,1582617.1349599105,7494460.509570164,4.735485509424869,50.0,1005.0,293.15,constant_cp_1005_J_kgK,PASS
gsC_m,220.0067138671875,50.0,1729774.8641886967,10147240.524750575,5.866220358977094,50.0,1005.0,293.15,constant_cp_1005_J_kgK,PASS
gsC_m,225.0027313232422,50.0,1641561.662077343,9385553.382009672,5.7174540553856215,50.0,1005.0,293.15,constant_cp_1005_J_kgK,PASS
gsC_m,230.00674438476562,50.0,1737926.7137823706,8967317.763989994,5.15977900154017,50.0,1005.0,293.15,constant_cp_1005_J_kgK,PASS
gsC_m,235.00157165527344,50.0,1732581.8114417116,10942199.034288911,6.3155453682061395,50.0,1005.0,293.15,constant_cp_1005_J_kgK,PASS
gsC_m,240.0023193359375,50.0,1657011.3151070147,9645837.945339402,5.82122635940868,50.0,1005.0,293.15,constant_cp_1005_J_kgK,PASS
gsC_m,245.00656127929688,50.0,1603059.8783915658,6528844.308823049,4.072738889437978,50.0,1005.0,293.15,constant_cp_1005_J_kgK,PASS
gsC_m,250.00390625,50.0,1793349.9914120869,10694208.897448193,5.96325811953056,50.0,1005.0,293.15,constant_cp_1005_J_kgK,PASS
gsC_m,255.00308227539062,50.0,1495645.0172695976,9237182.26279638,6.17605257674009,50.0,1005.0,293.15,constant_cp_1005_J_kgK,PASS
gsC_m,260.0055847167969,50.0,1531171.164310155,8075453.848315311,5.274037309835033,50.0,1005.0,293.15,constant_cp_1005_J_kgK,PASS
gsC_m,265.0028076171875,50.0,1751039.4421971021,8986228.99682008,5.131939795453539,50.0,1005.0,293.15,constant_cp_1005_J_kgK,PASS
gsC_m,270.00006103515625,50.0,1563961.7595800657,9810037.091796981,6.272555599077458,50.0,1005.0,293.15,constant_cp_1005_J_kgK,PASS
gsC_m,275.0021057128906,50.0,1701827.1709794404,8731793.203959264,5.130834289673441,50.0,1005.0,293.15,constant_cp_1005_J_kgK,PASS
gsC_m,280.0018005371094,50.0,1531859.1032069237,10166554.365053339,6.636742467874367,50.0,1005.0,293.15,constant_cp_1005_J_kgK,PASS
gsC_m,285.0030517578125,50.0,1417686.2740976904,8337145.366677033,5.880811233771266,50.0,1005.0,293.15,constant_cp_1005_J_kgK,PASS
gsC_m,290.00555419921875,50.0,1718571.4586263532,8798157.623364156,5.119459874189044,50.0,1005.0,293.15,constant_cp_1005_J_kgK,PASS
gsC_m,295.0043640136719,50.0,1434451.8099507876,7940764.992781508,5.535748874724436,50.0,1005.0,293.15,constant_cp_1005_J_kgK,PASS
gsC_m,300.0,50.0,1922884.3393375836,9005278.663030306,4.6832138984149925,50.0,1005.0,293.15,constant_cp_1005_J_kgK,PASS
gsC_m,0.0,53.5,0.0,0.0,0.0,50.0,1005.0,293.15,constant_cp_1005_J_kgK,NEAR_ZERO_C_T_REVIEW
gsC_m,5.003993511199951,53.5,6297379.221698596,25470723.01823625,4.044654469985375,50.0,1005.0,293.15,constant_cp_1005_J_kgK,PASS
gsC_m,10.003931045532227,53.5,2599623.894078768,15040972.43945827,5.785826355003693,50.0,1005.0,293.15,constant_cp_1005_J_kgK,PASS
gsC_m,15.00706672668457,53.5,2060659.8911480336,11388538.949133117,5.526646584453263,50.0,1005.0,293.15,constant_cp_1005_J_kgK,PASS
gsC_m,20.005443572998047,53.5,2111947.7479217667,13627373.740049085,6.452514629426277,50.0,1005.0,293.15,constant_cp_1005_J_kgK,PASS
gsC_m,25.003950119018555,53.5,2109590.1407703236,14319679.79010712,6.787896621889898,50.0,1005.0,293.15,constant_cp_1005_J_kgK,PASS
gsC_m,30.00198745727539,53.5,2940412.484862864,21446243.28797576,7.293617272535819,50.0,1005.0,293.15,constant_cp_1005_J_kgK,PASS
gsC_m,35.00673294067383,53.5,2346391.876218311,13063922.022663474,5.5676641890350576,50.0,1005.0,293.15,constant_cp_1005_J_kgK,PASS
gsC_m,40.006736755371094,53.5,2996360.3450786364,16044323.02366929,5.354603978130079,50.0,1005.0,293.15,constant_cp_1005_J_kgK,PASS
gsC_m,45.00355911254883,53.5,3445308.436868534,24803820.29150032,7.199303268779235,50.0,1005.0,293.15,constant_cp_1005_J_kgK,PASS
gsC_m,50.002662658691406,53.5,2998932.5542271137,20462354.088649563,6.8232124993298235,50.0,1005.0,293.15,constant_cp_1005_J_kgK,PASS
gsC_m,55.007408142089844,53.5,2610935.1800878113,15517388.765406145,5.943230181947396,50.0,1005.0,293.15,constant_cp_1005_J_kgK,PASS
gsC_m,60.00221252441406,53.5,3653047.836805809,26960484.52856956,7.3802714152639055,50.0,1005.0,293.15,constant_cp_1005_J_kgK,PASS
gsC_m,65.00850677490234,53.5,3581728.0212066406,23306028.66916341,6.506923063720479,50.0,1005.0,293.15,constant_cp_1005_J_kgK,PASS
gsC_m,70.00285339355469,53.5,3555225.187659967,26522527.47007255,7.460154018409604,50.0,1005.0,293.15,constant_cp_1005_J_kgK,PASS
gsC_m,75.0063247680664,53.5,2494315.495518916,14833818.08172555,5.94704964483233,50.0,1005.0,293.15,constant_cp_1005_J_kgK,PASS
gsC_m,80.00141143798828,53.5,3065010.361186692,19189691.531303924,6.260889612090632,50.0,1005.0,293.15,constant_cp_1005_J_kgK,PASS
gsC_m,85.00379180908203,53.5,3409686.048435149,24020660.511509594,7.044830570994564,50.0,1005.0,293.15,constant_cp_1005_J_kgK,PASS
gsC_m,90.0025634765625,53.5,2703712.8073935388,18273398.786983058,6.758631588759297,50.0,1005.0,293.15,constant_cp_1005_J_kgK,PASS
gsC_m,95.00758361816406,53.5,2830228.649102617,17713603.819517404,6.25871829300218,50.0,1005.0,293.15,constant_cp_1005_J_kgK,PASS
gsC_m,100.00171661376953,53.5,3328853.945199178,23897800.51769153,7.178987396595325,50.0,1005.0,293.15,constant_cp_1005_J_kgK,PASS
gsC_m,105.0053482055664,53.5,3352000.084739157,25105782.115842074,7.489791611325608,50.0,1005.0,293.15,constant_cp_1005_J_kgK,PASS
gsC_m,110.00281524658203,53.5,2429711.9414031105,16718639.367866013,6.880914186976142,50.0,1005.0,293.15,constant_cp_1005_J_kgK,PASS
gsC_m,115.00247192382812,53.5,3459133.6937962784,20945141.16533109,6.055025049449455,50.0,1005.0,293.15,constant_cp_1005_J_kgK,PASS
gsC_m,120.0017318725586,53.5,2908970.735943751,21895350.317146074,7.526837601562399,50.0,1005.0,293.15,constant_cp_1005_J_kgK,PASS
gsC_m,125.00382995605469,53.5,3537681.4534587795,24047829.437611293,6.7976243067616515,50.0,1005.0,293.15,constant_cp_1005_J_kgK,PASS
gsC_m,130.0030975341797,53.5,2212818.6523144054,11756587.730280876,5.312946778528172,50.0,1005.0,293.15,constant_cp_1005_J_kgK,PASS
gsC_m,135.00050354003906,53.5,3551843.490653334,25488135.99994145,7.17603015645633,50.0,1005.0,293.15,constant_cp_1005_J_kgK,PASS
gsC_m,140.0069580078125,53.5,2929619.6829823144,22691808.079030603,7.745649788893633,50.0,1005.0,293.15,constant_cp_1005_J_kgK,PASS
gsC_m,145.00625610351562,53.5,2941113.459219671,18527700.34327388,6.299553077489775,50.0,1005.0,293.15,constant_cp_1005_J_kgK,PASS
gsC_m,150.0060272216797,53.5,3718663.5320305866,26979655.725952346,7.255202169694558,50.0,1005.0,293.15,constant_cp_1005_J_kgK,PASS
gsC_m,155.0009307861328,53.5,2444842.058323774,13080814.247605283,5.350371899513914,50.0,1005.0,293.15,constant_cp_1005_J_kgK,PASS
gsC_m,160.00619506835938,53.5,3560960.320124366,26033199.61907462,7.310724433504895,50.0,1005.0,293.15,constant_cp_1005_J_kgK,PASS
gsC_m,165.00274658203125,53.5,2374733.750814151,13070525.332349407,5.503996112350834,50.0,1005.0,293.15,constant_cp_1005_J_kgK,PASS
gsC_m,170.0027618408203,53.5,3630536.724424702,26103542.158645406,7.18999534780406,50.0,1005.0,293.15,constant_cp_1005_J_kgK,PASS
gsC_m,175.0025634765625,53.5,3043720.302491197,17944684.21768877,5.895641660306816,50.0,1005.0,293.15,constant_cp_1005_J_kgK,PASS
gsC_m,180.00245666503906,53.5,3394908.3407950588,23165011.29343972,6.823457062176431,50.0,1005.0,293.15,constant_cp_1005_J_kgK,PASS
gsC_m,185.00721740722656,53.5,2953869.084773334,18450822.031856373,6.24632355136084,50.0,1005.0,293.15,constant_cp_1005_J_kgK,PASS
gsC_m,190.00164794921875,53.5,2544026.7820398733,16024716.897441225,6.298957625199269,50.0,1005.0,293.15,constant_cp_1005_J_kgK,PASS
gsC_m,195.00082397460938,53.5,3043292.890087266,21113697.523228664,6.937780320783789,50.0,1005.0,293.15,constant_cp_1005_J_kgK,PASS
gsC_m,200.00289916992188,53.5,2675919.6103088018,17857086.09061102,6.673252074471064,50.0,1005.0,293.15,constant_cp_1005_J_kgK,PASS
gsC_m,205.0062255859375,53.5,3379338.803160815,22272921.773423728,6.590911142910877,50.0,1005.0,293.15,constant_cp_1005_J_kgK,PASS
gsC_m,210.00482177734375,53.5,2869963.0521783703,22012744.659192316,7.670044616945194,50.0,1005.0,293.15,constant_cp_1005_J_kgK,PASS
gsC_m,215.00160217285156,53.5,2544868.3246283405,15651324.882742302,6.150151161564738,50.0,1005.0,293.15,constant_cp_1005_J_kgK,PASS
gsC_m,220.0067138671875,53.5,3031475.830309129,20036021.37873917,6.6093290859904466,50.0,1005.0,293.15,constant_cp_1005_J_kgK,PASS
gsC_m,225.0027313232422,53.5,2824299.5574715366,18672836.99137614,6.6114930840031185,50.0,1005.0,293.15,constant_cp_1005_J_kgK,PASS
gsC_m,230.00674438476562,53.5,3174911.681387315,19427270.681710765,6.118995622965419,50.0,1005.0,293.15,constant_cp_1005_J_kgK,PASS
gsC_m,235.00157165527344,53.5,2983188.040566673,22262044.59591136,7.462501288280358,50.0,1005.0,293.15,constant_cp_1005_J_kgK,PASS
gsC_m,240.0023193359375,53.5,3302667.780026484,23772257.762374114,7.197895563744374,50.0,1005.0,293.15,constant_cp_1005_J_kgK,PASS
gsC_m,245.00656127929688,53.5,2124424.000031401,11504474.037551701,5.415338010388533,50.0,1005.0,293.15,constant_cp_1005_J_kgK,PASS
gsC_m,250.00390625,53.5,3540228.722683883,23080249.689058274,6.519423318943331,50.0,1005.0,293.15,constant_cp_1005_J_kgK,PASS
gsC_m,255.00308227539062,53.5,3221409.0081515326,23672458.07675993,7.34847950597349,50.0,1005.0,293.15,constant_cp_1005_J_kgK,PASS
gsC_m,260.0055847167969,53.5,2722026.9465710213,17791923.261698905,6.536277417867466,50.0,1005.0,293.15,constant_cp_1005_J_kgK,PASS
gsC_m,265.0028076171875,53.5,3093111.3740866557,19171341.02841941,6.198076535178234,50.0,1005.0,293.15,constant_cp_1005_J_kgK,PASS
gsC_m,270.00006103515625,53.5,3420811.803909646,23952268.95622008,7.001925370125601,50.0,1005.0,293.15,constant_cp_1005_J_kgK,PASS
gsC_m,275.0021057128906,53.5,2565423.365332484,16559168.929574199,6.454750959761409,50.0,1005.0,293.15,constant_cp_1005_J_kgK,PASS
gsC_m,280.0018005371094,53.5,3504875.2889880077,25011508.11711044,7.1362048731646075,50.0,1005.0,293.15,constant_cp_1005_J_kgK,PASS
gsC_m,285.0030517578125,53.5,3757197.371441384,26231835.717512082,6.981756113453439,50.0,1005.0,293.15,constant_cp_1005_J_kgK,PASS
gsC_m,290.00555419921875,53.5,2651409.3292454225,16156820.222850148,6.093672540349811,50.0,1005.0,293.15,constant_cp_1005_J_kgK,PASS
gsC_m,295.0043640136719,53.5,3112252.5922162416,22673235.170202702,7.285152634110921,50.0,1005.0,293.15,constant_cp_1005_J_kgK,PASS
gsC_m,300.0,53.5,2884529.7648427375,16584345.54613132,5.749410440573312,50.0,1005.0,293.15,constant_cp_1005_J_kgK,PASS
gsC_m,0.0,60.5,0.0,0.0,0.0,50.0,1005.0,293.15,constant_cp_1005_J_kgK,NEAR_ZERO_C_T_REVIEW
gsC_m,5.003993511199951,60.5,1303917.9477617594,7096262.535079983,5.442261568115592,50.0,1005.0,293.15,constant_cp_1005_J_kgK,PASS
gsC_m,10.003931045532227,60.5,4929703.305024878,28312139.09278505,5.7431730351654835,50.0,1005.0,293.15,constant_cp_1005_J_kgK,PASS
gsC_m,15.00706672668457,60.5,6597391.403774366,47105606.3275806,7.140035120643515,50.0,1005.0,293.15,constant_cp_1005_J_kgK,PASS
gsC_m,20.005443572998047,60.5,5581884.603779724,46769314.64085303,8.378767738978981,50.0,1005.0,293.15,constant_cp_1005_J_kgK,PASS
gsC_m,25.003950119018555,60.5,6098358.574715748,50092088.35115772,8.214028043356333,50.0,1005.0,293.15,constant_cp_1005_J_kgK,PASS
gsC_m,30.00198745727539,60.5,5784582.202127876,49815502.91582425,8.61177197853623,50.0,1005.0,293.15,constant_cp_1005_J_kgK,PASS
gsC_m,35.00673294067383,60.5,7370910.592926526,54244609.55290103,7.359281986808619,50.0,1005.0,293.15,constant_cp_1005_J_kgK,PASS
gsC_m,40.006736755371094,60.5,8001775.945639985,52718799.7991575,6.588387397660511,50.0,1005.0,293.15,constant_cp_1005_J_kgK,PASS
gsC_m,45.00355911254883,60.5,6364947.877580967,49199337.04687175,7.729731333726211,50.0,1005.0,293.15,constant_cp_1005_J_kgK,PASS
gsC_m,50.002662658691406,60.5,5008195.415910093,41806396.122516915,8.347596818947173,50.0,1005.0,293.15,constant_cp_1005_J_kgK,PASS
gsC_m,55.007408142089844,60.5,6518824.646349864,52347370.28334887,8.030185366722533,50.0,1005.0,293.15,constant_cp_1005_J_kgK,PASS
gsC_m,60.00221252441406,60.5,5751591.007509755,47442222.84025963,8.248539017867424,50.0,1005.0,293.15,constant_cp_1005_J_kgK,PASS
gsC_m,65.00850677490234,60.5,6844024.4076425545,53156921.0996878,7.7669099251499985,50.0,1005.0,293.15,constant_cp_1005_J_kgK,PASS
gsC_m,70.00285339355469,60.5,4082997.2586676786,36593749.33005377,8.96247217711693,50.0,1005.0,293.15,constant_cp_1005_J_kgK,PASS
gsC_m,75.0063247680664,60.5,5913957.95267495,46857523.027744666,7.923208687432496,50.0,1005.0,293.15,constant_cp_1005_J_kgK,PASS
gsC_m,80.00141143798828,60.5,6356951.382814914,50885990.93549102,8.00477900036389,50.0,1005.0,293.15,constant_cp_1005_J_kgK,PASS
gsC_m,85.00379180908203,60.5,4740706.84269546,40585094.806281686,8.56097964986291,50.0,1005.0,293.15,constant_cp_1005_J_kgK,PASS
gsC_m,90.0025634765625,60.5,5593886.535166567,47400061.91913404,8.473547259342581,50.0,1005.0,293.15,constant_cp_1005_J_kgK,PASS
gsC_m,95.00758361816406,60.5,7796607.603414303,62337973.43467061,7.9955253112098985,50.0,1005.0,293.15,constant_cp_1005_J_kgK,PASS
gsC_m,100.00171661376953,60.5,5786171.364058962,54991710.028264485,9.503989178379284,50.0,1005.0,293.15,constant_cp_1005_J_kgK,PASS
gsC_m,105.0053482055664,60.5,5076950.717719525,46811596.21938977,9.220415722376105,50.0,1005.0,293.15,constant_cp_1005_J_kgK,PASS
gsC_m,110.00281524658203,60.5,6982083.229687877,56586418.60773194,8.104517913382356,50.0,1005.0,293.15,constant_cp_1005_J_kgK,PASS
gsC_m,115.00247192382812,60.5,7185275.022326385,56405912.119093105,7.8502092047731376,50.0,1005.0,293.15,constant_cp_1005_J_kgK,PASS
gsC_m,120.0017318725586,60.5,5483882.297787116,45951999.70369779,8.379464986372987,50.0,1005.0,293.15,constant_cp_1005_J_kgK,PASS
gsC_m,125.00382995605469,60.5,7590474.345185732,54889765.262658656,7.231401196615934,50.0,1005.0,293.15,constant_cp_1005_J_kgK,PASS
gsC_m,130.0030975341797,60.5,6191650.082973167,43380652.76155752,7.006315308556094,50.0,1005.0,293.15,constant_cp_1005_J_kgK,PASS
gsC_m,135.00050354003906,60.5,6055161.267258314,51289156.25067292,8.47032044018472,50.0,1005.0,293.15,constant_cp_1005_J_kgK,PASS
gsC_m,140.0069580078125,60.5,5512485.312782692,49573310.987445354,8.992914842329228,50.0,1005.0,293.15,constant_cp_1005_J_kgK,PASS
gsC_m,145.00625610351562,60.5,6702268.304785918,53097344.31537154,7.922294647239962,50.0,1005.0,293.15,constant_cp_1005_J_kgK,PASS
gsC_m,150.0060272216797,60.5,5617618.3633964835,49466052.712061524,8.805520331244736,50.0,1005.0,293.15,constant_cp_1005_J_kgK,PASS
gsC_m,155.0009307861328,60.5,7147639.9948524535,52691355.08618893,7.371853524259179,50.0,1005.0,293.15,constant_cp_1005_J_kgK,PASS
gsC_m,160.00619506835938,60.5,6929255.960261454,55468502.11001847,8.00497231277419,50.0,1005.0,293.15,constant_cp_1005_J_kgK,PASS
gsC_m,165.00274658203125,60.5,7595219.387222249,54778313.09804289,7.212209457727936,50.0,1005.0,293.15,constant_cp_1005_J_kgK,PASS
gsC_m,170.0027618408203,60.5,4584742.852201166,41056924.48331551,8.955120452088998,50.0,1005.0,293.15,constant_cp_1005_J_kgK,PASS
gsC_m,175.0025634765625,60.5,7701343.800722564,57947892.031213276,7.524387110958015,50.0,1005.0,293.15,constant_cp_1005_J_kgK,PASS
gsC_m,180.00245666503906,60.5,5932973.448788126,45863559.47065945,7.730282271872896,50.0,1005.0,293.15,constant_cp_1005_J_kgK,PASS
gsC_m,185.00721740722656,60.5,5447680.465776229,45008906.7721398,8.262031346166072,50.0,1005.0,293.15,constant_cp_1005_J_kgK,PASS
gsC_m,190.00164794921875,60.5,6093069.93092553,46978105.43599439,7.710088012867835,50.0,1005.0,293.15,constant_cp_1005_J_kgK,PASS
gsC_m,195.00082397460938,60.5,5094186.674086148,43159241.97406584,8.47225371492854,50.0,1005.0,293.15,constant_cp_1005_J_kgK,PASS
gsC_m,200.00289916992188,60.5,6961238.963360667,59545034.86010342,8.553798422020689,50.0,1005.0,293.15,constant_cp_1005_J_kgK,PASS
gsC_m,205.0062255859375,60.5,6031488.264468942,51855742.71052459,8.597503706672693,50.0,1005.0,293.15,constant_cp_1005_J_kgK,PASS
gsC_m,210.00482177734375,60.5,5987333.975801789,51569222.49522103,8.613052604655342,50.0,1005.0,293.15,constant_cp_1005_J_kgK,PASS
gsC_m,215.00160217285156,60.5,7595221.968530975,59905561.641414344,7.887269376671151,50.0,1005.0,293.15,constant_cp_1005_J_kgK,PASS
gsC_m,220.0067138671875,60.5,7048801.5154649615,55841133.401167944,7.922074877360832,50.0,1005.0,293.15,constant_cp_1005_J_kgK,PASS
gsC_m,225.0027313232422,60.5,5901350.92847844,48494881.66784051,8.217589879940263,50.0,1005.0,293.15,constant_cp_1005_J_kgK,PASS
gsC_m,230.00674438476562,60.5,6202328.373217285,50715993.36159412,8.176928132440464,50.0,1005.0,293.15,constant_cp_1005_J_kgK,PASS
gsC_m,235.00157165527344,60.5,6030309.465797347,53400070.53548267,8.855278628461223,50.0,1005.0,293.15,constant_cp_1005_J_kgK,PASS
gsC_m,240.0023193359375,60.5,5852013.485317423,50214945.67023426,8.580798010158809,50.0,1005.0,293.15,constant_cp_1005_J_kgK,PASS
gsC_m,245.00656127929688,60.5,5729703.254829843,42045885.51121795,7.33823090677086,50.0,1005.0,293.15,constant_cp_1005_J_kgK,PASS
gsC_m,250.00390625,60.5,6857491.869339157,51763041.414199114,7.5483926777426005,50.0,1005.0,293.15,constant_cp_1005_J_kgK,PASS
gsC_m,255.00308227539062,60.5,4995325.249280467,44330114.45290049,8.874319937282532,50.0,1005.0,293.15,constant_cp_1005_J_kgK,PASS
gsC_m,260.0055847167969,60.5,6132849.849629681,50394257.12372407,8.217102710702598,50.0,1005.0,293.15,constant_cp_1005_J_kgK,PASS
gsC_m,265.0028076171875,60.5,6620924.094207037,54493041.08820559,8.230428307716766,50.0,1005.0,293.15,constant_cp_1005_J_kgK,PASS
gsC_m,270.00006103515625,60.5,6276113.021207899,54130295.297716476,8.624812063581762,50.0,1005.0,293.15,constant_cp_1005_J_kgK,PASS
gsC_m,275.0021057128906,60.5,6061034.457689557,49776611.70929883,8.212560422940323,50.0,1005.0,293.15,constant_cp_1005_J_kgK,PASS
gsC_m,280.0018005371094,60.5,5641632.712887167,46062887.4703172,8.164815012699401,50.0,1005.0,293.15,constant_cp_1005_J_kgK,PASS
gsC_m,285.0030517578125,60.5,5478092.277297294,46651053.236169666,8.515930523752644,50.0,1005.0,293.15,constant_cp_1005_J_kgK,PASS
gsC_m,290.00555419921875,60.5,6901724.682458956,53373503.58861098,7.733357391705603,50.0,1005.0,293.15,constant_cp_1005_J_kgK,PASS
gsC_m,295.0043640136719,60.5,4944603.007176851,40340198.97747863,8.158430296411417,50.0,1005.0,293.15,constant_cp_1005_J_kgK,PASS
gsC_m,300.0,60.5,6739876.64301151,49786393.39221732,7.386840446677933,50.0,1005.0,293.15,constant_cp_1005_J_kgK,PASS
gsC_m,0.0,71.0,0.0,0.0,0.0,50.0,1005.0,293.15,constant_cp_1005_J_kgK,NEAR_ZERO_C_T_REVIEW
gsC_m,5.003993511199951,71.0,2569.807629697302,11269.74389065808,4.3854426146213745,50.0,1005.0,293.15,constant_cp_1005_J_kgK,PASS
gsC_m,10.003931045532227,71.0,6093164.967509074,37595185.490023404,6.170058695356899,50.0,1005.0,293.15,constant_cp_1005_J_kgK,PASS
gsC_m,15.00706672668457,71.0,6502067.938571556,43952113.42961419,6.759713039736409,50.0,1005.0,293.15,constant_cp_1005_J_kgK,PASS
gsC_m,20.005443572998047,71.0,8244990.935361619,65033045.53378374,7.8875824174488836,50.0,1005.0,293.15,constant_cp_1005_J_kgK,PASS
gsC_m,25.003950119018555,71.0,7408634.888596281,58986097.86717256,7.961803861864852,50.0,1005.0,293.15,constant_cp_1005_J_kgK,PASS
gsC_m,30.00198745727539,71.0,8718472.122659337,71539561.06287271,8.205515835388306,50.0,1005.0,293.15,constant_cp_1005_J_kgK,PASS
gsC_m,35.00673294067383,71.0,7920261.654262358,57360133.81160675,7.242201876088005,50.0,1005.0,293.15,constant_cp_1005_J_kgK,PASS
gsC_m,40.006736755371094,71.0,6999965.448333067,45290888.38286577,6.470158848234185,50.0,1005.0,293.15,constant_cp_1005_J_kgK,PASS
gsC_m,45.00355911254883,71.0,6828901.56635473,54573004.145942345,7.991476171631717,50.0,1005.0,293.15,constant_cp_1005_J_kgK,PASS
gsC_m,50.002662658691406,71.0,7513413.790560179,57477670.51991971,7.650007323187018,50.0,1005.0,293.15,constant_cp_1005_J_kgK,PASS
gsC_m,55.007408142089844,71.0,8278650.48694578,62465224.52035548,7.54533901616622,50.0,1005.0,293.15,constant_cp_1005_J_kgK,PASS
gsC_m,60.00221252441406,71.0,7000987.408460595,56803989.44195627,8.113711127848829,50.0,1005.0,293.15,constant_cp_1005_J_kgK,PASS
gsC_m,65.00850677490234,71.0,6619293.670397101,51513857.30823278,7.782379793574316,50.0,1005.0,293.15,constant_cp_1005_J_kgK,PASS
gsC_m,70.00285339355469,71.0,5582795.771070644,46544440.053964466,8.337120317951085,50.0,1005.0,293.15,constant_cp_1005_J_kgK,PASS
gsC_m,75.0063247680664,71.0,8436925.080145242,64437986.63715698,7.6376151293318895,50.0,1005.0,293.15,constant_cp_1005_J_kgK,PASS
gsC_m,80.00141143798828,71.0,7507024.046370898,58981597.43345041,7.856854736193862,50.0,1005.0,293.15,constant_cp_1005_J_kgK,PASS
gsC_m,85.00379180908203,71.0,7061193.450580268,56468246.63175348,7.996983374972269,50.0,1005.0,293.15,constant_cp_1005_J_kgK,PASS
gsC_m,90.0025634765625,71.0,7563659.603006157,58512535.82930307,7.736008612292309,50.0,1005.0,293.15,constant_cp_1005_J_kgK,PASS
gsC_m,95.00758361816406,71.0,8259034.00829785,65585372.18160416,7.941046388198734,50.0,1005.0,293.15,constant_cp_1005_J_kgK,PASS
gsC_m,100.00171661376953,71.0,6973334.255612671,60891367.37125064,8.732030494915772,50.0,1005.0,293.15,constant_cp_1005_J_kgK,PASS
gsC_m,105.0053482055664,71.0,7861528.445944836,67099517.72492445,8.535174576584529,50.0,1005.0,293.15,constant_cp_1005_J_kgK,PASS
gsC_m,110.00281524658203,71.0,7987112.2068260405,58839113.42657623,7.3667568331255495,50.0,1005.0,293.15,constant_cp_1005_J_kgK,PASS
gsC_m,115.00247192382812,71.0,7422303.302105223,56771019.176570505,7.648706454837041,50.0,1005.0,293.15,constant_cp_1005_J_kgK,PASS
gsC_m,120.0017318725586,71.0,7208417.874640287,56803060.774985105,7.880100982328202,50.0,1005.0,293.15,constant_cp_1005_J_kgK,PASS
gsC_m,125.00382995605469,71.0,7537332.003624614,57006101.556260675,7.563167116540323,50.0,1005.0,293.15,constant_cp_1005_J_kgK,PASS
gsC_m,130.0030975341797,71.0,6942627.743586291,48858923.32055615,7.0375260096139804,50.0,1005.0,293.15,constant_cp_1005_J_kgK,PASS
gsC_m,135.00050354003906,71.0,6732422.937794659,54737123.71524024,8.13037508501664,50.0,1005.0,293.15,constant_cp_1005_J_kgK,PASS
gsC_m,140.0069580078125,71.0,7980988.039575821,66292896.94025608,8.30635212225922,50.0,1005.0,293.15,constant_cp_1005_J_kgK,PASS
gsC_m,145.00625610351562,71.0,7502981.7749930145,59333910.58738972,7.908044077242205,50.0,1005.0,293.15,constant_cp_1005_J_kgK,PASS
gsC_m,150.0060272216797,71.0,7315318.3835627455,63769695.78885475,8.717282344421664,50.0,1005.0,293.15,constant_cp_1005_J_kgK,PASS
gsC_m,155.0009307861328,71.0,7554386.496809258,54413362.63567899,7.202883074444434,50.0,1005.0,293.15,constant_cp_1005_J_kgK,PASS
gsC_m,160.00619506835938,71.0,7052303.338108806,59687152.82135318,8.46349766307121,50.0,1005.0,293.15,constant_cp_1005_J_kgK,PASS
gsC_m,165.00274658203125,71.0,7909321.135474437,56331461.40533986,7.122161363847675,50.0,1005.0,293.15,constant_cp_1005_J_kgK,PASS
gsC_m,170.0027618408203,71.0,6934157.581658432,57016011.05151494,8.222485627140665,50.0,1005.0,293.15,constant_cp_1005_J_kgK,PASS
gsC_m,175.0025634765625,71.0,7660666.669076871,57693717.55881141,7.5311614577486425,50.0,1005.0,293.15,constant_cp_1005_J_kgK,PASS
gsC_m,180.00245666503906,71.0,7164933.280350543,53880034.80185475,7.519963228355237,50.0,1005.0,293.15,constant_cp_1005_J_kgK,PASS
gsC_m,185.00721740722656,71.0,7964193.978952715,61492437.98337083,7.721112537675411,50.0,1005.0,293.15,constant_cp_1005_J_kgK,PASS
gsC_m,190.00164794921875,71.0,7160858.759335103,54094879.61930704,7.55424474037941,50.0,1005.0,293.15,constant_cp_1005_J_kgK,PASS
gsC_m,195.00082397460938,71.0,6741441.63466363,53926004.00813443,7.999179838753451,50.0,1005.0,293.15,constant_cp_1005_J_kgK,PASS
gsC_m,200.00289916992188,71.0,8188521.180561824,69058740.62562284,8.433603467932244,50.0,1005.0,293.15,constant_cp_1005_J_kgK,PASS
gsC_m,205.0062255859375,71.0,7238171.289903607,58718119.27737192,8.112286505194584,50.0,1005.0,293.15,constant_cp_1005_J_kgK,PASS
gsC_m,210.00482177734375,71.0,7655035.886094814,66628267.31461479,8.703847807642992,50.0,1005.0,293.15,constant_cp_1005_J_kgK,PASS
gsC_m,215.00160217285156,71.0,7315991.905157551,58173336.138787486,7.951530960248473,50.0,1005.0,293.15,constant_cp_1005_J_kgK,PASS
gsC_m,220.0067138671875,71.0,7126341.116133636,54186192.59897485,7.6036484524015195,50.0,1005.0,293.15,constant_cp_1005_J_kgK,PASS
gsC_m,225.0027313232422,71.0,7336174.219329911,60731630.55268343,8.278378993871641,50.0,1005.0,293.15,constant_cp_1005_J_kgK,PASS
gsC_m,230.00674438476562,71.0,7147796.351324953,55886649.857863635,7.81872441672239,50.0,1005.0,293.15,constant_cp_1005_J_kgK,PASS
gsC_m,235.00157165527344,71.0,7039188.472863367,58684118.34125342,8.336773275425907,50.0,1005.0,293.15,constant_cp_1005_J_kgK,PASS
gsC_m,240.0023193359375,71.0,7214904.232314119,61083810.33158678,8.46633695538252,50.0,1005.0,293.15,constant_cp_1005_J_kgK,PASS
gsC_m,245.00656127929688,71.0,7898598.639912939,53707594.13877772,6.799635807215759,50.0,1005.0,293.15,constant_cp_1005_J_kgK,PASS
gsC_m,250.00390625,71.0,7527566.6606479585,57705904.776948616,7.665944039874022,50.0,1005.0,293.15,constant_cp_1005_J_kgK,PASS
gsC_m,255.00308227539062,71.0,7340453.234170773,63680931.087081924,8.675340480426852,50.0,1005.0,293.15,constant_cp_1005_J_kgK,PASS
gsC_m,260.0055847167969,71.0,8336688.1549268225,67101284.69836828,8.048913843408274,50.0,1005.0,293.15,constant_cp_1005_J_kgK,PASS
gsC_m,265.0028076171875,71.0,7318230.221548432,56819979.50010284,7.764169448071907,50.0,1005.0,293.15,constant_cp_1005_J_kgK,PASS
gsC_m,270.00006103515625,71.0,7020853.119383644,59107234.92099757,8.418810921682768,50.0,1005.0,293.15,constant_cp_1005_J_kgK,PASS
gsC_m,275.0021057128906,71.0,7549373.692859694,60478439.262870625,8.011053860013844,50.0,1005.0,293.15,constant_cp_1005_J_kgK,PASS
gsC_m,280.0018005371094,71.0,6675666.520646254,53724886.54364808,8.047868535297523,50.0,1005.0,293.15,constant_cp_1005_J_kgK,PASS
gsC_m,285.0030517578125,71.0,7032410.984537479,59023138.19788188,8.393016040680651,50.0,1005.0,293.15,constant_cp_1005_J_kgK,PASS
gsC_m,290.00555419921875,71.0,8296470.330629351,64885973.21143995,7.820913066113243,50.0,1005.0,293.15,constant_cp_1005_J_kgK,PASS
gsC_m,295.0043640136719,71.0,7138885.552973995,57880177.10646688,8.107732877487372,50.0,1005.0,293.15,constant_cp_1005_J_kgK,PASS
gsC_m,300.0,71.0,7954718.574045875,56652689.97283824,7.121897455641089,50.0,1005.0,293.15,constant_cp_1005_J_kgK,PASS
gsC_m,0.0,78.0,0.0,0.0,0.0,50.0,1005.0,293.15,constant_cp_1005_J_kgK,NEAR_ZERO_C_T_REVIEW
gsC_m,5.003993511199951,78.0,376.66165404726354,1652.625840574111,4.387560620551918,50.0,1005.0,293.15,constant_cp_1005_J_kgK,PASS
gsC_m,10.003931045532227,78.0,3157656.7414080976,21198345.728569724,6.71331543121331,50.0,1005.0,293.15,constant_cp_1005_J_kgK,PASS
gsC_m,15.00706672668457,78.0,6096106.189607944,42721099.1291933,7.007932244031463,50.0,1005.0,293.15,constant_cp_1005_J_kgK,PASS
gsC_m,20.005443572998047,78.0,6704867.277416746,52216552.36495572,7.787857716562248,50.0,1005.0,293.15,constant_cp_1005_J_kgK,PASS
gsC_m,25.003950119018555,78.0,7010179.5078190565,53848949.586866766,7.681536475179329,50.0,1005.0,293.15,constant_cp_1005_J_kgK,PASS
gsC_m,30.00198745727539,78.0,6775212.782972348,52480568.28386541,7.745966062610021,50.0,1005.0,293.15,constant_cp_1005_J_kgK,PASS
gsC_m,35.00673294067383,78.0,6506513.192310801,45323176.55227676,6.965816438494016,50.0,1005.0,293.15,constant_cp_1005_J_kgK,PASS
gsC_m,40.006736755371094,78.0,8304214.018108277,56954422.085654125,6.858496416573389,50.0,1005.0,293.15,constant_cp_1005_J_kgK,PASS
gsC_m,45.00355911254883,78.0,7810690.962739937,65755784.449445546,8.418689814144031,50.0,1005.0,293.15,constant_cp_1005_J_kgK,PASS
gsC_m,50.002662658691406,78.0,6975535.460158151,51465192.19307389,7.377955783756715,50.0,1005.0,293.15,constant_cp_1005_J_kgK,PASS
gsC_m,55.007408142089844,78.0,6748647.611996046,49724821.19699967,7.368116407294907,50.0,1005.0,293.15,constant_cp_1005_J_kgK,PASS
gsC_m,60.00221252441406,78.0,7910003.929472833,66126396.374076724,8.359843681959303,50.0,1005.0,293.15,constant_cp_1005_J_kgK,PASS
gsC_m,65.00850677490234,78.0,7406811.145688884,57189063.53501417,7.721145093364627,50.0,1005.0,293.15,constant_cp_1005_J_kgK,PASS
gsC_m,70.00285339355469,78.0,6923117.303578525,58465279.40081051,8.444935545233372,50.0,1005.0,293.15,constant_cp_1005_J_kgK,PASS
gsC_m,75.0063247680664,78.0,7043107.331639077,51592686.94930635,7.325273422647054,50.0,1005.0,293.15,constant_cp_1005_J_kgK,PASS
gsC_m,80.00141143798828,78.0,7659409.041989407,58788319.64654879,7.6753074975193485,50.0,1005.0,293.15,constant_cp_1005_J_kgK,PASS
gsC_m,85.00379180908203,78.0,7391874.905941986,59040262.119616136,7.987183613207036,50.0,1005.0,293.15,constant_cp_1005_J_kgK,PASS
gsC_m,90.0025634765625,78.0,6748568.847799574,50787721.567688756,7.525702517541701,50.0,1005.0,293.15,constant_cp_1005_J_kgK,PASS
gsC_m,95.00758361816406,78.0,6857437.039849119,53014326.45285319,7.730924271675067,50.0,1005.0,293.15,constant_cp_1005_J_kgK,PASS
gsC_m,100.00171661376953,78.0,7180335.307615772,61324602.61617504,8.540632155594674,50.0,1005.0,293.15,constant_cp_1005_J_kgK,PASS
gsC_m,105.0053482055664,78.0,7184012.807628007,58984480.13460466,8.210519902188198,50.0,1005.0,293.15,constant_cp_1005_J_kgK,PASS
gsC_m,110.00281524658203,78.0,7814868.777220679,58117597.41583641,7.436797606281195,50.0,1005.0,293.15,constant_cp_1005_J_kgK,PASS
gsC_m,115.00247192382812,78.0,7785171.723942807,60504627.77314067,7.771778185324092,50.0,1005.0,293.15,constant_cp_1005_J_kgK,PASS
gsC_m,120.0017318725586,78.0,7054707.200326864,54810805.530518845,7.769394813151041,50.0,1005.0,293.15,constant_cp_1005_J_kgK,PASS
gsC_m,125.00382995605469,78.0,7289878.624020276,55617564.37503953,7.62942255194465,50.0,1005.0,293.15,constant_cp_1005_J_kgK,PASS
gsC_m,130.0030975341797,78.0,7412993.95286573,51111200.47342716,6.894812109440409,50.0,1005.0,293.15,constant_cp_1005_J_kgK,PASS
gsC_m,135.00050354003906,78.0,7698839.742246242,63390618.72525053,8.23378857692074,50.0,1005.0,293.15,constant_cp_1005_J_kgK,PASS
gsC_m,140.0069580078125,78.0,6925488.598842809,55131718.92584625,7.960697377374687,50.0,1005.0,293.15,constant_cp_1005_J_kgK,PASS
gsC_m,145.00625610351562,78.0,6621548.61117452,50262918.94722807,7.59081023167366,50.0,1005.0,293.15,constant_cp_1005_J_kgK,PASS
gsC_m,150.0060272216797,78.0,6809728.549132582,56965159.67192206,8.365261443376951,50.0,1005.0,293.15,constant_cp_1005_J_kgK,PASS
gsC_m,155.0009307861328,78.0,7032372.598012121,49050368.94179532,6.97493886425481,50.0,1005.0,293.15,constant_cp_1005_J_kgK,PASS
gsC_m,160.00619506835938,78.0,7903617.7544723,67466984.47692576,8.536215512035515,50.0,1005.0,293.15,constant_cp_1005_J_kgK,PASS
gsC_m,165.00274658203125,78.0,6589938.8941559605,45062160.55713853,6.838024036474786,50.0,1005.0,293.15,constant_cp_1005_J_kgK,PASS
gsC_m,170.0027618408203,78.0,8150969.377608608,67252064.73612283,8.250805716540887,50.0,1005.0,293.15,constant_cp_1005_J_kgK,PASS
gsC_m,175.0025634765625,78.0,7069318.779087222,51933321.35497917,7.3462978510193455,50.0,1005.0,293.15,constant_cp_1005_J_kgK,PASS
gsC_m,180.00245666503906,78.0,7404309.010025257,54767436.90984185,7.396697900599238,50.0,1005.0,293.15,constant_cp_1005_J_kgK,PASS
gsC_m,185.00721740722656,78.0,7429450.445479143,56645332.50195384,7.6244310285995365,50.0,1005.0,293.15,constant_cp_1005_J_kgK,PASS
gsC_m,190.00164794921875,78.0,7283047.256668877,53768774.649964,7.382730436182392,50.0,1005.0,293.15,constant_cp_1005_J_kgK,PASS
gsC_m,195.00082397460938,78.0,7420612.183086298,58318196.846577294,7.858946864182064,50.0,1005.0,293.15,constant_cp_1005_J_kgK,PASS
gsC_m,200.00289916992188,78.0,7063847.369749869,57400343.30570814,8.125931988779746,50.0,1005.0,293.15,constant_cp_1005_J_kgK,PASS
gsC_m,205.0062255859375,78.0,7220323.904396855,57193718.75606809,7.92121233248825,50.0,1005.0,293.15,constant_cp_1005_J_kgK,PASS
gsC_m,210.00482177734375,78.0,7004231.551625647,59136251.49220267,8.442932112727975,50.0,1005.0,293.15,constant_cp_1005_J_kgK,PASS
gsC_m,215.00160217285156,78.0,7503338.204537377,60133034.06325253,8.014170816249388,50.0,1005.0,293.15,constant_cp_1005_J_kgK,PASS
gsC_m,220.0067138671875,78.0,7947942.3508926835,60158780.272393726,7.569101236074882,50.0,1005.0,293.15,constant_cp_1005_J_kgK,PASS
gsC_m,225.0027313232422,78.0,7418266.8474416975,56579280.341666885,7.627021446549756,50.0,1005.0,293.15,constant_cp_1005_J_kgK,PASS
gsC_m,230.00674438476562,78.0,7414339.035849223,57427626.01451963,7.745481523956503,50.0,1005.0,293.15,constant_cp_1005_J_kgK,PASS
gsC_m,235.00157165527344,78.0,7372589.379162771,59987240.31136023,8.136522628115275,50.0,1005.0,293.15,constant_cp_1005_J_kgK,PASS
gsC_m,240.0023193359375,78.0,7021750.025832865,57715659.58180409,8.219554864452512,50.0,1005.0,293.15,constant_cp_1005_J_kgK,PASS
gsC_m,245.00656127929688,78.0,6868785.730852435,45178391.66173877,6.577347646587892,50.0,1005.0,293.15,constant_cp_1005_J_kgK,PASS
gsC_m,250.00390625,78.0,7037389.377891934,54286027.86155406,7.7139440418196035,50.0,1005.0,293.15,constant_cp_1005_J_kgK,PASS
gsC_m,255.00308227539062,78.0,7792688.562573421,65341969.787642606,8.385035442256193,50.0,1005.0,293.15,constant_cp_1005_J_kgK,PASS
gsC_m,260.0055847167969,78.0,7334826.989616908,57111227.54221842,7.7863087463500325,50.0,1005.0,293.15,constant_cp_1005_J_kgK,PASS
gsC_m,265.0028076171875,78.0,7365796.044434424,57339701.12190752,7.784589849624365,50.0,1005.0,293.15,constant_cp_1005_J_kgK,PASS
gsC_m,270.00006103515625,78.0,7473750.277054338,62396298.55178445,8.348726708644723,50.0,1005.0,293.15,constant_cp_1005_J_kgK,PASS
gsC_m,275.0021057128906,78.0,7270249.649830338,54694095.35222632,7.523000995365088,50.0,1005.0,293.15,constant_cp_1005_J_kgK,PASS
gsC_m,280.0018005371094,78.0,8070704.718774432,66669934.563115135,8.260732722388488,50.0,1005.0,293.15,constant_cp_1005_J_kgK,PASS
gsC_m,285.0030517578125,78.0,7248522.963126287,60500020.13516522,8.346530795712836,50.0,1005.0,293.15,constant_cp_1005_J_kgK,PASS
gsC_m,290.00555419921875,78.0,7426105.926822571,55383202.684120625,7.457906368407754,50.0,1005.0,293.15,constant_cp_1005_J_kgK,PASS
gsC_m,295.0043640136719,78.0,7788892.780020291,63644906.3549418,8.171239244453432,50.0,1005.0,293.15,constant_cp_1005_J_kgK,PASS
gsC_m,300.0,78.0,7580285.324840563,52030481.553851224,6.863921254170677,50.0,1005.0,293.15,constant_cp_1005_J_kgK,PASS
gsC_m,0.0,85.0,0.0,0.0,0.0,50.0,1005.0,293.15,constant_cp_1005_J_kgK,NEAR_ZERO_C_T_REVIEW
gsC_m,5.003993511199951,85.0,36.35729877654654,158.6379933437688,4.3633052695801515,50.0,1005.0,293.15,constant_cp_1005_J_kgK,PASS
gsC_m,10.003931045532227,85.0,3925489.1126985066,27321016.419161983,6.959901208433269,50.0,1005.0,293.15,constant_cp_1005_J_kgK,PASS
gsC_m,15.00706672668457,85.0,5903414.613259503,38628647.7345981,6.543441425888555,50.0,1005.0,293.15,constant_cp_1005_J_kgK,PASS
gsC_m,20.005443572998047,85.0,6675453.900652107,51983392.06154628,7.787244558226694,50.0,1005.0,293.15,constant_cp_1005_J_kgK,PASS
gsC_m,25.003950119018555,85.0,7569363.751829339,57828577.33430258,7.639820099850104,50.0,1005.0,293.15,constant_cp_1005_J_kgK,PASS
gsC_m,30.00198745727539,85.0,7412240.544309842,58950220.157390796,7.95309054057145,50.0,1005.0,293.15,constant_cp_1005_J_kgK,PASS
gsC_m,35.00673294067383,85.0,7711510.476314591,53642217.53291327,6.956123278010434,50.0,1005.0,293.15,constant_cp_1005_J_kgK,PASS
gsC_m,40.006736755371094,85.0,6357069.578487715,40807734.751328126,6.419268225318982,50.0,1005.0,293.15,constant_cp_1005_J_kgK,PASS
gsC_m,45.00355911254883,85.0,7168324.335982997,58519722.157079816,8.163654351314303,50.0,1005.0,293.15,constant_cp_1005_J_kgK,PASS
gsC_m,50.002662658691406,85.0,7233480.638314744,53990572.10559538,7.463982390388217,50.0,1005.0,293.15,constant_cp_1005_J_kgK,PASS
gsC_m,55.007408142089844,85.0,7397925.139528658,54619504.920517765,7.383084295983794,50.0,1005.0,293.15,constant_cp_1005_J_kgK,PASS
gsC_m,60.00221252441406,85.0,7037723.75962618,56870618.02880752,8.080825558266625,50.0,1005.0,293.15,constant_cp_1005_J_kgK,PASS
gsC_m,65.00850677490234,85.0,7482725.204492515,56248230.339886785,7.517078177094649,50.0,1005.0,293.15,constant_cp_1005_J_kgK,PASS
gsC_m,70.00285339355469,85.0,7205844.411544317,60854930.50518824,8.445218496210375,50.0,1005.0,293.15,constant_cp_1005_J_kgK,PASS
gsC_m,75.0063247680664,85.0,7439004.458270725,55455380.28012385,7.454677650914466,50.0,1005.0,293.15,constant_cp_1005_J_kgK,PASS
gsC_m,80.00141143798828,85.0,6781757.337683892,50649214.98118983,7.4684499104309685,50.0,1005.0,293.15,constant_cp_1005_J_kgK,PASS
gsC_m,85.00379180908203,85.0,6938760.055707358,55398102.42827025,7.983861955667927,50.0,1005.0,293.15,constant_cp_1005_J_kgK,PASS
gsC_m,90.0025634765625,85.0,7503962.412030578,56714877.5266999,7.5579906204984315,50.0,1005.0,293.15,constant_cp_1005_J_kgK,PASS
gsC_m,95.00758361816406,85.0,7609078.311950196,58700126.03990963,7.7144857278863865,50.0,1005.0,293.15,constant_cp_1005_J_kgK,PASS
gsC_m,100.00171661376953,85.0,7292427.204016464,62214099.0569988,8.531329462258192,50.0,1005.0,293.15,constant_cp_1005_J_kgK,PASS
gsC_m,105.0053482055664,85.0,7294139.136711808,60315038.18253589,8.268972808452054,50.0,1005.0,293.15,constant_cp_1005_J_kgK,PASS
gsC_m,110.00281524658203,85.0,7217440.985774436,52477176.086446,7.27088398642655,50.0,1005.0,293.15,constant_cp_1005_J_kgK,PASS
gsC_m,115.00247192382812,85.0,7007003.815634884,52050446.34887202,7.4283456550616815,50.0,1005.0,293.15,constant_cp_1005_J_kgK,PASS
gsC_m,120.0017318725586,85.0,6777543.968869451,52385034.15955627,7.729206095920689,50.0,1005.0,293.15,constant_cp_1005_J_kgK,PASS
gsC_m,125.00382995605469,85.0,6953219.982362259,52733923.681006394,7.584101152383039,50.0,1005.0,293.15,constant_cp_1005_J_kgK,PASS
gsC_m,130.0030975341797,85.0,7520230.794121132,50820473.493166775,6.757834285205074,50.0,1005.0,293.15,constant_cp_1005_J_kgK,PASS
gsC_m,135.00050354003906,85.0,7218826.188831525,58265993.07880254,8.07139437280644,50.0,1005.0,293.15,constant_cp_1005_J_kgK,PASS
gsC_m,140.0069580078125,85.0,7196698.315005034,56859218.669765234,7.900736724118948,50.0,1005.0,293.15,constant_cp_1005_J_kgK,PASS
gsC_m,145.00625610351562,85.0,7729944.327594498,59068600.305762105,7.641529848397215,50.0,1005.0,293.15,constant_cp_1005_J_kgK,PASS
gsC_m,150.0060272216797,85.0,7227223.567382095,61151385.46633717,8.46125554249153,50.0,1005.0,293.15,constant_cp_1005_J_kgK,PASS
gsC_m,155.0009307861328,85.0,7644918.0482308585,53539148.30606498,7.003233778085389,50.0,1005.0,293.15,constant_cp_1005_J_kgK,PASS
gsC_m,160.00619506835938,85.0,7141522.697729075,59635935.42487908,8.350591036256544,50.0,1005.0,293.15,constant_cp_1005_J_kgK,PASS
gsC_m,165.00274658203125,85.0,8065252.068966728,54968035.54472561,6.815414456323097,50.0,1005.0,293.15,constant_cp_1005_J_kgK,PASS
gsC_m,170.0027618408203,85.0,6912047.749260135,56104563.53350441,8.116923604804356,50.0,1005.0,293.15,constant_cp_1005_J_kgK,PASS
gsC_m,175.0025634765625,85.0,7584919.87963857,55138489.35702506,7.269488700209244,50.0,1005.0,293.15,constant_cp_1005_J_kgK,PASS
gsC_m,180.00245666503906,85.0,6987777.143314883,51091147.61538391,7.311502151190117,50.0,1005.0,293.15,constant_cp_1005_J_kgK,PASS
gsC_m,185.00721740722656,85.0,7561219.098721898,57100788.37229019,7.551796559094835,50.0,1005.0,293.15,constant_cp_1005_J_kgK,PASS
gsC_m,190.00164794921875,85.0,7522909.254858556,54114208.46873974,7.193255512658337,50.0,1005.0,293.15,constant_cp_1005_J_kgK,PASS
gsC_m,195.00082397460938,85.0,7370443.665442761,57170287.13070689,7.756695488869532,50.0,1005.0,293.15,constant_cp_1005_J_kgK,PASS
gsC_m,200.00289916992188,85.0,7175088.71113609,58237581.69666829,8.116635771524427,50.0,1005.0,293.15,constant_cp_1005_J_kgK,PASS
gsC_m,205.0062255859375,85.0,7296901.793431064,56335684.8100504,7.720493766377097,50.0,1005.0,293.15,constant_cp_1005_J_kgK,PASS
gsC_m,210.00482177734375,85.0,7406644.2153041065,62295160.315384686,8.410713206213716,50.0,1005.0,293.15,constant_cp_1005_J_kgK,PASS
gsC_m,215.00160217285156,85.0,7362187.29118294,58201692.56620331,7.905489260767174,50.0,1005.0,293.15,constant_cp_1005_J_kgK,PASS
gsC_m,220.0067138671875,85.0,7129775.120128877,52897445.27743605,7.419230534788574,50.0,1005.0,293.15,constant_cp_1005_J_kgK,PASS
gsC_m,225.0027313232422,85.0,7729246.675370292,59252763.60266231,7.666046393819308,50.0,1005.0,293.15,constant_cp_1005_J_kgK,PASS
gsC_m,230.00674438476562,85.0,6982075.482675911,53303589.236888,7.634347318235975,50.0,1005.0,293.15,constant_cp_1005_J_kgK,PASS
gsC_m,235.00157165527344,85.0,7335330.981327258,58710604.42205687,8.003811221539964,50.0,1005.0,293.15,constant_cp_1005_J_kgK,PASS
gsC_m,240.0023193359375,85.0,7753954.238818022,63875771.53192014,8.237831893841182,50.0,1005.0,293.15,constant_cp_1005_J_kgK,PASS
gsC_m,245.00656127929688,85.0,7480752.700553202,48248760.08308083,6.449719969958748,50.0,1005.0,293.15,constant_cp_1005_J_kgK,PASS
gsC_m,250.00390625,85.0,7225868.831941912,55014568.180087075,7.6135575471416645,50.0,1005.0,293.15,constant_cp_1005_J_kgK,PASS
gsC_m,255.00308227539062,85.0,7458066.26582633,62020770.40230374,8.315931796756708,50.0,1005.0,293.15,constant_cp_1005_J_kgK,PASS
gsC_m,260.0055847167969,85.0,7425441.012019447,57915778.95234422,7.79964164533754,50.0,1005.0,293.15,constant_cp_1005_J_kgK,PASS
gsC_m,265.0028076171875,85.0,7284140.322814591,54298798.46642899,7.454386661986755,50.0,1005.0,293.15,constant_cp_1005_J_kgK,PASS
gsC_m,270.00006103515625,85.0,7222567.846530045,58858856.50471437,8.149297833594192,50.0,1005.0,293.15,constant_cp_1005_J_kgK,PASS
gsC_m,275.0021057128906,85.0,7982898.402700637,60023232.0080418,7.518977316275974,50.0,1005.0,293.15,constant_cp_1005_J_kgK,PASS
gsC_m,280.0018005371094,85.0,7295017.556047533,58676014.3751102,8.043299954291141,50.0,1005.0,293.15,constant_cp_1005_J_kgK,PASS
gsC_m,285.0030517578125,85.0,7955793.993621981,65772292.00218096,8.267219092765528,50.0,1005.0,293.15,constant_cp_1005_J_kgK,PASS
gsC_m,290.00555419921875,85.0,8187063.121209721,60531822.91859993,7.393594262365445,50.0,1005.0,293.15,constant_cp_1005_J_kgK,PASS
gsC_m,295.0043640136719,85.0,7356372.94745074,59807111.6941641,8.129972762581254,50.0,1005.0,293.15,constant_cp_1005_J_kgK,PASS
gsC_m,300.0,85.0,8288941.507500705,56428734.38942433,6.807712943608261,50.0,1005.0,293.15,constant_cp_1005_J_kgK,PASS
