s,C,C,C,C,C,C,C,C,C,C,C,C,C,C,C,C,C,C,C,C,C,C,C,m/s,m/s,m/s,m/s,m/s,m/s,m/s,m/s,m/s,m/s,m/s,m/s,m/s,m/s,m/s,m/s,m/s,m/s,m/s,m/s,m/s,m/s,m/s,kW,kW/m2,kW/m2,kW/m2
Time,"T_1500","T_2000","T_2500","T_3000","T_3250","T_3500","T_3750","T_4000","T_4250","T_4500","T_4750","T_5000","T_5250","T_5500","T_5750","T_6000","T_6250","T_6500","T_6750","T_7000","T_7500","T_8000","T_8500","U_1500","U_2000","U_2500","U_3000","U_3250","U_3500","U_3750","U_4000","U_4250","U_4500","U_4750","U_5000","U_5250","U_5500","U_5750","U_6000","U_6250","U_6500","U_6750","U_7000","U_7500","U_8000","U_8500","HRR_tot","Qw_4000","Qw_5000","Qw_6000"
 0.0000000E+000, 2.0000000E+001, 2.0000000E+001, 2.0000000E+001, 2.0000000E+001, 2.0000000E+001, 2.0000000E+001, 2.0000000E+001, 2.0000000E+001, 2.0000000E+001, 2.0000000E+001, 2.0000000E+001, 2.0000000E+001, 2.0000000E+001, 2.0000000E+001, 2.0000000E+001, 2.0000000E+001, 2.0000000E+001, 2.0000000E+001, 2.0000000E+001, 2.0000000E+001, 2.0000000E+001, 2.0000000E+001, 2.0000000E+001,-6.7139336E-003, 4.4367808E-003, 4.8230538E-003, 1.9864476E-003, 2.9951289E-003, 9.9238292E-003,-6.7557007E-003, 1.7820275E-003, 9.9994853E-004, 5.6087491E-003,-6.0859960E-003, 5.5986048E-003,-4.0673405E-004, 0.0000000E+000,-7.8219166E-003, 2.3037148E-003,-3.4263039E-003, 1.1194810E-002, 7.3608998E-003, 5.9097566E-003, 1.0786167E-003,-5.4917364E-003,-3.7825009E-003, 0.0000000E+000,-1.2108410E-003,-1.1845249E-003,-1.2474292E-003
 1.0710652E+000, 1.9999981E+001, 1.9999960E+001, 1.9999990E+001, 1.9999962E+001, 1.9999978E+001, 1.9999978E+001, 1.9999974E+001, 1.9999993E+001, 1.9999977E+001, 1.9999966E+001, 1.9999965E+001, 1.9999978E+001, 1.9999968E+001, 1.9999972E+001, 1.9999967E+001, 1.9999987E+001, 1.9999972E+001, 1.9999989E+001, 1.9999982E+001, 1.9999979E+001, 1.9999971E+001, 1.9999965E+001, 1.9999976E+001,-1.2281266E-003, 4.8879530E-003, 4.8604223E-003, 2.0045031E-003, 2.9197776E-003, 9.7889037E-003,-7.9585310E-003,-3.3123143E-004,-3.0315609E-003, 8.9855408E-004,-2.8341199E-002, 3.1030953E-003, 1.6637954E-002, 1.5079628E-002,-3.8954732E-003, 4.3057493E-003,-2.4333952E-003, 1.1339437E-002, 7.3924082E-003, 5.8967308E-003, 1.0799995E-003,-5.5118178E-003,-3.8159954E-003, 2.8762941E+003,-2.0893475E-004,-2.0028070E-004,-2.0091471E-004
 2.1390958E+000, 1.9999946E+001, 1.9999861E+001, 1.9999972E+001, 1.9999864E+001, 1.9999925E+001, 1.9999927E+001, 1.9999911E+001, 1.9999986E+001, 1.9999926E+001, 1.9999865E+001, 1.9999816E+001, 1.9999844E+001, 1.9999832E+001, 1.9999902E+001, 1.9999892E+001, 1.9999960E+001, 1.9999908E+001, 1.9999970E+001, 1.9999940E+001, 1.9999929E+001, 1.9999898E+001, 1.9999879E+001, 1.9999917E+001, 6.7679687E-002, 1.7097343E-002, 8.0327596E-003, 9.8890527E-004, 3.4057862E-004, 4.4613244E-003,-3.0699020E-002,-3.2855533E-002,-4.9147547E-002,-5.4676705E-002,-8.9189648E-002, 6.6473853E-004, 7.2904855E-002, 8.1994636E-002, 4.0344098E-002, 3.4513750E-002, 1.7866886E-002, 1.6629330E-002, 9.9777087E-003, 7.1477180E-003, 1.1904548E-003,-5.5195534E-003,-3.8638882E-003, 1.1988982E+004,-1.6854519E-004,-1.6011672E-004,-1.5965534E-004
 3.0615312E+000, 1.9999984E+001, 1.9999816E+001, 1.9999977E+001, 1.9999798E+001, 1.9999898E+001, 1.9999904E+001, 1.9999880E+001, 1.9999994E+001, 1.9999911E+001, 1.9999781E+001, 1.9999656E+001, 1.9999695E+001, 1.9999679E+001, 1.9999853E+001, 1.9999856E+001, 1.9999946E+001, 1.9999878E+001, 1.9999972E+001, 1.9999916E+001, 1.9999903E+001, 1.9999850E+001, 1.9999823E+001, 1.9999876E+001, 2.8472461E-001, 9.0070730E-002, 3.7188442E-002,-7.1485033E-003,-1.6281920E-002,-2.1647706E-002,-8.1538098E-002,-9.0708205E-002,-1.1287566E-001,-1.3762869E-001,-1.3735440E-001, 3.5278923E-003, 1.2287798E-001, 1.6065644E-001, 1.0234970E-001, 8.8893849E-002, 6.7969771E-002, 4.3386115E-002, 2.8674883E-002, 1.9831426E-002, 3.4643709E-003,-4.8779932E-003,-3.8411598E-003, 1.8609383E+004,-9.9997078E-005,-9.3346623E-005,-9.5791509E-005
 4.0151894E+000, 2.0000091E+001, 1.9999848E+001, 2.0000020E+001, 1.9999774E+001, 1.9999904E+001, 1.9999904E+001, 1.9999885E+001, 2.0000015E+001, 1.9999973E+001, 2.0000582E+001, 2.0121742E+001, 2.0132540E+001, 2.0101571E+001, 2.0055499E+001, 1.9999894E+001, 1.9999937E+001, 1.9999875E+001, 1.9999992E+001, 1.9999892E+001, 1.9999900E+001, 1.9999824E+001, 1.9999789E+001, 1.9999852E+001, 7.7848141E-001, 4.4055715E-001, 2.9155042E-001, 5.8520528E-002, 1.2175204E-002,-2.3312768E-002,-1.5070969E-001,-1.9642605E-001,-2.9322849E-001,-4.5780552E-001,-3.1367973E-001,-1.1300575E-003, 2.9950987E-001, 5.0268394E-001, 3.0651411E-001, 2.2160508E-001, 1.7722071E-001, 1.2809884E-001, 1.0584219E-001, 8.9488666E-002, 4.0052469E-002, 1.9063896E-002, 4.7578504E-003, 2.3720322E+004, 1.5771244E-003, 4.9150759E+000, 1.7666864E-006
 5.0081826E+000, 2.0000145E+001, 1.9999981E+001, 2.0000091E+001, 2.0000517E+001, 2.0000799E+001, 2.0000924E+001, 2.0014789E+001, 2.0024972E+001, 2.0054837E+001, 2.3919897E+001, 2.1457812E+001, 2.1626697E+001, 2.2803107E+001, 2.0865378E+001, 2.0093747E+001, 2.0046950E+001, 2.0023479E+001, 2.0001237E+001, 2.0000750E+001, 2.0000659E+001, 1.9999822E+001, 1.9999776E+001, 1.9999892E+001, 1.4500473E+000, 1.1617366E+000, 1.0251706E+000, 7.3478495E-001, 6.6223439E-001, 6.0015383E-001, 3.7219618E-001, 2.5991130E-001,-3.8843274E-002,-7.4471511E-001,-4.8476197E-001, 3.5966256E-001, 1.0431007E+000, 1.8480826E+000, 1.2830980E+000, 9.4285280E-001, 8.3006982E-001, 7.0960207E-001, 6.6547340E-001, 6.2890252E-001, 4.9913205E-001, 4.4266578E-001, 3.6546979E-001, 3.4716662E+004, 3.7098620E-001, 1.7654185E+001, 5.1667990E-001
 6.0092002E+000, 2.0000283E+001, 2.0000829E+001, 2.0002873E+001, 2.0015038E+001, 2.0021841E+001, 2.0028981E+001, 2.0056845E+001, 2.0137060E+001, 2.0288757E+001, 9.3983017E+001, 5.1016624E+001, 2.3535532E+002, 2.0395923E+002, 1.9234530E+002, 9.0153953E+001, 3.0966151E+001, 2.0171021E+001, 2.0070935E+001, 2.0029728E+001, 2.0019852E+001, 2.0005356E+001, 2.0001109E+001, 2.0000006E+001, 2.3779439E+000, 2.3353200E+000, 2.3205133E+000, 2.2748797E+000, 2.2708423E+000, 2.2608456E+000, 2.2121161E+000, 2.1602120E+000, 1.8750492E+000, 5.2616263E-001,-3.3929664E-001,-1.3210532E+000, 3.0683133E+000, 6.4015454E+000, 6.7422258E+000, 4.7844003E+000, 3.8600912E+000, 3.6219213E+000, 3.5779769E+000, 3.5630284E+000, 3.5356120E+000, 3.5195953E+000, 3.5056412E+000, 3.8912731E+004, 6.6948169E-001, 3.1258649E+001, 8.1069580E-001
 7.0149124E+000, 2.0000567E+001, 2.0001578E+001, 2.0007055E+001, 2.0021529E+001, 2.0040078E+001, 2.0064136E+001, 2.0094085E+001, 2.0158604E+001, 2.0326085E+001, 3.0221241E+001, 7.3874164E+001, 2.0399371E+002, 2.2016088E+002, 3.5558192E+002, 4.5378084E+002, 3.2141873E+002, 1.8886554E+002, 1.2591472E+002, 7.6928231E+001, 2.2254919E+001, 2.0037025E+001, 2.0012405E+001, 2.0002648E+001, 3.2047887E+000, 3.3607990E+000, 3.4358531E+000, 3.5766945E+000, 3.6069163E+000, 3.6491665E+000, 3.7454008E+000, 3.7942744E+000, 3.6716415E+000, 3.3319091E+000, 2.6929511E+000, 5.1717940E-001, 2.2393919E+000, 3.6800889E+000, 7.5644584E+000, 1.1291207E+001, 1.0714143E+001, 8.5740393E+000, 7.5944721E+000, 6.4223808E+000, 6.1702567E+000, 6.1873725E+000, 6.2328107E+000, 4.4681483E+004, 4.0119527E-001, 1.3758823E+001, 1.2022549E+001
 8.0106375E+000, 2.0000657E+001, 2.0001704E+001, 2.0006548E+001, 2.0024473E+001, 2.0040729E+001, 2.0069699E+001, 2.0116137E+001, 2.0182729E+001, 2.0314151E+001, 2.0648751E+001, 2.5712452E+001, 1.1698706E+002, 1.4727336E+002, 1.7197169E+002, 2.9945792E+002, 3.1704344E+002, 3.3697721E+002, 2.8778486E+002, 2.1046679E+002, 1.7542005E+002, 5.1855634E+001, 2.0040752E+001, 2.0011959E+001, 3.0143035E+000, 2.8757308E+000, 2.8068247E+000, 2.6789455E+000, 2.6405784E+000, 2.6053724E+000, 2.4686297E+000, 2.5622013E+000, 2.3925745E+000, 2.4764960E+000, 2.5606700E+000, 1.1211360E+000, 4.2391352E-001,-4.7213280E-001, 5.5423843E-001, 2.9493147E+000, 6.5515478E+000, 7.1735961E+000, 6.9249136E+000, 6.8274337E+000, 5.2507475E+000, 3.4447206E+000, 3.3871014E+000, 4.4313553E+004, 4.7927240E-001, 1.7837190E+001, 1.4265306E+001
 9.0072140E+000, 2.0000712E+001, 2.0002018E+001, 2.0007839E+001, 2.0031403E+001, 2.0053723E+001, 2.0085603E+001, 2.0145368E+001, 2.0264435E+001, 2.0486663E+001, 2.0987467E+001, 2.2349382E+001, 4.9290938E+001, 1.3581578E+002, 1.4268050E+002, 1.4089559E+002, 1.9458346E+002, 2.4387746E+002, 2.4760263E+002, 2.7282100E+002, 2.4641241E+002, 1.7431267E+002, 5.8797016E+001, 2.0030149E+001, 3.3850231E+000, 3.1914746E+000, 3.1151806E+000, 2.9455307E+000, 2.9066110E+000, 2.9031264E+000, 2.6586841E+000, 2.7039208E+000, 2.7046272E+000, 2.4525825E+000, 2.1013533E+000, 2.0857461E+000, 7.3580714E-001, 1.5185196E-001, 1.9983812E+000, 3.5038560E+000, 6.0972743E+000, 6.8528975E+000, 6.6754687E+000, 6.8642825E+000, 6.5072404E+000, 5.2562870E+000, 3.5502936E+000, 5.4174831E+004, 8.4721113E-001, 2.4703462E+001, 8.1670413E+000
 1.0000526E+001, 2.0000565E+001, 2.0002629E+001, 2.0010323E+001, 2.0033604E+001, 2.0059126E+001, 2.0096493E+001, 2.0150379E+001, 2.0252715E+001, 2.0477187E+001, 2.0954005E+001, 2.1940969E+001, 2.4530176E+001, 7.8339229E+001, 1.1800553E+002, 2.2559961E+002, 3.1798432E+002, 3.6052566E+002, 3.4824647E+002, 2.8396081E+002, 2.3829213E+002, 2.2864386E+002, 1.9642451E+002, 1.2113134E+002, 4.3820572E+000, 4.4763243E+000, 4.5291456E+000, 4.6530628E+000, 4.6072855E+000, 4.7179204E+000, 4.7807552E+000, 4.7254401E+000, 4.8661122E+000, 4.8292806E+000, 4.9665267E+000, 4.9741175E+000, 4.2464487E+000, 3.2937003E+000, 2.9803982E+000, 4.2511844E+000, 8.0162288E+000, 1.0162944E+001, 1.1796954E+001, 1.1018605E+001, 1.1233611E+001, 1.1181073E+001, 1.0617393E+001, 6.3475319E+004, 6.5307305E-001, 1.9322845E+001, 3.5065118E+001
 1.1010888E+001, 2.0000568E+001, 2.0002301E+001, 2.0009490E+001, 2.0032374E+001, 2.0053722E+001, 2.0088306E+001, 2.0144371E+001, 2.0231922E+001, 2.0398880E+001, 2.0777627E+001, 2.1667673E+001, 2.3369948E+001, 2.6046556E+001, 4.0397488E+001, 1.2000611E+002, 1.9416607E+002, 2.1466816E+002, 4.0443771E+002, 4.8488550E+002, 4.4885278E+002, 3.0935649E+002, 2.2040258E+002, 2.1418168E+002, 4.0315776E+000, 3.8572602E+000, 3.7704231E+000, 3.6536377E+000, 3.5774780E+000, 3.5166016E+000, 3.5208562E+000, 3.4523345E+000, 3.3753655E+000, 3.4128543E+000, 3.4688945E+000, 3.7160721E+000, 3.9950635E+000, 3.4439153E+000, 2.6662941E+000, 1.2895069E+000, 2.4275066E+000, 2.1971780E+000, 6.8025692E+000, 9.5915061E+000, 8.6283165E+000, 7.0001158E+000, 6.6066093E+000, 4.9076567E+004, 5.4234322E-001, 2.2550897E+001, 1.4532045E+001
 1.2014975E+001, 2.0000508E+001, 2.0002370E+001, 2.0009853E+001, 2.0036621E+001, 2.0062627E+001, 2.0099023E+001, 2.0158946E+001, 2.0275942E+001, 2.0500533E+001, 2.0984913E+001, 2.2175127E+001, 2.4637957E+001, 2.7588529E+001, 2.9754742E+001, 6.8752920E+001, 1.5967615E+002, 1.5962208E+002, 2.6170758E+002, 2.7846200E+002, 3.1611690E+002, 3.3293031E+002, 3.3403831E+002, 2.5324502E+002, 4.0988434E+000, 3.8998870E+000, 3.8856700E+000, 3.6843396E+000, 3.7080031E+000, 3.5916791E+000, 3.4814499E+000, 3.5521681E+000, 3.4675896E+000, 3.4710257E+000, 3.3942260E+000, 3.3842220E+000, 3.3371636E+000, 3.4922507E+000, 3.1245140E+000, 2.9033903E+000, 3.1459288E+000, 1.1017087E+000, 3.4801943E+000, 6.7093042E+000, 8.7103002E+000, 9.7530777E+000, 9.0033021E+000, 6.2617266E+004, 8.5696530E-001, 2.5766178E+001, 8.1643100E+000
 1.3014839E+001, 2.0000584E+001, 2.0002812E+001, 2.0011868E+001, 2.0038256E+001, 2.0066290E+001, 2.0107379E+001, 2.0166168E+001, 2.0268458E+001, 2.0485018E+001, 2.0941298E+001, 2.1887729E+001, 2.3941605E+001, 2.7388384E+001, 3.0741912E+001, 3.9117200E+001, 8.9721287E+001, 2.0416435E+002, 2.1443788E+002, 2.0262013E+002, 2.0318455E+002, 2.1071051E+002, 2.4165468E+002, 2.8349777E+002, 4.5512806E+000, 4.6573482E+000, 4.5990108E+000, 4.6370385E+000, 4.6767223E+000, 4.7804784E+000, 4.7722223E+000, 4.8395143E+000, 4.8118743E+000, 4.9282694E+000, 5.0981082E+000, 5.3056873E+000, 5.2802703E+000, 4.9470845E+000, 4.0214577E+000, 3.6660311E+000, 3.8332194E+000, 6.1094123E+000, 6.1646869E+000, 5.7649542E+000, 8.9990682E+000, 1.1768739E+001, 1.2777702E+001, 7.6168043E+004, 7.1769101E-001, 2.1356954E+001, 3.3050586E+001
 1.4010930E+001, 2.0000787E+001, 2.0002629E+001, 2.0010933E+001, 2.0038100E+001, 2.0062710E+001, 2.0102664E+001, 2.0167013E+001, 2.0268290E+001, 2.0469299E+001, 2.0904667E+001, 2.1889584E+001, 2.3776384E+001, 2.6539683E+001, 2.9230931E+001, 3.3943445E+001, 5.0120393E+001, 3.3233178E+002, 4.0778021E+002, 4.5538097E+002, 3.6686910E+002, 2.4261173E+002, 1.8168852E+002, 1.8137699E+002, 4.0623114E+000, 3.8307577E+000, 3.6736545E+000, 3.5949903E+000, 3.4914942E+000, 3.4512437E+000, 3.3448529E+000, 3.3282166E+000, 3.2984492E+000, 3.3183396E+000, 3.3703793E+000, 3.7157771E+000, 3.9956719E+000, 4.2478203E+000, 4.1558670E+000, 3.1395038E+000,-1.7666327E+000,-1.0432964E+000, 5.9511030E+000, 6.9184773E+000, 5.7607879E+000, 4.2741777E+000, 6.5864376E+000, 5.3529436E+004, 6.2357338E-001, 2.3629863E+001, 1.8836350E+001
 1.5005417E+001, 2.0000569E+001, 2.0002763E+001, 2.0011001E+001, 2.0040459E+001, 2.0069087E+001, 2.0108787E+001, 2.0173848E+001, 2.0301502E+001, 2.0546785E+001, 2.1074292E+001, 2.2285818E+001, 2.4821898E+001, 2.8023532E+001, 3.0469003E+001, 3.4554168E+001, 5.8074658E+001, 1.2519215E+002, 2.3198122E+002, 2.4033870E+002, 2.6248913E+002, 2.9519157E+002, 2.4529533E+002, 1.7021094E+002, 4.2112444E+000, 4.0219045E+000, 4.0250558E+000, 3.8746863E+000, 3.8500311E+000, 3.8046445E+000, 3.7578088E+000, 3.7084134E+000, 3.7259825E+000, 3.7448935E+000, 3.7110745E+000, 3.7313749E+000, 3.6958646E+000, 3.7420803E+000, 4.3621333E+000, 4.8452107E+000, 5.0477947E+000, 1.7911810E+000, 3.1047627E+000, 5.4448742E+000, 7.7576129E+000, 8.6155822E+000, 6.6920450E+000, 7.0311831E+004, 8.7753691E-001, 2.4892709E+001, 1.5043940E+001
 1.6006058E+001, 2.0000699E+001, 2.0002969E+001, 2.0012500E+001, 2.0040012E+001, 2.0068889E+001, 2.0113169E+001, 2.0176547E+001, 2.0285386E+001, 2.0513635E+001, 2.0997439E+001, 2.1996170E+001, 2.4097396E+001, 2.7507483E+001, 3.0780710E+001, 3.8342578E+001, 1.4013945E+002, 2.9051742E+002, 3.5800551E+002, 4.0751109E+002, 3.7121709E+002, 1.9934665E+002, 2.0299820E+002, 2.4171797E+002, 4.4926740E+000, 4.5818930E+000, 4.5699244E+000, 4.6151910E+000, 4.5905325E+000, 4.5867781E+000, 4.6428930E+000, 4.6534404E+000, 4.6511561E+000, 4.7087135E+000, 4.9441120E+000, 5.1417828E+000, 5.3292647E+000, 5.2163875E+000, 4.5398797E+000, 3.7978616E+000, 5.7493678E+000, 8.2802901E+000, 9.5617654E+000, 8.9581723E+000, 7.0781164E+000, 8.7352337E+000, 1.0506586E+001, 8.5650334E+004, 7.0328872E-001, 2.1219962E+001, 3.9860137E+001
 1.7001865E+001, 2.0000668E+001, 2.0002771E+001, 2.0011150E+001, 2.0039003E+001, 2.0064790E+001, 2.0104887E+001, 2.0171581E+001, 2.0281820E+001, 2.0494117E+001, 2.0951858E+001, 2.1980989E+001, 2.4005063E+001, 2.6883288E+001, 2.9587480E+001, 3.3980322E+001, 4.0041000E+001, 1.7271541E+002, 3.9271585E+002, 3.7150107E+002, 3.9058105E+002, 4.5754363E+002, 2.5680704E+002, 1.8077272E+002, 4.1187243E+000, 3.9817327E+000, 3.8465731E+000, 3.7130580E+000, 3.6773073E+000, 3.6564336E+000, 3.5112033E+000, 3.4842077E+000, 3.4614010E+000, 3.4817903E+000, 3.6127296E+000, 3.8264397E+000, 4.1678393E+000, 4.4566296E+000, 4.6108370E+000, 4.2811626E+000, 2.6570059E+000,-9.5636465E-001, 2.5794257E+000, 7.2858449E+000, 8.4465622E+000, 5.5850635E+000, 4.4694503E+000, 6.1920355E+004, 6.6230597E-001, 2.3940062E+001, 2.4340404E+001
 1.8015489E+001, 2.0000583E+001, 2.0002892E+001, 2.0011777E+001, 2.0042277E+001, 2.0072417E+001, 2.0115063E+001, 2.0182227E+001, 2.0313467E+001, 2.0576130E+001, 2.1126363E+001, 2.2362437E+001, 2.4962971E+001, 2.8289029E+001, 3.1057955E+001, 4.0436606E+001, 1.2985168E+002, 2.3520937E+002, 2.4379680E+002, 2.4647680E+002, 2.4406554E+002, 2.6633246E+002, 3.6599547E+002, 2.8993832E+002, 4.2358969E+000, 4.0435024E+000, 3.9772875E+000, 3.8355559E+000, 3.7817132E+000, 3.7965720E+000, 3.7145544E+000, 3.6784569E+000, 3.6277016E+000, 3.5893745E+000, 3.6436981E+000, 3.7136714E+000, 3.6857025E+000, 3.7675910E+000, 4.1345815E+000, 4.9437468E+000, 4.8823270E+000, 3.8095290E+000, 2.4179737E-001, 4.0072751E+000, 6.4812992E+000, 6.9467276E+000, 7.5938027E+000, 7.6193436E+004, 8.8649690E-001, 2.4395628E+001, 2.5297793E+001
 1.9014381E+001, 2.0000694E+001, 2.0003135E+001, 2.0013331E+001, 2.0042713E+001, 2.0072560E+001, 2.0118296E+001, 2.0185643E+001, 2.0302238E+001, 2.0545654E+001, 2.1065437E+001, 2.2150126E+001, 2.4410544E+001, 2.7927668E+001, 3.1323172E+001, 8.8739233E+001, 3.1722821E+002, 3.0518452E+002, 4.0226528E+002, 3.9767404E+002, 3.0168690E+002, 2.3096774E+002, 1.9866830E+002, 2.6057357E+002, 4.4972532E+000, 4.5758251E+000, 4.5327193E+000, 4.5818069E+000, 4.5691246E+000, 4.5391997E+000, 4.5838560E+000, 4.5562587E+000, 4.5996561E+000, 4.6396208E+000, 4.7839859E+000, 5.0265991E+000, 5.1824438E+000, 5.0452306E+000, 4.0135633E+000, 2.7358200E+000, 4.7459551E+000, 6.2290721E+000, 8.5533604E+000, 8.6584681E+000, 9.6261249E+000, 7.5905890E+000, 8.5598099E+000, 8.6401215E+004, 7.5226022E-001, 2.2174318E+001, 3.8223045E+001
 2.0014389E+001, 2.0000863E+001, 2.0003132E+001, 2.0012624E+001, 2.0043123E+001, 2.0071151E+001, 2.0113818E+001, 2.0183059E+001, 2.0299724E+001, 2.0531146E+001, 2.1034695E+001, 2.2170412E+001, 2.4406072E+001, 2.7558991E+001, 3.0349925E+001, 3.4960551E+001, 8.6607841E+001, 2.1242568E+002, 3.8894234E+002, 4.3486425E+002, 4.2782820E+002, 3.4375767E+002, 2.5014949E+002, 1.7757376E+002, 4.0971357E+000, 3.9309180E+000, 3.8633140E+000, 3.6450263E+000, 3.6142076E+000, 3.5642394E+000, 3.4872296E+000, 3.4216240E+000, 3.3849018E+000, 3.3969877E+000, 3.4544615E+000, 3.7196313E+000, 3.9360079E+000, 4.1868044E+000, 4.4234783E+000, 3.7983180E+000, 3.2933511E+000, 2.4841237E+000, 4.0155405E+000, 5.5561795E+000, 6.0595778E+000, 6.9077652E+000, 4.5478313E+000, 6.6225792E+004, 7.0275114E-001, 2.5219962E+001, 2.1611086E+001
 2.1008900E+001, 2.0001961E+001, 2.0003232E+001, 2.0012866E+001, 2.0045100E+001, 2.0077028E+001, 2.0122358E+001, 2.0193202E+001, 2.0331208E+001, 2.0606280E+001, 2.1196165E+001, 2.2522024E+001, 2.5323458E+001, 2.9014225E+001, 3.3011587E+001, 6.2171295E+001, 1.9343758E+002, 2.5059172E+002, 2.2014082E+002, 2.0699169E+002, 2.4577791E+002, 2.5740705E+002, 2.9605502E+002, 2.5188348E+002, 4.1183443E+000, 4.1226826E+000, 4.0610661E+000, 3.9677201E+000, 3.9384420E+000, 3.8675389E+000, 3.8436324E+000, 3.7878504E+000, 3.7658106E+000, 3.7721436E+000, 3.7931580E+000, 3.8033385E+000, 3.6622185E+000, 3.3886152E+000, 4.0774790E+000, 4.4342319E+000, 5.9305880E+000, 6.6255203E+000, 6.9133008E+000, 5.0017601E+000, 6.1449398E+000, 8.1049262E+000, 8.0264441E+000, 7.8438241E+004, 9.2647604E-001, 2.5079454E+001, 2.6936708E+001
 2.2003064E+001, 2.0001280E+001, 2.0004508E+001, 2.0013511E+001, 2.0043471E+001, 2.0073803E+001, 2.0120828E+001, 2.0191488E+001, 2.0311796E+001, 2.0563188E+001, 2.1102359E+001, 2.2219857E+001, 2.4556326E+001, 2.8239475E+001, 3.2074057E+001, 1.3887609E+002, 3.1813183E+002, 4.7981462E+002, 5.9361062E+002, 5.6826035E+002, 4.8072436E+002, 2.7916620E+002, 2.0573705E+002, 2.2887580E+002, 4.4578726E+000, 4.4108768E+000, 4.4730702E+000, 4.5017354E+000, 4.5036921E+000, 4.4967530E+000, 4.4751759E+000, 4.4922222E+000, 4.4918493E+000, 4.5260930E+000, 4.7094011E+000, 4.9462519E+000, 5.0174404E+000, 4.7151727E+000, 3.6398768E+000, 3.3244634E+000, 5.0090923E+000, 8.0014283E+000, 1.1339445E+001, 1.1423446E+001, 8.6628790E+000, 7.3264360E+000, 8.2426015E+000, 8.3526362E+004, 7.2112226E-001, 2.1762142E+001, 3.8273837E+001
 2.3016401E+001, 2.0000802E+001, 2.0004420E+001, 2.0013557E+001, 2.0042662E+001, 2.0070813E+001, 2.0113735E+001, 2.0183609E+001, 2.0306230E+001, 2.0549160E+001, 2.1069889E+001, 2.2238173E+001, 2.4579261E+001, 2.7738302E+001, 3.0628501E+001, 3.5606118E+001, 8.5379252E+001, 2.7872528E+002, 4.3011666E+002, 4.6373851E+002, 4.2581287E+002, 4.0897760E+002, 2.9255815E+002, 1.9539404E+002, 4.2373620E+000, 3.8041063E+000, 3.6975875E+000, 3.6171312E+000, 3.5806971E+000, 3.5530178E+000, 3.4377385E+000, 3.3971046E+000, 3.3454698E+000, 3.3802030E+000, 3.4068062E+000, 3.6355843E+000, 3.8276843E+000, 4.1615704E+000, 4.1565047E+000, 3.3983679E+000, 2.6187781E+000, 2.9935060E+000, 7.8951766E+000, 8.9053230E+000, 7.7863604E+000, 7.1395483E+000, 5.4073469E+000, 6.6429638E+004, 7.0330863E-001, 2.3630406E+001, 2.3898175E+001
 2.4010586E+001, 2.0001545E+001, 2.0002682E+001, 2.0014857E+001, 2.0045115E+001, 2.0075131E+001, 2.0119596E+001, 2.0189662E+001, 2.0324444E+001, 2.0595037E+001, 2.1174413E+001, 2.2447694E+001, 2.5126511E+001, 2.8821113E+001, 3.1918270E+001, 4.4880365E+001, 8.8814826E+001, 1.0352921E+002, 2.3924850E+002, 2.7266394E+002, 2.6805523E+002, 2.1818099E+002, 2.6559373E+002, 2.4099891E+002, 4.3539820E+000, 4.4099934E+000, 4.1353498E+000, 4.1551140E+000, 4.1629385E+000, 4.1608214E+000, 4.1440200E+000, 4.1330116E+000, 4.1159516E+000, 4.1302186E+000, 4.2166035E+000, 4.2888205E+000, 4.2801073E+000, 4.2179142E+000, 4.5817440E+000, 5.0989378E+000, 5.5420278E+000, 4.3546471E+000, 4.8769154E+000, 5.9694468E+000, 9.2198915E+000, 8.9110218E+000, 8.4976316E+000, 9.0402761E+004, 8.8886779E-001, 2.4272792E+001, 2.7599546E+001
 2.5004264E+001, 1.9999923E+001, 2.0004364E+001, 2.0012738E+001, 2.0046319E+001, 2.0076271E+001, 2.0121187E+001, 2.0190345E+001, 2.0311184E+001, 2.0558440E+001, 2.1090202E+001, 2.2187069E+001, 2.4486282E+001, 2.8045757E+001, 3.1542024E+001, 3.7901906E+001, 1.5044539E+002, 2.7809262E+002, 2.8615235E+002, 2.8962348E+002, 3.0649780E+002, 2.2411377E+002, 1.9251976E+002, 1.8877098E+002, 4.4209843E+000, 4.4741161E+000, 4.5042031E+000, 4.2918945E+000, 4.3118210E+000, 4.3318728E+000, 4.3905583E+000, 4.4299391E+000, 4.3929692E+000, 4.4757386E+000, 4.6654959E+000, 4.9276924E+000, 5.1443456E+000, 5.1764946E+000, 4.9002369E+000, 4.3037776E+000, 5.1802724E+000, 6.7586693E+000, 8.4148698E+000, 7.9383007E+000, 8.7228293E+000, 8.4685515E+000, 8.9137674E+000, 7.8548311E+004, 7.4406966E-001, 2.3241312E+001, 3.7483421E+001
 2.6001517E+001, 2.0000269E+001, 2.0002336E+001, 2.0014840E+001, 2.0044844E+001, 2.0079562E+001, 2.0128076E+001, 2.0203065E+001, 2.0332044E+001, 2.0596593E+001, 2.1166370E+001, 2.2461564E+001, 2.4990154E+001, 2.8379291E+001, 3.5717767E+001, 3.9185279E+001, 4.2240870E+001, 9.0144790E+001, 2.2606759E+002, 3.8072424E+002, 3.4495301E+002, 3.4788944E+002, 2.1565472E+002, 1.8187644E+002, 4.1206135E+000, 3.8932425E+000, 3.7706212E+000, 3.6109316E+000, 3.4173487E+000, 3.3654825E+000, 3.2644936E+000, 3.3018961E+000, 3.2824385E+000, 3.2925029E+000, 3.3345570E+000, 3.4915544E+000, 3.6871724E+000, 3.8553563E+000, 4.5973875E+000, 4.3271698E+000, 3.7426662E+000, 3.2466386E+000, 1.2914506E+000, 4.8657720E+000, 6.3581377E+000, 5.8478131E+000, 5.8538005E+000, 6.5604486E+004, 8.1649085E-001, 2.5596114E+001, 2.4263989E+001
 2.7014450E+001, 2.0000401E+001, 2.0002314E+001, 2.0013041E+001, 2.0049581E+001, 2.0080903E+001, 2.0133253E+001, 2.0214841E+001, 2.0363051E+001, 2.0656378E+001, 2.1271762E+001, 2.2622688E+001, 2.5470054E+001, 2.9428950E+001, 6.6261122E+001, 2.2515921E+002, 2.3014795E+002, 2.1721255E+002, 2.2226234E+002, 2.1628306E+002, 2.3840719E+002, 2.2786272E+002, 2.8309301E+002, 2.3992176E+002, 4.3393894E+000, 4.4125137E+000, 4.3928558E+000, 4.2745071E+000, 4.2824858E+000, 4.1497016E+000, 4.0669138E+000, 4.0574661E+000, 4.1173537E+000, 4.1656067E+000, 4.2962910E+000, 4.3152780E+000, 4.2296350E+000, 3.6157020E+000, 3.9683340E+000, 5.7428868E+000, 5.7379296E+000, 6.2319125E+000, 7.0724071E+000, 5.4285719E+000, 6.2710460E+000, 8.6044312E+000, 8.5758195E+000, 9.1628093E+004, 9.1713642E-001, 2.4155967E+001, 2.8330166E+001
 2.8002498E+001, 2.0000649E+001, 2.0003012E+001, 2.0012091E+001, 2.0043465E+001, 2.0077981E+001, 2.0126241E+001, 2.0198451E+001, 2.0333404E+001, 2.0606342E+001, 2.1174303E+001, 2.2331177E+001, 2.4691184E+001, 2.8206327E+001, 3.1565461E+001, 1.0739585E+002, 1.8508240E+002, 2.2082045E+002, 3.8026932E+002, 4.6131869E+002, 3.9311841E+002, 2.4664485E+002, 1.6750966E+002, 2.1188333E+002, 4.4093552E+000, 4.3616546E+000, 4.4075791E+000, 4.4815956E+000, 4.2803141E+000, 4.2702742E+000, 4.3197460E+000, 4.1292443E+000, 4.1241247E+000, 4.1628710E+000, 4.4257709E+000, 4.8130897E+000, 4.9193041E+000, 5.0690244E+000, 4.4117263E+000, 4.3704541E+000, 4.6716748E+000, 4.7346147E+000, 8.2670101E+000, 9.8469328E+000, 9.8507112E+000, 7.0416236E+000, 7.9695111E+000, 7.6740855E+004, 7.1095555E-001, 2.2513898E+001, 3.4021691E+001
 2.9003149E+001, 2.0000884E+001, 2.0003144E+001, 2.0012832E+001, 2.0042194E+001, 2.0071023E+001, 2.0119177E+001, 2.0201203E+001, 2.0329737E+001, 2.0610946E+001, 2.1228859E+001, 2.2616854E+001, 2.5188249E+001, 2.8558931E+001, 3.1529100E+001, 3.6173325E+001, 8.0328921E+001, 1.3127399E+002, 2.5321872E+002, 3.8092625E+002, 3.2085339E+002, 3.3477399E+002, 2.6615326E+002, 1.6820089E+002, 4.0831166E+000, 3.9100747E+000, 3.8127545E+000, 3.6877301E+000, 3.7512367E+000, 3.6559280E+000, 3.3402108E+000, 3.3986948E+000, 3.2565476E+000, 3.1494584E+000, 3.1523777E+000, 3.4151458E+000, 3.6718101E+000, 3.9565154E+000, 4.1235864E+000, 4.3792823E+000, 4.4503880E+000, 2.9358955E+000, 2.0440522E+000, 4.3234445E+000, 8.1944564E+000, 7.8618871E+000, 4.7930338E+000, 6.8146844E+004, 7.8280189E-001, 2.5365254E+001, 2.3578443E+001
 3.0006432E+001, 2.0000853E+001, 2.0003344E+001, 2.0013794E+001, 2.0045863E+001, 2.0076181E+001, 2.0120662E+001, 2.0190235E+001, 2.0336424E+001, 2.0627515E+001, 2.1250284E+001, 2.2638475E+001, 2.5600161E+001, 2.9630499E+001, 3.7733970E+001, 1.2264158E+002, 2.3567009E+002, 3.2677956E+002, 3.3222353E+002, 3.6623819E+002, 3.2031151E+002, 2.2462090E+002, 2.0367777E+002, 2.3785210E+002, 4.3861280E+000, 4.4028786E+000, 4.3604520E+000, 4.3742910E+000, 4.4053881E+000, 4.4108658E+000, 4.5232928E+000, 4.3033690E+000, 4.2376712E+000, 4.2541166E+000, 4.2635422E+000, 4.2380134E+000, 4.1704691E+000, 3.9228834E+000, 4.0889067E+000, 5.0081696E+000, 6.6471079E+000, 8.4881274E+000, 8.9391816E+000, 8.9091096E+000, 8.3107253E+000, 8.8724919E+000, 9.4380764E+000, 9.1940376E+004, 8.5448960E-001, 2.3517342E+001, 3.6932723E+001
 3.1013035E+001, 2.0000371E+001, 2.0003505E+001, 2.0013215E+001, 2.0044066E+001, 2.0073775E+001, 2.0117338E+001, 2.0183703E+001, 2.0297853E+001, 2.0534006E+001, 2.1093705E+001, 2.2267432E+001, 2.4703945E+001, 2.8573589E+001, 3.2321960E+001, 7.7384697E+001, 1.6446556E+002, 3.2143518E+002, 5.8809982E+002, 6.9695060E+002, 6.4289048E+002, 4.2226968E+002, 2.4791952E+002, 1.9027153E+002, 4.3899703E+000, 4.2650830E+000, 4.2605438E+000, 4.1909558E+000, 4.1850285E+000, 4.2138078E+000, 4.2162536E+000, 4.2769935E+000, 4.3137060E+000, 4.1562463E+000, 4.2598548E+000, 4.4397752E+000, 4.5980992E+000, 4.5624531E+000, 4.5637131E+000, 5.3486664E+000, 5.9085532E+000, 6.5837588E+000, 1.0154032E+001, 1.2257364E+001, 1.0749899E+001, 9.0691595E+000, 8.0104333E+000, 7.7045836E+004, 6.5227933E-001, 2.1328702E+001, 3.2291729E+001
 3.2015389E+001, 2.0000637E+001, 2.0002285E+001, 2.0013030E+001, 2.0042761E+001, 2.0072819E+001, 2.0117547E+001, 2.0187542E+001, 2.0308753E+001, 2.0558944E+001, 2.1075437E+001, 2.2317401E+001, 2.4982753E+001, 2.8648913E+001, 3.1652278E+001, 3.6984167E+001, 5.1391966E+001, 6.1949745E+001, 9.6665904E+001, 2.5646672E+002, 3.3020589E+002, 3.2021435E+002, 3.3397841E+002, 2.1364999E+002, 4.2108754E+000, 4.1317458E+000, 3.9704091E+000, 3.8965457E+000, 3.8792359E+000, 3.8279104E+000, 3.7609070E+000, 3.8287769E+000, 3.7775729E+000, 3.9088173E+000, 3.9278546E+000, 3.8456381E+000, 3.9706068E+000, 4.1053817E+000, 4.2889181E+000, 4.5061961E+000, 4.6284071E+000, 5.9461390E+000, 5.7862477E+000, 5.8147823E+000, 8.0415450E+000, 8.1919744E+000, 7.3453205E+000, 7.2681637E+004, 7.7566272E-001, 2.3768572E+001, 2.2119201E+001
 3.3010189E+001, 2.0000701E+001, 2.0003223E+001, 2.0012318E+001, 2.0046021E+001, 2.0076733E+001, 2.0122832E+001, 2.0196027E+001, 2.0328069E+001, 2.0587964E+001, 2.1131887E+001, 2.2328557E+001, 2.4850021E+001, 2.8737315E+001, 3.2352724E+001, 3.8040747E+001, 9.8771023E+001, 1.9858267E+002, 2.1143066E+002, 2.1885333E+002, 2.1733390E+002, 2.2929086E+002, 2.2277081E+002, 2.4731406E+002, 4.4187489E+000, 4.4318780E+000, 4.4510574E+000, 4.4130696E+000, 4.4182521E+000, 4.4328249E+000, 4.4560605E+000, 4.4128792E+000, 4.5282344E+000, 4.5567668E+000, 4.8006792E+000, 4.9126268E+000, 4.9673430E+000, 4.6865374E+000, 4.6787223E+000, 4.5865601E+000, 4.8901502E+000, 6.4841512E+000, 8.3534410E+000, 8.5466323E+000, 8.6615043E+000, 7.9688713E+000, 8.7124679E+000, 8.9036642E+004, 8.2806153E-001, 2.3578106E+001, 3.6067548E+001
 3.4017976E+001, 2.0001315E+001, 2.0003334E+001, 2.0013824E+001, 2.0043918E+001, 2.0076466E+001, 2.0123864E+001, 2.0193399E+001, 2.0314523E+001, 2.0566861E+001, 2.1102650E+001, 2.2211087E+001, 2.4496892E+001, 2.7870155E+001, 3.1026931E+001, 3.6846654E+001, 4.5519739E+001, 9.7053375E+001, 1.4334722E+002, 2.7542299E+002, 3.8038660E+002, 2.9995961E+002, 2.1223593E+002, 1.9605451E+002, 4.2885002E+000, 4.2033813E+000, 4.1845385E+000, 4.1647834E+000, 4.0896397E+000, 4.0606225E+000, 4.0912588E+000, 4.0333808E+000, 4.0877702E+000, 4.0584806E+000, 4.3151291E+000, 4.6364043E+000, 4.8573139E+000, 5.0928913E+000, 4.9623510E+000, 4.5140143E+000, 3.7534617E+000, 4.6070681E+000, 5.4739785E+000, 7.4818894E+000, 9.4285698E+000, 7.9303494E+000, 6.4594412E+000, 7.2370671E+004, 6.7576696E-001, 2.2214667E+001, 3.4805571E+001
 3.5004384E+001, 2.0000887E+001, 2.0004052E+001, 2.0013212E+001, 2.0045517E+001, 2.0074143E+001, 2.0122082E+001, 2.0198322E+001, 2.0327837E+001, 2.0590460E+001, 2.1166525E+001, 2.2471538E+001, 2.5122847E+001, 2.8491665E+001, 3.3368416E+001, 1.7302654E+002, 1.4414617E+002, 1.0944976E+002, 1.7390006E+002, 2.3704938E+002, 3.1350293E+002, 3.0439087E+002, 2.9455471E+002, 2.2730874E+002, 4.1347169E+000, 4.0374058E+000, 3.9705198E+000, 3.8764312E+000, 3.9129426E+000, 3.7714312E+000, 3.7080087E+000, 3.6593439E+000, 3.7006561E+000, 3.6831713E+000, 3.7099047E+000, 3.8816234E+000, 4.0239009E+000, 3.9260165E+000, 4.7633629E+000, 5.7875481E+000, 5.6908953E+000, 5.0186888E+000, 5.0191801E+000, 6.2998587E+000, 6.3739755E+000, 8.1481564E+000, 7.9443990E+000, 7.6583485E+004, 7.9926855E-001, 2.3780515E+001, 2.6822321E+001
 3.6008848E+001, 2.0000672E+001, 2.0003854E+001, 2.0014776E+001, 2.0046085E+001, 2.0078420E+001, 2.0122803E+001, 2.0194034E+001, 2.0332238E+001, 2.0610934E+001, 2.1188566E+001, 2.2440814E+001, 2.5179952E+001, 2.9085028E+001, 3.7574815E+001, 1.2642291E+002, 2.8216116E+002, 3.8921399E+002, 3.9763994E+002, 3.6457553E+002, 3.0310576E+002, 2.4342850E+002, 2.5114749E+002, 2.5633799E+002, 4.4602656E+000, 4.4474429E+000, 4.4225164E+000, 4.4516424E+000, 4.4802715E+000, 4.4984742E+000, 4.5806603E+000, 4.4547357E+000, 4.4738580E+000, 4.5612810E+000, 4.7170281E+000, 4.8468640E+000, 4.8428337E+000, 4.6524595E+000, 4.3826403E+000, 6.7025541E+000, 8.7889570E+000, 9.6087963E+000, 1.0180505E+001, 1.0158895E+001, 7.9701312E+000, 8.5248821E+000, 8.5875489E+000, 9.3241193E+004, 8.2656587E-001, 2.3193999E+001, 4.6651941E+001
 3.7015388E+001, 2.0000717E+001, 2.0003326E+001, 2.0014677E+001, 2.0046172E+001, 2.0075777E+001, 2.0121520E+001, 2.0195599E+001, 2.0314772E+001, 2.0570329E+001, 2.1136882E+001, 2.2365547E+001, 2.4748153E+001, 2.8335799E+001, 3.1881578E+001, 4.2039435E+001, 9.1816552E+001, 2.4042309E+002, 3.7055949E+002, 4.1717959E+002, 4.3365507E+002, 3.4021390E+002, 2.2133401E+002, 2.1513435E+002, 4.3299185E+000, 4.2203231E+000, 4.0979908E+000, 4.0208993E+000, 4.0674316E+000, 4.0476688E+000, 4.0124759E+000, 4.1539956E+000, 4.0219922E+000, 4.0258907E+000, 4.1733541E+000, 4.4118147E+000, 4.7716681E+000, 4.8089399E+000, 4.7214754E+000, 4.0158210E+000, 4.6513297E+000, 5.9029198E+000, 7.3903192E+000, 8.2419920E+000, 7.5746192E+000, 7.2139016E+000, 6.6560772E+000, 6.8699240E+004, 7.1921150E-001, 2.2970141E+001, 3.1460248E+001
 3.8017574E+001, 2.0001040E+001, 2.0003136E+001, 2.0013538E+001, 2.0050399E+001, 2.0083225E+001, 2.0131660E+001, 2.0208550E+001, 2.0359006E+001, 2.0643382E+001, 2.1256487E+001, 2.2684103E+001, 2.5639615E+001, 2.9175835E+001, 3.2129740E+001, 6.9703971E+001, 4.1726149E+001, 7.4412845E+001, 1.9504559E+002, 2.9625881E+002, 3.4472512E+002, 3.2522613E+002, 2.4812507E+002, 2.0301617E+002, 4.0958266E+000, 3.9834229E+000, 3.8619094E+000, 3.6470540E+000, 3.6462109E+000, 3.6001834E+000, 3.5325586E+000, 3.4828544E+000, 3.6067172E+000, 3.5894382E+000, 3.5876711E+000, 3.5945425E+000, 3.7323408E+000, 3.9352462E+000, 4.4884508E+000, 4.9413910E+000, 4.1068302E+000, 3.7996308E+000, 5.4106860E+000, 5.6140445E+000, 6.7405269E+000, 6.0819659E+000, 7.0483144E+000, 7.3635883E+004, 8.9159343E-001, 2.5000094E+001, 2.3644174E+001
 3.9012203E+001, 2.0001004E+001, 2.0004089E+001, 2.0014745E+001, 2.0048721E+001, 2.0084925E+001, 2.0137941E+001, 2.0214871E+001, 2.0354490E+001, 2.0649171E+001, 2.1272606E+001, 2.2556473E+001, 2.5345505E+001, 2.9573324E+001, 3.6609676E+001, 2.0259522E+002, 3.1878791E+002, 3.9298918E+002, 3.4794116E+002, 3.7233837E+002, 2.9909277E+002, 2.1178839E+002, 2.2454270E+002, 2.4037341E+002, 4.4793307E+000, 4.4214639E+000, 4.4557317E+000, 4.4779317E+000, 4.3804195E+000, 4.3777900E+000, 4.4201882E+000, 4.3805603E+000, 4.4884935E+000, 4.4899898E+000, 4.7525600E+000, 4.9270763E+000, 4.8133223E+000, 4.3087573E+000, 4.3758334E+000, 6.3477816E+000, 8.4392208E+000, 8.8188978E+000, 9.0161844E+000, 9.2306174E+000, 8.6771153E+000, 9.0827596E+000, 8.9686024E+000, 9.3653788E+004, 8.1548009E-001, 2.2591846E+001, 5.0260751E+001
 4.0009123E+001, 2.0000264E+001, 2.0003900E+001, 2.0015037E+001, 2.0046829E+001, 2.0078391E+001, 2.0125781E+001, 2.0205867E+001, 2.0335532E+001, 2.0594265E+001, 2.1151002E+001, 2.2359458E+001, 2.4838983E+001, 2.8126209E+001, 3.1246614E+001, 4.6351878E+001, 9.9066832E+001, 2.2490648E+002, 4.3594878E+002, 6.6413373E+002, 6.6730977E+002, 4.2529935E+002, 2.5264272E+002, 1.7368740E+002, 4.3158981E+000, 4.2188774E+000, 4.1262788E+000, 4.1161084E+000, 4.0949939E+000, 4.0347525E+000, 3.9288299E+000, 3.8700049E+000, 3.8996530E+000, 3.9711037E+000, 4.1637973E+000, 4.4238561E+000, 4.7350122E+000, 5.0367563E+000, 5.0126760E+000, 5.1357342E+000, 5.6660280E+000, 6.7236194E+000, 8.5832850E+000, 1.1056578E+001, 9.5853116E+000, 7.6970501E+000, 6.9544380E+000, 7.3076554E+004, 6.5573328E-001, 2.1293137E+001, 3.2348228E+001
 4.1014209E+001, 1.9999605E+001, 2.0002727E+001, 2.0013960E+001, 2.0047518E+001, 2.0076889E+001, 2.0124102E+001, 2.0196374E+001, 2.0334681E+001, 2.0621474E+001, 2.1219745E+001, 2.2548407E+001, 2.5231465E+001, 2.8745713E+001, 3.1844207E+001, 4.0704636E+001, 1.3329533E+002, 1.7619722E+002, 1.1943814E+002, 1.8387876E+002, 3.4038174E+002, 4.1587235E+002, 3.0639632E+002, 2.0532150E+002, 4.2407970E+000, 4.0943333E+000, 4.0119586E+000, 3.8373172E+000, 3.8770488E+000, 3.7805302E+000, 3.7587214E+000, 3.6418710E+000, 3.5275428E+000, 3.5699257E+000, 3.6174561E+000, 3.9227512E+000, 3.9209862E+000, 3.9886517E+000, 4.0606886E+000, 4.8667326E+000, 5.6779290E+000, 5.8789307E+000, 6.2397509E+000, 6.2067872E+000, 7.2871652E+000, 7.2973834E+000, 7.3970745E+000, 7.8389025E+004, 7.7461646E-001, 2.2957903E+001, 2.5578257E+001
 4.2009892E+001, 1.9998649E+001, 2.0002111E+001, 2.0013227E+001, 2.0046463E+001, 2.0079834E+001, 2.0125527E+001, 2.0196730E+001, 2.0330811E+001, 2.0605635E+001, 2.1224557E+001, 2.2550357E+001, 2.5262735E+001, 2.9022448E+001, 3.2443928E+001, 4.1590831E+001, 1.4348013E+002, 2.0063637E+002, 2.6656875E+002, 3.0670666E+002, 3.0998569E+002, 2.8754223E+002, 2.6960078E+002, 2.4089999E+002, 4.5923382E+000, 4.6139047E+000, 4.5145690E+000, 4.5004514E+000, 4.4676101E+000, 4.4951961E+000, 4.5624856E+000, 4.5438620E+000, 4.5454152E+000, 4.5252152E+000, 4.5767979E+000, 4.7755774E+000, 4.9432250E+000, 4.9245363E+000, 4.6054686E+000, 4.2562072E+000, 5.6148739E+000, 6.9599612E+000, 7.9359948E+000, 8.7383761E+000, 9.2065774E+000, 8.2753831E+000, 8.5388547E+000, 8.9602592E+004, 7.9278184E-001, 2.2983051E+001, 3.4523824E+001
 4.3007448E+001, 1.9999557E+001, 2.0000637E+001, 2.0012135E+001, 2.0044548E+001, 2.0076811E+001, 2.0125481E+001, 2.0201547E+001, 2.0325869E+001, 2.0589048E+001, 2.1167300E+001, 2.2368059E+001, 2.4972751E+001, 2.8780675E+001, 3.2263462E+001, 3.8144298E+001, 4.4938136E+001, 1.5592297E+002, 3.5507692E+002, 4.0092297E+002, 4.3869067E+002, 3.1663991E+002, 2.6468811E+002, 2.5699975E+002, 4.2780812E+000, 4.3351316E+000, 4.2089571E+000, 4.0759801E+000, 4.0444316E+000, 3.9613449E+000, 3.8921696E+000, 3.9929593E+000, 3.9174416E+000, 3.9715960E+000, 4.1579487E+000, 4.3073192E+000, 4.5734240E+000, 4.7219996E+000, 4.8625098E+000, 4.5551138E+000, 2.6504501E+000, 2.4329194E+000, 5.5899207E+000, 8.4945631E+000, 8.5287483E+000, 9.3133077E+000, 6.8325409E+000, 7.2757603E+004, 7.2112979E-001, 2.3201006E+001, 3.3935957E+001
 4.4014629E+001, 2.0000780E+001, 2.0000720E+001, 2.0011227E+001, 2.0046439E+001, 2.0078213E+001, 2.0130398E+001, 2.0208800E+001, 2.0358454E+001, 2.0650704E+001, 2.1258821E+001, 2.2705350E+001, 2.5483632E+001, 2.9132351E+001, 3.2792490E+001, 3.8480302E+001, 4.2221989E+001, 5.1086358E+001, 1.7446424E+002, 2.5359124E+002, 3.3269663E+002, 3.2563517E+002, 2.4276147E+002, 2.3521747E+002, 4.1214868E+000, 4.0473360E+000, 4.1056161E+000, 3.9091078E+000, 3.8398506E+000, 3.7704579E+000, 3.6377072E+000, 3.5663397E+000, 3.5936101E+000, 3.6718730E+000, 3.6465564E+000, 3.8257598E+000, 3.9045896E+000, 4.0110566E+000, 4.3326154E+000, 4.9093474E+000, 4.9202107E+000, 3.0339437E+000, 2.6445975E+000, 4.5364694E+000, 8.1430515E+000, 6.8643086E+000, 7.1957522E+000, 7.6544147E+004, 8.2812626E-001, 2.2970520E+001, 2.4565682E+001
 4.5008442E+001, 2.0001008E+001, 2.0003550E+001, 2.0010161E+001, 2.0044013E+001, 2.0079204E+001, 2.0127985E+001, 2.0206394E+001, 2.0352701E+001, 2.0650553E+001, 2.1285486E+001, 2.2599852E+001, 2.5432943E+001, 2.9536196E+001, 3.3234902E+001, 4.2434434E+001, 1.3061238E+002, 1.8963212E+002, 1.7980679E+002, 1.8834970E+002, 2.1251330E+002, 2.2755935E+002, 2.3437626E+002, 1.9389532E+002, 4.4953565E+000, 4.4362849E+000, 4.5295043E+000, 4.6659879E+000, 4.5536243E+000, 4.5688119E+000, 4.5264875E+000, 4.4521204E+000, 4.4190337E+000, 4.4080999E+000, 4.6777601E+000, 4.8610749E+000, 4.9348806E+000, 4.8959382E+000, 4.5563939E+000, 4.2271718E+000, 5.3915052E+000, 5.9951292E+000, 7.6932895E+000, 8.8384306E+000, 7.8526092E+000, 8.7032414E+000, 7.8794866E+000, 8.9976216E+004, 8.0800758E-001, 2.2491192E+001, 3.6571912E+001
 4.6001871E+001, 2.0000854E+001, 2.0003525E+001, 2.0013845E+001, 2.0039290E+001, 2.0066388E+001, 2.0118509E+001, 2.0198232E+001, 2.0329630E+001, 2.0608220E+001, 2.1206101E+001, 2.2517779E+001, 2.5139763E+001, 2.8786418E+001, 3.2357554E+001, 3.8802284E+001, 4.8341389E+001, 1.3811336E+002, 2.3351175E+002, 3.1471608E+002, 3.2360508E+002, 3.0981496E+002, 2.1895826E+002, 1.9469509E+002, 4.4148645E+000, 4.2621290E+000, 4.1771382E+000, 4.2292943E+000, 4.3082276E+000, 4.2572255E+000, 4.1384662E+000, 4.0905861E+000, 4.0375822E+000, 4.0262073E+000, 4.1108134E+000, 4.3654917E+000, 4.6652009E+000, 4.9073813E+000, 4.9312613E+000, 4.6513798E+000, 3.8974125E+000, 5.4381753E+000, 6.4898309E+000, 8.4066262E+000, 8.3364266E+000, 6.5569744E+000, 6.1026962E+000, 7.3684188E+004, 7.1359592E-001, 2.2844838E+001, 3.5340858E+001
 4.7004072E+001, 2.0001150E+001, 2.0003056E+001, 2.0013369E+001, 2.0047518E+001, 2.0078209E+001, 2.0115102E+001, 2.0191774E+001, 2.0342860E+001, 2.0642665E+001, 2.1271614E+001, 2.2731619E+001, 2.5807635E+001, 2.9736433E+001, 3.3235427E+001, 5.2610686E+001, 4.9918376E+001, 9.5572649E+001, 1.4670120E+002, 2.1136307E+002, 3.4551631E+002, 3.4101792E+002, 2.9004273E+002, 2.1856462E+002, 4.2991620E+000, 4.1850512E+000, 4.0252595E+000, 3.8451301E+000, 3.8124043E+000, 3.9142920E+000, 3.9494341E+000, 3.8208337E+000, 3.7257299E+000, 3.7323592E+000, 3.6903640E+000, 3.7979624E+000, 3.7910877E+000, 4.0703464E+000, 4.3710487E+000, 5.0667886E+000, 5.1435661E+000, 5.0478279E+000, 2.9294342E+000, 4.8073774E+000, 8.5145791E+000, 7.8696039E+000, 6.8045183E+000, 7.4831337E+004, 8.4107986E-001, 2.3936251E+001, 2.9409365E+001
 4.8003933E+001, 2.0001207E+001, 2.0003888E+001, 2.0013898E+001, 2.0047708E+001, 2.0081990E+001, 2.0134654E+001, 2.0207166E+001, 2.0332539E+001, 2.0615634E+001, 2.1267457E+001, 2.2617490E+001, 2.5523280E+001, 2.9878344E+001, 3.3933239E+001, 5.0150428E+001, 2.0471076E+002, 3.0029409E+002, 2.6738970E+002, 2.7384355E+002, 2.6383437E+002, 2.7232116E+002, 2.7049960E+002, 2.6586574E+002, 4.5151910E+000, 4.6072039E+000, 4.5490451E+000, 4.4887308E+000, 4.4560830E+000, 4.4277632E+000, 4.4838478E+000, 4.6389288E+000, 4.7138789E+000, 4.6340496E+000, 4.7248192E+000, 4.8756063E+000, 4.7760378E+000, 4.6425540E+000, 4.5346431E+000, 4.4775947E+000, 6.8429853E+000, 8.5354045E+000, 1.0297772E+001, 9.7245919E+000, 1.0342557E+001, 9.3456912E+000, 9.4074392E+000, 9.0159091E+004, 8.3400683E-001, 2.3619704E+001, 3.4375639E+001
 4.9009882E+001, 2.0001259E+001, 2.0003576E+001, 2.0014253E+001, 2.0045040E+001, 2.0076519E+001, 2.0123735E+001, 2.0199656E+001, 2.0334197E+001, 2.0593704E+001, 2.1138510E+001, 2.2325546E+001, 2.4984451E+001, 2.8783637E+001, 3.2215127E+001, 4.8966830E+001, 7.4512352E+001, 1.8468746E+002, 4.1334239E+002, 5.5312346E+002, 5.1744727E+002, 3.3921199E+002, 2.2582302E+002, 2.4850938E+002, 4.3067619E+000, 4.2790845E+000, 4.2824752E+000, 4.1960404E+000, 4.1492402E+000, 4.1106898E+000, 4.0603289E+000, 4.0017129E+000, 4.0133154E+000, 4.2535333E+000, 4.4347715E+000, 4.5866844E+000, 4.7759323E+000, 4.7655507E+000, 4.7586418E+000, 4.3123854E+000, 4.3451799E+000, 6.8516854E+000, 7.7544504E+000, 9.9907792E+000, 9.1231621E+000, 8.9170375E+000, 7.6992990E+000, 7.3497340E+004, 6.4290866E-001, 2.0995412E+001, 3.3926915E+001
 5.0008117E+001, 2.0000380E+001, 2.0004115E+001, 2.0013355E+001, 2.0044004E+001, 2.0072227E+001, 2.0118881E+001, 2.0190463E+001, 2.0325596E+001, 2.0602737E+001, 2.1232765E+001, 2.2543623E+001, 2.5135321E+001, 2.8919548E+001, 3.2272619E+001, 8.8186051E+001, 1.7772752E+002, 2.7126039E+002, 4.5421807E+002, 4.7907080E+002, 4.7379030E+002, 3.5635063E+002, 3.2599780E+002, 2.3205566E+002, 4.2550052E+000, 4.0978159E+000, 4.1341575E+000, 4.0833440E+000, 4.0823572E+000, 3.9809600E+000, 3.9009935E+000, 3.8918210E+000, 3.7796491E+000, 3.7649963E+000, 3.9044840E+000, 4.1986653E+000, 4.3105096E+000, 4.1867253E+000, 4.3646495E+000, 5.3224325E+000, 6.4332280E+000, 6.7983538E+000, 8.5653191E+000, 9.0198159E+000, 8.2045992E+000, 7.5153938E+000, 8.0131546E+000, 7.5952167E+004, 7.4731790E-001, 2.2435229E+001, 3.2330347E+001
 5.1001252E+001, 2.0000575E+001, 2.0002817E+001, 2.0014405E+001, 2.0045921E+001, 2.0077229E+001, 2.0120986E+001, 2.0192716E+001, 2.0328735E+001, 2.0604694E+001, 2.1175543E+001, 2.2481191E+001, 2.5306735E+001, 2.9157801E+001, 3.2792830E+001, 4.4128615E+001, 1.5007718E+002, 2.4463836E+002, 3.8198723E+002, 4.1146375E+002, 3.9592650E+002, 3.0210953E+002, 2.6216019E+002, 2.7735640E+002, 4.5761717E+000, 4.4966054E+000, 4.4290346E+000, 4.5529238E+000, 4.5300276E+000, 4.6162577E+000, 4.5994326E+000, 4.5909473E+000, 4.6020280E+000, 4.6019014E+000, 4.7509713E+000, 4.8284723E+000, 5.1139279E+000, 5.1492504E+000, 4.5475621E+000, 4.5771275E+000, 5.4520221E+000, 7.9410678E+000, 1.0905304E+001, 1.0946933E+001, 1.0451355E+001, 1.0196873E+001, 9.4570187E+000, 9.3573237E+004, 7.6829399E-001, 2.2039720E+001, 4.6835935E+001
 5.2019010E+001, 2.0000770E+001, 2.0003164E+001, 2.0012942E+001, 2.0045999E+001, 2.0075625E+001, 2.0125732E+001, 2.0200764E+001, 2.0324458E+001, 2.0592958E+001, 2.1168684E+001, 2.2424991E+001, 2.4905922E+001, 2.8810942E+001, 3.2703551E+001, 3.8510909E+001, 6.3652706E+001, 2.0021596E+002, 3.3366070E+002, 4.6924670E+002, 3.9282472E+002, 3.1981426E+002, 2.1042822E+002, 2.0398240E+002, 4.3334039E+000, 4.2622189E+000, 4.1304329E+000, 4.0231964E+000, 4.0194150E+000, 4.0281917E+000, 3.9636272E+000, 3.9897915E+000, 4.0263293E+000, 3.9488127E+000, 4.2061372E+000, 4.3768333E+000, 4.5887427E+000, 4.2851779E+000, 4.9157348E+000, 4.7201751E+000, 3.9341538E+000, 5.0075304E+000, 5.1620664E+000, 6.8593641E+000, 8.4115291E+000, 7.3159367E+000, 7.9073561E+000, 7.0401627E+004, 7.0463119E-001, 2.2742751E+001, 2.6154973E+001
 5.3001206E+001, 2.0000760E+001, 2.0002977E+001, 2.0014147E+001, 2.0049485E+001, 2.0085128E+001, 2.0129692E+001, 2.0211820E+001, 2.0361960E+001, 2.0657109E+001, 2.1279899E+001, 2.2739415E+001, 2.5731859E+001, 2.9662037E+001, 3.2488537E+001, 1.6577213E+002, 1.9465466E+002, 2.2763349E+002, 2.3812517E+002, 2.5459640E+002, 3.1363576E+002, 2.0515929E+002, 2.4349497E+002, 1.8993061E+002, 4.1469564E+000, 4.1183567E+000, 3.9831188E+000, 3.7957553E+000, 3.7035416E+000, 3.7225586E+000, 3.7148979E+000, 3.5653956E+000, 3.6727666E+000, 3.6468640E+000, 3.7376021E+000, 3.8276277E+000, 3.9979865E+000, 3.9629847E+000, 3.4938232E+000, 4.1578910E+000, 5.0817470E+000, 6.1512157E+000, 5.3751563E+000, 5.5863977E+000, 4.9069043E+000, 7.3432446E+000, 7.1120073E+000, 7.6311298E+004, 8.5549398E-001, 2.3627551E+001, 2.3987342E+001
 5.4009984E+001, 2.0000893E+001, 2.0004239E+001, 2.0014127E+001, 2.0050025E+001, 2.0084041E+001, 2.0138631E+001, 2.0215626E+001, 2.0352523E+001, 2.0659268E+001, 2.1302168E+001, 2.2647475E+001, 2.5556014E+001, 2.9800225E+001, 3.3767587E+001, 7.8368626E+001, 2.4368276E+002, 3.4851844E+002, 4.0285282E+002, 3.7283757E+002, 3.2340384E+002, 2.6375305E+002, 2.0889867E+002, 1.9954027E+002, 4.4377795E+000, 4.4874949E+000, 4.5932896E+000, 4.4947249E+000, 4.5130990E+000, 4.3941062E+000, 4.5151568E+000, 4.5037699E+000, 4.5306978E+000, 4.4957876E+000, 4.8105630E+000, 4.9290606E+000, 5.0422389E+000, 4.9388083E+000, 4.4686933E+000, 4.7698025E+000, 7.2390863E+000, 7.9868845E+000, 9.5682019E+000, 9.1364186E+000, 9.8387298E+000, 9.0600132E+000, 9.1834771E+000, 9.2195366E+004, 8.1236420E-001, 2.2479733E+001, 4.1428809E+001
 5.5000084E+001, 1.9998330E+001, 2.0003954E+001, 2.0015674E+001, 2.0045558E+001, 2.0080523E+001, 2.0130168E+001, 2.0207448E+001, 2.0348596E+001, 2.0613693E+001, 2.1199898E+001, 2.2513778E+001, 2.5205312E+001, 2.9027848E+001, 3.2659307E+001, 3.9365526E+001, 6.0486901E+001, 1.5271875E+002, 2.5358451E+002, 4.7614154E+002, 4.7174572E+002, 3.0564469E+002, 2.0916098E+002, 2.1471360E+002, 4.3459998E+000, 4.2036976E+000, 4.1383578E+000, 4.2172355E+000, 4.1795330E+000, 4.0287602E+000, 4.0821892E+000, 3.8983366E+000, 4.0631174E+000, 4.0587761E+000, 4.1376567E+000, 4.3701920E+000, 4.7587301E+000, 4.9216264E+000, 5.0043408E+000, 4.7545915E+000, 3.9893600E+000, 4.1426338E+000, 3.5106237E+000, 8.9239712E+000, 8.5024145E+000, 7.4644032E+000, 7.5038669E+000, 7.2477874E+004, 6.9153713E-001, 2.2437389E+001, 3.2505006E+001
 5.6014354E+001, 1.9999703E+001, 2.0000826E+001, 2.0015118E+001, 2.0048967E+001, 2.0077459E+001, 2.0126468E+001, 2.0210780E+001, 2.0349094E+001, 2.0654186E+001, 2.1301363E+001, 2.2680815E+001, 2.5658601E+001, 2.9811198E+001, 3.3421344E+001, 4.0164249E+001, 7.4369930E+001, 9.6982070E+001, 1.2833068E+002, 2.9154281E+002, 3.9152235E+002, 3.0532331E+002, 2.8423567E+002, 2.1942675E+002, 4.1909808E+000, 4.1429591E+000, 3.9388872E+000, 3.8108590E+000, 3.9592928E+000, 3.8615412E+000, 3.7342028E+000, 3.6617403E+000, 3.5856484E+000, 3.6283947E+000, 3.8102504E+000, 3.8117678E+000, 3.8604278E+000, 3.9793197E+000, 4.1963753E+000, 4.6794596E+000, 4.9507776E+000, 5.0644443E+000, 3.0743093E+000, 2.2997522E+000, 7.1117652E+000, 7.7687825E+000, 7.1738855E+000, 7.1622186E+004, 7.8867867E-001, 2.2865708E+001, 2.5605665E+001
 5.7007038E+001, 2.0001565E+001, 2.0001365E+001, 2.0011897E+001, 2.0049962E+001, 2.0082821E+001, 2.0126713E+001, 2.0195419E+001, 2.0341841E+001, 2.0640762E+001, 2.1259413E+001, 2.2677621E+001, 2.5599162E+001, 2.9710171E+001, 3.3923358E+001, 4.1838801E+001, 1.1341857E+002, 2.2874552E+002, 2.8570745E+002, 3.3413546E+002, 3.2918504E+002, 3.0534393E+002, 2.4390027E+002, 2.5634456E+002, 4.4208114E+000, 4.4272180E+000, 4.4592372E+000, 4.3071869E+000, 4.3893029E+000, 4.3914892E+000, 4.5316318E+000, 4.4559098E+000, 4.4274078E+000, 4.3840290E+000, 4.5455402E+000, 4.7414169E+000, 4.8336821E+000, 4.6483012E+000, 4.4453942E+000, 4.0586079E+000, 5.4384320E+000, 6.4265485E+000, 8.1223389E+000, 1.0371438E+001, 8.3967660E+000, 8.2735975E+000, 8.5926855E+000, 9.3152523E+004, 7.6986853E-001, 2.1259173E+001, 4.2539698E+001
 5.8016301E+001, 2.0001436E+001, 2.0003880E+001, 2.0010414E+001, 2.0042340E+001, 2.0077639E+001, 2.0125817E+001, 2.0196870E+001, 2.0314278E+001, 2.0566265E+001, 2.1171916E+001, 2.2435710E+001, 2.5068224E+001, 2.9136352E+001, 3.2914172E+001, 3.9414194E+001, 4.7386226E+001, 1.2515309E+002, 2.4069102E+002, 4.5122631E+002, 5.0761682E+002, 4.4082279E+002, 2.8370630E+002, 2.2020092E+002, 4.3278890E+000, 4.2596333E+000, 4.2559513E+000, 4.3026173E+000, 4.2066519E+000, 4.1460091E+000, 4.2052106E+000, 4.1964781E+000, 4.3211437E+000, 4.2025093E+000, 4.3642723E+000, 4.6197239E+000, 4.8196051E+000, 5.0426758E+000, 5.1257565E+000, 4.8016612E+000, 4.0711448E+000, 4.1473446E+000, 5.3573175E+000, 8.2417243E+000, 1.1288957E+001, 7.4753059E+000, 6.3592165E+000, 7.6181328E+004, 6.4204425E-001, 2.0349563E+001, 3.6180194E+001
 5.9002988E+001, 2.0000522E+001, 2.0004183E+001, 2.0013308E+001, 2.0040392E+001, 2.0069642E+001, 2.0122388E+001, 2.0205109E+001, 2.0341607E+001, 2.0615983E+001, 2.1191684E+001, 2.2590276E+001, 2.5665551E+001, 2.9498942E+001, 3.2987506E+001, 3.9492953E+001, 4.4329211E+001, 4.9179015E+001, 7.7177068E+001, 2.2978258E+002, 3.0842436E+002, 2.9151676E+002, 2.9209545E+002, 2.2964741E+002, 4.2223271E+000, 3.9959033E+000, 3.9955203E+000, 3.9485691E+000, 4.0074035E+000, 3.8317036E+000, 3.6645571E+000, 3.6789938E+000, 3.6923842E+000, 3.8134713E+000, 3.8354697E+000, 3.8718949E+000, 4.0276100E+000, 4.3442191E+000, 4.6503457E+000, 5.0365789E+000, 4.9473152E+000, 3.8163889E+000, 3.2221348E+000, 2.2373193E+000, 7.8692050E+000, 6.9975927E+000, 6.5780497E+000, 7.3194021E+004, 7.7805840E-001, 2.3302402E+001, 2.6657375E+001
 6.0001046E+001, 2.0000604E+001, 2.0003175E+001, 2.0015510E+001, 2.0047400E+001, 2.0079025E+001, 2.0122415E+001, 2.0199505E+001, 2.0354034E+001, 2.0663834E+001, 2.1285877E+001, 2.2649377E+001, 2.5595049E+001, 2.9968282E+001, 3.4287901E+001, 4.0350546E+001, 4.9558066E+001, 6.7907249E+001, 9.6458453E+001, 1.4201514E+002, 1.8202879E+002, 2.2588088E+002, 2.1074446E+002, 2.4824526E+002, 4.3449187E+000, 4.3839817E+000, 4.2814569E+000, 4.3352950E+000, 4.3319834E+000, 4.3984896E+000, 4.4259395E+000, 4.2661540E+000, 4.1924566E+000, 4.3254645E+000, 4.4756296E+000, 4.7261211E+000, 4.6916514E+000, 4.6122771E+000, 4.7456485E+000, 4.7893169E+000, 5.4476593E+000, 6.0010834E+000, 6.3878552E+000, 6.2587622E+000, 6.8091481E+000, 7.6663698E+000, 7.1068549E+000, 9.1075210E+004, 8.0773862E-001, 2.2367174E+001, 3.5117277E+001
 6.1006882E+001, 2.0000997E+001, 2.0003351E+001, 2.0013949E+001, 2.0048860E+001, 2.0080105E+001, 2.0126955E+001, 2.0199646E+001, 2.0321753E+001, 2.0593491E+001, 2.1224407E+001, 2.2583207E+001, 2.5270858E+001, 2.9191799E+001, 3.3054303E+001, 4.0014292E+001, 4.6684305E+001, 1.2489101E+002, 2.3557645E+002, 3.2897650E+002, 3.5228077E+002, 2.6302580E+002, 2.1749278E+002, 2.0461303E+002, 4.3228595E+000, 4.3461262E+000, 4.3177520E+000, 4.2672758E+000, 4.3086310E+000, 4.3377512E+000, 4.3267308E+000, 4.4177269E+000, 4.4223598E+000, 4.3035772E+000, 4.4219570E+000, 4.7467909E+000, 4.9614053E+000, 5.1201746E+000, 5.0859559E+000, 4.8729899E+000, 4.0476028E+000, 5.0914333E+000, 6.8455135E+000, 8.1396285E+000, 1.0279115E+001, 8.3897156E+000, 7.5357149E+000, 7.6593180E+004, 6.8117953E-001, 2.1739319E+001, 3.7171867E+001
 6.2015119E+001, 2.0001093E+001, 2.0003679E+001, 2.0013671E+001, 2.0046231E+001, 2.0078221E+001, 2.0130437E+001, 2.0202081E+001, 2.0341803E+001, 2.0610679E+001, 2.1209651E+001, 2.2608672E+001, 2.5771803E+001, 2.9906281E+001, 3.3145896E+001, 4.8819296E+001, 1.2571123E+002, 7.6325594E+001, 1.1584998E+002, 1.9340161E+002, 3.0109850E+002, 3.3216137E+002, 3.2844797E+002, 2.4076869E+002, 4.1348823E+000, 4.0110974E+000, 3.9982203E+000, 3.8711386E+000, 3.8455992E+000, 3.7670517E+000, 3.8140391E+000, 3.7350018E+000, 3.7515783E+000, 3.8540294E+000, 3.8897522E+000, 3.8568891E+000, 4.0896363E+000, 4.1627373E+000, 4.4676520E+000, 4.6032265E+000, 4.8703371E+000, 3.9461924E+000, 4.3891668E+000, 3.9561064E+000, 8.2252189E+000, 7.9463504E+000, 8.0334850E+000, 7.4637480E+004, 7.5859461E-001, 2.3490961E+001, 2.8224834E+001
 6.3003558E+001, 2.0000463E+001, 2.0004086E+001, 2.0014970E+001, 2.0047110E+001, 2.0079944E+001, 2.0126188E+001, 2.0208981E+001, 2.0352562E+001, 2.0645545E+001, 2.1285479E+001, 2.2650233E+001, 2.5564994E+001, 3.0053671E+001, 3.4869660E+001, 7.1985175E+001, 2.9285757E+002, 2.9814795E+002, 3.1362719E+002, 3.3807851E+002, 3.1166824E+002, 2.1785033E+002, 2.2807990E+002, 2.9298033E+002, 4.4156215E+000, 4.3244307E+000, 4.3396405E+000, 4.4076837E+000, 4.4022174E+000, 4.3859869E+000, 4.3106241E+000, 4.3562264E+000, 4.4248468E+000, 4.3807941E+000, 4.6387307E+000, 4.7707795E+000, 4.6618591E+000, 4.3681490E+000, 4.0388090E+000, 3.9421876E+000, 6.3663427E+000, 8.6056664E+000, 9.6588194E+000, 9.6116323E+000, 7.5971739E+000, 8.0710858E+000, 8.8518205E+000, 8.7705220E+004, 7.9886718E-001, 2.1824160E+001, 3.8845405E+001
 6.4012964E+001, 2.0000305E+001, 2.0003299E+001, 2.0015283E+001, 2.0048469E+001, 2.0080608E+001, 2.0126971E+001, 2.0201775E+001, 2.0330305E+001, 2.0635789E+001, 2.1232835E+001, 2.2542337E+001, 2.5342229E+001, 2.9249800E+001, 3.2945531E+001, 4.9019357E+001, 1.5880653E+002, 2.8682027E+002, 3.7388175E+002, 4.5599322E+002, 4.1914663E+002, 2.9432115E+002, 1.9414231E+002, 2.0238832E+002, 4.3855404E+000, 4.2906964E+000, 4.1852792E+000, 4.1799509E+000, 4.1495955E+000, 4.2088887E+000, 4.2500065E+000, 4.2415145E+000, 4.1144886E+000, 4.2073944E+000, 4.3764739E+000, 4.6585951E+000, 4.9616425E+000, 5.0767573E+000, 4.7329178E+000, 3.3581733E+000, 2.4147765E+000, 5.4440858E+000, 8.0182108E+000, 9.6966292E+000, 8.1879236E+000, 7.8745494E+000, 6.3094675E+000, 7.6850211E+004, 6.9705502E-001, 2.1825628E+001, 3.2804293E+001
 6.5003666E+001, 1.9999162E+001, 2.0002721E+001, 2.0014843E+001, 2.0051612E+001, 2.0084553E+001, 2.0135394E+001, 2.0210604E+001, 2.0353072E+001, 2.0623769E+001, 2.1302631E+001, 2.2855477E+001, 2.5834939E+001, 3.0014158E+001, 3.3371657E+001, 3.9115977E+001, 5.6579942E+001, 7.5810635E+001, 1.7358023E+002, 3.4850910E+002, 3.9920036E+002, 3.7826689E+002, 3.0197676E+002, 1.9422167E+002, 4.2951939E+000, 4.0984503E+000, 3.9274330E+000, 3.7539740E+000, 3.7563726E+000, 3.7020609E+000, 3.6796090E+000, 3.6771791E+000, 3.8023734E+000, 3.6914003E+000, 3.6120054E+000, 3.8689846E+000, 3.8306288E+000, 4.1205510E+000, 4.7468474E+000, 4.8536132E+000, 4.7286315E+000, 4.4288128E+000, 3.7902806E+000, 5.5367755E+000, 8.3018694E+000, 7.5411485E+000, 6.2041677E+000, 7.2317502E+004, 7.9563522E-001, 2.3400036E+001, 2.5465172E+001
 6.6006332E+001, 1.9999955E+001, 2.0001654E+001, 2.0013743E+001, 2.0051676E+001, 2.0088384E+001, 2.0141105E+001, 2.0221721E+001, 2.0372020E+001, 2.0673529E+001, 2.1317262E+001, 2.2701898E+001, 2.6071380E+001, 3.0735033E+001, 3.4647214E+001, 1.0050794E+002, 1.9183935E+002, 2.9139302E+002, 3.2391079E+002, 2.9611189E+002, 3.2133598E+002, 2.7581912E+002, 2.6467711E+002, 2.9543862E+002, 4.6004848E+000, 4.5370350E+000, 4.4097081E+000, 4.2861563E+000, 4.2500725E+000, 4.2216200E+000, 4.2894404E+000, 4.2696278E+000, 4.3393035E+000, 4.4674789E+000, 4.6784044E+000, 4.6137279E+000, 4.6473870E+000, 4.5492047E+000, 4.1494351E+000, 5.0812408E+000, 7.0761029E+000, 9.1417302E+000, 9.6172071E+000, 8.2771711E+000, 7.3365698E+000, 9.0581580E+000, 9.6836555E+000, 9.2843460E+004, 8.1327202E-001, 2.2226678E+001, 3.6418230E+001
 6.7009383E+001, 1.9999446E+001, 2.0001977E+001, 2.0011718E+001, 2.0045523E+001, 2.0079863E+001, 2.0133101E+001, 2.0215807E+001, 2.0357736E+001, 2.0652263E+001, 2.1274698E+001, 2.2596639E+001, 2.5330065E+001, 2.9068214E+001, 3.3259875E+001, 4.1091653E+001, 7.0675039E+001, 1.8686642E+002, 2.8956714E+002, 3.8807999E+002, 4.3151392E+002, 3.1931395E+002, 2.4108894E+002, 2.0162054E+002, 4.6195628E+000, 4.5896325E+000, 4.4763350E+000, 4.3825405E+000, 4.3518802E+000, 4.2528515E+000, 4.1990231E+000, 4.2150786E+000, 4.1866901E+000, 4.2978253E+000, 4.5688869E+000, 4.9169783E+000, 5.2154128E+000, 5.1861758E+000, 5.1350465E+000, 5.0679114E+000, 6.1299585E+000, 7.3415340E+000, 9.1921147E+000, 9.6712679E+000, 8.3379674E+000, 7.5106250E+000, 7.4123887E+000, 7.5066000E+004, 7.0092510E-001, 2.1488317E+001, 3.6549360E+001
 6.8006706E+001, 1.9998619E+001, 2.0001211E+001, 2.0011687E+001, 2.0045128E+001, 2.0078525E+001, 2.0129849E+001, 2.0217052E+001, 2.0375713E+001, 2.0699017E+001, 2.1379075E+001, 2.2985776E+001, 2.5952097E+001, 3.0139667E+001, 3.3622849E+001, 3.8773313E+001, 4.7792143E+001, 1.2671090E+002, 1.1246508E+002, 2.3231515E+002, 2.8205387E+002, 3.2091320E+002, 3.2965666E+002, 2.2838362E+002, 4.2655300E+000, 4.1170349E+000, 4.0326293E+000, 3.8083332E+000, 3.7099964E+000, 3.6334961E+000, 3.4615355E+000, 3.3625543E+000, 3.3128076E+000, 3.3135607E+000, 3.3103447E+000, 3.6118022E+000, 3.7757798E+000, 4.1192198E+000, 4.4753593E+000, 4.4783470E+000, 4.4587788E+000, 4.5338738E+000, 4.9561171E+000, 5.5340845E+000, 5.6479371E+000, 7.4658405E+000, 6.5885576E+000, 6.9494594E+004, 8.0199358E-001, 2.3735684E+001, 2.6307432E+001
 6.9004965E+001, 1.9999926E+001, 2.0000241E+001, 2.0011424E+001, 2.0046251E+001, 2.0080748E+001, 2.0133996E+001, 2.0216987E+001, 2.0384201E+001, 2.0734333E+001, 2.1493175E+001, 2.3101618E+001, 2.6587200E+001, 3.1343988E+001, 3.5467038E+001, 1.2144622E+002, 2.0385730E+002, 1.6032256E+002, 1.6688634E+002, 1.8521840E+002, 2.6330172E+002, 2.5397149E+002, 2.5178860E+002, 3.0416118E+002, 4.4888545E+000, 4.5153031E+000, 4.5060304E+000, 4.4423535E+000, 4.3788546E+000, 4.3533709E+000, 4.2839365E+000, 4.1651476E+000, 4.1211963E+000, 4.0366396E+000, 4.1961507E+000, 4.2450486E+000, 4.2386283E+000, 4.0753261E+000, 3.5950328E+000, 4.9769034E+000, 6.0085913E+000, 6.4767322E+000, 6.8064285E+000, 8.7829887E+000, 9.1099026E+000, 8.3779558E+000, 9.4881728E+000, 9.4739675E+004, 8.8812618E-001, 2.3226386E+001, 3.5277083E+001
 7.0005587E+001, 1.9999176E+001, 2.0002528E+001, 2.0009778E+001, 2.0043056E+001, 2.0075440E+001, 2.0125174E+001, 2.0204084E+001, 2.0344104E+001, 2.0640523E+001, 2.1304890E+001, 2.2708956E+001, 2.5758589E+001, 3.0287174E+001, 3.4879161E+001, 4.3205375E+001, 1.6583232E+002, 3.5931185E+002, 5.7180191E+002, 5.6102358E+002, 4.6876908E+002, 3.2710949E+002, 2.3614128E+002, 2.3097374E+002, 4.6258177E+000, 4.5546527E+000, 4.6358839E+000, 4.6364977E+000, 4.6304605E+000, 4.5659585E+000, 4.5666509E+000, 4.4941742E+000, 4.4732406E+000, 4.4345349E+000, 4.5184558E+000, 4.7374910E+000, 4.9729937E+000, 5.0018632E+000, 4.6980404E+000, 3.0717476E+000, 2.8380724E+000, 4.3083823E+000, 8.4524477E+000, 1.0360698E+001, 1.0152408E+001, 9.2154917E+000, 8.6262291E+000, 7.7688491E+004, 6.4147580E-001, 2.0090679E+001, 3.5729028E+001
 7.1017476E+001, 1.9997807E+001, 2.0001711E+001, 2.0011914E+001, 2.0039448E+001, 2.0071702E+001, 2.0117628E+001, 2.0196078E+001, 2.0336863E+001, 2.0627908E+001, 2.1265599E+001, 2.2812205E+001, 2.5927447E+001, 3.0204253E+001, 3.4201022E+001, 4.0456251E+001, 5.3650711E+001, 1.0879398E+002, 3.3229882E+002, 4.5415667E+002, 3.9072113E+002, 3.7933557E+002, 3.3726958E+002, 2.2165362E+002, 4.2009246E+000, 4.1597798E+000, 3.9793803E+000, 3.9573722E+000, 3.9270723E+000, 3.8373776E+000, 3.7234007E+000, 3.6211021E+000, 3.5644683E+000, 3.5242886E+000, 3.5241633E+000, 3.5810574E+000, 3.6646982E+000, 3.8456327E+000, 4.1482224E+000, 4.4224214E+000, 3.5610333E+000, 1.8926482E+000, 1.5618409E+000, 5.8112853E+000, 8.3806043E+000, 7.1835691E+000, 5.8575432E+000, 6.8653206E+004, 7.3230735E-001, 2.3127855E+001, 2.7341697E+001
 7.2004563E+001, 1.9999564E+001, 1.9997607E+001, 2.0012464E+001, 2.0044888E+001, 2.0072306E+001, 2.0120918E+001, 2.0198489E+001, 2.0349340E+001, 2.0663626E+001, 2.1341915E+001, 2.2852273E+001, 2.6252781E+001, 3.1006311E+001, 3.6334155E+001, 5.4657351E+001, 1.6156639E+002, 2.2038788E+002, 2.2600214E+002, 2.6173552E+002, 2.8763409E+002, 2.2136010E+002, 2.4301339E+002, 2.9396678E+002, 4.4332162E+000, 4.4736580E+000, 4.4602051E+000, 4.3895681E+000, 4.4659265E+000, 4.5058038E+000, 4.4583869E+000, 4.4482321E+000, 4.4099410E+000, 4.3550319E+000, 4.4188344E+000, 4.4371612E+000, 4.2672997E+000, 3.9800763E+000, 3.9644568E+000, 4.5868457E+000, 5.8855872E+000, 6.0774866E+000, 6.4914452E+000, 5.4947735E+000, 8.4833785E+000, 8.7719883E+000, 9.0500569E+000, 9.3334025E+004, 8.4445417E-001, 2.2125097E+001, 3.3187909E+001
 7.3005781E+001, 2.0000231E+001, 2.0001713E+001, 2.0005454E+001, 2.0043647E+001, 2.0077639E+001, 2.0123113E+001, 2.0190209E+001, 2.0321040E+001, 2.0600287E+001, 2.1215341E+001, 2.2552415E+001, 2.5363700E+001, 2.9620934E+001, 3.4003141E+001, 5.4555832E+001, 1.1123485E+002, 2.8287697E+002, 5.1073657E+002, 5.5923429E+002, 4.5696021E+002, 3.2069646E+002, 2.1290939E+002, 1.9108089E+002, 4.4843714E+000, 4.5160281E+000, 4.6055493E+000, 4.6224189E+000, 4.5638174E+000, 4.5614938E+000, 4.7201932E+000, 4.7624329E+000, 4.6968463E+000, 4.7640884E+000, 4.8562246E+000, 5.1351643E+000, 5.3004873E+000, 5.3617602E+000, 4.8710586E+000, 3.9580307E+000, 4.7138450E+000, 6.1295315E+000, 9.6877921E+000, 1.1320143E+001, 9.0405723E+000, 8.1109734E+000, 9.0337733E+000, 8.1598067E+004, 6.7931561E-001, 2.0808921E+001, 3.5495038E+001
 7.4008016E+001, 1.9999635E+001, 2.0002480E+001, 2.0010906E+001, 2.0032181E+001, 2.0068169E+001, 2.0124803E+001, 2.0208320E+001, 2.0339906E+001, 2.0615392E+001, 2.1233841E+001, 2.2667455E+001, 2.5699012E+001, 2.9940852E+001, 3.3543425E+001, 9.4488015E+001, 1.1623473E+002, 1.2101089E+002, 3.2983848E+002, 4.4611428E+002, 4.7324396E+002, 3.7356451E+002, 2.7780848E+002, 2.1409600E+002, 4.2816425E+000, 4.0250658E+000, 3.9783950E+000, 4.0626928E+000, 4.0483964E+000, 3.8385262E+000, 3.7066863E+000, 3.7263484E+000, 3.8421385E+000, 3.7988522E+000, 3.8570530E+000, 3.9800535E+000, 4.1252492E+000, 4.3462294E+000, 4.2045315E+000, 4.5956872E+000, 3.8961939E+000, 1.0616443E+000, 4.4189921E+000, 8.7720340E+000, 8.2043500E+000, 6.4079847E+000, 5.5294222E+000, 6.9846912E+004, 7.8375079E-001, 2.4647475E+001, 2.2422324E+001
 7.5013399E+001, 1.9996311E+001, 2.0002211E+001, 2.0014130E+001, 2.0046009E+001, 2.0073322E+001, 2.0115247E+001, 2.0202536E+001, 2.0369755E+001, 2.0689248E+001, 2.1336224E+001, 2.2778843E+001, 2.6082659E+001, 3.0730597E+001, 3.4993292E+001, 8.5109240E+001, 1.8827757E+002, 1.9815769E+002, 1.8397296E+002, 2.3651258E+002, 2.6666148E+002, 2.9251447E+002, 2.5357333E+002, 2.3608642E+002, 4.5644283E+000, 4.4770527E+000, 4.3863892E+000, 4.3674128E+000, 4.4079887E+000, 4.6464561E+000, 4.5574071E+000, 4.3884170E+000, 4.3176314E+000, 4.4913309E+000, 4.5960964E+000, 4.7377668E+000, 4.6325195E+000, 4.5230755E+000, 4.5378658E+000, 4.8766237E+000, 5.8207149E+000, 6.8846528E+000, 6.3559713E+000, 7.7375950E+000, 9.7960769E+000, 9.2156325E+000, 8.0994105E+000, 9.0640963E+004, 8.8231423E-001, 2.3420589E+001, 2.4544281E+001
 7.6004167E+001, 1.9998766E+001, 1.9997553E+001, 2.0013958E+001, 2.0049474E+001, 2.0081085E+001, 2.0128858E+001, 2.0194301E+001, 2.0317300E+001, 2.0612410E+001, 2.1257698E+001, 2.2578806E+001, 2.5406333E+001, 2.9529958E+001, 3.3681041E+001, 4.1503360E+001, 8.5394685E+001, 1.8127318E+002, 2.2646293E+002, 2.8004975E+002, 3.5839877E+002, 2.8898428E+002, 2.3897260E+002, 2.2965425E+002, 4.6276011E+000, 4.6576898E+000, 4.5604421E+000, 4.5198504E+000, 4.5599374E+000, 4.5882034E+000, 4.6773420E+000, 4.8770602E+000, 4.8593044E+000, 4.7296102E+000, 4.8322845E+000, 5.1859766E+000, 5.4225695E+000, 5.4567617E+000, 5.4010498E+000, 4.6881274E+000, 4.1937894E+000, 4.4743344E+000, 5.2761784E+000, 7.4772859E+000, 1.0349626E+001, 9.2604794E+000, 8.7627561E+000, 7.7029682E+004, 7.1594114E-001, 2.1450727E+001, 3.4067818E+001
 7.7000663E+001, 1.9999570E+001, 2.0000529E+001, 2.0005796E+001, 2.0049254E+001, 2.0082576E+001, 2.0132763E+001, 2.0206930E+001, 2.0350349E+001, 2.0593081E+001, 2.1185844E+001, 2.2637458E+001, 2.5579920E+001, 2.9575032E+001, 3.3213836E+001, 5.7074989E+001, 5.5909992E+001, 1.4343983E+002, 1.8879503E+002, 3.0551682E+002, 3.6889935E+002, 4.0241176E+002, 2.7819775E+002, 2.2241709E+002, 4.2722282E+000, 4.1652795E+000, 4.1862179E+000, 3.8632363E+000, 3.8086732E+000, 3.7628091E+000, 3.7736493E+000, 3.7084347E+000, 3.8247123E+000, 4.0656750E+000, 3.9941109E+000, 4.0167973E+000, 4.1823940E+000, 4.5276354E+000, 4.2188677E+000, 4.4416350E+000, 3.8981968E+000, 3.7811353E+000, 3.0758221E+000, 3.4001540E+000, 6.2566498E+000, 7.5653380E+000, 7.2384007E+000, 6.7347571E+004, 7.5423564E-001, 2.3277719E+001, 2.5922975E+001
 7.8007503E+001, 2.0000798E+001, 2.0001819E+001, 2.0009952E+001, 2.0038860E+001, 2.0079690E+001, 2.0136467E+001, 2.0217583E+001, 2.0362052E+001, 2.0672635E+001, 2.1301983E+001, 2.2644420E+001, 2.5678713E+001, 2.9983735E+001, 4.8646662E+001, 2.1333179E+002, 2.8107697E+002, 2.4140666E+002, 2.9154268E+002, 3.2317283E+002, 3.2462039E+002, 3.3478473E+002, 2.8192424E+002, 2.5848127E+002, 4.4045460E+000, 4.4536327E+000, 4.3850676E+000, 4.4830892E+000, 4.3635658E+000, 4.2155309E+000, 4.0967595E+000, 4.2662932E+000, 4.2026342E+000, 4.2590652E+000, 4.6418969E+000, 4.7046207E+000, 4.5687624E+000, 4.0323445E+000, 5.1288463E+000, 4.9469116E+000, 6.3409285E+000, 7.5276590E+000, 8.1650942E+000, 8.7329152E+000, 6.1673467E+000, 7.1078517E+000, 8.7960206E+000, 8.9911680E+004, 8.0477829E-001, 2.1818398E+001, 3.8261371E+001
 7.9004235E+001, 2.0000888E+001, 2.0003436E+001, 2.0012516E+001, 2.0040976E+001, 2.0066193E+001, 2.0114021E+001, 2.0201842E+001, 2.0344955E+001, 2.0631602E+001, 2.1253936E+001, 2.2574956E+001, 2.5201145E+001, 2.9237872E+001, 3.3263620E+001, 7.5425819E+001, 2.0303880E+002, 3.4263028E+002, 4.4894093E+002, 5.2943776E+002, 5.2567985E+002, 3.7161524E+002, 3.1160600E+002, 2.6225862E+002, 4.4775556E+000, 4.4987340E+000, 4.5672835E+000, 4.6410159E+000, 4.6053033E+000, 4.7556508E+000, 4.6645702E+000, 4.4612040E+000, 4.5533516E+000, 4.6468892E+000, 4.7261971E+000, 5.1238396E+000, 5.4504230E+000, 5.5210562E+000, 5.6606455E+000, 5.5768633E+000, 6.8989702E+000, 9.5647577E+000, 1.0594054E+001, 1.0953383E+001, 1.1636280E+001, 9.6487276E+000, 7.5646607E+000, 8.4192608E+004, 6.7472924E-001, 2.0864884E+001, 3.4612890E+001
 8.0017679E+001, 1.9999261E+001, 2.0004211E+001, 2.0013751E+001, 2.0044042E+001, 2.0074676E+001, 2.0116739E+001, 2.0182901E+001, 2.0322504E+001, 2.0636216E+001, 2.1269750E+001, 2.2709567E+001, 2.5598349E+001, 2.9664816E+001, 3.3176004E+001, 4.1815897E+001, 4.7467729E+001, 8.2375655E+001, 2.2648202E+002, 4.2910054E+002, 4.1102050E+002, 4.0135380E+002, 2.5229951E+002, 2.5563371E+002, 4.1032254E+000, 3.9688119E+000, 3.9632669E+000, 3.9585471E+000, 3.9016375E+000, 3.7923991E+000, 3.8695122E+000, 3.8514481E+000, 3.5869833E+000, 3.5859197E+000, 3.6358313E+000, 3.8668396E+000, 4.0627156E+000, 4.2338757E+000, 4.6653438E+000, 4.8234201E+000, 5.1522252E+000, 5.6176885E+000, 6.1283038E+000, 6.6783642E+000, 7.7252438E+000, 6.6287091E+000, 7.3006272E+000, 6.7416316E+004, 7.0349065E-001, 2.2843525E+001, 2.8939032E+001
 8.1003577E+001, 2.0000688E+001, 2.0000923E+001, 2.0015443E+001, 2.0048311E+001, 2.0079802E+001, 2.0127751E+001, 2.0204058E+001, 2.0341853E+001, 2.0638633E+001, 2.1352493E+001, 2.2894127E+001, 2.6202461E+001, 3.0757515E+001, 3.4859953E+001, 6.9597667E+001, 1.1524373E+002, 1.5935857E+002, 2.5890913E+002, 3.1990376E+002, 3.2944498E+002, 2.2720537E+002, 2.6396873E+002, 2.2871672E+002, 4.3057962E+000, 4.3170498E+000, 4.2584622E+000, 4.1890583E+000, 4.2979323E+000, 4.3271691E+000, 4.2432938E+000, 4.3486684E+000, 4.4345878E+000, 4.3117313E+000, 4.2978335E+000, 4.3137088E+000, 4.3137137E+000, 4.1147119E+000, 4.2696105E+000, 5.6764356E+000, 6.3200151E+000, 7.9130144E+000, 8.8616026E+000, 9.1832323E+000, 7.0996528E+000, 8.6007367E+000, 8.4790352E+000, 9.0942553E+004, 8.4407157E-001, 2.2406955E+001, 4.0588728E+001
 8.2004981E+001, 2.0000948E+001, 2.0003716E+001, 2.0011489E+001, 2.0049216E+001, 2.0080754E+001, 2.0129132E+001, 2.0203003E+001, 2.0340867E+001, 2.0625286E+001, 2.1222880E+001, 2.2535917E+001, 2.5441141E+001, 3.0289969E+001, 3.4710871E+001, 4.4606517E+001, 1.9247256E+002, 3.2512762E+002, 4.2019001E+002, 4.9154378E+002, 4.8871198E+002, 3.2932824E+002, 2.0473519E+002, 2.0100483E+002, 4.4602012E+000, 4.4501247E+000, 4.4660474E+000, 4.4022738E+000, 4.4450463E+000, 4.5053687E+000, 4.6115952E+000, 4.6088793E+000, 4.6411785E+000, 4.7171500E+000, 5.0819000E+000, 5.1024240E+000, 5.2075305E+000, 5.2397693E+000, 4.9634609E+000, 3.6857350E+000, 4.3332640E+000, 6.7091652E+000, 8.7599195E+000, 1.0920295E+001, 9.8509036E+000, 8.4107226E+000, 8.1591263E+000, 8.1038491E+004, 6.8950812E-001, 2.1050425E+001, 3.9393823E+001
 8.3009730E+001, 2.0001311E+001, 2.0003514E+001, 2.0014873E+001, 2.0044905E+001, 2.0083894E+001, 2.0131133E+001, 2.0213952E+001, 2.0353699E+001, 2.0648691E+001, 2.1290004E+001, 2.2696590E+001, 2.5690063E+001, 2.9798579E+001, 5.8143781E+001, 5.6709765E+001, 5.6843120E+001, 1.3121132E+002, 2.7100330E+002, 4.2220770E+002, 3.9505054E+002, 3.6650716E+002, 2.3624421E+002, 1.8711956E+002, 4.2089775E+000, 3.9936242E+000, 3.8396549E+000, 3.9050124E+000, 3.7322626E+000, 3.6887246E+000, 3.6513234E+000, 3.6834595E+000, 3.7211778E+000, 3.7341328E+000, 3.7991657E+000, 4.0598059E+000, 4.2355311E+000, 4.5183908E+000, 4.5403945E+000, 4.6422614E+000, 3.7284830E+000, 4.1994431E+000, 5.4864140E+000, 6.0677376E+000, 7.3807302E+000, 5.8241171E+000, 6.0933452E+000, 6.8774496E+004, 7.4654420E-001, 2.3913262E+001, 2.5672145E+001
 8.4012722E+001, 2.0001210E+001, 2.0004387E+001, 2.0015238E+001, 2.0050975E+001, 2.0079985E+001, 2.0136553E+001, 2.0224369E+001, 2.0379359E+001, 2.0709745E+001, 2.1386863E+001, 2.2926225E+001, 2.6217861E+001, 3.0849770E+001, 8.5975685E+001, 2.4310048E+002, 2.4441301E+002, 2.8019474E+002, 2.1232416E+002, 2.2825430E+002, 2.6405494E+002, 2.3643154E+002, 2.3134966E+002, 2.0940244E+002, 4.3626224E+000, 4.2971386E+000, 4.2722542E+000, 4.1415525E+000, 4.3017336E+000, 4.2365386E+000, 4.1599737E+000, 4.1128918E+000, 4.2036317E+000, 4.2695906E+000, 4.3901618E+000, 4.3791069E+000, 4.3354706E+000, 3.4327798E+000, 4.1462717E+000, 5.5561173E+000, 6.9142520E+000, 8.0919249E+000, 7.2537321E+000, 6.4681134E+000, 7.1283419E+000, 8.1271010E+000, 7.3297799E+000, 8.6660293E+004, 8.4700940E-001, 2.2690379E+001, 3.4323716E+001
 8.5007343E+001, 2.0001187E+001, 2.0004119E+001, 2.0016030E+001, 2.0049223E+001, 2.0084883E+001, 2.0132346E+001, 2.0204238E+001, 2.0357331E+001, 2.0661812E+001, 2.1309054E+001, 2.2702093E+001, 2.5579001E+001, 2.9771840E+001, 3.6345861E+001, 1.3322550E+002, 1.9528345E+002, 2.9780707E+002, 4.5200237E+002, 5.9213832E+002, 5.2837383E+002, 3.3560061E+002, 1.9965877E+002, 1.7906680E+002, 4.3991038E+000, 4.4305515E+000, 4.3751174E+000, 4.3645535E+000, 4.2908753E+000, 4.2951566E+000, 4.5361665E+000, 4.3599438E+000, 4.3952680E+000, 4.3400230E+000, 4.6366787E+000, 4.9049633E+000, 5.1165206E+000, 4.8743027E+000, 4.6851433E+000, 5.4544261E+000, 6.2528875E+000, 5.6578398E+000, 8.5394485E+000, 1.0772838E+001, 9.7377106E+000, 7.4996547E+000, 7.9174174E+000, 8.2727764E+004, 6.4813944E-001, 1.9780835E+001, 3.6416407E+001
 8.6011555E+001, 2.0001014E+001, 2.0004176E+001, 2.0014007E+001, 2.0049564E+001, 2.0080764E+001, 2.0128731E+001, 2.0211981E+001, 2.0336708E+001, 2.0624171E+001, 2.1294042E+001, 2.2735745E+001, 2.5821692E+001, 2.9807837E+001, 3.5801709E+001, 1.1763093E+002, 1.9973831E+002, 2.9487781E+002, 4.4664243E+002, 5.2474099E+002, 4.7635517E+002, 3.9101982E+002, 3.5807116E+002, 2.3916394E+002, 4.1605586E+000, 4.0142328E+000, 3.9660400E+000, 3.7775675E+000, 3.8308316E+000, 3.7179894E+000, 3.5663638E+000, 3.7253671E+000, 3.8153632E+000, 3.6306945E+000, 3.8296683E+000, 3.9089680E+000, 4.0848547E+000, 3.7141829E+000, 3.9962301E+000, 5.0722837E+000, 6.0077976E+000, 7.4678070E+000, 8.0320323E+000, 8.8469416E+000, 8.5836806E+000, 9.3415437E+000, 6.7985121E+000, 7.5008279E+004, 7.0254469E-001, 2.2555724E+001, 2.4992668E+001
 8.7005294E+001, 1.9999536E+001, 2.0004107E+001, 2.0016152E+001, 2.0050321E+001, 2.0087385E+001, 2.0138962E+001, 2.0216506E+001, 2.0376416E+001, 2.0690548E+001, 2.1316082E+001, 2.2876678E+001, 2.6168735E+001, 3.0690354E+001, 3.4671359E+001, 1.4869243E+002, 2.1135261E+002, 2.8713683E+002, 3.2990546E+002, 3.7452855E+002, 3.5800360E+002, 2.6705182E+002, 2.5554860E+002, 2.7657543E+002, 4.4538380E+000, 4.3557028E+000, 4.3012947E+000, 4.3232540E+000, 4.3140364E+000, 4.2574055E+000, 4.3264389E+000, 4.2109836E+000, 4.2581093E+000, 4.5149835E+000, 4.5667568E+000, 4.5638866E+000, 4.7204465E+000, 4.1316741E+000, 4.0089737E+000, 5.5685985E+000, 7.4541284E+000, 8.0418170E+000, 8.9838606E+000, 9.6593491E+000, 1.0133444E+001, 9.6738228E+000, 9.4271354E+000, 8.7059250E+004, 8.5339419E-001, 2.3868843E+001, 2.8597750E+001
 8.8013152E+001, 2.0000306E+001, 2.0002247E+001, 2.0016993E+001, 2.0053462E+001, 2.0086278E+001, 2.0140351E+001, 2.0226432E+001, 2.0369003E+001, 2.0670295E+001, 2.1364065E+001, 2.2746331E+001, 2.5524598E+001, 3.0180071E+001, 3.4650469E+001, 4.8000660E+001, 1.2634915E+002, 2.8776731E+002, 3.9677925E+002, 4.5931657E+002, 4.1190637E+002, 3.0147347E+002, 2.0370137E+002, 1.9354772E+002, 4.4096726E+000, 4.4443277E+000, 4.3006798E+000, 4.2822535E+000, 4.3562784E+000, 4.2977282E+000, 4.2829976E+000, 4.1937518E+000, 4.2621679E+000, 4.2100013E+000, 4.5485483E+000, 4.9193458E+000, 5.1462619E+000, 5.0028979E+000, 4.9561067E+000, 4.2642075E+000, 3.7721908E+000, 7.0560854E+000, 8.4319255E+000, 8.9202502E+000, 9.3869342E+000, 9.1513598E+000, 9.1860176E+000, 7.6837104E+004, 7.0043031E-001, 2.0854361E+001, 3.2836828E+001
 8.9006772E+001, 2.0000948E+001, 2.0003212E+001, 2.0012854E+001, 2.0053871E+001, 2.0089835E+001, 2.0138932E+001, 2.0219759E+001, 2.0373564E+001, 2.0696389E+001, 2.1365174E+001, 2.2931468E+001, 2.6220985E+001, 3.0370173E+001, 3.3953763E+001, 4.1143110E+001, 4.6131884E+001, 9.3844615E+001, 1.7259388E+002, 2.7729279E+002, 4.3403294E+002, 3.3583981E+002, 2.9352563E+002, 2.1397609E+002, 4.2205276E+000, 4.0779496E+000, 4.0930679E+000, 3.8245957E+000, 3.7861385E+000, 3.7820147E+000, 3.7835298E+000, 3.6994421E+000, 3.6454105E+000, 3.5915473E+000, 3.8553499E+000, 3.7177908E+000, 4.2219162E+000, 4.5414301E+000, 4.7212924E+000, 4.6622421E+000, 4.2409006E+000, 4.7971771E+000, 5.8896413E+000, 6.2760219E+000, 8.4237407E+000, 8.0890296E+000, 7.7619778E+000, 7.1678117E+004, 7.6661517E-001, 2.3167312E+001, 2.6864183E+001
 9.0015204E+001, 2.0000949E+001, 2.0003792E+001, 2.0015248E+001, 2.0050989E+001, 2.0093162E+001, 2.0149622E+001, 2.0233861E+001, 2.0383562E+001, 2.0711398E+001, 2.1440439E+001, 2.2994825E+001, 2.6361517E+001, 3.1392961E+001, 3.6329482E+001, 4.2010598E+001, 6.7022731E+001, 9.0464872E+001, 9.7954992E+001, 1.6292289E+002, 1.7566242E+002, 2.6111247E+002, 2.4102260E+002, 2.3448472E+002, 4.3586735E+000, 4.4049275E+000, 4.3336808E+000, 4.4012906E+000, 4.2756837E+000, 4.2265353E+000, 4.2534816E+000, 4.2889556E+000, 4.4295270E+000, 4.1828551E+000, 4.3850896E+000, 4.5552824E+000, 4.5569740E+000, 4.4704149E+000, 4.6375604E+000, 4.9117798E+000, 5.5275017E+000, 5.7898767E+000, 6.0901576E+000, 6.8570632E+000, 7.9627910E+000, 8.7447973E+000, 8.6252050E+000, 8.6534203E+004, 8.4067701E-001, 2.2009630E+001, 2.9589332E+001
 9.1004224E+001, 2.0000902E+001, 2.0003888E+001, 2.0015479E+001, 2.0051273E+001, 2.0082156E+001, 2.0138346E+001, 2.0230829E+001, 2.0382325E+001, 2.0685184E+001, 2.1319547E+001, 2.2758292E+001, 2.5870200E+001, 3.0668024E+001, 3.5027726E+001, 4.3140089E+001, 5.1048121E+001, 1.3544897E+002, 2.5601230E+002, 2.8640332E+002, 2.8773997E+002, 1.9718559E+002, 2.0916805E+002, 2.1356751E+002, 4.4551474E+000, 4.3723903E+000, 4.4012594E+000, 4.3670028E+000, 4.5139906E+000, 4.3789713E+000, 4.3527591E+000, 4.1890827E+000, 4.3372877E+000, 4.4795471E+000, 4.6445474E+000, 4.7263557E+000, 4.9052322E+000, 5.0950244E+000, 5.0678532E+000, 4.8446408E+000, 3.6961233E+000, 3.8323051E+000, 6.3329827E+000, 7.7590004E+000, 8.5888025E+000, 8.2396822E+000, 8.4025386E+000, 7.8323267E+004, 6.9553890E-001, 2.0531448E+001, 3.9475384E+001
 9.2001800E+001, 2.0000670E+001, 2.0004039E+001, 2.0015282E+001, 2.0049033E+001, 2.0083871E+001, 2.0132520E+001, 2.0208078E+001, 2.0376050E+001, 2.0701455E+001, 2.1386896E+001, 2.2830679E+001, 2.5889395E+001, 3.0455888E+001, 3.5103383E+001, 4.2324991E+001, 4.7144365E+001, 7.2961008E+001, 1.3108775E+002, 1.9669195E+002, 3.3726625E+002, 3.5938266E+002, 2.7360094E+002, 1.9821880E+002, 4.1882207E+000, 4.0473897E+000, 3.9473680E+000, 3.8848117E+000, 3.8932227E+000, 3.7427323E+000, 3.9585965E+000, 3.6559475E+000, 3.5911380E+000, 3.5401497E+000, 3.8386731E+000, 4.1647434E+000, 4.2676647E+000, 4.2084216E+000, 4.2768821E+000, 4.5170811E+000, 4.3703807E+000, 3.6709981E+000, 3.2126183E+000, 3.5728329E+000, 8.0866541E+000, 8.7337595E+000, 6.3584143E+000, 7.4475607E+004, 7.3608340E-001, 2.2212035E+001, 3.0446770E+001
 9.3010443E+001, 2.0001652E+001, 2.0003327E+001, 2.0015804E+001, 2.0053023E+001, 2.0087279E+001, 2.0139412E+001, 2.0227595E+001, 2.0372423E+001, 2.0711141E+001, 2.1480804E+001, 2.3146066E+001, 2.6489679E+001, 3.0985651E+001, 3.5669949E+001, 6.4119159E+001, 7.2885795E+001, 7.4763403E+001, 1.7692230E+002, 1.8689204E+002, 2.1356339E+002, 2.4444569E+002, 2.8210304E+002, 2.9231246E+002, 4.2461224E+000, 4.2822300E+000, 4.1625299E+000, 4.0441532E+000, 4.1531539E+000, 4.0994555E+000, 4.0462253E+000, 4.1385905E+000, 4.1579360E+000, 3.9577121E+000, 3.9022019E+000, 4.1593735E+000, 4.2913117E+000, 4.2817009E+000, 4.5125155E+000, 5.1582340E+000, 5.1287908E+000, 5.1364985E+000, 5.8781012E+000, 6.0234396E+000, 7.0830205E+000, 7.0278078E+000, 9.7126647E+000, 8.5122943E+004, 8.1140925E-001, 2.3557825E+001, 3.5262979E+001
 9.4002771E+001, 1.9999867E+001, 2.0005025E+001, 2.0014690E+001, 2.0050811E+001, 2.0085910E+001, 2.0140537E+001, 2.0220398E+001, 2.0372812E+001, 2.0686034E+001, 2.1330979E+001, 2.2859743E+001, 2.6266889E+001, 3.1344953E+001, 3.5850483E+001, 6.0903103E+001, 2.1889882E+002, 3.6267696E+002, 5.3021593E+002, 5.4638187E+002, 4.2867370E+002, 2.5821034E+002, 2.1314513E+002, 2.4134857E+002, 4.5081413E+000, 4.3611450E+000, 4.4139899E+000, 4.3839610E+000, 4.3815813E+000, 4.3629808E+000, 4.4392668E+000, 4.4531517E+000, 4.3826900E+000, 4.6345846E+000, 4.7388119E+000, 4.7992116E+000, 4.9292240E+000, 5.1725656E+000, 4.7006932E+000, 3.9616092E+000, 6.9879518E+000, 8.2228526E+000, 1.0258035E+001, 1.1399297E+001, 9.4362810E+000, 9.2650058E+000, 7.3081952E+000, 8.7106135E+004, 7.0108953E-001, 2.0994817E+001, 4.1773419E+001
 9.5004113E+001, 1.9998572E+001, 2.0003314E+001, 2.0016792E+001, 2.0048832E+001, 2.0084161E+001, 2.0135243E+001, 2.0219541E+001, 2.0367070E+001, 2.0665025E+001, 2.1354060E+001, 2.2793779E+001, 2.5835450E+001, 3.0585355E+001, 3.5227574E+001, 4.5508007E+001, 5.0194799E+001, 1.0232085E+002, 2.4099276E+002, 5.3946532E+002, 4.7499213E+002, 3.1786382E+002, 2.6690534E+002, 2.0061293E+002, 4.3556039E+000, 4.1277437E+000, 3.9568708E+000, 4.0213352E+000, 3.9769333E+000, 3.8822753E+000, 3.7672037E+000, 3.7953783E+000, 3.8465716E+000, 3.7908076E+000, 3.9320639E+000, 4.3181980E+000, 4.2453522E+000, 4.2840645E+000, 4.6479985E+000, 5.1163608E+000, 4.9749462E+000, 4.7006211E+000, 2.1187144E+000, 6.4435979E+000, 7.8980163E+000, 8.0035010E+000, 6.9287234E+000, 7.2656209E+004, 6.7570832E-001, 2.1312861E+001, 2.2996556E+001
 9.6008339E+001, 1.9997460E+001, 2.0000054E+001, 2.0015665E+001, 2.0053377E+001, 2.0085110E+001, 2.0137338E+001, 2.0224225E+001, 2.0387298E+001, 2.0722703E+001, 2.1432785E+001, 2.3018942E+001, 2.6564466E+001, 3.1157060E+001, 3.5808408E+001, 6.5859438E+001, 1.8013669E+002, 2.3965076E+002, 2.4319761E+002, 2.0498075E+002, 2.7780203E+002, 2.6983030E+002, 2.1863999E+002, 2.3625856E+002, 4.4582696E+000, 4.3846699E+000, 4.1945049E+000, 4.0794360E+000, 4.1848281E+000, 4.1720710E+000, 4.0877346E+000, 3.9980956E+000, 3.9608893E+000, 4.0940316E+000, 4.1538878E+000, 4.2647088E+000, 4.4433339E+000, 4.4071627E+000, 3.8727815E+000, 3.7790638E+000, 4.9476407E+000, 5.7743100E+000, 6.9282334E+000, 4.9816325E+000, 7.4563361E+000, 8.1635459E+000, 8.8490452E+000, 8.4646142E+004, 8.1573171E-001, 2.2646663E+001, 2.3143325E+001
 9.7011309E+001, 1.9998894E+001, 1.9998077E+001, 2.0010393E+001, 2.0052633E+001, 2.0090129E+001, 2.0142217E+001, 2.0220169E+001, 2.0373429E+001, 2.0699135E+001, 2.1411343E+001, 2.2937515E+001, 2.6180853E+001, 3.1152633E+001, 3.5716084E+001, 4.6586379E+001, 1.3628211E+002, 2.3164108E+002, 2.8660471E+002, 3.5853309E+002, 3.7648447E+002, 2.9174361E+002, 2.1528390E+002, 2.0182269E+002, 4.5982050E+000, 4.6251936E+000, 4.6306979E+000, 4.4465720E+000, 4.3496646E+000, 4.4233838E+000, 4.5186369E+000, 4.5369027E+000, 4.4051846E+000, 4.4889351E+000, 4.5949136E+000, 4.9726060E+000, 5.0165438E+000, 5.0667705E+000, 5.0615538E+000, 4.9709233E+000, 4.9385608E+000, 6.1459581E+000, 6.7252431E+000, 9.4744130E+000, 1.0554761E+001, 8.6402766E+000, 8.3146563E+000, 7.9312090E+004, 7.3922363E-001, 2.1271517E+001, 3.3021553E+001
 9.8005691E+001, 1.9999227E+001, 2.0000388E+001, 2.0007419E+001, 2.0043131E+001, 2.0083507E+001, 2.0144178E+001, 2.0230753E+001, 2.0373264E+001, 2.0672713E+001, 2.1372353E+001, 2.2904906E+001, 2.6223511E+001, 3.1132331E+001, 3.5430987E+001, 4.1951095E+001, 5.0010388E+001, 1.1351939E+002, 2.0639813E+002, 2.7381955E+002, 3.6496911E+002, 3.3227144E+002, 2.7649673E+002, 2.1451022E+002, 4.2575284E+000, 4.2913829E+000, 4.2165280E+000, 4.1448471E+000, 3.9580741E+000, 3.7945429E+000, 3.6634120E+000, 3.8142104E+000, 3.8221898E+000, 3.8025128E+000, 3.8057805E+000, 4.0219364E+000, 4.2439977E+000, 4.4809202E+000, 4.7064431E+000, 4.6304710E+000, 4.6630450E+000, 4.8516741E+000, 4.4289550E+000, 5.2811425E+000, 8.0236514E+000, 8.7346943E+000, 8.3463775E+000, 7.1176821E+004, 6.9178818E-001, 2.1325593E+001, 2.8011009E+001
 9.9003307E+001, 1.9998262E+001, 2.0001697E+001, 2.0009436E+001, 2.0042627E+001, 2.0077751E+001, 2.0131133E+001, 2.0232173E+001, 2.0406168E+001, 2.0735420E+001, 2.1441363E+001, 2.3085287E+001, 2.6673040E+001, 3.1648827E+001, 3.5976343E+001, 4.2571142E+001, 5.2297976E+001, 5.9572801E+001, 1.0719453E+002, 2.4533581E+002, 2.9581805E+002, 2.9623306E+002, 2.4230191E+002, 2.2077453E+002, 4.3636619E+000, 4.2794192E+000, 4.3048638E+000, 4.2150243E+000, 4.1947458E+000, 4.2002394E+000, 3.8863716E+000, 3.7954928E+000, 3.8049986E+000, 3.9608839E+000, 4.0180380E+000, 4.0485021E+000, 4.0408809E+000, 4.2228011E+000, 4.6050802E+000, 5.1148021E+000, 5.1733782E+000, 5.8132271E+000, 5.8724080E+000, 6.7407096E+000, 7.7315366E+000, 7.8685760E+000, 7.5725895E+000, 8.4140435E+004, 8.2915280E-001, 2.3192831E+001, 3.0694321E+001
 1.0000709E+002, 2.0000289E+001, 2.0000531E+001, 2.0012406E+001, 2.0041479E+001, 2.0069959E+001, 2.0125181E+001, 2.0206463E+001, 2.0370086E+001, 2.0730081E+001, 2.1448616E+001, 2.3006265E+001, 2.6294759E+001, 3.0957595E+001, 3.5889385E+001, 5.6482262E+001, 7.8298617E+001, 1.8130691E+002, 2.7029067E+002, 2.9986624E+002, 3.2123752E+002, 2.2917695E+002, 2.3382837E+002, 2.2558117E+002, 4.6109383E+000, 4.6189566E+000, 4.6342807E+000, 4.7040987E+000, 4.6631860E+000, 4.7017608E+000, 4.7179873E+000, 4.6783831E+000, 4.4136519E+000, 4.4619482E+000, 4.6691347E+000, 4.9540577E+000, 5.0464816E+000, 4.9010361E+000, 5.0179145E+000, 5.3704012E+000, 5.6135216E+000, 7.0375536E+000, 8.5069069E+000, 8.6336613E+000, 8.3499350E+000, 9.1212447E+000, 8.5314480E+000, 8.8351614E+004, 7.4646544E-001, 2.1191983E+001, 4.2551268E+001
 1.0100073E+002, 2.0000300E+001, 2.0002252E+001, 2.0010326E+001, 2.0044344E+001, 2.0074734E+001, 2.0116923E+001, 2.0190834E+001, 2.0335119E+001, 2.0631389E+001, 2.1343359E+001, 2.2963097E+001, 2.6175442E+001, 3.0885218E+001, 3.5048143E+001, 5.7085666E+001, 1.0185790E+002, 1.7247332E+002, 2.4865447E+002, 4.1565239E+002, 4.9815597E+002, 4.0880462E+002, 2.6321103E+002, 2.0275566E+002, 4.3864625E+000, 4.3776680E+000, 4.3150061E+000, 4.2553253E+000, 4.2409695E+000, 4.2145344E+000, 4.1617509E+000, 4.1633499E+000, 4.1960154E+000, 4.0346859E+000, 3.9950405E+000, 4.2218562E+000, 4.3987610E+000, 4.6270262E+000, 4.5876861E+000, 5.3233603E+000, 6.4255161E+000, 7.7855960E+000, 9.0666202E+000, 9.8186721E+000, 1.0951261E+001, 7.3132509E+000, 7.3092170E+000, 7.1666967E+004, 6.6854636E-001, 2.2341967E+001, 2.9644256E+001
 1.0200437E+002, 2.0000625E+001, 2.0002777E+001, 2.0012731E+001, 2.0044146E+001, 2.0079095E+001, 2.0130210E+001, 2.0207764E+001, 2.0349226E+001, 2.0666752E+001, 2.1376178E+001, 2.2994330E+001, 2.6754157E+001, 3.1609708E+001, 3.6135884E+001, 4.6960195E+001, 1.0826069E+002, 1.7616290E+002, 2.0803118E+002, 2.5543785E+002, 3.2096912E+002, 3.3027205E+002, 2.9375031E+002, 2.8508619E+002, 4.3266165E+000, 4.2098280E+000, 4.1781302E+000, 4.0649695E+000, 3.9918028E+000, 4.0450791E+000, 3.9644226E+000, 3.9552675E+000, 3.9739973E+000, 3.9349727E+000, 3.9878200E+000, 3.8762772E+000, 3.9091338E+000, 4.0109790E+000, 4.0540170E+000, 4.8990428E+000, 6.4673191E+000, 8.2808350E+000, 7.8289206E+000, 8.0950665E+000, 8.4956906E+000, 8.2621332E+000, 8.0123522E+000, 8.2240747E+004, 8.1888565E-001, 2.2774255E+001, 3.0530146E+001
 1.0301131E+002, 2.0000022E+001, 2.0003721E+001, 2.0014417E+001, 2.0049309E+001, 2.0083753E+001, 2.0132486E+001, 2.0213320E+001, 2.0361368E+001, 2.0669328E+001, 2.1328444E+001, 2.2804790E+001, 2.6063821E+001, 3.1403128E+001, 3.6694898E+001, 5.0250848E+001, 1.7311050E+002, 1.6492373E+002, 2.6010506E+002, 3.5952060E+002, 3.5468830E+002, 2.8147128E+002, 2.3122058E+002, 2.3625501E+002, 4.6984383E+000, 4.6318971E+000, 4.6603726E+000, 4.7101921E+000, 4.6350921E+000, 4.6696400E+000, 4.7504010E+000, 4.7490755E+000, 4.7690729E+000, 4.8637718E+000, 4.9865087E+000, 5.1985718E+000, 5.1598614E+000, 4.8335832E+000, 4.7289739E+000, 4.2994792E+000, 5.5984282E+000, 6.7843757E+000, 9.6510523E+000, 1.1029915E+001, 1.0405710E+001, 9.7427161E+000, 9.5606523E+000, 8.5383936E+004, 7.4708864E-001, 2.1394612E+001, 4.1006796E+001
 1.0400588E+002, 1.9999824E+001, 2.0002509E+001, 2.0015466E+001, 2.0048802E+001, 2.0079755E+001, 2.0136022E+001, 2.0216638E+001, 2.0352314E+001, 2.0647992E+001, 2.1304517E+001, 2.2703225E+001, 2.5677000E+001, 3.0133854E+001, 3.4415521E+001, 4.3247640E+001, 9.3962460E+001, 1.7687720E+002, 2.5419609E+002, 4.2202691E+002, 4.6974819E+002, 3.1325547E+002, 2.3484301E+002, 2.0031135E+002, 4.4112459E+000, 4.3470960E+000, 4.1750667E+000, 4.1139457E+000, 4.1953225E+000, 4.0092470E+000, 3.9759565E+000, 3.9986747E+000, 4.0297495E+000, 4.0584091E+000, 4.2591357E+000, 4.5288792E+000, 4.7355577E+000, 4.9475737E+000, 4.7849424E+000, 3.8202570E+000, 3.3971504E+000, 5.5023759E+000, 5.9629391E+000, 8.5380491E+000, 8.7065358E+000, 8.4836532E+000, 7.4250697E+000, 7.0255042E+004, 6.4960934E-001, 2.0928358E+001, 3.1233023E+001
 1.0501316E+002, 1.9997820E+001, 2.0002146E+001, 2.0012713E+001, 2.0052907E+001, 2.0087192E+001, 2.0133250E+001, 2.0217633E+001, 2.0385255E+001, 2.0692893E+001, 2.1381229E+001, 2.3003510E+001, 2.6444950E+001, 3.0984041E+001, 3.5247217E+001, 4.1983183E+001, 4.7594997E+001, 8.0884590E+001, 1.4767858E+002, 2.0493392E+002, 2.7778498E+002, 3.2029491E+002, 2.3338022E+002, 2.1546061E+002, 4.4063607E+000, 4.2881742E+000, 4.1786608E+000, 3.9479298E+000, 3.9454014E+000, 4.0453426E+000, 3.9363860E+000, 3.7608322E+000, 3.8272513E+000, 3.8349483E+000, 3.9536670E+000, 4.0077797E+000, 4.1518791E+000, 4.3776885E+000, 4.6255773E+000, 4.9913660E+000, 4.3967534E+000, 3.9888435E+000, 5.4846445E+000, 6.4005568E+000, 7.8034172E+000, 7.5046129E+000, 7.6916606E+000, 7.5296815E+004, 7.7940791E-001, 2.1946117E+001, 2.5803133E+001
 1.0600029E+002, 1.9998772E+001, 1.9999811E+001, 2.0013231E+001, 2.0046647E+001, 2.0084213E+001, 2.0142169E+001, 2.0222505E+001, 2.0361525E+001, 2.0696341E+001, 2.1391286E+001, 2.2866515E+001, 2.6123575E+001, 3.1185384E+001, 3.6058306E+001, 6.0449025E+001, 8.4207454E+001, 1.2183992E+002, 1.7145000E+002, 2.2755759E+002, 2.7840417E+002, 2.4634892E+002, 2.8063342E+002, 2.3884557E+002, 4.6145923E+000, 4.7021680E+000, 4.6492315E+000, 4.6749996E+000, 4.5703547E+000, 4.5328147E+000, 4.6035497E+000, 4.6760955E+000, 4.6267653E+000, 4.5847861E+000, 4.7768377E+000, 5.0702555E+000, 5.1966183E+000, 5.0432083E+000, 4.9814944E+000, 5.0211419E+000, 5.3243485E+000, 5.7306215E+000, 6.5766550E+000, 7.7155505E+000, 9.0203653E+000, 9.8458512E+000, 9.7966706E+000, 9.5225563E+004, 7.2775736E-001, 1.9930855E+001, 4.0340346E+001
 1.0701036E+002, 2.0001001E+001, 2.0000139E+001, 2.0009744E+001, 2.0044327E+001, 2.0076194E+001, 2.0122549E+001, 2.0209839E+001, 2.0363005E+001, 2.0653082E+001, 2.1281557E+001, 2.2798659E+001, 2.5826611E+001, 3.0344922E+001, 3.4520124E+001, 4.2346114E+001, 5.9235318E+001, 1.0779508E+002, 1.8150192E+002, 3.3060567E+002, 4.8316674E+002, 3.9274581E+002, 2.9188916E+002, 2.3144480E+002, 4.3482610E+000, 4.3850264E+000, 4.4551241E+000, 4.3946244E+000, 4.3914798E+000, 4.2868071E+000, 4.2268336E+000, 4.1020893E+000, 4.1801641E+000, 4.3337305E+000, 4.3269301E+000, 4.5748926E+000, 4.7852073E+000, 5.0932109E+000, 5.2871831E+000, 5.0394434E+000, 4.8722010E+000, 4.9880563E+000, 4.1667946E+000, 7.6883476E+000, 1.0454012E+001, 9.1170564E+000, 6.9803725E+000, 7.3750839E+004, 6.2918989E-001, 2.0514511E+001, 3.1446849E+001
 1.0800179E+002, 2.0000370E+001, 2.0003398E+001, 2.0008351E+001, 2.0045324E+001, 2.0080287E+001, 2.0128191E+001, 2.0207110E+001, 2.0363888E+001, 2.0718847E+001, 2.1462305E+001, 2.3037960E+001, 2.6596205E+001, 3.1280795E+001, 3.5193400E+001, 4.3037264E+001, 4.8516175E+001, 6.4917760E+001, 1.4885187E+002, 1.8626275E+002, 3.3481501E+002, 3.0496717E+002, 3.0637011E+002, 3.0441878E+002, 4.1199452E+000, 4.0361752E+000, 4.0680358E+000, 3.9742648E+000, 3.9912520E+000, 3.9654840E+000, 3.8956273E+000, 3.7947068E+000, 3.6009661E+000, 3.5747609E+000, 3.7653932E+000, 3.8904609E+000, 3.9169495E+000, 4.1337638E+000, 4.4193727E+000, 4.7782726E+000, 4.5351422E+000, 4.4852546E+000, 5.0244855E+000, 2.1141859E+000, 6.2326102E+000, 8.3865093E+000, 7.1646011E+000, 7.2168356E+004, 7.9529640E-001, 2.2386231E+001, 2.4721330E+001
 1.0900012E+002, 2.0001451E+001, 2.0003018E+001, 2.0014720E+001, 2.0041469E+001, 2.0076000E+001, 2.0137479E+001, 2.0218770E+001, 2.0372895E+001, 2.0692238E+001, 2.1456605E+001, 2.3145941E+001, 2.6746882E+001, 3.1745691E+001, 3.6549525E+001, 4.4458425E+001, 6.4329805E+001, 1.1555305E+002, 2.0409127E+002, 2.6671767E+002, 2.8785177E+002, 2.4209994E+002, 2.1896305E+002, 2.4997143E+002, 4.3669915E+000, 4.4098588E+000, 4.4380660E+000, 4.5295866E+000, 4.6187387E+000, 4.5520779E+000, 4.5826869E+000, 4.6317470E+000, 4.5879233E+000, 4.5105382E+000, 4.4487945E+000, 4.6710844E+000, 4.7752275E+000, 4.7820360E+000, 4.8417063E+000, 4.8232990E+000, 5.0864292E+000, 6.6082150E+000, 7.6419673E+000, 8.1342417E+000, 5.9820365E+000, 7.1019862E+000, 9.2153943E+000, 9.4160138E+004, 7.9816649E-001, 2.1158271E+001, 3.3952384E+001
 1.1001277E+002, 2.0001085E+001, 2.0004447E+001, 2.0014162E+001, 2.0049172E+001, 2.0077989E+001, 2.0120471E+001, 2.0201740E+001, 2.0360214E+001, 2.0650896E+001, 2.1300099E+001, 2.2752015E+001, 2.6107806E+001, 3.1199799E+001, 3.5794802E+001, 4.4171899E+001, 6.4899594E+001, 1.3181764E+002, 3.2056634E+002, 4.6374259E+002, 4.4695956E+002, 3.7588251E+002, 2.4306364E+002, 2.0198860E+002, 4.3709226E+000, 4.2371837E+000, 4.2504757E+000, 4.3564812E+000, 4.4075088E+000, 4.4333936E+000, 4.4147660E+000, 4.3755848E+000, 4.3910455E+000, 4.5040252E+000, 4.6171453E+000, 4.7042456E+000, 4.8152969E+000, 4.9453897E+000, 5.0420351E+000, 4.8971414E+000, 4.4495990E+000, 4.7443654E+000, 7.2169435E+000, 1.0274441E+001, 1.0043169E+001, 7.5134327E+000, 5.9652922E+000, 7.4740238E+004, 6.5427569E-001, 2.1148098E+001, 3.1441388E+001
 1.1100302E+002, 2.0001971E+001, 2.0003856E+001, 2.0015932E+001, 2.0050191E+001, 2.0086686E+001, 2.0132288E+001, 2.0207765E+001, 2.0342450E+001, 2.0679815E+001, 2.1398467E+001, 2.2996716E+001, 2.6380333E+001, 3.1056919E+001, 4.3216430E+001, 5.1743036E+001, 9.6028263E+001, 2.0433231E+002, 2.7210101E+002, 3.0845064E+002, 3.5280455E+002, 2.8916028E+002, 3.1811177E+002, 2.5355693E+002, 4.1065553E+000, 3.9482390E+000, 3.8284946E+000, 3.7797464E+000, 3.6980280E+000, 3.9102133E+000, 3.7679402E+000, 3.8447826E+000, 3.7328626E+000, 3.7317519E+000, 3.8355440E+000, 3.9593732E+000, 3.9363795E+000, 4.0512119E+000, 4.2459141E+000, 4.4071655E+000, 4.7834700E+000, 5.6925582E+000, 6.9314372E+000, 5.1255655E+000, 7.2885457E+000, 7.8294107E+000, 7.8316340E+000, 7.1770636E+004, 7.3157095E-001, 2.2118762E+001, 2.8814978E+001
 1.1200554E+002, 2.0001823E+001, 2.0004646E+001, 2.0015535E+001, 2.0051292E+001, 2.0082628E+001, 2.0136812E+001, 2.0214218E+001, 2.0359575E+001, 2.0659813E+001, 2.1351144E+001, 2.2991822E+001, 2.6440513E+001, 3.1119177E+001, 3.8937243E+001, 1.3709443E+002, 2.4609807E+002, 3.7546378E+002, 4.6125869E+002, 4.8086829E+002, 4.1893965E+002, 2.6511600E+002, 2.2579498E+002, 2.8167317E+002, 4.3445086E+000, 4.4071721E+000, 4.3984741E+000, 4.3550075E+000, 4.3874038E+000, 4.3452585E+000, 4.4707814E+000, 4.5991562E+000, 4.6299457E+000, 4.6354026E+000, 4.6754414E+000, 4.8341413E+000, 4.8616321E+000, 4.2074201E+000, 4.6004770E+000, 6.1820379E+000, 8.2643115E+000, 1.0614995E+001, 1.2159629E+001, 1.2767740E+001, 9.5186279E+000, 8.9222132E+000, 9.9043301E+000, 9.1801393E+004, 7.5196338E-001, 2.0565878E+001, 4.1709103E+001
 1.1301571E+002, 1.9999976E+001, 2.0004998E+001, 2.0014477E+001, 2.0048212E+001, 2.0083724E+001, 2.0131191E+001, 2.0206851E+001, 2.0350618E+001, 2.0629538E+001, 2.1282243E+001, 2.2605341E+001, 2.5589621E+001, 3.0053714E+001, 3.4033817E+001, 5.3524244E+001, 1.0158448E+002, 2.1283597E+002, 3.8454137E+002, 5.6280259E+002, 5.2775397E+002, 3.7252277E+002, 3.0319073E+002, 2.3065478E+002, 4.3826314E+000, 4.3111050E+000, 4.3387551E+000, 4.2771429E+000, 4.1833653E+000, 4.2338264E+000, 4.3090415E+000, 4.1872268E+000, 4.3756331E+000, 4.4930720E+000, 4.6201824E+000, 5.0223791E+000, 4.9285097E+000, 5.2594907E+000, 4.9881934E+000, 4.9904106E+000, 6.1105895E+000, 7.8302851E+000, 9.6835993E+000, 1.1209110E+001, 9.4080457E+000, 9.6284418E+000, 8.2579021E+000, 7.6176328E+004, 6.3124126E-001, 2.0254695E+001, 3.8804244E+001
 1.1400120E+002, 1.9999945E+001, 2.0002611E+001, 2.0015315E+001, 2.0047158E+001, 2.0079825E+001, 2.0134549E+001, 2.0220599E+001, 2.0361432E+001, 2.0677582E+001, 2.1342948E+001, 2.2834152E+001, 2.6103523E+001, 3.0062095E+001, 3.4453876E+001, 9.4208561E+001, 9.0403841E+001, 1.2582346E+002, 1.4227915E+002, 3.1031054E+002, 3.8613019E+002, 3.2629798E+002, 2.4784126E+002, 2.6293600E+002, 4.2592554E+000, 4.0675317E+000, 3.9742683E+000, 3.9012312E+000, 3.8578425E+000, 3.7486662E+000, 3.6240130E+000, 3.7940451E+000, 3.6504452E+000, 3.8318332E+000, 3.8965869E+000, 3.9999142E+000, 4.1423868E+000, 4.2792389E+000, 4.0988075E+000, 4.6921204E+000, 4.9936948E+000, 5.2606315E+000, 6.1279419E+000, 7.4103530E+000, 7.1227143E+000, 6.1265933E+000, 7.0511272E+000, 6.9574218E+004, 7.4301432E-001, 2.2519363E+001, 2.7049511E+001
 1.1500992E+002, 1.9998625E+001, 2.0002455E+001, 2.0014825E+001, 2.0049725E+001, 2.0082362E+001, 2.0133685E+001, 2.0215625E+001, 2.0385516E+001, 2.0702610E+001, 2.1399433E+001, 2.2928535E+001, 2.6210824E+001, 3.0909742E+001, 3.6382396E+001, 7.8689448E+001, 1.9604765E+002, 2.9567942E+002, 3.4378455E+002, 4.0303798E+002, 3.5355980E+002, 2.7112186E+002, 2.5194479E+002, 2.2100901E+002, 4.5913798E+000, 4.4696876E+000, 4.3357918E+000, 4.3587177E+000, 4.4048321E+000, 4.4031419E+000, 4.3580834E+000, 4.3156601E+000, 4.1840523E+000, 4.5099539E+000, 4.4710006E+000, 4.8693004E+000, 4.7319395E+000, 4.6084846E+000, 4.4858620E+000, 4.8432180E+000, 5.8868658E+000, 7.5835234E+000, 9.3067071E+000, 1.1409581E+001, 8.7775795E+000, 8.8932142E+000, 8.1837262E+000, 9.0122525E+004, 7.6256055E-001, 2.0797735E+001, 3.9715660E+001
 1.1601030E+002, 1.9998281E+001, 2.0000747E+001, 2.0013097E+001, 2.0049023E+001, 2.0082961E+001, 2.0128119E+001, 2.0201933E+001, 2.0340718E+001, 2.0645713E+001, 2.1343964E+001, 2.2752859E+001, 2.5773722E+001, 2.9955734E+001, 3.3848961E+001, 4.2624287E+001, 6.6975924E+001, 2.3191357E+002, 3.4411593E+002, 4.8552043E+002, 5.5049107E+002, 3.6899829E+002, 2.6566959E+002, 2.0990585E+002, 4.5261426E+000, 4.5503793E+000, 4.4219955E+000, 4.3406702E+000, 4.2990943E+000, 4.4556268E+000, 4.3795064E+000, 4.4660932E+000, 4.3859393E+000, 4.2595315E+000, 4.5994405E+000, 4.8894280E+000, 5.0606648E+000, 5.4314620E+000, 5.2551285E+000, 4.5537234E+000, 4.3061360E+000, 6.1982539E+000, 7.9944728E+000, 1.0635601E+001, 1.0450584E+001, 9.1128706E+000, 8.5549290E+000, 7.9184735E+004, 6.1226749E-001, 1.9511905E+001, 3.8830203E+001
 1.1701267E+002, 1.9997994E+001, 1.9999227E+001, 2.0010951E+001, 2.0045994E+001, 2.0079025E+001, 2.0133597E+001, 2.0210950E+001, 2.0347543E+001, 2.0648423E+001, 2.1316916E+001, 2.2887329E+001, 2.6318129E+001, 3.0631366E+001, 3.4108345E+001, 4.0939431E+001, 4.6427014E+001, 6.7749572E+001, 2.4159787E+002, 3.2180746E+002, 3.5424268E+002, 3.0801631E+002, 2.7443736E+002, 2.7740212E+002, 4.3748297E+000, 4.1733158E+000, 4.1827586E+000, 4.0097907E+000, 3.8038275E+000, 3.8466363E+000, 3.7648489E+000, 3.8889842E+000, 3.8757319E+000, 3.9396433E+000, 3.7387080E+000, 4.0118537E+000, 4.1981154E+000, 4.3306185E+000, 4.7941217E+000, 5.0315343E+000, 4.6725972E+000, 1.7568405E+000, 1.3336397E+000, 5.3462304E+000, 6.9047828E+000, 8.2892231E+000, 7.4947332E+000, 6.8109286E+004, 7.1860461E-001, 2.1615900E+001, 2.8955099E+001
 1.1800072E+002, 1.9998189E+001, 2.0000550E+001, 2.0008640E+001, 2.0046658E+001, 2.0081210E+001, 2.0133406E+001, 2.0220194E+001, 2.0382756E+001, 2.0689970E+001, 2.1381247E+001, 2.2968291E+001, 2.6473490E+001, 3.1552942E+001, 3.5691554E+001, 1.3419537E+002, 3.1150015E+002, 2.3187717E+002, 2.1448120E+002, 2.5599998E+002, 2.5667686E+002, 2.3628286E+002, 2.3008022E+002, 2.4356595E+002, 4.4588742E+000, 4.4566445E+000, 4.4190695E+000, 4.3721818E+000, 4.2220648E+000, 4.2163991E+000, 4.1050013E+000, 4.1121336E+000, 4.1163529E+000, 4.4102484E+000, 4.3475773E+000, 4.4335002E+000, 4.3572822E+000, 4.3194321E+000, 3.6701601E+000, 4.1567336E+000, 5.4853381E+000, 6.3309194E+000, 4.7009831E+000, 5.1424955E+000, 6.8177226E+000, 8.4311490E+000, 8.5531166E+000, 9.2598338E+004, 7.9550149E-001, 2.1180353E+001, 4.3274670E+001
 1.1901196E+002, 1.9999988E+001, 1.9999809E+001, 2.0011524E+001, 2.0041305E+001, 2.0074528E+001, 2.0128939E+001, 2.0208764E+001, 2.0360428E+001, 2.0681976E+001, 2.1369179E+001, 2.2799308E+001, 2.6011569E+001, 3.0660645E+001, 3.5591736E+001, 4.4933506E+001, 1.2410826E+002, 2.4143651E+002, 3.3537230E+002, 3.9328662E+002, 4.0019965E+002, 2.8926990E+002, 2.2067521E+002, 2.1004407E+002, 4.5696177E+000, 4.7184274E+000, 4.6872977E+000, 4.7415083E+000, 4.7867564E+000, 4.6922189E+000, 4.6225413E+000, 4.6817547E+000, 4.5922255E+000, 4.6112411E+000, 4.9958939E+000, 5.2834470E+000, 5.3870531E+000, 5.4029416E+000, 4.9288841E+000, 4.5917453E+000, 4.8419291E+000, 5.9053364E+000, 7.7477445E+000, 7.6989503E+000, 8.8616241E+000, 8.4258089E+000, 8.0860682E+000, 8.2011445E+004, 6.9902417E-001, 2.0113439E+001, 3.5997058E+001
 1.2002019E+002, 2.0001652E+001, 2.0002501E+001, 2.0009294E+001, 2.0047380E+001, 2.0079085E+001, 2.0123100E+001, 2.0205059E+001, 2.0358885E+001, 2.0667562E+001, 2.1375701E+001, 2.2963600E+001, 2.6387981E+001, 3.0702861E+001, 3.5084129E+001, 4.2531069E+001, 4.8931080E+001, 1.0598209E+002, 2.6403282E+002, 3.2416141E+002, 3.6847618E+002, 3.2277534E+002, 2.8946141E+002, 2.2386059E+002, 4.1654333E+000, 4.2200477E+000, 4.1946797E+000, 3.9751091E+000, 3.8765890E+000, 4.0911985E+000, 3.9468875E+000, 3.8423571E+000, 3.7951354E+000, 3.7878953E+000, 3.7231701E+000, 3.9979835E+000, 4.3724971E+000, 4.5987599E+000, 4.9716708E+000, 4.7989326E+000, 3.3114411E+000, 2.9253017E+000, 3.0683901E+000, 6.5655571E+000, 7.3303670E+000, 7.4800226E+000, 6.4799305E+000, 6.9851200E+004, 6.9741187E-001, 2.2405389E+001, 3.0952491E+001
 1.2100100E+002, 2.0001714E+001, 2.0005199E+001, 2.0013784E+001, 2.0042769E+001, 2.0080168E+001, 2.0140327E+001, 2.0215125E+001, 2.0365565E+001, 2.0703970E+001, 2.1423948E+001, 2.3110393E+001, 2.6921559E+001, 3.2192722E+001, 3.6400164E+001, 1.0513304E+002, 2.2014816E+002, 1.8768210E+002, 1.3516174E+002, 1.9095385E+002, 3.3654034E+002, 3.1219240E+002, 2.6558127E+002, 2.8972723E+002, 4.2263591E+000, 4.1416282E+000, 4.2719786E+000, 4.3971124E+000, 4.2226652E+000, 4.0753057E+000, 4.1516520E+000, 4.2262938E+000, 4.1033142E+000, 4.1389927E+000, 4.1472653E+000, 4.1881935E+000, 4.0169682E+000, 4.1143163E+000, 4.2677477E+000, 5.4008804E+000, 7.1146829E+000, 6.6950913E+000, 5.5515711E+000, 5.0756030E+000, 7.0354569E+000, 7.6843010E+000, 8.8112143E+000, 8.3397121E+004, 7.8764064E-001, 2.0828572E+001, 2.8459032E+001
 1.2201196E+002, 2.0001487E+001, 2.0004995E+001, 2.0017558E+001, 2.0049084E+001, 2.0079606E+001, 2.0124475E+001, 2.0210834E+001, 2.0365580E+001, 2.0651816E+001, 2.1320352E+001, 2.2808500E+001, 2.6112705E+001, 3.0776303E+001, 3.5860854E+001, 1.0897753E+002, 1.9149939E+002, 2.5666414E+002, 3.6334105E+002, 4.0236950E+002, 3.3882955E+002, 2.5737215E+002, 2.4222926E+002, 2.3257253E+002, 4.4721109E+000, 4.3710591E+000, 4.4863629E+000, 4.6021647E+000, 4.6920885E+000, 4.7675531E+000, 4.6782407E+000, 4.5972795E+000, 4.7236657E+000, 4.7886022E+000, 4.8813755E+000, 5.1450607E+000, 5.0758101E+000, 5.0706775E+000, 4.3824001E+000, 4.6975796E+000, 6.1813387E+000, 7.7052029E+000, 9.0340620E+000, 1.0323820E+001, 8.7994919E+000, 8.4537664E+000, 9.0158510E+000, 8.6776591E+004, 6.4642113E-001, 1.8531804E+001, 4.0262722E+001
 1.2301801E+002, 2.0000592E+001, 2.0004736E+001, 2.0015866E+001, 2.0050601E+001, 2.0079339E+001, 2.0125371E+001, 2.0197713E+001, 2.0327725E+001, 2.0647073E+001, 2.1321737E+001, 2.2735996E+001, 2.5914490E+001, 3.0278965E+001, 3.4085393E+001, 4.1912589E+001, 7.3841038E+001, 1.1026468E+002, 2.0050399E+002, 2.9930932E+002, 4.4680553E+002, 4.2523069E+002, 2.7225482E+002, 2.0479223E+002, 4.2032053E+000, 4.1088161E+000, 3.9074087E+000, 3.8678793E+000, 3.9572481E+000, 4.0463246E+000, 3.9992002E+000, 4.0632140E+000, 3.7964696E+000, 3.9143993E+000, 3.9480366E+000, 4.3382753E+000, 4.4238910E+000, 4.5655433E+000, 4.6100160E+000, 4.6063920E+000, 4.6623539E+000, 3.2503891E+000, 3.7339094E+000, 6.1132344E+000, 8.7717591E+000, 8.3017337E+000, 5.8730417E+000, 7.0364825E+004, 6.2002054E-001, 2.0103766E+001, 3.2814472E+001
 1.2400143E+002, 1.9999815E+001, 2.0003159E+001, 2.0017019E+001, 2.0052869E+001, 2.0088793E+001, 2.0134069E+001, 2.0212694E+001, 2.0360804E+001, 2.0652114E+001, 2.1370588E+001, 2.3077638E+001, 2.6556004E+001, 3.0920488E+001, 3.5380122E+001, 4.3021457E+001, 6.1787043E+001, 1.7982862E+002, 2.3757441E+002, 2.6194972E+002, 2.9801536E+002, 3.1033716E+002, 3.4261872E+002, 2.7770600E+002, 4.3806131E+000, 4.2119312E+000, 4.0239592E+000, 3.9792388E+000, 3.9065218E+000, 4.0441402E+000, 4.0507235E+000, 4.1797582E+000, 4.1004793E+000, 4.2040579E+000, 4.0941543E+000, 4.1318034E+000, 4.3498933E+000, 4.4472067E+000, 4.7602347E+000, 5.0505057E+000, 5.5817285E+000, 7.4738824E+000, 8.0410691E+000, 7.6005898E+000, 7.1897660E+000, 7.3802039E+000, 8.5618499E+000, 8.4330183E+004, 8.0523913E-001, 2.1490666E+001, 2.9753648E+001
 1.2500469E+002, 1.9998046E+001, 2.0002487E+001, 2.0015348E+001, 2.0055434E+001, 2.0090955E+001, 2.0147257E+001, 2.0229158E+001, 2.0373313E+001, 2.0683839E+001, 2.1353248E+001, 2.2799561E+001, 2.6130473E+001, 3.1198230E+001, 3.5958275E+001, 4.4471742E+001, 5.3810180E+001, 7.7386131E+001, 1.2765297E+002, 2.0124096E+002, 2.5156382E+002, 2.5387507E+002, 2.3076550E+002, 2.6007610E+002, 4.6484109E+000, 4.5778689E+000, 4.5595608E+000, 4.4256426E+000, 4.4046889E+000, 4.4355720E+000, 4.4267165E+000, 4.6647180E+000, 4.7467668E+000, 4.8509851E+000, 5.0431447E+000, 5.2348449E+000, 5.1686434E+000, 5.2415482E+000, 5.1803195E+000, 5.1309749E+000, 5.2010582E+000, 6.0063012E+000, 7.5957146E+000, 8.4571178E+000, 1.0265072E+001, 8.9939782E+000, 8.4243667E+000, 8.6402266E+004, 7.3297566E-001, 2.0559249E+001, 3.9334966E+001
 1.2601543E+002, 1.9999775E+001, 1.9999747E+001, 2.0013848E+001, 2.0050650E+001, 2.0087722E+001, 2.0146947E+001, 2.0228988E+001, 2.0388469E+001, 2.0699085E+001, 2.1363889E+001, 2.2879299E+001, 2.6070643E+001, 3.0542657E+001, 3.5007233E+001, 4.3366574E+001, 6.0422569E+001, 1.1396864E+002, 1.5106719E+002, 1.8148928E+002, 2.8693699E+002, 2.9143558E+002, 2.4570247E+002, 2.4011030E+002, 4.2063818E+000, 4.2872956E+000, 4.1102234E+000, 4.0091025E+000, 3.8013447E+000, 3.7955500E+000, 3.7153292E+000, 3.6272952E+000, 3.7861161E+000, 3.8599315E+000, 4.0996981E+000, 4.3102725E+000, 4.5893114E+000, 4.7200121E+000, 4.7576381E+000, 4.5886505E+000, 4.7805112E+000, 4.7218745E+000, 4.0101196E+000, 4.3289821E+000, 6.5909303E+000, 7.8874522E+000, 7.8580383E+000, 6.9833961E+004, 6.6165288E-001, 2.1092580E+001, 2.9787015E+001
 1.2700389E+002, 2.0002226E+001, 2.0000863E+001, 2.0009265E+001, 2.0052273E+001, 2.0087994E+001, 2.0142434E+001, 2.0241472E+001, 2.0411810E+001, 2.0780165E+001, 2.1556533E+001, 2.3194848E+001, 2.6845337E+001, 3.1845716E+001, 3.6458769E+001, 4.8904415E+001, 5.3701990E+001, 1.1059843E+002, 1.6426622E+002, 2.0562076E+002, 2.6100715E+002, 3.0673775E+002, 2.6661632E+002, 2.4127238E+002, 4.0683089E+000, 4.1536533E+000, 4.2142984E+000, 4.0055192E+000, 3.8904975E+000, 3.8605210E+000, 3.6740056E+000, 3.6472331E+000, 3.5634484E+000, 3.6593171E+000, 3.8218790E+000, 4.0253567E+000, 4.1340317E+000, 4.1899991E+000, 4.4498548E+000, 4.7678019E+000, 5.2481682E+000, 6.0341740E+000, 7.0640266E+000, 6.6679499E+000, 6.2071793E+000, 7.6421135E+000, 7.8076401E+000, 7.9942442E+004, 8.1914546E-001, 2.1512812E+001, 2.9259912E+001
 1.2801291E+002, 2.0002867E+001, 2.0005552E+001, 2.0011027E+001, 2.0041863E+001, 2.0080501E+001, 2.0144168E+001, 2.0231304E+001, 2.0402978E+001, 2.0773681E+001, 2.1561600E+001, 2.3260390E+001, 2.6894423E+001, 3.2140211E+001, 3.7235099E+001, 4.6816510E+001, 1.1927632E+002, 2.4062720E+002, 3.0597524E+002, 3.5418998E+002, 3.3354678E+002, 2.9173097E+002, 2.4867620E+002, 2.4771279E+002, 4.2972923E+000, 4.3589883E+000, 4.6332591E+000, 4.6948269E+000, 4.6606208E+000, 4.5099531E+000, 4.5535716E+000, 4.5097117E+000, 4.3829726E+000, 4.4118574E+000, 4.4816256E+000, 4.8231626E+000, 5.0275044E+000, 5.0887327E+000, 5.1369227E+000, 4.8787263E+000, 5.0348422E+000, 7.9456266E+000, 1.1022353E+001, 1.1271555E+001, 1.1323949E+001, 9.6725767E+000, 9.3583114E+000, 9.1363856E+004, 7.8229832E-001, 2.1524076E+001, 3.9098873E+001
 1.2901601E+002, 2.0000279E+001, 2.0006680E+001, 2.0018172E+001, 2.0043710E+001, 2.0075068E+001, 2.0122986E+001, 2.0217999E+001, 2.0387997E+001, 2.0708915E+001, 2.1453211E+001, 2.3122999E+001, 2.6730794E+001, 3.2144828E+001, 3.7041500E+001, 4.5527700E+001, 5.4622484E+001, 1.3237490E+002, 2.6220552E+002, 3.3705939E+002, 4.3132066E+002, 3.3866766E+002, 2.6605474E+002, 2.2262580E+002, 4.3432635E+000, 4.0359478E+000, 3.9758082E+000, 4.2094359E+000, 4.2188527E+000, 4.2324062E+000, 4.0761891E+000, 3.9369053E+000, 3.9576293E+000, 3.8758039E+000, 3.9902628E+000, 4.0967575E+000, 4.4015395E+000, 4.6754191E+000, 4.9864021E+000, 4.6894668E+000, 3.9047429E+000, 5.8447423E+000, 6.0772925E+000, 6.6994621E+000, 9.0893746E+000, 8.5492541E+000, 7.1204599E+000, 7.2186308E+004, 6.8350603E-001, 2.1812648E+001, 3.0600241E+001
 1.3001624E+002, 1.9998415E+001, 2.0003715E+001, 2.0019773E+001, 2.0058605E+001, 2.0087594E+001, 2.0129422E+001, 2.0210583E+001, 2.0366952E+001, 2.0737565E+001, 2.1510458E+001, 2.3139792E+001, 2.7043559E+001, 3.2660695E+001, 3.7716557E+001, 8.1048975E+001, 6.8980702E+001, 1.0369262E+002, 1.6374496E+002, 2.2314769E+002, 2.8713523E+002, 3.1366789E+002, 2.8135759E+002, 2.4740877E+002, 4.3534016E+000, 4.1651782E+000, 3.8347357E+000, 3.8281221E+000, 3.9646437E+000, 4.1333581E+000, 4.0924851E+000, 4.1021665E+000, 3.8774987E+000, 3.8396408E+000, 3.9097202E+000, 3.9368490E+000, 3.9437068E+000, 3.8417942E+000, 4.2010992E+000, 4.9844178E+000, 5.0995077E+000, 4.8517032E+000, 4.8071291E+000, 6.0293993E+000, 7.0577891E+000, 7.3799637E+000, 7.2504987E+000, 8.0055741E+004, 8.0928694E-001, 2.2596283E+001, 2.2291927E+001
 1.3100139E+002, 2.0000981E+001, 1.9999905E+001, 2.0017550E+001, 2.0060769E+001, 2.0099690E+001, 2.0154129E+001, 2.0221095E+001, 2.0362770E+001, 2.0666680E+001, 2.1373472E+001, 2.3034340E+001, 2.6558261E+001, 3.1603412E+001, 3.7061003E+001, 6.5614396E+001, 1.5308789E+002, 1.8574700E+002, 2.6516964E+002, 3.6798257E+002, 3.5684423E+002, 2.6826987E+002, 2.4073234E+002, 2.3954372E+002, 4.4194473E+000, 4.6091269E+000, 4.4433279E+000, 4.3057455E+000, 4.3353686E+000, 4.4532922E+000, 4.6982148E+000, 4.8092895E+000, 4.8848516E+000, 4.8576321E+000, 4.8829480E+000, 5.0195990E+000, 5.1227639E+000, 4.9857953E+000, 4.6439009E+000, 4.5724789E+000, 5.6039961E+000, 6.7074507E+000, 8.7128084E+000, 9.1404841E+000, 9.0123737E+000, 8.3861742E+000, 8.0956687E+000, 8.8552646E+004, 7.3322031E-001, 2.0688994E+001, 3.5268468E+001
 1.3200508E+002, 2.0000571E+001, 2.0003459E+001, 2.0009447E+001, 2.0055133E+001, 2.0094275E+001, 2.0152396E+001, 2.0241339E+001, 2.0387515E+001, 2.0647188E+001, 2.1290105E+001, 2.2650706E+001, 2.5746262E+001, 3.0564366E+001, 3.5319891E+001, 4.4837343E+001, 5.7122398E+001, 9.3936764E+001, 1.9047173E+002, 3.6358806E+002, 4.9262856E+002, 4.7004070E+002, 2.5241951E+002, 2.2717648E+002, 4.2846749E+000, 4.1263347E+000, 4.3439885E+000, 3.9428411E+000, 3.8142958E+000, 3.7770242E+000, 3.7960001E+000, 3.8742629E+000, 4.1623835E+000, 4.2919741E+000, 4.4688124E+000, 4.7632784E+000, 4.7259649E+000, 4.8511152E+000, 4.7860067E+000, 4.5301799E+000, 4.2548778E+000, 4.9820038E+000, 6.2551172E+000, 8.6357434E+000, 8.5832026E+000, 8.3178065E+000, 7.4522325E+000, 6.8975065E+004, 6.0132119E-001, 1.9489745E+001, 3.4090876E+001
 1.3300982E+002, 1.9999470E+001, 2.0002546E+001, 2.0012661E+001, 2.0043189E+001, 2.0085119E+001, 2.0149495E+001, 2.0244146E+001, 2.0418117E+001, 2.0768115E+001, 2.1451379E+001, 2.2933298E+001, 2.6366159E+001, 3.0767587E+001, 3.5027551E+001, 4.6313507E+001, 8.0151752E+001, 1.9951323E+002, 2.7340459E+002, 3.6157157E+002, 4.0449466E+002, 3.5920272E+002, 3.5785097E+002, 2.5018089E+002, 4.2219013E+000, 4.1355265E+000, 3.9116495E+000, 4.0758127E+000, 3.8479426E+000, 3.5508883E+000, 3.4629400E+000, 3.4407553E+000, 3.4636431E+000, 3.7412324E+000, 3.9996653E+000, 4.0785314E+000, 4.2549118E+000, 4.1747765E+000, 4.6126519E+000, 4.8074461E+000, 5.0254171E+000, 6.4764904E+000, 7.5288600E+000, 8.6686520E+000, 8.5127944E+000, 7.6653305E+000, 7.7143254E+000, 7.5953090E+004, 7.5286730E-001, 2.2259989E+001, 3.0671331E+001
 1.3400791E+002, 2.0000422E+001, 2.0002116E+001, 2.0012887E+001, 2.0044853E+001, 2.0073258E+001, 2.0130220E+001, 2.0229157E+001, 2.0409854E+001, 2.0779140E+001, 2.1577568E+001, 2.3237670E+001, 2.6602614E+001, 3.1207620E+001, 3.5819224E+001, 2.3320849E+002, 2.9803691E+002, 3.8733760E+002, 5.2481357E+002, 5.2883886E+002, 4.2683231E+002, 2.8668291E+002, 2.6337242E+002, 3.0029614E+002, 4.4458562E+000, 4.5512378E+000, 4.5925926E+000, 4.4926346E+000, 4.6875116E+000, 4.6578069E+000, 4.4315350E+000, 4.2843292E+000, 4.2248410E+000, 4.2931141E+000, 4.5534895E+000, 5.0258310E+000, 5.1958116E+000, 5.2321765E+000, 4.3753002E+000, 6.3248767E+000, 7.8020780E+000, 9.7050393E+000, 1.1734564E+001, 1.1705572E+001, 1.0024511E+001, 9.0553766E+000, 9.3912686E+000, 9.5339688E+004, 7.4625662E-001, 2.0506034E+001, 5.7083066E+001
 1.3501352E+002, 2.0000680E+001, 2.0003267E+001, 2.0013240E+001, 2.0044276E+001, 2.0079241E+001, 2.0124873E+001, 2.0195937E+001, 2.0356210E+001, 2.0715669E+001, 2.1503324E+001, 2.3178549E+001, 2.6614879E+001, 3.1683039E+001, 3.6080814E+001, 4.3427689E+001, 6.5199980E+001, 1.2924460E+002, 2.8043323E+002, 5.0883229E+002, 5.1957914E+002, 3.9243148E+002, 2.5213065E+002, 2.0030569E+002, 4.2678670E+000, 4.1569151E+000, 4.1947973E+000, 4.2795893E+000, 4.1180908E+000, 4.0694206E+000, 4.2077299E+000, 4.1035548E+000, 3.7916086E+000, 3.7184605E+000, 3.7323575E+000, 4.2074764E+000, 4.4565268E+000, 4.8433525E+000, 5.1101129E+000, 4.8385639E+000, 4.0514862E+000, 4.2389041E+000, 6.6186201E+000, 8.3083254E+000, 9.0937897E+000, 7.7793738E+000, 7.6144874E+000, 6.9696020E+004, 6.3113550E-001, 2.0304982E+001, 3.2362019E+001
 1.3601564E+002, 2.0000404E+001, 2.0003744E+001, 2.0014206E+001, 2.0051682E+001, 2.0083995E+001, 2.0129202E+001, 2.0222969E+001, 2.0363657E+001, 2.0695477E+001, 2.1525952E+001, 2.3461098E+001, 2.7347257E+001, 3.2793297E+001, 3.8031409E+001, 4.5818470E+001, 9.6073995E+001, 1.0594360E+002, 1.5408779E+002, 3.1185473E+002, 3.5179763E+002, 2.2366415E+002, 1.8285918E+002, 1.7999998E+002, 4.1265192E+000, 4.0107988E+000, 3.9351014E+000, 3.8921997E+000, 3.9807315E+000, 4.0729014E+000, 3.7642181E+000, 3.8878022E+000, 3.9138803E+000, 3.7329968E+000, 3.4551392E+000, 3.5307298E+000, 3.7522475E+000, 3.8221016E+000, 4.2034084E+000, 4.8010982E+000, 5.3733684E+000, 5.4468163E+000, 7.2350735E+000, 8.6470928E+000, 5.8767896E+000, 6.4496474E+000, 6.1535670E+000, 7.8922285E+004, 8.0185339E-001, 2.2325370E+001, 2.5949257E+001
 1.3700253E+002, 2.0001826E+001, 2.0003183E+001, 2.0016542E+001, 2.0051829E+001, 2.0087690E+001, 2.0147696E+001, 2.0221752E+001, 2.0382883E+001, 2.0716264E+001, 2.1413700E+001, 2.3053229E+001, 2.6985228E+001, 3.3210437E+001, 3.8787527E+001, 4.7966176E+001, 7.7038541E+001, 2.6485034E+002, 2.7750494E+002, 2.2646111E+002, 2.9590610E+002, 3.0078035E+002, 2.2733280E+002, 1.7681955E+002, 4.3927808E+000, 4.5087535E+000, 4.4950900E+000, 4.5820143E+000, 4.6214074E+000, 4.6284851E+000, 4.8579143E+000, 4.9178195E+000, 4.7320360E+000, 4.9123667E+000, 5.0473589E+000, 4.9011905E+000, 4.7965766E+000, 4.7994790E+000, 4.8199975E+000, 4.6783142E+000, 5.0545477E+000, 6.3504131E+000, 8.2737339E+000, 1.0155625E+001, 1.1661714E+001, 1.0178081E+001, 8.8052409E+000, 8.9868612E+004, 7.9814221E-001, 2.1487911E+001, 3.7449121E+001
 1.3800856E+002, 2.0001713E+001, 2.0004410E+001, 2.0015522E+001, 2.0055098E+001, 2.0092747E+001, 2.0144784E+001, 2.0235420E+001, 2.0403472E+001, 2.0690965E+001, 2.1395603E+001, 2.2976221E+001, 2.6102867E+001, 3.1144031E+001, 3.6374274E+001, 4.6974445E+001, 5.5194869E+001, 1.1629605E+002, 2.7742277E+002, 3.1058250E+002, 3.1951289E+002, 3.2756784E+002, 2.3590304E+002, 2.0610890E+002, 4.2338490E+000, 4.0387065E+000, 4.0382891E+000, 3.9210308E+000, 3.8498036E+000, 3.9519750E+000, 3.8652210E+000, 3.8283049E+000, 4.1759532E+000, 4.1394845E+000, 4.1255083E+000, 4.5538397E+000, 4.7620790E+000, 4.7243340E+000, 4.5556969E+000, 4.2475619E+000, 3.3862963E+000, 3.9212798E+000, 4.5121597E+000, 5.9479345E+000, 8.3314104E+000, 7.0397383E+000, 7.3242978E+000, 7.0045803E+004, 7.0311486E-001, 2.1578729E+001, 3.1867889E+001
 1.3900877E+002, 2.0001019E+001, 2.0004826E+001, 2.0015914E+001, 2.0057372E+001, 2.0097486E+001, 2.0157050E+001, 2.0250432E+001, 2.0411361E+001, 2.0801375E+001, 2.1551456E+001, 2.3167754E+001, 2.7282652E+001, 3.1850672E+001, 4.5393633E+001, 1.3808331E+002, 2.4215629E+002, 1.7177011E+002, 1.2455527E+002, 2.2823130E+002, 3.0696458E+002, 3.1611089E+002, 3.1742773E+002, 2.3110731E+002, 4.2098452E+000, 4.0048051E+000, 3.8812620E+000, 3.7742437E+000, 3.6817364E+000, 3.6382209E+000, 3.5993781E+000, 3.6139563E+000, 3.5401845E+000, 3.7142142E+000, 4.0372031E+000, 3.8310603E+000, 3.8291510E+000, 3.5941220E+000, 4.5023611E+000, 4.9410334E+000, 5.4525994E+000, 4.3884441E+000, 3.8771398E+000, 5.2111193E+000, 7.0025597E+000, 7.9194802E+000, 6.6969335E+000, 7.5762650E+004, 8.3087303E-001, 2.2444430E+001, 2.7653307E+001
 1.4000052E+002, 2.0000851E+001, 2.0004439E+001, 2.0017671E+001, 2.0055270E+001, 2.0095078E+001, 2.0156196E+001, 2.0248678E+001, 2.0425690E+001, 2.0765900E+001, 2.1551682E+001, 2.3323356E+001, 2.6709791E+001, 3.1926141E+001, 3.7475763E+001, 2.2873868E+002, 3.5837843E+002, 5.1622372E+002, 5.4539403E+002, 4.2914815E+002, 3.3010212E+002, 2.7508194E+002, 2.8694062E+002, 2.8190061E+002, 4.4889387E+000, 4.5841949E+000, 4.5365389E+000, 4.5323654E+000, 4.5147178E+000, 4.4655897E+000, 4.4908921E+000, 4.4820102E+000, 4.5278777E+000, 4.6042572E+000, 4.7443609E+000, 5.2171135E+000, 5.3601463E+000, 4.9820665E+000, 3.6168620E+000, 5.2850429E+000, 6.8350123E+000, 8.7372801E+000, 9.9214627E+000, 9.9407882E+000, 9.0142674E+000, 9.1216357E+000, 9.5564915E+000, 9.2989181E+004, 7.8256789E-001, 1.9855876E+001, 4.2589336E+001
 1.4101585E+002, 2.0000830E+001, 2.0004164E+001, 2.0016520E+001, 2.0052626E+001, 2.0087426E+001, 2.0142605E+001, 2.0234214E+001, 2.0393356E+001, 2.0732829E+001, 2.1478907E+001, 2.3013084E+001, 2.6277633E+001, 3.1645920E+001, 3.5985873E+001, 4.3348431E+001, 7.8743075E+001, 2.3459769E+002, 3.9036291E+002, 4.7798827E+002, 5.6089604E+002, 4.7493423E+002, 3.0215255E+002, 2.5542203E+002, 4.2186415E+000, 4.1523950E+000, 4.1718355E+000, 4.0460101E+000, 4.0166907E+000, 3.9616790E+000, 3.8256473E+000, 3.8085447E+000, 3.7653566E+000, 3.7727799E+000, 4.0083839E+000, 4.2661159E+000, 4.5398051E+000, 4.8718449E+000, 5.1409003E+000, 4.5646502E+000, 2.1612099E+000, 2.9080159E+000, 4.4754667E+000, 8.1261157E+000, 9.8059594E+000, 7.7467601E+000, 5.7499030E+000, 7.0385385E+004, 5.9742573E-001, 1.9389287E+001, 3.2153364E+001
 1.4200772E+002, 2.0000689E+001, 2.0003745E+001, 2.0015922E+001, 2.0053525E+001, 2.0087956E+001, 2.0138944E+001, 2.0228053E+001, 2.0399543E+001, 2.0760800E+001, 2.1544437E+001, 2.3391538E+001, 2.7199130E+001, 3.1790356E+001, 3.6486368E+001, 5.2586205E+001, 8.1041980E+001, 1.0477691E+002, 1.7688727E+002, 2.5082850E+002, 3.3359584E+002, 3.4077910E+002, 2.8420228E+002, 2.6015362E+002, 4.2016973E+000, 4.0250821E+000, 3.9198589E+000, 3.8796003E+000, 3.8554091E+000, 3.8968444E+000, 3.7627456E+000, 3.6440179E+000, 3.5864547E+000, 3.5504476E+000, 3.5549788E+000, 3.6996630E+000, 3.7891353E+000, 3.9035990E+000, 4.0214246E+000, 5.1274388E+000, 5.2934106E+000, 4.5219981E+000, 5.0399479E+000, 4.8207907E+000, 7.2686244E+000, 7.9933743E+000, 7.4840714E+000, 7.4330002E+004, 7.6131387E-001, 2.2111283E+001, 2.8171883E+001
 1.4300708E+002, 2.0000661E+001, 2.0003622E+001, 2.0015848E+001, 2.0053391E+001, 2.0088441E+001, 2.0142354E+001, 2.0222636E+001, 2.0381573E+001, 2.0728860E+001, 2.1500536E+001, 2.3195051E+001, 2.7013430E+001, 3.2627269E+001, 3.8041418E+001, 4.8708784E+001, 1.5586031E+002, 3.2552914E+002, 4.6118895E+002, 4.8044440E+002, 4.4200321E+002, 2.7346054E+002, 2.2796315E+002, 2.3961216E+002, 4.4992611E+000, 4.5181945E+000, 4.4687240E+000, 4.5132748E+000, 4.5641238E+000, 4.5448725E+000, 4.6805480E+000, 4.7012417E+000, 4.6343404E+000, 4.6056175E+000, 4.7167515E+000, 4.8863764E+000, 4.9363633E+000, 4.9641574E+000, 4.4876180E+000, 3.8368499E+000, 5.5355747E+000, 6.8046397E+000, 9.5982093E+000, 1.1254115E+001, 9.5680253E+000, 9.2711994E+000, 9.9537912E+000, 9.6035344E+004, 7.2724637E-001, 1.9954400E+001, 4.5971142E+001
 1.4401765E+002, 2.0001280E+001, 2.0003546E+001, 2.0014866E+001, 2.0050494E+001, 2.0085240E+001, 2.0139730E+001, 2.0220902E+001, 2.0375664E+001, 2.0670596E+001, 2.1376305E+001, 2.2929666E+001, 2.6286564E+001, 3.1515716E+001, 3.6695056E+001, 4.5898520E+001, 5.3830565E+001, 1.2766264E+002, 2.5172351E+002, 4.9528101E+002, 4.5775527E+002, 4.6199983E+002, 3.3299250E+002, 1.9793156E+002, 4.2543186E+000, 4.1671660E+000, 4.1449032E+000, 4.0062327E+000, 3.9616621E+000, 3.9584217E+000, 3.9666295E+000, 3.9319134E+000, 4.1083666E+000, 4.0934420E+000, 4.1451724E+000, 4.3683380E+000, 4.5586954E+000, 4.6913427E+000, 4.7863377E+000, 4.7513185E+000, 3.0677708E+000, 3.7918734E+000, 4.1288430E+000, 5.3635833E+000, 8.3553860E+000, 8.0042467E+000, 6.8323188E+000, 7.1120489E+004, 6.1182427E-001, 1.9885084E+001, 3.1003053E+001
 1.4500500E+002, 2.0001919E+001, 2.0003644E+001, 2.0014839E+001, 2.0052615E+001, 2.0090563E+001, 2.0144338E+001, 2.0239019E+001, 2.0404374E+001, 2.0770045E+001, 2.1481809E+001, 2.3196626E+001, 2.7080863E+001, 3.2205056E+001, 3.6753592E+001, 4.6200436E+001, 6.5063553E+001, 9.1530529E+001, 9.8141278E+001, 2.6225650E+002, 3.3117320E+002, 2.5072607E+002, 3.0303084E+002, 3.0373808E+002, 4.0873637E+000, 3.9883232E+000, 3.8963580E+000, 3.7826235E+000, 3.7012253E+000, 3.6729104E+000, 3.5468576E+000, 3.6227610E+000, 3.5034988E+000, 3.7578043E+000, 3.7985979E+000, 3.8482786E+000, 3.8838303E+000, 4.1278772E+000, 4.5078534E+000, 4.6617245E+000, 5.4387764E+000, 3.5800950E+000, 3.8906070E+000, 2.1693268E+000, 5.8839840E+000, 6.6011200E+000, 8.2860432E+000, 7.7882728E+004, 8.0597125E-001, 2.2570373E+001, 2.3932098E+001
 1.4600311E+002, 2.0001921E+001, 2.0005369E+001, 2.0016074E+001, 2.0053318E+001, 2.0090788E+001, 2.0151149E+001, 2.0241281E+001, 2.0410364E+001, 2.0762895E+001, 2.1562515E+001, 2.3247655E+001, 2.6824161E+001, 3.2315973E+001, 3.7749295E+001, 7.8123893E+001, 1.5061252E+002, 1.8245496E+002, 2.3454733E+002, 3.0948649E+002, 3.4910957E+002, 2.5866438E+002, 2.0384445E+002, 2.2895371E+002, 4.4774509E+000, 4.4379821E+000, 4.4849326E+000, 4.5102275E+000, 4.5450980E+000, 4.4989511E+000, 4.4986588E+000, 4.5100847E+000, 4.4865882E+000, 4.5751813E+000, 4.7536529E+000, 5.1214938E+000, 5.1859450E+000, 5.0479466E+000, 4.5276926E+000, 4.9756487E+000, 5.5604206E+000, 7.5979737E+000, 8.3661055E+000, 9.6327519E+000, 9.3834714E+000, 7.5913230E+000, 8.0010757E+000, 9.1267974E+004, 7.6840139E-001, 2.0174620E+001, 4.0900549E+001
 1.4701805E+002, 2.0002344E+001, 2.0005312E+001, 2.0017942E+001, 2.0052242E+001, 2.0088064E+001, 2.0141355E+001, 2.0228570E+001, 2.0390226E+001, 2.0722619E+001, 2.1443915E+001, 2.3073539E+001, 2.6564802E+001, 3.1746531E+001, 3.6142849E+001, 4.4105764E+001, 5.3028426E+001, 1.2749003E+002, 2.8890949E+002, 3.8865576E+002, 4.2520956E+002, 3.6400689E+002, 2.8509946E+002, 2.1396493E+002, 4.2680486E+000, 4.1932153E+000, 4.0734616E+000, 4.0911201E+000, 4.0428290E+000, 4.0816692E+000, 4.0184635E+000, 3.9630815E+000, 3.9565305E+000, 3.9220979E+000, 4.1469298E+000, 4.3978119E+000, 4.7002906E+000, 4.9996558E+000, 5.0588763E+000, 4.6481048E+000, 3.7593949E+000, 2.9623776E+000, 5.1505824E+000, 8.2959279E+000, 8.9832324E+000, 7.7835167E+000, 5.8220602E+000, 7.2224898E+004, 6.2748554E-001, 2.0071302E+001, 3.4069792E+001
 1.4800688E+002, 2.0001625E+001, 2.0005432E+001, 2.0017875E+001, 2.0057494E+001, 2.0090938E+001, 2.0145775E+001, 2.0234165E+001, 2.0397788E+001, 2.0766528E+001, 2.1557327E+001, 2.3362670E+001, 2.7450243E+001, 3.2383662E+001, 3.7592780E+001, 4.4707123E+001, 4.9861318E+001, 6.2135602E+001, 1.7559975E+002, 2.9592012E+002, 3.7861382E+002, 3.3974248E+002, 3.1395869E+002, 2.5779335E+002, 4.1354873E+000, 3.9414051E+000, 3.8335693E+000, 3.6872178E+000, 3.6789950E+000, 3.6699672E+000, 3.6046758E+000, 3.5925474E+000, 3.5164987E+000, 3.4714734E+000, 3.4948579E+000, 3.5537344E+000, 3.7816059E+000, 3.9008027E+000, 4.3511899E+000, 4.8847201E+000, 4.5845235E+000, 4.1690173E+000, 5.0037445E+000, 3.7870657E+000, 6.9809399E+000, 7.5521188E+000, 6.8116026E+000, 7.4837494E+004, 7.6717061E-001, 2.2263044E+001, 2.7631540E+001
 1.4901230E+002, 2.0001282E+001, 2.0005364E+001, 2.0018517E+001, 2.0058476E+001, 2.0098484E+001, 2.0154203E+001, 2.0239244E+001, 2.0409909E+001, 2.0759050E+001, 2.1539152E+001, 2.3325131E+001, 2.7270300E+001, 3.3146598E+001, 3.8560109E+001, 4.9038569E+001, 6.7155785E+001, 1.0011903E+002, 2.3378427E+002, 3.2542261E+002, 3.3746874E+002, 2.7695541E+002, 2.4118862E+002, 2.6209713E+002, 4.4637955E+000, 4.4602277E+000, 4.4132030E+000, 4.3973102E+000, 4.3419396E+000, 4.3910294E+000, 4.4730597E+000, 4.4697827E+000, 4.5000831E+000, 4.5588102E+000, 4.6291610E+000, 4.7832629E+000, 4.7331615E+000, 4.7290892E+000, 4.6809495E+000, 4.8266883E+000, 5.2650244E+000, 6.9763283E+000, 8.2690469E+000, 9.4778710E+000, 8.7710504E+000, 8.2659531E+000, 9.2923569E+000, 9.3990339E+004, 7.8189433E-001, 2.0763407E+001, 3.9253801E+001
 1.5001123E+002, 2.0001988E+001, 2.0004512E+001, 2.0017658E+001, 2.0055761E+001, 2.0093403E+001, 2.0152516E+001, 2.0246015E+001, 2.0397344E+001, 2.0722699E+001, 2.1458236E+001, 2.3052023E+001, 2.6563140E+001, 3.1805053E+001, 3.6994114E+001, 4.8444022E+001, 8.4656811E+001, 1.5721438E+002, 1.9163825E+002, 3.6944969E+002, 4.2448466E+002, 3.8123868E+002, 2.7902730E+002, 2.3778280E+002, 4.2751872E+000, 4.2456518E+000, 4.1533212E+000, 4.0442595E+000, 3.9951879E+000, 3.9309347E+000, 3.8948357E+000, 3.9673098E+000, 3.9983325E+000, 4.0339126E+000, 4.2491720E+000, 4.4838442E+000, 4.7037340E+000, 4.6847930E+000, 4.6007881E+000, 4.4785961E+000, 5.1355868E+000, 5.2114159E+000, 6.0250384E+000, 7.7080445E+000, 1.0629254E+001, 9.5050614E+000, 7.5294623E+000, 7.1674041E+004, 6.3995789E-001, 2.0384326E+001, 3.2022788E+001
 1.5101346E+002, 2.0000181E+001, 2.0005362E+001, 2.0016769E+001, 2.0058216E+001, 2.0096422E+001, 2.0155265E+001, 2.0252666E+001, 2.0435117E+001, 2.0796936E+001, 2.1578400E+001, 2.3423659E+001, 2.7321844E+001, 3.2467911E+001, 3.7368968E+001, 5.6321594E+001, 1.1549630E+002, 2.5326572E+002, 2.9439106E+002, 2.7188110E+002, 3.0110123E+002, 2.7631573E+002, 2.9808559E+002, 2.4772262E+002, 4.2799956E+000, 3.9590135E+000, 3.9236412E+000, 3.7103677E+000, 3.6952787E+000, 3.6204907E+000, 3.5195429E+000, 3.4280751E+000, 3.4858138E+000, 3.5741031E+000, 3.5886375E+000, 3.7692840E+000, 3.7755783E+000, 4.0797739E+000, 4.2534273E+000, 4.4101680E+000, 4.9416870E+000, 6.7664175E+000, 6.0912283E+000, 6.8082408E+000, 7.4693462E+000, 7.9896509E+000, 7.6222740E+000, 7.3037050E+004, 8.2004720E-001, 2.2626672E+001, 2.1974912E+001
 1.5200987E+002, 2.0001070E+001, 2.0003651E+001, 2.0018866E+001, 2.0056760E+001, 2.0098015E+001, 2.0158640E+001, 2.0252063E+001, 2.0428096E+001, 2.0809299E+001, 2.1644032E+001, 2.3379680E+001, 2.7178635E+001, 3.2897752E+001, 4.1174748E+001, 1.8772734E+002, 2.0794609E+002, 2.9321659E+002, 4.1379320E+002, 4.5138354E+002, 4.0161546E+002, 2.9541945E+002, 2.3668951E+002, 2.5841150E+002, 4.5150768E+000, 4.5279151E+000, 4.3201811E+000, 4.3885387E+000, 4.3201953E+000, 4.2687811E+000, 4.2861467E+000, 4.2302055E+000, 4.1949744E+000, 4.2424503E+000, 4.4853693E+000, 4.6943783E+000, 4.7216995E+000, 4.5104940E+000, 3.9748915E+000, 5.2788380E+000, 6.8419387E+000, 8.3066677E+000, 1.1204615E+001, 1.1610438E+001, 1.1789686E+001, 9.9528195E+000, 1.0206386E+001, 9.4924991E+004, 7.2502493E-001, 1.9595524E+001, 3.8590900E+001
 1.5301752E+002, 2.0001160E+001, 2.0004064E+001, 2.0015770E+001, 2.0055789E+001, 2.0089978E+001, 2.0144598E+001, 2.0238573E+001, 2.0399111E+001, 2.0745062E+001, 2.1516792E+001, 2.3224976E+001, 2.6862463E+001, 3.1807042E+001, 3.6167322E+001, 4.9089375E+001, 1.1089151E+002, 1.7250207E+002, 3.4282107E+002, 5.4812958E+002, 5.2121618E+002, 4.5209856E+002, 2.7811620E+002, 2.1863563E+002, 4.3425079E+000, 4.2928139E+000, 4.2352232E+000, 3.9999646E+000, 4.0390065E+000, 4.0241095E+000, 3.8890950E+000, 3.8899390E+000, 3.8290369E+000, 3.8697140E+000, 3.9981129E+000, 4.2941597E+000, 4.5939673E+000, 4.7346828E+000, 5.0178326E+000, 4.6682543E+000, 5.7358429E+000, 5.9982012E+000, 7.0139132E+000, 9.1513060E+000, 1.0063837E+001, 9.1015000E+000, 7.7965476E+000, 7.2897392E+004, 6.0701560E-001, 1.9441712E+001, 2.6895312E+001
 1.5401579E+002, 1.9999794E+001, 2.0004275E+001, 2.0015317E+001, 2.0055744E+001, 2.0096257E+001, 2.0150395E+001, 2.0237498E+001, 2.0419162E+001, 2.0788885E+001, 2.1615421E+001, 2.3503653E+001, 2.7430314E+001, 3.2404203E+001, 3.7035742E+001, 4.4225005E+001, 5.3792121E+001, 1.3105962E+002, 1.5711723E+002, 2.8695302E+002, 3.8704880E+002, 3.0223747E+002, 3.1980609E+002, 2.5534892E+002, 4.2013426E+000, 4.0624282E+000, 4.0166991E+000, 3.8041448E+000, 3.6559063E+000, 3.6816566E+000, 3.6547851E+000, 3.5404988E+000, 3.4778142E+000, 3.4489055E+000, 3.4813527E+000, 3.5723759E+000, 3.7799561E+000, 4.0931154E+000, 4.5131386E+000, 4.6534171E+000, 4.6958239E+000, 5.6732653E+000, 6.2980168E+000, 6.8303445E+000, 6.9993875E+000, 8.7117121E+000, 7.6759468E+000, 7.7897762E+004, 7.8155666E-001, 2.2160773E+001, 2.3582901E+001
 1.5500003E+002, 1.9999848E+001, 2.0002848E+001, 2.0017426E+001, 2.0053030E+001, 2.0090861E+001, 2.0156658E+001, 2.0250478E+001, 2.0417502E+001, 2.0785843E+001, 2.1620221E+001, 2.3437249E+001, 2.7490566E+001, 3.3110591E+001, 3.8159648E+001, 4.8797800E+001, 8.1359830E+001, 1.4682961E+002, 2.1324268E+002, 3.0083482E+002, 3.1991414E+002, 2.7228346E+002, 2.4136217E+002, 2.3313274E+002, 4.4827946E+000, 4.5428705E+000, 4.5183928E+000, 4.6211254E+000, 4.6004448E+000, 4.4071753E+000, 4.3930302E+000, 4.4583488E+000, 4.4518616E+000, 4.4245584E+000, 4.5495436E+000, 4.7109461E+000, 4.6920990E+000, 4.7141782E+000, 4.7950870E+000, 4.9527504E+000, 5.8036063E+000, 6.5865774E+000, 8.3314882E+000, 8.2631052E+000, 8.4569648E+000, 8.9145441E+000, 9.8218230E+000, 8.9404318E+004, 7.6069128E-001, 2.0458239E+001, 3.6855391E+001
 1.5600484E+002, 1.9999878E+001, 2.0002387E+001, 2.0014660E+001, 2.0054704E+001, 2.0090256E+001, 2.0138700E+001, 2.0230435E+001, 2.0406617E+001, 2.0752885E+001, 2.1478767E+001, 2.3201643E+001, 2.6822081E+001, 3.2015971E+001, 3.7462359E+001, 4.6821558E+001, 7.1161405E+001, 1.9657469E+002, 3.5241345E+002, 4.1174632E+002, 4.1597711E+002, 3.2213154E+002, 2.1457437E+002, 2.0972064E+002, 4.3276125E+000, 4.2628439E+000, 4.2299233E+000, 4.1360414E+000, 4.0900669E+000, 4.1839703E+000, 4.0885245E+000, 3.8703199E+000, 3.8919314E+000, 3.9833651E+000, 4.0915690E+000, 4.2843289E+000, 4.5514747E+000, 4.6724904E+000, 4.7608663E+000, 4.5849389E+000, 4.2018826E+000, 4.4215525E+000, 6.4456490E+000, 9.0554424E+000, 7.9908533E+000, 7.1453536E+000, 7.2623017E+000, 7.0238869E+004, 6.3540215E-001, 2.0032756E+001, 3.0846144E+001
 1.5700527E+002, 2.0000574E+001, 2.0002200E+001, 2.0012905E+001, 2.0053976E+001, 2.0094008E+001, 2.0151781E+001, 2.0238245E+001, 2.0397573E+001, 2.0796995E+001, 2.1651561E+001, 2.3529297E+001, 2.7571566E+001, 3.3180350E+001, 3.8213086E+001, 7.5033526E+001, 6.7710952E+001, 1.0534465E+002, 1.2943138E+002, 2.1764215E+002, 3.1985492E+002, 3.6870884E+002, 3.1615958E+002, 2.4098052E+002, 4.1471013E+000, 4.0461451E+000, 3.9964453E+000, 3.8289097E+000, 3.7698849E+000, 3.7194016E+000, 3.6768658E+000, 3.7362952E+000, 3.4947911E+000, 3.3719870E+000, 3.4858595E+000, 3.6382804E+000, 3.5608238E+000, 3.7511586E+000, 4.0660675E+000, 4.8578116E+000, 4.9498694E+000, 5.0102931E+000, 4.3335072E+000, 4.5208455E+000, 8.6174803E+000, 7.4451583E+000, 7.7418871E+000, 7.4245425E+004, 7.8868709E-001, 2.1756522E+001, 2.1603569E+001
 1.5801298E+002, 2.0001839E+001, 2.0003704E+001, 2.0014411E+001, 2.0049771E+001, 2.0089338E+001, 2.0151870E+001, 2.0248563E+001, 2.0423827E+001, 2.0760800E+001, 2.1552707E+001, 2.3480585E+001, 2.7600981E+001, 3.3386709E+001, 3.9344115E+001, 8.7947024E+001, 1.8877543E+002, 2.3774847E+002, 3.2407698E+002, 3.1691940E+002, 2.7679226E+002, 2.6171084E+002, 2.6530574E+002, 2.8538425E+002, 4.3727316E+000, 4.4794989E+000, 4.4679431E+000, 4.5519594E+000, 4.5202279E+000, 4.4480476E+000, 4.4485441E+000, 4.4152400E+000, 4.5417255E+000, 4.5779590E+000, 4.5020204E+000, 4.6546844E+000, 4.7436274E+000, 4.5280659E+000, 4.1250184E+000, 4.5186816E+000, 5.7500971E+000, 6.6160562E+000, 8.3035940E+000, 8.4738852E+000, 7.9086600E+000, 8.8172944E+000, 9.0612521E+000, 9.2863579E+004, 7.6952675E-001, 1.9757470E+001, 3.3395404E+001
 1.5901033E+002, 2.0001423E+001, 2.0005219E+001, 2.0015803E+001, 2.0049508E+001, 2.0083007E+001, 2.0132736E+001, 2.0225043E+001, 2.0393915E+001, 2.0736990E+001, 2.1498651E+001, 2.3020809E+001, 2.6455101E+001, 3.2175061E+001, 3.7960593E+001, 4.6570105E+001, 1.5199392E+002, 2.3470051E+002, 3.3517935E+002, 4.9986320E+002, 5.2061372E+002, 4.2214073E+002, 2.8308558E+002, 2.2149994E+002, 4.3021587E+000, 4.2082805E+000, 4.2895221E+000, 4.2360808E+000, 4.2516126E+000, 4.2780828E+000, 4.1993383E+000, 4.1318902E+000, 4.0814995E+000, 4.1068497E+000, 4.3943880E+000, 4.6980064E+000, 4.6867723E+000, 4.7508744E+000, 4.8208455E+000, 3.7516604E+000, 3.4882295E+000, 4.5478440E+000, 4.4057990E+000, 7.6115600E+000, 9.9661842E+000, 9.4872358E+000, 7.6422626E+000, 7.4755163E+004, 6.0625634E-001, 1.9238384E+001, 2.9489084E+001
 1.6001063E+002, 2.0000427E+001, 2.0005017E+001, 2.0017120E+001, 2.0053351E+001, 2.0085730E+001, 2.0139076E+001, 2.0216452E+001, 2.0381817E+001, 2.0743040E+001, 2.1573915E+001, 2.3419082E+001, 2.7295262E+001, 3.1779305E+001, 3.6556198E+001, 5.2977356E+001, 6.1945830E+001, 1.2925317E+002, 2.0692061E+002, 3.0881728E+002, 3.5681405E+002, 3.3640084E+002, 3.5042021E+002, 2.9041659E+002, 4.2123876E+000, 3.9415629E+000, 3.8483643E+000, 3.8434307E+000, 3.8735300E+000, 3.7696463E+000, 3.8065641E+000, 3.7594462E+000, 3.6186804E+000, 3.6139699E+000, 3.5571229E+000, 3.7407982E+000, 4.0720838E+000, 4.1465069E+000, 4.2524679E+000, 4.4972899E+000, 4.1261139E+000, 2.8091414E+000, 4.5202069E+000, 4.9514386E+000, 7.0971905E+000, 7.6110230E+000, 8.3811438E+000, 7.1478056E+004, 7.4213251E-001, 2.2027818E+001, 2.4814259E+001
 1.6101078E+002, 1.9999501E+001, 2.0003571E+001, 2.0018602E+001, 2.0055996E+001, 2.0093029E+001, 2.0146510E+001, 2.0228741E+001, 2.0388253E+001, 2.0718287E+001, 2.1511348E+001, 2.3349879E+001, 2.7273806E+001, 3.3003790E+001, 3.8639242E+001, 6.6947665E+001, 2.3615130E+002, 3.9936330E+002, 4.3662697E+002, 4.1651391E+002, 3.4698401E+002, 2.5434311E+002, 2.2233642E+002, 2.7507205E+002, 4.4725342E+000, 4.4265335E+000, 4.2508847E+000, 4.3192723E+000, 4.3571789E+000, 4.4395991E+000, 4.4141529E+000, 4.4744292E+000, 4.5123775E+000, 4.4781531E+000, 4.5087743E+000, 4.5715317E+000, 4.5570273E+000, 4.4763189E+000, 4.4562177E+000, 4.4468216E+000, 6.0919929E+000, 7.3092641E+000, 8.3311116E+000, 9.3706292E+000, 8.6302670E+000, 8.0503626E+000, 8.7938356E+000, 9.3228101E+004, 7.5062850E-001, 1.9496020E+001, 3.4789208E+001
 1.6200729E+002, 2.0000119E+001, 2.0001939E+001, 2.0015686E+001, 2.0056456E+001, 2.0091982E+001, 2.0143367E+001, 2.0228554E+001, 2.0373933E+001, 2.0687722E+001, 2.1383035E+001, 2.2904270E+001, 2.6428113E+001, 3.2011345E+001, 3.7299825E+001, 5.7466855E+001, 8.9998754E+001, 1.6268456E+002, 3.3367138E+002, 4.9035172E+002, 5.9696147E+002, 3.9979909E+002, 2.4918062E+002, 1.6750993E+002, 4.4346666E+000, 4.4231423E+000, 4.3338210E+000, 4.1496065E+000, 4.1297245E+000, 4.2436077E+000, 4.2319825E+000, 4.3223184E+000, 4.3037041E+000, 4.3950203E+000, 4.6021775E+000, 4.7730649E+000, 4.9057309E+000, 4.8598051E+000, 4.8237625E+000, 4.1330101E+000, 3.3524060E+000, 4.1338976E+000, 6.2943436E+000, 8.7054359E+000, 1.0162247E+001, 8.5283245E+000, 7.0469552E+000, 7.5942579E+004, 5.9202449E-001, 1.8711822E+001, 3.0882212E+001
 1.6301557E+002, 1.9999420E+001, 2.0002678E+001, 2.0012919E+001, 2.0053486E+001, 2.0092785E+001, 2.0149664E+001, 2.0233561E+001, 2.0394172E+001, 2.0737008E+001, 2.1450406E+001, 2.3192922E+001, 2.6557047E+001, 3.1520786E+001, 3.6522247E+001, 4.5365274E+001, 8.6251801E+001, 1.0130757E+002, 2.0579964E+002, 3.3893152E+002, 4.2685114E+002, 3.3871508E+002, 2.5511144E+002, 2.4323435E+002, 4.3260201E+000, 4.0984593E+000, 4.0922273E+000, 3.8361358E+000, 3.6783638E+000, 3.6145411E+000, 3.6276931E+000, 3.6701483E+000, 3.6801592E+000, 3.7837822E+000, 3.8052521E+000, 3.9683778E+000, 4.1273698E+000, 4.1677531E+000, 4.2850904E+000, 4.3950497E+000, 4.4223210E+000, 3.5061815E+000, 5.6455596E+000, 7.3942908E+000, 6.5898835E+000, 6.5582365E+000, 6.6273804E+000, 7.1715638E+004, 6.9306579E-001, 2.0798508E+001, 2.5937951E+001
 1.6400351E+002, 1.9993712E+001, 2.0001741E+001, 2.0013847E+001, 2.0049288E+001, 2.0088307E+001, 2.0149443E+001, 2.0242930E+001, 2.0412763E+001, 2.0762345E+001, 2.1529790E+001, 2.3210997E+001, 2.6847143E+001, 3.2052684E+001, 4.2628977E+001, 1.1400755E+002, 1.3438662E+002, 2.7311605E+002, 2.4125418E+002, 2.9552560E+002, 3.4405381E+002, 2.6324706E+002, 2.3586706E+002, 1.9887808E+002, 4.5808334E+000, 4.5680718E+000, 4.4149511E+000, 4.4884609E+000, 4.3781073E+000, 4.2550422E+000, 4.1626091E+000, 4.1590421E+000, 4.2753695E+000, 4.2424028E+000, 4.5874847E+000, 4.6782559E+000, 4.7165406E+000, 4.5708689E+000, 4.5989355E+000, 5.2650996E+000, 5.4621969E+000, 6.3619719E+000, 7.6060262E+000, 9.0976067E+000, 9.1873585E+000, 8.2250996E+000, 8.4097839E+000, 9.2449724E+004, 7.2057742E-001, 1.9387667E+001, 3.6384823E+001
 1.6501445E+002, 1.9998105E+001, 1.9992121E+001, 2.0012017E+001, 2.0046772E+001, 2.0077812E+001, 2.0132012E+001, 2.0223464E+001, 2.0388536E+001, 2.0735917E+001, 2.1475718E+001, 2.3082983E+001, 2.6656513E+001, 3.1749538E+001, 3.6126840E+001, 6.4567761E+001, 1.4497099E+002, 2.5368886E+002, 4.0464558E+002, 5.2141313E+002, 5.4224236E+002, 4.4036680E+002, 2.8059378E+002, 1.9494731E+002, 4.5079242E+000, 4.6332670E+000, 4.5314060E+000, 4.3699406E+000, 4.4024955E+000, 4.3880219E+000, 4.2737421E+000, 4.0742328E+000, 4.1189586E+000, 4.1576627E+000, 4.3630050E+000, 4.6492713E+000, 4.9245231E+000, 5.0861957E+000, 4.9169963E+000, 6.2494386E+000, 8.5225792E+000, 9.2819257E+000, 9.0508115E+000, 1.1141608E+001, 1.2414700E+001, 9.1972816E+000, 7.3348790E+000, 7.8501163E+004, 6.1358337E-001, 1.9190671E+001, 2.7242669E+001
 1.6601219E+002, 1.9999104E+001, 1.9999459E+001, 1.9998171E+001, 2.0047417E+001, 2.0084354E+001, 2.0130013E+001, 2.0213801E+001, 2.0375449E+001, 2.0744552E+001, 2.1543279E+001, 2.3380522E+001, 2.7124039E+001, 3.2053794E+001, 3.6396675E+001, 4.7159049E+001, 1.2297358E+002, 2.2054714E+002, 2.9876163E+002, 3.6438926E+002, 4.0108641E+002, 2.4298699E+002, 2.6030595E+002, 2.4594743E+002, 4.2181243E+000, 4.2306870E+000, 4.3588831E+000, 4.0254813E+000, 3.9231632E+000, 3.8728920E+000, 3.9676710E+000, 3.7938605E+000, 3.6163984E+000, 3.5976293E+000, 3.6256737E+000, 3.8222788E+000, 4.0386187E+000, 4.0636720E+000, 4.5320652E+000, 4.3529037E+000, 5.6680720E+000, 6.9456496E+000, 7.5166751E+000, 7.2830317E+000, 7.0179757E+000, 8.0162480E+000, 8.1757665E+000, 7.1496442E+004, 7.2363063E-001, 2.1791386E+001, 2.3658365E+001
 1.6700197E+002, 2.0001169E+001, 2.0001110E+001, 2.0008431E+001, 2.0031023E+001, 2.0075816E+001, 2.0138534E+001, 2.0226730E+001, 2.0384797E+001, 2.0733179E+001, 2.1523058E+001, 2.3395491E+001, 2.7367118E+001, 3.3007591E+001, 3.7972806E+001, 1.7501750E+002, 2.6631562E+002, 3.3221353E+002, 3.3211333E+002, 3.0384119E+002, 3.2141129E+002, 3.1106612E+002, 2.2570835E+002, 2.0421168E+002, 4.4471448E+000, 4.4492326E+000, 4.5490686E+000, 4.7360927E+000, 4.7235750E+000, 4.4672065E+000, 4.4372926E+000, 4.5061430E+000, 4.5406520E+000, 4.3547381E+000, 4.4202454E+000, 4.4254173E+000, 4.5568437E+000, 4.2030566E+000, 4.0926135E+000, 4.4153042E+000, 6.8934112E+000, 8.8782912E+000, 9.3847444E+000, 9.8299378E+000, 9.9402570E+000, 8.6399332E+000, 8.5780697E+000, 8.8410076E+004, 8.0266261E-001, 2.1421061E+001, 3.1486760E+001
 1.6800818E+002, 1.9999975E+001, 2.0004458E+001, 2.0012409E+001, 2.0041711E+001, 2.0062772E+001, 2.0111167E+001, 2.0206224E+001, 2.0371275E+001, 2.0700090E+001, 2.1407883E+001, 2.3004899E+001, 2.6490102E+001, 3.1941637E+001, 3.7346901E+001, 4.8472741E+001, 1.2861959E+002, 2.7908674E+002, 3.5384018E+002, 4.6951728E+002, 4.9709253E+002, 3.7071528E+002, 2.5690607E+002, 2.3328063E+002, 4.4926470E+000, 4.3646462E+000, 4.4461545E+000, 4.5797072E+000, 4.7434200E+000, 4.7798341E+000, 4.6971489E+000, 4.4695552E+000, 4.4587912E+000, 4.4744548E+000, 4.8091949E+000, 4.8408607E+000, 4.9420828E+000, 5.0064336E+000, 4.9492656E+000, 4.3111955E+000, 3.6010214E+000, 5.6189083E+000, 7.4744230E+000, 9.4954215E+000, 1.0106863E+001, 9.3695095E+000, 8.6471431E+000, 7.5880779E+004, 6.5368339E-001, 1.9146090E+001, 3.2139667E+001
 1.6901297E+002, 1.9999124E+001, 2.0002473E+001, 2.0016623E+001, 2.0047770E+001, 2.0080616E+001, 2.0121552E+001, 2.0186887E+001, 2.0337222E+001, 2.0688469E+001, 2.1442955E+001, 2.3125681E+001, 2.6870133E+001, 3.1860679E+001, 3.6632406E+001, 4.5469087E+001, 8.9209168E+001, 1.1439849E+002, 1.9000588E+002, 3.3169559E+002, 4.2186467E+002, 3.5466124E+002, 3.3184388E+002, 2.2335244E+002, 4.2773512E+000, 4.0822481E+000, 3.8180102E+000, 3.9196900E+000, 3.9605703E+000, 3.9905869E+000, 4.0924673E+000, 4.0132895E+000, 3.9802300E+000, 3.7212630E+000, 3.7734819E+000, 4.0593854E+000, 4.1271211E+000, 4.1411737E+000, 4.1259496E+000, 4.2926774E+000, 4.4433348E+000, 3.6314091E+000, 5.4162603E+000, 5.1566665E+000, 6.9261727E+000, 8.1289068E+000, 7.4367269E+000, 7.0449947E+004, 6.8823941E-001, 2.0600296E+001, 2.4875942E+001
 1.7000994E+002, 2.0000093E+001, 2.0002036E+001, 2.0014460E+001, 2.0053485E+001, 2.0085500E+001, 2.0134587E+001, 2.0213943E+001, 2.0352059E+001, 2.0663443E+001, 2.1412684E+001, 2.3146203E+001, 2.7035241E+001, 3.2555719E+001, 3.7356300E+001, 4.6147957E+001, 2.0684836E+002, 3.0502764E+002, 3.7124466E+002, 3.6682137E+002, 3.5821302E+002, 3.0391236E+002, 2.1741886E+002, 2.5274015E+002, 4.5025416E+000, 4.4764121E+000, 4.4636620E+000, 4.2927785E+000, 4.4701622E+000, 4.4443077E+000, 4.6601716E+000, 4.6181693E+000, 4.7510819E+000, 4.7987085E+000, 4.7261553E+000, 4.7571268E+000, 4.7733880E+000, 4.7785126E+000, 4.5151298E+000, 4.3966686E+000, 6.1055516E+000, 8.3593210E+000, 9.6113393E+000, 1.1955124E+001, 9.0285877E+000, 8.1838147E+000, 8.7929166E+000, 9.0388667E+004, 7.4942717E-001, 1.9482539E+001, 3.6310979E+001
 1.7101139E+002, 2.0000134E+001, 2.0002957E+001, 2.0013318E+001, 2.0049755E+001, 2.0089880E+001, 2.0139246E+001, 2.0215775E+001, 2.0362807E+001, 2.0666443E+001, 2.1321683E+001, 2.2814695E+001, 2.6181310E+001, 3.1333461E+001, 3.6473799E+001, 4.8086270E+001, 5.7897674E+001, 3.2314932E+002, 4.1135981E+002, 5.3891998E+002, 5.5960474E+002, 4.0151771E+002, 3.1677139E+002, 2.1418609E+002, 4.3630578E+000, 4.4853171E+000, 4.4444880E+000, 4.4006123E+000, 4.3639459E+000, 4.2829440E+000, 4.4220724E+000, 4.5408925E+000, 4.5400240E+000, 4.7557918E+000, 4.9086916E+000, 5.2444412E+000, 5.3120557E+000, 5.2820242E+000, 5.0468870E+000, 4.8434851E+000, 2.7492516E+000, 5.2741832E+000, 7.8259899E+000, 1.0281483E+001, 1.1543592E+001, 9.5237579E+000, 7.7374738E+000, 7.9527072E+004, 6.2750294E-001, 1.8655065E+001, 3.6077260E+001
 1.7200512E+002, 1.9999624E+001, 2.0002740E+001, 2.0014511E+001, 2.0049414E+001, 2.0083672E+001, 2.0141793E+001, 2.0234181E+001, 2.0381792E+001, 2.0709958E+001, 2.1447012E+001, 2.3057909E+001, 2.6581359E+001, 3.1210495E+001, 3.5674171E+001, 4.4412819E+001, 1.0324782E+002, 1.8077207E+002, 2.4817628E+002, 3.6098798E+002, 4.3720594E+002, 3.4361552E+002, 2.6050201E+002, 2.6353732E+002, 4.1604383E+000, 4.0422675E+000, 3.9448693E+000, 3.8187509E+000, 3.8632912E+000, 3.7737427E+000, 3.4826130E+000, 3.7127402E+000, 3.6880107E+000, 3.7992354E+000, 3.9066584E+000, 4.0898885E+000, 4.3500649E+000, 4.4936578E+000, 4.9776536E+000, 4.4090855E+000, 4.8179918E+000, 5.1087588E+000, 5.0242677E+000, 4.2062924E+000, 7.5225278E+000, 7.4622904E+000, 8.0207455E+000, 7.0087486E+004, 7.0588178E-001, 2.0696955E+001, 2.4078530E+001
 1.7300458E+002, 2.0000011E+001, 2.0002569E+001, 2.0014559E+001, 2.0051799E+001, 2.0086021E+001, 2.0144016E+001, 2.0233919E+001, 2.0424709E+001, 2.0773435E+001, 2.1551884E+001, 2.3303916E+001, 2.6964287E+001, 3.2075819E+001, 3.6933298E+001, 9.5593869E+001, 1.3077959E+002, 1.7810556E+002, 2.2824996E+002, 2.1027613E+002, 2.3057538E+002, 2.5014895E+002, 2.2753436E+002, 2.1049096E+002, 4.3162957E+000, 4.2993543E+000, 4.2664997E+000, 4.3212807E+000, 4.3100114E+000, 4.2851463E+000, 4.2672463E+000, 4.0583963E+000, 4.1249829E+000, 4.3033173E+000, 4.4447631E+000, 4.6561561E+000, 4.6711422E+000, 4.6967148E+000, 4.7023391E+000, 5.4954682E+000, 6.4846462E+000, 8.2310085E+000, 9.5345163E+000, 9.7995178E+000, 8.5618259E+000, 8.4441184E+000, 8.4488465E+000, 9.4234940E+004, 8.1685598E-001, 2.0783797E+001, 3.4194232E+001
 1.7400799E+002, 1.9999908E+001, 2.0002403E+001, 2.0015014E+001, 2.0050823E+001, 2.0088071E+001, 2.0141834E+001, 2.0224646E+001, 2.0383366E+001, 2.0736478E+001, 2.1525864E+001, 2.3135508E+001, 2.6513327E+001, 3.1767225E+001, 3.6904707E+001, 5.1684764E+001, 1.2557699E+002, 2.3311730E+002, 4.0329494E+002, 5.0123681E+002, 5.1315915E+002, 3.5545600E+002, 2.6846953E+002, 2.1690638E+002, 4.4545442E+000, 4.3840044E+000, 4.5020815E+000, 4.5753332E+000, 4.4938777E+000, 4.5613711E+000, 4.5936602E+000, 4.5986409E+000, 4.5380086E+000, 4.3793015E+000, 4.7953329E+000, 5.0436949E+000, 5.3612211E+000, 5.3440061E+000, 5.3904978E+000, 4.8322200E+000, 5.3152308E+000, 6.2413979E+000, 1.0127296E+001, 1.2347627E+001, 1.0765206E+001, 9.8280709E+000, 8.4604968E+000, 8.0275840E+004, 6.1865955E-001, 1.8655875E+001, 3.6836940E+001
 1.7501390E+002, 2.0000393E+001, 2.0002682E+001, 2.0013521E+001, 2.0052521E+001, 2.0087666E+001, 2.0139253E+001, 2.0233076E+001, 2.0381789E+001, 2.0729975E+001, 2.1496390E+001, 2.3341702E+001, 2.7029591E+001, 3.2224785E+001, 3.7415748E+001, 5.4254447E+001, 1.5267616E+002, 1.6702150E+002, 1.7782214E+002, 3.5091830E+002, 4.2326631E+002, 3.6178716E+002, 3.3710149E+002, 2.4684413E+002, 4.0780973E+000, 3.9768374E+000, 3.9006315E+000, 3.7529845E+000, 3.7053596E+000, 3.7715123E+000, 3.5912192E+000, 3.6614412E+000, 3.6309026E+000, 3.5846078E+000, 3.5300685E+000, 3.5818838E+000, 4.1312867E+000, 4.1185459E+000, 4.2754822E+000, 3.8266122E+000, 4.9643435E+000, 3.6551545E+000, 2.9864036E+000, 7.2046617E+000, 8.3502877E+000, 5.9769815E+000, 6.3977667E+000, 6.9296059E+004, 6.9855194E-001, 2.1639160E+001, 2.4342107E+001
 1.7601132E+002, 2.0001071E+001, 2.0003199E+001, 2.0014862E+001, 2.0052596E+001, 2.0092915E+001, 2.0151514E+001, 2.0237978E+001, 2.0422016E+001, 2.0796027E+001, 2.1576409E+001, 2.3447832E+001, 2.7443979E+001, 3.3561115E+001, 3.8752760E+001, 5.8166759E+001, 1.3415430E+002, 2.6680668E+002, 2.7271705E+002, 2.8568229E+002, 3.0575356E+002, 2.6343980E+002, 2.8078252E+002, 2.8511016E+002, 4.4096857E+000, 4.4009679E+000, 4.3334513E+000, 4.3283386E+000, 4.3219933E+000, 4.2321763E+000, 4.3265433E+000, 4.2180612E+000, 4.2678513E+000, 4.3680339E+000, 4.4643555E+000, 4.3216973E+000, 4.2785045E+000, 4.2025560E+000, 4.8692815E+000, 5.0622597E+000, 5.8569506E+000, 7.8571735E+000, 7.1873505E+000, 7.5325759E+000, 8.8937264E+000, 8.5672884E+000, 8.3501091E+000, 9.0010635E+004, 8.4579655E-001, 2.0893845E+001, 2.4828015E+001
 1.7700640E+002, 2.0001762E+001, 2.0004675E+001, 2.0015222E+001, 2.0052270E+001, 2.0087422E+001, 2.0143156E+001, 2.0238105E+001, 2.0399513E+001, 2.0739952E+001, 2.1503525E+001, 2.3146974E+001, 2.6599041E+001, 3.2218377E+001, 3.7948704E+001, 6.1966843E+001, 2.1198893E+002, 2.5075178E+002, 2.4239935E+002, 3.1204688E+002, 3.3783546E+002, 3.1961291E+002, 2.1392347E+002, 2.1937845E+002, 4.5827085E+000, 4.4725752E+000, 4.5222921E+000, 4.4550521E+000, 4.4771788E+000, 4.4863602E+000, 4.5115890E+000, 4.4051393E+000, 4.6001411E+000, 4.4238757E+000, 4.8593449E+000, 4.9751708E+000, 5.2756517E+000, 5.1108154E+000, 4.4418044E+000, 3.6513942E+000, 4.5090196E+000, 6.0387154E+000, 7.7534368E+000, 8.2769431E+000, 1.0684844E+001, 9.4460029E+000, 8.8537621E+000, 8.1761396E+004, 6.4023726E-001, 1.8654262E+001, 3.0737046E+001
 1.7801543E+002, 1.9999143E+001, 2.0005043E+001, 2.0016951E+001, 2.0050882E+001, 2.0087475E+001, 2.0140454E+001, 2.0230570E+001, 2.0395617E+001, 2.0756961E+001, 2.1501079E+001, 2.3314852E+001, 2.7210654E+001, 3.2365587E+001, 3.7569974E+001, 4.5394275E+001, 6.4317447E+001, 2.0802182E+002, 2.9121341E+002, 4.5021275E+002, 4.2417176E+002, 3.8391773E+002, 3.6483990E+002, 2.6671753E+002, 4.3782715E+000, 4.1225542E+000, 3.8803117E+000, 3.8777378E+000, 3.8718970E+000, 3.7372224E+000, 3.7443647E+000, 3.6260243E+000, 3.7160608E+000, 3.5048553E+000, 3.7959344E+000, 3.7548767E+000, 4.1549202E+000, 4.3558343E+000, 4.6188877E+000, 4.4587381E+000, 2.8200390E+000, 2.1136118E+000, 3.1589426E+000, 6.9469277E+000, 8.3201314E+000, 9.4027367E+000, 7.2544982E+000, 6.8911040E+004, 7.0535998E-001, 2.2618718E+001, 2.4090223E+001
 1.7900278E+002, 1.9999322E+001, 2.0001770E+001, 2.0017886E+001, 2.0058460E+001, 2.0094550E+001, 2.0146927E+001, 2.0239267E+001, 2.0407354E+001, 2.0780026E+001, 2.1593002E+001, 2.3537608E+001, 2.7646007E+001, 3.3540264E+001, 3.9063969E+001, 8.0685935E+001, 1.6462486E+002, 2.2564572E+002, 2.6330730E+002, 3.3528089E+002, 3.0237884E+002, 2.7970361E+002, 2.8968317E+002, 3.1218130E+002, 4.4394355E+000, 4.4981578E+000, 4.3276288E+000, 4.1473506E+000, 4.3008588E+000, 4.2505354E+000, 4.3729627E+000, 4.1642657E+000, 4.3235254E+000, 4.2521660E+000, 4.3227405E+000, 4.4791385E+000, 4.4525272E+000, 4.2211293E+000, 4.4482825E+000, 5.1624927E+000, 6.5560468E+000, 6.2132985E+000, 7.4666278E+000, 7.6912730E+000, 8.3877408E+000, 8.9597346E+000, 9.8913842E+000, 8.8318974E+004, 8.2277111E-001, 2.1067626E+001, 3.4705306E+001
 1.8000241E+002, 1.9999262E+001, 2.0001421E+001, 2.0014005E+001, 2.0055909E+001, 2.0093662E+001, 2.0149727E+001, 2.0231715E+001, 2.0378776E+001, 2.0706266E+001, 2.1460247E+001, 2.3135314E+001, 2.6692341E+001, 3.2236199E+001, 3.7797188E+001, 4.8603237E+001, 1.4099645E+002, 3.0986873E+002, 4.1759905E+002, 5.1551855E+002, 5.4675175E+002, 3.4773743E+002, 2.4696612E+002, 2.2359842E+002, 4.4961995E+000, 4.5655241E+000, 4.5915800E+000, 4.4544586E+000, 4.4746859E+000, 4.3058598E+000, 4.5812885E+000, 4.5752849E+000, 4.6472030E+000, 4.5673831E+000, 4.8020303E+000, 5.0276205E+000, 5.2201030E+000, 5.2904176E+000, 5.1657154E+000, 5.0129918E+000, 5.6047543E+000, 7.5625685E+000, 9.8639782E+000, 1.1550945E+001, 1.0836350E+001, 9.6119623E+000, 8.6198851E+000, 8.0475945E+004, 6.0706516E-001, 1.8127912E+001, 3.3099905E+001
 1.8101561E+002, 1.9998561E+001, 2.0001382E+001, 2.0010197E+001, 2.0048466E+001, 2.0088495E+001, 2.0145593E+001, 2.0240381E+001, 2.0403037E+001, 2.0721320E+001, 2.1431365E+001, 2.3182512E+001, 2.6768879E+001, 3.2083439E+001, 3.6763209E+001, 4.6318967E+001, 5.7124613E+001, 8.7159301E+001, 1.7548294E+002, 3.0188368E+002, 3.6668761E+002, 3.4313720E+002, 2.8558972E+002, 2.2139676E+002, 4.2128602E+000, 4.0238127E+000, 4.0410126E+000, 3.9116948E+000, 3.8967177E+000, 3.6660606E+000, 3.5363779E+000, 3.5227173E+000, 3.6345435E+000, 3.7303586E+000, 3.8465024E+000, 3.9127904E+000, 4.1438428E+000, 4.3522237E+000, 4.5505022E+000, 4.8825667E+000, 4.7084014E+000, 4.2228760E+000, 4.2165858E+000, 5.3821475E+000, 6.6309224E+000, 7.6221932E+000, 6.3046776E+000, 6.7383448E+004, 6.6847397E-001, 2.0629703E+001, 2.6688207E+001
 1.8201010E+002, 1.9999891E+001, 2.0000608E+001, 2.0012279E+001, 2.0044215E+001, 2.0084452E+001, 2.0143917E+001, 2.0244008E+001, 2.0431206E+001, 2.0818362E+001, 2.1613842E+001, 2.3350735E+001, 2.7133521E+001, 3.2504040E+001, 4.4179115E+001, 7.3104653E+001, 1.4541488E+002, 1.4569727E+002, 1.3425542E+002, 1.5377464E+002, 2.1572622E+002, 2.9341349E+002, 2.6219486E+002, 2.4732047E+002, 4.4548158E+000, 4.3443634E+000, 4.2403736E+000, 4.2837477E+000, 4.3136808E+000, 4.2281023E+000, 4.0989976E+000, 3.9191772E+000, 3.9706119E+000, 4.0055505E+000, 4.2256323E+000, 4.3933543E+000, 4.2125427E+000, 3.9388970E+000, 4.5536989E+000, 5.1411143E+000, 6.0403095E+000, 6.9472893E+000, 6.7182678E+000, 6.3244713E+000, 7.3711247E+000, 8.3078332E+000, 8.4585461E+000, 9.2256335E+004, 8.1312937E-001, 2.0018066E+001, 3.2387862E+001
 1.8300567E+002, 2.0001608E+001, 2.0002844E+001, 2.0012688E+001, 2.0047692E+001, 2.0079841E+001, 2.0129376E+001, 2.0221089E+001, 2.0387479E+001, 2.0755257E+001, 2.1565041E+001, 2.3264905E+001, 2.6904089E+001, 3.2303395E+001, 3.7197189E+001, 1.0782399E+002, 2.2678199E+002, 3.4220859E+002, 4.8408209E+002, 4.8825392E+002, 4.1420176E+002, 2.5868169E+002, 2.3264044E+002, 2.4117869E+002, 4.4527952E+000, 4.6051481E+000, 4.5632748E+000, 4.6153359E+000, 4.7047925E+000, 4.6689380E+000, 4.7603323E+000, 4.6169735E+000, 4.5111193E+000, 4.4465471E+000, 4.7005387E+000, 4.9720050E+000, 5.2691648E+000, 5.3258433E+000, 5.0000221E+000, 5.9249022E+000, 7.4419706E+000, 8.6640156E+000, 1.0035910E+001, 9.7342616E+000, 1.0645672E+001, 7.6924177E+000, 8.2426779E+000, 8.2361450E+004, 6.5140192E-001, 1.8819689E+001, 3.1707052E+001
 1.8400032E+002, 2.0002389E+001, 2.0005056E+001, 2.0014355E+001, 2.0049624E+001, 2.0084628E+001, 2.0136726E+001, 2.0211301E+001, 2.0378768E+001, 2.0724022E+001, 2.1552085E+001, 2.3464532E+001, 2.7435176E+001, 3.2888969E+001, 3.7271681E+001, 4.9105829E+001, 5.8197075E+001, 1.0109561E+002, 2.2567733E+002, 4.1150328E+002, 4.1721305E+002, 3.5704645E+002, 3.1230087E+002, 2.2753477E+002, 4.0056085E+000, 3.8822990E+000, 3.9596272E+000, 3.7702610E+000, 3.7654267E+000, 3.7830975E+000, 3.7625492E+000, 3.7188160E+000, 3.6591882E+000, 3.5407840E+000, 3.3916035E+000, 3.6337376E+000, 3.8091539E+000, 4.0462711E+000, 4.8801974E+000, 4.8950044E+000, 4.7773168E+000, 5.4600348E+000, 5.6144486E+000, 7.5093865E+000, 6.9561349E+000, 8.4814979E+000, 5.0211767E+000, 6.7646155E+004, 7.1910453E-001, 2.2852254E+001, 2.4659228E+001
 1.8500755E+002, 1.9998955E+001, 2.0005803E+001, 2.0017398E+001, 2.0053984E+001, 2.0090591E+001, 2.0150230E+001, 2.0240484E+001, 2.0407777E+001, 2.0766389E+001, 2.1614674E+001, 2.3569034E+001, 2.7932042E+001, 3.4276855E+001, 4.0193410E+001, 2.3256521E+002, 2.5350338E+002, 2.3447682E+002, 1.8930985E+002, 2.1955840E+002, 2.7598464E+002, 2.6628533E+002, 2.6591161E+002, 2.7400735E+002, 4.3866213E+000, 4.2474465E+000, 4.2655192E+000, 4.2677172E+000, 4.3543016E+000, 4.2598792E+000, 4.3464820E+000, 4.4099762E+000, 4.4157407E+000, 4.4416447E+000, 4.4139935E+000, 4.3781547E+000, 4.2371078E+000, 4.1539041E+000, 3.9066338E+000, 6.0392355E+000, 7.7195778E+000, 7.7615148E+000, 6.0239673E+000, 5.2851928E+000, 8.6801421E+000, 9.3428765E+000, 9.5453145E+000, 9.3165176E+004, 8.5313902E-001, 2.1695244E+001, 3.0328784E+001
 1.8601192E+002, 1.9999103E+001, 2.0001376E+001, 2.0019181E+001, 2.0056063E+001, 2.0093102E+001, 2.0150056E+001, 2.0238931E+001, 2.0409514E+001, 2.0752660E+001, 2.1495212E+001, 2.3123274E+001, 2.6867814E+001, 3.2678292E+001, 3.8565735E+001, 7.0191938E+001, 1.2643035E+002, 2.8148988E+002, 3.8113926E+002, 4.1711534E+002, 4.1231329E+002, 3.0040785E+002, 2.3734930E+002, 2.1923849E+002, 4.4724741E+000, 4.5298623E+000, 4.3588773E+000, 4.4919063E+000, 4.5534929E+000, 4.4968179E+000, 4.5684291E+000, 4.4832708E+000, 4.6329747E+000, 4.7449534E+000, 4.9731435E+000, 5.1737683E+000, 5.3510681E+000, 5.3027977E+000, 4.7577361E+000, 4.3670383E+000, 3.5438470E+000, 5.8546932E+000, 7.8258621E+000, 9.5557295E+000, 9.1516610E+000, 8.3783727E+000, 8.4733177E+000, 7.7117853E+004, 6.9087271E-001, 2.0032362E+001, 3.5738486E+001
 1.8700153E+002, 2.0000430E+001, 2.0000806E+001, 2.0012241E+001, 2.0060598E+001, 2.0097520E+001, 2.0152960E+001, 2.0251116E+001, 2.0414276E+001, 2.0802516E+001, 2.1592717E+001, 2.3451072E+001, 2.7233933E+001, 3.2463008E+001, 3.7525896E+001, 4.8045886E+001, 5.7669709E+001, 9.3165781E+001, 2.2911671E+002, 3.6778556E+002, 3.4915865E+002, 3.3499729E+002, 2.8864232E+002, 2.1936948E+002, 4.1867479E+000, 3.9450953E+000, 3.9360271E+000, 3.5653424E+000, 3.5588781E+000, 3.6607684E+000, 3.4730003E+000, 3.5374434E+000, 3.3915268E+000, 3.4593633E+000, 3.5943920E+000, 3.8262384E+000, 4.0097625E+000, 4.2256207E+000, 4.3504818E+000, 4.3519509E+000, 3.6971429E+000, 3.6295262E+000, 1.4444049E+000, 3.8378306E+000, 5.9747444E+000, 6.7192472E+000, 6.1387029E+000, 6.4223228E+004, 7.3909410E-001, 2.2024989E+001, 2.4667818E+001
 1.8800520E+002, 2.0000480E+001, 2.0003642E+001, 2.0011992E+001, 2.0054602E+001, 2.0103367E+001, 2.0162594E+001, 2.0252697E+001, 2.0440043E+001, 2.0823780E+001, 2.1672744E+001, 2.3658635E+001, 2.7792765E+001, 3.3674007E+001, 3.9252558E+001, 6.2521305E+001, 2.3592158E+002, 2.2269117E+002, 2.1173309E+002, 2.2320480E+002, 2.5051722E+002, 2.7373205E+002, 2.3019200E+002, 2.5899483E+002, 4.4533477E+000, 4.3951500E+000, 4.3715378E+000, 4.3761649E+000, 4.2163217E+000, 4.1972581E+000, 4.2440165E+000, 4.2414623E+000, 4.2099960E+000, 4.2714213E+000, 4.2779726E+000, 4.4978007E+000, 4.4231615E+000, 4.1093770E+000, 4.2214400E+000, 4.6777815E+000, 6.7261674E+000, 7.4403072E+000, 8.7390544E+000, 7.2956786E+000, 7.8069181E+000, 7.4367693E+000, 8.1752121E+000, 8.9971121E+004, 7.8670475E-001, 2.0435217E+001, 3.3930298E+001
 1.8901530E+002, 1.9998153E+001, 2.0003291E+001, 2.0015853E+001, 2.0045083E+001, 2.0075272E+001, 2.0145132E+001, 2.0248383E+001, 2.0407698E+001, 2.0745032E+001, 2.1559355E+001, 2.3270565E+001, 2.6915130E+001, 3.2508242E+001, 3.7987329E+001, 5.2554724E+001, 2.8668391E+002, 4.2314724E+002, 5.3731275E+002, 5.8097034E+002, 5.0550758E+002, 3.4628731E+002, 2.6445213E+002, 2.4420787E+002, 4.6726305E+000, 4.5493275E+000, 4.4695355E+000, 4.5506144E+000, 4.6048152E+000, 4.4940586E+000, 4.4047625E+000, 4.4075051E+000, 4.5091270E+000, 4.4495130E+000, 4.6613482E+000, 5.0076021E+000, 5.1448463E+000, 5.3498945E+000, 4.9110109E+000, 2.9157004E+000, 2.0004721E+000, 4.3335693E+000, 8.0562301E+000, 1.1598048E+001, 1.1586694E+001, 9.5216931E+000, 8.0913701E+000, 8.3982033E+004, 6.0601855E-001, 1.7642583E+001, 3.7280056E+001
 1.9001014E+002, 1.9994988E+001, 2.0000407E+001, 2.0014634E+001, 2.0052214E+001, 2.0083184E+001, 2.0121229E+001, 2.0204886E+001, 2.0405884E+001, 2.0766017E+001, 2.1511627E+001, 2.3396364E+001, 2.7423219E+001, 3.2062370E+001, 3.7115681E+001, 4.5971644E+001, 5.5274402E+001, 1.8582081E+002, 3.0325747E+002, 4.1685171E+002, 4.2563061E+002, 4.8524638E+002, 4.0073660E+002, 2.5588965E+002, 4.3712576E+000, 4.2466521E+000, 4.0773027E+000, 3.8121559E+000, 3.8644100E+000, 3.9366600E+000, 3.9107667E+000, 3.7253168E+000, 3.5855664E+000, 3.7014560E+000, 3.7346970E+000, 3.6621343E+000, 4.1469239E+000, 4.3300638E+000, 4.6521258E+000, 4.6219626E+000, 3.2435197E+000, 1.8501006E+000, 8.0028252E-001, 5.8260584E+000, 8.0141623E+000, 8.6698784E+000, 6.9217370E+000, 7.2679564E+004, 6.5488633E-001, 2.0886747E+001, 2.1515009E+001
 1.9100318E+002, 1.9998323E+001, 1.9995734E+001, 2.0011721E+001, 2.0053350E+001, 2.0093994E+001, 2.0148286E+001, 2.0228683E+001, 2.0370338E+001, 2.0749488E+001, 2.1643210E+001, 2.3504977E+001, 2.7591282E+001, 3.3895084E+001, 3.9419621E+001, 4.7608359E+001, 5.5915010E+001, 1.1151285E+002, 1.7551136E+002, 2.2654089E+002, 2.6253997E+002, 2.7104005E+002, 3.0115665E+002, 3.2459410E+002, 4.5957423E+000, 4.5567516E+000, 4.4876470E+000, 4.4557079E+000, 4.3230957E+000, 4.3194415E+000, 4.3714971E+000, 4.5207325E+000, 4.4960561E+000, 4.3701511E+000, 4.4920005E+000, 4.6794897E+000, 4.4118184E+000, 4.5362146E+000, 4.7387661E+000, 5.1347568E+000, 5.7114729E+000, 6.5311801E+000, 5.9590368E+000, 5.4594557E+000, 8.7752289E+000, 9.2786282E+000, 8.9026749E+000, 9.1109785E+004, 8.1580095E-001, 2.0934015E+001, 2.9725831E+001
 1.9200603E+002, 2.0000738E+001, 2.0000209E+001, 2.0005385E+001, 2.0048162E+001, 2.0086302E+001, 2.0150480E+001, 2.0248362E+001, 2.0413949E+001, 2.0742998E+001, 2.1400717E+001, 2.3110963E+001, 2.7146507E+001, 3.2696083E+001, 3.8210886E+001, 4.9294722E+001, 5.9982982E+001, 1.4084943E+002, 2.8579233E+002, 4.1066025E+002, 3.6220501E+002, 2.7334263E+002, 2.1828554E+002, 2.2647939E+002, 4.6340911E+000, 4.6054928E+000, 4.6049951E+000, 4.5570160E+000, 4.4807177E+000, 4.5078855E+000, 4.4158103E+000, 4.4020514E+000, 4.5226139E+000, 4.7205987E+000, 4.8702011E+000, 4.9555351E+000, 5.1930244E+000, 5.2599035E+000, 5.1410144E+000, 4.6705023E+000, 4.0991777E+000, 4.6420260E+000, 7.4712713E+000, 1.0051370E+001, 8.7717985E+000, 7.1413928E+000, 9.0472382E+000, 7.6506425E+004, 6.9358657E-001, 2.0340066E+001, 3.6978522E+001
 1.9301060E+002, 2.0000518E+001, 2.0003291E+001, 2.0011092E+001, 2.0038770E+001, 2.0081150E+001, 2.0138411E+001, 2.0236366E+001, 2.0430771E+001, 2.0802381E+001, 2.1641473E+001, 2.3331198E+001, 2.6759313E+001, 3.2390656E+001, 3.8527395E+001, 8.8736876E+001, 5.8091106E+001, 9.0883794E+001, 1.7211304E+002, 3.1008535E+002, 3.7281615E+002, 3.2930128E+002, 3.1168242E+002, 2.2259221E+002, 4.2014052E+000, 4.1831965E+000, 4.1321878E+000, 4.0919943E+000, 4.0375127E+000, 3.8846582E+000, 3.8233715E+000, 3.6749700E+000, 3.5755078E+000, 3.6235044E+000, 3.8156577E+000, 4.1338225E+000, 4.2498590E+000, 4.0860758E+000, 4.4420736E+000, 5.0010812E+000, 4.1524802E+000, 3.3084922E+000, 3.4123109E+000, 4.1765371E+000, 7.5499639E+000, 8.2302714E+000, 6.6001388E+000, 7.0237350E+004, 7.5147636E-001, 2.2014031E+001, 2.3771040E+001
 1.9400705E+002, 2.0001190E+001, 2.0003321E+001, 2.0015177E+001, 2.0048517E+001, 2.0079664E+001, 2.0132104E+001, 2.0227434E+001, 2.0403211E+001, 2.0805468E+001, 2.1708515E+001, 2.3671533E+001, 2.7813477E+001, 3.3073343E+001, 3.7720056E+001, 1.5167297E+002, 2.4541376E+002, 2.7028544E+002, 3.0081795E+002, 2.8892698E+002, 2.6059940E+002, 2.7425534E+002, 2.6510142E+002, 3.0557279E+002, 4.4694980E+000, 4.4287248E+000, 4.5160705E+000, 4.4619917E+000, 4.5332434E+000, 4.5995871E+000, 4.5600678E+000, 4.5089461E+000, 4.4440512E+000, 4.3085521E+000, 4.4027450E+000, 4.5891920E+000, 4.6759732E+000, 4.6241462E+000, 3.8559957E+000, 4.6467097E+000, 5.8031588E+000, 6.9518625E+000, 7.6627778E+000, 7.8510811E+000, 7.9149989E+000, 8.5254540E+000, 9.3388912E+000, 9.3103287E+004, 8.1775776E-001, 2.1216728E+001, 3.2862314E+001
 1.9500506E+002, 1.9998775E+001, 2.0004338E+001, 2.0014497E+001, 2.0051187E+001, 2.0084906E+001, 2.0139173E+001, 2.0215474E+001, 2.0370453E+001, 2.0712541E+001, 2.1469254E+001, 2.3278694E+001, 2.7228258E+001, 3.2986009E+001, 3.8502567E+001, 5.4756199E+001, 2.0971161E+002, 2.7511398E+002, 4.2056118E+002, 4.9940283E+002, 5.0620778E+002, 3.4202703E+002, 2.5782995E+002, 2.3707246E+002, 4.5618913E+000, 4.5038905E+000, 4.4511403E+000, 4.5083077E+000, 4.5121365E+000, 4.5512727E+000, 4.6367375E+000, 4.6919472E+000, 4.7203133E+000, 4.7027522E+000, 4.7858170E+000, 4.8724242E+000, 5.0532779E+000, 5.2735069E+000, 5.2096844E+000, 4.0383803E+000, 3.5077617E+000, 5.0679010E+000, 7.3712394E+000, 1.0311561E+001, 8.7275660E+000, 7.9681127E+000, 7.6481655E+000, 7.5573841E+004, 6.5276568E-001, 1.9450989E+001, 2.9644072E+001
 1.9601282E+002, 1.9999270E+001, 2.0000803E+001, 2.0016419E+001, 2.0053221E+001, 2.0090058E+001, 2.0141250E+001, 2.0230337E+001, 2.0400954E+001, 2.0727230E+001, 2.1512768E+001, 2.3287109E+001, 2.7188586E+001, 3.3386803E+001, 3.8407448E+001, 4.9891800E+001, 6.8706091E+001, 1.5579293E+002, 1.9880671E+002, 3.4046039E+002, 3.8836406E+002, 3.4046018E+002, 2.7963224E+002, 2.5087661E+002, 4.2847447E+000, 4.1876638E+000, 3.9087245E+000, 3.8978260E+000, 3.8797202E+000, 3.7985895E+000, 3.7574412E+000, 3.7428445E+000, 3.8520034E+000, 3.9625855E+000, 3.9050365E+000, 4.0374921E+000, 3.9514740E+000, 4.1286586E+000, 4.3211002E+000, 4.5684162E+000, 3.8189506E+000, 3.7387252E+000, 3.3898574E+000, 3.3454542E+000, 6.6775023E+000, 6.9737950E+000, 6.2770961E+000, 6.9071130E+004, 7.7344658E-001, 2.1810055E+001, 2.1685384E+001
 1.9701139E+002, 1.9998531E+001, 2.0002070E+001, 2.0013474E+001, 2.0054249E+001, 2.0089484E+001, 2.0149443E+001, 2.0239011E+001, 2.0409164E+001, 2.0790533E+001, 2.1589035E+001, 2.3373339E+001, 2.7427155E+001, 3.2906974E+001, 3.8565651E+001, 1.4309607E+002, 2.2568173E+002, 1.9256322E+002, 1.8418343E+002, 2.0442539E+002, 2.5015807E+002, 2.6493116E+002, 2.5810645E+002, 2.3402834E+002, 4.4163220E+000, 4.4626977E+000, 4.5799259E+000, 4.3405349E+000, 4.4631500E+000, 4.4391303E+000, 4.4230689E+000, 4.4376871E+000, 4.4073251E+000, 4.5473180E+000, 4.7729860E+000, 4.9644653E+000, 4.8663932E+000, 4.3125596E+000, 4.0100341E+000, 5.4221023E+000, 6.7969379E+000, 7.3456355E+000, 6.3007151E+000, 6.4390152E+000, 7.9067864E+000, 8.0629634E+000, 8.2494223E+000, 9.1994697E+004, 8.0183230E-001, 1.9537424E+001, 3.7777348E+001
 1.9801255E+002, 1.9999413E+001, 2.0000537E+001, 2.0013720E+001, 2.0048536E+001, 2.0088677E+001, 2.0140729E+001, 2.0226347E+001, 2.0393559E+001, 2.0722068E+001, 2.1485259E+001, 2.3252771E+001, 2.6642451E+001, 3.2010835E+001, 3.7204196E+001, 5.2947865E+001, 2.3732847E+002, 2.9524115E+002, 4.1863694E+002, 5.3852613E+002, 4.1896073E+002, 3.1031978E+002, 2.3365206E+002, 2.2219772E+002, 4.3301714E+000, 4.4811311E+000, 4.4823539E+000, 4.6100705E+000, 4.4414406E+000, 4.4180467E+000, 4.5051552E+000, 4.5221633E+000, 4.5093423E+000, 4.5685914E+000, 4.7433849E+000, 5.0542412E+000, 5.3809194E+000, 5.5810105E+000, 5.4386619E+000, 3.5411753E+000, 4.4242277E+000, 6.1275221E+000, 8.5780044E+000, 9.9436332E+000, 9.0025437E+000, 7.5674075E+000, 7.7316245E+000, 7.9837260E+004, 6.1928726E-001, 1.8407132E+001, 3.7167572E+001
 1.9900396E+002, 2.0001120E+001, 2.0000861E+001, 2.0009827E+001, 2.0050694E+001, 2.0081378E+001, 2.0139972E+001, 2.0237136E+001, 2.0387036E+001, 2.0758685E+001, 2.1522577E+001, 2.3260902E+001, 2.7046971E+001, 3.2465407E+001, 3.7292693E+001, 4.7640555E+001, 5.3570567E+001, 1.2473961E+002, 1.8356303E+002, 2.8922451E+002, 3.1800193E+002, 2.7077923E+002, 3.1560487E+002, 2.4864285E+002, 4.1757954E+000, 3.9639340E+000, 3.9945756E+000, 3.8415494E+000, 3.9158665E+000, 3.9264981E+000, 3.6409356E+000, 3.7972855E+000, 3.6921147E+000, 3.6662583E+000, 3.8231982E+000, 3.9697240E+000, 4.0945942E+000, 4.3331301E+000, 4.8159515E+000, 5.2636033E+000, 4.1373276E+000, 3.6301329E+000, 4.0519623E+000, 5.9734451E+000, 6.7251899E+000, 8.8642642E+000, 6.8268262E+000, 7.0888080E+004, 7.1441687E-001, 2.1623714E+001, 2.6644823E+001
 2.0000748E+002, 1.9999400E+001, 2.0004748E+001, 2.0012513E+001, 2.0046267E+001, 2.0087770E+001, 2.0143158E+001, 2.0229614E+001, 2.0419014E+001, 2.0783993E+001, 2.1588805E+001, 2.3352592E+001, 2.7356859E+001, 3.3139283E+001, 3.8626033E+001, 9.4471915E+001, 1.8432538E+002, 3.2194180E+002, 3.5738608E+002, 3.3249585E+002, 3.0231059E+002, 2.0686560E+002, 2.0641554E+002, 2.3974251E+002, 4.5011080E+000, 4.3280125E+000, 4.4004962E+000, 4.5374810E+000, 4.4859504E+000, 4.4692025E+000, 4.5687395E+000, 4.3729067E+000, 4.4623959E+000, 4.5682720E+000, 4.6112246E+000, 4.6872583E+000, 4.7867563E+000, 4.5325997E+000, 4.2776899E+000, 5.1006689E+000, 6.6217976E+000, 7.8720170E+000, 9.6975996E+000, 9.3013882E+000, 7.8577598E+000, 8.1249154E+000, 9.0529452E+000, 9.0078774E+004, 7.8119505E-001, 2.0084859E+001, 3.6192258E+001
 2.0101511E+002, 2.0000197E+001, 2.0002416E+001, 2.0017932E+001, 2.0048042E+001, 2.0082546E+001, 2.0132372E+001, 2.0230710E+001, 2.0387980E+001, 2.0737586E+001, 2.1519934E+001, 2.3177693E+001, 2.6860689E+001, 3.2651834E+001, 3.8156340E+001, 5.7118957E+001, 1.8721510E+002, 3.1048860E+002, 3.8788192E+002, 4.3227698E+002, 4.0991642E+002, 2.9865365E+002, 2.5530100E+002, 1.9685258E+002, 4.3514201E+000, 4.4185777E+000, 4.2135637E+000, 4.3455194E+000, 4.3138754E+000, 4.3686012E+000, 4.3368735E+000, 4.2973437E+000, 4.3948104E+000, 4.2588958E+000, 4.5013796E+000, 4.8439013E+000, 5.0124595E+000, 5.0761660E+000, 4.8554525E+000, 3.3412099E+000, 2.3929849E+000, 4.5746464E+000, 8.1266481E+000, 9.1564430E+000, 9.3134257E+000, 9.3209584E+000, 7.9415453E+000, 7.6464252E+004, 6.2767775E-001, 1.8611873E+001, 3.5296180E+001
 2.0200941E+002, 2.0001213E+001, 2.0002291E+001, 2.0014486E+001, 2.0057670E+001, 2.0086651E+001, 2.0139286E+001, 2.0220226E+001, 2.0387875E+001, 2.0753317E+001, 2.1519910E+001, 2.3469108E+001, 2.7645029E+001, 3.2765522E+001, 3.8175939E+001, 1.1376129E+002, 6.3025081E+001, 1.7167990E+002, 2.8515426E+002, 3.7988982E+002, 3.7361793E+002, 2.9711534E+002, 2.5350024E+002, 2.3475086E+002, 4.2038454E+000, 4.1058397E+000, 4.0573888E+000, 3.6789100E+000, 3.8637214E+000, 3.8760058E+000, 3.8276825E+000, 3.8877272E+000, 3.7523891E+000, 3.8514580E+000, 3.8290068E+000, 3.8462996E+000, 4.1132563E+000, 4.2956569E+000, 4.5518996E+000, 5.3314478E+000, 3.0798614E+000, 2.9222492E+000, 4.3753862E+000, 7.1962337E+000, 7.4005893E+000, 7.3321297E+000, 7.4816678E+000, 7.6033783E+004, 7.2571081E-001, 2.1858578E+001, 2.7826702E+001
 2.0300727E+002, 2.0001199E+001, 2.0003948E+001, 2.0013813E+001, 2.0055354E+001, 2.0100154E+001, 2.0155577E+001, 2.0233252E+001, 2.0397786E+001, 2.0738675E+001, 2.1569076E+001, 2.3408243E+001, 2.7631811E+001, 3.4251625E+001, 4.0535055E+001, 2.3543642E+002, 3.3401167E+002, 3.1747281E+002, 2.7790924E+002, 3.6142617E+002, 3.4284541E+002, 2.7023061E+002, 2.4276964E+002, 2.6903892E+002, 4.4379393E+000, 4.5080530E+000, 4.5247444E+000, 4.4757749E+000, 4.3445605E+000, 4.3123294E+000, 4.6108836E+000, 4.6628021E+000, 4.7139580E+000, 4.7208858E+000, 4.7692376E+000, 4.9773656E+000, 4.8223451E+000, 4.5574445E+000, 4.1480095E+000, 4.7772373E+000, 7.4604894E+000, 8.7332379E+000, 8.7644551E+000, 9.5950972E+000, 9.8625344E+000, 9.2231064E+000, 9.5064611E+000, 9.1084267E+004, 7.7981043E-001, 2.0651678E+001, 3.9031445E+001
 2.0401647E+002, 2.0000521E+001, 2.0004600E+001, 2.0015785E+001, 2.0050742E+001, 2.0086468E+001, 2.0153527E+001, 2.0258697E+001, 2.0412935E+001, 2.0741654E+001, 2.1495408E+001, 2.3195795E+001, 2.7098378E+001, 3.2938735E+001, 3.8579886E+001, 6.6574818E+001, 1.7216681E+002, 2.4837026E+002, 4.1880704E+002, 5.4300655E+002, 5.3626436E+002, 3.2944892E+002, 2.3679546E+002, 2.1351124E+002, 4.3975247E+000, 4.2025045E+000, 4.1932060E+000, 4.2128270E+000, 4.2536009E+000, 4.0740080E+000, 3.8785249E+000, 3.9412693E+000, 4.1572320E+000, 4.1980262E+000, 4.4632599E+000, 4.6585018E+000, 4.7774948E+000, 5.0319284E+000, 4.6183108E+000, 3.7478287E+000, 4.8386402E+000, 6.1695978E+000, 5.6931188E+000, 9.5312641E+000, 8.5263115E+000, 9.2436420E+000, 8.1879257E+000, 7.1924270E+004, 6.5217058E-001, 1.9938412E+001, 2.5246390E+001
 2.0501733E+002, 2.0001337E+001, 2.0003655E+001, 2.0017476E+001, 2.0054581E+001, 2.0093965E+001, 2.0144956E+001, 2.0248118E+001, 2.0462033E+001, 2.0861731E+001, 2.1644805E+001, 2.3520679E+001, 2.7599241E+001, 3.3471733E+001, 3.9042949E+001, 4.8700080E+001, 5.9995190E+001, 9.3475864E+001, 1.5605818E+002, 2.4788173E+002, 3.5242783E+002, 3.5105814E+002, 2.7026512E+002, 2.2245487E+002, 4.1541779E+000, 4.0502324E+000, 3.8894790E+000, 3.9047733E+000, 3.7884328E+000, 3.8424319E+000, 3.6862591E+000, 3.4243375E+000, 3.3668372E+000, 3.6147304E+000, 3.7587772E+000, 3.9025056E+000, 4.0975760E+000, 4.0622103E+000, 4.4493267E+000, 4.8995704E+000, 4.2648510E+000, 3.8134612E+000, 4.8947978E+000, 3.3217113E+000, 7.6661194E+000, 7.8364829E+000, 8.5913051E+000, 7.3510470E+004, 7.9869804E-001, 2.1871324E+001, 1.9896074E+001
 2.0601065E+002, 2.0001069E+001, 2.0004616E+001, 2.0017536E+001, 2.0058614E+001, 2.0095259E+001, 2.0154040E+001, 2.0245881E+001, 2.0416878E+001, 2.0831819E+001, 2.1761420E+001, 2.3610586E+001, 2.7496675E+001, 3.3309314E+001, 4.2213259E+001, 1.2747389E+002, 2.0867181E+002, 2.8250629E+002, 2.4381997E+002, 2.6195634E+002, 2.5282620E+002, 2.7081992E+002, 2.6800591E+002, 2.5062533E+002, 4.3746813E+000, 4.4775556E+000, 4.4977552E+000, 4.4371512E+000, 4.5201116E+000, 4.5810174E+000, 4.5244698E+000, 4.5795991E+000, 4.3788425E+000, 4.2975058E+000, 4.5381308E+000, 4.8885709E+000, 4.9129132E+000, 4.6349001E+000, 4.9454441E+000, 4.6157254E+000, 6.3079988E+000, 6.7694280E+000, 6.6912454E+000, 7.9296263E+000, 8.6007438E+000, 9.0143421E+000, 9.3787447E+000, 9.0883027E+004, 7.4206444E-001, 1.8658238E+001, 2.9689386E+001
 2.0700042E+002, 2.0000862E+001, 2.0004276E+001, 2.0016691E+001, 2.0054099E+001, 2.0091998E+001, 2.0146274E+001, 2.0226282E+001, 2.0384003E+001, 2.0720635E+001, 2.1448334E+001, 2.3312220E+001, 2.7282984E+001, 3.2376626E+001, 3.6923373E+001, 7.2300105E+001, 1.3021198E+002, 2.7183707E+002, 4.2362907E+002, 5.4156756E+002, 5.3144649E+002, 3.5453853E+002, 2.3906153E+002, 2.3427866E+002, 4.4027028E+000, 4.2238280E+000, 4.2277914E+000, 4.1919916E+000, 4.1116545E+000, 4.1515743E+000, 4.2499997E+000, 4.2413074E+000, 4.1801314E+000, 4.2530064E+000, 4.2228555E+000, 4.3335518E+000, 4.7796952E+000, 5.0976622E+000, 5.1919247E+000, 5.7912226E+000, 6.3811288E+000, 7.2912975E+000, 7.3499158E+000, 9.3412578E+000, 8.8336320E+000, 7.9557328E+000, 7.5736781E+000, 7.5558529E+004, 5.3579929E-001, 1.7200045E+001, 2.7653046E+001
 2.0800025E+002, 2.0000694E+001, 2.0004113E+001, 2.0016269E+001, 2.0053012E+001, 2.0088165E+001, 2.0146165E+001, 2.0236011E+001, 2.0396608E+001, 2.0724474E+001, 2.1531729E+001, 2.3303996E+001, 2.7247476E+001, 3.3319464E+001, 3.8531118E+001, 4.6255072E+001, 5.1604020E+001, 6.7105369E+001, 1.4042895E+002, 2.5686997E+002, 3.7829231E+002, 3.2865304E+002, 2.8834609E+002, 2.3852073E+002, 4.2932217E+000, 4.1115808E+000, 4.0014585E+000, 3.9560674E+000, 3.9892513E+000, 3.8652102E+000, 3.8296367E+000, 3.8606746E+000, 4.0582041E+000, 3.7901247E+000, 4.0040446E+000, 3.9437795E+000, 3.8526326E+000, 4.1996159E+000, 4.8240225E+000, 5.4911862E+000, 5.5145523E+000, 6.0638020E+000, 6.2701937E+000, 8.2232729E+000, 8.7563713E+000, 8.0326768E+000, 7.3897813E+000, 7.7648777E+004, 7.3819516E-001, 2.1126090E+001, 2.6540220E+001
 2.0900322E+002, 2.0000885E+001, 2.0003668E+001, 2.0017081E+001, 2.0056209E+001, 2.0095170E+001, 2.0150603E+001, 2.0241449E+001, 2.0419487E+001, 2.0781497E+001, 2.1533605E+001, 2.3296291E+001, 2.7204643E+001, 3.2819134E+001, 3.9251097E+001, 1.6424646E+002, 2.1982186E+002, 2.4324891E+002, 2.4648176E+002, 2.2595059E+002, 2.4424382E+002, 2.6739932E+002, 2.4764760E+002, 2.4340778E+002, 4.4385911E+000, 4.5771615E+000, 4.4697044E+000, 4.4869633E+000, 4.4810320E+000, 4.5446693E+000, 4.5696385E+000, 4.4574543E+000, 4.5408705E+000, 4.7190457E+000, 4.9625432E+000, 5.0265658E+000, 5.1188998E+000, 4.5645876E+000, 4.3288097E+000, 5.5995349E+000, 6.0950975E+000, 7.7614110E+000, 8.0854670E+000, 7.6829021E+000, 9.4648124E+000, 9.6924417E+000, 9.1509916E+000, 8.7407420E+004, 7.4930075E-001, 1.9249068E+001, 3.5293981E+001
 2.1000581E+002, 2.0001396E+001, 2.0003823E+001, 2.0015519E+001, 2.0055869E+001, 2.0092753E+001, 2.0150096E+001, 2.0243989E+001, 2.0397100E+001, 2.0754274E+001, 2.1567747E+001, 2.3306997E+001, 2.6835120E+001, 3.2305487E+001, 3.8140997E+001, 4.8997470E+001, 9.1037915E+001, 2.2284548E+002, 4.3518355E+002, 6.2063008E+002, 5.5800857E+002, 3.4060609E+002, 2.1754806E+002, 2.0430741E+002, 4.2703095E+000, 4.1976533E+000, 4.2991843E+000, 4.0608949E+000, 4.0698553E+000, 3.9929238E+000, 4.0589104E+000, 4.0993550E+000, 4.0890965E+000, 4.0461091E+000, 4.2264289E+000, 4.6718684E+000, 4.8111511E+000, 4.9333393E+000, 5.0983958E+000, 5.1522262E+000, 5.0063390E+000, 5.4292337E+000, 8.9855262E+000, 1.1096674E+001, 9.3074428E+000, 7.3564203E+000, 6.8294828E+000, 7.0561074E+004, 6.1695502E-001, 1.8766373E+001, 3.0497028E+001
 2.1101437E+002, 2.0000800E+001, 2.0004643E+001, 2.0015426E+001, 2.0054029E+001, 2.0095058E+001, 2.0152844E+001, 2.0246572E+001, 2.0427508E+001, 2.0791759E+001, 2.1613393E+001, 2.3537087E+001, 2.7639326E+001, 3.3544304E+001, 3.8238353E+001, 4.7304905E+001, 6.3359381E+001, 7.9159467E+001, 2.0225404E+002, 2.4414132E+002, 3.0562024E+002, 3.4282671E+002, 2.7444696E+002, 2.2672679E+002, 4.1640022E+000, 4.0592035E+000, 3.9463623E+000, 3.9645802E+000, 3.9018318E+000, 3.7410323E+000, 3.7388872E+000, 3.6625302E+000, 3.7216063E+000, 3.8162764E+000, 3.7497126E+000, 3.9185302E+000, 4.0556187E+000, 4.3504908E+000, 4.5233357E+000, 4.9923574E+000, 5.6802844E+000, 5.0381845E+000, 6.4292530E+000, 8.2116399E+000, 8.7748651E+000, 7.9076710E+000, 8.3822988E+000, 7.8146242E+004, 7.6930698E-001, 2.0003698E+001, 2.3313259E+001
 2.1200170E+002, 2.0000446E+001, 2.0004504E+001, 2.0018394E+001, 2.0054395E+001, 2.0091636E+001, 2.0155003E+001, 2.0253457E+001, 2.0432938E+001, 2.0824807E+001, 2.1680441E+001, 2.3459823E+001, 2.7644022E+001, 3.3922106E+001, 3.9998707E+001, 4.9507250E+001, 1.0731607E+002, 2.2332294E+002, 2.7556190E+002, 2.9713149E+002, 2.8364488E+002, 2.6097196E+002, 2.5562060E+002, 2.4350520E+002, 4.4489052E+000, 4.4077774E+000, 4.4074478E+000, 4.4810951E+000, 4.5991964E+000, 4.5313713E+000, 4.4669286E+000, 4.4453241E+000, 4.4179831E+000, 4.4922852E+000, 4.7710316E+000, 4.9050746E+000, 4.9395433E+000, 4.9376332E+000, 4.8200483E+000, 4.6722578E+000, 4.7860844E+000, 7.1757737E+000, 7.9285613E+000, 8.6318995E+000, 9.0212651E+000, 9.3970493E+000, 8.8772082E+000, 8.9665384E+004, 7.8293475E-001, 1.9552630E+001, 3.3446040E+001
 2.1301443E+002, 1.9997104E+001, 2.0003648E+001, 2.0017875E+001, 2.0058051E+001, 2.0094999E+001, 2.0144647E+001, 2.0236049E+001, 2.0413646E+001, 2.0784429E+001, 2.1589454E+001, 2.3431351E+001, 2.7386744E+001, 3.2900721E+001, 3.8468450E+001, 4.8601986E+001, 5.7201672E+001, 7.9909224E+001, 2.9880297E+002, 4.6098289E+002, 4.4974093E+002, 3.4100673E+002, 2.5716192E+002, 2.2267828E+002, 4.4692757E+000, 4.2752190E+000, 4.1457504E+000, 4.1367205E+000, 4.1093168E+000, 4.2507064E+000, 4.2817646E+000, 4.1821375E+000, 4.0992928E+000, 4.1446625E+000, 4.2284581E+000, 4.5482459E+000, 4.8464287E+000, 5.0465920E+000, 5.1133225E+000, 4.7934557E+000, 3.9582211E+000, 2.7653502E+000, 4.0603193E+000, 7.7722577E+000, 8.9159262E+000, 8.5117573E+000, 8.1202779E+000, 7.4038251E+004, 6.4381226E-001, 1.9334184E+001, 3.7677423E+001
 2.1400486E+002, 2.0000182E+001, 1.9999165E+001, 2.0016132E+001, 2.0060128E+001, 2.0099324E+001, 2.0160260E+001, 2.0244391E+001, 2.0402242E+001, 2.0790268E+001, 2.1635966E+001, 2.3549710E+001, 2.7818639E+001, 3.3585668E+001, 3.8775661E+001, 4.8154319E+001, 8.9051968E+001, 6.2222777E+001, 8.6260069E+001, 1.7950578E+002, 3.2694743E+002, 3.0925648E+002, 2.8629702E+002, 2.4779309E+002, 4.2247866E+000, 4.1905238E+000, 3.9419253E+000, 3.7425264E+000, 3.7394813E+000, 3.6587131E+000, 3.7189487E+000, 3.8507083E+000, 3.7596038E+000, 3.6365304E+000, 3.6945754E+000, 3.8104457E+000, 3.9133194E+000, 4.0557150E+000, 4.4113666E+000, 5.0491230E+000, 5.1256710E+000, 3.9632054E+000, 2.7128796E+000, 4.5546152E+000, 5.9697339E+000, 6.3614400E+000, 7.3402032E+000, 7.4232792E+004, 7.2727124E-001, 1.9966153E+001, 2.6252841E+001
 2.1501139E+002, 2.0000039E+001, 2.0002901E+001, 2.0012149E+001, 2.0056852E+001, 2.0099520E+001, 2.0163013E+001, 2.0260676E+001, 2.0439746E+001, 2.0776456E+001, 2.1587352E+001, 2.3500259E+001, 2.7586214E+001, 3.3501780E+001, 3.9452384E+001, 6.5530384E+001, 1.8961385E+002, 2.8523416E+002, 2.5078246E+002, 2.0858994E+002, 2.2787482E+002, 2.8054273E+002, 2.8259394E+002, 2.5608032E+002, 4.4259702E+000, 4.4440285E+000, 4.5498619E+000, 4.3567360E+000, 4.2761581E+000, 4.2413252E+000, 4.2043341E+000, 4.2363459E+000, 4.4581056E+000, 4.5664774E+000, 4.5885780E+000, 4.6422719E+000, 4.6919240E+000, 4.4953075E+000, 4.4294322E+000, 4.1383601E+000, 5.7265819E+000, 6.4499927E+000, 7.1624595E+000, 8.0981139E+000, 7.9807954E+000, 8.1345561E+000, 8.3722003E+000, 8.8121562E+004, 7.5533796E-001, 1.9253899E+001, 2.6810629E+001
 2.1601051E+002, 2.0000809E+001, 2.0003304E+001, 2.0014837E+001, 2.0048791E+001, 2.0091004E+001, 2.0147543E+001, 2.0247520E+001, 2.0421634E+001, 2.0797721E+001, 2.1564229E+001, 2.3165931E+001, 2.6817396E+001, 3.2569852E+001, 3.7854488E+001, 4.9704981E+001, 8.5877839E+001, 1.6013754E+002, 2.6828088E+002, 4.1641393E+002, 4.9052236E+002, 4.1765368E+002, 2.9176325E+002, 2.5468230E+002, 4.3627205E+000, 4.3666016E+000, 4.3794395E+000, 4.4544172E+000, 4.3015046E+000, 4.2415967E+000, 4.1507900E+000, 4.1015788E+000, 4.0751642E+000, 4.2145120E+000, 4.5766607E+000, 4.8994517E+000, 5.0029603E+000, 5.0942449E+000, 4.9045006E+000, 4.6536868E+000, 5.0289993E+000, 5.1583613E+000, 6.5603926E+000, 8.9166799E+000, 1.2368183E+001, 9.9204061E+000, 7.2865988E+000, 7.9495482E+004, 5.9053148E-001, 1.7454641E+001, 3.3106875E+001
 2.1700744E+002, 2.0001264E+001, 2.0003844E+001, 2.0015291E+001, 2.0049981E+001, 2.0078986E+001, 2.0138093E+001, 2.0230858E+001, 2.0407060E+001, 2.0794661E+001, 2.1630053E+001, 2.3612980E+001, 2.7414706E+001, 3.2344216E+001, 3.7509264E+001, 4.6708762E+001, 5.3494301E+001, 8.6752290E+001, 1.7791943E+002, 2.6896012E+002, 3.7909473E+002, 3.3905272E+002, 3.4260447E+002, 2.9581007E+002, 4.1376512E+000, 4.0941746E+000, 4.0316114E+000, 3.9920283E+000, 4.1146142E+000, 3.9903930E+000, 3.8474958E+000, 3.7208054E+000, 3.6111775E+000, 3.5785008E+000, 3.6784797E+000, 4.0007905E+000, 4.2973726E+000, 4.4837071E+000, 4.7995182E+000, 5.0570069E+000, 5.1740907E+000, 6.2242497E+000, 6.8788976E+000, 6.3509892E+000, 6.2413070E+000, 8.1448174E+000, 8.6674956E+000, 7.4832007E+004, 6.8664898E-001, 1.9998382E+001, 2.6737364E+001
 2.1801160E+002, 2.0000693E+001, 2.0004558E+001, 2.0016622E+001, 2.0054674E+001, 2.0092469E+001, 2.0141581E+001, 2.0226060E+001, 2.0406559E+001, 2.0779765E+001, 2.1659904E+001, 2.3614034E+001, 2.7943395E+001, 3.4084595E+001, 3.9134074E+001, 4.7699274E+001, 7.4668766E+001, 1.3023375E+002, 1.8818576E+002, 2.3065701E+002, 2.8507488E+002, 3.0603232E+002, 2.6569638E+002, 2.6096042E+002, 4.4340689E+000, 4.3219830E+000, 4.3696478E+000, 4.3482929E+000, 4.3311227E+000, 4.4180413E+000, 4.4878020E+000, 4.3844431E+000, 4.3272422E+000, 4.1943157E+000, 4.2733644E+000, 4.3539297E+000, 4.5575997E+000, 4.6518791E+000, 4.8476506E+000, 4.7512218E+000, 5.5606255E+000, 6.6074156E+000, 8.1122626E+000, 9.6713210E+000, 9.5066440E+000, 7.1300005E+000, 7.8946313E+000, 8.7322611E+004, 7.3709205E-001, 1.8973199E+001, 3.4825968E+001
 2.1901521E+002, 2.0000042E+001, 2.0003702E+001, 2.0017223E+001, 2.0054458E+001, 2.0089504E+001, 2.0146615E+001, 2.0237844E+001, 2.0389863E+001, 2.0737402E+001, 2.1518726E+001, 2.3331288E+001, 2.7421279E+001, 3.3535375E+001, 3.9532343E+001, 4.9561250E+001, 5.7681679E+001, 8.5303021E+001, 2.5938477E+002, 3.5861848E+002, 3.9443255E+002, 3.1454306E+002, 2.4731720E+002, 2.3785714E+002, 4.4893611E+000, 4.4580209E+000, 4.3512325E+000, 4.4251840E+000, 4.4460564E+000, 4.4053628E+000, 4.4565442E+000, 4.5188976E+000, 4.5755532E+000, 4.5076685E+000, 4.6225427E+000, 4.6713757E+000, 4.8369674E+000, 4.9067678E+000, 5.0633179E+000, 5.1306523E+000, 4.4243734E+000, 4.9326176E+000, 6.3546783E+000, 8.1142353E+000, 9.3438690E+000, 9.5914678E+000, 7.7459762E+000, 7.9297476E+004, 6.3780187E-001, 1.8903769E+001, 3.9125743E+001
 2.2001689E+002, 2.0001106E+001, 2.0001898E+001, 2.0016271E+001, 2.0055962E+001, 2.0093686E+001, 2.0148095E+001, 2.0235938E+001, 2.0405557E+001, 2.0772812E+001, 2.1522392E+001, 2.3412698E+001, 2.7347559E+001, 3.3265746E+001, 3.9625779E+001, 4.9530461E+001, 5.7736987E+001, 6.5111968E+001, 1.2508184E+002, 2.7673490E+002, 3.7771694E+002, 3.2396702E+002, 2.8282070E+002, 2.1677267E+002, 4.2486436E+000, 4.1506073E+000, 3.9932804E+000, 3.8630076E+000, 3.9037331E+000, 3.8907450E+000, 3.8664448E+000, 3.8115321E+000, 3.8531926E+000, 3.8804353E+000, 4.0689133E+000, 4.1565400E+000, 4.2349192E+000, 4.2357201E+000, 4.3436152E+000, 4.4738947E+000, 4.6211598E+000, 4.1421132E+000, 4.6077349E+000, 6.7712184E+000, 8.0957080E+000, 6.8050003E+000, 7.4714008E+000, 7.2727313E+004, 7.0507718E-001, 1.9976737E+001, 2.9204774E+001
 2.2101447E+002, 2.0000914E+001, 2.0004721E+001, 2.0013604E+001, 2.0058825E+001, 2.0099119E+001, 2.0158411E+001, 2.0251760E+001, 2.0422825E+001, 2.0788812E+001, 2.1627354E+001, 2.3497133E+001, 2.7686715E+001, 3.3781637E+001, 3.9466154E+001, 5.1587499E+001, 7.1420623E+001, 1.0364606E+002, 1.3150595E+002, 2.0741852E+002, 2.4625642E+002, 2.3217245E+002, 2.4660132E+002, 2.5767634E+002, 4.3843979E+000, 4.3107587E+000, 4.3623642E+000, 4.1513064E+000, 4.1216673E+000, 4.1614192E+000, 4.2344159E+000, 4.1837134E+000, 4.3082171E+000, 4.2883076E+000, 4.3606493E+000, 4.5983365E+000, 4.5772461E+000, 4.6110722E+000, 4.6308703E+000, 5.0915979E+000, 5.2287373E+000, 5.3789197E+000, 5.8334799E+000, 7.6758243E+000, 8.1727454E+000, 8.2517647E+000, 8.0024236E+000, 8.6935001E+004, 7.9181596E-001, 2.0082581E+001, 3.4060795E+001
 2.2200657E+002, 2.0000118E+001, 2.0004325E+001, 2.0018100E+001, 2.0051631E+001, 2.0093489E+001, 2.0158644E+001, 2.0253847E+001, 2.0424503E+001, 2.0791079E+001, 2.1576453E+001, 2.3262584E+001, 2.7133604E+001, 3.3144928E+001, 3.8917904E+001, 5.0654100E+001, 9.4521255E+001, 2.3173113E+002, 3.4779607E+002, 3.9586101E+002, 3.6740145E+002, 2.6295807E+002, 2.2153408E+002, 1.9986695E+002, 4.5776785E+000, 4.4949753E+000, 4.4421425E+000, 4.5857024E+000, 4.5234707E+000, 4.2880327E+000, 4.4175290E+000, 4.4176554E+000, 4.4876446E+000, 4.6042118E+000, 4.8341382E+000, 5.0805474E+000, 5.2269532E+000, 5.4167747E+000, 5.1820750E+000, 4.7361109E+000, 5.1138125E+000, 7.1665149E+000, 9.1591792E+000, 9.7880360E+000, 9.2629711E+000, 9.3591114E+000, 7.7157880E+000, 8.0407267E+004, 6.9483830E-001, 1.9063655E+001, 3.2992127E+001
 2.2300869E+002, 2.0000563E+001, 2.0002876E+001, 2.0017239E+001, 2.0056987E+001, 2.0089156E+001, 2.0143668E+001, 2.0249546E+001, 2.0431616E+001, 2.0800619E+001, 2.1627248E+001, 2.3490641E+001, 2.7362429E+001, 3.2151256E+001, 3.9508195E+001, 4.9394093E+001, 7.0058062E+001, 9.6613397E+001, 2.3968190E+002, 3.5477984E+002, 4.2469057E+002, 3.8203992E+002, 2.9858818E+002, 2.2613304E+002, 4.3050262E+000, 4.1947977E+000, 4.0110689E+000, 3.8331821E+000, 4.0444782E+000, 3.9407541E+000, 3.7210931E+000, 3.6274675E+000, 3.6598547E+000, 3.7342242E+000, 3.8458339E+000, 4.0827270E+000, 4.3129292E+000, 4.6612860E+000, 4.7607008E+000, 5.0165512E+000, 4.2831063E+000, 3.7929120E+000, 4.7794064E+000, 6.9389704E+000, 1.0083905E+001, 7.4134034E+000, 7.3993675E+000, 7.5550966E+004, 6.5743261E-001, 1.9727233E+001, 2.5127432E+001
 2.2400407E+002, 1.9999437E+001, 2.0003211E+001, 2.0015389E+001, 2.0058308E+001, 2.0098841E+001, 2.0150592E+001, 2.0234157E+001, 2.0421070E+001, 2.0823552E+001, 2.1699705E+001, 2.3650053E+001, 2.7957397E+001, 3.3857022E+001, 5.2549527E+001, 1.7822651E+002, 1.7339949E+002, 1.5329551E+002, 2.0033414E+002, 2.7792460E+002, 3.4239134E+002, 3.4999747E+002, 3.1302362E+002, 3.1346367E+002, 4.4754469E+000, 4.4798330E+000, 4.4190736E+000, 4.2557572E+000, 4.2334905E+000, 4.3424163E+000, 4.4486197E+000, 4.3436916E+000, 4.1222988E+000, 4.2103081E+000, 4.3580438E+000, 4.5544667E+000, 4.5360836E+000, 4.1812287E+000, 5.2130588E+000, 6.7374020E+000, 7.0336600E+000, 7.0546546E+000, 7.1912525E+000, 7.9795975E+000, 8.6604571E+000, 1.0375592E+001, 1.0436340E+001, 8.8117564E+004, 7.5532248E-001, 1.9752864E+001, 2.5258688E+001
 2.2501428E+002, 1.9998419E+001, 2.0001443E+001, 2.0014629E+001, 2.0053437E+001, 2.0094434E+001, 2.0156363E+001, 2.0249980E+001, 2.0403586E+001, 2.0751855E+001, 2.1598843E+001, 2.3484012E+001, 2.7535196E+001, 3.2964061E+001, 3.8127775E+001, 6.4313222E+001, 1.3546407E+002, 2.2172581E+002, 3.2509795E+002, 3.5365740E+002, 4.1216866E+002, 3.9265857E+002, 3.2218070E+002, 2.7274246E+002, 4.5585035E+000, 4.4811416E+000, 4.5178556E+000, 4.5426179E+000, 4.3889860E+000, 4.3616633E+000, 4.3095604E+000, 4.5123606E+000, 4.5557768E+000, 4.4484396E+000, 4.5065299E+000, 4.7243695E+000, 5.0706235E+000, 5.1738549E+000, 5.3751096E+000, 5.9650467E+000, 6.5127375E+000, 6.4958378E+000, 7.8704788E+000, 8.6688513E+000, 1.0861924E+001, 9.4190254E+000, 9.2043082E+000, 7.9991054E+004, 6.4512187E-001, 1.9235314E+001, 3.1392611E+001
 2.2600649E+002, 1.9998741E+001, 1.9998940E+001, 2.0012478E+001, 2.0051330E+001, 2.0087995E+001, 2.0152465E+001, 2.0255259E+001, 2.0446448E+001, 2.0812013E+001, 2.1620568E+001, 2.3539135E+001, 2.7850085E+001, 3.3525676E+001, 3.9252886E+001, 4.8189490E+001, 5.7439790E+001, 6.8662108E+001, 1.3684033E+002, 3.6118363E+002, 4.3306192E+002, 3.6824695E+002, 2.9764523E+002, 2.4617702E+002, 4.2169712E+000, 4.2611871E+000, 4.1280452E+000, 4.0672805E+000, 4.0690136E+000, 3.9594067E+000, 3.7825864E+000, 3.6437942E+000, 3.7796525E+000, 3.9062464E+000, 3.9969336E+000, 3.9778729E+000, 3.9607469E+000, 4.2046632E+000, 4.6675705E+000, 4.7300382E+000, 4.9466276E+000, 5.0998310E+000, 3.8394262E+000, 7.5645279E+000, 8.3867335E+000, 8.0458852E+000, 7.3638999E+000, 6.9531586E+004, 7.6379088E-001, 2.2021305E+001, 2.3251243E+001
 2.2700105E+002, 2.0000815E+001, 2.0000997E+001, 2.0008851E+001, 2.0053056E+001, 2.0092709E+001, 2.0147461E+001, 2.0244419E+001, 2.0452260E+001, 2.0876936E+001, 2.1777443E+001, 2.3689158E+001, 2.7688809E+001, 3.4257847E+001, 4.0574846E+001, 9.7808070E+001, 1.0378338E+002, 1.2876820E+002, 1.8955957E+002, 2.2103137E+002, 2.6384298E+002, 2.6949778E+002, 2.6725135E+002, 2.4570929E+002, 4.2961902E+000, 4.3412613E+000, 4.5181257E+000, 4.3901053E+000, 4.3875432E+000, 4.3659157E+000, 4.3669556E+000, 4.1586148E+000, 4.0721717E+000, 4.1016357E+000, 4.3479654E+000, 4.5332035E+000, 4.5445488E+000, 4.0548043E+000, 4.2241338E+000, 4.9593380E+000, 5.8317849E+000, 5.2783831E+000, 6.0536930E+000, 5.9986237E+000, 8.5502495E+000, 8.9668312E+000, 7.9833164E+000, 8.5253762E+004, 7.9145594E-001, 1.9356638E+001, 2.6165172E+001
 2.2800373E+002, 2.0000696E+001, 2.0003719E+001, 2.0012230E+001, 2.0042373E+001, 2.0077694E+001, 2.0141625E+001, 2.0234604E+001, 2.0393066E+001, 2.0776811E+001, 2.1655955E+001, 2.3540279E+001, 2.7547019E+001, 3.3386593E+001, 3.8958872E+001, 7.6566509E+001, 1.4546911E+002, 1.8265234E+002, 3.1911487E+002, 3.6524547E+002, 3.3848637E+002, 2.7248917E+002, 2.1947022E+002, 2.2660276E+002, 4.5234582E+000, 4.4288444E+000, 4.4888910E+000, 4.7524720E+000, 4.6671679E+000, 4.6651668E+000, 4.6533926E+000, 4.7040080E+000, 4.5853860E+000, 4.4342600E+000, 4.5743476E+000, 4.7693541E+000, 5.1234903E+000, 5.3501034E+000, 4.9680462E+000, 4.7676494E+000, 5.1346191E+000, 6.2914360E+000, 8.5915264E+000, 8.8576100E+000, 8.7255316E+000, 9.6388420E+000, 8.6330569E+000, 8.5521014E+004, 6.5167012E-001, 1.8867626E+001, 3.4943412E+001
 2.2901196E+002, 1.9999691E+001, 2.0004193E+001, 2.0015222E+001, 2.0049210E+001, 2.0081043E+001, 2.0126650E+001, 2.0210631E+001, 2.0388895E+001, 2.0749265E+001, 2.1498175E+001, 2.3517689E+001, 2.7818957E+001, 3.3855425E+001, 3.9585594E+001, 8.1328481E+001, 5.6887480E+001, 8.6359964E+001, 2.4686760E+002, 4.0603003E+002, 4.4299487E+002, 3.6640834E+002, 2.7260425E+002, 2.0207795E+002, 4.3485102E+000, 4.2122012E+000, 4.0472298E+000, 4.0109147E+000, 4.2067507E+000, 4.2378831E+000, 4.2223613E+000, 4.1139054E+000, 4.1315048E+000, 4.1025680E+000, 4.0368744E+000, 4.0417337E+000, 4.1327387E+000, 4.3447435E+000, 4.6978376E+000, 5.3315838E+000, 4.3812211E+000, 4.1032162E+000, 4.4651988E+000, 4.8265011E+000, 8.9158465E+000, 7.9302152E+000, 6.8338403E+000, 7.2667349E+004, 7.0407559E-001, 2.1570957E+001, 2.5356800E+001
 2.3000491E+002, 1.9998730E+001, 2.0002640E+001, 2.0018082E+001, 2.0054188E+001, 2.0090761E+001, 2.0146389E+001, 2.0230687E+001, 2.0383008E+001, 2.0744473E+001, 2.1612182E+001, 2.3447330E+001, 2.7753159E+001, 3.4504024E+001, 4.1116073E+001, 1.0390655E+002, 2.7183830E+002, 2.7016335E+002, 2.3723988E+002, 2.7808920E+002, 3.0584115E+002, 3.0350360E+002, 2.7762492E+002, 2.7528618E+002, 4.3867641E+000, 4.3933518E+000, 4.2292661E+000, 4.1613280E+000, 4.1729725E+000, 4.2226330E+000, 4.4236287E+000, 4.4161564E+000, 4.5594975E+000, 4.4041906E+000, 4.5079230E+000, 4.6263772E+000, 4.4116986E+000, 4.2297283E+000, 3.9446079E+000, 4.4267507E+000, 6.1792752E+000, 5.9970770E+000, 5.6539024E+000, 5.2898596E+000, 7.5604863E+000, 9.1364282E+000, 9.4781968E+000, 8.4698684E+004, 7.9845044E-001, 2.0644513E+001, 2.4887176E+001
 2.3100479E+002, 1.9999665E+001, 2.0000349E+001, 2.0015142E+001, 2.0059383E+001, 2.0098037E+001, 2.0149565E+001, 2.0241609E+001, 2.0407657E+001, 2.0752907E+001, 2.1488699E+001, 2.3224252E+001, 2.7283514E+001, 3.3113074E+001, 3.8979874E+001, 5.1045739E+001, 1.0806921E+002, 2.2466577E+002, 3.3255203E+002, 4.1144114E+002, 3.9419928E+002, 2.8012953E+002, 2.4540057E+002, 2.6144029E+002, 4.5258949E+000, 4.5160904E+000, 4.5450339E+000, 4.3990427E+000, 4.4190837E+000, 4.4060293E+000, 4.4831581E+000, 4.5984454E+000, 4.7230864E+000, 4.9059123E+000, 5.0786543E+000, 5.1613603E+000, 5.3269114E+000, 5.3649730E+000, 5.1268834E+000, 4.7932564E+000, 5.6463841E+000, 6.3722509E+000, 6.4419919E+000, 8.8554322E+000, 8.4633034E+000, 8.9643686E+000, 9.2456389E+000, 8.1372005E+004, 6.9920201E-001, 1.9376272E+001, 3.5081373E+001
 2.3200290E+002, 2.0000654E+001, 2.0002445E+001, 2.0009667E+001, 2.0052362E+001, 2.0096005E+001, 2.0160306E+001, 2.0249596E+001, 2.0412163E+001, 2.0776656E+001, 2.1591415E+001, 2.3367302E+001, 2.7018643E+001, 3.2366973E+001, 3.8350299E+001, 4.7963603E+001, 5.5053603E+001, 6.9755325E+001, 1.2302643E+002, 2.2215914E+002, 3.4605765E+002, 3.1819462E+002, 2.9691817E+002, 2.2035993E+002, 4.4178209E+000, 4.2471325E+000, 4.2074981E+000, 4.1129618E+000, 4.0739974E+000, 3.9006121E+000, 3.9277152E+000, 3.9601848E+000, 3.9133695E+000, 4.1308655E+000, 4.2900194E+000, 4.6536636E+000, 4.8815298E+000, 4.8997666E+000, 4.9930312E+000, 5.0409389E+000, 4.4008483E+000, 4.4264037E+000, 5.1717460E+000, 4.7944619E+000, 7.3852678E+000, 8.1180857E+000, 7.9682037E+000, 7.0373772E+004, 6.9695068E-001, 2.0113111E+001, 2.8956459E+001
 2.3300673E+002, 1.9996483E+001, 2.0003803E+001, 2.0014100E+001, 2.0042907E+001, 2.0081946E+001, 2.0151498E+001, 2.0261158E+001, 2.0452996E+001, 2.0822853E+001, 2.1685639E+001, 2.3564441E+001, 2.7784230E+001, 3.3619560E+001, 3.9131000E+001, 5.0635785E+001, 9.1605552E+001, 1.8465295E+002, 1.6896758E+002, 1.8805874E+002, 2.1169160E+002, 2.8953739E+002, 2.2287829E+002, 2.7398567E+002, 4.5171005E+000, 4.3420190E+000, 4.2096887E+000, 4.3003040E+000, 4.3330910E+000, 4.1962817E+000, 3.9297105E+000, 3.9408500E+000, 4.0223001E+000, 4.0273835E+000, 4.2097950E+000, 4.4069686E+000, 4.4858526E+000, 4.6380147E+000, 4.7921627E+000, 4.9051315E+000, 5.3371973E+000, 6.4972269E+000, 6.1954192E+000, 7.6415136E+000, 6.4300591E+000, 7.0476882E+000, 7.9900559E+000, 8.4202025E+004, 7.6826392E-001, 2.1062391E+001, 3.0993890E+001
 2.3400194E+002, 1.9997564E+001, 1.9998079E+001, 2.0015844E+001, 2.0050903E+001, 2.0081079E+001, 2.0122456E+001, 2.0216572E+001, 2.0417977E+001, 2.0830947E+001, 2.1662460E+001, 2.3472225E+001, 2.7459483E+001, 3.3391351E+001, 3.9093854E+001, 5.7646101E+001, 1.1455182E+002, 2.6545359E+002, 3.8814730E+002, 4.6612014E+002, 4.4927366E+002, 2.9428661E+002, 2.3293181E+002, 2.0467847E+002, 4.5805464E+000, 4.6401612E+000, 4.5814879E+000, 4.6229230E+000, 4.5834852E+000, 4.7813847E+000, 4.8224855E+000, 4.5777013E+000, 4.4163219E+000, 4.5395221E+000, 4.7560632E+000, 4.9919652E+000, 5.1295998E+000, 5.1673893E+000, 4.8297599E+000, 4.8945570E+000, 5.5623313E+000, 7.1947216E+000, 8.0643544E+000, 8.9731482E+000, 1.0832837E+001, 8.5997866E+000, 7.5341001E+000, 8.3373102E+004, 6.5862483E-001, 1.8443951E+001, 3.7672073E+001
 2.3500860E+002, 1.9998408E+001, 1.9998804E+001, 2.0007867E+001, 2.0051497E+001, 2.0084057E+001, 2.0137552E+001, 2.0210338E+001, 2.0338431E+001, 2.0701675E+001, 2.1621026E+001, 2.3528587E+001, 2.7444066E+001, 3.2619904E+001, 3.7953627E+001, 4.7078860E+001, 7.3502752E+001, 2.3144813E+002, 4.0051785E+002, 5.0166474E+002, 3.6487118E+002, 3.1801886E+002, 2.8844017E+002, 2.2608544E+002, 4.2727193E+000, 4.2655943E+000, 4.3076067E+000, 4.0847241E+000, 4.0846174E+000, 4.0535213E+000, 4.0083675E+000, 4.2990906E+000, 4.1628742E+000, 3.8898898E+000, 3.8508767E+000, 4.2382502E+000, 4.4721486E+000, 4.6251464E+000, 4.7527906E+000, 4.6966369E+000, 4.5197806E+000, 6.7238167E+000, 8.7703952E+000, 7.7154872E+000, 7.1017909E+000, 7.7937505E+000, 7.6742476E+000, 7.1260006E+004, 6.0437004E-001, 1.8309041E+001, 3.2057894E+001
 2.3601038E+002, 1.9998780E+001, 2.0000385E+001, 2.0008524E+001, 2.0044523E+001, 2.0088197E+001, 2.0145029E+001, 2.0231415E+001, 2.0402315E+001, 2.0703299E+001, 2.1431101E+001, 2.3485357E+001, 2.8123674E+001, 3.4491082E+001, 3.9313863E+001, 4.7897089E+001, 7.5873178E+001, 1.8197513E+002, 3.0689684E+002, 3.9741414E+002, 3.7783707E+002, 2.0729165E+002, 2.3438372E+002, 2.2800496E+002, 4.3211562E+000, 4.3594821E+000, 4.3192173E+000, 4.3069867E+000, 4.1769649E+000, 4.1238555E+000, 4.1199420E+000, 4.0405643E+000, 4.2224948E+000, 4.4460798E+000, 4.2286078E+000, 4.0998950E+000, 4.1130276E+000, 4.3871478E+000, 4.7312756E+000, 4.9799434E+000, 5.8461303E+000, 5.6929048E+000, 6.9058917E+000, 8.0748718E+000, 7.5239847E+000, 7.3058533E+000, 7.3267859E+000, 8.3818523E+004, 7.6136374E-001, 1.9949186E+001, 2.8725997E+001
 2.3701322E+002, 2.0000222E+001, 2.0001373E+001, 2.0011965E+001, 2.0044039E+001, 2.0077279E+001, 2.0137477E+001, 2.0236753E+001, 2.0406665E+001, 2.0766012E+001, 2.1542779E+001, 2.3074532E+001, 2.6751771E+001, 3.3038266E+001, 3.9685771E+001, 5.0425148E+001, 5.7526633E+001, 7.8393933E+001, 1.2005251E+002, 1.6788350E+002, 2.6076645E+002, 2.7332861E+002, 2.1431299E+002, 2.2176671E+002, 4.5135357E+000, 4.6122491E+000, 4.7074749E+000, 4.7830446E+000, 4.7987633E+000, 4.8323864E+000, 4.7241226E+000, 4.7571103E+000, 4.7501018E+000, 4.8216592E+000, 5.1806856E+000, 5.4468662E+000, 5.3768452E+000, 5.2167789E+000, 5.1496777E+000, 5.1517410E+000, 5.4195224E+000, 6.2490569E+000, 7.6060368E+000, 8.7966582E+000, 1.0146257E+001, 9.2460876E+000, 9.3632434E+000, 8.5076255E+004, 7.1342075E-001, 1.8383716E+001, 4.5214614E+001
 2.3800815E+002, 1.9999573E+001, 2.0003384E+001, 2.0012739E+001, 2.0046461E+001, 2.0079027E+001, 2.0128969E+001, 2.0212848E+001, 2.0380092E+001, 2.0745650E+001, 2.1518580E+001, 2.3234210E+001, 2.6927320E+001, 3.1574334E+001, 3.6134902E+001, 4.6500281E+001, 5.7749568E+001, 1.0401890E+002, 1.0642880E+002, 2.1226288E+002, 2.8715763E+002, 3.0903147E+002, 2.5390661E+002, 2.2306195E+002, 4.3750186E+000, 4.2420480E+000, 4.3004608E+000, 4.3807277E+000, 4.3074041E+000, 4.3464480E+000, 4.3182942E+000, 4.3130071E+000, 4.1741693E+000, 4.2379409E+000, 4.3500650E+000, 4.7210162E+000, 5.0719246E+000, 5.3222311E+000, 5.1451380E+000, 4.7888821E+000, 4.8715491E+000, 4.1869947E+000, 4.3559772E+000, 5.8871294E+000, 6.6773438E+000, 7.5057092E+000, 7.9129815E+000, 7.0963198E+004, 6.0622199E-001, 1.8515905E+001, 3.1167191E+001
 2.3901012E+002, 1.9996903E+001, 2.0002508E+001, 2.0015549E+001, 2.0048901E+001, 2.0081662E+001, 2.0135689E+001, 2.0217103E+001, 2.0381542E+001, 2.0742086E+001, 2.1577539E+001, 2.3524688E+001, 2.7550231E+001, 3.3011044E+001, 3.7696824E+001, 4.5185473E+001, 5.2802293E+001, 1.3920598E+002, 3.0344393E+002, 2.7824743E+002, 2.7860493E+002, 2.9376807E+002, 2.8446524E+002, 2.3229413E+002, 4.3920446E+000, 4.1042892E+000, 4.0213287E+000, 4.0161105E+000, 4.0819018E+000, 4.0287597E+000, 3.9794117E+000, 3.9791473E+000, 3.9860430E+000, 3.9079847E+000, 3.8544016E+000, 3.9684812E+000, 4.1743427E+000, 4.3963914E+000, 4.8284389E+000, 5.3608672E+000, 4.7085987E+000, 4.4774255E+000, 5.1381821E+000, 6.4921225E+000, 7.2295792E+000, 7.4574491E+000, 6.7288191E+000, 8.2459529E+004, 7.3520462E-001, 2.0676100E+001, 2.9722669E+001
 2.4000286E+002, 1.9997148E+001, 1.9998413E+001, 2.0015810E+001, 2.0055705E+001, 2.0090246E+001, 2.0140749E+001, 2.0225214E+001, 2.0390696E+001, 2.0739457E+001, 2.1522278E+001, 2.3278614E+001, 2.7493911E+001, 3.3427504E+001, 3.9473643E+001, 4.9198301E+001, 7.2617252E+001, 1.6837453E+002, 3.2527700E+002, 3.7962163E+002, 3.7281553E+002, 3.1583465E+002, 2.6556611E+002, 2.4729824E+002, 4.7012984E+000, 4.7694513E+000, 4.5805640E+000, 4.6299692E+000, 4.6513935E+000, 4.8258532E+000, 4.9051040E+000, 4.9228566E+000, 4.8934192E+000, 4.9940453E+000, 5.1332311E+000, 5.2649318E+000, 5.2230194E+000, 5.2960374E+000, 5.2267746E+000, 5.0515050E+000, 5.7602810E+000, 6.7218363E+000, 8.9175727E+000, 9.4778929E+000, 1.1123644E+001, 9.2532556E+000, 8.8646892E+000, 8.8474113E+004, 7.3701264E-001, 1.9170077E+001, 3.9398915E+001
 2.4100085E+002, 2.0001466E+001, 1.9997921E+001, 2.0009539E+001, 2.0056699E+001, 2.0095956E+001, 2.0149662E+001, 2.0234789E+001, 2.0381309E+001, 2.0717468E+001, 2.1451220E+001, 2.3162024E+001, 2.6798657E+001, 3.2274919E+001, 3.8005248E+001, 4.8645319E+001, 5.8814350E+001, 9.0964395E+001, 1.8440533E+002, 3.1627492E+002, 3.9051062E+002, 3.7419949E+002, 2.7900257E+002, 2.6787447E+002, 4.4466025E+000, 4.4349334E+000, 4.3663450E+000, 4.0788823E+000, 4.0512960E+000, 4.1134510E+000, 4.1496702E+000, 4.2103018E+000, 4.3276190E+000, 4.2988101E+000, 4.4750682E+000, 4.6745495E+000, 4.9309645E+000, 5.0426687E+000, 4.9913100E+000, 4.8440809E+000, 4.0591615E+000, 3.1389755E+000, 3.8953125E+000, 6.3941424E+000, 9.2006287E+000, 9.0201586E+000, 8.4886289E+000, 6.9375408E+004, 5.9800081E-001, 1.8255607E+001, 3.1335066E+001
 2.4200964E+002, 2.0000266E+001, 2.0004757E+001, 2.0007207E+001, 2.0047840E+001, 2.0091856E+001, 2.0158029E+001, 2.0250350E+001, 2.0417005E+001, 2.0758390E+001, 2.1537877E+001, 2.3378058E+001, 2.7467594E+001, 3.3081910E+001, 3.7987867E+001, 4.7794618E+001, 6.5106014E+001, 9.8358053E+001, 1.7549242E+002, 2.5577422E+002, 3.7492616E+002, 3.6842610E+002, 2.6300350E+002, 2.2642515E+002, 4.3158156E+000, 4.1413729E+000, 4.1939971E+000, 3.9651449E+000, 3.7951699E+000, 3.6358201E+000, 3.6790899E+000, 3.7531381E+000, 3.7908657E+000, 3.9524550E+000, 3.9574824E+000, 4.1238264E+000, 4.1151567E+000, 4.2113376E+000, 4.6102306E+000, 5.1558395E+000, 5.0904108E+000, 3.8748772E+000, 4.4034508E+000, 3.4620882E+000, 6.4732056E+000, 6.1785466E+000, 7.2632332E+000, 7.7171307E+004, 7.2173213E-001, 1.9095056E+001, 2.6230260E+001
 2.4300330E+002, 2.0001928E+001, 2.0003186E+001, 2.0016650E+001, 2.0042291E+001, 2.0079020E+001, 2.0143020E+001, 2.0249217E+001, 2.0436801E+001, 2.0804568E+001, 2.1593517E+001, 2.3385339E+001, 2.7399979E+001, 3.3305001E+001, 3.9470660E+001, 6.1224686E+001, 1.5323515E+002, 3.2466373E+002, 3.3234380E+002, 3.5534829E+002, 3.3484470E+002, 2.8085237E+002, 2.8012872E+002, 2.5701207E+002, 4.4467392E+000, 4.7058066E+000, 4.6037784E+000, 4.7909083E+000, 4.7720243E+000, 4.6890632E+000, 4.4644581E+000, 4.5100291E+000, 4.5680607E+000, 4.7923070E+000, 4.9944586E+000, 5.1643489E+000, 5.2854004E+000, 5.2089895E+000, 4.9009658E+000, 4.6607834E+000, 6.2423401E+000, 8.4606515E+000, 9.2967176E+000, 1.0731500E+001, 8.2382694E+000, 8.5746239E+000, 8.8052686E+000, 9.6189805E+004, 7.3865007E-001, 1.8539017E+001, 3.8598560E+001
 2.4400610E+002, 2.0001051E+001, 2.0005193E+001, 2.0015000E+001, 2.0053034E+001, 2.0080491E+001, 2.0129157E+001, 2.0219368E+001, 2.0391321E+001, 2.0795047E+001, 2.1606625E+001, 2.3386693E+001, 2.7135928E+001, 3.2586169E+001, 3.8274884E+001, 4.8775209E+001, 6.6918980E+001, 1.7381485E+002, 3.2527727E+002, 4.2472952E+002, 4.5751849E+002, 3.5244514E+002, 2.7124234E+002, 2.2903931E+002, 4.3366352E+000, 4.1538134E+000, 4.3550111E+000, 4.2451445E+000, 4.3083899E+000, 4.3068898E+000, 4.2668893E+000, 4.1315896E+000, 3.9253950E+000, 3.9459539E+000, 4.2536426E+000, 4.6925712E+000, 4.9664239E+000, 5.2340369E+000, 5.1969697E+000, 4.6971888E+000, 3.9368254E+000, 4.5630748E+000, 6.4413247E+000, 8.2892008E+000, 9.4658735E+000, 9.0008589E+000, 7.6731720E+000, 7.1843991E+004, 6.2158771E-001, 1.9158684E+001, 3.4779025E+001
 2.4501358E+002, 2.0000358E+001, 2.0004705E+001, 2.0017631E+001, 2.0055816E+001, 2.0097410E+001, 2.0146328E+001, 2.0229552E+001, 2.0406341E+001, 2.0784111E+001, 2.1697412E+001, 2.3947166E+001, 2.8412463E+001, 3.4315543E+001, 3.9714398E+001, 6.8100307E+001, 5.6648920E+001, 6.6926859E+001, 1.2504724E+002, 2.5639030E+002, 3.1779488E+002, 2.9784047E+002, 2.9591402E+002, 2.9630596E+002, 4.2101039E+000, 3.9679157E+000, 3.8510384E+000, 3.9297714E+000, 3.8054114E+000, 3.8738588E+000, 3.8798027E+000, 3.7828183E+000, 3.8037315E+000, 3.5072662E+000, 3.4159731E+000, 3.6017933E+000, 3.8650805E+000, 4.0893942E+000, 4.5807099E+000, 5.2202416E+000, 4.8292827E+000, 3.7940239E+000, 3.4376622E+000, 5.7108410E+000, 7.3828488E+000, 6.6437461E+000, 7.7623819E+000, 7.1630725E+004, 7.7716993E-001, 2.2080834E+001, 2.1826989E+001
 2.4600615E+002, 2.0001826E+001, 2.0003849E+001, 2.0019368E+001, 2.0059851E+001, 2.0098472E+001, 2.0160974E+001, 2.0254670E+001, 2.0419588E+001, 2.0787551E+001, 2.1655012E+001, 2.3612854E+001, 2.8351876E+001, 3.5645037E+001, 4.2195215E+001, 1.0402458E+002, 1.6891593E+002, 1.9046130E+002, 2.1432297E+002, 1.9866839E+002, 2.0207146E+002, 2.3721359E+002, 2.4980009E+002, 2.7369530E+002, 4.4509396E+000, 4.5090274E+000, 4.3663983E+000, 4.4105866E+000, 4.5398598E+000, 4.5336132E+000, 4.5803464E+000, 4.6939579E+000, 4.7016363E+000, 4.7570764E+000, 4.7583894E+000, 4.6884751E+000, 4.5899264E+000, 4.4772878E+000, 4.5799468E+000, 5.2954731E+000, 6.2218571E+000, 7.0690307E+000, 6.5951105E+000, 6.5832260E+000, 8.2563036E+000, 8.7356309E+000, 9.5166854E+000, 9.6636665E+004, 7.5647701E-001, 1.8728884E+001, 3.5311119E+001
 2.4700166E+002, 2.0001215E+001, 2.0004940E+001, 2.0016821E+001, 2.0059208E+001, 2.0097286E+001, 2.0153844E+001, 2.0245963E+001, 2.0414898E+001, 2.0768969E+001, 2.1511545E+001, 2.3285309E+001, 2.7221708E+001, 3.3110916E+001, 3.9610710E+001, 5.8019556E+001, 1.0149992E+002, 1.8809736E+002, 2.8285021E+002, 3.2243770E+002, 4.0117186E+002, 2.9659556E+002, 2.0236028E+002, 2.0806485E+002, 4.3580290E+000, 4.3483792E+000, 4.3271764E+000, 4.1529967E+000, 4.1500893E+000, 4.1857585E+000, 4.2900525E+000, 4.2997816E+000, 4.3000972E+000, 4.5172405E+000, 4.6874512E+000, 4.9166846E+000, 5.0265156E+000, 4.9358031E+000, 4.7269276E+000, 4.6716920E+000, 3.8710182E+000, 4.7471882E+000, 6.2777771E+000, 6.4599676E+000, 7.3712535E+000, 7.1481077E+000, 7.1581501E+000, 7.2331564E+004, 5.9676279E-001, 1.8823655E+001, 2.9632707E+001
 2.4801696E+002, 2.0001148E+001, 2.0004806E+001, 2.0016613E+001, 2.0057355E+001, 2.0098802E+001, 2.0160631E+001, 2.0256002E+001, 2.0439206E+001, 2.0830166E+001, 2.1737629E+001, 2.3673543E+001, 2.7778331E+001, 3.3839589E+001, 3.9103970E+001, 1.0520242E+002, 1.7556714E+002, 1.5571415E+002, 2.6505856E+002, 3.2657750E+002, 3.4098579E+002, 3.1609580E+002, 2.2788026E+002, 2.3154689E+002, 4.0657128E+000, 3.9013433E+000, 3.8612678E+000, 3.6903180E+000, 3.6102308E+000, 3.5038968E+000, 3.4383841E+000, 3.4983142E+000, 3.5911626E+000, 3.5034641E+000, 3.7127275E+000, 4.0077460E+000, 4.0342693E+000, 4.0689321E+000, 3.9248111E+000, 4.9148738E+000, 4.8266611E+000, 4.1024582E+000, 6.3024147E+000, 5.4238350E+000, 5.2610721E+000, 5.9567866E+000, 6.4478260E+000, 6.7943007E+004, 7.5599795E-001, 2.1968479E+001, 2.2342465E+001
 2.4900566E+002, 2.0000166E+001, 2.0004554E+001, 2.0018867E+001, 2.0057010E+001, 2.0097812E+001, 2.0161564E+001, 2.0262409E+001, 2.0449608E+001, 2.0853910E+001, 2.1748278E+001, 2.3781808E+001, 2.8265779E+001, 3.4410575E+001, 4.0416428E+001, 8.4069789E+001, 2.5189870E+002, 3.7334770E+002, 4.7430311E+002, 4.8280720E+002, 4.3789683E+002, 2.8718487E+002, 2.5334278E+002, 2.3013628E+002, 4.3653558E+000, 4.3764665E+000, 4.3498472E+000, 4.4547860E+000, 4.4127025E+000, 4.3713306E+000, 4.2963830E+000, 4.2834597E+000, 4.2982852E+000, 4.4928764E+000, 4.5785222E+000, 4.7211078E+000, 4.8704514E+000, 4.8247819E+000, 4.1513390E+000, 4.4868814E+000, 6.7872728E+000, 9.3010514E+000, 1.0827388E+001, 1.2166634E+001, 9.3755067E+000, 8.6504347E+000, 8.1171859E+000, 9.6970235E+004, 7.4319274E-001, 1.7898490E+001, 3.9361121E+001
 2.5001497E+002, 1.9999942E+001, 2.0003276E+001, 2.0017608E+001, 2.0058068E+001, 2.0094874E+001, 2.0149707E+001, 2.0245531E+001, 2.0419185E+001, 2.0790406E+001, 2.1617785E+001, 2.3477642E+001, 2.7576606E+001, 3.3706303E+001, 3.9784962E+001, 4.9123635E+001, 1.0914190E+002, 2.8263125E+002, 3.2913392E+002, 4.9774135E+002, 5.8093327E+002, 3.8092773E+002, 2.6315068E+002, 2.5796290E+002, 4.3631590E+000, 4.2934210E+000, 4.2912185E+000, 4.2504939E+000, 4.2725084E+000, 4.3222564E+000, 4.2681155E+000, 4.2342002E+000, 4.1354718E+000, 4.2050643E+000, 4.3166503E+000, 4.7860229E+000, 4.9598123E+000, 5.1286697E+000, 5.3760796E+000, 4.6218266E+000, 3.4373731E+000, 4.2585533E+000, 7.0178573E+000, 9.4779907E+000, 8.3294491E+000, 8.9488931E+000, 8.9094002E+000, 7.6941271E+004, 5.7982421E-001, 1.7790380E+001, 3.1633328E+001
 2.5100734E+002, 2.0000202E+001, 2.0003315E+001, 2.0015368E+001, 2.0058216E+001, 2.0098511E+001, 2.0155617E+001, 2.0245859E+001, 2.0427285E+001, 2.0811665E+001, 2.1700288E+001, 2.3728152E+001, 2.8168915E+001, 3.4791425E+001, 4.0009747E+001, 5.0604386E+001, 9.3178019E+001, 1.0938326E+002, 1.9974969E+002, 2.4010071E+002, 3.2507464E+002, 3.5002101E+002, 2.2722152E+002, 2.1006350E+002, 4.1491935E+000, 3.9877844E+000, 3.9435349E+000, 3.7651332E+000, 3.7038744E+000, 3.7253147E+000, 3.6709891E+000, 3.6542446E+000, 3.5859149E+000, 3.5786841E+000, 3.5968316E+000, 3.7069432E+000, 3.7963990E+000, 3.9897508E+000, 4.2656631E+000, 4.8808159E+000, 5.2619286E+000, 3.4348259E+000, 3.9673306E+000, 4.1512153E+000, 5.8437749E+000, 5.3881275E+000, 6.8369458E+000, 7.0256861E+004, 7.1600717E-001, 2.0235355E+001, 1.8862945E+001
 2.5200291E+002, 2.0001374E+001, 2.0003228E+001, 2.0017281E+001, 2.0056344E+001, 2.0098226E+001, 2.0163727E+001, 2.0258959E+001, 2.0441436E+001, 2.0824865E+001, 2.1719778E+001, 2.3757354E+001, 2.8227548E+001, 3.4626347E+001, 4.1812748E+001, 1.3431131E+002, 1.8810513E+002, 2.9099152E+002, 4.1426697E+002, 3.8524835E+002, 3.3154173E+002, 2.9473873E+002, 2.3419061E+002, 2.3744423E+002, 4.4115291E+000, 4.4124769E+000, 4.3057427E+000, 4.3898264E+000, 4.3179320E+000, 4.2610891E+000, 4.2903143E+000, 4.3972731E+000, 4.3582147E+000, 4.4039274E+000, 4.4744722E+000, 4.6076540E+000, 4.5503046E+000, 4.3821971E+000, 4.3830140E+000, 5.0618132E+000, 7.5283743E+000, 1.0396200E+001, 1.0275731E+001, 1.0021066E+001, 6.5463120E+000, 8.4463350E+000, 8.5083793E+000, 9.3376519E+004, 7.4360032E-001, 1.9007601E+001, 2.6595258E+001
 2.5301521E+002, 2.0001287E+001, 2.0004606E+001, 2.0016015E+001, 2.0057325E+001, 2.0092747E+001, 2.0149158E+001, 2.0248674E+001, 2.0428349E+001, 2.0791909E+001, 2.1611937E+001, 2.3393330E+001, 2.7388512E+001, 3.3296422E+001, 3.8297708E+001, 5.4281231E+001, 1.0174439E+002, 1.6801431E+002, 2.2794643E+002, 3.7557304E+002, 4.9696069E+002, 3.7434941E+002, 2.2533195E+002, 1.9282362E+002, 4.4077392E+000, 4.4208092E+000, 4.3966486E+000, 4.3025324E+000, 4.3331296E+000, 4.4252090E+000, 4.2863684E+000, 4.2487160E+000, 4.3055437E+000, 4.4488512E+000, 4.5433539E+000, 4.8713024E+000, 4.9909930E+000, 5.2572861E+000, 5.3965868E+000, 5.8016269E+000, 6.7926525E+000, 7.6881524E+000, 8.2134368E+000, 9.4942055E+000, 1.0710796E+001, 7.8824574E+000, 7.0542445E+000, 7.8976670E+004, 6.0764215E-001, 1.7965078E+001, 2.8046352E+001
 2.5401134E+002, 2.0000279E+001, 2.0004699E+001, 2.0017123E+001, 2.0056682E+001, 2.0098135E+001, 2.0157148E+001, 2.0243947E+001, 2.0425444E+001, 2.0841098E+001, 2.1716376E+001, 2.3707955E+001, 2.7913972E+001, 3.3527535E+001, 4.0164154E+001, 6.1985040E+001, 8.4391969E+001, 9.0705423E+001, 1.2451652E+002, 2.7403334E+002, 3.9171345E+002, 3.8949540E+002, 3.6892788E+002, 2.1573561E+002, 4.1822779E+000, 3.9830468E+000, 3.9674179E+000, 3.8061139E+000, 3.6354873E+000, 3.6310052E+000, 3.6764623E+000, 3.6143193E+000, 3.4047433E+000, 3.5187707E+000, 3.6809298E+000, 3.7219895E+000, 3.8179925E+000, 3.8611743E+000, 4.4344820E+000, 4.8117395E+000, 5.4325460E+000, 5.5615417E+000, 5.2466837E+000, 5.8221705E+000, 7.6705727E+000, 8.6401571E+000, 6.6857532E+000, 7.1266916E+004, 7.1843430E-001, 2.1326937E+001, 2.0841509E+001
 2.5500693E+002, 2.0001129E+001, 2.0003667E+001, 2.0018562E+001, 2.0058305E+001, 2.0097745E+001, 2.0162900E+001, 2.0264169E+001, 2.0444439E+001, 2.0826025E+001, 2.1739596E+001, 2.3769144E+001, 2.8109821E+001, 3.4502356E+001, 4.1914655E+001, 2.3690606E+002, 2.9359720E+002, 3.8125981E+002, 3.9661779E+002, 3.6143848E+002, 2.9478094E+002, 2.6212714E+002, 2.4083093E+002, 3.0336150E+002, 4.3694139E+000, 4.4521907E+000, 4.3578707E+000, 4.4450941E+000, 4.3954209E+000, 4.3259036E+000, 4.2412200E+000, 4.3896130E+000, 4.4390750E+000, 4.3327574E+000, 4.3910575E+000, 4.5607938E+000, 4.6909072E+000, 3.9737129E+000, 3.0287024E+000, 4.6363582E+000, 6.4194423E+000, 8.4751810E+000, 9.0354250E+000, 9.5176022E+000, 9.8345176E+000, 8.8684231E+000, 9.9352020E+000, 8.9931901E+004, 7.6603713E-001, 1.9453604E+001, 3.0984839E+001
 2.5601532E+002, 1.9999883E+001, 2.0004855E+001, 2.0016751E+001, 2.0057834E+001, 2.0095098E+001, 2.0152485E+001, 2.0246963E+001, 2.0431806E+001, 2.0810728E+001, 2.1583981E+001, 2.3414142E+001, 2.7426985E+001, 3.3869561E+001, 3.9959601E+001, 6.2550905E+001, 2.4196465E+002, 3.7624329E+002, 5.5755587E+002, 5.9457896E+002, 5.3319057E+002, 3.4496723E+002, 2.2864357E+002, 1.9652044E+002, 4.4154269E+000, 4.2663245E+000, 4.3450155E+000, 4.2149316E+000, 4.2334809E+000, 4.3241841E+000, 4.2304835E+000, 4.0963944E+000, 4.0930730E+000, 4.2384713E+000, 4.4718428E+000, 4.6228217E+000, 4.7562363E+000, 4.8877695E+000, 4.7231091E+000, 2.9618071E+000, 4.1016395E+000, 2.9712060E+000, 5.9893829E+000, 1.0162003E+001, 9.0961706E+000, 8.5117617E+000, 7.4017990E+000, 7.4368073E+004, 5.9333443E-001, 1.7888438E+001, 2.9625655E+001
 2.5701579E+002, 2.0000163E+001, 2.0002603E+001, 2.0017334E+001, 2.0056749E+001, 2.0096592E+001, 2.0154479E+001, 2.0248740E+001, 2.0422804E+001, 2.0825406E+001, 2.1738010E+001, 2.3702486E+001, 2.7890358E+001, 3.3781137E+001, 3.9019939E+001, 1.2969541E+002, 1.4202155E+002, 1.5705364E+002, 3.3199984E+002, 4.2649220E+002, 2.8915812E+002, 2.5960194E+002, 2.3818826E+002, 2.2232300E+002, 4.2711815E+000, 4.1547283E+000, 3.9204099E+000, 3.8841498E+000, 3.7624103E+000, 3.7494047E+000, 3.7814391E+000, 3.7526613E+000, 3.6923950E+000, 3.4829700E+000, 3.7245002E+000, 3.8593919E+000, 4.1190920E+000, 3.9031815E+000, 4.2989112E+000, 5.0485983E+000, 4.1910447E+000, 3.7941689E+000, 2.6090205E+000, 4.7204994E+000, 6.4836672E+000, 7.7357402E+000, 7.1344574E+000, 7.2498756E+004, 7.3614216E-001, 2.0714769E+001, 2.4038504E+001
 2.5800199E+002, 1.9999966E+001, 2.0003224E+001, 2.0015818E+001, 2.0058344E+001, 2.0097051E+001, 2.0158626E+001, 2.0259310E+001, 2.0441065E+001, 2.0825117E+001, 2.1689737E+001, 2.3743219E+001, 2.8195677E+001, 3.4311076E+001, 4.0269546E+001, 8.8608226E+001, 2.3883081E+002, 3.0246563E+002, 3.4060882E+002, 3.9764628E+002, 4.1725487E+002, 2.5473812E+002, 1.9208088E+002, 1.9442029E+002, 4.5725415E+000, 4.5316800E+000, 4.5206589E+000, 4.4145877E+000, 4.4668586E+000, 4.4081782E+000, 4.4070405E+000, 4.4066199E+000, 4.5572794E+000, 4.5044589E+000, 4.6100756E+000, 4.5774700E+000, 4.7783982E+000, 4.5754712E+000, 4.3984882E+000, 5.6924071E+000, 7.2300187E+000, 8.9576451E+000, 9.8130704E+000, 1.1422597E+001, 1.0238828E+001, 8.1526865E+000, 8.0504894E+000, 8.9444368E+004, 7.3558308E-001, 1.8797424E+001, 3.4998605E+001
 2.5900723E+002, 2.0001429E+001, 2.0002925E+001, 2.0015467E+001, 2.0053654E+001, 2.0095824E+001, 2.0153785E+001, 2.0247108E+001, 2.0420683E+001, 2.0812955E+001, 2.1605745E+001, 2.3447273E+001, 2.7232212E+001, 3.3438030E+001, 3.9775311E+001, 4.9627749E+001, 1.4247825E+002, 3.3059522E+002, 5.1965991E+002, 5.2828754E+002, 5.1776013E+002, 4.0445294E+002, 2.5801662E+002, 1.9205783E+002, 4.3438388E+000, 4.3961533E+000, 4.3112650E+000, 4.2716409E+000, 4.1696504E+000, 4.0998375E+000, 4.1716720E+000, 4.0652706E+000, 4.0712731E+000, 4.1021686E+000, 4.4380990E+000, 4.6124084E+000, 4.7830852E+000, 4.7783676E+000, 4.8885848E+000, 3.7244885E+000, 3.2012282E+000, 3.7162200E+000, 5.4493604E+000, 9.3990734E+000, 9.8950157E+000, 9.4867858E+000, 8.1218440E+000, 7.5276418E+004, 5.9780162E-001, 1.7672808E+001, 2.9176603E+001
 2.6000010E+002, 2.0001404E+001, 2.0004357E+001, 2.0014832E+001, 2.0054188E+001, 2.0090183E+001, 2.0151318E+001, 2.0254856E+001, 2.0431805E+001, 2.0810143E+001, 2.1742975E+001, 2.3758297E+001, 2.7990962E+001, 3.3751666E+001, 3.8814534E+001, 4.8823518E+001, 5.6823985E+001, 9.3531912E+001, 2.5218524E+002, 3.5014546E+002, 3.6084225E+002, 3.6628109E+002, 3.2781784E+002, 2.2865094E+002, 4.1871275E+000, 4.0588897E+000, 4.0193095E+000, 3.8658469E+000, 3.9308749E+000, 3.7848550E+000, 3.6659569E+000, 3.5668082E+000, 3.7002944E+000, 3.4836130E+000, 3.6269008E+000, 3.8350179E+000, 4.0456731E+000, 4.3339244E+000, 4.5647389E+000, 4.7014473E+000, 4.1891995E+000, 3.9689022E+000, 5.0697857E+000, 5.7752698E+000, 9.1985142E+000, 8.1654792E+000, 7.6056877E+000, 7.8262808E+004, 7.3454601E-001, 2.0510425E+001, 2.5666234E+001
 2.6100634E+002, 2.0000335E+001, 2.0005155E+001, 2.0017281E+001, 2.0054847E+001, 2.0095284E+001, 2.0152926E+001, 2.0246485E+001, 2.0440132E+001, 2.0845106E+001, 2.1689105E+001, 2.3658287E+001, 2.8191224E+001, 3.4690205E+001, 4.0701231E+001, 8.0592212E+001, 1.5153487E+002, 1.6637907E+002, 1.2919144E+002, 2.7937170E+002, 3.1531814E+002, 3.0619278E+002, 2.7443917E+002, 2.8262742E+002, 4.4743451E+000, 4.4351207E+000, 4.4515613E+000, 4.5178215E+000, 4.5463676E+000, 4.4761495E+000, 4.6375147E+000, 4.4521465E+000, 4.4128912E+000, 4.4915866E+000, 4.6471386E+000, 4.6779399E+000, 4.9075196E+000, 4.8217000E+000, 4.8503909E+000, 5.1784299E+000, 5.4661558E+000, 6.3602097E+000, 6.3171067E+000, 8.0882009E+000, 8.0727791E+000, 9.8396650E+000, 9.8615661E+000, 9.1177610E+004, 7.4667394E-001, 1.9010624E+001, 3.1552653E+001
 2.6201468E+002, 2.0000217E+001, 2.0003335E+001, 2.0018960E+001, 2.0056566E+001, 2.0094127E+001, 2.0152621E+001, 2.0249481E+001, 2.0418932E+001, 2.0790212E+001, 2.1663189E+001, 2.3631742E+001, 2.7601301E+001, 3.3534236E+001, 3.9792908E+001, 5.0029602E+001, 6.8267195E+001, 1.6205269E+002, 3.5280208E+002, 4.3113734E+002, 3.9654236E+002, 3.1858611E+002, 2.7596972E+002, 2.4239370E+002, 4.3770133E+000, 4.2564955E+000, 4.1692491E+000, 4.1791178E+000, 4.2848383E+000, 4.1659399E+000, 4.1691376E+000, 4.1650007E+000, 4.2281839E+000, 4.0844767E+000, 4.2185489E+000, 4.5467065E+000, 4.7089313E+000, 4.8529975E+000, 5.0080304E+000, 5.0480322E+000, 4.9367037E+000, 3.0770161E+000, 5.4424369E+000, 8.9643748E+000, 1.0606660E+001, 8.3669364E+000, 7.7605601E+000, 7.2769418E+004, 6.5035014E-001, 1.9710474E+001, 2.9133579E+001
 2.6301536E+002, 1.9999713E+001, 2.0003589E+001, 2.0016370E+001, 2.0063295E+001, 2.0102979E+001, 2.0159060E+001, 2.0256982E+001, 2.0442127E+001, 2.0848769E+001, 2.1705690E+001, 2.3797384E+001, 2.8369860E+001, 3.4357148E+001, 4.1576237E+001, 1.6420876E+002, 1.7716299E+002, 1.6475868E+002, 2.1635414E+002, 2.7004239E+002, 3.2725537E+002, 3.3061708E+002, 2.9942795E+002, 2.6881857E+002, 4.2114568E+000, 4.0999520E+000, 3.9508220E+000, 3.7368886E+000, 3.8164893E+000, 3.8633411E+000, 3.8125493E+000, 3.7454219E+000, 3.7342119E+000, 3.7955679E+000, 3.8018885E+000, 3.7402616E+000, 3.8878482E+000, 4.0118451E+000, 4.1740728E+000, 5.1515249E+000, 5.6778467E+000, 6.4557650E+000, 6.6460493E+000, 4.1966878E+000, 7.7454003E+000, 8.2345832E+000, 7.4704551E+000, 7.1618774E+004, 7.6253321E-001, 2.0600796E+001, 2.1584830E+001
 2.6400756E+002, 2.0000966E+001, 2.0002912E+001, 2.0017221E+001, 2.0059953E+001, 2.0105725E+001, 2.0170700E+001, 2.0265548E+001, 2.0448644E+001, 2.0850173E+001, 2.1750437E+001, 2.3761250E+001, 2.8030857E+001, 3.4521519E+001, 4.4804816E+001, 1.5191823E+002, 2.1009421E+002, 2.9820064E+002, 3.3053770E+002, 3.5452544E+002, 3.5995359E+002, 3.0480919E+002, 2.6454269E+002, 2.8588868E+002, 4.3366921E+000, 4.4535819E+000, 4.3978995E+000, 4.3814241E+000, 4.3355885E+000, 4.2878545E+000, 4.4394555E+000, 4.4401827E+000, 4.4575098E+000, 4.4689727E+000, 4.6603958E+000, 4.8545473E+000, 4.7005859E+000, 4.1920206E+000, 4.6724448E+000, 5.9441397E+000, 7.3256191E+000, 8.9891946E+000, 1.0707369E+001, 1.2589215E+001, 1.0137884E+001, 8.8941256E+000, 9.6414899E+000, 9.3110578E+004, 7.5782764E-001, 1.9119057E+001, 2.8584864E+001
 2.6501039E+002, 2.0001492E+001, 2.0004436E+001, 2.0015810E+001, 2.0056243E+001, 2.0093430E+001, 2.0157546E+001, 2.0263479E+001, 2.0444638E+001, 2.0819672E+001, 2.1658005E+001, 2.3517134E+001, 2.7530756E+001, 3.3613881E+001, 3.8695778E+001, 5.9749048E+001, 1.1438344E+002, 2.0584612E+002, 3.2758749E+002, 4.9856840E+002, 5.5650782E+002, 3.7631561E+002, 2.7565350E+002, 2.3439741E+002, 4.2721498E+000, 4.2473907E+000, 4.4092015E+000, 4.3323294E+000, 4.3063945E+000, 4.2374083E+000, 4.1723664E+000, 4.1717041E+000, 4.3136388E+000, 4.3710652E+000, 4.4492043E+000, 4.7630047E+000, 5.0574148E+000, 5.1045963E+000, 5.0605060E+000, 5.6413137E+000, 7.8442767E+000, 8.5466627E+000, 8.4433924E+000, 1.0321887E+001, 1.0310168E+001, 9.1829855E+000, 7.8081073E+000, 7.5737483E+004, 6.3348747E-001, 1.8463661E+001, 2.8085063E+001
 2.6600347E+002, 1.9999906E+001, 2.0005242E+001, 2.0017028E+001, 2.0055238E+001, 2.0096234E+001, 2.0154206E+001, 2.0253805E+001, 2.0454900E+001, 2.0862571E+001, 2.1766134E+001, 2.3739818E+001, 2.7919501E+001, 3.3785764E+001, 3.9347269E+001, 4.7242838E+001, 5.2434382E+001, 7.3826536E+001, 1.5079497E+002, 2.2601849E+002, 3.8170150E+002, 3.6930770E+002, 3.0808757E+002, 2.5548791E+002, 4.1458748E+000, 3.9044259E+000, 3.8572834E+000, 3.8918162E+000, 3.8705607E+000, 3.7419348E+000, 3.6506367E+000, 3.5272795E+000, 3.4327685E+000, 3.5832204E+000, 3.7447844E+000, 3.7905545E+000, 4.0442196E+000, 4.1266613E+000, 4.4478927E+000, 4.5832496E+000, 4.7811468E+000, 5.5372731E+000, 6.0843931E+000, 5.7937860E+000, 6.2927396E+000, 7.1400574E+000, 6.2394968E+000, 6.9544074E+004, 7.0429051E-001, 1.9576078E+001, 2.5908085E+001
 2.6700440E+002, 2.0000541E+001, 2.0003070E+001, 2.0019723E+001, 2.0058362E+001, 2.0097384E+001, 2.0158144E+001, 2.0256450E+001, 2.0444383E+001, 2.0860695E+001, 2.1781165E+001, 2.3818381E+001, 2.8351720E+001, 3.4437105E+001, 4.0112621E+001, 5.0476663E+001, 8.9365982E+001, 9.7029117E+001, 1.4970115E+002, 2.3100753E+002, 2.4177611E+002, 2.9435302E+002, 2.9113054E+002, 2.5820075E+002, 4.2969278E+000, 4.3364828E+000, 4.1543572E+000, 4.2133759E+000, 4.3254911E+000, 4.3466265E+000, 4.2637772E+000, 4.2754691E+000, 4.1933669E+000, 4.0904089E+000, 4.3335483E+000, 4.4759302E+000, 4.5351044E+000, 4.5269485E+000, 4.5527674E+000, 4.5364941E+000, 5.3147566E+000, 5.9759347E+000, 6.5209813E+000, 7.5920747E+000, 8.5121987E+000, 9.2868904E+000, 9.2718012E+000, 9.3015343E+004, 7.5124630E-001, 1.8343488E+001, 3.0733179E+001
 2.6800936E+002, 2.0001790E+001, 2.0003852E+001, 2.0015801E+001, 2.0060735E+001, 2.0099440E+001, 2.0154551E+001, 2.0245618E+001, 2.0416082E+001, 2.0791431E+001, 2.1608107E+001, 2.3454735E+001, 2.7488737E+001, 3.3281410E+001, 3.9361295E+001, 4.9970875E+001, 5.9551919E+001, 1.3414427E+002, 2.5342439E+002, 3.3502261E+002, 3.5175905E+002, 3.0820198E+002, 2.4869863E+002, 2.1126100E+002, 4.3950336E+000, 4.4128031E+000, 4.4850501E+000, 4.3434301E+000, 4.3097513E+000, 4.4766913E+000, 4.5608972E+000, 4.5520051E+000, 4.5704006E+000, 4.5803332E+000, 4.7421302E+000, 4.8871394E+000, 5.2123847E+000, 5.2596941E+000, 5.3030809E+000, 4.9106257E+000, 4.1125894E+000, 4.6754670E+000, 5.4399619E+000, 7.5465278E+000, 1.0620580E+001, 9.0885402E+000, 8.5841006E+000, 7.8377533E+004, 6.2222277E-001, 1.7608217E+001, 3.6965107E+001
 2.6900257E+002, 1.9999795E+001, 2.0005255E+001, 2.0016037E+001, 2.0055053E+001, 2.0097439E+001, 2.0161188E+001, 2.0255006E+001, 2.0425485E+001, 2.0791593E+001, 2.1627751E+001, 2.3586326E+001, 2.7510459E+001, 3.3169196E+001, 3.8398279E+001, 6.8185791E+001, 5.9112955E+001, 1.1449304E+002, 2.8494897E+002, 3.6541788E+002, 3.9150585E+002, 3.3379165E+002, 2.9533168E+002, 2.3813851E+002, 4.2990289E+000, 3.8920242E+000, 3.9102676E+000, 3.8470311E+000, 3.6814530E+000, 3.4854394E+000, 3.5692763E+000, 3.5564688E+000, 3.7113418E+000, 3.6331240E+000, 3.7511039E+000, 3.9049527E+000, 3.9902985E+000, 4.2057263E+000, 4.3324571E+000, 4.8967194E+000, 4.7917942E+000, 6.4961366E+000, 7.5491391E+000, 5.9129828E+000, 7.2895908E+000, 8.4355547E+000, 7.2143844E+000, 6.8718948E+004, 6.7764970E-001, 1.9894285E+001, 2.3924933E+001
 2.7001110E+002, 2.0000193E+001, 2.0003322E+001, 2.0019477E+001, 2.0057036E+001, 2.0094835E+001, 2.0159193E+001, 2.0261759E+001, 2.0455753E+001, 2.0859747E+001, 2.1708417E+001, 2.3754061E+001, 2.8135524E+001, 3.3945733E+001, 3.9359727E+001, 1.8790150E+002, 1.8650780E+002, 1.8601031E+002, 3.0877855E+002, 3.6835628E+002, 3.6372891E+002, 3.4496899E+002, 2.8628533E+002, 2.7514864E+002, 4.4180856E+000, 4.3817615E+000, 4.0835776E+000, 4.1495856E+000, 4.2557130E+000, 4.1103392E+000, 4.0368657E+000, 3.9350818E+000, 4.0713838E+000, 4.0876636E+000, 4.2858375E+000, 4.2880174E+000, 4.4518171E+000, 3.8163651E+000, 4.5939773E+000, 5.6325121E+000, 6.7869793E+000, 8.5790241E+000, 1.0943565E+001, 1.1303108E+001, 9.7611856E+000, 8.5132910E+000, 8.9527469E+000, 9.0276433E+004, 7.6148678E-001, 1.9050105E+001, 3.0511114E+001
 2.7100555E+002, 1.9999701E+001, 2.0003615E+001, 2.0016538E+001, 2.0060837E+001, 2.0098428E+001, 2.0153530E+001, 2.0244703E+001, 2.0425952E+001, 2.0806201E+001, 2.1671482E+001, 2.3568463E+001, 2.7407778E+001, 3.3130909E+001, 3.8638453E+001, 5.5225680E+001, 1.1965896E+002, 2.0709663E+002, 3.5768728E+002, 4.6428479E+002, 4.5874980E+002, 3.4850415E+002, 2.7158079E+002, 2.7303787E+002, 4.6012135E+000, 4.6133465E+000, 4.5707557E+000, 4.3353026E+000, 4.4715042E+000, 4.5178907E+000, 4.6452881E+000, 4.5253695E+000, 4.4825543E+000, 4.5101670E+000, 4.7291885E+000, 5.0536414E+000, 5.2636475E+000, 5.4005169E+000, 5.3199118E+000, 4.9854288E+000, 5.3219013E+000, 6.8933349E+000, 8.4022585E+000, 1.0888071E+001, 1.0951305E+001, 9.6365409E+000, 9.5962985E+000, 8.4885578E+004, 6.2859816E-001, 1.7847226E+001, 3.6259845E+001
 2.7200880E+002, 1.9999045E+001, 2.0002064E+001, 2.0015668E+001, 2.0057257E+001, 2.0102644E+001, 2.0159896E+001, 2.0256241E+001, 2.0417202E+001, 2.0813486E+001, 2.1643859E+001, 2.3636057E+001, 2.7675663E+001, 3.3502179E+001, 3.9127054E+001, 4.7541709E+001, 5.5956015E+001, 7.4096662E+001, 1.9496737E+002, 3.3159489E+002, 4.6536694E+002, 3.8829702E+002, 3.2111761E+002, 2.1539296E+002, 4.3088130E+000, 4.1688824E+000, 4.0206254E+000, 3.8081638E+000, 3.6298221E+000, 3.5965637E+000, 3.6325607E+000, 3.7624021E+000, 3.7140820E+000, 3.6474800E+000, 3.7715734E+000, 3.8149846E+000, 4.1206421E+000, 4.2208202E+000, 4.5105742E+000, 4.8330866E+000, 4.9332848E+000, 4.1418448E+000, 5.2791483E+000, 5.8367408E+000, 8.3694841E+000, 8.0921935E+000, 6.4921976E+000, 6.6986141E+004, 6.7265262E-001, 2.0277514E+001, 2.4476981E+001
 2.7300621E+002, 1.9998432E+001, 2.0001981E+001, 2.0014568E+001, 2.0055588E+001, 2.0095209E+001, 2.0168450E+001, 2.0273337E+001, 2.0462786E+001, 2.0855018E+001, 2.1739967E+001, 2.3751204E+001, 2.8088788E+001, 3.4418756E+001, 4.0701402E+001, 6.1075336E+001, 1.0149065E+002, 1.5556636E+002, 2.0341349E+002, 2.7196403E+002, 2.8041261E+002, 2.8385827E+002, 2.6907595E+002, 2.5481427E+002, 4.4695740E+000, 4.3407604E+000, 4.3335336E+000, 4.2461797E+000, 4.2859765E+000, 3.9556526E+000, 3.9004930E+000, 3.8982089E+000, 4.1240835E+000, 4.1571002E+000, 4.2552874E+000, 4.3477059E+000, 4.2960901E+000, 4.0910403E+000, 3.9975983E+000, 4.4151183E+000, 5.6203699E+000, 6.3826281E+000, 7.5885281E+000, 8.9337459E+000, 7.7424525E+000, 8.3687246E+000, 8.2489617E+000, 8.6282186E+004, 7.7661344E-001, 1.9132272E+001, 2.8496403E+001
 2.7401590E+002, 2.0000932E+001, 2.0001250E+001, 2.0014860E+001, 2.0053558E+001, 2.0095356E+001, 2.0150159E+001, 2.0249264E+001, 2.0454149E+001, 2.0855388E+001, 2.1713512E+001, 2.3506335E+001, 2.7479570E+001, 3.3751207E+001, 3.9955399E+001, 5.1151236E+001, 1.1042539E+002, 2.6216768E+002, 3.9514200E+002, 3.9666959E+002, 3.8856061E+002, 2.7334382E+002, 2.5165800E+002, 2.3904992E+002, 4.4887086E+000, 4.6266789E+000, 4.5616140E+000, 4.6643425E+000, 4.5617046E+000, 4.6068624E+000, 4.6219040E+000, 4.2898382E+000, 4.3727570E+000, 4.4487979E+000, 4.8214768E+000, 5.0787918E+000, 5.2707860E+000, 5.2670510E+000, 5.0421017E+000, 4.2773530E+000, 3.5702031E+000, 4.5323985E+000, 8.6560871E+000, 1.0185598E+001, 1.0783251E+001, 1.0160477E+001, 9.4590068E+000, 8.6399797E+004, 6.5164207E-001, 1.7814051E+001, 3.1684735E+001
 2.7500171E+002, 2.0001200E+001, 2.0004130E+001, 2.0012866E+001, 2.0054631E+001, 2.0091103E+001, 2.0151045E+001, 2.0255301E+001, 2.0419236E+001, 2.0843062E+001, 2.1789507E+001, 2.3761924E+001, 2.8037163E+001, 3.3735813E+001, 3.9562604E+001, 5.0317337E+001, 5.8880884E+001, 8.5400877E+001, 2.0828106E+002, 3.0986545E+002, 3.4568905E+002, 3.4500179E+002, 2.9212850E+002, 2.4007945E+002, 4.2600109E+000, 4.0781014E+000, 4.1304320E+000, 3.9373106E+000, 4.0147669E+000, 3.9177115E+000, 3.7666789E+000, 3.8520105E+000, 3.6243104E+000, 3.4346880E+000, 3.6566775E+000, 3.8542012E+000, 4.3059337E+000, 4.4392102E+000, 4.7348388E+000, 4.7933160E+000, 3.9791766E+000, 3.5190041E+000, 4.6090831E+000, 5.3675214E+000, 7.6598774E+000, 8.0406182E+000, 7.7190866E+000, 6.8573000E+004, 7.0061390E-001, 2.0861741E+001, 2.2634207E+001
 2.7601218E+002, 2.0001246E+001, 2.0004796E+001, 2.0017290E+001, 2.0054064E+001, 2.0096653E+001, 2.0161358E+001, 2.0257760E+001, 2.0472591E+001, 2.0880001E+001, 2.1787980E+001, 2.4109231E+001, 2.8812121E+001, 3.5716490E+001, 4.1331948E+001, 8.3599623E+001, 7.2263009E+001, 1.1769562E+002, 1.7219910E+002, 2.1964504E+002, 2.5402211E+002, 2.6800374E+002, 2.6550290E+002, 2.9259374E+002, 4.3143608E+000, 4.2774087E+000, 4.2399955E+000, 4.2765061E+000, 4.2956105E+000, 4.1763881E+000, 4.2792266E+000, 4.0961619E+000, 4.1647964E+000, 4.1321402E+000, 3.9094434E+000, 4.0383914E+000, 4.0437413E+000, 4.1175172E+000, 4.5293221E+000, 5.3139710E+000, 5.6932248E+000, 5.9713013E+000, 5.6348682E+000, 5.1317341E+000, 7.5660844E+000, 7.9344666E+000, 8.8281949E+000, 8.3378966E+004, 8.4835258E-001, 2.0217666E+001, 2.1248424E+001
 2.7700741E+002, 2.0001417E+001, 2.0004840E+001, 2.0019211E+001, 2.0057105E+001, 2.0092736E+001, 2.0150787E+001, 2.0251252E+001, 2.0433130E+001, 2.0811308E+001, 2.1685185E+001, 2.3557073E+001, 2.7812388E+001, 3.4712856E+001, 4.1763807E+001, 7.5909564E+001, 2.2394989E+002, 3.2420126E+002, 3.1597090E+002, 4.0716835E+002, 3.5591518E+002, 2.5299685E+002, 2.0506767E+002, 2.2147103E+002, 4.4700852E+000, 4.4958622E+000, 4.4752486E+000, 4.5482021E+000, 4.6580878E+000, 4.6701640E+000, 4.6788083E+000, 4.6112749E+000, 4.6939827E+000, 4.5865806E+000, 4.9154997E+000, 5.0240225E+000, 5.0168146E+000, 4.9618760E+000, 4.4757765E+000, 4.6951510E+000, 4.5580719E+000, 5.1351695E+000, 7.1723121E+000, 1.0168716E+001, 9.8181636E+000, 9.2208650E+000, 9.0312881E+000, 8.6894158E+004, 6.1755261E-001, 1.6659221E+001, 3.1563137E+001
 2.7800860E+002, 1.9999892E+001, 2.0004624E+001, 2.0016966E+001, 2.0059264E+001, 2.0097017E+001, 2.0147654E+001, 2.0236886E+001, 2.0400173E+001, 2.0787441E+001, 2.1591721E+001, 2.3484325E+001, 2.7720991E+001, 3.3334110E+001, 4.5541420E+001, 6.0614755E+001, 6.1894332E+001, 1.5414768E+002, 3.5839952E+002, 5.5693852E+002, 5.5521380E+002, 4.0419046E+002, 3.1488202E+002, 2.1273959E+002, 4.2563228E+000, 4.0958000E+000, 4.0878806E+000, 3.9297432E+000, 3.9421549E+000, 3.9709151E+000, 4.0411173E+000, 4.0035040E+000, 3.9535030E+000, 3.9425249E+000, 4.0320418E+000, 4.0984468E+000, 4.4388441E+000, 4.2806441E+000, 5.0818624E+000, 4.8982107E+000, 4.1239246E+000, 3.7142989E+000, 3.2709662E+000, 8.7025273E+000, 9.5753013E+000, 9.4714440E+000, 7.8563682E+000, 7.2985495E+004, 6.2726107E-001, 1.9929266E+001, 2.3489058E+001
 2.7900347E+002, 2.0001072E+001, 2.0002305E+001, 2.0016939E+001, 2.0058077E+001, 2.0103067E+001, 2.0163721E+001, 2.0257533E+001, 2.0428159E+001, 2.0802459E+001, 2.1667419E+001, 2.3734866E+001, 2.7939077E+001, 3.4501894E+001, 5.8811460E+001, 2.6063782E+002, 3.0234462E+002, 2.8023191E+002, 2.5270469E+002, 2.2805369E+002, 3.2002116E+002, 3.4666172E+002, 2.8704009E+002, 2.8542739E+002, 4.3171917E+000, 4.3714900E+000, 4.2332295E+000, 4.2647345E+000, 4.2451546E+000, 4.1477111E+000, 4.2469540E+000, 4.2776518E+000, 4.3783173E+000, 4.4335652E+000, 4.4038627E+000, 4.5514323E+000, 4.4362298E+000, 3.9183953E+000, 4.1075946E+000, 6.4896256E+000, 7.0581083E+000, 6.7590398E+000, 5.3147185E+000, 6.7491408E+000, 9.6224797E+000, 9.0512878E+000, 9.2963319E+000, 8.3880906E+004, 7.6922136E-001, 2.0205145E+001, 3.4237011E+001
 2.8000812E+002, 1.9998033E+001, 2.0002952E+001, 2.0013592E+001, 2.0054640E+001, 2.0090327E+001, 2.0156041E+001, 2.0258425E+001, 2.0435962E+001, 2.0801897E+001, 2.1605676E+001, 2.3402772E+001, 2.7207183E+001, 3.3363240E+001, 4.5541127E+001, 1.3291800E+002, 2.1956513E+002, 3.8656962E+002, 5.7363833E+002, 6.1886170E+002, 4.8443705E+002, 2.5583840E+002, 2.3475233E+002, 2.5127888E+002, 4.4635784E+000, 4.3505934E+000, 4.4433440E+000, 4.3328054E+000, 4.4264330E+000, 4.3550284E+000, 4.3188973E+000, 4.3338198E+000, 4.4032258E+000, 4.4944750E+000, 4.8304621E+000, 4.9526557E+000, 5.0426707E+000, 5.1149205E+000, 4.6934477E+000, 5.7137252E+000, 7.8704001E+000, 9.0006523E+000, 1.0795796E+001, 1.1050110E+001, 1.0446174E+001, 9.6079136E+000, 8.3088473E+000, 7.9764766E+004, 5.8313108E-001, 1.6310329E+001, 3.7309906E+001
 2.8100243E+002, 1.9997845E+001, 1.9997488E+001, 2.0011554E+001, 2.0052642E+001, 2.0092161E+001, 2.0141523E+001, 2.0231119E+001, 2.0434637E+001, 2.0821099E+001, 2.1652593E+001, 2.3544223E+001, 2.7498640E+001, 3.2983554E+001, 3.8231564E+001, 4.9219590E+001, 1.1129837E+002, 2.1764592E+002, 4.2637956E+002, 5.1248424E+002, 4.8237200E+002, 3.4288559E+002, 2.2712740E+002, 1.9874364E+002, 4.2848632E+000, 4.1935839E+000, 4.0172320E+000, 4.0356749E+000, 3.9919083E+000, 3.9455037E+000, 3.9249734E+000, 3.7863047E+000, 3.8025375E+000, 3.7303809E+000, 4.0483023E+000, 4.2579531E+000, 4.4964310E+000, 4.6994918E+000, 5.0400069E+000, 4.9792180E+000, 4.5986745E+000, 4.2036410E+000, 6.8151990E+000, 8.1951381E+000, 7.5535146E+000, 9.2804203E+000, 7.8076927E+000, 7.3920072E+004, 6.6832902E-001, 1.9721208E+001, 2.7655753E+001
 2.8200983E+002, 1.9998703E+001, 1.9999432E+001, 2.0007042E+001, 2.0042586E+001, 2.0079985E+001, 2.0154450E+001, 2.0248549E+001, 2.0410979E+001, 2.0820673E+001, 2.1753078E+001, 2.3691647E+001, 2.8008079E+001, 3.3766432E+001, 3.9348399E+001, 5.0714424E+001, 8.2228269E+001, 1.1098771E+002, 1.2238298E+002, 2.2401155E+002, 2.9844951E+002, 2.7636628E+002, 2.5793803E+002, 2.0924066E+002, 4.5052668E+000, 4.4930815E+000, 4.5607384E+000, 4.5167910E+000, 4.5600649E+000, 4.4625711E+000, 4.4736072E+000, 4.4309530E+000, 4.4858405E+000, 4.4052016E+000, 4.4406675E+000, 4.7619960E+000, 4.8477170E+000, 4.9208406E+000, 4.6640237E+000, 4.9921711E+000, 5.7914439E+000, 6.4680505E+000, 5.6943904E+000, 5.6588057E+000, 9.1691521E+000, 8.9556208E+000, 9.0343104E+000, 8.4626169E+004, 7.8247562E-001, 1.9139431E+001, 2.9729898E+001
 2.8300959E+002, 1.9997657E+001, 2.0000663E+001, 2.0010719E+001, 2.0042209E+001, 2.0083831E+001, 2.0125684E+001, 2.0228051E+001, 2.0429922E+001, 2.0795620E+001, 2.1584336E+001, 2.3598781E+001, 2.7694306E+001, 3.3570041E+001, 3.9837296E+001, 4.9584631E+001, 7.3523043E+001, 2.1154588E+002, 3.0069409E+002, 3.7243302E+002, 3.3884217E+002, 2.7914158E+002, 2.1469774E+002, 2.1226315E+002, 4.5120936E+000, 4.4943169E+000, 4.4615961E+000, 4.5541707E+000, 4.4794518E+000, 4.4988358E+000, 4.6152913E+000, 4.4414924E+000, 4.3953410E+000, 4.4872283E+000, 4.5506547E+000, 4.6841184E+000, 4.9141795E+000, 5.0507728E+000, 5.2405498E+000, 4.7400128E+000, 4.3459644E+000, 4.3829407E+000, 3.8302330E+000, 7.9053835E+000, 8.8107268E+000, 7.7578177E+000, 8.7655451E+000, 7.7486386E+004, 6.3525534E-001, 1.7804028E+001, 3.3127013E+001
 2.8400571E+002, 1.9998890E+001, 1.9999323E+001, 2.0011565E+001, 2.0047993E+001, 2.0077915E+001, 2.0130946E+001, 2.0220062E+001, 2.0370865E+001, 2.0778823E+001, 2.1684986E+001, 2.3558484E+001, 2.7462958E+001, 3.4212307E+001, 4.0318406E+001, 5.0073353E+001, 5.8393584E+001, 9.2708229E+001, 1.2280634E+002, 2.6122141E+002, 3.9548956E+002, 2.9598000E+002, 2.7647391E+002, 2.5356660E+002, 4.3020860E+000, 4.2889358E+000, 4.1857663E+000, 4.0644366E+000, 4.2726689E+000, 4.2127744E+000, 4.0259384E+000, 4.1824631E+000, 4.0617537E+000, 3.9913698E+000, 4.0642753E+000, 4.3606374E+000, 4.3692778E+000, 4.5282775E+000, 4.5579660E+000, 4.7010778E+000, 5.1097159E+000, 6.0347468E+000, 5.1001670E+000, 6.0369512E+000, 6.3622003E+000, 8.8425607E+000, 7.6761766E+000, 7.8588353E+004, 6.8464801E-001, 1.9503967E+001, 3.0723137E+001
 2.8501025E+002, 1.9998944E+001, 2.0001087E+001, 2.0011144E+001, 2.0049925E+001, 2.0087340E+001, 2.0143341E+001, 2.0224390E+001, 2.0399098E+001, 2.0750238E+001, 2.1573450E+001, 2.3631792E+001, 2.8028534E+001, 3.3883382E+001, 3.9845104E+001, 5.5150886E+001, 6.2550212E+001, 8.2225460E+001, 1.8447482E+002, 2.9295052E+002, 2.9756868E+002, 2.9263086E+002, 2.5682361E+002, 2.4487073E+002, 4.4628184E+000, 4.4574335E+000, 4.4759899E+000, 4.4901738E+000, 4.4191606E+000, 4.5331320E+000, 4.6339060E+000, 4.6691829E+000, 4.6349054E+000, 4.6881936E+000, 4.7559293E+000, 4.7649528E+000, 4.8404033E+000, 4.9402865E+000, 4.9499692E+000, 5.2378396E+000, 5.1024332E+000, 5.8424874E+000, 7.4248745E+000, 9.1820401E+000, 9.7866696E+000, 8.2317884E+000, 9.1431075E+000, 8.4840151E+004, 7.4155973E-001, 1.9287114E+001, 3.0883604E+001
 2.8601582E+002, 1.9998722E+001, 2.0002567E+001, 2.0012580E+001, 2.0049541E+001, 2.0089794E+001, 2.0145452E+001, 2.0240743E+001, 2.0404618E+001, 2.0741096E+001, 2.1552580E+001, 2.3236064E+001, 2.7144997E+001, 3.3499740E+001, 3.9676385E+001, 5.0554890E+001, 1.6140283E+002, 2.3451315E+002, 2.5023314E+002, 3.3949214E+002, 3.7207991E+002, 2.8300522E+002, 2.5207690E+002, 2.4247529E+002, 4.5163058E+000, 4.3878513E+000, 4.4713659E+000, 4.5750200E+000, 4.5532285E+000, 4.5275631E+000, 4.5494095E+000, 4.5910094E+000, 4.7701116E+000, 4.8644475E+000, 4.9193888E+000, 5.1892507E+000, 5.2947662E+000, 5.2671789E+000, 5.1324856E+000, 4.8961801E+000, 5.0275898E+000, 5.1906965E+000, 6.9686129E+000, 9.9973384E+000, 8.2281377E+000, 9.1055289E+000, 9.3360819E+000, 7.8387198E+004, 6.3282722E-001, 1.7676475E+001, 2.4802708E+001
 2.8700424E+002, 2.0001361E+001, 2.0001348E+001, 2.0016372E+001, 2.0048179E+001, 2.0078962E+001, 2.0143558E+001, 2.0232095E+001, 2.0404322E+001, 2.0787284E+001, 2.1556013E+001, 2.3334930E+001, 2.7328870E+001, 3.2420381E+001, 3.7960229E+001, 5.7898923E+001, 1.2512803E+002, 1.6987186E+002, 1.9994571E+002, 2.6113880E+002, 3.7143910E+002, 3.7694389E+002, 3.0636590E+002, 2.3543022E+002, 4.2716531E+000, 4.2448382E+000, 4.1370918E+000, 4.1121255E+000, 4.2225108E+000, 4.1637234E+000, 4.1465064E+000, 4.1070916E+000, 4.0438010E+000, 4.1825987E+000, 4.5130216E+000, 4.6008996E+000, 4.6442274E+000, 4.5733051E+000, 4.7614846E+000, 4.4661687E+000, 4.6782523E+000, 5.1912041E+000, 5.1594176E+000, 6.5728449E+000, 9.3440209E+000, 8.4703129E+000, 7.0922476E+000, 7.2305563E+004, 6.5753069E-001, 1.8326023E+001, 2.1643308E+001
 2.8800343E+002, 1.9999750E+001, 2.0004793E+001, 2.0014165E+001, 2.0058074E+001, 2.0092448E+001, 2.0135206E+001, 2.0227899E+001, 2.0414681E+001, 2.0781524E+001, 2.1632781E+001, 2.3586742E+001, 2.7527816E+001, 3.3328534E+001, 3.8296506E+001, 9.6482387E+001, 1.7155683E+002, 2.2114066E+002, 2.9869277E+002, 3.4624606E+002, 3.4889965E+002, 3.0953032E+002, 2.5115018E+002, 2.7217258E+002, 4.4226185E+000, 4.3916972E+000, 4.3834433E+000, 4.2514571E+000, 4.2900692E+000, 4.3873354E+000, 4.3810114E+000, 4.3652202E+000, 4.4297340E+000, 4.3080446E+000, 4.4652409E+000, 4.7221427E+000, 4.9808826E+000, 4.8995707E+000, 4.5527269E+000, 5.3167758E+000, 5.4921499E+000, 6.6930815E+000, 8.1511287E+000, 8.1325773E+000, 9.2146223E+000, 7.6179797E+000, 8.1004378E+000, 8.5547768E+004, 7.1234060E-001, 1.7962507E+001, 2.5798774E+001
 2.8901351E+002, 1.9997335E+001, 2.0003347E+001, 2.0018063E+001, 2.0054901E+001, 2.0097385E+001, 2.0156464E+001, 2.0240206E+001, 2.0385239E+001, 2.0756895E+001, 2.1545887E+001, 2.3333826E+001, 2.7431050E+001, 3.3298789E+001, 3.8830551E+001, 5.0851191E+001, 7.8860775E+001, 1.3107891E+002, 2.2331530E+002, 2.8240513E+002, 3.8422064E+002, 3.6407784E+002, 2.3552488E+002, 2.3015595E+002, 4.6727312E+000, 4.6047051E+000, 4.5583426E+000, 4.5935832E+000, 4.4818140E+000, 4.4810076E+000, 4.6316623E+000, 4.7171051E+000, 4.7755872E+000, 4.8535907E+000, 5.0263620E+000, 5.1469353E+000, 5.3369706E+000, 5.4561922E+000, 5.6042844E+000, 5.6861443E+000, 5.0674047E+000, 5.4918643E+000, 6.1984783E+000, 9.0815903E+000, 1.0319528E+001, 8.8515717E+000, 8.5115689E+000, 8.3225169E+004, 6.4448857E-001, 1.7266275E+001, 3.2149798E+001
 2.9001412E+002, 1.9995920E+001, 1.9999517E+001, 2.0016401E+001, 2.0056322E+001, 2.0091803E+001, 2.0152600E+001, 2.0252549E+001, 2.0426061E+001, 2.0761529E+001, 2.1505867E+001, 2.3475397E+001, 2.7153120E+001, 3.2950912E+001, 3.8893255E+001, 4.8090299E+001, 5.5979103E+001, 7.1427649E+001, 2.0841976E+002, 3.0990903E+002, 4.0502935E+002, 3.6479643E+002, 3.2976990E+002, 2.0274674E+002, 4.4340547E+000, 4.3881314E+000, 4.2312759E+000, 4.1649419E+000, 4.1964300E+000, 4.0397584E+000, 3.9346530E+000, 3.9743692E+000, 4.1150561E+000, 4.2073675E+000, 4.3593651E+000, 4.4619138E+000, 4.7583296E+000, 4.7416974E+000, 4.8416519E+000, 4.9096059E+000, 4.9723656E+000, 3.3704413E+000, 2.7681641E+000, 3.2972434E+000, 8.4795498E+000, 8.6034011E+000, 6.7865053E+000, 7.0665470E+004, 6.3937209E-001, 1.8332153E+001, 2.8971882E+001
 2.9100791E+002, 1.9996217E+001, 1.9996912E+001, 2.0011372E+001, 2.0057825E+001, 2.0097584E+001, 2.0152673E+001, 2.0250170E+001, 2.0443846E+001, 2.0827398E+001, 2.1702814E+001, 2.3505277E+001, 2.7654547E+001, 3.3812253E+001, 3.9259953E+001, 5.2899701E+001, 8.1131962E+001, 1.0202660E+002, 1.6019633E+002, 2.1718355E+002, 2.7829416E+002, 3.0307422E+002, 2.6927100E+002, 2.7608538E+002, 4.3748087E+000, 4.3731373E+000, 4.3367503E+000, 4.1171727E+000, 4.1016043E+000, 4.1641819E+000, 4.1249174E+000, 3.8602345E+000, 3.9528710E+000, 3.9487106E+000, 4.2868954E+000, 4.4988134E+000, 4.4512658E+000, 4.5168503E+000, 4.6383268E+000, 4.8445215E+000, 5.3066446E+000, 5.3989021E+000, 5.4926204E+000, 7.1905741E+000, 7.5370513E+000, 7.7319953E+000, 8.1248798E+000, 8.2305995E+004, 7.1145818E-001, 1.8586418E+001, 2.9671064E+001
 2.9200508E+002, 2.0000363E+001, 1.9997284E+001, 2.0007856E+001, 2.0048833E+001, 2.0091406E+001, 2.0154169E+001, 2.0244376E+001, 2.0412386E+001, 2.0811308E+001, 2.1673933E+001, 2.3569416E+001, 2.7558257E+001, 3.3318264E+001, 3.9269297E+001, 5.0490805E+001, 8.9838485E+001, 2.7796776E+002, 4.5498488E+002, 5.0450975E+002, 4.1621298E+002, 3.1276832E+002, 2.4130644E+002, 2.2568414E+002, 4.5123863E+000, 4.5779201E+000, 4.6561594E+000, 4.6738798E+000, 4.6004425E+000, 4.4751893E+000, 4.5768558E+000, 4.5804941E+000, 4.5533640E+000, 4.4925502E+000, 4.6685446E+000, 4.9188351E+000, 5.2453762E+000, 5.1731858E+000, 5.0995588E+000, 5.4039870E+000, 5.3251651E+000, 6.2103157E+000, 8.6646737E+000, 9.9760130E+000, 1.0662571E+001, 8.5242408E+000, 8.6315266E+000, 8.9615679E+004, 6.3063331E-001, 1.6672687E+001, 3.7928738E+001
 2.9301182E+002, 1.9999788E+001, 2.0003028E+001, 2.0006405E+001, 2.0041019E+001, 2.0076977E+001, 2.0133617E+001, 2.0231783E+001, 2.0406904E+001, 2.0754317E+001, 2.1572441E+001, 2.3506436E+001, 2.7355725E+001, 3.2892407E+001, 3.8753838E+001, 4.8634030E+001, 6.3134484E+001, 1.3366507E+002, 2.1361854E+002, 4.1435537E+002, 4.7487605E+002, 3.1587899E+002, 2.9611098E+002, 2.3349564E+002, 4.3761885E+000, 4.2777063E+000, 4.3873345E+000, 4.3513848E+000, 4.4004655E+000, 4.2869701E+000, 4.2512664E+000, 4.1013198E+000, 4.1616941E+000, 4.1435595E+000, 4.2931394E+000, 4.4187048E+000, 4.6282498E+000, 4.7686838E+000, 5.0103620E+000, 4.6360814E+000, 4.2739043E+000, 4.9623843E+000, 4.7066849E+000, 7.3237901E+000, 8.6330251E+000, 8.5911900E+000, 7.7392764E+000, 7.2395468E+004, 5.5730743E-001, 1.7123834E+001, 3.0553234E+001
 2.9400096E+002, 1.9996143E+001, 2.0003228E+001, 2.0013808E+001, 2.0038180E+001, 2.0070751E+001, 2.0129541E+001, 2.0220615E+001, 2.0404583E+001, 2.0817494E+001, 2.1662432E+001, 2.3598199E+001, 2.7800172E+001, 3.3568705E+001, 3.8431408E+001, 4.8638021E+001, 7.3059675E+001, 1.8431106E+002, 2.7406077E+002, 3.4922447E+002, 3.7677497E+002, 2.9559471E+002, 2.0129157E+002, 2.5747041E+002, 4.3531825E+000, 4.2273900E+000, 4.1552867E+000, 4.2305581E+000, 4.2932266E+000, 4.2059998E+000, 4.1711980E+000, 4.0967067E+000, 3.9587867E+000, 3.9429458E+000, 4.0263724E+000, 4.1774881E+000, 4.3101238E+000, 4.2432890E+000, 4.3853476E+000, 4.3620184E+000, 4.7137992E+000, 5.3276189E+000, 4.9119420E+000, 4.8493232E+000, 6.7235059E+000, 7.2173252E+000, 7.4077614E+000, 7.4837839E+004, 7.2977432E-001, 1.8645140E+001, 2.9259519E+001
 2.9500161E+002, 1.9998586E+001, 1.9997511E+001, 2.0015645E+001, 2.0051158E+001, 2.0079782E+001, 2.0124746E+001, 2.0215894E+001, 2.0391626E+001, 2.0783866E+001, 2.1670332E+001, 2.3743404E+001, 2.7960414E+001, 3.3923167E+001, 4.0046435E+001, 5.0774534E+001, 9.9402089E+001, 2.4208044E+002, 3.9628684E+002, 4.6384939E+002, 4.0437217E+002, 2.6142321E+002, 2.0416804E+002, 1.8847378E+002, 4.5245241E+000, 4.5418325E+000, 4.3817136E+000, 4.4562361E+000, 4.5541423E+000, 4.6316657E+000, 4.6335131E+000, 4.5876531E+000, 4.5998893E+000, 4.5582349E+000, 4.6514195E+000, 4.7146076E+000, 4.8234909E+000, 4.9012450E+000, 4.8268392E+000, 4.7373428E+000, 5.2190275E+000, 7.4864557E+000, 1.0333696E+001, 1.0910473E+001, 8.3617030E+000, 8.1912763E+000, 8.6052625E+000, 9.1740609E+004, 6.5548503E-001, 1.7276688E+001, 3.9877602E+001
 2.9600123E+002, 2.0000570E+001, 2.0001068E+001, 2.0007877E+001, 2.0052518E+001, 2.0091591E+001, 2.0139461E+001, 2.0214975E+001, 2.0363327E+001, 2.0727704E+001, 2.1543622E+001, 2.3464564E+001, 2.7674269E+001, 3.3898057E+001, 3.9459553E+001, 4.9955722E+001, 5.9791361E+001, 1.2140419E+002, 2.6195953E+002, 3.5481929E+002, 4.0195284E+002, 3.5907785E+002, 2.4832035E+002, 1.8243910E+002, 4.3276176E+000, 4.4068655E+000, 4.4180691E+000, 4.3097064E+000, 4.3262092E+000, 4.3017804E+000, 4.4799366E+000, 4.4963034E+000, 4.5128039E+000, 4.4164385E+000, 4.6233828E+000, 4.7563634E+000, 4.8819317E+000, 5.0162445E+000, 5.1128713E+000, 5.0849594E+000, 4.5155810E+000, 5.2145003E+000, 5.7933791E+000, 7.5838591E+000, 9.9801885E+000, 8.5012690E+000, 6.9410604E+000, 7.8064912E+004, 5.9756175E-001, 1.7686909E+001, 3.5149682E+001
 2.9700075E+002, 1.9999666E+001, 2.0003370E+001, 2.0012610E+001, 2.0043312E+001, 2.0084803E+001, 2.0152835E+001, 2.0246990E+001, 2.0402529E+001, 2.0755050E+001, 2.1568739E+001, 2.3516687E+001, 2.8160406E+001, 3.4360588E+001, 4.0519038E+001, 5.1957077E+001, 6.0026151E+001, 8.6105971E+001, 1.7341293E+002, 2.2119061E+002, 3.4396541E+002, 2.8388588E+002, 2.2941523E+002, 2.2400932E+002, 4.3206944E+000, 4.0527869E+000, 4.1797629E+000, 4.1158646E+000, 4.0321868E+000, 3.9606250E+000, 3.9072899E+000, 3.9131966E+000, 4.1221842E+000, 4.1418990E+000, 4.1268555E+000, 4.2211266E+000, 4.3276294E+000, 4.4078211E+000, 4.5917922E+000, 4.6733645E+000, 4.6903578E+000, 4.9163701E+000, 4.2511959E+000, 4.3857047E+000, 6.4796868E+000, 6.4333957E+000, 7.8385414E+000, 7.3543238E+004, 7.1071941E-001, 1.9829473E+001, 2.5904768E+001
 2.9801308E+002, 1.9998906E+001, 2.0002526E+001, 2.0016351E+001, 2.0051840E+001, 2.0085117E+001, 2.0139916E+001, 2.0244102E+001, 2.0444592E+001, 2.0830835E+001, 2.1659747E+001, 2.3562020E+001, 2.7805201E+001, 3.4525226E+001, 4.1410449E+001, 5.4799982E+001, 6.6182792E+001, 1.1492978E+002, 2.4801367E+002, 3.4594772E+002, 3.2727776E+002, 3.0295773E+002, 2.4194852E+002, 2.1998002E+002, 4.5173260E+000, 4.5337856E+000, 4.3540845E+000, 4.4685277E+000, 4.4922479E+000, 4.4655527E+000, 4.4811720E+000, 4.3795251E+000, 4.3832091E+000, 4.5572649E+000, 4.7858990E+000, 4.9316347E+000, 4.9939562E+000, 4.9262331E+000, 4.9606419E+000, 5.1797701E+000, 5.2066195E+000, 6.0358100E+000, 8.9976012E+000, 1.0112440E+001, 9.5128259E+000, 9.1124824E+000, 8.1360314E+000, 8.7549988E+004, 7.5342608E-001, 1.9004377E+001, 3.1512422E+001
 2.9900423E+002, 1.9999682E+001, 2.0001000E+001, 2.0014550E+001, 2.0055863E+001, 2.0091836E+001, 2.0146041E+001, 2.0229509E+001, 2.0399540E+001, 2.0788572E+001, 2.1685031E+001, 2.3562716E+001, 2.7573516E+001, 3.3508441E+001, 3.9311973E+001, 5.3509909E+001, 1.1997265E+002, 2.0175078E+002, 3.2310934E+002, 4.4178219E+002, 4.4482667E+002, 3.3501971E+002, 2.6023849E+002, 2.3825722E+002, 4.4675857E+000, 4.5598527E+000, 4.5072775E+000, 4.3485542E+000, 4.5257280E+000, 4.4723674E+000, 4.5202253E+000, 4.5340325E+000, 4.4945719E+000, 4.4387904E+000, 4.6139953E+000, 5.0101119E+000, 5.2153650E+000, 5.3911978E+000, 5.0823707E+000, 5.3363277E+000, 5.7961110E+000, 6.1734960E+000, 8.1831874E+000, 1.0142744E+001, 9.8906350E+000, 9.4158797E+000, 8.8955505E+000, 7.9865129E+004, 6.3812196E-001, 1.8396604E+001, 2.9947748E+001
 3.0000000E+002, 2.0000242E+001, 2.0002003E+001, 2.0011727E+001, 2.0054665E+001, 2.0099128E+001, 2.0152892E+001, 2.0244711E+001, 2.0425129E+001, 2.0795640E+001, 2.1631754E+001, 2.3644090E+001, 2.8389300E+001, 3.4335156E+001, 4.0010291E+001, 5.0603673E+001, 8.9160268E+001, 1.5003116E+002, 1.6931153E+002, 2.9612780E+002, 4.4309268E+002, 3.1114777E+002, 2.8328836E+002, 2.2701413E+002, 4.2351027E+000, 4.1724832E+000, 4.1758359E+000, 4.0663171E+000, 3.8928590E+000, 3.9777432E+000, 3.9522833E+000, 3.9402920E+000, 3.9887614E+000, 4.0488299E+000, 4.0817867E+000, 4.1402573E+000, 4.2990952E+000, 4.5590171E+000, 4.7396445E+000, 4.8164455E+000, 4.8022725E+000, 6.0134120E+000, 5.2072736E+000, 4.1936719E+000, 7.7812859E+000, 7.7971122E+000, 7.1095724E+000, 7.0723092E+004, 7.3138698E-001, 1.9829083E+001, 1.9411945E+001
