s,C,C,C,C,C,C,C,C,C,C,C,C,C,C,C,C,C,C,C,C,C,C,C,m/s,m/s,m/s,m/s,m/s,m/s,m/s,m/s,m/s,m/s,m/s,m/s,m/s,m/s,m/s,m/s,m/s,m/s,m/s,m/s,m/s,m/s,m/s,kW,kW/m2,kW/m2,kW/m2
Time,"T_1500","T_2000","T_2500","T_3000","T_3250","T_3500","T_3750","T_4000","T_4250","T_4500","T_4750","T_5000","T_5250","T_5500","T_5750","T_6000","T_6250","T_6500","T_6750","T_7000","T_7500","T_8000","T_8500","U_1500","U_2000","U_2500","U_3000","U_3250","U_3500","U_3750","U_4000","U_4250","U_4500","U_4750","U_5000","U_5250","U_5500","U_5750","U_6000","U_6250","U_6500","U_6750","U_7000","U_7500","U_8000","U_8500","HRR_tot","Qw_4000","Qw_5000","Qw_6000"
 0.0000000E+000, 2.0000000E+001, 2.0000000E+001, 2.0000000E+001, 2.0000000E+001, 2.0000000E+001, 2.0000000E+001, 2.0000000E+001, 2.0000000E+001, 2.0000000E+001, 2.0000000E+001, 2.0000000E+001, 2.0000000E+001, 2.0000000E+001, 2.0000000E+001, 2.0000000E+001, 2.0000000E+001, 2.0000000E+001, 2.0000000E+001, 2.0000000E+001, 2.0000000E+001, 2.0000000E+001, 2.0000000E+001, 2.0000000E+001, 4.3453394E-003,-1.0183607E-002,-3.2076347E-003,-3.8646752E-003, 3.6906797E-003, 4.6538864E-003,-4.4241288E-003, 7.6502705E-003, 6.3414858E-003, 5.8001672E-003,-7.5055279E-004, 5.3704411E-004, 1.2801132E-003, 0.0000000E+000, 4.7951269E-003,-3.7035184E-003,-1.9765180E-003,-8.6763799E-004, 7.2185776E-003, 1.2851740E-002,-3.8971496E-003, 1.4505965E-003, 7.6829723E-003, 0.0000000E+000,-1.2741807E-003,-1.2290226E-003,-1.2655869E-003
 1.0710652E+000, 2.0000001E+001, 1.9999980E+001, 1.9999978E+001, 1.9999977E+001, 1.9999977E+001, 1.9999982E+001, 1.9999977E+001, 1.9999974E+001, 1.9999974E+001, 1.9999998E+001, 1.9999955E+001, 1.9999956E+001, 1.9999954E+001, 1.9999939E+001, 1.9999961E+001, 1.9999973E+001, 1.9999944E+001, 1.9999972E+001, 1.9999960E+001, 1.9999980E+001, 1.9999957E+001, 1.9999963E+001, 1.9999975E+001, 6.1427779E-003,-1.0043879E-002,-3.0851839E-003,-3.7871903E-003, 3.6131145E-003, 4.5371701E-003,-5.1153068E-003, 6.3281139E-003, 3.6961228E-003, 1.7106431E-003,-1.4075792E-002,-4.7018317E-004, 1.2309765E-002, 8.7845689E-003, 7.2324946E-003,-2.4027776E-003,-1.3970562E-003,-8.0810966E-004, 7.1864364E-003, 1.2798250E-002,-3.8261682E-003, 1.4196430E-003, 7.7216433E-003, 1.6183013E+003,-1.7473995E-004,-1.6778334E-004,-1.6803198E-004
 2.0452636E+000, 2.0000023E+001, 1.9999961E+001, 1.9999946E+001, 1.9999943E+001, 1.9999941E+001, 1.9999960E+001, 1.9999942E+001, 1.9999937E+001, 1.9999935E+001, 2.0000007E+001, 1.9999853E+001, 1.9999823E+001, 1.9999836E+001, 1.9999826E+001, 1.9999900E+001, 1.9999934E+001, 1.9999845E+001, 1.9999928E+001, 1.9999887E+001, 1.9999951E+001, 1.9999879E+001, 1.9999902E+001, 1.9999934E+001, 3.6781685E-002,-5.7477320E-003,-2.0034256E-003,-4.2592632E-003, 2.2254119E-003, 1.8028257E-003,-1.5886275E-002,-8.7316175E-003,-1.7278389E-002,-2.4940121E-002,-4.1496028E-002,-9.0838123E-004, 3.9947574E-002, 3.7552974E-002, 2.6744774E-002, 1.1652924E-002, 8.2771887E-003, 1.7662917E-003, 8.3913816E-003, 1.3336089E-002,-3.6650312E-003, 1.3819767E-003, 7.7800737E-003, 5.3647686E+003,-1.0458281E-004, 1.0953445E-003,-1.0002212E-004
 3.0224118E+000, 2.0000028E+001, 1.9999995E+001, 1.9999951E+001, 1.9999941E+001, 1.9999935E+001, 1.9999968E+001, 2.0000172E+001, 2.0000253E+001, 2.0000755E+001, 2.0002979E+001, 2.0115326E+001, 2.0143667E+001, 2.0093460E+001, 2.0064386E+001, 2.0005136E+001, 2.0001688E+001, 2.0000272E+001, 1.9999919E+001, 1.9999844E+001, 1.9999944E+001, 1.9999832E+001, 1.9999875E+001, 1.9999914E+001, 2.6501824E-001, 1.1369412E-001, 7.1456216E-002, 3.2038451E-003,-4.0044069E-003,-1.6210928E-002,-6.1348673E-002,-6.2536460E-002,-8.1462551E-002,-1.1093123E-001,-1.3491962E-001,-1.2580001E-003, 1.3329463E-001, 1.2899478E-001, 9.0833862E-002, 6.7581710E-002, 5.9018981E-002, 3.4666498E-002, 3.5588566E-002, 3.5541157E-002, 5.6121725E-003, 6.7171341E-003, 9.3669781E-003, 8.6594966E+003, 2.3226379E-002, 3.5257742E+000, 7.8842194E-002
 4.0034819E+000, 1.9999964E+001, 2.0000033E+001, 2.0000106E+001, 2.0001917E+001, 2.0002861E+001, 2.0003416E+001, 2.0009246E+001, 2.0026519E+001, 2.0080361E+001, 2.0187137E+001, 2.0831170E+001, 2.1117982E+001, 2.0783157E+001, 2.0414606E+001, 2.0115933E+001, 2.0038100E+001, 2.0010934E+001, 2.0003384E+001, 2.0002707E+001, 2.0001769E+001, 1.9999920E+001, 1.9999915E+001, 1.9999916E+001, 6.5386621E-001, 5.2112715E-001, 4.6674656E-001, 3.4328649E-001, 3.2063552E-001, 2.9285632E-001, 1.9711792E-001, 1.7523425E-001, 1.1312118E-001,-6.4164098E-002,-3.3586886E-001, 3.0585980E-001, 7.5380322E-001, 6.6418475E-001, 4.7191454E-001, 4.0971963E-001, 3.9097669E-001, 3.4084114E-001, 3.3361050E-001, 3.2346427E-001, 2.5967565E-001, 2.4473268E-001, 2.1767764E-001, 1.2460023E+004, 2.5945445E-001, 1.0952496E+001, 2.3414879E-001
 5.0010686E+000, 2.0000033E+001, 2.0000063E+001, 2.0000795E+001, 2.0005494E+001, 2.0010023E+001, 2.0014912E+001, 2.0024089E+001, 2.0065163E+001, 2.0212323E+001, 2.0538262E+001, 9.4527295E+001, 2.0691002E+002, 2.5133399E+002, 9.1408044E+001, 2.0578226E+001, 2.0170593E+001, 2.0051132E+001, 2.0021233E+001, 2.0012634E+001, 2.0007792E+001, 2.0001198E+001, 2.0000170E+001, 1.9999917E+001, 1.1765736E+000, 1.2055927E+000, 1.2192133E+000, 1.2508489E+000, 1.2555244E+000, 1.2633356E+000, 1.2720299E+000, 1.2765959E+000, 1.2234928E+000, 8.7232743E-001,-1.9525019E+000, 1.8219984E-001, 3.6655241E+000, 5.3212319E+000, 2.6136011E+000, 2.1284036E+000, 2.0512655E+000, 2.0493549E+000, 2.0492838E+000, 2.0519701E+000, 2.0670110E+000, 2.0705904E+000, 2.0853286E+000, 1.6389786E+004, 2.1793535E-001, 2.1258577E+001, 3.2790405E-001
 6.0042327E+000, 2.0000038E+001, 2.0000071E+001, 2.0000917E+001, 2.0005805E+001, 2.0012119E+001, 2.0020604E+001, 2.0032526E+001, 2.0076390E+001, 2.0250684E+001, 2.0700475E+001, 1.6064120E+002, 1.2338601E+002, 3.1236568E+002, 4.6414092E+002, 2.4524569E+002, 1.1194356E+002, 2.0276623E+001, 2.0071326E+001, 2.0031197E+001, 2.0017901E+001, 2.0004804E+001, 2.0000601E+001, 2.0000028E+001, 1.2971070E+000, 1.2794802E+000, 1.2625173E+000, 1.2399299E+000, 1.2324857E+000, 1.2293815E+000, 1.2117731E+000, 1.1953924E+000, 1.1576157E+000, 9.0502374E-001,-1.5790607E+000,-2.1038300E+000,-5.6209849E-001, 8.9303572E+000, 9.4587968E+000, 5.9866212E+000, 2.0193418E+000, 1.7884432E+000, 1.7617421E+000, 1.7478872E+000, 1.7378534E+000, 1.7326473E+000, 1.7279546E+000, 1.6398120E+004, 2.6525594E-001, 1.3537432E+001, 2.9163687E+000
 7.0015529E+000, 2.0000127E+001, 2.0000182E+001, 2.0001427E+001, 2.0008515E+001, 2.0018100E+001, 2.0031501E+001, 2.0054247E+001, 2.0120130E+001, 2.0367426E+001, 2.1010496E+001, 9.9403896E+001, 1.2603609E+002, 3.7179067E+002, 2.5462552E+002, 1.3653767E+002, 1.6843566E+002, 1.2240061E+002, 3.7496304E+001, 2.0137635E+001, 2.0034425E+001, 2.0009431E+001, 2.0001376E+001, 2.0000181E+001, 1.5038781E+000, 1.4607663E+000, 1.4417066E+000, 1.4028628E+000, 1.3947889E+000, 1.3805952E+000, 1.3566188E+000, 1.3326073E+000, 1.2903859E+000, 1.0174773E+000, 1.4273688E-001,-3.7863485E+000,-1.7191063E+000, 7.4234776E+000, 6.4256831E+000, 7.0603183E+000, 7.2070004E+000, 2.8368982E+000, 2.1291427E+000, 2.0928632E+000, 2.0591317E+000, 2.0460662E+000, 2.0275808E+000, 2.3790029E+004, 4.4295360E-001, 1.9882161E+001, 4.3925059E+000
 8.0025619E+000, 2.0000148E+001, 2.0000199E+001, 2.0001658E+001, 2.0009973E+001, 2.0021942E+001, 2.0042856E+001, 2.0075156E+001, 2.0151825E+001, 2.0393399E+001, 2.1196152E+001, 1.4888447E+002, 1.8177783E+002, 3.3476047E+002, 5.4135495E+002, 4.2293644E+002, 2.2245140E+002, 9.1779081E+001, 1.0762488E+002, 6.6441037E+001, 3.0092447E+001, 2.0027127E+001, 2.0005784E+001, 2.0000901E+001, 1.8343120E+000, 1.8471616E+000, 1.8497180E+000, 1.8607238E+000, 1.8632034E+000, 1.8674232E+000, 1.8715684E+000, 1.8619394E+000, 1.8138915E+000, 1.5591688E+000,-1.2184906E+000,-3.8664120E+000,-5.3367372E+000, 4.1064322E+000, 1.0825026E+001, 7.8851214E+000, 5.9022823E+000, 6.3508008E+000, 4.7062207E+000, 3.2367497E+000, 2.7615018E+000, 2.7474744E+000, 2.7535371E+000, 2.2754291E+004, 3.4782554E-001, 1.5998745E+001, 7.1860426E+000
 9.0059626E+000, 2.0000162E+001, 2.0000310E+001, 2.0001873E+001, 2.0012145E+001, 2.0025623E+001, 2.0048585E+001, 2.0087709E+001, 2.0165050E+001, 2.0412271E+001, 2.9511630E+001, 1.5875146E+002, 1.9904128E+002, 2.1038142E+002, 3.5773620E+002, 2.9133730E+002, 2.7044643E+002, 2.5166581E+002, 1.8887298E+002, 1.1481240E+002, 8.4545181E+001, 2.1955058E+001, 2.0013601E+001, 2.0002097E+001, 1.9205120E+000, 1.8585267E+000, 1.8390789E+000, 1.7831993E+000, 1.7662076E+000, 1.7539820E+000, 1.7069394E+000, 1.6750150E+000, 1.5907887E+000, 1.0052580E+000,-2.9264147E+000,-3.2124789E+000,-4.9930602E+000,-8.0575856E-001, 6.6646425E+000, 8.4362849E+000, 7.7613009E+000, 7.1156875E+000, 5.8507008E+000, 4.3633594E+000, 2.7119807E+000, 2.3422815E+000, 2.3138920E+000, 2.6274409E+004, 4.2001577E-001, 1.6291600E+001, 8.3657776E+000
 1.0003204E+001, 2.0000252E+001, 2.0000389E+001, 2.0001894E+001, 2.0012652E+001, 2.0028236E+001, 2.0055496E+001, 2.0098056E+001, 2.0178544E+001, 2.0376544E+001, 2.3006993E+001, 1.4882856E+002, 1.2652116E+002, 1.3476907E+002, 2.9602414E+002, 4.2246392E+002, 2.6529448E+002, 1.8807313E+002, 1.5913431E+002, 1.6044310E+002, 1.8597615E+002, 1.3312162E+002, 3.0786681E+001, 2.0010716E+001, 2.3175520E+000, 2.3590694E+000, 2.3730360E+000, 2.3985601E+000, 2.4094360E+000, 2.4142921E+000, 2.4284622E+000, 2.4256650E+000, 2.3741468E+000, 1.8691395E+000,-1.6362055E+000,-2.4712514E+000,-9.6724525E-001,-8.7921335E-001, 3.3470136E+000, 7.1832594E+000, 7.1974197E+000, 8.0403745E+000, 8.4371690E+000, 8.7747641E+000, 6.3519111E+000, 4.1648446E+000, 3.6178664E+000, 2.8854471E+004, 3.5761405E-001, 1.3104024E+001, 1.1059662E+001
 1.1000501E+001, 2.0000381E+001, 2.0000365E+001, 2.0002111E+001, 2.0013987E+001, 2.0030140E+001, 2.0057447E+001, 2.0101712E+001, 2.0179392E+001, 2.0391596E+001, 3.7024561E+001, 1.3947952E+002, 1.2842597E+002, 1.4837936E+002, 2.9517139E+002, 2.6976701E+002, 2.3102978E+002, 3.0093215E+002, 3.0452870E+002, 2.3293686E+002, 1.5356445E+002, 1.6795187E+002, 1.3831675E+002, 2.8947211E+001, 2.1819310E+000, 2.1138395E+000, 2.0834739E+000, 2.0178053E+000, 1.9954193E+000, 1.9770579E+000, 1.9182725E+000, 1.9286520E+000, 1.8698378E+000, 2.0529287E-001,-1.9065663E+000,-1.4055008E+000,-1.5744605E+000,-3.6918580E+000,-2.8122397E+000, 5.0388626E+000, 8.2367486E+000, 7.9658586E+000, 7.3807652E+000, 6.1083563E+000, 6.3140844E+000, 5.8545012E+000, 3.0624992E+000, 2.7178300E+004, 3.9438261E-001, 1.3290999E+001, 7.6283734E+000
 1.2002076E+001, 2.0000144E+001, 2.0000469E+001, 2.0002361E+001, 2.0014681E+001, 2.0032953E+001, 2.0063417E+001, 2.0106993E+001, 2.0179306E+001, 2.0345250E+001, 2.4792144E+001, 1.3197729E+002, 1.2462321E+002, 1.8899792E+002, 2.5423533E+002, 2.3935761E+002, 2.9685195E+002, 2.6756981E+002, 1.4690397E+002, 1.7873257E+002, 2.2761814E+002, 2.2559919E+002, 1.4472821E+002, 1.5573954E+002, 2.4128572E+000, 2.4564357E+000, 2.4848225E+000, 2.5352695E+000, 2.5457881E+000, 2.5498750E+000, 2.6065669E+000, 2.6255014E+000, 2.4330920E+000, 1.3145504E+000, 1.1668541E-001,-8.4280511E-002,-3.2866995E-001,-2.8901929E+000, 2.2193753E-001, 1.5144816E+000, 5.4109191E+000, 6.6760409E+000, 7.9042414E+000, 8.3932025E+000, 8.1806898E+000, 7.6962452E+000, 7.9097982E+000, 3.3755322E+004, 3.4216916E-001, 1.1009435E+001, 2.2815622E+001
 1.3007950E+001, 2.0000250E+001, 2.0000591E+001, 2.0002182E+001, 2.0014299E+001, 2.0031089E+001, 2.0061561E+001, 2.0109204E+001, 2.0185684E+001, 2.0371448E+001, 3.0372101E+001, 1.2933910E+002, 1.7423663E+002, 1.9418037E+002, 2.2661607E+002, 3.0050720E+002, 3.6603724E+002, 4.2965387E+002, 3.8517445E+002, 2.4905174E+002, 1.6892271E+002, 1.9215436E+002, 2.1591860E+002, 1.3915773E+002, 2.1150119E+000, 2.0189455E+000, 1.9911969E+000, 1.9188747E+000, 1.8933585E+000, 1.9099909E+000, 1.8610472E+000, 1.7360393E+000, 1.6281299E+000, 3.3009716E-001,-5.9997088E-001,-1.7510922E+000,-2.0915303E+000,-1.6810034E+000,-2.6258833E+000,-2.4208806E+000, 4.8198654E+000, 7.5471248E+000, 6.8961084E+000, 5.8553253E+000, 5.8617301E+000, 6.3660589E+000, 5.8290162E+000, 3.0874572E+004, 3.5928501E-001, 1.1939879E+001, 1.5923609E+001
 1.4007650E+001, 2.0000262E+001, 2.0000393E+001, 2.0002227E+001, 2.0013890E+001, 2.0031213E+001, 2.0061881E+001, 2.0110466E+001, 2.0195269E+001, 2.0369921E+001, 2.2086449E+001, 1.3903041E+002, 2.0214102E+002, 2.0592318E+002, 2.2057132E+002, 2.4277460E+002, 3.1285863E+002, 3.6169090E+002, 1.8344784E+002, 2.3712736E+002, 2.7186936E+002, 2.2925817E+002, 1.6544464E+002, 1.8979292E+002, 2.3347350E+000, 2.3358167E+000, 2.3480891E+000, 2.3770259E+000, 2.4228896E+000, 2.4410017E+000, 2.3901182E+000, 2.3740797E+000, 2.3810244E+000, 1.6510728E+000,-4.2037853E-002,-8.7752591E-001,-1.3212356E+000,-1.2909191E+000, 5.3713502E-001, 1.8725792E+000, 2.0974599E+000, 4.7498028E+000, 6.7315867E+000, 8.0892209E+000, 7.8925729E+000, 7.0300307E+000, 7.8380307E+000, 3.6451945E+004, 3.7231323E-001, 1.1152199E+001, 1.9894799E+001
 1.5000279E+001, 2.0000183E+001, 2.0000441E+001, 2.0002272E+001, 2.0013343E+001, 2.0029825E+001, 2.0059638E+001, 2.0110005E+001, 2.0196267E+001, 2.0397300E+001, 2.0919985E+001, 1.5548681E+002, 1.9557073E+002, 2.2263254E+002, 2.5853447E+002, 2.9558392E+002, 3.1565958E+002, 3.2079432E+002, 3.7386740E+002, 2.4738756E+002, 1.7139159E+002, 2.3139536E+002, 2.2469300E+002, 1.4874251E+002, 2.1270000E+000, 2.0079085E+000, 1.9659205E+000, 1.9310492E+000, 1.9057969E+000, 1.8986848E+000, 1.8177991E+000, 1.8210708E+000, 1.7171742E+000, 8.8192534E-001,-1.6170619E+000,-1.9223351E+000,-1.8405710E+000,-1.3292073E+000,-2.5977752E+000, 2.2990402E-001, 4.5915319E+000, 6.3226032E+000, 5.6057564E+000, 5.0738487E+000, 4.9190328E+000, 6.1657453E+000, 5.2008512E+000, 3.2248104E+004, 3.6591025E-001, 1.1733456E+001, 9.2683012E+000
 1.6004822E+001, 2.0000371E+001, 2.0000512E+001, 2.0002066E+001, 2.0013218E+001, 2.0029769E+001, 2.0059889E+001, 2.0109528E+001, 2.0200887E+001, 2.0391569E+001, 2.0853600E+001, 1.5376752E+002, 1.9464189E+002, 2.2253798E+002, 2.7400711E+002, 2.8046246E+002, 2.7573623E+002, 2.5002888E+002, 2.1813062E+002, 1.9815522E+002, 2.1958083E+002, 1.9486479E+002, 1.8888750E+002, 2.1526011E+002, 2.3472622E+000, 2.3357893E+000, 2.3321934E+000, 2.3983298E+000, 2.4196939E+000, 2.3750913E+000, 2.4508294E+000, 2.4482270E+000, 2.3313924E+000, 1.9721039E+000,-3.3685089E-001,-5.1640063E-001,-4.5570502E-001,-1.5559644E-001,-1.4601935E+000, 1.0247119E+000, 3.7557567E+000, 5.7649487E+000, 5.7859220E+000, 7.4816350E+000, 7.7066379E+000, 6.8217048E+000, 7.7684497E+000, 3.9690105E+004, 4.0386440E-001, 1.1995392E+001, 2.1147211E+001
 1.7001849E+001, 2.0000150E+001, 2.0000443E+001, 2.0002140E+001, 2.0013787E+001, 2.0029781E+001, 2.0059723E+001, 2.0111298E+001, 2.0202275E+001, 2.0416245E+001, 2.0940084E+001, 1.6762871E+002, 1.8474854E+002, 2.2569664E+002, 2.6363688E+002, 3.5061721E+002, 3.8231941E+002, 3.6082509E+002, 3.5228967E+002, 2.9282800E+002, 2.0909443E+002, 1.9483494E+002, 1.9548509E+002, 1.7625911E+002, 2.0780515E+000, 1.9233338E+000, 1.8445871E+000, 1.7997912E+000, 1.6844226E+000, 1.6964765E+000, 1.6564189E+000, 1.6084013E+000, 1.5378303E+000, 9.7163885E-001,-1.2733234E+000,-1.6383518E+000,-1.3207887E+000,-3.1714474E+000,-4.1728783E+000,-1.2287515E+000, 4.2682444E+000, 6.1829875E+000, 5.6189418E+000, 4.1596176E+000, 4.2461644E+000, 5.2478787E+000, 4.1432524E+000, 3.2195003E+004, 3.9024379E-001, 1.2258551E+001, 1.2675295E+001
 1.8001240E+001, 2.0000404E+001, 2.0000637E+001, 2.0002409E+001, 2.0014265E+001, 2.0032321E+001, 2.0064620E+001, 2.0118109E+001, 2.0217197E+001, 2.0417830E+001, 2.0904364E+001, 1.5784564E+002, 1.8290584E+002, 2.3092873E+002, 3.1715354E+002, 3.0387577E+002, 3.4854892E+002, 2.6550774E+002, 2.7172720E+002, 2.3947334E+002, 2.6154405E+002, 2.4598463E+002, 1.9802983E+002, 1.9445970E+002, 2.3487710E+000, 2.3218739E+000, 2.3276284E+000, 2.2891845E+000, 2.3393581E+000, 2.3864357E+000, 2.3944842E+000, 2.3782422E+000, 2.3629468E+000, 2.0126770E+000, 5.2817571E-002, 1.5211502E-001,-8.7505333E-001,-8.0552851E-001,-2.4019396E+000, 8.0196420E-001, 3.1766867E+000, 6.8858945E+000, 7.4937150E+000, 7.7507270E+000, 7.2866818E+000, 7.1408734E+000, 7.4786373E+000, 4.2647289E+004, 4.3224565E-001, 1.3115871E+001, 2.1218479E+001
 1.9009082E+001, 2.0000159E+001, 2.0000433E+001, 2.0002343E+001, 2.0014095E+001, 2.0031005E+001, 2.0062385E+001, 2.0115762E+001, 2.0208253E+001, 2.0424553E+001, 2.0927556E+001, 1.5939597E+002, 1.7948438E+002, 2.4312109E+002, 2.8399346E+002, 3.3322070E+002, 4.8515579E+002, 3.9793420E+002, 3.5548923E+002, 3.1730125E+002, 2.4727993E+002, 2.3127978E+002, 2.3805139E+002, 1.8717363E+002, 2.1243014E+000, 1.9812792E+000, 1.9092405E+000, 1.8032386E+000, 1.8192876E+000, 1.7789967E+000, 1.7038438E+000, 1.7168137E+000, 1.5937122E+000, 1.0665312E+000,-1.2467615E+000,-8.2874587E-001,-1.6917722E+000, 9.3552301E-002,-3.4812453E+000,-5.5719812E-001, 3.3345160E+000, 5.9711228E+000, 6.2024867E+000, 5.8900212E+000, 5.1472424E+000, 5.1608688E+000, 4.7492465E+000, 3.3767314E+004, 3.6761511E-001, 1.2151388E+001, 2.7770952E+001
 2.0006795E+001, 2.0000381E+001, 2.0000679E+001, 2.0002561E+001, 2.0014585E+001, 2.0032059E+001, 2.0063491E+001, 2.0115498E+001, 2.0210832E+001, 2.0411067E+001, 2.0892100E+001, 1.6017013E+002, 1.8237784E+002, 2.7731613E+002, 2.5057390E+002, 3.0434578E+002, 4.0655435E+002, 2.6596306E+002, 2.4748736E+002, 2.5004608E+002, 2.7609987E+002, 2.6030095E+002, 2.4447479E+002, 2.3331153E+002, 2.3405637E+000, 2.3370740E+000, 2.2621232E+000, 2.2934117E+000, 2.2824384E+000, 2.2663099E+000, 2.3332287E+000, 2.2918431E+000, 2.2659981E+000, 1.9548319E+000, 1.4912010E-001, 2.0770293E-001,-1.4819213E+000, 2.8441071E-001,-3.4257275E-001, 5.5459488E-001, 3.9737679E+000, 5.1189438E+000, 6.4238155E+000, 7.3376832E+000, 7.1538568E+000, 6.2293185E+000, 7.4585551E+000, 4.2176085E+004, 4.1891289E-001, 1.2433686E+001, 3.0989425E+001
 2.1003872E+001, 2.0000153E+001, 2.0000468E+001, 2.0002287E+001, 2.0013725E+001, 2.0030166E+001, 2.0060317E+001, 2.0111311E+001, 2.0203546E+001, 2.0415243E+001, 2.0908938E+001, 1.5672622E+002, 2.2223785E+002, 2.7084797E+002, 2.7532285E+002, 4.0133515E+002, 4.7956184E+002, 5.4370245E+002, 3.8204091E+002, 3.1382541E+002, 2.1852956E+002, 2.5382640E+002, 2.5976804E+002, 2.3047785E+002, 2.1184543E+000, 1.9955557E+000, 1.8569839E+000, 1.7554824E+000, 1.7156117E+000, 1.7098206E+000, 1.6340535E+000, 1.6893476E+000, 1.4979572E+000, 1.3985735E+000,-5.0436703E-001,-1.8778895E+000,-1.7519504E+000,-2.7617328E-001,-3.8868711E+000,-1.1977824E+000, 5.1629672E+000, 6.1731370E+000, 5.2205742E+000, 4.1731122E+000, 5.7813745E+000, 5.6032411E+000, 3.7509799E+000, 3.4253605E+004, 3.6713826E-001, 1.2132637E+001, 2.3386207E+001
 2.2002968E+001, 2.0000369E+001, 2.0000653E+001, 2.0002534E+001, 2.0014387E+001, 2.0031550E+001, 2.0062269E+001, 2.0114138E+001, 2.0211631E+001, 2.0422926E+001, 2.0929085E+001, 1.3389379E+002, 2.4359937E+002, 2.7868166E+002, 2.9681148E+002, 3.5482695E+002, 3.9677537E+002, 3.3930711E+002, 2.8772322E+002, 2.8096729E+002, 3.2031524E+002, 2.5699312E+002, 2.3939928E+002, 2.4880226E+002, 2.3497999E+000, 2.3222254E+000, 2.2611242E+000, 2.2425200E+000, 2.2296479E+000, 2.2364900E+000, 2.2689429E+000, 2.1746974E+000, 2.2392852E+000, 1.8724209E+000, 2.3646864E-001,-9.2034424E-001, 2.4093979E-001,-4.2036543E-001, 4.6146795E-001, 1.7992676E+000, 4.3697254E+000, 5.3603280E+000, 6.0633271E+000, 7.0400461E+000, 7.3077998E+000, 6.7696694E+000, 7.2942542E+000, 4.2841551E+004, 4.2361731E-001, 1.2617688E+001, 2.5340356E+001
 2.3006709E+001, 2.0000210E+001, 2.0000453E+001, 2.0002265E+001, 2.0013613E+001, 2.0030055E+001, 2.0059971E+001, 2.0110871E+001, 2.0204275E+001, 2.0425234E+001, 2.0940474E+001, 1.7464541E+002, 2.5556729E+002, 2.7998041E+002, 3.0967439E+002, 3.3874772E+002, 4.6021990E+002, 4.4531113E+002, 3.7437980E+002, 3.1681305E+002, 2.6272371E+002, 2.9143643E+002, 2.6885267E+002, 2.2594505E+002, 2.1441251E+000, 1.9375641E+000, 1.8895224E+000, 1.7350292E+000, 1.7240027E+000, 1.6584940E+000, 1.5793345E+000, 1.5629410E+000, 1.5124207E+000, 1.1437284E+000,-1.2445654E+000,-1.9610061E+000,-9.0998554E-001,-1.3999247E+000,-3.0008897E+000,-5.9345802E-001, 4.0643495E+000, 6.4275182E+000, 5.3249109E+000, 3.7156070E+000, 4.2781726E+000, 5.7410861E+000, 4.7051832E+000, 3.4220722E+004, 3.6957023E-001, 1.2790373E+001, 3.1305213E+001
 2.4004922E+001, 2.0000332E+001, 2.0000662E+001, 2.0002552E+001, 2.0015034E+001, 2.0032742E+001, 2.0064561E+001, 2.0116682E+001, 2.0213424E+001, 2.0420425E+001, 2.0956773E+001, 2.1932071E+002, 2.7335771E+002, 2.8330777E+002, 3.1784140E+002, 3.5262925E+002, 3.6614117E+002, 3.1416976E+002, 2.4190389E+002, 2.8236855E+002, 3.1857288E+002, 2.8459052E+002, 2.6863593E+002, 2.6581559E+002, 2.3635286E+000, 2.3152560E+000, 2.2669904E+000, 2.2636018E+000, 2.2165731E+000, 2.2333388E+000, 2.1980710E+000, 2.2802691E+000, 2.0885791E+000, 1.9766756E+000,-3.6865285E-001,-6.2338839E-001,-2.6298461E-001,-1.6705934E+000,-2.1810104E+000, 1.3715957E+000, 4.3043106E+000, 6.2722398E+000, 6.6413842E+000, 7.1975874E+000, 6.1331293E+000, 6.3470032E+000, 7.4079984E+000, 4.4437778E+004, 4.2702669E-001, 1.3446960E+001, 2.0240104E+001
 2.5003759E+001, 2.0000223E+001, 2.0000479E+001, 2.0002363E+001, 2.0014185E+001, 2.0031323E+001, 2.0062504E+001, 2.0116464E+001, 2.0210900E+001, 2.0429105E+001, 2.0955494E+001, 2.0539970E+002, 2.7976117E+002, 2.9683257E+002, 3.1105585E+002, 3.4463817E+002, 3.8176327E+002, 4.1616170E+002, 3.3884928E+002, 2.5563338E+002, 2.4522504E+002, 2.9504566E+002, 2.7679573E+002, 2.5620571E+002, 2.0938674E+000, 1.9923395E+000, 1.8575730E+000, 1.7268431E+000, 1.7429739E+000, 1.6132890E+000, 1.6710098E+000, 1.4724512E+000, 1.5342724E+000, 1.1136010E+000,-1.5041308E+000,-1.7055957E+000,-1.5260505E+000,-8.4438188E-001,-1.7547251E+000,-2.9673421E-001, 5.7157933E+000, 5.0829976E+000, 5.2501500E+000, 5.2344365E+000, 5.0214024E+000, 4.3203369E+000, 4.3203803E+000, 3.4789410E+004, 3.7516451E-001, 1.2349460E+001, 2.7878440E+001
 2.6003612E+001, 2.0000329E+001, 2.0000590E+001, 2.0002584E+001, 2.0014937E+001, 2.0032450E+001, 2.0064575E+001, 2.0117849E+001, 2.0219705E+001, 2.0442725E+001, 2.1050013E+001, 2.0569183E+002, 2.8369506E+002, 2.9454695E+002, 3.2934259E+002, 4.0458649E+002, 3.3271076E+002, 2.6875151E+002, 2.2466083E+002, 2.2012679E+002, 2.5379202E+002, 2.5832605E+002, 2.8629461E+002, 2.7820227E+002, 2.3316311E+000, 2.2981533E+000, 2.2637763E+000, 2.2537863E+000, 2.1594224E+000, 2.2315015E+000, 2.1554722E+000, 2.1521350E+000, 2.1104191E+000, 1.6694130E+000,-8.3986543E-001,-9.9873393E-001,-4.9472914E-001,-2.4827467E-001,-8.1221229E-001, 1.2859083E+000, 4.4627831E+000, 4.9255278E+000, 5.7233434E+000, 6.7135460E+000, 6.6285217E+000, 6.6674583E+000, 6.5944078E+000, 4.4960295E+004, 4.3300566E-001, 1.4406892E+001, 1.5202605E+001
 2.7006305E+001, 2.0000246E+001, 2.0000519E+001, 2.0002376E+001, 2.0013745E+001, 2.0030501E+001, 2.0060528E+001, 2.0112555E+001, 2.0203826E+001, 2.0429782E+001, 2.1023084E+001, 2.1856030E+002, 2.8694114E+002, 2.9838362E+002, 3.6094880E+002, 3.5985491E+002, 5.1999342E+002, 5.0253851E+002, 3.3669580E+002, 2.0664841E+002, 1.8663686E+002, 2.6386604E+002, 2.4749230E+002, 2.7210925E+002, 2.1377531E+000, 2.0141084E+000, 1.9068248E+000, 1.7430090E+000, 1.7601014E+000, 1.6879144E+000, 1.5919888E+000, 1.6219460E+000, 1.4137278E+000, 1.0666677E+000,-1.8424316E+000,-1.8787472E+000,-1.3747294E+000,-2.1903571E+000,-2.4364490E+000, 1.8676566E+000, 5.1127317E+000, 5.2427025E+000, 3.2668859E+000, 3.7989210E+000, 4.8236040E+000, 4.3500279E+000, 4.3316544E+000, 3.2420897E+004, 3.4675307E-001, 1.2243773E+001, 3.3877840E+001
 2.8003588E+001, 2.0000298E+001, 2.0000589E+001, 2.0002492E+001, 2.0015093E+001, 2.0032647E+001, 2.0064115E+001, 2.0114852E+001, 2.0210884E+001, 2.0423805E+001, 2.1100560E+001, 2.5040240E+002, 2.6834831E+002, 3.2030980E+002, 3.5476201E+002, 3.3329391E+002, 3.0977767E+002, 2.9882501E+002, 2.9506774E+002, 3.2013425E+002, 2.9112771E+002, 2.1993004E+002, 2.5819195E+002, 2.4970886E+002, 2.3294224E+000, 2.2751968E+000, 2.2300827E+000, 2.2068911E+000, 2.2179662E+000, 2.1219409E+000, 2.1961888E+000, 2.1101795E+000, 1.9874638E+000, 1.4505520E+000,-8.2846475E-001,-6.3180346E-001,-1.1819546E+000,-1.5975583E+000,-1.2811405E+000, 1.0577946E+000, 5.7279768E+000, 6.7482167E+000, 7.6872262E+000, 7.5351358E+000, 6.0035063E+000, 6.1350399E+000, 5.7058972E+000, 4.5122091E+004, 4.1627800E-001, 1.3585793E+001, 1.7566334E+001
 2.9001148E+001, 2.0000248E+001, 2.0000531E+001, 2.0002452E+001, 2.0014483E+001, 2.0032043E+001, 2.0063351E+001, 2.0116903E+001, 2.0210187E+001, 2.0430427E+001, 2.1517448E+001, 2.2285764E+002, 2.6292728E+002, 3.3051017E+002, 3.2399327E+002, 3.0052105E+002, 4.8067878E+002, 4.0990634E+002, 3.5651851E+002, 2.8291787E+002, 2.3100733E+002, 3.2951026E+002, 2.2425461E+002, 2.4985097E+002, 2.1744176E+000, 2.0543791E+000, 1.9696323E+000, 1.8930513E+000, 1.7684524E+000, 1.7974525E+000, 1.7282715E+000, 1.6126598E+000, 1.4556440E+000, 7.5186784E-001,-1.8475692E+000,-1.4789826E+000,-2.3881310E+000,-1.4019394E+000,-2.1834105E+000,-7.7311326E-001, 5.8690064E+000, 6.5596776E+000, 5.2803297E+000, 4.4477035E+000, 5.8884112E+000, 3.5429842E+000, 4.6762507E+000, 3.5166829E+004, 3.7277344E-001, 1.2137143E+001, 3.2062664E+001
 3.0003197E+001, 2.0000291E+001, 2.0000563E+001, 2.0002567E+001, 2.0015389E+001, 2.0033587E+001, 2.0066703E+001, 2.0121848E+001, 2.0226064E+001, 2.0461506E+001, 3.1004989E+001, 2.3840109E+002, 2.7815062E+002, 2.9652728E+002, 2.6918715E+002, 2.8879326E+002, 2.8666681E+002, 2.9312120E+002, 3.1730841E+002, 3.4241468E+002, 3.3401002E+002, 2.3947227E+002, 2.8662803E+002, 2.4583669E+002, 2.2900214E+000, 2.2495546E+000, 2.1762844E+000, 2.1473970E+000, 2.1452094E+000, 2.1715869E+000, 2.0854044E+000, 2.0783762E+000, 1.7001971E+000, 1.0013778E+000,-4.1036564E-001,-1.1325598E+000,-4.3642859E-001,-3.1294578E-001, 1.0654426E+000, 1.9511105E+000, 3.5884139E+000, 5.4269073E+000, 7.3100640E+000, 6.8304322E+000, 5.7569462E+000, 6.1654535E+000, 5.1404878E+000, 4.2418112E+004, 4.3591394E-001, 1.3215553E+001, 1.5679594E+001
 3.1007109E+001, 2.0000243E+001, 2.0000518E+001, 2.0002461E+001, 2.0014199E+001, 2.0031597E+001, 2.0063874E+001, 2.0119781E+001, 2.0218826E+001, 2.0461187E+001, 6.2974997E+001, 2.4592909E+002, 2.6165318E+002, 2.8212617E+002, 2.3218231E+002, 2.8626558E+002, 3.8115855E+002, 4.1289721E+002, 3.7062192E+002, 2.7531818E+002, 2.5154624E+002, 3.2965915E+002, 2.3541029E+002, 2.6905318E+002, 2.1778610E+000, 2.0724424E+000, 1.9914274E+000, 1.8426994E+000, 1.8723897E+000, 1.7470474E+000, 1.7472112E+000, 1.5614973E+000, 1.2882840E+000,-6.4686601E-001,-1.3992490E+000,-1.6833461E+000,-1.2597530E+000, 2.2123845E-001,-1.2019411E+000,-6.7226829E-001, 4.2330824E+000, 5.8158693E+000, 4.8204766E+000, 4.5027110E+000, 5.3417068E+000, 5.3489824E+000, 4.2954254E+000, 3.6056416E+004, 3.6959584E-001, 1.2420161E+001, 2.7930862E+001
 3.2003514E+001, 2.0000309E+001, 2.0000560E+001, 2.0002487E+001, 2.0015048E+001, 2.0032977E+001, 2.0066028E+001, 2.0122718E+001, 2.0229787E+001, 2.0481654E+001, 1.1034773E+002, 2.4791690E+002, 2.4527714E+002, 2.7283593E+002, 2.5636936E+002, 2.0960940E+002, 2.7009942E+002, 3.1816482E+002, 2.9852983E+002, 3.2351813E+002, 3.1463393E+002, 2.5661720E+002, 3.0221579E+002, 2.5343424E+002, 2.2685831E+000, 2.1877736E+000, 2.1650821E+000, 2.1515820E+000, 2.0741531E+000, 2.0600137E+000, 1.9934265E+000, 1.8960769E+000, 1.5057886E+000,-8.2693078E-001,-1.3215043E+000,-4.9974695E-001,-4.1648893E-001, 5.0292610E-001, 9.0205639E-001,-1.5667855E-003, 2.5900948E+000, 5.5456520E+000, 7.0529577E+000, 6.8173664E+000, 5.8260701E+000, 6.0757044E+000, 5.8549300E+000, 4.3771770E+004, 4.3645365E-001, 1.2821430E+001, 1.5857833E+001
 3.3008067E+001, 2.0000695E+001, 2.0000530E+001, 2.0002407E+001, 2.0014367E+001, 2.0032330E+001, 2.0066364E+001, 2.0126232E+001, 2.0233338E+001, 2.0484490E+001, 1.2692533E+002, 2.1821831E+002, 2.4868100E+002, 2.7974265E+002, 2.7008712E+002, 2.7201307E+002, 2.8750847E+002, 3.5010125E+002, 3.0590786E+002, 2.2792954E+002, 2.1361737E+002, 2.9307568E+002, 2.6142331E+002, 2.8635082E+002, 2.1938099E+000, 2.1361402E+000, 2.0082571E+000, 1.9591578E+000, 1.9202614E+000, 1.8891253E+000, 1.7825175E+000, 1.7282877E+000, 1.3417445E+000,-1.1538203E+000,-1.4509442E+000,-8.0368605E-001,-2.2096309E-001,-5.9473498E-001,-1.8173837E+000,-5.0437786E-001, 2.6159312E+000, 4.6165295E+000, 4.3085665E+000, 4.6742463E+000, 4.5037559E+000, 5.2755369E+000, 5.0319645E+000, 3.6741299E+004, 4.0137810E-001, 1.2124450E+001, 1.9936008E+001
 3.4008029E+001, 2.0000546E+001, 2.0000556E+001, 2.0002622E+001, 2.0015958E+001, 2.0034942E+001, 2.0069677E+001, 2.0129944E+001, 2.0244288E+001, 2.0548300E+001, 2.1371232E+002, 2.1521577E+002, 2.7638271E+002, 2.7859044E+002, 2.8508782E+002, 3.1665017E+002, 3.9428099E+002, 3.2888112E+002, 3.0486937E+002, 2.9024197E+002, 2.6573157E+002, 2.2609901E+002, 2.8518411E+002, 2.6488567E+002, 2.1877987E+000, 2.1326893E+000, 2.0469236E+000, 1.9309019E+000, 1.9317464E+000, 1.8189774E+000, 1.8096895E+000, 1.6393622E+000, 1.0178873E+000,-1.3045776E+000,-1.2268811E+000,-1.2445786E+000,-7.2994315E-001,-1.2159149E+000,-2.8158259E-001,-2.4093218E+000, 1.8895025E+000, 5.1392469E+000, 5.8726937E+000, 5.4167889E+000, 4.7386784E+000, 4.9687523E+000, 4.6381688E+000, 3.8656935E+004, 4.2610631E-001, 1.3517205E+001, 1.3423925E+001
 3.5005640E+001, 1.9999719E+001, 2.0001043E+001, 2.0002598E+001, 2.0015199E+001, 2.0034226E+001, 2.0069688E+001, 2.0129813E+001, 2.0241086E+001, 2.0518443E+001, 1.9593862E+002, 2.3370585E+002, 2.8854675E+002, 2.8238265E+002, 2.9883944E+002, 2.9702582E+002, 3.5532322E+002, 3.2996067E+002, 2.6925078E+002, 2.7330796E+002, 2.5785575E+002, 2.6958673E+002, 2.3687937E+002, 2.7260553E+002, 2.2605968E+000, 2.1727332E+000, 2.1933444E+000, 2.1367117E+000, 2.0474459E+000, 2.0428957E+000, 1.9906520E+000, 1.9300753E+000, 1.3254619E+000,-8.2860217E-001,-8.5653281E-001,-8.1897842E-001,-4.3575292E-001,-2.2013262E+000,-2.9601029E-001,-1.1839390E-001, 2.5212255E+000, 4.6479129E+000, 5.4531300E+000, 5.6862205E+000, 6.2328388E+000, 5.5799637E+000, 5.1612728E+000, 4.1640688E+004, 3.8674972E-001, 1.2403857E+001, 2.5978906E+001
 3.6006955E+001, 1.9999169E+001, 2.0000883E+001, 2.0002419E+001, 2.0014745E+001, 2.0032195E+001, 2.0065234E+001, 2.0124440E+001, 2.0231421E+001, 2.1504252E+001, 1.8838681E+002, 2.6808166E+002, 2.8528204E+002, 2.9814879E+002, 3.0167169E+002, 2.7940222E+002, 4.2329366E+002, 3.4231132E+002, 2.6008151E+002, 2.1362433E+002, 2.2636446E+002, 2.6508415E+002, 2.7217711E+002, 2.4172289E+002, 2.2378244E+000, 2.0305343E+000, 1.9579102E+000, 1.8488435E+000, 1.7983629E+000, 1.7661387E+000, 1.7061494E+000, 1.5741670E+000, 7.0393046E-001,-1.1719529E+000,-1.1398384E+000,-1.6295087E+000,-2.0147548E+000,-1.9826705E+000, 4.4112480E-001,-3.9144592E+000, 3.6664954E+000, 3.7109589E+000, 4.5906320E+000, 4.5351661E+000, 4.1256898E+000, 5.2364297E+000, 4.0250654E+000, 3.8001565E+004, 3.7834974E-001, 1.2681285E+001, 1.6631385E+001
 3.7001078E+001, 1.9999300E+001, 2.0000051E+001, 2.0003003E+001, 2.0014859E+001, 2.0032937E+001, 2.0066146E+001, 2.0122665E+001, 2.0226859E+001, 2.1393580E+001, 1.9232582E+002, 2.7285533E+002, 2.7830039E+002, 2.9988187E+002, 2.8975724E+002, 2.1410054E+002, 2.9163536E+002, 3.6703782E+002, 2.8815294E+002, 2.2053858E+002, 2.2737723E+002, 2.4218562E+002, 2.6155202E+002, 2.6215580E+002, 2.3281095E+000, 2.2763396E+000, 2.1889626E+000, 2.1253378E+000, 2.1363119E+000, 2.0977345E+000, 2.0770883E+000, 1.9807753E+000, 1.1126411E+000,-7.3079463E-001,-6.4998907E-001,-1.3272224E+000,-7.7928592E-001,-1.1115331E+000, 3.6022081E-001, 1.9441778E+000, 3.9770470E+000, 5.9113935E+000, 5.7427928E+000, 5.1803420E+000, 4.6692953E+000, 5.1113215E+000, 5.8626236E+000, 4.4027897E+004, 3.7417472E-001, 1.2208317E+001, 2.8152945E+001
 3.8006491E+001, 2.0001417E+001, 1.9998953E+001, 2.0002841E+001, 2.0014147E+001, 2.0031502E+001, 2.0064015E+001, 2.0119388E+001, 2.0223344E+001, 2.1338306E+001, 1.9550116E+002, 2.7058564E+002, 2.8898061E+002, 2.8298163E+002, 2.6882567E+002, 2.4308013E+002, 3.3564217E+002, 3.9838971E+002, 3.3951574E+002, 3.2526192E+002, 2.9155085E+002, 2.5180696E+002, 2.3520118E+002, 2.4991241E+002, 2.2420749E+000, 2.1208405E+000, 1.9442046E+000, 1.8738292E+000, 1.8022879E+000, 1.7981472E+000, 1.7445823E+000, 1.4806152E+000, 9.6368132E-001,-1.4306592E+000,-1.5832232E+000,-2.1499641E+000,-1.8759387E+000,-8.5981439E-001, 1.7553060E-001,-2.2214998E+000, 1.9482882E+000, 5.5048295E+000, 6.1758232E+000, 5.5143998E+000, 4.6600414E+000, 3.2469623E+000, 4.1284029E+000, 3.5258589E+004, 3.7559653E-001, 1.2846987E+001, 1.7732483E+001
 3.9006484E+001, 1.9999856E+001, 1.9998640E+001, 2.0002319E+001, 2.0014999E+001, 2.0031991E+001, 2.0063168E+001, 2.0117809E+001, 2.0226694E+001, 2.0922426E+001, 2.3244472E+002, 2.6694304E+002, 2.8403139E+002, 2.6354198E+002, 2.3011421E+002, 2.2541196E+002, 2.7412904E+002, 2.7731454E+002, 2.2895449E+002, 2.2863982E+002, 2.7750845E+002, 2.8765582E+002, 2.4380814E+002, 2.4212640E+002, 2.3684803E+000, 2.3687461E+000, 2.1264682E+000, 2.1146853E+000, 2.1351885E+000, 2.1006513E+000, 2.0254993E+000, 1.8481873E+000, 1.0327575E+000,-5.6328054E-001,-1.6362150E+000,-8.0678037E-001,-1.1514238E+000,-7.1472402E-001, 3.1800070E-001, 2.6511845E+000, 1.7264961E+000, 3.7862779E+000, 5.2801742E+000, 6.0844006E+000, 6.5342920E+000, 4.9731624E+000, 4.4501907E+000, 4.3776229E+004, 3.7480707E-001, 1.3167509E+001, 1.9856144E+001
 4.0006757E+001, 1.9999741E+001, 2.0000951E+001, 2.0000247E+001, 2.0014124E+001, 2.0029879E+001, 2.0059040E+001, 2.0110176E+001, 2.0210097E+001, 2.2770853E+001, 2.2674217E+002, 2.6412963E+002, 2.6874801E+002, 2.5301618E+002, 2.1374342E+002, 2.3915451E+002, 4.5783389E+002, 4.6316688E+002, 3.6946643E+002, 2.6777692E+002, 2.0522131E+002, 2.5162231E+002, 2.7977370E+002, 2.3914049E+002, 2.2221614E+000, 2.2853030E+000, 2.0912782E+000, 1.9497996E+000, 1.9363481E+000, 1.9044914E+000, 1.7900944E+000, 1.7403247E+000, 5.3685694E-001,-1.1295979E+000,-1.5716111E+000,-1.0828666E+000,-1.2211024E+000,-7.8878115E-001, 5.2750966E-002,-1.1105949E+000, 5.6616003E+000, 6.5312411E+000, 4.5248714E+000, 4.1524911E+000, 4.4281861E+000, 6.0743357E+000, 3.9652494E+000, 3.8294263E+004, 3.3650950E-001, 1.2154175E+001, 3.5994894E+001
 4.1001894E+001, 1.9998296E+001, 2.0000080E+001, 1.9999629E+001, 2.0014247E+001, 2.0030695E+001, 2.0060713E+001, 2.0113611E+001, 2.0211997E+001, 4.0750485E+001, 2.2145515E+002, 2.6391638E+002, 2.6583303E+002, 2.3688693E+002, 2.0116896E+002, 2.1886069E+002, 3.5095994E+002, 3.1849827E+002, 2.7374770E+002, 2.9572061E+002, 2.9544835E+002, 2.1520348E+002, 2.7125176E+002, 2.6901349E+002, 2.2550754E+000, 2.1801768E+000, 2.2349315E+000, 1.9781783E+000, 1.9782744E+000, 1.9206732E+000, 1.9254124E+000, 1.6841891E+000,-2.7735331E-001,-1.1986148E+000,-1.0917244E+000,-1.1736289E+000,-9.2602421E-001,-3.8456591E-001, 2.0262000E-001,-1.0348783E-001, 2.9773872E+000, 6.1516376E+000, 6.4762487E+000, 6.4757615E+000, 4.4483941E+000, 4.8233173E+000, 5.6916731E+000, 3.9877023E+004, 3.7609397E-001, 1.2431543E+001, 1.6054644E+001
 4.2001264E+001, 2.0000882E+001, 2.0000007E+001, 2.0001806E+001, 2.0011286E+001, 2.0032003E+001, 2.0063134E+001, 2.0114873E+001, 2.0213063E+001, 4.1447414E+001, 2.1746386E+002, 2.6040524E+002, 2.5953211E+002, 2.3940365E+002, 2.1222586E+002, 1.8621707E+002, 4.0048047E+002, 3.8981459E+002, 3.0054599E+002, 2.4806853E+002, 2.3479629E+002, 2.9069504E+002, 2.5740939E+002, 2.6204496E+002, 2.2726231E+000, 2.2341347E+000, 2.2914048E+000, 2.1520055E+000, 1.9572360E+000, 1.9753026E+000, 1.9546308E+000, 1.7136521E+000,-5.3673284E-001,-6.5434697E-001,-1.2138608E+000,-8.6419067E-001,-6.2145936E-001,-2.1441379E-001, 6.8981267E-001,-9.6345569E-001, 4.1282245E+000, 5.2345377E+000, 5.7823593E+000, 5.9417771E+000, 5.4720422E+000, 5.0708728E+000, 5.2529415E+000, 4.0218995E+004, 3.5384840E-001, 1.2140738E+001, 2.5528435E+001
 4.3001379E+001, 1.9999855E+001, 1.9998427E+001, 2.0001903E+001, 2.0010323E+001, 2.0028055E+001, 2.0063373E+001, 2.0114220E+001, 2.0212475E+001, 3.3592620E+001, 2.1739995E+002, 2.4069465E+002, 2.5203961E+002, 2.3713135E+002, 2.2283698E+002, 2.4453772E+002, 3.7717130E+002, 3.9447397E+002, 3.0797374E+002, 2.9700134E+002, 2.7096411E+002, 2.5118298E+002, 2.9459440E+002, 2.5865563E+002, 2.2370402E+000, 2.1839139E+000, 2.1661484E+000, 2.1518228E+000, 2.0235814E+000, 1.9241864E+000, 1.8087916E+000, 1.6851406E+000,-3.0602525E-001,-9.2087379E-001,-9.9925447E-001,-7.1518958E-001,-5.7509314E-001,-5.2098863E-001,-8.6394899E-001,-2.9428178E-001, 2.0776119E+000, 5.2950043E+000, 6.0173105E+000, 5.4003508E+000, 5.3070924E+000, 5.1101870E+000, 4.1090649E+000, 3.8607282E+004, 3.5043966E-001, 1.1953073E+001, 1.9278534E+001
 4.4007072E+001, 2.0000145E+001, 2.0001088E+001, 2.0001767E+001, 2.0011958E+001, 2.0026166E+001, 2.0058070E+001, 2.0114975E+001, 2.0211528E+001, 3.3875109E+001, 2.1440741E+002, 2.2582699E+002, 2.4630979E+002, 2.3474704E+002, 2.3282896E+002, 2.4671635E+002, 2.7022400E+002, 3.3867687E+002, 2.4326418E+002, 2.1909131E+002, 2.7342511E+002, 2.6120626E+002, 2.8233703E+002, 2.7944686E+002, 2.2561759E+000, 2.2320092E+000, 2.2711907E+000, 2.2674036E+000, 2.2205558E+000, 2.0253083E+000, 1.9115174E+000, 1.8385814E+000,-4.8430020E-001,-1.0963904E+000,-5.2003390E-001,-5.3023186E-001,-3.6732636E-001,-1.3180668E+000, 6.6924440E-002, 2.9030567E+000, 4.6514030E+000, 5.2508338E+000, 5.6935716E+000, 6.1072600E+000, 5.1371243E+000, 5.3000464E+000, 4.8046408E+000, 4.0555385E+004, 3.5420866E-001, 1.1612996E+001, 2.2999857E+001
 4.5001020E+001, 2.0001064E+001, 2.0000314E+001, 2.0000245E+001, 2.0012882E+001, 2.0026749E+001, 2.0053394E+001, 2.0108700E+001, 2.0212201E+001, 4.5033237E+001, 2.0144510E+002, 2.3433130E+002, 2.4086922E+002, 2.3321538E+002, 2.3463998E+002, 2.0024619E+002, 2.7529203E+002, 4.0063508E+002, 3.4940706E+002, 2.5841922E+002, 1.9258148E+002, 2.5067230E+002, 2.5712972E+002, 2.7412637E+002, 2.2070324E+000, 2.1431331E+000, 2.0951360E+000, 2.1825565E+000, 2.1337456E+000, 2.0441260E+000, 1.8891047E+000, 1.6125615E+000,-1.1813311E-001,-1.0812752E+000,-4.8555211E-001,-7.0191688E-001,-6.4843747E-001,-1.0786067E+000,-2.2273245E-001, 9.0537357E-001, 4.9244996E+000, 5.9427513E+000, 5.5259202E+000, 5.6590187E+000, 4.7122867E+000, 4.3633126E+000, 4.3631491E+000, 3.9693194E+004, 3.5459328E-001, 1.1725117E+001, 2.9860316E+001
 4.6004629E+001, 2.0000296E+001, 2.0000145E+001, 2.0002867E+001, 2.0013807E+001, 2.0028691E+001, 2.0054934E+001, 2.0101111E+001, 2.0211487E+001, 7.1593137E+001, 1.9538858E+002, 2.3250169E+002, 2.3551623E+002, 2.3080322E+002, 2.3423247E+002, 2.3007916E+002, 3.7576743E+002, 3.7305329E+002, 2.9564694E+002, 2.9149271E+002, 2.9156607E+002, 2.4438056E+002, 2.3157086E+002, 2.7549040E+002, 2.2473072E+000, 2.2060921E+000, 2.1639117E+000, 2.1217356E+000, 2.2177046E+000, 2.2099096E+000, 2.1436669E+000, 1.5916288E+000,-4.6121128E-001,-6.5139545E-001,-3.3239060E-001,-4.6616059E-001,-5.0830756E-001,-4.2962855E-001,-1.8580869E-001, 1.0126316E+000, 4.5709386E+000, 6.0130759E+000, 5.4547662E+000, 6.1343734E+000, 6.3953419E+000, 4.7659590E+000, 5.0288618E+000, 4.2026838E+004, 3.4959063E-001, 1.1944957E+001, 2.9654544E+001
 4.7005715E+001, 2.0000055E+001, 2.0001270E+001, 2.0002403E+001, 2.0010938E+001, 2.0029857E+001, 2.0055863E+001, 2.0101090E+001, 2.0191882E+001, 7.0556419E+001, 2.0039116E+002, 2.1716988E+002, 2.3491648E+002, 2.3880714E+002, 2.3037861E+002, 2.2853084E+002, 4.4981555E+002, 3.5783673E+002, 2.6594049E+002, 2.3762648E+002, 2.6257690E+002, 2.6539875E+002, 2.4048330E+002, 2.5393180E+002, 2.2525054E+000, 2.1880284E+000, 2.0832372E+000, 2.1368047E+000, 2.0648147E+000, 2.2192450E+000, 2.0337579E+000, 1.7663331E+000,-8.5979614E-001,-3.9906739E-001,-5.1072768E-001,-3.4378744E-001,-1.0450110E+000,-9.3428060E-001,-2.5756966E+000,-1.5603716E+000, 4.6704667E+000, 5.7386414E+000, 5.2940189E+000, 5.1965090E+000, 5.7413268E+000, 5.2039159E+000, 3.3121082E+000, 3.8225236E+004, 3.3884829E-001, 1.1623985E+001, 2.5171765E+001
 4.8002027E+001, 1.9999435E+001, 2.0000735E+001, 2.0001568E+001, 2.0014007E+001, 2.0028117E+001, 2.0061453E+001, 2.0107448E+001, 2.0200023E+001, 7.5728798E+001, 1.9928118E+002, 2.1236639E+002, 2.3689138E+002, 2.4359135E+002, 2.3641598E+002, 3.0799095E+002, 4.0166459E+002, 3.9696513E+002, 3.1494481E+002, 2.7504294E+002, 2.2613853E+002, 2.6187725E+002, 2.5863469E+002, 2.3709819E+002, 2.2844220E+000, 2.1360302E+000, 2.1564054E+000, 2.1829108E+000, 2.2662193E+000, 2.0387139E+000, 2.1134721E+000, 1.7724621E+000,-7.3966473E-001,-2.7121762E-001,-3.6409630E-001,-5.5808760E-001,-8.4820572E-001,-1.1239950E+000,-2.6415218E+000,-2.6362180E+000, 5.1417159E+000, 5.6307418E+000, 5.4607005E+000, 5.3417941E+000, 5.2880629E+000, 4.8686724E+000, 4.2150389E+000, 3.9810263E+004, 3.5925781E-001, 1.2435804E+001, 2.1984874E+001
 4.9004665E+001, 1.9999011E+001, 2.0000141E+001, 2.0002828E+001, 2.0015333E+001, 2.0030450E+001, 2.0059338E+001, 2.0116685E+001, 2.0203571E+001, 7.5347348E+001, 1.9623275E+002, 2.0865578E+002, 2.2905479E+002, 2.4126596E+002, 2.4865113E+002, 2.6308278E+002, 3.6319683E+002, 3.5209384E+002, 3.0208849E+002, 2.8851748E+002, 2.7021417E+002, 2.4257674E+002, 2.7760228E+002, 2.5254224E+002, 2.2783203E+000, 2.1547708E+000, 2.1286330E+000, 1.9873223E+000, 2.0924418E+000, 2.1564831E+000, 1.8866128E+000, 1.9199201E+000,-3.2975006E-001,-3.7307626E-001,-3.5203538E-001,-8.9986681E-001,-9.4052152E-001,-1.3861036E+000,-1.4012329E+000,-5.6576926E-001, 3.1307378E+000, 5.8463693E+000, 5.8305774E+000, 5.6399947E+000, 5.3497755E+000, 5.1644280E+000, 5.0184536E+000, 4.1144276E+004, 3.4406468E-001, 1.1866992E+001, 3.2779954E+001
 5.0007276E+001, 2.0001012E+001, 1.9999579E+001, 2.0002792E+001, 2.0012600E+001, 2.0033963E+001, 2.0060625E+001, 2.0110176E+001, 2.0213939E+001, 4.5545399E+001, 1.9695039E+002, 2.0666432E+002, 2.1659671E+002, 2.3709392E+002, 2.4785789E+002, 2.4966095E+002, 4.3449067E+002, 3.5340802E+002, 3.1360683E+002, 2.7663943E+002, 2.4397111E+002, 2.4342019E+002, 2.4727767E+002, 2.7194392E+002, 2.2318067E+000, 2.2802975E+000, 2.0914276E+000, 2.0684656E+000, 1.9626152E+000, 2.0608104E+000, 2.2521939E+000, 1.7791299E+000, 1.5087352E-001,-1.9533313E-001,-2.4637347E-001,-6.7350541E-001,-6.4155944E-001,-1.5138134E+000, 1.9836094E+000,-3.4018749E+000, 4.2633968E+000, 6.2037194E+000, 6.4255456E+000, 5.5155902E+000, 5.7912159E+000, 4.3325816E+000, 5.1315370E+000, 4.0220247E+004, 3.5881658E-001, 1.2418127E+001, 2.3404334E+001
 5.1007666E+001, 1.9999432E+001, 1.9999162E+001, 2.0001802E+001, 2.0013845E+001, 2.0028653E+001, 2.0067830E+001, 2.0111259E+001, 2.0207293E+001, 2.1868864E+001, 1.8862668E+002, 2.0728305E+002, 2.1244832E+002, 2.3435136E+002, 2.6520317E+002, 2.9170397E+002, 4.3182067E+002, 3.9261237E+002, 2.5628373E+002, 2.2954285E+002, 2.5020964E+002, 2.4213910E+002, 2.4083525E+002, 2.4471299E+002, 2.2373708E+000, 2.2204500E+000, 2.1292840E+000, 2.1637826E+000, 1.9767126E+000, 1.9757296E+000, 2.0123438E+000, 2.0468838E+000, 1.0471592E+000,-1.1558607E-001,-3.7404323E-001,-4.0248172E-001,-8.7060939E-001,-1.4026381E+000, 7.5792539E-001, 1.9520342E-001, 4.6119014E+000, 5.6603554E+000, 6.0443229E+000, 5.9582795E+000, 5.9187226E+000, 5.0050819E+000, 4.0954267E+000, 3.8749140E+004, 3.5001619E-001, 1.1849482E+001, 3.9960149E+001
 5.2004663E+001, 2.0000050E+001, 2.0001416E+001, 2.0001270E+001, 2.0014683E+001, 2.0030026E+001, 2.0058057E+001, 2.0122838E+001, 2.0209143E+001, 2.0521714E+001, 1.7505436E+002, 2.0955660E+002, 2.1721343E+002, 2.3246424E+002, 2.6080258E+002, 2.6582844E+002, 3.7477128E+002, 3.6018503E+002, 2.7790679E+002, 2.2901534E+002, 2.2954177E+002, 2.3975404E+002, 2.4702659E+002, 2.3701249E+002, 2.2526131E+000, 2.1661666E+000, 2.2123734E+000, 2.0197014E+000, 2.1042052E+000, 1.9393783E+000, 1.8484035E+000, 1.9150697E+000, 1.0589020E+000,-3.0000039E-001,-7.2668960E-001,-1.2644898E+000,-8.9325074E-001,-9.9220525E-001,-4.4670492E-002, 1.3609752E-001, 4.6647748E+000, 6.3557569E+000, 5.5726947E+000, 5.2444641E+000, 5.3853748E+000, 4.5727578E+000, 4.7293450E+000, 4.1104110E+004, 3.6971140E-001, 1.2318487E+001, 3.4432213E+001
 5.3003567E+001, 2.0001166E+001, 1.9999798E+001, 2.0001142E+001, 2.0013530E+001, 2.0032253E+001, 2.0061348E+001, 2.0113022E+001, 2.0225224E+001, 2.0697617E+001, 1.6570058E+002, 2.0638728E+002, 2.2262014E+002, 2.3443620E+002, 2.3154295E+002, 2.5369943E+002, 4.0685189E+002, 3.6788323E+002, 3.2388764E+002, 2.6807788E+002, 2.4658227E+002, 2.5241276E+002, 2.4692728E+002, 2.4674506E+002, 2.2604550E+000, 2.1784026E+000, 2.1883441E+000, 2.0169833E+000, 2.1019290E+000, 2.0750416E+000, 1.9892995E+000, 1.8265413E+000, 1.5248184E+000,-4.0228079E-001,-6.7516357E-001,-1.0260377E+000,-6.8649385E-001,-1.2721022E+000,-1.5513522E+000, 1.8088023E+000, 4.0301570E+000, 6.8053131E+000, 6.9268780E+000, 6.4864111E+000, 5.7458983E+000, 5.0049372E+000, 5.2280677E+000, 4.0532289E+004, 3.5549891E-001, 1.2082758E+001, 3.0189804E+001
 5.4004034E+001, 2.0000122E+001, 2.0000336E+001, 2.0003083E+001, 2.0012848E+001, 2.0030748E+001, 2.0064570E+001, 2.0113784E+001, 2.0214317E+001, 2.0679067E+001, 1.8179981E+002, 2.0488104E+002, 2.1754450E+002, 2.1515422E+002, 2.3607098E+002, 2.5308485E+002, 3.3820797E+002, 4.0674809E+002, 3.2610852E+002, 2.9552452E+002, 2.9443051E+002, 2.6374528E+002, 2.6334331E+002, 2.4504994E+002, 2.2279165E+000, 2.1777931E+000, 2.1168862E+000, 2.1762468E+000, 1.9181665E+000, 2.0769778E+000, 2.0301365E+000, 1.8909179E+000, 1.1758938E+000,-4.6069449E-001,-1.3012145E+000,-5.0241456E-001,-6.0098593E-001,-3.6832042E-001,-1.3751176E-002, 4.9568786E-001, 3.9204972E+000, 5.9623812E+000, 6.3728211E+000, 6.1194210E+000, 5.7993827E+000, 5.1683848E+000, 4.6692685E+000, 3.8236681E+004, 3.5355568E-001, 1.1782018E+001, 2.3295374E+001
 5.5001288E+001, 2.0001081E+001, 2.0001603E+001, 2.0002057E+001, 2.0013059E+001, 2.0029386E+001, 2.0062715E+001, 2.0116677E+001, 2.0205231E+001, 2.1035232E+001, 1.7841697E+002, 1.9855817E+002, 2.1092148E+002, 1.9765438E+002, 2.3093397E+002, 1.7294449E+002, 3.0205337E+002, 4.7900658E+002, 3.2335971E+002, 2.7108379E+002, 2.9595662E+002, 2.8821102E+002, 2.5603541E+002, 2.5478577E+002, 2.2772985E+000, 2.2049490E+000, 2.1646201E+000, 2.1190992E+000, 2.2402587E+000, 2.0376358E+000, 2.1460003E+000, 2.1409701E+000, 1.4610767E+000,-1.9718343E-001,-5.9757307E-001,-2.5875107E-001, 1.0664919E-001,-2.7936654E-001, 1.4503885E+000, 2.4005601E+000, 6.2355590E+000, 7.5909329E+000, 6.6573099E+000, 6.8278442E+000, 5.9391703E+000, 5.3139571E+000, 5.1154950E+000, 4.1500325E+004, 3.6312217E-001, 1.2353424E+001, 2.8745059E+001
 5.6001933E+001, 2.0001651E+001, 2.0000693E+001, 2.0002222E+001, 2.0013914E+001, 2.0029525E+001, 2.0058583E+001, 2.0115593E+001, 2.0209751E+001, 2.0507034E+001, 1.5727373E+002, 1.9075702E+002, 2.0435662E+002, 1.9355236E+002, 2.4856563E+002, 2.1511344E+002, 3.0936988E+002, 4.4488979E+002, 3.7546333E+002, 3.3399298E+002, 3.0147550E+002, 2.7178531E+002, 2.7320312E+002, 2.5253899E+002, 2.2046303E+000, 2.0592830E+000, 2.0592010E+000, 2.0928856E+000, 1.9649712E+000, 2.0268762E+000, 1.8567250E+000, 1.8085563E+000, 8.8151888E-001,-1.1307255E+000,-7.0825092E-001,-6.9445908E-001,-2.6708421E-001,-8.2365990E-001,-5.0943180E-001, 1.5036060E+000, 3.7218184E+000, 5.1768992E+000, 6.3300237E+000, 5.9557339E+000, 4.9078425E+000, 5.2066754E+000, 4.3620955E+000, 3.9052469E+004, 3.3816678E-001, 1.1709306E+001, 2.9325393E+001
 5.7003176E+001, 2.0000007E+001, 2.0001371E+001, 2.0003550E+001, 2.0014323E+001, 2.0030581E+001, 2.0059358E+001, 2.0107335E+001, 2.0214086E+001, 2.0466963E+001, 1.5001217E+002, 1.8737735E+002, 2.0672005E+002, 2.0535287E+002, 2.5488631E+002, 2.4475478E+002, 3.5954531E+002, 3.8022266E+002, 3.5424613E+002, 2.8651579E+002, 2.7330676E+002, 2.7588622E+002, 2.6242336E+002, 2.5638697E+002, 2.2535321E+000, 2.1280167E+000, 2.0580136E+000, 2.1345381E+000, 2.1618755E+000, 2.1235253E+000, 2.0553902E+000, 1.7648388E+000, 1.5963850E+000,-5.0502139E-001,-4.4575744E-001,-4.8295991E-001,-3.4280177E-001,-4.7246331E-001, 8.9156254E-001, 1.0601157E+000, 6.3479508E+000, 7.1962199E+000, 5.7229851E+000, 6.0215467E+000, 6.4359044E+000, 4.9905144E+000, 5.1499466E+000, 4.0625439E+004, 3.6164931E-001, 1.2114057E+001, 2.1429563E+001
 5.8008285E+001, 1.9998525E+001, 2.0001761E+001, 2.0003469E+001, 2.0014127E+001, 2.0031914E+001, 2.0062349E+001, 2.0113046E+001, 2.0206355E+001, 2.0492907E+001, 1.4336300E+002, 1.8952420E+002, 2.1479953E+002, 2.2601544E+002, 2.5859408E+002, 2.2791542E+002, 3.8484301E+002, 4.4775105E+002, 3.2838517E+002, 2.7513162E+002, 2.7355399E+002, 2.5865129E+002, 2.6636456E+002, 2.5895529E+002, 2.2926089E+000, 2.1585096E+000, 2.0141695E+000, 2.1314216E+000, 2.1383634E+000, 2.1295602E+000, 2.0614199E+000, 1.9038190E+000, 1.2258644E+000,-6.0916652E-001,-3.6332519E-001,-5.1413333E-001,-8.3398647E-001,-6.7409498E-001, 2.0406518E+000,-2.9380495E-001, 5.5057252E+000, 6.8477235E+000, 6.6767908E+000, 6.2420787E+000, 5.6274996E+000, 5.6116266E+000, 4.5881122E+000, 4.0167773E+004, 3.4516118E-001, 1.1495609E+001, 3.3599323E+001
 5.9003783E+001, 1.9999118E+001, 2.0000131E+001, 2.0003244E+001, 2.0015870E+001, 2.0031851E+001, 2.0064237E+001, 2.0117417E+001, 2.0210948E+001, 2.0485995E+001, 1.5263208E+002, 1.9550037E+002, 2.2222133E+002, 2.5074878E+002, 2.6219397E+002, 2.2853112E+002, 3.9217034E+002, 4.5686192E+002, 3.1846919E+002, 2.9464156E+002, 2.8340575E+002, 2.6513556E+002, 2.5043325E+002, 2.5955238E+002, 2.2351990E+000, 2.1673685E+000, 2.0310580E+000, 2.0106425E+000, 2.1084387E+000, 2.0114840E+000, 1.8415414E+000, 1.9844749E+000, 1.0781306E+000,-7.6226496E-001,-5.8982916E-001,-7.8024329E-001,-1.3179441E+000,-5.3583169E-001,-1.4944758E+000,-4.5751523E-001, 3.4254877E+000, 7.7584245E+000, 7.7474385E+000, 7.5981409E+000, 5.7272083E+000, 4.4744543E+000, 4.6031866E+000, 3.8959814E+004, 3.6378150E-001, 1.2146337E+001, 2.7274103E+001
 6.0004489E+001, 1.9998073E+001, 1.9998267E+001, 2.0004039E+001, 2.0018207E+001, 2.0033472E+001, 2.0063532E+001, 2.0116534E+001, 2.0213663E+001, 2.0453154E+001, 1.5092899E+002, 1.9967180E+002, 2.3182852E+002, 2.4537471E+002, 2.6276695E+002, 2.2676236E+002, 3.0903113E+002, 4.0588391E+002, 3.2486693E+002, 2.7710927E+002, 2.5172715E+002, 2.7042737E+002, 2.6376055E+002, 2.4620098E+002, 2.3967089E+000, 2.2485988E+000, 2.0229999E+000, 2.0179520E+000, 2.0218028E+000, 2.1500671E+000, 2.1479380E+000, 1.7056781E+000, 1.6484322E+000,-3.2150453E-001,-7.4205081E-001,-1.1280492E+000,-1.0810107E+000,-4.5423679E-001,-9.5602009E-002, 7.2123927E-001, 3.8611314E+000, 4.9359493E+000, 6.1178228E+000, 6.8234665E+000, 6.8201489E+000, 5.0233790E+000, 4.3681843E+000, 4.0310740E+004, 3.3937034E-001, 1.1735310E+001, 2.4372673E+001
 6.1002350E+001, 2.0000371E+001, 1.9998990E+001, 2.0001687E+001, 2.0015286E+001, 2.0035741E+001, 2.0062935E+001, 2.0110653E+001, 2.0204089E+001, 2.0453625E+001, 1.3758751E+002, 2.1273406E+002, 2.3217484E+002, 2.3395292E+002, 2.5855043E+002, 2.4323980E+002, 3.0743238E+002, 4.0842693E+002, 2.9124712E+002, 3.0891204E+002, 2.9736601E+002, 2.5255040E+002, 2.7045267E+002, 2.5568002E+002, 2.2390190E+000, 2.2096940E+000, 2.1995715E+000, 1.8310634E+000, 1.9167535E+000, 1.9724876E+000, 2.0795610E+000, 1.9798717E+000, 1.3141688E+000,-7.5089306E-001,-1.3611205E+000,-1.2362086E+000,-9.1545866E-001,-2.6311660E-001,-2.7499257E-001, 1.5397419E-001, 2.3805063E+000, 5.3600596E+000, 5.8026850E+000, 5.0007776E+000, 5.7970288E+000, 5.7223520E+000, 4.1717213E+000, 4.0820304E+004, 3.5795155E-001, 1.2442938E+001, 1.8725040E+001
 6.2006803E+001, 2.0001277E+001, 1.9998103E+001, 2.0000054E+001, 2.0017342E+001, 2.0035716E+001, 2.0069245E+001, 2.0118759E+001, 2.0209075E+001, 2.0443475E+001, 1.6934430E+002, 2.2428596E+002, 2.2758553E+002, 2.4348693E+002, 2.6123324E+002, 2.2132380E+002, 3.2330427E+002, 3.3143019E+002, 2.8850397E+002, 2.3092106E+002, 2.6111585E+002, 2.7343926E+002, 2.4952001E+002, 2.6344035E+002, 2.3083096E+000, 2.4075473E+000, 2.2474002E+000, 1.9678968E+000, 1.8739223E+000, 2.0279555E+000, 2.0110750E+000, 2.2020186E+000, 1.4521458E+000,-1.0117108E+000,-1.0914551E+000,-8.2478456E-001,-6.6869956E-001,-8.6574528E-001, 1.7530565E-001, 1.3682126E+000, 1.5560622E+000, 3.9528450E+000, 5.3634840E+000, 5.1650660E+000, 5.4119854E+000, 5.3165997E+000, 5.2364855E+000, 3.9314997E+004, 3.6951839E-001, 1.2129447E+001, 3.3913530E+001
 6.3007334E+001, 2.0001549E+001, 2.0000389E+001, 2.0000366E+001, 2.0013622E+001, 2.0035759E+001, 2.0074755E+001, 2.0123015E+001, 2.0216717E+001, 2.0453111E+001, 1.7307496E+002, 2.2507133E+002, 2.4251827E+002, 2.5913808E+002, 2.5599907E+002, 2.4656955E+002, 2.5614349E+002, 4.5168974E+002, 3.5757683E+002, 3.2556019E+002, 2.2568542E+002, 2.4617424E+002, 2.6491246E+002, 2.4413171E+002, 2.2502323E+000, 2.2565334E+000, 2.2075982E+000, 2.1070215E+000, 1.9153214E+000, 1.7509161E+000, 1.9673672E+000, 1.8146221E+000, 1.7145817E+000,-9.0313887E-001,-1.0388651E+000,-1.0249644E+000,-7.4062759E-001,-6.2689504E-001, 8.5705599E-001, 2.5902537E+000, 4.7680670E+000, 7.2177749E+000, 5.9177395E+000, 4.3685835E+000, 5.2583350E+000, 4.8304351E+000, 5.3053483E+000, 3.9679639E+004, 3.6858675E-001, 1.2893430E+001, 2.1832275E+001
 6.4000734E+001, 1.9998999E+001, 2.0001432E+001, 1.9999754E+001, 2.0012746E+001, 2.0031494E+001, 2.0068037E+001, 2.0141289E+001, 2.0226987E+001, 2.0463486E+001, 1.6270001E+002, 2.2560778E+002, 2.4633129E+002, 2.4961624E+002, 2.4231228E+002, 2.8082909E+002, 3.3219289E+002, 2.9351636E+002, 2.7386021E+002, 2.3795757E+002, 2.9571186E+002, 2.3719703E+002, 2.4104205E+002, 2.5121927E+002, 2.2514475E+000, 2.2872123E+000, 2.3128092E+000, 2.0357960E+000, 1.9812403E+000, 1.8702053E+000, 1.8041100E+000, 1.7778670E+000, 1.6866202E+000,-5.8195691E-001,-1.0063784E+000,-9.8615677E-001,-1.0619880E+000,-9.5981084E-001,-1.8945647E-001, 3.0826416E-001, 1.4493755E+000, 3.5661828E+000, 5.5615252E+000, 6.1035921E+000, 5.5315539E+000, 4.7709419E+000, 5.7453652E+000, 4.1081527E+004, 3.6539370E-001, 1.2573107E+001, 2.7013703E+001
 6.5004520E+001, 1.9999039E+001, 2.0001687E+001, 2.0001917E+001, 2.0011055E+001, 2.0030188E+001, 2.0064958E+001, 2.0122797E+001, 2.0261481E+001, 2.0478403E+001, 1.7911987E+002, 2.3264588E+002, 2.4756720E+002, 2.5599282E+002, 2.5599947E+002, 2.5341288E+002, 2.8800622E+002, 3.7044711E+002, 3.2199933E+002, 2.7646058E+002, 2.5408103E+002, 2.6637433E+002, 2.4227033E+002, 2.4901146E+002, 2.3042518E+000, 2.2394777E+000, 2.2331614E+000, 2.1764338E+000, 1.9872439E+000, 1.9944447E+000, 1.7216010E+000, 1.8714543E+000, 1.5256932E+000,-4.8127086E-001,-9.2789848E-001,-1.0146520E+000,-9.4364184E-001,-4.3145191E-001,-6.7709358E-001, 1.8130727E+000, 4.4583097E+000, 5.0557262E+000, 4.2610462E+000, 4.3829819E+000, 5.3231959E+000, 4.6538855E+000, 4.1260153E+000, 3.9106543E+004, 3.6640501E-001, 1.2346085E+001, 2.7586644E+001
 6.6000043E+001, 1.9999797E+001, 1.9998992E+001, 2.0002886E+001, 2.0011053E+001, 2.0027569E+001, 2.0062890E+001, 2.0123905E+001, 2.0231062E+001, 2.0553607E+001, 1.8974029E+002, 2.3513398E+002, 2.4623580E+002, 2.6350113E+002, 2.6662485E+002, 2.7335569E+002, 3.1889474E+002, 3.6713974E+002, 2.9166359E+002, 2.9700269E+002, 3.0013674E+002, 2.5666013E+002, 2.5423500E+002, 2.5332482E+002, 2.2883358E+000, 2.2119897E+000, 2.3324910E+000, 2.3030204E+000, 2.2209218E+000, 1.9910276E+000, 2.0268383E+000, 1.8218440E+000, 1.6700076E+000,-2.8048573E-001,-9.2024350E-001,-9.2039661E-001,-1.0716498E+000,-3.5218124E-001,-3.6283679E-003, 3.7674965E-001, 4.0306216E+000, 6.0247537E+000, 6.3230324E+000, 5.4983945E+000, 4.5629689E+000, 4.2593822E+000, 4.1715249E+000, 4.0136070E+004, 3.7629366E-001, 1.2760655E+001, 1.8949066E+001
 6.7006557E+001, 2.0000365E+001, 1.9999130E+001, 2.0003410E+001, 2.0013807E+001, 2.0027765E+001, 2.0058822E+001, 2.0117432E+001, 2.0231677E+001, 2.0487206E+001, 1.9006806E+002, 2.3534769E+002, 2.5225848E+002, 2.7058744E+002, 2.7824104E+002, 3.2367480E+002, 3.5677146E+002, 3.3406757E+002, 3.2592519E+002, 2.5021982E+002, 2.3807971E+002, 2.8018516E+002, 2.5131171E+002, 2.4718052E+002, 2.2951436E+000, 2.2968158E+000, 2.2280389E+000, 2.3185541E+000, 2.2376134E+000, 2.1232325E+000, 2.1196602E+000, 1.9414824E+000, 1.5026329E+000,-4.5873229E-001,-1.1414577E+000,-8.1196039E-001,-1.0205302E+000,-7.4435070E-001,-7.1180430E-001, 1.3824653E+000, 4.2139758E+000, 5.2033056E+000, 6.2798952E+000, 6.5739180E+000, 4.9800938E+000, 3.9215725E+000, 3.5911847E+000, 3.9940554E+004, 3.8029454E-001, 1.2836137E+001, 1.9201813E+001
 6.8006075E+001, 2.0000400E+001, 2.0000242E+001, 2.0000558E+001, 2.0014825E+001, 2.0031841E+001, 2.0059270E+001, 2.0113720E+001, 2.0216445E+001, 2.0516901E+001, 1.7832348E+002, 2.4039944E+002, 2.5806410E+002, 2.7550701E+002, 2.9316855E+002, 2.7065842E+002, 4.1333343E+002, 3.4699778E+002, 2.7028758E+002, 2.2823419E+002, 2.3493336E+002, 2.4886069E+002, 2.6413367E+002, 2.6194027E+002, 2.2562453E+000, 2.1841751E+000, 2.1197190E+000, 2.2147941E+000, 2.2411119E+000, 2.1937838E+000, 1.9986471E+000, 2.0515515E+000, 1.3714668E+000,-2.6605869E-001,-1.2545827E+000,-1.1542782E+000,-9.8925311E-001,-1.0705386E+000, 1.4173666E-001, 5.5828577E-001, 3.8578603E+000, 4.5023243E+000, 5.9994058E+000, 6.0434781E+000, 5.5848777E+000, 4.6078839E+000, 4.0997216E+000, 4.0892801E+004, 3.6552118E-001, 1.3025800E+001, 2.9918169E+001
 6.9003864E+001, 1.9999237E+001, 2.0000551E+001, 2.0000786E+001, 2.0015406E+001, 2.0031667E+001, 2.0061832E+001, 2.0107911E+001, 2.0203367E+001, 2.0441773E+001, 1.1592222E+002, 2.3097485E+002, 2.5774829E+002, 2.7466342E+002, 2.9041191E+002, 2.1936612E+002, 3.2568019E+002, 4.9109215E+002, 3.4015833E+002, 2.8464191E+002, 2.1958355E+002, 2.4491620E+002, 2.6536037E+002, 2.5847044E+002, 2.3110151E+000, 2.1983022E+000, 2.2897729E+000, 2.2311503E+000, 2.2936143E+000, 2.3256772E+000, 2.2211516E+000, 1.9300566E+000, 1.8898711E+000,-7.4321847E-001,-8.9018711E-001,-9.7237454E-001,-8.1867007E-001,-6.0649262E-001, 7.1547418E-001,-4.8191156E-001, 3.9363155E+000, 6.6341714E+000, 6.1263998E+000, 5.2894340E+000, 6.0513040E+000, 4.3266263E+000, 5.3025412E+000, 3.9550102E+004, 3.4276060E-001, 1.2340532E+001, 2.4886289E+001
 7.0000857E+001, 1.9997851E+001, 2.0000527E+001, 2.0002298E+001, 2.0011386E+001, 2.0032025E+001, 2.0061361E+001, 2.0109675E+001, 2.0195654E+001, 2.0439394E+001, 9.2114172E+001, 2.2493815E+002, 2.6207617E+002, 2.6987760E+002, 2.5444255E+002, 2.5698816E+002, 3.6619742E+002, 3.5554437E+002, 3.2656252E+002, 2.8289476E+002, 2.9090102E+002, 2.3863008E+002, 2.3793031E+002, 2.7596002E+002, 2.3553780E+000, 2.1818925E+000, 2.1248413E+000, 2.1536138E+000, 2.1914204E+000, 2.1596530E+000, 2.2124770E+000, 2.0310549E+000, 1.6504803E+000,-6.8444058E-001,-1.0294857E+000,-1.0608940E+000,-9.2719969E-001,-8.8910893E-001, 7.5309054E-001, 2.6596009E+000, 5.1435507E+000, 4.7082829E+000, 5.1165411E+000, 5.8593519E+000, 5.3243991E+000, 4.6067667E+000, 4.9073486E+000, 3.9151810E+004, 3.5168126E-001, 1.2676507E+001, 3.2484162E+001
 7.1006823E+001, 1.9998693E+001, 1.9999441E+001, 2.0002443E+001, 2.0012114E+001, 2.0028120E+001, 2.0063022E+001, 2.0113715E+001, 2.0201777E+001, 2.0414567E+001, 8.0891546E+001, 2.3178155E+002, 2.6660365E+002, 2.7033530E+002, 2.6941241E+002, 2.1763696E+002, 2.6466087E+002, 3.6507923E+002, 3.4208399E+002, 3.3568745E+002, 2.9745701E+002, 2.7823734E+002, 2.4391017E+002, 2.4867297E+002, 2.3211569E+000, 2.2693440E+000, 2.0835980E+000, 2.2437869E+000, 2.2109270E+000, 2.1723325E+000, 2.0822806E+000, 2.2912999E+000, 1.6716008E+000, 3.1058915E-001,-1.1682853E+000,-9.5290204E-001,-8.9557968E-001, 6.3104319E-002, 1.3321218E+000, 8.5062252E-001, 4.5061150E+000, 5.6631677E+000, 6.6351414E+000, 6.0794126E+000, 5.1488619E+000, 5.1086936E+000, 4.2875511E+000, 4.1162469E+004, 3.7451742E-001, 1.2629922E+001, 2.3860343E+001
 7.2001458E+001, 2.0000720E+001, 1.9997812E+001, 2.0002142E+001, 2.0014332E+001, 2.0028393E+001, 2.0059727E+001, 2.0119402E+001, 2.0220006E+001, 2.0445170E+001, 1.6858633E+002, 2.3608093E+002, 2.6800144E+002, 2.6823496E+002, 2.7432719E+002, 2.6445164E+002, 3.2498167E+002, 4.6715989E+002, 3.2630228E+002, 2.8490235E+002, 3.0519452E+002, 2.8877740E+002, 2.5970955E+002, 2.4372858E+002, 2.2510602E+000, 2.3771134E+000, 2.2027828E+000, 2.2210290E+000, 2.2400283E+000, 2.2399212E+000, 2.2298251E+000, 1.9712521E+000, 1.9450385E+000,-7.5228431E-001,-8.2746198E-001,-9.3549784E-001,-8.5234342E-001,-5.3642896E-002, 1.1762162E+000,-6.3385824E-001, 4.6199348E+000, 6.4029660E+000, 7.2078369E+000, 6.4443391E+000, 6.0105645E+000, 5.1331899E+000, 4.2830323E+000, 4.0827202E+004, 3.8659349E-001, 1.2968515E+001, 1.9633573E+001
 7.3004462E+001, 2.0000702E+001, 1.9998398E+001, 2.0001340E+001, 2.0014648E+001, 2.0031618E+001, 2.0058920E+001, 2.0115166E+001, 2.0224305E+001, 2.0470540E+001, 2.0599668E+002, 2.3003208E+002, 2.6752151E+002, 2.6404202E+002, 2.8375544E+002, 2.7480148E+002, 3.7796517E+002, 3.5368815E+002, 3.2092549E+002, 2.2669745E+002, 2.5187198E+002, 2.7575616E+002, 2.6721551E+002, 2.5190200E+002, 2.2069440E+000, 2.2457750E+000, 2.2306510E+000, 1.9538797E+000, 2.1110574E+000, 2.1456879E+000, 2.1253351E+000, 2.0112608E+000, 1.6994400E+000,-9.1260616E-001,-8.7103690E-001,-9.8395193E-001,-1.0097864E+000,-9.2877993E-001, 5.1348123E-002,-6.0525358E-001, 3.1186336E+000, 5.5423228E+000, 5.8230481E+000, 6.3600689E+000, 6.3513537E+000, 5.5635273E+000, 5.3712866E+000, 4.0248230E+004, 3.7747249E-001, 1.2900417E+001, 2.6777968E+001
 7.4003484E+001, 2.0001915E+001, 2.0000643E+001, 1.9999437E+001, 2.0013684E+001, 2.0033962E+001, 2.0065008E+001, 2.0112808E+001, 2.0217849E+001, 2.0486364E+001, 1.9702894E+002, 2.2506040E+002, 2.6215185E+002, 2.7216736E+002, 2.9423874E+002, 2.8100617E+002, 3.9127289E+002, 3.8379120E+002, 3.1601372E+002, 3.0509895E+002, 2.5792347E+002, 2.4518588E+002, 2.6358462E+002, 2.6295449E+002, 2.2660786E+000, 2.2080922E+000, 2.3502631E+000, 2.1047831E+000, 1.9645171E+000, 2.1690384E+000, 2.1194412E+000, 2.1813010E+000, 1.7340335E+000,-6.5683179E-001,-5.8229414E-001,-8.6845628E-001,-8.3580799E-001,-7.8400392E-001,-1.3817664E+000,-2.5282848E+000, 3.2085819E+000, 5.6349159E+000, 6.4640953E+000, 6.4433136E+000, 5.6136468E+000, 6.0862125E+000, 5.0021577E+000, 3.8262139E+004, 3.6924153E-001, 1.2454400E+001, 1.9425191E+001
 7.5000503E+001, 2.0001474E+001, 2.0000949E+001, 1.9999508E+001, 2.0012985E+001, 2.0029680E+001, 2.0068423E+001, 2.0119437E+001, 2.0210511E+001, 2.0474597E+001, 1.4655183E+002, 2.3118158E+002, 2.5701646E+002, 2.8230548E+002, 2.9463520E+002, 2.9275428E+002, 3.3487307E+002, 3.7340702E+002, 3.2451816E+002, 2.5025293E+002, 2.4167277E+002, 2.6835567E+002, 2.4821288E+002, 2.5647709E+002, 2.1727723E+000, 2.1460751E+000, 2.2593126E+000, 2.2019248E+000, 2.0393340E+000, 1.8585746E+000, 2.1541599E+000, 1.9924266E+000, 1.6942823E+000,-6.2213297E-001,-7.2639329E-001,-8.4958921E-001,-8.3829405E-001,-8.3514957E-001,-1.7065366E+000, 3.5901294E-001, 3.8519174E+000, 5.9441503E+000, 4.9807110E+000, 5.4346081E+000, 5.7883733E+000, 4.6526270E+000, 5.9605832E+000, 3.9933127E+004, 3.5722238E-001, 1.2310217E+001, 2.6884014E+001
 7.6008536E+001, 1.9999386E+001, 2.0002467E+001, 2.0001790E+001, 2.0010390E+001, 2.0029192E+001, 2.0059201E+001, 2.0128857E+001, 2.0216923E+001, 2.0467545E+001, 1.6682518E+002, 2.3062013E+002, 2.5359258E+002, 2.8401591E+002, 2.9571475E+002, 3.1053529E+002, 2.9561029E+002, 2.9795809E+002, 2.7985530E+002, 2.8147746E+002, 2.6590664E+002, 2.2043109E+002, 2.5123546E+002, 2.4870458E+002, 2.2215331E+000, 2.1579063E+000, 2.1139773E+000, 2.2326142E+000, 2.1598745E+000, 1.9655893E+000, 1.8972131E+000, 2.0829240E+000, 1.4930916E+000,-7.2678609E-001,-9.5360385E-001,-8.8111677E-001,-9.3529266E-001,-2.8141296E-001,-6.5662587E-001, 2.5430657E-001, 1.1862564E+000, 5.2008358E+000, 6.4941349E+000, 6.7560071E+000, 5.4077288E+000, 5.2869324E+000, 4.7080443E+000, 4.1406395E+004, 3.6909490E-001, 1.2529557E+001, 1.9685711E+001
 7.7003161E+001, 1.9999474E+001, 2.0002448E+001, 2.0002713E+001, 2.0010067E+001, 2.0026733E+001, 2.0060145E+001, 2.0112041E+001, 2.0255797E+001, 2.0476737E+001, 1.7687643E+002, 2.1995296E+002, 2.5425256E+002, 2.7189017E+002, 3.0033082E+002, 3.0800454E+002, 3.0535466E+002, 3.7678416E+002, 2.7633309E+002, 2.6262735E+002, 2.4928729E+002, 2.5769335E+002, 2.2772700E+002, 2.4369842E+002, 2.2942885E+000, 2.0755271E+000, 2.1251726E+000, 2.2336559E+000, 2.1816708E+000, 2.2035085E+000, 1.8866011E+000, 1.8223418E+000, 1.8806923E+000,-3.6278207E-001,-7.2415920E-001,-6.2513647E-001,-7.1723336E-001,-7.0705518E-001,-1.0670458E+000,-3.6184369E-002, 3.9626332E+000, 4.8362551E+000, 4.9894604E+000, 4.9128406E+000, 6.0654865E+000, 4.9707322E+000, 4.2396566E+000, 3.9077660E+004, 3.8625307E-001, 1.2936554E+001, 1.6851294E+001
 7.8006676E+001, 1.9999810E+001, 1.9999592E+001, 2.0004458E+001, 2.0012677E+001, 2.0026625E+001, 2.0057326E+001, 2.0112997E+001, 2.0213344E+001, 2.0545739E+001, 1.9399718E+002, 2.2642066E+002, 2.7614094E+002, 2.6085418E+002, 2.9404147E+002, 2.9107210E+002, 2.9807578E+002, 5.4577755E+002, 4.0083188E+002, 2.8433346E+002, 2.5795459E+002, 2.5622624E+002, 2.4976041E+002, 2.4339414E+002, 2.2520996E+000, 2.0988733E+000, 2.0343763E+000, 2.0977257E+000, 2.2567352E+000, 2.1088563E+000, 2.1229506E+000, 1.7919471E+000, 1.3530438E+000,-4.5910015E-001,-9.9853678E-001,-7.4096961E-001,-5.1173920E-001,-8.2569023E-001, 6.5926344E-002, 4.3676400E-001, 5.5833432E+000, 6.9495981E+000, 7.0916338E+000, 5.8022935E+000, 4.9104011E+000, 5.5581516E+000, 4.9014256E+000, 4.0378079E+004, 3.5751251E-001, 1.2655658E+001, 3.5702785E+001
 7.9003888E+001, 1.9999621E+001, 1.9999348E+001, 2.0005342E+001, 2.0014527E+001, 2.0029103E+001, 2.0056939E+001, 2.0109693E+001, 2.0209965E+001, 2.0488632E+001, 2.0221505E+002, 2.2658047E+002, 2.7171644E+002, 2.5017706E+002, 2.7524032E+002, 2.2480646E+002, 2.8007193E+002, 3.8067375E+002, 3.8853950E+002, 3.5403930E+002, 3.2445839E+002, 2.5944443E+002, 2.5046177E+002, 2.3994961E+002, 2.2516094E+000, 2.2449374E+000, 1.9796164E+000, 2.1310881E+000, 2.1297934E+000, 2.2421013E+000, 2.0901747E+000, 2.0072440E+000, 1.3974042E+000,-8.3126486E-001,-9.4774693E-001,-9.1240261E-001,-7.0297694E-001,-5.4084581E-001,-1.2162641E+000, 2.0666360E+000, 3.2453547E+000, 6.6786672E+000, 8.2062725E+000, 8.1952564E+000, 5.3423839E+000, 4.7505465E+000, 5.2889726E+000, 4.0958994E+004, 3.5248337E-001, 1.2023329E+001, 3.0685187E+001
 8.0007233E+001, 1.9998018E+001, 1.9999737E+001, 2.0001480E+001, 2.0016739E+001, 2.0030988E+001, 2.0058649E+001, 2.0106266E+001, 2.0203306E+001, 2.0456545E+001, 2.0161541E+002, 2.2061138E+002, 2.4705411E+002, 2.4930540E+002, 2.7202329E+002, 2.1512954E+002, 3.2009767E+002, 4.8570516E+002, 3.4007157E+002, 3.5831460E+002, 3.0143871E+002, 3.0335268E+002, 2.6061245E+002, 2.4472016E+002, 2.2965528E+000, 2.2173625E+000, 1.9854594E+000, 2.0267056E+000, 2.1481821E+000, 2.1382716E+000, 2.2968704E+000, 1.9813812E+000, 1.6300574E+000,-3.0876740E-001,-8.5363572E-001,-5.4786191E-001,-7.9908040E-001, 2.7766010E-001, 8.9870782E-001, 2.6775896E+000, 5.7012281E+000, 7.5341987E+000, 7.7618961E+000, 6.7962334E+000, 7.1542580E+000, 5.2360891E+000, 4.5692912E+000, 3.8856273E+004, 3.5601973E-001, 1.2153082E+001, 2.5448946E+001
 8.1007905E+001, 1.9999199E+001, 2.0000038E+001, 2.0000964E+001, 2.0020257E+001, 2.0035017E+001, 2.0062569E+001, 2.0111625E+001, 2.0201903E+001, 2.0441212E+001, 1.9192301E+002, 2.1982228E+002, 2.2992106E+002, 2.5668153E+002, 2.7577430E+002, 3.0926213E+002, 3.5782289E+002, 4.2754977E+002, 3.3341996E+002, 2.7489454E+002, 2.8440250E+002, 2.9630686E+002, 2.6850454E+002, 2.5855939E+002, 2.3106073E+000, 2.1319573E+000, 2.2054974E+000, 1.9761349E+000, 2.0277014E+000, 2.1912860E+000, 2.0409126E+000, 2.2267066E+000, 1.6021949E+000,-4.3525871E-001,-7.3157107E-001,-5.9522552E-001,-5.9280271E-001,-4.8187427E-003,-6.0115334E-001, 1.5576768E+000, 6.4955819E+000, 6.6784126E+000, 6.2789030E+000, 6.7101870E+000, 6.4504492E+000, 5.7877299E+000, 5.7163891E+000, 3.9716554E+004, 3.5054268E-001, 1.1784332E+001, 3.9008329E+001
 8.2004470E+001, 2.0001548E+001, 1.9997990E+001, 2.0001333E+001, 2.0014019E+001, 2.0039364E+001, 2.0066051E+001, 2.0112443E+001, 2.0202558E+001, 2.0439322E+001, 1.8535295E+002, 2.2234954E+002, 2.4685830E+002, 2.6875868E+002, 2.8909078E+002, 2.7006564E+002, 2.5585154E+002, 3.1516483E+002, 2.7281493E+002, 2.7544434E+002, 2.7193863E+002, 2.5513713E+002, 2.7807996E+002, 2.5686573E+002, 2.1581162E+000, 2.1720151E+000, 2.1399955E+000, 1.8913466E+000, 1.9144525E+000, 1.8895897E+000, 2.0550343E+000, 1.8705709E+000, 1.7327071E+000,-3.7005359E-001,-8.4137551E-001,-1.4997880E+000,-9.9713921E-001,-6.5571485E-002, 9.0758434E-002, 6.2078357E-001, 2.0858366E+000, 6.8080588E+000, 7.1520724E+000, 7.1313562E+000, 5.3533965E+000, 5.1778790E+000, 4.6816880E+000, 4.0432827E+004, 3.5726173E-001, 1.2475836E+001, 2.4983130E+001
 8.3000384E+001, 2.0000851E+001, 1.9999298E+001, 2.0002015E+001, 2.0012596E+001, 2.0034139E+001, 2.0074952E+001, 2.0121879E+001, 2.0206656E+001, 2.0449607E+001, 1.7453091E+002, 2.3051462E+002, 2.5674114E+002, 2.8461359E+002, 2.8379530E+002, 2.7269514E+002, 4.2061649E+002, 4.0092540E+002, 3.0418310E+002, 2.4476827E+002, 1.9334885E+002, 2.8747749E+002, 2.5701374E+002, 2.6383043E+002, 2.2247605E+000, 2.3326815E+000, 2.1174514E+000, 2.1326681E+000, 2.0189460E+000, 1.9853212E+000, 2.0804552E+000, 2.0915748E+000, 1.6580480E+000,-1.0111367E-001,-6.5436665E-001,-1.0927489E+000,-7.5096680E-001,-3.8512803E-002,-4.8220449E-002,-1.5237066E-001, 4.3276375E+000, 6.2971553E+000, 6.0075453E+000, 5.9087366E+000, 6.8719863E+000, 4.8911870E+000, 5.4222835E+000, 4.1111146E+004, 3.7078639E-001, 1.2723155E+001, 2.8928779E+001
 8.4008573E+001, 1.9998275E+001, 2.0001654E+001, 1.9999762E+001, 2.0012531E+001, 2.0029386E+001, 2.0069595E+001, 2.0134371E+001, 2.0230168E+001, 2.0455931E+001, 1.8417436E+002, 2.3679601E+002, 2.5510832E+002, 2.9820846E+002, 2.6547048E+002, 2.3187674E+002, 3.1695444E+002, 4.2167618E+002, 3.1132949E+002, 2.6826918E+002, 2.7798868E+002, 2.2007380E+002, 2.6573412E+002, 2.5520527E+002, 2.2393681E+000, 2.0981655E+000, 2.1622720E+000, 2.1622383E+000, 1.9400416E+000, 1.9809258E+000, 1.7475475E+000, 1.9478581E+000, 1.7384636E+000,-3.4838549E-001,-1.2715012E+000,-9.6358329E-001,-7.2668278E-001,-8.8176021E-001,-9.4124339E-001, 1.0559715E+000, 4.8570399E+000, 6.2028096E+000, 6.5801771E+000, 6.0835586E+000, 5.2650552E+000, 5.4623785E+000, 4.6602079E+000, 3.7309683E+004, 3.5353459E-001, 1.2003681E+001, 3.5618555E+001
 8.5007993E+001, 1.9999969E+001, 2.0001587E+001, 2.0001025E+001, 2.0013737E+001, 2.0028932E+001, 2.0059430E+001, 2.0130699E+001, 2.0244047E+001, 2.0500801E+001, 1.9025392E+002, 2.4589698E+002, 2.5329445E+002, 2.7850906E+002, 2.7014487E+002, 2.5059638E+002, 3.2634551E+002, 3.9338072E+002, 3.2048577E+002, 2.6919472E+002, 2.5070695E+002, 2.7616261E+002, 2.3832096E+002, 2.5400929E+002, 2.2834026E+000, 2.2029031E+000, 2.3215118E+000, 2.1110193E+000, 2.2721892E+000, 1.9719883E+000, 2.1399447E+000, 1.7626547E+000, 1.8451326E+000,-4.3890539E-001,-1.1971626E+000,-7.3031658E-001,-5.3506055E-001,-1.0246714E+000,-5.4339223E-001, 6.8534248E-002, 3.2945313E+000, 5.8176949E+000, 5.6258976E+000, 6.3801175E+000, 5.8335352E+000, 5.2355167E+000, 4.9015642E+000, 3.9661711E+004, 3.8115825E-001, 1.2701836E+001, 1.7157825E+001
 8.6000218E+001, 1.9999517E+001, 1.9998040E+001, 2.0003447E+001, 2.0010978E+001, 2.0029545E+001, 2.0058738E+001, 2.0112882E+001, 2.0251062E+001, 2.0516018E+001, 1.9501625E+002, 2.4800016E+002, 2.5714157E+002, 2.6516338E+002, 2.6479188E+002, 2.7195840E+002, 3.5031646E+002, 4.7007022E+002, 3.1964641E+002, 2.5501926E+002, 2.6166133E+002, 2.7317616E+002, 2.6516943E+002, 2.4623645E+002, 2.2651788E+000, 2.1902478E+000, 2.1073108E+000, 2.1690378E+000, 2.0693711E+000, 2.1979693E+000, 1.9269142E+000, 2.0464802E+000, 1.4538301E+000,-6.9426950E-001,-6.9636739E-001,-5.9058778E-001,-4.4461619E-001,-3.4245590E-001,-1.9482379E+000,-5.9564678E-001, 4.5593535E+000, 5.8277514E+000, 5.6239387E+000, 4.9291594E+000, 5.5573461E+000, 5.7719095E+000, 5.2418285E+000, 4.1886327E+004, 3.7094725E-001, 1.2653667E+001, 2.9504936E+001
 8.7007893E+001, 2.0000132E+001, 2.0000251E+001, 2.0003788E+001, 2.0012539E+001, 2.0028185E+001, 2.0061787E+001, 2.0116880E+001, 2.0220990E+001, 2.0599320E+001, 1.9000017E+002, 2.4930940E+002, 2.5908848E+002, 2.4782777E+002, 2.5605362E+002, 2.6994389E+002, 3.0722277E+002, 3.5322618E+002, 3.4961173E+002, 3.0103911E+002, 2.6799533E+002, 2.4907069E+002, 2.6780994E+002, 2.5271557E+002, 2.2343869E+000, 2.1406578E+000, 1.9908004E+000, 2.1265927E+000, 2.0096048E+000, 1.9544423E+000, 2.0109933E+000, 1.7935178E+000, 1.2506031E+000,-8.6629411E-001,-9.8306874E-001,-8.4033589E-001,-7.6032616E-001,-3.9861964E-001, 5.1587055E-001,-1.6024469E+000, 2.6845684E+000, 5.3666981E+000, 5.9285559E+000, 6.1582231E+000, 4.6153809E+000, 5.2420545E+000, 5.0135493E+000, 3.9936061E+004, 3.9649549E-001, 1.3389465E+001, 1.2221092E+001
 8.8006351E+001, 2.0000977E+001, 1.9999900E+001, 2.0000127E+001, 2.0016302E+001, 2.0031149E+001, 2.0063225E+001, 2.0120988E+001, 2.0230466E+001, 2.0512730E+001, 1.7571486E+002, 2.4067913E+002, 2.4403740E+002, 2.3975541E+002, 2.6950443E+002, 2.9617720E+002, 4.2193008E+002, 4.1091855E+002, 2.5134655E+002, 1.9268021E+002, 2.4112488E+002, 2.6206601E+002, 2.4379183E+002, 2.6042449E+002, 2.2070610E+000, 2.1897312E+000, 2.1482041E+000, 2.1144694E+000, 2.2794908E+000, 2.1798943E+000, 2.1551306E+000, 2.0245837E+000, 1.7457879E+000,-8.8724860E-001,-7.2253626E-001,-3.8475370E-001,-4.4547649E-001,-4.4140658E-002,-5.3555234E-001,-1.1533624E-001, 3.7262841E+000, 4.3117130E+000, 5.0571846E+000, 5.2894435E+000, 6.0067709E+000, 5.2619689E+000, 5.8565145E+000, 4.1059162E+004, 3.8179875E-001, 1.2855686E+001, 3.1679446E+001
 8.9001548E+001, 1.9999063E+001, 2.0000094E+001, 2.0002110E+001, 2.0017073E+001, 2.0033810E+001, 2.0062619E+001, 2.0117555E+001, 2.0220153E+001, 2.0503277E+001, 1.7246594E+002, 2.2847433E+002, 2.3435803E+002, 2.3348407E+002, 2.6194666E+002, 2.4919433E+002, 3.6171952E+002, 3.8839778E+002, 3.5755424E+002, 3.0454895E+002, 2.1825959E+002, 2.2049257E+002, 2.4670210E+002, 2.4519982E+002, 2.2406786E+000, 2.1551565E+000, 2.1169767E+000, 1.8652062E+000, 2.0081529E+000, 2.1005956E+000, 1.9275459E+000, 1.8728007E+000, 1.5408017E+000,-1.0977816E+000,-9.1594493E-001,-4.7206564E-001,-9.4848932E-001,-5.1479014E-001,-8.7835846E-002,-1.2778859E+000, 3.3597642E+000, 5.8670327E+000, 6.3986525E+000, 5.0650645E+000, 4.4835451E+000, 5.2043491E+000, 4.7615519E+000, 3.8247324E+004, 3.5949090E-001, 1.2014455E+001, 2.5776753E+001
 9.0000227E+001, 1.9998798E+001, 2.0001159E+001, 2.0002169E+001, 2.0012404E+001, 2.0036646E+001, 2.0064757E+001, 2.0114088E+001, 2.0212883E+001, 2.0485425E+001, 1.9645076E+002, 2.3080860E+002, 2.3783251E+002, 2.4882892E+002, 2.4471861E+002, 2.5275923E+002, 2.9696365E+002, 6.0118955E+002, 3.8125006E+002, 2.6282932E+002, 2.7503299E+002, 2.3526265E+002, 2.1958103E+002, 2.4838756E+002, 2.2945725E+000, 2.1418392E+000, 2.0706049E+000, 2.1458053E+000, 1.9950880E+000, 2.2526645E+000, 2.2651382E+000, 2.1166832E+000, 1.4762498E+000,-6.2431407E-001,-4.4755102E-001,-1.2304809E-002,-7.8311420E-001,-8.2910403E-001, 1.1039865E+000, 1.8344239E+000, 5.9701534E+000, 8.0605394E+000, 6.5010003E+000, 6.5214046E+000, 6.0561810E+000, 4.9555244E+000, 5.4683197E+000, 4.1041056E+004, 3.5302741E-001, 1.2144376E+001, 3.2411330E+001
 9.1000970E+001, 2.0001392E+001, 1.9999148E+001, 2.0001674E+001, 2.0012852E+001, 2.0027373E+001, 2.0068599E+001, 2.0113548E+001, 2.0205863E+001, 2.0463852E+001, 1.6912514E+002, 2.2879994E+002, 2.4412312E+002, 2.6257964E+002, 2.7142923E+002, 2.9791997E+002, 4.2616913E+002, 4.2532040E+002, 3.9049515E+002, 3.0799171E+002, 2.7698662E+002, 2.6278562E+002, 2.4275140E+002, 2.2492472E+002, 2.1943806E+000, 2.1989400E+000, 2.1002769E+000, 2.0992163E+000, 2.0201816E+000, 1.7821785E+000, 2.1475949E+000, 2.0075432E+000, 1.2929358E+000,-7.5680873E-001,-6.0082062E-001,-5.2529293E-001,-9.1694424E-001,-1.8547425E+000,-5.4210229E-001, 1.3058073E+000, 4.1068320E+000, 6.5184564E+000, 7.5909355E+000, 6.2769923E+000, 5.5773494E+000, 4.4253046E+000, 4.4694918E+000, 3.9167221E+004, 3.4562860E-001, 1.1841984E+001, 2.9147245E+001
 9.2008910E+001, 2.0000610E+001, 1.9998735E+001, 2.0003672E+001, 2.0015496E+001, 2.0029530E+001, 2.0059335E+001, 2.0127242E+001, 2.0213976E+001, 2.0544434E+001, 1.6992688E+002, 2.2147396E+002, 2.5305966E+002, 2.7023363E+002, 2.8043856E+002, 2.6040488E+002, 2.6575766E+002, 3.3005989E+002, 2.7408565E+002, 2.6558572E+002, 2.4579318E+002, 2.8175052E+002, 2.6553858E+002, 2.4448895E+002, 2.1798267E+000, 2.1972683E+000, 2.0933545E+000, 1.9876316E+000, 2.0975338E+000, 2.0273069E+000, 1.8872490E+000, 2.0829644E+000, 1.6430590E+000,-6.6845393E-001,-2.0887153E-001,-1.0357160E+000,-1.0479458E+000,-2.3792076E-001, 5.4418605E-001, 4.4331016E-001, 3.9920142E+000, 5.4958807E+000, 5.8491821E+000, 5.9296241E+000, 5.8026203E+000, 4.3523726E+000, 4.2532403E+000, 4.0745509E+004, 3.7920965E-001, 1.3068654E+001, 1.6498309E+001
 9.3003872E+001, 2.0000235E+001, 2.0001801E+001, 2.0000856E+001, 2.0013593E+001, 2.0034304E+001, 2.0060274E+001, 2.0112482E+001, 2.0232519E+001, 2.0482677E+001, 1.8861411E+002, 2.2169469E+002, 2.4799004E+002, 2.5702709E+002, 2.6862606E+002, 2.7691018E+002, 2.7712580E+002, 3.5553812E+002, 3.2687963E+002, 2.6471281E+002, 2.4106529E+002, 2.4038234E+002, 2.8150477E+002, 2.6771185E+002, 2.2838088E+000, 2.1823309E+000, 2.1976609E+000, 1.9931762E+000, 1.9886649E+000, 2.1285138E+000, 1.8715515E+000, 1.9386466E+000, 1.6040423E+000,-5.0440363E-001,-1.4482687E-001,-9.0634162E-001,-1.3245290E+000,-7.6990539E-001,-7.1167924E-001,-1.6241512E+000, 2.0698292E+000, 6.3349269E+000, 6.3641712E+000, 5.4199533E+000, 5.6825102E+000, 5.8748613E+000, 5.3167404E+000, 3.9306465E+004, 3.4410376E-001, 1.2205078E+001, 2.3400449E+001
 9.4002725E+001, 2.0000494E+001, 2.0001309E+001, 2.0000438E+001, 2.0017570E+001, 2.0029977E+001, 2.0066604E+001, 2.0108817E+001, 2.0216660E+001, 2.0498437E+001, 1.8444496E+002, 2.2150267E+002, 2.5587011E+002, 2.5391135E+002, 2.6523969E+002, 2.6901106E+002, 3.1736453E+002, 3.3429191E+002, 2.8285645E+002, 2.7126570E+002, 2.6374127E+002, 2.4297267E+002, 2.3682741E+002, 2.7428912E+002, 2.1807631E+000, 2.0155250E+000, 2.0942372E+000, 1.9689302E+000, 1.8235852E+000, 1.7890899E+000, 1.9923353E+000, 1.5819201E+000, 1.4156798E+000,-6.0834139E-001,-9.0201695E-001,-1.5228152E+000,-1.5607631E+000,-9.2633152E-001,-2.7877823E+000,-2.2466673E+000, 1.6852303E+000, 4.5791258E+000, 5.9543624E+000, 6.3140124E+000, 5.1615360E+000, 4.8819243E+000, 4.7984140E+000, 4.0123528E+004, 3.5677140E-001, 1.2538313E+001, 1.8661796E+001
 9.5000003E+001, 1.9999355E+001, 2.0000216E+001, 2.0003487E+001, 2.0013005E+001, 2.0035431E+001, 2.0061546E+001, 2.0122285E+001, 2.0205728E+001, 2.0503730E+001, 1.7565441E+002, 2.2837140E+002, 2.6224312E+002, 2.7631764E+002, 2.9333438E+002, 1.9887965E+002, 3.3003549E+002, 4.3568588E+002, 3.7240171E+002, 2.9181302E+002, 2.3081603E+002, 2.6264624E+002, 2.4990274E+002, 2.3340879E+002, 2.3885635E+000, 2.2814263E+000, 2.2497539E+000, 2.2604441E+000, 2.1181856E+000, 2.0088269E+000, 2.0981769E+000, 2.1692646E+000, 1.6671429E+000,-1.0827738E-001,-8.0677658E-001,-1.0462082E+000,-8.5731063E-001,-1.3029620E+000,-8.0656757E-001, 9.2069238E-001, 5.5094037E+000, 7.0623070E+000, 6.3826832E+000, 5.3702032E+000, 5.9064365E+000, 6.2201919E+000, 5.3067214E+000, 4.1914123E+004, 3.4386284E-001, 1.2256133E+001, 3.0176927E+001
 9.6004883E+001, 1.9999720E+001, 2.0000585E+001, 2.0003961E+001, 2.0012010E+001, 2.0030838E+001, 2.0067000E+001, 2.0117037E+001, 2.0223771E+001, 2.0456724E+001, 1.6576268E+002, 2.4106530E+002, 2.5807077E+002, 2.8029685E+002, 2.7410795E+002, 2.4464221E+002, 3.4205500E+002, 4.4121257E+002, 3.6458759E+002, 3.1497613E+002, 3.1805110E+002, 2.4308677E+002, 2.5882124E+002, 2.5397208E+002, 2.1981448E+000, 2.1074810E+000, 1.9235690E+000, 2.0431129E+000, 1.9754908E+000, 1.8839844E+000, 1.6495770E+000, 1.7153030E+000, 1.4099965E+000,-3.1785497E-001,-1.4858097E+000,-1.4433988E+000,-1.5061204E+000,-6.5067343E-001,-2.0527024E+000, 9.8385165E-001, 4.2400399E+000, 6.0646211E+000, 6.7387838E+000, 7.2807172E+000, 5.5638264E+000, 5.2136171E+000, 5.1809176E+000, 3.7287593E+004, 3.6531596E-001, 1.2818777E+001, 2.0951626E+001
 9.7007458E+001, 1.9999921E+001, 1.9999554E+001, 2.0001813E+001, 2.0015521E+001, 2.0030784E+001, 2.0069757E+001, 2.0125551E+001, 2.0229607E+001, 2.0485475E+001, 1.6064415E+002, 2.4555288E+002, 2.6409686E+002, 2.7748922E+002, 2.6385995E+002, 2.6050744E+002, 3.2227091E+002, 3.3901208E+002, 2.6961999E+002, 2.3287763E+002, 2.9168775E+002, 3.0504510E+002, 2.5426220E+002, 2.4950658E+002, 2.2863214E+000, 2.3790628E+000, 2.2108220E+000, 2.2146696E+000, 2.2954239E+000, 2.0987802E+000, 2.0242771E+000, 1.9065155E+000, 1.7215982E+000,-1.3342489E-001,-1.0568188E+000,-1.1299992E+000,-7.2277830E-001,-7.6665678E-001,-1.1282137E+000,-4.2172566E-001, 4.0272909E+000, 6.2225015E+000, 6.6478289E+000, 6.1402273E+000, 6.8070977E+000, 6.2393337E+000, 6.0055768E+000, 4.1281600E+004, 3.8144335E-001, 1.2782594E+001, 1.7943189E+001
 9.8006791E+001, 2.0000055E+001, 2.0000124E+001, 2.0002276E+001, 2.0018142E+001, 2.0031397E+001, 2.0059911E+001, 2.0123838E+001, 2.0219174E+001, 2.0502964E+001, 2.0062288E+002, 2.3565459E+002, 2.6183380E+002, 2.6653266E+002, 2.6868283E+002, 2.5011965E+002, 3.6437107E+002, 4.3878027E+002, 2.7497684E+002, 2.3431408E+002, 2.2226077E+002, 2.7477482E+002, 2.7809855E+002, 2.5759084E+002, 2.3127301E+000, 2.1680104E+000, 2.1288050E+000, 2.0781475E+000, 2.1219821E+000, 2.2140810E+000, 2.0176413E+000, 1.8141616E+000, 1.3799355E+000,-8.2466752E-001,-1.1736036E+000,-1.2230923E+000,-8.9319734E-001,-1.3965979E+000,-1.9102684E-001,-1.2221410E+000, 4.8386815E+000, 4.6836316E+000, 5.5857961E+000, 6.2100196E+000, 4.7942872E+000, 5.4077405E+000, 5.7371166E+000, 3.8838392E+004, 3.3563805E-001, 1.1965760E+001, 2.7157456E+001
 9.9002005E+001, 2.0001428E+001, 1.9999710E+001, 2.0001036E+001, 2.0012877E+001, 2.0038580E+001, 2.0061926E+001, 2.0113147E+001, 2.0241431E+001, 2.0487059E+001, 1.8609013E+002, 2.3744208E+002, 2.5800012E+002, 2.5625976E+002, 2.6614669E+002, 2.4279704E+002, 2.6688383E+002, 3.3410280E+002, 2.5592894E+002, 2.6839229E+002, 2.6005099E+002, 2.2225024E+002, 2.7064261E+002, 2.6970572E+002, 2.2585259E+000, 2.2250207E+000, 2.2489597E+000, 2.0714942E+000, 2.0270137E+000, 2.0760096E+000, 2.0931208E+000, 1.8198400E+000, 1.5212356E+000,-1.3081543E+000,-1.3634651E+000,-1.2045993E+000,-9.9308176E-001,-8.8164007E-001,-1.0494677E+000,-1.4552794E+000, 2.6970444E+000, 6.4603151E+000, 6.1912234E+000, 5.3351370E+000, 3.6750698E+000, 5.0022404E+000, 5.0346401E+000, 4.0978932E+004, 3.9391478E-001, 1.3216542E+001, 1.5319540E+001
 1.0000123E+002, 1.9998982E+001, 1.9999829E+001, 2.0002229E+001, 2.0013897E+001, 2.0029844E+001, 2.0074868E+001, 2.0116125E+001, 2.0212764E+001, 2.0532255E+001, 1.6294358E+002, 2.4069619E+002, 2.5372275E+002, 2.5397535E+002, 2.7085472E+002, 2.4068315E+002, 4.5398612E+002, 4.7181640E+002, 3.4731225E+002, 2.5638053E+002, 2.4996664E+002, 2.7699332E+002, 2.3704579E+002, 2.5935550E+002, 2.2871743E+000, 2.3942787E+000, 2.2219854E+000, 2.1174487E+000, 2.2464775E+000, 2.1206995E+000, 2.1660618E+000, 2.1417684E+000, 1.5332648E+000,-9.8163249E-001,-1.0476269E+000,-7.2910834E-001,-6.7073832E-001,-3.8891922E-001,-8.5253160E-001,-7.1066355E-001, 4.7493056E+000, 7.5721555E+000, 7.4843733E+000, 6.2437212E+000, 5.8479601E+000, 5.0717668E+000, 4.8745920E+000, 4.0350488E+004, 3.5916648E-001, 1.2502292E+001, 3.3585769E+001
 1.0100770E+002, 2.0001412E+001, 2.0001843E+001, 2.0001046E+001, 2.0012079E+001, 2.0030693E+001, 2.0060788E+001, 2.0137980E+001, 2.0222327E+001, 2.0486547E+001, 2.0075796E+002, 2.4559312E+002, 2.4990041E+002, 2.5076445E+002, 2.7208484E+002, 2.9662999E+002, 3.1126064E+002, 3.5938682E+002, 2.7046826E+002, 2.8612332E+002, 3.1125707E+002, 2.4367617E+002, 2.7278625E+002, 2.4114836E+002, 2.1133325E+000, 2.1116170E+000, 2.0307436E+000, 2.0613195E+000, 1.8451393E+000, 2.0213845E+000, 1.7711760E+000, 1.8079323E+000, 1.3011001E+000,-1.3996457E+000,-1.5531511E+000,-1.2963403E+000,-1.1564602E+000,-1.3298900E+000,-1.6866282E+000, 6.0030894E-001, 1.5915395E+000, 3.9921422E+000, 5.8704060E+000, 7.3502359E+000, 5.0165291E+000, 5.4606248E+000, 3.8749169E+000, 3.8629619E+004, 3.5990211E-001, 1.2994621E+001, 1.5907802E+001
 1.0200699E+002, 2.0000095E+001, 1.9999423E+001, 2.0001203E+001, 2.0014289E+001, 2.0028683E+001, 2.0061610E+001, 2.0114703E+001, 2.0243860E+001, 2.0487075E+001, 2.2294747E+002, 2.4449740E+002, 2.4260703E+002, 2.4755435E+002, 2.4850339E+002, 2.6426339E+002, 3.0503188E+002, 3.8931109E+002, 2.8922490E+002, 2.4154804E+002, 2.2097613E+002, 2.7673932E+002, 2.4855993E+002, 2.5812511E+002, 2.3997072E+000, 2.2759599E+000, 2.4399000E+000, 2.3215096E+000, 2.2656501E+000, 2.1202269E+000, 2.4434025E+000, 2.0900812E+000, 1.7392503E+000,-5.9675690E-001,-4.7018497E-001,-6.7780633E-001,-5.9573683E-001,-9.6868064E-001, 8.9465872E-001, 2.2211694E+000, 3.2012444E+000, 5.4020037E+000, 5.2614369E+000, 5.1564734E+000, 6.5459391E+000, 5.9632009E+000, 5.8626139E+000, 4.2948804E+004, 3.3257430E-001, 1.2590337E+001, 4.0556294E+001
 1.0300508E+002, 2.0000159E+001, 2.0001204E+001, 2.0003551E+001, 2.0011750E+001, 2.0028958E+001, 2.0054961E+001, 2.0107295E+001, 2.0197820E+001, 2.0487290E+001, 2.2420525E+002, 2.3825660E+002, 2.3887853E+002, 2.4626490E+002, 2.6145783E+002, 2.2641725E+002, 3.3645171E+002, 4.3053631E+002, 4.2178118E+002, 3.0897574E+002, 2.8115810E+002, 2.3442276E+002, 2.6690826E+002, 2.4959396E+002, 2.1827599E+000, 1.9991151E+000, 2.1572826E+000, 1.8803983E+000, 2.0551503E+000, 1.9508979E+000, 1.7722021E+000, 2.0399899E+000, 1.3331490E+000,-1.1704374E+000,-9.8462344E-001,-1.2606391E+000,-1.1419552E+000,-1.9045328E-001, 1.6940188E+000,-8.1414636E-001, 5.8024940E+000, 7.0201251E+000, 6.2865581E+000, 5.2909629E+000, 4.2168719E+000, 4.3024720E+000, 4.2459242E+000, 3.5843842E+004, 3.0910983E-001, 1.1890754E+001, 2.8597574E+001
 1.0400593E+002, 2.0000450E+001, 1.9999999E+001, 2.0002216E+001, 2.0011299E+001, 2.0028954E+001, 2.0056615E+001, 2.0102904E+001, 2.0203370E+001, 2.0503872E+001, 2.2390678E+002, 2.3652685E+002, 2.3908370E+002, 2.5617152E+002, 2.6046905E+002, 2.3118341E+002, 2.8532382E+002, 3.2354641E+002, 2.2013933E+002, 2.7487650E+002, 2.9983126E+002, 2.5898197E+002, 2.5397913E+002, 2.6445808E+002, 2.2594322E+000, 2.2694662E+000, 2.1436612E+000, 2.3453446E+000, 2.0276240E+000, 2.2495179E+000, 2.0626940E+000, 1.9753970E+000, 1.7569406E+000,-5.8229655E-001,-6.4170018E-001,-1.1075718E+000,-9.7019983E-001,-4.4523220E-001, 5.7285677E-001, 4.4718467E-003, 4.6187221E+000, 6.0034074E+000, 6.2443240E+000, 6.7598348E+000, 5.6331283E+000, 4.7669822E+000, 5.2638325E+000, 4.2958459E+004, 3.5737169E-001, 1.2884889E+001, 2.4762414E+001
 1.0500515E+002, 2.0000460E+001, 2.0000596E+001, 2.0002594E+001, 2.0014314E+001, 2.0026135E+001, 2.0058772E+001, 2.0106745E+001, 2.0195586E+001, 2.0482110E+001, 2.2044492E+002, 2.3339452E+002, 2.4003130E+002, 2.6155641E+002, 2.6808944E+002, 2.4878580E+002, 4.1046592E+002, 3.8701079E+002, 3.8555885E+002, 2.6404941E+002, 2.0922498E+002, 2.7423962E+002, 2.6173666E+002, 2.5388541E+002, 2.3024164E+000, 2.2481471E+000, 2.0748207E+000, 2.2459671E+000, 2.3197510E+000, 1.9963826E+000, 2.1864559E+000, 1.9932462E+000, 1.6202248E+000,-4.6906751E-001,-9.0991211E-001,-1.1057139E+000,-1.0693964E+000,-7.2322102E-001,-1.7037249E+000,-2.2960520E+000, 4.8971818E+000, 7.1362913E+000, 6.4085260E+000, 5.8350722E+000, 5.2561600E+000, 5.0882918E+000, 4.2799806E+000, 3.8497136E+004, 3.4857155E-001, 1.2117956E+001, 2.6438350E+001
 1.0600240E+002, 2.0000315E+001, 2.0000680E+001, 2.0001822E+001, 2.0017144E+001, 2.0032014E+001, 2.0058106E+001, 2.0122399E+001, 2.0219008E+001, 2.0529881E+001, 2.1919821E+002, 2.3928179E+002, 2.4394261E+002, 2.4812327E+002, 2.7298379E+002, 3.2385210E+002, 2.6240982E+002, 3.6940046E+002, 2.8505811E+002, 3.0756699E+002, 3.1179910E+002, 2.4296119E+002, 2.5654713E+002, 2.5430517E+002, 2.2137332E+000, 2.1058114E+000, 2.0079309E+000, 1.9564889E+000, 2.0749063E+000, 2.0932133E+000, 1.8382891E+000, 1.9052207E+000, 1.3656893E+000,-6.2766920E-001,-1.7036057E+000,-1.5071372E+000,-9.2139819E-001,-1.2105005E+000,-1.4753260E+000,-1.6935680E-001, 3.6844664E+000, 4.9708166E+000, 6.5845517E+000, 6.3090117E+000, 5.7308419E+000, 4.7936210E+000, 5.2542348E+000, 3.9464107E+004, 3.8070321E-001, 1.3182321E+001, 1.6659802E+001
 1.0700299E+002, 2.0000543E+001, 2.0000530E+001, 2.0002449E+001, 2.0015206E+001, 2.0038239E+001, 2.0066528E+001, 2.0115051E+001, 2.0242071E+001, 2.0510474E+001, 2.0451838E+002, 2.3641410E+002, 2.4211368E+002, 2.4538447E+002, 2.8827968E+002, 2.6549894E+002, 2.8283963E+002, 2.6723344E+002, 2.4904364E+002, 2.5633244E+002, 2.7468761E+002, 3.0507631E+002, 2.6118364E+002, 2.5114233E+002, 2.3148281E+000, 2.3164102E+000, 2.2749155E+000, 2.1994429E+000, 2.1658564E+000, 2.3208239E+000, 2.3145443E+000, 2.0721992E+000, 1.7647706E+000,-4.1743105E-001,-9.0034067E-001,-1.0791148E+000,-4.6864320E-001,-1.1837362E+000,-1.4451420E+000, 1.6725669E+000, 3.3902645E-001, 4.2802736E+000, 5.6223197E+000, 6.0423256E+000, 6.2925144E+000, 6.4496665E+000, 5.1068676E+000, 4.3103172E+004, 3.7268483E-001, 1.2721001E+001, 2.4736435E+001
 1.0800392E+002, 1.9999822E+001, 2.0000370E+001, 2.0002737E+001, 2.0014077E+001, 2.0032293E+001, 2.0074750E+001, 2.0119859E+001, 2.0217230E+001, 2.0559769E+001, 1.8759142E+002, 2.3558260E+002, 2.3177459E+002, 2.6446862E+002, 3.0496323E+002, 3.0233617E+002, 3.5737562E+002, 3.1647884E+002, 2.7867146E+002, 2.3297677E+002, 2.4173280E+002, 2.7310863E+002, 2.9926972E+002, 2.6690520E+002, 2.2136124E+000, 2.0814111E+000, 2.0002098E+000, 1.8259019E+000, 1.9163388E+000, 1.8802471E+000, 1.9286249E+000, 1.7176147E+000, 1.4572706E+000,-1.3574049E+000,-1.5635673E+000,-1.5354070E+000,-1.6530392E+000,-1.5736286E+000,-1.7251847E+000,-2.6650500E+000, 2.7768105E+000, 2.4917499E+000, 4.3255653E+000, 4.5014807E+000, 4.8681655E+000, 4.6843366E+000, 4.6561973E+000, 3.6210900E+004, 3.7328641E-001, 1.2826574E+001, 1.5262128E+001
 1.0900532E+002, 1.9999446E+001, 2.0000129E+001, 2.0002212E+001, 2.0015023E+001, 2.0033816E+001, 2.0069592E+001, 2.0141265E+001, 2.0227487E+001, 2.0515201E+001, 1.9872756E+002, 2.3398543E+002, 2.3574199E+002, 2.5908446E+002, 2.8343961E+002, 2.7938748E+002, 3.0561048E+002, 2.6287339E+002, 2.0113448E+002, 2.1490102E+002, 2.3293044E+002, 2.6396508E+002, 2.8326436E+002, 2.8873366E+002, 2.3231034E+000, 2.3304605E+000, 2.2718146E+000, 2.2039303E+000, 2.0856884E+000, 2.1293181E+000, 2.1257631E+000, 2.2129955E+000, 1.5625009E+000,-6.3957886E-001,-1.0704106E+000,-9.4044794E-001,-1.3737687E+000,-1.3443770E+000,-9.2854067E-001,-2.4809211E-001, 2.0712087E+000, 4.9370110E+000, 5.3755620E+000, 5.3942056E+000, 4.7121950E+000, 5.2439064E+000, 5.3193280E+000, 4.3575614E+004, 3.8265624E-001, 1.3005132E+001, 2.2260322E+001
 1.1000017E+002, 2.0000187E+001, 1.9999816E+001, 2.0002230E+001, 2.0014689E+001, 2.0031972E+001, 2.0064611E+001, 2.0124471E+001, 2.0247756E+001, 2.0481897E+001, 1.9764611E+002, 2.2817533E+002, 2.5559620E+002, 2.6023040E+002, 2.8276493E+002, 2.8618482E+002, 3.8141665E+002, 4.6375736E+002, 3.7709815E+002, 2.8433645E+002, 1.8997557E+002, 2.3207513E+002, 2.8440495E+002, 2.8491464E+002, 2.1802763E+000, 2.2075724E+000, 2.1115255E+000, 2.1215353E+000, 2.0700129E+000, 1.9618062E+000, 1.8679799E+000, 1.8233799E+000, 1.4988984E+000,-9.4879457E-001,-1.2697265E+000,-1.4327444E+000,-1.8956173E+000,-1.4362160E+000,-1.5777115E+000,-4.0884473E-001, 4.0123872E+000, 6.5887522E+000, 6.2863054E+000, 5.1972108E+000, 4.3740780E+000, 3.6589310E+000, 4.4926802E+000, 3.8421795E+004, 3.5216697E-001, 1.2662485E+001, 2.5224977E+001
 1.1100476E+002, 1.9998146E+001, 1.9999482E+001, 2.0001316E+001, 2.0015411E+001, 2.0033487E+001, 2.0068698E+001, 2.0127390E+001, 2.0256446E+001, 2.0579794E+001, 1.9179197E+002, 2.2194534E+002, 2.6165216E+002, 2.4585815E+002, 2.6767340E+002, 2.4930542E+002, 3.2053995E+002, 2.5690981E+002, 2.4923183E+002, 2.6268111E+002, 3.2598693E+002, 2.2158400E+002, 2.4458748E+002, 2.7786851E+002, 2.3059917E+000, 2.2347043E+000, 2.1383589E+000, 2.0806964E+000, 2.1092259E+000, 1.9931797E+000, 2.0392668E+000, 1.7228843E+000, 1.1587307E+000,-1.0721417E+000,-1.4249150E+000,-1.5886659E+000,-1.5768799E+000,-3.9256084E-002,-3.3136066E-001,-1.6095903E-003, 2.7122456E+000, 4.7353112E+000, 5.9574670E+000, 5.9000130E+000, 5.1428909E+000, 4.2188411E+000, 3.9754544E+000, 3.9347361E+004, 4.0039567E-001, 1.3541969E+001, 1.2176093E+001
 1.1200486E+002, 1.9999811E+001, 2.0000087E+001, 2.0001350E+001, 2.0014428E+001, 2.0034385E+001, 2.0066483E+001, 2.0128513E+001, 2.0232469E+001, 2.0559792E+001, 1.9092630E+002, 2.2297793E+002, 2.4915500E+002, 2.2672651E+002, 2.5799303E+002, 1.8134852E+002, 4.1264899E+002, 4.0460692E+002, 2.6858368E+002, 1.8979395E+002, 1.9768048E+002, 3.3001180E+002, 2.5973923E+002, 2.5720197E+002, 2.2907523E+000, 2.2198926E+000, 2.2461637E+000, 2.0968372E+000, 2.0064596E+000, 2.1723571E+000, 2.0325113E+000, 1.9598757E+000, 1.3608098E+000,-9.6242117E-001,-1.1407828E+000,-1.3678076E+000,-9.6714587E-001,-9.0015433E-001,-8.1219103E-001,-1.4054109E+000, 3.9921357E+000, 4.3564957E+000, 5.2452834E+000, 4.9648425E+000, 5.7091780E+000, 5.3028489E+000, 4.7847153E+000, 4.0627028E+004, 3.4120948E-001, 1.2076745E+001, 3.5084730E+001
 1.1300464E+002, 1.9999512E+001, 1.9998025E+001, 2.0001090E+001, 2.0012632E+001, 2.0030980E+001, 2.0067915E+001, 2.0117612E+001, 2.0231454E+001, 2.0525732E+001, 2.0402299E+002, 2.2185859E+002, 2.4151126E+002, 2.3548488E+002, 2.4609848E+002, 2.7254392E+002, 4.0408045E+002, 3.8207284E+002, 3.2261231E+002, 3.3948997E+002, 2.6064423E+002, 2.0782794E+002, 3.0999190E+002, 2.5777161E+002, 2.2049782E+000, 2.2012097E+000, 2.2329641E+000, 2.0309766E+000, 2.0197672E+000, 1.8267415E+000, 1.8807710E+000, 1.7801340E+000, 1.0374111E+000,-1.4272545E+000,-1.4901130E+000,-1.1194347E+000,-1.0828488E+000,-1.3701248E+000,-2.1934737E+000,-3.6652669E+000, 3.0424200E+000, 6.3662783E+000, 5.6407462E+000, 5.4677723E+000, 4.4289111E+000, 5.3295785E+000, 4.5152330E+000, 3.9103116E+004, 3.6370346E-001, 1.3283666E+001, 2.1084756E+001
 1.1400797E+002, 1.9998707E+001, 1.9999624E+001, 2.0001367E+001, 2.0012466E+001, 2.0029875E+001, 2.0061882E+001, 2.0124101E+001, 2.0219625E+001, 2.0524798E+001, 1.9774765E+002, 2.1492365E+002, 2.2391250E+002, 2.3995370E+002, 2.4058061E+002, 3.0210698E+002, 3.0310354E+002, 4.0571694E+002, 2.7491306E+002, 2.3434654E+002, 2.8552490E+002, 2.6614552E+002, 2.3239476E+002, 2.9870608E+002, 2.3022143E+000, 2.3121262E+000, 2.2572995E+000, 2.2322717E+000, 2.1679659E+000, 2.1087941E+000, 2.0261104E+000, 2.0148843E+000, 1.7004106E+000,-1.1003284E+000,-1.0717672E+000,-4.2134961E-001,-1.0149562E+000,-9.5793065E-001,-3.1041902E+000,-6.6665944E-001, 3.9038974E+000, 5.7880521E+000, 5.7298418E+000, 5.9114090E+000, 5.6306959E+000, 5.0755869E+000, 4.4322984E+000, 4.0107343E+004, 3.3794847E-001, 1.1790854E+001, 2.7270281E+001
 1.1500034E+002, 1.9999652E+001, 1.9999609E+001, 1.9999762E+001, 2.0011840E+001, 2.0027464E+001, 2.0058492E+001, 2.0111493E+001, 2.0226424E+001, 2.0525945E+001, 1.7174116E+002, 2.1814482E+002, 2.1856738E+002, 2.2941601E+002, 2.7591259E+002, 3.1377124E+002, 3.9035310E+002, 3.9936572E+002, 3.3415676E+002, 2.8613106E+002, 2.6300267E+002, 2.5913195E+002, 2.6855788E+002, 2.6037820E+002, 2.2223020E+000, 2.1634029E+000, 2.1187920E+000, 2.1492928E+000, 1.9996077E+000, 1.9081669E+000, 1.8627215E+000, 1.7883771E+000, 1.2314007E+000,-1.3915132E+000,-1.1018724E+000,-6.8515146E-001,-1.2990286E+000,-1.1858188E+000,-1.6883043E+000,-1.2325641E+000, 3.9801039E+000, 6.1416973E+000, 6.4167548E+000, 5.9406909E+000, 4.7301058E+000, 5.4196670E+000, 3.5014393E+000, 3.8495299E+004, 3.4674162E-001, 1.2082140E+001, 2.5284846E+001
 1.1600824E+002, 1.9999146E+001, 1.9998388E+001, 2.0001186E+001, 2.0012399E+001, 2.0029242E+001, 2.0058997E+001, 2.0112963E+001, 2.0220343E+001, 2.0607034E+001, 1.7711768E+002, 2.2475113E+002, 2.2694016E+002, 2.1900453E+002, 2.6272422E+002, 2.6196584E+002, 2.6719152E+002, 3.4343478E+002, 2.5949828E+002, 2.5143006E+002, 2.5790126E+002, 2.6320115E+002, 2.6785229E+002, 2.6540202E+002, 2.3482533E+000, 2.2847163E+000, 2.2775736E+000, 2.2426387E+000, 2.2340504E+000, 2.1559985E+000, 2.0047307E+000, 1.8475455E+000, 1.1807206E+000,-1.1047939E+000,-6.8604259E-001,-5.3630861E-001,-1.1742074E+000,-1.6066092E+000,-1.0671067E-002,-1.0559658E+000, 7.1747990E-001, 5.9002194E+000, 5.8359441E+000, 5.8261864E+000, 6.4592187E+000, 4.7454263E+000, 5.1645921E+000, 4.2226952E+004, 3.6613034E-001, 1.2683737E+001, 2.1499684E+001
 1.1700647E+002, 2.0000565E+001, 1.9999704E+001, 2.0001385E+001, 2.0010693E+001, 2.0027050E+001, 2.0056826E+001, 2.0107462E+001, 2.0204524E+001, 2.0521320E+001, 1.6151189E+002, 2.2126344E+002, 2.4178062E+002, 2.4535698E+002, 2.6354821E+002, 2.1850993E+002, 3.0629484E+002, 4.0750405E+002, 2.6600676E+002, 2.6312420E+002, 2.3476297E+002, 2.6473441E+002, 2.6792676E+002, 2.7163504E+002, 2.2537598E+000, 2.1979646E+000, 2.2004623E+000, 2.1343450E+000, 2.2243756E+000, 2.1812819E+000, 2.1241797E+000, 1.8627725E+000, 8.3079308E-001,-9.6165095E-001,-6.6518410E-001,-1.2359014E+000,-1.1944037E+000,-5.6699951E-001,-1.8716399E+000, 6.2828517E-002, 3.2457567E+000, 3.9235465E+000, 4.7622303E+000, 5.1010336E+000, 5.3702135E+000, 5.4565892E+000, 4.5778472E+000, 4.0080810E+004, 3.3915955E-001, 1.2199306E+001, 2.5975828E+001
 1.1800556E+002, 1.9999973E+001, 1.9999237E+001, 1.9999662E+001, 2.0013212E+001, 2.0028196E+001, 2.0058320E+001, 2.0108772E+001, 2.0205337E+001, 2.0527610E+001, 1.5759339E+002, 2.2441959E+002, 2.4575584E+002, 2.6023089E+002, 2.6656818E+002, 2.3913435E+002, 2.9971822E+002, 3.5844518E+002, 3.2073567E+002, 3.1381598E+002, 3.0308275E+002, 2.3827261E+002, 2.6385016E+002, 2.5649149E+002, 2.2196941E+000, 2.2486338E+000, 2.1548309E+000, 2.0597165E+000, 2.0739754E+000, 2.1966050E+000, 2.1262309E+000, 1.8583913E+000, 7.1794874E-001,-7.1257397E-001,-1.1167429E+000,-1.3862095E+000,-1.4985486E+000,-1.5266213E+000, 2.3167926E-001, 1.0138844E+000, 3.0999190E+000, 5.1309818E+000, 5.9784828E+000, 4.8513816E+000, 5.1467130E+000, 4.2938419E+000, 5.1838566E+000, 4.0435071E+004, 3.7417547E-001, 1.3032539E+001, 1.8576642E+001
 1.1900683E+002, 2.0000677E+001, 2.0001064E+001, 2.0001462E+001, 2.0013274E+001, 2.0031160E+001, 2.0058573E+001, 2.0107029E+001, 2.0196538E+001, 2.0493915E+001, 1.7253830E+002, 2.3628045E+002, 2.4193244E+002, 2.5594419E+002, 2.4570720E+002, 2.3731588E+002, 4.8668501E+002, 5.0898136E+002, 3.5827685E+002, 2.2597221E+002, 2.6446107E+002, 3.0302979E+002, 2.4873080E+002, 2.5568079E+002, 2.2816521E+000, 2.1981469E+000, 2.2257042E+000, 2.2012165E+000, 2.1272454E+000, 2.2198000E+000, 2.2102713E+000, 2.0416535E+000, 1.3947453E+000,-4.6397443E-001,-1.6799176E+000,-7.1503521E-001,-6.8089786E-001,-7.8241521E-001,-1.1094537E+000, 1.3013267E+000, 6.7646391E+000, 5.9499316E+000, 5.7866723E+000, 6.1493844E+000, 5.7728686E+000, 5.9731008E+000, 4.8636138E+000, 4.0453072E+004, 3.1959224E-001, 1.1963872E+001, 6.1649190E+001
 1.2000293E+002, 2.0001758E+001, 2.0000013E+001, 2.0000727E+001, 2.0010126E+001, 2.0028544E+001, 2.0059317E+001, 2.0103745E+001, 2.0193687E+001, 2.0475575E+001, 1.7722667E+002, 2.3640219E+002, 2.4784673E+002, 2.5762637E+002, 2.4488892E+002, 1.8447674E+002, 2.7502236E+002, 4.1058626E+002, 3.6992965E+002, 3.8202347E+002, 2.9426513E+002, 2.4180018E+002, 2.7507561E+002, 2.4584309E+002, 2.1618293E+000, 2.0786682E+000, 2.1334407E+000, 2.1351160E+000, 2.0558394E+000, 1.8781684E+000, 2.0001588E+000, 2.0075495E+000, 1.0921328E+000,-1.1233213E+000,-1.5590881E+000,-1.3223921E+000,-1.5313267E+000,-7.5736712E-001, 2.7827653E-001, 4.4627197E-001, 5.7026325E+000, 6.8905816E+000, 7.3557300E+000, 6.5320133E+000, 4.5952520E+000, 4.9532517E+000, 3.8188173E+000, 3.9088081E+004, 3.4315653E-001, 1.2857909E+001, 1.9802929E+001
 1.2100016E+002, 2.0000440E+001, 2.0000965E+001, 2.0002957E+001, 2.0012472E+001, 2.0025731E+001, 2.0058824E+001, 2.0111409E+001, 2.0199209E+001, 2.0578233E+001, 1.7380449E+002, 2.3376423E+002, 2.4693084E+002, 2.4935496E+002, 2.4185143E+002, 2.5183598E+002, 2.7865939E+002, 3.5699507E+002, 2.8963195E+002, 2.8259428E+002, 2.7851500E+002, 2.9680325E+002, 2.4634184E+002, 2.6457648E+002, 2.2755596E+000, 2.2953424E+000, 2.2296562E+000, 2.3595857E+000, 2.2915532E+000, 2.1102243E+000, 2.1168053E+000, 2.1431926E+000, 1.4238471E+000,-1.0134406E+000,-8.0337303E-001,-5.9383353E-001,-7.7347009E-001,-8.4628276E-001,-6.8316818E-001, 2.1437093E+000, 1.8415104E+000, 5.0001397E+000, 5.9172021E+000, 6.2283244E+000, 6.5010838E+000, 5.0058751E+000, 4.5762547E+000, 3.9943601E+004, 3.6137613E-001, 1.2983459E+001, 2.0682337E+001
 1.2200199E+002, 1.9999716E+001, 2.0002205E+001, 2.0001646E+001, 2.0011395E+001, 2.0027762E+001, 2.0053624E+001, 2.0109759E+001, 2.0204381E+001, 2.0756430E+001, 1.9397609E+002, 2.2570025E+002, 2.4129383E+002, 2.4689090E+002, 2.3833309E+002, 2.6881327E+002, 4.7567358E+002, 4.4956961E+002, 3.6965971E+002, 2.9201753E+002, 2.5500701E+002, 2.5128566E+002, 2.7152981E+002, 2.6046504E+002, 2.1990887E+000, 2.0441833E+000, 2.0278008E+000, 2.0794489E+000, 2.1330652E+000, 2.0846821E+000, 1.7685809E+000, 1.7934506E+000, 1.2210586E+000,-1.0533004E+000,-9.8705807E-001,-1.1490256E+000,-9.2591596E-001,-1.3249082E+000,-1.7635035E+000, 8.7764834E-002, 7.2946026E+000, 6.6430711E+000, 5.7079375E+000, 5.7477485E+000, 5.0896015E+000, 6.0574415E+000, 4.4647025E+000, 3.9041046E+004, 3.4278383E-001, 1.2885052E+001, 3.4292786E+001
 1.2300645E+002, 2.0000620E+001, 2.0001132E+001, 2.0002726E+001, 2.0014395E+001, 2.0028160E+001, 2.0056744E+001, 2.0104388E+001, 2.0216962E+001, 2.0996682E+001, 2.0165115E+002, 2.1568231E+002, 2.3358187E+002, 2.3462133E+002, 2.2758251E+002, 2.3246726E+002, 3.6583952E+002, 2.6376292E+002, 2.6502218E+002, 3.2315041E+002, 3.0746008E+002, 2.4353137E+002, 2.5037893E+002, 2.5552256E+002, 2.2174206E+000, 2.1113727E+000, 2.2221834E+000, 2.0662887E+000, 2.0679418E+000, 2.2029274E+000, 2.0770145E+000, 1.6500825E+000, 1.1099075E+000,-7.3419886E-001,-6.5669856E-001,-9.1049561E-001,-6.8700119E-001,-8.9292036E-001,-2.0796931E+000, 1.5102540E+000, 2.4706586E+000, 4.8395923E+000, 6.4498111E+000, 7.4916114E+000, 5.3488950E+000, 4.8256830E+000, 5.9566632E+000, 4.2649639E+004, 3.7474299E-001, 1.3280069E+001, 1.8296935E+001
 1.2400423E+002, 2.0001218E+001, 1.9999743E+001, 2.0003834E+001, 2.0013633E+001, 2.0030836E+001, 2.0059175E+001, 2.0108588E+001, 2.0207039E+001, 2.0720965E+001, 1.9704743E+002, 2.1453500E+002, 2.2637318E+002, 2.3431391E+002, 2.4371428E+002, 2.9338371E+002, 3.7031399E+002, 3.5812524E+002, 2.6679062E+002, 2.0232768E+002, 2.5621696E+002, 2.6550265E+002, 2.6516169E+002, 2.5949379E+002, 2.2596790E+000, 2.1338187E+000, 2.0913090E+000, 2.0471175E+000, 2.0787021E+000, 1.9725071E+000, 2.1530240E+000, 2.0012051E+000, 1.0508767E+000,-6.9062408E-001,-6.3952004E-001,-6.6295349E-001,-6.5086574E-001,-3.9539346E-001, 4.6931711E-001, 1.3782515E-001, 2.7554322E+000, 4.5495473E+000, 4.7946798E+000, 4.3638721E+000, 5.7735821E+000, 5.4978381E+000, 4.0810239E+000, 3.8809103E+004, 3.5663718E-001, 1.3001897E+001, 1.9654550E+001
 1.2500103E+002, 2.0000520E+001, 2.0000599E+001, 2.0003516E+001, 2.0014244E+001, 2.0031871E+001, 2.0060821E+001, 2.0113241E+001, 2.0208321E+001, 2.0780493E+001, 2.0297789E+002, 2.2628386E+002, 2.2407460E+002, 2.5210363E+002, 2.5333115E+002, 2.5452200E+002, 4.4083698E+002, 3.5692520E+002, 2.9136743E+002, 2.2639793E+002, 2.2495628E+002, 2.3113254E+002, 2.6328484E+002, 2.7137408E+002, 2.2160835E+000, 2.2144618E+000, 2.1036816E+000, 2.1683887E+000, 2.0697500E+000, 2.1166711E+000, 2.0649279E+000, 2.0140129E+000, 7.5839150E-001,-6.1165530E-001,-9.3700947E-001,-6.6257410E-001,-8.9979871E-001,-5.8257924E-001,-1.5152496E+000,-9.2180146E-001, 2.2205483E+000, 6.0942214E+000, 5.6824628E+000, 5.8603536E+000, 5.0062146E+000, 5.3355185E+000, 5.3906367E+000, 4.0832802E+004, 3.5119943E-001, 1.3299350E+001, 2.4044391E+001
 1.2600623E+002, 2.0000580E+001, 2.0001236E+001, 2.0001975E+001, 2.0015207E+001, 2.0029652E+001, 2.0062060E+001, 2.0109798E+001, 2.0209728E+001, 2.0849027E+001, 2.0072841E+002, 2.2553911E+002, 2.2967731E+002, 2.6467423E+002, 2.3116946E+002, 3.5172345E+002, 4.0442090E+002, 4.0877079E+002, 3.6301080E+002, 3.1823775E+002, 2.4100035E+002, 2.1972691E+002, 2.3468875E+002, 2.7893693E+002, 2.2538643E+000, 2.2431709E+000, 2.0146441E+000, 2.0819263E+000, 2.1335049E+000, 2.1200103E+000, 2.1005431E+000, 1.9230810E+000, 1.3345150E+000,-4.9273025E-001,-5.6494588E-001,-8.7341594E-001,-1.1990684E+000,-1.2147585E+000, 4.2439235E-001, 7.7106215E-001, 6.0229505E+000, 7.2853984E+000, 7.6116689E+000, 6.5127985E+000, 5.1362780E+000, 5.0964780E+000, 5.2215767E+000, 3.9631356E+004, 3.2801390E-001, 1.2387636E+001, 3.9263741E+001
 1.2700658E+002, 1.9999461E+001, 2.0001004E+001, 2.0002231E+001, 2.0015061E+001, 2.0032325E+001, 2.0059728E+001, 2.0118325E+001, 2.0203909E+001, 2.2497048E+001, 1.9921817E+002, 2.2618940E+002, 2.4427640E+002, 2.7922943E+002, 2.4840375E+002, 2.1330031E+002, 3.0251995E+002, 3.4964770E+002, 3.3951102E+002, 3.4784856E+002, 3.2759474E+002, 2.5961870E+002, 2.2136332E+002, 2.3271495E+002, 2.2574501E+000, 2.0894914E+000, 2.0773941E+000, 2.1670053E+000, 2.0601614E+000, 2.0791436E+000, 1.8680045E+000, 1.8536913E+000, 1.1910509E+000,-3.9819514E-001,-5.3384063E-001,-1.4088214E+000,-9.7979903E-001,-5.5632539E-001, 2.1918755E-001,-6.9979209E-001, 5.2450586E+000, 7.4436344E+000, 7.2319891E+000, 7.2964867E+000, 6.8555999E+000, 4.4919491E+000, 4.4268346E+000, 3.9342338E+004, 3.5512418E-001, 1.2913353E+001, 1.6601104E+001
 1.2800719E+002, 1.9998106E+001, 2.0000638E+001, 2.0002931E+001, 2.0015597E+001, 2.0032370E+001, 2.0064427E+001, 2.0113907E+001, 2.0226833E+001, 2.1327575E+001, 1.9203723E+002, 2.2459462E+002, 2.5300649E+002, 2.8027864E+002, 2.6221102E+002, 1.8302305E+002, 3.5840603E+002, 4.0080498E+002, 3.2643452E+002, 2.8421859E+002, 2.5623582E+002, 2.8333570E+002, 2.5024124E+002, 2.3747480E+002, 2.3803586E+000, 2.1825846E+000, 2.1647569E+000, 1.9566225E+000, 2.3083086E+000, 2.0918855E+000, 2.1503167E+000, 1.9374584E+000, 1.2096814E+000,-4.3764208E-001,-6.5551713E-001,-9.9941464E-001,-7.5637626E-001,-7.2671497E-002, 1.0736305E+000,-1.0599033E+000, 4.4551957E+000, 7.4515461E+000, 6.9014221E+000, 6.6626410E+000, 7.5205425E+000, 6.1041145E+000, 4.4282909E+000, 4.0453742E+004, 3.4408014E-001, 1.2512031E+001, 2.7786818E+001
 1.2900663E+002, 2.0001581E+001, 1.9999505E+001, 2.0002941E+001, 2.0014172E+001, 2.0035902E+001, 2.0064853E+001, 2.0119061E+001, 2.0215454E+001, 2.0552713E+001, 1.7538114E+002, 2.3939879E+002, 2.6528003E+002, 2.6258281E+002, 2.5461691E+002, 2.4289007E+002, 3.5447116E+002, 4.0902660E+002, 3.3819480E+002, 3.3204876E+002, 3.0995364E+002, 2.5192206E+002, 2.7034797E+002, 2.4832649E+002, 2.1824209E+000, 2.1846623E+000, 2.0699875E+000, 1.9771690E+000, 1.7870585E+000, 2.0991650E+000, 2.0280595E+000, 1.8864255E+000, 1.1605686E+000,-6.1889766E-001,-1.5632230E+000,-1.2770030E+000,-1.0289102E+000,-2.8299409E-001, 8.0718383E-001,-1.3470475E+000, 4.0586030E+000, 6.6058285E+000, 6.9565962E+000, 6.9504163E+000, 5.4391282E+000, 6.1085966E+000, 5.1963379E+000, 3.9822536E+004, 3.6637042E-001, 1.2707963E+001, 2.1043802E+001
 1.3000238E+002, 2.0001277E+001, 1.9998214E+001, 2.0002351E+001, 2.0015397E+001, 2.0032248E+001, 2.0074493E+001, 2.0125125E+001, 2.0231159E+001, 2.0537012E+001, 1.7572511E+002, 2.4710631E+002, 2.6305466E+002, 2.5255087E+002, 2.4745163E+002, 2.1273681E+002, 2.6847917E+002, 4.0747912E+002, 3.2845374E+002, 2.8572585E+002, 3.0423225E+002, 2.9611336E+002, 2.4613743E+002, 2.5124172E+002, 2.1725996E+000, 2.3401631E+000, 2.1373227E+000, 2.1151392E+000, 1.9566947E+000, 1.9764592E+000, 2.0796842E+000, 2.0239126E+000, 1.2880750E+000,-5.5365056E-001,-9.4990675E-001,-1.0073121E+000,-4.6593643E-001,-3.5458871E-001,-2.8740801E-001, 1.3082192E+000, 4.8242688E+000, 7.0683123E+000, 7.2761490E+000, 6.8181722E+000, 7.0696504E+000, 5.4787408E+000, 5.9487920E+000, 3.8506519E+004, 3.6783857E-001, 1.2501293E+001, 1.5682106E+001
 1.3100807E+002, 2.0000252E+001, 2.0001773E+001, 2.0000990E+001, 2.0014622E+001, 2.0031894E+001, 2.0062576E+001, 2.0136723E+001, 2.0230633E+001, 2.0559392E+001, 2.0365471E+002, 2.3885946E+002, 2.4933839E+002, 2.5244204E+002, 2.5374865E+002, 2.2466022E+002, 3.2261422E+002, 3.9206842E+002, 3.3760426E+002, 2.8990174E+002, 2.8102514E+002, 2.6657206E+002, 2.9446732E+002, 2.4837724E+002, 2.1734050E+000, 2.0978582E+000, 2.1998970E+000, 2.0674881E+000, 1.9889082E+000, 1.7845432E+000, 1.8571383E+000, 1.8234868E+000, 1.1350404E+000,-1.3728018E+000,-1.2992554E+000,-1.1131319E+000,-5.5662396E-001,-3.6876756E-001, 2.8491504E-004,-1.5373065E+000, 2.7443617E+000, 6.3616102E+000, 6.0132836E+000, 5.5638999E+000, 5.2654481E+000, 5.8903146E+000, 4.9227744E+000, 4.0376251E+004, 3.5196813E-001, 1.2570965E+001, 2.7313887E+001
 1.3200622E+002, 2.0000631E+001, 2.0001836E+001, 2.0000015E+001, 2.0014320E+001, 2.0032655E+001, 2.0064041E+001, 2.0118815E+001, 2.0246977E+001, 2.0613884E+001, 2.1501647E+002, 2.3649149E+002, 2.4655255E+002, 2.5445993E+002, 2.5901118E+002, 2.6534945E+002, 2.1265585E+002, 2.9479139E+002, 2.8463454E+002, 2.7316121E+002, 2.4143670E+002, 2.6986072E+002, 2.7371569E+002, 2.8087408E+002, 2.2627460E+000, 2.0892429E+000, 2.2928382E+000, 1.9855095E+000, 2.1015762E+000, 1.9846492E+000, 1.8849594E+000, 1.8179578E+000, 1.0022313E+000,-9.2801765E-001,-9.9492680E-001,-8.4052108E-001,-7.6148815E-001,-7.8755048E-001,-8.9048325E-001,-2.6180257E-001, 1.7215668E+000, 5.3435508E+000, 6.5659411E+000, 6.1106777E+000, 5.7604240E+000, 5.1015183E+000, 5.4546344E+000, 4.0802082E+004, 3.7113540E-001, 1.2920609E+001, 1.6024009E+001
 1.3300937E+002, 2.0000620E+001, 2.0000932E+001, 2.0003651E+001, 2.0011815E+001, 2.0031412E+001, 2.0065538E+001, 2.0116096E+001, 2.0230927E+001, 2.1563989E+001, 2.1650510E+002, 2.3664851E+002, 2.4780704E+002, 2.5640504E+002, 2.5931295E+002, 2.9397434E+002, 3.4081053E+002, 3.2073116E+002, 2.5256571E+002, 2.1195269E+002, 2.3070439E+002, 2.3804867E+002, 2.7181319E+002, 2.7402558E+002, 2.2493289E+000, 2.0754030E+000, 2.0857202E+000, 2.1582224E+000, 1.9068381E+000, 1.9884386E+000, 1.8762230E+000, 1.7703453E+000, 8.7327850E-001,-4.4302517E-001,-9.2991412E-001,-8.6896496E-001,-1.0331922E+000,-7.8168910E-001,-1.1237540E+000,-9.7743466E-001, 3.4164968E+000, 3.5127123E+000, 4.9456243E+000, 5.4735038E+000, 5.0398873E+000, 5.1498681E+000, 4.3138246E+000, 3.9830182E+004, 3.3524195E-001, 1.2275216E+001, 2.0916208E+001
 1.3400220E+002, 1.9999917E+001, 2.0000606E+001, 2.0003979E+001, 2.0010945E+001, 2.0027422E+001, 2.0061783E+001, 2.0122389E+001, 2.0213260E+001, 2.6162759E+001, 1.9532481E+002, 2.3158572E+002, 2.5812755E+002, 2.6493100E+002, 2.7771897E+002, 2.3091110E+002, 3.6215084E+002, 4.3832465E+002, 3.3264443E+002, 2.8749048E+002, 2.3793100E+002, 2.4758150E+002, 2.5316913E+002, 2.6410579E+002, 2.2588423E+000, 2.2191800E+000, 1.9911413E+000, 2.2592295E+000, 2.1628271E+000, 2.0138429E+000, 1.9129486E+000, 1.8659504E+000, 5.8001889E-001,-4.6093998E-001,-8.0440081E-001,-8.4447704E-001,-9.6452830E-001,-5.5766096E-001,-1.1100366E+000, 9.8801868E-001, 5.1957789E+000, 8.0746101E+000, 7.1760649E+000, 5.3443465E+000, 4.9281887E+000, 5.9477300E+000, 5.0256988E+000, 4.0198432E+004, 3.3708866E-001, 1.3080210E+001, 2.8313670E+001
 1.3500217E+002, 1.9999094E+001, 2.0000823E+001, 2.0003561E+001, 2.0015274E+001, 2.0026865E+001, 2.0057047E+001, 2.0116231E+001, 2.0241230E+001, 2.0777179E+001, 1.6121873E+002, 2.2762435E+002, 2.6837746E+002, 2.7881026E+002, 2.8010429E+002, 2.4638167E+002, 4.0839222E+002, 3.7472102E+002, 2.7212874E+002, 2.7847888E+002, 3.0033181E+002, 2.5930999E+002, 2.4175636E+002, 2.3976232E+002, 2.3045309E+000, 2.2026081E+000, 1.9952704E+000, 2.1729726E+000, 2.2540359E+000, 2.0099282E+000, 1.9539088E+000, 1.7512650E+000, 1.4206745E+000,-6.1615482E-001,-6.8194480E-001,-1.2339764E+000,-8.9062749E-001,-6.0066028E-001,-1.0410126E+000, 4.0800711E-001, 4.0430345E+000, 5.3470770E+000, 5.6426905E+000, 5.4437277E+000, 5.5456415E+000, 4.4035549E+000, 5.0062991E+000, 3.9747826E+004, 3.4927082E-001, 1.2384730E+001, 2.5774325E+001
 1.3600618E+002, 2.0000319E+001, 2.0000259E+001, 2.0002220E+001, 2.0018365E+001, 2.0033296E+001, 2.0058645E+001, 2.0112632E+001, 2.0231320E+001, 2.0587031E+001, 1.6386832E+002, 2.2891095E+002, 2.5953452E+002, 2.7613585E+002, 2.9429741E+002, 2.0220259E+002, 3.3026180E+002, 3.8388777E+002, 2.5918785E+002, 2.8253613E+002, 2.6306506E+002, 2.7142352E+002, 2.6240869E+002, 2.6604956E+002, 2.2551259E+000, 2.1395042E+000, 2.0109239E+000, 1.8753048E+000, 2.1651750E+000, 2.2120821E+000, 1.9948257E+000, 1.8166194E+000, 7.5288582E-001,-5.0869050E-001,-8.3260997E-001,-1.2361592E+000,-9.8917648E-001,-1.8065923E-003, 6.3130039E-001,-1.6162839E+000, 1.3751819E+000, 5.8521159E+000, 5.8250771E+000, 5.6772227E+000, 4.4573645E+000, 4.5315366E+000, 4.5417874E+000, 3.9568901E+004, 3.8810348E-001, 1.3088122E+001, 1.5448376E+001
 1.3700652E+002, 2.0000088E+001, 1.9999030E+001, 2.0002626E+001, 2.0018406E+001, 2.0039945E+001, 2.0066792E+001, 2.0115175E+001, 2.0221304E+001, 2.0599493E+001, 1.7623801E+002, 2.2572067E+002, 2.5162726E+002, 2.7845994E+002, 2.8894951E+002, 2.5266029E+002, 2.7923565E+002, 3.3771908E+002, 2.9849078E+002, 2.3442231E+002, 2.3841597E+002, 2.7394508E+002, 2.8093222E+002, 2.6305139E+002, 2.2344400E+000, 2.2808241E+000, 2.2157945E+000, 1.9773335E+000, 1.8671840E+000, 2.2757914E+000, 2.1896764E+000, 1.9753267E+000, 1.2137519E+000,-5.9380262E-001,-9.1945271E-001,-9.7852518E-001,-1.0988280E+000,-5.8120246E-001, 7.2682530E-001,-1.6919037E+000, 1.3797117E+000, 5.0096289E+000, 5.3961018E+000, 5.5772140E+000, 5.9834573E+000, 4.8000101E+000, 4.4895258E+000, 4.0756517E+004, 3.6714010E-001, 1.2611993E+001, 1.9848419E+001
 1.3800489E+002, 2.0000142E+001, 2.0000780E+001, 2.0002339E+001, 2.0013299E+001, 2.0037049E+001, 2.0079314E+001, 2.0118880E+001, 2.0216273E+001, 2.0549989E+001, 1.8246103E+002, 2.3885692E+002, 2.6157645E+002, 2.8381050E+002, 2.8503866E+002, 2.6424682E+002, 3.3388788E+002, 3.4046229E+002, 2.9013957E+002, 2.8447163E+002, 2.7147365E+002, 2.4802278E+002, 2.5850032E+002, 2.7286693E+002, 2.2206951E+000, 2.0991298E+000, 2.0670586E+000, 1.9545119E+000, 1.9513268E+000, 1.8208024E+000, 2.2116783E+000, 1.8557529E+000, 1.3338304E+000,-6.2357226E-001,-1.0209865E+000,-1.1927141E+000,-1.3838057E+000,-1.0413845E+000,-1.2008065E-001,-2.0259509E+000, 1.4911608E+000, 5.5952149E+000, 5.7303923E+000, 5.4338812E+000, 4.3386098E+000, 5.0609997E+000, 4.7357836E+000, 3.8994480E+004, 3.7152543E-001, 1.2711033E+001, 1.4248209E+001
 1.3900433E+002, 2.0001353E+001, 2.0000264E+001, 2.0000761E+001, 2.0015045E+001, 2.0031994E+001, 2.0071675E+001, 2.0148661E+001, 2.0222140E+001, 2.0541949E+001, 1.9166786E+002, 2.5489613E+002, 2.6305290E+002, 2.8609815E+002, 2.8124652E+002, 3.2728197E+002, 3.4520938E+002, 3.7312734E+002, 2.4884885E+002, 2.0690024E+002, 2.5453754E+002, 2.6826929E+002, 2.5425320E+002, 2.5237146E+002, 2.2448362E+000, 2.1613681E+000, 2.2931030E+000, 2.1659964E+000, 2.0486411E+000, 1.9697197E+000, 1.9138464E+000, 2.2741656E+000, 1.4652405E+000,-5.3215593E-001,-8.2676792E-001,-1.2047174E+000,-1.0823943E+000,-9.6070979E-001,-1.4091319E+000,-6.1122367E-001, 3.9668398E+000, 4.8029122E+000, 5.0188424E+000, 4.9557607E+000, 5.3509811E+000, 5.2884422E+000, 4.6354587E+000, 3.9784100E+004, 3.5716627E-001, 1.2528402E+001, 2.1547017E+001
 1.4000196E+002, 2.0000251E+001, 2.0000319E+001, 2.0002656E+001, 2.0014820E+001, 2.0033846E+001, 2.0066408E+001, 2.0131957E+001, 2.0271044E+001, 2.0494191E+001, 2.0736321E+002, 2.4707462E+002, 2.5784592E+002, 2.7631253E+002, 2.6886116E+002, 2.2156068E+002, 4.2669728E+002, 3.7298316E+002, 3.3034624E+002, 3.0681750E+002, 2.5048073E+002, 2.5237746E+002, 2.5876505E+002, 2.5737870E+002, 2.2931709E+000, 2.1609063E+000, 2.0363553E+000, 1.9514404E+000, 1.9498504E+000, 1.9165619E+000, 1.7701210E+000, 1.8967601E+000, 1.7475698E+000,-9.3899247E-001,-1.4303038E+000,-1.5719797E+000,-1.2193444E+000,-1.4919355E+000,-1.0457655E+000,-1.5086510E+000, 4.0028342E+000, 6.5044614E+000, 6.6244300E+000, 5.7343516E+000, 4.6344719E+000, 5.0251983E+000, 4.4125131E+000, 4.0994671E+004, 3.4138121E-001, 1.2531239E+001, 3.6676636E+001
 1.4100281E+002, 1.9999602E+001, 2.0001579E+001, 2.0002620E+001, 2.0013114E+001, 2.0032506E+001, 2.0067947E+001, 2.0124357E+001, 2.0252070E+001, 2.0576627E+001, 2.0220507E+002, 2.3776617E+002, 2.5956228E+002, 2.7148851E+002, 2.7126503E+002, 2.2337207E+002, 2.5588842E+002, 4.0385805E+002, 3.6128825E+002, 2.9032979E+002, 3.1029381E+002, 2.5808999E+002, 2.4186001E+002, 2.5258481E+002, 2.2509843E+000, 2.2099528E+000, 2.0283806E+000, 2.2093692E+000, 2.0569429E+000, 1.9918751E+000, 2.0951094E+000, 1.7816936E+000, 1.6305931E+000,-8.4862824E-001,-1.2088499E+000,-1.3356973E+000,-1.3257423E+000,-7.1453013E-001, 1.8834742E+000,-1.5383884E+000, 5.0799736E+000, 7.6221868E+000, 7.1577369E+000, 6.5623940E+000, 5.7387212E+000, 4.8629650E+000, 5.3169567E+000, 4.0881204E+004, 3.6621700E-001, 1.3486580E+001, 1.6862083E+001
 1.4200545E+002, 2.0000025E+001, 1.9999956E+001, 2.0002272E+001, 2.0014576E+001, 2.0031732E+001, 2.0067385E+001, 2.0129303E+001, 2.0247625E+001, 2.0623864E+001, 2.0698508E+002, 2.3288282E+002, 2.6247231E+002, 2.5703197E+002, 2.7338353E+002, 2.6694952E+002, 3.2110289E+002, 4.0316045E+002, 3.2526194E+002, 2.4144864E+002, 2.3213307E+002, 2.7257406E+002, 2.6665020E+002, 2.3723669E+002, 2.2389657E+000, 2.2979672E+000, 2.1109669E+000, 2.0700662E+000, 2.0392000E+000, 2.0322764E+000, 1.9600812E+000, 1.9561011E+000, 1.2450555E+000,-8.7879129E-001,-1.2302008E+000,-1.3887299E+000,-1.4368819E+000,-6.7440566E-001,-3.8118945E-002, 5.5565054E-002, 2.4549519E+000, 4.6942566E+000, 5.1917626E+000, 5.7438794E+000, 5.7855737E+000, 5.1847412E+000, 4.1606854E+000, 3.9637261E+004, 3.6224166E-001, 1.3015321E+001, 2.7973601E+001
 1.4300489E+002, 2.0001201E+001, 1.9999234E+001, 2.0003370E+001, 2.0016287E+001, 2.0033405E+001, 2.0068294E+001, 2.0132143E+001, 2.0239653E+001, 2.0575576E+001, 2.0460625E+002, 2.2972387E+002, 2.5577995E+002, 2.4152155E+002, 2.5913923E+002, 2.6630856E+002, 2.7473960E+002, 4.1929295E+002, 3.7147821E+002, 3.1197737E+002, 2.7495356E+002, 2.3205569E+002, 2.6804583E+002, 2.5688213E+002, 2.2252883E+000, 2.2502067E+000, 2.1300007E+000, 2.0037165E+000, 2.1130704E+000, 2.0059010E+000, 1.9479582E+000, 1.8757432E+000, 1.5491868E+000,-8.9126637E-001,-1.0927246E+000,-1.5891912E+000,-1.3285488E+000,-6.3689747E-001,-2.5763388E-001, 9.3582156E-001, 4.2194108E+000, 6.4422592E+000, 5.3394185E+000, 5.0349866E+000, 5.5789546E+000, 4.7911115E+000, 4.5001263E+000, 3.7756153E+004, 3.5670283E-001, 1.2888910E+001, 2.6187974E+001
 1.4400533E+002, 1.9998860E+001, 1.9999887E+001, 2.0000985E+001, 2.0014767E+001, 2.0033008E+001, 2.0063648E+001, 2.0120287E+001, 2.0241168E+001, 2.0548225E+001, 2.1055648E+002, 2.3144429E+002, 2.4058770E+002, 2.3617584E+002, 2.5755299E+002, 2.6257367E+002, 4.1307224E+002, 4.2341794E+002, 3.5867003E+002, 2.9475552E+002, 2.6239959E+002, 2.7530566E+002, 2.3822575E+002, 2.6799902E+002, 2.2818537E+000, 2.2526745E+000, 2.2770513E+000, 2.0779721E+000, 2.1350576E+000, 2.0507961E+000, 1.8943812E+000, 1.6850017E+000, 1.3494655E+000,-6.8518821E-001,-1.0477618E+000,-1.3414258E+000,-1.0360353E+000,-8.1373772E-001,-7.8547837E-001,-4.6921127E-001, 3.7945759E+000, 6.8836009E+000, 7.6211712E+000, 6.0196756E+000, 5.3322043E+000, 4.8064092E+000, 5.4089146E+000, 4.1379858E+004, 3.2933494E-001, 1.2186477E+001, 3.4572251E+001
 1.4500031E+002, 1.9998449E+001, 2.0000656E+001, 2.0000809E+001, 2.0014524E+001, 2.0031576E+001, 2.0062635E+001, 2.0117672E+001, 2.0215644E+001, 2.0560662E+001, 1.9675219E+002, 2.2381831E+002, 2.2859727E+002, 2.3644426E+002, 2.4812741E+002, 2.4426470E+002, 4.3237142E+002, 4.7186577E+002, 4.1645089E+002, 3.3814216E+002, 2.8404325E+002, 2.5500847E+002, 2.7190008E+002, 2.4112789E+002, 2.3605430E+000, 2.1676551E+000, 2.1867202E+000, 2.1178520E+000, 2.0065949E+000, 2.1305140E+000, 1.9644231E+000, 1.7961797E+000, 1.2605487E+000,-8.2405136E-001,-1.0024156E+000,-1.0340017E+000,-8.2608141E-001,-1.1938819E+000, 1.3243923E+000,-8.7306879E-001, 5.3913312E+000, 6.6462975E+000, 6.5787376E+000, 6.3113486E+000, 6.4273614E+000, 5.0641860E+000, 4.8498384E+000, 4.0258305E+004, 3.5422504E-001, 1.2672781E+001, 2.6974311E+001
 1.4600401E+002, 1.9999707E+001, 1.9999043E+001, 2.0001464E+001, 2.0013460E+001, 2.0032382E+001, 2.0065724E+001, 2.0117015E+001, 2.0237411E+001, 2.0536055E+001, 1.8842253E+002, 2.1582580E+002, 2.2549167E+002, 2.3986327E+002, 2.6846924E+002, 2.2613754E+002, 2.3860500E+002, 3.6466458E+002, 2.9262003E+002, 3.0931679E+002, 3.0628527E+002, 2.6504930E+002, 2.4540471E+002, 2.6078788E+002, 2.2904213E+000, 2.2394261E+000, 2.2463118E+000, 2.0424963E+000, 2.0920363E+000, 1.9977632E+000, 2.0265337E+000, 1.7824702E+000, 1.0887557E+000,-6.0578764E-001,-9.2976009E-001,-8.5512962E-001,-7.9148101E-001,-3.5136701E-001, 1.2739731E+000,-1.3147726E-003, 3.1808220E+000, 6.3037909E+000, 7.2069547E+000, 6.1721291E+000, 5.8233424E+000, 5.5850633E+000, 5.1759283E+000, 3.8801787E+004, 3.7048425E-001, 1.2610475E+001, 1.9106204E+001
 1.4700247E+002, 1.9999442E+001, 1.9998368E+001, 2.0002051E+001, 2.0013199E+001, 2.0032376E+001, 2.0064404E+001, 2.0122473E+001, 2.0217554E+001, 2.0637363E+001, 2.0462873E+002, 2.0764460E+002, 2.2559331E+002, 2.5431528E+002, 2.7464764E+002, 2.1036808E+002, 3.2391224E+002, 4.4606070E+002, 3.3041317E+002, 2.3369347E+002, 2.5226530E+002, 2.9004710E+002, 2.6702291E+002, 2.4317474E+002, 2.2675723E+000, 2.3795219E+000, 2.1578784E+000, 2.2592220E+000, 1.9880691E+000, 2.0879689E+000, 2.0803653E+000, 1.8788780E+000, 1.0853117E+000,-2.6868968E-001,-7.2693489E-001,-7.0773117E-001,-4.7183068E-001,-1.1257101E-001,-2.8915362E-001, 1.3241654E+000, 4.0629784E+000, 5.7112656E+000, 5.2005349E+000, 6.0122320E+000, 5.1154511E+000, 5.6491080E+000, 5.8110678E+000, 4.0289107E+004, 3.6081312E-001, 1.2087250E+001, 2.9879354E+001
 1.4800598E+002, 2.0000026E+001, 1.9999817E+001, 2.0000598E+001, 2.0013222E+001, 2.0030327E+001, 2.0065962E+001, 2.0121086E+001, 2.0230258E+001, 2.0562715E+001, 2.0510572E+002, 2.1248501E+002, 2.3329203E+002, 2.6754784E+002, 2.6922743E+002, 2.3646668E+002, 2.1980677E+002, 3.8345048E+002, 3.6871576E+002, 2.7815963E+002, 2.5709492E+002, 2.7078005E+002, 2.6234172E+002, 2.5391745E+002, 2.2529687E+000, 2.2189182E+000, 2.1836026E+000, 2.2144252E+000, 2.2245658E+000, 1.8873302E+000, 1.9566500E+000, 1.9925114E+000, 1.0831244E+000,-3.2812549E-001,-8.2064479E-001,-9.7236160E-001,-5.1273824E-001,-1.4807443E-001, 1.7532965E-001, 5.2859101E-001, 3.4967484E+000, 5.9489185E+000, 6.4967477E+000, 5.9112760E+000, 4.8101144E+000, 5.2232875E+000, 5.2875004E+000, 4.1851309E+004, 3.6856540E-001, 1.2621661E+001, 2.0942935E+001
 1.4900055E+002, 1.9999342E+001, 1.9999588E+001, 1.9999935E+001, 2.0015139E+001, 2.0031718E+001, 2.0065878E+001, 2.0124488E+001, 2.0233953E+001, 2.0582044E+001, 2.0508354E+002, 2.2510713E+002, 2.5050753E+002, 2.5147283E+002, 2.6396754E+002, 2.6241302E+002, 2.7100916E+002, 3.5411055E+002, 2.8594632E+002, 2.7205918E+002, 2.6430873E+002, 2.4493229E+002, 2.6075059E+002, 2.6015430E+002, 2.3155112E+000, 2.2627808E+000, 2.4118042E+000, 2.1251162E+000, 2.1991934E+000, 2.1891912E+000, 1.9518165E+000, 1.8569607E+000, 1.5259443E+000,-3.1049271E-001,-1.1777664E+000,-8.2040177E-001,-5.7999627E-001,-4.7084941E-001, 3.4003715E-001,-1.5080086E+000, 3.2945766E-001, 4.4818890E+000, 5.6565000E+000, 5.2797120E+000, 5.8020763E+000, 5.7207558E+000, 4.8972920E+000, 4.0721877E+004, 3.6928091E-001, 1.2583416E+001, 1.5016559E+001
 1.5000266E+002, 1.9999769E+001, 2.0000324E+001, 2.0001262E+001, 2.0012651E+001, 2.0034602E+001, 2.0064237E+001, 2.0129228E+001, 2.0238032E+001, 2.0540188E+001, 2.0423986E+002, 2.2738783E+002, 2.5157328E+002, 2.6465431E+002, 2.8200685E+002, 2.8370899E+002, 3.1785088E+002, 3.8094828E+002, 3.2681615E+002, 2.4306993E+002, 2.5385574E+002, 2.6923884E+002, 2.4789844E+002, 2.5792045E+002, 2.2678831E+000, 2.1858835E+000, 2.2466511E+000, 2.1256778E+000, 2.0758517E+000, 2.1232651E+000, 2.0140389E+000, 1.7765165E+000, 1.4618492E+000,-5.3752818E-001,-1.1408045E+000,-9.9002235E-001,-6.1514374E-001,-3.0557221E-001,-1.3385198E+000, 9.9653739E-002, 2.0231948E+000, 4.3401212E+000, 4.5496609E+000, 4.9522371E+000, 5.8046182E+000, 5.5072659E+000, 5.4621561E+000, 3.9647908E+004, 3.7723046E-001, 1.2792562E+001, 1.8416843E+001
 1.5100045E+002, 2.0000929E+001, 1.9999675E+001, 2.0001683E+001, 2.0011767E+001, 2.0031365E+001, 2.0074464E+001, 2.0125534E+001, 2.0267016E+001, 2.0632344E+001, 1.9885762E+002, 2.2168121E+002, 2.6135054E+002, 2.8065773E+002, 2.9322503E+002, 2.9942551E+002, 2.5063795E+002, 3.0017510E+002, 2.8403006E+002, 2.6201160E+002, 2.5692656E+002, 2.7223314E+002, 2.6483569E+002, 2.4078025E+002, 2.2474267E+000, 2.2750232E+000, 2.1369074E+000, 2.3358926E+000, 2.0761371E+000, 2.0635769E+000, 1.9927780E+000, 1.8012606E+000, 1.3052339E+000,-1.0830982E+000,-9.6298997E-001,-1.1214242E+000,-1.1428213E+000,-6.7274748E-001,-8.6564198E-001, 2.9184508E-001, 2.8646913E+000, 5.2770725E+000, 5.6140721E+000, 5.1165784E+000, 4.6081011E+000, 5.0668557E+000, 5.1996941E+000, 3.7808968E+004, 3.9020574E-001, 1.2803143E+001, 1.4894755E+001
 1.5200257E+002, 2.0000524E+001, 1.9999743E+001, 2.0002410E+001, 2.0012493E+001, 2.0028464E+001, 2.0064010E+001, 2.0140086E+001, 2.0227597E+001, 2.2683779E+001, 1.9737115E+002, 2.2002894E+002, 2.5658093E+002, 2.7683479E+002, 2.8922090E+002, 3.1202962E+002, 2.8187434E+002, 3.5706317E+002, 2.7519118E+002, 2.3631664E+002, 2.3590767E+002, 2.7013315E+002, 2.8213493E+002, 2.5189512E+002, 2.2498941E+000, 2.1833403E+000, 2.0811450E+000, 2.1764875E+000, 2.3148982E+000, 1.9380883E+000, 2.0197009E+000, 2.0197759E+000, 1.0931937E+000,-9.6592949E-001,-8.7643298E-001,-1.4345541E+000,-1.2866770E+000,-9.5674240E-001,-2.9005559E+000,-1.4649947E+000, 4.5876958E+000, 5.3063720E+000, 5.8643113E+000, 5.9342252E+000, 4.7301586E+000, 5.2846367E+000, 4.9109661E+000, 4.1035823E+004, 3.5927785E-001, 1.2774684E+001, 2.5173250E+001
 1.5300555E+002, 2.0000860E+001, 2.0000964E+001, 2.0001764E+001, 2.0014379E+001, 2.0028729E+001, 2.0058931E+001, 2.0122622E+001, 2.0253904E+001, 2.7026399E+001, 1.8606808E+002, 2.4791803E+002, 2.5240427E+002, 2.6724339E+002, 2.7452486E+002, 2.3742558E+002, 3.4984623E+002, 3.5705955E+002, 3.1345905E+002, 2.8315174E+002, 2.2363694E+002, 2.3542314E+002, 2.9349090E+002, 2.6584319E+002, 2.2335835E+000, 2.2568277E+000, 2.2350438E+000, 2.1171043E+000, 2.1931140E+000, 2.3287624E+000, 1.9397874E+000, 1.9378618E+000, 1.1414042E+000,-6.4669972E-001,-8.2411700E-001,-1.4105862E+000,-1.2136228E+000,-1.2819608E+000,-9.6459467E-001, 4.0067086E-001, 2.6089864E+000, 5.8570709E+000, 6.0186115E+000, 5.4302292E+000, 5.3208813E+000, 5.0957195E+000, 4.7818595E+000, 4.0267978E+004, 3.6070873E-001, 1.2341021E+001, 2.3546161E+001
 1.5400280E+002, 2.0002677E+001, 2.0000797E+001, 2.0001357E+001, 2.0014528E+001, 2.0033125E+001, 2.0059708E+001, 2.0113450E+001, 2.0243860E+001, 2.9974696E+001, 1.9261865E+002, 2.5870839E+002, 2.4957670E+002, 2.6695666E+002, 2.5715729E+002, 2.4424055E+002, 3.7469321E+002, 4.6998534E+002, 3.7738020E+002, 3.3100024E+002, 2.6345790E+002, 2.2348881E+002, 2.4412706E+002, 2.8266451E+002, 2.1691380E+000, 2.1976280E+000, 2.1371852E+000, 2.0407445E+000, 2.0387151E+000, 2.1713123E+000, 2.1824750E+000, 1.5417984E+000, 2.8700561E-001,-1.2935704E+000,-1.2397962E+000,-1.5014199E+000,-1.3089443E+000,-1.4532127E+000,-1.3451798E-001, 1.4323948E+000, 5.5619797E+000, 7.0151330E+000, 7.1656109E+000, 6.1936493E+000, 5.7048243E+000, 4.2574831E+000, 4.7320380E+000, 3.9278284E+004, 3.7292413E-001, 1.2755102E+001, 2.7575563E+001
 1.5500712E+002, 2.0001289E+001, 2.0000969E+001, 2.0002560E+001, 2.0014282E+001, 2.0032021E+001, 2.0067765E+001, 2.0113454E+001, 2.0221974E+001, 2.1314680E+001, 1.9563151E+002, 2.5684333E+002, 2.4868022E+002, 2.6290572E+002, 2.5125376E+002, 2.4995460E+002, 3.2312102E+002, 3.0331205E+002, 2.5926018E+002, 2.7380785E+002, 3.1381325E+002, 2.6001559E+002, 2.5540431E+002, 2.5346436E+002, 2.2353773E+000, 2.1406445E+000, 2.2111652E+000, 2.0957824E+000, 2.1006517E+000, 2.1023234E+000, 2.1629020E+000, 2.0017135E+000, 1.6904750E+000,-1.1471182E+000,-1.3439705E+000,-1.1648075E+000,-1.1125198E+000,-1.2973955E+000, 1.1607888E+000, 1.0732129E+000, 3.3842574E+000, 6.0977190E+000, 6.0720966E+000, 6.5010616E+000, 6.4330285E+000, 5.6445122E+000, 3.7377919E+000, 4.0598017E+004, 3.6713652E-001, 1.2759786E+001, 1.7745664E+001
 1.5600663E+002, 2.0000029E+001, 2.0002494E+001, 2.0002712E+001, 2.0012907E+001, 2.0031399E+001, 2.0061477E+001, 2.0122819E+001, 2.0211807E+001, 4.1676403E+001, 2.1104889E+002, 2.5560197E+002, 2.5633317E+002, 2.5992386E+002, 2.6794534E+002, 2.3078905E+002, 2.1722358E+002, 3.0153811E+002, 2.8499291E+002, 2.3014102E+002, 2.3343794E+002, 2.7129417E+002, 2.5746407E+002, 2.5478393E+002, 2.2361922E+000, 2.0906401E+000, 2.2032506E+000, 2.1279848E+000, 1.9775599E+000, 1.9730092E+000, 1.9852154E+000, 2.0195897E+000, 3.3726197E-001,-1.2388313E+000,-1.5308735E+000,-1.1378403E+000,-1.2562436E+000,-6.6898638E-001, 7.7145049E-001, 2.4537899E+000, 2.1614671E+000, 5.9805060E+000, 5.3681755E+000, 6.0577599E+000, 5.4498675E+000, 5.0804835E+000, 5.2988590E+000, 3.8725173E+004, 3.4344863E-001, 1.2499125E+001, 1.7334183E+001
 1.5700314E+002, 2.0000392E+001, 2.0001819E+001, 2.0002604E+001, 2.0015236E+001, 2.0030436E+001, 2.0065502E+001, 2.0121470E+001, 2.0238351E+001, 5.0409671E+001, 2.3326369E+002, 2.4582543E+002, 2.4914404E+002, 2.5401330E+002, 2.6348216E+002, 2.3293440E+002, 3.8115118E+002, 3.5875834E+002, 2.7762458E+002, 2.5119904E+002, 2.6918659E+002, 2.3300805E+002, 2.6069721E+002, 2.4323094E+002, 2.2628839E+000, 2.1438496E+000, 2.0734610E+000, 2.1052605E+000, 2.1524353E+000, 1.9086908E+000, 1.9518851E+000, 1.9352060E+000, 3.2959963E-001,-1.1956835E+000,-1.4905320E+000,-1.1498759E+000,-7.0656387E-001,-5.1828608E-001,-1.1832651E+000,-3.6107776E-001, 4.0664013E+000, 5.7851780E+000, 5.8456640E+000, 4.9596246E+000, 5.6018291E+000, 5.5505544E+000, 4.1927680E+000, 4.1756208E+004, 3.8056449E-001, 1.3176712E+001, 3.0220197E+001
 1.5800395E+002, 1.9997835E+001, 2.0000297E+001, 2.0004425E+001, 2.0015068E+001, 2.0034283E+001, 2.0065544E+001, 2.0132163E+001, 2.0258252E+001, 7.7919190E+001, 2.2718766E+002, 2.3057675E+002, 2.4108841E+002, 2.5763021E+002, 2.7135754E+002, 2.6657818E+002, 3.4962189E+002, 3.9438551E+002, 3.0570056E+002, 3.3101044E+002, 3.0137078E+002, 3.0140599E+002, 2.3974215E+002, 2.4369270E+002, 2.3245911E+000, 2.2053289E+000, 2.0316717E+000, 2.2002084E+000, 2.0025891E+000, 2.1336205E+000, 1.8795451E+000, 1.6884365E+000, 3.7105029E-001,-1.4676584E+000,-1.3667180E+000,-1.1409824E+000,-5.0243009E-001,-6.5428707E-001,-1.4718984E+000,-1.0251509E+000, 4.3992376E+000, 6.0060600E+000, 6.6495962E+000, 6.0495936E+000, 5.6946628E+000, 4.8635901E+000, 5.5244557E+000, 3.9780637E+004, 3.6867584E-001, 1.2858228E+001, 2.2242042E+001
 1.5900637E+002, 1.9999659E+001, 2.0000230E+001, 2.0004304E+001, 2.0015709E+001, 2.0033756E+001, 2.0069535E+001, 2.0126650E+001, 2.0255264E+001, 1.3331980E+002, 2.1546074E+002, 2.1891490E+002, 2.2820186E+002, 2.6810856E+002, 2.5696903E+002, 2.8519236E+002, 3.4493086E+002, 4.0901983E+002, 3.2663724E+002, 2.2483878E+002, 2.7761634E+002, 3.0949442E+002, 2.7989773E+002, 2.4222556E+002, 2.2751666E+000, 2.1160846E+000, 2.0938220E+000, 1.9338797E+000, 2.0709575E+000, 1.9860181E+000, 1.9609042E+000, 1.7181786E+000,-1.6467046E+000,-1.5092079E+000,-1.2114509E+000,-1.1411303E+000,-1.1071893E+000,-8.0191532E-001,-5.3902835E-001, 1.6712943E-001, 2.9309894E+000, 5.8402171E+000, 6.0593924E+000, 6.4717843E+000, 6.2085400E+000, 4.9985647E+000, 4.9235799E+000, 3.8543521E+004, 3.5174051E-001, 1.2596504E+001, 2.1411932E+001
 1.6000522E+002, 2.0001553E+001, 1.9997785E+001, 2.0002220E+001, 2.0017988E+001, 2.0034215E+001, 2.0067086E+001, 2.0123118E+001, 2.0248309E+001, 1.1680760E+002, 2.0694597E+002, 2.1241469E+002, 2.2336002E+002, 2.9110309E+002, 2.6253891E+002, 3.0128597E+002, 3.0649293E+002, 3.5635685E+002, 2.8456431E+002, 2.6820211E+002, 2.5127113E+002, 2.6659600E+002, 2.9827428E+002, 2.7919995E+002, 2.2777770E+000, 2.2944075E+000, 2.1811856E+000, 2.0017212E+000, 2.1501694E+000, 2.0783077E+000, 2.1704859E+000, 1.7981399E+000,-1.3695678E+000,-1.1361505E+000,-8.7432235E-001,-1.0006335E+000,-6.7012732E-001,-3.5425776E-001,-1.7815278E+000,-1.7613711E-001, 2.6998328E+000, 5.0117150E+000, 5.3668903E+000, 5.8547960E+000, 5.8985421E+000, 5.6522910E+000, 5.5666873E+000, 4.2431844E+004, 3.5691471E-001, 1.2665794E+001, 2.2404464E+001
 1.6100466E+002, 2.0000387E+001, 1.9999934E+001, 2.0001683E+001, 2.0018501E+001, 2.0037392E+001, 2.0067887E+001, 2.0127225E+001, 2.0242518E+001, 1.2741043E+002, 1.9135707E+002, 2.1930563E+002, 2.6230051E+002, 2.8443750E+002, 2.7158840E+002, 2.9584456E+002, 3.0274140E+002, 3.7750617E+002, 3.2283795E+002, 3.2183946E+002, 2.8943098E+002, 2.4512902E+002, 2.5745835E+002, 2.8704742E+002, 2.2100602E+000, 2.2133571E+000, 1.9964671E+000, 2.1241994E+000, 1.8599161E+000, 2.0755708E+000, 1.8511328E+000, 1.8589036E+000,-1.2660700E+000,-1.4728477E+000,-1.1257234E+000,-1.4965359E+000,-1.0558248E+000,-5.2930184E-001,-6.6122499E-001,-6.4290785E-001, 3.9264732E+000, 5.1329288E+000, 5.8852525E+000, 5.8554358E+000, 5.7031901E+000, 4.9095106E+000, 5.0129166E+000, 3.7270758E+004, 3.6897399E-001, 1.3404145E+001, 1.7904701E+001
 1.6200629E+002, 2.0001149E+001, 2.0001580E+001, 1.9999798E+001, 2.0015128E+001, 2.0040405E+001, 2.0075825E+001, 2.0132529E+001, 2.0259962E+001, 1.7229038E+002, 1.9704504E+002, 2.1948675E+002, 2.3512073E+002, 2.6853913E+002, 2.9705128E+002, 2.9844721E+002, 2.8926662E+002, 2.2772736E+002, 2.3221653E+002, 2.3050360E+002, 2.8340501E+002, 2.8746137E+002, 2.3886465E+002, 2.5116374E+002, 2.2612005E+000, 2.1723453E+000, 2.1708167E+000, 2.0121694E+000, 2.1413163E+000, 1.8966277E+000, 2.1937267E+000, 1.5960168E+000,-1.2735760E+000,-8.1098123E-001,-1.0497340E+000,-1.3590339E+000,-1.1923445E+000,-9.2584010E-001,-3.8359326E-003, 5.5831032E-001, 1.1238949E+000, 4.6654573E+000, 5.3719215E+000, 5.8729382E+000, 6.0585530E+000, 5.3708175E+000, 5.1165214E+000, 4.2064138E+004, 3.7350594E-001, 1.3500034E+001, 2.0139829E+001
 1.6300672E+002, 2.0000992E+001, 2.0000709E+001, 2.0001804E+001, 2.0013251E+001, 2.0031404E+001, 2.0075710E+001, 2.0137012E+001, 2.0241492E+001, 1.4753480E+002, 2.0272011E+002, 2.2659980E+002, 2.4919360E+002, 2.8128227E+002, 2.7127771E+002, 2.8611942E+002, 4.3900474E+002, 4.7983522E+002, 3.2034514E+002, 2.6457314E+002, 2.1800099E+002, 2.5813640E+002, 2.8041284E+002, 2.4271975E+002, 2.1856684E+000, 2.1854336E+000, 2.2069432E+000, 2.1012011E+000, 2.0256358E+000, 2.1687854E+000, 1.7934276E+000, 1.8090590E+000,-1.1818581E+000,-7.4615545E-001,-1.2736106E+000,-1.2850314E+000,-1.5977607E+000,-9.4861320E-001,-1.2243130E+000, 1.7267731E-001, 5.8016610E+000, 5.8948061E+000, 5.6705465E+000, 5.0901548E+000, 4.6233250E+000, 5.4472183E+000, 5.2766430E+000, 4.0415602E+004, 3.3294841E-001, 1.2579048E+001, 3.5565339E+001
 1.6400602E+002, 1.9999728E+001, 2.0001422E+001, 2.0003337E+001, 2.0012678E+001, 2.0031682E+001, 2.0065645E+001, 2.0137922E+001, 2.0289711E+001, 1.2691563E+002, 2.1852251E+002, 2.2926934E+002, 2.7872835E+002, 2.6340903E+002, 2.7362234E+002, 2.4604589E+002, 3.4392357E+002, 3.0438280E+002, 3.0546308E+002, 3.0283955E+002, 3.0015847E+002, 2.3699180E+002, 2.5750573E+002, 2.7262991E+002, 2.1882181E+000, 2.1259291E+000, 2.1013359E+000, 2.0036858E+000, 2.0504491E+000, 1.9553498E+000, 1.8463411E+000, 1.5729111E+000,-1.1129806E+000,-1.2200382E+000,-1.6882589E+000,-1.9175634E+000,-1.4870759E+000,-1.3555266E+000, 5.5241508E-001,-1.4696187E+000, 3.6448019E+000, 5.9846985E+000, 6.2799716E+000, 6.3481584E+000, 4.8230310E+000, 3.8212863E+000, 5.3668394E+000, 3.9468490E+004, 3.7710315E-001, 1.3427951E+001, 1.2667478E+001
 1.6500320E+002, 2.0000630E+001, 2.0001811E+001, 2.0002812E+001, 2.0014943E+001, 2.0033499E+001, 2.0067791E+001, 2.0133927E+001, 2.0287006E+001, 1.5535760E+002, 2.2673314E+002, 2.5291218E+002, 2.6224207E+002, 2.5614053E+002, 2.7889724E+002, 2.3494462E+002, 3.6002346E+002, 3.2452803E+002, 2.8169868E+002, 2.3872322E+002, 2.4398810E+002, 2.8707478E+002, 2.4725536E+002, 2.5298329E+002, 2.2669140E+000, 2.1602035E+000, 2.2178923E+000, 2.2194119E+000, 2.1227024E+000, 2.1033625E+000, 2.1764818E+000, 1.6015485E+000,-5.1200138E-001,-9.4769618E-001,-1.4041910E+000,-1.4760098E+000,-9.7355661E-001,-6.3891033E-001,-1.2494821E+000,-8.1206990E-001, 3.8955504E+000, 5.3277868E+000, 6.1569068E+000, 5.8521583E+000, 5.8483182E+000, 5.8472166E+000, 4.4082197E+000, 3.9068591E+004, 3.8017554E-001, 1.3315229E+001, 1.9718079E+001
 1.6600650E+002, 2.0000437E+001, 1.9999839E+001, 2.0003154E+001, 2.0015939E+001, 2.0032596E+001, 2.0069331E+001, 2.0127153E+001, 2.0256130E+001, 1.3959764E+002, 2.2237634E+002, 2.7427271E+002, 2.4058982E+002, 2.4926715E+002, 2.5777828E+002, 2.9876731E+002, 4.3782256E+002, 3.7098035E+002, 2.6700081E+002, 2.9148997E+002, 2.6322352E+002, 2.4527946E+002, 2.7854162E+002, 2.4863019E+002, 2.1428028E+000, 2.0317857E+000, 2.0809636E+000, 2.0730933E+000, 1.8992232E+000, 1.8823774E+000, 1.7766310E+000, 1.6312744E+000,-1.2893205E+000,-1.4403974E+000,-1.9565671E+000,-2.0581672E+000,-1.5913308E+000,-1.1332439E+000,-2.8813062E+000, 7.3813575E-001, 1.2139931E+000, 6.4604547E+000, 5.8192840E+000, 5.0858570E+000, 4.8854319E+000, 4.4919952E+000, 3.9495647E+000, 3.9351814E+004, 3.7074324E-001, 1.3304788E+001, 3.2017137E+001
 1.6700118E+002, 1.9998908E+001, 2.0000998E+001, 2.0004626E+001, 2.0016797E+001, 2.0035077E+001, 2.0068916E+001, 2.0132957E+001, 2.0260278E+001, 1.2370518E+002, 2.2675719E+002, 2.5516661E+002, 2.2260647E+002, 2.3300474E+002, 2.4029907E+002, 2.5682349E+002, 3.6613345E+002, 3.5715481E+002, 3.1479127E+002, 2.1956129E+002, 2.3829652E+002, 2.5443596E+002, 2.4301987E+002, 2.7396492E+002, 2.3156957E+000, 2.2249915E+000, 2.0857112E+000, 2.1565897E+000, 2.2406761E+000, 2.0863686E+000, 2.1053628E+000, 1.6442424E+000,-8.9609686E-001,-1.3153671E+000,-1.4687051E+000,-1.4181048E+000,-1.0411745E+000,-1.1294013E+000,-1.7504982E+000, 5.4243901E-001, 3.2125802E+000, 5.6508867E+000, 6.0948367E+000, 5.9043096E+000, 5.6801521E+000, 4.9104788E+000, 5.2247028E+000, 4.1762487E+004, 3.7262890E-001, 1.3328290E+001, 1.9994311E+001
 1.6800441E+002, 1.9999557E+001, 2.0000756E+001, 2.0002119E+001, 2.0015213E+001, 2.0035403E+001, 2.0066816E+001, 2.0124206E+001, 2.0250681E+001, 1.7276872E+002, 2.2820040E+002, 2.4373303E+002, 2.2319143E+002, 2.3370130E+002, 2.3319544E+002, 2.6570162E+002, 3.5132018E+002, 4.6326851E+002, 3.5538960E+002, 3.0746865E+002, 2.6172258E+002, 2.3850451E+002, 2.5799127E+002, 2.4480881E+002, 2.2753435E+000, 2.1359873E+000, 2.0948740E+000, 2.1519521E+000, 2.0891119E+000, 2.1992264E+000, 1.8587398E+000, 1.8810485E+000,-6.9464120E-001,-1.4297733E+000,-1.4322519E+000,-1.4705975E+000,-1.0239444E+000,-1.6998798E+000,-1.8018447E+000,-1.9589251E+000, 5.6971135E+000, 6.1836795E+000, 6.1920606E+000, 5.8256444E+000, 5.0695490E+000, 4.3535290E+000, 3.9728439E+000, 3.7877462E+004, 3.2930461E-001, 1.2281838E+001, 2.7515153E+001
 1.6900208E+002, 2.0000245E+001, 1.9998808E+001, 2.0003022E+001, 2.0019949E+001, 2.0033738E+001, 2.0071524E+001, 2.0127981E+001, 2.0261045E+001, 1.9728818E+002, 2.2812300E+002, 2.3474167E+002, 2.2873317E+002, 2.4688329E+002, 2.3981074E+002, 2.5429273E+002, 3.7582315E+002, 2.4756291E+002, 2.1115497E+002, 2.6094639E+002, 2.9621877E+002, 2.6056537E+002, 2.5143898E+002, 2.3894655E+002, 2.2395941E+000, 2.2362837E+000, 2.1483786E+000, 2.0135870E+000, 2.1424727E+000, 1.9751118E+000, 2.1297182E+000, 1.5910762E+000,-7.8179242E-001,-1.5807079E+000,-1.4373451E+000,-1.4968175E+000,-1.4579202E+000,-1.4783629E+000,-5.1395035E-001,-3.1905874E-001, 1.1840395E+000, 5.1511310E+000, 5.9590261E+000, 5.9598509E+000, 5.2264655E+000, 4.8683699E+000, 4.6479481E+000, 3.8831131E+004, 3.9933750E-001, 1.3628081E+001, 1.7010300E+001
 1.7000159E+002, 2.0000156E+001, 1.9999859E+001, 2.0003042E+001, 2.0015174E+001, 2.0041249E+001, 2.0069944E+001, 2.0138441E+001, 2.0263831E+001, 2.0693969E+002, 2.2480369E+002, 2.3402771E+002, 2.1899397E+002, 2.6251737E+002, 2.4446102E+002, 2.7061518E+002, 3.9041448E+002, 5.3357155E+002, 2.9717564E+002, 2.3814763E+002, 2.1304800E+002, 2.9852972E+002, 2.5223830E+002, 2.4607530E+002, 2.2725513E+000, 2.2414299E+000, 2.1038009E+000, 2.1173770E+000, 2.0460031E+000, 2.1848258E+000, 2.0510381E+000, 1.8190782E+000,-5.1450399E-001,-1.0709937E+000,-1.1138485E+000,-1.2174125E+000,-1.7612019E+000,-7.3504965E-001,-1.8931979E+000, 1.1935759E+000, 5.5313784E+000, 5.5747550E+000, 5.8760990E+000, 5.4965225E+000, 6.1505798E+000, 5.6055232E+000, 5.3841979E+000, 4.1900894E+004, 3.5718252E-001, 1.2585247E+001, 3.2933591E+001
 1.7100534E+002, 2.0000091E+001, 2.0000511E+001, 2.0000538E+001, 2.0015161E+001, 2.0033943E+001, 2.0075864E+001, 2.0130373E+001, 2.0254674E+001, 2.0707795E+002, 2.1973218E+002, 2.3067288E+002, 2.5166897E+002, 2.5538121E+002, 2.5333175E+002, 2.4967485E+002, 4.0203522E+002, 4.3249692E+002, 3.7260276E+002, 3.2484603E+002, 3.0287756E+002, 2.0612331E+002, 2.9169947E+002, 2.4691315E+002, 2.2018562E+000, 2.1309556E+000, 2.1161803E+000, 2.0849039E+000, 1.9663824E+000, 1.9194052E+000, 1.8828851E+000, 1.6180391E+000,-5.5994601E-001,-1.2800658E+000,-1.3373581E+000,-2.0716931E+000,-1.3572908E+000,-4.9086028E-001, 3.0394752E-001,-3.1393237E+000, 3.2175166E+000, 6.5276237E+000, 5.8922542E+000, 6.0350876E+000, 4.7725720E+000, 4.9510475E+000, 4.6506197E+000, 3.8056700E+004, 3.3880346E-001, 1.2924009E+001, 1.5419416E+001
 1.7200049E+002, 1.9999496E+001, 2.0000431E+001, 2.0001721E+001, 2.0016505E+001, 2.0032395E+001, 2.0072873E+001, 2.0133273E+001, 2.0264847E+001, 2.0186929E+002, 2.2214157E+002, 2.2701692E+002, 2.3658897E+002, 2.2969423E+002, 2.4105919E+002, 2.7989251E+002, 3.0286251E+002, 3.5732002E+002, 2.8739865E+002, 2.4115338E+002, 2.7013516E+002, 2.7144783E+002, 2.2996979E+002, 2.7957969E+002, 2.3140930E+000, 2.2099486E+000, 2.1598089E+000, 2.1268603E+000, 2.2384032E+000, 2.0452361E+000, 2.0429490E+000, 1.5780575E+000,-6.5662865E-001,-6.4762816E-001,-1.2148730E+000,-1.3993550E+000,-7.5443038E-001,-2.5715597E-001,-2.0216759E+000, 3.0596751E-001, 4.2338643E+000, 4.8129287E+000, 5.3480721E+000, 5.7539145E+000, 6.0981364E+000, 5.5697061E+000, 5.2457384E+000, 4.3187474E+004, 3.3809457E-001, 1.2282657E+001, 2.6580412E+001
 1.7300864E+002, 2.0000365E+001, 2.0000158E+001, 2.0002360E+001, 2.0011710E+001, 2.0033847E+001, 2.0061452E+001, 2.0132822E+001, 2.0239803E+001, 1.8322384E+002, 2.1904076E+002, 2.2662133E+002, 2.2541993E+002, 2.1835061E+002, 2.5047079E+002, 2.7901287E+002, 2.2863780E+002, 3.7260288E+002, 3.6211100E+002, 3.0442782E+002, 2.7223520E+002, 2.7111671E+002, 2.6585759E+002, 2.4353276E+002, 2.2844588E+000, 2.1612682E+000, 2.1226925E+000, 2.1264585E+000, 2.1211982E+000, 2.2080804E+000, 1.8722899E+000, 1.7990698E+000,-5.2100290E-001,-8.7193946E-001,-1.3851409E+000,-1.2464427E+000,-8.4929795E-001,-3.3031011E-001,-6.1158038E-001, 1.9980281E-001, 2.3768109E+000, 5.9658082E+000, 6.1993228E+000, 5.0374932E+000, 4.6022930E+000, 5.0955765E+000, 4.7558771E+000, 3.8387412E+004, 3.4079750E-001, 1.2742049E+001, 1.9570396E+001
 1.7400740E+002, 1.9999425E+001, 1.9999734E+001, 2.0002363E+001, 2.0013948E+001, 2.0029339E+001, 2.0067725E+001, 2.0113710E+001, 2.0283097E+001, 1.8200944E+002, 2.2237976E+002, 2.2236821E+002, 2.1852384E+002, 2.3099370E+002, 2.7214825E+002, 2.5466081E+002, 3.2389955E+002, 2.8253878E+002, 2.6364320E+002, 2.8329448E+002, 2.6413381E+002, 2.5993069E+002, 2.7332519E+002, 2.6318070E+002, 2.2157110E+000, 2.1537213E+000, 2.0592950E+000, 2.0091018E+000, 1.9593476E+000, 2.0261675E+000, 2.0307801E+000, 1.2587922E+000,-3.3511491E-001,-1.2222847E+000,-1.3413883E+000,-1.4562795E+000,-1.1071677E+000,-1.3256313E+000,-1.0940258E+000,-2.4069228E+000,-5.5428262E-003, 4.1567005E+000, 5.4815055E+000, 6.0555637E+000, 4.9705408E+000, 4.2704724E+000, 4.8878740E+000, 3.8680132E+004, 3.3594590E-001, 1.2352153E+001, 2.1099194E+001
 1.7500228E+002, 1.9999652E+001, 2.0000728E+001, 2.0001811E+001, 2.0014748E+001, 2.0031032E+001, 2.0060749E+001, 2.0120214E+001, 2.0210477E+001, 1.7792251E+002, 2.2095780E+002, 2.2115663E+002, 2.1025325E+002, 2.5606593E+002, 2.9380368E+002, 2.8148775E+002, 3.2620879E+002, 3.0391982E+002, 2.6444679E+002, 2.1933349E+002, 2.3076411E+002, 2.6904056E+002, 2.6548784E+002, 2.6948611E+002, 2.3341988E+000, 2.3003280E+000, 2.2163320E+000, 2.1772072E+000, 2.1913344E+000, 2.1046926E+000, 2.2447496E+000, 1.9105201E+000,-2.6941287E-001,-1.0484581E+000,-1.0121406E+000,-8.9535256E-001,-9.7580576E-001,-1.0222399E+000,-3.6817764E-001,-1.5306318E+000, 3.9063252E+000, 5.4445271E+000, 5.3318194E+000, 5.6989875E+000, 6.0168525E+000, 5.2582323E+000, 5.1202219E+000, 4.1793116E+004, 3.3775857E-001, 1.2128671E+001, 2.2208230E+001
 1.7600861E+002, 2.0000273E+001, 1.9999210E+001, 2.0001729E+001, 2.0014371E+001, 2.0032054E+001, 2.0063479E+001, 2.0118660E+001, 2.0237772E+001, 1.7483374E+002, 2.0890841E+002, 2.2208275E+002, 2.1417314E+002, 2.6124968E+002, 2.6975675E+002, 2.2108711E+002, 3.3210386E+002, 3.5433897E+002, 3.1128815E+002, 2.7336829E+002, 2.4841607E+002, 2.4799007E+002, 2.6325985E+002, 2.6486466E+002, 2.2350918E+000, 2.1385752E+000, 2.0498170E+000, 1.9235826E+000, 1.8684101E+000, 1.9277828E+000, 1.6295285E+000, 1.7081387E+000,-9.2308879E-001,-1.3098223E+000,-1.3091059E+000,-1.5159815E+000,-1.5746388E+000,-1.0696925E+000, 6.4477981E-001,-1.0601552E+000, 4.3791953E+000, 5.1794392E+000, 5.4361980E+000, 5.2365803E+000, 4.3862859E+000, 4.7440298E+000, 4.1933730E+000, 3.7628378E+004, 3.5359909E-001, 1.2704419E+001, 2.8074691E+001
 1.7700485E+002, 2.0000828E+001, 1.9999552E+001, 2.0002867E+001, 2.0014101E+001, 2.0032937E+001, 2.0065407E+001, 2.0121355E+001, 2.0243717E+001, 1.7299890E+002, 1.9549648E+002, 2.2386764E+002, 2.2920614E+002, 2.6782263E+002, 2.3640619E+002, 2.8440183E+002, 2.9799744E+002, 3.4193422E+002, 2.8416623E+002, 2.7587252E+002, 2.7955940E+002, 2.3916032E+002, 2.4288936E+002, 2.6414825E+002, 2.2966937E+000, 2.2867912E+000, 2.2408346E+000, 2.1676510E+000, 2.1481264E+000, 2.0330392E+000, 2.1187349E+000, 1.7915684E+000,-3.0657181E-001,-6.7760065E-001,-7.9877077E-001,-1.3754642E+000,-1.3299624E+000,-1.1188044E+000, 8.4044046E-001, 2.1521067E+000, 2.4704035E+000, 5.5268807E+000, 6.7565070E+000, 6.1015969E+000, 5.7623690E+000, 4.7740602E+000, 4.8669578E+000, 4.3863291E+004, 3.4844608E-001, 1.3063986E+001, 2.1714538E+001
 1.7800157E+002, 2.0001324E+001, 2.0000574E+001, 2.0000746E+001, 2.0012791E+001, 2.0028609E+001, 2.0060323E+001, 2.0112727E+001, 2.0230566E+001, 1.5488115E+002, 1.9091975E+002, 2.1993402E+002, 2.3617231E+002, 2.5851915E+002, 2.7094249E+002, 2.7166458E+002, 4.4720178E+002, 5.0917981E+002, 3.4102994E+002, 2.6490271E+002, 2.1574444E+002, 2.6335662E+002, 2.5349516E+002, 2.3780853E+002, 2.2403367E+000, 2.2243418E+000, 2.1464858E+000, 2.0446350E+000, 1.9729221E+000, 1.9459731E+000, 1.9177083E+000, 1.8081446E+000,-6.3653787E-001,-1.1081270E+000,-1.3135907E+000,-1.5256504E+000,-1.0311182E+000,-2.6169704E-001,-4.4907896E-001,-4.6398742E-001, 3.9320911E+000, 5.1947998E+000, 5.0503133E+000, 5.6157363E+000, 5.7314303E+000, 4.9903850E+000, 4.8740166E+000, 3.6909318E+004, 3.1453676E-001, 1.2197214E+001, 2.7695384E+001
 1.7900470E+002, 1.9999539E+001, 2.0001155E+001, 2.0001019E+001, 2.0015313E+001, 2.0029482E+001, 2.0059052E+001, 2.0114547E+001, 2.0237558E+001, 1.3309290E+002, 1.8574923E+002, 2.1270398E+002, 2.2385080E+002, 2.4466116E+002, 2.6830542E+002, 3.5517949E+002, 3.3976816E+002, 2.9763175E+002, 2.4295739E+002, 2.8223913E+002, 3.0471885E+002, 2.1947438E+002, 2.6315851E+002, 2.4023807E+002, 2.2563165E+000, 2.1461763E+000, 2.1087987E+000, 1.9948118E+000, 1.9448270E+000, 1.9867327E+000, 1.8845475E+000, 1.4698115E+000,-6.9255277E-002,-8.1453218E-001,-1.6680860E+000,-1.5585621E+000,-1.3282097E+000,-1.3395612E-001, 1.1942902E-001,-2.6283109E+000, 2.1527683E+000, 4.2917537E+000, 6.1606706E+000, 5.9945547E+000, 5.9806984E+000, 5.4462722E+000, 4.9162879E+000, 4.1473681E+004, 3.5282412E-001, 1.3119986E+001, 1.7055588E+001
 1.8000083E+002, 1.9999856E+001, 2.0001891E+001, 2.0002369E+001, 2.0012308E+001, 2.0032915E+001, 2.0059664E+001, 2.0113677E+001, 2.0227035E+001, 8.7476228E+001, 1.9079527E+002, 2.0909793E+002, 2.1689535E+002, 2.5203527E+002, 2.5851222E+002, 2.7702493E+002, 2.3967145E+002, 3.2543886E+002, 3.1211665E+002, 2.8417557E+002, 2.5762508E+002, 3.1574250E+002, 2.3819110E+002, 2.5604963E+002, 2.3316761E+000, 2.1915843E+000, 2.2696796E+000, 2.1357330E+000, 2.1884973E+000, 2.1585007E+000, 2.1134363E+000, 1.7568900E+000, 4.9304446E-003,-7.6115200E-001,-1.2114084E+000,-9.5370900E-001,-1.0620380E+000,-2.1783919E-001,-1.8025432E+000, 5.7416952E-001, 4.3721174E+000, 5.2287362E+000, 6.5060170E+000, 6.0537123E+000, 5.8863912E+000, 5.7349683E+000, 5.5998111E+000, 4.1100676E+004, 3.4042403E-001, 1.2228931E+001, 2.8712195E+001
 1.8100536E+002, 2.0000809E+001, 1.9999620E+001, 2.0003119E+001, 2.0012036E+001, 2.0029006E+001, 2.0064770E+001, 2.0112132E+001, 2.0230739E+001, 7.7265220E+001, 1.9766934E+002, 2.1845367E+002, 2.2205963E+002, 2.6669721E+002, 2.8049072E+002, 1.8427906E+002, 3.5497703E+002, 4.0197765E+002, 3.1475913E+002, 3.0020161E+002, 3.0209064E+002, 2.7214002E+002, 2.9939210E+002, 2.3874173E+002, 2.1887750E+000, 2.1089864E+000, 2.0078224E+000, 2.0596127E+000, 1.8815063E+000, 1.9175428E+000, 1.7395784E+000, 1.4647782E+000, 7.3592073E-002,-1.5807550E+000,-1.6862741E+000,-1.7193082E+000,-1.2607312E+000,-5.7618499E-001, 5.3096900E-001, 4.2146717E-001, 4.0249884E+000, 4.6171686E+000, 5.2614440E+000, 5.4908259E+000, 5.6171655E+000, 4.7996517E+000, 4.0469619E+000, 3.6734887E+004, 3.4915994E-001, 1.2815470E+001, 2.4094868E+001
 1.8200465E+002, 2.0001554E+001, 1.9999961E+001, 2.0004233E+001, 2.0014700E+001, 2.0030836E+001, 2.0065253E+001, 2.0126079E+001, 2.0232739E+001, 6.2122720E+001, 1.9327688E+002, 2.1957962E+002, 2.2354982E+002, 2.5728599E+002, 3.0068232E+002, 3.1585001E+002, 3.9727029E+002, 3.8134925E+002, 2.8501338E+002, 2.7241772E+002, 2.5346785E+002, 2.7541785E+002, 2.6842369E+002, 2.7478337E+002, 2.2906290E+000, 2.3504364E+000, 2.1216377E+000, 2.2736358E+000, 2.3732983E+000, 2.0803663E+000, 2.0345356E+000, 1.8107231E+000, 5.9130019E-001,-1.0717823E+000,-1.0242634E+000,-1.1395736E+000,-6.2620933E-001, 4.0663534E-002, 1.0845301E+000, 3.1096474E+000, 3.9223995E+000, 7.1291837E+000, 7.2513193E+000, 6.3094839E+000, 6.5880502E+000, 6.2156594E+000, 5.5323462E+000, 4.3120559E+004, 3.5940364E-001, 1.2702142E+001, 3.8465569E+001
 1.8300953E+002, 2.0000887E+001, 2.0001091E+001, 2.0001475E+001, 2.0015482E+001, 2.0031223E+001, 2.0060523E+001, 2.0120910E+001, 2.0236503E+001, 6.7085367E+001, 1.8629615E+002, 2.1481986E+002, 2.1965214E+002, 2.6581630E+002, 2.8700568E+002, 3.3313679E+002, 5.1129502E+002, 4.3268807E+002, 3.1617811E+002, 2.5513811E+002, 2.5053589E+002, 2.4956274E+002, 2.7948503E+002, 2.7627732E+002, 2.3153593E+000, 2.1206852E+000, 2.0276359E+000, 2.0050109E+000, 1.9113245E+000, 2.0381493E+000, 1.8060636E+000, 1.6030690E+000,-9.6526671E-001,-1.2933364E+000,-1.6408670E+000,-1.5772977E+000,-1.2775275E+000,-3.5644473E-001,-1.2872730E-001,-3.0792989E+000, 4.3977646E+000, 5.8184728E+000, 5.9111711E+000, 5.7133001E+000, 4.9054840E+000, 5.3594705E+000, 4.3188481E+000, 3.7709441E+004, 3.4332308E-001, 1.2734520E+001, 3.0997162E+001
 1.8400133E+002, 1.9998358E+001, 2.0001433E+001, 2.0001706E+001, 2.0018079E+001, 2.0034107E+001, 2.0065946E+001, 2.0119108E+001, 2.0256250E+001, 7.8534314E+001, 1.8154730E+002, 2.1390336E+002, 2.2909253E+002, 2.6951499E+002, 2.7561048E+002, 3.1946968E+002, 3.4655780E+002, 2.4982143E+002, 2.5299051E+002, 2.7307133E+002, 3.1624941E+002, 2.5105093E+002, 2.5970321E+002, 2.7625150E+002, 2.3235804E+000, 2.1525766E+000, 2.3271003E+000, 2.0860415E+000, 2.1039838E+000, 2.0913801E+000, 2.1978500E+000, 1.7587061E+000,-7.3259752E-001,-7.2822890E-001,-1.1397005E+000,-1.2294202E+000,-1.1471730E+000,-7.1507184E-001,-5.5326853E-002,-5.9942198E-001, 2.8446503E+000, 5.8450544E+000, 6.4449809E+000, 7.0776996E+000, 6.2417621E+000, 5.2575324E+000, 5.8335155E+000, 4.2021698E+004, 3.6923869E-001, 1.2727056E+001, 1.5660171E+001
 1.8500703E+002, 2.0000104E+001, 2.0000207E+001, 2.0003005E+001, 2.0013809E+001, 2.0035875E+001, 2.0065041E+001, 2.0121062E+001, 2.0225999E+001, 8.9076641E+001, 1.8907757E+002, 2.1716683E+002, 2.1896799E+002, 2.5422955E+002, 2.9718965E+002, 2.8742542E+002, 3.9930321E+002, 4.5862645E+002, 3.4984130E+002, 2.6307766E+002, 2.2968973E+002, 2.9532788E+002, 2.6499802E+002, 2.5885781E+002, 2.2845811E+000, 2.3505013E+000, 2.1672695E+000, 2.0425744E+000, 2.0081015E+000, 1.9713464E+000, 1.9969088E+000, 1.8375016E+000,-8.0836523E-002,-1.0071616E+000,-1.2973567E+000,-1.4287103E+000,-1.0573758E+000,-7.8028676E-001,-2.5267571E+000,-1.4865056E+000, 3.2666241E+000, 5.0550003E+000, 5.3588610E+000, 5.6362527E+000, 5.7615959E+000, 6.2185125E+000, 4.6011023E+000, 3.9824185E+004, 3.4567517E-001, 1.3020790E+001, 2.4785466E+001
 1.8600615E+002, 2.0000313E+001, 1.9998825E+001, 2.0003768E+001, 2.0014269E+001, 2.0035174E+001, 2.0072253E+001, 2.0125476E+001, 2.0248043E+001, 6.8627239E+001, 2.0187291E+002, 2.2861294E+002, 2.1141925E+002, 2.4980217E+002, 2.4565605E+002, 2.5756500E+002, 3.1894664E+002, 3.3523502E+002, 2.5562853E+002, 2.7999499E+002, 2.8823728E+002, 2.3928181E+002, 2.7592994E+002, 2.5727095E+002, 2.2824806E+000, 2.1945107E+000, 2.0280912E+000, 2.1266457E+000, 1.8842331E+000, 2.0379635E+000, 1.8015639E+000, 1.5317015E+000,-2.5673706E-001,-1.4177893E+000,-1.7285962E+000,-1.6595893E+000,-1.2032593E+000,-1.3568635E+000,-2.1839593E-001, 1.5537045E+000, 1.6985943E+000, 5.6620260E+000, 6.0914248E+000, 6.3640593E+000, 4.3062842E+000, 5.1572150E+000, 5.5343484E+000, 3.8389853E+004, 3.6505695E-001, 1.3411741E+001, 1.3443463E+001
 1.8700407E+002, 1.9999865E+001, 1.9999942E+001, 2.0001645E+001, 2.0014989E+001, 2.0031092E+001, 2.0070770E+001, 2.0127671E+001, 2.0240450E+001, 4.0474934E+001, 2.0939053E+002, 2.3368642E+002, 2.2169730E+002, 2.6927802E+002, 2.2614650E+002, 3.2400155E+002, 3.4631925E+002, 3.2570034E+002, 3.1115871E+002, 2.9151066E+002, 2.5619534E+002, 2.6644760E+002, 2.6328297E+002, 2.5024249E+002, 2.2836992E+000, 2.2660017E+000, 2.2665015E+000, 2.1609628E+000, 2.3071494E+000, 1.9011619E+000, 1.9574597E+000, 1.6005155E+000, 3.5739257E-001,-1.3126625E+000,-1.3173610E+000,-1.1917166E+000,-9.7998643E-001,-1.7823605E+000,-9.2895271E-001,-9.9847186E-001, 2.5769970E+000, 4.6424112E+000, 5.3095252E+000, 5.8247591E+000, 5.8680194E+000, 5.5088542E+000, 5.7116894E+000, 4.1803882E+004, 3.5206836E-001, 1.2653856E+001, 2.4989475E+001
 1.8800529E+002, 1.9999162E+001, 2.0000072E+001, 2.0000982E+001, 2.0018054E+001, 2.0031837E+001, 2.0062407E+001, 2.0137668E+001, 2.0256012E+001, 7.0916130E+001, 2.1974662E+002, 2.2068358E+002, 2.3504433E+002, 2.8233068E+002, 2.2343845E+002, 2.9508489E+002, 3.2207204E+002, 3.5402090E+002, 3.3996936E+002, 2.9309242E+002, 2.9511293E+002, 2.7152946E+002, 2.6545703E+002, 2.6277208E+002, 2.3205007E+000, 2.2372776E+000, 2.1947965E+000, 2.0073321E+000, 2.0400953E+000, 2.0679885E+000, 1.6317469E+000, 1.7137421E+000,-4.0410408E-001,-1.4803333E+000,-1.5296122E+000,-1.3587495E+000,-1.6065935E+000,-9.0789808E-001,-2.2926099E+000,-1.8880558E+000, 3.1668370E+000, 7.0307993E+000, 6.0091253E+000, 4.6052827E+000, 5.9881210E+000, 5.1849975E+000, 4.1719436E+000, 3.8415496E+004, 3.7669465E-001, 1.3489841E+001, 1.9659146E+001
 1.8900323E+002, 1.9998650E+001, 2.0000369E+001, 2.0001656E+001, 2.0016038E+001, 2.0038377E+001, 2.0066037E+001, 2.0122002E+001, 2.0280100E+001, 1.2669300E+002, 2.1399642E+002, 2.0842119E+002, 2.4606086E+002, 2.7026554E+002, 2.0513835E+002, 3.1118525E+002, 3.2102668E+002, 3.5436194E+002, 2.9922237E+002, 2.5794814E+002, 2.5566866E+002, 2.7128154E+002, 2.7151511E+002, 2.5660773E+002, 2.3628336E+000, 2.2359543E+000, 2.2128092E+000, 2.0259489E+000, 2.0015404E+000, 2.0352753E+000, 2.0759957E+000, 1.6267391E+000,-1.1547294E+000,-1.2331332E+000,-1.3072479E+000,-1.5104992E+000,-1.2814888E+000,-8.3823833E-001,-1.5518035E+000,-9.7921976E-001, 2.0130783E+000, 5.3845183E+000, 6.3075709E+000, 6.4185520E+000, 4.3616613E+000, 5.4489521E+000, 5.1499205E+000, 4.0364886E+004, 3.4077927E-001, 1.2828592E+001, 3.5081493E+001
 1.9000842E+002, 1.9998365E+001, 1.9998377E+001, 2.0001877E+001, 2.0012604E+001, 2.0035810E+001, 2.0069494E+001, 2.0116478E+001, 2.0230411E+001, 1.7886474E+002, 2.1784274E+002, 2.3137518E+002, 2.4049082E+002, 2.6227699E+002, 2.5091617E+002, 1.9310889E+002, 5.2469022E+002, 4.2920351E+002, 3.5720481E+002, 3.1934102E+002, 2.9862746E+002, 2.4973564E+002, 2.6727867E+002, 2.5969230E+002, 2.2677637E+000, 2.3311189E+000, 2.0728069E+000, 2.1757763E+000, 1.7608684E+000, 1.9350721E+000, 1.9885934E+000, 1.4162828E+000,-6.4590680E-001,-1.1796436E+000,-1.4069319E+000,-1.6233856E+000,-1.2228848E+000, 4.6508029E-002,-1.2802345E+000,-5.8988897E-001, 5.7945162E+000, 6.8028795E+000, 7.2847961E+000, 6.4833385E+000, 5.3692579E+000, 4.6938457E+000, 4.9068917E+000, 4.1747815E+004, 3.2502673E-001, 1.2202572E+001, 4.8154925E+001
 1.9100762E+002, 1.9998830E+001, 1.9998473E+001, 2.0002543E+001, 2.0013258E+001, 2.0031224E+001, 2.0076352E+001, 2.0126379E+001, 2.0224859E+001, 1.2072318E+002, 2.2475985E+002, 2.5164019E+002, 2.4727527E+002, 2.6536951E+002, 2.7063709E+002, 2.1163676E+002, 3.1883237E+002, 3.7062498E+002, 3.1772698E+002, 2.8377938E+002, 2.7349264E+002, 2.8374718E+002, 2.6874749E+002, 2.6444274E+002, 2.3374662E+000, 2.3916502E+000, 2.2488736E+000, 2.2520354E+000, 2.2130983E+000, 1.9368085E+000, 1.9517741E+000, 1.8495030E+000,-4.3369933E-001,-1.1039651E+000,-1.5177441E+000,-1.0894430E+000,-9.9180110E-001,-2.5789228E-001, 6.4289657E-002, 2.0156584E+000, 4.4686025E+000, 6.3956896E+000, 6.6557134E+000, 7.1387918E+000, 6.4904977E+000, 5.5144208E+000, 5.2864257E+000, 3.8333711E+004, 3.4726776E-001, 1.2878092E+001, 1.5890713E+001
 1.9200036E+002, 2.0001606E+001, 1.9998345E+001, 1.9999861E+001, 2.0014642E+001, 2.0030846E+001, 2.0068196E+001, 2.0146016E+001, 2.0249792E+001, 1.0904120E+002, 2.3682292E+002, 2.3886952E+002, 2.6483596E+002, 2.8994213E+002, 2.7419069E+002, 2.1586639E+002, 4.7240886E+002, 3.8993889E+002, 2.9347649E+002, 2.6379619E+002, 2.7076960E+002, 2.6761390E+002, 2.7329848E+002, 2.6288340E+002, 2.1364352E+000, 2.1663152E+000, 2.1964948E+000, 1.9534215E+000, 2.2343832E+000, 1.8806091E+000, 1.6354422E+000, 1.5927821E+000,-1.0615193E+000,-1.3515689E+000,-1.7274312E+000,-1.1859305E+000,-1.3059072E+000,-4.2513631E-001, 1.9351242E-001,-7.3632271E-001, 4.5297046E+000, 5.2002039E+000, 5.8757657E+000, 6.1659279E+000, 6.6868317E+000, 5.7355592E+000, 4.9016148E+000, 3.9967646E+004, 3.5117063E-001, 1.2720410E+001, 3.3223470E+001
 1.9300105E+002, 2.0000687E+001, 1.9999098E+001, 2.0000123E+001, 2.0015789E+001, 2.0033171E+001, 2.0063765E+001, 2.0144417E+001, 2.0289717E+001, 1.4988927E+002, 2.4004386E+002, 2.3254106E+002, 2.6186405E+002, 2.8467289E+002, 2.6974134E+002, 2.3019943E+002, 3.2580102E+002, 3.3850805E+002, 2.9161762E+002, 2.8676414E+002, 2.5321904E+002, 2.5433067E+002, 2.5521911E+002, 2.6634485E+002, 2.1695811E+000, 2.2936924E+000, 2.2845027E+000, 2.0332017E+000, 1.9973755E+000, 2.1928277E+000, 1.6613194E+000, 1.4869567E+000,-8.4236816E-001,-1.5366312E+000,-1.6124335E+000,-1.3780504E+000,-1.0807231E+000,-4.1216021E-001, 7.3020123E-001,-2.1713071E+000, 1.3764373E+000, 5.8564268E+000, 5.4663859E+000, 5.2872651E+000, 5.6992919E+000, 6.2450642E+000, 5.6529233E+000, 4.1857331E+004, 3.8496430E-001, 1.3526394E+001, 1.6335911E+001
 1.9400876E+002, 1.9998966E+001, 2.0001822E+001, 2.0000328E+001, 2.0012267E+001, 2.0033980E+001, 2.0067131E+001, 2.0119916E+001, 2.0319534E+001, 1.6878765E+002, 2.3355687E+002, 2.3544148E+002, 2.4710791E+002, 2.6379631E+002, 2.5807889E+002, 2.6403876E+002, 3.1908248E+002, 4.0128019E+002, 3.6246625E+002, 3.0653454E+002, 2.3975169E+002, 2.5281978E+002, 2.4346158E+002, 2.4595543E+002, 2.3314248E+000, 2.0692644E+000, 2.1145255E+000, 2.0502972E+000, 1.8479208E+000, 1.9655710E+000, 2.1382830E+000, 1.3234139E+000,-8.1766818E-001,-1.3693028E+000,-1.6402268E+000,-1.6808071E+000,-8.5974058E-001,-5.1247290E-001,-5.0586428E-001,-2.2524606E+000, 3.5850776E+000, 5.2894505E+000, 6.4693319E+000, 6.4780338E+000, 5.2810714E+000, 4.8842139E+000, 5.6020963E+000, 4.0928240E+004, 3.5579611E-001, 1.3210354E+001, 1.6939401E+001
 1.9500023E+002, 1.9999290E+001, 2.0000990E+001, 2.0001002E+001, 2.0011361E+001, 2.0029170E+001, 2.0064871E+001, 2.0121070E+001, 2.0239524E+001, 1.9082648E+002, 2.3045293E+002, 2.1982713E+002, 2.3454790E+002, 2.4407501E+002, 2.4495420E+002, 2.8269461E+002, 3.4632236E+002, 3.4394026E+002, 2.9287981E+002, 2.4998860E+002, 2.7069726E+002, 2.3721431E+002, 2.5222979E+002, 2.4302248E+002, 2.3527292E+000, 2.1124841E+000, 2.3035990E+000, 2.3214750E+000, 2.0518091E+000, 1.8768726E+000, 2.0239167E+000, 1.8721814E+000,-6.1133378E-001,-1.2503295E+000,-1.6164289E+000,-1.4593291E+000,-8.5080685E-001,-6.8968792E-001,-1.0521943E+000, 1.6885506E+000, 2.8727996E-001, 4.7262814E+000, 5.0965690E+000, 5.6687841E+000, 5.3986682E+000, 5.0416005E+000, 5.1304606E+000, 3.9112815E+004, 3.4386868E-001, 1.2925979E+001, 1.7609390E+001
 1.9600688E+002, 2.0000835E+001, 1.9999015E+001, 2.0003499E+001, 2.0011519E+001, 2.0026417E+001, 2.0059184E+001, 2.0113959E+001, 2.0229807E+001, 1.7609189E+002, 2.3639829E+002, 2.1031501E+002, 2.3349431E+002, 2.4552711E+002, 2.4402242E+002, 2.6013540E+002, 6.6482423E+002, 4.7335721E+002, 3.2918716E+002, 2.9374952E+002, 2.4634321E+002, 2.5541377E+002, 2.4058599E+002, 2.5711824E+002, 2.2518893E+000, 2.3083648E+000, 2.0713671E+000, 2.1812162E+000, 2.2459253E+000, 1.9448081E+000, 1.8725448E+000, 1.6901617E+000,-6.2311006E-001,-1.4573564E+000,-1.3893663E+000,-1.2789867E+000,-8.8926346E-001,-5.3108174E-001, 4.6969461E-001, 3.3254041E+000, 7.6521022E+000, 5.8651438E+000, 5.7317585E+000, 4.6846946E+000, 4.6027130E+000, 4.6418154E+000, 4.6913721E+000, 3.7634653E+004, 3.1323271E-001, 1.2074247E+001, 7.4511867E+001
 1.9700379E+002, 2.0000952E+001, 2.0000051E+001, 2.0003220E+001, 2.0012255E+001, 2.0028836E+001, 2.0057554E+001, 2.0118560E+001, 2.0238253E+001, 1.6454354E+002, 2.2302260E+002, 2.0699567E+002, 2.2736933E+002, 2.6785300E+002, 2.6891649E+002, 2.0693074E+002, 2.4118800E+002, 2.9318372E+002, 2.6652399E+002, 2.4353306E+002, 2.9999607E+002, 2.5915119E+002, 2.7495293E+002, 2.3921374E+002, 2.2240370E+000, 2.2105905E+000, 1.9898464E+000, 2.1567510E+000, 2.1572003E+000, 2.1839564E+000, 1.7447192E+000, 1.6989197E+000,-9.6814614E-001,-1.4418574E+000,-1.1418629E+000,-1.2381978E+000,-1.0450041E+000,-6.9293817E-002,-4.5740342E-001, 1.6111262E+000, 4.1906155E+000, 6.8198694E+000, 6.5379727E+000, 6.3728846E+000, 5.8581965E+000, 5.3371383E+000, 4.9056121E+000, 4.1284497E+004, 3.7706723E-001, 1.3565582E+001, 1.5082657E+001
 1.9800547E+002, 2.0000649E+001, 2.0001083E+001, 2.0000778E+001, 2.0016490E+001, 2.0029929E+001, 2.0062224E+001, 2.0121217E+001, 2.0257189E+001, 1.3179661E+002, 2.0982739E+002, 2.0958821E+002, 2.4578536E+002, 2.7179881E+002, 2.7160670E+002, 2.3999927E+002, 3.1192948E+002, 3.6241431E+002, 2.8532989E+002, 2.5449961E+002, 2.4455673E+002, 2.7385825E+002, 2.6117960E+002, 2.6888571E+002, 2.2084879E+000, 2.2169768E+000, 2.3446883E+000, 1.9657751E+000, 2.1653159E+000, 2.1291590E+000, 2.0476519E+000, 1.5637699E+000,-1.5552909E+000,-9.9119459E-001,-1.1287117E+000,-1.2162539E+000,-1.1217860E+000,-7.8360595E-001,-4.1002383E-001,-1.6453643E+000, 2.8032315E+000, 5.1305785E+000, 6.0978151E+000, 6.2807144E+000, 5.4999727E+000, 5.1389181E+000, 4.9693771E+000, 4.0580602E+004, 3.5204557E-001, 1.2662128E+001, 1.9982486E+001
 1.9900612E+002, 2.0001739E+001, 2.0001196E+001, 2.0002278E+001, 2.0017633E+001, 2.0035340E+001, 2.0062627E+001, 2.0120224E+001, 2.0266082E+001, 1.7534166E+002, 2.0341245E+002, 2.3739534E+002, 2.5716866E+002, 2.6589793E+002, 2.8802426E+002, 2.6188234E+002, 3.4381263E+002, 4.1230865E+002, 2.7308543E+002, 2.4390827E+002, 2.6028684E+002, 2.7613716E+002, 2.6113381E+002, 2.7129979E+002, 2.1535068E+000, 2.1245704E+000, 2.1213132E+000, 1.9863287E+000, 1.9614917E+000, 2.0883113E+000, 2.0836264E+000, 1.2658552E+000,-1.0752297E+000,-6.6808665E-001,-1.2384142E+000,-1.5405061E+000,-1.3942956E+000,-1.0460368E+000, 3.3303324E-001, 1.0801115E+000, 2.7638145E+000, 4.9281331E+000, 5.2833438E+000, 5.6025100E+000, 5.3405817E+000, 4.9940471E+000, 5.4091015E+000, 3.9443918E+004, 3.6032830E-001, 1.3368355E+001, 1.8412076E+001
 2.0000015E+002, 1.9999319E+001, 2.0000642E+001, 2.0003520E+001, 2.0012573E+001, 2.0038447E+001, 2.0071297E+001, 2.0120758E+001, 2.0248009E+001, 1.5684799E+002, 1.9925315E+002, 2.4041335E+002, 2.5590120E+002, 2.4957633E+002, 2.7358484E+002, 2.6804607E+002, 3.3532279E+002, 3.4461924E+002, 2.7096516E+002, 2.3968168E+002, 2.4836848E+002, 2.5640483E+002, 2.6461670E+002, 2.4201948E+002, 2.2352666E+000, 2.2004072E+000, 2.0806993E+000, 2.3389404E+000, 1.9979082E+000, 2.0666715E+000, 2.0737642E+000, 1.6392370E+000,-5.1729159E-001,-6.3863518E-001,-1.0799494E+000,-1.5840953E+000,-1.2629727E+000,-1.5416760E+000,-2.0816395E+000, 2.0662345E+000, 4.2840736E+000, 5.3877938E+000, 5.2963571E+000, 5.8569964E+000, 5.2650678E+000, 5.5645927E+000, 4.8671493E+000, 3.9893147E+004, 3.3664895E-001, 1.2751713E+001, 2.6785650E+001
 2.0100316E+002, 1.9999832E+001, 2.0002118E+001, 2.0003745E+001, 2.0014387E+001, 2.0029109E+001, 2.0073461E+001, 2.0124398E+001, 2.0249533E+001, 1.6282546E+002, 2.1025142E+002, 2.4606083E+002, 2.5199815E+002, 2.5048733E+002, 2.8390307E+002, 2.5864736E+002, 4.5864159E+002, 4.7888451E+002, 3.4444740E+002, 3.2830468E+002, 2.7571219E+002, 2.7300200E+002, 2.5457299E+002, 2.4748726E+002, 2.2274497E+000, 2.1110179E+000, 2.0441149E+000, 2.1593258E+000, 2.3256005E+000, 1.8772269E+000, 1.9326166E+000, 1.7236690E+000,-3.2552960E-001,-1.3058201E+000,-1.4248789E+000,-1.4971112E+000,-1.4638699E+000,-1.8005204E+000,-1.4571805E+000, 4.7562181E-001, 6.5131102E+000, 7.8145941E+000, 7.8185594E+000, 7.0029276E+000, 5.0388001E+000, 4.7479064E+000, 4.4703419E+000, 3.8905917E+004, 3.2532300E-001, 1.2602893E+001, 4.2250501E+001
 2.0200775E+002, 2.0001534E+001, 1.9999119E+001, 2.0001972E+001, 2.0017682E+001, 2.0031613E+001, 2.0059651E+001, 2.0137988E+001, 2.0242991E+001, 1.8016614E+002, 2.1757533E+002, 2.4838265E+002, 2.3051614E+002, 2.5153161E+002, 2.9668315E+002, 2.2380328E+002, 4.8827142E+002, 5.6540519E+002, 3.1961198E+002, 2.9383701E+002, 2.9705623E+002, 2.8266260E+002, 2.6910885E+002, 2.5830768E+002, 2.2059242E+000, 2.1637506E+000, 2.2406356E+000, 2.0327124E+000, 2.2439415E+000, 2.3216305E+000, 1.8399093E+000, 1.6670425E+000,-1.8312543E-001,-1.1290232E+000,-1.5171997E+000,-1.0249326E+000,-1.4534039E+000,-9.7177837E-001,-4.3867986E-001, 2.7989534E+000, 7.8810173E+000, 7.1777586E+000, 6.5711198E+000, 6.1384764E+000, 6.3530700E+000, 5.4019684E+000, 5.0758908E+000, 4.0714636E+004, 3.3714481E-001, 1.2449969E+001, 5.1349867E+001
 2.0300653E+002, 2.0000969E+001, 1.9999990E+001, 2.0003466E+001, 2.0017449E+001, 2.0039100E+001, 2.0067212E+001, 2.0117484E+001, 2.0280634E+001, 1.8021001E+002, 2.1276528E+002, 2.2674832E+002, 2.2644983E+002, 2.6719561E+002, 2.7722863E+002, 2.9485917E+002, 3.2558581E+002, 3.5297053E+002, 3.5619328E+002, 3.1079396E+002, 3.1390827E+002, 2.8262324E+002, 2.8088841E+002, 2.7727855E+002, 2.1278226E+000, 2.1531787E+000, 2.0183113E+000, 1.9361550E+000, 1.9028799E+000, 2.1869042E+000, 2.1643563E+000, 1.5491796E+000,-5.2254786E-001,-1.4529418E+000,-1.3278277E+000,-1.1444163E+000,-1.6904288E+000,-8.3667229E-001, 9.6427045E-001, 2.8301325E+000, 5.4816374E+000, 7.2564361E+000, 6.4166193E+000, 5.8494860E+000, 5.5106800E+000, 5.0098603E+000, 5.3557106E+000, 4.0261609E+004, 3.4829679E-001, 1.2385901E+001, 1.5820420E+001
 2.0400532E+002, 2.0000312E+001, 2.0001780E+001, 2.0000269E+001, 2.0014209E+001, 2.0036431E+001, 2.0076244E+001, 2.0125659E+001, 2.0244909E+001, 1.7656867E+002, 2.1068476E+002, 2.1943580E+002, 2.3905825E+002, 2.5756633E+002, 2.6917644E+002, 3.1992140E+002, 3.4641570E+002, 3.4674961E+002, 2.6397386E+002, 2.6188680E+002, 2.7234062E+002, 2.9487647E+002, 2.7237665E+002, 2.6551728E+002, 2.2108238E+000, 2.1688924E+000, 2.2732735E+000, 2.1644873E+000, 1.9401381E+000, 1.9219772E+000, 2.1954751E+000, 1.6501051E+000,-2.5713964E-002,-1.1104288E+000,-1.1265828E+000,-1.4610718E+000,-1.0852606E+000,-5.1594560E-001,-7.6337205E-002, 1.3822488E+000, 2.4778725E+000, 5.3037453E+000, 5.1788170E+000, 5.5009376E+000, 6.2458536E+000, 5.9502539E+000, 4.9479615E+000, 4.0018932E+004, 3.5204262E-001, 1.3177175E+001, 1.5164192E+001
 2.0500754E+002, 2.0000522E+001, 2.0002136E+001, 2.0001922E+001, 2.0016052E+001, 2.0034155E+001, 2.0074460E+001, 2.0142147E+001, 2.0243574E+001, 1.8613063E+002, 2.1044619E+002, 2.2381631E+002, 2.3400346E+002, 2.7334489E+002, 2.7350914E+002, 2.9973601E+002, 2.8022385E+002, 5.1397260E+002, 3.8840962E+002, 2.9058097E+002, 2.5809431E+002, 2.6944666E+002, 2.7818861E+002, 2.5845766E+002, 2.2143619E+000, 2.0720476E+000, 2.1506932E+000, 1.9800657E+000, 1.9837937E+000, 1.8480849E+000, 1.7990441E+000, 1.8934070E+000,-1.2165643E-001,-9.6015922E-001,-1.1351167E+000,-1.5639247E+000,-1.0561381E+000,-4.2356827E-001, 2.2712908E-001, 8.6342508E-001, 6.2577396E+000, 7.0325445E+000, 5.6766533E+000, 5.4739374E+000, 4.6693960E+000, 5.4143013E+000, 5.5758150E+000, 4.0142934E+004, 3.5251295E-001, 1.3219433E+001, 2.3618289E+001
 2.0600778E+002, 1.9999409E+001, 2.0000480E+001, 2.0004029E+001, 2.0011714E+001, 2.0034327E+001, 2.0072199E+001, 2.0147988E+001, 2.0288253E+001, 1.9208256E+002, 2.0658962E+002, 2.4189180E+002, 2.6365849E+002, 2.6993908E+002, 2.7873827E+002, 2.5451128E+002, 2.9945648E+002, 3.0434720E+002, 2.3339124E+002, 2.9449212E+002, 3.1281666E+002, 2.6380529E+002, 2.5020319E+002, 2.6789147E+002, 2.2998451E+000, 2.1154730E+000, 2.1144828E+000, 2.1794813E+000, 2.0084131E+000, 1.9109603E+000, 1.7882454E+000, 1.6695784E+000,-2.5259571E-001,-9.3789358E-001,-1.5203440E+000,-1.5430332E+000,-9.9577795E-001,-5.7688570E-001,-1.4959703E+000, 1.1081557E+000, 2.0263345E+000, 4.7102774E+000, 6.2537011E+000, 6.0577750E+000, 5.8388054E+000, 4.2780352E+000, 4.9572743E+000, 3.9833302E+004, 3.7126810E-001, 1.3298279E+001, 1.8186043E+001
 2.0700044E+002, 1.9999836E+001, 2.0000950E+001, 2.0004655E+001, 2.0014683E+001, 2.0029454E+001, 2.0068305E+001, 2.0140442E+001, 2.0311719E+001, 1.5483351E+002, 2.0974234E+002, 2.3531462E+002, 2.6405102E+002, 2.5999667E+002, 2.7746057E+002, 2.5087913E+002, 3.0995180E+002, 3.8538738E+002, 2.7454426E+002, 2.2121861E+002, 2.2165499E+002, 3.2323712E+002, 2.7511660E+002, 2.3948687E+002, 2.2345435E+000, 2.1118750E+000, 2.1039829E+000, 2.0478939E+000, 2.0721397E+000, 1.9108531E+000, 1.7192672E+000, 1.3999628E+000,-3.1963886E-001,-1.4818242E+000,-1.4803765E+000,-1.6172413E+000,-1.4229415E+000,-9.2211992E-001,-7.4596356E-001, 1.2984509E-002, 9.3808365E-001, 4.7144115E+000, 4.5527035E+000, 4.8489619E+000, 5.6804776E+000, 5.7916375E+000, 4.4112971E+000, 3.8850011E+004, 3.5885750E-001, 1.2275646E+001, 1.9619992E+001
 2.0800238E+002, 1.9998862E+001, 1.9999902E+001, 2.0002423E+001, 2.0017754E+001, 2.0032758E+001, 2.0063959E+001, 2.0131027E+001, 2.0282092E+001, 1.1990270E+002, 2.0775395E+002, 2.4763785E+002, 2.4705336E+002, 2.4580790E+002, 2.9156535E+002, 2.4066745E+002, 2.9004156E+002, 3.9887724E+002, 3.3988473E+002, 3.1937038E+002, 2.5753978E+002, 2.3305874E+002, 3.0042692E+002, 2.6642095E+002, 2.3358013E+000, 2.2215173E+000, 2.0638829E+000, 2.0468477E+000, 2.0282677E+000, 1.9452904E+000, 1.8471062E+000, 1.6738423E+000,-4.6689298E-001,-1.4695480E+000,-1.4644977E+000,-1.4890421E+000,-1.3328660E+000,-1.1739343E+000, 3.0973293E-001,-2.1093874E+000, 2.7278433E+000, 6.2111518E+000, 6.2476906E+000, 4.8574216E+000, 4.5964744E+000, 5.2341314E+000, 5.8207849E+000, 4.0004860E+004, 3.6487232E-001, 1.2720581E+001, 1.7502156E+001
 2.0900123E+002, 2.0000649E+001, 1.9999928E+001, 2.0002993E+001, 2.0019865E+001, 2.0038184E+001, 2.0068533E+001, 2.0128808E+001, 2.0280372E+001, 7.4852164E+001, 2.0448923E+002, 2.4847042E+002, 2.3455597E+002, 2.2169871E+002, 2.6469989E+002, 2.2826344E+002, 3.0205588E+002, 2.6242733E+002, 2.2231869E+002, 1.9703815E+002, 2.6955595E+002, 2.4639044E+002, 2.3795608E+002, 2.8177803E+002, 2.3281853E+000, 2.2924681E+000, 2.1356124E+000, 2.2071840E+000, 2.1374935E+000, 2.1725246E+000, 2.0162958E+000, 1.5582424E+000, 3.7462234E-002,-1.0508543E+000,-1.2668417E+000,-1.1352433E+000,-1.0287610E+000,-7.6828594E-001,-8.9629288E-001,-4.0246530E-001, 2.3390028E+000, 2.3981537E+000, 6.0645552E+000, 6.3057188E+000, 5.0951534E+000, 4.4948445E+000, 5.4439568E+000, 4.1358686E+004, 3.6702163E-001, 1.2739913E+001, 2.7411751E+001
 2.1000522E+002, 1.9999272E+001, 1.9999027E+001, 2.0002160E+001, 2.0014905E+001, 2.0041864E+001, 2.0072170E+001, 2.0127007E+001, 2.0256187E+001, 8.6514505E+001, 2.0326711E+002, 2.2254265E+002, 2.1335945E+002, 2.3705613E+002, 2.5142916E+002, 2.6913150E+002, 4.5968920E+002, 3.2896607E+002, 3.0031005E+002, 2.7137380E+002, 2.0674621E+002, 2.4506561E+002, 2.5480764E+002, 2.4273250E+002, 2.2024189E+000, 2.1874595E+000, 1.9975897E+000, 2.0291005E+000, 1.9869783E+000, 1.8772296E+000, 1.8792897E+000, 1.6227029E+000,-4.4327070E-001,-1.4022039E+000,-1.7380849E+000,-1.6282060E+000,-1.2912541E+000,-1.5466494E+000,-2.2967384E+000,-8.6063804E-002, 4.2467456E-001, 4.4896673E+000, 4.5805167E+000, 4.9723744E+000, 5.1011172E+000, 3.9407559E+000, 4.0061983E+000, 3.8773987E+004, 3.4946542E-001, 1.2195403E+001, 2.5632877E+001
 2.1100869E+002, 2.0002116E+001, 2.0000767E+001, 2.0001642E+001, 2.0015491E+001, 2.0033921E+001, 2.0081376E+001, 2.0134321E+001, 2.0265129E+001, 1.4850010E+002, 2.0242124E+002, 2.1536040E+002, 2.0764416E+002, 2.3321904E+002, 2.4242525E+002, 2.9016265E+002, 3.9265848E+002, 3.7036001E+002, 2.7544641E+002, 2.5722300E+002, 2.6791196E+002, 2.1200511E+002, 2.4813459E+002, 2.5343399E+002, 2.3379666E+000, 2.3092434E+000, 2.3056722E+000, 2.1691579E+000, 2.2935889E+000, 2.2326459E+000, 2.1066879E+000, 1.7410770E+000,-6.2834557E-001,-9.3861834E-001,-1.0642564E+000,-1.2225057E+000,-1.0252226E+000,-8.7758738E-001,-8.7770534E-001,-1.1234727E+000, 2.9472570E+000, 4.1824720E+000, 5.3047562E+000, 5.3661516E+000, 5.0267338E+000, 5.4373798E+000, 4.7338087E+000, 4.1237031E+004, 3.7670616E-001, 1.3123650E+001, 1.5738561E+001
 2.1200590E+002, 2.0000976E+001, 1.9999971E+001, 2.0000962E+001, 2.0014767E+001, 2.0034119E+001, 2.0070588E+001, 2.0154681E+001, 2.0269592E+001, 1.3204720E+002, 2.0452604E+002, 2.1608267E+002, 2.2582469E+002, 2.2519584E+002, 2.2248694E+002, 3.6440030E+002, 4.4493821E+002, 3.3160813E+002, 2.8856435E+002, 2.7615139E+002, 2.6102782E+002, 2.4594404E+002, 2.2167370E+002, 2.5768639E+002, 2.1877381E+000, 2.1153207E+000, 2.1311901E+000, 2.0054225E+000, 2.0389561E+000, 2.0891398E+000, 1.9741278E+000, 1.5080663E+000,-7.8499683E-001,-1.3863803E+000,-1.4127510E+000,-1.7727615E+000,-1.4398031E+000,-2.2398612E+000,-3.0164585E+000,-4.6105161E-001, 1.4732965E+000, 2.9930422E+000, 4.7195985E+000, 5.4543908E+000, 4.6158241E+000, 4.4739779E+000, 4.4598081E+000, 3.8073374E+004, 3.5142420E-001, 1.2662797E+001, 3.7736612E+001
 2.1300007E+002, 1.9999801E+001, 2.0002256E+001, 2.0002451E+001, 2.0014268E+001, 2.0033031E+001, 2.0068195E+001, 2.0136339E+001, 2.0299118E+001, 1.8241970E+002, 2.1254579E+002, 2.2334506E+002, 2.1993119E+002, 2.3096457E+002, 2.2491859E+002, 2.7579788E+002, 3.7332957E+002, 4.0810488E+002, 3.2512740E+002, 2.5773535E+002, 2.4746978E+002, 2.6355617E+002, 2.3770785E+002, 2.3319558E+002, 2.2798250E+000, 2.2656624E+000, 2.1579102E+000, 2.2005539E+000, 2.0492604E+000, 2.1750564E+000, 1.8823788E+000, 1.7080644E+000,-7.0804815E-001,-1.3738252E+000,-1.5626419E+000,-1.5006513E+000,-1.1205098E+000,-1.5260965E+000,-1.4032403E+000, 1.9511193E+000, 5.2328897E+000, 6.3505080E+000, 6.1550271E+000, 5.2927323E+000, 4.4774560E+000, 5.1668129E+000, 5.1966424E+000, 4.1373112E+004, 3.3622603E-001, 1.2253222E+001, 2.5113348E+001
 2.1400447E+002, 1.9999200E+001, 2.0001665E+001, 2.0003387E+001, 2.0012613E+001, 2.0029925E+001, 2.0061998E+001, 2.0118110E+001, 2.0277737E+001, 1.9000022E+002, 2.1468031E+002, 2.2043394E+002, 2.0830467E+002, 2.4465676E+002, 2.3062204E+002, 2.2285154E+002, 3.4537568E+002, 5.6565664E+002, 3.9611590E+002, 3.0056984E+002, 2.7935301E+002, 2.4001474E+002, 2.5965153E+002, 2.5368787E+002, 2.2878383E+000, 2.1731425E+000, 2.0999035E+000, 2.1781895E+000, 2.2538298E+000, 2.0188580E+000, 2.2066335E+000, 1.4827834E+000,-7.3860453E-001,-1.3196600E+000,-1.4207623E+000,-1.1335463E+000,-1.4546928E+000,-8.5646061E-001,-1.7071329E+000, 8.5442602E-001, 6.5296928E+000, 7.7560098E+000, 7.1328465E+000, 6.9366561E+000, 5.7338359E+000, 4.5262252E+000, 4.9492701E+000, 4.0793361E+004, 3.1565840E-001, 1.1649324E+001, 3.0135161E+001
 2.1500588E+002, 2.0000606E+001, 1.9999500E+001, 2.0003864E+001, 2.0013872E+001, 2.0030428E+001, 2.0061026E+001, 2.0120779E+001, 2.0234404E+001, 1.8057849E+002, 2.1422138E+002, 2.1353131E+002, 2.1054731E+002, 2.5439931E+002, 2.8471655E+002, 2.9390182E+002, 3.6251643E+002, 3.6085805E+002, 2.7351526E+002, 2.9976885E+002, 3.0166739E+002, 2.5676017E+002, 2.5311358E+002, 2.7495749E+002, 2.1720850E+000, 2.1833642E+000, 2.1940043E+000, 2.0283356E+000, 1.9416828E+000, 2.0147797E+000, 1.8599230E+000, 1.7297479E+000,-1.3856415E+000,-1.7402348E+000,-1.4402641E+000,-1.3517453E+000,-1.1035493E+000,-1.6571416E+000,-6.6484332E-001, 8.4189071E-002, 3.0114643E+000, 5.1759344E+000, 5.7810289E+000, 6.7347257E+000, 5.8794538E+000, 4.6065778E+000, 3.9760213E+000, 3.7528735E+004, 3.6805302E-001, 1.3046628E+001, 1.6986201E+001
 2.1600305E+002, 2.0000883E+001, 1.9999324E+001, 2.0004539E+001, 2.0021069E+001, 2.0032574E+001, 2.0066881E+001, 2.0122684E+001, 2.0251018E+001, 1.6593519E+002, 2.0755916E+002, 2.1266917E+002, 2.3426545E+002, 2.7966205E+002, 2.9196910E+002, 2.5667013E+002, 3.8345359E+002, 3.2533477E+002, 2.9173260E+002, 2.7116426E+002, 2.7052010E+002, 2.9521851E+002, 2.5673570E+002, 2.4917338E+002, 2.2522198E+000, 2.2918566E+000, 2.2315979E+000, 2.1403702E+000, 2.0813136E+000, 2.1504418E+000, 2.1616526E+000, 1.7047078E+000,-8.7090713E-001,-1.3445142E+000,-1.2027494E+000,-1.6129302E+000,-1.5745799E+000,-1.1389810E+000,-1.8824228E+000, 5.7741169E-001, 1.4729166E+000, 6.2926661E+000, 6.0208336E+000, 5.7449449E+000, 6.3153794E+000, 5.9688881E+000, 5.3376795E+000, 4.2494036E+004, 3.4815156E-001, 1.2029424E+001, 3.0953194E+001
 2.1700337E+002, 1.9999968E+001, 2.0000704E+001, 2.0000852E+001, 2.0015311E+001, 2.0042569E+001, 2.0062904E+001, 2.0122087E+001, 2.0252472E+001, 1.9270818E+002, 2.0451096E+002, 2.4072711E+002, 2.7451632E+002, 2.7840125E+002, 2.9826394E+002, 2.5227979E+002, 4.7103130E+002, 4.3601306E+002, 3.1346637E+002, 2.6455007E+002, 2.4774445E+002, 2.5916429E+002, 2.7020002E+002, 2.8760711E+002, 2.2351846E+000, 2.1502390E+000, 2.2515758E+000, 2.1043163E+000, 2.1113536E+000, 2.0087176E+000, 1.9080092E+000, 1.5163599E+000,-9.7020893E-001,-1.3398424E+000,-1.7691902E+000,-1.6740935E+000,-1.4209664E+000,-3.5242607E-001, 8.0492648E-001,-1.7704428E+000, 4.3200370E+000, 6.7142212E+000, 5.9338414E+000, 5.1890398E+000, 5.1988073E+000, 4.8046963E+000, 5.3607397E+000, 3.7833209E+004, 3.3796229E-001, 1.2151055E+001, 3.1791824E+001
 2.1800405E+002, 1.9999987E+001, 2.0001347E+001, 2.0001264E+001, 2.0019716E+001, 2.0033143E+001, 2.0080773E+001, 2.0124305E+001, 2.0260296E+001, 1.9130720E+002, 2.0793580E+002, 2.5351434E+002, 2.7194468E+002, 2.8569943E+002, 2.9478883E+002, 2.8947769E+002, 3.2230741E+002, 3.4495391E+002, 2.8366083E+002, 2.4589842E+002, 2.6952806E+002, 2.7130099E+002, 2.6000606E+002, 2.6089736E+002, 2.2471933E+000, 2.1390943E+000, 2.2807456E+000, 2.2136414E+000, 2.1505256E+000, 2.0456328E+000, 1.8611063E+000, 1.4540445E+000,-1.0484306E+000,-1.4556878E+000,-2.0508236E+000,-1.4365618E+000,-9.7695223E-001,-4.5424238E-001,-5.4709778E-001,-6.1652266E-001, 1.2563375E+000, 6.2071805E+000, 5.8502944E+000, 6.6076645E+000, 5.5756094E+000, 4.7495540E+000, 5.0558350E+000, 3.9860673E+004, 3.5928557E-001, 1.2638101E+001, 2.0984729E+001
 2.1900362E+002, 2.0000213E+001, 1.9999985E+001, 2.0002257E+001, 2.0012913E+001, 2.0039506E+001, 2.0066209E+001, 2.0143242E+001, 2.0267018E+001, 1.7865132E+002, 2.2427771E+002, 2.3912340E+002, 2.3968061E+002, 2.9419547E+002, 2.9760425E+002, 2.6854961E+002, 3.9564983E+002, 3.9157617E+002, 3.4130906E+002, 3.1709864E+002, 2.6447537E+002, 2.5662338E+002, 2.6487285E+002, 2.5314834E+002, 2.2645534E+000, 2.1994382E+000, 2.1221617E+000, 2.3737663E+000, 2.2311924E+000, 2.1497779E+000, 1.9645043E+000, 1.2144947E+000,-1.1507166E+000,-1.7533055E+000,-1.5688131E+000,-1.3730726E+000,-6.9507403E-001,-3.4244096E-001,-4.9072058E-001, 4.3855399E-001, 1.6362395E+000, 5.4151337E+000, 6.5766964E+000, 5.5157225E+000, 5.6666455E+000, 4.9375022E+000, 5.1574630E+000, 4.2654629E+004, 3.4566693E-001, 1.2545867E+001, 3.3676654E+001
 2.2000660E+002, 2.0001533E+001, 2.0000261E+001, 2.0003561E+001, 2.0013312E+001, 2.0031232E+001, 2.0074451E+001, 2.0124696E+001, 2.0287194E+001, 1.9374451E+002, 2.4325710E+002, 2.2873672E+002, 2.4352670E+002, 2.7504664E+002, 2.6775787E+002, 2.8458607E+002, 2.5497096E+002, 3.8426873E+002, 3.4134249E+002, 2.5435727E+002, 2.5907493E+002, 2.4742950E+002, 2.5729530E+002, 2.5526214E+002, 2.2324646E+000, 2.1532847E+000, 2.0155063E+000, 2.1740133E+000, 2.2349866E+000, 2.0566072E+000, 1.9334031E+000, 1.2933590E+000,-1.5988048E+000,-1.7371751E+000,-1.5497058E+000,-1.5332097E+000,-1.1486798E+000,-4.6522789E-001, 6.8865088E-001, 2.2794207E+000, 3.9971046E+000, 5.2773785E+000, 5.9442814E+000, 5.7817510E+000, 4.9823316E+000, 4.3295229E+000, 3.7895182E+000, 4.0044193E+004, 3.6489162E-001, 1.3185033E+001, 1.4101852E+001
 2.2100113E+002, 2.0001537E+001, 2.0000686E+001, 2.0002123E+001, 2.0014694E+001, 2.0031807E+001, 2.0068596E+001, 2.0136319E+001, 2.0277668E+001, 1.9808808E+002, 2.1597395E+002, 2.3270422E+002, 2.7254835E+002, 2.6002535E+002, 2.5593973E+002, 2.9732407E+002, 3.6788374E+002, 2.8764935E+002, 3.0889518E+002, 2.2678836E+002, 2.5984967E+002, 2.5827731E+002, 2.4563115E+002, 2.6509477E+002, 2.2839744E+000, 2.2318660E+000, 2.1378402E+000, 2.1556332E+000, 2.2784260E+000, 2.3653863E+000, 2.1181486E+000, 1.6936991E+000,-8.6410418E-001,-1.4361244E+000,-1.1762553E+000,-1.0893832E+000,-7.9939916E-001,-3.7223020E-001, 4.1893961E-002, 2.5452605E+000, 3.0700169E+000, 4.8186188E+000, 5.3071682E+000, 6.2145591E+000, 5.6223480E+000, 5.4755441E+000, 4.8233518E+000, 3.9151879E+004, 3.5966265E-001, 1.3006424E+001, 1.6868605E+001
 2.2200739E+002, 1.9998691E+001, 2.0001279E+001, 2.0002290E+001, 2.0017087E+001, 2.0032940E+001, 2.0064253E+001, 2.0132156E+001, 2.0275210E+001, 2.0282595E+002, 2.0782465E+002, 2.2967045E+002, 2.6891236E+002, 2.5313512E+002, 2.9484343E+002, 3.1738924E+002, 4.1751367E+002, 3.5497987E+002, 3.1816151E+002, 3.3846049E+002, 2.5883647E+002, 2.5975436E+002, 2.6651004E+002, 2.5151302E+002, 2.3261205E+000, 2.1278167E+000, 2.1088244E+000, 1.9831324E+000, 1.9860625E+000, 1.9843147E+000, 2.1398880E+000, 1.4067202E+000,-7.8913010E-001,-1.6203186E+000,-1.6967073E+000,-1.3531130E+000,-1.2824182E+000,-1.0711050E+000,-8.2687454E-001, 7.8768623E-001, 4.9644588E+000, 5.0561659E+000, 5.3469370E+000, 5.1194455E+000, 5.1622153E+000, 5.0509660E+000, 4.8579141E+000, 3.8722571E+004, 3.5815180E-001, 1.2902101E+001, 2.6814858E+001
 2.2300128E+002, 1.9999105E+001, 2.0001370E+001, 2.0003040E+001, 2.0015812E+001, 2.0036712E+001, 2.0067670E+001, 2.0123321E+001, 2.0299575E+001, 2.1131990E+002, 2.0605245E+002, 2.4818428E+002, 2.4989305E+002, 2.5797259E+002, 3.1082665E+002, 3.6197034E+002, 4.0711258E+002, 3.3551644E+002, 2.7709131E+002, 2.6787309E+002, 3.0305792E+002, 2.6648933E+002, 2.4686747E+002, 2.6369418E+002, 2.2834063E+000, 2.2930790E+000, 2.1294288E+000, 2.0011598E+000, 1.9381443E+000, 2.0957340E+000, 1.9299097E+000, 1.3453603E+000,-1.0665209E+000,-1.3984951E+000,-1.5164201E+000,-1.1572488E+000,-1.3611497E+000,-9.7501777E-001,-1.4583548E+000,-1.7135373E+000, 1.1168424E+000, 5.2631466E+000, 5.9466145E+000, 5.1297701E+000, 5.0945614E+000, 5.0417395E+000, 5.0467115E+000, 4.0659452E+004, 3.6022670E-001, 1.2671837E+001, 1.5727487E+001
 2.2400908E+002, 1.9999177E+001, 1.9998562E+001, 2.0003262E+001, 2.0015185E+001, 2.0033880E+001, 2.0070596E+001, 2.0121036E+001, 2.0250285E+001, 2.1616418E+002, 2.1121200E+002, 2.4468021E+002, 2.5501523E+002, 2.8385845E+002, 3.3126614E+002, 3.5084037E+002, 4.9905509E+002, 4.4390719E+002, 3.2580836E+002, 2.5747434E+002, 2.0763326E+002, 2.7385044E+002, 2.6653707E+002, 2.4277517E+002, 2.2732588E+000, 2.4011009E+000, 2.1662301E+000, 2.0253091E+000, 2.1160863E+000, 1.9539470E+000, 2.0261376E+000, 1.4403869E+000,-1.1428125E+000,-1.2077426E+000,-1.1645434E+000,-1.3441930E+000,-1.1034168E+000,-1.0624218E+000,-1.2773466E+000,-6.7091603E-001, 4.4139397E+000, 5.0110647E+000, 4.8149804E+000, 5.0852388E+000, 5.6471775E+000, 4.9430302E+000, 4.6425382E+000, 3.8598956E+004, 3.3718415E-001, 1.2709962E+001, 3.0800992E+001
 2.2500603E+002, 1.9999741E+001, 1.9999131E+001, 2.0002868E+001, 2.0016236E+001, 2.0034672E+001, 2.0068017E+001, 2.0134141E+001, 2.0257195E+001, 2.1795401E+002, 2.1380735E+002, 2.4595255E+002, 2.6296931E+002, 3.0063412E+002, 3.3426038E+002, 3.1916946E+002, 3.4901433E+002, 3.6077264E+002, 3.7079680E+002, 3.0761916E+002, 2.9392379E+002, 2.3044245E+002, 2.6333170E+002, 2.6066031E+002, 2.3052496E+000, 2.1936815E+000, 2.1359495E+000, 2.0363782E+000, 1.8627627E+000, 1.8751471E+000, 1.5929992E+000, 1.4935817E+000,-1.2598309E+000,-1.3003196E+000,-1.4561526E+000,-1.9931958E+000,-1.3191296E+000,-7.9596449E-001,-5.0422518E-001,-3.7966166E+000, 1.7894481E+000, 4.7438723E+000, 5.3542510E+000, 5.9884364E+000, 5.1227990E+000, 4.8918711E+000, 4.1758705E+000, 4.0121195E+004, 3.5496834E-001, 1.3263319E+001, 2.1031889E+001
 2.2600387E+002, 1.9999590E+001, 1.9999322E+001, 2.0000305E+001, 2.0017171E+001, 2.0034669E+001, 2.0069102E+001, 2.0132412E+001, 2.0293723E+001, 2.0966828E+002, 2.2523201E+002, 2.6968376E+002, 2.6190597E+002, 2.8997583E+002, 3.2033165E+002, 2.3810811E+002, 3.2160737E+002, 3.2170045E+002, 3.1001297E+002, 3.0816606E+002, 3.1100380E+002, 2.8582445E+002, 2.4591611E+002, 2.5082933E+002, 2.4046784E+000, 2.2577497E+000, 2.3764420E+000, 2.1801267E+000, 2.1328534E+000, 1.9431443E+000, 1.9084763E+000, 1.7717950E+000,-7.0344735E-001,-7.5174490E-001,-1.4080164E+000,-1.5518397E+000,-1.2569419E+000,-5.3306023E-001,-6.1390612E-001,-2.3492062E+000, 1.4579173E+000, 4.7393662E+000, 6.0255458E+000, 6.3597375E+000, 6.1854490E+000, 5.8685192E+000, 4.8607836E+000, 4.2557901E+004, 3.4213035E-001, 1.3015393E+001, 1.7919656E+001
 2.2700773E+002, 2.0000573E+001, 1.9999496E+001, 2.0000788E+001, 2.0015079E+001, 2.0035160E+001, 2.0068187E+001, 2.0128123E+001, 2.0275682E+001, 1.9462019E+002, 2.4514179E+002, 2.7667203E+002, 2.7096112E+002, 2.8036058E+002, 2.9237351E+002, 2.8284557E+002, 2.7916304E+002, 3.9473691E+002, 3.4129661E+002, 2.7052788E+002, 2.5952896E+002, 2.9280910E+002, 2.6191672E+002, 2.5478651E+002, 2.2258801E+000, 2.2068360E+000, 2.1343648E+000, 1.9661625E+000, 1.9025860E+000, 1.8654636E+000, 1.8456325E+000, 1.1746362E+000,-9.1517281E-001,-1.3478037E+000,-1.9346690E+000,-1.7899835E+000,-1.7379454E+000,-1.3097692E+000,-2.8452675E+000,-2.6169599E+000, 4.9499520E-001, 4.7269926E+000, 5.0437434E+000, 4.8097129E+000, 6.0932662E+000, 5.1326425E+000, 5.1279330E+000, 3.9236827E+004, 3.4722845E-001, 1.3013581E+001, 2.1001355E+001
 2.2800456E+002, 2.0001052E+001, 1.9999689E+001, 2.0001197E+001, 2.0012392E+001, 2.0034596E+001, 2.0071589E+001, 2.0130963E+001, 2.0266180E+001, 1.9700584E+002, 2.5354976E+002, 2.7475895E+002, 2.6493864E+002, 2.2934535E+002, 2.9072568E+002, 3.1060106E+002, 3.0269285E+002, 4.3275302E+002, 3.6338593E+002, 3.0150310E+002, 3.0019883E+002, 2.5243850E+002, 2.7930466E+002, 2.4640459E+002, 2.2070559E+000, 2.3549649E+000, 2.2442518E+000, 2.2496901E+000, 2.0259517E+000, 2.0868701E+000, 2.0414177E+000, 1.6462432E+000,-8.0742310E-001,-1.5549586E+000,-1.3273881E+000,-1.6391006E+000,-1.5321527E+000,-2.0247987E+000,-1.6975075E+000,-8.1391746E-002, 4.6209990E+000, 7.6057385E+000, 6.1440547E+000, 5.6776562E+000, 5.3217660E+000, 6.2422194E+000, 4.7977039E+000, 4.0797333E+004, 3.4018007E-001, 1.2835554E+001, 2.1836362E+001
 2.2900013E+002, 2.0000085E+001, 2.0000777E+001, 2.0001247E+001, 2.0012543E+001, 2.0028250E+001, 2.0067330E+001, 2.0127606E+001, 2.2362844E+001, 1.9875994E+002, 2.5348864E+002, 2.6572170E+002, 2.1809757E+002, 2.2722290E+002, 2.8834815E+002, 2.4468799E+002, 3.0664350E+002, 4.3693644E+002, 3.5821582E+002, 3.0735128E+002, 2.7122118E+002, 2.8308238E+002, 2.9347286E+002, 2.5838539E+002, 2.2340572E+000, 2.1852442E+000, 2.1299826E+000, 2.0931878E+000, 2.2034187E+000, 2.0236019E+000, 1.8255324E+000, 1.5197696E+000,-1.2836210E+000,-1.4854389E+000,-1.4739697E+000,-1.9034825E+000,-2.2336371E+000,-1.5301100E+000,-1.8512560E+000,-4.3007671E-001, 3.1858673E+000, 5.1505108E+000, 6.9755398E+000, 6.6342506E+000, 5.7901606E+000, 5.1178008E+000, 5.6676311E+000, 3.8527923E+004, 3.7526571E-001, 1.2697263E+001, 2.9710787E+001
 2.3000708E+002, 2.0001149E+001, 2.0001604E+001, 2.0001307E+001, 2.0013120E+001, 2.0032741E+001, 2.0059875E+001, 2.0132047E+001, 2.8063901E+001, 2.2139656E+002, 2.4315120E+002, 2.6067731E+002, 2.1365384E+002, 2.2946411E+002, 2.8383157E+002, 2.6146688E+002, 3.1787129E+002, 3.0431494E+002, 3.2122829E+002, 2.9095499E+002, 2.9467133E+002, 2.6838609E+002, 2.8927441E+002, 2.8620890E+002, 2.1663756E+000, 2.1228755E+000, 2.2683321E+000, 2.0883015E+000, 2.0564080E+000, 2.1006738E+000, 1.6172780E+000, 5.3138183E-001,-1.5161962E+000,-1.5735666E+000,-1.7454263E+000,-2.2225269E+000,-1.9201818E+000,-1.6328635E+000,-2.1401626E+000, 6.2446928E-001, 3.2699162E+000, 6.6849097E+000, 6.3420336E+000, 6.4925642E+000, 5.1527171E+000, 5.1287271E+000, 4.9855450E+000, 3.9887031E+004, 5.1698370E-001, 1.2375073E+001, 2.6750020E+001
 2.3100607E+002, 2.0000427E+001, 2.0000195E+001, 2.0002537E+001, 2.0013740E+001, 2.0030819E+001, 2.0070056E+001, 2.0118769E+001, 2.0424203E+001, 2.2811106E+002, 2.2918580E+002, 2.5532609E+002, 2.1405632E+002, 2.4428815E+002, 2.9950100E+002, 2.1875873E+002, 4.6152847E+002, 3.8475436E+002, 3.1646214E+002, 2.7498349E+002, 2.5217140E+002, 2.8701204E+002, 2.6917663E+002, 2.9092163E+002, 2.2188886E+000, 2.2311047E+000, 2.2016185E+000, 2.1771048E+000, 2.2063984E+000, 1.9374191E+000, 2.1834804E+000, 9.5553050E-001,-7.5699317E-001,-1.3258018E+000,-1.4366988E+000,-1.5494369E+000,-1.4333923E+000,-1.1876006E+000, 3.3107440E-002,-1.2143276E+000, 4.4331950E+000, 7.0961219E+000, 7.1649310E+000, 6.1412880E+000, 6.4696288E+000, 5.4376097E+000, 5.9048880E+000, 4.0538697E+004, 3.6143162E-001, 1.2099086E+001, 3.1034202E+001
 2.3200218E+002, 1.9999324E+001, 2.0001202E+001, 2.0004154E+001, 2.0012201E+001, 2.0031136E+001, 2.0062982E+001, 2.0130733E+001, 2.1717808E+001, 2.2670296E+002, 2.2290066E+002, 2.3581347E+002, 2.3068630E+002, 2.5641171E+002, 3.0673132E+002, 2.5779187E+002, 3.1022935E+002, 4.0361833E+002, 3.0326717E+002, 2.8817339E+002, 2.5749381E+002, 2.2539405E+002, 2.7773279E+002, 2.6121951E+002, 2.2414992E+000, 2.0915125E+000, 1.9941210E+000, 2.3121721E+000, 1.9752119E+000, 2.0530096E+000, 1.8069108E+000, 5.6984063E-001,-9.7771913E-001,-1.5926690E+000,-1.6256321E+000,-1.9678914E+000,-1.5508910E+000,-3.9979713E-001, 4.4633673E-001,-3.0288818E-001, 5.2582777E+000, 5.0034685E+000, 6.2330134E+000, 6.2008222E+000, 4.6364699E+000, 5.0374151E+000, 4.7921605E+000, 3.8796634E+004, 4.0552805E-001, 1.2464168E+001, 2.7689770E+001
 2.3300767E+002, 1.9998725E+001, 2.0001318E+001, 2.0001962E+001, 2.0014668E+001, 2.0029982E+001, 2.0065325E+001, 2.0123354E+001, 2.2242864E+001, 2.2822923E+002, 2.2868131E+002, 2.3850217E+002, 2.2191167E+002, 2.6226861E+002, 2.5596027E+002, 2.5380412E+002, 3.3982255E+002, 3.0804964E+002, 2.8964912E+002, 2.8494211E+002, 2.9943140E+002, 2.4619117E+002, 2.1912966E+002, 2.7185109E+002, 2.2736498E+000, 2.1279428E+000, 2.1946092E+000, 2.2121314E+000, 2.3090481E+000, 2.0824630E+000, 1.7950551E+000, 1.4493213E+000,-1.3838467E+000,-1.4989086E+000,-1.9119903E+000,-1.6412003E+000,-1.3378758E+000,-6.7617048E-001,-3.6136540E-001,-4.9929299E-001, 2.9807244E+000, 5.0102613E+000, 5.9850994E+000, 5.8639572E+000, 6.0890117E+000, 4.4251783E+000, 5.2924108E+000, 4.2221199E+004, 4.1549807E-001, 1.2795998E+001, 2.4124923E+001
 2.3400334E+002, 2.0000376E+001, 1.9999235E+001, 2.0002531E+001, 2.0017664E+001, 2.0030589E+001, 2.0058941E+001, 2.0125178E+001, 2.0964018E+001, 2.1783642E+002, 2.4012623E+002, 2.3274899E+002, 2.1637260E+002, 2.6278073E+002, 2.5365371E+002, 2.6481868E+002, 3.2526844E+002, 4.4064481E+002, 3.0771746E+002, 2.5371254E+002, 2.2972036E+002, 2.7078995E+002, 2.3988423E+002, 2.2327287E+002, 2.2573374E+000, 2.1356761E+000, 2.1854379E+000, 1.9729803E+000, 2.2178246E+000, 2.1577422E+000, 1.9375784E+000, 1.4974296E+000,-1.4164301E+000,-1.4896997E+000,-1.6937139E+000,-1.4531926E+000,-9.0754249E-001,-4.7143142E-001,-8.6132007E-001,-2.6085978E+000, 3.5163141E+000, 5.1645530E+000, 5.4968652E+000, 4.9642135E+000, 5.9117983E+000, 5.0886023E+000, 4.5873781E+000, 4.0102073E+004, 3.6472554E-001, 1.2232284E+001, 2.2586227E+001
 2.3500079E+002, 2.0000749E+001, 1.9998693E+001, 2.0004079E+001, 2.0013993E+001, 2.0036230E+001, 2.0061909E+001, 2.0122404E+001, 3.4271007E+001, 2.1764754E+002, 2.4035344E+002, 2.2052618E+002, 2.3004218E+002, 2.3741551E+002, 2.6089308E+002, 2.5677768E+002, 2.5913050E+002, 2.9032372E+002, 2.9059278E+002, 2.6299163E+002, 2.8756025E+002, 2.4186816E+002, 2.5614270E+002, 2.3833849E+002, 2.2566734E+000, 2.2234402E+000, 2.1048304E+000, 2.0669758E+000, 1.8937465E+000, 2.1585054E+000, 1.9167444E+000, 4.8950017E-001,-1.5499753E+000,-1.7117086E+000,-1.5462504E+000,-1.5427051E+000,-9.2213403E-001,-2.9836820E-001, 1.9857630E-001,-1.0866979E+000, 2.6259647E+000, 4.6987500E+000, 5.4756401E+000, 5.9535728E+000, 5.3290210E+000, 5.4777470E+000, 4.8391885E+000, 3.9421923E+004, 6.0788426E-001, 1.2804493E+001, 1.7229198E+001
 2.3600496E+002, 2.0001579E+001, 2.0000320E+001, 2.0000900E+001, 2.0012853E+001, 2.0032571E+001, 2.0071779E+001, 2.0119694E+001, 8.6000124E+001, 2.2262301E+002, 2.2725938E+002, 2.1815213E+002, 2.5453118E+002, 2.3175495E+002, 2.7388157E+002, 2.4066393E+002, 2.4378504E+002, 3.2716813E+002, 2.8069787E+002, 2.6359769E+002, 2.5465606E+002, 2.9392658E+002, 2.5549496E+002, 2.5093945E+002, 2.2030510E+000, 2.2781444E+000, 2.0837534E+000, 2.2154558E+000, 2.0082631E+000, 1.9719297E+000, 2.0878330E+000,-1.1829506E+000,-1.7506956E+000,-1.3583744E+000,-1.5483488E+000,-1.0593429E+000,-7.7498188E-001,-3.7895985E-002, 7.5948381E-001, 5.8807868E-001, 2.4663918E+000, 5.5104693E+000, 5.1805811E+000, 5.3935274E+000, 4.9342115E+000, 5.2849400E+000, 5.4863556E+000, 3.9929088E+004, 1.1263536E+000, 1.2489166E+001, 1.7003435E+001
 2.3700112E+002, 1.9998785E+001, 2.0001193E+001, 2.0000478E+001, 2.0017265E+001, 2.0029997E+001, 2.0069935E+001, 2.0139118E+001, 1.4152731E+002, 2.1977171E+002, 2.2431356E+002, 2.1621795E+002, 2.4017109E+002, 2.6457372E+002, 3.0665401E+002, 2.4524866E+002, 2.9953905E+002, 3.4377393E+002, 2.7786191E+002, 2.7296119E+002, 2.4860848E+002, 2.3155418E+002, 2.8588314E+002, 2.5884448E+002, 2.1963205E+000, 2.1703604E+000, 2.0987815E+000, 2.0007363E+000, 2.0920077E+000, 1.7071231E+000, 1.5805389E+000,-6.7619406E-001,-1.4811786E+000,-1.7220067E+000,-1.6708460E+000,-1.4981455E+000,-1.2001411E+000,-3.0201375E-001, 2.0940267E-001,-3.4251805E+000, 3.7482330E+000, 4.9148176E+000, 5.2728310E+000, 4.6281307E+000, 4.6245684E+000, 4.4483862E+000, 4.8658099E+000, 3.9127944E+004, 1.5215854E+000, 1.2723606E+001, 1.3124273E+001
 2.3800503E+002, 1.9999667E+001, 2.0001209E+001, 2.0002121E+001, 2.0016364E+001, 2.0038027E+001, 2.0065623E+001, 2.0147151E+001, 1.9106326E+002, 2.2167524E+002, 2.1914634E+002, 2.2331688E+002, 2.3596717E+002, 2.8881446E+002, 2.9972090E+002, 2.7329813E+002, 2.6919781E+002, 2.4263530E+002, 2.2755322E+002, 2.2366053E+002, 2.4517665E+002, 2.2952590E+002, 2.2773686E+002, 2.7632483E+002, 2.2829902E+000, 2.1998238E+000, 2.2194336E+000, 2.0478254E+000, 2.1908188E+000, 2.1750335E+000, 1.8797408E+000,-1.0756004E+000,-1.2583184E+000,-1.2676178E+000,-1.2742102E+000,-1.4332381E+000,-8.3162181E-001,-1.7522197E-001, 8.5054614E-001,-7.1581095E-001, 5.5223702E-001, 5.0467656E+000, 5.5592044E+000, 5.7458417E+000, 5.0785596E+000, 4.9384446E+000, 5.6561677E+000, 4.1866506E+004, 1.9744570E+000, 1.3093317E+001, 1.6043890E+001
 2.3900910E+002, 2.0001691E+001, 1.9998390E+001, 2.0003267E+001, 2.0012719E+001, 2.0035671E+001, 2.0072169E+001, 2.0126852E+001, 1.6185750E+002, 2.1461414E+002, 2.1167309E+002, 2.3176547E+002, 2.4192425E+002, 2.8886626E+002, 2.8662562E+002, 2.7698235E+002, 2.9907140E+002, 4.0436350E+002, 2.8032014E+002, 2.2791821E+002, 2.1315702E+002, 2.2866833E+002, 2.2787912E+002, 2.4682740E+002, 2.2255192E+000, 2.2687065E+000, 2.2697782E+000, 2.1453201E+000, 1.9115749E+000, 2.0940529E+000, 1.8385762E+000,-6.7407756E-001,-1.1938158E+000,-1.2686797E+000,-1.5594982E+000,-1.5458344E+000,-8.9990606E-001,-2.0560387E-001,-1.7992814E-002,-1.1028155E+000, 1.3839065E+000, 4.6540320E+000, 4.3573234E+000, 4.9061855E+000, 4.1878035E+000, 4.7236322E+000, 4.3175677E+000, 3.8523435E+004, 1.7914623E+000, 1.2629442E+001, 2.0248340E+001
 2.4000377E+002, 2.0000084E+001, 1.9999659E+001, 2.0002631E+001, 2.0014324E+001, 2.0030929E+001, 2.0076012E+001, 2.0142618E+001, 8.5184024E+001, 2.0755907E+002, 2.1339887E+002, 2.3580127E+002, 2.4296040E+002, 2.6823276E+002, 2.8355126E+002, 2.9405685E+002, 2.8713350E+002, 3.2877718E+002, 2.9107247E+002, 2.9663538E+002, 2.7127231E+002, 2.1825406E+002, 2.4409144E+002, 2.3818279E+002, 2.1456661E+000, 2.1291025E+000, 2.0480198E+000, 1.9868175E+000, 1.9845214E+000, 1.7283549E+000, 1.7499616E+000,-9.2425359E-001,-9.3083888E-001,-1.7440596E+000,-1.8486619E+000,-1.7454580E+000,-1.4799765E+000,-9.9497986E-001, 4.5450417E-001,-1.2387142E+000, 5.1437345E-001, 5.3643834E+000, 6.1207446E+000, 5.0704345E+000, 4.6435481E+000, 4.3735497E+000, 4.4812344E+000, 3.9210571E+004, 1.7066204E+000, 1.2864959E+001, 1.8136404E+001
 2.4100302E+002, 2.0000981E+001, 2.0001735E+001, 1.9999796E+001, 2.0016527E+001, 2.0032492E+001, 2.0066196E+001, 2.0162213E+001, 7.8615112E+001, 2.0198545E+002, 2.1606690E+002, 2.2003962E+002, 2.4596351E+002, 2.5558306E+002, 2.9116206E+002, 2.2290814E+002, 3.0055458E+002, 3.8991245E+002, 3.6779337E+002, 2.7842923E+002, 2.5015282E+002, 2.6581189E+002, 2.4381680E+002, 2.5552922E+002, 2.2828563E+000, 2.1822231E+000, 2.3768802E+000, 2.3131852E+000, 2.1456936E+000, 2.0085889E+000, 1.8321073E+000,-1.9889452E-001,-1.0560878E+000,-1.4340584E+000,-1.3300509E+000,-1.1320305E+000,-9.1889002E-001,-7.1480743E-001, 3.0484403E-001,-8.7315463E-001, 2.9010147E+000, 6.7839235E+000, 6.9436329E+000, 6.0612955E+000, 5.9358314E+000, 4.8349491E+000, 5.2976054E+000, 4.2175538E+004, 1.6188490E+000, 1.2843426E+001, 1.8416050E+001
 2.4200388E+002, 1.9999512E+001, 2.0001236E+001, 2.0001679E+001, 2.0014899E+001, 2.0035165E+001, 2.0066069E+001, 2.0135824E+001, 6.6147479E+001, 1.9902261E+002, 2.0765895E+002, 2.2059659E+002, 2.6629473E+002, 2.5521559E+002, 2.6159945E+002, 1.8617137E+002, 3.3991562E+002, 3.7507551E+002, 2.5560546E+002, 2.8872247E+002, 2.7535295E+002, 2.6673920E+002, 2.7151365E+002, 2.5622182E+002, 2.2577154E+000, 2.0489908E+000, 2.0934212E+000, 1.9982783E+000, 2.0626262E+000, 1.9704381E+000, 1.5227007E+000, 2.2953320E-001,-1.7353505E+000,-1.6129774E+000,-1.5017600E+000,-1.6794712E+000,-1.1671024E+000,-4.7155069E-001, 5.0649294E-001,-2.7148659E+000, 2.6859415E+000, 3.4684648E+000, 5.0101934E+000, 5.8189576E+000, 5.3590435E+000, 4.5203711E+000, 4.1644051E+000, 3.7737700E+004, 1.2364533E+000, 1.2783104E+001, 1.8992397E+001
 2.4300653E+002, 2.0001480E+001, 2.0001015E+001, 2.0003654E+001, 2.0011889E+001, 2.0034650E+001, 2.0070856E+001, 2.0139625E+001, 1.1411560E+002, 1.9451078E+002, 2.0956614E+002, 2.4475397E+002, 2.3438979E+002, 2.6849321E+002, 2.5832986E+002, 2.7486945E+002, 3.0567966E+002, 3.1929351E+002, 3.0444739E+002, 2.7189976E+002, 2.6227188E+002, 2.8974984E+002, 2.6932009E+002, 2.6244835E+002, 2.2492371E+000, 2.2031988E+000, 2.1003715E+000, 2.3459294E+000, 2.1269741E+000, 2.1898035E+000, 1.8990999E+000,-6.1242650E-001,-9.9082545E-001,-1.2973142E+000,-1.1707067E+000,-1.0990053E+000,-9.3132077E-001,-7.1131559E-001, 1.5086773E+000,-2.9518674E+000, 2.2510483E+000, 5.9255173E+000, 5.2616916E+000, 5.0110943E+000, 5.6237198E+000, 5.3789890E+000, 4.8359747E+000, 3.9722521E+004, 1.6894543E+000, 1.2579139E+001, 1.7005988E+001
 2.4400586E+002, 1.9998260E+001, 1.9999802E+001, 2.0003811E+001, 2.0014374E+001, 2.0028582E+001, 2.0070482E+001, 2.0138540E+001, 1.2318103E+002, 1.8806998E+002, 2.1460536E+002, 2.3881623E+002, 2.2479777E+002, 2.7508036E+002, 2.9409502E+002, 2.7572884E+002, 4.0843873E+002, 4.0071272E+002, 3.2162325E+002, 2.8834127E+002, 2.6866171E+002, 2.5912635E+002, 3.0206653E+002, 2.6351764E+002, 2.2775391E+000, 2.2498769E+000, 2.0615891E+000, 2.0962072E+000, 2.3839463E+000, 2.0542593E+000, 1.7370891E+000,-9.6182768E-001,-1.0753897E+000,-1.4121274E+000,-1.2918839E+000,-1.2042787E+000,-1.1162424E+000,-9.9220931E-001,-1.4971682E-001,-5.4149720E-001, 2.7033736E+000, 5.6075003E+000, 5.3537892E+000, 5.2619231E+000, 5.6463896E+000, 5.3571002E+000, 4.7554020E+000, 4.1524542E+004, 1.7109236E+000, 1.2205873E+001, 2.8922994E+001
 2.4500135E+002, 1.9998168E+001, 2.0001976E+001, 2.0002802E+001, 2.0016804E+001, 2.0033568E+001, 2.0062835E+001, 2.0156760E+001, 1.3200059E+002, 1.9391088E+002, 2.1829946E+002, 2.3509772E+002, 2.4936541E+002, 2.9397034E+002, 3.0942419E+002, 2.5951863E+002, 3.1641142E+002, 3.5885447E+002, 2.9398357E+002, 3.0745017E+002, 2.9667184E+002, 2.6210595E+002, 2.6904842E+002, 3.0358002E+002, 2.2527535E+000, 2.1150967E+000, 2.0691134E+000, 2.0301829E+000, 2.0577983E+000, 2.2141759E+000, 1.5434768E+000,-1.3470820E+000,-1.2255361E+000,-1.5511810E+000,-1.5022533E+000,-1.4669611E+000,-1.5371488E+000,-1.5763550E+000,-8.4819066E-001, 2.4923425E+000, 1.9077723E+000, 4.2880591E+000, 6.0209261E+000, 5.5699809E+000, 5.1591151E+000, 4.9453184E+000, 5.1075943E+000, 4.0267652E+004, 1.7625641E+000, 1.2732378E+001, 1.3570369E+001
 2.4600810E+002, 1.9998360E+001, 1.9998702E+001, 2.0002168E+001, 2.0019921E+001, 2.0037646E+001, 2.0070226E+001, 2.0141088E+001, 1.5900953E+002, 2.0405855E+002, 2.1492279E+002, 2.3386333E+002, 2.6808201E+002, 2.8615413E+002, 2.9781263E+002, 2.3935107E+002, 3.0294644E+002, 3.9397659E+002, 3.1315367E+002, 2.2569826E+002, 2.4004863E+002, 2.9570329E+002, 2.5438452E+002, 2.8107712E+002, 2.3011912E+000, 2.2482959E+000, 2.2049345E+000, 2.0476172E+000, 2.0842003E+000, 2.0844086E+000, 1.7940963E+000,-2.7445820E-003,-1.2295042E+000,-1.3372478E+000,-1.4015917E+000,-1.4453499E+000,-1.5439537E+000,-1.2369887E+000,-1.0576995E+000, 8.9921039E-001, 5.0008533E+000, 6.5502990E+000, 6.2710054E+000, 6.0533591E+000, 6.1372452E+000, 5.2766885E+000, 5.1413432E+000, 4.1194414E+004, 1.6985887E+000, 1.3219923E+001, 1.8465071E+001
 2.4700829E+002, 2.0000073E+001, 1.9998183E+001, 2.0003754E+001, 2.0014999E+001, 2.0042430E+001, 2.0076940E+001, 2.0142241E+001, 1.7977921E+002, 2.0374097E+002, 2.2807832E+002, 2.4966849E+002, 2.6552669E+002, 2.5176232E+002, 2.7715160E+002, 2.8060306E+002, 3.5790045E+002, 3.4888006E+002, 3.5453084E+002, 3.2892566E+002, 2.8378858E+002, 2.3818703E+002, 2.7203362E+002, 2.6444714E+002, 2.2457914E+000, 2.1633868E+000, 2.1423863E+000, 2.1996764E+000, 1.9253206E+000, 1.8972288E+000, 1.6272481E+000,-5.7242523E-001,-1.3242016E+000,-1.5832634E+000,-1.7649728E+000,-1.8595050E+000,-1.7720677E+000,-1.3975423E+000,-1.4716538E+000,-5.1684607E-002, 2.3100217E-001, 5.1225271E+000, 6.1940107E+000, 6.3877469E+000, 5.2667561E+000, 4.9845226E+000, 4.6371698E+000, 3.7096279E+004, 1.7993550E+000, 1.3053103E+001, 1.3449890E+001
 2.4800449E+002, 2.0000223E+001, 1.9998898E+001, 2.0001216E+001, 2.0016281E+001, 2.0033517E+001, 2.0082146E+001, 2.0159801E+001, 1.7574514E+002, 1.9896123E+002, 2.3776089E+002, 2.4093349E+002, 2.5615101E+002, 2.3942833E+002, 2.6544436E+002, 2.2799274E+002, 2.4637486E+002, 3.5889871E+002, 2.9687450E+002, 2.8793190E+002, 2.8827267E+002, 2.7023936E+002, 2.3116507E+002, 2.6141816E+002, 2.2433025E+000, 2.1710714E+000, 2.1443619E+000, 2.0310067E+000, 2.0654066E+000, 1.7700466E+000, 1.5167424E+000,-1.1756053E+000,-1.3108591E+000,-1.8571788E+000,-1.9914847E+000,-2.0433413E+000,-1.6375001E+000,-1.4102110E+000,-1.5896184E-001, 2.3385702E+000, 2.4133537E+000, 5.5146184E+000, 6.6925518E+000, 6.1906123E+000, 5.3428574E+000, 5.2869439E+000, 4.2962010E+000, 4.1187793E+004, 1.8206211E+000, 1.3170179E+001, 2.2974887E+001
 2.4900571E+002, 2.0000162E+001, 2.0000212E+001, 2.0000370E+001, 2.0016492E+001, 2.0036191E+001, 2.0072125E+001, 2.0166584E+001, 1.5631466E+002, 2.0164647E+002, 2.2165447E+002, 2.1121143E+002, 2.3788963E+002, 2.2737727E+002, 2.5431770E+002, 1.8937866E+002, 3.5279966E+002, 4.8309264E+002, 3.0149770E+002, 2.7525451E+002, 2.4464116E+002, 2.5801458E+002, 2.7489234E+002, 2.3423830E+002, 2.2361422E+000, 2.2394064E+000, 2.2397166E+000, 2.1978591E+000, 2.0755644E+000, 2.0114794E+000, 1.4526424E+000,-6.0808365E-001,-1.2765699E+000,-1.7190162E+000,-1.8632866E+000,-1.7651185E+000,-1.1619284E+000,-4.0536743E-001, 1.3111694E+000, 2.3629233E+000, 4.5995207E+000, 7.1119313E+000, 5.5583966E+000, 5.8784082E+000, 5.6279363E+000, 5.1718535E+000, 5.0607799E+000, 3.9898439E+004, 1.7410595E+000, 1.2493173E+001, 3.1132505E+001
 2.5000682E+002, 2.0000061E+001, 2.0000530E+001, 2.0001550E+001, 2.0013837E+001, 2.0035101E+001, 2.0073216E+001, 2.0155137E+001, 1.7406390E+002, 2.0479636E+002, 2.2390422E+002, 2.2605565E+002, 2.3520762E+002, 2.5098555E+002, 2.7088179E+002, 2.7518968E+002, 4.1997930E+002, 4.7702560E+002, 3.5912624E+002, 2.9695806E+002, 2.5316204E+002, 2.3959570E+002, 2.5932886E+002, 2.6773233E+002, 2.1758783E+000, 2.1528063E+000, 2.1204283E+000, 2.0983831E+000, 2.0846990E+000, 1.9069995E+000, 1.3181584E+000,-4.4353861E-001,-1.6596486E+000,-1.9448928E+000,-2.2279773E+000,-1.8308260E+000,-1.3224959E+000,-4.8077661E-001, 8.4101789E-002,-2.5335725E+000, 5.0394070E+000, 6.3476532E+000, 6.0313501E+000, 5.5146296E+000, 5.4614817E+000, 4.2937652E+000, 4.9019343E+000, 3.7889754E+004, 1.8195479E+000, 1.2914428E+001, 2.4339007E+001
 2.5100879E+002, 2.0000374E+001, 2.0000278E+001, 2.0002460E+001, 2.0013335E+001, 2.0033018E+001, 2.0072402E+001, 2.0148927E+001, 1.8054188E+002, 2.0615059E+002, 2.0776941E+002, 2.0586894E+002, 2.2263189E+002, 2.5433671E+002, 2.8115885E+002, 3.1365235E+002, 3.3438006E+002, 3.3646143E+002, 2.9392372E+002, 2.5920198E+002, 2.5348546E+002, 2.4277071E+002, 2.3751061E+002, 2.6366795E+002, 2.3029082E+000, 2.2445930E+000, 2.1404254E+000, 2.2549359E+000, 2.1913222E+000, 2.1560065E+000, 1.7633164E+000,-9.8584395E-002,-1.3206065E+000,-1.8496457E+000,-1.6383038E+000,-1.5213192E+000,-9.7532408E-001,-8.3661703E-001,-2.1320647E+000,-3.7694007E-001, 1.1670287E+000, 5.3796987E+000, 6.0721581E+000, 6.0549713E+000, 5.9100398E+000, 5.5763343E+000, 4.5897601E+000, 4.3443272E+004, 1.8543957E+000, 1.2967113E+001, 2.1788164E+001
 2.5200446E+002, 2.0000962E+001, 2.0000880E+001, 2.0002672E+001, 2.0014830E+001, 2.0031680E+001, 2.0064860E+001, 2.0147853E+001, 1.8771524E+002, 2.0758241E+002, 2.1100659E+002, 1.9879136E+002, 2.2267743E+002, 2.3958949E+002, 2.9840835E+002, 3.3918193E+002, 4.4352273E+002, 4.1326425E+002, 3.0813512E+002, 2.8860472E+002, 2.3492259E+002, 2.6782720E+002, 2.4008443E+002, 2.4667090E+002, 2.2612622E+000, 2.1423945E+000, 2.0776109E+000, 2.0791622E+000, 2.0560885E+000, 1.9987186E+000, 1.5452767E+000,-7.6227393E-001,-1.5790319E+000,-1.7846602E+000,-1.8667851E+000,-1.7320585E+000,-1.2197730E+000,-1.1364834E+000,-2.0934861E+000,-2.2783055E+000, 2.2888470E+000, 5.4763154E+000, 6.4079408E+000, 5.2679486E+000, 4.8087781E+000, 5.2252438E+000, 4.3531842E+000, 3.8802100E+004, 1.9313094E+000, 1.3277984E+001, 1.8597161E+001
 2.5300390E+002, 2.0001081E+001, 2.0000658E+001, 2.0002765E+001, 2.0017789E+001, 2.0035155E+001, 2.0069753E+001, 2.0150670E+001, 1.7928392E+002, 2.0956154E+002, 2.1358798E+002, 2.0705231E+002, 2.1006367E+002, 2.6051514E+002, 3.1548976E+002, 3.1930998E+002, 3.0793438E+002, 3.3865411E+002, 2.9399915E+002, 2.3652221E+002, 2.5291695E+002, 2.3848379E+002, 2.9885401E+002, 2.4733480E+002, 2.2661683E+000, 2.2418592E+000, 2.1092221E+000, 1.9744919E+000, 2.1510429E+000, 2.0857243E+000, 1.5016742E+000,-8.2599551E-001,-1.5813325E+000,-1.5701031E+000,-1.6660440E+000,-1.5256838E+000,-1.0104085E+000,-1.3081941E+000,-2.8738969E-002,-2.5698289E+000, 3.8820051E+000, 5.2143557E+000, 5.8197145E+000, 5.8247358E+000, 4.9184701E+000, 4.6473136E+000, 4.8059651E+000, 3.7972992E+004, 2.0159483E+000, 1.2942320E+001, 1.3579964E+001
 2.5400741E+002, 2.0000348E+001, 2.0001354E+001, 2.0003721E+001, 2.0015883E+001, 2.0037774E+001, 2.0070114E+001, 2.0145683E+001, 1.9198879E+002, 2.1207085E+002, 1.9854706E+002, 2.1271724E+002, 1.9633143E+002, 2.5122636E+002, 3.1913969E+002, 2.7621469E+002, 3.3535794E+002, 4.1757603E+002, 2.6124225E+002, 2.3196235E+002, 2.4120946E+002, 2.5716631E+002, 2.5010522E+002, 2.6650611E+002, 2.2902029E+000, 2.1763600E+000, 2.0942741E+000, 2.0984623E+000, 2.0497848E+000, 2.1224105E+000, 1.7561579E+000,-1.3826416E+000,-1.4851571E+000,-1.5957543E+000,-1.6115742E+000,-1.4509417E+000,-1.3659266E+000,-1.1825451E+000,-8.9841808E-001,-1.7116564E+000, 2.1247764E+000, 4.6962232E+000, 5.4560209E+000, 5.9657856E+000, 5.6317964E+000, 5.2414517E+000, 4.8412558E+000, 4.2013488E+004, 1.9472282E+000, 1.2459820E+001, 3.2120134E+001
 2.5500528E+002, 1.9999226E+001, 2.0001852E+001, 2.0002984E+001, 2.0018085E+001, 2.0034737E+001, 2.0075306E+001, 2.0138799E+001, 1.8874164E+002, 2.0109081E+002, 1.9521407E+002, 2.0210963E+002, 1.9850935E+002, 2.2746891E+002, 3.0518721E+002, 3.1364781E+002, 3.9876687E+002, 3.2741748E+002, 3.2272639E+002, 2.9743486E+002, 2.5891762E+002, 2.2669385E+002, 2.6481891E+002, 2.6297241E+002, 2.2705030E+000, 2.1180574E+000, 2.0846162E+000, 1.9387969E+000, 2.0027886E+000, 1.9978518E+000, 1.6826215E+000,-1.7422054E+000,-1.2434769E+000,-1.7112131E+000,-1.6072073E+000,-1.4954740E+000,-1.4301676E+000,-6.4100298E-001,-9.4131904E-001,-3.9880933E-001, 2.4680531E+000, 5.5429408E+000, 6.0161050E+000, 6.0064098E+000, 4.7224425E+000, 4.5424471E+000, 5.2265055E+000, 3.9985757E+004, 1.9502951E+000, 1.3126578E+001, 1.3543479E+001
 2.5600365E+002, 2.0000965E+001, 2.0000719E+001, 2.0003597E+001, 2.0018644E+001, 2.0042486E+001, 2.0072818E+001, 2.0155850E+001, 1.7650640E+002, 2.0222455E+002, 1.9818529E+002, 1.9786855E+002, 1.9572725E+002, 2.3939307E+002, 2.8786553E+002, 2.9818368E+002, 3.3877084E+002, 3.8925389E+002, 3.1223899E+002, 2.4273776E+002, 2.8423337E+002, 2.6948782E+002, 2.3287783E+002, 2.6338252E+002, 2.2930615E+000, 2.2438667E+000, 2.2369174E+000, 2.0729303E+000, 1.9975688E+000, 1.9799403E+000, 1.9362676E+000,-1.0273994E+000,-1.5237701E+000,-1.3844482E+000,-1.5334688E+000,-1.5620093E+000,-1.2138699E+000,-3.0541823E-001,-1.0858531E+000,-6.8264562E-001, 4.6684641E+000, 6.3445679E+000, 6.2467998E+000, 5.9306083E+000, 6.1742163E+000, 4.8295578E+000, 5.0313657E+000, 4.0557445E+004, 1.8978763E+000, 1.2920239E+001, 2.2352604E+001
 2.5700235E+002, 2.0002022E+001, 1.9999966E+001, 2.0005344E+001, 2.0017780E+001, 2.0040665E+001, 2.0090037E+001, 2.0151903E+001, 1.8678469E+002, 1.9734908E+002, 1.8916661E+002, 2.0007761E+002, 2.2473074E+002, 2.5400015E+002, 2.8002472E+002, 2.7515271E+002, 3.7783935E+002, 4.0316420E+002, 3.4907821E+002, 3.3526923E+002, 2.7039718E+002, 2.8192083E+002, 2.6971863E+002, 2.3856754E+002, 2.1955525E+000, 2.1667675E+000, 2.0208366E+000, 2.0336207E+000, 1.8683929E+000, 1.7982580E+000, 1.7979855E+000,-8.6066215E-001,-1.7197825E+000,-1.4990476E+000,-1.6750543E+000,-1.6641419E+000,-1.1525631E+000,-1.1138930E+000,-1.2898495E+000,-3.1893539E+000, 3.1837018E+000, 5.6727785E+000, 6.2336949E+000, 6.4502477E+000, 4.6781089E+000, 5.0057205E+000, 4.0582680E+000, 3.8798604E+004, 1.8438766E+000, 1.2560800E+001, 2.1235576E+001
 2.5800879E+002, 2.0000298E+001, 2.0001336E+001, 2.0003275E+001, 2.0017356E+001, 2.0040089E+001, 2.0088675E+001, 2.0181864E+001, 1.9363772E+002, 1.9553167E+002, 1.8235621E+002, 1.8872947E+002, 2.1846904E+002, 2.5726133E+002, 3.1032657E+002, 3.2881653E+002, 3.6843356E+002, 3.4181049E+002, 3.3804681E+002, 3.2256201E+002, 3.1985437E+002, 2.6925829E+002, 2.6125734E+002, 2.6269027E+002, 2.2994987E+000, 2.1862362E+000, 2.0983073E+000, 2.2007370E+000, 1.9407072E+000, 1.9208287E+000, 1.7101566E+000,-1.2670208E+000,-1.2971003E+000,-1.5658967E+000,-1.5658186E+000,-1.3915088E+000,-1.2143446E+000,-1.0188060E+000,-4.2924279E-001,-3.2215762E+000, 2.8332761E+000, 6.7596245E+000, 6.5739993E+000, 5.8834709E+000, 6.0282246E+000, 4.5230620E+000, 5.3609826E+000, 4.1001600E+004, 1.9087968E+000, 1.3086671E+001, 1.4213810E+001
 2.5900420E+002, 1.9999375E+001, 2.0002356E+001, 2.0002875E+001, 2.0021912E+001, 2.0037925E+001, 2.0082491E+001, 2.0197331E+001, 1.8881246E+002, 1.9112877E+002, 1.8517667E+002, 1.8897231E+002, 2.3185884E+002, 2.3858939E+002, 3.0654647E+002, 3.3069498E+002, 3.2685602E+002, 2.9287692E+002, 2.5175297E+002, 2.6004072E+002, 2.9748066E+002, 2.9442597E+002, 2.6635452E+002, 2.5543489E+002, 2.3287155E+000, 2.1741022E+000, 2.1341865E+000, 1.9511908E+000, 2.2606179E+000, 1.9699126E+000, 1.4980828E+000,-1.2643887E+000,-1.2330945E+000,-1.4766856E+000,-1.3988474E+000,-1.4438745E+000,-1.2954455E+000,-1.4164216E+000,-4.7099020E-001,-2.5190527E+000, 1.0270836E+000, 4.0331707E+000, 5.2543001E+000, 5.2935691E+000, 5.7627649E+000, 5.9989124E+000, 4.6340799E+000, 3.9063880E+004, 1.8446511E+000, 1.2491491E+001, 2.1256825E+001
 2.6000355E+002, 2.0000315E+001, 2.0000362E+001, 2.0003637E+001, 2.0020391E+001, 2.0044275E+001, 2.0076620E+001, 2.0166260E+001, 1.8429982E+002, 1.8860948E+002, 1.8636816E+002, 1.9246999E+002, 2.1791667E+002, 2.6590239E+002, 2.9667385E+002, 3.4932791E+002, 3.4670496E+002, 3.5605900E+002, 2.8388771E+002, 2.6030221E+002, 2.2897497E+002, 2.7953227E+002, 2.9375529E+002, 2.5713220E+002, 2.2090365E+000, 2.0990462E+000, 2.0058472E+000, 1.9185191E+000, 1.9149144E+000, 1.9355718E+000, 1.4981716E+000,-4.1810379E-001,-1.3539673E+000,-1.6300065E+000,-1.7852148E+000,-1.7729610E+000,-1.9563896E+000,-1.3016723E+000,-1.8688776E+000, 1.4300935E-001, 1.7077816E+000, 4.1206563E+000, 4.1028131E+000, 4.6145402E+000, 4.9384940E+000, 4.6534381E+000, 4.9546535E+000, 3.8058811E+004, 1.7872967E+000, 1.2770470E+001, 1.3390141E+001
 2.6100780E+002, 2.0000457E+001, 1.9998557E+001, 2.0005236E+001, 2.0018432E+001, 2.0046303E+001, 2.0085237E+001, 2.0150148E+001, 1.7662743E+002, 1.9313726E+002, 1.9292911E+002, 2.2986203E+002, 2.3814844E+002, 2.9524059E+002, 3.1922276E+002, 3.0804508E+002, 3.7429409E+002, 3.6099587E+002, 3.0741253E+002, 2.3029076E+002, 2.6333553E+002, 2.4463556E+002, 2.7807019E+002, 2.8170030E+002, 2.2437508E+000, 2.3668569E+000, 2.1049446E+000, 2.1209345E+000, 2.0222978E+000, 2.0139042E+000, 1.9441934E+000,-2.8371522E-002,-1.3448115E+000,-1.5707498E+000,-1.5620133E+000,-1.5403711E+000,-1.6222720E+000,-1.2635312E+000,-1.2757967E+000, 1.3726461E-001, 2.8241971E+000, 5.6683150E+000, 6.1753111E+000, 5.7996516E+000, 5.6758216E+000, 5.2700734E+000, 5.7912196E+000, 4.3822423E+004, 1.7215956E+000, 1.2660310E+001, 2.7093113E+001
 2.6200277E+002, 2.0001447E+001, 2.0000277E+001, 2.0002561E+001, 2.0017330E+001, 2.0038082E+001, 2.0089484E+001, 2.0159285E+001, 1.7110842E+002, 1.9612946E+002, 1.9828312E+002, 2.3294870E+002, 2.5959352E+002, 2.8363113E+002, 3.3004491E+002, 3.0271614E+002, 3.0426506E+002, 3.8873680E+002, 3.5959819E+002, 3.1604594E+002, 2.4318703E+002, 2.6220352E+002, 2.3743941E+002, 2.7357137E+002, 2.2426038E+000, 2.2206642E+000, 2.0481405E+000, 2.0881115E+000, 1.9889101E+000, 1.9664350E+000, 1.6840014E+000,-7.1396984E-001,-1.5162026E+000,-1.8955728E+000,-1.8092713E+000,-1.8230634E+000,-1.4013579E+000,-1.3043559E+000,-4.5708792E-001,-8.5435295E-001, 1.9584494E+000, 5.1740878E+000, 5.1313957E+000, 5.8347104E+000, 4.8340609E+000, 5.2842935E+000, 4.5319439E+000, 3.8082075E+004, 1.6506186E+000, 1.2258434E+001, 1.6642078E+001
 2.6300325E+002, 2.0001666E+001, 2.0000851E+001, 2.0000253E+001, 2.0021824E+001, 2.0039172E+001, 2.0076141E+001, 2.0181303E+001, 1.8248082E+002, 1.9805925E+002, 1.9210499E+002, 2.1116200E+002, 2.6278791E+002, 2.8582136E+002, 3.3511262E+002, 3.0592040E+002, 3.3869762E+002, 3.5211498E+002, 2.7189198E+002, 2.7370992E+002, 2.8765059E+002, 2.4706702E+002, 2.5756881E+002, 2.4005592E+002, 2.0866141E+000, 2.0887430E+000, 2.2281950E+000, 1.8907202E+000, 1.9915160E+000, 1.8945216E+000, 1.6089129E+000,-1.4570519E+000,-1.9254681E+000,-2.0297106E+000,-2.0883070E+000,-2.0362429E+000,-1.3876315E+000,-8.5090192E-001,-1.4193235E-001,-1.3822837E+000,-8.5073912E-001, 4.6435631E+000, 5.4899314E+000, 5.2666827E+000, 5.6455211E+000, 4.1697163E+000, 5.1021057E+000, 3.9795771E+004, 1.7925432E+000, 1.3177058E+001, 1.1989197E+001
 2.6400667E+002, 2.0000688E+001, 2.0001613E+001, 2.0002110E+001, 2.0016703E+001, 2.0044390E+001, 2.0082737E+001, 2.0151463E+001, 1.8639626E+002, 1.9105397E+002, 2.0120198E+002, 1.9030877E+002, 2.6355313E+002, 2.5755675E+002, 3.2772251E+002, 3.5783902E+002, 3.4168614E+002, 3.4030034E+002, 3.0235495E+002, 2.2334204E+002, 2.3994130E+002, 2.9579247E+002, 2.5944797E+002, 2.5009576E+002, 2.2473103E+000, 2.2048943E+000, 2.2212411E+000, 2.0635577E+000, 2.1418396E+000, 2.1446814E+000, 1.9040857E+000,-1.1960036E+000,-1.5829638E+000,-1.6744272E+000,-1.3822277E+000,-1.5780010E+000,-1.0798077E+000,-3.8724195E-001,-8.7919778E-001, 2.6405913E-001, 2.2778487E+000, 4.5502453E+000, 4.9569621E+000, 5.9709597E+000, 4.8110992E+000, 5.9162483E+000, 4.6986540E+000, 4.2111806E+004, 1.9055924E+000, 1.2916146E+001, 2.4121726E+001
 2.6500003E+002, 1.9999209E+001, 2.0002710E+001, 2.0002725E+001, 2.0012924E+001, 2.0036008E+001, 2.0077977E+001, 2.0166199E+001, 1.8324707E+002, 1.8571189E+002, 1.9574841E+002, 1.9447738E+002, 2.3409948E+002, 2.7125628E+002, 3.1151246E+002, 3.3840420E+002, 3.4773962E+002, 4.4434151E+002, 3.1920797E+002, 2.9229422E+002, 2.2835758E+002, 2.4306683E+002, 2.9787151E+002, 2.4707287E+002, 2.2582258E+000, 2.0358627E+000, 2.0542073E+000, 2.0838728E+000, 1.7928262E+000, 1.9381564E+000, 1.4881441E+000,-1.0918272E+000,-1.8179848E+000,-1.7978890E+000,-2.0092415E+000,-1.9049560E+000,-1.3202826E+000,-7.0316832E-001,-1.6833883E+000, 4.2508888E-001, 4.0663746E+000, 4.4462861E+000, 4.5360799E+000, 4.3267671E+000, 4.8952056E+000, 3.9322754E+000, 4.7285266E+000, 3.7654840E+004, 1.8172607E+000, 1.2578016E+001, 2.3330168E+001
 2.6600784E+002, 1.9998534E+001, 2.0001098E+001, 2.0003320E+001, 2.0014178E+001, 2.0030924E+001, 2.0077742E+001, 2.0140588E+001, 1.8694549E+002, 1.8401509E+002, 1.8819810E+002, 1.8836133E+002, 2.2521512E+002, 2.8211247E+002, 3.2956561E+002, 3.3612280E+002, 3.1551035E+002, 3.3257253E+002, 2.7738030E+002, 2.7559152E+002, 2.8270213E+002, 2.2371597E+002, 2.4472837E+002, 2.7780923E+002, 2.3077144E+000, 2.0358640E+000, 2.1833234E+000, 2.1358881E+000, 2.1544092E+000, 1.9085907E+000, 1.8093278E+000,-1.2058494E+000,-1.2149263E+000,-1.6272799E+000,-1.8634201E+000,-1.5003625E+000,-1.0462834E+000,-1.2201544E+000,-9.7785432E-001, 1.0591976E+000, 3.3917822E+000, 5.0738539E+000, 5.8942988E+000, 6.2754012E+000, 5.4954553E+000, 5.3992559E+000, 4.7818150E+000, 4.2328657E+004, 1.8744544E+000, 1.2764214E+001, 2.0615550E+001
 2.6700506E+002, 1.9999952E+001, 1.9999477E+001, 2.0005070E+001, 2.0014925E+001, 2.0031756E+001, 2.0062222E+001, 2.0155049E+001, 1.8459793E+002, 1.9106000E+002, 1.8848483E+002, 1.9699521E+002, 2.3521850E+002, 2.6858142E+002, 3.5830662E+002, 3.0777970E+002, 3.5751892E+002, 3.5051938E+002, 3.1301530E+002, 2.7309225E+002, 2.6516477E+002, 2.8680119E+002, 2.2357411E+002, 2.4399974E+002, 2.2298239E+000, 2.2413508E+000, 2.0006110E+000, 2.0938992E+000, 2.1067541E+000, 1.9600707E+000, 1.5195311E+000,-6.9266929E-001,-1.0932154E+000,-2.0591352E+000,-1.7745964E+000,-1.5652599E+000,-1.1577877E+000,-1.5144123E+000,-5.0527952E-001,-9.6295953E-001, 4.4682183E+000, 5.9032410E+000, 5.6024849E+000, 5.0495195E+000, 5.6503432E+000, 4.6801739E+000, 3.9092288E+000, 3.7300623E+004, 1.8111474E+000, 1.3019418E+001, 2.0406677E+001
 2.6800686E+002, 1.9998149E+001, 1.9998544E+001, 2.0003545E+001, 2.0016049E+001, 2.0034632E+001, 2.0069102E+001, 2.0135900E+001, 1.6692751E+002, 2.1463620E+002, 1.9240285E+002, 2.1042910E+002, 2.3162717E+002, 2.9855128E+002, 3.2366081E+002, 2.3524101E+002, 2.8845760E+002, 3.4734604E+002, 2.7045331E+002, 2.9305215E+002, 2.7752929E+002, 2.7487006E+002, 2.6237526E+002, 2.5213877E+002, 2.2396831E+000, 2.1548812E+000, 1.9250638E+000, 2.0884045E+000, 1.9224461E+000, 1.8806320E+000, 1.2652871E+000,-5.0634465E-001,-1.8205546E+000,-2.0955449E+000,-2.0507095E+000,-1.7849823E+000,-1.8581362E+000,-1.2383665E+000, 7.6369720E-001, 3.4059753E-001, 2.2732052E+000, 5.3201389E+000, 5.7168804E+000, 6.0259886E+000, 5.3768159E+000, 4.7540965E+000, 3.4088544E+000, 4.0089773E+004, 1.7710593E+000, 1.3183117E+001, 1.5862837E+001
 2.6900180E+002, 1.9999386E+001, 2.0000100E+001, 2.0001741E+001, 2.0019624E+001, 2.0034437E+001, 2.0070900E+001, 2.0142997E+001, 1.6044400E+002, 2.1482668E+002, 1.9305518E+002, 2.0805357E+002, 2.3902481E+002, 2.9169930E+002, 2.9425449E+002, 2.1760818E+002, 3.2279108E+002, 3.9373348E+002, 3.4093966E+002, 2.5751870E+002, 2.5461824E+002, 2.6215457E+002, 2.6868090E+002, 2.6091671E+002, 2.3344732E+000, 2.3087564E+000, 2.2252707E+000, 2.1167165E+000, 2.2439810E+000, 2.0521158E+000, 1.9595677E+000, 1.2784830E-001,-1.3112975E+000,-1.5280631E+000,-1.5907480E+000,-1.4871748E+000,-1.3928477E+000,-8.3359716E-001,-1.0285788E+000,-2.7915520E-001, 2.2040831E+000, 6.2464281E+000, 5.9927491E+000, 6.0299090E+000, 6.1854392E+000, 5.8799482E+000, 5.5914630E+000, 4.3090758E+004, 1.6731879E+000, 1.3158058E+001, 2.2205884E+001
 2.7000517E+002, 2.0000532E+001, 1.9997806E+001, 2.0001114E+001, 2.0018545E+001, 2.0039815E+001, 2.0067495E+001, 2.0147664E+001, 1.8013448E+002, 2.1064431E+002, 2.0837541E+002, 2.2462167E+002, 2.2142704E+002, 3.0531141E+002, 2.8031163E+002, 2.3481394E+002, 4.0996036E+002, 4.0272633E+002, 3.0877692E+002, 2.7118890E+002, 2.7127014E+002, 2.3735531E+002, 2.6279358E+002, 2.8036239E+002, 2.2125760E+000, 2.1314691E+000, 2.0426929E+000, 2.0142453E+000, 1.8437713E+000, 1.9721976E+000, 1.3902783E+000,-1.1023684E+000,-1.8262531E+000,-1.8592149E+000,-2.1994687E+000,-2.4120967E+000,-1.5844942E+000,-1.4360960E+000, 1.7585963E-001,-3.3973261E+000, 4.1934108E+000, 4.0491601E+000, 4.4419020E+000, 5.5333552E+000, 5.1134951E+000, 4.7317215E+000, 4.5595494E+000, 3.7109126E+004, 1.8922730E+000, 1.3667257E+001, 1.5996284E+001
 2.7100260E+002, 2.0000341E+001, 1.9999492E+001, 2.0001722E+001, 2.0014937E+001, 2.0042862E+001, 2.0079721E+001, 2.0139289E+001, 1.9468046E+002, 2.0560947E+002, 2.0504310E+002, 2.3953712E+002, 2.0254619E+002, 2.6635452E+002, 2.6975846E+002, 2.6251394E+002, 2.9260604E+002, 3.4749914E+002, 2.8332018E+002, 3.1866813E+002, 2.9952306E+002, 2.5578744E+002, 2.2836781E+002, 2.6066490E+002, 2.3372368E+000, 2.2915986E+000, 2.2795781E+000, 2.1349238E+000, 2.2021056E+000, 2.0120212E+000, 1.8351521E+000,-3.9740995E-001,-1.6987701E+000,-1.6574337E+000,-1.8203659E+000,-1.8390941E+000,-1.0594833E+000,-1.7697121E+000,-2.2549594E-001, 4.2669779E-001, 2.6437769E+000, 5.7724703E+000, 6.0461809E+000, 5.2485641E+000, 5.6724270E+000, 5.2227207E+000, 4.8013534E+000, 4.1147598E+004, 1.9581129E+000, 1.2968220E+001, 2.5763742E+001
 2.7200384E+002, 2.0001391E+001, 2.0000795E+001, 1.9999505E+001, 2.0014615E+001, 2.0030865E+001, 2.0078876E+001, 2.0146016E+001, 1.8945323E+002, 1.9843606E+002, 2.0352504E+002, 2.2674657E+002, 2.2793854E+002, 2.6251624E+002, 2.8792215E+002, 2.7532066E+002, 4.7273559E+002, 4.9340662E+002, 4.1401769E+002, 3.1384402E+002, 2.7895784E+002, 2.9121044E+002, 2.4285482E+002, 2.5189377E+002, 2.1845524E+000, 2.2167946E+000, 2.1435759E+000, 1.9467648E+000, 2.0871274E+000, 2.0448800E+000, 1.5825856E+000,-4.3415357E-001,-1.8080166E+000,-2.0359898E+000,-1.6710602E+000,-1.5867202E+000,-1.6265675E+000,-1.9755407E+000,-2.3895918E+000,-1.2275431E+000, 7.0786290E+000, 6.4030862E+000, 6.4610437E+000, 6.0421768E+000, 4.6199197E+000, 4.3915167E+000, 4.8589577E+000, 3.9670202E+004, 1.8699313E+000, 1.2163577E+001, 4.2936610E+001
 2.7300300E+002, 2.0000859E+001, 2.0000406E+001, 2.0001435E+001, 2.0013367E+001, 2.0035914E+001, 2.0067032E+001, 2.0171187E+001, 1.8668013E+002, 2.0605245E+002, 2.0543421E+002, 2.1228398E+002, 2.4063908E+002, 2.6725137E+002, 3.0522156E+002, 2.5090760E+002, 3.8815303E+002, 2.2903733E+002, 3.0017981E+002, 3.2763580E+002, 3.4549198E+002, 2.9177779E+002, 2.8120995E+002, 2.4364076E+002, 2.1724115E+000, 2.2413538E+000, 2.1773231E+000, 2.1411865E+000, 1.8517474E+000, 1.9590329E+000, 1.4030692E+000,-1.3870566E+000,-1.9684518E+000,-1.9843853E+000,-1.8455134E+000,-1.5595171E+000,-1.8952568E+000,-1.7762019E+000,-1.6613233E+000,-1.0697758E+000, 2.8376487E+000, 6.0546953E+000, 6.9443182E+000, 7.0435348E+000, 4.9203916E+000, 4.5273049E+000, 4.4942413E+000, 3.9668811E+004, 1.9607873E+000, 1.3458170E+001, 1.0670921E+001
 2.7400074E+002, 1.9998125E+001, 2.0001579E+001, 2.0003393E+001, 2.0012766E+001, 2.0033277E+001, 2.0078650E+001, 2.0142249E+001, 1.8227108E+002, 1.9852274E+002, 1.9985892E+002, 2.0705158E+002, 2.6772505E+002, 2.6303778E+002, 2.8656654E+002, 3.2782862E+002, 3.0769632E+002, 2.5065910E+002, 2.4301540E+002, 2.0790046E+002, 2.2568879E+002, 3.0551229E+002, 2.9761462E+002, 2.6957646E+002, 2.3872187E+000, 2.2009367E+000, 2.2169705E+000, 2.3154158E+000, 2.2036234E+000, 1.9594514E+000, 1.9840765E+000,-1.1561775E+000,-1.6105564E+000,-1.3707393E+000,-1.4058673E+000,-1.3717458E+000,-1.1870379E+000,-1.5307814E+000,-1.4816679E+000,-6.7419017E-001, 1.9232136E+000, 4.7978844E+000, 5.4930307E+000, 5.9820629E+000, 5.8373377E+000, 5.0751238E+000, 5.2262158E+000, 4.0407620E+004, 2.0318284E+000, 1.3304646E+001, 1.6469786E+001
 2.7500240E+002, 2.0001111E+001, 2.0001659E+001, 2.0002063E+001, 2.0014372E+001, 2.0031223E+001, 2.0070405E+001, 2.0166780E+001, 1.9706119E+002, 1.9314666E+002, 1.9575945E+002, 2.3002128E+002, 2.4216767E+002, 2.8386005E+002, 3.1581032E+002, 3.2355658E+002, 3.9518843E+002, 3.3867808E+002, 2.8922725E+002, 3.0941082E+002, 2.4876111E+002, 2.1967668E+002, 2.7707454E+002, 2.7771386E+002, 2.1909317E+000, 1.9857951E+000, 2.1424341E+000, 2.0183691E+000, 1.9500577E+000, 1.6466473E+000, 1.3204024E+000,-1.6014782E+000,-1.9165583E+000,-2.0396352E+000,-2.1848995E+000,-2.2063605E+000,-2.0491081E+000,-2.0561930E+000,-2.6737065E+000,-6.4247071E-001, 5.5614850E-001, 5.7062880E+000, 5.4427860E+000, 4.2475882E+000, 4.8955779E+000, 4.8360659E+000, 4.1958707E+000, 3.9678316E+004, 2.0804438E+000, 1.3279736E+001, 2.0416889E+001
 2.7600713E+002, 2.0001973E+001, 1.9998578E+001, 2.0004125E+001, 2.0019620E+001, 2.0033945E+001, 2.0067875E+001, 2.0163779E+001, 2.0513029E+002, 1.9263087E+002, 1.9417550E+002, 2.2506956E+002, 2.2800401E+002, 2.8304045E+002, 3.2581190E+002, 3.0151694E+002, 4.2222155E+002, 3.2635687E+002, 3.1027039E+002, 2.6389424E+002, 2.6640825E+002, 2.4622755E+002, 2.3296742E+002, 2.6853598E+002, 2.3183839E+000, 2.3553408E+000, 2.2046715E+000, 2.1598782E+000, 2.3012312E+000, 2.2400268E+000, 1.3249348E+000,-9.7720756E-001,-1.3737461E+000,-1.4677413E+000,-1.6060078E+000,-1.7069714E+000,-1.2377823E+000,-1.3579479E+000,-1.6828290E+000,-3.2898298E+000, 2.8980925E+000, 5.0520287E+000, 5.9517129E+000, 6.9986138E+000, 5.7470884E+000, 4.7036192E+000, 5.5125139E+000, 4.2452957E+004, 2.0728280E+000, 1.3455909E+001, 1.6949822E+001
 2.7700768E+002, 2.0001249E+001, 2.0001675E+001, 2.0003778E+001, 2.0014325E+001, 2.0040159E+001, 2.0066494E+001, 2.0141719E+001, 1.8996193E+002, 2.0107538E+002, 2.0336739E+002, 2.0447571E+002, 2.0603798E+002, 2.8920001E+002, 3.3278247E+002, 2.8937512E+002, 4.4580503E+002, 5.6688081E+002, 3.6686532E+002, 2.7324322E+002, 2.7713662E+002, 2.5436660E+002, 2.6687112E+002, 2.4784317E+002, 2.2100935E+000, 2.1866749E+000, 2.0097485E+000, 2.2055555E+000, 2.0006604E+000, 2.1249279E+000, 1.5974020E+000,-1.2039068E+000,-1.8023724E+000,-1.8209658E+000,-2.1324927E+000,-1.7308987E+000,-2.1411931E+000,-1.7434348E+000,-1.1588008E+000, 1.9519324E-001, 6.7639083E+000, 6.9350147E+000, 5.2905906E+000, 5.2209421E+000, 5.2443593E+000, 5.2080089E+000, 4.4869061E+000, 3.7445310E+004, 1.9097550E+000, 1.2644937E+001, 3.9652561E+001
 2.7800253E+002, 2.0000135E+001, 2.0002300E+001, 2.0001390E+001, 2.0018924E+001, 2.0035826E+001, 2.0077635E+001, 2.0138733E+001, 1.8330470E+002, 1.9477711E+002, 2.1086147E+002, 1.8754644E+002, 2.4330672E+002, 2.7862548E+002, 3.1723801E+002, 2.7537250E+002, 3.0402039E+002, 3.0567284E+002, 3.2159986E+002, 3.7284092E+002, 2.9484063E+002, 2.5039188E+002, 2.6179646E+002, 2.5868293E+002, 2.2631420E+000, 2.1418463E+000, 2.1045950E+000, 2.0099863E+000, 2.1680671E+000, 2.0129679E+000, 1.6513821E+000,-1.4820847E+000,-1.8274478E+000,-2.0368017E+000,-1.9373958E+000,-2.0792874E+000,-1.8303636E+000,-1.5367255E+000, 8.0905805E-001,-2.0195604E+000, 4.3419733E+000, 6.1649556E+000, 7.5872136E+000, 6.5106086E+000, 4.9933894E+000, 4.4492859E+000, 4.8895465E+000, 4.0822708E+004, 1.9674992E+000, 1.3340119E+001, 1.2898824E+001
 2.7900043E+002, 2.0001808E+001, 2.0001954E+001, 2.0003685E+001, 2.0018048E+001, 2.0038272E+001, 2.0077480E+001, 2.0158184E+001, 1.9725586E+002, 1.8919432E+002, 1.9540566E+002, 1.7415934E+002, 2.3703538E+002, 2.6850606E+002, 3.0892075E+002, 3.2953720E+002, 3.6545352E+002, 3.1699120E+002, 2.2885154E+002, 2.0649326E+002, 2.5402859E+002, 3.1121551E+002, 2.5620043E+002, 2.5751301E+002, 2.2536921E+000, 2.2747736E+000, 2.2141717E+000, 1.9512014E+000, 2.0990321E+000, 2.0246056E+000, 1.7558357E+000,-1.3149330E+000,-1.6585154E+000,-1.7739365E+000,-1.8895114E+000,-1.6360907E+000,-1.5428664E+000,-8.9518971E-001,-4.0069332E-001, 6.5662211E-001, 5.5615216E+000, 4.0788605E+000, 5.0402202E+000, 5.6534361E+000, 6.5091894E+000, 5.4050635E+000, 4.4817333E+000, 4.0468846E+004, 2.0314728E+000, 1.2465309E+001, 2.2253100E+001
 2.8000695E+002, 2.0000226E+001, 2.0000446E+001, 2.0004847E+001, 2.0016006E+001, 2.0039219E+001, 2.0075413E+001, 2.0187454E+001, 1.9699398E+002, 1.9075014E+002, 1.8953760E+002, 1.6001064E+002, 1.9651946E+002, 2.3516654E+002, 3.1660979E+002, 3.4215097E+002, 3.5542701E+002, 4.5486985E+002, 3.5160732E+002, 2.9264737E+002, 2.2855132E+002, 2.4241659E+002, 3.0645969E+002, 2.5360214E+002, 2.3181926E+000, 2.1638079E+000, 2.0685908E+000, 2.0172541E+000, 1.8953696E+000, 2.0590333E+000, 1.1891855E+000,-1.4169640E+000,-1.6119542E+000,-1.7752695E+000,-1.9762375E+000,-1.8259018E+000,-1.5694103E+000,-9.1132129E-001,-7.9712913E-001,-1.4095956E+000, 4.9276628E+000, 7.5300414E+000, 6.7374792E+000, 5.5471872E+000, 5.0263463E+000, 5.6016487E+000, 4.8737345E+000, 3.7153835E+004, 2.0825437E+000, 1.3282405E+001, 1.6311129E+001
 2.8100418E+002, 2.0000241E+001, 2.0002111E+001, 2.0003697E+001, 2.0016418E+001, 2.0036940E+001, 2.0081579E+001, 2.0158194E+001, 1.9185077E+002, 1.9414612E+002, 1.8264595E+002, 1.5254081E+002, 1.7664385E+002, 2.3640420E+002, 3.3179430E+002, 2.9791882E+002, 2.8089288E+002, 3.3118008E+002, 2.8915775E+002, 2.4840235E+002, 2.8044728E+002, 2.8211981E+002, 2.5355767E+002, 2.9114263E+002, 2.3327445E+000, 2.1457322E+000, 2.3623897E+000, 2.3203014E+000, 2.0339260E+000, 1.9095154E+000, 1.7334628E+000,-9.9873847E-001,-1.4006608E+000,-1.5764636E+000,-1.9000466E+000,-1.6902328E+000,-1.0373397E+000,-8.3911354E-001, 8.0287320E-003, 7.2767881E-001, 3.3540745E+000, 5.3526322E+000, 5.9301431E+000, 6.8840384E+000, 5.9565806E+000, 5.2715773E+000, 5.9979683E+000, 4.3049310E+004, 2.0386947E+000, 1.3307043E+001, 1.7801790E+001
 2.8200038E+002, 2.0001182E+001, 1.9999972E+001, 2.0002755E+001, 2.0019702E+001, 2.0034534E+001, 2.0074934E+001, 2.0180644E+001, 1.8696050E+002, 1.9405024E+002, 1.8821430E+002, 1.5238641E+002, 2.0875590E+002, 2.7082504E+002, 3.3171084E+002, 3.0188367E+002, 4.2457430E+002, 4.1130513E+002, 3.0780661E+002, 2.3454796E+002, 2.3378589E+002, 2.8129433E+002, 2.9348363E+002, 2.6383710E+002, 2.2394738E+000, 2.3480495E+000, 2.1240443E+000, 2.0587541E+000, 2.1784164E+000, 1.7636191E+000, 1.2675479E+000,-8.5901189E-001,-1.5049898E+000,-1.8100165E+000,-1.9536435E+000,-1.7085139E+000,-1.4708002E+000,-1.1043716E+000,-5.6171022E-001, 2.4231458E+000, 4.8300234E+000, 5.8651006E+000, 5.5734657E+000, 4.6905244E+000, 6.1846083E+000, 5.5977591E+000, 5.0018720E+000, 3.8389010E+004, 1.9596071E+000, 1.2550925E+001, 3.0901817E+001
 2.8300636E+002, 1.9999788E+001, 2.0000194E+001, 2.0004343E+001, 2.0016319E+001, 2.0042032E+001, 2.0071472E+001, 2.0545375E+001, 1.8148589E+002, 1.9666146E+002, 1.9447246E+002, 1.5417971E+002, 2.1595022E+002, 2.5502299E+002, 2.9798628E+002, 2.8429207E+002, 3.5822577E+002, 4.3597665E+002, 3.3115758E+002, 2.6580884E+002, 2.5478328E+002, 2.3929301E+002, 2.6916458E+002, 2.6828303E+002, 2.3308994E+000, 2.3146591E+000, 2.1010925E+000, 2.3796517E+000, 2.1080142E+000, 2.1100619E+000, 9.3644836E-001,-6.8684143E-001,-1.3757599E+000,-1.5183549E+000,-1.7279515E+000,-1.5821037E+000,-1.4401111E+000,-3.7558752E-001,-4.2800580E-001, 1.0663909E+000, 4.3695432E+000, 7.4514280E+000, 5.9384345E+000, 5.6103223E+000, 4.6372183E+000, 5.6593900E+000, 5.7548710E+000, 4.2005016E+004, 1.9459456E+000, 1.2763859E+001, 2.1620109E+001
 2.8400842E+002, 2.0000170E+001, 2.0001577E+001, 2.0002225E+001, 2.0015531E+001, 2.0033421E+001, 2.0078583E+001, 2.0847096E+001, 1.7677130E+002, 1.9468059E+002, 1.7655667E+002, 1.6383984E+002, 2.0505661E+002, 2.4584239E+002, 2.9870990E+002, 2.9898667E+002, 3.4476195E+002, 3.1259519E+002, 2.9649543E+002, 3.0286851E+002, 2.9131010E+002, 2.4633327E+002, 2.4537043E+002, 2.6731112E+002, 2.3012149E+000, 2.1972227E+000, 2.3176964E+000, 2.1317494E+000, 2.3076443E+000, 1.9979437E+000, 1.0779620E+000,-9.8598505E-001,-1.5270222E+000,-1.4974488E+000,-2.0354663E+000,-1.8411596E+000,-1.3686213E+000,-7.5189732E-001,-1.4960550E+000, 8.0637104E-001, 1.1293404E+000, 6.2536876E+000, 6.6603786E+000, 5.6229235E+000, 4.7855047E+000, 4.3069445E+000, 5.0215025E+000, 3.8191047E+004, 1.8596576E+000, 1.2370917E+001, 1.3265120E+001
 2.8500521E+002, 2.0000838E+001, 2.0000131E+001, 2.0002008E+001, 2.0019652E+001, 2.0035997E+001, 2.0070934E+001, 2.0440244E+001, 1.7634942E+002, 1.8873378E+002, 1.8385732E+002, 1.9304180E+002, 2.2147883E+002, 2.3548101E+002, 3.1357117E+002, 3.6164800E+002, 4.2477600E+002, 4.1108746E+002, 2.7714432E+002, 2.3155632E+002, 2.5011380E+002, 2.8028498E+002, 2.4812081E+002, 2.6038441E+002, 2.2418775E+000, 2.2190776E+000, 2.2727245E+000, 2.1033795E+000, 2.1089864E+000, 2.1780576E+000, 1.7224679E+000,-1.2407320E+000,-1.5871903E+000,-1.4658505E+000,-2.0052284E+000,-1.7775570E+000,-1.2912408E+000,-1.1730346E+000,-1.8765776E+000,-1.1735370E-001, 4.1229158E+000, 4.6617051E+000, 4.5049511E+000, 6.0655005E+000, 6.2101685E+000, 4.7426670E+000, 3.8348373E+000, 3.9819359E+004, 1.8718253E+000, 1.3026875E+001, 3.0847762E+001
 2.8600338E+002, 2.0001318E+001, 2.0000135E+001, 2.0004042E+001, 2.0016310E+001, 2.0042516E+001, 2.0075919E+001, 2.0782415E+001, 1.7480183E+002, 1.8959806E+002, 1.8851789E+002, 1.9857089E+002, 2.2385442E+002, 2.2573756E+002, 3.1754689E+002, 3.2034358E+002, 3.2469440E+002, 3.5324243E+002, 3.3773885E+002, 3.3592717E+002, 2.8055878E+002, 2.2666860E+002, 2.6476347E+002, 2.4835948E+002, 2.2603239E+000, 2.2895225E+000, 2.1834489E+000, 2.2571368E+000, 2.1374306E+000, 2.1716924E+000, 1.8723142E+000,-1.5763781E+000,-1.3424703E+000,-1.4366892E+000,-1.5465558E+000,-1.6398545E+000,-1.3343947E+000,-1.3693683E+000,-1.2269217E+000, 1.5104486E+000, 4.0874165E+000, 7.4510599E+000, 7.9330985E+000, 5.9221162E+000, 6.8120465E+000, 6.0158087E+000, 4.9407215E+000, 4.2227867E+004, 1.7777698E+000, 1.2332594E+001, 1.9589415E+001
 2.8700725E+002, 1.9999540E+001, 2.0001661E+001, 2.0002625E+001, 2.0014693E+001, 2.0036861E+001, 2.0082140E+001, 3.8502932E+001, 1.7322648E+002, 1.8704575E+002, 2.0373485E+002, 2.2181670E+002, 2.3917264E+002, 2.5909281E+002, 3.0552920E+002, 3.1565335E+002, 3.8719196E+002, 3.4246810E+002, 2.9669532E+002, 2.7893243E+002, 2.9009827E+002, 2.7460765E+002, 2.2243445E+002, 2.5500569E+002, 2.3647095E+000, 2.1826081E+000, 2.1379302E+000, 2.2714431E+000, 2.2445860E+000, 2.0215574E+000, 9.0515124E-002,-1.6514670E+000,-1.6255574E+000,-1.8088134E+000,-1.7983094E+000,-1.5723798E+000,-1.8448496E+000,-1.9755492E+000,-1.3609448E+000,-2.1697971E+000, 3.4565734E+000, 4.5961042E+000, 5.9199201E+000, 6.6809230E+000, 5.0856893E+000, 5.3717810E+000, 5.3931599E+000, 3.8052383E+004, 1.7987266E+000, 1.2815632E+001, 1.6328335E+001
 2.8800412E+002, 1.9999993E+001, 2.0001007E+001, 2.0001917E+001, 2.0019333E+001, 2.0033623E+001, 2.0081911E+001, 2.4665430E+001, 1.8453657E+002, 1.8873880E+002, 1.9963760E+002, 2.2097543E+002, 2.4028048E+002, 2.9329900E+002, 2.3856537E+002, 3.2346087E+002, 3.5164911E+002, 3.5901574E+002, 2.9594369E+002, 2.7650287E+002, 2.7632420E+002, 2.6190797E+002, 2.5143211E+002, 2.5149992E+002, 2.2686955E+000, 2.2207043E+000, 2.2708259E+000, 2.2209246E+000, 2.3160097E+000, 2.0514205E+000, 1.1573004E+000,-1.1610851E+000,-1.7937504E+000,-1.6181784E+000,-1.8871302E+000,-1.7706081E+000,-1.8797463E+000,-1.2540535E+000,-4.0995176E-001,-4.0754397E-001, 2.9604140E+000, 5.8828914E+000, 6.1948957E+000, 6.0934458E+000, 6.1493481E+000, 4.9032675E+000, 4.5750457E+000, 4.1653380E+004, 1.8594132E+000, 1.2841064E+001, 1.6095788E+001
 2.8900664E+002, 1.9999160E+001, 1.9999660E+001, 2.0004809E+001, 2.0017332E+001, 2.0038911E+001, 2.0066414E+001, 2.0777813E+001, 1.8740205E+002, 1.9073160E+002, 1.9635233E+002, 2.0942802E+002, 2.2697068E+002, 2.9579414E+002, 2.7568354E+002, 3.3217012E+002, 2.9723969E+002, 3.7396734E+002, 2.8839936E+002, 2.8257258E+002, 2.6716893E+002, 2.6311113E+002, 2.6139465E+002, 2.5910281E+002, 2.2826428E+000, 2.3190356E+000, 2.0370218E+000, 2.0778621E+000, 2.1319132E+000, 2.1241646E+000, 1.1901435E+000,-1.6857208E+000,-1.8417992E+000,-1.8565657E+000,-1.8786276E+000,-2.2445879E+000,-1.7352012E+000,-8.8715272E-001,-4.8979134E-001, 1.1993150E-001, 1.3710519E+000, 6.5148724E+000, 6.6184164E+000, 5.7200137E+000, 5.0943993E+000, 5.1700490E+000, 4.7815151E+000, 3.9282652E+004, 1.9204567E+000, 1.3300095E+001, 1.3115225E+001
 2.9000390E+002, 1.9998962E+001, 1.9999996E+001, 2.0002573E+001, 2.0015509E+001, 2.0039837E+001, 2.0075797E+001, 2.3680043E+001, 1.8337709E+002, 1.8454656E+002, 2.1970758E+002, 1.9170956E+002, 2.5458630E+002, 2.6085847E+002, 2.8539336E+002, 3.0721524E+002, 3.5323344E+002, 3.1836252E+002, 3.0806664E+002, 2.5163932E+002, 2.4134082E+002, 2.6322041E+002, 2.6282770E+002, 2.5396595E+002, 2.2690424E+000, 2.2418585E+000, 2.1579635E+000, 2.1981746E+000, 1.9579241E+000, 1.9271090E+000, 1.4287706E+000,-1.7541378E+000,-1.7522843E+000,-1.8193176E+000,-2.0083964E+000,-1.9094134E+000,-1.6237245E+000,-7.2380469E-001,-8.3585359E-002,-4.1969553E-001, 4.2979227E+000, 5.4448775E+000, 5.9959207E+000, 5.6994660E+000, 5.0436065E+000, 5.0964165E+000, 4.8622363E+000, 3.9594747E+004, 1.9253243E+000, 1.2816453E+001, 2.2198450E+001
 2.9100285E+002, 1.9998002E+001, 1.9999048E+001, 2.0001390E+001, 2.0020411E+001, 2.0035033E+001, 2.0079406E+001, 2.9063484E+001, 1.8304171E+002, 1.8813873E+002, 1.9229608E+002, 1.8784546E+002, 2.4441654E+002, 2.5091438E+002, 2.8920076E+002, 2.7780784E+002, 4.8231910E+002, 4.0634979E+002, 3.1035373E+002, 2.5520757E+002, 2.6619560E+002, 2.3441668E+002, 2.6938748E+002, 2.6222327E+002, 2.2668745E+000, 2.2729815E+000, 2.3654722E+000, 2.0591714E+000, 2.1101765E+000, 1.9094225E+000, 7.8893193E-001,-1.4335858E+000,-1.6161403E+000,-2.0988192E+000,-2.0495494E+000,-1.7385414E+000,-1.3924757E+000,-8.0648577E-001,-1.5682263E+000, 8.1563901E-002, 4.2190043E+000, 6.3155089E+000, 5.8014434E+000, 5.5798876E+000, 4.9284877E+000, 5.3127169E+000, 6.0589192E+000, 4.1069584E+004, 1.9240989E+000, 1.2850830E+001, 4.0948344E+001
 2.9200666E+002, 1.9998670E+001, 1.9998902E+001, 2.0001374E+001, 2.0014666E+001, 2.0041172E+001, 2.0073140E+001, 2.4239119E+001, 1.7958300E+002, 2.1392494E+002, 1.7642883E+002, 1.8662358E+002, 2.1690950E+002, 2.8199373E+002, 2.9301533E+002, 2.5496464E+002, 2.7856942E+002, 4.0441674E+002, 3.5507816E+002, 3.2988415E+002, 2.7068662E+002, 2.4994502E+002, 2.6337862E+002, 2.6899558E+002, 2.3216494E+000, 2.2333128E+000, 2.2096037E+000, 2.0948525E+000, 2.0233604E+000, 1.8961438E+000, 1.1664127E+000,-1.3771520E+000,-1.8298008E+000,-2.3958640E+000,-2.0675484E+000,-1.7910609E+000,-1.0356918E+000,-9.1641762E-001,-1.2337772E-001, 1.7640206E+000, 5.0062570E+000, 6.6147325E+000, 6.8512104E+000, 6.0994899E+000, 5.0882876E+000, 4.1162483E+000, 5.0559600E+000, 3.8768993E+004, 1.8865386E+000, 1.2729250E+001, 1.9185904E+001
 2.9300303E+002, 2.0000231E+001, 1.9997545E+001, 2.0001079E+001, 2.0013446E+001, 2.0033388E+001, 2.0079131E+001, 2.1362023E+001, 1.7992405E+002, 2.0851219E+002, 1.9526403E+002, 2.3144569E+002, 1.9928585E+002, 2.3746676E+002, 2.8875887E+002, 3.5569773E+002, 3.0536598E+002, 2.9814179E+002, 2.7263184E+002, 2.4141211E+002, 2.7989276E+002, 2.7343623E+002, 2.5054736E+002, 2.6234696E+002, 2.2617888E+000, 2.2898829E+000, 2.2628610E+000, 2.2730058E+000, 2.2299401E+000, 1.9565350E+000, 1.1174349E+000,-1.0906511E+000,-2.2436159E+000,-2.0499681E+000,-1.6515154E+000,-1.5474283E+000,-8.0581017E-001,-1.3100099E+000,-7.8735739E-001,-5.9614106E-003, 1.0440467E+000, 4.1685019E+000, 5.8900238E+000, 6.3149467E+000, 5.8761633E+000, 4.7830537E+000, 4.0926514E+000, 4.0291519E+004, 1.9655431E+000, 1.2895492E+001, 1.3886885E+001
 2.9400470E+002, 1.9999714E+001, 1.9998324E+001, 2.0000800E+001, 2.0014147E+001, 2.0032218E+001, 2.0071343E+001, 2.1451076E+001, 1.9579606E+002, 2.0333844E+002, 1.8962539E+002, 2.0428191E+002, 2.0015418E+002, 2.2304339E+002, 3.0644137E+002, 3.3311660E+002, 3.5864104E+002, 3.3866723E+002, 2.8291865E+002, 2.4173438E+002, 2.3459003E+002, 2.6255534E+002, 2.7009760E+002, 2.5905287E+002, 2.2719661E+000, 2.2987287E+000, 2.2146692E+000, 2.1886231E+000, 2.1414873E+000, 2.1853478E+000, 1.0141817E+000,-2.0226725E+000,-2.0369107E+000,-1.8961795E+000,-2.0120931E+000,-1.5310526E+000,-1.2314090E+000,-1.3038796E+000,-4.8781079E-001, 5.0836518E-001, 6.2481263E-001, 4.7804888E+000, 4.7205404E+000, 4.9541706E+000, 5.4572067E+000, 5.3802041E+000, 4.7503056E+000, 4.0439400E+004, 2.2361474E+000, 1.2519749E+001, 1.9076291E+001
 2.9500101E+002, 1.9999610E+001, 2.0000439E+001, 1.9999117E+001, 2.0014872E+001, 2.0033726E+001, 2.0070323E+001, 2.4169319E+001, 2.0993405E+002, 1.8976232E+002, 1.8713909E+002, 1.8441955E+002, 2.0168139E+002, 2.6615294E+002, 3.3618315E+002, 2.9574535E+002, 3.0819978E+002, 3.9277082E+002, 3.1324709E+002, 2.5925295E+002, 2.2916704E+002, 2.4731201E+002, 2.5948268E+002, 2.5982350E+002, 2.2854711E+000, 2.2382880E+000, 2.1620201E+000, 2.1624281E+000, 2.1983826E+000, 2.0441446E+000, 1.0536672E+000,-1.2935073E+000,-1.7682192E+000,-1.8326471E+000,-1.9181730E+000,-1.3949416E+000,-1.5514725E+000,-7.2186878E-001,-6.8117248E-001, 1.2126217E+000, 4.7018869E+000, 5.2374822E+000, 5.1244090E+000, 5.3550294E+000, 4.5210431E+000, 5.7402831E+000, 5.2662602E+000, 4.0255848E+004, 2.2212096E+000, 1.3151589E+001, 1.4251684E+001
 2.9600882E+002, 2.0000535E+001, 1.9999373E+001, 2.0000074E+001, 2.0013083E+001, 2.0034004E+001, 2.0071766E+001, 2.2093032E+001, 2.0334286E+002, 1.8670131E+002, 2.0420213E+002, 1.6775618E+002, 2.2212254E+002, 2.3841465E+002, 3.1499738E+002, 2.9011333E+002, 4.1739479E+002, 3.4815722E+002, 3.0098004E+002, 2.6279347E+002, 2.6725388E+002, 2.2199317E+002, 2.4724195E+002, 2.5247074E+002, 2.2521187E+000, 2.1638708E+000, 2.2294593E+000, 2.2674899E+000, 2.0494807E+000, 1.9137014E+000, 1.3633266E+000,-1.5917245E+000,-1.7499052E+000,-1.8055596E+000,-1.8507250E+000,-1.6813586E+000,-1.6391224E+000,-5.6755888E-001,-3.5331748E-001,-6.4672949E-001, 1.9376021E+000, 4.8533761E+000, 5.6725231E+000, 5.3191070E+000, 5.3563415E+000, 4.2986275E+000, 5.5057692E+000, 3.9310366E+004, 2.1436324E+000, 1.3261211E+001, 2.8124429E+001
 2.9700354E+002, 2.0000751E+001, 2.0000216E+001, 2.0002778E+001, 2.0011554E+001, 2.0031205E+001, 2.0070639E+001, 2.4464434E+001, 1.9270530E+002, 1.9343974E+002, 1.8979697E+002, 1.7767480E+002, 2.4921108E+002, 2.7770089E+002, 3.0521214E+002, 2.7636550E+002, 3.9320046E+002, 4.1096943E+002, 3.0467741E+002, 2.7776049E+002, 2.4815981E+002, 2.6727738E+002, 2.3415772E+002, 2.5161381E+002, 2.2340110E+000, 2.1145419E+000, 2.0878371E+000, 2.0643915E+000, 2.2497734E+000, 1.9331286E+000, 5.9118045E-001,-1.4942728E+000,-1.6481003E+000,-1.8901692E+000,-1.9895902E+000,-2.0453342E+000,-1.5601646E+000,-7.0692554E-001, 1.7355796E-001,-1.8302338E+000, 4.1725155E+000, 5.5987621E+000, 5.2669927E+000, 5.1425838E+000, 4.6932201E+000, 4.5568765E+000, 4.3514586E+000, 3.9778469E+004, 2.0518089E+000, 1.3142352E+001, 2.6481679E+001
 2.9800053E+002, 1.9999387E+001, 2.0000998E+001, 2.0000694E+001, 2.0012767E+001, 2.0030032E+001, 2.0067932E+001, 2.7900551E+001, 1.9127007E+002, 1.9452428E+002, 1.7790438E+002, 2.2748346E+002, 2.5379691E+002, 3.0201691E+002, 3.2141943E+002, 3.2241950E+002, 2.3816286E+002, 4.0929859E+002, 3.6752810E+002, 2.8903852E+002, 2.5743343E+002, 2.5526374E+002, 2.5644325E+002, 2.4047848E+002, 2.3947719E+000, 2.1837494E+000, 2.2067475E+000, 2.2827979E+000, 2.1890885E+000, 2.2316948E+000, 1.0584312E+000,-9.0813431E-001,-1.2416170E+000,-1.8251274E+000,-2.0099574E+000,-1.6604120E+000,-9.4489458E-001,-2.9728747E-001, 3.3932039E-001,-7.9716150E-001, 4.1188506E+000, 7.3040162E+000, 7.3753673E+000, 5.9199985E+000, 4.6449396E+000, 4.6609932E+000, 4.2606835E+000, 4.2627023E+004, 1.9830243E+000, 1.3850314E+001, 2.0872776E+001
 2.9900417E+002, 1.9999159E+001, 2.0000879E+001, 2.0002855E+001, 2.0016371E+001, 2.0031670E+001, 2.0070013E+001, 2.3154950E+001, 1.8323042E+002, 1.9133806E+002, 1.8410797E+002, 2.1859075E+002, 2.5694128E+002, 2.7566215E+002, 3.2614767E+002, 3.3413198E+002, 3.1448140E+002, 3.4225191E+002, 2.8276430E+002, 2.7998794E+002, 3.0601643E+002, 2.4736233E+002, 2.6272058E+002, 2.4737182E+002, 2.2247201E+000, 2.1745194E+000, 2.0938779E+000, 2.1377091E+000, 2.1051565E+000, 1.8922166E+000, 1.5734831E+000,-1.0321384E+000,-1.5869307E+000,-2.2789712E+000,-2.3074581E+000,-1.8375006E+000,-1.2729679E+000,-8.7051862E-001,-1.7587866E-001, 4.8559896E-001, 2.9824190E+000, 4.4794307E+000, 5.7544347E+000, 6.7370117E+000, 5.3212759E+000, 3.8243811E+000, 4.1183210E+000, 3.6819595E+004, 1.9154769E+000, 1.3075487E+001, 1.3477612E+001
 3.0000000E+002, 2.0000500E+001, 1.9998781E+001, 2.0003419E+001, 2.0014196E+001, 2.0036130E+001, 2.0070634E+001, 2.3195040E+001, 1.7829909E+002, 1.9515082E+002, 1.9427083E+002, 1.9580194E+002, 2.3662502E+002, 2.8570137E+002, 3.2776727E+002, 3.1817035E+002, 4.0937931E+002, 3.4371902E+002, 3.3759873E+002, 2.9071936E+002, 2.3567840E+002, 2.9521754E+002, 2.5725715E+002, 2.5052122E+002, 2.2660120E+000, 2.3230925E+000, 2.0701065E+000, 2.1247306E+000, 2.2514767E+000, 2.1195431E+000, 1.2471205E+000,-1.0857586E+000,-1.8305580E+000,-2.0953813E+000,-1.9739940E+000,-1.4763986E+000,-8.8440281E-001,-5.8466351E-001,-9.8568127E-002,-2.0745726E+000, 3.6241923E+000, 5.5221550E+000, 5.6554422E+000, 5.1947447E+000, 5.6132102E+000, 4.7517255E+000, 4.5572933E+000, 4.0255986E+004, 1.8413966E+000, 1.3447972E+001, 1.4235280E+001
