s,C,C,C,C,C,C,C,C,C,C,C,C,C,C,C,C,C,C,C,C,C,C,C,m/s,m/s,m/s,m/s,m/s,m/s,m/s,m/s,m/s,m/s,m/s,m/s,m/s,m/s,m/s,m/s,m/s,m/s,m/s,m/s,m/s,m/s,m/s,kW,kW/m2,kW/m2,kW/m2
Time,"T_1500","T_2000","T_2500","T_3000","T_3250","T_3500","T_3750","T_4000","T_4250","T_4500","T_4750","T_5000","T_5250","T_5500","T_5750","T_6000","T_6250","T_6500","T_6750","T_7000","T_7500","T_8000","T_8500","U_1500","U_2000","U_2500","U_3000","U_3250","U_3500","U_3750","U_4000","U_4250","U_4500","U_4750","U_5000","U_5250","U_5500","U_5750","U_6000","U_6250","U_6500","U_6750","U_7000","U_7500","U_8000","U_8500","HRR_tot","Qw_4000","Qw_5000","Qw_6000"
 0.0000000E+000, 2.0000000E+001, 2.0000000E+001, 2.0000000E+001, 2.0000000E+001, 2.0000000E+001, 2.0000000E+001, 2.0000000E+001, 2.0000000E+001, 2.0000000E+001, 2.0000000E+001, 2.0000000E+001, 2.0000000E+001, 2.0000000E+001, 2.0000000E+001, 2.0000000E+001, 2.0000000E+001, 2.0000000E+001, 2.0000000E+001, 2.0000000E+001, 2.0000000E+001, 2.0000000E+001, 2.0000000E+001, 2.0000000E+001, 5.6197912E-004, 2.9520993E-003,-8.7618291E-004, 1.1063441E-002, 2.0845985E-003,-1.4146524E-003,-6.6439703E-004,-9.9484654E-004,-7.0168638E-003,-8.3212020E-003, 7.5169748E-003,-3.5032099E-003,-6.7067145E-003,-1.9324854E-003,-6.1360356E-003,-2.4254334E-003, 3.5344018E-003, 8.2269287E-003, 1.1937058E-002, 4.3294472E-003,-1.9726841E-003, 3.6929560E-003, 3.2174182E-003, 0.0000000E+000,-1.2684651E-003,-1.2323377E-003,-1.2639695E-003
 1.0315646E+000, 1.9999993E+001, 1.9999999E+001, 1.9999978E+001, 1.9999987E+001, 1.9999978E+001, 2.0000006E+001, 1.9999964E+001, 1.9999987E+001, 1.9999945E+001, 1.9999968E+001, 1.9999973E+001, 1.9999959E+001, 1.9999951E+001, 1.9999944E+001, 1.9999990E+001, 1.9999983E+001, 1.9999977E+001, 2.0000006E+001, 1.9999964E+001, 1.9999981E+001, 1.9999988E+001, 1.9999957E+001, 1.9999962E+001, 8.4893349E-003, 3.8505816E-003,-6.8081633E-004, 1.0622771E-002, 1.8607829E-003,-1.8904948E-003,-3.4139746E-003,-5.0142561E-003,-1.3576987E-002,-1.6749056E-002,-6.5632328E-003,-3.6101917E-003, 6.7559463E-003, 6.7568994E-003, 5.6439157E-004, 1.7656780E-003, 6.0759045E-003, 8.4726248E-003, 1.1978939E-002, 4.3254384E-003,-1.9631702E-003, 3.6575610E-003, 3.1302376E-003, 1.6596110E+003,-1.3794857E-004,-1.3441017E-004,-1.3633863E-004
 2.0149156E+000, 1.9999979E+001, 2.0000008E+001, 1.9999974E+001, 1.9999983E+001, 1.9999955E+001, 2.0000038E+001, 1.9999938E+001, 2.0000007E+001, 1.9999986E+001, 2.0000392E+001, 2.0027030E+001, 2.0032010E+001, 2.0030419E+001, 2.0001095E+001, 2.0001063E+001, 2.0000239E+001, 1.9999982E+001, 2.0000034E+001, 1.9999918E+001, 1.9999963E+001, 1.9999985E+001, 1.9999897E+001, 1.9999898E+001, 1.6628134E-001, 7.8740428E-002, 4.1445782E-002, 1.0276506E-002,-5.2121643E-003,-1.4634897E-002,-2.9703314E-002,-3.4069518E-002,-4.5240119E-002,-4.9102779E-002,-3.5883306E-002,-3.3899918E-003, 3.6482775E-002, 4.0969449E-002, 3.4081842E-002, 3.1826507E-002, 3.4189372E-002, 2.7144127E-002, 2.7581979E-002, 1.7661959E-002, 3.1694811E-003, 6.1635946E-003, 3.5027403E-003, 4.6948895E+003, 8.3213221E-003, 1.2053429E+000, 2.6197450E-002
 3.0014254E+000, 1.9999954E+001, 1.9999972E+001, 2.0000070E+001, 2.0000639E+001, 2.0000902E+001, 2.0000944E+001, 2.0001814E+001, 2.0019354E+001, 2.0082316E+001, 2.0137910E+001, 2.0423353E+001, 2.0515028E+001, 2.0437556E+001, 2.0131283E+001, 2.0075205E+001, 2.0017811E+001, 2.0001823E+001, 2.0000860E+001, 2.0000831E+001, 2.0000568E+001, 2.0000028E+001, 1.9999877E+001, 1.9999874E+001, 4.2359072E-001, 3.1542903E-001, 2.5784432E-001, 1.6638355E-001, 1.3589412E-001, 1.0848773E-001, 3.9307472E-002, 1.8355657E-002,-1.2015094E-002,-4.8388552E-002,-6.7440859E-002, 6.0658084E-002, 2.1146882E-001, 2.0271346E-001, 1.6944004E-001, 1.4960164E-001, 1.4915568E-001, 1.2374305E-001, 1.1525251E-001, 1.0133512E-001, 6.7653616E-002, 6.1212206E-002, 4.3306486E-002, 8.1222890E+003, 2.6658420E-001, 5.5381646E+000, 2.1681214E-001
 4.0039843E+000, 2.0000108E+001, 2.0000000E+001, 2.0000229E+001, 2.0002351E+001, 2.0004440E+001, 2.0005768E+001, 2.0008401E+001, 2.0043649E+001, 2.0240029E+001, 2.0451439E+001, 2.1117317E+001, 4.3281751E+001, 2.9266216E+001, 2.0713897E+001, 2.0303720E+001, 2.0088914E+001, 2.0013421E+001, 2.0006275E+001, 2.0004990E+001, 2.0002937E+001, 2.0000320E+001, 1.9999972E+001, 1.9999935E+001, 8.7166487E-001, 8.6885993E-001, 8.6576014E-001, 8.6165568E-001, 8.5973443E-001, 8.5527099E-001, 8.5438202E-001, 8.4875236E-001, 8.1742963E-001, 6.8252365E-001, 3.0867066E-001, 9.8237420E-001, 1.2342746E+000, 1.7585508E+000, 1.4029497E+000, 1.3127194E+000, 1.3000721E+000, 1.2939565E+000, 1.2892629E+000, 1.2870354E+000, 1.2849104E+000, 1.2836372E+000, 1.2767116E+000, 1.1247711E+004, 1.9900469E-001, 1.1638806E+001, 2.5856358E-001
 5.0010237E+000, 2.0000032E+001, 2.0000073E+001, 2.0000346E+001, 2.0002876E+001, 2.0005953E+001, 2.0009527E+001, 2.0014255E+001, 2.0050716E+001, 2.0307186E+001, 2.0714034E+001, 6.9687802E+001, 1.5588656E+002, 1.3740709E+002, 3.3057321E+002, 1.1082741E+002, 2.0442936E+001, 2.0098070E+001, 2.0024846E+001, 2.0011547E+001, 2.0006758E+001, 2.0001164E+001, 2.0000141E+001, 1.9999995E+001, 1.1102652E+000, 1.1040803E+000, 1.1027929E+000, 1.0960587E+000, 1.0910089E+000, 1.0911498E+000, 1.0835536E+000, 1.0750881E+000, 1.0380936E+000, 8.5525364E-001,-9.2861887E-001, 3.9107647E-001,-1.1247876E+000, 7.4070192E+000, 4.5933471E+000, 1.9484992E+000, 1.7071586E+000, 1.6680429E+000, 1.6580895E+000, 1.6545379E+000, 1.6487497E+000, 1.6495029E+000, 1.6432243E+000, 1.4491768E+004, 2.5635402E-001, 1.2102233E+001, 5.6494323E-001
 6.0018402E+000, 2.0000075E+001, 2.0000158E+001, 2.0000585E+001, 2.0003751E+001, 2.0008045E+001, 2.0013292E+001, 2.0020210E+001, 2.0056417E+001, 2.0309332E+001, 2.0967688E+001, 1.2605785E+002, 1.4327007E+002, 5.5426084E+002, 2.2297400E+002, 1.5884790E+002, 2.3847109E+002, 1.1176333E+002, 2.0119362E+001, 2.0028845E+001, 2.0014148E+001, 2.0003369E+001, 2.0000480E+001, 2.0000091E+001, 1.3517206E+000, 1.3390229E+000, 1.3287317E+000, 1.3178947E+000, 1.3115503E+000, 1.3116006E+000, 1.2977997E+000, 1.2874121E+000, 1.2464790E+000, 9.8491846E-001,-2.1213015E+000,-5.1223794E+000,-2.9623901E+000, 7.2833088E+000, 6.4990167E+000, 6.9813981E+000, 4.8283107E+000, 2.3312174E+000, 2.0179136E+000, 1.9966004E+000, 1.9849776E+000, 1.9823511E+000, 1.9800231E+000, 1.8830279E+004, 2.9679295E-001, 1.7391572E+001, 5.7373118E+000
 7.0013618E+000, 2.0000080E+001, 2.0000137E+001, 2.0000733E+001, 2.0004916E+001, 2.0011123E+001, 2.0020093E+001, 2.0031996E+001, 2.0068556E+001, 2.0293392E+001, 3.0477032E+001, 1.7290018E+002, 1.4852963E+002, 3.3128506E+002, 3.9269704E+002, 2.2558128E+002, 1.3037180E+002, 1.7517575E+002, 1.8169560E+002, 9.6701377E+001, 2.0047896E+001, 2.0008510E+001, 2.0001580E+001, 2.0000264E+001, 1.6305389E+000, 1.6282377E+000, 1.6299849E+000, 1.6202786E+000, 1.6239543E+000, 1.6206862E+000, 1.6137165E+000, 1.6014189E+000, 1.5310833E+000, 4.1778427E-001,-5.1323046E+000,-4.3326819E+000,-4.7577138E+000, 6.1105353E+000, 7.9100507E+000, 6.6969395E+000, 6.2279200E+000, 6.3434793E+000, 4.7738719E+000, 2.7108632E+000, 2.4303410E+000, 2.4268310E+000, 2.4285499E+000, 2.1240174E+004, 3.1130568E-001, 1.8894191E+001, 5.1679912E+000
 8.0009174E+000, 2.0000097E+001, 2.0000152E+001, 2.0000734E+001, 2.0005853E+001, 2.0013598E+001, 2.0025987E+001, 2.0043635E+001, 2.0085214E+001, 2.0292710E+001, 1.2732832E+002, 9.3635994E+001, 9.1119901E+001, 2.5170315E+002, 5.1167675E+002, 3.8277470E+002, 2.9703145E+002, 1.5817186E+002, 1.3935376E+002, 1.6340615E+002, 1.5050576E+002, 2.0025575E+001, 2.0004607E+001, 2.0000844E+001, 1.8606435E+000, 1.8498621E+000, 1.8446004E+000, 1.8287462E+000, 1.8252339E+000, 1.8206022E+000, 1.8049841E+000, 1.7825877E+000, 1.6738691E+000,-1.3933069E+000,-1.3170048E+000,-1.2109617E+000,-5.3112323E+000, 3.2350858E+000, 9.6466206E+000, 9.3660490E+000, 8.0330685E+000, 6.4993096E+000, 5.3693022E+000, 5.3503620E+000, 2.8435112E+000, 2.6318212E+000, 2.6274495E+000, 2.3035145E+004, 3.0419932E-001, 1.4038368E+001, 1.3677337E+001
 9.0022084E+000, 2.0000119E+001, 2.0000170E+001, 2.0000850E+001, 2.0006930E+001, 2.0017368E+001, 2.0036089E+001, 2.0064571E+001, 2.0117563E+001, 2.0306948E+001, 9.4254072E+001, 1.1032381E+002, 1.7780310E+002, 1.0853891E+002, 2.9464136E+002, 3.0021434E+002, 2.0445869E+002, 1.7776389E+002, 1.9522986E+002, 2.0201168E+002, 1.6286728E+002, 1.1624777E+002, 2.0020161E+001, 2.0002630E+001, 2.1177262E+000, 2.1057643E+000, 2.1021929E+000, 2.0908803E+000, 2.0853880E+000, 2.0809170E+000, 2.0653355E+000, 2.0360956E+000, 1.8894603E+000, 5.9224268E-002, 3.5444361E-001,-1.7762231E+000,-1.1815231E+000,-2.0015693E+000, 6.5367559E+000, 7.0430861E+000, 7.5965014E+000, 8.7419979E+000, 8.1050299E+000, 6.0644216E+000, 5.3935548E+000, 3.2385327E+000, 3.0599655E+000, 2.6281681E+004, 3.3411031E-001, 1.2333883E+001, 7.1795268E+000
 1.0000625E+001, 2.0000147E+001, 2.0000165E+001, 2.0000800E+001, 2.0007396E+001, 2.0020006E+001, 2.0044462E+001, 2.0082871E+001, 2.0143011E+001, 2.0307036E+001, 7.2726151E+001, 1.1504261E+002, 1.4949858E+002, 1.2182566E+002, 1.9774030E+002, 2.3111190E+002, 2.2212557E+002, 2.1354083E+002, 1.9388900E+002, 1.8631523E+002, 1.6374843E+002, 1.4194719E+002, 1.0359909E+002, 2.0095043E+001, 2.3912980E+000, 2.3992417E+000, 2.3963391E+000, 2.4022150E+000, 2.3973022E+000, 2.3938665E+000, 2.3887830E+000, 2.3562849E+000, 2.1750058E+000, 1.0863840E+000, 5.5931788E-001,-1.0877859E-001,-9.6621449E-001,-2.5438005E+000, 2.3638638E+000, 7.2688037E+000, 7.9122421E+000, 7.6747373E+000, 7.0672272E+000, 6.9994091E+000, 5.5426648E+000, 6.1022532E+000, 3.7347558E+000, 2.6476067E+004, 3.1602359E-001, 1.0906710E+001, 8.5262771E+000
 1.1002806E+001, 2.0000252E+001, 2.0000179E+001, 2.0000728E+001, 2.0007714E+001, 2.0022025E+001, 2.0052044E+001, 2.0098608E+001, 2.0160415E+001, 2.0294226E+001, 3.1298954E+001, 1.4471154E+002, 1.1201222E+002, 1.5196141E+002, 2.1550430E+002, 2.8673121E+002, 3.5972456E+002, 2.6532434E+002, 1.9874367E+002, 1.7135305E+002, 2.0217749E+002, 1.7515453E+002, 1.4362553E+002, 1.1019082E+002, 2.4979214E+000, 2.4851151E+000, 2.4831360E+000, 2.4745236E+000, 2.4724840E+000, 2.4624145E+000, 2.4482045E+000, 2.4087156E+000, 2.2602739E+000, 1.0444393E+000, 1.6737455E-001, 5.0690649E-001,-1.2563894E+000,-4.5543410E-001,-2.7622098E+000, 4.7129230E+000, 8.2688969E+000, 7.2431941E+000, 7.5057799E+000, 7.6162832E+000, 6.4507557E+000, 6.0501866E+000, 6.1197372E+000, 2.7056290E+004, 2.9139693E-001, 9.4849204E+000, 1.9923982E+001
 1.2000577E+001, 2.0000066E+001, 2.0000204E+001, 2.0000720E+001, 2.0007735E+001, 2.0022495E+001, 2.0053705E+001, 2.0103958E+001, 2.0170625E+001, 2.0303839E+001, 2.8187814E+001, 1.4351257E+002, 1.2867292E+002, 1.5833367E+002, 2.2087781E+002, 2.8209390E+002, 2.9005184E+002, 2.7057049E+002, 2.8811202E+002, 2.6348615E+002, 2.4061628E+002, 1.8280348E+002, 1.6882178E+002, 1.3741734E+002, 2.5032085E+000, 2.4953726E+000, 2.4998590E+000, 2.4939421E+000, 2.4943595E+000, 2.4917859E+000, 2.4713387E+000, 2.4423226E+000, 2.2912153E+000, 4.2392709E-001, 1.9410055E-002,-1.3041319E-001,-9.7138020E-001,-3.7884639E-001,-4.4606611E-002, 1.0047228E+000, 5.6997634E+000, 8.3462639E+000, 8.7676879E+000, 8.1688717E+000, 6.9385398E+000, 6.6947428E+000, 5.8751866E+000, 3.0434366E+004, 2.8433562E-001, 8.8320565E+000, 1.2458777E+001
 1.3000994E+001, 2.0000186E+001, 2.0000312E+001, 2.0000704E+001, 2.0007390E+001, 2.0021797E+001, 2.0052969E+001, 2.0105092E+001, 2.0182431E+001, 2.0323394E+001, 2.9503866E+001, 1.4597550E+002, 1.3788535E+002, 1.5344190E+002, 2.1972798E+002, 2.6589010E+002, 3.2734442E+002, 2.4622396E+002, 1.8595777E+002, 2.0371060E+002, 1.9788497E+002, 2.1090162E+002, 1.8938094E+002, 1.5694629E+002, 2.5046349E+000, 2.5142175E+000, 2.5132035E+000, 2.5173772E+000, 2.5166789E+000, 2.5136383E+000, 2.5120012E+000, 2.4679213E+000, 2.3325065E+000,-1.7226756E-001,-1.7930671E-002, 2.9425481E-001,-1.0198972E-001,-5.2609184E-001,-2.6354369E-001, 5.5263868E-001, 3.5549338E+000, 4.2524767E+000, 6.4941396E+000, 7.9169388E+000, 8.0131275E+000, 7.0726307E+000, 6.7279202E+000, 3.0939792E+004, 2.7167688E-001, 7.9512576E+000, 2.0015441E+001
 1.4003672E+001, 2.0000248E+001, 2.0000108E+001, 2.0000697E+001, 2.0006726E+001, 2.0019830E+001, 2.0049397E+001, 2.0101162E+001, 2.0177402E+001, 2.0316383E+001, 2.2631098E+001, 1.4684453E+002, 1.4196583E+002, 1.4978301E+002, 2.3042504E+002, 2.4910663E+002, 2.8249623E+002, 4.1368838E+002, 3.1100372E+002, 2.4728943E+002, 1.9127499E+002, 1.8441925E+002, 1.9103486E+002, 1.7856953E+002, 2.4944024E+000, 2.4996704E+000, 2.4960848E+000, 2.5049756E+000, 2.4985470E+000, 2.4990954E+000, 2.4827920E+000, 2.4624101E+000, 2.3105002E+000, 1.0314507E+000,-1.8219976E-001, 4.6977017E-001, 4.9686447E-002,-4.6946900E-001,-1.2306679E+000, 4.4856148E-001, 3.9875481E+000, 6.5601213E+000, 6.9833756E+000, 7.1065142E+000, 6.9617378E+000, 7.6341797E+000, 7.0894002E+000, 3.2812995E+004, 2.6329784E-001, 7.9160536E+000, 2.2497341E+001
 1.5003981E+001, 2.0000202E+001, 2.0000245E+001, 2.0000780E+001, 2.0006315E+001, 2.0018619E+001, 2.0046867E+001, 2.0098914E+001, 2.0176721E+001, 2.0310935E+001, 2.1383787E+001, 1.4274211E+002, 1.4228056E+002, 1.6161044E+002, 2.1290621E+002, 3.1630103E+002, 3.6805095E+002, 3.1952034E+002, 4.2837671E+002, 3.6614660E+002, 3.2318694E+002, 2.0964702E+002, 1.6477057E+002, 1.6039356E+002, 2.4998478E+000, 2.4967577E+000, 2.5037503E+000, 2.5090777E+000, 2.5144963E+000, 2.5047001E+000, 2.5073177E+000, 2.4669626E+000, 2.3532134E+000, 1.5694327E+000,-1.0613573E-001, 2.7979977E-001,-1.3175718E-001,-8.9392209E-001,-7.2556763E-002, 1.1858452E+000, 2.1928945E+000, 5.4590106E+000, 7.2184322E+000, 7.8216839E+000, 7.9064200E+000, 6.7984230E+000, 6.9222217E+000, 3.4548544E+004, 2.7179886E-001, 7.9052520E+000, 2.0494720E+001
 1.6002574E+001, 2.0000251E+001, 2.0000324E+001, 2.0000559E+001, 2.0006519E+001, 2.0019610E+001, 2.0050020E+001, 2.0104008E+001, 2.0184672E+001, 2.0321166E+001, 2.1016785E+001, 1.4068069E+002, 1.4476163E+002, 1.9058920E+002, 2.2496367E+002, 3.3360956E+002, 3.3746837E+002, 3.7534435E+002, 2.7659509E+002, 2.1945093E+002, 2.0057075E+002, 2.5921743E+002, 2.1564727E+002, 1.6757853E+002, 2.4811256E+000, 2.4629462E+000, 2.4700638E+000, 2.4630400E+000, 2.4656423E+000, 2.4660983E+000, 2.4388343E+000, 2.4137944E+000, 2.3102761E+000, 1.5881612E+000, 2.9567556E-001,-2.7233504E-001,-9.3268840E-001,-7.6907407E-001,-6.0184924E-001, 1.3158034E+000, 3.4290489E+000, 4.7014176E+000, 5.5689317E+000, 6.0666191E+000, 7.4907027E+000, 7.5205838E+000, 6.8541859E+000, 3.6304401E+004, 2.8214938E-001, 8.4666868E+000, 2.3525607E+001
 1.7003324E+001, 2.0000276E+001, 2.0000299E+001, 2.0000721E+001, 2.0006652E+001, 2.0019692E+001, 2.0050540E+001, 2.0106744E+001, 2.0191485E+001, 2.0335569E+001, 2.0635383E+001, 1.3214949E+002, 1.6159521E+002, 2.4457645E+002, 2.1888343E+002, 2.2865961E+002, 4.0419264E+002, 3.2669604E+002, 2.9288555E+002, 2.8715388E+002, 2.4908797E+002, 2.0117667E+002, 2.4241409E+002, 2.2510499E+002, 2.4481818E+000, 2.4076092E+000, 2.3957190E+000, 2.3837339E+000, 2.3778430E+000, 2.3613772E+000, 2.3394680E+000, 2.3049689E+000, 2.2257504E+000, 1.6862638E+000, 1.0170194E-001,-6.9599996E-001,-1.4496086E+000,-4.1019925E-001,-8.8136257E-001,-2.6776581E-001, 1.6255828E+000, 4.5734928E+000, 6.3396593E+000, 6.2895300E+000, 6.2179176E+000, 6.8388505E+000, 7.4246997E+000, 3.6937573E+004, 2.9538886E-001, 8.3445086E+000, 1.6603442E+001
 1.8000742E+001, 2.0000291E+001, 2.0000350E+001, 2.0000843E+001, 2.0007089E+001, 2.0021838E+001, 2.0054181E+001, 2.0109524E+001, 2.0191941E+001, 2.0340071E+001, 2.0639644E+001, 1.1595623E+002, 1.9573277E+002, 2.3175311E+002, 2.3225415E+002, 2.7851140E+002, 3.7583904E+002, 3.9619878E+002, 2.8125409E+002, 2.3138356E+002, 2.5866757E+002, 2.6448596E+002, 2.0117083E+002, 1.9024601E+002, 2.4626769E+000, 2.4214946E+000, 2.4023989E+000, 2.4029915E+000, 2.3837135E+000, 2.3711838E+000, 2.3546064E+000, 2.3333083E+000, 2.2714153E+000, 1.7833225E+000, 2.4268115E-002,-1.3268790E+000,-7.9157281E-001,-1.1189303E+000,-1.5576963E+000,-2.0937762E-001,-1.0363665E+000, 4.3555516E+000, 5.9016918E+000, 6.2704377E+000, 6.9724165E+000, 6.7522468E+000, 5.6863835E+000, 3.6506820E+004, 2.8781919E-001, 8.7674004E+000, 1.6292490E+001
 1.9000704E+001, 2.0000294E+001, 2.0000378E+001, 2.0000848E+001, 2.0007601E+001, 2.0022847E+001, 2.0058130E+001, 2.0120012E+001, 2.0211099E+001, 2.0371059E+001, 2.0671500E+001, 1.3577236E+002, 2.1109809E+002, 2.2812815E+002, 2.6510646E+002, 2.9413715E+002, 4.2825251E+002, 4.7375235E+002, 2.9743402E+002, 2.4598723E+002, 2.2399560E+002, 2.5396069E+002, 2.5773221E+002, 2.0441890E+002, 2.4724569E+000, 2.4331155E+000, 2.4115048E+000, 2.4026735E+000, 2.3964223E+000, 2.3829192E+000, 2.3748524E+000, 2.3553140E+000, 2.2653237E+000, 1.7703022E+000,-6.3457064E-001,-1.1004633E+000,-5.9200169E-001,-1.4871347E+000,-1.7526049E+000,-8.0427781E-001, 1.2665849E+000, 3.0656616E+000, 5.8902369E+000, 6.2334243E+000, 6.2218428E+000, 7.0140591E+000, 6.7766938E+000, 3.6661834E+004, 3.2211760E-001, 9.4227131E+000, 2.2185190E+001
 2.0000648E+001, 2.0000293E+001, 2.0000423E+001, 2.0000915E+001, 2.0007560E+001, 2.0022793E+001, 2.0058636E+001, 2.0122973E+001, 2.0214237E+001, 2.0365964E+001, 2.0673808E+001, 1.4021053E+002, 2.1378856E+002, 2.5017932E+002, 3.0238887E+002, 3.0728077E+002, 3.7331382E+002, 3.8734648E+002, 2.9687454E+002, 2.5975812E+002, 2.4715339E+002, 2.5754217E+002, 2.5365048E+002, 2.4114141E+002, 2.4788025E+000, 2.4405424E+000, 2.4110233E+000, 2.3967968E+000, 2.3970517E+000, 2.3920991E+000, 2.3769572E+000, 2.3552338E+000, 2.2579015E+000, 1.7667454E+000,-3.3426637E-001,-8.7057968E-001,-1.5978015E+000,-1.8078965E+000,-1.4325758E+000,-6.8769095E-001,-1.1954371E-002, 4.4586337E+000, 5.6376275E+000, 5.6024369E+000, 6.0965813E+000, 6.4412611E+000, 7.0454718E+000, 3.8856710E+004, 3.0070118E-001, 9.5555328E+000, 1.8216543E+001
 2.1000808E+001, 2.0000296E+001, 2.0000427E+001, 2.0000961E+001, 2.0007714E+001, 2.0023246E+001, 2.0059302E+001, 2.0123828E+001, 2.0220360E+001, 2.0381201E+001, 2.0706059E+001, 1.6545822E+002, 2.2529851E+002, 2.6030221E+002, 2.8224560E+002, 3.4976987E+002, 3.4645999E+002, 3.2571322E+002, 3.5711901E+002, 2.8828322E+002, 2.4318226E+002, 2.7560523E+002, 2.6113243E+002, 2.4589131E+002, 2.4765903E+000, 2.4367265E+000, 2.3988228E+000, 2.3784884E+000, 2.3756668E+000, 2.3775172E+000, 2.3647689E+000, 2.3243849E+000, 2.2307896E+000, 1.5891559E+000,-7.2784819E-001,-6.3918962E-001,-9.9476209E-001,-2.0222728E+000,-1.3579039E+000, 7.2672324E-001, 9.6992359E-001, 3.1522583E+000, 5.0898780E+000, 6.1280064E+000, 6.1619769E+000, 5.7410857E+000, 6.5581386E+000, 3.7881269E+004, 3.1051847E-001, 9.2031584E+000, 2.0087275E+001
 2.2003737E+001, 2.0000280E+001, 2.0000423E+001, 2.0001014E+001, 2.0007746E+001, 2.0023050E+001, 2.0058469E+001, 2.0119909E+001, 2.0209046E+001, 2.0367702E+001, 2.0712824E+001, 2.0332619E+002, 2.4017665E+002, 2.8465631E+002, 3.3564351E+002, 4.3193687E+002, 4.4064662E+002, 3.5945576E+002, 3.3721505E+002, 2.5089314E+002, 2.3406148E+002, 2.4996429E+002, 2.5702359E+002, 2.4593496E+002, 2.4977922E+000, 2.4701163E+000, 2.4285211E+000, 2.4083611E+000, 2.4082192E+000, 2.4098924E+000, 2.4066750E+000, 2.3666796E+000, 2.2630000E+000, 1.3860770E+000,-4.4511024E-001,-9.5833810E-001,-1.1234596E+000,-1.5602908E+000,-2.0698045E+000, 2.6039653E-001, 9.2320279E-001, 3.7450876E+000, 4.2531495E+000, 5.1270541E+000, 5.6925495E+000, 6.0644466E+000, 5.8041024E+000, 3.8361704E+004, 2.6205982E-001, 8.9590814E+000, 2.6868956E+001
 2.3001772E+001, 2.0000265E+001, 2.0000432E+001, 2.0001011E+001, 2.0007194E+001, 2.0021457E+001, 2.0056030E+001, 2.0120884E+001, 2.0217232E+001, 2.0373374E+001, 2.1028764E+001, 2.1613375E+002, 2.7931541E+002, 2.8322017E+002, 2.9665291E+002, 2.8073414E+002, 3.5997316E+002, 3.9849633E+002, 3.4104380E+002, 3.4179475E+002, 2.9172567E+002, 2.1772853E+002, 2.4375930E+002, 2.5075633E+002, 2.4855076E+000, 2.4498275E+000, 2.4038755E+000, 2.3719257E+000, 2.3651895E+000, 2.3641512E+000, 2.3557761E+000, 2.3348595E+000, 2.1714746E+000, 1.0001135E+000,-5.6900189E-001,-1.5174765E+000,-1.2001335E+000,-1.7915086E+000,-2.1171876E+000, 1.1238676E+000, 1.5219724E+000, 4.6296396E+000, 6.9280702E+000, 6.0748421E+000, 4.7556845E+000, 5.5946240E+000, 5.9655199E+000, 3.9096358E+004, 3.2925187E-001, 9.2079408E+000, 2.2405307E+001
 2.4000458E+001, 2.0000296E+001, 2.0000417E+001, 2.0001018E+001, 2.0007207E+001, 2.0021092E+001, 2.0055019E+001, 2.0120488E+001, 2.0223427E+001, 2.0391974E+001, 2.8024583E+001, 2.3090719E+002, 2.7281506E+002, 2.8334743E+002, 2.9561883E+002, 2.8465948E+002, 3.9232223E+002, 3.9826624E+002, 3.3816145E+002, 2.5281817E+002, 2.2995234E+002, 2.6784080E+002, 2.2384429E+002, 2.4222793E+002, 2.4669084E+000, 2.4181073E+000, 2.3687838E+000, 2.3265830E+000, 2.3145997E+000, 2.3037607E+000, 2.2989707E+000, 2.2685638E+000, 2.0427754E+000,-3.9690030E-001,-5.3631668E-001,-1.3682421E+000,-1.1157613E+000,-1.7377303E+000,-8.6453566E-001, 1.7703761E-001, 2.9780833E+000, 3.9271671E+000, 5.1439679E+000, 5.2960853E+000, 5.6301588E+000, 5.3161798E+000, 5.4627823E+000, 3.9865342E+004, 3.0516232E-001, 9.7708943E+000, 2.5332355E+001
 2.5001638E+001, 2.0000273E+001, 2.0000404E+001, 2.0001042E+001, 2.0007340E+001, 2.0021802E+001, 2.0057566E+001, 2.0126387E+001, 2.0231536E+001, 2.0400346E+001, 1.1203790E+002, 2.6387302E+002, 2.6669487E+002, 2.8676183E+002, 2.7677864E+002, 2.7817666E+002, 4.3030447E+002, 4.8902922E+002, 4.1657827E+002, 3.0918689E+002, 2.8434942E+002, 2.5580759E+002, 2.6643985E+002, 2.2133403E+002, 2.4660821E+000, 2.4182843E+000, 2.3670037E+000, 2.3224780E+000, 2.3042220E+000, 2.2896134E+000, 2.2773854E+000, 2.2234723E+000, 1.9206311E+000,-2.6277340E-001,-1.4733858E+000,-8.9225843E-001,-1.2849451E+000,-5.8637004E-001,-1.1999896E-001,-3.2351531E+000,-2.4465041E-002, 6.1312944E+000, 6.1870579E+000, 5.7430811E+000, 4.8841777E+000, 5.6528299E+000, 5.4157252E+000, 3.9344722E+004, 3.2379681E-001, 9.7288784E+000, 2.0023669E+001
 2.6002061E+001, 2.0000294E+001, 2.0000436E+001, 2.0001043E+001, 2.0007587E+001, 2.0022614E+001, 2.0059739E+001, 2.0131064E+001, 2.0239201E+001, 2.0413478E+001, 1.7895576E+002, 2.6209147E+002, 2.6606536E+002, 2.7423241E+002, 2.7960691E+002, 3.4846364E+002, 3.5576757E+002, 3.2177389E+002, 3.1230879E+002, 2.4707301E+002, 3.0284493E+002, 2.8641257E+002, 2.3843888E+002, 2.5431241E+002, 2.4559374E+000, 2.4066012E+000, 2.3528830E+000, 2.3035342E+000, 2.2847375E+000, 2.2694789E+000, 2.2428787E+000, 2.1746644E+000, 1.6510080E+000,-8.3221849E-001,-1.4371712E+000,-1.0390038E+000,-7.6165882E-001,-6.5490595E-001,-1.8434076E+000,-1.8150842E+000,-5.4995101E-001, 2.5645961E+000, 4.4871493E+000, 6.0341847E+000, 5.5617982E+000, 4.7234403E+000, 5.1393786E+000, 3.5508406E+004, 3.0801332E-001, 9.5310286E+000, 2.0271987E+001
 2.7002557E+001, 2.0000297E+001, 2.0000422E+001, 2.0000999E+001, 2.0007183E+001, 2.0020991E+001, 2.0055100E+001, 2.0122680E+001, 2.0229425E+001, 2.0420154E+001, 2.0786739E+002, 2.4900547E+002, 2.7469439E+002, 2.7324450E+002, 3.2516260E+002, 2.9582556E+002, 3.4376740E+002, 3.8996142E+002, 4.3875218E+002, 3.1610129E+002, 2.1534813E+002, 2.8859825E+002, 2.6848017E+002, 2.4305891E+002, 2.4819454E+000, 2.4409543E+000, 2.3979735E+000, 2.3564236E+000, 2.3407957E+000, 2.3241844E+000, 2.2945626E+000, 2.1990402E+000, 1.4868447E+000,-9.6456643E-001,-1.0999584E+000,-9.5358492E-001,-7.9261811E-001,-2.2405905E+000,-2.8849237E+000,-1.1246792E+000,-1.7772451E+000, 5.6496718E+000, 5.3489550E+000, 4.8420511E+000, 5.1257636E+000, 5.7376698E+000, 4.6697077E+000, 3.9358852E+004, 3.0380423E-001, 9.1034443E+000, 2.0084608E+001
 2.8002784E+001, 2.0000305E+001, 2.0000447E+001, 2.0001036E+001, 2.0006932E+001, 2.0019973E+001, 2.0052361E+001, 2.0118663E+001, 2.0232109E+001, 2.0772418E+001, 2.3350535E+002, 2.4473883E+002, 2.7335399E+002, 2.9068452E+002, 3.1578680E+002, 3.2300364E+002, 3.8441707E+002, 3.9801247E+002, 4.0173124E+002, 3.6526232E+002, 3.0029786E+002, 2.4700030E+002, 2.8347272E+002, 2.5657455E+002, 2.4764095E+000, 2.4337158E+000, 2.3899542E+000, 2.3472457E+000, 2.3301706E+000, 2.3112956E+000, 2.2723718E+000, 2.1317677E+000, 9.1448209E-001,-1.2182236E+000,-1.4172858E+000,-7.3568228E-001,-1.1496676E+000,-2.2412355E+000,-1.8571794E+000,-2.5079909E+000,-3.7204284E-001, 3.5947678E+000, 6.9593271E+000, 7.0704162E+000, 3.8997663E+000, 5.1686329E+000, 5.5191616E+000, 4.0664828E+004, 3.1292457E-001, 9.4652312E+000, 2.0483366E+001
 2.9001455E+001, 2.0000300E+001, 2.0000454E+001, 2.0001053E+001, 2.0007323E+001, 2.0021040E+001, 2.0054134E+001, 2.0120777E+001, 2.0235855E+001, 2.2025642E+001, 2.3969683E+002, 2.3331984E+002, 2.6595931E+002, 3.2781446E+002, 2.8770594E+002, 2.8977719E+002, 3.4959909E+002, 4.0924562E+002, 3.0616968E+002, 2.3678070E+002, 2.3977102E+002, 2.8338961E+002, 2.5426036E+002, 2.7855537E+002, 2.4566401E+000, 2.4070952E+000, 2.3583246E+000, 2.3083828E+000, 2.2840712E+000, 2.2574209E+000, 2.2080766E+000, 2.0183781E+000, 6.6753510E-001,-1.4136867E+000,-1.3404055E+000,-1.0609413E+000,-2.2057901E+000,-6.5743182E-001,-7.4350994E-001,-2.3167275E+000, 2.1854042E-001, 2.8602757E+000, 4.5120476E+000, 5.0271985E+000, 6.3970484E+000, 3.6383198E+000, 4.9432128E+000, 4.0661828E+004, 3.2177058E-001, 1.0110590E+001, 1.8418539E+001
 3.0001735E+001, 2.0000299E+001, 2.0000465E+001, 2.0001101E+001, 2.0007868E+001, 2.0022879E+001, 2.0057903E+001, 2.0122025E+001, 2.0226249E+001, 4.3754982E+001, 2.3252602E+002, 2.3341975E+002, 2.5689657E+002, 2.4456034E+002, 3.4658953E+002, 3.1710212E+002, 3.3047549E+002, 3.5611582E+002, 3.0437877E+002, 3.4217631E+002, 3.3074990E+002, 2.4508760E+002, 2.7045514E+002, 2.5901392E+002, 2.4575485E+000, 2.4085383E+000, 2.3603200E+000, 2.3100110E+000, 2.2867749E+000, 2.2595096E+000, 2.1944604E+000, 1.9369993E+000,-6.1935567E-001,-1.4704729E+000,-8.9974765E-001,-1.6824968E+000,-1.2023529E+000,-1.3306208E+000,-3.0301660E-001,-8.4757587E-001,-1.0712516E+000, 4.4736838E+000, 5.8117657E+000, 5.7061659E+000, 4.8270656E+000, 5.5282003E+000, 3.9247593E+000, 3.7741519E+004, 2.8659518E-001, 1.0266572E+001, 1.8260449E+001
 3.1004215E+001, 2.0000293E+001, 2.0000459E+001, 2.0001103E+001, 2.0007793E+001, 2.0022878E+001, 2.0058955E+001, 2.0126404E+001, 2.0232046E+001, 1.1002068E+002, 2.2710567E+002, 2.3934461E+002, 2.7955942E+002, 2.1704421E+002, 2.6725047E+002, 2.5318381E+002, 4.2249099E+002, 3.8062027E+002, 3.5949232E+002, 2.3440886E+002, 2.5615344E+002, 2.8504458E+002, 2.6430645E+002, 2.5761181E+002, 2.4644193E+000, 2.4189279E+000, 2.3732116E+000, 2.3234545E+000, 2.2990915E+000, 2.2691215E+000, 2.1990129E+000, 1.8150005E+000,-8.3602593E-001,-1.1235603E+000,-1.0901892E+000,-9.4624256E-001,-7.4227896E-001, 2.1466990E-002, 4.7890543E-001, 4.9876865E-001,-2.9682376E-001, 3.1738796E+000, 4.3389530E+000, 4.5164185E+000, 5.8802703E+000, 4.6237785E+000, 5.4432000E+000, 4.2915470E+004, 3.0807585E-001, 1.0464949E+001, 2.0064929E+001
 3.2000169E+001, 2.0000296E+001, 2.0000454E+001, 2.0001112E+001, 2.0007633E+001, 2.0022637E+001, 2.0060059E+001, 2.0133020E+001, 2.0248549E+001, 1.7192864E+002, 2.2038586E+002, 2.2226251E+002, 2.5672025E+002, 2.2905403E+002, 2.5409597E+002, 3.0252405E+002, 3.4442277E+002, 3.2298406E+002, 3.9164447E+002, 2.9385895E+002, 3.0195801E+002, 2.6949224E+002, 2.6649476E+002, 2.5374752E+002, 2.4595140E+000, 2.4115011E+000, 2.3630926E+000, 2.3099876E+000, 2.2846662E+000, 2.2493878E+000, 2.1506986E+000, 1.6093773E+000,-1.0733693E+000,-7.4338925E-001,-1.3822798E+000,-1.4892432E+000,-7.9388399E-001,-1.2009175E+000, 1.5343766E-001,-7.3169941E-002, 1.8653342E+000, 3.4525082E+000, 5.8145311E+000, 5.9944268E+000, 4.0251832E+000, 5.0796886E+000, 4.2364439E+000, 3.7726442E+004, 3.0575551E-001, 9.9953711E+000, 1.5650680E+001
 3.3003002E+001, 2.0000306E+001, 2.0000445E+001, 2.0001095E+001, 2.0007440E+001, 2.0022019E+001, 2.0058650E+001, 2.0131498E+001, 2.0306556E+001, 1.8332724E+002, 2.2620630E+002, 2.1892090E+002, 1.9553282E+002, 2.4101750E+002, 2.3876075E+002, 2.9164485E+002, 3.5815585E+002, 3.4918522E+002, 3.9771054E+002, 3.5822282E+002, 2.9486241E+002, 2.8212134E+002, 2.8057069E+002, 2.6505212E+002, 2.4640279E+000, 2.4188022E+000, 2.3711883E+000, 2.3205341E+000, 2.2969367E+000, 2.2594205E+000, 2.1363788E+000, 1.1293952E+000,-1.0540333E+000,-1.0077902E+000,-9.9313008E-001,-6.8995127E-001,-1.1615299E+000,-1.0236656E+000, 5.6113676E-001,-6.3172283E-001, 1.8031243E-002, 3.3525134E+000, 4.3998259E+000, 5.3248107E+000, 5.9723823E+000, 4.2824997E+000, 4.7547234E+000, 3.8096305E+004, 4.1805403E-001, 9.1262176E+000, 1.7137052E+001
 3.4001251E+001, 2.0000294E+001, 2.0000442E+001, 2.0001082E+001, 2.0007586E+001, 2.0022370E+001, 2.0058815E+001, 2.0129451E+001, 2.0572083E+001, 1.8994280E+002, 2.2652084E+002, 2.1495664E+002, 2.0440808E+002, 2.4623880E+002, 2.4125078E+002, 3.1908010E+002, 3.4966881E+002, 4.8480179E+002, 3.6080486E+002, 3.7275653E+002, 3.4978360E+002, 2.8729428E+002, 2.8784137E+002, 2.7811339E+002, 2.4699561E+000, 2.4282299E+000, 2.3813887E+000, 2.3341384E+000, 2.3079102E+000, 2.2584396E+000, 2.1056069E+000, 1.0133621E+000,-7.6624541E-001,-1.1130283E+000,-1.2659419E+000,-1.3147534E+000,-9.4423655E-001,-9.8103193E-001,-7.0006488E-001,-3.6009508E-001,-7.4980609E-002, 2.0451079E+000, 4.2595235E+000, 5.9797673E+000, 5.3176411E+000, 5.2873159E+000, 4.4054260E+000, 3.8580457E+004, 6.9270465E-001, 9.2688736E+000, 1.8128451E+001
 3.5003938E+001, 2.0000288E+001, 2.0000456E+001, 2.0001067E+001, 2.0007693E+001, 2.0022997E+001, 2.0060222E+001, 2.0130851E+001, 2.1494163E+001, 1.8866588E+002, 2.0675163E+002, 2.2443016E+002, 2.1896788E+002, 2.4773173E+002, 2.7373689E+002, 3.1353348E+002, 3.4020282E+002, 5.2067968E+002, 3.9212884E+002, 3.1424793E+002, 3.3863799E+002, 3.1944571E+002, 2.8538149E+002, 2.7571794E+002, 2.4721364E+000, 2.4301166E+000, 2.3841140E+000, 2.3405347E+000, 2.3125362E+000, 2.2597073E+000, 2.0636249E+000, 7.6118618E-001,-6.5734812E-001,-8.9611912E-001,-1.0953469E+000,-1.5313117E+000,-1.2689364E+000,-1.3908922E+000,-1.4879455E+000,-2.4487713E+000,-4.0967507E-001, 2.7249162E+000, 4.7768999E+000, 4.7811505E+000, 5.4560802E+000, 5.0113803E+000, 4.7691822E+000, 3.7569760E+004, 9.9163469E-001, 9.1217528E+000, 1.9062914E+001
 3.6002359E+001, 2.0000294E+001, 2.0000450E+001, 2.0001067E+001, 2.0007596E+001, 2.0022741E+001, 2.0060511E+001, 2.0133548E+001, 2.9441681E+001, 2.1041666E+002, 1.9709186E+002, 2.0663175E+002, 2.3787259E+002, 2.4464598E+002, 2.9878892E+002, 3.2614555E+002, 3.8375225E+002, 4.8839876E+002, 3.7213074E+002, 3.7280710E+002, 3.2160778E+002, 2.9090111E+002, 3.0284553E+002, 2.7481804E+002, 2.4717034E+000, 2.4283296E+000, 2.3839028E+000, 2.3373825E+000, 2.3067787E+000, 2.2406956E+000, 1.9858740E+000,-3.5190986E-001,-8.5838834E-001,-9.0196415E-001,-1.7299278E+000,-1.4948331E+000,-1.5434982E+000,-2.0663339E+000,-2.1664893E+000,-1.8794371E+000,-2.0210619E+000, 2.6034829E+000, 5.7706601E+000, 5.0271629E+000, 5.4884771E+000, 4.9552502E+000, 4.6700990E+000, 3.9647413E+004, 1.3296303E+000, 8.7615071E+000, 1.8789356E+001
 3.7002297E+001, 2.0000303E+001, 2.0000437E+001, 2.0001073E+001, 2.0007323E+001, 2.0021431E+001, 2.0056044E+001, 2.0125984E+001, 5.2421549E+001, 1.9747661E+002, 2.1575571E+002, 2.2233658E+002, 2.3473702E+002, 2.3020098E+002, 3.0194223E+002, 3.5489707E+002, 4.8872530E+002, 3.7335755E+002, 2.8922366E+002, 2.3370887E+002, 3.0602009E+002, 2.8152606E+002, 2.8203067E+002, 2.8604846E+002, 2.4657306E+000, 2.4215903E+000, 2.3771296E+000, 2.3272854E+000, 2.2923169E+000, 2.2170193E+000, 1.8797049E+000,-3.4504456E-001,-7.2242817E-001,-1.4099379E+000,-1.6998971E+000,-1.5436046E+000,-1.8234213E+000,-2.6390949E+000,-1.5212989E+000,-7.1129360E-001, 7.3093416E-001, 1.7630102E+000, 3.7482467E+000, 5.3167656E+000, 4.9576353E+000, 5.1388262E+000, 5.1451788E+000, 4.1040574E+004, 1.4673814E+000, 8.9214136E+000, 2.8600832E+001
 3.8000121E+001, 2.0000289E+001, 2.0000453E+001, 2.0001079E+001, 2.0007280E+001, 2.0021058E+001, 2.0055257E+001, 2.0125822E+001, 1.0316433E+002, 1.8071729E+002, 2.1981476E+002, 2.1092709E+002, 2.1993099E+002, 2.2388714E+002, 3.0111826E+002, 3.0753640E+002, 5.7995327E+002, 4.3259718E+002, 3.7597285E+002, 4.3259183E+002, 2.7574511E+002, 2.7605703E+002, 2.8225610E+002, 2.7968083E+002, 2.4645870E+000, 2.4202268E+000, 2.3753554E+000, 2.3228985E+000, 2.2865964E+000, 2.1935415E+000, 1.7340027E+000,-2.8723844E-001,-6.9778493E-001,-1.5758793E+000,-1.5742673E+000,-1.6946633E+000,-2.3140150E+000,-2.2354562E+000,-2.0408533E+000,-1.5870728E+000,-5.5733111E-001, 2.6183802E+000, 5.1793747E+000, 5.4343078E+000, 4.6094695E+000, 4.4659824E+000, 5.1006028E+000, 3.9971446E+004, 1.6484402E+000, 9.3675836E+000, 3.4212620E+001
 3.9002517E+001, 2.0000294E+001, 2.0000463E+001, 2.0001078E+001, 2.0007545E+001, 2.0021529E+001, 2.0054911E+001, 2.0124598E+001, 1.5416856E+002, 1.9551151E+002, 2.0481116E+002, 1.9843158E+002, 2.0602346E+002, 2.6805860E+002, 2.7423369E+002, 3.3812999E+002, 4.4195101E+002, 5.0724826E+002, 3.4100974E+002, 3.4238784E+002, 3.7024442E+002, 2.9739809E+002, 2.8536889E+002, 2.6999421E+002, 2.4814113E+000, 2.4438060E+000, 2.4034789E+000, 2.3576284E+000, 2.3166784E+000, 2.2106417E+000, 1.6209667E+000,-5.5096227E-001,-1.2432143E+000,-1.5090660E+000,-1.6052072E+000,-2.0788332E+000,-1.7108261E+000,-1.4638838E+000,-2.1467683E+000,-1.5681838E+000,-1.7472194E-002, 4.3148031E+000, 5.3577951E+000, 6.0027361E+000, 5.9134973E+000, 4.5679643E+000, 4.7766819E+000, 4.1530762E+004, 1.7218788E+000, 9.5939486E+000, 2.2033550E+001
 4.0001534E+001, 2.0000284E+001, 2.0000447E+001, 2.0001100E+001, 2.0007702E+001, 2.0022407E+001, 2.0057476E+001, 2.0131801E+001, 1.5041725E+002, 2.1375161E+002, 2.0870757E+002, 1.9791154E+002, 2.1964453E+002, 2.5397447E+002, 2.2600161E+002, 3.5774738E+002, 5.1243840E+002, 4.5657162E+002, 3.3692192E+002, 2.7861314E+002, 2.6323112E+002, 3.2204321E+002, 2.9460523E+002, 2.7772979E+002, 2.4891103E+000, 2.4540584E+000, 2.4135250E+000, 2.3669656E+000, 2.3240038E+000, 2.2031862E+000, 1.5044928E+000,-5.4778261E-001,-1.4291591E+000,-1.2937236E+000,-1.7364041E+000,-1.9067301E+000,-1.8546459E+000,-1.7069271E+000,-2.0914152E+000, 5.1338860E-001, 1.0922985E+000, 4.6949770E+000, 5.4293743E+000, 6.0009408E+000, 4.7553939E+000, 5.4797729E+000, 4.2853213E+000, 4.1194666E+004, 1.6582720E+000, 9.7770285E+000, 4.5234839E+001
 4.1003454E+001, 2.0000310E+001, 2.0000450E+001, 2.0001105E+001, 2.0007599E+001, 2.0022287E+001, 2.0057704E+001, 2.0144406E+001, 1.4543567E+002, 1.9793387E+002, 1.8196289E+002, 1.9640716E+002, 1.8704585E+002, 1.9693313E+002, 2.2389182E+002, 3.3780434E+002, 2.9075741E+002, 4.9000373E+002, 4.1371787E+002, 3.8187571E+002, 2.7820503E+002, 2.4841791E+002, 3.0230498E+002, 2.7750369E+002, 2.4693487E+000, 2.4360586E+000, 2.3907474E+000, 2.3355450E+000, 2.2863253E+000, 2.1444656E+000, 1.3095548E+000,-7.2273835E-001,-1.4114249E+000,-1.6597271E+000,-1.7106999E+000,-1.8513409E+000,-1.2808014E+000,-1.8556394E+000,-9.0051147E-001, 1.3788005E+000, 2.1671695E+000, 5.7357947E+000, 6.3437623E+000, 5.8771897E+000, 5.4995687E+000, 4.6538252E+000, 4.4109143E+000, 4.0355543E+004, 1.6915041E+000, 9.8034619E+000, 1.9625310E+001
 4.2002969E+001, 2.0000183E+001, 2.0000443E+001, 2.0001082E+001, 2.0007622E+001, 2.0022534E+001, 2.0059192E+001, 2.0282792E+001, 1.8390920E+002, 1.8648105E+002, 1.7462278E+002, 1.7133169E+002, 2.0185482E+002, 2.3825709E+002, 1.8570862E+002, 3.1940754E+002, 5.3384962E+002, 3.8822833E+002, 3.3798471E+002, 2.8866582E+002, 3.0635793E+002, 2.7817344E+002, 2.6149206E+002, 2.8625597E+002, 2.5109985E+000, 2.4226872E+000, 2.3745075E+000, 2.3138585E+000, 2.2605063E+000, 2.0734182E+000, 7.8191344E-001,-1.1116240E+000,-1.1795475E+000,-1.6077883E+000,-1.7813594E+000,-1.6096984E+000,-1.8558248E+000,-8.8103910E-001,-1.3867311E+000,-8.5009772E-001, 2.3307538E+000, 4.1559692E+000, 6.0554655E+000, 6.8660004E+000, 5.4914421E+000, 4.7160593E+000, 4.4943834E+000, 3.9707428E+004, 1.8981178E+000, 9.5930824E+000, 3.6863224E+001
 4.3000088E+001, 2.0000261E+001, 2.0000459E+001, 2.0001090E+001, 2.0007746E+001, 2.0023262E+001, 2.0062130E+001, 2.3283142E+001, 1.9034123E+002, 1.7957113E+002, 1.5847425E+002, 1.6589994E+002, 2.0324971E+002, 2.5791885E+002, 2.0508078E+002, 2.6282416E+002, 4.1101869E+002, 2.7899992E+002, 2.9652576E+002, 3.1235786E+002, 3.1187568E+002, 2.7682894E+002, 3.0185232E+002, 2.7240846E+002, 2.4851003E+000, 2.4407541E+000, 2.3996368E+000, 2.3436330E+000, 2.2816967E+000, 2.0738304E+000,-2.1116483E-001,-8.9851190E-001,-4.7799873E-001,-1.2473044E+000,-1.5558894E+000,-1.8053483E+000,-1.0026632E+000,-3.4949004E-001,-1.3572515E+000,-4.2973185E-001, 1.8434838E+000, 3.4448135E+000, 5.0949031E+000, 5.3907684E+000, 6.1775486E+000, 4.4960227E+000, 4.2417864E+000, 3.6890202E+004, 1.9231151E+000, 9.8351957E+000, 1.9183374E+001
 4.4003484E+001, 2.0000229E+001, 2.0000328E+001, 2.0001107E+001, 2.0007937E+001, 2.0023853E+001, 2.0063973E+001, 3.9710953E+001, 1.7978532E+002, 1.7394722E+002, 1.6683878E+002, 1.6289642E+002, 2.1998177E+002, 2.7305542E+002, 2.6969069E+002, 3.3313999E+002, 3.4492816E+002, 3.8124487E+002, 3.6583540E+002, 3.1157665E+002, 2.7740651E+002, 2.8079065E+002, 2.7135340E+002, 2.9813549E+002, 2.4881238E+000, 2.4935502E+000, 2.4036728E+000, 2.3433165E+000, 2.2821245E+000, 2.0307633E+000,-3.6148229E-001,-4.6407784E-001,-2.5013429E-001,-1.4653989E+000,-1.7551576E+000,-1.7153071E+000,-1.2570443E+000,-1.1238570E+000,-1.5898218E+000,-4.8013969E-001, 6.7652827E-001, 1.6388089E+000, 4.9404852E+000, 6.0961873E+000, 5.7618750E+000, 5.6008112E+000, 5.2843287E+000, 4.1265892E+004, 1.8498499E+000, 9.3693113E+000, 1.8887239E+001
 4.5001818E+001, 2.0000296E+001, 2.0000369E+001, 2.0001103E+001, 2.0007822E+001, 2.0022976E+001, 2.0061486E+001, 5.6722168E+001, 1.7278149E+002, 1.7437762E+002, 1.8439517E+002, 1.8511155E+002, 2.5257918E+002, 2.5415704E+002, 2.7635936E+002, 3.0928183E+002, 3.3996147E+002, 5.0829858E+002, 3.7832417E+002, 3.0995143E+002, 3.5146333E+002, 2.5794671E+002, 2.6395164E+002, 2.7179581E+002, 2.4810301E+000, 2.4565455E+000, 2.3860403E+000, 2.3240987E+000, 2.2560962E+000, 1.9608300E+000,-3.3401503E-001,-3.0803755E-001,-7.4405075E-001,-1.8472427E+000,-2.0691038E+000,-1.5469944E+000,-1.3511516E+000,-1.2429406E+000,-2.0046167E+000,-5.2599459E-001, 1.0847388E+000, 2.5598662E+000, 4.5165257E+000, 5.9735645E+000, 5.6783525E+000, 5.4032999E+000, 5.1593970E+000, 4.3574657E+004, 1.8538029E+000, 9.7842682E+000, 2.0024004E+001
 4.6001090E+001, 2.0000277E+001, 2.0000399E+001, 2.0000963E+001, 2.0007751E+001, 2.0022976E+001, 2.0061735E+001, 6.2398005E+001, 1.7128342E+002, 1.6526945E+002, 1.9345155E+002, 1.8318725E+002, 2.3305871E+002, 2.2052447E+002, 2.6792736E+002, 3.0774853E+002, 3.9033761E+002, 4.8681690E+002, 3.9192541E+002, 3.6531148E+002, 2.9993053E+002, 2.9181208E+002, 2.6719965E+002, 2.6811092E+002, 2.4712388E+000, 2.4233489E+000, 2.3922406E+000, 2.3020181E+000, 2.2261577E+000, 1.8831227E+000,-1.9054352E-001,-2.6964491E-001,-4.2266209E-001,-2.3091893E+000,-1.9802259E+000,-1.7313132E+000,-1.7023151E+000,-1.7567978E+000,-1.1404888E+000,-1.4760734E+000, 4.4826315E-002, 2.3835092E+000, 4.9741559E+000, 4.6222509E+000, 4.9893094E+000, 5.0925280E+000, 4.7371910E+000, 3.5281089E+004, 1.7662999E+000, 9.4976560E+000, 1.6771728E+001
 4.7000730E+001, 2.0000291E+001, 2.0000439E+001, 2.0001008E+001, 2.0007555E+001, 2.0022662E+001, 2.0061772E+001, 5.0214119E+001, 1.7164275E+002, 1.9603494E+002, 1.8616235E+002, 1.8656999E+002, 2.1290807E+002, 2.0591517E+002, 2.9405455E+002, 3.2438678E+002, 3.0614515E+002, 5.1083661E+002, 4.0940109E+002, 3.3152938E+002, 3.1133931E+002, 2.9867096E+002, 2.8273884E+002, 2.6814793E+002, 2.4832823E+000, 2.4537066E+000, 2.4317643E+000, 2.3344990E+000, 2.2511978E+000, 1.8838047E+000,-1.0784389E-001,-3.9204338E-002,-1.7986366E+000,-1.9918137E+000,-1.8949129E+000,-1.7832328E+000,-1.2321575E+000,-1.9594636E+000,-1.6039193E+000,-1.4389048E+000, 2.5036274E+000, 3.1814484E+000, 4.3179428E+000, 5.5299755E+000, 5.2860812E+000, 5.4394334E+000, 4.7034882E+000, 4.1172973E+004, 1.7035226E+000, 9.5139761E+000, 2.5242429E+001
 4.8001571E+001, 2.0000420E+001, 2.0000434E+001, 2.0001014E+001, 2.0007083E+001, 2.0021354E+001, 2.0059553E+001, 1.2072258E+002, 1.6926237E+002, 1.9550774E+002, 1.7958649E+002, 1.6804758E+002, 2.1443845E+002, 1.9958124E+002, 2.7696336E+002, 3.5457940E+002, 3.1413580E+002, 3.5086165E+002, 3.3488290E+002, 3.5622549E+002, 4.0160959E+002, 3.0188586E+002, 2.8799221E+002, 2.7502798E+002, 2.4556821E+000, 2.4395287E+000, 2.3947860E+000, 2.3260724E+000, 2.2336006E+000, 1.7529128E+000,-5.1879030E-001,-5.0919776E-001,-1.8264318E+000,-1.9418243E+000,-1.6836907E+000,-1.7846431E+000,-1.5155360E+000,-1.5142548E+000,-1.8093394E+000,-1.0485782E+000, 2.3656477E-001, 4.9039521E+000, 4.7992674E+000, 5.2007991E+000, 5.4989654E+000, 5.4426192E+000, 5.3413542E+000, 4.1783531E+004, 1.6998853E+000, 9.6980390E+000, 2.1158603E+001
 4.9004305E+001, 2.0000322E+001, 2.0000458E+001, 2.0001093E+001, 2.0007475E+001, 2.0021768E+001, 2.0060544E+001, 1.4090178E+002, 1.6763897E+002, 1.8367960E+002, 1.7321228E+002, 1.7622569E+002, 1.3501402E+002, 2.2563374E+002, 2.6490605E+002, 3.0969157E+002, 3.4007067E+002, 4.4474614E+002, 3.0712596E+002, 3.4022694E+002, 2.6797224E+002, 3.5910574E+002, 2.9138773E+002, 2.7105795E+002, 2.4557752E+000, 2.4336157E+000, 2.3850558E+000, 2.3140833E+000, 2.2284314E+000, 1.6839433E+000,-3.1512898E-001,-1.3026630E+000,-1.7660722E+000,-1.6356919E+000,-1.7890067E+000,-1.9395762E+000,-1.5600978E+000,-1.9954174E+000,-1.7429760E+000,-1.6034594E+000,-3.5499952E-001, 3.9708877E+000, 4.0270366E+000, 5.4071577E+000, 4.8234189E+000, 4.4439907E+000, 4.5958116E+000, 3.8215591E+004, 1.9494691E+000, 1.0036134E+001, 1.7813338E+001
 5.0001821E+001, 2.0000311E+001, 2.0000593E+001, 2.0001107E+001, 2.0007940E+001, 2.0023259E+001, 2.0062409E+001, 1.3289005E+002, 1.8253709E+002, 1.7213274E+002, 1.6781536E+002, 1.7916481E+002, 1.7693565E+002, 2.2545472E+002, 2.3381423E+002, 3.0839885E+002, 4.3166033E+002, 4.7549114E+002, 3.4408946E+002, 2.8966580E+002, 3.1098188E+002, 2.8218541E+002, 3.1368263E+002, 2.9355545E+002, 2.4817122E+000, 2.4243040E+000, 2.4125925E+000, 2.3651947E+000, 2.2355735E+000, 1.6295267E+000,-2.7146227E-001,-1.2542620E+000,-1.1291291E+000,-1.3369657E+000,-1.9199662E+000,-1.7511752E+000,-1.2435272E+000,-1.0918181E+000,-1.5742330E+000,-1.6554506E+000,-5.2419436E-001, 2.9780829E+000, 4.5674148E+000, 5.1208219E+000, 5.6008605E+000, 4.8007165E+000, 4.4797086E+000, 4.0429521E+004, 2.0185446E+000, 9.9581773E+000, 1.8851732E+001
 5.1003357E+001, 2.0000331E+001, 2.0000553E+001, 2.0001172E+001, 2.0008565E+001, 2.0025200E+001, 2.0067124E+001, 1.3732264E+002, 1.8116825E+002, 1.6515229E+002, 1.6021114E+002, 1.6110685E+002, 1.7899028E+002, 1.8712737E+002, 2.5092606E+002, 3.6202736E+002, 3.2278011E+002, 3.5208455E+002, 3.6812894E+002, 3.2649409E+002, 2.9911157E+002, 3.1154795E+002, 2.6939824E+002, 2.9857582E+002, 2.4891060E+000, 2.4254389E+000, 2.4204567E+000, 2.3463658E+000, 2.2060164E+000, 1.5452021E+000,-3.4340745E-001,-1.4942328E+000,-5.4586812E-001,-1.0315618E+000,-1.5294160E+000,-1.8281100E+000,-1.2448193E+000,-1.1135005E+000,-2.3140112E+000,-1.4013014E+000,-9.1016274E-001, 1.9338094E+000, 5.9726435E+000, 5.0912534E+000, 4.7582707E+000, 4.5698575E+000, 4.2559407E+000, 3.5773157E+004, 1.9488230E+000, 1.0481090E+001, 1.3466735E+001
 5.2002522E+001, 2.0000522E+001, 2.0000492E+001, 2.0001301E+001, 2.0008483E+001, 2.0025070E+001, 2.0102240E+001, 1.4224464E+002, 1.7492739E+002, 1.6908650E+002, 1.5431373E+002, 1.6120883E+002, 2.1699390E+002, 2.2723443E+002, 3.0971009E+002, 2.7559656E+002, 3.0020411E+002, 3.1917228E+002, 3.1156268E+002, 3.0588774E+002, 2.8628041E+002, 2.7700868E+002, 2.9955562E+002, 2.6768547E+002, 2.4411931E+000, 2.4358215E+000, 2.3818868E+000, 2.3136557E+000, 2.2107122E+000, 1.2827437E+000,-7.6057463E-001,-1.0269509E+000,-8.7779386E-001,-1.4355881E+000,-1.9053628E+000,-1.6938780E+000,-1.2154946E+000,-2.6032264E+000,-2.0883189E+000,-1.2725777E-001, 1.6454855E+000, 2.6795337E+000, 1.9171975E+000, 4.9338154E+000, 4.8461653E+000, 4.9305238E+000, 4.3547977E+000, 4.4302932E+004, 1.8805754E+000, 9.9024119E+000, 2.4180623E+001
 5.3002500E+001, 2.0000408E+001, 2.0000504E+001, 2.0001316E+001, 2.0008513E+001, 2.0025533E+001, 2.0256309E+001, 1.5580126E+002, 1.6278331E+002, 1.6850252E+002, 1.2677510E+002, 1.6882615E+002, 1.9189586E+002, 2.5033286E+002, 3.0033177E+002, 2.6681030E+002, 3.0909660E+002, 4.6748879E+002, 4.2012979E+002, 3.4221825E+002, 2.6876021E+002, 2.5894109E+002, 2.7886494E+002, 2.8180005E+002, 2.4146269E+000, 2.4194997E+000, 2.3344069E+000, 2.3021075E+000, 2.1209661E+000, 9.5065782E-001,-1.0662002E+000,-3.3781978E-001,-1.2917453E+000,-1.2324496E+000,-1.7354569E+000,-1.5502676E+000,-1.6902075E+000,-2.7414819E+000,-1.2814164E+000,-1.5041007E+000, 1.3542401E+000, 4.0897408E+000, 4.0326609E+000, 3.0021005E+000, 4.5378662E+000, 4.6192284E+000, 4.5135494E+000, 4.0982485E+004, 1.8514794E+000, 1.0500018E+001, 2.0907632E+001
 5.4002771E+001, 2.0000332E+001, 2.0000706E+001, 2.0001225E+001, 2.0008628E+001, 2.0025823E+001, 2.0209410E+001, 1.6312123E+002, 1.6696835E+002, 1.5843330E+002, 1.4181734E+002, 1.7219709E+002, 1.9437202E+002, 2.1268129E+002, 1.9742497E+002, 2.8921051E+002, 2.8444221E+002, 3.7259680E+002, 3.4397038E+002, 3.8601665E+002, 3.4979353E+002, 2.3523400E+002, 2.6400518E+002, 2.7232843E+002, 2.4671085E+000, 2.3956736E+000, 2.3836885E+000, 2.2906897E+000, 2.1649734E+000, 1.2027520E+000,-8.3041474E-001,-5.7755290E-001,-1.1215846E+000,-1.9827231E+000,-1.3479147E+000,-1.2435868E+000,-1.5590338E+000,-1.2310558E+000,-4.8162203E-001,-2.3006944E+000, 1.3138333E+000, 3.7334288E+000, 5.7450190E+000, 6.0074991E+000, 3.9126826E+000, 4.1317778E+000, 4.0043634E+000, 4.0984446E+004, 1.8010424E+000, 1.0256310E+001, 2.0991931E+001
 5.5001479E+001, 2.0000329E+001, 2.0000698E+001, 2.0001223E+001, 2.0008590E+001, 2.0025442E+001, 2.0116676E+001, 1.6037063E+002, 1.6483447E+002, 1.4010315E+002, 1.5614648E+002, 1.7863457E+002, 1.7810872E+002, 2.0602921E+002, 2.4140830E+002, 2.8962767E+002, 2.8451354E+002, 3.6537715E+002, 3.2144729E+002, 3.2093290E+002, 3.3004284E+002, 3.2858559E+002, 2.5778210E+002, 2.7275814E+002, 2.4690792E+000, 2.3352174E+000, 2.3714221E+000, 2.2681440E+000, 2.1606740E+000, 9.9493957E-001,-4.0043235E-001,-1.0885789E+000,-3.9540909E-001,-1.7278542E+000,-1.6560216E+000,-1.0090151E+000,-1.5174891E+000,-7.6094475E-001,-1.5449545E+000, 5.0737144E-001, 4.6101533E-002, 4.0682928E+000, 5.3755234E+000, 5.8907055E+000, 5.9047076E+000, 3.5660027E+000, 3.9232397E+000, 4.1041902E+004, 1.7950790E+000, 1.0433700E+001, 1.8827983E+001
 5.6003112E+001, 2.0000324E+001, 2.0000501E+001, 2.0001394E+001, 2.0008573E+001, 2.0025445E+001, 2.0159019E+001, 1.5772363E+002, 1.6568721E+002, 1.6688836E+002, 1.6334024E+002, 1.6845221E+002, 1.7694303E+002, 2.1030657E+002, 2.7099607E+002, 2.6624863E+002, 3.4388778E+002, 4.8938615E+002, 4.4450850E+002, 3.7252265E+002, 2.5700935E+002, 2.9893530E+002, 2.9063040E+002, 2.6491281E+002, 2.4730887E+000, 2.4355158E+000, 2.3781488E+000, 2.3041466E+000, 2.1184549E+000, 1.3106704E+000,-1.1301222E-001,-8.7251654E-001,-1.5976958E+000,-1.5101529E+000,-1.3075514E+000,-1.1096955E+000,-7.3401177E-001,-2.1927358E+000,-1.7339407E+000,-1.0022982E+000,-6.2598711E-002, 4.7761620E+000, 6.1456573E+000, 5.1796554E+000, 5.6149188E+000, 5.0474485E+000, 4.4734515E+000, 4.0067218E+004, 1.6984227E+000, 1.0208268E+001, 1.7732059E+001
 5.7001457E+001, 2.0000332E+001, 2.0000517E+001, 2.0001446E+001, 2.0008380E+001, 2.0024902E+001, 2.0240443E+001, 1.5461157E+002, 1.5910346E+002, 1.3896938E+002, 1.5613030E+002, 1.6409603E+002, 1.7288324E+002, 1.9850610E+002, 2.1414684E+002, 2.1244386E+002, 3.3176086E+002, 3.8979607E+002, 3.1401893E+002, 3.1197811E+002, 3.4932634E+002, 2.8453594E+002, 2.9027093E+002, 2.8400983E+002, 2.4812217E+000, 2.4386950E+000, 2.3303871E+000, 2.3119210E+000, 2.1295867E+000, 9.6068365E-001,-6.4486259E-001,-5.7516141E-001,-1.4065569E+000,-1.3447532E+000,-1.3345875E+000,-1.0018323E+000,-7.8290289E-001,-1.8324701E+000,-1.4809398E+000,-6.9457055E-001,-5.8290158E-001, 3.7359305E+000, 6.2349962E+000, 6.9778735E+000, 5.0306578E+000, 4.9042496E+000, 4.6763046E+000, 3.9014749E+004, 1.6861848E+000, 1.0117272E+001, 1.8063585E+001
 5.8004166E+001, 2.0000315E+001, 2.0000492E+001, 2.0001265E+001, 2.0008648E+001, 2.0025588E+001, 2.1277730E+001, 1.5224131E+002, 1.5986190E+002, 1.4208344E+002, 1.4114276E+002, 1.5448896E+002, 1.7132173E+002, 2.4435613E+002, 2.0304759E+002, 1.8841502E+002, 2.5844687E+002, 4.2973608E+002, 3.6289029E+002, 3.0579259E+002, 2.7108905E+002, 3.1470442E+002, 2.8535629E+002, 2.8641816E+002, 2.4724799E+000, 2.4280473E+000, 2.3389410E+000, 2.3107366E+000, 2.0723315E+000,-2.0210767E-001,-7.2806993E-001,-8.3437197E-001,-1.5659352E+000,-1.4600015E+000,-9.1409556E-001,-7.7709085E-001,-1.6523756E+000,-5.7239303E-002,-6.2488865E-001, 7.2426523E-001,-1.1757831E+000, 3.3507548E+000, 4.4405825E+000, 5.4662026E+000, 6.1401503E+000, 4.9239795E+000, 4.9976292E+000, 4.0897399E+004, 1.6673110E+000, 1.0161137E+001, 1.8301423E+001
 5.9000925E+001, 2.0000308E+001, 2.0000503E+001, 2.0001233E+001, 2.0008836E+001, 2.0025346E+001, 2.2789222E+001, 1.5514059E+002, 1.6070391E+002, 1.4967712E+002, 1.3309978E+002, 1.4675988E+002, 1.6931164E+002, 2.6693566E+002, 2.1511100E+002, 2.6811344E+002, 3.1361647E+002, 5.7765085E+002, 4.2245518E+002, 3.1239013E+002, 3.7714401E+002, 2.8470887E+002, 2.8844568E+002, 2.8194715E+002, 2.4701608E+000, 2.4239770E+000, 2.3859089E+000, 2.2255900E+000, 2.1382781E+000,-5.5640145E-001,-5.2777895E-001,-9.9728858E-001,-1.2604915E+000,-1.3572360E+000,-6.5565381E-001,-1.2903338E+000,-1.0594106E+000,-4.0574957E-001,-1.0446529E+000,-6.4552294E-001,-6.2647798E-002, 4.0637345E+000, 4.7947554E+000, 5.6521182E+000, 5.1814622E+000, 5.3809636E+000, 5.1276291E+000, 3.9975883E+004, 1.7105479E+000, 9.5224920E+000, 2.3470784E+001
 6.0001660E+001, 2.0000297E+001, 2.0000486E+001, 2.0001233E+001, 2.0009010E+001, 2.0026328E+001, 2.3858106E+001, 1.5333475E+002, 1.5671711E+002, 1.4765320E+002, 1.3702774E+002, 1.4496021E+002, 2.0161454E+002, 2.5775540E+002, 2.3424501E+002, 2.8575947E+002, 3.8786963E+002, 3.6986775E+002, 3.2010223E+002, 3.8732847E+002, 3.1777140E+002, 3.8861531E+002, 2.8401867E+002, 2.8002949E+002, 2.4705933E+000, 2.4263163E+000, 2.3704828E+000, 2.1634106E+000, 2.0688693E+000, 1.5191124E-001,-1.0573639E+000,-8.5567525E-001,-9.5706691E-001,-1.2421100E+000,-8.0561319E-001,-1.4745787E+000,-8.5131823E-001,-1.0746116E+000,-1.5892515E+000,-1.3325133E+000, 6.0433716E-001, 4.8761832E+000, 5.7564870E+000, 5.6363145E+000, 5.4971370E+000, 5.0158369E+000, 4.9880177E+000, 3.9248992E+004, 1.6576123E+000, 9.9939728E+000, 2.0476199E+001
 6.1003445E+001, 2.0000298E+001, 2.0000478E+001, 2.0001229E+001, 2.0008606E+001, 2.0026828E+001, 2.3658113E+001, 1.5075993E+002, 1.4390664E+002, 1.4485257E+002, 1.4636264E+002, 1.4061978E+002, 2.3351829E+002, 2.5774679E+002, 2.7100536E+002, 3.1542457E+002, 3.4593901E+002, 3.9074953E+002, 3.2030351E+002, 3.0812860E+002, 3.0473155E+002, 2.9697247E+002, 3.4302744E+002, 2.8782828E+002, 2.4679613E+000, 2.4249658E+000, 2.3756173E+000, 2.3889602E+000, 1.9540897E+000,-5.5217888E-002,-8.0352679E-001,-8.9655048E-001,-1.4167977E+000,-1.3266477E+000,-1.1718029E+000,-1.2914635E+000,-1.4293828E+000,-1.7876348E+000,-1.2898052E+000,-1.9887022E+000, 5.0807508E-001, 2.6963627E+000, 5.0247579E+000, 4.8911491E+000, 4.9131469E+000, 5.3755901E+000, 5.0760108E+000, 3.8254069E+004, 1.5559844E+000, 1.0306487E+001, 1.9933582E+001
 6.2003290E+001, 2.0000298E+001, 2.0000471E+001, 2.0001204E+001, 2.0008738E+001, 2.0026555E+001, 2.8294136E+001, 1.5143662E+002, 1.3770951E+002, 1.5087304E+002, 1.4597054E+002, 1.5579096E+002, 2.0500045E+002, 2.4626898E+002, 2.4905359E+002, 3.3472537E+002, 3.0071843E+002, 3.7761705E+002, 3.1199966E+002, 2.7278379E+002, 2.6668785E+002, 2.8990578E+002, 2.8203969E+002, 3.1879273E+002, 2.4703724E+000, 2.4266666E+000, 2.3815465E+000, 2.3000945E+000, 2.1056769E+000,-3.6105727E-001,-8.2576087E-001,-1.0629115E+000,-1.7244273E+000,-1.1532551E+000,-1.3762528E+000,-1.6292917E+000,-1.6609719E+000,-1.7611707E+000,-9.3343512E-001, 1.1590223E+000,-5.2529766E-001, 3.7681323E+000, 5.6249033E+000, 5.2105029E+000, 4.2046860E+000, 4.3816526E+000, 5.1704323E+000, 3.9440414E+004, 1.4619870E+000, 9.8274119E+000, 2.4106616E+001
 6.3001210E+001, 2.0000307E+001, 2.0000464E+001, 2.0001192E+001, 2.0008774E+001, 2.0026644E+001, 3.1354990E+001, 1.5066843E+002, 1.4320604E+002, 1.3301472E+002, 1.3943411E+002, 1.7175283E+002, 1.9765584E+002, 2.8524035E+002, 2.7999512E+002, 3.7683986E+002, 4.2894128E+002, 4.0104279E+002, 3.3164404E+002, 2.2646299E+002, 2.0707557E+002, 2.5779543E+002, 2.7643041E+002, 2.7489808E+002, 2.4729102E+000, 2.4326870E+000, 2.3883045E+000, 2.2811069E+000, 2.0713190E+000,-3.9553099E-001,-7.9922608E-001,-1.1619865E+000,-1.8789776E+000,-1.4200241E+000,-1.3155116E+000,-1.4447705E+000,-1.6042154E+000,-1.8726899E+000,-1.3931492E+000,-1.7840651E+000, 1.4053613E+000, 3.7105179E+000, 3.9526314E+000, 5.2995082E+000, 5.0605830E+000, 3.8379050E+000, 4.5544767E+000, 4.0751751E+004, 1.4696263E+000, 9.5535536E+000, 2.5449629E+001
 6.4000089E+001, 2.0000300E+001, 2.0000458E+001, 2.0001173E+001, 2.0008598E+001, 2.0026665E+001, 6.5642313E+001, 1.4747222E+002, 1.4776662E+002, 1.0438122E+002, 1.3788692E+002, 1.4399692E+002, 2.0403395E+002, 2.8229316E+002, 3.1619411E+002, 2.7602915E+002, 4.6246386E+002, 4.4837225E+002, 3.8318234E+002, 3.4833873E+002, 2.7365981E+002, 2.2654995E+002, 2.6140404E+002, 2.7552127E+002, 2.4754720E+000, 2.4382112E+000, 2.3952765E+000, 2.2908179E+000, 2.0110066E+000,-2.5360087E-001,-6.4866743E-001,-1.2361197E+000,-1.3986066E+000,-1.5449708E+000,-1.6651565E+000,-1.1536581E+000,-1.4801828E+000,-2.0619935E+000,-5.8943568E-001,-1.7746183E+000, 7.7656758E-001, 2.9797163E+000, 5.2327573E+000, 4.8136003E+000, 4.7829039E+000, 4.4157572E+000, 4.0268974E+000, 4.1188227E+004, 1.5521340E+000, 9.6324986E+000, 2.0539950E+001
 6.5003752E+001, 2.0000297E+001, 2.0000470E+001, 2.0001172E+001, 2.0008456E+001, 2.0026260E+001, 6.0061591E+001, 1.4316767E+002, 1.4523185E+002, 1.2279283E+002, 1.2872471E+002, 1.3853776E+002, 2.2334333E+002, 2.6412023E+002, 2.5938535E+002, 3.1892614E+002, 4.0442962E+002, 3.8937844E+002, 3.0934350E+002, 3.1647338E+002, 2.8962325E+002, 2.6380077E+002, 2.5168706E+002, 2.5729230E+002, 2.4792339E+000, 2.4420609E+000, 2.3986812E+000, 2.2959149E+000, 2.0024449E+000,-2.1518322E-003,-7.6235826E-001,-1.0830383E+000,-1.0754882E+000,-1.5045958E+000,-1.5520114E+000,-1.1441995E+000,-1.2787126E+000,-9.1034912E-001,-1.5479016E+000,-2.6843296E-001, 1.7943009E-001, 1.2112992E+000, 4.2877060E+000, 5.0390542E+000, 4.9571862E+000, 4.7552079E+000, 3.6894328E+000, 4.0481145E+004, 1.3457391E+000, 1.0535406E+001, 1.7338484E+001
 6.6002052E+001, 2.0000296E+001, 2.0000461E+001, 2.0001182E+001, 2.0008572E+001, 2.0026729E+001, 3.4010759E+001, 1.3839215E+002, 1.3111409E+002, 1.3548286E+002, 1.0722638E+002, 1.6353422E+002, 2.2755181E+002, 2.7850715E+002, 3.1001020E+002, 3.4042323E+002, 3.6068663E+002, 3.2517443E+002, 3.7109712E+002, 2.7617637E+002, 2.6000034E+002, 2.9247064E+002, 2.5806679E+002, 2.5428209E+002, 2.4651932E+000, 2.4213347E+000, 2.3725791E+000, 2.2636797E+000, 1.8554681E+000,-1.9208990E-001,-5.4726301E-001,-8.7358135E-001,-1.5893792E+000,-2.0371782E+000,-1.1275735E+000,-1.7030945E+000,-1.4029732E+000,-1.9331283E+000,-2.8683244E+000,-1.7102509E+000, 5.5546475E-001, 7.4343683E-001, 3.9655088E+000, 4.5334637E+000, 4.5524103E+000, 3.7753627E+000, 5.0472144E+000, 3.8049752E+004, 1.2240725E+000, 1.0290855E+001, 1.8072050E+001
 6.7002202E+001, 2.0000291E+001, 2.0000459E+001, 2.0001202E+001, 2.0008586E+001, 2.0026976E+001, 6.2598385E+001, 1.3408427E+002, 1.2462205E+002, 1.4251558E+002, 1.3060798E+002, 1.5630891E+002, 1.8817177E+002, 2.6392451E+002, 3.1773047E+002, 3.3920827E+002, 3.7026816E+002, 3.3899457E+002, 3.6429192E+002, 2.9758098E+002, 2.8023327E+002, 2.7600968E+002, 2.8445231E+002, 2.5478228E+002, 2.4689214E+000, 2.4283962E+000, 2.3823283E+000, 2.2694010E+000, 1.8304440E+000,-3.8387682E-001,-4.7595801E-001,-7.3198492E-001,-1.8143729E+000,-1.7132424E+000,-1.6684372E+000,-9.6270890E-001,-1.5325727E+000,-2.7408336E+000,-1.7575770E+000,-4.1086766E-001,-9.3402713E-003, 2.1558814E+000, 3.5765017E+000, 5.1750839E+000, 4.6035873E+000, 4.6563694E+000, 3.5604206E+000, 4.1016017E+004, 1.1772785E+000, 1.0406870E+001, 1.8493697E+001
 6.8001007E+001, 2.0000279E+001, 2.0000464E+001, 2.0001195E+001, 2.0008634E+001, 2.0026952E+001, 7.6263139E+001, 1.3304593E+002, 1.4702272E+002, 1.1998619E+002, 1.3125096E+002, 1.6735993E+002, 2.1600800E+002, 2.6571919E+002, 2.6877454E+002, 3.0688876E+002, 3.6219057E+002, 3.7329201E+002, 3.9282076E+002, 3.5485818E+002, 3.2349723E+002, 2.7828753E+002, 2.7828169E+002, 2.7597416E+002, 2.4746722E+000, 2.4336928E+000, 2.3855846E+000, 2.2665077E+000, 1.8664689E+000, 9.3558689E-002,-6.4032383E-001,-1.4759198E+000,-1.6789023E+000,-1.5379885E+000,-1.4410078E+000,-1.1391520E+000,-2.0614302E+000,-2.3368570E+000,-1.0979323E+000,-1.4266875E+000,-2.5502408E-002, 3.5840765E+000, 5.8392094E+000, 5.7155053E+000, 5.2419990E+000, 4.5220387E+000, 4.3811521E+000, 3.9051469E+004, 1.5036269E+000, 1.0169745E+001, 1.9479397E+001
 6.9002343E+001, 2.0000311E+001, 2.0000462E+001, 2.0001191E+001, 2.0008804E+001, 2.0027405E+001, 6.0666952E+001, 1.3429396E+002, 1.5374575E+002, 1.1514389E+002, 1.1984471E+002, 1.8052039E+002, 2.4975764E+002, 2.8786644E+002, 2.8070585E+002, 3.3281694E+002, 4.2384345E+002, 4.0678658E+002, 3.4180379E+002, 3.2442601E+002, 2.7108464E+002, 3.1354573E+002, 2.7460435E+002, 2.7661365E+002, 2.4775478E+000, 2.4378564E+000, 2.3926472E+000, 2.2648645E+000, 1.8755607E+000, 2.4596690E-001,-8.6259570E-001,-1.4348687E+000,-1.0261164E+000,-1.0395457E+000,-1.4842408E+000,-1.9675832E+000,-2.4763036E+000,-1.9837364E+000,-2.5777177E+000,-1.4042005E+000, 8.8743287E-001, 3.7700405E+000, 5.0754036E+000, 6.2855579E+000, 5.4188668E+000, 4.8430092E+000, 4.3861195E+000, 3.8778868E+004, 1.5878188E+000, 1.0801906E+001, 2.2039227E+001
 7.0001764E+001, 2.0000304E+001, 2.0000447E+001, 2.0001211E+001, 2.0008987E+001, 2.0027961E+001, 3.2382616E+001, 1.2983858E+002, 1.3309175E+002, 1.1487366E+002, 1.0457894E+002, 2.0079185E+002, 2.5843179E+002, 2.8110724E+002, 2.8695853E+002, 3.2112427E+002, 3.9585949E+002, 4.6052518E+002, 4.7040375E+002, 3.4701247E+002, 3.2711281E+002, 2.6735743E+002, 2.9041157E+002, 2.7613832E+002, 2.4703026E+000, 2.4291626E+000, 2.3741827E+000, 2.2412309E+000, 1.8769079E+000, 2.8255022E-001,-1.1545485E+000,-1.3447683E+000,-6.5932528E-001,-1.2442352E+000,-1.8892350E+000,-2.0969273E+000,-1.9484821E+000,-1.8268281E+000,-1.9806125E+000,-1.2552954E+000, 1.4845744E+000, 4.6264852E+000, 5.6492554E+000, 5.7873184E+000, 6.2150309E+000, 5.3804988E+000, 4.7357792E+000, 4.1254944E+004, 1.5156859E+000, 1.0462727E+001, 2.3308828E+001
 7.1001867E+001, 2.0000319E+001, 2.0000486E+001, 2.0001229E+001, 2.0009192E+001, 2.0028316E+001, 3.4288699E+001, 1.3955097E+002, 1.3127714E+002, 1.2165648E+002, 1.7154871E+002, 1.5474603E+002, 2.5393691E+002, 2.6982821E+002, 2.9562570E+002, 3.1077302E+002, 3.9759440E+002, 4.1808537E+002, 3.7674109E+002, 4.0647987E+002, 3.1719399E+002, 3.1306465E+002, 2.6556662E+002, 2.8585080E+002, 2.4620011E+000, 2.4126810E+000, 2.3573556E+000, 2.2333525E+000, 1.8837890E+000,-8.7948408E-002,-1.0589244E+000,-1.0281020E+000,-1.3104619E+000,-2.0266588E+000,-2.3167722E+000,-1.2093764E+000,-1.6032683E+000,-2.2941616E+000,-1.6407167E+000,-4.1440205E-001, 4.9621458E-001, 3.8873837E+000, 6.2344250E+000, 6.5622315E+000, 5.2476536E+000, 5.2508889E+000, 5.1476609E+000, 4.2937287E+004, 1.4996598E+000, 1.0776993E+001, 2.0498853E+001
 7.2004486E+001, 2.0000290E+001, 2.0000486E+001, 2.0001254E+001, 2.0009386E+001, 2.0028428E+001, 4.0239094E+001, 1.3814552E+002, 1.3212838E+002, 1.4646567E+002, 1.5950802E+002, 2.2785091E+002, 2.0952693E+002, 2.4780873E+002, 2.6370607E+002, 2.9626721E+002, 3.4854937E+002, 3.5711219E+002, 3.6761987E+002, 3.1239507E+002, 2.7176373E+002, 3.1407575E+002, 3.0051878E+002, 2.6290983E+002, 2.4487820E+000, 2.3926604E+000, 2.3333751E+000, 2.2032329E+000, 1.8156560E+000,-3.0010103E-001,-7.3540119E-001,-1.1598476E+000,-2.1195240E+000,-2.4131812E+000,-1.8264121E+000,-1.5713097E+000,-2.0848724E+000,-2.9342632E+000,-1.8990941E+000,-2.3971442E-001, 5.9247078E-002, 2.9626450E+000, 4.6118904E+000, 4.9873794E+000, 6.2277368E+000, 5.0528396E+000, 4.5931998E+000, 3.9189698E+004, 1.6007753E+000, 1.1493465E+001, 1.8303705E+001
 7.3000929E+001, 2.0000318E+001, 2.0000510E+001, 2.0001312E+001, 2.0009393E+001, 2.0028254E+001, 6.6592815E+001, 1.3408789E+002, 1.4046154E+002, 1.4249543E+002, 1.0108486E+002, 1.9088390E+002, 2.6550399E+002, 2.7410908E+002, 2.7831408E+002, 4.0656083E+002, 3.3668818E+002, 3.5749357E+002, 3.7463436E+002, 3.2916730E+002, 3.3123504E+002, 2.8356621E+002, 2.8474870E+002, 2.8504879E+002, 2.4223907E+000, 2.3529941E+000, 2.2821860E+000, 2.1342856E+000, 1.7292821E+000,-3.4054762E-001,-7.9812570E-001,-1.6299821E+000,-2.3769830E+000,-2.3075999E+000,-1.7652706E+000,-2.0997455E+000,-2.6558534E+000,-2.0306634E+000,-6.4125870E-001,-6.2203617E-002,-8.4006450E-001, 3.2084183E+000, 5.4051029E+000, 5.6302307E+000, 4.2059580E+000, 5.4695774E+000, 4.4899303E+000, 3.7858605E+004, 1.9417423E+000, 1.1469413E+001, 1.6135156E+001
 7.4001840E+001, 2.0000325E+001, 2.0000491E+001, 2.0001334E+001, 2.0009558E+001, 2.0028668E+001, 1.0640359E+002, 1.3559466E+002, 1.5174136E+002, 1.4861176E+002, 1.1218682E+002, 1.1947697E+002, 2.2812518E+002, 2.7486732E+002, 1.9435769E+002, 2.4952120E+002, 4.7288487E+002, 4.7701579E+002, 4.7081713E+002, 2.8506509E+002, 2.7388171E+002, 3.1598556E+002, 2.8076880E+002, 2.7521150E+002, 2.4552024E+000, 2.3993930E+000, 2.3410141E+000, 2.1901899E+000, 1.7268962E+000,-1.0566601E+000,-5.2850432E-001,-1.7930314E+000,-2.3311244E+000,-1.8904144E+000,-2.0388454E+000,-1.9707617E+000,-1.7695144E+000,-5.3383814E-001,-5.6690642E-002, 6.6059880E-001, 2.7244713E+000, 5.1599904E+000, 5.1893823E+000, 6.1153453E+000, 5.4902824E+000, 4.8002778E+000, 5.3706267E+000, 4.1884383E+004, 2.0805096E+000, 1.1246233E+001, 3.7620670E+001
 7.5002759E+001, 2.0000321E+001, 2.0000520E+001, 2.0001366E+001, 2.0009845E+001, 2.0030204E+001, 1.1012310E+002, 1.5520531E+002, 1.3635556E+002, 1.3251311E+002, 1.1045643E+002, 1.8620273E+002, 2.0758573E+002, 2.3020204E+002, 2.2693539E+002, 2.7859478E+002, 3.7541144E+002, 5.3012651E+002, 5.7268754E+002, 4.7013597E+002, 3.3439432E+002, 2.7912645E+002, 3.2141694E+002, 2.6392247E+002, 2.4591570E+000, 2.4052298E+000, 2.3446071E+000, 2.1923235E+000, 1.6662260E+000,-8.8584873E-001,-1.3620361E+000,-1.8175686E+000,-2.0906547E+000,-2.3145588E+000,-1.7728788E+000,-1.7456323E+000,-4.2667561E-001, 5.3987814E-001,-1.1534510E-002,-1.6628134E-001, 4.1370080E+000, 7.6326661E+000, 8.1083711E+000, 6.7062221E+000, 4.9618668E+000, 4.9012951E+000, 4.1286800E+000, 4.1626167E+004, 1.9220081E+000, 1.1797900E+001, 2.4896267E+001
 7.6002021E+001, 2.0000336E+001, 2.0000531E+001, 2.0001318E+001, 2.0009421E+001, 2.0029884E+001, 1.2185221E+002, 1.6871278E+002, 1.3772319E+002, 1.4871896E+002, 1.0232854E+002, 1.7655704E+002, 2.5452503E+002, 2.4862401E+002, 2.4636834E+002, 3.5736240E+002, 3.8480929E+002, 3.7054234E+002, 3.7033291E+002, 3.7356468E+002, 3.6648410E+002, 3.5129884E+002, 2.8016819E+002, 3.2181686E+002, 2.4685113E+000, 2.4205749E+000, 2.3636151E+000, 2.2136226E+000, 1.5909941E+000,-4.0238039E-001,-1.4440334E+000,-1.6320059E+000,-2.1970745E+000,-2.3226123E+000,-1.9794375E+000,-1.3457914E+000,-8.8364452E-001,-1.0075161E+000,-3.1095684E-001, 3.0981983E-001, 1.6545431E+000, 4.5955863E+000, 6.8784412E+000, 7.4248552E+000, 7.1096255E+000, 3.6857184E+000, 5.1283453E+000, 4.1891026E+004, 1.7564999E+000, 1.1335934E+001, 4.0320111E+001
 7.7003620E+001, 2.0000355E+001, 2.0000525E+001, 2.0001368E+001, 2.0009489E+001, 2.0039827E+001, 1.2280763E+002, 1.5821616E+002, 1.5365046E+002, 1.4471842E+002, 1.3028141E+002, 1.5289400E+002, 2.2855034E+002, 2.5693890E+002, 2.7982629E+002, 3.7788273E+002, 4.8686919E+002, 5.1539265E+002, 3.8745261E+002, 3.8244181E+002, 3.1089554E+002, 3.0088914E+002, 3.3097905E+002, 3.0650520E+002, 2.4982128E+000, 2.4676154E+000, 2.4200892E+000, 2.2698833E+000, 1.4822741E+000,-2.6097771E-001,-4.5328555E-001,-1.8321845E+000,-2.1728420E+000,-1.9473094E+000,-1.6642730E+000,-9.9418411E-001,-6.0093064E-001,-1.0908786E+000,-1.8838364E+000,-7.3485036E-001, 2.8532997E+000, 6.2198082E+000, 6.1364515E+000, 6.8031888E+000, 6.6621555E+000, 6.9285615E+000, 3.8794615E+000, 4.1436516E+004, 2.0092470E+000, 1.1708787E+001, 3.9508709E+001
 7.8002041E+001, 2.0000328E+001, 2.0000541E+001, 2.0001378E+001, 2.0009283E+001, 2.0052834E+001, 1.2121369E+002, 1.4853327E+002, 1.3788842E+002, 1.4503106E+002, 1.5727824E+002, 1.2824900E+002, 1.7052179E+002, 2.6439744E+002, 3.3034345E+002, 3.2830142E+002, 3.0056233E+002, 6.2675007E+002, 4.5313025E+002, 3.7207032E+002, 4.0215405E+002, 3.1455906E+002, 2.7600459E+002, 2.9493558E+002, 2.4315470E+000, 2.3665154E+000, 2.3053655E+000, 2.1304642E+000, 1.2561916E+000,-9.0917217E-001,-9.4510464E-001,-2.1778246E+000,-2.2894352E+000,-2.2673536E+000,-1.7535823E+000,-1.6885873E+000,-1.6151993E+000,-1.8644834E+000,-1.5761273E+000, 1.4322700E-001, 2.0903200E+000, 7.0242205E+000, 6.6777660E+000, 6.5511502E+000, 6.2994107E+000, 5.0353472E+000, 5.3495432E+000, 4.0239259E+004, 1.9420138E+000, 1.1935615E+001, 3.0042209E+001
 7.9002275E+001, 2.0000319E+001, 2.0000594E+001, 2.0001439E+001, 2.0010028E+001, 2.0129262E+001, 1.4519366E+002, 1.4438785E+002, 1.4550680E+002, 1.4035257E+002, 1.3345601E+002, 1.1479976E+002, 1.6587211E+002, 2.7481347E+002, 2.6598548E+002, 2.5008198E+002, 4.2726482E+002, 6.9802860E+002, 5.1447827E+002, 3.3013505E+002, 3.7744811E+002, 3.4767918E+002, 3.0125902E+002, 2.7972338E+002, 2.3935966E+000, 2.3088080E+000, 2.2425699E+000, 2.0444696E+000, 9.4105086E-001,-8.5592791E-001,-1.3256688E+000,-2.1001929E+000,-2.0128776E+000,-1.8139341E+000,-1.8549079E+000,-1.6070469E+000,-1.5451115E+000,-1.9127962E+000,-8.5876085E-001,-1.8516923E+000, 6.4905144E+000, 7.5895878E+000, 6.7446770E+000, 7.0203792E+000, 5.3305825E+000, 5.5010651E+000, 3.8541065E+000, 4.2322187E+004, 1.9051026E+000, 1.2540937E+001, 4.2870333E+001
 8.0003050E+001, 2.0000340E+001, 2.0000581E+001, 2.0001470E+001, 2.0010273E+001, 2.0223285E+001, 1.5116200E+002, 1.4547053E+002, 1.4898999E+002, 1.2302106E+002, 1.2094358E+002, 1.2289373E+002, 2.4539309E+002, 2.7023355E+002, 3.1519952E+002, 3.3056303E+002, 3.6537785E+002, 4.1250701E+002, 3.8388232E+002, 3.5133117E+002, 3.3499524E+002, 3.6199743E+002, 3.1922601E+002, 2.9141533E+002, 2.4569762E+000, 2.4036277E+000, 2.3539258E+000, 2.1660144E+000, 8.9139119E-001,-5.9145119E-001,-1.2197236E+000,-1.6680473E+000,-1.9486706E+000,-1.6451410E+000,-1.5076870E+000,-1.5555856E+000,-1.6417722E+000,-1.4480395E+000,-2.5566335E+000,-9.2595508E-001, 4.0770061E+000, 7.1131659E+000, 6.7091528E+000, 6.5916275E+000, 6.9889014E+000, 5.4466583E+000, 5.5420765E+000, 3.8612939E+004, 1.7007667E+000, 1.1951129E+001, 3.6149150E+001
 8.1002821E+001, 2.0000338E+001, 2.0000547E+001, 2.0001478E+001, 2.0010159E+001, 2.0822068E+001, 1.4767027E+002, 1.4440158E+002, 1.4664046E+002, 1.1287901E+002, 1.4162436E+002, 1.9016234E+002, 2.3630505E+002, 2.4924329E+002, 3.1827260E+002, 2.5542450E+002, 3.3113680E+002, 5.2005622E+002, 5.0539463E+002, 4.1993904E+002, 3.3169444E+002, 3.2135698E+002, 3.1968611E+002, 3.1021903E+002, 2.4773880E+000, 2.4427923E+000, 2.3986659E+000, 2.1887317E+000, 1.2096976E-002,-4.6809824E-001,-9.6604073E-001,-1.5224521E+000,-1.7914373E+000,-1.7378461E+000,-1.1896531E+000,-1.6872056E+000,-1.2776059E+000,-1.1330540E+000,-1.8880487E+000, 1.1665986E+000, 5.8168612E+000, 7.2472440E+000, 7.2025381E+000, 6.4797733E+000, 5.7048948E+000, 6.5683610E+000, 5.7316092E+000, 3.8895033E+004, 1.7236335E+000, 1.2443840E+001, 3.2073711E+001
 8.2001814E+001, 2.0000423E+001, 2.0000552E+001, 2.0001418E+001, 2.0009889E+001, 2.1340299E+001, 1.4587908E+002, 1.4061339E+002, 1.4292299E+002, 1.0987585E+002, 1.2273131E+002, 2.0740542E+002, 2.1382488E+002, 2.3393026E+002, 2.8005949E+002, 2.7202202E+002, 3.3559532E+002, 4.3846365E+002, 4.2900888E+002, 4.3535048E+002, 4.2348198E+002, 3.3824431E+002, 2.9451328E+002, 3.0409523E+002, 2.4738875E+000, 2.4305661E+000, 2.3839048E+000, 2.1561712E+000, 5.7145075E-002,-3.6057105E-001,-3.2924440E-001,-1.7017717E+000,-1.5005480E+000,-1.7656888E+000,-1.3940994E+000,-8.8827443E-001,-1.6250767E+000,-2.3016956E+000,-8.3711312E-001,-4.0962482E-002, 4.0538747E+000, 6.4339560E+000, 7.3318166E+000, 7.0447197E+000, 6.3482256E+000, 4.6166985E+000, 6.0127043E+000, 4.1387629E+004, 1.6295092E+000, 1.1593143E+001, 2.7484725E+001
 8.3003986E+001, 2.0000506E+001, 2.0000546E+001, 2.0001371E+001, 2.0009825E+001, 2.1368532E+001, 1.4248162E+002, 1.4022693E+002, 1.4354033E+002, 1.1096041E+002, 1.1785839E+002, 1.4321602E+002, 2.3238695E+002, 2.3448114E+002, 2.3283403E+002, 2.7643709E+002, 4.0311588E+002, 3.2088193E+002, 3.2815445E+002, 3.3880771E+002, 3.6454397E+002, 3.4541636E+002, 3.3837027E+002, 2.8974037E+002, 2.3927920E+000, 2.3497911E+000, 2.2869487E+000, 2.0090820E+000, 6.1359759E-001,-7.9098834E-001,-1.6635801E+000,-1.7607675E+000,-1.7176422E+000,-1.5249763E+000,-1.5286394E+000,-1.3205446E+000,-1.0630248E+000,-1.8410258E+000,-6.8790789E-001,-2.4335697E+000, 4.6038221E+000, 5.8048703E+000, 6.0016368E+000, 6.2871186E+000, 6.2017056E+000, 5.3673474E+000, 3.5388709E+000, 3.8282062E+004, 1.7229515E+000, 1.1403950E+001, 2.1854506E+001
 8.4003079E+001, 2.0000426E+001, 2.0000619E+001, 2.0001445E+001, 2.0010943E+001, 2.8699295E+001, 1.3550066E+002, 1.3781172E+002, 1.4157572E+002, 1.1365963E+002, 1.2730809E+002, 1.5242636E+002, 2.2515151E+002, 2.5108776E+002, 2.2519878E+002, 3.0036687E+002, 3.4804851E+002, 4.5222670E+002, 4.1807326E+002, 2.9092143E+002, 3.2634551E+002, 3.4620181E+002, 3.1236089E+002, 3.2030735E+002, 2.3598320E+000, 2.2990132E+000, 2.2330157E+000, 1.8973717E+000,-4.2776810E-001,-6.4789420E-001,-1.9401303E+000,-2.0043040E+000,-1.6792423E+000,-2.0090719E+000,-1.5659402E+000,-9.8706367E-001,-1.3804645E+000,-1.4054447E+000,-9.4883001E-001,-6.3898971E-001, 4.0071052E+000, 6.9477923E+000, 6.0585975E+000, 5.4806124E+000, 6.1025362E+000, 5.3707377E+000, 4.9697682E+000, 4.0315006E+004, 1.7587257E+000, 1.2838202E+001, 2.2579572E+001
 8.5002581E+001, 2.0000271E+001, 2.0000782E+001, 2.0001522E+001, 2.0011926E+001, 3.6344486E+001, 1.3950185E+002, 1.4140851E+002, 1.3185416E+002, 1.0162092E+002, 1.4529158E+002, 1.8303748E+002, 2.3491514E+002, 2.7831700E+002, 2.8451056E+002, 2.7651218E+002, 3.5843954E+002, 3.9394686E+002, 3.5048585E+002, 3.2773839E+002, 3.0781006E+002, 3.1598460E+002, 3.1282366E+002, 3.0196797E+002, 2.4578497E+000, 2.3688005E+000, 2.3411484E+000, 2.0040952E+000,-1.9043562E-001,-5.3444542E-001,-1.3739685E+000,-1.4183406E+000,-1.4076596E+000,-1.8688285E+000,-1.2724041E+000,-1.1772109E+000,-1.3167357E+000,-7.0135590E-001,-5.1529138E-001, 1.0268385E+000, 3.2370891E+000, 6.1710994E+000, 7.3124022E+000, 6.7366047E+000, 5.0011829E+000, 6.3580161E+000, 5.0879005E+000, 4.4335716E+004, 1.5560319E+000, 1.3784421E+001, 1.9232299E+001
 8.6002848E+001, 2.0000222E+001, 2.0000704E+001, 2.0001604E+001, 2.0011531E+001, 2.9741855E+001, 1.4124483E+002, 1.5123072E+002, 1.2574167E+002, 1.0819253E+002, 1.8054077E+002, 1.9132145E+002, 2.6970048E+002, 2.8218260E+002, 2.8039222E+002, 2.9636499E+002, 3.6993475E+002, 3.5895432E+002, 3.3627474E+002, 2.8335435E+002, 2.8201762E+002, 2.8300487E+002, 2.9722383E+002, 2.9756519E+002, 2.5027154E+000, 2.4134339E+000, 2.4091634E+000, 2.0860415E+000,-7.5063575E-002,-1.0058951E+000,-1.3743527E+000,-7.9543050E-001,-1.5820810E+000,-1.5498817E+000,-1.1729582E+000,-1.1151222E+000,-6.2269730E-001,-3.8757807E-001,-6.0498033E-001,-2.4456425E-001, 1.9088341E+000, 4.8291815E+000, 6.1656739E+000, 5.8755595E+000, 5.8254525E+000, 5.1808086E+000, 6.1324854E+000, 3.9676311E+004, 1.4598124E+000, 1.2573099E+001, 2.7941647E+001
 8.7002553E+001, 2.0000284E+001, 2.0000450E+001, 2.0001723E+001, 2.0011365E+001, 3.1756126E+001, 1.4272740E+002, 1.3924946E+002, 1.1859430E+002, 1.1801573E+002, 1.6485939E+002, 2.0746272E+002, 2.6486199E+002, 2.4921664E+002, 1.9101951E+002, 2.7543505E+002, 5.3958620E+002, 4.1410292E+002, 3.4884196E+002, 3.2315571E+002, 2.9132055E+002, 3.0448906E+002, 2.6934149E+002, 2.8666032E+002, 2.4641573E+000, 2.3948768E+000, 2.3109165E+000, 1.9704596E+000,-2.3168111E-001,-6.5922164E-001,-1.4562692E+000,-1.4063930E+000,-2.1052689E+000,-1.7973430E+000,-1.6375569E+000,-1.2893661E+000,-9.1048477E-001,-1.1878546E+000, 3.7006086E-001, 1.7371977E+000, 2.7110730E+000, 5.2167216E+000, 5.0814321E+000, 4.8824610E+000, 5.3743893E+000, 4.9941170E+000, 4.4041370E+000, 3.8189753E+004, 1.6206135E+000, 1.3139911E+001, 4.0337130E+001
 8.8000576E+001, 2.0000342E+001, 2.0000405E+001, 2.0001712E+001, 2.0011106E+001, 4.2590202E+001, 1.4033490E+002, 1.3965592E+002, 1.1955152E+002, 1.2791999E+002, 1.3627603E+002, 1.8085825E+002, 2.6733680E+002, 2.5275472E+002, 2.1517091E+002, 3.1856147E+002, 4.2167987E+002, 5.2182289E+002, 3.4511530E+002, 2.7901295E+002, 2.9412261E+002, 3.0123854E+002, 2.9262566E+002, 2.6851718E+002, 2.4250058E+000, 2.3634860E+000, 2.1728751E+000, 1.8933049E+000,-2.3075752E-001,-6.0964083E-001,-1.3378988E+000,-2.0307088E+000,-2.0546127E+000,-1.7956739E+000,-1.5721628E+000,-1.1760288E+000,-9.7572729E-001,-1.1996090E+000,-9.3208729E-001,-7.1391928E-001, 6.0480265E+000, 6.0557850E+000, 5.5792682E+000, 5.2869073E+000, 4.1230377E+000, 4.6904185E+000, 4.2454502E+000, 3.7723839E+004, 1.7267579E+000, 1.1493651E+001, 2.9433906E+001
 8.9002828E+001, 2.0000289E+001, 2.0000423E+001, 2.0001370E+001, 2.0011137E+001, 4.6552067E+001, 1.3661769E+002, 1.5124327E+002, 1.1714061E+002, 1.4012652E+002, 1.3429421E+002, 1.9243107E+002, 2.1839720E+002, 2.5843706E+002, 2.3113565E+002, 2.1915742E+002, 3.4899427E+002, 3.4187658E+002, 3.6072985E+002, 4.4698209E+002, 3.9821582E+002, 2.9229604E+002, 3.0170640E+002, 2.7618858E+002, 2.4574400E+000, 2.4205729E+000, 2.3121831E+000, 1.8993283E+000,-4.5160100E-003,-1.2028201E+000,-2.1406218E+000,-1.5358773E+000,-1.8348359E+000,-1.7903216E+000,-1.3827121E+000,-1.2543729E+000,-6.1750252E-001,-7.7357092E-002,-3.5996624E-001,-2.4845544E+000, 3.1253737E+000, 6.0376833E+000, 7.3566245E+000, 7.5153225E+000, 5.3249302E+000, 5.0279948E+000, 4.7047541E+000, 4.0730887E+004, 1.6975596E+000, 1.1544858E+001, 2.3858848E+001
 9.0003126E+001, 2.0000238E+001, 2.0000501E+001, 2.0001268E+001, 2.0010885E+001, 3.5822033E+001, 1.3745790E+002, 1.4519514E+002, 1.3481386E+002, 1.4003948E+002, 1.5616131E+002, 1.4807668E+002, 2.0147462E+002, 2.4546952E+002, 1.9674410E+002, 3.0134041E+002, 3.2454901E+002, 3.9629514E+002, 2.6071693E+002, 3.0031210E+002, 3.3401558E+002, 3.6998009E+002, 3.0529518E+002, 2.9378077E+002, 2.4830454E+000, 2.4419502E+000, 2.3815362E+000, 1.8463551E+000,-2.3219677E-002,-1.1036496E+000,-1.7533006E+000,-1.4713284E+000,-1.9478289E+000,-1.6271184E+000,-1.3495774E+000,-7.6828403E-001,-1.0396527E+000,-3.8393499E-001,-1.4235013E+000, 5.2605009E-001, 2.3187511E+000, 5.6502508E+000, 6.0637561E+000, 5.0587530E+000, 7.2355336E+000, 4.8204395E+000, 5.1154359E+000, 3.9874946E+004, 1.6292088E+000, 1.0893589E+001, 2.2617791E+001
 9.1002734E+001, 2.0000193E+001, 2.0000462E+001, 2.0001256E+001, 2.0010595E+001, 4.5622734E+001, 1.4551188E+002, 1.3840941E+002, 1.1937316E+002, 1.2994174E+002, 1.6734519E+002, 1.5036651E+002, 2.3407821E+002, 2.3720115E+002, 2.2551932E+002, 3.3181996E+002, 3.5926513E+002, 4.6534045E+002, 3.5848094E+002, 3.0018969E+002, 2.7802989E+002, 3.0445087E+002, 3.0115927E+002, 2.8930847E+002, 2.5261947E+000, 2.4763831E+000, 2.4520592E+000, 1.9593427E+000,-2.4293080E-001,-1.5277863E+000,-1.5172449E+000,-1.2288629E+000,-1.7464158E+000,-1.2713591E+000,-1.2383139E+000,-7.4134111E-001,-7.6173203E-001,-6.7729068E-001, 8.7743761E-002, 2.3259951E+000, 1.0625702E+000, 6.3104441E+000, 6.2320358E+000, 6.4487369E+000, 5.0165493E+000, 6.7820427E+000, 4.9929225E+000, 4.0359624E+004, 1.6404510E+000, 1.1213111E+001, 1.9264018E+001
 9.2002939E+001, 2.0000364E+001, 2.0000388E+001, 2.0001286E+001, 2.0010644E+001, 7.9231160E+001, 1.3977741E+002, 1.3721809E+002, 1.1398701E+002, 1.3207481E+002, 1.4935868E+002, 2.0584930E+002, 2.2752725E+002, 2.2680312E+002, 2.6754583E+002, 3.1897079E+002, 2.8309310E+002, 3.9746121E+002, 2.9315537E+002, 2.9901352E+002, 3.2408618E+002, 2.8414552E+002, 2.8915054E+002, 2.8662199E+002, 2.4901083E+000, 2.4255426E+000, 2.3688894E+000, 1.9100324E+000,-6.3019042E-001,-1.4521660E+000,-1.4956661E+000,-1.6641052E+000,-1.3690524E+000,-1.5060270E+000,-1.4183885E+000,-1.2934900E+000,-9.9158577E-001,-7.5848705E-001,-1.7858153E-001, 1.3298666E+000,-5.2562477E-002, 4.2395544E+000, 5.5723467E+000, 6.1817750E+000, 5.6666488E+000, 4.2389992E+000, 5.9058271E+000, 3.8832038E+004, 1.6162628E+000, 1.1303824E+001, 1.9347387E+001
 9.3003743E+001, 2.0000427E+001, 2.0000354E+001, 2.0001280E+001, 2.0010591E+001, 8.5655436E+001, 1.3530329E+002, 1.3655787E+002, 1.0766828E+002, 1.1004900E+002, 1.5149987E+002, 1.5423370E+002, 2.4376357E+002, 2.2542677E+002, 2.6125708E+002, 2.4227868E+002, 4.0686186E+002, 4.1828715E+002, 3.2343813E+002, 2.6996290E+002, 2.8558499E+002, 2.9722296E+002, 2.9362399E+002, 2.7983602E+002, 2.4739927E+000, 2.4370178E+000, 2.3619134E+000, 1.8906753E+000,-4.8728198E-001,-1.1442928E+000,-1.6206457E+000,-1.0485664E+000,-1.0596546E+000,-1.4022037E+000,-1.3267421E+000,-1.1570098E+000,-9.0337992E-001,-7.7607679E-001,-7.5325721E-001,-1.6250363E-001, 6.4733788E-001, 4.5185734E+000, 5.8847093E+000, 6.1584049E+000, 5.2736824E+000, 5.6660533E+000, 4.6047141E+000, 3.8670394E+004, 1.4459919E+000, 1.0638713E+001, 2.0384100E+001
 9.4000688E+001, 2.0000342E+001, 2.0000477E+001, 2.0001142E+001, 2.0009886E+001, 7.5825032E+001, 1.3341746E+002, 1.2471738E+002, 1.2047261E+002, 9.9820928E+001, 1.3309053E+002, 1.5025209E+002, 2.0008833E+002, 2.2548455E+002, 2.8870879E+002, 2.3929550E+002, 4.1049582E+002, 3.9435312E+002, 3.5716113E+002, 3.2997492E+002, 2.9781377E+002, 2.9343422E+002, 2.9955574E+002, 2.9601472E+002, 2.4585008E+000, 2.4812090E+000, 2.3815704E+000, 1.9704830E+000,-4.1300246E-001,-9.7569136E-001,-1.2449811E+000,-8.9862767E-001,-1.1346245E+000,-1.2234067E+000,-9.1003394E-001,-1.1873829E+000,-5.9110762E-001,-1.2992207E+000, 9.9350253E-002,-5.2083936E-001, 2.2594148E+000, 6.2729235E+000, 6.9194626E+000, 6.4560226E+000, 6.0780734E+000, 5.2974920E+000, 5.6707496E+000, 3.9690622E+004, 1.3163110E+000, 9.9522625E+000, 2.0759249E+001
 9.5002443E+001, 2.0000085E+001, 2.0000595E+001, 2.0001113E+001, 2.0010035E+001, 7.4169675E+001, 1.3438399E+002, 1.2389903E+002, 1.1013483E+002, 1.1874875E+002, 9.8703669E+001, 1.6778557E+002, 2.1091833E+002, 2.4908544E+002, 2.7566884E+002, 2.6506222E+002, 2.6463979E+002, 3.2618763E+002, 2.3133502E+002, 2.8270610E+002, 3.2213648E+002, 2.8656447E+002, 2.9312597E+002, 2.8950048E+002, 2.5002084E+000, 2.4118292E+000, 2.3516583E+000, 1.9547945E+000,-4.2451281E-001,-1.0914455E+000,-7.6641557E-001,-1.1312267E+000,-1.7596777E+000,-1.6839694E+000,-1.0873722E+000,-1.1856177E+000,-6.8515224E-001,-8.4390617E-001,-1.2086865E+000, 9.0265297E-001, 3.7798073E-002, 4.1258013E+000, 5.4330074E+000, 6.0845393E+000, 5.7226352E+000, 5.1543929E+000, 5.3720790E+000, 3.7760732E+004, 1.3017431E+000, 1.0164715E+001, 1.4562812E+001
 9.6000048E+001, 2.0000532E+001, 2.0000508E+001, 2.0001204E+001, 2.0010159E+001, 4.6819534E+001, 1.3001477E+002, 1.2499189E+002, 1.1410176E+002, 1.2193028E+002, 1.3656370E+002, 1.7369135E+002, 1.8826371E+002, 2.7168947E+002, 2.7838731E+002, 2.8647084E+002, 2.7722084E+002, 2.7530561E+002, 2.4998212E+002, 2.0918406E+002, 2.2815632E+002, 3.3233720E+002, 2.6312214E+002, 2.8311414E+002, 2.4217268E+000, 2.3878737E+000, 2.4071453E+000, 1.9521303E+000,-3.6876153E-001,-4.4715244E-001,-6.8921425E-001,-1.4560949E+000,-1.4326646E+000,-1.2886737E+000,-1.4421802E+000,-1.1323558E+000,-1.0139133E+000,-7.1123915E-001, 5.3085525E-002, 4.1611643E-001, 1.2648267E+000, 2.8287169E+000, 4.7229524E+000, 4.8074452E+000, 5.9251285E+000, 4.9139064E+000, 5.2299222E+000, 4.0108606E+004, 1.5105596E+000, 9.3406684E+000, 1.7101269E+001
 9.7004591E+001, 2.0000518E+001, 2.0000240E+001, 2.0001466E+001, 2.0010281E+001, 4.7540887E+001, 1.2347939E+002, 1.2327817E+002, 1.0944170E+002, 1.0437164E+002, 1.6605728E+002, 1.0997905E+002, 1.9944200E+002, 2.7738449E+002, 2.9071367E+002, 3.9044595E+002, 2.7400863E+002, 3.1883497E+002, 2.7215683E+002, 2.7974468E+002, 2.4810863E+002, 2.3484046E+002, 3.1634952E+002, 2.7127164E+002, 2.3801663E+000, 2.4506685E+000, 2.3465357E+000, 1.9500173E+000,-6.2243790E-001,-7.8878620E-001,-1.0274574E+000,-1.2713177E+000,-1.5431821E+000,-1.1205171E+000,-1.3676194E+000,-1.3537788E+000,-1.1551278E+000,-1.4035242E+000,-5.7271124E-001, 5.2015376E-002, 2.1162177E-001, 2.2349787E+000, 4.2866391E+000, 4.3946989E+000, 5.1981851E+000, 5.6930852E+000, 5.1999524E+000, 4.0538110E+004, 1.5053412E+000, 1.0083832E+001, 2.2241573E+001
 9.8004500E+001, 2.0000187E+001, 2.0000598E+001, 2.0001212E+001, 2.0010708E+001, 7.2569132E+001, 1.2073968E+002, 1.4141361E+002, 9.9346378E+001, 8.7467477E+001, 1.7386475E+002, 8.9900416E+001, 2.4151074E+002, 2.8448071E+002, 3.0501129E+002, 2.8086596E+002, 3.3081640E+002, 3.7362464E+002, 3.1851145E+002, 2.9715300E+002, 2.4795428E+002, 2.6393147E+002, 2.6541052E+002, 3.0348879E+002, 2.5255680E+000, 2.4610718E+000, 2.3533090E+000, 1.9374136E+000,-2.8957557E-001,-7.0032440E-001,-8.1885599E-001,-1.2866696E+000,-1.3638960E+000,-1.2406207E+000,-8.4363290E-001,-1.3480416E+000,-8.9746339E-001,-1.1257450E+000, 3.4280795E-001,-2.3188598E+000, 2.9362172E-001, 3.0324144E+000, 4.1925083E+000, 5.0597407E+000, 4.5966918E+000, 4.7635115E+000, 5.2975699E+000, 3.9670291E+004, 1.4509437E+000, 1.0726393E+001, 2.2185358E+001
 9.9003569E+001, 2.0000269E+001, 2.0000800E+001, 2.0001199E+001, 2.0010702E+001, 5.8481309E+001, 1.1415592E+002, 1.4327696E+002, 1.0731364E+002, 9.9392629E+001, 1.5317035E+002, 1.1115860E+002, 2.1466595E+002, 2.7988858E+002, 3.0339492E+002, 3.5322982E+002, 3.3709501E+002, 4.4500887E+002, 3.8051059E+002, 3.2413157E+002, 2.9216828E+002, 2.3569724E+002, 2.7398084E+002, 2.7743143E+002, 2.4847504E+000, 2.2990353E+000, 2.2377148E+000, 1.9149776E+000,-5.8776313E-001,-3.9487424E-001,-1.0637727E+000,-1.3560417E+000,-1.6370584E+000,-4.5378005E-001,-6.4166719E-001,-1.3928205E+000,-8.9080108E-001,-1.0343819E+000,-9.0716789E-001, 1.2516761E+000, 9.9866169E-001, 4.6801199E+000, 6.4774208E+000, 5.5602967E+000, 4.8804168E+000, 4.1606512E+000, 4.8399939E+000, 3.9364444E+004, 1.4770265E+000, 1.0626565E+001, 3.0570835E+001
 1.0000290E+002, 2.0000304E+001, 2.0000339E+001, 2.0001415E+001, 2.0009957E+001, 3.8688130E+001, 1.1613208E+002, 1.3061071E+002, 1.1695340E+002, 1.2176152E+002, 1.2498461E+002, 1.3823863E+002, 2.2981055E+002, 2.9544339E+002, 3.1468796E+002, 3.4200909E+002, 3.0679628E+002, 4.6261210E+002, 3.6199097E+002, 3.0795830E+002, 2.8732081E+002, 2.8935271E+002, 2.4914606E+002, 2.6710240E+002, 2.4601826E+000, 2.4155850E+000, 2.3351871E+000, 2.0681160E+000,-2.0402897E-001,-4.9336618E-001,-1.0744410E+000,-1.9791743E+000,-1.6445230E+000,-8.8061552E-001,-1.6115287E+000,-1.3602153E+000,-1.3671592E+000,-1.2520916E+000,-1.0513112E+000, 9.6635299E-001, 1.2058201E+000, 5.2679898E+000, 5.6783297E+000, 5.7951979E+000, 5.4052082E+000, 4.3783990E+000, 4.0371564E+000, 4.0509185E+004, 1.6314065E+000, 1.0184067E+001, 1.9578122E+001
 1.0100055E+002, 2.0000285E+001, 2.0000314E+001, 2.0001711E+001, 2.0009496E+001, 5.0942258E+001, 1.2066913E+002, 1.2790199E+002, 1.5513817E+002, 1.4353153E+002, 1.3206716E+002, 2.1267170E+002, 2.3960604E+002, 2.8400040E+002, 3.3348114E+002, 3.8340674E+002, 3.6206355E+002, 4.7763787E+002, 3.2818029E+002, 3.0964901E+002, 2.8341786E+002, 2.6461520E+002, 2.7873139E+002, 2.6253657E+002, 2.4719037E+000, 2.5004150E+000, 2.2205201E+000, 1.9791351E+000,-1.3647096E-001,-6.8018733E-001,-1.4027277E+000,-1.7537750E+000,-1.3323555E+000,-1.7840498E+000,-1.3027826E+000,-1.2377527E+000,-9.2658114E-001,-9.4648465E-001,-1.2345774E+000, 4.5517740E-002, 4.0378935E-001, 3.6546937E+000, 5.7306595E+000, 6.3255699E+000, 5.6996277E+000, 5.2683137E+000, 4.1244012E+000, 4.1035832E+004, 1.6188161E+000, 1.0743992E+001, 1.8280479E+001
 1.0200384E+002, 2.0000301E+001, 2.0000484E+001, 2.0000946E+001, 2.0010227E+001, 4.3687442E+001, 1.2068693E+002, 1.3208108E+002, 1.2131697E+002, 1.3097162E+002, 1.5119669E+002, 1.9505653E+002, 2.1088611E+002, 2.8825272E+002, 3.2142954E+002, 3.0086501E+002, 3.6757722E+002, 4.2750613E+002, 2.8744643E+002, 2.5259197E+002, 3.2805630E+002, 2.7605915E+002, 2.7146258E+002, 2.6629441E+002, 2.4756775E+000, 2.4474326E+000, 2.4214179E+000, 1.7837164E+000, 1.7808599E-001,-6.3430912E-001,-1.4501236E+000,-1.2801594E+000,-1.6047355E+000,-1.6870165E+000,-1.4515312E+000,-1.2646428E+000,-1.2773916E+000,-1.3832235E+000,-1.1522503E+000,-3.1578483E-002,-1.5767931E+000, 3.2174052E+000, 4.8566957E+000, 5.9980426E+000, 5.9764155E+000, 5.0747565E+000, 4.7472831E+000, 3.9125842E+004, 1.4973129E+000, 1.0837316E+001, 1.8089628E+001
 1.0300038E+002, 2.0000372E+001, 2.0000470E+001, 2.0001099E+001, 2.0010181E+001, 2.3956830E+001, 1.3760630E+002, 1.4150420E+002, 1.1469394E+002, 1.5325685E+002, 1.2784837E+002, 1.7777767E+002, 2.4378192E+002, 2.9454154E+002, 3.2925674E+002, 3.2303979E+002, 4.5187661E+002, 4.1859858E+002, 2.3388270E+002, 2.6556060E+002, 2.6228553E+002, 2.8437295E+002, 2.8034325E+002, 2.7447226E+002, 2.4758365E+000, 2.4408573E+000, 2.4709526E+000, 1.8965247E+000, 6.0470011E-001,-1.0658490E+000,-1.5861934E+000,-1.7608047E+000,-1.8434034E+000,-1.4726860E+000,-1.2072571E+000,-9.7273379E-001,-1.1850904E+000,-1.2644448E+000,-2.4444888E+000, 3.3344056E-001, 1.2766595E+000, 2.3965613E+000, 3.6839943E+000, 4.6494105E+000, 5.6243252E+000, 5.6556111E+000, 4.8586414E+000, 3.9564625E+004, 1.4755720E+000, 1.0359334E+001, 3.2535020E+001
 1.0400030E+002, 2.0000391E+001, 2.0000481E+001, 2.0001163E+001, 2.0008639E+001, 2.4310496E+001, 1.2880812E+002, 1.3150319E+002, 1.4448341E+002, 1.3263703E+002, 1.1718985E+002, 1.9189833E+002, 2.6678462E+002, 2.8876961E+002, 2.8273608E+002, 2.4585304E+002, 4.3669951E+002, 5.1099702E+002, 4.5813517E+002, 3.2072517E+002, 2.5983487E+002, 2.6924913E+002, 2.7923407E+002, 2.7211854E+002, 2.4681308E+000, 2.4412705E+000, 2.4201186E+000, 2.2555392E+000, 7.6653521E-001,-1.0213017E+000,-1.2928506E+000,-2.0598359E+000,-1.6454384E+000,-1.6288189E+000,-1.1892959E+000,-1.1547694E+000,-7.0224469E-001,-8.0311509E-001,-1.8128625E+000, 6.2973933E-001,-7.6963725E-001, 6.7338846E+000, 5.8220372E+000, 5.1990461E+000, 4.3840571E+000, 4.9325150E+000, 5.3948997E+000, 3.8182829E+004, 1.7302365E+000, 1.0276870E+001, 2.0260895E+001
 1.0500257E+002, 2.0000684E+001, 2.0000554E+001, 2.0001249E+001, 2.0008871E+001, 2.1186220E+001, 1.2112133E+002, 1.4369053E+002, 1.2579863E+002, 1.0842523E+002, 1.4714208E+002, 1.9318751E+002, 2.7127349E+002, 2.9033673E+002, 3.0614298E+002, 2.6140371E+002, 2.9363095E+002, 4.3688941E+002, 3.4582580E+002, 3.1004824E+002, 3.4252568E+002, 2.7249760E+002, 2.7560572E+002, 2.8161430E+002, 2.3811483E+000, 2.4159621E+000, 2.3721029E+000, 2.1202017E+000, 3.9989129E-001,-4.4885270E-001,-1.5137400E+000,-1.7291470E+000,-2.0671207E+000,-1.4311196E+000,-1.4016737E+000,-9.8665281E-001,-8.4436398E-001,-8.8803200E-001,-8.0073977E-001,-9.6597548E-002, 1.0543738E+000, 2.2842027E+000, 5.9504664E+000, 6.4345090E+000, 5.5525753E+000, 3.6161813E+000, 4.9760147E+000, 4.2538021E+004, 1.7007106E+000, 1.0298796E+001, 2.1436172E+001
 1.0600130E+002, 2.0000459E+001, 2.0000639E+001, 2.0001286E+001, 2.0009218E+001, 2.0159733E+001, 1.2042788E+002, 1.3600903E+002, 1.3515130E+002, 1.0436323E+002, 1.3972344E+002, 2.4435495E+002, 2.5073239E+002, 3.0281649E+002, 3.1788304E+002, 2.9072100E+002, 3.3263236E+002, 4.0023155E+002, 4.1877527E+002, 3.7898756E+002, 3.1448398E+002, 2.9456960E+002, 2.7497462E+002, 2.7530800E+002, 2.3962422E+000, 2.3775916E+000, 2.3514166E+000, 2.0463360E+000, 1.1519683E+000,-7.7193646E-001,-1.4119211E+000,-2.0115786E+000,-1.9985929E+000,-1.8093747E+000,-1.5873867E+000,-1.1070632E+000,-6.4870832E-001,-1.5714390E+000,-1.1047459E-001,-1.5632395E+000, 1.2138041E+000, 2.9346093E+000, 4.5837666E+000, 5.3320352E+000, 5.5258725E+000, 4.8702915E+000, 3.7047690E+000, 3.8321775E+004, 1.8190115E+000, 1.0606143E+001, 1.8126886E+001
 1.0700322E+002, 2.0000328E+001, 2.0000924E+001, 2.0001345E+001, 2.0009132E+001, 2.0033957E+001, 1.3527934E+002, 1.3427659E+002, 1.3910104E+002, 1.0443698E+002, 1.5243826E+002, 1.9027144E+002, 2.7288006E+002, 2.9832629E+002, 3.1259853E+002, 3.5001660E+002, 3.3176507E+002, 3.4282113E+002, 3.7268838E+002, 3.1334184E+002, 3.3854806E+002, 3.0452136E+002, 2.8007185E+002, 2.6715712E+002, 2.4627426E+000, 2.3781886E+000, 2.3665086E+000, 2.2335457E+000, 1.1888059E+000,-6.1226213E-001,-1.3679232E+000,-1.7808248E+000,-1.8241016E+000,-1.9257651E+000,-1.3284041E+000,-8.2337161E-001,-1.0520062E+000,-1.8147401E+000,-1.8368151E+000,-2.7334299E+000,-4.7009879E-001, 3.2290530E+000, 4.3752392E+000, 6.5586587E+000, 5.5348217E+000, 5.1514661E+000, 4.6812274E+000, 3.9487812E+004, 1.7940455E+000, 9.9488917E+000, 1.5849182E+001
 1.0800007E+002, 2.0000306E+001, 2.0000837E+001, 2.0001458E+001, 2.0009129E+001, 2.0030687E+001, 1.3072198E+002, 1.3701788E+002, 1.4720242E+002, 1.2727368E+002, 1.6441448E+002, 1.8717707E+002, 2.4244623E+002, 3.2791377E+002, 3.1725275E+002, 3.2125097E+002, 3.9041145E+002, 3.3942060E+002, 3.8035725E+002, 3.5268124E+002, 2.9313974E+002, 2.9253775E+002, 2.8002531E+002, 2.7244797E+002, 2.4818590E+000, 2.2869732E+000, 2.3839765E+000, 2.2726105E+000, 1.6409135E+000,-4.6833596E-001,-1.0962582E+000,-1.4684895E+000,-1.9693931E+000,-1.9489457E+000,-1.6126302E+000,-1.0166481E+000,-1.5923220E+000,-1.7607808E+000,-2.0363294E+000,-8.2298879E-001, 8.6646372E-001, 2.0096020E+000, 4.4909030E+000, 5.3069829E+000, 5.9304630E+000, 5.2614590E+000, 5.0394144E+000, 4.0834548E+004, 1.7206830E+000, 1.0099017E+001, 2.6706834E+001
 1.0900193E+002, 2.0000364E+001, 2.0000539E+001, 2.0001737E+001, 2.0009358E+001, 2.0030122E+001, 1.4403751E+002, 1.4130360E+002, 1.4429689E+002, 1.6338534E+002, 1.5591219E+002, 2.3295395E+002, 2.6689090E+002, 3.0356929E+002, 3.1198825E+002, 2.6566851E+002, 3.5904860E+002, 3.3138944E+002, 3.7796336E+002, 3.7777252E+002, 3.3462006E+002, 2.9468352E+002, 2.9099770E+002, 2.6704357E+002, 2.4730957E+000, 2.4048899E+000, 2.3210388E+000, 2.2336095E+000, 1.7210824E+000,-9.3556778E-001,-1.0080705E+000,-1.1406605E+000,-2.0393375E+000,-2.0755925E+000,-1.5318113E+000,-1.6890846E+000,-1.5486408E+000,-1.3584617E+000,-1.3041414E+000, 1.8238829E+000, 1.2021072E+000, 2.9533605E+000, 5.4185597E+000, 5.6255385E+000, 4.4568673E+000, 4.8798486E+000, 4.3784477E+000, 3.9872768E+004, 1.6570814E+000, 1.0938030E+001, 2.5656950E+001
 1.1000071E+002, 2.0000334E+001, 2.0000491E+001, 2.0001876E+001, 2.0009320E+001, 2.0044111E+001, 1.4730186E+002, 1.3844205E+002, 1.3978493E+002, 1.1484197E+002, 1.6036325E+002, 1.9689242E+002, 2.5478116E+002, 3.0957342E+002, 3.1858818E+002, 2.4970717E+002, 4.3833677E+002, 4.3354161E+002, 4.0013790E+002, 3.4667677E+002, 3.0390513E+002, 3.3055616E+002, 2.8410311E+002, 2.8544126E+002, 2.4661211E+000, 2.4296581E+000, 2.1383984E+000, 2.2152478E+000, 1.3703137E+000,-9.5122323E-001,-1.3131293E+000,-5.8217949E-001,-2.0901873E+000,-1.9050404E+000,-1.9839882E+000,-1.7861862E+000,-1.6510571E+000,-1.6258679E+000,-1.2301300E+000,-4.2496879E-001, 3.1043352E+000, 4.8959182E+000, 6.2323983E+000, 5.5684117E+000, 4.9362904E+000, 4.2793574E+000, 4.4469123E+000, 3.8380657E+004, 1.7845015E+000, 1.0296290E+001, 2.8844696E+001
 1.1100463E+002, 2.0000389E+001, 2.0000537E+001, 2.0001296E+001, 2.0009741E+001, 2.0074561E+001, 1.3698777E+002, 1.5574916E+002, 1.3722577E+002, 1.3756211E+002, 1.3295487E+002, 1.7586460E+002, 1.7351035E+002, 2.9831951E+002, 3.2771664E+002, 2.7628387E+002, 3.1898086E+002, 5.3242084E+002, 4.6536709E+002, 3.6528299E+002, 2.9992985E+002, 2.9994060E+002, 3.1649436E+002, 2.9404301E+002, 2.4386371E+000, 2.4279199E+000, 2.3353942E+000, 2.1413991E+000, 1.3154939E+000,-5.9106821E-001,-1.0784048E+000,-6.7530110E-001,-1.7763069E+000,-2.0824560E+000,-1.8299666E+000,-1.5510199E+000,-1.5499939E+000,-1.1385799E+000,-1.0817693E+000, 4.4113860E-001, 1.5685817E+000, 5.5499840E+000, 5.9739221E+000, 6.4663069E+000, 5.6121210E+000, 4.2021684E+000, 4.5524480E+000, 4.0002943E+004, 1.7490242E+000, 1.0374413E+001, 2.1486897E+001
 1.1200199E+002, 2.0000476E+001, 2.0000459E+001, 2.0001255E+001, 2.0010021E+001, 2.0434067E+001, 1.1363030E+002, 1.5087574E+002, 1.3710900E+002, 1.6588244E+002, 1.4689158E+002, 1.7753004E+002, 1.9922359E+002, 2.8741985E+002, 3.0453736E+002, 2.9460962E+002, 3.2897476E+002, 2.8651430E+002, 3.6920016E+002, 3.4028234E+002, 3.2218688E+002, 2.9459395E+002, 2.8335732E+002, 3.0542619E+002, 2.4408742E+000, 2.4451746E+000, 2.4024419E+000, 2.0552983E+000, 9.1965138E-001,-6.1747141E-001,-9.5557575E-001,-1.2333481E+000,-1.7295358E+000,-2.0767105E+000,-1.6448627E+000,-1.6018720E+000,-1.7198189E+000,-8.1928838E-001,-1.6323534E+000, 5.0564078E-001, 1.9904787E+000, 3.7854264E+000, 5.3221989E+000, 6.5224481E+000, 5.9934291E+000, 5.0955429E+000, 4.3216300E+000, 4.0866240E+004, 1.7836298E+000, 1.0378083E+001, 2.2183513E+001
 1.1300354E+002, 2.0000238E+001, 2.0000556E+001, 2.0001323E+001, 2.0010536E+001, 2.3255585E+001, 7.9213205E+001, 1.4713148E+002, 1.5585039E+002, 1.6216199E+002, 1.5687615E+002, 1.4480052E+002, 2.3190497E+002, 2.7952333E+002, 3.0149897E+002, 3.1881454E+002, 3.7210953E+002, 4.1478772E+002, 3.3623892E+002, 3.3757042E+002, 3.1552760E+002, 3.1881335E+002, 2.9244873E+002, 2.7640393E+002, 2.4667415E+000, 2.3952255E+000, 2.3845662E+000, 1.8814627E+000,-3.4473576E-001,-9.9019432E-001,-9.5889207E-001,-1.8663716E+000,-2.0072408E+000,-1.7755045E+000,-1.9313765E+000,-1.5644049E+000,-1.3878212E+000,-1.0553009E+000,-1.8277184E+000,-7.2272606E-002, 3.6533990E-001, 4.4655829E+000, 5.2866230E+000, 5.4920279E+000, 5.9095640E+000, 5.8686488E+000, 4.2343711E+000, 3.9916413E+004, 1.9420877E+000, 1.0627950E+001, 1.8830921E+001
 1.1400108E+002, 2.0000493E+001, 2.0000679E+001, 2.0001156E+001, 2.0009686E+001, 2.6375740E+001, 1.2894575E+002, 1.4429178E+002, 1.5570016E+002, 1.7429014E+002, 1.6555477E+002, 1.4391922E+002, 2.5830271E+002, 2.4846805E+002, 3.1347566E+002, 3.5748800E+002, 3.5460342E+002, 3.9582549E+002, 3.1882285E+002, 2.4466228E+002, 2.9005484E+002, 3.0784409E+002, 3.1179289E+002, 2.8802144E+002, 2.4614956E+000, 2.3946946E+000, 2.3913097E+000, 2.1623445E+000,-1.9381457E-001,-8.6774667E-001,-1.2971659E+000,-1.7858570E+000,-1.9143029E+000,-1.5556555E+000,-1.7764765E+000,-1.8825225E+000,-1.3326532E+000,-2.0427293E+000,-2.1534302E+000,-3.3492316E-001, 8.6990180E-001, 3.0460810E+000, 5.0527407E+000, 5.6218500E+000, 5.0564253E+000, 5.1268219E+000, 5.4237253E+000, 3.7500139E+004, 2.0207449E+000, 1.0169042E+001, 2.4266668E+001
 1.1500286E+002, 2.0000272E+001, 2.0000475E+001, 2.0001365E+001, 2.0009868E+001, 2.1508741E+001, 1.3994025E+002, 1.6489761E+002, 1.5491102E+002, 1.6121795E+002, 1.5129420E+002, 1.5719889E+002, 2.3195207E+002, 2.8845764E+002, 3.1783154E+002, 2.5630859E+002, 6.3090332E+002, 3.5824723E+002, 4.4657568E+002, 3.9295911E+002, 2.6690545E+002, 2.8797799E+002, 3.0162031E+002, 3.0182121E+002, 2.4716899E+000, 2.3698296E+000, 2.3324071E+000, 2.1100787E+000, 8.6987432E-001,-9.1234241E-001,-1.8307474E+000,-1.6474618E+000,-1.5226430E+000,-1.8195383E+000,-1.8991752E+000,-1.5232115E+000,-2.0599940E+000,-1.9738156E+000,-1.9160988E-001,-1.7900188E+000, 2.1109127E+000, 4.2142534E+000, 4.4664618E+000, 5.1727005E+000, 5.6834486E+000, 5.1121767E+000, 5.3487647E+000, 4.3215982E+004, 1.9784933E+000, 1.0152342E+001, 5.0362371E+001
 1.1600229E+002, 2.0000269E+001, 2.0000619E+001, 2.0001477E+001, 2.0010187E+001, 2.3197041E+001, 1.5008245E+002, 1.4848174E+002, 1.4100405E+002, 1.5379666E+002, 1.4667256E+002, 1.5353935E+002, 1.9420550E+002, 2.8036911E+002, 3.0044177E+002, 2.7814253E+002, 4.0624958E+002, 4.0472565E+002, 2.8928668E+002, 3.0104791E+002, 3.5822114E+002, 2.7249720E+002, 2.7484442E+002, 2.8949181E+002, 2.4577735E+000, 2.4121831E+000, 2.3154268E+000, 2.0766625E+000, 6.0188968E-001,-1.1391933E+000,-1.5915643E+000,-1.8113517E+000,-1.3880853E+000,-2.0520945E+000,-1.7604770E+000,-1.1051187E+000,-1.9477624E+000,-1.6208452E+000,-1.8719694E+000,-2.0326254E+000, 8.5952021E-001, 3.2002383E+000, 5.1334576E+000, 5.9961689E+000, 5.0929569E+000, 4.8772627E+000, 4.6213264E+000, 3.9716896E+004, 1.8631320E+000, 1.0642558E+001, 2.2823682E+001
 1.1700367E+002, 2.0000145E+001, 2.0000513E+001, 2.0001513E+001, 2.0011219E+001, 2.3622957E+001, 1.5651969E+002, 1.4622623E+002, 1.3982789E+002, 1.3715806E+002, 1.4959074E+002, 1.6707840E+002, 2.2671101E+002, 2.3405310E+002, 2.6377321E+002, 3.0981082E+002, 3.5903523E+002, 3.7248261E+002, 2.9668213E+002, 2.5681603E+002, 2.5405391E+002, 3.1260544E+002, 2.7664268E+002, 2.6405263E+002, 2.5374373E+000, 2.3910389E+000, 2.2875065E+000, 2.0495813E+000,-1.4635567E-001,-1.1188170E+000,-1.3701846E+000,-1.4746599E+000,-1.0124818E+000,-1.4461758E+000,-1.3728666E+000,-1.4895307E+000,-9.8472869E-001,-1.0102732E+000,-6.2069909E-001,-6.5121175E-001, 1.9816426E+000, 4.6154875E+000, 5.4990011E+000, 5.6808690E+000, 5.5230059E+000, 5.3268940E+000, 4.7993280E+000, 4.4421786E+004, 1.7192801E+000, 1.2881456E+001, 2.0124238E+001
 1.1800315E+002, 2.0000317E+001, 2.0000446E+001, 2.0001579E+001, 2.0012202E+001, 2.8293556E+001, 1.5830291E+002, 1.3804148E+002, 1.3641337E+002, 1.2643410E+002, 1.5921948E+002, 1.8073659E+002, 2.4252504E+002, 2.5112461E+002, 2.6305598E+002, 3.1707506E+002, 3.1057790E+002, 3.8092105E+002, 2.9987554E+002, 2.6998898E+002, 3.0158920E+002, 2.8845365E+002, 2.9900697E+002, 2.6792323E+002, 2.4802425E+000, 2.4662470E+000, 2.4061233E+000, 1.9636263E+000,-9.3306178E-002,-8.5574833E-001,-1.1538316E+000,-1.5355435E+000,-1.1353456E+000,-1.1887295E+000,-1.5982239E+000,-1.3130207E+000,-1.1566725E+000,-9.7104163E-001,-8.8233685E-001,-2.7641999E-001, 2.2173077E+000, 3.0947823E+000, 4.9894740E+000, 5.9413472E+000, 4.9601726E+000, 4.8724835E+000, 5.2822947E+000, 4.1148908E+004, 1.7687778E+000, 1.2776156E+001, 1.5290111E+001
 1.1900192E+002, 2.0000296E+001, 2.0000305E+001, 2.0001358E+001, 2.0011911E+001, 4.7820796E+001, 1.5914573E+002, 1.3884874E+002, 1.3545647E+002, 1.3042597E+002, 1.7556044E+002, 1.8425283E+002, 2.4096407E+002, 2.5929062E+002, 2.8842008E+002, 3.3845116E+002, 3.9274034E+002, 3.9457291E+002, 3.8426252E+002, 3.1536885E+002, 2.9711979E+002, 2.5347206E+002, 2.8207637E+002, 2.8897452E+002, 2.4574232E+000, 2.4872853E+000, 2.3643860E+000, 1.9803166E+000,-4.4277629E-001,-7.3276513E-001,-1.0684062E+000,-1.4083733E+000,-1.2353552E+000,-1.6304990E+000,-1.4254119E+000,-1.4483442E+000,-7.9300306E-001,-1.5890169E+000,-2.6277922E+000,-1.5284761E+000, 1.7041987E+000, 2.7109129E+000, 3.5779845E+000, 4.1851414E+000, 5.9616679E+000, 4.2140007E+000, 4.2368120E+000, 4.0273305E+004, 1.6095552E+000, 1.2346221E+001, 2.0221052E+001
 1.2000219E+002, 2.0000143E+001, 2.0000451E+001, 2.0001482E+001, 2.0011178E+001, 6.3469965E+001, 1.5419818E+002, 1.4143483E+002, 1.3123663E+002, 1.3946915E+002, 1.8240469E+002, 1.4486181E+002, 2.4280689E+002, 2.4970278E+002, 3.1753481E+002, 3.4226211E+002, 4.3559845E+002, 4.1733451E+002, 3.9473970E+002, 3.5222336E+002, 3.2478887E+002, 2.7385786E+002, 2.6403197E+002, 2.6982149E+002, 2.4665557E+000, 2.4124787E+000, 2.2182956E+000, 1.9785853E+000,-1.7218947E-001,-2.6926619E-001,-7.9070703E-001,-1.4971163E+000,-2.0862636E+000,-1.5771602E+000,-1.4139516E+000,-1.2385077E+000,-1.2529298E+000,-2.6617844E+000,-2.7051466E+000,-6.8876933E-001, 1.3215989E+000, 5.8412466E+000, 3.5424847E+000, 3.8164951E+000, 4.1633779E+000, 4.5509902E+000, 4.0148309E+000, 3.8329492E+004, 1.4768854E+000, 1.0799028E+001, 2.4556093E+001
 1.2100411E+002, 2.0000520E+001, 2.0000501E+001, 2.0001169E+001, 2.0010624E+001, 5.0589363E+001, 1.4733482E+002, 1.4307658E+002, 1.3080454E+002, 1.4842056E+002, 1.2177476E+002, 1.5667636E+002, 2.1406137E+002, 3.1518321E+002, 2.6947491E+002, 3.3167665E+002, 4.3888543E+002, 5.7121859E+002, 4.3508950E+002, 3.3986023E+002, 3.4800502E+002, 3.0393392E+002, 2.7246845E+002, 2.6088792E+002, 2.4318283E+000, 2.3766066E+000, 2.3601748E+000, 2.0911438E+000, 1.9801985E-001,-7.5084637E-001,-9.4145188E-001,-1.8587589E+000,-2.0213962E+000,-1.4202865E+000,-1.4561359E+000,-1.1860955E+000,-2.4361491E+000,-2.7701369E+000,-9.8463254E-001, 3.0116584E-001, 1.9171748E+000, 5.0561255E+000, 6.0430252E+000, 5.1534541E+000, 4.1236209E+000, 4.1806353E+000, 3.9000841E+000, 3.6618608E+004, 1.7158091E+000, 1.0629883E+001, 2.5095536E+001
 1.2200419E+002, 2.0000573E+001, 2.0000346E+001, 2.0001323E+001, 2.0011476E+001, 2.4155661E+001, 1.4304616E+002, 1.4289146E+002, 1.2477426E+002, 1.1969364E+002, 9.5737373E+001, 1.7528300E+002, 2.3546722E+002, 3.0654964E+002, 2.9171079E+002, 2.5863447E+002, 4.7605314E+002, 4.7121902E+002, 5.2119858E+002, 3.9121554E+002, 3.7943638E+002, 3.3760429E+002, 2.9242183E+002, 2.7200766E+002, 2.4420427E+000, 2.4357290E+000, 2.4044103E+000, 1.9750466E+000, 7.7812497E-001,-6.2034398E-001,-1.3339058E+000,-1.5871786E+000,-1.1755741E+000,-1.3003091E+000,-1.2074485E+000,-1.7799577E+000,-2.1256441E+000,-1.3672455E+000,-5.7449444E-001, 8.0438761E-001, 2.1649214E+000, 4.6767810E+000, 5.9166197E+000, 6.0061941E+000, 5.2827280E+000, 4.4468683E+000, 4.8394390E+000, 3.9074033E+004, 1.7119231E+000, 1.1279735E+001, 2.9758073E+001
 1.2300070E+002, 2.0000296E+001, 2.0000652E+001, 2.0001354E+001, 2.0010792E+001, 2.4754838E+001, 1.4053058E+002, 1.4984763E+002, 1.1875075E+002, 1.1726627E+002, 1.2637759E+002, 1.7251832E+002, 2.7555991E+002, 2.8143319E+002, 2.6655595E+002, 2.4716179E+002, 4.2075211E+002, 3.3552671E+002, 3.7456864E+002, 3.5457109E+002, 3.5220349E+002, 3.5112741E+002, 3.1808547E+002, 2.8479317E+002, 2.4807789E+000, 2.4726550E+000, 2.4062724E+000, 2.1724238E+000, 3.8039421E-001,-2.3883888E-001,-1.6418382E+000,-1.5179904E+000,-1.5287472E+000,-1.3267802E+000,-1.6872584E+000,-1.7950219E+000,-1.4109672E+000,-6.1063440E-001,-3.8169224E-001,-1.6110249E-001, 2.0342940E+000, 5.9540989E+000, 7.3275198E+000, 6.5497930E+000, 5.6105202E+000, 5.8301235E+000, 4.6966104E+000, 4.1514070E+004, 1.5949883E+000, 1.1812143E+001, 2.5074869E+001
 1.2400186E+002, 2.0000491E+001, 2.0000896E+001, 2.0001243E+001, 2.0011144E+001, 2.7094535E+001, 1.2553268E+002, 1.4933384E+002, 1.1591617E+002, 1.1695632E+002, 1.2924058E+002, 2.1230806E+002, 2.6081708E+002, 2.5889544E+002, 2.6051768E+002, 2.7125684E+002, 4.2970573E+002, 3.6356407E+002, 3.3611093E+002, 3.5549682E+002, 3.0591218E+002, 3.1742884E+002, 3.3744482E+002, 3.1265399E+002, 2.4394732E+000, 2.3745394E+000, 2.3667521E+000, 2.1061315E+000,-2.8402383E-001,-5.3682295E-001,-1.7418281E+000,-1.6692160E+000,-1.4934276E+000,-1.8499580E+000,-2.0147034E+000,-1.7569154E+000,-1.0901605E+000,-5.9428533E-001,-1.2464783E-001,-7.3244552E-001, 1.0733739E-001, 4.3975165E+000, 6.9166837E+000, 6.9245817E+000, 6.6428266E+000, 5.5147421E+000, 5.4227697E+000, 4.1884510E+004, 1.6039911E+000, 1.1870321E+001, 2.4130050E+001
 1.2500086E+002, 2.0000346E+001, 2.0000505E+001, 2.0001594E+001, 2.0011282E+001, 3.0562294E+001, 1.3462617E+002, 1.3704497E+002, 1.1105677E+002, 1.1015870E+002, 1.5672361E+002, 1.9489084E+002, 2.4687500E+002, 2.4783957E+002, 2.4322862E+002, 2.9013109E+002, 3.3710801E+002, 3.4422261E+002, 3.5872160E+002, 2.8319320E+002, 2.8458872E+002, 3.1379303E+002, 3.0375355E+002, 3.1347382E+002, 2.4479472E+000, 2.4148766E+000, 2.3836143E+000, 1.9016175E+000,-3.0301853E-001,-1.0856778E+000,-1.5982528E+000,-1.9167251E+000,-1.7762026E+000,-1.9777559E+000,-1.9363642E+000,-1.6086381E+000,-8.3850947E-001,-4.0502169E-001,-9.7587485E-001,-7.8336968E-001, 5.7728548E-001, 1.8602009E+000, 4.6779130E+000, 5.7876330E+000, 6.8775844E+000, 5.5214903E+000, 4.7580841E+000, 4.0868642E+004, 1.6244526E+000, 1.2300163E+001, 1.8849035E+001
 1.2600240E+002, 2.0000233E+001, 2.0000693E+001, 2.0001641E+001, 2.0010500E+001, 4.6102437E+001, 1.3576780E+002, 1.3820103E+002, 1.3242213E+002, 1.0970167E+002, 1.2934667E+002, 1.5372162E+002, 2.1881110E+002, 2.3386427E+002, 2.3002161E+002, 2.6572910E+002, 3.6117553E+002, 3.9563194E+002, 3.3026475E+002, 2.9946926E+002, 3.4443851E+002, 3.0014240E+002, 3.0790935E+002, 2.9581877E+002, 2.4598649E+000, 2.3639954E+000, 2.3333569E+000, 2.0014596E+000,-1.8875712E-001,-9.8474220E-001,-1.6765050E+000,-2.0161275E+000,-2.0228418E+000,-1.4589959E+000,-1.6935532E+000,-9.4086693E-001,-8.0396909E-001,-1.0806949E+000,-2.9084841E-001,-1.5176280E-001, 8.6497526E-002, 3.9193745E+000, 4.8612981E+000, 4.6391997E+000, 6.2218367E+000, 6.6091039E+000, 4.9407717E+000, 3.9949989E+004, 1.7081778E+000, 1.0977638E+001, 2.0450839E+001
 1.2700047E+002, 2.0000206E+001, 2.0000643E+001, 2.0001530E+001, 2.0010642E+001, 4.8567587E+001, 1.3060019E+002, 1.4384512E+002, 1.3688810E+002, 1.0107429E+002, 1.1023762E+002, 1.6967494E+002, 2.1246248E+002, 2.3057691E+002, 2.5028684E+002, 3.1543120E+002, 3.6065667E+002, 4.4313761E+002, 3.9131690E+002, 3.1720831E+002, 2.8453834E+002, 3.1815657E+002, 2.9194579E+002, 3.0734561E+002, 2.4580146E+000, 2.3070943E+000, 2.2552120E+000, 1.9414183E+000, 1.3665556E-001,-8.1242479E-001,-1.8305019E+000,-1.7085958E+000,-1.4605285E+000,-1.4384434E+000,-1.3379975E+000,-1.1253409E+000,-1.0743039E+000,-1.4510291E+000,-2.6306851E+000,-3.1840514E-001,-1.6413974E-002, 3.1805397E+000, 3.5410878E+000, 5.0163768E+000, 3.9659236E+000, 5.3576738E+000, 5.9153950E+000, 3.6642658E+004, 1.8616768E+000, 1.0264682E+001, 2.1270062E+001
 1.2800158E+002, 2.0000356E+001, 2.0000453E+001, 2.0001547E+001, 2.0011316E+001, 3.9119576E+001, 1.2655791E+002, 1.3490179E+002, 1.2188970E+002, 1.1313071E+002, 1.2653343E+002, 1.7411731E+002, 2.2055910E+002, 2.3731639E+002, 2.7197284E+002, 2.3158948E+002, 3.0740025E+002, 5.0641344E+002, 4.7091433E+002, 3.2506896E+002, 3.4512563E+002, 3.0413156E+002, 2.9754270E+002, 2.8513430E+002, 2.4617411E+000, 2.4368757E+000, 2.3606265E+000, 2.0525831E+000, 3.1473757E-001,-1.3570679E+000,-1.3301627E+000,-1.2785739E+000,-1.6244151E+000,-1.3743306E+000,-1.1271262E+000,-8.3913940E-001,-8.8074110E-001,-9.5299436E-001,-1.3130635E+000, 4.5098753E-001, 2.1488854E+000, 5.4598990E+000, 5.7148168E+000, 4.9054089E+000, 4.9981715E+000, 5.0982134E+000, 5.7363102E+000, 4.2026783E+004, 1.6220867E+000, 1.1027248E+001, 2.1795106E+001
 1.2900311E+002, 2.0000326E+001, 2.0000367E+001, 2.0001619E+001, 2.0011565E+001, 4.3341947E+001, 1.3879133E+002, 1.3177491E+002, 1.2505472E+002, 1.1145073E+002, 1.3846842E+002, 1.6874883E+002, 2.1933226E+002, 2.4816581E+002, 2.8866770E+002, 2.4176580E+002, 2.6341760E+002, 4.0734677E+002, 3.6927438E+002, 3.6856015E+002, 3.8081671E+002, 3.3628923E+002, 2.9206875E+002, 2.8647082E+002, 2.4631848E+000, 2.4971974E+000, 2.3171553E+000, 1.9857590E+000, 1.6661225E-001,-1.1835225E+000,-4.4645254E-001,-1.2208842E+000,-1.3762979E+000,-1.2592431E+000,-1.0993290E+000,-8.7002087E-001,-5.8481817E-001,-7.5293296E-001,-1.7952503E-002, 8.0786181E-001, 2.5127121E+000, 5.7189889E+000, 7.2121099E+000, 6.5699954E+000, 5.1924841E+000, 4.9868373E+000, 5.2871946E+000, 4.2174892E+004, 1.6365961E+000, 1.1216602E+001, 2.0790543E+001
 1.3000301E+002, 2.0000111E+001, 2.0000547E+001, 2.0001331E+001, 2.0011684E+001, 4.1101493E+001, 1.3615682E+002, 1.2444179E+002, 1.1194981E+002, 1.0556420E+002, 1.3169742E+002, 1.5032331E+002, 2.2983160E+002, 2.3525906E+002, 2.5506441E+002, 2.3463776E+002, 2.6999263E+002, 4.4278815E+002, 3.5400769E+002, 3.3663196E+002, 3.2911153E+002, 3.2614373E+002, 3.2633700E+002, 2.9254496E+002, 2.5250734E+000, 2.4255771E+000, 2.3687526E+000, 1.8973551E+000, 2.2513805E-001,-9.8864251E-001,-7.8088271E-001,-1.3999590E+000,-1.5026353E+000,-1.1827005E+000,-1.1707419E+000,-1.0183288E+000,-1.0654767E+000,-6.6337938E-001,-6.3965352E-001,-8.7588587E-001, 5.6604132E-003, 4.3415196E+000, 6.4590919E+000, 6.3831479E+000, 6.2550640E+000, 4.9964178E+000, 5.2614935E+000, 3.6907331E+004, 1.3974785E+000, 1.1413846E+001, 1.4894906E+001
 1.3100137E+002, 2.0000348E+001, 2.0000532E+001, 2.0001236E+001, 2.0011213E+001, 5.1987410E+001, 1.2654595E+002, 1.1908138E+002, 1.1125175E+002, 9.5188664E+001, 1.3788694E+002, 1.8172757E+002, 2.2737956E+002, 2.3841231E+002, 2.4773206E+002, 2.1863577E+002, 2.8055708E+002, 3.6431784E+002, 3.7000394E+002, 2.9625455E+002, 2.7918293E+002, 3.0077835E+002, 2.8822590E+002, 3.1946201E+002, 2.4741271E+000, 2.3816124E+000, 2.3808809E+000, 1.9546932E+000,-1.5820589E-001,-4.9630583E-001,-6.6907787E-001,-1.0271992E+000,-1.2654846E+000,-1.2876039E+000,-1.0686444E+000,-1.1177817E+000,-1.0908209E+000,-9.1324030E-001,-7.4586942E-001,-3.7951436E-001, 8.8668420E-001, 2.2366125E+000, 5.5368692E+000, 5.4360150E+000, 5.5387463E+000, 5.3714055E+000, 5.0445935E+000, 3.9597496E+004, 1.2862562E+000, 1.0551632E+001, 2.1942190E+001
 1.3200029E+002, 2.0000307E+001, 2.0000279E+001, 2.0001328E+001, 2.0010449E+001, 4.7556632E+001, 1.2946927E+002, 1.1459187E+002, 1.1031398E+002, 1.1055519E+002, 1.4324824E+002, 1.6240454E+002, 2.2117701E+002, 2.6302326E+002, 2.5456601E+002, 2.5771547E+002, 3.5430322E+002, 4.1858891E+002, 3.9149334E+002, 2.6415722E+002, 2.8819435E+002, 2.9170272E+002, 2.8834155E+002, 2.9627342E+002, 2.4770222E+000, 2.4811794E+000, 2.4115454E+000, 2.0547470E+000,-1.5444421E-002,-4.4176131E-002,-8.7153421E-002,-4.8216358E-001,-1.3364362E+000,-1.4626956E+000,-1.1916742E+000,-1.1078237E+000,-1.0489505E+000,-3.9093380E-001,-1.3148732E+000,-1.5069866E+000, 1.6179295E-001, 3.5857495E+000, 3.9496407E+000, 5.6298252E+000, 5.0689371E+000, 5.5802757E+000, 4.7527413E+000, 4.0590164E+004, 1.1101039E+000, 9.9851412E+000, 2.0669908E+001
 1.3300344E+002, 2.0000265E+001, 2.0000432E+001, 2.0001346E+001, 2.0010174E+001, 2.4526439E+001, 1.2035683E+002, 1.2111271E+002, 8.9978028E+001, 1.3392784E+002, 1.6149707E+002, 1.8609797E+002, 2.1138261E+002, 2.6137628E+002, 2.6693387E+002, 2.8786224E+002, 3.5575671E+002, 3.5058506E+002, 3.6514050E+002, 3.6868405E+002, 3.1983424E+002, 2.9933257E+002, 3.0307245E+002, 2.7308975E+002, 2.4709734E+000, 2.4802207E+000, 2.3392268E+000, 2.1906228E+000, 3.5781029E-001,-4.6281897E-001, 6.8434426E-002,-7.0668668E-001,-1.1748990E+000,-1.4580452E+000,-1.3822854E+000,-1.2485947E+000,-1.0792924E+000,-4.0670669E-001,-1.1864250E+000,-1.7201620E+000, 1.0740232E+000, 3.8245599E+000, 6.6736872E+000, 5.9189100E+000, 5.0107545E+000, 5.0209391E+000, 4.8201778E+000, 4.1242486E+004, 1.2185311E+000, 1.0706001E+001, 1.9100072E+001
 1.3400033E+002, 2.0000147E+001, 2.0000531E+001, 2.0001101E+001, 2.0010476E+001, 2.6149034E+001, 1.1823214E+002, 1.2544214E+002, 9.6849997E+001, 1.1469813E+002, 1.4300478E+002, 1.8409568E+002, 2.2125742E+002, 2.5714438E+002, 2.8221874E+002, 3.1397796E+002, 3.3892384E+002, 3.9314370E+002, 3.4602406E+002, 2.8008463E+002, 2.8229798E+002, 3.2191997E+002, 2.9357877E+002, 2.8900740E+002, 2.5329394E+000, 2.4264203E+000, 2.3954458E+000, 2.1437823E+000,-2.1180889E-001,-3.5524598E-001,-5.6261984E-001,-1.4517139E+000,-1.2950436E+000,-1.1378045E+000,-1.2342730E+000,-1.2317106E+000,-9.0919172E-001,-8.7672337E-001,-1.3986999E+000,-2.3030246E-001, 7.1971863E-001, 2.9872535E+000, 4.8450066E+000, 4.5357557E+000, 6.0966252E+000, 4.5252590E+000, 4.6755703E+000, 3.8314789E+004, 1.4366767E+000, 1.0570535E+001, 1.9145045E+001
 1.3500285E+002, 2.0000325E+001, 2.0000431E+001, 2.0001264E+001, 2.0010198E+001, 2.8173843E+001, 1.1595673E+002, 1.2248406E+002, 1.2328397E+002, 1.1629277E+002, 1.4528298E+002, 1.8715572E+002, 2.1547276E+002, 2.6765590E+002, 2.8863275E+002, 2.8879747E+002, 3.5837926E+002, 3.4780004E+002, 3.7511104E+002, 3.1386562E+002, 2.6052927E+002, 2.7567612E+002, 2.9575934E+002, 2.8516010E+002, 2.4941820E+000, 2.4440629E+000, 2.4610785E+000, 2.1194652E+000,-3.4174666E-001,-2.5615238E-001,-6.9259859E-001,-1.3376372E+000,-1.5686687E+000,-1.2116850E+000,-1.0454111E+000,-1.1808860E+000,-1.2889553E+000,-1.3137588E+000,-1.0589156E+000,-9.3859737E-002, 6.4268786E-001, 3.4795099E+000, 5.1886654E+000, 4.7247885E+000, 3.6956686E+000, 4.6110633E+000, 4.0864591E+000, 3.7975558E+004, 1.4869731E+000, 1.0201591E+001, 1.6925387E+001
 1.3600271E+002, 2.0000354E+001, 2.0000305E+001, 2.0001321E+001, 2.0009747E+001, 2.3419595E+001, 1.1394674E+002, 1.2133412E+002, 1.2636089E+002, 1.2228878E+002, 1.3252055E+002, 1.6309737E+002, 2.1753906E+002, 2.6710511E+002, 2.8366384E+002, 2.5918558E+002, 3.4826712E+002, 3.4749488E+002, 3.4881010E+002, 3.5649274E+002, 3.1851498E+002, 2.7063347E+002, 2.7581850E+002, 2.8327292E+002, 2.4514996E+000, 2.4804335E+000, 2.3774313E+000, 2.1257221E+000, 8.3616722E-002,-9.0850858E-002,-3.4059482E-001,-1.2606259E+000,-1.7541047E+000,-1.2889885E+000,-1.2064523E+000,-1.1426387E+000,-1.3311645E+000,-1.6417041E+000,-8.5231875E-001,-3.1070825E-001, 4.4622589E-001, 5.4106772E+000, 6.2483315E+000, 6.2864284E+000, 5.1357559E+000, 4.0528840E+000, 4.4174037E+000, 3.9772856E+004, 1.5279896E+000, 1.0101985E+001, 1.7316531E+001
 1.3700208E+002, 2.0000474E+001, 2.0000446E+001, 2.0001282E+001, 2.0009787E+001, 2.2165458E+001, 1.1519369E+002, 1.2618444E+002, 1.1698950E+002, 1.3308614E+002, 1.3401283E+002, 1.5815966E+002, 2.1791374E+002, 2.7279612E+002, 2.5414632E+002, 2.8159981E+002, 3.7193413E+002, 4.2617485E+002, 3.6309079E+002, 2.3591092E+002, 3.2246848E+002, 3.4355856E+002, 2.7398966E+002, 2.7258946E+002, 2.4627894E+000, 2.4932464E+000, 2.3425540E+000, 2.1869269E+000, 7.1387785E-002,-5.6751986E-001,-2.3929483E-001,-9.5003316E-001,-1.7048476E+000,-1.3972946E+000,-1.2125655E+000,-1.3623106E+000,-1.4246227E+000,-1.7092699E+000,-1.2053605E+000, 9.7641176E-002, 1.7253516E+000, 4.7440764E+000, 5.9836324E+000, 6.2488131E+000, 6.2062717E+000, 4.8786110E+000, 4.3270482E+000, 4.0420144E+004, 1.6238703E+000, 1.0585519E+001, 2.5287639E+001
 1.3800302E+002, 2.0000234E+001, 2.0000625E+001, 2.0001127E+001, 2.0009967E+001, 2.1034152E+001, 1.1475250E+002, 1.4626080E+002, 1.2346343E+002, 1.1680541E+002, 1.3660498E+002, 1.7517431E+002, 2.2369206E+002, 2.7562324E+002, 2.6451192E+002, 3.4541171E+002, 3.6293801E+002, 3.8614767E+002, 4.7910360E+002, 3.7204664E+002, 2.3924351E+002, 2.7712572E+002, 3.1066912E+002, 2.7145360E+002, 2.4709267E+000, 2.3882658E+000, 2.4225901E+000, 2.1361586E+000, 3.8133295E-001,-5.9292792E-001,-9.4138902E-001,-1.1259992E+000,-1.6181439E+000,-1.5142180E+000,-1.5040747E+000,-1.5388146E+000,-1.5449441E+000,-8.9862979E-001,-1.6964310E+000,-2.3902716E-001, 1.6622274E+000, 6.3980772E+000, 7.4426297E+000, 6.6284793E+000, 5.4025861E+000, 5.3870337E+000, 4.7663317E+000, 3.9863870E+004, 1.5689984E+000, 1.0497409E+001, 1.8653021E+001
 1.3900297E+002, 2.0000099E+001, 2.0000611E+001, 2.0001273E+001, 2.0010067E+001, 2.2194401E+001, 1.1433623E+002, 1.4437209E+002, 1.3680378E+002, 1.2058907E+002, 1.0722615E+002, 1.8010949E+002, 2.3182968E+002, 2.8043337E+002, 3.0128820E+002, 3.1918510E+002, 3.1809017E+002, 3.2345784E+002, 2.9676138E+002, 3.6034797E+002, 3.0123796E+002, 2.6913476E+002, 2.7755034E+002, 2.9072502E+002, 2.5054124E+000, 2.4010463E+000, 2.4377828E+000, 1.9330016E+000,-1.4886756E-001,-4.0494298E-001,-1.0225234E+000,-1.1247556E+000,-1.3664496E+000,-1.4588270E+000,-1.4732569E+000,-1.8239715E+000,-1.2081439E+000,-1.6531164E+000,-1.6102877E+000,-1.0782674E-001,-1.9409514E+000, 3.3153006E+000, 6.2829693E+000, 6.3309200E+000, 4.9602472E+000, 4.6828447E+000, 4.5017552E+000, 3.6947007E+004, 1.4988538E+000, 1.0454530E+001, 2.4171941E+001
 1.4000147E+002, 2.0000185E+001, 2.0000569E+001, 2.0001395E+001, 2.0009282E+001, 2.1497740E+001, 1.0983069E+002, 1.3356700E+002, 1.3870038E+002, 1.2513367E+002, 1.0143936E+002, 1.7898486E+002, 2.4833279E+002, 2.7383889E+002, 3.0421017E+002, 3.6935703E+002, 4.7150708E+002, 3.3147871E+002, 2.8927165E+002, 2.4026401E+002, 2.3098865E+002, 2.7041747E+002, 2.7590828E+002, 2.8202575E+002, 2.4977579E+000, 2.3559457E+000, 2.3713476E+000, 2.1939976E+000,-6.1472123E-002,-1.3221966E-001,-3.1337575E-001,-8.9295913E-001,-1.2519867E+000,-1.6738249E+000,-1.7400720E+000,-1.3456303E+000,-1.1448133E+000,-9.8580197E-001,-1.2362092E+000,-3.2493164E-001, 1.1630825E+000, 2.9037006E+000, 4.0421774E+000, 5.4998126E+000, 5.7060743E+000, 5.2017848E+000, 5.2228468E+000, 4.1628571E+004, 1.4868485E+000, 9.9965994E+000, 2.7262363E+001
 1.4100113E+002, 2.0000489E+001, 2.0000267E+001, 2.0001620E+001, 2.0009670E+001, 2.1085977E+001, 1.1192766E+002, 1.2335778E+002, 1.3400146E+002, 1.2403742E+002, 1.0779811E+002, 1.6895108E+002, 2.4670597E+002, 2.9126750E+002, 3.0254629E+002, 3.3921771E+002, 4.3783668E+002, 4.6190561E+002, 3.6653988E+002, 3.0160010E+002, 2.8394028E+002, 2.5935248E+002, 2.8457107E+002, 2.6641997E+002, 2.4472725E+000, 2.5004201E+000, 2.2911747E+000, 2.2577510E+000, 7.6559307E-001,-5.6832922E-001, 3.1276554E-002,-1.1704516E+000,-1.1740515E+000,-1.6615469E+000,-1.5568369E+000,-1.0461369E+000,-1.3324517E+000, 3.1006628E-002,-1.0456065E+000,-4.2476981E-001, 6.5814711E-001, 3.9067133E+000, 5.1409966E+000, 4.4814124E+000, 5.4271651E+000, 5.4585625E+000, 4.7196915E+000, 4.2451973E+004, 1.4998661E+000, 1.0507772E+001, 2.1519975E+001
 1.4200302E+002, 2.0000439E+001, 2.0000299E+001, 2.0001535E+001, 2.0010050E+001, 2.0274472E+001, 1.2230312E+002, 1.2124442E+002, 1.2933816E+002, 1.4776564E+002, 1.0965436E+002, 1.5259597E+002, 2.2916297E+002, 2.8694113E+002, 3.0075981E+002, 3.3554349E+002, 4.3192703E+002, 4.4281172E+002, 3.9619081E+002, 2.8000250E+002, 2.6333267E+002, 2.8093485E+002, 2.7077199E+002, 2.8528947E+002, 2.4509405E+000, 2.5049457E+000, 2.2649385E+000, 2.2317792E+000, 1.2795055E+000,-5.8720691E-002, 2.3746095E-001,-9.3795313E-001,-1.8057331E+000,-1.4826526E+000,-1.5140402E+000,-1.1517453E+000,-6.9249497E-001,-6.0941594E-001,-1.5918768E+000,-2.2216839E+000, 1.0470519E+000, 3.2836088E+000, 5.6176277E+000, 6.0460123E+000, 4.4395778E+000, 4.6509573E+000, 4.4235619E+000, 3.8927989E+004, 1.5263740E+000, 1.0986485E+001, 1.8809794E+001
 1.4300389E+002, 2.0000445E+001, 2.0000628E+001, 2.0001225E+001, 2.0010336E+001, 2.0186874E+001, 1.0855854E+002, 1.2088980E+002, 1.3457040E+002, 1.3159562E+002, 1.0544463E+002, 1.9050399E+002, 2.2607471E+002, 2.4439220E+002, 3.0638790E+002, 3.8180706E+002, 3.7497553E+002, 3.5593597E+002, 3.6533822E+002, 3.3026247E+002, 2.8056810E+002, 2.6842525E+002, 2.7542118E+002, 2.8585901E+002, 2.4509404E+000, 2.4293861E+000, 2.2960455E+000, 2.0963361E+000, 1.0184627E+000, 2.5210677E-001,-1.2270807E-001,-1.5663677E+000,-1.5846691E+000,-1.6130226E+000,-1.2869610E+000,-1.1808029E+000,-4.8529285E-001,-7.7582784E-001,-1.8735912E+000,-1.9209497E+000,-6.0770996E-002, 3.2977813E+000, 5.7009396E+000, 6.0130304E+000, 6.0266113E+000, 4.8598439E+000, 4.0612752E+000, 3.9339555E+004, 1.7471548E+000, 1.0426635E+001, 1.8531750E+001
 1.4400010E+002, 2.0000433E+001, 2.0000746E+001, 2.0001072E+001, 2.0010125E+001, 2.0082429E+001, 1.0257387E+002, 1.4057091E+002, 1.6167767E+002, 1.2233404E+002, 1.1843586E+002, 1.4396133E+002, 2.3067195E+002, 2.8922391E+002, 3.3916456E+002, 3.8204686E+002, 4.8231095E+002, 4.2634287E+002, 2.6960106E+002, 2.7201442E+002, 2.6690992E+002, 2.7226269E+002, 2.7525087E+002, 2.7073174E+002, 2.4305836E+000, 2.3374071E+000, 2.4524005E+000, 1.8678555E+000, 1.2137689E+000,-7.0651186E-002,-9.7872943E-001,-1.2130242E+000,-1.1976022E+000,-1.5926922E+000,-1.3647293E+000,-8.2332083E-001,-1.1047063E+000,-1.4268037E+000,-1.6920516E+000,-5.6796298E-002,-2.3169856E-001, 3.1540839E+000, 4.7867767E+000, 5.8911305E+000, 6.1086354E+000, 5.6019447E+000, 4.2682015E+000, 4.1067652E+004, 1.7445809E+000, 9.9814888E+000, 3.1068707E+001
 1.4500133E+002, 2.0000343E+001, 2.0000684E+001, 2.0001486E+001, 2.0010589E+001, 2.0041676E+001, 1.0776796E+002, 1.4146986E+002, 1.4124458E+002, 1.2715837E+002, 1.5131615E+002, 1.6677541E+002, 2.5315696E+002, 3.1561999E+002, 3.8381129E+002, 3.1917477E+002, 3.2044254E+002, 3.7834339E+002, 4.3051075E+002, 3.5863229E+002, 3.1439713E+002, 2.8825684E+002, 2.5755113E+002, 2.7650764E+002, 2.4994976E+000, 2.4043550E+000, 2.4374685E+000, 1.8298322E+000, 1.4190549E+000, 3.4788222E-002,-1.2626533E+000,-1.0088747E+000,-1.5435262E+000,-1.5532334E+000,-1.4671473E+000,-8.7991348E-001,-1.2929170E+000,-1.8053489E+000,-7.6870476E-001, 7.4773944E-001,-4.9543940E-001, 5.2804195E+000, 6.1491500E+000, 5.4085645E+000, 5.4437374E+000, 5.3149447E+000, 4.8147168E+000, 3.9530705E+004, 1.6124540E+000, 1.0185450E+001, 1.6037634E+001
 1.4600115E+002, 2.0000346E+001, 2.0000712E+001, 2.0001603E+001, 2.0009516E+001, 2.0037394E+001, 1.1191544E+002, 1.3315033E+002, 1.3538801E+002, 1.5482317E+002, 1.6682708E+002, 2.4839340E+002, 2.9406194E+002, 3.3427683E+002, 3.7182296E+002, 3.2826105E+002, 3.1580427E+002, 3.4118455E+002, 3.6347376E+002, 3.5152179E+002, 3.2475703E+002, 3.2673852E+002, 2.8364312E+002, 2.6061472E+002, 2.4601508E+000, 2.3403085E+000, 2.2442844E+000, 2.2577380E+000, 1.2734618E+000, 2.3578856E-002,-9.3485960E-001,-1.3573546E+000,-1.5951981E+000,-1.6578410E+000,-1.6673521E+000,-1.5927770E+000,-1.5810115E+000,-1.4295433E+000,-1.5573936E-001,-4.5714012E-001, 4.1127670E-001, 2.7636197E+000, 5.4038571E+000, 6.6318945E+000, 5.6822141E+000, 5.4309689E+000, 4.6529892E+000, 3.9335690E+004, 1.5943220E+000, 1.0548382E+001, 1.3886892E+001
 1.4700336E+002, 2.0000377E+001, 2.0000603E+001, 2.0001555E+001, 2.0009449E+001, 2.0039505E+001, 1.1939252E+002, 1.2827031E+002, 1.3714911E+002, 1.3858009E+002, 2.0411203E+002, 2.3096692E+002, 2.8018669E+002, 3.5597640E+002, 3.5204242E+002, 3.1589301E+002, 3.1888599E+002, 3.3073151E+002, 3.5118366E+002, 3.2498281E+002, 3.1911429E+002, 3.0889145E+002, 3.0823766E+002, 2.8022277E+002, 2.4575635E+000, 2.3854154E+000, 2.2925933E+000, 2.2742237E+000, 1.4393801E+000,-1.1786844E-001,-4.5825250E-001,-1.7536270E+000,-1.4589884E+000,-1.5660276E+000,-1.9975318E+000,-1.4372831E+000,-1.6591268E+000,-1.2038906E+000,-3.4614386E-001,-7.1458326E-001, 1.6254664E+000,-1.0709408E-001, 5.0818640E+000, 6.2790818E+000, 5.8638717E+000, 5.6683834E+000, 5.3519845E+000, 4.0088122E+004, 1.7357467E+000, 1.0755218E+001, 1.5701466E+001
 1.4800025E+002, 2.0000287E+001, 2.0000514E+001, 2.0001619E+001, 2.0009672E+001, 2.0032650E+001, 1.3568829E+002, 1.3427806E+002, 1.3872915E+002, 1.4338961E+002, 1.7785517E+002, 1.6501327E+002, 2.7791474E+002, 3.2072071E+002, 3.2709736E+002, 2.6879024E+002, 2.8866697E+002, 3.5225743E+002, 3.1658558E+002, 3.1497685E+002, 2.9764820E+002, 3.0758155E+002, 3.0757284E+002, 2.9753653E+002, 2.4392262E+000, 2.4348465E+000, 2.2720752E+000, 2.0855390E+000, 1.6318907E+000,-7.4133906E-001,-1.5819422E+000,-1.5670693E+000,-1.9614080E+000,-1.9960898E+000,-1.7094138E+000,-1.8117484E+000,-8.2256601E-001,-7.6817581E-001,-1.8210673E-001, 4.2414074E-001,-1.3778891E-001, 4.1500553E+000, 5.0514042E+000, 5.5065806E+000, 5.9493359E+000, 5.6253559E+000, 5.3355209E+000, 4.0485572E+004, 1.7516704E+000, 1.0772279E+001, 1.6235333E+001
 1.4900016E+002, 2.0000468E+001, 2.0000564E+001, 2.0001499E+001, 2.0009851E+001, 2.0031341E+001, 1.3973554E+002, 1.5352868E+002, 1.3957164E+002, 1.4551174E+002, 1.7459995E+002, 1.8044016E+002, 2.6163177E+002, 3.2006689E+002, 3.0220690E+002, 3.1907964E+002, 3.3089417E+002, 3.7210725E+002, 2.2738901E+002, 2.7939834E+002, 3.3715424E+002, 2.7962255E+002, 2.8998749E+002, 2.9093255E+002, 2.4120096E+000, 2.4228792E+000, 2.2832453E+000, 2.0080063E+000, 1.6060786E+000,-8.1874109E-001,-1.4643320E+000,-2.0214867E+000,-1.7031542E+000,-2.0195311E+000,-1.8157637E+000,-1.5618767E+000,-1.1786448E+000,-8.9970538E-001,-1.0972374E+000,-5.4743402E-002, 1.8049562E+000, 2.8804507E+000, 4.7492871E+000, 6.2731573E+000, 5.3897846E+000, 4.9944552E+000, 5.1817140E+000, 3.5867683E+004, 1.8910187E+000, 1.0359659E+001, 1.4706760E+001
 1.5000127E+002, 2.0000351E+001, 2.0000471E+001, 2.0001324E+001, 2.0009793E+001, 2.0032608E+001, 1.4414794E+002, 1.4215140E+002, 1.3835525E+002, 1.0932586E+002, 1.7908227E+002, 1.7137115E+002, 2.3318687E+002, 2.7539491E+002, 3.0464810E+002, 3.3974722E+002, 3.4102183E+002, 3.7784270E+002, 4.4002494E+002, 2.8070169E+002, 2.6148172E+002, 2.9941441E+002, 2.7326524E+002, 2.7377800E+002, 2.4719552E+000, 2.3605713E+000, 2.3456931E+000, 2.1114644E+000, 1.2730440E+000,-9.6077347E-001,-1.4697027E+000,-1.4808460E+000,-1.7542479E+000,-2.1616786E+000,-1.8829606E+000,-1.1612952E+000,-9.2783104E-001,-6.8058262E-001,-1.6656818E+000,-4.2360510E-001, 2.0762044E+000, 4.8787316E+000, 4.6690929E+000, 4.4267155E+000, 5.4429625E+000, 5.0168195E+000, 4.5641970E+000, 4.1201029E+004, 1.8084651E+000, 1.0070082E+001, 2.2629957E+001
 1.5100020E+002, 2.0000358E+001, 2.0000715E+001, 2.0001342E+001, 2.0009683E+001, 2.0031549E+001, 1.4287517E+002, 1.3459207E+002, 1.3405120E+002, 1.3519634E+002, 1.6458756E+002, 1.5446419E+002, 2.4249403E+002, 2.4090731E+002, 3.0479545E+002, 3.0816578E+002, 3.5078274E+002, 3.9729169E+002, 3.6585412E+002, 3.2556207E+002, 3.1693481E+002, 2.3328160E+002, 3.0593215E+002, 2.6639821E+002, 2.4800774E+000, 2.3722634E+000, 2.3650372E+000, 2.1282349E+000, 1.6363137E+000,-1.0441857E+000,-1.1346489E+000,-1.3424414E+000,-2.1340956E+000,-1.6890497E+000,-1.3938555E+000,-1.3828423E+000,-6.3220608E-001,-5.7825854E-001,-1.3375968E+000,-1.1719803E+000, 1.6986033E-001, 4.4608221E+000, 5.4767356E+000, 5.9564050E+000, 4.7471526E+000, 5.1401426E+000, 4.8228762E+000, 4.0321052E+004, 1.8770226E+000, 1.0532642E+001, 2.2241602E+001
 1.5200025E+002, 2.0000152E+001, 2.0000506E+001, 2.0001280E+001, 2.0009269E+001, 2.0030768E+001, 1.4102922E+002, 1.3025135E+002, 1.5003684E+002, 1.5469333E+002, 1.3546651E+002, 1.8567627E+002, 2.2104825E+002, 2.5673393E+002, 2.8927608E+002, 3.5464011E+002, 3.9829542E+002, 3.3390714E+002, 3.0841793E+002, 3.0239575E+002, 2.5091154E+002, 3.2104127E+002, 2.5567021E+002, 2.8908071E+002, 2.4695473E+000, 2.3809461E+000, 2.3216671E+000, 2.1802153E+000, 1.6626906E+000,-9.5188847E-001,-8.6521033E-001,-2.0682051E+000,-1.9555858E+000,-1.7923941E+000,-1.5330425E+000,-1.3540128E+000,-1.0136102E+000,-1.6304552E+000,-9.7409286E-001,-1.0637164E+000,-2.8946499E-001, 3.7972178E+000, 5.0369925E+000, 4.7974641E+000, 5.6693401E+000, 4.3746969E+000, 4.3687642E+000, 4.1256841E+004, 2.2214205E+000, 9.8475942E+000, 1.8811680E+001
 1.5300150E+002, 2.0000288E+001, 2.0000483E+001, 2.0001505E+001, 2.0009032E+001, 2.0029631E+001, 1.3965563E+002, 1.4307586E+002, 1.5412480E+002, 1.5017224E+002, 1.5531019E+002, 2.0382606E+002, 2.3865901E+002, 2.8460122E+002, 3.3475883E+002, 5.6600996E+002, 6.0287928E+002, 4.0627562E+002, 2.8140023E+002, 2.8357508E+002, 3.2653297E+002, 2.6559858E+002, 3.0857328E+002, 2.7152271E+002, 2.4959316E+000, 2.4852534E+000, 2.3802374E+000, 2.2663209E+000, 1.6807761E+000,-2.1754731E-001,-1.6668652E+000,-1.9164297E+000,-1.6633751E+000,-1.7974794E+000,-1.6159272E+000,-1.1419609E+000,-1.2586528E+000,-2.6012510E+000,-1.9572354E+000, 3.1875662E-001, 1.2731350E+000, 1.7316253E+000, 4.7397322E+000, 5.7955392E+000, 5.5127233E+000, 5.7032972E+000, 4.2753093E+000, 4.1733371E+004, 2.0773174E+000, 9.7456787E+000, 5.9462272E+001
 1.5400207E+002, 2.0000240E+001, 2.0000273E+001, 2.0001321E+001, 2.0009221E+001, 2.0030934E+001, 1.4775988E+002, 1.7793874E+002, 1.4512748E+002, 1.7097692E+002, 1.4948396E+002, 2.1309294E+002, 2.3969428E+002, 2.7502854E+002, 3.4079366E+002, 3.6166702E+002, 4.5738875E+002, 4.9442536E+002, 4.2045663E+002, 3.2810950E+002, 2.3793493E+002, 2.9514060E+002, 2.9950702E+002, 2.9363420E+002, 2.5037261E+000, 2.4632456E+000, 2.3543115E+000, 2.2340508E+000, 1.6405809E+000,-6.0455888E-001,-1.7866339E+000,-1.7919735E+000,-1.6669590E+000,-1.9936280E+000,-1.6003317E+000,-1.2580825E+000,-1.0273830E+000,-1.4355245E+000,-3.5003314E-001, 1.1961044E+000, 1.9811403E+000, 5.7938521E+000, 5.4732915E+000, 4.6594996E+000, 5.3423354E+000, 5.6618130E+000, 4.9584920E+000, 4.0397159E+004, 1.9711727E+000, 1.0562401E+001, 2.1678675E+001
 1.5500276E+002, 2.0000381E+001, 2.0000350E+001, 2.0001299E+001, 2.0009864E+001, 2.0033164E+001, 1.7404505E+002, 1.5690025E+002, 1.5966769E+002, 1.6624501E+002, 1.4377569E+002, 1.7038361E+002, 2.2515628E+002, 3.1893971E+002, 3.2162486E+002, 3.2965411E+002, 3.8694380E+002, 4.1490377E+002, 3.2192498E+002, 3.1497951E+002, 3.5959543E+002, 2.4473804E+002, 2.8129615E+002, 2.8680295E+002, 2.4623349E+000, 2.4922489E+000, 2.3921438E+000, 2.2644465E+000, 1.4532029E+000,-1.2711126E+000,-1.8791171E+000,-1.8004236E+000,-2.1608058E+000,-1.8536142E+000,-1.4086887E+000,-1.2664030E+000,-1.2472789E+000,-9.6395002E-002,-3.3274182E-001, 3.7580602E-001, 2.3327215E-001, 4.5627554E+000, 6.1750858E+000, 6.4573036E+000, 4.3219228E+000, 4.9689982E+000, 4.7085175E+000, 3.9898935E+004, 1.9461269E+000, 1.0793087E+001, 1.6246841E+001
 1.5600147E+002, 2.0000485E+001, 2.0000362E+001, 2.0001067E+001, 2.0009770E+001, 2.0048312E+001, 1.7732622E+002, 1.5165359E+002, 1.6676756E+002, 1.4959317E+002, 1.2674892E+002, 1.4407190E+002, 2.2633484E+002, 2.9497228E+002, 3.6748101E+002, 3.0775547E+002, 3.7081824E+002, 3.8629626E+002, 3.5497069E+002, 3.4732215E+002, 2.8356866E+002, 3.0266688E+002, 2.7237111E+002, 2.7410107E+002, 2.4479266E+000, 2.4890792E+000, 2.4441724E+000, 2.2367102E+000, 1.1120002E+000,-1.2169498E+000,-1.3434074E+000,-2.2016299E+000,-1.9649509E+000,-1.7780040E+000,-1.5233173E+000,-1.4939573E+000,-1.0318519E+000,-1.5351224E-001,-8.5568332E-001,-5.4438963E-001, 1.4263486E+000, 2.5325321E+000, 6.7173987E+000, 6.1488070E+000, 5.6328236E+000, 3.8144777E+000, 4.7644634E+000, 3.9097648E+004, 1.9441058E+000, 1.0765654E+001, 1.6007762E+001
 1.5700327E+002, 2.0000431E+001, 2.0000558E+001, 2.0001155E+001, 2.0010232E+001, 2.0202860E+001, 1.6699400E+002, 1.4475969E+002, 1.3805035E+002, 1.4909257E+002, 1.0869690E+002, 1.5822124E+002, 2.3006312E+002, 2.8646529E+002, 3.2357738E+002, 3.1966392E+002, 3.2540084E+002, 3.9368009E+002, 3.3400727E+002, 3.4851547E+002, 3.2719210E+002, 3.0128148E+002, 2.8915617E+002, 2.6772953E+002, 2.4083055E+000, 2.4434625E+000, 2.4716540E+000, 2.1412415E+000, 8.5387092E-001,-1.4516217E+000,-1.1762839E+000,-1.8634554E+000,-1.8561095E+000,-1.5966808E+000,-1.7449034E+000,-1.2581435E+000,-6.5780028E-001,-9.7511947E-001,-1.0838268E+000,-1.2077787E+000, 6.9351670E-001, 2.8798029E+000, 4.1597010E+000, 6.1732660E+000, 6.3411026E+000, 4.7866698E+000, 3.8627289E+000, 4.0234799E+004, 1.8671512E+000, 1.0741285E+001, 1.6317536E+001
 1.5800008E+002, 1.9999951E+001, 2.0000691E+001, 2.0001220E+001, 2.0010144E+001, 2.1096827E+001, 1.5551219E+002, 1.3890826E+002, 1.5489935E+002, 1.4856414E+002, 1.4393916E+002, 1.7250118E+002, 2.6081814E+002, 3.1111525E+002, 3.1358953E+002, 3.3024875E+002, 3.0664336E+002, 3.7202594E+002, 3.4268625E+002, 2.8921534E+002, 3.7721066E+002, 3.0714358E+002, 2.9769977E+002, 2.8953229E+002, 2.5413819E+000, 2.4470407E+000, 2.4203908E+000, 2.1653899E+000, 2.7895600E-001,-7.3112459E-001,-1.5307151E+000,-1.4950042E+000,-1.9133364E+000,-1.9665988E+000,-1.3851235E+000,-1.0582941E+000,-7.0391530E-001,-2.2176540E-001,-7.5082693E-001,-2.7205827E-001,-1.2078135E+000, 2.7862680E+000, 5.1948949E+000, 5.2342273E+000, 5.9883087E+000, 6.1872958E+000, 4.2824591E+000, 4.0231868E+004, 1.8239339E+000, 1.1087594E+001, 1.6095706E+001
 1.5900053E+002, 2.0000101E+001, 2.0000741E+001, 2.0001374E+001, 2.0010383E+001, 3.0611547E+001, 1.4895745E+002, 1.6364003E+002, 1.4390703E+002, 1.5628246E+002, 1.4034985E+002, 1.8976275E+002, 2.7442890E+002, 3.0677347E+002, 3.2327662E+002, 3.0063094E+002, 3.1595601E+002, 4.2961220E+002, 3.1208168E+002, 3.0355948E+002, 2.4020011E+002, 3.3219657E+002, 2.9247600E+002, 2.9005897E+002, 2.5097991E+000, 2.2985015E+000, 2.4296428E+000, 2.2887131E+000,-4.9401169E-001,-6.2679148E-001,-1.5186603E+000,-1.6516296E+000,-1.7530486E+000,-1.8669011E+000,-1.4393421E+000,-1.0841817E+000,-7.0405309E-001,-7.8892147E-001,-1.6013633E+000, 1.2960262E-001,-5.4519874E-001, 2.1727299E+000, 3.3669358E+000, 4.6408858E+000, 4.8980981E+000, 5.2358532E+000, 5.4761867E+000, 4.0880795E+004, 1.7791195E+000, 1.0858179E+001, 1.6128759E+001
 1.6000135E+002, 2.0000256E+001, 2.0000134E+001, 2.0001588E+001, 2.0010906E+001, 3.5350325E+001, 1.5296797E+002, 1.5406829E+002, 1.3717291E+002, 1.6186304E+002, 1.4439154E+002, 1.9044928E+002, 3.0306259E+002, 3.1314075E+002, 3.3162955E+002, 2.7807873E+002, 4.0763513E+002, 4.3084346E+002, 3.3127889E+002, 2.8031384E+002, 3.0716315E+002, 2.3762724E+002, 2.9987108E+002, 2.7743269E+002, 2.4531491E+000, 2.4552241E+000, 2.3752521E+000, 2.0303149E+000,-9.9083672E-002,-9.6129503E-001,-1.5254739E+000,-1.6567175E+000,-1.4974064E+000,-1.9737113E+000,-1.7904894E+000,-1.0456841E+000,-8.9976867E-001,-8.6627712E-001,-2.4867658E+000, 5.2538663E-001, 3.6039076E-001, 1.2229719E+000, 3.3154551E+000, 4.7905073E+000, 4.4070935E+000, 4.8404331E+000, 4.9688224E+000, 3.9940323E+004, 1.7992020E+000, 1.1231405E+001, 1.8884962E+001
 1.6100023E+002, 2.0000474E+001, 2.0000260E+001, 2.0001661E+001, 2.0011363E+001, 2.5254278E+001, 1.5694864E+002, 1.4588461E+002, 1.2773174E+002, 1.7138517E+002, 1.5216351E+002, 1.5854834E+002, 2.7615251E+002, 3.0827616E+002, 3.3130362E+002, 3.1278550E+002, 4.2439114E+002, 3.6693518E+002, 3.4247722E+002, 2.7156621E+002, 2.8550697E+002, 2.7860310E+002, 2.4887544E+002, 2.9209410E+002, 2.4421261E+000, 2.4952275E+000, 2.2840258E+000, 2.1223423E+000,-1.3685173E-001,-1.1685207E+000,-1.1371463E+000,-1.5236343E+000,-1.5693649E+000,-1.9081590E+000,-1.7321705E+000,-1.2019398E+000,-8.5080654E-001,-1.3639208E+000,-8.1246708E-001,-2.4960655E-002,-2.0913375E-001, 1.4464948E+000, 2.5979657E+000, 4.7122135E+000, 4.8467482E+000, 3.8729690E+000, 4.4965338E+000, 3.9174120E+004, 1.7036356E+000, 1.1092183E+001, 1.8192998E+001
 1.6200368E+002, 2.0000327E+001, 2.0000410E+001, 2.0001061E+001, 2.0011119E+001, 2.3233806E+001, 1.5104493E+002, 1.4459617E+002, 1.3577856E+002, 1.4626104E+002, 1.8011321E+002, 1.9520496E+002, 2.5179682E+002, 3.1031884E+002, 3.2472559E+002, 3.2130687E+002, 4.0238455E+002, 4.0327345E+002, 2.7985022E+002, 2.9599476E+002, 2.8907354E+002, 2.7559107E+002, 2.6555086E+002, 2.6896906E+002, 2.4611797E+000, 2.4058111E+000, 2.3597981E+000, 2.1123324E+000,-9.9567348E-002,-8.9213888E-001,-1.0881775E+000,-1.5025281E+000,-1.9910462E+000,-1.7158248E+000,-1.7981225E+000,-1.3873385E+000,-1.5627245E+000,-1.5304104E+000,-1.8150298E+000,-3.3281779E-001, 6.5555822E-001, 1.6357333E+000, 2.8861969E+000, 3.1872592E+000, 4.1277605E+000, 4.0799064E+000, 3.5655591E+000, 3.9057715E+004, 1.8295305E+000, 1.0839930E+001, 2.3131846E+001
 1.6300013E+002, 2.0000369E+001, 2.0000508E+001, 2.0001176E+001, 2.0011238E+001, 2.0556443E+001, 1.4907797E+002, 1.3999240E+002, 1.5113093E+002, 1.3719700E+002, 1.8644156E+002, 2.2485383E+002, 2.8199613E+002, 3.0017731E+002, 3.2542768E+002, 3.6319170E+002, 4.8851218E+002, 3.6108231E+002, 2.8197947E+002, 2.5811643E+002, 2.8598445E+002, 2.7334758E+002, 2.8204973E+002, 2.6355991E+002, 2.4320703E+000, 2.4366257E+000, 2.4340956E+000, 2.0481679E+000, 1.0986511E+000,-7.8809044E-001,-9.9376606E-001,-1.4596996E+000,-2.2040320E+000,-1.5991956E+000,-1.5560220E+000,-1.5068578E+000,-1.8414535E+000,-1.9538889E+000,-1.5936395E+000,-2.6447666E-001, 1.1984310E-002, 2.9753035E+000, 3.1953797E+000, 3.7786029E+000, 3.5353158E+000, 3.5648783E+000, 3.9225416E+000, 3.9434330E+004, 1.8701578E+000, 1.0267403E+001, 3.1924108E+001
 1.6400210E+002, 2.0000438E+001, 2.0000654E+001, 2.0001228E+001, 2.0010376E+001, 2.4449845E+001, 1.4793230E+002, 1.3824832E+002, 1.5001108E+002, 1.0455514E+002, 1.4073376E+002, 1.9946528E+002, 2.8257389E+002, 3.2558060E+002, 3.2219637E+002, 4.5587579E+002, 4.8513184E+002, 5.0991355E+002, 3.7917410E+002, 2.8212327E+002, 2.3329453E+002, 2.8828341E+002, 2.5942488E+002, 2.7379924E+002, 2.4566873E+000, 2.3294010E+000, 2.3954717E+000, 2.1691976E+000, 1.5913792E-001,-1.1534086E+000,-8.2912184E-001,-1.8467558E+000,-2.2130457E+000,-1.7687702E+000,-1.2440735E+000,-1.4772941E+000,-1.7639285E+000,-1.0339558E+000,-2.1500142E+000,-1.7202913E+000, 6.7507964E-001, 5.3219425E+000, 4.7691688E+000, 4.2352271E+000, 3.9171753E+000, 3.2613858E+000, 3.7364922E+000, 3.9962712E+004, 1.9316496E+000, 1.0171293E+001, 2.8135364E+001
 1.6500036E+002, 2.0000373E+001, 2.0000601E+001, 2.0001291E+001, 2.0010562E+001, 2.3403566E+001, 1.4526515E+002, 1.3540757E+002, 1.3256183E+002, 1.0422343E+002, 1.6411495E+002, 1.8778665E+002, 2.6039330E+002, 3.1364923E+002, 3.2717886E+002, 3.8423077E+002, 3.8485211E+002, 4.2806807E+002, 4.0888820E+002, 3.4155142E+002, 3.0370428E+002, 2.6773195E+002, 2.7181192E+002, 2.5637413E+002, 2.4611169E+000, 2.3689972E+000, 2.4566756E+000, 2.2164763E+000,-2.4590065E-001,-9.5850012E-001,-1.3352167E+000,-2.0644455E+000,-1.8391176E+000,-1.5943323E+000,-1.6510585E+000,-1.4616333E+000,-1.5640419E+000,-9.6995477E-001,-1.2902329E+000,-1.1855090E+000, 4.7836732E-001, 2.7716916E+000, 6.2271747E+000, 6.2250859E+000, 4.1606740E+000, 4.2694182E+000, 3.0898143E+000, 4.0907516E+004, 1.9948339E+000, 1.0615055E+001, 1.9158775E+001
 1.6600180E+002, 2.0000357E+001, 2.0000650E+001, 2.0001614E+001, 2.0011001E+001, 2.4115383E+001, 1.4336848E+002, 1.4698899E+002, 1.3250892E+002, 1.2084737E+002, 1.3776318E+002, 1.7567691E+002, 2.6115852E+002, 3.1220664E+002, 3.1347154E+002, 3.3847950E+002, 3.8053186E+002, 4.6490044E+002, 3.0745811E+002, 2.6982802E+002, 2.6688386E+002, 2.9421576E+002, 2.7149141E+002, 2.6262913E+002, 2.4823795E+000, 2.4200580E+000, 2.2539959E+000, 2.2084237E+000, 1.7566244E-001,-2.3944355E-001,-1.5373318E+000,-1.6706789E+000,-1.4546519E+000,-1.3799926E+000,-1.4333626E+000,-1.4888326E+000,-1.0412770E+000,-4.1061917E-001,-1.1815269E+000,-1.3678507E+000,-1.4961794E+000, 2.1983240E+000, 4.4827652E+000, 4.8817169E+000, 5.7724822E+000, 3.9125068E+000, 4.1995339E+000, 3.8684100E+004, 1.9428895E+000, 1.0667967E+001, 2.0691040E+001
 1.6700312E+002, 2.0000347E+001, 2.0000632E+001, 2.0001461E+001, 2.0011238E+001, 2.6272180E+001, 1.4181161E+002, 1.4882963E+002, 1.2445745E+002, 1.2476085E+002, 1.7282279E+002, 1.9786508E+002, 2.7389717E+002, 3.0489610E+002, 3.3672590E+002, 3.4479829E+002, 4.9273081E+002, 4.3735110E+002, 3.4061651E+002, 2.7076006E+002, 2.4479225E+002, 2.7464250E+002, 3.0323315E+002, 2.6737752E+002, 2.4632987E+000, 2.3881439E+000, 2.3209090E+000, 2.1598410E+000, 4.7278943E-003,-3.0360551E-001,-1.6165975E+000,-6.7339109E-001,-8.8418393E-001,-1.5667370E+000,-1.7144908E+000,-1.7401964E+000,-1.3721016E+000,-1.1415846E+000,-1.1084680E+000,-1.2372713E+000, 4.6560546E-001, 3.3765474E+000, 4.2242378E+000, 5.0126877E+000, 4.4304339E+000, 5.1128629E+000, 4.2343280E+000, 4.0048158E+004, 1.4547024E+000, 1.0272508E+001, 2.9879119E+001
 1.6800403E+002, 2.0000311E+001, 2.0000653E+001, 2.0001559E+001, 2.0011466E+001, 3.5179031E+001, 1.3531875E+002, 1.4434224E+002, 1.2989005E+002, 1.1580401E+002, 1.3682777E+002, 2.1990635E+002, 2.8437314E+002, 2.6275257E+002, 3.4357960E+002, 3.5717498E+002, 3.9599119E+002, 3.9336416E+002, 3.2721942E+002, 2.8994270E+002, 3.0683962E+002, 2.5963671E+002, 2.7943555E+002, 2.9434959E+002, 2.4672170E+000, 2.3816402E+000, 2.3470539E+000, 2.1250408E+000,-5.5283700E-001,-6.1917228E-001,-1.3755214E+000,-1.2617257E+000,-1.7795821E+000,-1.6518570E+000,-1.8343599E+000,-1.6477507E+000,-1.0027534E+000,-1.7511967E+000,-1.5341501E+000, 1.9433912E-001, 3.9841115E-001, 2.5591119E+000, 5.0885211E+000, 5.5187149E+000, 4.5100435E+000, 4.3437393E+000, 4.7864125E+000, 4.0555106E+004, 1.5112877E+000, 1.0798521E+001, 1.8413179E+001
 1.6900277E+002, 2.0000289E+001, 2.0000567E+001, 2.0001600E+001, 2.0011888E+001, 6.6004840E+001, 1.3914520E+002, 1.4484749E+002, 1.4108011E+002, 1.1232890E+002, 1.7524625E+002, 1.6995960E+002, 2.2823503E+002, 2.6358622E+002, 3.2746012E+002, 4.5585227E+002, 3.9912089E+002, 3.9589191E+002, 3.2354805E+002, 2.7252828E+002, 2.7746304E+002, 2.8884942E+002, 2.8013238E+002, 2.7555008E+002, 2.4707285E+000, 2.3974176E+000, 2.3092960E+000, 2.0584771E+000,-3.0208212E-001,-6.8082804E-001,-1.1060911E+000,-1.3724048E+000,-1.8416542E+000,-1.8335135E+000,-1.8039171E+000,-1.3120984E+000,-1.2126938E+000,-1.4872099E+000,-2.4356061E+000,-3.8433371E-002, 1.0276307E+000, 6.3175171E-001, 3.1893273E+000, 4.5427668E+000, 4.7430696E+000, 4.0551858E+000, 3.7691686E+000, 3.8563474E+004, 1.8557388E+000, 1.0323246E+001, 2.2360817E+001
 1.7000324E+002, 2.0000309E+001, 2.0000526E+001, 2.0001707E+001, 2.0012079E+001, 7.5151983E+001, 1.3060681E+002, 1.4154670E+002, 1.3483807E+002, 1.1104265E+002, 1.2900191E+002, 1.8491640E+002, 2.4337542E+002, 2.9750300E+002, 4.1169279E+002, 3.9455652E+002, 3.9151908E+002, 4.2403934E+002, 3.6039092E+002, 2.9668834E+002, 2.6723637E+002, 2.6262509E+002, 2.7159414E+002, 2.8583319E+002, 2.4686925E+000, 2.4159870E+000, 2.2614519E+000, 1.9968325E+000, 2.0475293E-001,-7.9289942E-001,-1.0285033E+000,-1.4889690E+000,-1.8667972E+000,-1.8388170E+000,-1.3730053E+000,-1.1253353E+000,-1.3319003E+000,-1.9448925E+000,-1.9999675E+000,-2.0415853E-001,-9.2467548E-001, 3.0096379E+000, 3.6613646E+000, 3.7710788E+000, 4.8790765E+000, 4.3508537E+000, 4.2870238E+000, 4.0629848E+004, 1.7604511E+000, 1.0242675E+001, 1.8349988E+001
 1.7100309E+002, 2.0000218E+001, 2.0000467E+001, 2.0001503E+001, 2.0011772E+001, 4.6940070E+001, 1.2779830E+002, 1.3556881E+002, 1.3240340E+002, 1.0196210E+002, 1.4566639E+002, 1.4572071E+002, 2.1293036E+002, 2.9432694E+002, 3.6357119E+002, 3.5964255E+002, 3.8308919E+002, 4.0876857E+002, 3.9473871E+002, 3.3466973E+002, 3.1923407E+002, 2.7807148E+002, 2.5505599E+002, 2.7196021E+002, 2.5027672E+000, 2.4419215E+000, 2.3514154E+000, 2.0316444E+000,-3.5684374E-002,-2.6821888E-001,-1.2379180E+000,-1.4729383E+000,-1.4510147E+000,-1.2877172E+000,-1.5730228E+000,-1.1815034E+000,-1.3809153E+000,-1.7697889E+000,-1.3128302E+000, 6.5706538E-001,-1.6347500E+000, 2.4610752E+000, 4.1777233E+000, 4.8959471E+000, 4.0702504E+000, 4.1826335E+000, 4.2231037E+000, 3.9208744E+004, 1.8741956E+000, 1.0369543E+001, 1.6521548E+001
 1.7200290E+002, 2.0000295E+001, 2.0000488E+001, 2.0001470E+001, 2.0012059E+001, 4.1294453E+001, 1.3265259E+002, 1.3154933E+002, 1.3504267E+002, 9.4206954E+001, 1.4393145E+002, 1.7224989E+002, 2.2767307E+002, 2.8562225E+002, 3.3078899E+002, 3.2988647E+002, 3.4178423E+002, 3.8706035E+002, 3.4624352E+002, 3.2869338E+002, 3.0250562E+002, 2.8347889E+002, 2.5838944E+002, 2.6810481E+002, 2.4549794E+000, 2.4159271E+000, 2.3244752E+000, 1.9179185E+000,-8.2016465E-002, 2.7667834E-002,-1.1113423E+000,-1.2794140E+000,-1.1926787E+000,-1.6729062E+000,-1.2691278E+000,-1.6226956E+000,-1.5509507E+000,-7.9891156E-001,-1.0913525E+000,-2.6483844E-001,-9.9492191E-001, 3.0670056E+000, 4.7974400E+000, 5.0283130E+000, 5.3203819E+000, 3.5493838E+000, 4.1691913E+000, 4.1677117E+004, 1.7063033E+000, 1.0719928E+001, 1.8383213E+001
 1.7300065E+002, 2.0000327E+001, 2.0000406E+001, 2.0001398E+001, 2.0011323E+001, 3.6262409E+001, 1.3360304E+002, 1.3465730E+002, 1.3145022E+002, 9.9551843E+001, 1.3711745E+002, 1.6827087E+002, 2.3429329E+002, 2.8463930E+002, 3.0863777E+002, 3.1586211E+002, 3.7435220E+002, 3.7966013E+002, 3.6493320E+002, 2.9378306E+002, 2.8370474E+002, 3.0531369E+002, 2.8509734E+002, 2.6402428E+002, 2.4605100E+000, 2.4568457E+000, 2.3518005E+000, 1.9459297E+000,-1.1459536E-001,-6.9197363E-001,-7.9655545E-001,-1.0047256E+000,-1.6169467E+000,-1.7312634E+000,-1.2640855E+000,-1.6209336E+000,-1.4666405E+000,-4.6642535E-001,-1.5271626E+000,-1.1901158E+000, 7.6703468E-001, 1.1981877E+000, 4.2903709E+000, 5.3479039E+000, 4.6880556E+000, 4.7072371E+000, 4.0602314E+000, 4.0653732E+004, 1.5838302E+000, 1.0343938E+001, 2.1070497E+001
 1.7400115E+002, 2.0000407E+001, 2.0000475E+001, 2.0001334E+001, 2.0010840E+001, 2.8782102E+001, 1.3693187E+002, 1.3275759E+002, 1.3354606E+002, 1.1927751E+002, 1.7923449E+002, 1.5610529E+002, 2.2746139E+002, 2.9985319E+002, 3.0351955E+002, 3.4546907E+002, 5.5797675E+002, 4.7491952E+002, 3.2040486E+002, 2.6992126E+002, 2.8775106E+002, 2.6937022E+002, 3.1637803E+002, 2.7567206E+002, 2.4465445E+000, 2.4091114E+000, 2.3494105E+000, 2.0204358E+000,-4.7711764E-002,-6.9264734E-001,-9.5338153E-001,-1.2128430E+000,-1.6965342E+000,-1.5017467E+000,-1.6521695E+000,-1.4662954E+000,-1.4409591E+000,-8.3589142E-001,-1.8531028E+000,-1.4263989E+000, 8.4625406E-001, 1.9135578E+000, 4.1300571E+000, 4.0125629E+000, 4.9639152E+000, 4.5006166E+000, 4.5019122E+000, 4.0012999E+004, 1.7050157E+000, 1.0387228E+001, 3.7466684E+001
 1.7500113E+002, 2.0000371E+001, 2.0000571E+001, 2.0001332E+001, 2.0011614E+001, 2.6139256E+001, 1.4242295E+002, 1.3493589E+002, 1.3135132E+002, 1.3571809E+002, 1.5486929E+002, 1.9480412E+002, 2.3917016E+002, 3.1477569E+002, 3.2463935E+002, 4.2610488E+002, 4.6730478E+002, 4.2698209E+002, 3.9746460E+002, 3.2965545E+002, 2.7962275E+002, 2.5088601E+002, 2.6759199E+002, 3.1412602E+002, 2.4461687E+000, 2.4145211E+000, 2.3934630E+000, 2.0728815E+000,-1.1300258E-001,-5.3422762E-001,-1.0372076E+000,-1.8151184E+000,-1.8192217E+000,-1.6494808E+000,-1.4838381E+000,-1.4527375E+000,-6.4573995E-001,-1.2765960E+000,-1.9524903E+000, 1.0018672E+000,-9.8583186E-002, 2.2904265E+000, 3.7078004E+000, 5.6050211E+000, 4.0586892E+000, 4.8159156E+000, 4.5062454E+000, 3.8812049E+004, 1.7149695E+000, 1.1748518E+001, 1.9677034E+001
 1.7600173E+002, 2.0000378E+001, 2.0000644E+001, 2.0001450E+001, 2.0012217E+001, 3.6783370E+001, 1.3925263E+002, 1.3367353E+002, 1.4382391E+002, 1.4590680E+002, 1.5420831E+002, 2.0438654E+002, 2.7043417E+002, 2.8459038E+002, 3.6228656E+002, 3.8203310E+002, 4.6245394E+002, 3.6185927E+002, 4.1722368E+002, 3.5197181E+002, 3.1002811E+002, 2.8109634E+002, 2.7232350E+002, 2.7001363E+002, 2.4493813E+000, 2.3896014E+000, 2.3741311E+000, 1.9268477E+000,-2.7005478E-001,-1.6455037E-001,-1.4092002E+000,-1.8623465E+000,-1.7738692E+000,-1.9874339E+000,-1.5673849E+000,-1.3148064E+000,-1.1490343E+000,-2.0591459E+000,-2.9298217E+000, 5.4984198E-001, 3.0944437E+000, 5.8383581E+000, 5.1132997E+000, 4.5480828E+000, 5.3325864E+000, 3.9148923E+000, 4.3301343E+000, 4.1160094E+004, 1.7814675E+000, 1.1097108E+001, 3.1562168E+001
 1.7700205E+002, 2.0000404E+001, 2.0000643E+001, 2.0001517E+001, 2.0011713E+001, 4.6180854E+001, 1.3734548E+002, 1.3377037E+002, 1.4137983E+002, 1.6389341E+002, 1.2817642E+002, 1.9537955E+002, 2.5319753E+002, 3.2242949E+002, 3.6298350E+002, 2.9160702E+002, 4.0324473E+002, 5.4857491E+002, 5.0412351E+002, 4.7978268E+002, 4.1328007E+002, 3.1248561E+002, 2.7532433E+002, 2.6896336E+002, 2.4623205E+000, 2.3826878E+000, 2.3668621E+000, 1.9411956E+000,-2.6227766E-001,-5.8661293E-001,-1.4867403E+000,-1.6935154E+000,-1.7084139E+000,-1.6129150E+000,-1.5305496E+000,-1.1935666E+000,-1.6764403E+000,-2.2592709E+000,-1.6297303E+000,-1.0220769E+000, 8.5530495E-001, 4.3708865E+000, 6.4133291E+000, 6.9216053E+000, 4.4909790E+000, 4.9724619E+000, 3.9692037E+000, 3.7962668E+004, 1.9416853E+000, 1.0583607E+001, 2.3942306E+001
 1.7800075E+002, 2.0000342E+001, 2.0000582E+001, 2.0001611E+001, 2.0011958E+001, 7.1204230E+001, 1.3431860E+002, 1.3245546E+002, 1.3190858E+002, 1.4190294E+002, 1.0188175E+002, 1.6426322E+002, 2.4636515E+002, 3.0885329E+002, 3.3444744E+002, 3.3650753E+002, 3.0325934E+002, 3.6281820E+002, 6.0215316E+002, 5.2992025E+002, 4.8425378E+002, 3.6496827E+002, 3.0473525E+002, 2.7452530E+002, 2.4494091E+000, 2.4036699E+000, 2.3287264E+000, 1.8905378E+000,-1.2989652E-001,-4.9161378E-001,-1.2324879E+000,-1.8820545E+000,-1.5906523E+000,-1.7582230E+000,-1.6937972E+000,-1.4897890E+000,-2.0853335E+000,-9.9333094E-001,-2.7137382E+000,-1.5938958E+000, 1.9345994E+000, 6.6667758E+000, 7.5987026E+000, 6.6830041E+000, 7.0444717E+000, 4.1380653E+000, 4.0821471E+000, 4.1290931E+004, 1.9368132E+000, 1.1150226E+001, 1.9886290E+001
 1.7900237E+002, 2.0000256E+001, 2.0000652E+001, 2.0001579E+001, 2.0011805E+001, 8.8555595E+001, 1.4136246E+002, 1.3329904E+002, 1.2846849E+002, 1.4012474E+002, 1.3816986E+002, 1.5011979E+002, 2.1730634E+002, 3.2956170E+002, 2.9709545E+002, 3.0218998E+002, 2.4651168E+002, 3.2371067E+002, 4.2999943E+002, 3.9611342E+002, 3.7671151E+002, 4.0672595E+002, 3.3646470E+002, 2.9187038E+002, 2.4723058E+000, 2.3666657E+000, 2.2654343E+000, 1.8163736E+000,-2.0851282E-001,-1.1589010E+000,-1.3351721E+000,-1.8532206E+000,-1.8606522E+000,-1.9362184E+000,-1.8304387E+000,-1.6080575E+000,-1.5197142E+000,-1.1814890E+000,-2.2969294E+000,-8.2142410E-003, 4.4126991E-002, 4.6352844E+000, 6.6650618E+000, 6.8862274E+000, 6.0664489E+000, 6.5877714E+000, 3.7221758E+000, 4.0695864E+004, 1.9449074E+000, 1.1224906E+001, 1.9711972E+001
 1.8000109E+002, 2.0000502E+001, 2.0000610E+001, 2.0001570E+001, 2.0011921E+001, 7.4046375E+001, 1.3797263E+002, 1.4152092E+002, 1.2975882E+002, 1.5770108E+002, 1.5135539E+002, 1.6766119E+002, 2.3345577E+002, 2.9176277E+002, 3.1209475E+002, 3.3823728E+002, 3.3687298E+002, 5.3583583E+002, 4.7633726E+002, 3.4196986E+002, 3.3092745E+002, 3.5406400E+002, 3.6274228E+002, 3.2544431E+002, 2.3814404E+000, 2.3172674E+000, 2.2067306E+000, 1.7756611E+000,-3.8877913E-001,-8.8369929E-001,-1.5949047E+000,-1.9860304E+000,-2.1478297E+000,-2.0896095E+000,-1.7088964E+000,-1.5939285E+000,-1.2423549E+000,-4.8119401E-001,-1.9863998E+000,-2.1006563E+000, 1.4520609E+000, 7.0827224E+000, 6.1105067E+000, 5.4471439E+000, 6.2496550E+000, 5.8829804E+000, 5.6822962E+000, 4.2240096E+004, 1.9703529E+000, 1.1603711E+001, 2.4649097E+001
 1.8100314E+002, 2.0000436E+001, 2.0000432E+001, 2.0001672E+001, 2.0012736E+001, 1.0198332E+002, 1.3370651E+002, 1.4238058E+002, 1.3241197E+002, 1.6195271E+002, 1.5150225E+002, 1.5572972E+002, 2.4005031E+002, 2.8928724E+002, 3.2002214E+002, 3.3819630E+002, 3.5157293E+002, 4.3674421E+002, 4.5712194E+002, 4.5109088E+002, 3.5461911E+002, 3.2906633E+002, 3.1981739E+002, 3.2170964E+002, 2.4623557E+000, 2.4442291E+000, 2.3510342E+000, 1.7978192E+000, 1.2002505E-001,-8.8879181E-001,-1.5062262E+000,-2.3307680E+000,-2.1669952E+000,-1.6323043E+000,-1.1667841E+000,-1.2030165E+000,-1.0432724E+000,-9.8059336E-001,-1.1695663E+000,-1.6950937E+000, 2.9919934E+000, 5.3559802E+000, 7.0547147E+000, 6.8561999E+000, 5.4256195E+000, 6.2525287E+000, 5.0009631E+000, 4.0885013E+004, 2.0211112E+000, 1.2084547E+001, 1.9468730E+001
 1.8200104E+002, 2.0000380E+001, 2.0000697E+001, 2.0001711E+001, 2.0013334E+001, 7.3999327E+001, 1.4898585E+002, 1.4262970E+002, 1.2440377E+002, 1.2981157E+002, 1.6394632E+002, 2.0562982E+002, 2.6021200E+002, 3.0947938E+002, 3.1488997E+002, 3.2516128E+002, 5.4568204E+002, 4.3241288E+002, 4.1584750E+002, 2.8444090E+002, 3.1981129E+002, 3.6403803E+002, 3.0841340E+002, 3.0433480E+002, 2.5088696E+000, 2.4723888E+000, 2.3758031E+000, 1.8246778E+000, 8.0981765E-002,-1.3676960E+000,-1.4092684E+000,-1.8769215E+000,-1.6795701E+000,-1.3363551E+000,-1.3350652E+000,-1.0159475E+000,-4.3019573E-001,-1.0670466E+000,-1.5322787E+000,-1.1915978E+000, 3.3556876E+000, 4.3094905E+000, 5.5038821E+000, 6.9849224E+000, 6.9315605E+000, 5.3730964E+000, 6.0595785E+000, 4.2036071E+004, 1.9351861E+000, 1.1723683E+001, 5.1630560E+001
 1.8300400E+002, 2.0000353E+001, 2.0000730E+001, 2.0001454E+001, 2.0013553E+001, 8.0736712E+001, 1.5190213E+002, 1.5270410E+002, 1.3446221E+002, 8.4721203E+001, 1.4684585E+002, 2.1421311E+002, 2.5070748E+002, 3.0361391E+002, 2.9960778E+002, 3.0655100E+002, 4.0207721E+002, 4.9823002E+002, 4.4363634E+002, 4.4245891E+002, 3.4854684E+002, 3.0683837E+002, 3.5238920E+002, 3.0383582E+002, 2.4200885E+000, 2.3166615E+000, 2.2562200E+000, 1.6220598E+000,-4.7896773E-001,-1.6859795E+000,-2.0347572E+000,-2.0263148E+000,-1.7734977E+000,-1.8052657E+000,-1.7815903E+000,-1.6214402E+000,-1.0464675E+000,-1.4123552E+000,-1.9432637E+000,-4.9277732E-001, 3.2253796E+000, 6.8081607E+000, 6.8363447E+000, 5.5999414E+000, 5.1232169E+000, 5.6786754E+000, 4.6469634E+000, 4.0354696E+004, 1.9787634E+000, 1.2651735E+001, 3.1772752E+001
 1.8400386E+002, 2.0000373E+001, 2.0000626E+001, 2.0001753E+001, 2.0014663E+001, 1.1676478E+002, 1.5223679E+002, 1.3696063E+002, 1.4681743E+002, 1.1223925E+002, 1.3850726E+002, 2.0090525E+002, 2.3374618E+002, 2.5412564E+002, 2.8616565E+002, 2.6984707E+002, 2.9261425E+002, 5.4882577E+002, 4.7877336E+002, 3.6278282E+002, 3.8053933E+002, 3.3276285E+002, 3.0138008E+002, 3.2346342E+002, 2.4080310E+000, 2.3200358E+000, 2.2388452E+000, 1.5186651E+000,-7.5918125E-001,-1.3257120E+000,-1.7794278E+000,-1.7876339E+000,-2.1010857E+000,-2.0811406E+000,-1.6321829E+000,-1.4477909E+000,-1.9339027E+000,-5.7666598E-001,-1.5222695E+000, 2.4681490E-001, 3.5117088E+000, 7.3525623E+000, 6.9887797E+000, 6.4962454E+000, 5.8265474E+000, 4.5596206E+000, 5.0813046E+000, 3.9956015E+004, 1.7518016E+000, 1.1968926E+001, 2.9204570E+001
 1.8500209E+002, 2.0000301E+001, 2.0000588E+001, 2.0001747E+001, 2.0015572E+001, 1.3474205E+002, 1.4779654E+002, 1.3544844E+002, 1.6296479E+002, 1.2649737E+002, 1.1831315E+002, 1.9640980E+002, 2.0615664E+002, 2.6025426E+002, 2.1105735E+002, 3.0206587E+002, 3.8960223E+002, 4.6579966E+002, 4.0598269E+002, 3.8275031E+002, 3.4672532E+002, 3.1791513E+002, 3.2049004E+002, 2.9721349E+002, 2.5197569E+000, 2.4397127E+000, 2.3312973E+000, 1.3953099E+000,-6.3108082E-001,-9.3926592E-001,-1.0658153E+000,-1.1452092E+000,-2.0450051E+000,-1.7807385E+000,-1.2926628E+000,-1.0360807E+000,-1.0256552E+000, 7.9796372E-001,-5.8337425E-002,-6.4215672E-001, 3.9514874E+000, 5.9715666E+000, 6.5988341E+000, 7.0315740E+000, 6.3404883E+000, 5.5689687E+000, 4.7132112E+000, 4.0198095E+004, 1.6740815E+000, 1.2129689E+001, 3.1880462E+001
 1.8600024E+002, 2.0000355E+001, 2.0000590E+001, 2.0001708E+001, 2.0016720E+001, 1.3547198E+002, 1.4750309E+002, 1.3694655E+002, 1.5462697E+002, 1.4043728E+002, 1.6185006E+002, 1.9030687E+002, 2.0242972E+002, 2.4685302E+002, 1.6582340E+002, 2.8087337E+002, 5.2670820E+002, 7.2477608E+002, 4.9754400E+002, 3.9147586E+002, 3.4320893E+002, 3.1403709E+002, 2.9436257E+002, 2.9048217E+002, 2.4944071E+000, 2.4651426E+000, 2.3857458E+000, 1.2656704E+000,-5.0244202E-001,-2.5390655E-001,-1.2297372E+000,-1.9646599E+000,-1.5954721E+000,-1.8230354E+000,-1.2215199E+000,-1.2586836E+000,-1.8295892E-001,-2.0396536E-001, 1.1416496E+000, 3.7484882E-001, 6.2137202E+000, 7.4306137E+000, 7.8399887E+000, 6.9126908E+000, 6.2870965E+000, 5.7998737E+000, 5.0293814E+000, 4.0182508E+004, 1.9602711E+000, 1.2022242E+001, 4.7682873E+001
 1.8700272E+002, 2.0000277E+001, 2.0000489E+001, 2.0001664E+001, 2.0031543E+001, 1.3090855E+002, 1.4651265E+002, 1.4079631E+002, 1.5127065E+002, 1.5932918E+002, 1.4009024E+002, 1.6289510E+002, 2.3004250E+002, 2.7095969E+002, 2.3569055E+002, 1.9967197E+002, 2.9210487E+002, 3.2859149E+002, 3.8436268E+002, 3.3263723E+002, 4.1052331E+002, 3.5257303E+002, 3.0383087E+002, 2.7592091E+002, 2.4446806E+000, 2.4270256E+000, 2.3076697E+000, 9.6878054E-001,-5.2218644E-001,-8.6935178E-002,-1.2719358E+000,-1.8648802E+000,-2.1032824E+000,-1.8583918E+000,-1.6386515E+000,-1.0268893E+000,-3.8785590E-001,-7.8317315E-001, 1.0682663E+000, 1.2975648E+000, 4.1213428E+000, 6.5159251E+000, 6.5239301E+000, 7.2318140E+000, 6.2576266E+000, 5.6232528E+000, 4.9579322E+000, 4.1600666E+004, 1.7687101E+000, 1.2168179E+001, 2.5592676E+001
 1.8800087E+002, 2.0000194E+001, 2.0000562E+001, 2.0001636E+001, 2.0154048E+001, 1.3094042E+002, 1.4405374E+002, 1.4609074E+002, 1.4339043E+002, 1.4124092E+002, 9.8355456E+001, 1.4974117E+002, 2.2426872E+002, 2.4432800E+002, 2.3331589E+002, 3.1537441E+002, 5.3861378E+002, 5.1344866E+002, 3.8253510E+002, 3.4677980E+002, 3.0431576E+002, 3.2409731E+002, 3.1685838E+002, 2.9088300E+002, 2.4533611E+000, 2.3699726E+000, 2.2525946E+000, 9.3178401E-001,-3.4216096E-001,-5.2003509E-001,-1.4058289E+000,-2.3541696E+000,-1.8751891E+000,-1.8092510E+000,-1.5774250E+000,-1.2224557E+000,-5.8033302E-001, 2.7774318E-001, 4.5221880E-002,-2.1975279E-002, 5.5993026E+000, 5.7023391E+000, 5.9791333E+000, 6.2262438E+000, 6.6589701E+000, 5.3253829E+000, 5.1497990E+000, 4.1009549E+004, 2.0142175E+000, 1.1575900E+001, 4.3583165E+001
 1.8900153E+002, 2.0000666E+001, 2.0000509E+001, 2.0001557E+001, 2.0099049E+001, 1.2549415E+002, 1.4037984E+002, 1.3899356E+002, 1.3326521E+002, 1.3992261E+002, 9.8497013E+001, 1.6397373E+002, 2.4108372E+002, 2.3996815E+002, 1.8887833E+002, 2.5753186E+002, 3.2104239E+002, 3.3183870E+002, 2.8527933E+002, 3.0852997E+002, 3.8030379E+002, 3.3518251E+002, 3.0201104E+002, 3.0407946E+002, 2.3874584E+000, 2.3897546E+000, 2.3425721E+000, 1.3459158E+000,-3.7697662E-002,-4.3723949E-001,-1.3541582E+000,-1.7336219E+000,-1.6923569E+000,-1.4586021E+000,-1.3401369E+000,-1.0874493E+000,-4.2486441E-001, 1.6397855E-001, 7.8526477E-001,-3.1331657E-001, 2.2590537E+000, 5.6319929E+000, 6.6949088E+000, 6.0290949E+000, 5.9830186E+000, 5.6623104E+000, 4.4526144E+000, 3.6689864E+004, 1.8677076E+000, 1.1578172E+001, 1.3335910E+001
 1.9000250E+002, 2.0000331E+001, 2.0000377E+001, 2.0001617E+001, 2.0093536E+001, 1.1652945E+002, 1.3977601E+002, 1.3974016E+002, 1.3479917E+002, 1.1607753E+002, 1.2154950E+002, 1.9274646E+002, 2.4835509E+002, 2.6171715E+002, 2.2675462E+002, 2.6822385E+002, 3.9815816E+002, 5.2475550E+002, 3.6431931E+002, 2.9121588E+002, 2.7346878E+002, 3.4561913E+002, 3.1544050E+002, 3.0237383E+002, 2.5017309E+000, 2.4900090E+000, 2.4392233E+000, 1.1127264E+000, 4.3372544E-001,-3.1230141E-001,-7.7289321E-001,-1.3661426E+000,-1.7154322E+000,-1.1252748E+000,-1.0067091E+000,-6.0385528E-001,-2.8738765E-001,-3.5683896E-001, 2.0390366E-003,-3.5977903E-001, 5.5828155E+000, 6.2032768E+000, 6.4704470E+000, 6.8197425E+000, 6.1418358E+000, 5.6088295E+000, 6.2122505E+000, 4.0351196E+004, 1.7255905E+000, 1.0827721E+001, 2.6647482E+001
 1.9100446E+002, 2.0000242E+001, 2.0000827E+001, 2.0001602E+001, 2.0112459E+001, 1.0950719E+002, 1.4587842E+002, 1.3667244E+002, 1.4651655E+002, 1.0373244E+002, 1.5898032E+002, 2.1218939E+002, 2.4060480E+002, 2.5998798E+002, 2.6274993E+002, 2.4067309E+002, 2.7818400E+002, 4.0650296E+002, 3.4497306E+002, 3.6880798E+002, 3.6625987E+002, 2.7481123E+002, 3.2433008E+002, 3.0106904E+002, 2.4835678E+000, 2.3638323E+000, 2.2681741E+000, 1.0548100E+000,-1.4658460E-001,-1.0998324E+000,-1.0843594E+000,-1.7604928E+000,-1.7529073E+000,-1.5152406E+000,-1.2450509E+000,-8.2491369E-001,-1.1392432E+000,-3.7018334E-001,-2.0280890E-001,-1.2800685E+000, 1.6754762E+000, 5.6691053E+000, 7.2070580E+000, 7.0511275E+000, 4.8923700E+000, 5.1123858E+000, 5.5544051E+000, 3.9712351E+004, 1.7234356E+000, 1.0946633E+001, 1.6517696E+001
 1.9200354E+002, 2.0000243E+001, 2.0000640E+001, 2.0001535E+001, 2.0163135E+001, 1.1886055E+002, 1.3908670E+002, 1.3592455E+002, 1.3141966E+002, 1.0052856E+002, 2.0341642E+002, 2.2754659E+002, 2.6226006E+002, 2.5596054E+002, 2.7106839E+002, 2.8213178E+002, 3.4849472E+002, 4.0822291E+002, 3.0961876E+002, 2.6135726E+002, 3.5112220E+002, 3.2004262E+002, 2.7192311E+002, 3.0416653E+002, 2.4452820E+000, 2.2614094E+000, 2.2412106E+000, 8.8695194E-001,-2.3155856E-001,-1.0074670E+000,-1.6100877E+000,-1.6507848E+000,-1.8989423E+000,-1.4859031E+000,-1.6603168E+000,-1.2188634E+000,-1.4352731E+000,-1.4724590E+000,-9.3334149E-001,-1.0301902E+000, 1.5527100E+000, 4.7001626E+000, 5.2380296E+000, 5.9012899E+000, 5.3127546E+000, 4.5613995E+000, 5.0709119E+000, 4.1650076E+004, 1.7987013E+000, 1.1671009E+001, 2.0069642E+001
 1.9300112E+002, 2.0000106E+001, 2.0000417E+001, 2.0001834E+001, 2.0070852E+001, 1.2691696E+002, 1.2800884E+002, 1.3813593E+002, 1.2754335E+002, 1.1879342E+002, 1.8965460E+002, 2.2222108E+002, 2.5337708E+002, 2.6252426E+002, 2.3201843E+002, 3.6839537E+002, 3.1291916E+002, 5.5010282E+002, 4.6781597E+002, 3.3513538E+002, 3.0909953E+002, 2.9984318E+002, 3.0889415E+002, 2.7182972E+002, 2.4641821E+000, 2.3702580E+000, 2.2853758E+000, 1.0102396E+000,-7.6410950E-001,-1.3866461E+000,-1.7789909E+000,-1.3973548E+000,-1.6674595E+000,-1.8920968E+000,-1.6825844E+000,-1.3958628E+000,-1.3003882E+000,-1.0371765E+000,-7.3289717E-001,-3.2094254E-001, 1.8700946E+000, 6.9096180E+000, 6.7318933E+000, 5.7214631E+000, 5.3935897E+000, 5.2397972E+000, 3.9522826E+000, 4.0238072E+004, 1.5409736E+000, 1.2034350E+001, 2.0749728E+001
 1.9400289E+002, 2.0000196E+001, 2.0000444E+001, 2.0001854E+001, 2.0050085E+001, 1.3019292E+002, 1.3577156E+002, 1.3364011E+002, 1.2559587E+002, 1.6468162E+002, 2.0556250E+002, 2.4791829E+002, 2.5986833E+002, 2.5977336E+002, 2.7262745E+002, 2.9686293E+002, 4.0134509E+002, 4.6946937E+002, 3.5838197E+002, 3.4922088E+002, 3.7030363E+002, 3.1417070E+002, 2.8589903E+002, 3.0238681E+002, 2.4945648E+000, 2.4760711E+000, 2.2052417E+000, 1.1291303E+000,-5.1865193E-001,-1.0734746E+000,-1.4282853E+000,-7.1780844E-001,-1.6288922E+000,-1.5806223E+000,-1.5978673E+000,-1.0569376E+000,-1.1929198E+000,-3.3777078E-001, 4.5707611E-001, 8.5605450E-001, 2.3280371E+000, 3.5411813E+000, 5.8921943E+000, 6.2900111E+000, 5.9484421E+000, 5.5766134E+000, 5.4869446E+000, 4.1694893E+004, 1.4065341E+000, 1.2286928E+001, 1.8179964E+001
 1.9500039E+002, 2.0000281E+001, 2.0000296E+001, 2.0001454E+001, 2.0022644E+001, 1.2626659E+002, 1.4343784E+002, 1.3380440E+002, 1.2084534E+002, 1.4674335E+002, 1.8934344E+002, 2.1713348E+002, 2.6280137E+002, 2.8833896E+002, 3.0559712E+002, 2.5702591E+002, 3.9547413E+002, 4.1083113E+002, 3.3832676E+002, 3.7990745E+002, 3.4132060E+002, 3.1075656E+002, 2.9885217E+002, 2.8956916E+002, 2.4893656E+000, 2.5129403E+000, 2.4156439E+000, 1.4313334E+000,-1.4479506E-001,-9.6723407E-001,-1.4256883E+000,-1.4011882E+000,-1.9904267E+000,-1.3859283E+000,-1.2661322E+000,-1.1439637E+000,-1.2136308E+000,-9.2995244E-001,-1.2556457E+000, 2.3846436E+000, 3.4443166E+000, 3.7114045E+000, 4.4478622E+000, 5.0487080E+000, 5.8908978E+000, 5.2394999E+000, 4.4456894E+000, 3.7848976E+004, 1.5795117E+000, 1.2170796E+001, 2.3294642E+001
 1.9600104E+002, 2.0000584E+001, 2.0000254E+001, 2.0001519E+001, 2.0020712E+001, 1.2544431E+002, 1.4343940E+002, 1.3404610E+002, 1.2644875E+002, 1.5554452E+002, 1.6107740E+002, 2.1559246E+002, 2.4806611E+002, 2.8553372E+002, 2.0385957E+002, 3.0330518E+002, 3.6399656E+002, 4.3963449E+002, 3.6865832E+002, 3.0743425E+002, 3.1430306E+002, 3.0647931E+002, 3.0223312E+002, 2.9091577E+002, 2.4128234E+000, 2.4839797E+000, 2.3907230E+000, 1.4349585E+000,-2.1881693E-002,-1.1876072E+000,-1.6155635E+000,-2.1597882E+000,-1.6988531E+000,-1.8449654E+000,-1.3606956E+000,-1.1840288E+000,-4.2373482E-001,-9.4383142E-001,-1.3466436E+000,-1.8242775E+000, 3.4482672E+000, 5.8235016E+000, 4.8930206E+000, 4.5470408E+000, 5.0182934E+000, 5.3478854E+000, 4.9820412E+000, 4.0319557E+004, 1.8379622E+000, 1.1773001E+001, 1.9435970E+001
 1.9700294E+002, 2.0000653E+001, 2.0000477E+001, 2.0001328E+001, 2.0117138E+001, 1.2167004E+002, 1.4184123E+002, 1.3400238E+002, 1.4036083E+002, 1.3445340E+002, 1.5034897E+002, 1.7572853E+002, 2.4759223E+002, 2.5443856E+002, 1.7245085E+002, 2.9838660E+002, 3.8798287E+002, 3.8436797E+002, 3.2336226E+002, 3.1651719E+002, 3.5129349E+002, 3.1014348E+002, 3.1317402E+002, 2.9158235E+002, 2.3857727E+000, 2.4062217E+000, 2.3804412E+000, 9.5431417E-001,-8.0789302E-001,-1.2650750E+000,-2.3693753E+000,-1.8198489E+000,-1.4351244E+000,-1.8588547E+000,-1.5138054E+000,-1.2175785E+000,-5.3418121E-001,-1.9776722E+000, 1.6477409E-001, 2.2890481E-001,-5.5183351E-001, 5.1751715E+000, 5.9773302E+000, 6.0791735E+000, 3.5889417E+000, 4.6156706E+000, 5.0387454E+000, 3.9761411E+004, 1.8132353E+000, 1.0572421E+001, 1.9782686E+001
 1.9800113E+002, 2.0000302E+001, 2.0000772E+001, 2.0001214E+001, 2.0088050E+001, 1.2829155E+002, 1.3967008E+002, 1.4348050E+002, 1.6428103E+002, 1.3793640E+002, 1.4316866E+002, 1.9445287E+002, 2.6754763E+002, 2.5907691E+002, 2.6667565E+002, 2.2727618E+002, 3.7947992E+002, 4.2425579E+002, 4.2173052E+002, 3.3358779E+002, 2.8523383E+002, 3.0258138E+002, 2.8965083E+002, 2.9492081E+002, 2.4358253E+000, 2.3644950E+000, 2.3685447E+000, 9.9580665E-001,-5.1761886E-001,-1.7206021E+000,-1.8143359E+000,-1.3823233E+000,-1.3514788E+000,-1.3601206E+000,-1.2841936E+000,-8.5780368E-001,-5.9704519E-001,-1.0832217E+000,-1.3366301E+000, 3.5712000E-001, 1.7090928E+000, 5.6002962E+000, 5.4355446E+000, 5.8990841E+000, 5.2647186E+000, 3.4404500E+000, 4.7315730E+000, 3.5868270E+004, 1.7476996E+000, 1.0571813E+001, 1.9121325E+001
 1.9900399E+002, 2.0000185E+001, 2.0001037E+001, 2.0001440E+001, 2.0054668E+001, 1.3106228E+002, 1.3434706E+002, 1.4431864E+002, 1.5355393E+002, 1.3537711E+002, 1.4622214E+002, 2.1196713E+002, 2.7093471E+002, 2.7765952E+002, 2.4547207E+002, 1.8182542E+002, 3.4133583E+002, 4.3139249E+002, 3.4193271E+002, 3.1038377E+002, 3.0446122E+002, 3.0027370E+002, 2.8766519E+002, 2.8932973E+002, 2.4889075E+000, 2.2957958E+000, 2.3863787E+000, 1.3929042E+000,-2.8735941E-001,-9.4041980E-001,-1.4563419E+000,-1.6695400E+000,-1.6305112E+000,-1.6727624E+000,-1.2765719E+000,-1.0950938E+000,-1.1766504E+000,-3.1154681E-001,-6.1638276E-001,-1.3717609E+000, 1.5142667E+000, 4.8993105E+000, 5.6118302E+000, 6.1327370E+000, 5.7237757E+000, 4.8131102E+000, 4.4007434E+000, 4.0627200E+004, 1.6724017E+000, 1.0464331E+001, 2.0480595E+001
 2.0000294E+002, 2.0000404E+001, 2.0000736E+001, 2.0001760E+001, 2.0026391E+001, 1.3474712E+002, 1.3114839E+002, 1.3563446E+002, 1.4082401E+002, 1.2562713E+002, 1.5337830E+002, 1.7599248E+002, 2.3628645E+002, 2.9008143E+002, 2.4667461E+002, 2.3883498E+002, 3.4322153E+002, 3.2644707E+002, 3.5654375E+002, 3.5209509E+002, 3.2240517E+002, 2.9057069E+002, 3.0060312E+002, 2.7706008E+002, 2.4564726E+000, 2.3285672E+000, 2.3612100E+000, 1.4751564E+000,-8.6603827E-001, 2.1650528E-001,-6.1783359E-001,-1.6636595E+000,-1.7450052E+000,-1.9977097E+000,-1.3692648E+000,-1.0154209E+000,-1.1167993E+000, 2.0107224E-001, 3.5970875E-001, 1.1220362E-001, 5.6834125E-001, 4.4165793E+000, 5.8617537E+000, 5.4772811E+000, 5.6621667E+000, 5.2749867E+000, 5.1664224E+000, 4.1959891E+004, 1.7241136E+000, 1.0602420E+001, 1.8267613E+001
 2.0100131E+002, 2.0000446E+001, 2.0000379E+001, 2.0002193E+001, 2.0030074E+001, 1.3170670E+002, 1.2558857E+002, 1.3786772E+002, 1.5986476E+002, 1.2079616E+002, 2.0082483E+002, 1.7504556E+002, 2.3787509E+002, 2.5717002E+002, 2.6554435E+002, 2.5192353E+002, 3.1556942E+002, 3.8802327E+002, 3.6457077E+002, 3.0422468E+002, 3.0054192E+002, 3.0272171E+002, 2.9326648E+002, 2.9264434E+002, 2.4618580E+000, 2.4415116E+000, 2.2239830E+000, 1.3074505E+000,-7.2267846E-001, 1.8447201E-001,-8.8527311E-001,-1.8761939E+000,-2.0126043E+000,-1.7068040E+000,-1.4527259E+000,-9.1660295E-001,-7.8325162E-001, 1.5927376E-001,-8.9078761E-001,-1.3476656E-001, 1.4983390E-001, 5.1042026E+000, 5.8984844E+000, 5.5197763E+000, 4.9489603E+000, 4.6257720E+000, 4.9811123E+000, 3.9868857E+004, 1.7976303E+000, 1.0975547E+001, 1.4349580E+001
 2.0200245E+002, 2.0000522E+001, 2.0000621E+001, 2.0001836E+001, 2.0017501E+001, 1.1674875E+002, 1.1768948E+002, 1.6096282E+002, 1.5934811E+002, 1.1113486E+002, 1.0717300E+002, 2.0371072E+002, 1.9972813E+002, 2.6277250E+002, 2.5995051E+002, 2.5597580E+002, 3.2219395E+002, 3.8169454E+002, 3.6864628E+002, 3.2245571E+002, 2.9646244E+002, 3.2684206E+002, 3.0289695E+002, 2.9962848E+002, 2.4510036E+000, 2.4286897E+000, 2.2814064E+000, 1.3860441E+000,-2.6375459E-001, 3.9454093E-001,-1.7635111E+000,-1.8391258E+000,-1.7695541E+000,-1.4650464E+000,-1.1357462E+000,-1.2168995E+000,-8.4304401E-001,-1.4303614E-001,-8.9602337E-001, 3.0533191E-001, 1.7531775E+000, 6.3480419E+000, 6.8776565E+000, 6.7912657E+000, 5.6988466E+000, 5.1427490E+000, 4.9806460E+000, 3.9918369E+004, 1.7786324E+000, 1.1065118E+001, 1.8658920E+001
 2.0300099E+002, 2.0000519E+001, 2.0000662E+001, 2.0001394E+001, 2.0016360E+001, 1.0805682E+002, 7.4371934E+001, 1.4370457E+002, 1.1710464E+002, 1.1083812E+002, 9.7875390E+001, 1.9606738E+002, 2.6466354E+002, 2.7222570E+002, 2.7901049E+002, 3.0154130E+002, 3.6586682E+002, 3.7899101E+002, 3.7679727E+002, 2.4458111E+002, 2.7879500E+002, 3.1322217E+002, 3.0388326E+002, 2.8993081E+002, 2.4054100E+000, 2.4453497E+000, 2.3796372E+000, 1.4960999E+000,-7.5783421E-002,-1.5789797E-001,-1.6098768E+000,-1.7773009E+000,-1.4302070E+000,-1.3538969E+000,-1.1961672E+000,-9.5620364E-001,-8.3676937E-001,-5.7037357E-001,-1.1218306E+000,-1.6101622E-001, 2.2960795E+000, 4.6663877E+000, 6.7033437E+000, 7.2544287E+000, 6.0792971E+000, 5.0315619E+000, 4.8213782E+000, 3.9875574E+004, 1.7358532E+000, 1.0130675E+001, 2.3822472E+001
 2.0400391E+002, 2.0000418E+001, 2.0000795E+001, 2.0001515E+001, 2.0015656E+001, 1.2101074E+002, 1.4021067E+002, 1.3944597E+002, 1.1157443E+002, 1.3597829E+002, 1.4172071E+002, 1.7547003E+002, 2.5638048E+002, 2.8082193E+002, 3.1184373E+002, 2.6218565E+002, 3.1252471E+002, 4.2475730E+002, 3.3266794E+002, 3.5368062E+002, 3.4365689E+002, 2.4660954E+002, 2.9745729E+002, 2.8900876E+002, 2.4647252E+000, 2.3929586E+000, 2.3706357E+000, 1.6418249E+000,-2.5996700E-001,-1.3149189E+000,-1.9520983E+000,-1.6509187E+000,-1.4122698E+000,-1.6587334E+000,-1.4729778E+000,-1.1728447E+000,-1.0055659E+000,-1.3025319E+000,-1.0596524E-001, 2.0133842E-001, 1.3090348E+000, 5.5309545E+000, 5.5544530E+000, 6.2649811E+000, 5.9490551E+000, 5.4980029E+000, 4.5907330E+000, 3.9434818E+004, 1.6345835E+000, 1.0625067E+001, 1.9220334E+001
 2.0500181E+002, 2.0000380E+001, 2.0000887E+001, 2.0001659E+001, 2.0014852E+001, 1.1812523E+002, 1.5984158E+002, 1.2775149E+002, 1.0284707E+002, 1.1675684E+002, 1.6331931E+002, 1.8988060E+002, 2.3011928E+002, 2.6212857E+002, 2.9607198E+002, 2.3373228E+002, 3.5720693E+002, 3.9080257E+002, 2.8404635E+002, 3.2241054E+002, 3.0099839E+002, 3.0812701E+002, 2.5539322E+002, 2.9522250E+002, 2.4536609E+000, 2.2693893E+000, 2.3788005E+000, 1.7315303E+000,-2.8059597E-001,-1.7976943E+000,-1.8727511E+000,-1.3435958E+000,-1.5640359E+000,-1.6598649E+000,-1.3412668E+000,-1.1584521E+000,-8.1957931E-001,-2.4393815E-001, 1.7440996E-001,-1.6792154E+000, 1.0693440E+000, 4.0837976E+000, 5.4422118E+000, 5.2071651E+000, 5.5861293E+000, 5.2250059E+000, 5.0181397E+000, 3.8355941E+004, 1.3851428E+000, 1.0620039E+001, 1.6498336E+001
 2.0600202E+002, 2.0000205E+001, 2.0000628E+001, 2.0001785E+001, 2.0013796E+001, 1.0991438E+002, 1.4816266E+002, 1.2646586E+002, 9.2187417E+001, 1.4139068E+002, 1.5647208E+002, 1.7974381E+002, 2.2459478E+002, 2.6007439E+002, 2.6575356E+002, 3.0024608E+002, 3.9059220E+002, 3.5596833E+002, 3.3864720E+002, 2.7495859E+002, 3.1067005E+002, 3.0267454E+002, 2.8503153E+002, 2.6555671E+002, 2.5096213E+000, 2.4033324E+000, 2.3183706E+000, 1.7418858E+000,-4.6647368E-001,-1.9342573E+000,-1.3364718E+000,-1.5569366E+000,-1.7634889E+000,-1.7976054E+000,-1.2718672E+000,-1.0242432E+000,-1.2963637E+000,-3.0728238E-001,-8.1986657E-001,-5.6788284E-001, 3.0346249E-001, 2.1400590E+000, 5.6120576E+000, 5.6325132E+000, 4.8057587E+000, 4.6361440E+000, 4.3999438E+000, 3.7965090E+004, 1.4212045E+000, 1.0119522E+001, 1.9401164E+001
 2.0700081E+002, 2.0000324E+001, 2.0000647E+001, 2.0001976E+001, 2.0013410E+001, 1.0490793E+002, 1.3976634E+002, 1.2417228E+002, 1.1015601E+002, 1.4451908E+002, 1.2790398E+002, 1.7573549E+002, 1.9877203E+002, 2.4567871E+002, 2.4167955E+002, 3.0050074E+002, 3.1569955E+002, 4.3050719E+002, 3.8124648E+002, 3.0422528E+002, 3.1832529E+002, 3.0153872E+002, 2.9816094E+002, 2.8222003E+002, 2.4426288E+000, 2.3462300E+000, 2.1629031E+000, 2.0742049E+000,-7.8149395E-001,-1.6511916E+000,-1.4275162E+000,-1.9647715E+000,-1.5153687E+000,-1.5408156E+000,-1.1999865E+000,-1.0194544E+000,-8.9838518E-001,-7.2503205E-001,-2.2405332E+000, 6.8702099E-001,-6.3651694E-001, 4.3694270E+000, 5.6296926E+000, 6.0249259E+000, 5.9005215E+000, 4.8908929E+000, 4.6127546E+000, 4.2906699E+004, 1.4723112E+000, 1.0667990E+001, 2.1417149E+001
 2.0800048E+002, 2.0000385E+001, 2.0000436E+001, 2.0001789E+001, 2.0014460E+001, 1.3554271E+002, 1.3279025E+002, 1.2426354E+002, 9.8690876E+001, 1.2595517E+002, 1.1806647E+002, 1.1900578E+002, 1.9310691E+002, 2.4831249E+002, 2.6359645E+002, 2.8454590E+002, 3.6768781E+002, 3.1161230E+002, 3.4215984E+002, 3.3001084E+002, 3.3593613E+002, 3.0493357E+002, 2.7704857E+002, 2.8679585E+002, 2.4091426E+000, 2.3945753E+000, 2.1553460E+000, 1.7708813E+000,-9.4442353E-001,-1.5066794E+000,-1.6477282E+000,-1.0926338E+000,-1.4650106E+000,-1.0405673E+000,-1.0286578E+000,-1.5033082E+000,-5.9446813E-001,-1.0458917E+000,-8.2229749E-001,-5.9050645E-002, 4.5215753E-001, 3.8803150E+000, 6.7556665E+000, 6.3564311E+000, 5.2590023E+000, 5.1084720E+000, 4.2337381E+000, 3.9551253E+004, 1.3520048E+000, 1.1491670E+001, 1.6655605E+001
 2.0900163E+002, 2.0000380E+001, 2.0000494E+001, 2.0001698E+001, 2.0014347E+001, 1.3125796E+002, 1.3221508E+002, 1.2749748E+002, 1.0436031E+002, 1.4276794E+002, 1.2875104E+002, 1.5266798E+002, 2.0533974E+002, 2.6132078E+002, 2.7736113E+002, 2.7215544E+002, 3.6800300E+002, 4.1681410E+002, 2.9071964E+002, 3.2670262E+002, 2.6054072E+002, 2.8579012E+002, 3.0544414E+002, 2.6269515E+002, 2.4531976E+000, 2.4499010E+000, 2.3068664E+000, 1.8759030E+000,-5.0020450E-001,-1.1948019E+000,-1.2861250E+000,-1.3438250E+000,-1.3126178E+000,-9.8557012E-001,-1.2911365E+000,-1.0682829E+000,-5.7845780E-001,-7.2320231E-001,-7.2257517E-001,-1.2912855E+000,-4.7105076E-001, 3.3268848E+000, 5.2182940E+000, 5.6385119E+000, 5.5914898E+000, 5.1398320E+000, 4.8774952E+000, 4.0957528E+004, 1.2861575E+000, 1.0576580E+001, 1.8012149E+001
 2.1000317E+002, 2.0000402E+001, 2.0000612E+001, 2.0001515E+001, 2.0014371E+001, 1.2182968E+002, 1.3050780E+002, 1.2178544E+002, 1.1179632E+002, 1.6920143E+002, 1.7227396E+002, 1.7809093E+002, 2.2359775E+002, 2.6886565E+002, 2.8508651E+002, 2.8467182E+002, 3.8117745E+002, 4.1138823E+002, 3.5603031E+002, 2.7396246E+002, 2.5554542E+002, 2.8838576E+002, 2.9376644E+002, 2.9888871E+002, 2.4731030E+000, 2.4105472E+000, 2.3403591E+000, 1.6486877E+000,-3.9028352E-001,-1.1602696E+000,-7.0821528E-001,-1.5002087E+000,-1.4410524E+000,-9.8592825E-001,-1.1943369E+000,-1.0716361E+000,-6.7750500E-001,-6.6199782E-001,-1.4370030E+000,-5.1790534E-001, 9.8600530E-002, 3.2223189E+000, 3.5677400E+000, 5.4637691E+000, 5.4602645E+000, 5.2273193E+000, 5.7296354E+000, 3.9558571E+004, 1.5518159E+000, 1.0655739E+001, 2.1108760E+001
 2.1100121E+002, 2.0000577E+001, 2.0000622E+001, 2.0001547E+001, 2.0013459E+001, 9.2920307E+001, 1.2401923E+002, 1.1298165E+002, 1.3911860E+002, 1.0055345E+002, 1.7025443E+002, 1.8441921E+002, 2.1274350E+002, 2.6668468E+002, 3.0739506E+002, 3.0835914E+002, 4.1862980E+002, 3.7816602E+002, 3.5793070E+002, 3.8293051E+002, 3.4797129E+002, 2.4453589E+002, 2.8496579E+002, 2.8563630E+002, 2.4343805E+000, 2.4346290E+000, 2.4304026E+000, 1.8207631E+000,-2.6681761E-001,-3.5702475E-001,-8.8197567E-001,-1.1247481E+000,-1.6457250E+000,-1.3081441E+000,-1.1403747E+000,-9.2310702E-001,-4.9486593E-001,-8.9127140E-001,-1.4908918E+000,-2.2566582E+000, 3.6454221E-001, 5.7459639E+000, 6.3733090E+000, 4.9254800E+000, 5.6962288E+000, 5.5981871E+000, 5.1798889E+000, 4.1034366E+004, 1.5338479E+000, 1.1458663E+001, 1.8681168E+001
 2.1200238E+002, 2.0000476E+001, 2.0000644E+001, 2.0001606E+001, 2.0012994E+001, 5.0586569E+001, 1.2332581E+002, 1.2834473E+002, 1.3734991E+002, 9.3938515E+001, 1.4942299E+002, 1.9066666E+002, 2.2412455E+002, 2.5174000E+002, 2.9685350E+002, 3.2338152E+002, 3.2555579E+002, 4.1309188E+002, 3.0812472E+002, 2.6314974E+002, 3.0772995E+002, 3.6250186E+002, 2.6424948E+002, 2.7802907E+002, 2.4325640E+000, 2.3837610E+000, 2.2985973E+000, 1.7594796E+000,-5.0216158E-001,-5.2269744E-001,-1.3988903E+000,-1.0042000E+000,-1.3492181E+000,-1.7806643E+000,-1.2017754E+000,-1.1144651E+000,-4.0500430E-001,-1.1368812E+000,-1.4199996E+000, 4.6981399E-001, 1.6805228E+000, 5.0827959E+000, 6.3906978E+000, 6.2160232E+000, 5.7377292E+000, 5.2837684E+000, 5.2704042E+000, 4.1520361E+004, 1.4851594E+000, 1.1418834E+001, 1.9700644E+001
 2.1300326E+002, 2.0000381E+001, 2.0000848E+001, 2.0001690E+001, 2.0012992E+001, 7.5426998E+001, 1.2170531E+002, 1.4501337E+002, 1.0899131E+002, 1.2094765E+002, 1.3083689E+002, 1.7982308E+002, 2.1305356E+002, 2.7202968E+002, 2.2067956E+002, 2.9489540E+002, 2.6153086E+002, 3.3643663E+002, 3.7187957E+002, 2.8250784E+002, 2.7462718E+002, 3.2738107E+002, 3.4089113E+002, 2.7011721E+002, 2.4297200E+000, 2.2822001E+000, 2.2666465E+000, 1.7728315E+000,-4.5888985E-001,-6.6656153E-001,-1.0136799E+000,-4.5347616E-001,-1.1465633E+000,-1.5535024E+000,-1.4479161E+000,-1.2861117E+000,-5.5025765E-001,-1.4846013E+000,-1.6656102E+000, 1.0962636E-001, 1.0180049E+000, 3.3652158E+000, 5.3842074E+000, 5.8559831E+000, 5.0199572E+000, 5.0514686E+000, 4.8737368E+000, 3.9210894E+004, 1.3036300E+000, 1.1557745E+001, 1.8488531E+001
 2.1400301E+002, 2.0000586E+001, 2.0000808E+001, 2.0001759E+001, 2.0013243E+001, 7.5106328E+001, 1.2212656E+002, 1.4125252E+002, 1.0448980E+002, 9.8335080E+001, 1.4379857E+002, 1.9456272E+002, 1.8854545E+002, 2.4545420E+002, 2.9412192E+002, 2.9025395E+002, 3.6748180E+002, 4.0260306E+002, 3.5616988E+002, 3.2969394E+002, 3.4767131E+002, 2.8806181E+002, 3.2229172E+002, 3.2107320E+002, 2.3228972E+000, 2.2959155E+000, 2.2257833E+000, 1.7654416E+000,-2.6585328E-001,-6.9750522E-001,-1.1773201E+000,-7.6669369E-001,-1.5436557E+000,-1.5871341E+000,-1.3698197E+000,-1.2746519E+000,-7.0780190E-001,-1.9421730E+000,-1.4804813E+000,-1.2363051E+000, 1.4579168E+000, 3.8565744E+000, 4.2955753E+000, 4.9234388E+000, 5.7267166E+000, 4.9261735E+000, 4.9902070E+000, 4.1191495E+004, 1.3652300E+000, 1.2004016E+001, 1.7579492E+001
 2.1500297E+002, 2.0000387E+001, 2.0000743E+001, 2.0001923E+001, 2.0012971E+001, 6.7425710E+001, 1.2221005E+002, 1.3690134E+002, 1.3978156E+002, 1.2978385E+002, 1.4551813E+002, 1.2210795E+002, 1.8133082E+002, 2.2652435E+002, 3.0163091E+002, 2.5412918E+002, 2.7859364E+002, 3.6928951E+002, 3.3140633E+002, 3.2139534E+002, 3.4573477E+002, 3.2447338E+002, 2.8755325E+002, 3.1266693E+002, 2.4232720E+000, 2.3363338E+000, 2.2497917E+000, 1.8136122E+000,-1.7392517E-001,-7.7824998E-001,-1.2275699E+000,-1.8867194E+000,-1.6162937E+000,-1.7395089E+000,-1.2683018E+000,-9.0648828E-001,-1.0005213E+000,-1.5722784E+000,-9.1176192E-001, 7.0972378E-001, 6.1801730E-001, 4.3800726E+000, 4.5835547E+000, 4.7222148E+000, 4.9829086E+000, 5.4400332E+000, 4.3908525E+000, 4.2043979E+004, 1.5247003E+000, 1.2473089E+001, 2.2290330E+001
 2.1600156E+002, 2.0000370E+001, 2.0000882E+001, 2.0001957E+001, 2.0012330E+001, 5.3308851E+001, 1.2872261E+002, 1.1623214E+002, 1.2258711E+002, 1.3887094E+002, 1.6278937E+002, 1.2646123E+002, 1.9705449E+002, 2.0237043E+002, 2.3168243E+002, 3.8194791E+002, 3.4460502E+002, 4.7547006E+002, 4.1079958E+002, 3.5934651E+002, 3.1667230E+002, 3.1695556E+002, 3.1719666E+002, 2.7486067E+002, 2.4620356E+000, 2.3912585E+000, 2.2862094E+000, 1.9463224E+000, 2.1609604E-003,-1.0150002E+000,-1.3638109E+000,-1.4427937E+000,-1.4049350E+000,-1.5332426E+000,-7.9551739E-001,-5.5753023E-001,-7.6795970E-001,-1.1660276E+000,-3.3841061E-001,-4.3431082E-001, 2.7360444E+000, 6.0472974E+000, 6.0288720E+000, 5.9720007E+000, 4.5381360E+000, 5.4116153E+000, 5.1775648E+000, 4.0808355E+004, 1.5006956E+000, 1.2218150E+001, 2.5368815E+001
 2.1700066E+002, 2.0000144E+001, 2.0000683E+001, 2.0001738E+001, 2.0012530E+001, 5.3434237E+001, 1.3098746E+002, 1.2364236E+002, 1.1539793E+002, 1.4650774E+002, 1.4311437E+002, 1.2181278E+002, 2.0787593E+002, 2.3199778E+002, 2.2638242E+002, 3.3656664E+002, 3.8085237E+002, 3.7766675E+002, 3.6829644E+002, 3.6848718E+002, 3.5670895E+002, 2.9595691E+002, 3.1289668E+002, 3.0141381E+002, 2.5022417E+000, 2.3294663E+000, 2.3564518E+000, 1.8853712E+000,-2.3728096E-001,-7.7151489E-001,-1.6510566E+000,-1.5524710E+000,-1.4051999E+000,-1.3615859E+000,-8.0935215E-001,-7.9845661E-001,-7.4971309E-001,-8.6783338E-001,-7.6748130E-002,-5.2445500E-001, 2.0589139E+000, 5.8953601E+000, 6.9824323E+000, 7.0135372E+000, 5.4414261E+000, 4.2768011E+000, 4.9787745E+000, 4.0912734E+004, 1.4693726E+000, 1.2551907E+001, 2.1167246E+001
 2.1800246E+002, 2.0000387E+001, 2.0000623E+001, 2.0001783E+001, 2.0012746E+001, 4.5618435E+001, 1.3420105E+002, 1.1635757E+002, 1.2087636E+002, 1.3632456E+002, 1.2948093E+002, 1.0192249E+002, 1.6747265E+002, 2.7195438E+002, 2.1085416E+002, 2.5187543E+002, 4.6920180E+002, 5.3121373E+002, 4.6431229E+002, 3.4303334E+002, 3.7761760E+002, 3.6100801E+002, 2.9980406E+002, 3.0377685E+002, 2.4226700E+000, 2.2798275E+000, 2.3157863E+000, 1.7750918E+000,-3.3995011E-001,-1.3730892E+000,-1.4269997E+000,-1.5332857E+000,-1.2082998E+000,-7.9923482E-001,-1.1894975E+000,-9.8077492E-001,-1.0416968E+000,-8.6033717E-001, 7.5097867E-001,-1.1105306E+000, 3.9476361E+000, 6.4536890E+000, 6.8107225E+000, 6.0309128E+000, 6.2926906E+000, 5.2725481E+000, 3.8417036E+000, 3.6982088E+004, 1.4732892E+000, 1.2344547E+001, 2.0816247E+001
 2.1900015E+002, 2.0000338E+001, 2.0000361E+001, 2.0001814E+001, 2.0012474E+001, 8.0599044E+001, 1.3585479E+002, 1.2058947E+002, 1.1627736E+002, 1.2073680E+002, 1.3449529E+002, 1.4182636E+002, 1.2011294E+002, 2.8619497E+002, 2.6896444E+002, 2.9401266E+002, 3.1189282E+002, 3.1759038E+002, 2.7581210E+002, 2.9187439E+002, 3.5976706E+002, 3.5873300E+002, 3.1774249E+002, 2.9325606E+002, 2.4357610E+000, 2.4217604E+000, 2.2773452E+000, 1.8464887E+000,-2.7769966E-001,-1.3008806E+000,-1.1740615E+000,-1.4957449E+000,-1.3512124E+000,-1.0543444E+000,-1.3983504E+000,-1.4976028E+000,-7.9340020E-001,-1.4972336E+000, 6.6209142E-001, 1.0237525E+000, 3.4827018E+000, 5.4041758E+000, 6.3369122E+000, 7.0714016E+000, 5.4663945E+000, 5.8533317E+000, 5.4790505E+000, 3.9323570E+004, 1.4189470E+000, 1.1806914E+001, 2.5687274E+001
 2.2000229E+002, 2.0000221E+001, 2.0000544E+001, 2.0001500E+001, 2.0011696E+001, 7.2074435E+001, 1.2907555E+002, 1.1843384E+002, 1.1443164E+002, 1.0331963E+002, 1.4422355E+002, 2.1005139E+002, 2.6282447E+002, 2.6350233E+002, 2.7200502E+002, 3.3403401E+002, 5.7122718E+002, 5.2783786E+002, 4.3814747E+002, 3.5276179E+002, 2.5946969E+002, 3.2229029E+002, 3.1267232E+002, 2.8912444E+002, 2.5449033E+000, 2.4851035E+000, 2.3672221E+000, 2.0291028E+000,-2.2593822E-001,-9.2914958E-001,-1.0381618E+000,-1.0566136E+000,-1.6384455E+000,-1.1667719E+000,-1.4453314E+000,-9.9461313E-001,-6.9793509E-001,-1.0424246E+000,-1.7478160E+000,-7.6091971E-001, 4.8234565E+000, 7.5316500E+000, 7.6557967E+000, 6.5215263E+000, 6.2479811E+000, 5.5722724E+000, 5.8240813E+000, 4.0500843E+004, 1.3078819E+000, 1.1044806E+001, 4.5601309E+001
 2.2100183E+002, 2.0000326E+001, 2.0000542E+001, 2.0001293E+001, 2.0012699E+001, 9.2618798E+001, 1.2786623E+002, 1.1483713E+002, 1.2962539E+002, 1.1287243E+002, 1.4218470E+002, 1.9787472E+002, 2.4064278E+002, 2.5964406E+002, 3.0307794E+002, 2.8771822E+002, 2.8644354E+002, 4.4266478E+002, 4.1041851E+002, 4.0346737E+002, 3.9526946E+002, 2.9021003E+002, 3.0026579E+002, 2.9741318E+002, 2.4461608E+000, 2.3957947E+000, 2.3727572E+000, 1.9114844E+000,-5.9270323E-001,-5.0356282E-001,-9.5598164E-001,-1.3871077E+000,-1.9639158E+000,-1.8938217E+000,-1.3111937E+000,-1.0537941E+000,-6.2406627E-001,-1.2543965E+000,-1.9924615E+000, 5.9138036E-001, 4.2493160E+000, 7.1382547E+000, 7.8302889E+000, 7.4899792E+000, 5.9589870E+000, 5.4784406E+000, 5.2172585E+000, 3.8958735E+004, 1.4004621E+000, 1.1188223E+001, 2.0100965E+001
 2.2200066E+002, 2.0000411E+001, 2.0000405E+001, 2.0001602E+001, 2.0012586E+001, 7.9868250E+001, 1.2409187E+002, 1.1122645E+002, 1.5140297E+002, 1.6727424E+002, 1.6464289E+002, 1.9313313E+002, 2.4144322E+002, 2.6837686E+002, 3.7672608E+002, 2.5152152E+002, 3.2941422E+002, 4.1308212E+002, 3.4687895E+002, 3.0611982E+002, 3.5323598E+002, 3.5297778E+002, 2.8705831E+002, 2.9598402E+002, 2.4064326E+000, 2.3776250E+000, 2.2568042E+000, 1.7267870E+000,-1.6708987E-001,-5.7609050E-001,-1.5049101E+000,-1.8580068E+000,-2.3113092E+000,-2.1012974E+000,-1.5397629E+000,-1.1601126E+000,-7.3178728E-001,-1.7909683E+000,-1.5477530E+000,-9.7396751E-001, 7.1713111E-001, 4.8441641E+000, 6.2925898E+000, 6.4585373E+000, 6.5518938E+000, 4.9531229E+000, 4.5323491E+000, 3.8868639E+004, 1.6901371E+000, 1.2526327E+001, 2.5154635E+001
 2.2300113E+002, 2.0000445E+001, 2.0000512E+001, 2.0001616E+001, 2.0012095E+001, 5.1473901E+001, 1.2386081E+002, 1.2444768E+002, 1.3593960E+002, 1.3270581E+002, 1.4192133E+002, 1.5567075E+002, 2.4837949E+002, 2.8256840E+002, 3.3556505E+002, 2.4165336E+002, 3.7462576E+002, 3.1797402E+002, 3.3448521E+002, 3.4815023E+002, 3.6444494E+002, 3.2698308E+002, 3.1282368E+002, 2.8060312E+002, 2.4218888E+000, 2.3485049E+000, 2.2516904E+000, 1.8641469E+000,-2.4345817E-001,-3.0251956E-001,-1.8065178E+000,-1.9545225E+000,-1.9304999E+000,-1.4740414E+000,-1.6375006E+000,-8.1933166E-001,-9.2877413E-001,-1.3609027E+000, 7.9533586E-002,-5.6415651E-001, 1.9743225E+000, 6.0048227E+000, 6.1098534E+000, 6.7738370E+000, 6.2621704E+000, 6.0733877E+000, 4.7161923E+000, 4.2617012E+004, 1.8186194E+000, 1.2428171E+001, 2.1090858E+001
 2.2400110E+002, 2.0000235E+001, 2.0000619E+001, 2.0001354E+001, 2.0010928E+001, 5.6412450E+001, 1.2318636E+002, 1.2972600E+002, 7.9142742E+001, 1.4428877E+002, 1.5721856E+002, 1.8010305E+002, 2.2985957E+002, 2.7860787E+002, 2.9819049E+002, 2.6394488E+002, 3.3928746E+002, 4.9631886E+002, 4.4705734E+002, 3.9328571E+002, 3.2705623E+002, 3.2673352E+002, 2.9958404E+002, 2.9243100E+002, 2.4820109E+000, 2.4316250E+000, 2.4039725E+000, 2.1744240E+000, 9.0360436E-002,-5.8714860E-001,-1.9429143E+000,-1.6585526E+000,-1.3598713E+000,-1.4727521E+000,-1.2386830E+000,-1.1629256E+000,-5.3526789E-001,-5.9823207E-001, 2.5214744E-001,-1.2004440E+000, 1.5589261E+000, 5.4263098E+000, 6.4598648E+000, 6.6198230E+000, 6.4958196E+000, 5.2958999E+000, 4.4687847E+000, 4.1724173E+004, 1.6611538E+000, 1.2056722E+001, 2.3971388E+001
 2.2500368E+002, 2.0000181E+001, 2.0000667E+001, 2.0001427E+001, 2.0010382E+001, 2.2189591E+001, 1.2805788E+002, 1.3223206E+002, 8.6807816E+001, 1.0677306E+002, 1.7130029E+002, 2.1565305E+002, 2.4830365E+002, 2.7741308E+002, 3.0088227E+002, 3.0460653E+002, 4.3411186E+002, 4.4535215E+002, 4.1122295E+002, 3.9350444E+002, 3.8334272E+002, 3.5958532E+002, 2.9984153E+002, 2.9036481E+002, 2.5244761E+000, 2.4493650E+000, 2.4310190E+000, 2.0232804E+000, 1.1278087E+000,-1.5660240E+000,-1.4517953E+000,-8.7876081E-001,-1.5529693E+000,-1.0918850E+000,-1.2759067E+000,-8.9531778E-001,-7.8368726E-001, 5.8399927E-003,-1.3918885E-002, 1.4620780E+000, 1.8563298E+000, 5.4080166E+000, 6.7938586E+000, 6.8436538E+000, 6.8033420E+000, 6.1464897E+000, 5.5058258E+000, 4.0902872E+004, 1.4166239E+000, 1.1342184E+001, 2.7133407E+001
 2.2600068E+002, 2.0000368E+001, 2.0000458E+001, 2.0001572E+001, 2.0009966E+001, 2.3266936E+001, 1.3165564E+002, 1.2579094E+002, 9.8462860E+001, 7.8025041E+001, 1.5430343E+002, 1.9600710E+002, 2.4172963E+002, 2.8503000E+002, 3.0413684E+002, 2.8088429E+002, 2.8981099E+002, 3.4691158E+002, 3.4001814E+002, 3.3379649E+002, 3.4478099E+002, 3.5676041E+002, 3.5296774E+002, 2.9321659E+002, 2.4076136E+000, 2.3733083E+000, 2.2986799E+000, 2.1382273E+000, 2.2420726E-001,-1.4434115E+000,-1.5978996E+000, 1.7253074E-002,-1.8003308E+000,-1.4713384E+000,-1.4816180E+000,-1.0881436E+000,-9.1952211E-001,-1.0439861E-001, 8.5237976E-001, 1.4635759E+000, 3.0351352E+000, 5.0117072E+000, 6.0547086E+000, 6.0015247E+000, 5.7998129E+000, 5.8059688E+000, 5.4095904E+000, 3.8278437E+004, 1.3693751E+000, 1.1247088E+001, 1.5779584E+001
 2.2700109E+002, 2.0000431E+001, 2.0000350E+001, 2.0001652E+001, 2.0010408E+001, 3.3402949E+001, 1.4041363E+002, 1.3281218E+002, 1.0302049E+002, 1.1249124E+002, 1.5999475E+002, 2.0615269E+002, 1.5410010E+002, 2.9160883E+002, 3.1562810E+002, 2.4740583E+002, 3.5958308E+002, 4.6834468E+002, 3.0786396E+002, 2.9220771E+002, 3.4966780E+002, 3.0927280E+002, 3.1756232E+002, 3.3528270E+002, 2.4220878E+000, 2.3775247E+000, 2.2588571E+000, 2.0160035E+000,-3.3762709E-001,-1.4188050E+000,-1.0044018E+000,-5.3758459E-001,-1.9654226E+000,-1.7214574E+000,-1.3025478E+000,-1.8041146E+000,-8.7289044E-001,-5.2653739E-001,-4.4077828E-001, 1.1891346E+000, 4.8643170E+000, 6.4486452E+000, 5.1289893E+000, 5.3851499E+000, 5.9672220E+000, 4.9691486E+000, 5.4974290E+000, 3.7629055E+004, 1.2388200E+000, 1.1199062E+001, 2.3675617E+001
 2.2800322E+002, 2.0000403E+001, 2.0000620E+001, 2.0001512E+001, 2.0010993E+001, 2.7471540E+001, 1.4369104E+002, 1.4512751E+002, 1.0431076E+002, 1.4057538E+002, 1.8037177E+002, 2.2376518E+002, 1.8672047E+002, 2.9624490E+002, 2.9746093E+002, 2.6857727E+002, 2.5125176E+002, 3.1548227E+002, 2.9429842E+002, 3.3565381E+002, 3.1894968E+002, 3.0178846E+002, 2.9925473E+002, 2.9899264E+002, 2.3962932E+000, 2.3207425E+000, 2.2522055E+000, 1.8878737E+000, 3.6158412E-001,-1.7217482E+000,-1.7834794E+000,-9.9501198E-001,-1.7291305E+000,-1.8445325E+000,-1.5234234E+000,-1.4333163E+000,-9.5869669E-001,-4.4128548E-001,-8.9834426E-001,-4.3400828E-001, 1.2162372E+000, 5.5832123E+000, 7.1230343E+000, 6.5635466E+000, 4.6973732E+000, 5.7026867E+000, 5.0292563E+000, 3.9444514E+004, 1.4038122E+000, 1.1146695E+001, 1.5313880E+001
 2.2900296E+002, 2.0000446E+001, 2.0000611E+001, 2.0001342E+001, 2.0011218E+001, 3.1351918E+001, 1.3829045E+002, 1.3903522E+002, 1.2836882E+002, 1.3549759E+002, 1.6899242E+002, 2.0336465E+002, 2.8017398E+002, 3.0746602E+002, 2.8136928E+002, 2.7573051E+002, 2.9642080E+002, 3.3773502E+002, 3.2964628E+002, 2.5859134E+002, 2.6238133E+002, 3.1811442E+002, 2.8583045E+002, 2.8610900E+002, 2.4274540E+000, 2.3877196E+000, 2.3418924E+000, 2.0420892E+000,-6.7065751E-001,-1.5017269E+000,-1.4693002E+000,-1.3583609E+000,-1.6061924E+000,-1.5460420E+000,-1.8281305E+000,-1.3608708E+000,-8.2078588E-001,-4.4300657E-001,-1.5777938E+000,-6.0445183E-001,-5.6599411E-001, 2.1745912E+000, 5.3065645E+000, 6.3435247E+000, 5.1432718E+000, 5.1520955E+000, 5.1021155E+000, 4.0448176E+004, 1.6478321E+000, 1.1321538E+001, 1.6316576E+001
 2.3000261E+002, 2.0000328E+001, 2.0000717E+001, 2.0001579E+001, 2.0011385E+001, 4.1266199E+001, 1.3715873E+002, 1.2884732E+002, 1.4572566E+002, 1.1839989E+002, 1.7332122E+002, 2.1664268E+002, 2.5901106E+002, 3.1488847E+002, 2.7775555E+002, 2.9602087E+002, 3.1087642E+002, 3.3287442E+002, 4.0356174E+002, 3.2067148E+002, 2.7375267E+002, 2.6380842E+002, 3.0575798E+002, 2.9218124E+002, 2.4658107E+000, 2.3745104E+000, 2.3747159E+000, 1.9955545E+000,-5.5893687E-001,-9.9403179E-001,-1.3288862E+000,-1.2697203E+000,-1.4133151E+000,-1.4107695E+000,-1.6002256E+000,-1.1978435E+000,-7.4011335E-001,-2.0087435E-001,-1.2401504E+000,-1.5728918E+000, 2.8850968E+000, 4.3852568E+000, 5.1387872E+000, 4.5504184E+000, 6.1676319E+000, 4.4239956E+000, 5.2199162E+000, 4.0628018E+004, 1.6607513E+000, 1.1358441E+001, 1.5090731E+001
 2.3100219E+002, 2.0000387E+001, 2.0000679E+001, 2.0001646E+001, 2.0010603E+001, 5.4888091E+001, 1.3439344E+002, 1.2974974E+002, 1.3917892E+002, 1.0430107E+002, 1.7704312E+002, 2.3066830E+002, 2.6776712E+002, 2.8475519E+002, 2.2825668E+002, 3.2089149E+002, 2.9349191E+002, 2.9755019E+002, 3.5901785E+002, 3.3950674E+002, 2.9981397E+002, 2.7778813E+002, 2.6600686E+002, 3.0319995E+002, 2.4784774E+000, 2.3924026E+000, 2.2700516E+000, 1.9689470E+000,-2.7656118E-001,-7.7894976E-001,-8.2188655E-001,-9.9895907E-001,-9.2017867E-001,-1.8728310E+000,-1.2951712E+000,-7.6024892E-001,-9.9879984E-001, 4.3936236E-001,-1.4585215E+000,-1.0905430E+000, 1.0024900E+000, 3.2200443E+000, 5.7856094E+000, 6.1485871E+000, 5.1841171E+000, 5.6516830E+000, 4.6891556E+000, 4.0004280E+004, 1.4131419E+000, 1.0410087E+001, 1.7211189E+001
 2.3200178E+002, 2.0000319E+001, 2.0000598E+001, 2.0001545E+001, 2.0010880E+001, 5.2924012E+001, 1.3565993E+002, 1.3764016E+002, 1.3015212E+002, 1.1274769E+002, 1.3108889E+002, 2.1090676E+002, 2.7078412E+002, 2.7871483E+002, 2.8705585E+002, 2.9412488E+002, 4.3194062E+002, 3.5722779E+002, 3.2063674E+002, 2.3814034E+002, 2.8042113E+002, 3.1287990E+002, 2.7427486E+002, 2.6173968E+002, 2.4989476E+000, 2.3958294E+000, 2.3790213E+000, 2.0156097E+000,-6.7385240E-002,-1.0339408E+000,-8.3921638E-001,-8.9131730E-001,-8.8105322E-001,-1.7368174E+000,-1.1433282E+000,-9.3285646E-001,-7.0536464E-001,-5.9304627E-001,-9.9947626E-001,-3.3310758E+000, 3.1864664E+000, 3.4335369E+000, 4.6729193E+000, 5.8404227E+000, 6.1549001E+000, 5.3338374E+000, 5.1184915E+000, 3.8940396E+004, 1.2420506E+000, 1.0570564E+001, 2.6237087E+001
 2.3300328E+002, 2.0000253E+001, 2.0000600E+001, 2.0001675E+001, 2.0011813E+001, 4.2285488E+001, 1.3575438E+002, 1.4626730E+002, 1.2830105E+002, 1.6364205E+002, 1.5245779E+002, 1.5849043E+002, 2.4276285E+002, 2.8152908E+002, 3.0992886E+002, 2.0844954E+002, 3.8473665E+002, 4.1254665E+002, 3.4008423E+002, 3.0754862E+002, 2.7522362E+002, 2.6557644E+002, 2.9864373E+002, 2.7150048E+002, 2.4978581E+000, 2.4363808E+000, 2.3096343E+000, 1.8133024E+000,-1.2138037E-001,-8.7033920E-001,-8.0196410E-001,-6.6435585E-001,-9.4137745E-001,-1.4780822E+000,-1.2479569E+000,-1.1804502E+000,-6.0926383E-001,-9.6220748E-001,-1.3198606E-001,-1.4689244E+000, 1.9354240E+000, 5.7266422E+000, 5.6267083E+000, 5.0848524E+000, 5.4840136E+000, 5.7191747E+000, 4.9684040E+000, 4.0808273E+004, 1.2403525E+000, 1.1364593E+001, 2.0013100E+001
 2.3400270E+002, 2.0000190E+001, 2.0000503E+001, 2.0001579E+001, 2.0011236E+001, 4.1704349E+001, 1.3626343E+002, 1.4322935E+002, 1.2998145E+002, 1.0875996E+002, 1.9431157E+002, 1.3250853E+002, 2.3415093E+002, 2.9242806E+002, 2.9568034E+002, 3.0087282E+002, 2.8047904E+002, 2.8073912E+002, 3.0540029E+002, 2.8009087E+002, 3.0475361E+002, 2.7599056E+002, 2.8383955E+002, 2.8715429E+002, 2.4584788E+000, 2.4210758E+000, 2.2919136E+000, 1.9327587E+000,-5.2942487E-004,-3.4256379E-001,-6.7938343E-001,-9.0242516E-001,-1.2156286E+000,-1.4614639E+000,-1.4897479E+000,-1.1852061E+000,-1.2184923E+000,-1.1816751E+000,-1.1311015E+000,-9.9324903E-001, 1.9271810E+000, 4.0131807E+000, 5.6728914E+000, 5.6135260E+000, 5.0542444E+000, 4.5280020E+000, 5.4351398E+000, 3.8336093E+004, 1.5425953E+000, 1.1080382E+001, 1.5354538E+001
 2.3500225E+002, 2.0000168E+001, 2.0000376E+001, 2.0001610E+001, 2.0011051E+001, 5.6004415E+001, 1.2758900E+002, 1.3594009E+002, 1.7376311E+002, 1.1927898E+002, 1.9777502E+002, 1.5396003E+002, 2.4974330E+002, 2.9755072E+002, 2.4756576E+002, 3.4859549E+002, 3.3477664E+002, 4.2288156E+002, 3.7230222E+002, 2.8138731E+002, 2.8419454E+002, 3.0814514E+002, 2.9491703E+002, 2.8721580E+002, 2.4849927E+000, 2.4509455E+000, 2.2842816E+000, 1.9760845E+000,-2.5593642E-001,-2.5379763E-001,-1.2628117E+000,-2.0237303E+000,-1.4229232E-001,-1.6461413E+000,-1.7492365E+000,-1.3110909E+000,-1.1283461E+000,-8.2484476E-001,-1.6029376E+000,-1.4241843E+000, 2.1335685E+000, 3.2806339E+000, 5.0937103E+000, 5.0883559E+000, 4.4526903E+000, 5.3536978E+000, 4.4205627E+000, 4.0191449E+004, 1.8250484E+000, 1.1507848E+001, 1.8597575E+001
 2.3600185E+002, 2.0000399E+001, 2.0000390E+001, 2.0001477E+001, 2.0011474E+001, 8.0425016E+001, 1.1738889E+002, 1.4724362E+002, 1.6138809E+002, 1.1339748E+002, 1.5982636E+002, 1.5312274E+002, 2.5892593E+002, 2.9872359E+002, 3.4341973E+002, 3.4185815E+002, 3.7260573E+002, 4.3134662E+002, 3.4990865E+002, 3.2885363E+002, 3.4531140E+002, 2.7100158E+002, 3.0831114E+002, 2.9851441E+002, 2.4345850E+000, 2.3668727E+000, 2.3201419E+000, 1.9300084E+000,-4.9024570E-001,-2.8940824E-001,-1.9010037E+000,-1.5430864E+000,-3.0593718E-001,-1.9516072E+000,-1.6953366E+000,-1.2879092E+000,-7.4361771E-001,-1.7367238E+000,-1.7519385E+000, 1.2416287E+000, 2.2483357E+000, 3.8484960E+000, 5.6396280E+000, 6.6646820E+000, 5.3343551E+000, 4.4226384E+000, 4.5021025E+000, 4.2048408E+004, 1.4505041E+000, 1.1551278E+001, 1.7687024E+001
 2.3700300E+002, 2.0000352E+001, 2.0000278E+001, 2.0001362E+001, 2.0011815E+001, 5.0753680E+001, 1.3104144E+002, 1.6176574E+002, 1.4632300E+002, 1.0639338E+002, 1.5682179E+002, 1.6934323E+002, 2.2966223E+002, 2.8742904E+002, 3.2625313E+002, 3.4298784E+002, 3.6949510E+002, 4.1979317E+002, 3.7044628E+002, 3.0866565E+002, 2.4992225E+002, 3.1439368E+002, 2.6907841E+002, 2.9381928E+002, 2.4163896E+000, 2.4187236E+000, 2.3373020E+000, 1.8030258E+000,-2.5045529E-001,-1.0808751E+000,-1.9251784E+000,-1.0428843E+000,-1.7126683E+000,-1.7573988E+000,-1.6596368E+000,-1.5731008E+000,-1.0132115E+000,-1.7690713E+000,-1.9085487E+000, 5.6471373E-001, 4.8481203E-002, 2.8608813E+000, 4.9764404E+000, 5.7063499E+000, 5.8866758E+000, 4.9922804E+000, 4.1630833E+000, 4.0610364E+004, 1.4970566E+000, 1.2077492E+001, 2.4920128E+001
 2.3800057E+002, 2.0000496E+001, 2.0000546E+001, 2.0001347E+001, 2.0011947E+001, 4.6255000E+001, 1.5391014E+002, 1.4209389E+002, 1.4506617E+002, 1.3523642E+002, 1.5299889E+002, 2.0805079E+002, 1.9322999E+002, 2.8147533E+002, 2.7955839E+002, 3.7868166E+002, 4.7724475E+002, 4.7171770E+002, 3.7375334E+002, 3.1650751E+002, 3.4447987E+002, 2.7564786E+002, 2.9279594E+002, 2.5622596E+002, 2.3677522E+000, 2.4130640E+000, 2.3545277E+000, 1.8542048E+000,-1.6901377E-001,-1.1635727E+000,-1.7360257E+000,-1.3896198E+000,-1.9641891E+000,-1.7662427E+000,-1.4216856E+000,-1.2816327E+000,-1.4159789E+000,-1.8655039E+000,-2.3930819E+000,-6.3699901E-001, 1.4661768E+000, 3.7513985E+000, 4.7885338E+000, 4.8821958E+000, 5.4908754E+000, 5.1985382E+000, 4.8747726E+000, 4.0735081E+004, 1.6659139E+000, 1.2414633E+001, 2.6204156E+001
 2.3900341E+002, 2.0000331E+001, 2.0000614E+001, 2.0001463E+001, 2.0012141E+001, 6.2347703E+001, 1.5849655E+002, 1.3563107E+002, 1.5208332E+002, 1.4446892E+002, 1.8836546E+002, 2.0197383E+002, 2.5780283E+002, 2.7170086E+002, 2.8629740E+002, 2.8838994E+002, 3.3572494E+002, 5.4419468E+002, 4.2883867E+002, 3.2407572E+002, 2.8398258E+002, 3.0040569E+002, 2.7759911E+002, 2.7338532E+002, 2.5034446E+000, 2.4476162E+000, 2.3516357E+000, 2.0573156E+000, 3.0048384E-002,-8.9549073E-001,-1.2816797E+000,-1.5758106E+000,-1.7748794E+000,-1.7507583E+000,-1.1661787E+000,-1.2531072E+000,-1.5939223E+000,-1.3054144E+000, 1.0167288E+000, 8.3466531E-002, 4.6330532E+000, 6.3136853E+000, 5.8644778E+000, 5.7902993E+000, 5.5830517E+000, 5.4261707E+000, 5.4003012E+000, 4.4102851E+004, 1.9069642E+000, 1.3406629E+001, 2.4546377E+001
 2.4000003E+002, 2.0000451E+001, 2.0000764E+001, 2.0001502E+001, 2.0012162E+001, 4.9051466E+001, 1.5093493E+002, 1.3776862E+002, 1.4022549E+002, 1.3756277E+002, 1.8903397E+002, 1.4406225E+002, 2.0843060E+002, 2.6372730E+002, 2.2078525E+002, 2.3744539E+002, 3.4533209E+002, 4.0166212E+002, 4.5317013E+002, 3.9402626E+002, 3.7894733E+002, 2.9343575E+002, 2.9501971E+002, 2.8058655E+002, 2.4408945E+000, 2.3293251E+000, 2.3932154E+000, 1.9686840E+000,-2.1884134E-002,-1.0278231E+000,-1.3862969E+000,-1.8460764E+000,-1.8065136E+000,-1.5167132E+000,-1.6607632E+000,-1.8812772E+000,-1.4683338E+000,-1.3334532E+000,-5.0197489E-001, 1.1910921E+000, 2.6673980E+000, 5.8432260E+000, 7.1357543E+000, 6.6709449E+000, 5.5156404E+000, 4.6887087E+000, 4.2305943E+000, 3.7822959E+004, 1.8556941E+000, 1.2357400E+001, 2.6856323E+001
 2.4100298E+002, 2.0000270E+001, 2.0000616E+001, 2.0001692E+001, 2.0012773E+001, 7.0823223E+001, 1.5234069E+002, 1.5345250E+002, 1.3438465E+002, 1.6257888E+002, 1.7527181E+002, 1.1296282E+002, 1.6336870E+002, 2.3263935E+002, 2.3419461E+002, 3.0717497E+002, 3.7045242E+002, 3.7710372E+002, 3.7703395E+002, 3.4546551E+002, 3.3384834E+002, 3.3179881E+002, 3.0079373E+002, 2.7043749E+002, 2.4027683E+000, 2.2929611E+000, 2.2636748E+000, 1.5678212E+000,-5.5197086E-001,-8.8297917E-001,-1.7003929E+000,-2.0316840E+000,-1.6711094E+000,-1.7773010E+000,-1.9296976E+000,-1.9492918E+000,-1.4967163E+000,-1.6837987E+000, 2.2897921E-001, 9.6491172E-001, 3.8463480E+000, 5.3569316E+000, 5.4276021E+000, 6.0641163E+000, 6.2517843E+000, 5.3827839E+000, 4.5269137E+000, 4.3130924E+004, 1.7591551E+000, 1.3701845E+001, 2.6171708E+001
 2.4200105E+002, 2.0000279E+001, 2.0000716E+001, 2.0001876E+001, 2.0013476E+001, 9.3567700E+001, 1.5303309E+002, 1.5717439E+002, 1.3057118E+002, 1.3463968E+002, 1.4178374E+002, 1.4225882E+002, 1.5145738E+002, 2.0581961E+002, 2.7995016E+002, 2.2167295E+002, 4.5236407E+002, 4.3368374E+002, 3.8724922E+002, 3.2553592E+002, 3.1495899E+002, 3.2502545E+002, 3.1921225E+002, 2.8900793E+002, 2.4487559E+000, 2.3664627E+000, 2.2472629E+000, 1.6252983E+000,-5.0116738E-001,-9.6623071E-001,-1.4157152E+000,-1.0279390E+000,-1.5597808E+000,-1.8586937E+000,-2.0960396E+000,-1.6113811E+000,-1.3460946E+000,-1.1678114E+000, 4.4021701E-001, 2.9248938E-001, 5.4960447E+000, 7.2376483E+000, 6.5029505E+000, 6.0285390E+000, 5.2553650E+000, 5.7060356E+000, 5.0738318E+000, 3.9844525E+004, 1.5068191E+000, 1.3904966E+001, 2.1227425E+001
 2.4300181E+002, 2.0000422E+001, 2.0000553E+001, 2.0001889E+001, 2.0013920E+001, 1.2352449E+002, 1.5066900E+002, 1.4549881E+002, 1.2960447E+002, 1.2771994E+002, 1.1250555E+002, 1.9098482E+002, 1.7921353E+002, 2.5681305E+002, 3.1167643E+002, 2.8876500E+002, 3.7139207E+002, 4.1315849E+002, 3.6061985E+002, 3.1516024E+002, 2.8823554E+002, 3.2751860E+002, 2.9901541E+002, 2.9569699E+002, 2.4488721E+000, 2.3925450E+000, 2.2264868E+000, 1.9178564E+000,-4.0667702E-001,-9.1589596E-001,-1.2126029E+000,-9.5933071E-001,-1.7881699E+000,-1.9046969E+000,-1.9004074E+000,-1.4085847E+000,-1.2536452E+000,-1.7140229E+000,-3.7179626E-001, 9.6413609E-001, 3.3495084E+000, 7.3478885E+000, 7.4794176E+000, 6.8516667E+000, 4.5803502E+000, 4.9494773E+000, 5.3973191E+000, 3.7537514E+004, 1.6571138E+000, 1.2915241E+001, 1.8206358E+001
 2.4400235E+002, 2.0000286E+001, 2.0000462E+001, 2.0001766E+001, 2.0014165E+001, 6.5395285E+001, 1.5177770E+002, 1.4242925E+002, 1.4039330E+002, 1.2286453E+002, 1.1951425E+002, 1.6673855E+002, 2.5903484E+002, 2.7111628E+002, 2.4980168E+002, 3.0588370E+002, 4.9878736E+002, 3.9355832E+002, 3.3314527E+002, 2.9516780E+002, 2.9769607E+002, 2.8408298E+002, 3.1450337E+002, 2.9025857E+002, 2.5001893E+000, 2.4901167E+000, 2.4614294E+000, 1.9710946E+000,-6.3303141E-001,-9.5289569E-001,-7.2335251E-001,-1.4859102E+000,-2.0605858E+000,-1.6347678E+000,-1.2995602E+000,-1.0981846E+000,-8.8453348E-001,-1.1059493E+000,-3.2289414E-001, 4.1182581E-002, 4.7375070E+000, 4.0347009E+000, 5.4071762E+000, 6.6131066E+000, 6.4495900E+000, 4.8585691E+000, 5.0360000E+000, 4.0032744E+004, 1.8564264E+000, 1.2698797E+001, 3.0091463E+001
 2.4500036E+002, 2.0000255E+001, 2.0000599E+001, 2.0001705E+001, 2.0013771E+001, 8.4138402E+001, 1.4962884E+002, 1.3912669E+002, 1.3658695E+002, 1.1571071E+002, 1.2268604E+002, 1.8599921E+002, 2.3228522E+002, 2.5259847E+002, 2.2952952E+002, 3.2680910E+002, 4.9187471E+002, 3.8767020E+002, 3.4527863E+002, 3.8223217E+002, 3.3763124E+002, 2.8048660E+002, 2.9016607E+002, 3.0176389E+002, 2.4555994E+000, 2.3676450E+000, 2.2709111E+000, 1.7591801E+000,-6.3488435E-001,-8.5545189E-001,-1.2741481E+000,-1.6980445E+000,-2.0152168E+000,-1.9493024E+000,-1.5640980E+000,-1.2783125E+000,-6.1745876E-001,-1.0526150E+000,-4.7629063E-001,-3.6966281E-001, 5.1686904E+000, 7.5574852E+000, 7.0983687E+000, 6.1755108E+000, 6.2100086E+000, 5.7036077E+000, 4.0298420E+000, 3.9948725E+004, 1.8728222E+000, 1.2225030E+001, 2.9093579E+001
 2.4600381E+002, 2.0000365E+001, 2.0000500E+001, 2.0001599E+001, 2.0013591E+001, 8.9856614E+001, 1.4073865E+002, 1.5596759E+002, 1.2226927E+002, 1.2455175E+002, 1.3386739E+002, 1.4852312E+002, 2.0923182E+002, 2.6298992E+002, 2.5813232E+002, 2.6232337E+002, 3.1005921E+002, 3.5313101E+002, 2.9758881E+002, 3.1186465E+002, 3.2012443E+002, 3.4634150E+002, 2.8824176E+002, 2.8468876E+002, 2.4424232E+000, 2.3587897E+000, 2.2972976E+000, 1.7590059E+000,-7.7021234E-001,-1.1219728E+000,-2.1086353E+000,-1.8831320E+000,-1.5901331E+000,-1.4199023E+000,-1.4624305E+000,-1.1539059E+000,-3.3016782E-001,-1.2110499E+000,-7.7863108E-001,-1.3498492E+000, 3.1902940E+000, 5.3691366E+000, 6.4892681E+000, 7.6454315E+000, 5.9677959E+000, 5.8543543E+000, 4.7191242E+000, 4.0103799E+004, 1.8455852E+000, 1.2227432E+001, 1.7447879E+001
 2.4700266E+002, 2.0000331E+001, 2.0000513E+001, 2.0001643E+001, 2.0013089E+001, 5.8636523E+001, 1.3873356E+002, 1.4830354E+002, 1.0458430E+002, 1.2225394E+002, 1.1559790E+002, 1.1961604E+002, 2.1618034E+002, 2.6286312E+002, 2.7135047E+002, 2.4920179E+002, 3.6626119E+002, 3.5832911E+002, 2.8349502E+002, 2.9228209E+002, 3.0341663E+002, 2.9702251E+002, 3.1886598E+002, 2.8898662E+002, 2.4754157E+000, 2.4711423E+000, 2.4257593E+000, 2.0329643E+000,-5.8172203E-001,-1.3547447E+000,-1.5562092E+000,-1.2857852E+000,-1.2086824E+000,-9.5659611E-001,-6.7192644E-001,-7.6990398E-001,-3.0166200E-001,-8.6114573E-001,-6.4710544E-001,-1.0517389E+000, 3.5822007E+000, 5.0655090E+000, 5.5286932E+000, 6.0702965E+000, 6.7466608E+000, 5.9613001E+000, 5.7874394E+000, 3.9651027E+004, 1.5434648E+000, 1.1363604E+001, 2.7161089E+001
 2.4800047E+002, 2.0000239E+001, 2.0000528E+001, 2.0001569E+001, 2.0012383E+001, 8.4611184E+001, 1.5242904E+002, 1.3883854E+002, 1.0921594E+002, 1.1484356E+002, 1.4651370E+002, 1.3684716E+002, 2.2493103E+002, 2.7511024E+002, 2.8931364E+002, 3.0182417E+002, 4.5886817E+002, 4.4371884E+002, 3.5305614E+002, 3.1898585E+002, 3.1922488E+002, 2.9893881E+002, 2.9918311E+002, 3.0142259E+002, 2.5003501E+000, 2.4844039E+000, 2.3815599E+000, 2.0240897E+000,-5.6100909E-001,-1.4594393E+000,-1.4253576E+000,-1.1746272E+000,-1.3072069E+000,-7.8641441E-001,-9.5864246E-001,-7.7711232E-001,-7.4495165E-001,-2.3380831E-001,-9.9764502E-001,-1.4270876E+000, 1.5687774E+000, 6.2236515E+000, 6.3530263E+000, 5.9964988E+000, 5.8311303E+000, 5.9388767E+000, 5.7021603E+000, 3.7909266E+004, 1.4528282E+000, 1.0791949E+001, 2.3658282E+001
 2.4900276E+002, 2.0000253E+001, 2.0000531E+001, 2.0001575E+001, 2.0012569E+001, 9.0206541E+001, 1.4566772E+002, 1.3512948E+002, 1.0386177E+002, 1.1209042E+002, 1.5274712E+002, 1.7058749E+002, 2.3785345E+002, 2.7964833E+002, 2.8250658E+002, 3.3148991E+002, 3.9627605E+002, 4.2777050E+002, 3.8688245E+002, 3.5532017E+002, 3.0970493E+002, 3.3637948E+002, 2.9398197E+002, 2.9301878E+002, 2.4816337E+000, 2.3963141E+000, 2.3328293E+000, 1.9093369E+000,-9.3704680E-001,-1.6943261E+000,-1.2403340E+000,-1.4642186E+000,-1.2087784E+000,-9.7043921E-001,-1.3192370E+000,-9.9942617E-001,-7.9631658E-001,-6.3154884E-001,-1.3951658E+000,-6.1688849E-001, 1.1657364E+000, 5.7400927E+000, 6.4969590E+000, 6.4141127E+000, 5.9884140E+000, 6.0612011E+000, 5.3348553E+000, 3.9295399E+004, 1.4145043E+000, 1.0323779E+001, 1.9598155E+001
 2.5000279E+002, 2.0000398E+001, 2.0000472E+001, 2.0001625E+001, 2.0013035E+001, 9.5396422E+001, 1.4026387E+002, 1.3432586E+002, 1.1281098E+002, 1.2819161E+002, 1.2499014E+002, 1.9764250E+002, 2.3048899E+002, 2.7148038E+002, 2.9463377E+002, 3.6760873E+002, 3.8689810E+002, 4.3894990E+002, 3.6578156E+002, 3.3011879E+002, 3.9075887E+002, 3.3988127E+002, 3.1394143E+002, 2.8068342E+002, 2.4342207E+000, 2.3859512E+000, 2.3130550E+000, 1.7843936E+000,-1.2588040E+000,-1.4724882E+000,-1.4684126E+000,-1.6712102E+000,-1.3715499E+000,-1.6978851E+000,-1.2584801E+000,-1.1262141E+000,-8.6554587E-001,-1.3912354E+000,-1.5233045E+000,-1.1789611E+000, 3.2744919E+000, 4.5063563E+000, 5.4104193E+000, 6.0277100E+000, 5.6153813E+000, 5.7305835E+000, 5.1086016E+000, 3.8318007E+004, 1.4018685E+000, 1.0669534E+001, 2.2825544E+001
 2.5100161E+002, 2.0000370E+001, 2.0000438E+001, 2.0001609E+001, 2.0013794E+001, 1.2584361E+002, 1.3726865E+002, 1.3125937E+002, 1.1665479E+002, 1.4379017E+002, 1.1744774E+002, 1.6369683E+002, 2.2820590E+002, 2.8200031E+002, 3.0447983E+002, 2.9742301E+002, 3.6693519E+002, 4.7908509E+002, 4.9231417E+002, 3.2826865E+002, 3.5629987E+002, 3.1505043E+002, 3.3537789E+002, 2.8976939E+002, 2.4474156E+000, 2.4167253E+000, 2.2937349E+000, 1.7652819E+000,-8.2502887E-001,-1.4636453E+000,-1.4233317E+000,-1.5931183E+000,-1.7687974E+000,-1.3432834E+000,-1.3629112E+000,-1.3681812E+000,-8.2452575E-001,-8.9395726E-001,-1.0271839E+000,-1.3818359E+000, 2.1476255E+000, 5.3161209E+000, 5.3916690E+000, 6.0573970E+000, 6.2677278E+000, 6.0445059E+000, 5.3286163E+000, 3.9918034E+004, 1.4272301E+000, 1.1128977E+001, 1.8926088E+001
 2.5200036E+002, 2.0000509E+001, 2.0000635E+001, 2.0001552E+001, 2.0013725E+001, 1.2244985E+002, 1.3103400E+002, 1.2651731E+002, 1.2456612E+002, 1.3745143E+002, 1.3316449E+002, 1.7739760E+002, 2.3248713E+002, 2.8368672E+002, 3.4598323E+002, 3.1476882E+002, 2.4993402E+002, 3.5213777E+002, 3.9341704E+002, 4.6203359E+002, 4.1940831E+002, 2.9683059E+002, 2.9434775E+002, 3.1806516E+002, 2.4254717E+000, 2.3990682E+000, 2.3034671E+000, 1.8258661E+000,-3.5927179E-001,-1.2997491E+000,-1.5182872E+000,-1.3019029E+000,-1.3405966E+000,-1.4280680E+000,-1.1545465E+000,-1.2980303E+000,-1.0686996E+000,-1.7396928E+000,-4.9497148E-001, 5.1125825E-002,-3.1074703E-001, 4.5479175E+000, 7.4569810E+000, 6.9470677E+000, 5.8165053E+000, 5.6037013E+000, 6.2464502E+000, 4.0153598E+004, 1.4277796E+000, 1.1230742E+001, 1.7188616E+001
 2.5300324E+002, 2.0000407E+001, 2.0000604E+001, 2.0001428E+001, 2.0013807E+001, 1.2568786E+002, 1.3057517E+002, 1.2046159E+002, 1.1889854E+002, 1.1813321E+002, 1.4431457E+002, 1.8138450E+002, 2.6241115E+002, 3.0571390E+002, 3.1291968E+002, 2.9895593E+002, 2.9751812E+002, 4.6155511E+002, 3.9814240E+002, 3.1775845E+002, 3.0835933E+002, 3.4326951E+002, 2.9456103E+002, 2.7703014E+002, 2.4717249E+000, 2.4256392E+000, 2.4059210E+000, 1.6668245E+000,-8.5127359E-001,-1.0066453E+000,-1.3989047E+000,-1.4016048E+000,-1.2398836E+000,-1.2651058E+000,-1.3278402E+000,-1.0590301E+000,-1.6259281E+000,-1.0543077E+000,-9.1857511E-002,-6.2269231E-001, 1.6161284E+000, 4.1638823E+000, 6.5311745E+000, 6.5883694E+000, 6.6749523E+000, 5.5774857E+000, 5.4268395E+000, 4.1489555E+004, 1.4826711E+000, 1.0205824E+001, 2.3247823E+001
 2.5400140E+002, 2.0000406E+001, 2.0000745E+001, 2.0001627E+001, 2.0014009E+001, 1.2177401E+002, 1.2545014E+002, 1.1252197E+002, 1.0152532E+002, 1.1880430E+002, 1.6096951E+002, 2.1371173E+002, 2.3101347E+002, 3.3919161E+002, 3.1664863E+002, 1.8346707E+002, 3.5724632E+002, 5.2220455E+002, 4.5786592E+002, 3.9470508E+002, 3.1681436E+002, 2.9422301E+002, 3.1063584E+002, 2.9453214E+002, 2.4631472E+000, 2.4177129E+000, 2.3862241E+000, 1.6458238E+000,-8.0054713E-001,-1.1576520E+000,-9.1124963E-001,-1.2207527E+000,-1.2107087E+000,-1.4824212E+000,-1.6674112E+000,-1.3466508E+000,-1.4731833E+000,-8.2870528E-001, 9.4482311E-001,-1.5876468E+000,-8.0162046E-001, 5.0548466E+000, 5.6724163E+000, 5.4917726E+000, 5.2241038E+000, 5.7046708E+000, 5.1138067E+000, 3.9461976E+004, 1.3796661E+000, 1.1729167E+001, 1.9787779E+001
 2.5500271E+002, 2.0000565E+001, 2.0000737E+001, 2.0001647E+001, 2.0014691E+001, 1.0476058E+002, 1.2617290E+002, 1.1433668E+002, 7.5044627E+001, 1.1212314E+002, 1.7824588E+002, 2.1580664E+002, 2.4623477E+002, 2.8291037E+002, 3.0219742E+002, 2.3910754E+002, 3.6617809E+002, 3.5202489E+002, 4.4522784E+002, 3.8065305E+002, 3.6812061E+002, 3.1472092E+002, 2.9267743E+002, 3.0476906E+002, 2.4271434E+000, 2.3277023E+000, 2.3127250E+000, 1.5837975E+000,-6.9163966E-001,-9.4937391E-001,-6.2504917E-001,-1.1660276E+000,-1.5600698E+000,-1.8078827E+000,-1.6980176E+000,-1.8514535E+000,-1.3540529E+000,-5.4462610E-001, 1.1943004E+000,-2.0816786E+000, 1.4927707E+000, 5.1768232E+000, 6.8370959E+000, 7.2741779E+000, 5.6551546E+000, 5.4545819E+000, 4.9811495E+000, 4.0597105E+004, 1.4047575E+000, 1.2225369E+001, 1.7307866E+001
 2.5600057E+002, 2.0000467E+001, 2.0000671E+001, 2.0001758E+001, 2.0014835E+001, 9.4635130E+001, 1.2792319E+002, 1.1136389E+002, 8.9578537E+001, 1.2190298E+002, 1.8849554E+002, 2.0764000E+002, 2.7925594E+002, 2.7821208E+002, 2.8866806E+002, 3.6150029E+002, 3.7165955E+002, 4.2245968E+002, 3.7294434E+002, 3.1210804E+002, 3.4843167E+002, 3.7155877E+002, 3.0620991E+002, 2.8416196E+002, 2.3533275E+000, 2.3415221E+000, 2.2845320E+000, 1.5182715E+000,-5.1682914E-001,-1.1144458E+000,-7.7836427E-001,-1.4226003E+000,-2.2540230E+000,-1.7042546E+000,-1.9494480E+000,-1.8568149E+000,-1.1013514E+000,-7.6055981E-001,-2.2117182E+000,-1.7138001E+000, 1.5252401E+000, 4.3853212E+000, 6.5381056E+000, 6.8300795E+000, 6.0811186E+000, 4.9310528E+000, 5.1186633E+000, 3.9274247E+004, 1.6072999E+000, 1.1054192E+001, 2.1332929E+001
 2.5700364E+002, 2.0000298E+001, 2.0000851E+001, 2.0001849E+001, 2.0014989E+001, 1.0060502E+002, 1.2667093E+002, 1.1216883E+002, 1.0773891E+002, 1.0590743E+002, 1.9474933E+002, 1.7782628E+002, 2.3538382E+002, 2.6710015E+002, 3.4915601E+002, 3.7943937E+002, 4.5436018E+002, 5.2231556E+002, 4.8312665E+002, 3.3453741E+002, 3.5668819E+002, 2.9006162E+002, 3.5443925E+002, 3.0434185E+002, 2.3756028E+000, 2.2612219E+000, 2.0631889E+000, 1.3660395E+000,-6.2041507E-001,-1.1020824E+000,-2.1724516E-001,-1.6647506E+000,-2.1903145E+000,-2.0297277E+000,-1.8648869E+000,-1.3105409E+000,-1.3556788E+000,-1.3958763E+000,-2.4870823E+000,-2.6799926E+000, 1.7894181E+000, 6.7617659E+000, 5.5783979E+000, 5.7416756E+000, 6.1390184E+000, 5.4623785E+000, 4.5665379E+000, 4.1265454E+004, 1.7779252E+000, 1.1438595E+001, 1.8123613E+001
 2.5800091E+002, 2.0000282E+001, 2.0000969E+001, 2.0001862E+001, 2.0025256E+001, 1.0947564E+002, 1.2537929E+002, 1.3734725E+002, 1.1269224E+002, 1.1632391E+002, 1.5496626E+002, 1.7376097E+002, 2.2158592E+002, 2.6581856E+002, 3.7292511E+002, 3.4698702E+002, 4.3795812E+002, 3.9829410E+002, 3.7721334E+002, 3.4548612E+002, 3.7029603E+002, 3.3594311E+002, 2.7748861E+002, 3.2117732E+002, 2.4337248E+000, 2.2092347E+000, 2.2308562E+000, 1.5998898E+000,-5.2668367E-001,-5.6825495E-001,-1.7150164E+000,-8.5902174E-001,-1.4263259E+000,-1.5127087E+000,-1.1183496E+000,-9.4259887E-001,-1.4908769E+000,-1.6143381E+000,-2.2632491E+000,-1.2459392E+000, 1.3551137E+000, 4.7142719E+000, 5.6580445E+000, 6.3955940E+000, 6.0223433E+000, 5.9250980E+000, 5.7214575E+000, 4.2531005E+004, 1.4918788E+000, 1.3047072E+001, 2.9326422E+001
 2.5900019E+002, 2.0000368E+001, 2.0000524E+001, 2.0002039E+001, 2.0018300E+001, 1.0879999E+002, 1.2564518E+002, 1.2557881E+002, 1.2381352E+002, 7.8375088E+001, 1.4085822E+002, 1.8151227E+002, 2.2911221E+002, 2.5732518E+002, 3.1365923E+002, 2.8517699E+002, 4.0750438E+002, 4.5634359E+002, 4.1015874E+002, 3.4264476E+002, 3.0501101E+002, 3.3209621E+002, 3.3240410E+002, 2.7176360E+002, 2.5058237E+000, 2.4771709E+000, 2.3613126E+000, 1.6609690E+000,-5.3173698E-001,-6.0462701E-001,-1.2110811E+000,-1.4686010E+000,-1.0639807E+000,-7.1232264E-001,-1.1060514E+000,-9.7492871E-001,-1.0989353E+000,-5.7169153E-001, 5.9194573E-001, 2.2469972E+000, 3.9378921E+000, 6.0091559E+000, 6.6464717E+000, 6.3327833E+000, 6.1183820E+000, 6.0825221E+000, 5.3943959E+000, 4.3209239E+004, 1.5625404E+000, 1.2918214E+001, 2.1480112E+001
 2.6000306E+002, 2.0000395E+001, 2.0000544E+001, 2.0002186E+001, 2.0018609E+001, 1.0801132E+002, 1.3017636E+002, 1.2387384E+002, 1.3089552E+002, 1.0868250E+002, 1.7151661E+002, 2.0055157E+002, 2.3925494E+002, 2.4658201E+002, 2.9256664E+002, 2.4758813E+002, 3.6279343E+002, 4.2419548E+002, 3.7286272E+002, 3.8731940E+002, 3.3367541E+002, 3.1716040E+002, 3.0440059E+002, 3.3093537E+002, 2.4280236E+000, 2.3620525E+000, 2.1736231E+000, 1.1975060E+000,-4.2358785E-001,-9.7198748E-001,-1.9012716E+000,-1.8219956E+000,-1.5146175E+000,-1.3994742E+000,-1.3779895E+000,-1.4162678E+000,-1.1677748E+000,-3.5384808E-001, 1.0607314E+000, 1.2256143E+000, 1.1662617E+000, 6.6058050E+000, 7.3562404E+000, 6.3667689E+000, 5.4886505E+000, 4.9513670E+000, 5.8362788E+000, 3.8126519E+004, 1.4304114E+000, 1.2020546E+001, 1.6183732E+001
 2.6100321E+002, 2.0000380E+001, 2.0000552E+001, 2.0001734E+001, 2.0015277E+001, 1.1095130E+002, 1.3991365E+002, 1.1918862E+002, 1.3137047E+002, 1.7639325E+002, 1.7680179E+002, 1.9125408E+002, 2.6310891E+002, 2.3592870E+002, 2.8672357E+002, 2.2464750E+002, 3.6094582E+002, 5.0183655E+002, 3.3893142E+002, 2.7823455E+002, 3.7189973E+002, 3.5359389E+002, 3.0744796E+002, 2.9668399E+002, 2.4094388E+000, 2.3394790E+000, 2.1769996E+000, 1.4145704E+000,-4.1667773E-001,-9.7650160E-001,-1.7530831E+000,-1.8434410E+000,-2.0488677E+000,-1.9186792E+000,-1.4722948E+000,-1.6099663E+000,-1.2450546E+000,-3.0223619E-001, 6.2179541E-001, 8.2187537E-001, 4.0766930E+000, 4.8844589E+000, 5.7645060E+000, 6.2097271E+000, 5.9897651E+000, 5.2281752E+000, 4.6794090E+000, 4.1072558E+004, 1.4574943E+000, 1.1777978E+001, 3.5366772E+001
 2.6200299E+002, 2.0000388E+001, 2.0000668E+001, 2.0001609E+001, 2.0016030E+001, 1.1760180E+002, 1.4303054E+002, 1.1620386E+002, 1.3408033E+002, 1.2030316E+002, 1.7874420E+002, 1.9010468E+002, 2.4293508E+002, 2.5219336E+002, 2.8384460E+002, 2.5662376E+002, 3.7041987E+002, 4.1180085E+002, 3.6322440E+002, 3.2469294E+002, 3.0643419E+002, 3.4803071E+002, 3.4068945E+002, 3.0198724E+002, 2.4519673E+000, 2.3824280E+000, 2.3309351E+000, 1.4254684E+000,-3.6232571E-001,-1.1907688E+000,-1.1170053E+000,-1.8824030E+000,-1.8705979E+000,-1.4724874E+000,-1.2091774E+000,-1.2546584E+000,-8.8287957E-001, 4.5954715E-003,-6.2666764E-001, 1.0328477E+000, 4.1182615E+000, 6.2081656E+000, 6.2229262E+000, 5.5976522E+000, 5.5549914E+000, 5.7629012E+000, 4.9446486E+000, 3.6617702E+004, 1.6480560E+000, 1.1500350E+001, 1.3548128E+001
 2.6300233E+002, 2.0000312E+001, 2.0000610E+001, 2.0001665E+001, 2.0016253E+001, 1.0120066E+002, 1.3612987E+002, 1.1543041E+002, 1.3760593E+002, 9.2576091E+001, 1.5682718E+002, 2.0871943E+002, 2.4023613E+002, 2.7384701E+002, 2.5745063E+002, 1.9903591E+002, 4.0560750E+002, 4.1028830E+002, 3.4746747E+002, 2.9298158E+002, 2.9963444E+002, 3.1059693E+002, 3.1790879E+002, 3.1872040E+002, 2.4964093E+000, 2.4561450E+000, 2.3931744E+000, 1.5172417E+000,-6.1733009E-002,-8.6434653E-001,-1.1581565E+000,-1.2908173E+000,-1.2331107E+000,-1.0802029E+000,-1.1893734E+000,-1.1410821E+000,-9.3609290E-001,-3.3923799E-001,-7.8444811E-001, 4.8042539E-001, 2.4864408E+000, 5.1655257E+000, 5.7044536E+000, 6.4240324E+000, 5.7826324E+000, 5.9281542E+000, 6.0016395E+000, 4.1407257E+004, 1.6402770E+000, 1.1515756E+001, 2.3932125E+001
 2.6400398E+002, 2.0000347E+001, 2.0000608E+001, 2.0001687E+001, 2.0015070E+001, 1.0531749E+002, 1.2866771E+002, 1.1645514E+002, 1.1112963E+002, 1.0275762E+002, 1.2453286E+002, 1.9134113E+002, 2.3135085E+002, 2.6394109E+002, 2.6928352E+002, 2.7867988E+002, 4.2796306E+002, 4.5381526E+002, 3.5944452E+002, 3.7559922E+002, 3.3051926E+002, 3.0853411E+002, 3.0513617E+002, 3.0776138E+002, 2.4725973E+000, 2.4204602E+000, 2.3785537E+000, 1.4917761E+000,-4.4057672E-001,-4.7673144E-001,-1.2912481E+000,-1.3454356E+000,-5.5777777E-001,-1.5043495E+000,-1.0926423E+000,-1.1382940E+000,-9.2120860E-001,-9.0750775E-001,-1.3022194E-001,-2.5537679E+000, 1.3168394E+000, 6.4267191E+000, 6.7865839E+000, 6.2024706E+000, 5.4107132E+000, 5.1244996E+000, 5.1577415E+000, 3.9319309E+004, 1.5464098E+000, 1.1888443E+001, 1.9640677E+001
 2.6500058E+002, 2.0000342E+001, 2.0000556E+001, 2.0001722E+001, 2.0014720E+001, 1.1411257E+002, 1.3378798E+002, 1.2275331E+002, 1.0645799E+002, 9.5852580E+001, 1.5087400E+002, 1.8385421E+002, 2.4282042E+002, 2.4922833E+002, 2.6034712E+002, 2.2768802E+002, 3.7324515E+002, 3.6700490E+002, 3.8119249E+002, 3.5422551E+002, 3.6551686E+002, 3.1447763E+002, 2.9272790E+002, 3.0120533E+002, 2.4271293E+000, 2.3593337E+000, 2.2647065E+000, 1.5558223E+000,-5.4597923E-001,-1.0258464E+000,-1.2273306E+000,-1.3032488E+000,-1.0000625E+000,-1.5803448E+000,-1.3580253E+000,-1.3013342E+000,-1.2852671E+000,-9.2777135E-001,-1.2864486E+000,-1.4685362E+000, 1.7436997E+000, 5.5167090E+000, 6.7246777E+000, 6.4557261E+000, 4.9566658E+000, 5.0702121E+000, 5.0853616E+000, 4.2430692E+004, 1.4528494E+000, 1.1931905E+001, 1.8680291E+001
 2.6600066E+002, 2.0000279E+001, 2.0000564E+001, 2.0001662E+001, 2.0014326E+001, 1.2420004E+002, 1.3035252E+002, 1.1651160E+002, 1.1059157E+002, 9.4380592E+001, 1.4931576E+002, 1.7985365E+002, 2.4640581E+002, 2.5978709E+002, 1.9956795E+002, 2.5964680E+002, 2.9944518E+002, 3.5110959E+002, 3.1550240E+002, 2.7941984E+002, 3.0672035E+002, 3.3196209E+002, 2.9203623E+002, 2.9042230E+002, 2.4555241E+000, 2.3856809E+000, 2.3210957E+000, 1.5539761E+000,-3.5344744E-001,-1.3651594E+000,-1.4560815E+000,-1.2846419E+000,-1.5853725E+000,-1.1101591E+000,-1.6435226E+000,-1.3231255E+000,-1.2797929E+000, 5.9169502E-001,-1.6512414E+000,-7.1348909E-002, 2.1231096E+000, 4.1069012E+000, 4.9609458E+000, 6.0630975E+000, 5.3947535E+000, 4.3797791E+000, 4.7198076E+000, 3.9456057E+004, 1.2017747E+000, 1.1472184E+001, 2.3657058E+001
 2.6700116E+002, 2.0000133E+001, 2.0000567E+001, 2.0001610E+001, 2.0013679E+001, 1.0276203E+002, 1.2981889E+002, 1.2545062E+002, 9.4055640E+001, 8.9160477E+001, 1.4360442E+002, 1.6411607E+002, 2.4635912E+002, 2.5178957E+002, 1.7962550E+002, 2.1456754E+002, 3.8085149E+002, 4.4864360E+002, 3.7200760E+002, 2.7143956E+002, 3.0074133E+002, 2.9522127E+002, 3.0829578E+002, 2.9550785E+002, 2.5040771E+000, 2.4191343E+000, 2.3456805E+000, 1.6272423E+000,-4.1503169E-001,-9.4749530E-001,-1.2431202E+000,-1.4646915E+000,-1.6305485E+000,-9.8861666E-001,-1.1739261E+000,-1.5371857E+000,-8.0336383E-001, 1.1804008E+000, 5.9503131E-001,-6.3647356E-001, 3.1351817E+000, 4.2362488E+000, 5.1792077E+000, 5.0933884E+000, 5.3891923E+000, 5.2878242E+000, 4.6238455E+000, 3.6736441E+004, 1.5364789E+000, 1.0296191E+001, 2.0764501E+001
 2.6800019E+002, 2.0000275E+001, 2.0000485E+001, 2.0001565E+001, 2.0014984E+001, 7.4738489E+001, 1.3591401E+002, 1.1975295E+002, 1.3112229E+002, 1.0098201E+002, 1.5813116E+002, 1.9285796E+002, 2.5383302E+002, 2.4841563E+002, 2.2136338E+002, 1.9705995E+002, 4.0116417E+002, 3.3621084E+002, 2.8714081E+002, 3.1447612E+002, 3.1392931E+002, 2.8192044E+002, 3.0323111E+002, 2.9261598E+002, 2.4954606E+000, 2.4555604E+000, 2.3862447E+000, 1.6237714E+000,-3.2953963E-001,-1.1965691E+000,-1.4861626E+000,-1.4750964E+000,-1.7475746E+000,-1.2081032E+000,-1.0495182E+000,-1.3179330E+000,-4.4214562E-001, 2.6069032E-001, 1.5287146E+000, 3.9445999E-001, 2.6886534E+000, 6.3671185E+000, 6.2787357E+000, 5.3505240E+000, 4.4276743E+000, 5.2122855E+000, 5.2944569E+000, 3.8723241E+004, 1.5540478E+000, 1.0233628E+001, 3.5227969E+001
 2.6900292E+002, 2.0000447E+001, 2.0000308E+001, 2.0001546E+001, 2.0013214E+001, 9.4038192E+001, 1.3257344E+002, 1.1401423E+002, 1.3865508E+002, 1.0949320E+002, 1.4912742E+002, 2.3065305E+002, 2.4972535E+002, 2.5805290E+002, 2.3538898E+002, 1.7511448E+002, 3.4277369E+002, 4.1400442E+002, 4.6805933E+002, 4.0643456E+002, 3.2632378E+002, 2.9652973E+002, 2.8949459E+002, 2.9313294E+002, 2.4412637E+000, 2.4674247E+000, 2.3746951E+000, 1.7258631E+000,-6.5913023E-001,-1.2015522E+000,-1.7773186E+000,-1.7168505E+000,-1.1877748E+000,-1.5809640E+000,-1.3089599E+000,-1.1644801E+000,-3.9867206E-003, 6.8404683E-001, 1.0340299E+000, 2.0352784E+000, 2.6400507E+000, 6.6107866E+000, 8.0711239E+000, 7.0647361E+000, 5.5056978E+000, 4.7518474E+000, 5.0246704E+000, 3.9913246E+004, 1.5936355E+000, 1.0057011E+001, 1.9479990E+001
 2.7000226E+002, 2.0000217E+001, 2.0000431E+001, 2.0001543E+001, 2.0013866E+001, 1.0650453E+002, 1.3058948E+002, 1.1489253E+002, 1.0791485E+002, 1.0309972E+002, 1.2903809E+002, 1.9469255E+002, 2.5295703E+002, 2.5570043E+002, 2.5072306E+002, 2.3176401E+002, 2.4216901E+002, 3.9339667E+002, 3.2843338E+002, 2.6518450E+002, 3.1939205E+002, 3.3648749E+002, 2.9608121E+002, 3.0981406E+002, 2.5213710E+000, 2.4897016E+000, 2.3601951E+000, 1.8639112E+000,-1.9685253E-001,-1.1675295E+000,-1.5586361E+000,-1.5934991E+000,-9.7370700E-001,-1.1755932E+000,-1.4583622E+000,-8.7744666E-001, 1.1097982E-001, 5.5940994E-001, 2.1518068E-001, 6.1055894E-001, 1.0260978E+000, 4.1598098E+000, 5.8726789E+000, 7.3025318E+000, 7.0264882E+000, 5.0217025E+000, 4.6169821E+000, 4.0154530E+004, 1.5472525E+000, 1.1194425E+001, 1.5426602E+001
 2.7100081E+002, 2.0000584E+001, 2.0000647E+001, 2.0001332E+001, 2.0013678E+001, 9.0009274E+001, 1.3606802E+002, 1.1341658E+002, 1.0496628E+002, 1.1566220E+002, 1.5089886E+002, 1.5616955E+002, 2.4516992E+002, 2.5782371E+002, 2.6372069E+002, 2.6029198E+002, 2.4166502E+002, 3.6064795E+002, 2.6503101E+002, 2.5996564E+002, 2.8588793E+002, 2.5237360E+002, 3.0497201E+002, 3.0975557E+002, 2.4508542E+000, 2.4058385E+000, 2.3846623E+000, 1.8492779E+000,-1.2289708E-001,-1.2519380E+000,-1.3800875E+000,-1.8531443E+000,-1.4064652E+000,-1.3102625E+000,-1.5752998E+000,-9.0122739E-001,-4.1776007E-001, 1.5180172E-002, 5.2178132E-001, 7.5724432E-001, 9.9254042E-002, 2.1195943E+000, 4.2047208E+000, 5.5256123E+000, 6.1430758E+000, 6.1340142E+000, 3.9619806E+000, 3.9575502E+004, 1.4821588E+000, 1.1339812E+001, 1.3018576E+001
 2.7200047E+002, 2.0000660E+001, 2.0000492E+001, 2.0001457E+001, 2.0012602E+001, 7.5419818E+001, 1.3099383E+002, 1.1275105E+002, 1.4457346E+002, 1.4221555E+002, 2.0060317E+002, 2.0005545E+002, 2.4238449E+002, 2.6727909E+002, 2.8555072E+002, 2.8189702E+002, 2.9767767E+002, 3.5448001E+002, 3.3424718E+002, 2.9981171E+002, 2.7196940E+002, 2.9628241E+002, 2.7606204E+002, 3.0422711E+002, 2.3833306E+000, 2.4289425E+000, 2.3807057E+000, 1.9080875E+000,-4.0194352E-001,-1.5321361E+000,-1.3963018E+000,-1.9722811E+000,-2.3219787E+000,-1.3753910E+000,-1.2770736E+000,-1.0934928E+000,-8.6886554E-001,-7.9082658E-001, 4.3720080E-002,-8.0814959E-001,-1.1109310E+000, 2.2604293E+000, 5.1445184E+000, 5.6635705E+000, 4.3225821E+000, 5.4962531E+000, 4.8934065E+000, 4.1140522E+004, 1.6430145E+000, 1.0779723E+001, 1.4306544E+001
 2.7300230E+002, 2.0000433E+001, 2.0000757E+001, 2.0001520E+001, 2.0012164E+001, 5.7112562E+001, 1.2949021E+002, 1.2428572E+002, 1.5758364E+002, 1.1488810E+002, 1.6047849E+002, 2.2867184E+002, 2.6290218E+002, 2.8720346E+002, 3.1070726E+002, 2.9386263E+002, 3.6143194E+002, 4.0094024E+002, 4.1663065E+002, 3.5545721E+002, 2.7917188E+002, 2.6383778E+002, 2.8698709E+002, 2.8935942E+002, 2.4465488E+000, 2.4135035E+000, 2.3696979E+000, 1.8321671E+000,-6.3609637E-001,-1.0714810E+000,-1.9214625E+000,-2.1478206E+000,-1.4870237E+000,-1.4938777E+000,-1.1506964E+000,-7.7912768E-001,-1.1110198E+000,-1.5909426E+000,-8.1933858E-001,-1.9030999E+000,-6.8795657E-001, 3.0487785E+000, 6.0906803E+000, 6.6845723E+000, 5.6619543E+000, 3.6178191E+000, 4.3702556E+000, 4.0859744E+004, 1.6669510E+000, 9.5233298E+000, 2.2914211E+001
 2.7400478E+002, 2.0000427E+001, 2.0001128E+001, 2.0001536E+001, 2.0012324E+001, 8.5911235E+001, 1.2631965E+002, 1.3668557E+002, 1.1242983E+002, 1.2119123E+002, 1.6041012E+002, 2.1045412E+002, 2.7790277E+002, 3.0360146E+002, 3.1080500E+002, 2.5753935E+002, 3.4662676E+002, 4.2880150E+002, 4.0702330E+002, 3.8014148E+002, 2.8597871E+002, 2.5866811E+002, 2.6703798E+002, 2.7070386E+002, 2.4676101E+000, 2.2755143E+000, 2.3883136E+000, 1.8766541E+000,-7.6351020E-001,-1.3893797E+000,-1.3801639E+000,-1.6843572E+000,-1.4167272E+000,-1.3635120E+000,-1.2990406E+000,-8.7658158E-001,-8.7113041E-001,-1.2162615E+000, 3.1877867E-001,-4.9598576E-001,-4.5483364E-001, 2.5796126E+000, 5.1725976E+000, 4.2666766E+000, 5.9862421E+000, 5.4546312E+000, 4.3192511E+000, 3.7993241E+004, 1.5185724E+000, 9.7476867E+000, 1.5184444E+001
 2.7500328E+002, 2.0000313E+001, 2.0000666E+001, 2.0001653E+001, 2.0012640E+001, 1.1060753E+002, 1.2829099E+002, 1.3947324E+002, 1.1005094E+002, 9.6277343E+001, 1.5516971E+002, 2.3308684E+002, 2.8175205E+002, 3.1811535E+002, 3.1120709E+002, 1.9552806E+002, 2.8290864E+002, 3.0567611E+002, 3.3650947E+002, 2.9987968E+002, 3.2776541E+002, 2.6999758E+002, 2.6315018E+002, 2.6124878E+002, 2.4741686E+000, 2.4303886E+000, 2.4416186E+000, 1.8096224E+000,-9.3379184E-001,-1.2927485E+000,-1.4945348E+000,-1.4201878E+000,-1.4364617E+000,-1.2151848E+000,-1.3182580E+000,-1.1324634E+000,-1.3354407E+000,-4.2849524E-001,-3.6055231E-001,-1.2931023E+000, 8.8691144E-001, 3.0565309E+000, 5.1939550E+000, 5.2602651E+000, 4.4294521E+000, 6.2521032E+000, 5.6777783E+000, 3.8815240E+004, 1.5538828E+000, 1.0721963E+001, 1.6520714E+001
 2.7600216E+002, 2.0000346E+001, 2.0000725E+001, 2.0002089E+001, 2.0012683E+001, 1.1323958E+002, 1.2780509E+002, 1.1997596E+002, 1.2353481E+002, 1.2304223E+002, 1.7188340E+002, 2.4256607E+002, 2.9990441E+002, 3.1254598E+002, 2.9655951E+002, 2.5396344E+002, 4.2006934E+002, 4.8749801E+002, 3.7239045E+002, 3.0276931E+002, 2.9477038E+002, 3.1380027E+002, 2.7951971E+002, 2.6422432E+002, 2.4671890E+000, 2.3645517E+000, 2.2128317E+000, 1.7063236E+000,-7.7664254E-001,-1.0821276E+000,-1.3000460E+000,-1.5746804E+000,-1.9095018E+000,-1.4341098E+000,-1.4233532E+000,-1.5821990E+000,-1.1957565E+000,-4.9241741E-001,-6.9359427E-001,-1.2026285E+000, 3.4312955E+000, 5.1945752E+000, 6.3078409E+000, 6.5023651E+000, 4.9825680E+000, 4.2238377E+000, 5.8016336E+000, 4.0659592E+004, 1.5973946E+000, 1.0961089E+001, 2.1252438E+001
 2.7700354E+002, 2.0000433E+001, 2.0000536E+001, 2.0001792E+001, 2.0012872E+001, 1.0720246E+002, 1.3170217E+002, 1.1856690E+002, 1.4012534E+002, 1.9892996E+002, 8.1483580E+001, 2.3223159E+002, 2.4415233E+002, 2.9717101E+002, 2.8752328E+002, 2.9562081E+002, 4.4377714E+002, 3.8487129E+002, 3.0592594E+002, 3.4933229E+002, 2.9695194E+002, 2.7343858E+002, 3.0484470E+002, 2.6906695E+002, 2.4091501E+000, 2.3857885E+000, 2.2643368E+000, 1.7058937E+000,-6.8773285E-001,-9.1858021E-001,-1.5963683E+000,-1.7520306E+000,-1.7818626E+000,-2.1162474E+000,-1.4402123E+000,-1.4475463E+000,-1.0595549E+000,-6.3804630E-001,-1.1155217E+000,-2.0655292E+000, 5.4734197E-001, 3.4756338E+000, 5.5929814E+000, 6.8426097E+000, 6.1275681E+000, 4.5627310E+000, 4.2641697E+000, 3.7793249E+004, 1.6225753E+000, 9.9546018E+000, 1.9537383E+001
 2.7800088E+002, 2.0000354E+001, 2.0000539E+001, 2.0001688E+001, 2.0013303E+001, 1.1168263E+002, 1.3683646E+002, 1.4693541E+002, 1.1761307E+002, 1.9173438E+002, 8.1709820E+001, 1.9703612E+002, 2.3877314E+002, 2.9062705E+002, 3.0076708E+002, 3.2106146E+002, 3.8499965E+002, 3.3511663E+002, 3.4192562E+002, 2.6170972E+002, 2.9297852E+002, 2.5229743E+002, 2.7612260E+002, 2.9386629E+002, 2.4793756E+000, 2.4750560E+000, 2.3252823E+000, 1.8061045E+000,-6.8696542E-001,-7.2820664E-001,-1.6553443E+000,-2.0701185E+000,-1.3866485E+000,-1.9349661E+000,-1.3213834E+000,-1.4112282E+000,-8.5897306E-001,-8.3920563E-001,-1.9244533E+000,-1.7955405E+000, 2.1311466E-001, 1.7431205E+000, 4.4891457E+000, 5.3094722E+000, 6.2829478E+000, 5.1888192E+000, 4.9039939E+000, 4.0685224E+004, 1.7130338E+000, 1.0052328E+001, 2.0307854E+001
 2.7900218E+002, 2.0000263E+001, 2.0000686E+001, 2.0001553E+001, 2.0013483E+001, 1.0721983E+002, 1.3173026E+002, 1.4883108E+002, 8.8236617E+001, 1.2339095E+002, 1.3618181E+002, 1.8614556E+002, 2.5259429E+002, 2.8899668E+002, 3.5761157E+002, 3.8411171E+002, 4.3038714E+002, 4.3258833E+002, 3.1354599E+002, 3.2379927E+002, 2.7825439E+002, 2.9777108E+002, 2.6211273E+002, 2.7547074E+002, 2.5011022E+000, 2.3708771E+000, 2.3470574E+000, 1.8105978E+000,-6.6067473E-001,-6.9050847E-001,-1.6819706E+000,-1.7698223E+000,-1.6023154E+000,-1.5698322E+000,-1.6848828E+000,-1.2396096E+000,-8.9784854E-001,-1.8719419E+000,-1.7543107E+000,-2.8325447E+000,-3.2972699E-001, 3.2657368E+000, 4.1513745E+000, 4.8613877E+000, 5.1559047E+000, 6.2055284E+000, 4.2534726E+000, 4.2652200E+004, 1.7265574E+000, 1.1165403E+001, 1.6448801E+001
 2.8000046E+002, 2.0000229E+001, 2.0000591E+001, 2.0001598E+001, 2.0013608E+001, 1.1683266E+002, 1.2738916E+002, 1.3307134E+002, 1.2086259E+002, 1.1578763E+002, 1.5803575E+002, 1.8158430E+002, 2.1069441E+002, 2.9014517E+002, 3.4249304E+002, 3.7889487E+002, 3.5557989E+002, 3.1395539E+002, 4.2121205E+002, 3.1975861E+002, 3.0758061E+002, 2.7918426E+002, 2.9095893E+002, 2.6718624E+002, 2.5266408E+000, 2.4487085E+000, 2.3933062E+000, 1.9575115E+000,-3.9538918E-001,-8.5366221E-001,-1.3634912E+000,-1.8702994E+000,-1.6525648E+000,-8.8570621E-001,-1.4819519E+000,-1.4857866E+000,-1.2709990E+000,-1.5679935E+000,-1.8758721E+000,-8.3047785E-001, 6.8265501E-001, 9.2955937E-001, 6.3672257E+000, 6.4236066E+000, 4.7792012E+000, 4.4801219E+000, 5.4617199E+000, 3.7259620E+004, 1.7218160E+000, 1.0636432E+001, 1.1976993E+001
 2.8100302E+002, 2.0000330E+001, 2.0000480E+001, 2.0001617E+001, 2.0012557E+001, 1.0461311E+002, 1.3072348E+002, 1.3193154E+002, 1.3113065E+002, 1.2874444E+002, 1.2450229E+002, 1.6061663E+002, 2.2586851E+002, 2.7830085E+002, 3.5982356E+002, 4.0496085E+002, 4.9099242E+002, 3.8722059E+002, 3.7373903E+002, 2.9900474E+002, 2.8413621E+002, 3.0462703E+002, 2.7659396E+002, 2.9013655E+002, 2.4790870E+000, 2.4606023E+000, 2.3547752E+000, 1.8688379E+000,-1.5262780E-001,-1.2245424E+000,-1.5785126E+000,-1.4616760E+000,-1.5544691E+000,-1.3858739E+000,-1.3778463E+000,-1.4599153E+000,-1.7144083E+000,-2.2261682E+000,-1.7729538E+000, 1.0815391E+000, 2.9153928E+000, 2.5630080E-001, 3.8473408E+000, 5.8279609E+000, 6.0182693E+000, 4.2134168E+000, 4.8463676E+000, 3.7631963E+004, 1.7372203E+000, 9.7847503E+000, 2.5208823E+001
 2.8200156E+002, 2.0000431E+001, 2.0000434E+001, 2.0001608E+001, 2.0012590E+001, 1.0068718E+002, 1.4194216E+002, 1.3814221E+002, 1.1745464E+002, 1.2675560E+002, 1.4966292E+002, 1.9118124E+002, 2.6722006E+002, 3.0689887E+002, 3.4054491E+002, 3.8098774E+002, 3.6948810E+002, 4.4981339E+002, 4.3821593E+002, 3.7784664E+002, 2.9714075E+002, 2.7919805E+002, 2.9376774E+002, 2.8308004E+002, 2.4460251E+000, 2.4673308E+000, 2.3218057E+000, 1.9252748E+000, 8.0027499E-002,-1.4574446E+000,-1.1350265E+000,-1.0342945E+000,-1.5054792E+000,-1.6298411E+000,-1.5061576E+000,-1.5284228E+000,-2.0131747E+000,-1.8131312E+000,-2.0107348E+000, 9.4183866E-002,-5.0035565E-001, 6.1377474E+000, 6.2921502E+000, 5.3226375E+000, 5.1354884E+000, 5.4132297E+000, 4.3815124E+000, 4.5315175E+004, 1.5741190E+000, 9.7650505E+000, 2.1015694E+001
 2.8300272E+002, 2.0000248E+001, 2.0000510E+001, 2.0001508E+001, 2.0013121E+001, 8.3460424E+001, 1.4100582E+002, 1.3289892E+002, 1.3075007E+002, 1.5283974E+002, 1.5014141E+002, 2.0807575E+002, 2.8616173E+002, 3.3202145E+002, 3.3793225E+002, 3.8776350E+002, 3.4558376E+002, 4.4406887E+002, 3.8793035E+002, 3.3993532E+002, 4.0753613E+002, 2.8990183E+002, 2.8860056E+002, 2.9033634E+002, 2.4720936E+000, 2.4651418E+000, 2.3742903E+000, 1.8467118E+000, 8.6303995E-002,-1.0073660E+000,-1.4156761E+000,-1.8390685E+000,-1.5616166E+000,-1.9558353E+000,-1.6930450E+000,-1.8254670E+000,-1.8016380E+000,-1.8884860E+000,-1.0085496E+000,-1.7357997E+000, 2.0387246E-001, 3.1362768E+000, 6.3660899E+000, 7.0225085E+000, 5.5408074E+000, 4.4843031E+000, 4.4871830E+000, 3.6592564E+004, 1.6685738E+000, 1.0701871E+001, 1.1501302E+001
 2.8400179E+002, 2.0000289E+001, 2.0000680E+001, 2.0001470E+001, 2.0013210E+001, 1.0964165E+002, 1.3602085E+002, 1.3847965E+002, 1.1639559E+002, 1.3753038E+002, 1.6424130E+002, 1.1361226E+002, 2.6521624E+002, 2.9281467E+002, 3.0578898E+002, 3.3760110E+002, 2.8200238E+002, 4.4708054E+002, 3.6210961E+002, 2.9470563E+002, 3.4028615E+002, 3.1741859E+002, 2.8795944E+002, 2.9123425E+002, 2.5089488E+000, 2.3632630E+000, 2.3869960E+000, 1.7870374E+000,-5.2174550E-001,-7.4462728E-001,-1.1173596E+000,-1.7879398E+000,-1.7816917E+000,-1.6499694E+000,-1.8962975E+000,-1.6709130E+000,-1.2412268E+000,-1.2222195E+000,-3.7659255E-001,-2.6254217E+000, 1.8133558E-001, 2.6619585E+000, 4.6724147E+000, 5.4257581E+000, 5.9668755E+000, 5.6473500E+000, 4.0080558E+000, 4.2021995E+004, 1.7139571E+000, 1.1329183E+001, 1.8902331E+001
 2.8500235E+002, 2.0000608E+001, 2.0000488E+001, 2.0001549E+001, 2.0012724E+001, 9.8009047E+001, 1.3341245E+002, 1.4439757E+002, 9.3516803E+001, 1.4194567E+002, 1.5329134E+002, 2.1782159E+002, 2.1265641E+002, 2.9221768E+002, 3.0220355E+002, 3.4079417E+002, 4.2448551E+002, 4.2449762E+002, 3.6405817E+002, 3.5759126E+002, 3.0175309E+002, 3.1415724E+002, 2.9698852E+002, 2.8956034E+002, 2.4388068E+000, 2.4124362E+000, 2.3892500E+000, 1.9425656E+000,-7.5381639E-001,-8.3073707E-001,-1.4002922E+000,-1.4906058E+000,-1.7627440E+000,-1.6228718E+000,-1.5966158E+000,-1.4413486E+000,-1.4561139E+000,-1.4815212E+000,-1.3380939E+000,-3.4806238E-001,-1.3951609E+000, 3.9380040E+000, 5.6705593E+000, 4.7836947E+000, 4.3483576E+000, 5.4549795E+000, 5.1541058E+000, 3.7530857E+004, 1.6111297E+000, 1.0799255E+001, 2.5388193E+001
 2.8600016E+002, 2.0000474E+001, 2.0000488E+001, 2.0001639E+001, 2.0012243E+001, 8.0258795E+001, 1.3257570E+002, 1.3589616E+002, 9.2028127E+001, 1.3009680E+002, 1.1765759E+002, 2.1796371E+002, 2.6234482E+002, 2.9014808E+002, 2.8378923E+002, 3.3554100E+002, 4.0412902E+002, 4.3997936E+002, 3.1460097E+002, 2.4096041E+002, 2.4806245E+002, 2.9934648E+002, 3.0319645E+002, 2.8828606E+002, 2.4376489E+000, 2.4712726E+000, 2.3316988E+000, 1.9409119E+000,-7.7691395E-001,-9.8910246E-001,-1.4676910E+000,-1.8726104E+000,-1.3962601E+000,-1.7925422E+000,-1.4874944E+000,-1.1095836E+000,-1.7790039E+000,-1.4738144E+000,-7.0380935E-001,-5.9237589E-001, 1.4961166E+000, 4.8515796E+000, 4.7486247E+000, 5.1183373E+000, 4.7645436E+000, 4.2905414E+000, 5.0777561E+000, 4.1640379E+004, 1.7101258E+000, 1.0280769E+001, 2.4306163E+001
 2.8700196E+002, 2.0000341E+001, 2.0000856E+001, 2.0001526E+001, 2.0012482E+001, 1.0306437E+002, 1.4362226E+002, 1.4265636E+002, 1.0139434E+002, 1.1457827E+002, 1.7107010E+002, 1.9715092E+002, 2.5252618E+002, 3.0195455E+002, 2.8081536E+002, 2.6150777E+002, 4.1200362E+002, 4.4309096E+002, 3.8706005E+002, 3.2848385E+002, 3.3035247E+002, 2.9463023E+002, 3.0026763E+002, 2.9102521E+002, 2.4679278E+000, 2.4342905E+000, 2.3414334E+000, 1.9868199E+000,-4.1087510E-001,-1.2365416E+000,-1.2394546E+000,-2.1495854E+000,-1.5395624E+000,-1.5058757E+000,-1.1970369E+000,-1.2943584E+000,-1.1159392E+000,-1.7243422E+000,-6.8723524E-001,-2.0262171E+000, 3.2514834E-001, 3.1191495E+000, 5.4892447E+000, 5.2536267E+000, 4.2828400E+000, 4.0264081E+000, 3.9087236E+000, 3.9304860E+004, 1.7600179E+000, 1.0244165E+001, 1.8256486E+001
 2.8800411E+002, 2.0000227E+001, 2.0000797E+001, 2.0001554E+001, 2.0013065E+001, 4.9851958E+001, 1.4887141E+002, 1.3931128E+002, 1.0735668E+002, 1.1600791E+002, 1.3645709E+002, 2.3834578E+002, 2.6695989E+002, 3.4290339E+002, 2.9907932E+002, 2.8047032E+002, 3.8764048E+002, 4.5230420E+002, 3.4662901E+002, 3.4107431E+002, 3.5627154E+002, 3.0860355E+002, 2.9623932E+002, 2.9371910E+002, 2.4722719E+000, 2.2771743E+000, 2.3774590E+000, 1.8862886E+000,-1.4741456E-001,-1.4995831E+000,-1.7970201E+000,-2.0768781E+000,-2.1129033E+000,-1.4495791E+000,-9.9432159E-001,-1.6606021E+000,-1.5001034E+000,-9.7557737E-001,-1.0382508E+000,-9.6927924E-001, 1.9196875E+000, 4.2237452E+000, 6.2099728E+000, 6.4384100E+000, 5.4828285E+000, 3.7613231E+000, 4.4058365E+000, 4.1495222E+004, 1.9215870E+000, 1.0862732E+001, 1.9347113E+001
 2.8900172E+002, 2.0000254E+001, 2.0000492E+001, 2.0001809E+001, 2.0013088E+001, 5.0753957E+001, 1.4476997E+002, 1.3473098E+002, 1.3209827E+002, 1.1907372E+002, 1.3144274E+002, 2.3873096E+002, 3.0361632E+002, 3.4335834E+002, 3.2291994E+002, 3.4484818E+002, 3.7689666E+002, 4.2070809E+002, 3.1915256E+002, 2.9998180E+002, 2.5233856E+002, 3.5064470E+002, 3.0842206E+002, 2.8701339E+002, 2.4661605E+000, 2.4242232E+000, 2.4225174E+000, 1.8530316E+000, 7.5150416E-002,-1.0924745E+000,-1.9067603E+000,-1.5063257E+000,-1.8434637E+000,-1.5335229E+000,-1.5869250E+000,-1.5899056E+000,-1.6307333E+000,-1.2187231E+000,-2.2559820E+000,-8.7807520E-001, 6.0236537E-001, 3.1711478E+000, 5.1019863E+000, 5.2926669E+000, 6.0740053E+000, 4.4578240E+000, 3.7463984E+000, 3.8014484E+004, 1.9324608E+000, 1.0480651E+001, 1.4317934E+001
 2.9000033E+002, 2.0000145E+001, 2.0000442E+001, 2.0001968E+001, 2.0013604E+001, 8.0301881E+001, 1.4667188E+002, 1.4606378E+002, 1.3889883E+002, 1.5794698E+002, 1.3799408E+002, 2.3527541E+002, 2.9878032E+002, 3.4097611E+002, 3.3948794E+002, 3.1429963E+002, 4.0355472E+002, 3.9292251E+002, 3.2782574E+002, 3.1148037E+002, 2.8544362E+002, 2.8213323E+002, 3.2910436E+002, 2.9053882E+002, 2.5006785E+000, 2.4385208E+000, 2.1871487E+000, 1.8757240E+000,-8.0111217E-001,-1.2148560E+000,-1.7294797E+000,-1.2874052E+000,-2.1183796E+000,-1.8616466E+000,-1.6378745E+000,-1.4646069E+000,-1.0458742E+000,-1.3610750E+000,-2.1709483E+000,-1.0465880E+000, 9.5467601E-001, 3.5437083E+000, 6.0605979E+000, 6.7278184E+000, 4.4852986E+000, 5.7597149E+000, 4.5651711E+000, 4.0502621E+004, 1.6966320E+000, 1.1031794E+001, 1.8190421E+001
 2.9100051E+002, 2.0000413E+001, 2.0000451E+001, 2.0001496E+001, 2.0013630E+001, 1.2127627E+002, 1.4172176E+002, 1.4394421E+002, 1.3649603E+002, 1.6871721E+002, 2.0950288E+002, 2.7185109E+002, 3.1991518E+002, 3.2462305E+002, 3.3189855E+002, 3.2266968E+002, 3.3180482E+002, 4.2379833E+002, 4.2346835E+002, 3.6429638E+002, 3.4619406E+002, 2.7825946E+002, 2.7051506E+002, 3.0631428E+002, 2.4807523E+000, 2.4454934E+000, 2.3308654E+000, 1.8040322E+000,-5.1706304E-001,-1.0338311E+000,-9.7874769E-001,-1.5581261E+000,-1.9881872E+000,-1.8040270E+000,-1.9685223E+000,-1.5348873E+000,-1.2297365E+000,-2.1201630E+000,-1.4882636E+000,-2.8385063E-001,-3.7178866E-001, 4.6112311E+000, 5.5081770E+000, 5.6103308E+000, 6.4358612E+000, 4.7481573E+000, 5.3932258E+000, 4.1057208E+004, 1.7377791E+000, 1.0696771E+001, 2.2443195E+001
 2.9200010E+002, 2.0000409E+001, 2.0000444E+001, 2.0001361E+001, 2.0013211E+001, 1.1797340E+002, 1.3566331E+002, 1.5179171E+002, 1.3514635E+002, 1.3437073E+002, 2.0702300E+002, 2.2147521E+002, 2.8582057E+002, 3.2851316E+002, 2.8250204E+002, 3.4020627E+002, 3.5696664E+002, 4.4344300E+002, 5.0277069E+002, 3.9692670E+002, 3.4150437E+002, 3.3721094E+002, 2.9513838E+002, 2.6588475E+002, 2.4532073E+000, 2.4008226E+000, 2.3757452E+000, 1.7779914E+000, 6.7423711E-002,-2.6882424E-001,-1.5697152E+000,-1.7060581E+000,-1.9809675E+000,-1.7387922E+000,-1.5860388E+000,-1.4974276E+000,-2.0141710E+000,-1.7489288E+000,-2.0650825E+000,-3.7631350E-001, 1.2589292E+000, 5.9211523E+000, 7.2332576E+000, 6.8332854E+000, 5.9690024E+000, 6.0862574E+000, 4.2097448E+000, 4.0148497E+004, 1.5280492E+000, 1.0501120E+001, 1.9265432E+001
 2.9300148E+002, 2.0000370E+001, 2.0000523E+001, 2.0001360E+001, 2.0012807E+001, 1.1545589E+002, 1.3519776E+002, 1.5354917E+002, 1.5693253E+002, 1.2774911E+002, 1.5044261E+002, 2.3566468E+002, 2.6493827E+002, 3.1335612E+002, 2.9539934E+002, 3.0496621E+002, 4.5676210E+002, 5.7669128E+002, 4.4255250E+002, 4.3659131E+002, 4.2924896E+002, 3.2577981E+002, 3.2273225E+002, 2.8396085E+002, 2.4544265E+000, 2.4496196E+000, 2.4067271E+000, 1.5447796E+000,-1.3896233E-001,-3.5806971E-001,-1.6604968E+000,-1.6007807E+000,-2.0362577E+000,-1.3275678E+000,-1.6108261E+000,-1.8123733E+000,-1.7979238E+000,-1.6094410E+000,-1.1796701E+000, 3.2968550E-001, 2.4853203E+000, 5.7554717E+000, 6.4682116E+000, 7.0662411E+000, 6.4364938E+000, 5.6825863E+000, 5.3316499E+000, 3.9692344E+004, 1.7874464E+000, 9.9583617E+000, 3.2830509E+001
 2.9400350E+002, 2.0000329E+001, 2.0000716E+001, 2.0001492E+001, 2.0012626E+001, 1.0265763E+002, 1.3617308E+002, 1.2921069E+002, 1.5829980E+002, 1.4269213E+002, 1.0279227E+002, 2.2441130E+002, 2.7885677E+002, 3.1089765E+002, 2.9726745E+002, 2.9040422E+002, 2.9238440E+002, 3.6213978E+002, 3.3630612E+002, 3.5898134E+002, 3.5802693E+002, 3.6476324E+002, 3.5161361E+002, 3.0508939E+002, 2.4600566E+000, 2.3532540E+000, 2.2808617E+000, 1.9231660E+000, 2.6067417E-002,-2.4397052E-001,-1.3363031E+000,-2.0988127E+000,-1.7492099E+000,-4.6071040E-001,-1.6673366E+000,-1.5428452E+000,-1.7485189E+000,-1.2284725E+000,-5.4528359E-001, 1.0726517E+000, 1.0581129E+000, 4.7261386E+000, 6.2379092E+000, 6.3725317E+000, 5.9829994E+000, 6.1187477E+000, 5.3744892E+000, 3.8845900E+004, 1.8119414E+000, 1.0530265E+001, 1.6661682E+001
 2.9500474E+002, 2.0000509E+001, 2.0000585E+001, 2.0001556E+001, 2.0013447E+001, 9.1739049E+001, 1.4105073E+002, 1.4788898E+002, 1.2947434E+002, 1.5021458E+002, 1.0563465E+002, 2.1700987E+002, 2.6591044E+002, 2.7435440E+002, 2.9901313E+002, 2.9596619E+002, 2.8596611E+002, 3.2719200E+002, 3.4806423E+002, 3.0820075E+002, 3.0218865E+002, 3.5845531E+002, 3.1072274E+002, 3.3231921E+002, 2.4009081E+000, 2.3762060E+000, 2.3060738E+000, 1.6995255E+000,-4.3486949E-001,-4.1159211E-001,-1.6248360E+000,-1.7762595E+000,-1.0334459E+000,-1.9533064E-001,-1.9221969E+000,-1.7851115E+000,-1.0930280E+000,-1.3971919E+000,-4.8340781E-001, 7.9054179E-001,-2.5372274E-001, 3.4496147E+000, 4.7573529E+000, 5.6126944E+000, 6.0389259E+000, 4.9503014E+000, 5.6368929E+000, 4.0540451E+004, 1.3538208E+000, 1.0775339E+001, 1.5934556E+001
 2.9600104E+002, 2.0000366E+001, 2.0000578E+001, 2.0001754E+001, 2.0013594E+001, 1.0129257E+002, 1.4739170E+002, 1.5326667E+002, 1.2366070E+002, 1.1026137E+002, 1.2936589E+002, 2.1657708E+002, 2.3764183E+002, 2.5999290E+002, 2.7955567E+002, 2.8716331E+002, 4.2677667E+002, 3.7002232E+002, 3.1519463E+002, 2.6640660E+002, 2.8704815E+002, 2.6722685E+002, 3.2709743E+002, 2.9678581E+002, 2.4728896E+000, 2.3983873E+000, 2.2872604E+000, 1.8552741E+000,-8.8231582E-002,-1.1264181E+000,-1.3186286E+000,-1.7315157E+000,-9.5172584E-001,-1.9205614E+000,-1.9257335E+000,-1.6639612E+000,-1.2341208E+000,-1.1904490E+000,-1.3531213E+000, 1.3466304E+000, 2.6006997E+000, 2.6683691E+000, 5.1207111E+000, 5.2598471E+000, 5.0140017E+000, 5.2258301E+000, 4.3130128E+000, 3.8757130E+004, 1.7370491E+000, 1.0353789E+001, 3.9248892E+001
 2.9700282E+002, 2.0000461E+001, 2.0000725E+001, 2.0001656E+001, 2.0013470E+001, 1.0082725E+002, 1.5188099E+002, 1.4040265E+002, 1.2495210E+002, 1.3647189E+002, 1.9186727E+002, 2.3311827E+002, 2.6677200E+002, 2.8425962E+002, 3.0035538E+002, 3.0862470E+002, 3.5002050E+002, 4.2639935E+002, 4.5372970E+002, 3.4703474E+002, 2.6363886E+002, 2.7018054E+002, 2.7125538E+002, 2.9951684E+002, 2.4266508E+000, 2.3674987E+000, 2.3320243E+000, 1.9601791E+000, 1.8357881E-001,-1.4254473E+000,-1.3490398E+000,-1.3183280E+000,-2.2957888E+000,-1.9619724E+000,-1.6729024E+000,-1.1029242E+000,-1.4353565E+000,-1.2123826E+000,-1.4436797E+000, 7.9289289E-001, 2.6982580E+000, 5.8101974E+000, 7.1897201E+000, 5.9531693E+000, 5.4082943E+000, 4.8479316E+000, 5.1113983E+000, 4.0154384E+004, 1.5522357E+000, 1.0882109E+001, 2.0072065E+001
 2.9800043E+002, 2.0000410E+001, 2.0000729E+001, 2.0001600E+001, 2.0013317E+001, 9.1634045E+001, 1.4387108E+002, 1.4459056E+002, 1.4470778E+002, 1.8772976E+002, 1.7529625E+002, 2.2735216E+002, 2.7548767E+002, 3.0437894E+002, 3.3611917E+002, 3.2747676E+002, 4.1516257E+002, 4.3453705E+002, 3.7719528E+002, 3.3176173E+002, 3.1432206E+002, 2.7229682E+002, 2.7494543E+002, 2.6827955E+002, 2.4391074E+000, 2.4131253E+000, 2.3740669E+000, 1.9313527E+000, 1.5743424E-001,-1.1575019E+000,-1.4837092E+000,-2.1043243E+000,-2.4434252E+000,-1.5606282E+000,-1.2587367E+000,-1.1656991E+000,-9.2065423E-001,-2.0052133E+000, 1.8798979E-001,-2.1233062E-001, 1.7191937E+000, 4.7383955E+000, 6.1339432E+000, 6.9666000E+000, 5.7906246E+000, 4.9207112E+000, 5.1417627E+000, 4.1280034E+004, 1.9052200E+000, 1.0322675E+001, 2.1274225E+001
 2.9900317E+002, 2.0000207E+001, 2.0000740E+001, 2.0001773E+001, 2.0013114E+001, 1.1031954E+002, 1.4453081E+002, 1.4654512E+002, 1.4526830E+002, 1.6151553E+002, 1.1632045E+002, 2.2045521E+002, 2.5876389E+002, 2.7662722E+002, 3.3278232E+002, 2.9358692E+002, 3.3844658E+002, 4.5465799E+002, 3.9829049E+002, 3.0835280E+002, 3.3707841E+002, 3.0584789E+002, 2.8934537E+002, 2.9405218E+002, 2.4951162E+000, 2.4083322E+000, 2.3550145E+000, 1.9661329E+000,-7.6776212E-002,-1.2189999E+000,-1.6352011E+000,-1.8076897E+000,-1.5344403E+000,-1.5755716E+000,-1.2669106E+000,-1.1654732E+000,-8.0744110E-001,-1.4380325E+000,-1.3243443E+000, 2.4759120E-001, 1.9770412E+000, 5.3782384E+000, 6.6681326E+000, 6.6088518E+000, 6.0312279E+000, 5.4369155E+000, 4.2408833E+000, 4.1586230E+004, 2.0205003E+000, 1.0836689E+001, 2.1619800E+001
 3.0000000E+002, 2.0000298E+001, 2.0000700E+001, 2.0001808E+001, 2.0013396E+001, 1.1507665E+002, 1.5022861E+002, 1.4476555E+002, 1.3797002E+002, 1.5385757E+002, 1.2512592E+002, 1.2930188E+002, 2.3453472E+002, 2.7984561E+002, 3.0117594E+002, 2.4379046E+002, 3.6008083E+002, 4.3235399E+002, 4.0552008E+002, 3.6342952E+002, 3.0451929E+002, 3.0658153E+002, 2.9134915E+002, 2.9413671E+002, 2.5003353E+000, 2.3480742E+000, 2.3318572E+000, 1.9496933E+000,-6.4257786E-001,-1.3116427E+000,-1.6241832E+000,-1.3900719E+000,-1.1935890E+000,-1.5225440E+000,-1.1590921E+000,-9.7467218E-001,-1.2249002E+000,-1.0299828E+000,-5.1055299E-001, 4.4628321E-001, 8.6809178E-001, 4.9169982E+000, 6.1594571E+000, 6.6089189E+000, 5.3966874E+000, 5.0857196E+000, 5.1693115E+000, 4.0988706E+004, 1.6280930E+000, 1.1425088E+001, 1.7086078E+001
