trial_id,campaign_id,search_phase,variables_json,stage,task,outer_fold_index,outer_holdout_parent_case_id,inner_fold_index,train_parent_case_ids_json,validation_parent_case_ids_json,test_parent_case_ids_json,seed,status,error_type,error_message,started_at_utc,elapsed_s,n_train_rows,n_train_parent_groups,candidate_count,runner_metadata_json,machine_protocol_sha256,execution_supplement_sha256,shape_expansion_decision_sha256
peak_q_d__outer00__inner00__seed2026082301,peak_q_d,INITIAL,"[""q"",""d""]",INNER_SEARCH,peak,0,d_q018_s35,0,"[""d_q027_s35"",""d_q027_s45"",""d_q027_s50"",""d_q036_s35"",""d_q036_s45"",""d_q036_s50""]","[""d_q018_s45"",""d_q018_s50""]","[""d_q018_s35""]",2026082301,SUCCESS,,,2026-08-23T10:59:09.594321+00:00,27.335986400023103,6,6,6,"{""engine"": ""PySR"", ""engine_output_directory"": ""C:\\Users\\xiao.cheng\\Desktop\\科研\\derived\\development\\g5_sr_engine"", ""engine_run_id"": ""peak_q_d__outer00__inner00__seed2026082301""}",453c6a9dbc6ba19d096c9ae6dfb6836b82df3f4ef8501b17a41e60f12dc21a8b,c3fe3963d6eaedd1cc3fbb65c73a0bcf57cb260fd2f6fa9c40d3371f40640a55,
peak_q_d__outer00__inner00__seed2026082302,peak_q_d,INITIAL,"[""q"",""d""]",INNER_SEARCH,peak,0,d_q018_s35,0,"[""d_q027_s35"",""d_q027_s45"",""d_q027_s50"",""d_q036_s35"",""d_q036_s45"",""d_q036_s50""]","[""d_q018_s45"",""d_q018_s50""]","[""d_q018_s35""]",2026082302,SUCCESS,,,2026-08-23T10:59:36.963822+00:00,3.0484886998310685,6,6,8,"{""engine"": ""PySR"", ""engine_output_directory"": ""C:\\Users\\xiao.cheng\\Desktop\\科研\\derived\\development\\g5_sr_engine"", ""engine_run_id"": ""peak_q_d__outer00__inner00__seed2026082302""}",453c6a9dbc6ba19d096c9ae6dfb6836b82df3f4ef8501b17a41e60f12dc21a8b,c3fe3963d6eaedd1cc3fbb65c73a0bcf57cb260fd2f6fa9c40d3371f40640a55,
peak_q_d__outer00__inner00__seed2026082303,peak_q_d,INITIAL,"[""q"",""d""]",INNER_SEARCH,peak,0,d_q018_s35,0,"[""d_q027_s35"",""d_q027_s45"",""d_q027_s50"",""d_q036_s35"",""d_q036_s45"",""d_q036_s50""]","[""d_q018_s45"",""d_q018_s50""]","[""d_q018_s35""]",2026082303,SUCCESS,,,2026-08-23T10:59:40.033175+00:00,2.766322399955243,6,6,6,"{""engine"": ""PySR"", ""engine_output_directory"": ""C:\\Users\\xiao.cheng\\Desktop\\科研\\derived\\development\\g5_sr_engine"", ""engine_run_id"": ""peak_q_d__outer00__inner00__seed2026082303""}",453c6a9dbc6ba19d096c9ae6dfb6836b82df3f4ef8501b17a41e60f12dc21a8b,c3fe3963d6eaedd1cc3fbb65c73a0bcf57cb260fd2f6fa9c40d3371f40640a55,
peak_q_d__outer00__inner00__seed2026082304,peak_q_d,INITIAL,"[""q"",""d""]",INNER_SEARCH,peak,0,d_q018_s35,0,"[""d_q027_s35"",""d_q027_s45"",""d_q027_s50"",""d_q036_s35"",""d_q036_s45"",""d_q036_s50""]","[""d_q018_s45"",""d_q018_s50""]","[""d_q018_s35""]",2026082304,SUCCESS,,,2026-08-23T10:59:42.821729+00:00,3.084488299675286,6,6,7,"{""engine"": ""PySR"", ""engine_output_directory"": ""C:\\Users\\xiao.cheng\\Desktop\\科研\\derived\\development\\g5_sr_engine"", ""engine_run_id"": ""peak_q_d__outer00__inner00__seed2026082304""}",453c6a9dbc6ba19d096c9ae6dfb6836b82df3f4ef8501b17a41e60f12dc21a8b,c3fe3963d6eaedd1cc3fbb65c73a0bcf57cb260fd2f6fa9c40d3371f40640a55,
peak_q_d__outer00__inner00__seed2026082305,peak_q_d,INITIAL,"[""q"",""d""]",INNER_SEARCH,peak,0,d_q018_s35,0,"[""d_q027_s35"",""d_q027_s45"",""d_q027_s50"",""d_q036_s35"",""d_q036_s45"",""d_q036_s50""]","[""d_q018_s45"",""d_q018_s50""]","[""d_q018_s35""]",2026082305,SUCCESS,,,2026-08-23T10:59:45.938422+00:00,3.0443715997971594,6,6,6,"{""engine"": ""PySR"", ""engine_output_directory"": ""C:\\Users\\xiao.cheng\\Desktop\\科研\\derived\\development\\g5_sr_engine"", ""engine_run_id"": ""peak_q_d__outer00__inner00__seed2026082305""}",453c6a9dbc6ba19d096c9ae6dfb6836b82df3f4ef8501b17a41e60f12dc21a8b,c3fe3963d6eaedd1cc3fbb65c73a0bcf57cb260fd2f6fa9c40d3371f40640a55,
peak_q_d__outer00__inner01__seed2026082301,peak_q_d,INITIAL,"[""q"",""d""]",INNER_SEARCH,peak,0,d_q018_s35,1,"[""d_q018_s45"",""d_q018_s50"",""d_q027_s50"",""d_q036_s35"",""d_q036_s45"",""d_q036_s50""]","[""d_q027_s35"",""d_q027_s45""]","[""d_q018_s35""]",2026082301,SUCCESS,,,2026-08-23T10:59:49.011281+00:00,2.897943500429392,6,6,8,"{""engine"": ""PySR"", ""engine_output_directory"": ""C:\\Users\\xiao.cheng\\Desktop\\科研\\derived\\development\\g5_sr_engine"", ""engine_run_id"": ""peak_q_d__outer00__inner01__seed2026082301""}",453c6a9dbc6ba19d096c9ae6dfb6836b82df3f4ef8501b17a41e60f12dc21a8b,c3fe3963d6eaedd1cc3fbb65c73a0bcf57cb260fd2f6fa9c40d3371f40640a55,
peak_q_d__outer00__inner01__seed2026082302,peak_q_d,INITIAL,"[""q"",""d""]",INNER_SEARCH,peak,0,d_q018_s35,1,"[""d_q018_s45"",""d_q018_s50"",""d_q027_s50"",""d_q036_s35"",""d_q036_s45"",""d_q036_s50""]","[""d_q027_s35"",""d_q027_s45""]","[""d_q018_s35""]",2026082302,SUCCESS,,,2026-08-23T10:59:51.948430+00:00,2.9531513997353613,6,6,9,"{""engine"": ""PySR"", ""engine_output_directory"": ""C:\\Users\\xiao.cheng\\Desktop\\科研\\derived\\development\\g5_sr_engine"", ""engine_run_id"": ""peak_q_d__outer00__inner01__seed2026082302""}",453c6a9dbc6ba19d096c9ae6dfb6836b82df3f4ef8501b17a41e60f12dc21a8b,c3fe3963d6eaedd1cc3fbb65c73a0bcf57cb260fd2f6fa9c40d3371f40640a55,
peak_q_d__outer00__inner01__seed2026082303,peak_q_d,INITIAL,"[""q"",""d""]",INNER_SEARCH,peak,0,d_q018_s35,1,"[""d_q018_s45"",""d_q018_s50"",""d_q027_s50"",""d_q036_s35"",""d_q036_s45"",""d_q036_s50""]","[""d_q027_s35"",""d_q027_s45""]","[""d_q018_s35""]",2026082303,SUCCESS,,,2026-08-23T10:59:54.926999+00:00,2.740110999904573,6,6,5,"{""engine"": ""PySR"", ""engine_output_directory"": ""C:\\Users\\xiao.cheng\\Desktop\\科研\\derived\\development\\g5_sr_engine"", ""engine_run_id"": ""peak_q_d__outer00__inner01__seed2026082303""}",453c6a9dbc6ba19d096c9ae6dfb6836b82df3f4ef8501b17a41e60f12dc21a8b,c3fe3963d6eaedd1cc3fbb65c73a0bcf57cb260fd2f6fa9c40d3371f40640a55,
peak_q_d__outer00__inner01__seed2026082304,peak_q_d,INITIAL,"[""q"",""d""]",INNER_SEARCH,peak,0,d_q018_s35,1,"[""d_q018_s45"",""d_q018_s50"",""d_q027_s50"",""d_q036_s35"",""d_q036_s45"",""d_q036_s50""]","[""d_q027_s35"",""d_q027_s45""]","[""d_q018_s35""]",2026082304,SUCCESS,,,2026-08-23T10:59:57.694050+00:00,4.031373000238091,6,6,6,"{""engine"": ""PySR"", ""engine_output_directory"": ""C:\\Users\\xiao.cheng\\Desktop\\科研\\derived\\development\\g5_sr_engine"", ""engine_run_id"": ""peak_q_d__outer00__inner01__seed2026082304""}",453c6a9dbc6ba19d096c9ae6dfb6836b82df3f4ef8501b17a41e60f12dc21a8b,c3fe3963d6eaedd1cc3fbb65c73a0bcf57cb260fd2f6fa9c40d3371f40640a55,
peak_q_d__outer00__inner01__seed2026082305,peak_q_d,INITIAL,"[""q"",""d""]",INNER_SEARCH,peak,0,d_q018_s35,1,"[""d_q018_s45"",""d_q018_s50"",""d_q027_s50"",""d_q036_s35"",""d_q036_s45"",""d_q036_s50""]","[""d_q027_s35"",""d_q027_s45""]","[""d_q018_s35""]",2026082305,SUCCESS,,,2026-08-23T11:00:01.752560+00:00,2.923342499881983,6,6,7,"{""engine"": ""PySR"", ""engine_output_directory"": ""C:\\Users\\xiao.cheng\\Desktop\\科研\\derived\\development\\g5_sr_engine"", ""engine_run_id"": ""peak_q_d__outer00__inner01__seed2026082305""}",453c6a9dbc6ba19d096c9ae6dfb6836b82df3f4ef8501b17a41e60f12dc21a8b,c3fe3963d6eaedd1cc3fbb65c73a0bcf57cb260fd2f6fa9c40d3371f40640a55,
peak_q_d__outer00__inner02__seed2026082301,peak_q_d,INITIAL,"[""q"",""d""]",INNER_SEARCH,peak,0,d_q018_s35,2,"[""d_q018_s45"",""d_q018_s50"",""d_q027_s35"",""d_q027_s45"",""d_q036_s45"",""d_q036_s50""]","[""d_q027_s50"",""d_q036_s35""]","[""d_q018_s35""]",2026082301,SUCCESS,,,2026-08-23T11:00:04.708343+00:00,3.920561000239104,6,6,6,"{""engine"": ""PySR"", ""engine_output_directory"": ""C:\\Users\\xiao.cheng\\Desktop\\科研\\derived\\development\\g5_sr_engine"", ""engine_run_id"": ""peak_q_d__outer00__inner02__seed2026082301""}",453c6a9dbc6ba19d096c9ae6dfb6836b82df3f4ef8501b17a41e60f12dc21a8b,c3fe3963d6eaedd1cc3fbb65c73a0bcf57cb260fd2f6fa9c40d3371f40640a55,
peak_q_d__outer00__inner02__seed2026082302,peak_q_d,INITIAL,"[""q"",""d""]",INNER_SEARCH,peak,0,d_q018_s35,2,"[""d_q018_s45"",""d_q018_s50"",""d_q027_s35"",""d_q027_s45"",""d_q036_s45"",""d_q036_s50""]","[""d_q027_s50"",""d_q036_s35""]","[""d_q018_s35""]",2026082302,SUCCESS,,,2026-08-23T11:00:08.661184+00:00,3.1196326999925077,6,6,8,"{""engine"": ""PySR"", ""engine_output_directory"": ""C:\\Users\\xiao.cheng\\Desktop\\科研\\derived\\development\\g5_sr_engine"", ""engine_run_id"": ""peak_q_d__outer00__inner02__seed2026082302""}",453c6a9dbc6ba19d096c9ae6dfb6836b82df3f4ef8501b17a41e60f12dc21a8b,c3fe3963d6eaedd1cc3fbb65c73a0bcf57cb260fd2f6fa9c40d3371f40640a55,
peak_q_d__outer00__inner02__seed2026082303,peak_q_d,INITIAL,"[""q"",""d""]",INNER_SEARCH,peak,0,d_q018_s35,2,"[""d_q018_s45"",""d_q018_s50"",""d_q027_s35"",""d_q027_s45"",""d_q036_s45"",""d_q036_s50""]","[""d_q027_s50"",""d_q036_s35""]","[""d_q018_s35""]",2026082303,SUCCESS,,,2026-08-23T11:00:11.815334+00:00,2.8680664002895355,6,6,6,"{""engine"": ""PySR"", ""engine_output_directory"": ""C:\\Users\\xiao.cheng\\Desktop\\科研\\derived\\development\\g5_sr_engine"", ""engine_run_id"": ""peak_q_d__outer00__inner02__seed2026082303""}",453c6a9dbc6ba19d096c9ae6dfb6836b82df3f4ef8501b17a41e60f12dc21a8b,c3fe3963d6eaedd1cc3fbb65c73a0bcf57cb260fd2f6fa9c40d3371f40640a55,
peak_q_d__outer00__inner02__seed2026082304,peak_q_d,INITIAL,"[""q"",""d""]",INNER_SEARCH,peak,0,d_q018_s35,2,"[""d_q018_s45"",""d_q018_s50"",""d_q027_s35"",""d_q027_s45"",""d_q036_s45"",""d_q036_s50""]","[""d_q027_s50"",""d_q036_s35""]","[""d_q018_s35""]",2026082304,SUCCESS,,,2026-08-23T11:00:14.708200+00:00,3.0688932999037206,6,6,6,"{""engine"": ""PySR"", ""engine_output_directory"": ""C:\\Users\\xiao.cheng\\Desktop\\科研\\derived\\development\\g5_sr_engine"", ""engine_run_id"": ""peak_q_d__outer00__inner02__seed2026082304""}",453c6a9dbc6ba19d096c9ae6dfb6836b82df3f4ef8501b17a41e60f12dc21a8b,c3fe3963d6eaedd1cc3fbb65c73a0bcf57cb260fd2f6fa9c40d3371f40640a55,
peak_q_d__outer00__inner02__seed2026082305,peak_q_d,INITIAL,"[""q"",""d""]",INNER_SEARCH,peak,0,d_q018_s35,2,"[""d_q018_s45"",""d_q018_s50"",""d_q027_s35"",""d_q027_s45"",""d_q036_s45"",""d_q036_s50""]","[""d_q027_s50"",""d_q036_s35""]","[""d_q018_s35""]",2026082305,SUCCESS,,,2026-08-23T11:00:17.798020+00:00,2.9816919998265803,6,6,8,"{""engine"": ""PySR"", ""engine_output_directory"": ""C:\\Users\\xiao.cheng\\Desktop\\科研\\derived\\development\\g5_sr_engine"", ""engine_run_id"": ""peak_q_d__outer00__inner02__seed2026082305""}",453c6a9dbc6ba19d096c9ae6dfb6836b82df3f4ef8501b17a41e60f12dc21a8b,c3fe3963d6eaedd1cc3fbb65c73a0bcf57cb260fd2f6fa9c40d3371f40640a55,
peak_q_d__outer00__inner03__seed2026082301,peak_q_d,INITIAL,"[""q"",""d""]",INNER_SEARCH,peak,0,d_q018_s35,3,"[""d_q018_s45"",""d_q018_s50"",""d_q027_s35"",""d_q027_s45"",""d_q027_s50"",""d_q036_s35""]","[""d_q036_s45"",""d_q036_s50""]","[""d_q018_s35""]",2026082301,SUCCESS,,,2026-08-23T11:00:20.809040+00:00,2.822214599698782,6,6,7,"{""engine"": ""PySR"", ""engine_output_directory"": ""C:\\Users\\xiao.cheng\\Desktop\\科研\\derived\\development\\g5_sr_engine"", ""engine_run_id"": ""peak_q_d__outer00__inner03__seed2026082301""}",453c6a9dbc6ba19d096c9ae6dfb6836b82df3f4ef8501b17a41e60f12dc21a8b,c3fe3963d6eaedd1cc3fbb65c73a0bcf57cb260fd2f6fa9c40d3371f40640a55,
peak_q_d__outer00__inner03__seed2026082302,peak_q_d,INITIAL,"[""q"",""d""]",INNER_SEARCH,peak,0,d_q018_s35,3,"[""d_q018_s45"",""d_q018_s50"",""d_q027_s35"",""d_q027_s45"",""d_q027_s50"",""d_q036_s35""]","[""d_q036_s45"",""d_q036_s50""]","[""d_q018_s35""]",2026082302,SUCCESS,,,2026-08-23T11:00:23.660432+00:00,3.0186729999259114,6,6,6,"{""engine"": ""PySR"", ""engine_output_directory"": ""C:\\Users\\xiao.cheng\\Desktop\\科研\\derived\\development\\g5_sr_engine"", ""engine_run_id"": ""peak_q_d__outer00__inner03__seed2026082302""}",453c6a9dbc6ba19d096c9ae6dfb6836b82df3f4ef8501b17a41e60f12dc21a8b,c3fe3963d6eaedd1cc3fbb65c73a0bcf57cb260fd2f6fa9c40d3371f40640a55,
peak_q_d__outer00__inner03__seed2026082303,peak_q_d,INITIAL,"[""q"",""d""]",INNER_SEARCH,peak,0,d_q018_s35,3,"[""d_q018_s45"",""d_q018_s50"",""d_q027_s35"",""d_q027_s45"",""d_q027_s50"",""d_q036_s35""]","[""d_q036_s45"",""d_q036_s50""]","[""d_q018_s35""]",2026082303,SUCCESS,,,2026-08-23T11:00:26.704411+00:00,3.2505018999800086,6,6,8,"{""engine"": ""PySR"", ""engine_output_directory"": ""C:\\Users\\xiao.cheng\\Desktop\\科研\\derived\\development\\g5_sr_engine"", ""engine_run_id"": ""peak_q_d__outer00__inner03__seed2026082303""}",453c6a9dbc6ba19d096c9ae6dfb6836b82df3f4ef8501b17a41e60f12dc21a8b,c3fe3963d6eaedd1cc3fbb65c73a0bcf57cb260fd2f6fa9c40d3371f40640a55,
peak_q_d__outer00__inner03__seed2026082304,peak_q_d,INITIAL,"[""q"",""d""]",INNER_SEARCH,peak,0,d_q018_s35,3,"[""d_q018_s45"",""d_q018_s50"",""d_q027_s35"",""d_q027_s45"",""d_q027_s50"",""d_q036_s35""]","[""d_q036_s45"",""d_q036_s50""]","[""d_q018_s35""]",2026082304,SUCCESS,,,2026-08-23T11:00:29.980015+00:00,3.3179035000503063,6,6,6,"{""engine"": ""PySR"", ""engine_output_directory"": ""C:\\Users\\xiao.cheng\\Desktop\\科研\\derived\\development\\g5_sr_engine"", ""engine_run_id"": ""peak_q_d__outer00__inner03__seed2026082304""}",453c6a9dbc6ba19d096c9ae6dfb6836b82df3f4ef8501b17a41e60f12dc21a8b,c3fe3963d6eaedd1cc3fbb65c73a0bcf57cb260fd2f6fa9c40d3371f40640a55,
peak_q_d__outer00__inner03__seed2026082305,peak_q_d,INITIAL,"[""q"",""d""]",INNER_SEARCH,peak,0,d_q018_s35,3,"[""d_q018_s45"",""d_q018_s50"",""d_q027_s35"",""d_q027_s45"",""d_q027_s50"",""d_q036_s35""]","[""d_q036_s45"",""d_q036_s50""]","[""d_q018_s35""]",2026082305,SUCCESS,,,2026-08-23T11:00:33.324356+00:00,2.9914489998482168,6,6,8,"{""engine"": ""PySR"", ""engine_output_directory"": ""C:\\Users\\xiao.cheng\\Desktop\\科研\\derived\\development\\g5_sr_engine"", ""engine_run_id"": ""peak_q_d__outer00__inner03__seed2026082305""}",453c6a9dbc6ba19d096c9ae6dfb6836b82df3f4ef8501b17a41e60f12dc21a8b,c3fe3963d6eaedd1cc3fbb65c73a0bcf57cb260fd2f6fa9c40d3371f40640a55,
peak_q_d__outer00__refit__seed2026082301,peak_q_d,INITIAL,"[""q"",""d""]",OUTER_REFIT_SEARCH,peak,0,d_q018_s35,-1,"[""d_q018_s45"",""d_q018_s50"",""d_q027_s35"",""d_q027_s45"",""d_q027_s50"",""d_q036_s35"",""d_q036_s45"",""d_q036_s50""]",[],"[""d_q018_s35""]",2026082301,SUCCESS,,,2026-08-23T11:00:36.346924+00:00,3.5572015000507236,8,8,6,"{""engine"": ""PySR"", ""engine_output_directory"": ""C:\\Users\\xiao.cheng\\Desktop\\科研\\derived\\development\\g5_sr_engine"", ""engine_run_id"": ""peak_q_d__outer00__refit__seed2026082301""}",453c6a9dbc6ba19d096c9ae6dfb6836b82df3f4ef8501b17a41e60f12dc21a8b,c3fe3963d6eaedd1cc3fbb65c73a0bcf57cb260fd2f6fa9c40d3371f40640a55,
peak_q_d__outer00__refit__seed2026082302,peak_q_d,INITIAL,"[""q"",""d""]",OUTER_REFIT_SEARCH,peak,0,d_q018_s35,-1,"[""d_q018_s45"",""d_q018_s50"",""d_q027_s35"",""d_q027_s45"",""d_q027_s50"",""d_q036_s35"",""d_q036_s45"",""d_q036_s50""]",[],"[""d_q018_s35""]",2026082302,SUCCESS,,,2026-08-23T11:00:39.941670+00:00,3.749874500092119,8,8,7,"{""engine"": ""PySR"", ""engine_output_directory"": ""C:\\Users\\xiao.cheng\\Desktop\\科研\\derived\\development\\g5_sr_engine"", ""engine_run_id"": ""peak_q_d__outer00__refit__seed2026082302""}",453c6a9dbc6ba19d096c9ae6dfb6836b82df3f4ef8501b17a41e60f12dc21a8b,c3fe3963d6eaedd1cc3fbb65c73a0bcf57cb260fd2f6fa9c40d3371f40640a55,
peak_q_d__outer00__refit__seed2026082303,peak_q_d,INITIAL,"[""q"",""d""]",OUTER_REFIT_SEARCH,peak,0,d_q018_s35,-1,"[""d_q018_s45"",""d_q018_s50"",""d_q027_s35"",""d_q027_s45"",""d_q027_s50"",""d_q036_s35"",""d_q036_s45"",""d_q036_s50""]",[],"[""d_q018_s35""]",2026082303,SUCCESS,,,2026-08-23T11:00:43.778185+00:00,3.8064699000678957,8,8,7,"{""engine"": ""PySR"", ""engine_output_directory"": ""C:\\Users\\xiao.cheng\\Desktop\\科研\\derived\\development\\g5_sr_engine"", ""engine_run_id"": ""peak_q_d__outer00__refit__seed2026082303""}",453c6a9dbc6ba19d096c9ae6dfb6836b82df3f4ef8501b17a41e60f12dc21a8b,c3fe3963d6eaedd1cc3fbb65c73a0bcf57cb260fd2f6fa9c40d3371f40640a55,
peak_q_d__outer00__refit__seed2026082304,peak_q_d,INITIAL,"[""q"",""d""]",OUTER_REFIT_SEARCH,peak,0,d_q018_s35,-1,"[""d_q018_s45"",""d_q018_s50"",""d_q027_s35"",""d_q027_s45"",""d_q027_s50"",""d_q036_s35"",""d_q036_s45"",""d_q036_s50""]",[],"[""d_q018_s35""]",2026082304,SUCCESS,,,2026-08-23T11:00:47.617475+00:00,3.8101022001355886,8,8,7,"{""engine"": ""PySR"", ""engine_output_directory"": ""C:\\Users\\xiao.cheng\\Desktop\\科研\\derived\\development\\g5_sr_engine"", ""engine_run_id"": ""peak_q_d__outer00__refit__seed2026082304""}",453c6a9dbc6ba19d096c9ae6dfb6836b82df3f4ef8501b17a41e60f12dc21a8b,c3fe3963d6eaedd1cc3fbb65c73a0bcf57cb260fd2f6fa9c40d3371f40640a55,
peak_q_d__outer00__refit__seed2026082305,peak_q_d,INITIAL,"[""q"",""d""]",OUTER_REFIT_SEARCH,peak,0,d_q018_s35,-1,"[""d_q018_s45"",""d_q018_s50"",""d_q027_s35"",""d_q027_s45"",""d_q027_s50"",""d_q036_s35"",""d_q036_s45"",""d_q036_s50""]",[],"[""d_q018_s35""]",2026082305,SUCCESS,,,2026-08-23T11:00:51.458646+00:00,3.354520599823445,8,8,6,"{""engine"": ""PySR"", ""engine_output_directory"": ""C:\\Users\\xiao.cheng\\Desktop\\科研\\derived\\development\\g5_sr_engine"", ""engine_run_id"": ""peak_q_d__outer00__refit__seed2026082305""}",453c6a9dbc6ba19d096c9ae6dfb6836b82df3f4ef8501b17a41e60f12dc21a8b,c3fe3963d6eaedd1cc3fbb65c73a0bcf57cb260fd2f6fa9c40d3371f40640a55,
peak_q_d__outer01__inner00__seed2026082301,peak_q_d,INITIAL,"[""q"",""d""]",INNER_SEARCH,peak,1,d_q018_s45,0,"[""d_q018_s35"",""d_q027_s45"",""d_q027_s50"",""d_q036_s35"",""d_q036_s45"",""d_q036_s50""]","[""d_q018_s50"",""d_q027_s35""]","[""d_q018_s45""]",2026082301,SUCCESS,,,2026-08-23T11:00:54.872036+00:00,4.148963400162756,6,6,5,"{""engine"": ""PySR"", ""engine_output_directory"": ""C:\\Users\\xiao.cheng\\Desktop\\科研\\derived\\development\\g5_sr_engine"", ""engine_run_id"": ""peak_q_d__outer01__inner00__seed2026082301""}",453c6a9dbc6ba19d096c9ae6dfb6836b82df3f4ef8501b17a41e60f12dc21a8b,c3fe3963d6eaedd1cc3fbb65c73a0bcf57cb260fd2f6fa9c40d3371f40640a55,
peak_q_d__outer01__inner00__seed2026082302,peak_q_d,INITIAL,"[""q"",""d""]",INNER_SEARCH,peak,1,d_q018_s45,0,"[""d_q018_s35"",""d_q027_s45"",""d_q027_s50"",""d_q036_s35"",""d_q036_s45"",""d_q036_s50""]","[""d_q018_s50"",""d_q027_s35""]","[""d_q018_s45""]",2026082302,SUCCESS,,,2026-08-23T11:00:59.063245+00:00,3.7132922001183033,6,6,6,"{""engine"": ""PySR"", ""engine_output_directory"": ""C:\\Users\\xiao.cheng\\Desktop\\科研\\derived\\development\\g5_sr_engine"", ""engine_run_id"": ""peak_q_d__outer01__inner00__seed2026082302""}",453c6a9dbc6ba19d096c9ae6dfb6836b82df3f4ef8501b17a41e60f12dc21a8b,c3fe3963d6eaedd1cc3fbb65c73a0bcf57cb260fd2f6fa9c40d3371f40640a55,
peak_q_d__outer01__inner00__seed2026082303,peak_q_d,INITIAL,"[""q"",""d""]",INNER_SEARCH,peak,1,d_q018_s45,0,"[""d_q018_s35"",""d_q027_s45"",""d_q027_s50"",""d_q036_s35"",""d_q036_s45"",""d_q036_s50""]","[""d_q018_s50"",""d_q027_s35""]","[""d_q018_s45""]",2026082303,SUCCESS,,,2026-08-23T11:01:02.810243+00:00,3.086878600064665,6,6,5,"{""engine"": ""PySR"", ""engine_output_directory"": ""C:\\Users\\xiao.cheng\\Desktop\\科研\\derived\\development\\g5_sr_engine"", ""engine_run_id"": ""peak_q_d__outer01__inner00__seed2026082303""}",453c6a9dbc6ba19d096c9ae6dfb6836b82df3f4ef8501b17a41e60f12dc21a8b,c3fe3963d6eaedd1cc3fbb65c73a0bcf57cb260fd2f6fa9c40d3371f40640a55,
peak_q_d__outer01__inner00__seed2026082304,peak_q_d,INITIAL,"[""q"",""d""]",INNER_SEARCH,peak,1,d_q018_s45,0,"[""d_q018_s35"",""d_q027_s45"",""d_q027_s50"",""d_q036_s35"",""d_q036_s45"",""d_q036_s50""]","[""d_q018_s50"",""d_q027_s35""]","[""d_q018_s45""]",2026082304,SUCCESS,,,2026-08-23T11:01:05.923319+00:00,5.29724569991231,6,6,7,"{""engine"": ""PySR"", ""engine_output_directory"": ""C:\\Users\\xiao.cheng\\Desktop\\科研\\derived\\development\\g5_sr_engine"", ""engine_run_id"": ""peak_q_d__outer01__inner00__seed2026082304""}",453c6a9dbc6ba19d096c9ae6dfb6836b82df3f4ef8501b17a41e60f12dc21a8b,c3fe3963d6eaedd1cc3fbb65c73a0bcf57cb260fd2f6fa9c40d3371f40640a55,
peak_q_d__outer01__inner00__seed2026082305,peak_q_d,INITIAL,"[""q"",""d""]",INNER_SEARCH,peak,1,d_q018_s45,0,"[""d_q018_s35"",""d_q027_s45"",""d_q027_s50"",""d_q036_s35"",""d_q036_s45"",""d_q036_s50""]","[""d_q018_s50"",""d_q027_s35""]","[""d_q018_s45""]",2026082305,SUCCESS,,,2026-08-23T11:01:11.253870+00:00,3.686900899745524,6,6,5,"{""engine"": ""PySR"", ""engine_output_directory"": ""C:\\Users\\xiao.cheng\\Desktop\\科研\\derived\\development\\g5_sr_engine"", ""engine_run_id"": ""peak_q_d__outer01__inner00__seed2026082305""}",453c6a9dbc6ba19d096c9ae6dfb6836b82df3f4ef8501b17a41e60f12dc21a8b,c3fe3963d6eaedd1cc3fbb65c73a0bcf57cb260fd2f6fa9c40d3371f40640a55,
peak_q_d__outer01__inner01__seed2026082301,peak_q_d,INITIAL,"[""q"",""d""]",INNER_SEARCH,peak,1,d_q018_s45,1,"[""d_q018_s35"",""d_q018_s50"",""d_q027_s35"",""d_q036_s35"",""d_q036_s45"",""d_q036_s50""]","[""d_q027_s45"",""d_q027_s50""]","[""d_q018_s45""]",2026082301,SUCCESS,,,2026-08-23T11:01:14.970235+00:00,3.859432900324464,6,6,7,"{""engine"": ""PySR"", ""engine_output_directory"": ""C:\\Users\\xiao.cheng\\Desktop\\科研\\derived\\development\\g5_sr_engine"", ""engine_run_id"": ""peak_q_d__outer01__inner01__seed2026082301""}",453c6a9dbc6ba19d096c9ae6dfb6836b82df3f4ef8501b17a41e60f12dc21a8b,c3fe3963d6eaedd1cc3fbb65c73a0bcf57cb260fd2f6fa9c40d3371f40640a55,
peak_q_d__outer01__inner01__seed2026082302,peak_q_d,INITIAL,"[""q"",""d""]",INNER_SEARCH,peak,1,d_q018_s45,1,"[""d_q018_s35"",""d_q018_s50"",""d_q027_s35"",""d_q036_s35"",""d_q036_s45"",""d_q036_s50""]","[""d_q027_s45"",""d_q027_s50""]","[""d_q018_s45""]",2026082302,SUCCESS,,,2026-08-23T11:01:18.862547+00:00,4.08471309999004,6,6,7,"{""engine"": ""PySR"", ""engine_output_directory"": ""C:\\Users\\xiao.cheng\\Desktop\\科研\\derived\\development\\g5_sr_engine"", ""engine_run_id"": ""peak_q_d__outer01__inner01__seed2026082302""}",453c6a9dbc6ba19d096c9ae6dfb6836b82df3f4ef8501b17a41e60f12dc21a8b,c3fe3963d6eaedd1cc3fbb65c73a0bcf57cb260fd2f6fa9c40d3371f40640a55,
peak_q_d__outer01__inner01__seed2026082303,peak_q_d,INITIAL,"[""q"",""d""]",INNER_SEARCH,peak,1,d_q018_s45,1,"[""d_q018_s35"",""d_q018_s50"",""d_q027_s35"",""d_q036_s35"",""d_q036_s45"",""d_q036_s50""]","[""d_q027_s45"",""d_q027_s50""]","[""d_q018_s45""]",2026082303,SUCCESS,,,2026-08-23T11:01:22.979521+00:00,3.7088583996519446,6,6,7,"{""engine"": ""PySR"", ""engine_output_directory"": ""C:\\Users\\xiao.cheng\\Desktop\\科研\\derived\\development\\g5_sr_engine"", ""engine_run_id"": ""peak_q_d__outer01__inner01__seed2026082303""}",453c6a9dbc6ba19d096c9ae6dfb6836b82df3f4ef8501b17a41e60f12dc21a8b,c3fe3963d6eaedd1cc3fbb65c73a0bcf57cb260fd2f6fa9c40d3371f40640a55,
peak_q_d__outer01__inner01__seed2026082304,peak_q_d,INITIAL,"[""q"",""d""]",INNER_SEARCH,peak,1,d_q018_s45,1,"[""d_q018_s35"",""d_q018_s50"",""d_q027_s35"",""d_q036_s35"",""d_q036_s45"",""d_q036_s50""]","[""d_q027_s45"",""d_q027_s50""]","[""d_q018_s45""]",2026082304,SUCCESS,,,2026-08-23T11:01:26.727025+00:00,4.686035000253469,6,6,7,"{""engine"": ""PySR"", ""engine_output_directory"": ""C:\\Users\\xiao.cheng\\Desktop\\科研\\derived\\development\\g5_sr_engine"", ""engine_run_id"": ""peak_q_d__outer01__inner01__seed2026082304""}",453c6a9dbc6ba19d096c9ae6dfb6836b82df3f4ef8501b17a41e60f12dc21a8b,c3fe3963d6eaedd1cc3fbb65c73a0bcf57cb260fd2f6fa9c40d3371f40640a55,
peak_q_d__outer01__inner01__seed2026082305,peak_q_d,INITIAL,"[""q"",""d""]",INNER_SEARCH,peak,1,d_q018_s45,1,"[""d_q018_s35"",""d_q018_s50"",""d_q027_s35"",""d_q036_s35"",""d_q036_s45"",""d_q036_s50""]","[""d_q027_s45"",""d_q027_s50""]","[""d_q018_s45""]",2026082305,SUCCESS,,,2026-08-23T11:01:31.441386+00:00,3.3598317997530103,6,6,9,"{""engine"": ""PySR"", ""engine_output_directory"": ""C:\\Users\\xiao.cheng\\Desktop\\科研\\derived\\development\\g5_sr_engine"", ""engine_run_id"": ""peak_q_d__outer01__inner01__seed2026082305""}",453c6a9dbc6ba19d096c9ae6dfb6836b82df3f4ef8501b17a41e60f12dc21a8b,c3fe3963d6eaedd1cc3fbb65c73a0bcf57cb260fd2f6fa9c40d3371f40640a55,
peak_q_d__outer01__inner02__seed2026082301,peak_q_d,INITIAL,"[""q"",""d""]",INNER_SEARCH,peak,1,d_q018_s45,2,"[""d_q018_s35"",""d_q018_s50"",""d_q027_s35"",""d_q027_s45"",""d_q027_s50"",""d_q036_s50""]","[""d_q036_s35"",""d_q036_s45""]","[""d_q018_s45""]",2026082301,SUCCESS,,,2026-08-23T11:01:34.832243+00:00,3.7210387997329235,6,6,8,"{""engine"": ""PySR"", ""engine_output_directory"": ""C:\\Users\\xiao.cheng\\Desktop\\科研\\derived\\development\\g5_sr_engine"", ""engine_run_id"": ""peak_q_d__outer01__inner02__seed2026082301""}",453c6a9dbc6ba19d096c9ae6dfb6836b82df3f4ef8501b17a41e60f12dc21a8b,c3fe3963d6eaedd1cc3fbb65c73a0bcf57cb260fd2f6fa9c40d3371f40640a55,
peak_q_d__outer01__inner02__seed2026082302,peak_q_d,INITIAL,"[""q"",""d""]",INNER_SEARCH,peak,1,d_q018_s45,2,"[""d_q018_s35"",""d_q018_s50"",""d_q027_s35"",""d_q027_s45"",""d_q027_s50"",""d_q036_s50""]","[""d_q036_s35"",""d_q036_s45""]","[""d_q018_s45""]",2026082302,SUCCESS,,,2026-08-23T11:01:38.585015+00:00,3.549873100128025,6,6,7,"{""engine"": ""PySR"", ""engine_output_directory"": ""C:\\Users\\xiao.cheng\\Desktop\\科研\\derived\\development\\g5_sr_engine"", ""engine_run_id"": ""peak_q_d__outer01__inner02__seed2026082302""}",453c6a9dbc6ba19d096c9ae6dfb6836b82df3f4ef8501b17a41e60f12dc21a8b,c3fe3963d6eaedd1cc3fbb65c73a0bcf57cb260fd2f6fa9c40d3371f40640a55,
peak_q_d__outer01__inner02__seed2026082303,peak_q_d,INITIAL,"[""q"",""d""]",INNER_SEARCH,peak,1,d_q018_s45,2,"[""d_q018_s35"",""d_q018_s50"",""d_q027_s35"",""d_q027_s45"",""d_q027_s50"",""d_q036_s50""]","[""d_q036_s35"",""d_q036_s45""]","[""d_q018_s45""]",2026082303,SUCCESS,,,2026-08-23T11:01:42.166117+00:00,3.9535326003096998,6,6,8,"{""engine"": ""PySR"", ""engine_output_directory"": ""C:\\Users\\xiao.cheng\\Desktop\\科研\\derived\\development\\g5_sr_engine"", ""engine_run_id"": ""peak_q_d__outer01__inner02__seed2026082303""}",453c6a9dbc6ba19d096c9ae6dfb6836b82df3f4ef8501b17a41e60f12dc21a8b,c3fe3963d6eaedd1cc3fbb65c73a0bcf57cb260fd2f6fa9c40d3371f40640a55,
peak_q_d__outer01__inner02__seed2026082304,peak_q_d,INITIAL,"[""q"",""d""]",INNER_SEARCH,peak,1,d_q018_s45,2,"[""d_q018_s35"",""d_q018_s50"",""d_q027_s35"",""d_q027_s45"",""d_q027_s50"",""d_q036_s50""]","[""d_q036_s35"",""d_q036_s45""]","[""d_q018_s45""]",2026082304,SUCCESS,,,2026-08-23T11:01:46.155227+00:00,3.522825099993497,6,6,5,"{""engine"": ""PySR"", ""engine_output_directory"": ""C:\\Users\\xiao.cheng\\Desktop\\科研\\derived\\development\\g5_sr_engine"", ""engine_run_id"": ""peak_q_d__outer01__inner02__seed2026082304""}",453c6a9dbc6ba19d096c9ae6dfb6836b82df3f4ef8501b17a41e60f12dc21a8b,c3fe3963d6eaedd1cc3fbb65c73a0bcf57cb260fd2f6fa9c40d3371f40640a55,
peak_q_d__outer01__inner02__seed2026082305,peak_q_d,INITIAL,"[""q"",""d""]",INNER_SEARCH,peak,1,d_q018_s45,2,"[""d_q018_s35"",""d_q018_s50"",""d_q027_s35"",""d_q027_s45"",""d_q027_s50"",""d_q036_s50""]","[""d_q036_s35"",""d_q036_s45""]","[""d_q018_s45""]",2026082305,SUCCESS,,,2026-08-23T11:01:49.710177+00:00,3.6049477998167276,6,6,7,"{""engine"": ""PySR"", ""engine_output_directory"": ""C:\\Users\\xiao.cheng\\Desktop\\科研\\derived\\development\\g5_sr_engine"", ""engine_run_id"": ""peak_q_d__outer01__inner02__seed2026082305""}",453c6a9dbc6ba19d096c9ae6dfb6836b82df3f4ef8501b17a41e60f12dc21a8b,c3fe3963d6eaedd1cc3fbb65c73a0bcf57cb260fd2f6fa9c40d3371f40640a55,
peak_q_d__outer01__inner03__seed2026082301,peak_q_d,INITIAL,"[""q"",""d""]",INNER_SEARCH,peak,1,d_q018_s45,3,"[""d_q018_s50"",""d_q027_s35"",""d_q027_s45"",""d_q027_s50"",""d_q036_s35"",""d_q036_s45""]","[""d_q018_s35"",""d_q036_s50""]","[""d_q018_s45""]",2026082301,SUCCESS,,,2026-08-23T11:01:53.349216+00:00,4.7508090999908745,6,6,10,"{""engine"": ""PySR"", ""engine_output_directory"": ""C:\\Users\\xiao.cheng\\Desktop\\科研\\derived\\development\\g5_sr_engine"", ""engine_run_id"": ""peak_q_d__outer01__inner03__seed2026082301""}",453c6a9dbc6ba19d096c9ae6dfb6836b82df3f4ef8501b17a41e60f12dc21a8b,c3fe3963d6eaedd1cc3fbb65c73a0bcf57cb260fd2f6fa9c40d3371f40640a55,
peak_q_d__outer01__inner03__seed2026082302,peak_q_d,INITIAL,"[""q"",""d""]",INNER_SEARCH,peak,1,d_q018_s45,3,"[""d_q018_s50"",""d_q027_s35"",""d_q027_s45"",""d_q027_s50"",""d_q036_s35"",""d_q036_s45""]","[""d_q018_s35"",""d_q036_s50""]","[""d_q018_s45""]",2026082302,SUCCESS,,,2026-08-23T11:01:58.126043+00:00,2.887332799844444,6,6,6,"{""engine"": ""PySR"", ""engine_output_directory"": ""C:\\Users\\xiao.cheng\\Desktop\\科研\\derived\\development\\g5_sr_engine"", ""engine_run_id"": ""peak_q_d__outer01__inner03__seed2026082302""}",453c6a9dbc6ba19d096c9ae6dfb6836b82df3f4ef8501b17a41e60f12dc21a8b,c3fe3963d6eaedd1cc3fbb65c73a0bcf57cb260fd2f6fa9c40d3371f40640a55,
peak_q_d__outer01__inner03__seed2026082303,peak_q_d,INITIAL,"[""q"",""d""]",INNER_SEARCH,peak,1,d_q018_s45,3,"[""d_q018_s50"",""d_q027_s35"",""d_q027_s45"",""d_q027_s50"",""d_q036_s35"",""d_q036_s45""]","[""d_q018_s35"",""d_q036_s50""]","[""d_q018_s45""]",2026082303,SUCCESS,,,2026-08-23T11:02:01.041683+00:00,3.140830500051379,6,6,8,"{""engine"": ""PySR"", ""engine_output_directory"": ""C:\\Users\\xiao.cheng\\Desktop\\科研\\derived\\development\\g5_sr_engine"", ""engine_run_id"": ""peak_q_d__outer01__inner03__seed2026082303""}",453c6a9dbc6ba19d096c9ae6dfb6836b82df3f4ef8501b17a41e60f12dc21a8b,c3fe3963d6eaedd1cc3fbb65c73a0bcf57cb260fd2f6fa9c40d3371f40640a55,
peak_q_d__outer01__inner03__seed2026082304,peak_q_d,INITIAL,"[""q"",""d""]",INNER_SEARCH,peak,1,d_q018_s45,3,"[""d_q018_s50"",""d_q027_s35"",""d_q027_s45"",""d_q027_s50"",""d_q036_s35"",""d_q036_s45""]","[""d_q018_s35"",""d_q036_s50""]","[""d_q018_s45""]",2026082304,SUCCESS,,,2026-08-23T11:02:04.209909+00:00,2.992432900238782,6,6,6,"{""engine"": ""PySR"", ""engine_output_directory"": ""C:\\Users\\xiao.cheng\\Desktop\\科研\\derived\\development\\g5_sr_engine"", ""engine_run_id"": ""peak_q_d__outer01__inner03__seed2026082304""}",453c6a9dbc6ba19d096c9ae6dfb6836b82df3f4ef8501b17a41e60f12dc21a8b,c3fe3963d6eaedd1cc3fbb65c73a0bcf57cb260fd2f6fa9c40d3371f40640a55,
peak_q_d__outer01__inner03__seed2026082305,peak_q_d,INITIAL,"[""q"",""d""]",INNER_SEARCH,peak,1,d_q018_s45,3,"[""d_q018_s50"",""d_q027_s35"",""d_q027_s45"",""d_q027_s50"",""d_q036_s35"",""d_q036_s45""]","[""d_q018_s35"",""d_q036_s50""]","[""d_q018_s45""]",2026082305,SUCCESS,,,2026-08-23T11:02:07.234400+00:00,3.8799187000840902,6,6,7,"{""engine"": ""PySR"", ""engine_output_directory"": ""C:\\Users\\xiao.cheng\\Desktop\\科研\\derived\\development\\g5_sr_engine"", ""engine_run_id"": ""peak_q_d__outer01__inner03__seed2026082305""}",453c6a9dbc6ba19d096c9ae6dfb6836b82df3f4ef8501b17a41e60f12dc21a8b,c3fe3963d6eaedd1cc3fbb65c73a0bcf57cb260fd2f6fa9c40d3371f40640a55,
peak_q_d__outer01__refit__seed2026082301,peak_q_d,INITIAL,"[""q"",""d""]",OUTER_REFIT_SEARCH,peak,1,d_q018_s45,-1,"[""d_q018_s35"",""d_q018_s50"",""d_q027_s35"",""d_q027_s45"",""d_q027_s50"",""d_q036_s35"",""d_q036_s45"",""d_q036_s50""]",[],"[""d_q018_s45""]",2026082301,SUCCESS,,,2026-08-23T11:02:11.149531+00:00,3.03283300017938,8,8,6,"{""engine"": ""PySR"", ""engine_output_directory"": ""C:\\Users\\xiao.cheng\\Desktop\\科研\\derived\\development\\g5_sr_engine"", ""engine_run_id"": ""peak_q_d__outer01__refit__seed2026082301""}",453c6a9dbc6ba19d096c9ae6dfb6836b82df3f4ef8501b17a41e60f12dc21a8b,c3fe3963d6eaedd1cc3fbb65c73a0bcf57cb260fd2f6fa9c40d3371f40640a55,
peak_q_d__outer01__refit__seed2026082302,peak_q_d,INITIAL,"[""q"",""d""]",OUTER_REFIT_SEARCH,peak,1,d_q018_s45,-1,"[""d_q018_s35"",""d_q018_s50"",""d_q027_s35"",""d_q027_s45"",""d_q027_s50"",""d_q036_s35"",""d_q036_s45"",""d_q036_s50""]",[],"[""d_q018_s45""]",2026082302,SUCCESS,,,2026-08-23T11:02:14.210104+00:00,2.8619022998027503,8,8,7,"{""engine"": ""PySR"", ""engine_output_directory"": ""C:\\Users\\xiao.cheng\\Desktop\\科研\\derived\\development\\g5_sr_engine"", ""engine_run_id"": ""peak_q_d__outer01__refit__seed2026082302""}",453c6a9dbc6ba19d096c9ae6dfb6836b82df3f4ef8501b17a41e60f12dc21a8b,c3fe3963d6eaedd1cc3fbb65c73a0bcf57cb260fd2f6fa9c40d3371f40640a55,
peak_q_d__outer01__refit__seed2026082303,peak_q_d,INITIAL,"[""q"",""d""]",OUTER_REFIT_SEARCH,peak,1,d_q018_s45,-1,"[""d_q018_s35"",""d_q018_s50"",""d_q027_s35"",""d_q027_s45"",""d_q027_s50"",""d_q036_s35"",""d_q036_s45"",""d_q036_s50""]",[],"[""d_q018_s45""]",2026082303,SUCCESS,,,2026-08-23T11:02:17.101766+00:00,3.0399609999731183,8,8,6,"{""engine"": ""PySR"", ""engine_output_directory"": ""C:\\Users\\xiao.cheng\\Desktop\\科研\\derived\\development\\g5_sr_engine"", ""engine_run_id"": ""peak_q_d__outer01__refit__seed2026082303""}",453c6a9dbc6ba19d096c9ae6dfb6836b82df3f4ef8501b17a41e60f12dc21a8b,c3fe3963d6eaedd1cc3fbb65c73a0bcf57cb260fd2f6fa9c40d3371f40640a55,
peak_q_d__outer01__refit__seed2026082304,peak_q_d,INITIAL,"[""q"",""d""]",OUTER_REFIT_SEARCH,peak,1,d_q018_s45,-1,"[""d_q018_s35"",""d_q018_s50"",""d_q027_s35"",""d_q027_s45"",""d_q027_s50"",""d_q036_s35"",""d_q036_s45"",""d_q036_s50""]",[],"[""d_q018_s45""]",2026082304,SUCCESS,,,2026-08-23T11:02:20.173874+00:00,2.9580195997841656,8,8,7,"{""engine"": ""PySR"", ""engine_output_directory"": ""C:\\Users\\xiao.cheng\\Desktop\\科研\\derived\\development\\g5_sr_engine"", ""engine_run_id"": ""peak_q_d__outer01__refit__seed2026082304""}",453c6a9dbc6ba19d096c9ae6dfb6836b82df3f4ef8501b17a41e60f12dc21a8b,c3fe3963d6eaedd1cc3fbb65c73a0bcf57cb260fd2f6fa9c40d3371f40640a55,
peak_q_d__outer01__refit__seed2026082305,peak_q_d,INITIAL,"[""q"",""d""]",OUTER_REFIT_SEARCH,peak,1,d_q018_s45,-1,"[""d_q018_s35"",""d_q018_s50"",""d_q027_s35"",""d_q027_s45"",""d_q027_s50"",""d_q036_s35"",""d_q036_s45"",""d_q036_s50""]",[],"[""d_q018_s45""]",2026082305,SUCCESS,,,2026-08-23T11:02:23.157653+00:00,3.12554829986766,8,8,7,"{""engine"": ""PySR"", ""engine_output_directory"": ""C:\\Users\\xiao.cheng\\Desktop\\科研\\derived\\development\\g5_sr_engine"", ""engine_run_id"": ""peak_q_d__outer01__refit__seed2026082305""}",453c6a9dbc6ba19d096c9ae6dfb6836b82df3f4ef8501b17a41e60f12dc21a8b,c3fe3963d6eaedd1cc3fbb65c73a0bcf57cb260fd2f6fa9c40d3371f40640a55,
peak_q_d__outer02__inner00__seed2026082301,peak_q_d,INITIAL,"[""q"",""d""]",INNER_SEARCH,peak,2,d_q018_s50,0,"[""d_q018_s35"",""d_q018_s45"",""d_q027_s50"",""d_q036_s35"",""d_q036_s45"",""d_q036_s50""]","[""d_q027_s35"",""d_q027_s45""]","[""d_q018_s50""]",2026082301,SUCCESS,,,2026-08-23T11:02:26.310386+00:00,2.8198788999579847,6,6,5,"{""engine"": ""PySR"", ""engine_output_directory"": ""C:\\Users\\xiao.cheng\\Desktop\\科研\\derived\\development\\g5_sr_engine"", ""engine_run_id"": ""peak_q_d__outer02__inner00__seed2026082301""}",453c6a9dbc6ba19d096c9ae6dfb6836b82df3f4ef8501b17a41e60f12dc21a8b,c3fe3963d6eaedd1cc3fbb65c73a0bcf57cb260fd2f6fa9c40d3371f40640a55,
peak_q_d__outer02__inner00__seed2026082302,peak_q_d,INITIAL,"[""q"",""d""]",INNER_SEARCH,peak,2,d_q018_s50,0,"[""d_q018_s35"",""d_q018_s45"",""d_q027_s50"",""d_q036_s35"",""d_q036_s45"",""d_q036_s50""]","[""d_q027_s35"",""d_q027_s45""]","[""d_q018_s50""]",2026082302,SUCCESS,,,2026-08-23T11:02:29.157503+00:00,3.132056000176817,6,6,7,"{""engine"": ""PySR"", ""engine_output_directory"": ""C:\\Users\\xiao.cheng\\Desktop\\科研\\derived\\development\\g5_sr_engine"", ""engine_run_id"": ""peak_q_d__outer02__inner00__seed2026082302""}",453c6a9dbc6ba19d096c9ae6dfb6836b82df3f4ef8501b17a41e60f12dc21a8b,c3fe3963d6eaedd1cc3fbb65c73a0bcf57cb260fd2f6fa9c40d3371f40640a55,
peak_q_d__outer02__inner00__seed2026082303,peak_q_d,INITIAL,"[""q"",""d""]",INNER_SEARCH,peak,2,d_q018_s50,0,"[""d_q018_s35"",""d_q018_s45"",""d_q027_s50"",""d_q036_s35"",""d_q036_s45"",""d_q036_s50""]","[""d_q027_s35"",""d_q027_s45""]","[""d_q018_s50""]",2026082303,SUCCESS,,,2026-08-23T11:02:32.326156+00:00,3.2875009002164006,6,6,5,"{""engine"": ""PySR"", ""engine_output_directory"": ""C:\\Users\\xiao.cheng\\Desktop\\科研\\derived\\development\\g5_sr_engine"", ""engine_run_id"": ""peak_q_d__outer02__inner00__seed2026082303""}",453c6a9dbc6ba19d096c9ae6dfb6836b82df3f4ef8501b17a41e60f12dc21a8b,c3fe3963d6eaedd1cc3fbb65c73a0bcf57cb260fd2f6fa9c40d3371f40640a55,
peak_q_d__outer02__inner00__seed2026082304,peak_q_d,INITIAL,"[""q"",""d""]",INNER_SEARCH,peak,2,d_q018_s50,0,"[""d_q018_s35"",""d_q018_s45"",""d_q027_s50"",""d_q036_s35"",""d_q036_s45"",""d_q036_s50""]","[""d_q027_s35"",""d_q027_s45""]","[""d_q018_s50""]",2026082304,SUCCESS,,,2026-08-23T11:02:35.641335+00:00,2.8294599996879697,6,6,6,"{""engine"": ""PySR"", ""engine_output_directory"": ""C:\\Users\\xiao.cheng\\Desktop\\科研\\derived\\development\\g5_sr_engine"", ""engine_run_id"": ""peak_q_d__outer02__inner00__seed2026082304""}",453c6a9dbc6ba19d096c9ae6dfb6836b82df3f4ef8501b17a41e60f12dc21a8b,c3fe3963d6eaedd1cc3fbb65c73a0bcf57cb260fd2f6fa9c40d3371f40640a55,
peak_q_d__outer02__inner00__seed2026082305,peak_q_d,INITIAL,"[""q"",""d""]",INNER_SEARCH,peak,2,d_q018_s50,0,"[""d_q018_s35"",""d_q018_s45"",""d_q027_s50"",""d_q036_s35"",""d_q036_s45"",""d_q036_s50""]","[""d_q027_s35"",""d_q027_s45""]","[""d_q018_s50""]",2026082305,SUCCESS,,,2026-08-23T11:02:38.502600+00:00,3.3583921999670565,6,6,7,"{""engine"": ""PySR"", ""engine_output_directory"": ""C:\\Users\\xiao.cheng\\Desktop\\科研\\derived\\development\\g5_sr_engine"", ""engine_run_id"": ""peak_q_d__outer02__inner00__seed2026082305""}",453c6a9dbc6ba19d096c9ae6dfb6836b82df3f4ef8501b17a41e60f12dc21a8b,c3fe3963d6eaedd1cc3fbb65c73a0bcf57cb260fd2f6fa9c40d3371f40640a55,
peak_q_d__outer02__inner01__seed2026082301,peak_q_d,INITIAL,"[""q"",""d""]",INNER_SEARCH,peak,2,d_q018_s50,1,"[""d_q018_s35"",""d_q018_s45"",""d_q027_s35"",""d_q027_s45"",""d_q036_s45"",""d_q036_s50""]","[""d_q027_s50"",""d_q036_s35""]","[""d_q018_s50""]",2026082301,SUCCESS,,,2026-08-23T11:02:41.890810+00:00,3.0828432999551296,6,6,6,"{""engine"": ""PySR"", ""engine_output_directory"": ""C:\\Users\\xiao.cheng\\Desktop\\科研\\derived\\development\\g5_sr_engine"", ""engine_run_id"": ""peak_q_d__outer02__inner01__seed2026082301""}",453c6a9dbc6ba19d096c9ae6dfb6836b82df3f4ef8501b17a41e60f12dc21a8b,c3fe3963d6eaedd1cc3fbb65c73a0bcf57cb260fd2f6fa9c40d3371f40640a55,
peak_q_d__outer02__inner01__seed2026082302,peak_q_d,INITIAL,"[""q"",""d""]",INNER_SEARCH,peak,2,d_q018_s50,1,"[""d_q018_s35"",""d_q018_s45"",""d_q027_s35"",""d_q027_s45"",""d_q036_s45"",""d_q036_s50""]","[""d_q027_s50"",""d_q036_s35""]","[""d_q018_s50""]",2026082302,SUCCESS,,,2026-08-23T11:02:45.006057+00:00,3.1965097999200225,6,6,6,"{""engine"": ""PySR"", ""engine_output_directory"": ""C:\\Users\\xiao.cheng\\Desktop\\科研\\derived\\development\\g5_sr_engine"", ""engine_run_id"": ""peak_q_d__outer02__inner01__seed2026082302""}",453c6a9dbc6ba19d096c9ae6dfb6836b82df3f4ef8501b17a41e60f12dc21a8b,c3fe3963d6eaedd1cc3fbb65c73a0bcf57cb260fd2f6fa9c40d3371f40640a55,
peak_q_d__outer02__inner01__seed2026082303,peak_q_d,INITIAL,"[""q"",""d""]",INNER_SEARCH,peak,2,d_q018_s50,1,"[""d_q018_s35"",""d_q018_s45"",""d_q027_s35"",""d_q027_s45"",""d_q036_s45"",""d_q036_s50""]","[""d_q027_s50"",""d_q036_s35""]","[""d_q018_s50""]",2026082303,SUCCESS,,,2026-08-23T11:02:48.233823+00:00,4.122617300134152,6,6,7,"{""engine"": ""PySR"", ""engine_output_directory"": ""C:\\Users\\xiao.cheng\\Desktop\\科研\\derived\\development\\g5_sr_engine"", ""engine_run_id"": ""peak_q_d__outer02__inner01__seed2026082303""}",453c6a9dbc6ba19d096c9ae6dfb6836b82df3f4ef8501b17a41e60f12dc21a8b,c3fe3963d6eaedd1cc3fbb65c73a0bcf57cb260fd2f6fa9c40d3371f40640a55,
peak_q_d__outer02__inner01__seed2026082304,peak_q_d,INITIAL,"[""q"",""d""]",INNER_SEARCH,peak,2,d_q018_s50,1,"[""d_q018_s35"",""d_q018_s45"",""d_q027_s35"",""d_q027_s45"",""d_q036_s45"",""d_q036_s50""]","[""d_q027_s50"",""d_q036_s35""]","[""d_q018_s50""]",2026082304,SUCCESS,,,2026-08-23T11:02:52.395151+00:00,4.3781734998337924,6,6,6,"{""engine"": ""PySR"", ""engine_output_directory"": ""C:\\Users\\xiao.cheng\\Desktop\\科研\\derived\\development\\g5_sr_engine"", ""engine_run_id"": ""peak_q_d__outer02__inner01__seed2026082304""}",453c6a9dbc6ba19d096c9ae6dfb6836b82df3f4ef8501b17a41e60f12dc21a8b,c3fe3963d6eaedd1cc3fbb65c73a0bcf57cb260fd2f6fa9c40d3371f40640a55,
peak_q_d__outer02__inner01__seed2026082305,peak_q_d,INITIAL,"[""q"",""d""]",INNER_SEARCH,peak,2,d_q018_s50,1,"[""d_q018_s35"",""d_q018_s45"",""d_q027_s35"",""d_q027_s45"",""d_q036_s45"",""d_q036_s50""]","[""d_q027_s50"",""d_q036_s35""]","[""d_q018_s50""]",2026082305,SUCCESS,,,2026-08-23T11:02:56.804775+00:00,2.945457199588418,6,6,4,"{""engine"": ""PySR"", ""engine_output_directory"": ""C:\\Users\\xiao.cheng\\Desktop\\科研\\derived\\development\\g5_sr_engine"", ""engine_run_id"": ""peak_q_d__outer02__inner01__seed2026082305""}",453c6a9dbc6ba19d096c9ae6dfb6836b82df3f4ef8501b17a41e60f12dc21a8b,c3fe3963d6eaedd1cc3fbb65c73a0bcf57cb260fd2f6fa9c40d3371f40640a55,
peak_q_d__outer02__inner02__seed2026082301,peak_q_d,INITIAL,"[""q"",""d""]",INNER_SEARCH,peak,2,d_q018_s50,2,"[""d_q018_s35"",""d_q018_s45"",""d_q027_s35"",""d_q027_s45"",""d_q027_s50"",""d_q036_s35""]","[""d_q036_s45"",""d_q036_s50""]","[""d_q018_s50""]",2026082301,SUCCESS,,,2026-08-23T11:02:59.780880+00:00,4.2536500999704,6,6,7,"{""engine"": ""PySR"", ""engine_output_directory"": ""C:\\Users\\xiao.cheng\\Desktop\\科研\\derived\\development\\g5_sr_engine"", ""engine_run_id"": ""peak_q_d__outer02__inner02__seed2026082301""}",453c6a9dbc6ba19d096c9ae6dfb6836b82df3f4ef8501b17a41e60f12dc21a8b,c3fe3963d6eaedd1cc3fbb65c73a0bcf57cb260fd2f6fa9c40d3371f40640a55,
peak_q_d__outer02__inner02__seed2026082302,peak_q_d,INITIAL,"[""q"",""d""]",INNER_SEARCH,peak,2,d_q018_s50,2,"[""d_q018_s35"",""d_q018_s45"",""d_q027_s35"",""d_q027_s45"",""d_q027_s50"",""d_q036_s35""]","[""d_q036_s45"",""d_q036_s50""]","[""d_q018_s50""]",2026082302,SUCCESS,,,2026-08-23T11:03:04.071421+00:00,3.847837599925697,6,6,8,"{""engine"": ""PySR"", ""engine_output_directory"": ""C:\\Users\\xiao.cheng\\Desktop\\科研\\derived\\development\\g5_sr_engine"", ""engine_run_id"": ""peak_q_d__outer02__inner02__seed2026082302""}",453c6a9dbc6ba19d096c9ae6dfb6836b82df3f4ef8501b17a41e60f12dc21a8b,c3fe3963d6eaedd1cc3fbb65c73a0bcf57cb260fd2f6fa9c40d3371f40640a55,
peak_q_d__outer02__inner02__seed2026082303,peak_q_d,INITIAL,"[""q"",""d""]",INNER_SEARCH,peak,2,d_q018_s50,2,"[""d_q018_s35"",""d_q018_s45"",""d_q027_s35"",""d_q027_s45"",""d_q027_s50"",""d_q036_s35""]","[""d_q036_s45"",""d_q036_s50""]","[""d_q018_s50""]",2026082303,SUCCESS,,,2026-08-23T11:03:07.950477+00:00,3.6126908999867737,6,6,7,"{""engine"": ""PySR"", ""engine_output_directory"": ""C:\\Users\\xiao.cheng\\Desktop\\科研\\derived\\development\\g5_sr_engine"", ""engine_run_id"": ""peak_q_d__outer02__inner02__seed2026082303""}",453c6a9dbc6ba19d096c9ae6dfb6836b82df3f4ef8501b17a41e60f12dc21a8b,c3fe3963d6eaedd1cc3fbb65c73a0bcf57cb260fd2f6fa9c40d3371f40640a55,
peak_q_d__outer02__inner02__seed2026082304,peak_q_d,INITIAL,"[""q"",""d""]",INNER_SEARCH,peak,2,d_q018_s50,2,"[""d_q018_s35"",""d_q018_s45"",""d_q027_s35"",""d_q027_s45"",""d_q027_s50"",""d_q036_s35""]","[""d_q036_s45"",""d_q036_s50""]","[""d_q018_s50""]",2026082304,SUCCESS,,,2026-08-23T11:03:11.593481+00:00,4.371444599702954,6,6,7,"{""engine"": ""PySR"", ""engine_output_directory"": ""C:\\Users\\xiao.cheng\\Desktop\\科研\\derived\\development\\g5_sr_engine"", ""engine_run_id"": ""peak_q_d__outer02__inner02__seed2026082304""}",453c6a9dbc6ba19d096c9ae6dfb6836b82df3f4ef8501b17a41e60f12dc21a8b,c3fe3963d6eaedd1cc3fbb65c73a0bcf57cb260fd2f6fa9c40d3371f40640a55,
peak_q_d__outer02__inner02__seed2026082305,peak_q_d,INITIAL,"[""q"",""d""]",INNER_SEARCH,peak,2,d_q018_s50,2,"[""d_q018_s35"",""d_q018_s45"",""d_q027_s35"",""d_q027_s45"",""d_q027_s50"",""d_q036_s35""]","[""d_q036_s45"",""d_q036_s50""]","[""d_q018_s50""]",2026082305,SUCCESS,,,2026-08-23T11:03:16.000666+00:00,3.882645399775356,6,6,7,"{""engine"": ""PySR"", ""engine_output_directory"": ""C:\\Users\\xiao.cheng\\Desktop\\科研\\derived\\development\\g5_sr_engine"", ""engine_run_id"": ""peak_q_d__outer02__inner02__seed2026082305""}",453c6a9dbc6ba19d096c9ae6dfb6836b82df3f4ef8501b17a41e60f12dc21a8b,c3fe3963d6eaedd1cc3fbb65c73a0bcf57cb260fd2f6fa9c40d3371f40640a55,
peak_q_d__outer02__inner03__seed2026082301,peak_q_d,INITIAL,"[""q"",""d""]",INNER_SEARCH,peak,2,d_q018_s50,3,"[""d_q027_s35"",""d_q027_s45"",""d_q027_s50"",""d_q036_s35"",""d_q036_s45"",""d_q036_s50""]","[""d_q018_s35"",""d_q018_s45""]","[""d_q018_s50""]",2026082301,SUCCESS,,,2026-08-23T11:03:19.917414+00:00,3.2367756003513932,6,6,6,"{""engine"": ""PySR"", ""engine_output_directory"": ""C:\\Users\\xiao.cheng\\Desktop\\科研\\derived\\development\\g5_sr_engine"", ""engine_run_id"": ""peak_q_d__outer02__inner03__seed2026082301""}",453c6a9dbc6ba19d096c9ae6dfb6836b82df3f4ef8501b17a41e60f12dc21a8b,c3fe3963d6eaedd1cc3fbb65c73a0bcf57cb260fd2f6fa9c40d3371f40640a55,
peak_q_d__outer02__inner03__seed2026082302,peak_q_d,INITIAL,"[""q"",""d""]",INNER_SEARCH,peak,2,d_q018_s50,3,"[""d_q027_s35"",""d_q027_s45"",""d_q027_s50"",""d_q036_s35"",""d_q036_s45"",""d_q036_s50""]","[""d_q018_s35"",""d_q018_s45""]","[""d_q018_s50""]",2026082302,SUCCESS,,,2026-08-23T11:03:23.254108+00:00,4.530761299654841,6,6,8,"{""engine"": ""PySR"", ""engine_output_directory"": ""C:\\Users\\xiao.cheng\\Desktop\\科研\\derived\\development\\g5_sr_engine"", ""engine_run_id"": ""peak_q_d__outer02__inner03__seed2026082302""}",453c6a9dbc6ba19d096c9ae6dfb6836b82df3f4ef8501b17a41e60f12dc21a8b,c3fe3963d6eaedd1cc3fbb65c73a0bcf57cb260fd2f6fa9c40d3371f40640a55,
peak_q_d__outer02__inner03__seed2026082303,peak_q_d,INITIAL,"[""q"",""d""]",INNER_SEARCH,peak,2,d_q018_s50,3,"[""d_q027_s35"",""d_q027_s45"",""d_q027_s50"",""d_q036_s35"",""d_q036_s45"",""d_q036_s50""]","[""d_q018_s35"",""d_q018_s45""]","[""d_q018_s50""]",2026082303,SUCCESS,,,2026-08-23T11:03:27.913321+00:00,3.3902684999629855,6,6,6,"{""engine"": ""PySR"", ""engine_output_directory"": ""C:\\Users\\xiao.cheng\\Desktop\\科研\\derived\\development\\g5_sr_engine"", ""engine_run_id"": ""peak_q_d__outer02__inner03__seed2026082303""}",453c6a9dbc6ba19d096c9ae6dfb6836b82df3f4ef8501b17a41e60f12dc21a8b,c3fe3963d6eaedd1cc3fbb65c73a0bcf57cb260fd2f6fa9c40d3371f40640a55,
peak_q_d__outer02__inner03__seed2026082304,peak_q_d,INITIAL,"[""q"",""d""]",INNER_SEARCH,peak,2,d_q018_s50,3,"[""d_q027_s35"",""d_q027_s45"",""d_q027_s50"",""d_q036_s35"",""d_q036_s45"",""d_q036_s50""]","[""d_q018_s35"",""d_q018_s45""]","[""d_q018_s50""]",2026082304,SUCCESS,,,2026-08-23T11:03:31.339256+00:00,3.487106699962169,6,6,7,"{""engine"": ""PySR"", ""engine_output_directory"": ""C:\\Users\\xiao.cheng\\Desktop\\科研\\derived\\development\\g5_sr_engine"", ""engine_run_id"": ""peak_q_d__outer02__inner03__seed2026082304""}",453c6a9dbc6ba19d096c9ae6dfb6836b82df3f4ef8501b17a41e60f12dc21a8b,c3fe3963d6eaedd1cc3fbb65c73a0bcf57cb260fd2f6fa9c40d3371f40640a55,
peak_q_d__outer02__inner03__seed2026082305,peak_q_d,INITIAL,"[""q"",""d""]",INNER_SEARCH,peak,2,d_q018_s50,3,"[""d_q027_s35"",""d_q027_s45"",""d_q027_s50"",""d_q036_s35"",""d_q036_s45"",""d_q036_s50""]","[""d_q018_s35"",""d_q018_s45""]","[""d_q018_s50""]",2026082305,SUCCESS,,,2026-08-23T11:03:34.860368+00:00,3.641572399996221,6,6,6,"{""engine"": ""PySR"", ""engine_output_directory"": ""C:\\Users\\xiao.cheng\\Desktop\\科研\\derived\\development\\g5_sr_engine"", ""engine_run_id"": ""peak_q_d__outer02__inner03__seed2026082305""}",453c6a9dbc6ba19d096c9ae6dfb6836b82df3f4ef8501b17a41e60f12dc21a8b,c3fe3963d6eaedd1cc3fbb65c73a0bcf57cb260fd2f6fa9c40d3371f40640a55,
peak_q_d__outer02__refit__seed2026082301,peak_q_d,INITIAL,"[""q"",""d""]",OUTER_REFIT_SEARCH,peak,2,d_q018_s50,-1,"[""d_q018_s35"",""d_q018_s45"",""d_q027_s35"",""d_q027_s45"",""d_q027_s50"",""d_q036_s35"",""d_q036_s45"",""d_q036_s50""]",[],"[""d_q018_s50""]",2026082301,SUCCESS,,,2026-08-23T11:03:38.536645+00:00,4.4038531999103725,8,8,7,"{""engine"": ""PySR"", ""engine_output_directory"": ""C:\\Users\\xiao.cheng\\Desktop\\科研\\derived\\development\\g5_sr_engine"", ""engine_run_id"": ""peak_q_d__outer02__refit__seed2026082301""}",453c6a9dbc6ba19d096c9ae6dfb6836b82df3f4ef8501b17a41e60f12dc21a8b,c3fe3963d6eaedd1cc3fbb65c73a0bcf57cb260fd2f6fa9c40d3371f40640a55,
peak_q_d__outer02__refit__seed2026082302,peak_q_d,INITIAL,"[""q"",""d""]",OUTER_REFIT_SEARCH,peak,2,d_q018_s50,-1,"[""d_q018_s35"",""d_q018_s45"",""d_q027_s35"",""d_q027_s45"",""d_q027_s50"",""d_q036_s35"",""d_q036_s45"",""d_q036_s50""]",[],"[""d_q018_s50""]",2026082302,SUCCESS,,,2026-08-23T11:03:42.975343+00:00,4.0183635000139475,8,8,5,"{""engine"": ""PySR"", ""engine_output_directory"": ""C:\\Users\\xiao.cheng\\Desktop\\科研\\derived\\development\\g5_sr_engine"", ""engine_run_id"": ""peak_q_d__outer02__refit__seed2026082302""}",453c6a9dbc6ba19d096c9ae6dfb6836b82df3f4ef8501b17a41e60f12dc21a8b,c3fe3963d6eaedd1cc3fbb65c73a0bcf57cb260fd2f6fa9c40d3371f40640a55,
peak_q_d__outer02__refit__seed2026082303,peak_q_d,INITIAL,"[""q"",""d""]",OUTER_REFIT_SEARCH,peak,2,d_q018_s50,-1,"[""d_q018_s35"",""d_q018_s45"",""d_q027_s35"",""d_q027_s45"",""d_q027_s50"",""d_q036_s35"",""d_q036_s45"",""d_q036_s50""]",[],"[""d_q018_s50""]",2026082303,SUCCESS,,,2026-08-23T11:03:47.029948+00:00,3.794870899990201,8,8,7,"{""engine"": ""PySR"", ""engine_output_directory"": ""C:\\Users\\xiao.cheng\\Desktop\\科研\\derived\\development\\g5_sr_engine"", ""engine_run_id"": ""peak_q_d__outer02__refit__seed2026082303""}",453c6a9dbc6ba19d096c9ae6dfb6836b82df3f4ef8501b17a41e60f12dc21a8b,c3fe3963d6eaedd1cc3fbb65c73a0bcf57cb260fd2f6fa9c40d3371f40640a55,
peak_q_d__outer02__refit__seed2026082304,peak_q_d,INITIAL,"[""q"",""d""]",OUTER_REFIT_SEARCH,peak,2,d_q018_s50,-1,"[""d_q018_s35"",""d_q018_s45"",""d_q027_s35"",""d_q027_s45"",""d_q027_s50"",""d_q036_s35"",""d_q036_s45"",""d_q036_s50""]",[],"[""d_q018_s50""]",2026082304,SUCCESS,,,2026-08-23T11:03:50.865867+00:00,3.820044499821961,8,8,6,"{""engine"": ""PySR"", ""engine_output_directory"": ""C:\\Users\\xiao.cheng\\Desktop\\科研\\derived\\development\\g5_sr_engine"", ""engine_run_id"": ""peak_q_d__outer02__refit__seed2026082304""}",453c6a9dbc6ba19d096c9ae6dfb6836b82df3f4ef8501b17a41e60f12dc21a8b,c3fe3963d6eaedd1cc3fbb65c73a0bcf57cb260fd2f6fa9c40d3371f40640a55,
peak_q_d__outer02__refit__seed2026082305,peak_q_d,INITIAL,"[""q"",""d""]",OUTER_REFIT_SEARCH,peak,2,d_q018_s50,-1,"[""d_q018_s35"",""d_q018_s45"",""d_q027_s35"",""d_q027_s45"",""d_q027_s50"",""d_q036_s35"",""d_q036_s45"",""d_q036_s50""]",[],"[""d_q018_s50""]",2026082305,SUCCESS,,,2026-08-23T11:03:54.728842+00:00,3.725731400307268,8,8,8,"{""engine"": ""PySR"", ""engine_output_directory"": ""C:\\Users\\xiao.cheng\\Desktop\\科研\\derived\\development\\g5_sr_engine"", ""engine_run_id"": ""peak_q_d__outer02__refit__seed2026082305""}",453c6a9dbc6ba19d096c9ae6dfb6836b82df3f4ef8501b17a41e60f12dc21a8b,c3fe3963d6eaedd1cc3fbb65c73a0bcf57cb260fd2f6fa9c40d3371f40640a55,
peak_q_d__outer03__inner00__seed2026082301,peak_q_d,INITIAL,"[""q"",""d""]",INNER_SEARCH,peak,3,d_q027_s35,0,"[""d_q018_s35"",""d_q018_s45"",""d_q018_s50"",""d_q036_s35"",""d_q036_s45"",""d_q036_s50""]","[""d_q027_s45"",""d_q027_s50""]","[""d_q027_s35""]",2026082301,SUCCESS,,,2026-08-23T11:03:58.576986+00:00,3.408118899911642,6,6,5,"{""engine"": ""PySR"", ""engine_output_directory"": ""C:\\Users\\xiao.cheng\\Desktop\\科研\\derived\\development\\g5_sr_engine"", ""engine_run_id"": ""peak_q_d__outer03__inner00__seed2026082301""}",453c6a9dbc6ba19d096c9ae6dfb6836b82df3f4ef8501b17a41e60f12dc21a8b,c3fe3963d6eaedd1cc3fbb65c73a0bcf57cb260fd2f6fa9c40d3371f40640a55,
peak_q_d__outer03__inner00__seed2026082302,peak_q_d,INITIAL,"[""q"",""d""]",INNER_SEARCH,peak,3,d_q027_s35,0,"[""d_q018_s35"",""d_q018_s45"",""d_q018_s50"",""d_q036_s35"",""d_q036_s45"",""d_q036_s50""]","[""d_q027_s45"",""d_q027_s50""]","[""d_q027_s35""]",2026082302,SUCCESS,,,2026-08-23T11:04:02.047606+00:00,4.076627600006759,6,6,8,"{""engine"": ""PySR"", ""engine_output_directory"": ""C:\\Users\\xiao.cheng\\Desktop\\科研\\derived\\development\\g5_sr_engine"", ""engine_run_id"": ""peak_q_d__outer03__inner00__seed2026082302""}",453c6a9dbc6ba19d096c9ae6dfb6836b82df3f4ef8501b17a41e60f12dc21a8b,c3fe3963d6eaedd1cc3fbb65c73a0bcf57cb260fd2f6fa9c40d3371f40640a55,
peak_q_d__outer03__inner00__seed2026082303,peak_q_d,INITIAL,"[""q"",""d""]",INNER_SEARCH,peak,3,d_q027_s35,0,"[""d_q018_s35"",""d_q018_s45"",""d_q018_s50"",""d_q036_s35"",""d_q036_s45"",""d_q036_s50""]","[""d_q027_s45"",""d_q027_s50""]","[""d_q027_s35""]",2026082303,SUCCESS,,,2026-08-23T11:04:06.168868+00:00,4.064625899773091,6,6,8,"{""engine"": ""PySR"", ""engine_output_directory"": ""C:\\Users\\xiao.cheng\\Desktop\\科研\\derived\\development\\g5_sr_engine"", ""engine_run_id"": ""peak_q_d__outer03__inner00__seed2026082303""}",453c6a9dbc6ba19d096c9ae6dfb6836b82df3f4ef8501b17a41e60f12dc21a8b,c3fe3963d6eaedd1cc3fbb65c73a0bcf57cb260fd2f6fa9c40d3371f40640a55,
peak_q_d__outer03__inner00__seed2026082304,peak_q_d,INITIAL,"[""q"",""d""]",INNER_SEARCH,peak,3,d_q027_s35,0,"[""d_q018_s35"",""d_q018_s45"",""d_q018_s50"",""d_q036_s35"",""d_q036_s45"",""d_q036_s50""]","[""d_q027_s45"",""d_q027_s50""]","[""d_q027_s35""]",2026082304,SUCCESS,,,2026-08-23T11:04:10.291282+00:00,4.622407500166446,6,6,7,"{""engine"": ""PySR"", ""engine_output_directory"": ""C:\\Users\\xiao.cheng\\Desktop\\科研\\derived\\development\\g5_sr_engine"", ""engine_run_id"": ""peak_q_d__outer03__inner00__seed2026082304""}",453c6a9dbc6ba19d096c9ae6dfb6836b82df3f4ef8501b17a41e60f12dc21a8b,c3fe3963d6eaedd1cc3fbb65c73a0bcf57cb260fd2f6fa9c40d3371f40640a55,
peak_q_d__outer03__inner00__seed2026082305,peak_q_d,INITIAL,"[""q"",""d""]",INNER_SEARCH,peak,3,d_q027_s35,0,"[""d_q018_s35"",""d_q018_s45"",""d_q018_s50"",""d_q036_s35"",""d_q036_s45"",""d_q036_s50""]","[""d_q027_s45"",""d_q027_s50""]","[""d_q027_s35""]",2026082305,SUCCESS,,,2026-08-23T11:04:14.984600+00:00,5.866392999887466,6,6,7,"{""engine"": ""PySR"", ""engine_output_directory"": ""C:\\Users\\xiao.cheng\\Desktop\\科研\\derived\\development\\g5_sr_engine"", ""engine_run_id"": ""peak_q_d__outer03__inner00__seed2026082305""}",453c6a9dbc6ba19d096c9ae6dfb6836b82df3f4ef8501b17a41e60f12dc21a8b,c3fe3963d6eaedd1cc3fbb65c73a0bcf57cb260fd2f6fa9c40d3371f40640a55,
peak_q_d__outer03__inner01__seed2026082301,peak_q_d,INITIAL,"[""q"",""d""]",INNER_SEARCH,peak,3,d_q027_s35,1,"[""d_q018_s35"",""d_q018_s45"",""d_q018_s50"",""d_q027_s45"",""d_q027_s50"",""d_q036_s50""]","[""d_q036_s35"",""d_q036_s45""]","[""d_q027_s35""]",2026082301,SUCCESS,,,2026-08-23T11:04:20.919906+00:00,4.315283900126815,6,6,6,"{""engine"": ""PySR"", ""engine_output_directory"": ""C:\\Users\\xiao.cheng\\Desktop\\科研\\derived\\development\\g5_sr_engine"", ""engine_run_id"": ""peak_q_d__outer03__inner01__seed2026082301""}",453c6a9dbc6ba19d096c9ae6dfb6836b82df3f4ef8501b17a41e60f12dc21a8b,c3fe3963d6eaedd1cc3fbb65c73a0bcf57cb260fd2f6fa9c40d3371f40640a55,
peak_q_d__outer03__inner01__seed2026082302,peak_q_d,INITIAL,"[""q"",""d""]",INNER_SEARCH,peak,3,d_q027_s35,1,"[""d_q018_s35"",""d_q018_s45"",""d_q018_s50"",""d_q027_s45"",""d_q027_s50"",""d_q036_s50""]","[""d_q036_s35"",""d_q036_s45""]","[""d_q027_s35""]",2026082302,SUCCESS,,,2026-08-23T11:04:25.296177+00:00,6.53927499987185,6,6,4,"{""engine"": ""PySR"", ""engine_output_directory"": ""C:\\Users\\xiao.cheng\\Desktop\\科研\\derived\\development\\g5_sr_engine"", ""engine_run_id"": ""peak_q_d__outer03__inner01__seed2026082302""}",453c6a9dbc6ba19d096c9ae6dfb6836b82df3f4ef8501b17a41e60f12dc21a8b,c3fe3963d6eaedd1cc3fbb65c73a0bcf57cb260fd2f6fa9c40d3371f40640a55,
peak_q_d__outer03__inner01__seed2026082303,peak_q_d,INITIAL,"[""q"",""d""]",INNER_SEARCH,peak,3,d_q027_s35,1,"[""d_q018_s35"",""d_q018_s45"",""d_q018_s50"",""d_q027_s45"",""d_q027_s50"",""d_q036_s50""]","[""d_q036_s35"",""d_q036_s45""]","[""d_q027_s35""]",2026082303,SUCCESS,,,2026-08-23T11:04:31.896334+00:00,3.485120600089431,6,6,8,"{""engine"": ""PySR"", ""engine_output_directory"": ""C:\\Users\\xiao.cheng\\Desktop\\科研\\derived\\development\\g5_sr_engine"", ""engine_run_id"": ""peak_q_d__outer03__inner01__seed2026082303""}",453c6a9dbc6ba19d096c9ae6dfb6836b82df3f4ef8501b17a41e60f12dc21a8b,c3fe3963d6eaedd1cc3fbb65c73a0bcf57cb260fd2f6fa9c40d3371f40640a55,
peak_q_d__outer03__inner01__seed2026082304,peak_q_d,INITIAL,"[""q"",""d""]",INNER_SEARCH,peak,3,d_q027_s35,1,"[""d_q018_s35"",""d_q018_s45"",""d_q018_s50"",""d_q027_s45"",""d_q027_s50"",""d_q036_s50""]","[""d_q036_s35"",""d_q036_s45""]","[""d_q027_s35""]",2026082304,SUCCESS,,,2026-08-23T11:04:35.439032+00:00,3.5507837999612093,6,6,6,"{""engine"": ""PySR"", ""engine_output_directory"": ""C:\\Users\\xiao.cheng\\Desktop\\科研\\derived\\development\\g5_sr_engine"", ""engine_run_id"": ""peak_q_d__outer03__inner01__seed2026082304""}",453c6a9dbc6ba19d096c9ae6dfb6836b82df3f4ef8501b17a41e60f12dc21a8b,c3fe3963d6eaedd1cc3fbb65c73a0bcf57cb260fd2f6fa9c40d3371f40640a55,
peak_q_d__outer03__inner01__seed2026082305,peak_q_d,INITIAL,"[""q"",""d""]",INNER_SEARCH,peak,3,d_q027_s35,1,"[""d_q018_s35"",""d_q018_s45"",""d_q018_s50"",""d_q027_s45"",""d_q027_s50"",""d_q036_s50""]","[""d_q036_s35"",""d_q036_s45""]","[""d_q027_s35""]",2026082305,SUCCESS,,,2026-08-23T11:04:39.021578+00:00,5.077856800053269,6,6,8,"{""engine"": ""PySR"", ""engine_output_directory"": ""C:\\Users\\xiao.cheng\\Desktop\\科研\\derived\\development\\g5_sr_engine"", ""engine_run_id"": ""peak_q_d__outer03__inner01__seed2026082305""}",453c6a9dbc6ba19d096c9ae6dfb6836b82df3f4ef8501b17a41e60f12dc21a8b,c3fe3963d6eaedd1cc3fbb65c73a0bcf57cb260fd2f6fa9c40d3371f40640a55,
peak_q_d__outer03__inner02__seed2026082301,peak_q_d,INITIAL,"[""q"",""d""]",INNER_SEARCH,peak,3,d_q027_s35,2,"[""d_q018_s45"",""d_q018_s50"",""d_q027_s45"",""d_q027_s50"",""d_q036_s35"",""d_q036_s45""]","[""d_q018_s35"",""d_q036_s50""]","[""d_q027_s35""]",2026082301,SUCCESS,,,2026-08-23T11:04:44.139283+00:00,5.221352600026876,6,6,6,"{""engine"": ""PySR"", ""engine_output_directory"": ""C:\\Users\\xiao.cheng\\Desktop\\科研\\derived\\development\\g5_sr_engine"", ""engine_run_id"": ""peak_q_d__outer03__inner02__seed2026082301""}",453c6a9dbc6ba19d096c9ae6dfb6836b82df3f4ef8501b17a41e60f12dc21a8b,c3fe3963d6eaedd1cc3fbb65c73a0bcf57cb260fd2f6fa9c40d3371f40640a55,
peak_q_d__outer03__inner02__seed2026082302,peak_q_d,INITIAL,"[""q"",""d""]",INNER_SEARCH,peak,3,d_q027_s35,2,"[""d_q018_s45"",""d_q018_s50"",""d_q027_s45"",""d_q027_s50"",""d_q036_s35"",""d_q036_s45""]","[""d_q018_s35"",""d_q036_s50""]","[""d_q027_s35""]",2026082302,SUCCESS,,,2026-08-23T11:04:49.410965+00:00,4.392996000126004,6,6,6,"{""engine"": ""PySR"", ""engine_output_directory"": ""C:\\Users\\xiao.cheng\\Desktop\\科研\\derived\\development\\g5_sr_engine"", ""engine_run_id"": ""peak_q_d__outer03__inner02__seed2026082302""}",453c6a9dbc6ba19d096c9ae6dfb6836b82df3f4ef8501b17a41e60f12dc21a8b,c3fe3963d6eaedd1cc3fbb65c73a0bcf57cb260fd2f6fa9c40d3371f40640a55,
peak_q_d__outer03__inner02__seed2026082303,peak_q_d,INITIAL,"[""q"",""d""]",INNER_SEARCH,peak,3,d_q027_s35,2,"[""d_q018_s45"",""d_q018_s50"",""d_q027_s45"",""d_q027_s50"",""d_q036_s35"",""d_q036_s45""]","[""d_q018_s35"",""d_q036_s50""]","[""d_q027_s35""]",2026082303,SUCCESS,,,2026-08-23T11:04:53.853782+00:00,4.2573855998925865,6,6,8,"{""engine"": ""PySR"", ""engine_output_directory"": ""C:\\Users\\xiao.cheng\\Desktop\\科研\\derived\\development\\g5_sr_engine"", ""engine_run_id"": ""peak_q_d__outer03__inner02__seed2026082303""}",453c6a9dbc6ba19d096c9ae6dfb6836b82df3f4ef8501b17a41e60f12dc21a8b,c3fe3963d6eaedd1cc3fbb65c73a0bcf57cb260fd2f6fa9c40d3371f40640a55,
peak_q_d__outer03__inner02__seed2026082304,peak_q_d,INITIAL,"[""q"",""d""]",INNER_SEARCH,peak,3,d_q027_s35,2,"[""d_q018_s45"",""d_q018_s50"",""d_q027_s45"",""d_q027_s50"",""d_q036_s35"",""d_q036_s45""]","[""d_q018_s35"",""d_q036_s50""]","[""d_q027_s35""]",2026082304,SUCCESS,,,2026-08-23T11:04:58.165109+00:00,7.375832499936223,6,6,7,"{""engine"": ""PySR"", ""engine_output_directory"": ""C:\\Users\\xiao.cheng\\Desktop\\科研\\derived\\development\\g5_sr_engine"", ""engine_run_id"": ""peak_q_d__outer03__inner02__seed2026082304""}",453c6a9dbc6ba19d096c9ae6dfb6836b82df3f4ef8501b17a41e60f12dc21a8b,c3fe3963d6eaedd1cc3fbb65c73a0bcf57cb260fd2f6fa9c40d3371f40640a55,
peak_q_d__outer03__inner02__seed2026082305,peak_q_d,INITIAL,"[""q"",""d""]",INNER_SEARCH,peak,3,d_q027_s35,2,"[""d_q018_s45"",""d_q018_s50"",""d_q027_s45"",""d_q027_s50"",""d_q036_s35"",""d_q036_s45""]","[""d_q018_s35"",""d_q036_s50""]","[""d_q027_s35""]",2026082305,SUCCESS,,,2026-08-23T11:05:05.591291+00:00,7.0311356000602245,6,6,7,"{""engine"": ""PySR"", ""engine_output_directory"": ""C:\\Users\\xiao.cheng\\Desktop\\科研\\derived\\development\\g5_sr_engine"", ""engine_run_id"": ""peak_q_d__outer03__inner02__seed2026082305""}",453c6a9dbc6ba19d096c9ae6dfb6836b82df3f4ef8501b17a41e60f12dc21a8b,c3fe3963d6eaedd1cc3fbb65c73a0bcf57cb260fd2f6fa9c40d3371f40640a55,
peak_q_d__outer03__inner03__seed2026082301,peak_q_d,INITIAL,"[""q"",""d""]",INNER_SEARCH,peak,3,d_q027_s35,3,"[""d_q018_s35"",""d_q027_s45"",""d_q027_s50"",""d_q036_s35"",""d_q036_s45"",""d_q036_s50""]","[""d_q018_s45"",""d_q018_s50""]","[""d_q027_s35""]",2026082301,SUCCESS,,,2026-08-23T11:05:12.689776+00:00,4.1670066001825035,6,6,5,"{""engine"": ""PySR"", ""engine_output_directory"": ""C:\\Users\\xiao.cheng\\Desktop\\科研\\derived\\development\\g5_sr_engine"", ""engine_run_id"": ""peak_q_d__outer03__inner03__seed2026082301""}",453c6a9dbc6ba19d096c9ae6dfb6836b82df3f4ef8501b17a41e60f12dc21a8b,c3fe3963d6eaedd1cc3fbb65c73a0bcf57cb260fd2f6fa9c40d3371f40640a55,
peak_q_d__outer03__inner03__seed2026082302,peak_q_d,INITIAL,"[""q"",""d""]",INNER_SEARCH,peak,3,d_q027_s35,3,"[""d_q018_s35"",""d_q027_s45"",""d_q027_s50"",""d_q036_s35"",""d_q036_s45"",""d_q036_s50""]","[""d_q018_s45"",""d_q018_s50""]","[""d_q027_s35""]",2026082302,SUCCESS,,,2026-08-23T11:05:16.906869+00:00,3.3353263000026345,6,6,6,"{""engine"": ""PySR"", ""engine_output_directory"": ""C:\\Users\\xiao.cheng\\Desktop\\科研\\derived\\development\\g5_sr_engine"", ""engine_run_id"": ""peak_q_d__outer03__inner03__seed2026082302""}",453c6a9dbc6ba19d096c9ae6dfb6836b82df3f4ef8501b17a41e60f12dc21a8b,c3fe3963d6eaedd1cc3fbb65c73a0bcf57cb260fd2f6fa9c40d3371f40640a55,
peak_q_d__outer03__inner03__seed2026082303,peak_q_d,INITIAL,"[""q"",""d""]",INNER_SEARCH,peak,3,d_q027_s35,3,"[""d_q018_s35"",""d_q027_s45"",""d_q027_s50"",""d_q036_s35"",""d_q036_s45"",""d_q036_s50""]","[""d_q018_s45"",""d_q018_s50""]","[""d_q027_s35""]",2026082303,SUCCESS,,,2026-08-23T11:05:20.286902+00:00,3.3714332999661565,6,6,5,"{""engine"": ""PySR"", ""engine_output_directory"": ""C:\\Users\\xiao.cheng\\Desktop\\科研\\derived\\development\\g5_sr_engine"", ""engine_run_id"": ""peak_q_d__outer03__inner03__seed2026082303""}",453c6a9dbc6ba19d096c9ae6dfb6836b82df3f4ef8501b17a41e60f12dc21a8b,c3fe3963d6eaedd1cc3fbb65c73a0bcf57cb260fd2f6fa9c40d3371f40640a55,
peak_q_d__outer03__inner03__seed2026082304,peak_q_d,INITIAL,"[""q"",""d""]",INNER_SEARCH,peak,3,d_q027_s35,3,"[""d_q018_s35"",""d_q027_s45"",""d_q027_s50"",""d_q036_s35"",""d_q036_s45"",""d_q036_s50""]","[""d_q018_s45"",""d_q018_s50""]","[""d_q027_s35""]",2026082304,SUCCESS,,,2026-08-23T11:05:23.703689+00:00,3.3998877997510135,6,6,7,"{""engine"": ""PySR"", ""engine_output_directory"": ""C:\\Users\\xiao.cheng\\Desktop\\科研\\derived\\development\\g5_sr_engine"", ""engine_run_id"": ""peak_q_d__outer03__inner03__seed2026082304""}",453c6a9dbc6ba19d096c9ae6dfb6836b82df3f4ef8501b17a41e60f12dc21a8b,c3fe3963d6eaedd1cc3fbb65c73a0bcf57cb260fd2f6fa9c40d3371f40640a55,
peak_q_d__outer03__inner03__seed2026082305,peak_q_d,INITIAL,"[""q"",""d""]",INNER_SEARCH,peak,3,d_q027_s35,3,"[""d_q018_s35"",""d_q027_s45"",""d_q027_s50"",""d_q036_s35"",""d_q036_s45"",""d_q036_s50""]","[""d_q018_s45"",""d_q018_s50""]","[""d_q027_s35""]",2026082305,SUCCESS,,,2026-08-23T11:05:27.142734+00:00,4.345773299690336,6,6,5,"{""engine"": ""PySR"", ""engine_output_directory"": ""C:\\Users\\xiao.cheng\\Desktop\\科研\\derived\\development\\g5_sr_engine"", ""engine_run_id"": ""peak_q_d__outer03__inner03__seed2026082305""}",453c6a9dbc6ba19d096c9ae6dfb6836b82df3f4ef8501b17a41e60f12dc21a8b,c3fe3963d6eaedd1cc3fbb65c73a0bcf57cb260fd2f6fa9c40d3371f40640a55,
peak_q_d__outer03__refit__seed2026082301,peak_q_d,INITIAL,"[""q"",""d""]",OUTER_REFIT_SEARCH,peak,3,d_q027_s35,-1,"[""d_q018_s35"",""d_q018_s45"",""d_q018_s50"",""d_q027_s45"",""d_q027_s50"",""d_q036_s35"",""d_q036_s45"",""d_q036_s50""]",[],"[""d_q027_s35""]",2026082301,SUCCESS,,,2026-08-23T11:05:31.546715+00:00,4.456461200024933,8,8,5,"{""engine"": ""PySR"", ""engine_output_directory"": ""C:\\Users\\xiao.cheng\\Desktop\\科研\\derived\\development\\g5_sr_engine"", ""engine_run_id"": ""peak_q_d__outer03__refit__seed2026082301""}",453c6a9dbc6ba19d096c9ae6dfb6836b82df3f4ef8501b17a41e60f12dc21a8b,c3fe3963d6eaedd1cc3fbb65c73a0bcf57cb260fd2f6fa9c40d3371f40640a55,
peak_q_d__outer03__refit__seed2026082302,peak_q_d,INITIAL,"[""q"",""d""]",OUTER_REFIT_SEARCH,peak,3,d_q027_s35,-1,"[""d_q018_s35"",""d_q018_s45"",""d_q018_s50"",""d_q027_s45"",""d_q027_s50"",""d_q036_s35"",""d_q036_s45"",""d_q036_s50""]",[],"[""d_q027_s35""]",2026082302,SUCCESS,,,2026-08-23T11:05:36.055709+00:00,4.101970999967307,8,8,5,"{""engine"": ""PySR"", ""engine_output_directory"": ""C:\\Users\\xiao.cheng\\Desktop\\科研\\derived\\development\\g5_sr_engine"", ""engine_run_id"": ""peak_q_d__outer03__refit__seed2026082302""}",453c6a9dbc6ba19d096c9ae6dfb6836b82df3f4ef8501b17a41e60f12dc21a8b,c3fe3963d6eaedd1cc3fbb65c73a0bcf57cb260fd2f6fa9c40d3371f40640a55,
peak_q_d__outer03__refit__seed2026082303,peak_q_d,INITIAL,"[""q"",""d""]",OUTER_REFIT_SEARCH,peak,3,d_q027_s35,-1,"[""d_q018_s35"",""d_q018_s45"",""d_q018_s50"",""d_q027_s45"",""d_q027_s50"",""d_q036_s35"",""d_q036_s45"",""d_q036_s50""]",[],"[""d_q027_s35""]",2026082303,SUCCESS,,,2026-08-23T11:05:40.211911+00:00,3.8409715997986495,8,8,5,"{""engine"": ""PySR"", ""engine_output_directory"": ""C:\\Users\\xiao.cheng\\Desktop\\科研\\derived\\development\\g5_sr_engine"", ""engine_run_id"": ""peak_q_d__outer03__refit__seed2026082303""}",453c6a9dbc6ba19d096c9ae6dfb6836b82df3f4ef8501b17a41e60f12dc21a8b,c3fe3963d6eaedd1cc3fbb65c73a0bcf57cb260fd2f6fa9c40d3371f40640a55,
peak_q_d__outer03__refit__seed2026082304,peak_q_d,INITIAL,"[""q"",""d""]",OUTER_REFIT_SEARCH,peak,3,d_q027_s35,-1,"[""d_q018_s35"",""d_q018_s45"",""d_q018_s50"",""d_q027_s45"",""d_q027_s50"",""d_q036_s35"",""d_q036_s45"",""d_q036_s50""]",[],"[""d_q027_s35""]",2026082304,SUCCESS,,,2026-08-23T11:05:44.092496+00:00,11.332565600052476,8,8,7,"{""engine"": ""PySR"", ""engine_output_directory"": ""C:\\Users\\xiao.cheng\\Desktop\\科研\\derived\\development\\g5_sr_engine"", ""engine_run_id"": ""peak_q_d__outer03__refit__seed2026082304""}",453c6a9dbc6ba19d096c9ae6dfb6836b82df3f4ef8501b17a41e60f12dc21a8b,c3fe3963d6eaedd1cc3fbb65c73a0bcf57cb260fd2f6fa9c40d3371f40640a55,
peak_q_d__outer03__refit__seed2026082305,peak_q_d,INITIAL,"[""q"",""d""]",OUTER_REFIT_SEARCH,peak,3,d_q027_s35,-1,"[""d_q018_s35"",""d_q018_s45"",""d_q018_s50"",""d_q027_s45"",""d_q027_s50"",""d_q036_s35"",""d_q036_s45"",""d_q036_s50""]",[],"[""d_q027_s35""]",2026082305,SUCCESS,,,2026-08-23T11:05:55.502292+00:00,5.822229899931699,8,8,6,"{""engine"": ""PySR"", ""engine_output_directory"": ""C:\\Users\\xiao.cheng\\Desktop\\科研\\derived\\development\\g5_sr_engine"", ""engine_run_id"": ""peak_q_d__outer03__refit__seed2026082305""}",453c6a9dbc6ba19d096c9ae6dfb6836b82df3f4ef8501b17a41e60f12dc21a8b,c3fe3963d6eaedd1cc3fbb65c73a0bcf57cb260fd2f6fa9c40d3371f40640a55,
peak_q_d__outer04__inner00__seed2026082301,peak_q_d,INITIAL,"[""q"",""d""]",INNER_SEARCH,peak,4,d_q027_s45,0,"[""d_q018_s35"",""d_q018_s45"",""d_q018_s50"",""d_q027_s35"",""d_q036_s45"",""d_q036_s50""]","[""d_q027_s50"",""d_q036_s35""]","[""d_q027_s45""]",2026082301,SUCCESS,,,2026-08-23T11:06:01.376821+00:00,6.4695964003913105,6,6,7,"{""engine"": ""PySR"", ""engine_output_directory"": ""C:\\Users\\xiao.cheng\\Desktop\\科研\\derived\\development\\g5_sr_engine"", ""engine_run_id"": ""peak_q_d__outer04__inner00__seed2026082301""}",453c6a9dbc6ba19d096c9ae6dfb6836b82df3f4ef8501b17a41e60f12dc21a8b,c3fe3963d6eaedd1cc3fbb65c73a0bcf57cb260fd2f6fa9c40d3371f40640a55,
peak_q_d__outer04__inner00__seed2026082302,peak_q_d,INITIAL,"[""q"",""d""]",INNER_SEARCH,peak,4,d_q027_s45,0,"[""d_q018_s35"",""d_q018_s45"",""d_q018_s50"",""d_q027_s35"",""d_q036_s45"",""d_q036_s50""]","[""d_q027_s50"",""d_q036_s35""]","[""d_q027_s45""]",2026082302,SUCCESS,,,2026-08-23T11:06:07.894165+00:00,3.862484599929303,6,6,6,"{""engine"": ""PySR"", ""engine_output_directory"": ""C:\\Users\\xiao.cheng\\Desktop\\科研\\derived\\development\\g5_sr_engine"", ""engine_run_id"": ""peak_q_d__outer04__inner00__seed2026082302""}",453c6a9dbc6ba19d096c9ae6dfb6836b82df3f4ef8501b17a41e60f12dc21a8b,c3fe3963d6eaedd1cc3fbb65c73a0bcf57cb260fd2f6fa9c40d3371f40640a55,
peak_q_d__outer04__inner00__seed2026082303,peak_q_d,INITIAL,"[""q"",""d""]",INNER_SEARCH,peak,4,d_q027_s45,0,"[""d_q018_s35"",""d_q018_s45"",""d_q018_s50"",""d_q027_s35"",""d_q036_s45"",""d_q036_s50""]","[""d_q027_s50"",""d_q036_s35""]","[""d_q027_s45""]",2026082303,SUCCESS,,,2026-08-23T11:06:11.795148+00:00,4.01929339999333,6,6,7,"{""engine"": ""PySR"", ""engine_output_directory"": ""C:\\Users\\xiao.cheng\\Desktop\\科研\\derived\\development\\g5_sr_engine"", ""engine_run_id"": ""peak_q_d__outer04__inner00__seed2026082303""}",453c6a9dbc6ba19d096c9ae6dfb6836b82df3f4ef8501b17a41e60f12dc21a8b,c3fe3963d6eaedd1cc3fbb65c73a0bcf57cb260fd2f6fa9c40d3371f40640a55,
peak_q_d__outer04__inner00__seed2026082304,peak_q_d,INITIAL,"[""q"",""d""]",INNER_SEARCH,peak,4,d_q027_s45,0,"[""d_q018_s35"",""d_q018_s45"",""d_q018_s50"",""d_q027_s35"",""d_q036_s45"",""d_q036_s50""]","[""d_q027_s50"",""d_q036_s35""]","[""d_q027_s45""]",2026082304,SUCCESS,,,2026-08-23T11:06:15.860133+00:00,3.5155615000985563,6,6,7,"{""engine"": ""PySR"", ""engine_output_directory"": ""C:\\Users\\xiao.cheng\\Desktop\\科研\\derived\\development\\g5_sr_engine"", ""engine_run_id"": ""peak_q_d__outer04__inner00__seed2026082304""}",453c6a9dbc6ba19d096c9ae6dfb6836b82df3f4ef8501b17a41e60f12dc21a8b,c3fe3963d6eaedd1cc3fbb65c73a0bcf57cb260fd2f6fa9c40d3371f40640a55,
peak_q_d__outer04__inner00__seed2026082305,peak_q_d,INITIAL,"[""q"",""d""]",INNER_SEARCH,peak,4,d_q027_s45,0,"[""d_q018_s35"",""d_q018_s45"",""d_q018_s50"",""d_q027_s35"",""d_q036_s45"",""d_q036_s50""]","[""d_q027_s50"",""d_q036_s35""]","[""d_q027_s45""]",2026082305,SUCCESS,,,2026-08-23T11:06:19.426330+00:00,3.502412600442767,6,6,8,"{""engine"": ""PySR"", ""engine_output_directory"": ""C:\\Users\\xiao.cheng\\Desktop\\科研\\derived\\development\\g5_sr_engine"", ""engine_run_id"": ""peak_q_d__outer04__inner00__seed2026082305""}",453c6a9dbc6ba19d096c9ae6dfb6836b82df3f4ef8501b17a41e60f12dc21a8b,c3fe3963d6eaedd1cc3fbb65c73a0bcf57cb260fd2f6fa9c40d3371f40640a55,
peak_q_d__outer04__inner01__seed2026082301,peak_q_d,INITIAL,"[""q"",""d""]",INNER_SEARCH,peak,4,d_q027_s45,1,"[""d_q018_s35"",""d_q018_s45"",""d_q018_s50"",""d_q027_s35"",""d_q027_s50"",""d_q036_s35""]","[""d_q036_s45"",""d_q036_s50""]","[""d_q027_s45""]",2026082301,SUCCESS,,,2026-08-23T11:06:22.973894+00:00,3.256155400071293,6,6,7,"{""engine"": ""PySR"", ""engine_output_directory"": ""C:\\Users\\xiao.cheng\\Desktop\\科研\\derived\\development\\g5_sr_engine"", ""engine_run_id"": ""peak_q_d__outer04__inner01__seed2026082301""}",453c6a9dbc6ba19d096c9ae6dfb6836b82df3f4ef8501b17a41e60f12dc21a8b,c3fe3963d6eaedd1cc3fbb65c73a0bcf57cb260fd2f6fa9c40d3371f40640a55,
peak_q_d__outer04__inner01__seed2026082302,peak_q_d,INITIAL,"[""q"",""d""]",INNER_SEARCH,peak,4,d_q027_s45,1,"[""d_q018_s35"",""d_q018_s45"",""d_q018_s50"",""d_q027_s35"",""d_q027_s50"",""d_q036_s35""]","[""d_q036_s45"",""d_q036_s50""]","[""d_q027_s45""]",2026082302,SUCCESS,,,2026-08-23T11:06:26.269376+00:00,3.937061899807304,6,6,7,"{""engine"": ""PySR"", ""engine_output_directory"": ""C:\\Users\\xiao.cheng\\Desktop\\科研\\derived\\development\\g5_sr_engine"", ""engine_run_id"": ""peak_q_d__outer04__inner01__seed2026082302""}",453c6a9dbc6ba19d096c9ae6dfb6836b82df3f4ef8501b17a41e60f12dc21a8b,c3fe3963d6eaedd1cc3fbb65c73a0bcf57cb260fd2f6fa9c40d3371f40640a55,
peak_q_d__outer04__inner01__seed2026082303,peak_q_d,INITIAL,"[""q"",""d""]",INNER_SEARCH,peak,4,d_q027_s45,1,"[""d_q018_s35"",""d_q018_s45"",""d_q018_s50"",""d_q027_s35"",""d_q027_s50"",""d_q036_s35""]","[""d_q036_s45"",""d_q036_s50""]","[""d_q027_s45""]",2026082303,SUCCESS,,,2026-08-23T11:06:30.313752+00:00,3.6665677996352315,6,6,6,"{""engine"": ""PySR"", ""engine_output_directory"": ""C:\\Users\\xiao.cheng\\Desktop\\科研\\derived\\development\\g5_sr_engine"", ""engine_run_id"": ""peak_q_d__outer04__inner01__seed2026082303""}",453c6a9dbc6ba19d096c9ae6dfb6836b82df3f4ef8501b17a41e60f12dc21a8b,c3fe3963d6eaedd1cc3fbb65c73a0bcf57cb260fd2f6fa9c40d3371f40640a55,
peak_q_d__outer04__inner01__seed2026082304,peak_q_d,INITIAL,"[""q"",""d""]",INNER_SEARCH,peak,4,d_q027_s45,1,"[""d_q018_s35"",""d_q018_s45"",""d_q018_s50"",""d_q027_s35"",""d_q027_s50"",""d_q036_s35""]","[""d_q036_s45"",""d_q036_s50""]","[""d_q027_s45""]",2026082304,SUCCESS,,,2026-08-23T11:06:34.048310+00:00,3.3074121000245214,6,6,9,"{""engine"": ""PySR"", ""engine_output_directory"": ""C:\\Users\\xiao.cheng\\Desktop\\科研\\derived\\development\\g5_sr_engine"", ""engine_run_id"": ""peak_q_d__outer04__inner01__seed2026082304""}",453c6a9dbc6ba19d096c9ae6dfb6836b82df3f4ef8501b17a41e60f12dc21a8b,c3fe3963d6eaedd1cc3fbb65c73a0bcf57cb260fd2f6fa9c40d3371f40640a55,
peak_q_d__outer04__inner01__seed2026082305,peak_q_d,INITIAL,"[""q"",""d""]",INNER_SEARCH,peak,4,d_q027_s45,1,"[""d_q018_s35"",""d_q018_s45"",""d_q018_s50"",""d_q027_s35"",""d_q027_s50"",""d_q036_s35""]","[""d_q036_s45"",""d_q036_s50""]","[""d_q027_s45""]",2026082305,SUCCESS,,,2026-08-23T11:06:37.403894+00:00,3.5855089998804033,6,6,6,"{""engine"": ""PySR"", ""engine_output_directory"": ""C:\\Users\\xiao.cheng\\Desktop\\科研\\derived\\development\\g5_sr_engine"", ""engine_run_id"": ""peak_q_d__outer04__inner01__seed2026082305""}",453c6a9dbc6ba19d096c9ae6dfb6836b82df3f4ef8501b17a41e60f12dc21a8b,c3fe3963d6eaedd1cc3fbb65c73a0bcf57cb260fd2f6fa9c40d3371f40640a55,
peak_q_d__outer04__inner02__seed2026082301,peak_q_d,INITIAL,"[""q"",""d""]",INNER_SEARCH,peak,4,d_q027_s45,2,"[""d_q018_s50"",""d_q027_s35"",""d_q027_s50"",""d_q036_s35"",""d_q036_s45"",""d_q036_s50""]","[""d_q018_s35"",""d_q018_s45""]","[""d_q027_s45""]",2026082301,SUCCESS,,,2026-08-23T11:06:41.038134+00:00,3.7857972998172045,6,6,7,"{""engine"": ""PySR"", ""engine_output_directory"": ""C:\\Users\\xiao.cheng\\Desktop\\科研\\derived\\development\\g5_sr_engine"", ""engine_run_id"": ""peak_q_d__outer04__inner02__seed2026082301""}",453c6a9dbc6ba19d096c9ae6dfb6836b82df3f4ef8501b17a41e60f12dc21a8b,c3fe3963d6eaedd1cc3fbb65c73a0bcf57cb260fd2f6fa9c40d3371f40640a55,
peak_q_d__outer04__inner02__seed2026082302,peak_q_d,INITIAL,"[""q"",""d""]",INNER_SEARCH,peak,4,d_q027_s45,2,"[""d_q018_s50"",""d_q027_s35"",""d_q027_s50"",""d_q036_s35"",""d_q036_s45"",""d_q036_s50""]","[""d_q018_s35"",""d_q018_s45""]","[""d_q027_s45""]",2026082302,SUCCESS,,,2026-08-23T11:06:44.868113+00:00,3.5210506999865174,6,6,6,"{""engine"": ""PySR"", ""engine_output_directory"": ""C:\\Users\\xiao.cheng\\Desktop\\科研\\derived\\development\\g5_sr_engine"", ""engine_run_id"": ""peak_q_d__outer04__inner02__seed2026082302""}",453c6a9dbc6ba19d096c9ae6dfb6836b82df3f4ef8501b17a41e60f12dc21a8b,c3fe3963d6eaedd1cc3fbb65c73a0bcf57cb260fd2f6fa9c40d3371f40640a55,
peak_q_d__outer04__inner02__seed2026082303,peak_q_d,INITIAL,"[""q"",""d""]",INNER_SEARCH,peak,4,d_q027_s45,2,"[""d_q018_s50"",""d_q027_s35"",""d_q027_s50"",""d_q036_s35"",""d_q036_s45"",""d_q036_s50""]","[""d_q018_s35"",""d_q018_s45""]","[""d_q027_s45""]",2026082303,SUCCESS,,,2026-08-23T11:06:48.430991+00:00,3.151109699625522,6,6,6,"{""engine"": ""PySR"", ""engine_output_directory"": ""C:\\Users\\xiao.cheng\\Desktop\\科研\\derived\\development\\g5_sr_engine"", ""engine_run_id"": ""peak_q_d__outer04__inner02__seed2026082303""}",453c6a9dbc6ba19d096c9ae6dfb6836b82df3f4ef8501b17a41e60f12dc21a8b,c3fe3963d6eaedd1cc3fbb65c73a0bcf57cb260fd2f6fa9c40d3371f40640a55,
peak_q_d__outer04__inner02__seed2026082304,peak_q_d,INITIAL,"[""q"",""d""]",INNER_SEARCH,peak,4,d_q027_s45,2,"[""d_q018_s50"",""d_q027_s35"",""d_q027_s50"",""d_q036_s35"",""d_q036_s45"",""d_q036_s50""]","[""d_q018_s35"",""d_q018_s45""]","[""d_q027_s45""]",2026082304,SUCCESS,,,2026-08-23T11:06:51.624865+00:00,5.730289699975401,6,6,6,"{""engine"": ""PySR"", ""engine_output_directory"": ""C:\\Users\\xiao.cheng\\Desktop\\科研\\derived\\development\\g5_sr_engine"", ""engine_run_id"": ""peak_q_d__outer04__inner02__seed2026082304""}",453c6a9dbc6ba19d096c9ae6dfb6836b82df3f4ef8501b17a41e60f12dc21a8b,c3fe3963d6eaedd1cc3fbb65c73a0bcf57cb260fd2f6fa9c40d3371f40640a55,
peak_q_d__outer04__inner02__seed2026082305,peak_q_d,INITIAL,"[""q"",""d""]",INNER_SEARCH,peak,4,d_q027_s45,2,"[""d_q018_s50"",""d_q027_s35"",""d_q027_s50"",""d_q036_s35"",""d_q036_s45"",""d_q036_s50""]","[""d_q018_s35"",""d_q018_s45""]","[""d_q027_s45""]",2026082305,SUCCESS,,,2026-08-23T11:06:57.402798+00:00,4.681652199942619,6,6,6,"{""engine"": ""PySR"", ""engine_output_directory"": ""C:\\Users\\xiao.cheng\\Desktop\\科研\\derived\\development\\g5_sr_engine"", ""engine_run_id"": ""peak_q_d__outer04__inner02__seed2026082305""}",453c6a9dbc6ba19d096c9ae6dfb6836b82df3f4ef8501b17a41e60f12dc21a8b,c3fe3963d6eaedd1cc3fbb65c73a0bcf57cb260fd2f6fa9c40d3371f40640a55,
peak_q_d__outer04__inner03__seed2026082301,peak_q_d,INITIAL,"[""q"",""d""]",INNER_SEARCH,peak,4,d_q027_s45,3,"[""d_q018_s35"",""d_q018_s45"",""d_q027_s50"",""d_q036_s35"",""d_q036_s45"",""d_q036_s50""]","[""d_q018_s50"",""d_q027_s35""]","[""d_q027_s45""]",2026082301,SUCCESS,,,2026-08-23T11:07:02.145592+00:00,4.26819230010733,6,6,5,"{""engine"": ""PySR"", ""engine_output_directory"": ""C:\\Users\\xiao.cheng\\Desktop\\科研\\derived\\development\\g5_sr_engine"", ""engine_run_id"": ""peak_q_d__outer04__inner03__seed2026082301""}",453c6a9dbc6ba19d096c9ae6dfb6836b82df3f4ef8501b17a41e60f12dc21a8b,c3fe3963d6eaedd1cc3fbb65c73a0bcf57cb260fd2f6fa9c40d3371f40640a55,
peak_q_d__outer04__inner03__seed2026082302,peak_q_d,INITIAL,"[""q"",""d""]",INNER_SEARCH,peak,4,d_q027_s45,3,"[""d_q018_s35"",""d_q018_s45"",""d_q027_s50"",""d_q036_s35"",""d_q036_s45"",""d_q036_s50""]","[""d_q018_s50"",""d_q027_s35""]","[""d_q027_s45""]",2026082302,SUCCESS,,,2026-08-23T11:07:06.464537+00:00,4.223090399987996,6,6,7,"{""engine"": ""PySR"", ""engine_output_directory"": ""C:\\Users\\xiao.cheng\\Desktop\\科研\\derived\\development\\g5_sr_engine"", ""engine_run_id"": ""peak_q_d__outer04__inner03__seed2026082302""}",453c6a9dbc6ba19d096c9ae6dfb6836b82df3f4ef8501b17a41e60f12dc21a8b,c3fe3963d6eaedd1cc3fbb65c73a0bcf57cb260fd2f6fa9c40d3371f40640a55,
peak_q_d__outer04__inner03__seed2026082303,peak_q_d,INITIAL,"[""q"",""d""]",INNER_SEARCH,peak,4,d_q027_s45,3,"[""d_q018_s35"",""d_q018_s45"",""d_q027_s50"",""d_q036_s35"",""d_q036_s45"",""d_q036_s50""]","[""d_q018_s50"",""d_q027_s35""]","[""d_q027_s45""]",2026082303,SUCCESS,,,2026-08-23T11:07:10.759196+00:00,4.245186799671501,6,6,5,"{""engine"": ""PySR"", ""engine_output_directory"": ""C:\\Users\\xiao.cheng\\Desktop\\科研\\derived\\development\\g5_sr_engine"", ""engine_run_id"": ""peak_q_d__outer04__inner03__seed2026082303""}",453c6a9dbc6ba19d096c9ae6dfb6836b82df3f4ef8501b17a41e60f12dc21a8b,c3fe3963d6eaedd1cc3fbb65c73a0bcf57cb260fd2f6fa9c40d3371f40640a55,
peak_q_d__outer04__inner03__seed2026082304,peak_q_d,INITIAL,"[""q"",""d""]",INNER_SEARCH,peak,4,d_q027_s45,3,"[""d_q018_s35"",""d_q018_s45"",""d_q027_s50"",""d_q036_s35"",""d_q036_s45"",""d_q036_s50""]","[""d_q018_s50"",""d_q027_s35""]","[""d_q027_s45""]",2026082304,SUCCESS,,,2026-08-23T11:07:15.065221+00:00,4.094009700231254,6,6,6,"{""engine"": ""PySR"", ""engine_output_directory"": ""C:\\Users\\xiao.cheng\\Desktop\\科研\\derived\\development\\g5_sr_engine"", ""engine_run_id"": ""peak_q_d__outer04__inner03__seed2026082304""}",453c6a9dbc6ba19d096c9ae6dfb6836b82df3f4ef8501b17a41e60f12dc21a8b,c3fe3963d6eaedd1cc3fbb65c73a0bcf57cb260fd2f6fa9c40d3371f40640a55,
peak_q_d__outer04__inner03__seed2026082305,peak_q_d,INITIAL,"[""q"",""d""]",INNER_SEARCH,peak,4,d_q027_s45,3,"[""d_q018_s35"",""d_q018_s45"",""d_q027_s50"",""d_q036_s35"",""d_q036_s45"",""d_q036_s50""]","[""d_q018_s50"",""d_q027_s35""]","[""d_q027_s45""]",2026082305,SUCCESS,,,2026-08-23T11:07:19.217956+00:00,3.7953595998696983,6,6,7,"{""engine"": ""PySR"", ""engine_output_directory"": ""C:\\Users\\xiao.cheng\\Desktop\\科研\\derived\\development\\g5_sr_engine"", ""engine_run_id"": ""peak_q_d__outer04__inner03__seed2026082305""}",453c6a9dbc6ba19d096c9ae6dfb6836b82df3f4ef8501b17a41e60f12dc21a8b,c3fe3963d6eaedd1cc3fbb65c73a0bcf57cb260fd2f6fa9c40d3371f40640a55,
peak_q_d__outer04__refit__seed2026082301,peak_q_d,INITIAL,"[""q"",""d""]",OUTER_REFIT_SEARCH,peak,4,d_q027_s45,-1,"[""d_q018_s35"",""d_q018_s45"",""d_q018_s50"",""d_q027_s35"",""d_q027_s50"",""d_q036_s35"",""d_q036_s45"",""d_q036_s50""]",[],"[""d_q027_s45""]",2026082301,SUCCESS,,,2026-08-23T11:07:23.059949+00:00,4.046456299722195,8,8,7,"{""engine"": ""PySR"", ""engine_output_directory"": ""C:\\Users\\xiao.cheng\\Desktop\\科研\\derived\\development\\g5_sr_engine"", ""engine_run_id"": ""peak_q_d__outer04__refit__seed2026082301""}",453c6a9dbc6ba19d096c9ae6dfb6836b82df3f4ef8501b17a41e60f12dc21a8b,c3fe3963d6eaedd1cc3fbb65c73a0bcf57cb260fd2f6fa9c40d3371f40640a55,
peak_q_d__outer04__refit__seed2026082302,peak_q_d,INITIAL,"[""q"",""d""]",OUTER_REFIT_SEARCH,peak,4,d_q027_s45,-1,"[""d_q018_s35"",""d_q018_s45"",""d_q018_s50"",""d_q027_s35"",""d_q027_s50"",""d_q036_s35"",""d_q036_s45"",""d_q036_s50""]",[],"[""d_q027_s45""]",2026082302,SUCCESS,,,2026-08-23T11:07:27.156552+00:00,4.11379239987582,8,8,5,"{""engine"": ""PySR"", ""engine_output_directory"": ""C:\\Users\\xiao.cheng\\Desktop\\科研\\derived\\development\\g5_sr_engine"", ""engine_run_id"": ""peak_q_d__outer04__refit__seed2026082302""}",453c6a9dbc6ba19d096c9ae6dfb6836b82df3f4ef8501b17a41e60f12dc21a8b,c3fe3963d6eaedd1cc3fbb65c73a0bcf57cb260fd2f6fa9c40d3371f40640a55,
peak_q_d__outer04__refit__seed2026082303,peak_q_d,INITIAL,"[""q"",""d""]",OUTER_REFIT_SEARCH,peak,4,d_q027_s45,-1,"[""d_q018_s35"",""d_q018_s45"",""d_q018_s50"",""d_q027_s35"",""d_q027_s50"",""d_q036_s35"",""d_q036_s45"",""d_q036_s50""]",[],"[""d_q027_s45""]",2026082303,SUCCESS,,,2026-08-23T11:07:31.322447+00:00,3.742080199997872,8,8,8,"{""engine"": ""PySR"", ""engine_output_directory"": ""C:\\Users\\xiao.cheng\\Desktop\\科研\\derived\\development\\g5_sr_engine"", ""engine_run_id"": ""peak_q_d__outer04__refit__seed2026082303""}",453c6a9dbc6ba19d096c9ae6dfb6836b82df3f4ef8501b17a41e60f12dc21a8b,c3fe3963d6eaedd1cc3fbb65c73a0bcf57cb260fd2f6fa9c40d3371f40640a55,
peak_q_d__outer04__refit__seed2026082304,peak_q_d,INITIAL,"[""q"",""d""]",OUTER_REFIT_SEARCH,peak,4,d_q027_s45,-1,"[""d_q018_s35"",""d_q018_s45"",""d_q018_s50"",""d_q027_s35"",""d_q027_s50"",""d_q036_s35"",""d_q036_s45"",""d_q036_s50""]",[],"[""d_q027_s45""]",2026082304,SUCCESS,,,2026-08-23T11:07:35.114711+00:00,3.758117299992591,8,8,7,"{""engine"": ""PySR"", ""engine_output_directory"": ""C:\\Users\\xiao.cheng\\Desktop\\科研\\derived\\development\\g5_sr_engine"", ""engine_run_id"": ""peak_q_d__outer04__refit__seed2026082304""}",453c6a9dbc6ba19d096c9ae6dfb6836b82df3f4ef8501b17a41e60f12dc21a8b,c3fe3963d6eaedd1cc3fbb65c73a0bcf57cb260fd2f6fa9c40d3371f40640a55,
peak_q_d__outer04__refit__seed2026082305,peak_q_d,INITIAL,"[""q"",""d""]",OUTER_REFIT_SEARCH,peak,4,d_q027_s45,-1,"[""d_q018_s35"",""d_q018_s45"",""d_q018_s50"",""d_q027_s35"",""d_q027_s50"",""d_q036_s35"",""d_q036_s45"",""d_q036_s50""]",[],"[""d_q027_s45""]",2026082305,SUCCESS,,,2026-08-23T11:07:38.912375+00:00,3.7293815999291837,8,8,7,"{""engine"": ""PySR"", ""engine_output_directory"": ""C:\\Users\\xiao.cheng\\Desktop\\科研\\derived\\development\\g5_sr_engine"", ""engine_run_id"": ""peak_q_d__outer04__refit__seed2026082305""}",453c6a9dbc6ba19d096c9ae6dfb6836b82df3f4ef8501b17a41e60f12dc21a8b,c3fe3963d6eaedd1cc3fbb65c73a0bcf57cb260fd2f6fa9c40d3371f40640a55,
peak_q_d__outer05__inner00__seed2026082301,peak_q_d,INITIAL,"[""q"",""d""]",INNER_SEARCH,peak,5,d_q027_s50,0,"[""d_q018_s35"",""d_q018_s45"",""d_q018_s50"",""d_q027_s35"",""d_q027_s45"",""d_q036_s50""]","[""d_q036_s35"",""d_q036_s45""]","[""d_q027_s50""]",2026082301,SUCCESS,,,2026-08-23T11:07:42.694286+00:00,3.5636460999958217,6,6,8,"{""engine"": ""PySR"", ""engine_output_directory"": ""C:\\Users\\xiao.cheng\\Desktop\\科研\\derived\\development\\g5_sr_engine"", ""engine_run_id"": ""peak_q_d__outer05__inner00__seed2026082301""}",453c6a9dbc6ba19d096c9ae6dfb6836b82df3f4ef8501b17a41e60f12dc21a8b,c3fe3963d6eaedd1cc3fbb65c73a0bcf57cb260fd2f6fa9c40d3371f40640a55,
peak_q_d__outer05__inner00__seed2026082302,peak_q_d,INITIAL,"[""q"",""d""]",INNER_SEARCH,peak,5,d_q027_s50,0,"[""d_q018_s35"",""d_q018_s45"",""d_q018_s50"",""d_q027_s35"",""d_q027_s45"",""d_q036_s50""]","[""d_q036_s35"",""d_q036_s45""]","[""d_q027_s50""]",2026082302,SUCCESS,,,2026-08-23T11:07:46.303986+00:00,3.7458122996613383,6,6,7,"{""engine"": ""PySR"", ""engine_output_directory"": ""C:\\Users\\xiao.cheng\\Desktop\\科研\\derived\\development\\g5_sr_engine"", ""engine_run_id"": ""peak_q_d__outer05__inner00__seed2026082302""}",453c6a9dbc6ba19d096c9ae6dfb6836b82df3f4ef8501b17a41e60f12dc21a8b,c3fe3963d6eaedd1cc3fbb65c73a0bcf57cb260fd2f6fa9c40d3371f40640a55,
peak_q_d__outer05__inner00__seed2026082303,peak_q_d,INITIAL,"[""q"",""d""]",INNER_SEARCH,peak,5,d_q027_s50,0,"[""d_q018_s35"",""d_q018_s45"",""d_q018_s50"",""d_q027_s35"",""d_q027_s45"",""d_q036_s50""]","[""d_q036_s35"",""d_q036_s45""]","[""d_q027_s50""]",2026082303,SUCCESS,,,2026-08-23T11:07:50.096844+00:00,3.798307199962437,6,6,6,"{""engine"": ""PySR"", ""engine_output_directory"": ""C:\\Users\\xiao.cheng\\Desktop\\科研\\derived\\development\\g5_sr_engine"", ""engine_run_id"": ""peak_q_d__outer05__inner00__seed2026082303""}",453c6a9dbc6ba19d096c9ae6dfb6836b82df3f4ef8501b17a41e60f12dc21a8b,c3fe3963d6eaedd1cc3fbb65c73a0bcf57cb260fd2f6fa9c40d3371f40640a55,
peak_q_d__outer05__inner00__seed2026082304,peak_q_d,INITIAL,"[""q"",""d""]",INNER_SEARCH,peak,5,d_q027_s50,0,"[""d_q018_s35"",""d_q018_s45"",""d_q018_s50"",""d_q027_s35"",""d_q027_s45"",""d_q036_s50""]","[""d_q036_s35"",""d_q036_s45""]","[""d_q027_s50""]",2026082304,SUCCESS,,,2026-08-23T11:07:53.943989+00:00,3.6414215001277626,6,6,7,"{""engine"": ""PySR"", ""engine_output_directory"": ""C:\\Users\\xiao.cheng\\Desktop\\科研\\derived\\development\\g5_sr_engine"", ""engine_run_id"": ""peak_q_d__outer05__inner00__seed2026082304""}",453c6a9dbc6ba19d096c9ae6dfb6836b82df3f4ef8501b17a41e60f12dc21a8b,c3fe3963d6eaedd1cc3fbb65c73a0bcf57cb260fd2f6fa9c40d3371f40640a55,
peak_q_d__outer05__inner00__seed2026082305,peak_q_d,INITIAL,"[""q"",""d""]",INNER_SEARCH,peak,5,d_q027_s50,0,"[""d_q018_s35"",""d_q018_s45"",""d_q018_s50"",""d_q027_s35"",""d_q027_s45"",""d_q036_s50""]","[""d_q036_s35"",""d_q036_s45""]","[""d_q027_s50""]",2026082305,SUCCESS,,,2026-08-23T11:07:57.634980+00:00,3.7776148999109864,6,6,6,"{""engine"": ""PySR"", ""engine_output_directory"": ""C:\\Users\\xiao.cheng\\Desktop\\科研\\derived\\development\\g5_sr_engine"", ""engine_run_id"": ""peak_q_d__outer05__inner00__seed2026082305""}",453c6a9dbc6ba19d096c9ae6dfb6836b82df3f4ef8501b17a41e60f12dc21a8b,c3fe3963d6eaedd1cc3fbb65c73a0bcf57cb260fd2f6fa9c40d3371f40640a55,
peak_q_d__outer05__inner01__seed2026082301,peak_q_d,INITIAL,"[""q"",""d""]",INNER_SEARCH,peak,5,d_q027_s50,1,"[""d_q018_s45"",""d_q018_s50"",""d_q027_s35"",""d_q027_s45"",""d_q036_s35"",""d_q036_s45""]","[""d_q018_s35"",""d_q036_s50""]","[""d_q027_s50""]",2026082301,SUCCESS,,,2026-08-23T11:08:01.460984+00:00,3.503695999737829,6,6,5,"{""engine"": ""PySR"", ""engine_output_directory"": ""C:\\Users\\xiao.cheng\\Desktop\\科研\\derived\\development\\g5_sr_engine"", ""engine_run_id"": ""peak_q_d__outer05__inner01__seed2026082301""}",453c6a9dbc6ba19d096c9ae6dfb6836b82df3f4ef8501b17a41e60f12dc21a8b,c3fe3963d6eaedd1cc3fbb65c73a0bcf57cb260fd2f6fa9c40d3371f40640a55,
peak_q_d__outer05__inner01__seed2026082302,peak_q_d,INITIAL,"[""q"",""d""]",INNER_SEARCH,peak,5,d_q027_s50,1,"[""d_q018_s45"",""d_q018_s50"",""d_q027_s35"",""d_q027_s45"",""d_q036_s35"",""d_q036_s45""]","[""d_q018_s35"",""d_q036_s50""]","[""d_q027_s50""]",2026082302,SUCCESS,,,2026-08-23T11:08:05.015669+00:00,3.719683699775487,6,6,6,"{""engine"": ""PySR"", ""engine_output_directory"": ""C:\\Users\\xiao.cheng\\Desktop\\科研\\derived\\development\\g5_sr_engine"", ""engine_run_id"": ""peak_q_d__outer05__inner01__seed2026082302""}",453c6a9dbc6ba19d096c9ae6dfb6836b82df3f4ef8501b17a41e60f12dc21a8b,c3fe3963d6eaedd1cc3fbb65c73a0bcf57cb260fd2f6fa9c40d3371f40640a55,
peak_q_d__outer05__inner01__seed2026082303,peak_q_d,INITIAL,"[""q"",""d""]",INNER_SEARCH,peak,5,d_q027_s50,1,"[""d_q018_s45"",""d_q018_s50"",""d_q027_s35"",""d_q027_s45"",""d_q036_s35"",""d_q036_s45""]","[""d_q018_s35"",""d_q036_s50""]","[""d_q027_s50""]",2026082303,SUCCESS,,,2026-08-23T11:08:08.778845+00:00,4.419436000287533,6,6,5,"{""engine"": ""PySR"", ""engine_output_directory"": ""C:\\Users\\xiao.cheng\\Desktop\\科研\\derived\\development\\g5_sr_engine"", ""engine_run_id"": ""peak_q_d__outer05__inner01__seed2026082303""}",453c6a9dbc6ba19d096c9ae6dfb6836b82df3f4ef8501b17a41e60f12dc21a8b,c3fe3963d6eaedd1cc3fbb65c73a0bcf57cb260fd2f6fa9c40d3371f40640a55,
peak_q_d__outer05__inner01__seed2026082304,peak_q_d,INITIAL,"[""q"",""d""]",INNER_SEARCH,peak,5,d_q027_s50,1,"[""d_q018_s45"",""d_q018_s50"",""d_q027_s35"",""d_q027_s45"",""d_q036_s35"",""d_q036_s45""]","[""d_q018_s35"",""d_q036_s50""]","[""d_q027_s50""]",2026082304,SUCCESS,,,2026-08-23T11:08:13.249745+00:00,4.682126699946821,6,6,6,"{""engine"": ""PySR"", ""engine_output_directory"": ""C:\\Users\\xiao.cheng\\Desktop\\科研\\derived\\development\\g5_sr_engine"", ""engine_run_id"": ""peak_q_d__outer05__inner01__seed2026082304""}",453c6a9dbc6ba19d096c9ae6dfb6836b82df3f4ef8501b17a41e60f12dc21a8b,c3fe3963d6eaedd1cc3fbb65c73a0bcf57cb260fd2f6fa9c40d3371f40640a55,
peak_q_d__outer05__inner01__seed2026082305,peak_q_d,INITIAL,"[""q"",""d""]",INNER_SEARCH,peak,5,d_q027_s50,1,"[""d_q018_s45"",""d_q018_s50"",""d_q027_s35"",""d_q027_s45"",""d_q036_s35"",""d_q036_s45""]","[""d_q018_s35"",""d_q036_s50""]","[""d_q027_s50""]",2026082305,SUCCESS,,,2026-08-23T11:08:18.011204+00:00,3.8257562001235783,6,6,5,"{""engine"": ""PySR"", ""engine_output_directory"": ""C:\\Users\\xiao.cheng\\Desktop\\科研\\derived\\development\\g5_sr_engine"", ""engine_run_id"": ""peak_q_d__outer05__inner01__seed2026082305""}",453c6a9dbc6ba19d096c9ae6dfb6836b82df3f4ef8501b17a41e60f12dc21a8b,c3fe3963d6eaedd1cc3fbb65c73a0bcf57cb260fd2f6fa9c40d3371f40640a55,
peak_q_d__outer05__inner02__seed2026082301,peak_q_d,INITIAL,"[""q"",""d""]",INNER_SEARCH,peak,5,d_q027_s50,2,"[""d_q018_s35"",""d_q027_s35"",""d_q027_s45"",""d_q036_s35"",""d_q036_s45"",""d_q036_s50""]","[""d_q018_s45"",""d_q018_s50""]","[""d_q027_s50""]",2026082301,SUCCESS,,,2026-08-23T11:08:21.889901+00:00,4.083210200071335,6,6,6,"{""engine"": ""PySR"", ""engine_output_directory"": ""C:\\Users\\xiao.cheng\\Desktop\\科研\\derived\\development\\g5_sr_engine"", ""engine_run_id"": ""peak_q_d__outer05__inner02__seed2026082301""}",453c6a9dbc6ba19d096c9ae6dfb6836b82df3f4ef8501b17a41e60f12dc21a8b,c3fe3963d6eaedd1cc3fbb65c73a0bcf57cb260fd2f6fa9c40d3371f40640a55,
peak_q_d__outer05__inner02__seed2026082302,peak_q_d,INITIAL,"[""q"",""d""]",INNER_SEARCH,peak,5,d_q027_s50,2,"[""d_q018_s35"",""d_q027_s35"",""d_q027_s45"",""d_q036_s35"",""d_q036_s45"",""d_q036_s50""]","[""d_q018_s45"",""d_q018_s50""]","[""d_q027_s50""]",2026082302,SUCCESS,,,2026-08-23T11:08:26.037128+00:00,5.491479600314051,6,6,6,"{""engine"": ""PySR"", ""engine_output_directory"": ""C:\\Users\\xiao.cheng\\Desktop\\科研\\derived\\development\\g5_sr_engine"", ""engine_run_id"": ""peak_q_d__outer05__inner02__seed2026082302""}",453c6a9dbc6ba19d096c9ae6dfb6836b82df3f4ef8501b17a41e60f12dc21a8b,c3fe3963d6eaedd1cc3fbb65c73a0bcf57cb260fd2f6fa9c40d3371f40640a55,
peak_q_d__outer05__inner02__seed2026082303,peak_q_d,INITIAL,"[""q"",""d""]",INNER_SEARCH,peak,5,d_q027_s50,2,"[""d_q018_s35"",""d_q027_s35"",""d_q027_s45"",""d_q036_s35"",""d_q036_s45"",""d_q036_s50""]","[""d_q018_s45"",""d_q018_s50""]","[""d_q027_s50""]",2026082303,SUCCESS,,,2026-08-23T11:08:31.589392+00:00,3.9720316999591887,6,6,7,"{""engine"": ""PySR"", ""engine_output_directory"": ""C:\\Users\\xiao.cheng\\Desktop\\科研\\derived\\development\\g5_sr_engine"", ""engine_run_id"": ""peak_q_d__outer05__inner02__seed2026082303""}",453c6a9dbc6ba19d096c9ae6dfb6836b82df3f4ef8501b17a41e60f12dc21a8b,c3fe3963d6eaedd1cc3fbb65c73a0bcf57cb260fd2f6fa9c40d3371f40640a55,
peak_q_d__outer05__inner02__seed2026082304,peak_q_d,INITIAL,"[""q"",""d""]",INNER_SEARCH,peak,5,d_q027_s50,2,"[""d_q018_s35"",""d_q027_s35"",""d_q027_s45"",""d_q036_s35"",""d_q036_s45"",""d_q036_s50""]","[""d_q018_s45"",""d_q018_s50""]","[""d_q027_s50""]",2026082304,SUCCESS,,,2026-08-23T11:08:35.633876+00:00,3.895706200040877,6,6,6,"{""engine"": ""PySR"", ""engine_output_directory"": ""C:\\Users\\xiao.cheng\\Desktop\\科研\\derived\\development\\g5_sr_engine"", ""engine_run_id"": ""peak_q_d__outer05__inner02__seed2026082304""}",453c6a9dbc6ba19d096c9ae6dfb6836b82df3f4ef8501b17a41e60f12dc21a8b,c3fe3963d6eaedd1cc3fbb65c73a0bcf57cb260fd2f6fa9c40d3371f40640a55,
peak_q_d__outer05__inner02__seed2026082305,peak_q_d,INITIAL,"[""q"",""d""]",INNER_SEARCH,peak,5,d_q027_s50,2,"[""d_q018_s35"",""d_q027_s35"",""d_q027_s45"",""d_q036_s35"",""d_q036_s45"",""d_q036_s50""]","[""d_q018_s45"",""d_q018_s50""]","[""d_q027_s50""]",2026082305,SUCCESS,,,2026-08-23T11:08:39.582799+00:00,4.749009400140494,6,6,5,"{""engine"": ""PySR"", ""engine_output_directory"": ""C:\\Users\\xiao.cheng\\Desktop\\科研\\derived\\development\\g5_sr_engine"", ""engine_run_id"": ""peak_q_d__outer05__inner02__seed2026082305""}",453c6a9dbc6ba19d096c9ae6dfb6836b82df3f4ef8501b17a41e60f12dc21a8b,c3fe3963d6eaedd1cc3fbb65c73a0bcf57cb260fd2f6fa9c40d3371f40640a55,
peak_q_d__outer05__inner03__seed2026082301,peak_q_d,INITIAL,"[""q"",""d""]",INNER_SEARCH,peak,5,d_q027_s50,3,"[""d_q018_s35"",""d_q018_s45"",""d_q018_s50"",""d_q036_s35"",""d_q036_s45"",""d_q036_s50""]","[""d_q027_s35"",""d_q027_s45""]","[""d_q027_s50""]",2026082301,SUCCESS,,,2026-08-23T11:08:44.375465+00:00,4.070512299891561,6,6,5,"{""engine"": ""PySR"", ""engine_output_directory"": ""C:\\Users\\xiao.cheng\\Desktop\\科研\\derived\\development\\g5_sr_engine"", ""engine_run_id"": ""peak_q_d__outer05__inner03__seed2026082301""}",453c6a9dbc6ba19d096c9ae6dfb6836b82df3f4ef8501b17a41e60f12dc21a8b,c3fe3963d6eaedd1cc3fbb65c73a0bcf57cb260fd2f6fa9c40d3371f40640a55,
peak_q_d__outer05__inner03__seed2026082302,peak_q_d,INITIAL,"[""q"",""d""]",INNER_SEARCH,peak,5,d_q027_s50,3,"[""d_q018_s35"",""d_q018_s45"",""d_q018_s50"",""d_q036_s35"",""d_q036_s45"",""d_q036_s50""]","[""d_q027_s35"",""d_q027_s45""]","[""d_q027_s50""]",2026082302,SUCCESS,,,2026-08-23T11:08:48.504794+00:00,4.497026100289077,6,6,8,"{""engine"": ""PySR"", ""engine_output_directory"": ""C:\\Users\\xiao.cheng\\Desktop\\科研\\derived\\development\\g5_sr_engine"", ""engine_run_id"": ""peak_q_d__outer05__inner03__seed2026082302""}",453c6a9dbc6ba19d096c9ae6dfb6836b82df3f4ef8501b17a41e60f12dc21a8b,c3fe3963d6eaedd1cc3fbb65c73a0bcf57cb260fd2f6fa9c40d3371f40640a55,
peak_q_d__outer05__inner03__seed2026082303,peak_q_d,INITIAL,"[""q"",""d""]",INNER_SEARCH,peak,5,d_q027_s50,3,"[""d_q018_s35"",""d_q018_s45"",""d_q018_s50"",""d_q036_s35"",""d_q036_s45"",""d_q036_s50""]","[""d_q027_s35"",""d_q027_s45""]","[""d_q027_s50""]",2026082303,SUCCESS,,,2026-08-23T11:08:53.062671+00:00,12.375020999927074,6,6,8,"{""engine"": ""PySR"", ""engine_output_directory"": ""C:\\Users\\xiao.cheng\\Desktop\\科研\\derived\\development\\g5_sr_engine"", ""engine_run_id"": ""peak_q_d__outer05__inner03__seed2026082303""}",453c6a9dbc6ba19d096c9ae6dfb6836b82df3f4ef8501b17a41e60f12dc21a8b,c3fe3963d6eaedd1cc3fbb65c73a0bcf57cb260fd2f6fa9c40d3371f40640a55,
peak_q_d__outer05__inner03__seed2026082304,peak_q_d,INITIAL,"[""q"",""d""]",INNER_SEARCH,peak,5,d_q027_s50,3,"[""d_q018_s35"",""d_q018_s45"",""d_q018_s50"",""d_q036_s35"",""d_q036_s45"",""d_q036_s50""]","[""d_q027_s35"",""d_q027_s45""]","[""d_q027_s50""]",2026082304,SUCCESS,,,2026-08-23T11:09:05.494093+00:00,4.758462799713016,6,6,7,"{""engine"": ""PySR"", ""engine_output_directory"": ""C:\\Users\\xiao.cheng\\Desktop\\科研\\derived\\development\\g5_sr_engine"", ""engine_run_id"": ""peak_q_d__outer05__inner03__seed2026082304""}",453c6a9dbc6ba19d096c9ae6dfb6836b82df3f4ef8501b17a41e60f12dc21a8b,c3fe3963d6eaedd1cc3fbb65c73a0bcf57cb260fd2f6fa9c40d3371f40640a55,
peak_q_d__outer05__inner03__seed2026082305,peak_q_d,INITIAL,"[""q"",""d""]",INNER_SEARCH,peak,5,d_q027_s50,3,"[""d_q018_s35"",""d_q018_s45"",""d_q018_s50"",""d_q036_s35"",""d_q036_s45"",""d_q036_s50""]","[""d_q027_s35"",""d_q027_s45""]","[""d_q027_s50""]",2026082305,SUCCESS,,,2026-08-23T11:09:10.311297+00:00,3.7885796003974974,6,6,7,"{""engine"": ""PySR"", ""engine_output_directory"": ""C:\\Users\\xiao.cheng\\Desktop\\科研\\derived\\development\\g5_sr_engine"", ""engine_run_id"": ""peak_q_d__outer05__inner03__seed2026082305""}",453c6a9dbc6ba19d096c9ae6dfb6836b82df3f4ef8501b17a41e60f12dc21a8b,c3fe3963d6eaedd1cc3fbb65c73a0bcf57cb260fd2f6fa9c40d3371f40640a55,
peak_q_d__outer05__refit__seed2026082301,peak_q_d,INITIAL,"[""q"",""d""]",OUTER_REFIT_SEARCH,peak,5,d_q027_s50,-1,"[""d_q018_s35"",""d_q018_s45"",""d_q018_s50"",""d_q027_s35"",""d_q027_s45"",""d_q036_s35"",""d_q036_s45"",""d_q036_s50""]",[],"[""d_q027_s50""]",2026082301,SUCCESS,,,2026-08-23T11:09:14.151990+00:00,4.369128399994224,8,8,5,"{""engine"": ""PySR"", ""engine_output_directory"": ""C:\\Users\\xiao.cheng\\Desktop\\科研\\derived\\development\\g5_sr_engine"", ""engine_run_id"": ""peak_q_d__outer05__refit__seed2026082301""}",453c6a9dbc6ba19d096c9ae6dfb6836b82df3f4ef8501b17a41e60f12dc21a8b,c3fe3963d6eaedd1cc3fbb65c73a0bcf57cb260fd2f6fa9c40d3371f40640a55,
peak_q_d__outer05__refit__seed2026082302,peak_q_d,INITIAL,"[""q"",""d""]",OUTER_REFIT_SEARCH,peak,5,d_q027_s50,-1,"[""d_q018_s35"",""d_q018_s45"",""d_q018_s50"",""d_q027_s35"",""d_q027_s45"",""d_q036_s35"",""d_q036_s45"",""d_q036_s50""]",[],"[""d_q027_s50""]",2026082302,SUCCESS,,,2026-08-23T11:09:18.583578+00:00,3.7290443000383675,8,8,8,"{""engine"": ""PySR"", ""engine_output_directory"": ""C:\\Users\\xiao.cheng\\Desktop\\科研\\derived\\development\\g5_sr_engine"", ""engine_run_id"": ""peak_q_d__outer05__refit__seed2026082302""}",453c6a9dbc6ba19d096c9ae6dfb6836b82df3f4ef8501b17a41e60f12dc21a8b,c3fe3963d6eaedd1cc3fbb65c73a0bcf57cb260fd2f6fa9c40d3371f40640a55,
peak_q_d__outer05__refit__seed2026082303,peak_q_d,INITIAL,"[""q"",""d""]",OUTER_REFIT_SEARCH,peak,5,d_q027_s50,-1,"[""d_q018_s35"",""d_q018_s45"",""d_q018_s50"",""d_q027_s35"",""d_q027_s45"",""d_q036_s35"",""d_q036_s45"",""d_q036_s50""]",[],"[""d_q027_s50""]",2026082303,SUCCESS,,,2026-08-23T11:09:22.371638+00:00,3.5383394001983106,8,8,7,"{""engine"": ""PySR"", ""engine_output_directory"": ""C:\\Users\\xiao.cheng\\Desktop\\科研\\derived\\development\\g5_sr_engine"", ""engine_run_id"": ""peak_q_d__outer05__refit__seed2026082303""}",453c6a9dbc6ba19d096c9ae6dfb6836b82df3f4ef8501b17a41e60f12dc21a8b,c3fe3963d6eaedd1cc3fbb65c73a0bcf57cb260fd2f6fa9c40d3371f40640a55,
peak_q_d__outer05__refit__seed2026082304,peak_q_d,INITIAL,"[""q"",""d""]",OUTER_REFIT_SEARCH,peak,5,d_q027_s50,-1,"[""d_q018_s35"",""d_q018_s45"",""d_q018_s50"",""d_q027_s35"",""d_q027_s45"",""d_q036_s35"",""d_q036_s45"",""d_q036_s50""]",[],"[""d_q027_s50""]",2026082304,SUCCESS,,,2026-08-23T11:09:25.959663+00:00,3.7999833999201655,8,8,6,"{""engine"": ""PySR"", ""engine_output_directory"": ""C:\\Users\\xiao.cheng\\Desktop\\科研\\derived\\development\\g5_sr_engine"", ""engine_run_id"": ""peak_q_d__outer05__refit__seed2026082304""}",453c6a9dbc6ba19d096c9ae6dfb6836b82df3f4ef8501b17a41e60f12dc21a8b,c3fe3963d6eaedd1cc3fbb65c73a0bcf57cb260fd2f6fa9c40d3371f40640a55,
peak_q_d__outer05__refit__seed2026082305,peak_q_d,INITIAL,"[""q"",""d""]",OUTER_REFIT_SEARCH,peak,5,d_q027_s50,-1,"[""d_q018_s35"",""d_q018_s45"",""d_q018_s50"",""d_q027_s35"",""d_q027_s45"",""d_q036_s35"",""d_q036_s45"",""d_q036_s50""]",[],"[""d_q027_s50""]",2026082305,SUCCESS,,,2026-08-23T11:09:29.817629+00:00,3.2927568000741303,8,8,6,"{""engine"": ""PySR"", ""engine_output_directory"": ""C:\\Users\\xiao.cheng\\Desktop\\科研\\derived\\development\\g5_sr_engine"", ""engine_run_id"": ""peak_q_d__outer05__refit__seed2026082305""}",453c6a9dbc6ba19d096c9ae6dfb6836b82df3f4ef8501b17a41e60f12dc21a8b,c3fe3963d6eaedd1cc3fbb65c73a0bcf57cb260fd2f6fa9c40d3371f40640a55,
peak_q_d__outer06__inner00__seed2026082301,peak_q_d,INITIAL,"[""q"",""d""]",INNER_SEARCH,peak,6,d_q036_s35,0,"[""d_q018_s35"",""d_q018_s45"",""d_q018_s50"",""d_q027_s35"",""d_q027_s45"",""d_q027_s50""]","[""d_q036_s45"",""d_q036_s50""]","[""d_q036_s35""]",2026082301,SUCCESS,,,2026-08-23T11:09:33.160755+00:00,3.499587500002235,6,6,10,"{""engine"": ""PySR"", ""engine_output_directory"": ""C:\\Users\\xiao.cheng\\Desktop\\科研\\derived\\development\\g5_sr_engine"", ""engine_run_id"": ""peak_q_d__outer06__inner00__seed2026082301""}",453c6a9dbc6ba19d096c9ae6dfb6836b82df3f4ef8501b17a41e60f12dc21a8b,c3fe3963d6eaedd1cc3fbb65c73a0bcf57cb260fd2f6fa9c40d3371f40640a55,
peak_q_d__outer06__inner00__seed2026082302,peak_q_d,INITIAL,"[""q"",""d""]",INNER_SEARCH,peak,6,d_q036_s35,0,"[""d_q018_s35"",""d_q018_s45"",""d_q018_s50"",""d_q027_s35"",""d_q027_s45"",""d_q027_s50""]","[""d_q036_s45"",""d_q036_s50""]","[""d_q036_s35""]",2026082302,SUCCESS,,,2026-08-23T11:09:36.704820+00:00,3.3027359996922314,6,6,7,"{""engine"": ""PySR"", ""engine_output_directory"": ""C:\\Users\\xiao.cheng\\Desktop\\科研\\derived\\development\\g5_sr_engine"", ""engine_run_id"": ""peak_q_d__outer06__inner00__seed2026082302""}",453c6a9dbc6ba19d096c9ae6dfb6836b82df3f4ef8501b17a41e60f12dc21a8b,c3fe3963d6eaedd1cc3fbb65c73a0bcf57cb260fd2f6fa9c40d3371f40640a55,
peak_q_d__outer06__inner00__seed2026082303,peak_q_d,INITIAL,"[""q"",""d""]",INNER_SEARCH,peak,6,d_q036_s35,0,"[""d_q018_s35"",""d_q018_s45"",""d_q018_s50"",""d_q027_s35"",""d_q027_s45"",""d_q027_s50""]","[""d_q036_s45"",""d_q036_s50""]","[""d_q036_s35""]",2026082303,SUCCESS,,,2026-08-23T11:09:40.064698+00:00,3.1546165999025106,6,6,9,"{""engine"": ""PySR"", ""engine_output_directory"": ""C:\\Users\\xiao.cheng\\Desktop\\科研\\derived\\development\\g5_sr_engine"", ""engine_run_id"": ""peak_q_d__outer06__inner00__seed2026082303""}",453c6a9dbc6ba19d096c9ae6dfb6836b82df3f4ef8501b17a41e60f12dc21a8b,c3fe3963d6eaedd1cc3fbb65c73a0bcf57cb260fd2f6fa9c40d3371f40640a55,
peak_q_d__outer06__inner00__seed2026082304,peak_q_d,INITIAL,"[""q"",""d""]",INNER_SEARCH,peak,6,d_q036_s35,0,"[""d_q018_s35"",""d_q018_s45"",""d_q018_s50"",""d_q027_s35"",""d_q027_s45"",""d_q027_s50""]","[""d_q036_s45"",""d_q036_s50""]","[""d_q036_s35""]",2026082304,SUCCESS,,,2026-08-23T11:09:43.270733+00:00,3.106716000009328,6,6,9,"{""engine"": ""PySR"", ""engine_output_directory"": ""C:\\Users\\xiao.cheng\\Desktop\\科研\\derived\\development\\g5_sr_engine"", ""engine_run_id"": ""peak_q_d__outer06__inner00__seed2026082304""}",453c6a9dbc6ba19d096c9ae6dfb6836b82df3f4ef8501b17a41e60f12dc21a8b,c3fe3963d6eaedd1cc3fbb65c73a0bcf57cb260fd2f6fa9c40d3371f40640a55,
peak_q_d__outer06__inner00__seed2026082305,peak_q_d,INITIAL,"[""q"",""d""]",INNER_SEARCH,peak,6,d_q036_s35,0,"[""d_q018_s35"",""d_q018_s45"",""d_q018_s50"",""d_q027_s35"",""d_q027_s45"",""d_q027_s50""]","[""d_q036_s45"",""d_q036_s50""]","[""d_q036_s35""]",2026082305,SUCCESS,,,2026-08-23T11:09:46.432428+00:00,3.5361450002528727,6,6,9,"{""engine"": ""PySR"", ""engine_output_directory"": ""C:\\Users\\xiao.cheng\\Desktop\\科研\\derived\\development\\g5_sr_engine"", ""engine_run_id"": ""peak_q_d__outer06__inner00__seed2026082305""}",453c6a9dbc6ba19d096c9ae6dfb6836b82df3f4ef8501b17a41e60f12dc21a8b,c3fe3963d6eaedd1cc3fbb65c73a0bcf57cb260fd2f6fa9c40d3371f40640a55,
peak_q_d__outer06__inner01__seed2026082301,peak_q_d,INITIAL,"[""q"",""d""]",INNER_SEARCH,peak,6,d_q036_s35,1,"[""d_q018_s50"",""d_q027_s35"",""d_q027_s45"",""d_q027_s50"",""d_q036_s45"",""d_q036_s50""]","[""d_q018_s35"",""d_q018_s45""]","[""d_q036_s35""]",2026082301,SUCCESS,,,2026-08-23T11:09:50.018824+00:00,3.5785470996052027,6,6,6,"{""engine"": ""PySR"", ""engine_output_directory"": ""C:\\Users\\xiao.cheng\\Desktop\\科研\\derived\\development\\g5_sr_engine"", ""engine_run_id"": ""peak_q_d__outer06__inner01__seed2026082301""}",453c6a9dbc6ba19d096c9ae6dfb6836b82df3f4ef8501b17a41e60f12dc21a8b,c3fe3963d6eaedd1cc3fbb65c73a0bcf57cb260fd2f6fa9c40d3371f40640a55,
peak_q_d__outer06__inner01__seed2026082302,peak_q_d,INITIAL,"[""q"",""d""]",INNER_SEARCH,peak,6,d_q036_s35,1,"[""d_q018_s50"",""d_q027_s35"",""d_q027_s45"",""d_q027_s50"",""d_q036_s45"",""d_q036_s50""]","[""d_q018_s35"",""d_q018_s45""]","[""d_q036_s35""]",2026082302,SUCCESS,,,2026-08-23T11:09:53.657100+00:00,3.183898000046611,6,6,7,"{""engine"": ""PySR"", ""engine_output_directory"": ""C:\\Users\\xiao.cheng\\Desktop\\科研\\derived\\development\\g5_sr_engine"", ""engine_run_id"": ""peak_q_d__outer06__inner01__seed2026082302""}",453c6a9dbc6ba19d096c9ae6dfb6836b82df3f4ef8501b17a41e60f12dc21a8b,c3fe3963d6eaedd1cc3fbb65c73a0bcf57cb260fd2f6fa9c40d3371f40640a55,
peak_q_d__outer06__inner01__seed2026082303,peak_q_d,INITIAL,"[""q"",""d""]",INNER_SEARCH,peak,6,d_q036_s35,1,"[""d_q018_s50"",""d_q027_s35"",""d_q027_s45"",""d_q027_s50"",""d_q036_s45"",""d_q036_s50""]","[""d_q018_s35"",""d_q018_s45""]","[""d_q036_s35""]",2026082303,SUCCESS,,,2026-08-23T11:09:56.896505+00:00,3.3555914000608027,6,6,6,"{""engine"": ""PySR"", ""engine_output_directory"": ""C:\\Users\\xiao.cheng\\Desktop\\科研\\derived\\development\\g5_sr_engine"", ""engine_run_id"": ""peak_q_d__outer06__inner01__seed2026082303""}",453c6a9dbc6ba19d096c9ae6dfb6836b82df3f4ef8501b17a41e60f12dc21a8b,c3fe3963d6eaedd1cc3fbb65c73a0bcf57cb260fd2f6fa9c40d3371f40640a55,
peak_q_d__outer06__inner01__seed2026082304,peak_q_d,INITIAL,"[""q"",""d""]",INNER_SEARCH,peak,6,d_q036_s35,1,"[""d_q018_s50"",""d_q027_s35"",""d_q027_s45"",""d_q027_s50"",""d_q036_s45"",""d_q036_s50""]","[""d_q018_s35"",""d_q018_s45""]","[""d_q036_s35""]",2026082304,SUCCESS,,,2026-08-23T11:10:00.299785+00:00,3.592142699752003,6,6,7,"{""engine"": ""PySR"", ""engine_output_directory"": ""C:\\Users\\xiao.cheng\\Desktop\\科研\\derived\\development\\g5_sr_engine"", ""engine_run_id"": ""peak_q_d__outer06__inner01__seed2026082304""}",453c6a9dbc6ba19d096c9ae6dfb6836b82df3f4ef8501b17a41e60f12dc21a8b,c3fe3963d6eaedd1cc3fbb65c73a0bcf57cb260fd2f6fa9c40d3371f40640a55,
peak_q_d__outer06__inner01__seed2026082305,peak_q_d,INITIAL,"[""q"",""d""]",INNER_SEARCH,peak,6,d_q036_s35,1,"[""d_q018_s50"",""d_q027_s35"",""d_q027_s45"",""d_q027_s50"",""d_q036_s45"",""d_q036_s50""]","[""d_q018_s35"",""d_q018_s45""]","[""d_q036_s35""]",2026082305,SUCCESS,,,2026-08-23T11:10:03.938069+00:00,3.0968618001788855,6,6,8,"{""engine"": ""PySR"", ""engine_output_directory"": ""C:\\Users\\xiao.cheng\\Desktop\\科研\\derived\\development\\g5_sr_engine"", ""engine_run_id"": ""peak_q_d__outer06__inner01__seed2026082305""}",453c6a9dbc6ba19d096c9ae6dfb6836b82df3f4ef8501b17a41e60f12dc21a8b,c3fe3963d6eaedd1cc3fbb65c73a0bcf57cb260fd2f6fa9c40d3371f40640a55,
peak_q_d__outer06__inner02__seed2026082301,peak_q_d,INITIAL,"[""q"",""d""]",INNER_SEARCH,peak,6,d_q036_s35,2,"[""d_q018_s35"",""d_q018_s45"",""d_q027_s45"",""d_q027_s50"",""d_q036_s45"",""d_q036_s50""]","[""d_q018_s50"",""d_q027_s35""]","[""d_q036_s35""]",2026082301,SUCCESS,,,2026-08-23T11:10:07.084808+00:00,3.312753099948168,6,6,7,"{""engine"": ""PySR"", ""engine_output_directory"": ""C:\\Users\\xiao.cheng\\Desktop\\科研\\derived\\development\\g5_sr_engine"", ""engine_run_id"": ""peak_q_d__outer06__inner02__seed2026082301""}",453c6a9dbc6ba19d096c9ae6dfb6836b82df3f4ef8501b17a41e60f12dc21a8b,c3fe3963d6eaedd1cc3fbb65c73a0bcf57cb260fd2f6fa9c40d3371f40640a55,
peak_q_d__outer06__inner02__seed2026082302,peak_q_d,INITIAL,"[""q"",""d""]",INNER_SEARCH,peak,6,d_q036_s35,2,"[""d_q018_s35"",""d_q018_s45"",""d_q027_s45"",""d_q027_s50"",""d_q036_s45"",""d_q036_s50""]","[""d_q018_s50"",""d_q027_s35""]","[""d_q036_s35""]",2026082302,SUCCESS,,,2026-08-23T11:10:10.445270+00:00,3.502919299993664,6,6,6,"{""engine"": ""PySR"", ""engine_output_directory"": ""C:\\Users\\xiao.cheng\\Desktop\\科研\\derived\\development\\g5_sr_engine"", ""engine_run_id"": ""peak_q_d__outer06__inner02__seed2026082302""}",453c6a9dbc6ba19d096c9ae6dfb6836b82df3f4ef8501b17a41e60f12dc21a8b,c3fe3963d6eaedd1cc3fbb65c73a0bcf57cb260fd2f6fa9c40d3371f40640a55,
peak_q_d__outer06__inner02__seed2026082303,peak_q_d,INITIAL,"[""q"",""d""]",INNER_SEARCH,peak,6,d_q036_s35,2,"[""d_q018_s35"",""d_q018_s45"",""d_q027_s45"",""d_q027_s50"",""d_q036_s45"",""d_q036_s50""]","[""d_q018_s50"",""d_q027_s35""]","[""d_q036_s35""]",2026082303,SUCCESS,,,2026-08-23T11:10:13.998940+00:00,3.628898599650711,6,6,5,"{""engine"": ""PySR"", ""engine_output_directory"": ""C:\\Users\\xiao.cheng\\Desktop\\科研\\derived\\development\\g5_sr_engine"", ""engine_run_id"": ""peak_q_d__outer06__inner02__seed2026082303""}",453c6a9dbc6ba19d096c9ae6dfb6836b82df3f4ef8501b17a41e60f12dc21a8b,c3fe3963d6eaedd1cc3fbb65c73a0bcf57cb260fd2f6fa9c40d3371f40640a55,
peak_q_d__outer06__inner02__seed2026082304,peak_q_d,INITIAL,"[""q"",""d""]",INNER_SEARCH,peak,6,d_q036_s35,2,"[""d_q018_s35"",""d_q018_s45"",""d_q027_s45"",""d_q027_s50"",""d_q036_s45"",""d_q036_s50""]","[""d_q018_s50"",""d_q027_s35""]","[""d_q036_s35""]",2026082304,SUCCESS,,,2026-08-23T11:10:17.679572+00:00,3.996591799892485,6,6,6,"{""engine"": ""PySR"", ""engine_output_directory"": ""C:\\Users\\xiao.cheng\\Desktop\\科研\\derived\\development\\g5_sr_engine"", ""engine_run_id"": ""peak_q_d__outer06__inner02__seed2026082304""}",453c6a9dbc6ba19d096c9ae6dfb6836b82df3f4ef8501b17a41e60f12dc21a8b,c3fe3963d6eaedd1cc3fbb65c73a0bcf57cb260fd2f6fa9c40d3371f40640a55,
peak_q_d__outer06__inner02__seed2026082305,peak_q_d,INITIAL,"[""q"",""d""]",INNER_SEARCH,peak,6,d_q036_s35,2,"[""d_q018_s35"",""d_q018_s45"",""d_q027_s45"",""d_q027_s50"",""d_q036_s45"",""d_q036_s50""]","[""d_q018_s50"",""d_q027_s35""]","[""d_q036_s35""]",2026082305,SUCCESS,,,2026-08-23T11:10:21.729248+00:00,2.7761397999711335,6,6,5,"{""engine"": ""PySR"", ""engine_output_directory"": ""C:\\Users\\xiao.cheng\\Desktop\\科研\\derived\\development\\g5_sr_engine"", ""engine_run_id"": ""peak_q_d__outer06__inner02__seed2026082305""}",453c6a9dbc6ba19d096c9ae6dfb6836b82df3f4ef8501b17a41e60f12dc21a8b,c3fe3963d6eaedd1cc3fbb65c73a0bcf57cb260fd2f6fa9c40d3371f40640a55,
peak_q_d__outer06__inner03__seed2026082301,peak_q_d,INITIAL,"[""q"",""d""]",INNER_SEARCH,peak,6,d_q036_s35,3,"[""d_q018_s35"",""d_q018_s45"",""d_q018_s50"",""d_q027_s35"",""d_q036_s45"",""d_q036_s50""]","[""d_q027_s45"",""d_q027_s50""]","[""d_q036_s35""]",2026082301,SUCCESS,,,2026-08-23T11:10:24.559997+00:00,2.9339624997228384,6,6,7,"{""engine"": ""PySR"", ""engine_output_directory"": ""C:\\Users\\xiao.cheng\\Desktop\\科研\\derived\\development\\g5_sr_engine"", ""engine_run_id"": ""peak_q_d__outer06__inner03__seed2026082301""}",453c6a9dbc6ba19d096c9ae6dfb6836b82df3f4ef8501b17a41e60f12dc21a8b,c3fe3963d6eaedd1cc3fbb65c73a0bcf57cb260fd2f6fa9c40d3371f40640a55,
peak_q_d__outer06__inner03__seed2026082302,peak_q_d,INITIAL,"[""q"",""d""]",INNER_SEARCH,peak,6,d_q036_s35,3,"[""d_q018_s35"",""d_q018_s45"",""d_q018_s50"",""d_q027_s35"",""d_q036_s45"",""d_q036_s50""]","[""d_q027_s45"",""d_q027_s50""]","[""d_q036_s35""]",2026082302,SUCCESS,,,2026-08-23T11:10:27.544690+00:00,2.892554100137204,6,6,6,"{""engine"": ""PySR"", ""engine_output_directory"": ""C:\\Users\\xiao.cheng\\Desktop\\科研\\derived\\development\\g5_sr_engine"", ""engine_run_id"": ""peak_q_d__outer06__inner03__seed2026082302""}",453c6a9dbc6ba19d096c9ae6dfb6836b82df3f4ef8501b17a41e60f12dc21a8b,c3fe3963d6eaedd1cc3fbb65c73a0bcf57cb260fd2f6fa9c40d3371f40640a55,
peak_q_d__outer06__inner03__seed2026082303,peak_q_d,INITIAL,"[""q"",""d""]",INNER_SEARCH,peak,6,d_q036_s35,3,"[""d_q018_s35"",""d_q018_s45"",""d_q018_s50"",""d_q027_s35"",""d_q036_s45"",""d_q036_s50""]","[""d_q027_s45"",""d_q027_s50""]","[""d_q036_s35""]",2026082303,SUCCESS,,,2026-08-23T11:10:30.478100+00:00,2.9192882999777794,6,6,7,"{""engine"": ""PySR"", ""engine_output_directory"": ""C:\\Users\\xiao.cheng\\Desktop\\科研\\derived\\development\\g5_sr_engine"", ""engine_run_id"": ""peak_q_d__outer06__inner03__seed2026082303""}",453c6a9dbc6ba19d096c9ae6dfb6836b82df3f4ef8501b17a41e60f12dc21a8b,c3fe3963d6eaedd1cc3fbb65c73a0bcf57cb260fd2f6fa9c40d3371f40640a55,
peak_q_d__outer06__inner03__seed2026082304,peak_q_d,INITIAL,"[""q"",""d""]",INNER_SEARCH,peak,6,d_q036_s35,3,"[""d_q018_s35"",""d_q018_s45"",""d_q018_s50"",""d_q027_s35"",""d_q036_s45"",""d_q036_s50""]","[""d_q027_s45"",""d_q027_s50""]","[""d_q036_s35""]",2026082304,SUCCESS,,,2026-08-23T11:10:33.450517+00:00,2.8840888999402523,6,6,7,"{""engine"": ""PySR"", ""engine_output_directory"": ""C:\\Users\\xiao.cheng\\Desktop\\科研\\derived\\development\\g5_sr_engine"", ""engine_run_id"": ""peak_q_d__outer06__inner03__seed2026082304""}",453c6a9dbc6ba19d096c9ae6dfb6836b82df3f4ef8501b17a41e60f12dc21a8b,c3fe3963d6eaedd1cc3fbb65c73a0bcf57cb260fd2f6fa9c40d3371f40640a55,
peak_q_d__outer06__inner03__seed2026082305,peak_q_d,INITIAL,"[""q"",""d""]",INNER_SEARCH,peak,6,d_q036_s35,3,"[""d_q018_s35"",""d_q018_s45"",""d_q018_s50"",""d_q027_s35"",""d_q036_s45"",""d_q036_s50""]","[""d_q027_s45"",""d_q027_s50""]","[""d_q036_s35""]",2026082305,SUCCESS,,,2026-08-23T11:10:36.380846+00:00,3.4540887996554375,6,6,8,"{""engine"": ""PySR"", ""engine_output_directory"": ""C:\\Users\\xiao.cheng\\Desktop\\科研\\derived\\development\\g5_sr_engine"", ""engine_run_id"": ""peak_q_d__outer06__inner03__seed2026082305""}",453c6a9dbc6ba19d096c9ae6dfb6836b82df3f4ef8501b17a41e60f12dc21a8b,c3fe3963d6eaedd1cc3fbb65c73a0bcf57cb260fd2f6fa9c40d3371f40640a55,
peak_q_d__outer06__refit__seed2026082301,peak_q_d,INITIAL,"[""q"",""d""]",OUTER_REFIT_SEARCH,peak,6,d_q036_s35,-1,"[""d_q018_s35"",""d_q018_s45"",""d_q018_s50"",""d_q027_s35"",""d_q027_s45"",""d_q027_s50"",""d_q036_s45"",""d_q036_s50""]",[],"[""d_q036_s35""]",2026082301,SUCCESS,,,2026-08-23T11:10:39.895226+00:00,4.0008385996334255,8,8,9,"{""engine"": ""PySR"", ""engine_output_directory"": ""C:\\Users\\xiao.cheng\\Desktop\\科研\\derived\\development\\g5_sr_engine"", ""engine_run_id"": ""peak_q_d__outer06__refit__seed2026082301""}",453c6a9dbc6ba19d096c9ae6dfb6836b82df3f4ef8501b17a41e60f12dc21a8b,c3fe3963d6eaedd1cc3fbb65c73a0bcf57cb260fd2f6fa9c40d3371f40640a55,
peak_q_d__outer06__refit__seed2026082302,peak_q_d,INITIAL,"[""q"",""d""]",OUTER_REFIT_SEARCH,peak,6,d_q036_s35,-1,"[""d_q018_s35"",""d_q018_s45"",""d_q018_s50"",""d_q027_s35"",""d_q027_s45"",""d_q027_s50"",""d_q036_s45"",""d_q036_s50""]",[],"[""d_q036_s35""]",2026082302,SUCCESS,,,2026-08-23T11:10:43.952339+00:00,2.960719699971378,8,8,6,"{""engine"": ""PySR"", ""engine_output_directory"": ""C:\\Users\\xiao.cheng\\Desktop\\科研\\derived\\development\\g5_sr_engine"", ""engine_run_id"": ""peak_q_d__outer06__refit__seed2026082302""}",453c6a9dbc6ba19d096c9ae6dfb6836b82df3f4ef8501b17a41e60f12dc21a8b,c3fe3963d6eaedd1cc3fbb65c73a0bcf57cb260fd2f6fa9c40d3371f40640a55,
peak_q_d__outer06__refit__seed2026082303,peak_q_d,INITIAL,"[""q"",""d""]",OUTER_REFIT_SEARCH,peak,6,d_q036_s35,-1,"[""d_q018_s35"",""d_q018_s45"",""d_q018_s50"",""d_q027_s35"",""d_q027_s45"",""d_q027_s50"",""d_q036_s45"",""d_q036_s50""]",[],"[""d_q036_s35""]",2026082303,SUCCESS,,,2026-08-23T11:10:46.958365+00:00,4.081618800293654,8,8,7,"{""engine"": ""PySR"", ""engine_output_directory"": ""C:\\Users\\xiao.cheng\\Desktop\\科研\\derived\\development\\g5_sr_engine"", ""engine_run_id"": ""peak_q_d__outer06__refit__seed2026082303""}",453c6a9dbc6ba19d096c9ae6dfb6836b82df3f4ef8501b17a41e60f12dc21a8b,c3fe3963d6eaedd1cc3fbb65c73a0bcf57cb260fd2f6fa9c40d3371f40640a55,
peak_q_d__outer06__refit__seed2026082304,peak_q_d,INITIAL,"[""q"",""d""]",OUTER_REFIT_SEARCH,peak,6,d_q036_s35,-1,"[""d_q018_s35"",""d_q018_s45"",""d_q018_s50"",""d_q027_s35"",""d_q027_s45"",""d_q027_s50"",""d_q036_s45"",""d_q036_s50""]",[],"[""d_q036_s35""]",2026082304,SUCCESS,,,2026-08-23T11:10:51.108292+00:00,3.388180000241846,8,8,9,"{""engine"": ""PySR"", ""engine_output_directory"": ""C:\\Users\\xiao.cheng\\Desktop\\科研\\derived\\development\\g5_sr_engine"", ""engine_run_id"": ""peak_q_d__outer06__refit__seed2026082304""}",453c6a9dbc6ba19d096c9ae6dfb6836b82df3f4ef8501b17a41e60f12dc21a8b,c3fe3963d6eaedd1cc3fbb65c73a0bcf57cb260fd2f6fa9c40d3371f40640a55,
peak_q_d__outer06__refit__seed2026082305,peak_q_d,INITIAL,"[""q"",""d""]",OUTER_REFIT_SEARCH,peak,6,d_q036_s35,-1,"[""d_q018_s35"",""d_q018_s45"",""d_q018_s50"",""d_q027_s35"",""d_q027_s45"",""d_q027_s50"",""d_q036_s45"",""d_q036_s50""]",[],"[""d_q036_s35""]",2026082305,SUCCESS,,,2026-08-23T11:10:54.550764+00:00,3.0550938001833856,8,8,6,"{""engine"": ""PySR"", ""engine_output_directory"": ""C:\\Users\\xiao.cheng\\Desktop\\科研\\derived\\development\\g5_sr_engine"", ""engine_run_id"": ""peak_q_d__outer06__refit__seed2026082305""}",453c6a9dbc6ba19d096c9ae6dfb6836b82df3f4ef8501b17a41e60f12dc21a8b,c3fe3963d6eaedd1cc3fbb65c73a0bcf57cb260fd2f6fa9c40d3371f40640a55,
peak_q_d__outer07__inner00__seed2026082301,peak_q_d,INITIAL,"[""q"",""d""]",INNER_SEARCH,peak,7,d_q036_s45,0,"[""d_q018_s45"",""d_q018_s50"",""d_q027_s35"",""d_q027_s45"",""d_q027_s50"",""d_q036_s35""]","[""d_q018_s35"",""d_q036_s50""]","[""d_q036_s45""]",2026082301,SUCCESS,,,2026-08-23T11:10:57.652406+00:00,2.7143814000301063,6,6,7,"{""engine"": ""PySR"", ""engine_output_directory"": ""C:\\Users\\xiao.cheng\\Desktop\\科研\\derived\\development\\g5_sr_engine"", ""engine_run_id"": ""peak_q_d__outer07__inner00__seed2026082301""}",453c6a9dbc6ba19d096c9ae6dfb6836b82df3f4ef8501b17a41e60f12dc21a8b,c3fe3963d6eaedd1cc3fbb65c73a0bcf57cb260fd2f6fa9c40d3371f40640a55,
peak_q_d__outer07__inner00__seed2026082302,peak_q_d,INITIAL,"[""q"",""d""]",INNER_SEARCH,peak,7,d_q036_s45,0,"[""d_q018_s45"",""d_q018_s50"",""d_q027_s35"",""d_q027_s45"",""d_q027_s50"",""d_q036_s35""]","[""d_q018_s35"",""d_q036_s50""]","[""d_q036_s45""]",2026082302,SUCCESS,,,2026-08-23T11:11:00.410966+00:00,2.8472780999727547,6,6,6,"{""engine"": ""PySR"", ""engine_output_directory"": ""C:\\Users\\xiao.cheng\\Desktop\\科研\\derived\\development\\g5_sr_engine"", ""engine_run_id"": ""peak_q_d__outer07__inner00__seed2026082302""}",453c6a9dbc6ba19d096c9ae6dfb6836b82df3f4ef8501b17a41e60f12dc21a8b,c3fe3963d6eaedd1cc3fbb65c73a0bcf57cb260fd2f6fa9c40d3371f40640a55,
peak_q_d__outer07__inner00__seed2026082303,peak_q_d,INITIAL,"[""q"",""d""]",INNER_SEARCH,peak,7,d_q036_s45,0,"[""d_q018_s45"",""d_q018_s50"",""d_q027_s35"",""d_q027_s45"",""d_q027_s50"",""d_q036_s35""]","[""d_q018_s35"",""d_q036_s50""]","[""d_q036_s45""]",2026082303,SUCCESS,,,2026-08-23T11:11:03.306807+00:00,2.7292102999053895,6,6,8,"{""engine"": ""PySR"", ""engine_output_directory"": ""C:\\Users\\xiao.cheng\\Desktop\\科研\\derived\\development\\g5_sr_engine"", ""engine_run_id"": ""peak_q_d__outer07__inner00__seed2026082303""}",453c6a9dbc6ba19d096c9ae6dfb6836b82df3f4ef8501b17a41e60f12dc21a8b,c3fe3963d6eaedd1cc3fbb65c73a0bcf57cb260fd2f6fa9c40d3371f40640a55,
peak_q_d__outer07__inner00__seed2026082304,peak_q_d,INITIAL,"[""q"",""d""]",INNER_SEARCH,peak,7,d_q036_s45,0,"[""d_q018_s45"",""d_q018_s50"",""d_q027_s35"",""d_q027_s45"",""d_q027_s50"",""d_q036_s35""]","[""d_q018_s35"",""d_q036_s50""]","[""d_q036_s45""]",2026082304,SUCCESS,,,2026-08-23T11:11:06.084946+00:00,2.851699999999255,6,6,6,"{""engine"": ""PySR"", ""engine_output_directory"": ""C:\\Users\\xiao.cheng\\Desktop\\科研\\derived\\development\\g5_sr_engine"", ""engine_run_id"": ""peak_q_d__outer07__inner00__seed2026082304""}",453c6a9dbc6ba19d096c9ae6dfb6836b82df3f4ef8501b17a41e60f12dc21a8b,c3fe3963d6eaedd1cc3fbb65c73a0bcf57cb260fd2f6fa9c40d3371f40640a55,
peak_q_d__outer07__inner00__seed2026082305,peak_q_d,INITIAL,"[""q"",""d""]",INNER_SEARCH,peak,7,d_q036_s45,0,"[""d_q018_s45"",""d_q018_s50"",""d_q027_s35"",""d_q027_s45"",""d_q027_s50"",""d_q036_s35""]","[""d_q018_s35"",""d_q036_s50""]","[""d_q036_s45""]",2026082305,SUCCESS,,,2026-08-23T11:11:08.989590+00:00,2.7487587998621166,6,6,8,"{""engine"": ""PySR"", ""engine_output_directory"": ""C:\\Users\\xiao.cheng\\Desktop\\科研\\derived\\development\\g5_sr_engine"", ""engine_run_id"": ""peak_q_d__outer07__inner00__seed2026082305""}",453c6a9dbc6ba19d096c9ae6dfb6836b82df3f4ef8501b17a41e60f12dc21a8b,c3fe3963d6eaedd1cc3fbb65c73a0bcf57cb260fd2f6fa9c40d3371f40640a55,
peak_q_d__outer07__inner01__seed2026082301,peak_q_d,INITIAL,"[""q"",""d""]",INNER_SEARCH,peak,7,d_q036_s45,1,"[""d_q018_s35"",""d_q027_s35"",""d_q027_s45"",""d_q027_s50"",""d_q036_s35"",""d_q036_s50""]","[""d_q018_s45"",""d_q018_s50""]","[""d_q036_s45""]",2026082301,SUCCESS,,,2026-08-23T11:11:11.782574+00:00,2.800600899849087,6,6,7,"{""engine"": ""PySR"", ""engine_output_directory"": ""C:\\Users\\xiao.cheng\\Desktop\\科研\\derived\\development\\g5_sr_engine"", ""engine_run_id"": ""peak_q_d__outer07__inner01__seed2026082301""}",453c6a9dbc6ba19d096c9ae6dfb6836b82df3f4ef8501b17a41e60f12dc21a8b,c3fe3963d6eaedd1cc3fbb65c73a0bcf57cb260fd2f6fa9c40d3371f40640a55,
peak_q_d__outer07__inner01__seed2026082302,peak_q_d,INITIAL,"[""q"",""d""]",INNER_SEARCH,peak,7,d_q036_s45,1,"[""d_q018_s35"",""d_q027_s35"",""d_q027_s45"",""d_q027_s50"",""d_q036_s35"",""d_q036_s50""]","[""d_q018_s45"",""d_q018_s50""]","[""d_q036_s45""]",2026082302,SUCCESS,,,2026-08-23T11:11:14.632992+00:00,2.972675600089133,6,6,6,"{""engine"": ""PySR"", ""engine_output_directory"": ""C:\\Users\\xiao.cheng\\Desktop\\科研\\derived\\development\\g5_sr_engine"", ""engine_run_id"": ""peak_q_d__outer07__inner01__seed2026082302""}",453c6a9dbc6ba19d096c9ae6dfb6836b82df3f4ef8501b17a41e60f12dc21a8b,c3fe3963d6eaedd1cc3fbb65c73a0bcf57cb260fd2f6fa9c40d3371f40640a55,
peak_q_d__outer07__inner01__seed2026082303,peak_q_d,INITIAL,"[""q"",""d""]",INNER_SEARCH,peak,7,d_q036_s45,1,"[""d_q018_s35"",""d_q027_s35"",""d_q027_s45"",""d_q027_s50"",""d_q036_s35"",""d_q036_s50""]","[""d_q018_s45"",""d_q018_s50""]","[""d_q036_s45""]",2026082303,SUCCESS,,,2026-08-23T11:11:17.665280+00:00,5.291565800085664,6,6,7,"{""engine"": ""PySR"", ""engine_output_directory"": ""C:\\Users\\xiao.cheng\\Desktop\\科研\\derived\\development\\g5_sr_engine"", ""engine_run_id"": ""peak_q_d__outer07__inner01__seed2026082303""}",453c6a9dbc6ba19d096c9ae6dfb6836b82df3f4ef8501b17a41e60f12dc21a8b,c3fe3963d6eaedd1cc3fbb65c73a0bcf57cb260fd2f6fa9c40d3371f40640a55,
peak_q_d__outer07__inner01__seed2026082304,peak_q_d,INITIAL,"[""q"",""d""]",INNER_SEARCH,peak,7,d_q036_s45,1,"[""d_q018_s35"",""d_q027_s35"",""d_q027_s45"",""d_q027_s50"",""d_q036_s35"",""d_q036_s50""]","[""d_q018_s45"",""d_q018_s50""]","[""d_q036_s45""]",2026082304,SUCCESS,,,2026-08-23T11:11:23.465646+00:00,42.83499010000378,6,6,7,"{""engine"": ""PySR"", ""engine_output_directory"": ""C:\\Users\\xiao.cheng\\Desktop\\科研\\derived\\development\\g5_sr_engine"", ""engine_run_id"": ""peak_q_d__outer07__inner01__seed2026082304""}",453c6a9dbc6ba19d096c9ae6dfb6836b82df3f4ef8501b17a41e60f12dc21a8b,c3fe3963d6eaedd1cc3fbb65c73a0bcf57cb260fd2f6fa9c40d3371f40640a55,
peak_q_d__outer07__inner01__seed2026082305,peak_q_d,INITIAL,"[""q"",""d""]",INNER_SEARCH,peak,7,d_q036_s45,1,"[""d_q018_s35"",""d_q027_s35"",""d_q027_s45"",""d_q027_s50"",""d_q036_s35"",""d_q036_s50""]","[""d_q018_s45"",""d_q018_s50""]","[""d_q036_s45""]",2026082305,SUCCESS,,,2026-08-23T11:12:06.851075+00:00,39.35299780033529,6,6,7,"{""engine"": ""PySR"", ""engine_output_directory"": ""C:\\Users\\xiao.cheng\\Desktop\\科研\\derived\\development\\g5_sr_engine"", ""engine_run_id"": ""peak_q_d__outer07__inner01__seed2026082305""}",453c6a9dbc6ba19d096c9ae6dfb6836b82df3f4ef8501b17a41e60f12dc21a8b,c3fe3963d6eaedd1cc3fbb65c73a0bcf57cb260fd2f6fa9c40d3371f40640a55,
peak_q_d__outer07__inner02__seed2026082301,peak_q_d,INITIAL,"[""q"",""d""]",INNER_SEARCH,peak,7,d_q036_s45,2,"[""d_q018_s35"",""d_q018_s45"",""d_q018_s50"",""d_q027_s50"",""d_q036_s35"",""d_q036_s50""]","[""d_q027_s35"",""d_q027_s45""]","[""d_q036_s45""]",2026082301,SUCCESS,,,2026-08-23T11:12:46.806507+00:00,28.649545900058,6,6,7,"{""engine"": ""PySR"", ""engine_output_directory"": ""C:\\Users\\xiao.cheng\\Desktop\\科研\\derived\\development\\g5_sr_engine"", ""engine_run_id"": ""peak_q_d__outer07__inner02__seed2026082301""}",453c6a9dbc6ba19d096c9ae6dfb6836b82df3f4ef8501b17a41e60f12dc21a8b,c3fe3963d6eaedd1cc3fbb65c73a0bcf57cb260fd2f6fa9c40d3371f40640a55,
peak_q_d__outer07__inner02__seed2026082302,peak_q_d,INITIAL,"[""q"",""d""]",INNER_SEARCH,peak,7,d_q036_s45,2,"[""d_q018_s35"",""d_q018_s45"",""d_q018_s50"",""d_q027_s50"",""d_q036_s35"",""d_q036_s50""]","[""d_q027_s35"",""d_q027_s45""]","[""d_q036_s45""]",2026082302,SUCCESS,,,2026-08-23T11:13:15.973211+00:00,31.801272500306368,6,6,6,"{""engine"": ""PySR"", ""engine_output_directory"": ""C:\\Users\\xiao.cheng\\Desktop\\科研\\derived\\development\\g5_sr_engine"", ""engine_run_id"": ""peak_q_d__outer07__inner02__seed2026082302""}",453c6a9dbc6ba19d096c9ae6dfb6836b82df3f4ef8501b17a41e60f12dc21a8b,c3fe3963d6eaedd1cc3fbb65c73a0bcf57cb260fd2f6fa9c40d3371f40640a55,
peak_q_d__outer07__inner02__seed2026082303,peak_q_d,INITIAL,"[""q"",""d""]",INNER_SEARCH,peak,7,d_q036_s45,2,"[""d_q018_s35"",""d_q018_s45"",""d_q018_s50"",""d_q027_s50"",""d_q036_s35"",""d_q036_s50""]","[""d_q027_s35"",""d_q027_s45""]","[""d_q036_s45""]",2026082303,SUCCESS,,,2026-08-23T11:13:48.184417+00:00,31.00714490003884,6,6,5,"{""engine"": ""PySR"", ""engine_output_directory"": ""C:\\Users\\xiao.cheng\\Desktop\\科研\\derived\\development\\g5_sr_engine"", ""engine_run_id"": ""peak_q_d__outer07__inner02__seed2026082303""}",453c6a9dbc6ba19d096c9ae6dfb6836b82df3f4ef8501b17a41e60f12dc21a8b,c3fe3963d6eaedd1cc3fbb65c73a0bcf57cb260fd2f6fa9c40d3371f40640a55,
peak_q_d__outer07__inner02__seed2026082304,peak_q_d,INITIAL,"[""q"",""d""]",INNER_SEARCH,peak,7,d_q036_s45,2,"[""d_q018_s35"",""d_q018_s45"",""d_q018_s50"",""d_q027_s50"",""d_q036_s35"",""d_q036_s50""]","[""d_q027_s35"",""d_q027_s45""]","[""d_q036_s45""]",2026082304,SUCCESS,,,2026-08-23T11:14:19.741442+00:00,38.508531199768186,6,6,4,"{""engine"": ""PySR"", ""engine_output_directory"": ""C:\\Users\\xiao.cheng\\Desktop\\科研\\derived\\development\\g5_sr_engine"", ""engine_run_id"": ""peak_q_d__outer07__inner02__seed2026082304""}",453c6a9dbc6ba19d096c9ae6dfb6836b82df3f4ef8501b17a41e60f12dc21a8b,c3fe3963d6eaedd1cc3fbb65c73a0bcf57cb260fd2f6fa9c40d3371f40640a55,
peak_q_d__outer07__inner02__seed2026082305,peak_q_d,INITIAL,"[""q"",""d""]",INNER_SEARCH,peak,7,d_q036_s45,2,"[""d_q018_s35"",""d_q018_s45"",""d_q018_s50"",""d_q027_s50"",""d_q036_s35"",""d_q036_s50""]","[""d_q027_s35"",""d_q027_s45""]","[""d_q036_s45""]",2026082305,SUCCESS,,,2026-08-23T11:14:59.005199+00:00,34.787436600308865,6,6,8,"{""engine"": ""PySR"", ""engine_output_directory"": ""C:\\Users\\xiao.cheng\\Desktop\\科研\\derived\\development\\g5_sr_engine"", ""engine_run_id"": ""peak_q_d__outer07__inner02__seed2026082305""}",453c6a9dbc6ba19d096c9ae6dfb6836b82df3f4ef8501b17a41e60f12dc21a8b,c3fe3963d6eaedd1cc3fbb65c73a0bcf57cb260fd2f6fa9c40d3371f40640a55,
peak_q_d__outer07__inner03__seed2026082301,peak_q_d,INITIAL,"[""q"",""d""]",INNER_SEARCH,peak,7,d_q036_s45,3,"[""d_q018_s35"",""d_q018_s45"",""d_q018_s50"",""d_q027_s35"",""d_q027_s45"",""d_q036_s50""]","[""d_q027_s50"",""d_q036_s35""]","[""d_q036_s45""]",2026082301,SUCCESS,,,2026-08-23T11:15:34.367848+00:00,32.38306079991162,6,6,8,"{""engine"": ""PySR"", ""engine_output_directory"": ""C:\\Users\\xiao.cheng\\Desktop\\科研\\derived\\development\\g5_sr_engine"", ""engine_run_id"": ""peak_q_d__outer07__inner03__seed2026082301""}",453c6a9dbc6ba19d096c9ae6dfb6836b82df3f4ef8501b17a41e60f12dc21a8b,c3fe3963d6eaedd1cc3fbb65c73a0bcf57cb260fd2f6fa9c40d3371f40640a55,
peak_q_d__outer07__inner03__seed2026082302,peak_q_d,INITIAL,"[""q"",""d""]",INNER_SEARCH,peak,7,d_q036_s45,3,"[""d_q018_s35"",""d_q018_s45"",""d_q018_s50"",""d_q027_s35"",""d_q027_s45"",""d_q036_s50""]","[""d_q027_s50"",""d_q036_s35""]","[""d_q036_s45""]",2026082302,SUCCESS,,,2026-08-23T11:16:07.203328+00:00,27.067787599749863,6,6,7,"{""engine"": ""PySR"", ""engine_output_directory"": ""C:\\Users\\xiao.cheng\\Desktop\\科研\\derived\\development\\g5_sr_engine"", ""engine_run_id"": ""peak_q_d__outer07__inner03__seed2026082302""}",453c6a9dbc6ba19d096c9ae6dfb6836b82df3f4ef8501b17a41e60f12dc21a8b,c3fe3963d6eaedd1cc3fbb65c73a0bcf57cb260fd2f6fa9c40d3371f40640a55,
peak_q_d__outer07__inner03__seed2026082303,peak_q_d,INITIAL,"[""q"",""d""]",INNER_SEARCH,peak,7,d_q036_s45,3,"[""d_q018_s35"",""d_q018_s45"",""d_q018_s50"",""d_q027_s35"",""d_q027_s45"",""d_q036_s50""]","[""d_q027_s50"",""d_q036_s35""]","[""d_q036_s45""]",2026082303,SUCCESS,,,2026-08-23T11:16:35.167836+00:00,27.30265189986676,6,6,6,"{""engine"": ""PySR"", ""engine_output_directory"": ""C:\\Users\\xiao.cheng\\Desktop\\科研\\derived\\development\\g5_sr_engine"", ""engine_run_id"": ""peak_q_d__outer07__inner03__seed2026082303""}",453c6a9dbc6ba19d096c9ae6dfb6836b82df3f4ef8501b17a41e60f12dc21a8b,c3fe3963d6eaedd1cc3fbb65c73a0bcf57cb260fd2f6fa9c40d3371f40640a55,
peak_q_d__outer07__inner03__seed2026082304,peak_q_d,INITIAL,"[""q"",""d""]",INNER_SEARCH,peak,7,d_q036_s45,3,"[""d_q018_s35"",""d_q018_s45"",""d_q018_s50"",""d_q027_s35"",""d_q027_s45"",""d_q036_s50""]","[""d_q027_s50"",""d_q036_s35""]","[""d_q036_s45""]",2026082304,SUCCESS,,,2026-08-23T11:17:03.266678+00:00,28.33316079992801,6,6,7,"{""engine"": ""PySR"", ""engine_output_directory"": ""C:\\Users\\xiao.cheng\\Desktop\\科研\\derived\\development\\g5_sr_engine"", ""engine_run_id"": ""peak_q_d__outer07__inner03__seed2026082304""}",453c6a9dbc6ba19d096c9ae6dfb6836b82df3f4ef8501b17a41e60f12dc21a8b,c3fe3963d6eaedd1cc3fbb65c73a0bcf57cb260fd2f6fa9c40d3371f40640a55,
peak_q_d__outer07__inner03__seed2026082305,peak_q_d,INITIAL,"[""q"",""d""]",INNER_SEARCH,peak,7,d_q036_s45,3,"[""d_q018_s35"",""d_q018_s45"",""d_q018_s50"",""d_q027_s35"",""d_q027_s45"",""d_q036_s50""]","[""d_q027_s50"",""d_q036_s35""]","[""d_q036_s45""]",2026082305,SUCCESS,,,2026-08-23T11:17:32.145804+00:00,32.57331020012498,6,6,6,"{""engine"": ""PySR"", ""engine_output_directory"": ""C:\\Users\\xiao.cheng\\Desktop\\科研\\derived\\development\\g5_sr_engine"", ""engine_run_id"": ""peak_q_d__outer07__inner03__seed2026082305""}",453c6a9dbc6ba19d096c9ae6dfb6836b82df3f4ef8501b17a41e60f12dc21a8b,c3fe3963d6eaedd1cc3fbb65c73a0bcf57cb260fd2f6fa9c40d3371f40640a55,
peak_q_d__outer07__refit__seed2026082301,peak_q_d,INITIAL,"[""q"",""d""]",OUTER_REFIT_SEARCH,peak,7,d_q036_s45,-1,"[""d_q018_s35"",""d_q018_s45"",""d_q018_s50"",""d_q027_s35"",""d_q027_s45"",""d_q027_s50"",""d_q036_s35"",""d_q036_s50""]",[],"[""d_q036_s45""]",2026082301,SUCCESS,,,2026-08-23T11:18:05.329846+00:00,27.409981000237167,8,8,7,"{""engine"": ""PySR"", ""engine_output_directory"": ""C:\\Users\\xiao.cheng\\Desktop\\科研\\derived\\development\\g5_sr_engine"", ""engine_run_id"": ""peak_q_d__outer07__refit__seed2026082301""}",453c6a9dbc6ba19d096c9ae6dfb6836b82df3f4ef8501b17a41e60f12dc21a8b,c3fe3963d6eaedd1cc3fbb65c73a0bcf57cb260fd2f6fa9c40d3371f40640a55,
peak_q_d__outer07__refit__seed2026082302,peak_q_d,INITIAL,"[""q"",""d""]",OUTER_REFIT_SEARCH,peak,7,d_q036_s45,-1,"[""d_q018_s35"",""d_q018_s45"",""d_q018_s50"",""d_q027_s35"",""d_q027_s45"",""d_q027_s50"",""d_q036_s35"",""d_q036_s50""]",[],"[""d_q036_s45""]",2026082302,SUCCESS,,,2026-08-23T11:18:33.263613+00:00,31.101432099938393,8,8,5,"{""engine"": ""PySR"", ""engine_output_directory"": ""C:\\Users\\xiao.cheng\\Desktop\\科研\\derived\\development\\g5_sr_engine"", ""engine_run_id"": ""peak_q_d__outer07__refit__seed2026082302""}",453c6a9dbc6ba19d096c9ae6dfb6836b82df3f4ef8501b17a41e60f12dc21a8b,c3fe3963d6eaedd1cc3fbb65c73a0bcf57cb260fd2f6fa9c40d3371f40640a55,
peak_q_d__outer07__refit__seed2026082303,peak_q_d,INITIAL,"[""q"",""d""]",OUTER_REFIT_SEARCH,peak,7,d_q036_s45,-1,"[""d_q018_s35"",""d_q018_s45"",""d_q018_s50"",""d_q027_s35"",""d_q027_s45"",""d_q027_s50"",""d_q036_s35"",""d_q036_s50""]",[],"[""d_q036_s45""]",2026082303,SUCCESS,,,2026-08-23T11:19:04.825710+00:00,29.69245920004323,8,8,5,"{""engine"": ""PySR"", ""engine_output_directory"": ""C:\\Users\\xiao.cheng\\Desktop\\科研\\derived\\development\\g5_sr_engine"", ""engine_run_id"": ""peak_q_d__outer07__refit__seed2026082303""}",453c6a9dbc6ba19d096c9ae6dfb6836b82df3f4ef8501b17a41e60f12dc21a8b,c3fe3963d6eaedd1cc3fbb65c73a0bcf57cb260fd2f6fa9c40d3371f40640a55,
peak_q_d__outer07__refit__seed2026082304,peak_q_d,INITIAL,"[""q"",""d""]",OUTER_REFIT_SEARCH,peak,7,d_q036_s45,-1,"[""d_q018_s35"",""d_q018_s45"",""d_q018_s50"",""d_q027_s35"",""d_q027_s45"",""d_q027_s50"",""d_q036_s35"",""d_q036_s50""]",[],"[""d_q036_s45""]",2026082304,SUCCESS,,,2026-08-23T11:19:34.969207+00:00,34.43683459982276,8,8,8,"{""engine"": ""PySR"", ""engine_output_directory"": ""C:\\Users\\xiao.cheng\\Desktop\\科研\\derived\\development\\g5_sr_engine"", ""engine_run_id"": ""peak_q_d__outer07__refit__seed2026082304""}",453c6a9dbc6ba19d096c9ae6dfb6836b82df3f4ef8501b17a41e60f12dc21a8b,c3fe3963d6eaedd1cc3fbb65c73a0bcf57cb260fd2f6fa9c40d3371f40640a55,
peak_q_d__outer07__refit__seed2026082305,peak_q_d,INITIAL,"[""q"",""d""]",OUTER_REFIT_SEARCH,peak,7,d_q036_s45,-1,"[""d_q018_s35"",""d_q018_s45"",""d_q018_s50"",""d_q027_s35"",""d_q027_s45"",""d_q027_s50"",""d_q036_s35"",""d_q036_s50""]",[],"[""d_q036_s45""]",2026082305,SUCCESS,,,2026-08-23T11:20:09.885516+00:00,28.25890660006553,8,8,8,"{""engine"": ""PySR"", ""engine_output_directory"": ""C:\\Users\\xiao.cheng\\Desktop\\科研\\derived\\development\\g5_sr_engine"", ""engine_run_id"": ""peak_q_d__outer07__refit__seed2026082305""}",453c6a9dbc6ba19d096c9ae6dfb6836b82df3f4ef8501b17a41e60f12dc21a8b,c3fe3963d6eaedd1cc3fbb65c73a0bcf57cb260fd2f6fa9c40d3371f40640a55,
peak_q_d__outer08__inner00__seed2026082301,peak_q_d,INITIAL,"[""q"",""d""]",INNER_SEARCH,peak,8,d_q036_s50,0,"[""d_q018_s50"",""d_q027_s35"",""d_q027_s45"",""d_q027_s50"",""d_q036_s35"",""d_q036_s45""]","[""d_q018_s35"",""d_q018_s45""]","[""d_q036_s50""]",2026082301,SUCCESS,,,2026-08-23T11:20:38.662749+00:00,28.389534399844706,6,6,10,"{""engine"": ""PySR"", ""engine_output_directory"": ""C:\\Users\\xiao.cheng\\Desktop\\科研\\derived\\development\\g5_sr_engine"", ""engine_run_id"": ""peak_q_d__outer08__inner00__seed2026082301""}",453c6a9dbc6ba19d096c9ae6dfb6836b82df3f4ef8501b17a41e60f12dc21a8b,c3fe3963d6eaedd1cc3fbb65c73a0bcf57cb260fd2f6fa9c40d3371f40640a55,
peak_q_d__outer08__inner00__seed2026082302,peak_q_d,INITIAL,"[""q"",""d""]",INNER_SEARCH,peak,8,d_q036_s50,0,"[""d_q018_s50"",""d_q027_s35"",""d_q027_s45"",""d_q027_s50"",""d_q036_s35"",""d_q036_s45""]","[""d_q018_s35"",""d_q018_s45""]","[""d_q036_s50""]",2026082302,SUCCESS,,,2026-08-23T11:21:07.920931+00:00,26.43560660025105,6,6,6,"{""engine"": ""PySR"", ""engine_output_directory"": ""C:\\Users\\xiao.cheng\\Desktop\\科研\\derived\\development\\g5_sr_engine"", ""engine_run_id"": ""peak_q_d__outer08__inner00__seed2026082302""}",453c6a9dbc6ba19d096c9ae6dfb6836b82df3f4ef8501b17a41e60f12dc21a8b,c3fe3963d6eaedd1cc3fbb65c73a0bcf57cb260fd2f6fa9c40d3371f40640a55,
peak_q_d__outer08__inner00__seed2026082303,peak_q_d,INITIAL,"[""q"",""d""]",INNER_SEARCH,peak,8,d_q036_s50,0,"[""d_q018_s50"",""d_q027_s35"",""d_q027_s45"",""d_q027_s50"",""d_q036_s35"",""d_q036_s45""]","[""d_q018_s35"",""d_q018_s45""]","[""d_q036_s50""]",2026082303,SUCCESS,,,2026-08-23T11:21:35.038524+00:00,26.87556459987536,6,6,8,"{""engine"": ""PySR"", ""engine_output_directory"": ""C:\\Users\\xiao.cheng\\Desktop\\科研\\derived\\development\\g5_sr_engine"", ""engine_run_id"": ""peak_q_d__outer08__inner00__seed2026082303""}",453c6a9dbc6ba19d096c9ae6dfb6836b82df3f4ef8501b17a41e60f12dc21a8b,c3fe3963d6eaedd1cc3fbb65c73a0bcf57cb260fd2f6fa9c40d3371f40640a55,
peak_q_d__outer08__inner00__seed2026082304,peak_q_d,INITIAL,"[""q"",""d""]",INNER_SEARCH,peak,8,d_q036_s50,0,"[""d_q018_s50"",""d_q027_s35"",""d_q027_s45"",""d_q027_s50"",""d_q036_s35"",""d_q036_s45""]","[""d_q018_s35"",""d_q018_s45""]","[""d_q036_s50""]",2026082304,SUCCESS,,,2026-08-23T11:22:02.413467+00:00,28.625820700079203,6,6,6,"{""engine"": ""PySR"", ""engine_output_directory"": ""C:\\Users\\xiao.cheng\\Desktop\\科研\\derived\\development\\g5_sr_engine"", ""engine_run_id"": ""peak_q_d__outer08__inner00__seed2026082304""}",453c6a9dbc6ba19d096c9ae6dfb6836b82df3f4ef8501b17a41e60f12dc21a8b,c3fe3963d6eaedd1cc3fbb65c73a0bcf57cb260fd2f6fa9c40d3371f40640a55,
peak_q_d__outer08__inner00__seed2026082305,peak_q_d,INITIAL,"[""q"",""d""]",INNER_SEARCH,peak,8,d_q036_s50,0,"[""d_q018_s50"",""d_q027_s35"",""d_q027_s45"",""d_q027_s50"",""d_q036_s35"",""d_q036_s45""]","[""d_q018_s35"",""d_q018_s45""]","[""d_q036_s50""]",2026082305,SUCCESS,,,2026-08-23T11:22:31.573161+00:00,28.081762499641627,6,6,7,"{""engine"": ""PySR"", ""engine_output_directory"": ""C:\\Users\\xiao.cheng\\Desktop\\科研\\derived\\development\\g5_sr_engine"", ""engine_run_id"": ""peak_q_d__outer08__inner00__seed2026082305""}",453c6a9dbc6ba19d096c9ae6dfb6836b82df3f4ef8501b17a41e60f12dc21a8b,c3fe3963d6eaedd1cc3fbb65c73a0bcf57cb260fd2f6fa9c40d3371f40640a55,
peak_q_d__outer08__inner01__seed2026082301,peak_q_d,INITIAL,"[""q"",""d""]",INNER_SEARCH,peak,8,d_q036_s50,1,"[""d_q018_s35"",""d_q018_s45"",""d_q027_s45"",""d_q027_s50"",""d_q036_s35"",""d_q036_s45""]","[""d_q018_s50"",""d_q027_s35""]","[""d_q036_s50""]",2026082301,SUCCESS,,,2026-08-23T11:23:00.243216+00:00,26.92604890000075,6,6,7,"{""engine"": ""PySR"", ""engine_output_directory"": ""C:\\Users\\xiao.cheng\\Desktop\\科研\\derived\\development\\g5_sr_engine"", ""engine_run_id"": ""peak_q_d__outer08__inner01__seed2026082301""}",453c6a9dbc6ba19d096c9ae6dfb6836b82df3f4ef8501b17a41e60f12dc21a8b,c3fe3963d6eaedd1cc3fbb65c73a0bcf57cb260fd2f6fa9c40d3371f40640a55,
peak_q_d__outer08__inner01__seed2026082302,peak_q_d,INITIAL,"[""q"",""d""]",INNER_SEARCH,peak,8,d_q036_s50,1,"[""d_q018_s35"",""d_q018_s45"",""d_q027_s45"",""d_q027_s50"",""d_q036_s35"",""d_q036_s45""]","[""d_q018_s50"",""d_q027_s35""]","[""d_q036_s50""]",2026082302,SUCCESS,,,2026-08-23T11:23:27.961878+00:00,30.562504000030458,6,6,7,"{""engine"": ""PySR"", ""engine_output_directory"": ""C:\\Users\\xiao.cheng\\Desktop\\科研\\derived\\development\\g5_sr_engine"", ""engine_run_id"": ""peak_q_d__outer08__inner01__seed2026082302""}",453c6a9dbc6ba19d096c9ae6dfb6836b82df3f4ef8501b17a41e60f12dc21a8b,c3fe3963d6eaedd1cc3fbb65c73a0bcf57cb260fd2f6fa9c40d3371f40640a55,
peak_q_d__outer08__inner01__seed2026082303,peak_q_d,INITIAL,"[""q"",""d""]",INNER_SEARCH,peak,8,d_q036_s50,1,"[""d_q018_s35"",""d_q018_s45"",""d_q027_s45"",""d_q027_s50"",""d_q036_s35"",""d_q036_s45""]","[""d_q018_s50"",""d_q027_s35""]","[""d_q036_s50""]",2026082303,SUCCESS,,,2026-08-23T11:23:59.379260+00:00,27.47588159982115,6,6,5,"{""engine"": ""PySR"", ""engine_output_directory"": ""C:\\Users\\xiao.cheng\\Desktop\\科研\\derived\\development\\g5_sr_engine"", ""engine_run_id"": ""peak_q_d__outer08__inner01__seed2026082303""}",453c6a9dbc6ba19d096c9ae6dfb6836b82df3f4ef8501b17a41e60f12dc21a8b,c3fe3963d6eaedd1cc3fbb65c73a0bcf57cb260fd2f6fa9c40d3371f40640a55,
peak_q_d__outer08__inner01__seed2026082304,peak_q_d,INITIAL,"[""q"",""d""]",INNER_SEARCH,peak,8,d_q036_s50,1,"[""d_q018_s35"",""d_q018_s45"",""d_q027_s45"",""d_q027_s50"",""d_q036_s35"",""d_q036_s45""]","[""d_q018_s50"",""d_q027_s35""]","[""d_q036_s50""]",2026082304,SUCCESS,,,2026-08-23T11:24:27.518064+00:00,26.36787539999932,6,6,6,"{""engine"": ""PySR"", ""engine_output_directory"": ""C:\\Users\\xiao.cheng\\Desktop\\科研\\derived\\development\\g5_sr_engine"", ""engine_run_id"": ""peak_q_d__outer08__inner01__seed2026082304""}",453c6a9dbc6ba19d096c9ae6dfb6836b82df3f4ef8501b17a41e60f12dc21a8b,c3fe3963d6eaedd1cc3fbb65c73a0bcf57cb260fd2f6fa9c40d3371f40640a55,
peak_q_d__outer08__inner01__seed2026082305,peak_q_d,INITIAL,"[""q"",""d""]",INNER_SEARCH,peak,8,d_q036_s50,1,"[""d_q018_s35"",""d_q018_s45"",""d_q027_s45"",""d_q027_s50"",""d_q036_s35"",""d_q036_s45""]","[""d_q018_s50"",""d_q027_s35""]","[""d_q036_s50""]",2026082305,SUCCESS,,,2026-08-23T11:24:54.487561+00:00,29.332019600085914,6,6,6,"{""engine"": ""PySR"", ""engine_output_directory"": ""C:\\Users\\xiao.cheng\\Desktop\\科研\\derived\\development\\g5_sr_engine"", ""engine_run_id"": ""peak_q_d__outer08__inner01__seed2026082305""}",453c6a9dbc6ba19d096c9ae6dfb6836b82df3f4ef8501b17a41e60f12dc21a8b,c3fe3963d6eaedd1cc3fbb65c73a0bcf57cb260fd2f6fa9c40d3371f40640a55,
peak_q_d__outer08__inner02__seed2026082301,peak_q_d,INITIAL,"[""q"",""d""]",INNER_SEARCH,peak,8,d_q036_s50,2,"[""d_q018_s35"",""d_q018_s45"",""d_q018_s50"",""d_q027_s35"",""d_q036_s35"",""d_q036_s45""]","[""d_q027_s45"",""d_q027_s50""]","[""d_q036_s50""]",2026082301,SUCCESS,,,2026-08-23T11:25:24.655569+00:00,25.080742199905217,6,6,7,"{""engine"": ""PySR"", ""engine_output_directory"": ""C:\\Users\\xiao.cheng\\Desktop\\科研\\derived\\development\\g5_sr_engine"", ""engine_run_id"": ""peak_q_d__outer08__inner02__seed2026082301""}",453c6a9dbc6ba19d096c9ae6dfb6836b82df3f4ef8501b17a41e60f12dc21a8b,c3fe3963d6eaedd1cc3fbb65c73a0bcf57cb260fd2f6fa9c40d3371f40640a55,
peak_q_d__outer08__inner02__seed2026082302,peak_q_d,INITIAL,"[""q"",""d""]",INNER_SEARCH,peak,8,d_q036_s50,2,"[""d_q018_s35"",""d_q018_s45"",""d_q018_s50"",""d_q027_s35"",""d_q036_s35"",""d_q036_s45""]","[""d_q027_s45"",""d_q027_s50""]","[""d_q036_s50""]",2026082302,SUCCESS,,,2026-08-23T11:25:50.251092+00:00,23.126173799857497,6,6,7,"{""engine"": ""PySR"", ""engine_output_directory"": ""C:\\Users\\xiao.cheng\\Desktop\\科研\\derived\\development\\g5_sr_engine"", ""engine_run_id"": ""peak_q_d__outer08__inner02__seed2026082302""}",453c6a9dbc6ba19d096c9ae6dfb6836b82df3f4ef8501b17a41e60f12dc21a8b,c3fe3963d6eaedd1cc3fbb65c73a0bcf57cb260fd2f6fa9c40d3371f40640a55,
peak_q_d__outer08__inner02__seed2026082303,peak_q_d,INITIAL,"[""q"",""d""]",INNER_SEARCH,peak,8,d_q036_s50,2,"[""d_q018_s35"",""d_q018_s45"",""d_q018_s50"",""d_q027_s35"",""d_q036_s35"",""d_q036_s45""]","[""d_q027_s45"",""d_q027_s50""]","[""d_q036_s50""]",2026082303,SUCCESS,,,2026-08-23T11:29:11.592635+00:00,196.68546599987894,6,6,5,"{""engine"": ""PySR"", ""engine_output_directory"": ""C:\\Users\\xiao.cheng\\Desktop\\科研\\derived\\development\\g5_sr_engine"", ""engine_run_id"": ""peak_q_d__outer08__inner02__seed2026082303""}",453c6a9dbc6ba19d096c9ae6dfb6836b82df3f4ef8501b17a41e60f12dc21a8b,c3fe3963d6eaedd1cc3fbb65c73a0bcf57cb260fd2f6fa9c40d3371f40640a55,
peak_q_d__outer08__inner02__seed2026082304,peak_q_d,INITIAL,"[""q"",""d""]",INNER_SEARCH,peak,8,d_q036_s50,2,"[""d_q018_s35"",""d_q018_s45"",""d_q018_s50"",""d_q027_s35"",""d_q036_s35"",""d_q036_s45""]","[""d_q027_s45"",""d_q027_s50""]","[""d_q036_s50""]",2026082304,SUCCESS,,,2026-08-23T11:32:28.685517+00:00,22.92022950015962,6,6,5,"{""engine"": ""PySR"", ""engine_output_directory"": ""C:\\Users\\xiao.cheng\\Desktop\\科研\\derived\\development\\g5_sr_engine"", ""engine_run_id"": ""peak_q_d__outer08__inner02__seed2026082304""}",453c6a9dbc6ba19d096c9ae6dfb6836b82df3f4ef8501b17a41e60f12dc21a8b,c3fe3963d6eaedd1cc3fbb65c73a0bcf57cb260fd2f6fa9c40d3371f40640a55,
peak_q_d__outer08__inner02__seed2026082305,peak_q_d,INITIAL,"[""q"",""d""]",INNER_SEARCH,peak,8,d_q036_s50,2,"[""d_q018_s35"",""d_q018_s45"",""d_q018_s50"",""d_q027_s35"",""d_q036_s35"",""d_q036_s45""]","[""d_q027_s45"",""d_q027_s50""]","[""d_q036_s50""]",2026082305,SUCCESS,,,2026-08-23T11:32:52.104134+00:00,30.377803899813443,6,6,8,"{""engine"": ""PySR"", ""engine_output_directory"": ""C:\\Users\\xiao.cheng\\Desktop\\科研\\derived\\development\\g5_sr_engine"", ""engine_run_id"": ""peak_q_d__outer08__inner02__seed2026082305""}",453c6a9dbc6ba19d096c9ae6dfb6836b82df3f4ef8501b17a41e60f12dc21a8b,c3fe3963d6eaedd1cc3fbb65c73a0bcf57cb260fd2f6fa9c40d3371f40640a55,
peak_q_d__outer08__inner03__seed2026082301,peak_q_d,INITIAL,"[""q"",""d""]",INNER_SEARCH,peak,8,d_q036_s50,3,"[""d_q018_s35"",""d_q018_s45"",""d_q018_s50"",""d_q027_s35"",""d_q027_s45"",""d_q027_s50""]","[""d_q036_s35"",""d_q036_s45""]","[""d_q036_s50""]",2026082301,SUCCESS,,,2026-08-23T11:33:22.959382+00:00,21.34845499973744,6,6,10,"{""engine"": ""PySR"", ""engine_output_directory"": ""C:\\Users\\xiao.cheng\\Desktop\\科研\\derived\\development\\g5_sr_engine"", ""engine_run_id"": ""peak_q_d__outer08__inner03__seed2026082301""}",453c6a9dbc6ba19d096c9ae6dfb6836b82df3f4ef8501b17a41e60f12dc21a8b,c3fe3963d6eaedd1cc3fbb65c73a0bcf57cb260fd2f6fa9c40d3371f40640a55,
peak_q_d__outer08__inner03__seed2026082302,peak_q_d,INITIAL,"[""q"",""d""]",INNER_SEARCH,peak,8,d_q036_s50,3,"[""d_q018_s35"",""d_q018_s45"",""d_q018_s50"",""d_q027_s35"",""d_q027_s45"",""d_q027_s50""]","[""d_q036_s35"",""d_q036_s45""]","[""d_q036_s50""]",2026082302,SUCCESS,,,2026-08-23T11:33:44.711775+00:00,28.51405519992113,6,6,7,"{""engine"": ""PySR"", ""engine_output_directory"": ""C:\\Users\\xiao.cheng\\Desktop\\科研\\derived\\development\\g5_sr_engine"", ""engine_run_id"": ""peak_q_d__outer08__inner03__seed2026082302""}",453c6a9dbc6ba19d096c9ae6dfb6836b82df3f4ef8501b17a41e60f12dc21a8b,c3fe3963d6eaedd1cc3fbb65c73a0bcf57cb260fd2f6fa9c40d3371f40640a55,
peak_q_d__outer08__inner03__seed2026082303,peak_q_d,INITIAL,"[""q"",""d""]",INNER_SEARCH,peak,8,d_q036_s50,3,"[""d_q018_s35"",""d_q018_s45"",""d_q018_s50"",""d_q027_s35"",""d_q027_s45"",""d_q027_s50""]","[""d_q036_s35"",""d_q036_s45""]","[""d_q036_s50""]",2026082303,SUCCESS,,,2026-08-23T11:34:14.107049+00:00,24.25542649999261,6,6,9,"{""engine"": ""PySR"", ""engine_output_directory"": ""C:\\Users\\xiao.cheng\\Desktop\\科研\\derived\\development\\g5_sr_engine"", ""engine_run_id"": ""peak_q_d__outer08__inner03__seed2026082303""}",453c6a9dbc6ba19d096c9ae6dfb6836b82df3f4ef8501b17a41e60f12dc21a8b,c3fe3963d6eaedd1cc3fbb65c73a0bcf57cb260fd2f6fa9c40d3371f40640a55,
peak_q_d__outer08__inner03__seed2026082304,peak_q_d,INITIAL,"[""q"",""d""]",INNER_SEARCH,peak,8,d_q036_s50,3,"[""d_q018_s35"",""d_q018_s45"",""d_q018_s50"",""d_q027_s35"",""d_q027_s45"",""d_q027_s50""]","[""d_q036_s35"",""d_q036_s45""]","[""d_q036_s50""]",2026082304,SUCCESS,,,2026-08-23T11:34:38.807027+00:00,21.31477789999917,6,6,9,"{""engine"": ""PySR"", ""engine_output_directory"": ""C:\\Users\\xiao.cheng\\Desktop\\科研\\derived\\development\\g5_sr_engine"", ""engine_run_id"": ""peak_q_d__outer08__inner03__seed2026082304""}",453c6a9dbc6ba19d096c9ae6dfb6836b82df3f4ef8501b17a41e60f12dc21a8b,c3fe3963d6eaedd1cc3fbb65c73a0bcf57cb260fd2f6fa9c40d3371f40640a55,
peak_q_d__outer08__inner03__seed2026082305,peak_q_d,INITIAL,"[""q"",""d""]",INNER_SEARCH,peak,8,d_q036_s50,3,"[""d_q018_s35"",""d_q018_s45"",""d_q018_s50"",""d_q027_s35"",""d_q027_s45"",""d_q027_s50""]","[""d_q036_s35"",""d_q036_s45""]","[""d_q036_s50""]",2026082305,SUCCESS,,,2026-08-23T11:35:00.509605+00:00,26.74243939993903,6,6,9,"{""engine"": ""PySR"", ""engine_output_directory"": ""C:\\Users\\xiao.cheng\\Desktop\\科研\\derived\\development\\g5_sr_engine"", ""engine_run_id"": ""peak_q_d__outer08__inner03__seed2026082305""}",453c6a9dbc6ba19d096c9ae6dfb6836b82df3f4ef8501b17a41e60f12dc21a8b,c3fe3963d6eaedd1cc3fbb65c73a0bcf57cb260fd2f6fa9c40d3371f40640a55,
peak_q_d__outer08__refit__seed2026082301,peak_q_d,INITIAL,"[""q"",""d""]",OUTER_REFIT_SEARCH,peak,8,d_q036_s50,-1,"[""d_q018_s35"",""d_q018_s45"",""d_q018_s50"",""d_q027_s35"",""d_q027_s45"",""d_q027_s50"",""d_q036_s35"",""d_q036_s45""]",[],"[""d_q036_s50""]",2026082301,SUCCESS,,,2026-08-23T11:35:27.710849+00:00,33.38897780003026,8,8,6,"{""engine"": ""PySR"", ""engine_output_directory"": ""C:\\Users\\xiao.cheng\\Desktop\\科研\\derived\\development\\g5_sr_engine"", ""engine_run_id"": ""peak_q_d__outer08__refit__seed2026082301""}",453c6a9dbc6ba19d096c9ae6dfb6836b82df3f4ef8501b17a41e60f12dc21a8b,c3fe3963d6eaedd1cc3fbb65c73a0bcf57cb260fd2f6fa9c40d3371f40640a55,
peak_q_d__outer08__refit__seed2026082302,peak_q_d,INITIAL,"[""q"",""d""]",OUTER_REFIT_SEARCH,peak,8,d_q036_s50,-1,"[""d_q018_s35"",""d_q018_s45"",""d_q018_s50"",""d_q027_s35"",""d_q027_s45"",""d_q027_s50"",""d_q036_s35"",""d_q036_s45""]",[],"[""d_q036_s50""]",2026082302,SUCCESS,,,2026-08-23T11:36:01.744221+00:00,29.471359900198877,8,8,6,"{""engine"": ""PySR"", ""engine_output_directory"": ""C:\\Users\\xiao.cheng\\Desktop\\科研\\derived\\development\\g5_sr_engine"", ""engine_run_id"": ""peak_q_d__outer08__refit__seed2026082302""}",453c6a9dbc6ba19d096c9ae6dfb6836b82df3f4ef8501b17a41e60f12dc21a8b,c3fe3963d6eaedd1cc3fbb65c73a0bcf57cb260fd2f6fa9c40d3371f40640a55,
peak_q_d__outer08__refit__seed2026082303,peak_q_d,INITIAL,"[""q"",""d""]",OUTER_REFIT_SEARCH,peak,8,d_q036_s50,-1,"[""d_q018_s35"",""d_q018_s45"",""d_q018_s50"",""d_q027_s35"",""d_q027_s45"",""d_q027_s50"",""d_q036_s35"",""d_q036_s45""]",[],"[""d_q036_s50""]",2026082303,SUCCESS,,,2026-08-23T11:36:32.068015+00:00,19.902524400036782,8,8,9,"{""engine"": ""PySR"", ""engine_output_directory"": ""C:\\Users\\xiao.cheng\\Desktop\\科研\\derived\\development\\g5_sr_engine"", ""engine_run_id"": ""peak_q_d__outer08__refit__seed2026082303""}",453c6a9dbc6ba19d096c9ae6dfb6836b82df3f4ef8501b17a41e60f12dc21a8b,c3fe3963d6eaedd1cc3fbb65c73a0bcf57cb260fd2f6fa9c40d3371f40640a55,
peak_q_d__outer08__refit__seed2026082304,peak_q_d,INITIAL,"[""q"",""d""]",OUTER_REFIT_SEARCH,peak,8,d_q036_s50,-1,"[""d_q018_s35"",""d_q018_s45"",""d_q018_s50"",""d_q027_s35"",""d_q027_s45"",""d_q027_s50"",""d_q036_s35"",""d_q036_s45""]",[],"[""d_q036_s50""]",2026082304,SUCCESS,,,2026-08-23T11:36:52.634874+00:00,24.00437489990145,8,8,8,"{""engine"": ""PySR"", ""engine_output_directory"": ""C:\\Users\\xiao.cheng\\Desktop\\科研\\derived\\development\\g5_sr_engine"", ""engine_run_id"": ""peak_q_d__outer08__refit__seed2026082304""}",453c6a9dbc6ba19d096c9ae6dfb6836b82df3f4ef8501b17a41e60f12dc21a8b,c3fe3963d6eaedd1cc3fbb65c73a0bcf57cb260fd2f6fa9c40d3371f40640a55,
peak_q_d__outer08__refit__seed2026082305,peak_q_d,INITIAL,"[""q"",""d""]",OUTER_REFIT_SEARCH,peak,8,d_q036_s50,-1,"[""d_q018_s35"",""d_q018_s45"",""d_q018_s50"",""d_q027_s35"",""d_q027_s45"",""d_q027_s50"",""d_q036_s35"",""d_q036_s45""]",[],"[""d_q036_s50""]",2026082305,SUCCESS,,,2026-08-23T11:37:17.404999+00:00,28.603587499819696,8,8,5,"{""engine"": ""PySR"", ""engine_output_directory"": ""C:\\Users\\xiao.cheng\\Desktop\\科研\\derived\\development\\g5_sr_engine"", ""engine_run_id"": ""peak_q_d__outer08__refit__seed2026082305""}",453c6a9dbc6ba19d096c9ae6dfb6836b82df3f4ef8501b17a41e60f12dc21a8b,c3fe3963d6eaedd1cc3fbb65c73a0bcf57cb260fd2f6fa9c40d3371f40640a55,
peak_q_d__final__seed2026082401,peak_q_d,INITIAL,"[""q"",""d""]",FINAL_SEARCH,peak,-1,,-1,"[""d_q018_s35"",""d_q018_s45"",""d_q018_s50"",""d_q027_s35"",""d_q027_s45"",""d_q027_s50"",""d_q036_s35"",""d_q036_s45"",""d_q036_s50""]",[],[],2026082401,SUCCESS,,,2026-08-23T11:37:46.632842+00:00,24.63066909974441,9,9,6,"{""engine"": ""PySR"", ""engine_output_directory"": ""C:\\Users\\xiao.cheng\\Desktop\\科研\\derived\\development\\g5_sr_engine"", ""engine_run_id"": ""peak_q_d__final__seed2026082401""}",453c6a9dbc6ba19d096c9ae6dfb6836b82df3f4ef8501b17a41e60f12dc21a8b,c3fe3963d6eaedd1cc3fbb65c73a0bcf57cb260fd2f6fa9c40d3371f40640a55,
peak_q_d__final__seed2026082402,peak_q_d,INITIAL,"[""q"",""d""]",FINAL_SEARCH,peak,-1,,-1,"[""d_q018_s35"",""d_q018_s45"",""d_q018_s50"",""d_q027_s35"",""d_q027_s45"",""d_q027_s50"",""d_q036_s35"",""d_q036_s45"",""d_q036_s50""]",[],[],2026082402,SUCCESS,,,2026-08-23T11:38:11.742135+00:00,27.458997099660337,9,9,5,"{""engine"": ""PySR"", ""engine_output_directory"": ""C:\\Users\\xiao.cheng\\Desktop\\科研\\derived\\development\\g5_sr_engine"", ""engine_run_id"": ""peak_q_d__final__seed2026082402""}",453c6a9dbc6ba19d096c9ae6dfb6836b82df3f4ef8501b17a41e60f12dc21a8b,c3fe3963d6eaedd1cc3fbb65c73a0bcf57cb260fd2f6fa9c40d3371f40640a55,
peak_q_d__final__seed2026082403,peak_q_d,INITIAL,"[""q"",""d""]",FINAL_SEARCH,peak,-1,,-1,"[""d_q018_s35"",""d_q018_s45"",""d_q018_s50"",""d_q027_s35"",""d_q027_s45"",""d_q027_s50"",""d_q036_s35"",""d_q036_s45"",""d_q036_s50""]",[],[],2026082403,SUCCESS,,,2026-08-23T11:38:39.614848+00:00,25.384939699899405,9,9,4,"{""engine"": ""PySR"", ""engine_output_directory"": ""C:\\Users\\xiao.cheng\\Desktop\\科研\\derived\\development\\g5_sr_engine"", ""engine_run_id"": ""peak_q_d__final__seed2026082403""}",453c6a9dbc6ba19d096c9ae6dfb6836b82df3f4ef8501b17a41e60f12dc21a8b,c3fe3963d6eaedd1cc3fbb65c73a0bcf57cb260fd2f6fa9c40d3371f40640a55,
peak_q_d__final__seed2026082404,peak_q_d,INITIAL,"[""q"",""d""]",FINAL_SEARCH,peak,-1,,-1,"[""d_q018_s35"",""d_q018_s45"",""d_q018_s50"",""d_q027_s35"",""d_q027_s45"",""d_q027_s50"",""d_q036_s35"",""d_q036_s45"",""d_q036_s50""]",[],[],2026082404,SUCCESS,,,2026-08-23T11:39:05.417832+00:00,23.34284809976816,9,9,6,"{""engine"": ""PySR"", ""engine_output_directory"": ""C:\\Users\\xiao.cheng\\Desktop\\科研\\derived\\development\\g5_sr_engine"", ""engine_run_id"": ""peak_q_d__final__seed2026082404""}",453c6a9dbc6ba19d096c9ae6dfb6836b82df3f4ef8501b17a41e60f12dc21a8b,c3fe3963d6eaedd1cc3fbb65c73a0bcf57cb260fd2f6fa9c40d3371f40640a55,
peak_q_d__final__seed2026082405,peak_q_d,INITIAL,"[""q"",""d""]",FINAL_SEARCH,peak,-1,,-1,"[""d_q018_s35"",""d_q018_s45"",""d_q018_s50"",""d_q027_s35"",""d_q027_s45"",""d_q027_s50"",""d_q036_s35"",""d_q036_s45"",""d_q036_s50""]",[],[],2026082405,SUCCESS,,,2026-08-23T11:39:29.309035+00:00,25.2012949003838,9,9,6,"{""engine"": ""PySR"", ""engine_output_directory"": ""C:\\Users\\xiao.cheng\\Desktop\\科研\\derived\\development\\g5_sr_engine"", ""engine_run_id"": ""peak_q_d__final__seed2026082405""}",453c6a9dbc6ba19d096c9ae6dfb6836b82df3f4ef8501b17a41e60f12dc21a8b,c3fe3963d6eaedd1cc3fbb65c73a0bcf57cb260fd2f6fa9c40d3371f40640a55,
peak_q_d__final__seed2026082406,peak_q_d,INITIAL,"[""q"",""d""]",FINAL_SEARCH,peak,-1,,-1,"[""d_q018_s35"",""d_q018_s45"",""d_q018_s50"",""d_q027_s35"",""d_q027_s45"",""d_q027_s50"",""d_q036_s35"",""d_q036_s45"",""d_q036_s50""]",[],[],2026082406,SUCCESS,,,2026-08-23T11:39:55.044256+00:00,27.2766018002294,9,9,6,"{""engine"": ""PySR"", ""engine_output_directory"": ""C:\\Users\\xiao.cheng\\Desktop\\科研\\derived\\development\\g5_sr_engine"", ""engine_run_id"": ""peak_q_d__final__seed2026082406""}",453c6a9dbc6ba19d096c9ae6dfb6836b82df3f4ef8501b17a41e60f12dc21a8b,c3fe3963d6eaedd1cc3fbb65c73a0bcf57cb260fd2f6fa9c40d3371f40640a55,
peak_q_d__final__seed2026082407,peak_q_d,INITIAL,"[""q"",""d""]",FINAL_SEARCH,peak,-1,,-1,"[""d_q018_s35"",""d_q018_s45"",""d_q018_s50"",""d_q027_s35"",""d_q027_s45"",""d_q027_s50"",""d_q036_s35"",""d_q036_s45"",""d_q036_s50""]",[],[],2026082407,SUCCESS,,,2026-08-23T11:40:22.929141+00:00,30.437759899999946,9,9,8,"{""engine"": ""PySR"", ""engine_output_directory"": ""C:\\Users\\xiao.cheng\\Desktop\\科研\\derived\\development\\g5_sr_engine"", ""engine_run_id"": ""peak_q_d__final__seed2026082407""}",453c6a9dbc6ba19d096c9ae6dfb6836b82df3f4ef8501b17a41e60f12dc21a8b,c3fe3963d6eaedd1cc3fbb65c73a0bcf57cb260fd2f6fa9c40d3371f40640a55,
peak_q_d__final__seed2026082408,peak_q_d,INITIAL,"[""q"",""d""]",FINAL_SEARCH,peak,-1,,-1,"[""d_q018_s35"",""d_q018_s45"",""d_q018_s50"",""d_q027_s35"",""d_q027_s45"",""d_q027_s50"",""d_q036_s35"",""d_q036_s45"",""d_q036_s50""]",[],[],2026082408,SUCCESS,,,2026-08-23T11:40:53.838000+00:00,22.06234489986673,9,9,7,"{""engine"": ""PySR"", ""engine_output_directory"": ""C:\\Users\\xiao.cheng\\Desktop\\科研\\derived\\development\\g5_sr_engine"", ""engine_run_id"": ""peak_q_d__final__seed2026082408""}",453c6a9dbc6ba19d096c9ae6dfb6836b82df3f4ef8501b17a41e60f12dc21a8b,c3fe3963d6eaedd1cc3fbb65c73a0bcf57cb260fd2f6fa9c40d3371f40640a55,
peak_q_d__final__seed2026082409,peak_q_d,INITIAL,"[""q"",""d""]",FINAL_SEARCH,peak,-1,,-1,"[""d_q018_s35"",""d_q018_s45"",""d_q018_s50"",""d_q027_s35"",""d_q027_s45"",""d_q027_s50"",""d_q036_s35"",""d_q036_s45"",""d_q036_s50""]",[],[],2026082409,SUCCESS,,,2026-08-23T11:41:16.353943+00:00,31.71154999965802,9,9,5,"{""engine"": ""PySR"", ""engine_output_directory"": ""C:\\Users\\xiao.cheng\\Desktop\\科研\\derived\\development\\g5_sr_engine"", ""engine_run_id"": ""peak_q_d__final__seed2026082409""}",453c6a9dbc6ba19d096c9ae6dfb6836b82df3f4ef8501b17a41e60f12dc21a8b,c3fe3963d6eaedd1cc3fbb65c73a0bcf57cb260fd2f6fa9c40d3371f40640a55,
peak_q_d__final__seed2026082410,peak_q_d,INITIAL,"[""q"",""d""]",FINAL_SEARCH,peak,-1,,-1,"[""d_q018_s35"",""d_q018_s45"",""d_q018_s50"",""d_q027_s35"",""d_q027_s45"",""d_q027_s50"",""d_q036_s35"",""d_q036_s45"",""d_q036_s50""]",[],[],2026082410,SUCCESS,,,2026-08-23T11:41:48.676359+00:00,23.291118300054222,9,9,8,"{""engine"": ""PySR"", ""engine_output_directory"": ""C:\\Users\\xiao.cheng\\Desktop\\科研\\derived\\development\\g5_sr_engine"", ""engine_run_id"": ""peak_q_d__final__seed2026082410""}",453c6a9dbc6ba19d096c9ae6dfb6836b82df3f4ef8501b17a41e60f12dc21a8b,c3fe3963d6eaedd1cc3fbb65c73a0bcf57cb260fd2f6fa9c40d3371f40640a55,
peak_q_d__final__seed2026082411,peak_q_d,INITIAL,"[""q"",""d""]",FINAL_SEARCH,peak,-1,,-1,"[""d_q018_s35"",""d_q018_s45"",""d_q018_s50"",""d_q027_s35"",""d_q027_s45"",""d_q027_s50"",""d_q036_s35"",""d_q036_s45"",""d_q036_s50""]",[],[],2026082411,SUCCESS,,,2026-08-23T11:42:12.319538+00:00,23.75035610003397,9,9,4,"{""engine"": ""PySR"", ""engine_output_directory"": ""C:\\Users\\xiao.cheng\\Desktop\\科研\\derived\\development\\g5_sr_engine"", ""engine_run_id"": ""peak_q_d__final__seed2026082411""}",453c6a9dbc6ba19d096c9ae6dfb6836b82df3f4ef8501b17a41e60f12dc21a8b,c3fe3963d6eaedd1cc3fbb65c73a0bcf57cb260fd2f6fa9c40d3371f40640a55,
peak_q_d__final__seed2026082412,peak_q_d,INITIAL,"[""q"",""d""]",FINAL_SEARCH,peak,-1,,-1,"[""d_q018_s35"",""d_q018_s45"",""d_q018_s50"",""d_q027_s35"",""d_q027_s45"",""d_q027_s50"",""d_q036_s35"",""d_q036_s45"",""d_q036_s50""]",[],[],2026082412,SUCCESS,,,2026-08-23T11:42:37.092666+00:00,36.14999660011381,9,9,6,"{""engine"": ""PySR"", ""engine_output_directory"": ""C:\\Users\\xiao.cheng\\Desktop\\科研\\derived\\development\\g5_sr_engine"", ""engine_run_id"": ""peak_q_d__final__seed2026082412""}",453c6a9dbc6ba19d096c9ae6dfb6836b82df3f4ef8501b17a41e60f12dc21a8b,c3fe3963d6eaedd1cc3fbb65c73a0bcf57cb260fd2f6fa9c40d3371f40640a55,
peak_q_d__final__seed2026082413,peak_q_d,INITIAL,"[""q"",""d""]",FINAL_SEARCH,peak,-1,,-1,"[""d_q018_s35"",""d_q018_s45"",""d_q018_s50"",""d_q027_s35"",""d_q027_s45"",""d_q027_s50"",""d_q036_s35"",""d_q036_s45"",""d_q036_s50""]",[],[],2026082413,SUCCESS,,,2026-08-23T11:43:13.872668+00:00,24.73857369972393,9,9,7,"{""engine"": ""PySR"", ""engine_output_directory"": ""C:\\Users\\xiao.cheng\\Desktop\\科研\\derived\\development\\g5_sr_engine"", ""engine_run_id"": ""peak_q_d__final__seed2026082413""}",453c6a9dbc6ba19d096c9ae6dfb6836b82df3f4ef8501b17a41e60f12dc21a8b,c3fe3963d6eaedd1cc3fbb65c73a0bcf57cb260fd2f6fa9c40d3371f40640a55,
peak_q_d__final__seed2026082414,peak_q_d,INITIAL,"[""q"",""d""]",FINAL_SEARCH,peak,-1,,-1,"[""d_q018_s35"",""d_q018_s45"",""d_q018_s50"",""d_q027_s35"",""d_q027_s45"",""d_q027_s50"",""d_q036_s35"",""d_q036_s45"",""d_q036_s50""]",[],[],2026082414,SUCCESS,,,2026-08-23T11:43:39.234774+00:00,31.13703089999035,9,9,6,"{""engine"": ""PySR"", ""engine_output_directory"": ""C:\\Users\\xiao.cheng\\Desktop\\科研\\derived\\development\\g5_sr_engine"", ""engine_run_id"": ""peak_q_d__final__seed2026082414""}",453c6a9dbc6ba19d096c9ae6dfb6836b82df3f4ef8501b17a41e60f12dc21a8b,c3fe3963d6eaedd1cc3fbb65c73a0bcf57cb260fd2f6fa9c40d3371f40640a55,
peak_q_d__final__seed2026082415,peak_q_d,INITIAL,"[""q"",""d""]",FINAL_SEARCH,peak,-1,,-1,"[""d_q018_s35"",""d_q018_s45"",""d_q018_s50"",""d_q027_s35"",""d_q027_s45"",""d_q027_s50"",""d_q036_s35"",""d_q036_s45"",""d_q036_s50""]",[],[],2026082415,SUCCESS,,,2026-08-23T11:44:11.127226+00:00,27.506287700030953,9,9,6,"{""engine"": ""PySR"", ""engine_output_directory"": ""C:\\Users\\xiao.cheng\\Desktop\\科研\\derived\\development\\g5_sr_engine"", ""engine_run_id"": ""peak_q_d__final__seed2026082415""}",453c6a9dbc6ba19d096c9ae6dfb6836b82df3f4ef8501b17a41e60f12dc21a8b,c3fe3963d6eaedd1cc3fbb65c73a0bcf57cb260fd2f6fa9c40d3371f40640a55,
peak_q_d__final__seed2026082416,peak_q_d,INITIAL,"[""q"",""d""]",FINAL_SEARCH,peak,-1,,-1,"[""d_q018_s35"",""d_q018_s45"",""d_q018_s50"",""d_q027_s35"",""d_q027_s45"",""d_q027_s50"",""d_q036_s35"",""d_q036_s45"",""d_q036_s50""]",[],[],2026082416,SUCCESS,,,2026-08-23T11:44:39.186827+00:00,28.981751600280404,9,9,7,"{""engine"": ""PySR"", ""engine_output_directory"": ""C:\\Users\\xiao.cheng\\Desktop\\科研\\derived\\development\\g5_sr_engine"", ""engine_run_id"": ""peak_q_d__final__seed2026082416""}",453c6a9dbc6ba19d096c9ae6dfb6836b82df3f4ef8501b17a41e60f12dc21a8b,c3fe3963d6eaedd1cc3fbb65c73a0bcf57cb260fd2f6fa9c40d3371f40640a55,
peak_q_d__final__seed2026082417,peak_q_d,INITIAL,"[""q"",""d""]",FINAL_SEARCH,peak,-1,,-1,"[""d_q018_s35"",""d_q018_s45"",""d_q018_s50"",""d_q027_s35"",""d_q027_s45"",""d_q027_s50"",""d_q036_s35"",""d_q036_s45"",""d_q036_s50""]",[],[],2026082417,SUCCESS,,,2026-08-23T11:45:08.693663+00:00,26.86334040015936,9,9,7,"{""engine"": ""PySR"", ""engine_output_directory"": ""C:\\Users\\xiao.cheng\\Desktop\\科研\\derived\\development\\g5_sr_engine"", ""engine_run_id"": ""peak_q_d__final__seed2026082417""}",453c6a9dbc6ba19d096c9ae6dfb6836b82df3f4ef8501b17a41e60f12dc21a8b,c3fe3963d6eaedd1cc3fbb65c73a0bcf57cb260fd2f6fa9c40d3371f40640a55,
peak_q_d__final__seed2026082418,peak_q_d,INITIAL,"[""q"",""d""]",FINAL_SEARCH,peak,-1,,-1,"[""d_q018_s35"",""d_q018_s45"",""d_q018_s50"",""d_q027_s35"",""d_q027_s45"",""d_q027_s50"",""d_q036_s35"",""d_q036_s45"",""d_q036_s50""]",[],[],2026082418,SUCCESS,,,2026-08-23T11:45:36.042114+00:00,30.475080800242722,9,9,7,"{""engine"": ""PySR"", ""engine_output_directory"": ""C:\\Users\\xiao.cheng\\Desktop\\科研\\derived\\development\\g5_sr_engine"", ""engine_run_id"": ""peak_q_d__final__seed2026082418""}",453c6a9dbc6ba19d096c9ae6dfb6836b82df3f4ef8501b17a41e60f12dc21a8b,c3fe3963d6eaedd1cc3fbb65c73a0bcf57cb260fd2f6fa9c40d3371f40640a55,
peak_q_d__final__seed2026082419,peak_q_d,INITIAL,"[""q"",""d""]",FINAL_SEARCH,peak,-1,,-1,"[""d_q018_s35"",""d_q018_s45"",""d_q018_s50"",""d_q027_s35"",""d_q027_s45"",""d_q027_s50"",""d_q036_s35"",""d_q036_s45"",""d_q036_s50""]",[],[],2026082419,SUCCESS,,,2026-08-23T11:46:07.149514+00:00,28.045989099889994,9,9,4,"{""engine"": ""PySR"", ""engine_output_directory"": ""C:\\Users\\xiao.cheng\\Desktop\\科研\\derived\\development\\g5_sr_engine"", ""engine_run_id"": ""peak_q_d__final__seed2026082419""}",453c6a9dbc6ba19d096c9ae6dfb6836b82df3f4ef8501b17a41e60f12dc21a8b,c3fe3963d6eaedd1cc3fbb65c73a0bcf57cb260fd2f6fa9c40d3371f40640a55,
peak_q_d__final__seed2026082420,peak_q_d,INITIAL,"[""q"",""d""]",FINAL_SEARCH,peak,-1,,-1,"[""d_q018_s35"",""d_q018_s45"",""d_q018_s50"",""d_q027_s35"",""d_q027_s45"",""d_q027_s50"",""d_q036_s35"",""d_q036_s45"",""d_q036_s50""]",[],[],2026082420,SUCCESS,,,2026-08-23T11:46:35.779349+00:00,31.90763880033046,9,9,7,"{""engine"": ""PySR"", ""engine_output_directory"": ""C:\\Users\\xiao.cheng\\Desktop\\科研\\derived\\development\\g5_sr_engine"", ""engine_run_id"": ""peak_q_d__final__seed2026082420""}",453c6a9dbc6ba19d096c9ae6dfb6836b82df3f4ef8501b17a41e60f12dc21a8b,c3fe3963d6eaedd1cc3fbb65c73a0bcf57cb260fd2f6fa9c40d3371f40640a55,
shape_xi_only__outer00__inner00__seed2026082301,shape_xi_only,INITIAL,"[""xi""]",INNER_SEARCH,shape,0,d_q018_s35,0,"[""d_q027_s35"",""d_q027_s45"",""d_q027_s50"",""d_q036_s35"",""d_q036_s45"",""d_q036_s50""]","[""d_q018_s45"",""d_q018_s50""]","[""d_q018_s35""]",2026082301,SUCCESS,,,2026-08-23T11:47:08.245630+00:00,36.37004189984873,646,6,5,"{""engine"": ""PySR"", ""engine_output_directory"": ""C:\\Users\\xiao.cheng\\Desktop\\科研\\derived\\development\\g5_sr_engine"", ""engine_run_id"": ""shape_xi_only__outer00__inner00__seed2026082301""}",453c6a9dbc6ba19d096c9ae6dfb6836b82df3f4ef8501b17a41e60f12dc21a8b,c3fe3963d6eaedd1cc3fbb65c73a0bcf57cb260fd2f6fa9c40d3371f40640a55,
shape_xi_only__outer00__inner00__seed2026082302,shape_xi_only,INITIAL,"[""xi""]",INNER_SEARCH,shape,0,d_q018_s35,0,"[""d_q027_s35"",""d_q027_s45"",""d_q027_s50"",""d_q036_s35"",""d_q036_s45"",""d_q036_s50""]","[""d_q018_s45"",""d_q018_s50""]","[""d_q018_s35""]",2026082302,SUCCESS,,,2026-08-23T11:47:45.372250+00:00,38.19221430039033,646,6,7,"{""engine"": ""PySR"", ""engine_output_directory"": ""C:\\Users\\xiao.cheng\\Desktop\\科研\\derived\\development\\g5_sr_engine"", ""engine_run_id"": ""shape_xi_only__outer00__inner00__seed2026082302""}",453c6a9dbc6ba19d096c9ae6dfb6836b82df3f4ef8501b17a41e60f12dc21a8b,c3fe3963d6eaedd1cc3fbb65c73a0bcf57cb260fd2f6fa9c40d3371f40640a55,
shape_xi_only__outer00__inner00__seed2026082303,shape_xi_only,INITIAL,"[""xi""]",INNER_SEARCH,shape,0,d_q018_s35,0,"[""d_q027_s35"",""d_q027_s45"",""d_q027_s50"",""d_q036_s35"",""d_q036_s45"",""d_q036_s50""]","[""d_q018_s45"",""d_q018_s50""]","[""d_q018_s35""]",2026082303,SUCCESS,,,2026-08-23T11:48:24.289426+00:00,33.110948000103235,646,6,4,"{""engine"": ""PySR"", ""engine_output_directory"": ""C:\\Users\\xiao.cheng\\Desktop\\科研\\derived\\development\\g5_sr_engine"", ""engine_run_id"": ""shape_xi_only__outer00__inner00__seed2026082303""}",453c6a9dbc6ba19d096c9ae6dfb6836b82df3f4ef8501b17a41e60f12dc21a8b,c3fe3963d6eaedd1cc3fbb65c73a0bcf57cb260fd2f6fa9c40d3371f40640a55,
shape_xi_only__outer00__inner00__seed2026082304,shape_xi_only,INITIAL,"[""xi""]",INNER_SEARCH,shape,0,d_q018_s35,0,"[""d_q027_s35"",""d_q027_s45"",""d_q027_s50"",""d_q036_s35"",""d_q036_s45"",""d_q036_s50""]","[""d_q018_s45"",""d_q018_s50""]","[""d_q018_s35""]",2026082304,SUCCESS,,,2026-08-23T11:48:58.089816+00:00,35.770163299981505,646,6,4,"{""engine"": ""PySR"", ""engine_output_directory"": ""C:\\Users\\xiao.cheng\\Desktop\\科研\\derived\\development\\g5_sr_engine"", ""engine_run_id"": ""shape_xi_only__outer00__inner00__seed2026082304""}",453c6a9dbc6ba19d096c9ae6dfb6836b82df3f4ef8501b17a41e60f12dc21a8b,c3fe3963d6eaedd1cc3fbb65c73a0bcf57cb260fd2f6fa9c40d3371f40640a55,
shape_xi_only__outer00__inner00__seed2026082305,shape_xi_only,INITIAL,"[""xi""]",INNER_SEARCH,shape,0,d_q018_s35,0,"[""d_q027_s35"",""d_q027_s45"",""d_q027_s50"",""d_q036_s35"",""d_q036_s45"",""d_q036_s50""]","[""d_q018_s45"",""d_q018_s50""]","[""d_q018_s35""]",2026082305,SUCCESS,,,2026-08-23T11:49:34.461077+00:00,29.9092342001386,646,6,5,"{""engine"": ""PySR"", ""engine_output_directory"": ""C:\\Users\\xiao.cheng\\Desktop\\科研\\derived\\development\\g5_sr_engine"", ""engine_run_id"": ""shape_xi_only__outer00__inner00__seed2026082305""}",453c6a9dbc6ba19d096c9ae6dfb6836b82df3f4ef8501b17a41e60f12dc21a8b,c3fe3963d6eaedd1cc3fbb65c73a0bcf57cb260fd2f6fa9c40d3371f40640a55,
shape_xi_only__outer00__inner01__seed2026082301,shape_xi_only,INITIAL,"[""xi""]",INNER_SEARCH,shape,0,d_q018_s35,1,"[""d_q018_s45"",""d_q018_s50"",""d_q027_s50"",""d_q036_s35"",""d_q036_s45"",""d_q036_s50""]","[""d_q027_s35"",""d_q027_s45""]","[""d_q018_s35""]",2026082301,SUCCESS,,,2026-08-23T11:50:04.857938+00:00,37.96292700013146,506,6,5,"{""engine"": ""PySR"", ""engine_output_directory"": ""C:\\Users\\xiao.cheng\\Desktop\\科研\\derived\\development\\g5_sr_engine"", ""engine_run_id"": ""shape_xi_only__outer00__inner01__seed2026082301""}",453c6a9dbc6ba19d096c9ae6dfb6836b82df3f4ef8501b17a41e60f12dc21a8b,c3fe3963d6eaedd1cc3fbb65c73a0bcf57cb260fd2f6fa9c40d3371f40640a55,
shape_xi_only__outer00__inner01__seed2026082302,shape_xi_only,INITIAL,"[""xi""]",INNER_SEARCH,shape,0,d_q018_s35,1,"[""d_q018_s45"",""d_q018_s50"",""d_q027_s50"",""d_q036_s35"",""d_q036_s45"",""d_q036_s50""]","[""d_q027_s35"",""d_q027_s45""]","[""d_q018_s35""]",2026082302,SUCCESS,,,2026-08-23T11:50:43.366781+00:00,30.04491990013048,506,6,5,"{""engine"": ""PySR"", ""engine_output_directory"": ""C:\\Users\\xiao.cheng\\Desktop\\科研\\derived\\development\\g5_sr_engine"", ""engine_run_id"": ""shape_xi_only__outer00__inner01__seed2026082302""}",453c6a9dbc6ba19d096c9ae6dfb6836b82df3f4ef8501b17a41e60f12dc21a8b,c3fe3963d6eaedd1cc3fbb65c73a0bcf57cb260fd2f6fa9c40d3371f40640a55,
shape_xi_only__outer00__inner01__seed2026082303,shape_xi_only,INITIAL,"[""xi""]",INNER_SEARCH,shape,0,d_q018_s35,1,"[""d_q018_s45"",""d_q018_s50"",""d_q027_s50"",""d_q036_s35"",""d_q036_s45"",""d_q036_s50""]","[""d_q027_s35"",""d_q027_s45""]","[""d_q018_s35""]",2026082303,SUCCESS,,,2026-08-23T11:51:14.025637+00:00,32.82591769983992,506,6,4,"{""engine"": ""PySR"", ""engine_output_directory"": ""C:\\Users\\xiao.cheng\\Desktop\\科研\\derived\\development\\g5_sr_engine"", ""engine_run_id"": ""shape_xi_only__outer00__inner01__seed2026082303""}",453c6a9dbc6ba19d096c9ae6dfb6836b82df3f4ef8501b17a41e60f12dc21a8b,c3fe3963d6eaedd1cc3fbb65c73a0bcf57cb260fd2f6fa9c40d3371f40640a55,
shape_xi_only__outer00__inner01__seed2026082304,shape_xi_only,INITIAL,"[""xi""]",INNER_SEARCH,shape,0,d_q018_s35,1,"[""d_q018_s45"",""d_q018_s50"",""d_q027_s50"",""d_q036_s35"",""d_q036_s45"",""d_q036_s50""]","[""d_q027_s35"",""d_q027_s45""]","[""d_q018_s35""]",2026082304,SUCCESS,,,2026-08-23T11:51:47.325538+00:00,35.32067980011925,506,6,4,"{""engine"": ""PySR"", ""engine_output_directory"": ""C:\\Users\\xiao.cheng\\Desktop\\科研\\derived\\development\\g5_sr_engine"", ""engine_run_id"": ""shape_xi_only__outer00__inner01__seed2026082304""}",453c6a9dbc6ba19d096c9ae6dfb6836b82df3f4ef8501b17a41e60f12dc21a8b,c3fe3963d6eaedd1cc3fbb65c73a0bcf57cb260fd2f6fa9c40d3371f40640a55,
shape_xi_only__outer00__inner01__seed2026082305,shape_xi_only,INITIAL,"[""xi""]",INNER_SEARCH,shape,0,d_q018_s35,1,"[""d_q018_s45"",""d_q018_s50"",""d_q027_s50"",""d_q036_s35"",""d_q036_s45"",""d_q036_s50""]","[""d_q027_s35"",""d_q027_s45""]","[""d_q018_s35""]",2026082305,SUCCESS,,,2026-08-23T11:52:23.346843+00:00,29.991919999942183,506,6,4,"{""engine"": ""PySR"", ""engine_output_directory"": ""C:\\Users\\xiao.cheng\\Desktop\\科研\\derived\\development\\g5_sr_engine"", ""engine_run_id"": ""shape_xi_only__outer00__inner01__seed2026082305""}",453c6a9dbc6ba19d096c9ae6dfb6836b82df3f4ef8501b17a41e60f12dc21a8b,c3fe3963d6eaedd1cc3fbb65c73a0bcf57cb260fd2f6fa9c40d3371f40640a55,
shape_xi_only__outer00__inner02__seed2026082301,shape_xi_only,INITIAL,"[""xi""]",INNER_SEARCH,shape,0,d_q018_s35,2,"[""d_q018_s45"",""d_q018_s50"",""d_q027_s35"",""d_q027_s45"",""d_q036_s45"",""d_q036_s50""]","[""d_q027_s50"",""d_q036_s35""]","[""d_q018_s35""]",2026082301,SUCCESS,,,2026-08-23T11:52:53.982207+00:00,24.91260309983045,646,6,4,"{""engine"": ""PySR"", ""engine_output_directory"": ""C:\\Users\\xiao.cheng\\Desktop\\科研\\derived\\development\\g5_sr_engine"", ""engine_run_id"": ""shape_xi_only__outer00__inner02__seed2026082301""}",453c6a9dbc6ba19d096c9ae6dfb6836b82df3f4ef8501b17a41e60f12dc21a8b,c3fe3963d6eaedd1cc3fbb65c73a0bcf57cb260fd2f6fa9c40d3371f40640a55,
shape_xi_only__outer00__inner02__seed2026082302,shape_xi_only,INITIAL,"[""xi""]",INNER_SEARCH,shape,0,d_q018_s35,2,"[""d_q018_s45"",""d_q018_s50"",""d_q027_s35"",""d_q027_s45"",""d_q036_s45"",""d_q036_s50""]","[""d_q027_s50"",""d_q036_s35""]","[""d_q018_s35""]",2026082302,SUCCESS,,,2026-08-23T11:53:19.615622+00:00,38.808362199924886,646,6,5,"{""engine"": ""PySR"", ""engine_output_directory"": ""C:\\Users\\xiao.cheng\\Desktop\\科研\\derived\\development\\g5_sr_engine"", ""engine_run_id"": ""shape_xi_only__outer00__inner02__seed2026082302""}",453c6a9dbc6ba19d096c9ae6dfb6836b82df3f4ef8501b17a41e60f12dc21a8b,c3fe3963d6eaedd1cc3fbb65c73a0bcf57cb260fd2f6fa9c40d3371f40640a55,
shape_xi_only__outer00__inner02__seed2026082303,shape_xi_only,INITIAL,"[""xi""]",INNER_SEARCH,shape,0,d_q018_s35,2,"[""d_q018_s45"",""d_q018_s50"",""d_q027_s35"",""d_q027_s45"",""d_q036_s45"",""d_q036_s50""]","[""d_q027_s50"",""d_q036_s35""]","[""d_q018_s35""]",2026082303,SUCCESS,,,2026-08-23T11:53:59.046119+00:00,31.37089869985357,646,6,4,"{""engine"": ""PySR"", ""engine_output_directory"": ""C:\\Users\\xiao.cheng\\Desktop\\科研\\derived\\development\\g5_sr_engine"", ""engine_run_id"": ""shape_xi_only__outer00__inner02__seed2026082303""}",453c6a9dbc6ba19d096c9ae6dfb6836b82df3f4ef8501b17a41e60f12dc21a8b,c3fe3963d6eaedd1cc3fbb65c73a0bcf57cb260fd2f6fa9c40d3371f40640a55,
shape_xi_only__outer00__inner02__seed2026082304,shape_xi_only,INITIAL,"[""xi""]",INNER_SEARCH,shape,0,d_q018_s35,2,"[""d_q018_s45"",""d_q018_s50"",""d_q027_s35"",""d_q027_s45"",""d_q036_s45"",""d_q036_s50""]","[""d_q027_s50"",""d_q036_s35""]","[""d_q018_s35""]",2026082304,SUCCESS,,,2026-08-23T11:54:30.914931+00:00,32.27920370036736,646,6,4,"{""engine"": ""PySR"", ""engine_output_directory"": ""C:\\Users\\xiao.cheng\\Desktop\\科研\\derived\\development\\g5_sr_engine"", ""engine_run_id"": ""shape_xi_only__outer00__inner02__seed2026082304""}",453c6a9dbc6ba19d096c9ae6dfb6836b82df3f4ef8501b17a41e60f12dc21a8b,c3fe3963d6eaedd1cc3fbb65c73a0bcf57cb260fd2f6fa9c40d3371f40640a55,
shape_xi_only__outer00__inner02__seed2026082305,shape_xi_only,INITIAL,"[""xi""]",INNER_SEARCH,shape,0,d_q018_s35,2,"[""d_q018_s45"",""d_q018_s50"",""d_q027_s35"",""d_q027_s45"",""d_q036_s45"",""d_q036_s50""]","[""d_q027_s50"",""d_q036_s35""]","[""d_q018_s35""]",2026082305,SUCCESS,,,2026-08-23T11:55:03.629535+00:00,25.699086400214583,646,6,4,"{""engine"": ""PySR"", ""engine_output_directory"": ""C:\\Users\\xiao.cheng\\Desktop\\科研\\derived\\development\\g5_sr_engine"", ""engine_run_id"": ""shape_xi_only__outer00__inner02__seed2026082305""}",453c6a9dbc6ba19d096c9ae6dfb6836b82df3f4ef8501b17a41e60f12dc21a8b,c3fe3963d6eaedd1cc3fbb65c73a0bcf57cb260fd2f6fa9c40d3371f40640a55,
shape_xi_only__outer00__inner03__seed2026082301,shape_xi_only,INITIAL,"[""xi""]",INNER_SEARCH,shape,0,d_q018_s35,3,"[""d_q018_s45"",""d_q018_s50"",""d_q027_s35"",""d_q027_s45"",""d_q027_s50"",""d_q036_s35""]","[""d_q036_s45"",""d_q036_s50""]","[""d_q018_s35""]",2026082301,SUCCESS,,,2026-08-23T11:55:29.866147+00:00,27.535488600376993,572,6,5,"{""engine"": ""PySR"", ""engine_output_directory"": ""C:\\Users\\xiao.cheng\\Desktop\\科研\\derived\\development\\g5_sr_engine"", ""engine_run_id"": ""shape_xi_only__outer00__inner03__seed2026082301""}",453c6a9dbc6ba19d096c9ae6dfb6836b82df3f4ef8501b17a41e60f12dc21a8b,c3fe3963d6eaedd1cc3fbb65c73a0bcf57cb260fd2f6fa9c40d3371f40640a55,
shape_xi_only__outer00__inner03__seed2026082302,shape_xi_only,INITIAL,"[""xi""]",INNER_SEARCH,shape,0,d_q018_s35,3,"[""d_q018_s45"",""d_q018_s50"",""d_q027_s35"",""d_q027_s45"",""d_q027_s50"",""d_q036_s35""]","[""d_q036_s45"",""d_q036_s50""]","[""d_q018_s35""]",2026082302,SUCCESS,,,2026-08-23T11:55:57.887001+00:00,22.75274940021336,572,6,5,"{""engine"": ""PySR"", ""engine_output_directory"": ""C:\\Users\\xiao.cheng\\Desktop\\科研\\derived\\development\\g5_sr_engine"", ""engine_run_id"": ""shape_xi_only__outer00__inner03__seed2026082302""}",453c6a9dbc6ba19d096c9ae6dfb6836b82df3f4ef8501b17a41e60f12dc21a8b,c3fe3963d6eaedd1cc3fbb65c73a0bcf57cb260fd2f6fa9c40d3371f40640a55,
shape_xi_only__outer00__inner03__seed2026082303,shape_xi_only,INITIAL,"[""xi""]",INNER_SEARCH,shape,0,d_q018_s35,3,"[""d_q018_s45"",""d_q018_s50"",""d_q027_s35"",""d_q027_s45"",""d_q027_s50"",""d_q036_s35""]","[""d_q036_s45"",""d_q036_s50""]","[""d_q018_s35""]",2026082303,SUCCESS,,,2026-08-23T11:56:21.029824+00:00,34.961942799855024,572,6,6,"{""engine"": ""PySR"", ""engine_output_directory"": ""C:\\Users\\xiao.cheng\\Desktop\\科研\\derived\\development\\g5_sr_engine"", ""engine_run_id"": ""shape_xi_only__outer00__inner03__seed2026082303""}",453c6a9dbc6ba19d096c9ae6dfb6836b82df3f4ef8501b17a41e60f12dc21a8b,c3fe3963d6eaedd1cc3fbb65c73a0bcf57cb260fd2f6fa9c40d3371f40640a55,
shape_xi_only__outer00__inner03__seed2026082304,shape_xi_only,INITIAL,"[""xi""]",INNER_SEARCH,shape,0,d_q018_s35,3,"[""d_q018_s45"",""d_q018_s50"",""d_q027_s35"",""d_q027_s45"",""d_q027_s50"",""d_q036_s35""]","[""d_q036_s45"",""d_q036_s50""]","[""d_q018_s35""]",2026082304,SUCCESS,,,2026-08-23T11:56:56.449758+00:00,23.835016299970448,572,6,5,"{""engine"": ""PySR"", ""engine_output_directory"": ""C:\\Users\\xiao.cheng\\Desktop\\科研\\derived\\development\\g5_sr_engine"", ""engine_run_id"": ""shape_xi_only__outer00__inner03__seed2026082304""}",453c6a9dbc6ba19d096c9ae6dfb6836b82df3f4ef8501b17a41e60f12dc21a8b,c3fe3963d6eaedd1cc3fbb65c73a0bcf57cb260fd2f6fa9c40d3371f40640a55,
shape_xi_only__outer00__inner03__seed2026082305,shape_xi_only,INITIAL,"[""xi""]",INNER_SEARCH,shape,0,d_q018_s35,3,"[""d_q018_s45"",""d_q018_s50"",""d_q027_s35"",""d_q027_s45"",""d_q027_s50"",""d_q036_s35""]","[""d_q036_s45"",""d_q036_s50""]","[""d_q018_s35""]",2026082305,SUCCESS,,,2026-08-23T11:57:20.798611+00:00,29.061237500049174,572,6,3,"{""engine"": ""PySR"", ""engine_output_directory"": ""C:\\Users\\xiao.cheng\\Desktop\\科研\\derived\\development\\g5_sr_engine"", ""engine_run_id"": ""shape_xi_only__outer00__inner03__seed2026082305""}",453c6a9dbc6ba19d096c9ae6dfb6836b82df3f4ef8501b17a41e60f12dc21a8b,c3fe3963d6eaedd1cc3fbb65c73a0bcf57cb260fd2f6fa9c40d3371f40640a55,
shape_xi_only__outer00__refit__seed2026082301,shape_xi_only,INITIAL,"[""xi""]",OUTER_REFIT_SEARCH,shape,0,d_q018_s35,-1,"[""d_q018_s45"",""d_q018_s50"",""d_q027_s35"",""d_q027_s45"",""d_q027_s50"",""d_q036_s35"",""d_q036_s45"",""d_q036_s50""]",[],"[""d_q018_s35""]",2026082301,SUCCESS,,,2026-08-23T11:57:51.052786+00:00,37.05597190000117,790,8,4,"{""engine"": ""PySR"", ""engine_output_directory"": ""C:\\Users\\xiao.cheng\\Desktop\\科研\\derived\\development\\g5_sr_engine"", ""engine_run_id"": ""shape_xi_only__outer00__refit__seed2026082301""}",453c6a9dbc6ba19d096c9ae6dfb6836b82df3f4ef8501b17a41e60f12dc21a8b,c3fe3963d6eaedd1cc3fbb65c73a0bcf57cb260fd2f6fa9c40d3371f40640a55,
shape_xi_only__outer00__refit__seed2026082302,shape_xi_only,INITIAL,"[""xi""]",OUTER_REFIT_SEARCH,shape,0,d_q018_s35,-1,"[""d_q018_s45"",""d_q018_s50"",""d_q027_s35"",""d_q027_s45"",""d_q027_s50"",""d_q036_s35"",""d_q036_s45"",""d_q036_s50""]",[],"[""d_q018_s35""]",2026082302,SUCCESS,,,2026-08-23T11:58:28.918664+00:00,27.789547299966216,790,8,4,"{""engine"": ""PySR"", ""engine_output_directory"": ""C:\\Users\\xiao.cheng\\Desktop\\科研\\derived\\development\\g5_sr_engine"", ""engine_run_id"": ""shape_xi_only__outer00__refit__seed2026082302""}",453c6a9dbc6ba19d096c9ae6dfb6836b82df3f4ef8501b17a41e60f12dc21a8b,c3fe3963d6eaedd1cc3fbb65c73a0bcf57cb260fd2f6fa9c40d3371f40640a55,
shape_xi_only__outer00__refit__seed2026082303,shape_xi_only,INITIAL,"[""xi""]",OUTER_REFIT_SEARCH,shape,0,d_q018_s35,-1,"[""d_q018_s45"",""d_q018_s50"",""d_q027_s35"",""d_q027_s45"",""d_q027_s50"",""d_q036_s35"",""d_q036_s45"",""d_q036_s50""]",[],"[""d_q018_s35""]",2026082303,SUCCESS,,,2026-08-23T11:58:57.599359+00:00,33.988181200344115,790,8,6,"{""engine"": ""PySR"", ""engine_output_directory"": ""C:\\Users\\xiao.cheng\\Desktop\\科研\\derived\\development\\g5_sr_engine"", ""engine_run_id"": ""shape_xi_only__outer00__refit__seed2026082303""}",453c6a9dbc6ba19d096c9ae6dfb6836b82df3f4ef8501b17a41e60f12dc21a8b,c3fe3963d6eaedd1cc3fbb65c73a0bcf57cb260fd2f6fa9c40d3371f40640a55,
shape_xi_only__outer00__refit__seed2026082304,shape_xi_only,INITIAL,"[""xi""]",OUTER_REFIT_SEARCH,shape,0,d_q018_s35,-1,"[""d_q018_s45"",""d_q018_s50"",""d_q027_s35"",""d_q027_s45"",""d_q027_s50"",""d_q036_s35"",""d_q036_s45"",""d_q036_s50""]",[],"[""d_q018_s35""]",2026082304,SUCCESS,,,2026-08-23T11:59:32.267339+00:00,35.45605819998309,790,8,5,"{""engine"": ""PySR"", ""engine_output_directory"": ""C:\\Users\\xiao.cheng\\Desktop\\科研\\derived\\development\\g5_sr_engine"", ""engine_run_id"": ""shape_xi_only__outer00__refit__seed2026082304""}",453c6a9dbc6ba19d096c9ae6dfb6836b82df3f4ef8501b17a41e60f12dc21a8b,c3fe3963d6eaedd1cc3fbb65c73a0bcf57cb260fd2f6fa9c40d3371f40640a55,
shape_xi_only__outer00__refit__seed2026082305,shape_xi_only,INITIAL,"[""xi""]",OUTER_REFIT_SEARCH,shape,0,d_q018_s35,-1,"[""d_q018_s45"",""d_q018_s50"",""d_q027_s35"",""d_q027_s45"",""d_q027_s50"",""d_q036_s35"",""d_q036_s45"",""d_q036_s50""]",[],"[""d_q018_s35""]",2026082305,SUCCESS,,,2026-08-23T12:00:08.229193+00:00,26.491945299785584,790,8,4,"{""engine"": ""PySR"", ""engine_output_directory"": ""C:\\Users\\xiao.cheng\\Desktop\\科研\\derived\\development\\g5_sr_engine"", ""engine_run_id"": ""shape_xi_only__outer00__refit__seed2026082305""}",453c6a9dbc6ba19d096c9ae6dfb6836b82df3f4ef8501b17a41e60f12dc21a8b,c3fe3963d6eaedd1cc3fbb65c73a0bcf57cb260fd2f6fa9c40d3371f40640a55,
shape_xi_only__outer01__inner00__seed2026082301,shape_xi_only,INITIAL,"[""xi""]",INNER_SEARCH,shape,1,d_q018_s45,0,"[""d_q018_s35"",""d_q027_s45"",""d_q027_s50"",""d_q036_s35"",""d_q036_s45"",""d_q036_s50""]","[""d_q018_s50"",""d_q027_s35""]","[""d_q018_s45""]",2026082301,SUCCESS,,,2026-08-23T12:00:35.143436+00:00,26.23303100001067,790,6,5,"{""engine"": ""PySR"", ""engine_output_directory"": ""C:\\Users\\xiao.cheng\\Desktop\\科研\\derived\\development\\g5_sr_engine"", ""engine_run_id"": ""shape_xi_only__outer01__inner00__seed2026082301""}",453c6a9dbc6ba19d096c9ae6dfb6836b82df3f4ef8501b17a41e60f12dc21a8b,c3fe3963d6eaedd1cc3fbb65c73a0bcf57cb260fd2f6fa9c40d3371f40640a55,
shape_xi_only__outer01__inner00__seed2026082302,shape_xi_only,INITIAL,"[""xi""]",INNER_SEARCH,shape,1,d_q018_s45,0,"[""d_q018_s35"",""d_q027_s45"",""d_q027_s50"",""d_q036_s35"",""d_q036_s45"",""d_q036_s50""]","[""d_q018_s50"",""d_q027_s35""]","[""d_q018_s45""]",2026082302,SUCCESS,,,2026-08-23T12:01:02.553967+00:00,39.189752199687064,790,6,5,"{""engine"": ""PySR"", ""engine_output_directory"": ""C:\\Users\\xiao.cheng\\Desktop\\科研\\derived\\development\\g5_sr_engine"", ""engine_run_id"": ""shape_xi_only__outer01__inner00__seed2026082302""}",453c6a9dbc6ba19d096c9ae6dfb6836b82df3f4ef8501b17a41e60f12dc21a8b,c3fe3963d6eaedd1cc3fbb65c73a0bcf57cb260fd2f6fa9c40d3371f40640a55,
shape_xi_only__outer01__inner00__seed2026082303,shape_xi_only,INITIAL,"[""xi""]",INNER_SEARCH,shape,1,d_q018_s45,0,"[""d_q018_s35"",""d_q027_s45"",""d_q027_s50"",""d_q036_s35"",""d_q036_s45"",""d_q036_s50""]","[""d_q018_s50"",""d_q027_s35""]","[""d_q018_s45""]",2026082303,SUCCESS,,,2026-08-23T12:01:42.675158+00:00,30.78473380021751,790,6,6,"{""engine"": ""PySR"", ""engine_output_directory"": ""C:\\Users\\xiao.cheng\\Desktop\\科研\\derived\\development\\g5_sr_engine"", ""engine_run_id"": ""shape_xi_only__outer01__inner00__seed2026082303""}",453c6a9dbc6ba19d096c9ae6dfb6836b82df3f4ef8501b17a41e60f12dc21a8b,c3fe3963d6eaedd1cc3fbb65c73a0bcf57cb260fd2f6fa9c40d3371f40640a55,
shape_xi_only__outer01__inner00__seed2026082304,shape_xi_only,INITIAL,"[""xi""]",INNER_SEARCH,shape,1,d_q018_s45,0,"[""d_q018_s35"",""d_q027_s45"",""d_q027_s50"",""d_q036_s35"",""d_q036_s45"",""d_q036_s50""]","[""d_q018_s50"",""d_q027_s35""]","[""d_q018_s45""]",2026082304,SUCCESS,,,2026-08-23T12:02:14.001415+00:00,29.34793150005862,790,6,5,"{""engine"": ""PySR"", ""engine_output_directory"": ""C:\\Users\\xiao.cheng\\Desktop\\科研\\derived\\development\\g5_sr_engine"", ""engine_run_id"": ""shape_xi_only__outer01__inner00__seed2026082304""}",453c6a9dbc6ba19d096c9ae6dfb6836b82df3f4ef8501b17a41e60f12dc21a8b,c3fe3963d6eaedd1cc3fbb65c73a0bcf57cb260fd2f6fa9c40d3371f40640a55,
shape_xi_only__outer01__inner00__seed2026082305,shape_xi_only,INITIAL,"[""xi""]",INNER_SEARCH,shape,1,d_q018_s45,0,"[""d_q018_s35"",""d_q027_s45"",""d_q027_s50"",""d_q036_s35"",""d_q036_s45"",""d_q036_s50""]","[""d_q018_s50"",""d_q027_s35""]","[""d_q018_s45""]",2026082305,SUCCESS,,,2026-08-23T12:02:43.999509+00:00,30.724937899969518,790,6,4,"{""engine"": ""PySR"", ""engine_output_directory"": ""C:\\Users\\xiao.cheng\\Desktop\\科研\\derived\\development\\g5_sr_engine"", ""engine_run_id"": ""shape_xi_only__outer01__inner00__seed2026082305""}",453c6a9dbc6ba19d096c9ae6dfb6836b82df3f4ef8501b17a41e60f12dc21a8b,c3fe3963d6eaedd1cc3fbb65c73a0bcf57cb260fd2f6fa9c40d3371f40640a55,
shape_xi_only__outer01__inner01__seed2026082301,shape_xi_only,INITIAL,"[""xi""]",INNER_SEARCH,shape,1,d_q018_s45,1,"[""d_q018_s35"",""d_q018_s50"",""d_q027_s35"",""d_q036_s35"",""d_q036_s45"",""d_q036_s50""]","[""d_q027_s45"",""d_q027_s50""]","[""d_q018_s45""]",2026082301,SUCCESS,,,2026-08-23T12:03:15.482223+00:00,29.631513100117445,650,6,4,"{""engine"": ""PySR"", ""engine_output_directory"": ""C:\\Users\\xiao.cheng\\Desktop\\科研\\derived\\development\\g5_sr_engine"", ""engine_run_id"": ""shape_xi_only__outer01__inner01__seed2026082301""}",453c6a9dbc6ba19d096c9ae6dfb6836b82df3f4ef8501b17a41e60f12dc21a8b,c3fe3963d6eaedd1cc3fbb65c73a0bcf57cb260fd2f6fa9c40d3371f40640a55,
shape_xi_only__outer01__inner01__seed2026082302,shape_xi_only,INITIAL,"[""xi""]",INNER_SEARCH,shape,1,d_q018_s45,1,"[""d_q018_s35"",""d_q018_s50"",""d_q027_s35"",""d_q036_s35"",""d_q036_s45"",""d_q036_s50""]","[""d_q027_s45"",""d_q027_s50""]","[""d_q018_s45""]",2026082302,SUCCESS,,,2026-08-23T12:03:45.748438+00:00,22.979126600082964,650,6,5,"{""engine"": ""PySR"", ""engine_output_directory"": ""C:\\Users\\xiao.cheng\\Desktop\\科研\\derived\\development\\g5_sr_engine"", ""engine_run_id"": ""shape_xi_only__outer01__inner01__seed2026082302""}",453c6a9dbc6ba19d096c9ae6dfb6836b82df3f4ef8501b17a41e60f12dc21a8b,c3fe3963d6eaedd1cc3fbb65c73a0bcf57cb260fd2f6fa9c40d3371f40640a55,
shape_xi_only__outer01__inner01__seed2026082303,shape_xi_only,INITIAL,"[""xi""]",INNER_SEARCH,shape,1,d_q018_s45,1,"[""d_q018_s35"",""d_q018_s50"",""d_q027_s35"",""d_q036_s35"",""d_q036_s45"",""d_q036_s50""]","[""d_q027_s45"",""d_q027_s50""]","[""d_q018_s45""]",2026082303,SUCCESS,,,2026-08-23T12:04:09.315755+00:00,28.151916000060737,650,6,4,"{""engine"": ""PySR"", ""engine_output_directory"": ""C:\\Users\\xiao.cheng\\Desktop\\科研\\derived\\development\\g5_sr_engine"", ""engine_run_id"": ""shape_xi_only__outer01__inner01__seed2026082303""}",453c6a9dbc6ba19d096c9ae6dfb6836b82df3f4ef8501b17a41e60f12dc21a8b,c3fe3963d6eaedd1cc3fbb65c73a0bcf57cb260fd2f6fa9c40d3371f40640a55,
shape_xi_only__outer01__inner01__seed2026082304,shape_xi_only,INITIAL,"[""xi""]",INNER_SEARCH,shape,1,d_q018_s45,1,"[""d_q018_s35"",""d_q018_s50"",""d_q027_s35"",""d_q036_s35"",""d_q036_s45"",""d_q036_s50""]","[""d_q027_s45"",""d_q027_s50""]","[""d_q018_s45""]",2026082304,SUCCESS,,,2026-08-23T12:04:37.931494+00:00,30.173577199690044,650,6,4,"{""engine"": ""PySR"", ""engine_output_directory"": ""C:\\Users\\xiao.cheng\\Desktop\\科研\\derived\\development\\g5_sr_engine"", ""engine_run_id"": ""shape_xi_only__outer01__inner01__seed2026082304""}",453c6a9dbc6ba19d096c9ae6dfb6836b82df3f4ef8501b17a41e60f12dc21a8b,c3fe3963d6eaedd1cc3fbb65c73a0bcf57cb260fd2f6fa9c40d3371f40640a55,
shape_xi_only__outer01__inner01__seed2026082305,shape_xi_only,INITIAL,"[""xi""]",INNER_SEARCH,shape,1,d_q018_s45,1,"[""d_q018_s35"",""d_q018_s50"",""d_q027_s35"",""d_q036_s35"",""d_q036_s45"",""d_q036_s50""]","[""d_q027_s45"",""d_q027_s50""]","[""d_q018_s45""]",2026082305,SUCCESS,,,2026-08-23T12:05:08.540494+00:00,35.57350610010326,650,6,3,"{""engine"": ""PySR"", ""engine_output_directory"": ""C:\\Users\\xiao.cheng\\Desktop\\科研\\derived\\development\\g5_sr_engine"", ""engine_run_id"": ""shape_xi_only__outer01__inner01__seed2026082305""}",453c6a9dbc6ba19d096c9ae6dfb6836b82df3f4ef8501b17a41e60f12dc21a8b,c3fe3963d6eaedd1cc3fbb65c73a0bcf57cb260fd2f6fa9c40d3371f40640a55,
shape_xi_only__outer01__inner02__seed2026082301,shape_xi_only,INITIAL,"[""xi""]",INNER_SEARCH,shape,1,d_q018_s45,2,"[""d_q018_s35"",""d_q018_s50"",""d_q027_s35"",""d_q027_s45"",""d_q027_s50"",""d_q036_s50""]","[""d_q036_s35"",""d_q036_s45""]","[""d_q018_s45""]",2026082301,SUCCESS,,,2026-08-23T12:05:44.664005+00:00,26.83362969988957,790,6,5,"{""engine"": ""PySR"", ""engine_output_directory"": ""C:\\Users\\xiao.cheng\\Desktop\\科研\\derived\\development\\g5_sr_engine"", ""engine_run_id"": ""shape_xi_only__outer01__inner02__seed2026082301""}",453c6a9dbc6ba19d096c9ae6dfb6836b82df3f4ef8501b17a41e60f12dc21a8b,c3fe3963d6eaedd1cc3fbb65c73a0bcf57cb260fd2f6fa9c40d3371f40640a55,
shape_xi_only__outer01__inner02__seed2026082302,shape_xi_only,INITIAL,"[""xi""]",INNER_SEARCH,shape,1,d_q018_s45,2,"[""d_q018_s35"",""d_q018_s50"",""d_q027_s35"",""d_q027_s45"",""d_q027_s50"",""d_q036_s50""]","[""d_q036_s35"",""d_q036_s45""]","[""d_q018_s45""]",2026082302,SUCCESS,,,2026-08-23T12:06:11.922828+00:00,32.12403000006452,790,6,5,"{""engine"": ""PySR"", ""engine_output_directory"": ""C:\\Users\\xiao.cheng\\Desktop\\科研\\derived\\development\\g5_sr_engine"", ""engine_run_id"": ""shape_xi_only__outer01__inner02__seed2026082302""}",453c6a9dbc6ba19d096c9ae6dfb6836b82df3f4ef8501b17a41e60f12dc21a8b,c3fe3963d6eaedd1cc3fbb65c73a0bcf57cb260fd2f6fa9c40d3371f40640a55,
shape_xi_only__outer01__inner02__seed2026082303,shape_xi_only,INITIAL,"[""xi""]",INNER_SEARCH,shape,1,d_q018_s45,2,"[""d_q018_s35"",""d_q018_s50"",""d_q027_s35"",""d_q027_s45"",""d_q027_s50"",""d_q036_s50""]","[""d_q036_s35"",""d_q036_s45""]","[""d_q018_s45""]",2026082303,SUCCESS,,,2026-08-23T12:06:44.477159+00:00,24.39991939999163,790,6,6,"{""engine"": ""PySR"", ""engine_output_directory"": ""C:\\Users\\xiao.cheng\\Desktop\\科研\\derived\\development\\g5_sr_engine"", ""engine_run_id"": ""shape_xi_only__outer01__inner02__seed2026082303""}",453c6a9dbc6ba19d096c9ae6dfb6836b82df3f4ef8501b17a41e60f12dc21a8b,c3fe3963d6eaedd1cc3fbb65c73a0bcf57cb260fd2f6fa9c40d3371f40640a55,
shape_xi_only__outer01__inner02__seed2026082304,shape_xi_only,INITIAL,"[""xi""]",INNER_SEARCH,shape,1,d_q018_s45,2,"[""d_q018_s35"",""d_q018_s50"",""d_q027_s35"",""d_q027_s45"",""d_q027_s50"",""d_q036_s50""]","[""d_q036_s35"",""d_q036_s45""]","[""d_q018_s45""]",2026082304,SUCCESS,,,2026-08-23T12:07:09.396884+00:00,22.724006799980998,790,6,4,"{""engine"": ""PySR"", ""engine_output_directory"": ""C:\\Users\\xiao.cheng\\Desktop\\科研\\derived\\development\\g5_sr_engine"", ""engine_run_id"": ""shape_xi_only__outer01__inner02__seed2026082304""}",453c6a9dbc6ba19d096c9ae6dfb6836b82df3f4ef8501b17a41e60f12dc21a8b,c3fe3963d6eaedd1cc3fbb65c73a0bcf57cb260fd2f6fa9c40d3371f40640a55,
shape_xi_only__outer01__inner02__seed2026082305,shape_xi_only,INITIAL,"[""xi""]",INNER_SEARCH,shape,1,d_q018_s45,2,"[""d_q018_s35"",""d_q018_s50"",""d_q027_s35"",""d_q027_s45"",""d_q027_s50"",""d_q036_s50""]","[""d_q036_s35"",""d_q036_s45""]","[""d_q018_s45""]",2026082305,SUCCESS,,,2026-08-23T12:07:33.131085+00:00,38.37967049982399,790,6,3,"{""engine"": ""PySR"", ""engine_output_directory"": ""C:\\Users\\xiao.cheng\\Desktop\\科研\\derived\\development\\g5_sr_engine"", ""engine_run_id"": ""shape_xi_only__outer01__inner02__seed2026082305""}",453c6a9dbc6ba19d096c9ae6dfb6836b82df3f4ef8501b17a41e60f12dc21a8b,c3fe3963d6eaedd1cc3fbb65c73a0bcf57cb260fd2f6fa9c40d3371f40640a55,
shape_xi_only__outer01__inner03__seed2026082301,shape_xi_only,INITIAL,"[""xi""]",INNER_SEARCH,shape,1,d_q018_s45,3,"[""d_q018_s50"",""d_q027_s35"",""d_q027_s45"",""d_q027_s50"",""d_q036_s35"",""d_q036_s45""]","[""d_q018_s35"",""d_q036_s50""]","[""d_q018_s45""]",2026082301,SUCCESS,,,2026-08-23T12:08:12.176530+00:00,36.11081189988181,572,6,5,"{""engine"": ""PySR"", ""engine_output_directory"": ""C:\\Users\\xiao.cheng\\Desktop\\科研\\derived\\development\\g5_sr_engine"", ""engine_run_id"": ""shape_xi_only__outer01__inner03__seed2026082301""}",453c6a9dbc6ba19d096c9ae6dfb6836b82df3f4ef8501b17a41e60f12dc21a8b,c3fe3963d6eaedd1cc3fbb65c73a0bcf57cb260fd2f6fa9c40d3371f40640a55,
shape_xi_only__outer01__inner03__seed2026082302,shape_xi_only,INITIAL,"[""xi""]",INNER_SEARCH,shape,1,d_q018_s45,3,"[""d_q018_s50"",""d_q027_s35"",""d_q027_s45"",""d_q027_s50"",""d_q036_s35"",""d_q036_s45""]","[""d_q018_s35"",""d_q036_s50""]","[""d_q018_s45""]",2026082302,SUCCESS,,,2026-08-23T12:08:49.220610+00:00,36.20462010009214,572,6,6,"{""engine"": ""PySR"", ""engine_output_directory"": ""C:\\Users\\xiao.cheng\\Desktop\\科研\\derived\\development\\g5_sr_engine"", ""engine_run_id"": ""shape_xi_only__outer01__inner03__seed2026082302""}",453c6a9dbc6ba19d096c9ae6dfb6836b82df3f4ef8501b17a41e60f12dc21a8b,c3fe3963d6eaedd1cc3fbb65c73a0bcf57cb260fd2f6fa9c40d3371f40640a55,
shape_xi_only__outer01__inner03__seed2026082303,shape_xi_only,INITIAL,"[""xi""]",INNER_SEARCH,shape,1,d_q018_s45,3,"[""d_q018_s50"",""d_q027_s35"",""d_q027_s45"",""d_q027_s50"",""d_q036_s35"",""d_q036_s45""]","[""d_q018_s35"",""d_q036_s50""]","[""d_q018_s45""]",2026082303,SUCCESS,,,2026-08-23T12:09:26.377586+00:00,34.35098069999367,572,6,3,"{""engine"": ""PySR"", ""engine_output_directory"": ""C:\\Users\\xiao.cheng\\Desktop\\科研\\derived\\development\\g5_sr_engine"", ""engine_run_id"": ""shape_xi_only__outer01__inner03__seed2026082303""}",453c6a9dbc6ba19d096c9ae6dfb6836b82df3f4ef8501b17a41e60f12dc21a8b,c3fe3963d6eaedd1cc3fbb65c73a0bcf57cb260fd2f6fa9c40d3371f40640a55,
shape_xi_only__outer01__inner03__seed2026082304,shape_xi_only,INITIAL,"[""xi""]",INNER_SEARCH,shape,1,d_q018_s45,3,"[""d_q018_s50"",""d_q027_s35"",""d_q027_s45"",""d_q027_s50"",""d_q036_s35"",""d_q036_s45""]","[""d_q018_s35"",""d_q036_s50""]","[""d_q018_s45""]",2026082304,SUCCESS,,,2026-08-23T12:10:01.270114+00:00,28.242874999996275,572,6,2,"{""engine"": ""PySR"", ""engine_output_directory"": ""C:\\Users\\xiao.cheng\\Desktop\\科研\\derived\\development\\g5_sr_engine"", ""engine_run_id"": ""shape_xi_only__outer01__inner03__seed2026082304""}",453c6a9dbc6ba19d096c9ae6dfb6836b82df3f4ef8501b17a41e60f12dc21a8b,c3fe3963d6eaedd1cc3fbb65c73a0bcf57cb260fd2f6fa9c40d3371f40640a55,
shape_xi_only__outer01__inner03__seed2026082305,shape_xi_only,INITIAL,"[""xi""]",INNER_SEARCH,shape,1,d_q018_s45,3,"[""d_q018_s50"",""d_q027_s35"",""d_q027_s45"",""d_q027_s50"",""d_q036_s35"",""d_q036_s45""]","[""d_q018_s35"",""d_q036_s50""]","[""d_q018_s45""]",2026082305,SUCCESS,,,2026-08-23T12:10:30.029488+00:00,28.538966599851847,572,6,8,"{""engine"": ""PySR"", ""engine_output_directory"": ""C:\\Users\\xiao.cheng\\Desktop\\科研\\derived\\development\\g5_sr_engine"", ""engine_run_id"": ""shape_xi_only__outer01__inner03__seed2026082305""}",453c6a9dbc6ba19d096c9ae6dfb6836b82df3f4ef8501b17a41e60f12dc21a8b,c3fe3963d6eaedd1cc3fbb65c73a0bcf57cb260fd2f6fa9c40d3371f40640a55,
shape_xi_only__outer01__refit__seed2026082301,shape_xi_only,INITIAL,"[""xi""]",OUTER_REFIT_SEARCH,shape,1,d_q018_s45,-1,"[""d_q018_s35"",""d_q018_s50"",""d_q027_s35"",""d_q027_s45"",""d_q027_s50"",""d_q036_s35"",""d_q036_s45"",""d_q036_s50""]",[],"[""d_q018_s45""]",2026082301,SUCCESS,,,2026-08-23T12:10:59.149177+00:00,39.32290559960529,934,8,6,"{""engine"": ""PySR"", ""engine_output_directory"": ""C:\\Users\\xiao.cheng\\Desktop\\科研\\derived\\development\\g5_sr_engine"", ""engine_run_id"": ""shape_xi_only__outer01__refit__seed2026082301""}",453c6a9dbc6ba19d096c9ae6dfb6836b82df3f4ef8501b17a41e60f12dc21a8b,c3fe3963d6eaedd1cc3fbb65c73a0bcf57cb260fd2f6fa9c40d3371f40640a55,
shape_xi_only__outer01__refit__seed2026082302,shape_xi_only,INITIAL,"[""xi""]",OUTER_REFIT_SEARCH,shape,1,d_q018_s45,-1,"[""d_q018_s35"",""d_q018_s50"",""d_q027_s35"",""d_q027_s45"",""d_q027_s50"",""d_q036_s35"",""d_q036_s45"",""d_q036_s50""]",[],"[""d_q018_s45""]",2026082302,SUCCESS,,,2026-08-23T12:11:39.028196+00:00,38.28510500025004,934,8,6,"{""engine"": ""PySR"", ""engine_output_directory"": ""C:\\Users\\xiao.cheng\\Desktop\\科研\\derived\\development\\g5_sr_engine"", ""engine_run_id"": ""shape_xi_only__outer01__refit__seed2026082302""}",453c6a9dbc6ba19d096c9ae6dfb6836b82df3f4ef8501b17a41e60f12dc21a8b,c3fe3963d6eaedd1cc3fbb65c73a0bcf57cb260fd2f6fa9c40d3371f40640a55,
shape_xi_only__outer01__refit__seed2026082303,shape_xi_only,INITIAL,"[""xi""]",OUTER_REFIT_SEARCH,shape,1,d_q018_s45,-1,"[""d_q018_s35"",""d_q018_s50"",""d_q027_s35"",""d_q027_s45"",""d_q027_s50"",""d_q036_s35"",""d_q036_s45"",""d_q036_s50""]",[],"[""d_q018_s45""]",2026082303,SUCCESS,,,2026-08-23T12:12:17.863669+00:00,42.03391609992832,934,8,7,"{""engine"": ""PySR"", ""engine_output_directory"": ""C:\\Users\\xiao.cheng\\Desktop\\科研\\derived\\development\\g5_sr_engine"", ""engine_run_id"": ""shape_xi_only__outer01__refit__seed2026082303""}",453c6a9dbc6ba19d096c9ae6dfb6836b82df3f4ef8501b17a41e60f12dc21a8b,c3fe3963d6eaedd1cc3fbb65c73a0bcf57cb260fd2f6fa9c40d3371f40640a55,
shape_xi_only__outer01__refit__seed2026082304,shape_xi_only,INITIAL,"[""xi""]",OUTER_REFIT_SEARCH,shape,1,d_q018_s45,-1,"[""d_q018_s35"",""d_q018_s50"",""d_q027_s35"",""d_q027_s45"",""d_q027_s50"",""d_q036_s35"",""d_q036_s45"",""d_q036_s50""]",[],"[""d_q018_s45""]",2026082304,SUCCESS,,,2026-08-23T12:13:00.765024+00:00,33.837091700173914,934,8,4,"{""engine"": ""PySR"", ""engine_output_directory"": ""C:\\Users\\xiao.cheng\\Desktop\\科研\\derived\\development\\g5_sr_engine"", ""engine_run_id"": ""shape_xi_only__outer01__refit__seed2026082304""}",453c6a9dbc6ba19d096c9ae6dfb6836b82df3f4ef8501b17a41e60f12dc21a8b,c3fe3963d6eaedd1cc3fbb65c73a0bcf57cb260fd2f6fa9c40d3371f40640a55,
shape_xi_only__outer01__refit__seed2026082305,shape_xi_only,INITIAL,"[""xi""]",OUTER_REFIT_SEARCH,shape,1,d_q018_s45,-1,"[""d_q018_s35"",""d_q018_s50"",""d_q027_s35"",""d_q027_s45"",""d_q027_s50"",""d_q036_s35"",""d_q036_s45"",""d_q036_s50""]",[],"[""d_q018_s45""]",2026082305,SUCCESS,,,2026-08-23T12:13:35.438691+00:00,36.61119140032679,934,8,6,"{""engine"": ""PySR"", ""engine_output_directory"": ""C:\\Users\\xiao.cheng\\Desktop\\科研\\derived\\development\\g5_sr_engine"", ""engine_run_id"": ""shape_xi_only__outer01__refit__seed2026082305""}",453c6a9dbc6ba19d096c9ae6dfb6836b82df3f4ef8501b17a41e60f12dc21a8b,c3fe3963d6eaedd1cc3fbb65c73a0bcf57cb260fd2f6fa9c40d3371f40640a55,
shape_xi_only__outer02__inner00__seed2026082301,shape_xi_only,INITIAL,"[""xi""]",INNER_SEARCH,shape,2,d_q018_s50,0,"[""d_q018_s35"",""d_q018_s45"",""d_q027_s50"",""d_q036_s35"",""d_q036_s45"",""d_q036_s50""]","[""d_q027_s35"",""d_q027_s45""]","[""d_q018_s50""]",2026082301,SUCCESS,,,2026-08-23T12:14:12.800064+00:00,27.65472079999745,580,6,4,"{""engine"": ""PySR"", ""engine_output_directory"": ""C:\\Users\\xiao.cheng\\Desktop\\科研\\derived\\development\\g5_sr_engine"", ""engine_run_id"": ""shape_xi_only__outer02__inner00__seed2026082301""}",453c6a9dbc6ba19d096c9ae6dfb6836b82df3f4ef8501b17a41e60f12dc21a8b,c3fe3963d6eaedd1cc3fbb65c73a0bcf57cb260fd2f6fa9c40d3371f40640a55,
shape_xi_only__outer02__inner00__seed2026082302,shape_xi_only,INITIAL,"[""xi""]",INNER_SEARCH,shape,2,d_q018_s50,0,"[""d_q018_s35"",""d_q018_s45"",""d_q027_s50"",""d_q036_s35"",""d_q036_s45"",""d_q036_s50""]","[""d_q027_s35"",""d_q027_s45""]","[""d_q018_s50""]",2026082302,SUCCESS,,,2026-08-23T12:14:41.084931+00:00,33.60808130027726,580,6,7,"{""engine"": ""PySR"", ""engine_output_directory"": ""C:\\Users\\xiao.cheng\\Desktop\\科研\\derived\\development\\g5_sr_engine"", ""engine_run_id"": ""shape_xi_only__outer02__inner00__seed2026082302""}",453c6a9dbc6ba19d096c9ae6dfb6836b82df3f4ef8501b17a41e60f12dc21a8b,c3fe3963d6eaedd1cc3fbb65c73a0bcf57cb260fd2f6fa9c40d3371f40640a55,
shape_xi_only__outer02__inner00__seed2026082303,shape_xi_only,INITIAL,"[""xi""]",INNER_SEARCH,shape,2,d_q018_s50,0,"[""d_q018_s35"",""d_q018_s45"",""d_q027_s50"",""d_q036_s35"",""d_q036_s45"",""d_q036_s50""]","[""d_q027_s35"",""d_q027_s45""]","[""d_q018_s50""]",2026082303,SUCCESS,,,2026-08-23T12:15:15.357731+00:00,25.689016399905086,580,6,5,"{""engine"": ""PySR"", ""engine_output_directory"": ""C:\\Users\\xiao.cheng\\Desktop\\科研\\derived\\development\\g5_sr_engine"", ""engine_run_id"": ""shape_xi_only__outer02__inner00__seed2026082303""}",453c6a9dbc6ba19d096c9ae6dfb6836b82df3f4ef8501b17a41e60f12dc21a8b,c3fe3963d6eaedd1cc3fbb65c73a0bcf57cb260fd2f6fa9c40d3371f40640a55,
shape_xi_only__outer02__inner00__seed2026082304,shape_xi_only,INITIAL,"[""xi""]",INNER_SEARCH,shape,2,d_q018_s50,0,"[""d_q018_s35"",""d_q018_s45"",""d_q027_s50"",""d_q036_s35"",""d_q036_s45"",""d_q036_s50""]","[""d_q027_s35"",""d_q027_s45""]","[""d_q018_s50""]",2026082304,SUCCESS,,,2026-08-23T12:15:41.521521+00:00,24.3308321996592,580,6,5,"{""engine"": ""PySR"", ""engine_output_directory"": ""C:\\Users\\xiao.cheng\\Desktop\\科研\\derived\\development\\g5_sr_engine"", ""engine_run_id"": ""shape_xi_only__outer02__inner00__seed2026082304""}",453c6a9dbc6ba19d096c9ae6dfb6836b82df3f4ef8501b17a41e60f12dc21a8b,c3fe3963d6eaedd1cc3fbb65c73a0bcf57cb260fd2f6fa9c40d3371f40640a55,
shape_xi_only__outer02__inner00__seed2026082305,shape_xi_only,INITIAL,"[""xi""]",INNER_SEARCH,shape,2,d_q018_s50,0,"[""d_q018_s35"",""d_q018_s45"",""d_q027_s50"",""d_q036_s35"",""d_q036_s45"",""d_q036_s50""]","[""d_q027_s35"",""d_q027_s45""]","[""d_q018_s50""]",2026082305,SUCCESS,,,2026-08-23T12:16:06.397959+00:00,24.417857700027525,580,6,6,"{""engine"": ""PySR"", ""engine_output_directory"": ""C:\\Users\\xiao.cheng\\Desktop\\科研\\derived\\development\\g5_sr_engine"", ""engine_run_id"": ""shape_xi_only__outer02__inner00__seed2026082305""}",453c6a9dbc6ba19d096c9ae6dfb6836b82df3f4ef8501b17a41e60f12dc21a8b,c3fe3963d6eaedd1cc3fbb65c73a0bcf57cb260fd2f6fa9c40d3371f40640a55,
shape_xi_only__outer02__inner01__seed2026082301,shape_xi_only,INITIAL,"[""xi""]",INNER_SEARCH,shape,2,d_q018_s50,1,"[""d_q018_s35"",""d_q018_s45"",""d_q027_s35"",""d_q027_s45"",""d_q036_s45"",""d_q036_s50""]","[""d_q027_s50"",""d_q036_s35""]","[""d_q018_s50""]",2026082301,SUCCESS,,,2026-08-23T12:16:31.288454+00:00,25.5794011997059,720,6,6,"{""engine"": ""PySR"", ""engine_output_directory"": ""C:\\Users\\xiao.cheng\\Desktop\\科研\\derived\\development\\g5_sr_engine"", ""engine_run_id"": ""shape_xi_only__outer02__inner01__seed2026082301""}",453c6a9dbc6ba19d096c9ae6dfb6836b82df3f4ef8501b17a41e60f12dc21a8b,c3fe3963d6eaedd1cc3fbb65c73a0bcf57cb260fd2f6fa9c40d3371f40640a55,
shape_xi_only__outer02__inner01__seed2026082302,shape_xi_only,INITIAL,"[""xi""]",INNER_SEARCH,shape,2,d_q018_s50,1,"[""d_q018_s35"",""d_q018_s45"",""d_q027_s35"",""d_q027_s45"",""d_q036_s45"",""d_q036_s50""]","[""d_q027_s50"",""d_q036_s35""]","[""d_q018_s50""]",2026082302,SUCCESS,,,2026-08-23T12:16:57.553348+00:00,27.176371299661696,720,6,5,"{""engine"": ""PySR"", ""engine_output_directory"": ""C:\\Users\\xiao.cheng\\Desktop\\科研\\derived\\development\\g5_sr_engine"", ""engine_run_id"": ""shape_xi_only__outer02__inner01__seed2026082302""}",453c6a9dbc6ba19d096c9ae6dfb6836b82df3f4ef8501b17a41e60f12dc21a8b,c3fe3963d6eaedd1cc3fbb65c73a0bcf57cb260fd2f6fa9c40d3371f40640a55,
shape_xi_only__outer02__inner01__seed2026082303,shape_xi_only,INITIAL,"[""xi""]",INNER_SEARCH,shape,2,d_q018_s50,1,"[""d_q018_s35"",""d_q018_s45"",""d_q027_s35"",""d_q027_s45"",""d_q036_s45"",""d_q036_s50""]","[""d_q027_s50"",""d_q036_s35""]","[""d_q018_s50""]",2026082303,SUCCESS,,,2026-08-23T12:17:25.357955+00:00,26.821090300101787,720,6,4,"{""engine"": ""PySR"", ""engine_output_directory"": ""C:\\Users\\xiao.cheng\\Desktop\\科研\\derived\\development\\g5_sr_engine"", ""engine_run_id"": ""shape_xi_only__outer02__inner01__seed2026082303""}",453c6a9dbc6ba19d096c9ae6dfb6836b82df3f4ef8501b17a41e60f12dc21a8b,c3fe3963d6eaedd1cc3fbb65c73a0bcf57cb260fd2f6fa9c40d3371f40640a55,
shape_xi_only__outer02__inner01__seed2026082304,shape_xi_only,INITIAL,"[""xi""]",INNER_SEARCH,shape,2,d_q018_s50,1,"[""d_q018_s35"",""d_q018_s45"",""d_q027_s35"",""d_q027_s45"",""d_q036_s45"",""d_q036_s50""]","[""d_q027_s50"",""d_q036_s35""]","[""d_q018_s50""]",2026082304,SUCCESS,,,2026-08-23T12:17:52.770417+00:00,27.334921900182962,720,6,4,"{""engine"": ""PySR"", ""engine_output_directory"": ""C:\\Users\\xiao.cheng\\Desktop\\科研\\derived\\development\\g5_sr_engine"", ""engine_run_id"": ""shape_xi_only__outer02__inner01__seed2026082304""}",453c6a9dbc6ba19d096c9ae6dfb6836b82df3f4ef8501b17a41e60f12dc21a8b,c3fe3963d6eaedd1cc3fbb65c73a0bcf57cb260fd2f6fa9c40d3371f40640a55,
shape_xi_only__outer02__inner01__seed2026082305,shape_xi_only,INITIAL,"[""xi""]",INNER_SEARCH,shape,2,d_q018_s50,1,"[""d_q018_s35"",""d_q018_s45"",""d_q027_s35"",""d_q027_s45"",""d_q036_s45"",""d_q036_s50""]","[""d_q027_s50"",""d_q036_s35""]","[""d_q018_s50""]",2026082305,SUCCESS,,,2026-08-23T12:18:21.335801+00:00,26.065008899662644,720,6,4,"{""engine"": ""PySR"", ""engine_output_directory"": ""C:\\Users\\xiao.cheng\\Desktop\\科研\\derived\\development\\g5_sr_engine"", ""engine_run_id"": ""shape_xi_only__outer02__inner01__seed2026082305""}",453c6a9dbc6ba19d096c9ae6dfb6836b82df3f4ef8501b17a41e60f12dc21a8b,c3fe3963d6eaedd1cc3fbb65c73a0bcf57cb260fd2f6fa9c40d3371f40640a55,
shape_xi_only__outer02__inner02__seed2026082301,shape_xi_only,INITIAL,"[""xi""]",INNER_SEARCH,shape,2,d_q018_s50,2,"[""d_q018_s35"",""d_q018_s45"",""d_q027_s35"",""d_q027_s45"",""d_q027_s50"",""d_q036_s35""]","[""d_q036_s45"",""d_q036_s50""]","[""d_q018_s50""]",2026082301,SUCCESS,,,2026-08-23T12:18:48.008058+00:00,25.91130999987945,646,6,5,"{""engine"": ""PySR"", ""engine_output_directory"": ""C:\\Users\\xiao.cheng\\Desktop\\科研\\derived\\development\\g5_sr_engine"", ""engine_run_id"": ""shape_xi_only__outer02__inner02__seed2026082301""}",453c6a9dbc6ba19d096c9ae6dfb6836b82df3f4ef8501b17a41e60f12dc21a8b,c3fe3963d6eaedd1cc3fbb65c73a0bcf57cb260fd2f6fa9c40d3371f40640a55,
shape_xi_only__outer02__inner02__seed2026082302,shape_xi_only,INITIAL,"[""xi""]",INNER_SEARCH,shape,2,d_q018_s50,2,"[""d_q018_s35"",""d_q018_s45"",""d_q027_s35"",""d_q027_s45"",""d_q027_s50"",""d_q036_s35""]","[""d_q036_s45"",""d_q036_s50""]","[""d_q018_s50""]",2026082302,SUCCESS,,,2026-08-23T12:19:14.329919+00:00,29.883582099806517,646,6,4,"{""engine"": ""PySR"", ""engine_output_directory"": ""C:\\Users\\xiao.cheng\\Desktop\\科研\\derived\\development\\g5_sr_engine"", ""engine_run_id"": ""shape_xi_only__outer02__inner02__seed2026082302""}",453c6a9dbc6ba19d096c9ae6dfb6836b82df3f4ef8501b17a41e60f12dc21a8b,c3fe3963d6eaedd1cc3fbb65c73a0bcf57cb260fd2f6fa9c40d3371f40640a55,
shape_xi_only__outer02__inner02__seed2026082303,shape_xi_only,INITIAL,"[""xi""]",INNER_SEARCH,shape,2,d_q018_s50,2,"[""d_q018_s35"",""d_q018_s45"",""d_q027_s35"",""d_q027_s45"",""d_q027_s50"",""d_q036_s35""]","[""d_q036_s45"",""d_q036_s50""]","[""d_q018_s50""]",2026082303,SUCCESS,,,2026-08-23T12:19:44.982696+00:00,24.642089099623263,646,6,3,"{""engine"": ""PySR"", ""engine_output_directory"": ""C:\\Users\\xiao.cheng\\Desktop\\科研\\derived\\development\\g5_sr_engine"", ""engine_run_id"": ""shape_xi_only__outer02__inner02__seed2026082303""}",453c6a9dbc6ba19d096c9ae6dfb6836b82df3f4ef8501b17a41e60f12dc21a8b,c3fe3963d6eaedd1cc3fbb65c73a0bcf57cb260fd2f6fa9c40d3371f40640a55,
shape_xi_only__outer02__inner02__seed2026082304,shape_xi_only,INITIAL,"[""xi""]",INNER_SEARCH,shape,2,d_q018_s50,2,"[""d_q018_s35"",""d_q018_s45"",""d_q027_s35"",""d_q027_s45"",""d_q027_s50"",""d_q036_s35""]","[""d_q036_s45"",""d_q036_s50""]","[""d_q018_s50""]",2026082304,SUCCESS,,,2026-08-23T12:20:10.194340+00:00,27.83202870003879,646,6,5,"{""engine"": ""PySR"", ""engine_output_directory"": ""C:\\Users\\xiao.cheng\\Desktop\\科研\\derived\\development\\g5_sr_engine"", ""engine_run_id"": ""shape_xi_only__outer02__inner02__seed2026082304""}",453c6a9dbc6ba19d096c9ae6dfb6836b82df3f4ef8501b17a41e60f12dc21a8b,c3fe3963d6eaedd1cc3fbb65c73a0bcf57cb260fd2f6fa9c40d3371f40640a55,
shape_xi_only__outer02__inner02__seed2026082305,shape_xi_only,INITIAL,"[""xi""]",INNER_SEARCH,shape,2,d_q018_s50,2,"[""d_q018_s35"",""d_q018_s45"",""d_q027_s35"",""d_q027_s45"",""d_q027_s50"",""d_q036_s35""]","[""d_q036_s45"",""d_q036_s50""]","[""d_q018_s50""]",2026082305,SUCCESS,,,2026-08-23T12:20:38.657251+00:00,25.32343150023371,646,6,5,"{""engine"": ""PySR"", ""engine_output_directory"": ""C:\\Users\\xiao.cheng\\Desktop\\科研\\derived\\development\\g5_sr_engine"", ""engine_run_id"": ""shape_xi_only__outer02__inner02__seed2026082305""}",453c6a9dbc6ba19d096c9ae6dfb6836b82df3f4ef8501b17a41e60f12dc21a8b,c3fe3963d6eaedd1cc3fbb65c73a0bcf57cb260fd2f6fa9c40d3371f40640a55,
shape_xi_only__outer02__inner03__seed2026082301,shape_xi_only,INITIAL,"[""xi""]",INNER_SEARCH,shape,2,d_q018_s50,3,"[""d_q027_s35"",""d_q027_s45"",""d_q027_s50"",""d_q036_s35"",""d_q036_s45"",""d_q036_s50""]","[""d_q018_s35"",""d_q018_s45""]","[""d_q018_s50""]",2026082301,SUCCESS,,,2026-08-23T12:21:04.426313+00:00,27.296144799795,646,6,5,"{""engine"": ""PySR"", ""engine_output_directory"": ""C:\\Users\\xiao.cheng\\Desktop\\科研\\derived\\development\\g5_sr_engine"", ""engine_run_id"": ""shape_xi_only__outer02__inner03__seed2026082301""}",453c6a9dbc6ba19d096c9ae6dfb6836b82df3f4ef8501b17a41e60f12dc21a8b,c3fe3963d6eaedd1cc3fbb65c73a0bcf57cb260fd2f6fa9c40d3371f40640a55,
shape_xi_only__outer02__inner03__seed2026082302,shape_xi_only,INITIAL,"[""xi""]",INNER_SEARCH,shape,2,d_q018_s50,3,"[""d_q027_s35"",""d_q027_s45"",""d_q027_s50"",""d_q036_s35"",""d_q036_s45"",""d_q036_s50""]","[""d_q018_s35"",""d_q018_s45""]","[""d_q018_s50""]",2026082302,SUCCESS,,,2026-08-23T12:21:32.625125+00:00,34.58675209991634,646,6,7,"{""engine"": ""PySR"", ""engine_output_directory"": ""C:\\Users\\xiao.cheng\\Desktop\\科研\\derived\\development\\g5_sr_engine"", ""engine_run_id"": ""shape_xi_only__outer02__inner03__seed2026082302""}",453c6a9dbc6ba19d096c9ae6dfb6836b82df3f4ef8501b17a41e60f12dc21a8b,c3fe3963d6eaedd1cc3fbb65c73a0bcf57cb260fd2f6fa9c40d3371f40640a55,
shape_xi_only__outer02__inner03__seed2026082303,shape_xi_only,INITIAL,"[""xi""]",INNER_SEARCH,shape,2,d_q018_s50,3,"[""d_q027_s35"",""d_q027_s45"",""d_q027_s50"",""d_q036_s35"",""d_q036_s45"",""d_q036_s50""]","[""d_q018_s35"",""d_q018_s45""]","[""d_q018_s50""]",2026082303,SUCCESS,,,2026-08-23T12:22:08.079629+00:00,28.958159900270402,646,6,4,"{""engine"": ""PySR"", ""engine_output_directory"": ""C:\\Users\\xiao.cheng\\Desktop\\科研\\derived\\development\\g5_sr_engine"", ""engine_run_id"": ""shape_xi_only__outer02__inner03__seed2026082303""}",453c6a9dbc6ba19d096c9ae6dfb6836b82df3f4ef8501b17a41e60f12dc21a8b,c3fe3963d6eaedd1cc3fbb65c73a0bcf57cb260fd2f6fa9c40d3371f40640a55,
shape_xi_only__outer02__inner03__seed2026082304,shape_xi_only,INITIAL,"[""xi""]",INNER_SEARCH,shape,2,d_q018_s50,3,"[""d_q027_s35"",""d_q027_s45"",""d_q027_s50"",""d_q036_s35"",""d_q036_s45"",""d_q036_s50""]","[""d_q018_s35"",""d_q018_s45""]","[""d_q018_s50""]",2026082304,SUCCESS,,,2026-08-23T12:22:37.965981+00:00,25.915053999982774,646,6,4,"{""engine"": ""PySR"", ""engine_output_directory"": ""C:\\Users\\xiao.cheng\\Desktop\\科研\\derived\\development\\g5_sr_engine"", ""engine_run_id"": ""shape_xi_only__outer02__inner03__seed2026082304""}",453c6a9dbc6ba19d096c9ae6dfb6836b82df3f4ef8501b17a41e60f12dc21a8b,c3fe3963d6eaedd1cc3fbb65c73a0bcf57cb260fd2f6fa9c40d3371f40640a55,
shape_xi_only__outer02__inner03__seed2026082305,shape_xi_only,INITIAL,"[""xi""]",INNER_SEARCH,shape,2,d_q018_s50,3,"[""d_q027_s35"",""d_q027_s45"",""d_q027_s50"",""d_q036_s35"",""d_q036_s45"",""d_q036_s50""]","[""d_q018_s35"",""d_q018_s45""]","[""d_q018_s50""]",2026082305,SUCCESS,,,2026-08-23T12:23:04.652117+00:00,24.61046819994226,646,6,5,"{""engine"": ""PySR"", ""engine_output_directory"": ""C:\\Users\\xiao.cheng\\Desktop\\科研\\derived\\development\\g5_sr_engine"", ""engine_run_id"": ""shape_xi_only__outer02__inner03__seed2026082305""}",453c6a9dbc6ba19d096c9ae6dfb6836b82df3f4ef8501b17a41e60f12dc21a8b,c3fe3963d6eaedd1cc3fbb65c73a0bcf57cb260fd2f6fa9c40d3371f40640a55,
shape_xi_only__outer02__refit__seed2026082301,shape_xi_only,INITIAL,"[""xi""]",OUTER_REFIT_SEARCH,shape,2,d_q018_s50,-1,"[""d_q018_s35"",""d_q018_s45"",""d_q027_s35"",""d_q027_s45"",""d_q027_s50"",""d_q036_s35"",""d_q036_s45"",""d_q036_s50""]",[],"[""d_q018_s50""]",2026082301,SUCCESS,,,2026-08-23T12:23:29.839021+00:00,31.59890200011432,864,8,5,"{""engine"": ""PySR"", ""engine_output_directory"": ""C:\\Users\\xiao.cheng\\Desktop\\科研\\derived\\development\\g5_sr_engine"", ""engine_run_id"": ""shape_xi_only__outer02__refit__seed2026082301""}",453c6a9dbc6ba19d096c9ae6dfb6836b82df3f4ef8501b17a41e60f12dc21a8b,c3fe3963d6eaedd1cc3fbb65c73a0bcf57cb260fd2f6fa9c40d3371f40640a55,
shape_xi_only__outer02__refit__seed2026082302,shape_xi_only,INITIAL,"[""xi""]",OUTER_REFIT_SEARCH,shape,2,d_q018_s50,-1,"[""d_q018_s35"",""d_q018_s45"",""d_q027_s35"",""d_q027_s45"",""d_q027_s50"",""d_q036_s35"",""d_q036_s45"",""d_q036_s50""]",[],"[""d_q018_s50""]",2026082302,SUCCESS,,,2026-08-23T12:24:01.957393+00:00,25.582665800116956,864,8,4,"{""engine"": ""PySR"", ""engine_output_directory"": ""C:\\Users\\xiao.cheng\\Desktop\\科研\\derived\\development\\g5_sr_engine"", ""engine_run_id"": ""shape_xi_only__outer02__refit__seed2026082302""}",453c6a9dbc6ba19d096c9ae6dfb6836b82df3f4ef8501b17a41e60f12dc21a8b,c3fe3963d6eaedd1cc3fbb65c73a0bcf57cb260fd2f6fa9c40d3371f40640a55,
shape_xi_only__outer02__refit__seed2026082303,shape_xi_only,INITIAL,"[""xi""]",OUTER_REFIT_SEARCH,shape,2,d_q018_s50,-1,"[""d_q018_s35"",""d_q018_s45"",""d_q027_s35"",""d_q027_s45"",""d_q027_s50"",""d_q036_s35"",""d_q036_s45"",""d_q036_s50""]",[],"[""d_q018_s50""]",2026082303,SUCCESS,,,2026-08-23T12:24:28.142068+00:00,29.93074749968946,864,8,5,"{""engine"": ""PySR"", ""engine_output_directory"": ""C:\\Users\\xiao.cheng\\Desktop\\科研\\derived\\development\\g5_sr_engine"", ""engine_run_id"": ""shape_xi_only__outer02__refit__seed2026082303""}",453c6a9dbc6ba19d096c9ae6dfb6836b82df3f4ef8501b17a41e60f12dc21a8b,c3fe3963d6eaedd1cc3fbb65c73a0bcf57cb260fd2f6fa9c40d3371f40640a55,
shape_xi_only__outer02__refit__seed2026082304,shape_xi_only,INITIAL,"[""xi""]",OUTER_REFIT_SEARCH,shape,2,d_q018_s50,-1,"[""d_q018_s35"",""d_q018_s45"",""d_q027_s35"",""d_q027_s45"",""d_q027_s50"",""d_q036_s35"",""d_q036_s45"",""d_q036_s50""]",[],"[""d_q018_s50""]",2026082304,SUCCESS,,,2026-08-23T12:24:58.700907+00:00,25.620873999781907,864,8,4,"{""engine"": ""PySR"", ""engine_output_directory"": ""C:\\Users\\xiao.cheng\\Desktop\\科研\\derived\\development\\g5_sr_engine"", ""engine_run_id"": ""shape_xi_only__outer02__refit__seed2026082304""}",453c6a9dbc6ba19d096c9ae6dfb6836b82df3f4ef8501b17a41e60f12dc21a8b,c3fe3963d6eaedd1cc3fbb65c73a0bcf57cb260fd2f6fa9c40d3371f40640a55,
shape_xi_only__outer02__refit__seed2026082305,shape_xi_only,INITIAL,"[""xi""]",OUTER_REFIT_SEARCH,shape,2,d_q018_s50,-1,"[""d_q018_s35"",""d_q018_s45"",""d_q027_s35"",""d_q027_s45"",""d_q027_s50"",""d_q036_s35"",""d_q036_s45"",""d_q036_s50""]",[],"[""d_q018_s50""]",2026082305,SUCCESS,,,2026-08-23T12:25:24.859893+00:00,23.105848300270736,864,8,5,"{""engine"": ""PySR"", ""engine_output_directory"": ""C:\\Users\\xiao.cheng\\Desktop\\科研\\derived\\development\\g5_sr_engine"", ""engine_run_id"": ""shape_xi_only__outer02__refit__seed2026082305""}",453c6a9dbc6ba19d096c9ae6dfb6836b82df3f4ef8501b17a41e60f12dc21a8b,c3fe3963d6eaedd1cc3fbb65c73a0bcf57cb260fd2f6fa9c40d3371f40640a55,
shape_xi_only__outer03__inner00__seed2026082301,shape_xi_only,INITIAL,"[""xi""]",INNER_SEARCH,shape,3,d_q027_s35,0,"[""d_q018_s35"",""d_q018_s45"",""d_q018_s50"",""d_q036_s35"",""d_q036_s45"",""d_q036_s50""]","[""d_q027_s45"",""d_q027_s50""]","[""d_q027_s35""]",2026082301,SUCCESS,,,2026-08-23T12:25:48.578852+00:00,28.33718719985336,650,6,4,"{""engine"": ""PySR"", ""engine_output_directory"": ""C:\\Users\\xiao.cheng\\Desktop\\科研\\derived\\development\\g5_sr_engine"", ""engine_run_id"": ""shape_xi_only__outer03__inner00__seed2026082301""}",453c6a9dbc6ba19d096c9ae6dfb6836b82df3f4ef8501b17a41e60f12dc21a8b,c3fe3963d6eaedd1cc3fbb65c73a0bcf57cb260fd2f6fa9c40d3371f40640a55,
shape_xi_only__outer03__inner00__seed2026082302,shape_xi_only,INITIAL,"[""xi""]",INNER_SEARCH,shape,3,d_q027_s35,0,"[""d_q018_s35"",""d_q018_s45"",""d_q018_s50"",""d_q036_s35"",""d_q036_s45"",""d_q036_s50""]","[""d_q027_s45"",""d_q027_s50""]","[""d_q027_s35""]",2026082302,SUCCESS,,,2026-08-23T12:26:17.555237+00:00,22.4998767003417,650,6,5,"{""engine"": ""PySR"", ""engine_output_directory"": ""C:\\Users\\xiao.cheng\\Desktop\\科研\\derived\\development\\g5_sr_engine"", ""engine_run_id"": ""shape_xi_only__outer03__inner00__seed2026082302""}",453c6a9dbc6ba19d096c9ae6dfb6836b82df3f4ef8501b17a41e60f12dc21a8b,c3fe3963d6eaedd1cc3fbb65c73a0bcf57cb260fd2f6fa9c40d3371f40640a55,
shape_xi_only__outer03__inner00__seed2026082303,shape_xi_only,INITIAL,"[""xi""]",INNER_SEARCH,shape,3,d_q027_s35,0,"[""d_q018_s35"",""d_q018_s45"",""d_q018_s50"",""d_q036_s35"",""d_q036_s45"",""d_q036_s50""]","[""d_q027_s45"",""d_q027_s50""]","[""d_q027_s35""]",2026082303,SUCCESS,,,2026-08-23T12:26:40.468720+00:00,27.44747280003503,650,6,3,"{""engine"": ""PySR"", ""engine_output_directory"": ""C:\\Users\\xiao.cheng\\Desktop\\科研\\derived\\development\\g5_sr_engine"", ""engine_run_id"": ""shape_xi_only__outer03__inner00__seed2026082303""}",453c6a9dbc6ba19d096c9ae6dfb6836b82df3f4ef8501b17a41e60f12dc21a8b,c3fe3963d6eaedd1cc3fbb65c73a0bcf57cb260fd2f6fa9c40d3371f40640a55,
shape_xi_only__outer03__inner00__seed2026082304,shape_xi_only,INITIAL,"[""xi""]",INNER_SEARCH,shape,3,d_q027_s35,0,"[""d_q018_s35"",""d_q018_s45"",""d_q018_s50"",""d_q036_s35"",""d_q036_s45"",""d_q036_s50""]","[""d_q027_s45"",""d_q027_s50""]","[""d_q027_s35""]",2026082304,SUCCESS,,,2026-08-23T12:27:08.652153+00:00,25.603948200121522,650,6,3,"{""engine"": ""PySR"", ""engine_output_directory"": ""C:\\Users\\xiao.cheng\\Desktop\\科研\\derived\\development\\g5_sr_engine"", ""engine_run_id"": ""shape_xi_only__outer03__inner00__seed2026082304""}",453c6a9dbc6ba19d096c9ae6dfb6836b82df3f4ef8501b17a41e60f12dc21a8b,c3fe3963d6eaedd1cc3fbb65c73a0bcf57cb260fd2f6fa9c40d3371f40640a55,
shape_xi_only__outer03__inner00__seed2026082305,shape_xi_only,INITIAL,"[""xi""]",INNER_SEARCH,shape,3,d_q027_s35,0,"[""d_q018_s35"",""d_q018_s45"",""d_q018_s50"",""d_q036_s35"",""d_q036_s45"",""d_q036_s50""]","[""d_q027_s45"",""d_q027_s50""]","[""d_q027_s35""]",2026082305,SUCCESS,,,2026-08-23T12:27:34.688756+00:00,32.11378169991076,650,6,5,"{""engine"": ""PySR"", ""engine_output_directory"": ""C:\\Users\\xiao.cheng\\Desktop\\科研\\derived\\development\\g5_sr_engine"", ""engine_run_id"": ""shape_xi_only__outer03__inner00__seed2026082305""}",453c6a9dbc6ba19d096c9ae6dfb6836b82df3f4ef8501b17a41e60f12dc21a8b,c3fe3963d6eaedd1cc3fbb65c73a0bcf57cb260fd2f6fa9c40d3371f40640a55,
shape_xi_only__outer03__inner01__seed2026082301,shape_xi_only,INITIAL,"[""xi""]",INNER_SEARCH,shape,3,d_q027_s35,1,"[""d_q018_s35"",""d_q018_s45"",""d_q018_s50"",""d_q027_s45"",""d_q027_s50"",""d_q036_s50""]","[""d_q036_s35"",""d_q036_s45""]","[""d_q027_s35""]",2026082301,SUCCESS,,,2026-08-23T12:28:07.466082+00:00,29.34631250007078,790,6,5,"{""engine"": ""PySR"", ""engine_output_directory"": ""C:\\Users\\xiao.cheng\\Desktop\\科研\\derived\\development\\g5_sr_engine"", ""engine_run_id"": ""shape_xi_only__outer03__inner01__seed2026082301""}",453c6a9dbc6ba19d096c9ae6dfb6836b82df3f4ef8501b17a41e60f12dc21a8b,c3fe3963d6eaedd1cc3fbb65c73a0bcf57cb260fd2f6fa9c40d3371f40640a55,
shape_xi_only__outer03__inner01__seed2026082302,shape_xi_only,INITIAL,"[""xi""]",INNER_SEARCH,shape,3,d_q027_s35,1,"[""d_q018_s35"",""d_q018_s45"",""d_q018_s50"",""d_q027_s45"",""d_q027_s50"",""d_q036_s50""]","[""d_q036_s35"",""d_q036_s45""]","[""d_q027_s35""]",2026082302,SUCCESS,,,2026-08-23T12:28:37.359185+00:00,34.3962576999329,790,6,4,"{""engine"": ""PySR"", ""engine_output_directory"": ""C:\\Users\\xiao.cheng\\Desktop\\科研\\derived\\development\\g5_sr_engine"", ""engine_run_id"": ""shape_xi_only__outer03__inner01__seed2026082302""}",453c6a9dbc6ba19d096c9ae6dfb6836b82df3f4ef8501b17a41e60f12dc21a8b,c3fe3963d6eaedd1cc3fbb65c73a0bcf57cb260fd2f6fa9c40d3371f40640a55,
shape_xi_only__outer03__inner01__seed2026082303,shape_xi_only,INITIAL,"[""xi""]",INNER_SEARCH,shape,3,d_q027_s35,1,"[""d_q018_s35"",""d_q018_s45"",""d_q018_s50"",""d_q027_s45"",""d_q027_s50"",""d_q036_s50""]","[""d_q036_s35"",""d_q036_s45""]","[""d_q027_s35""]",2026082303,SUCCESS,,,2026-08-23T12:29:12.929728+00:00,24.342032799962908,790,6,5,"{""engine"": ""PySR"", ""engine_output_directory"": ""C:\\Users\\xiao.cheng\\Desktop\\科研\\derived\\development\\g5_sr_engine"", ""engine_run_id"": ""shape_xi_only__outer03__inner01__seed2026082303""}",453c6a9dbc6ba19d096c9ae6dfb6836b82df3f4ef8501b17a41e60f12dc21a8b,c3fe3963d6eaedd1cc3fbb65c73a0bcf57cb260fd2f6fa9c40d3371f40640a55,
shape_xi_only__outer03__inner01__seed2026082304,shape_xi_only,INITIAL,"[""xi""]",INNER_SEARCH,shape,3,d_q027_s35,1,"[""d_q018_s35"",""d_q018_s45"",""d_q018_s50"",""d_q027_s45"",""d_q027_s50"",""d_q036_s50""]","[""d_q036_s35"",""d_q036_s45""]","[""d_q027_s35""]",2026082304,SUCCESS,,,2026-08-23T12:29:38.118099+00:00,24.683000499848276,790,6,3,"{""engine"": ""PySR"", ""engine_output_directory"": ""C:\\Users\\xiao.cheng\\Desktop\\科研\\derived\\development\\g5_sr_engine"", ""engine_run_id"": ""shape_xi_only__outer03__inner01__seed2026082304""}",453c6a9dbc6ba19d096c9ae6dfb6836b82df3f4ef8501b17a41e60f12dc21a8b,c3fe3963d6eaedd1cc3fbb65c73a0bcf57cb260fd2f6fa9c40d3371f40640a55,
shape_xi_only__outer03__inner01__seed2026082305,shape_xi_only,INITIAL,"[""xi""]",INNER_SEARCH,shape,3,d_q027_s35,1,"[""d_q018_s35"",""d_q018_s45"",""d_q018_s50"",""d_q027_s45"",""d_q027_s50"",""d_q036_s50""]","[""d_q036_s35"",""d_q036_s45""]","[""d_q027_s35""]",2026082305,SUCCESS,,,2026-08-23T12:30:03.431586+00:00,26.528223199769855,790,6,6,"{""engine"": ""PySR"", ""engine_output_directory"": ""C:\\Users\\xiao.cheng\\Desktop\\科研\\derived\\development\\g5_sr_engine"", ""engine_run_id"": ""shape_xi_only__outer03__inner01__seed2026082305""}",453c6a9dbc6ba19d096c9ae6dfb6836b82df3f4ef8501b17a41e60f12dc21a8b,c3fe3963d6eaedd1cc3fbb65c73a0bcf57cb260fd2f6fa9c40d3371f40640a55,
shape_xi_only__outer03__inner02__seed2026082301,shape_xi_only,INITIAL,"[""xi""]",INNER_SEARCH,shape,3,d_q027_s35,2,"[""d_q018_s45"",""d_q018_s50"",""d_q027_s45"",""d_q027_s50"",""d_q036_s35"",""d_q036_s45""]","[""d_q018_s35"",""d_q036_s50""]","[""d_q027_s35""]",2026082301,SUCCESS,,,2026-08-23T12:30:30.448458+00:00,25.138926499988884,572,6,3,"{""engine"": ""PySR"", ""engine_output_directory"": ""C:\\Users\\xiao.cheng\\Desktop\\科研\\derived\\development\\g5_sr_engine"", ""engine_run_id"": ""shape_xi_only__outer03__inner02__seed2026082301""}",453c6a9dbc6ba19d096c9ae6dfb6836b82df3f4ef8501b17a41e60f12dc21a8b,c3fe3963d6eaedd1cc3fbb65c73a0bcf57cb260fd2f6fa9c40d3371f40640a55,
shape_xi_only__outer03__inner02__seed2026082302,shape_xi_only,INITIAL,"[""xi""]",INNER_SEARCH,shape,3,d_q027_s35,2,"[""d_q018_s45"",""d_q018_s50"",""d_q027_s45"",""d_q027_s50"",""d_q036_s35"",""d_q036_s45""]","[""d_q018_s35"",""d_q036_s50""]","[""d_q027_s35""]",2026082302,SUCCESS,,,2026-08-23T12:30:56.030310+00:00,24.032358500175178,572,6,4,"{""engine"": ""PySR"", ""engine_output_directory"": ""C:\\Users\\xiao.cheng\\Desktop\\科研\\derived\\development\\g5_sr_engine"", ""engine_run_id"": ""shape_xi_only__outer03__inner02__seed2026082302""}",453c6a9dbc6ba19d096c9ae6dfb6836b82df3f4ef8501b17a41e60f12dc21a8b,c3fe3963d6eaedd1cc3fbb65c73a0bcf57cb260fd2f6fa9c40d3371f40640a55,
shape_xi_only__outer03__inner02__seed2026082303,shape_xi_only,INITIAL,"[""xi""]",INNER_SEARCH,shape,3,d_q027_s35,2,"[""d_q018_s45"",""d_q018_s50"",""d_q027_s45"",""d_q027_s50"",""d_q036_s35"",""d_q036_s45""]","[""d_q018_s35"",""d_q036_s50""]","[""d_q027_s35""]",2026082303,SUCCESS,,,2026-08-23T12:31:20.683994+00:00,33.29680259991437,572,6,4,"{""engine"": ""PySR"", ""engine_output_directory"": ""C:\\Users\\xiao.cheng\\Desktop\\科研\\derived\\development\\g5_sr_engine"", ""engine_run_id"": ""shape_xi_only__outer03__inner02__seed2026082303""}",453c6a9dbc6ba19d096c9ae6dfb6836b82df3f4ef8501b17a41e60f12dc21a8b,c3fe3963d6eaedd1cc3fbb65c73a0bcf57cb260fd2f6fa9c40d3371f40640a55,
shape_xi_only__outer03__inner02__seed2026082304,shape_xi_only,INITIAL,"[""xi""]",INNER_SEARCH,shape,3,d_q027_s35,2,"[""d_q018_s45"",""d_q018_s50"",""d_q027_s45"",""d_q027_s50"",""d_q036_s35"",""d_q036_s45""]","[""d_q018_s35"",""d_q036_s50""]","[""d_q027_s35""]",2026082304,SUCCESS,,,2026-08-23T12:31:54.512210+00:00,22.23787730000913,572,6,7,"{""engine"": ""PySR"", ""engine_output_directory"": ""C:\\Users\\xiao.cheng\\Desktop\\科研\\derived\\development\\g5_sr_engine"", ""engine_run_id"": ""shape_xi_only__outer03__inner02__seed2026082304""}",453c6a9dbc6ba19d096c9ae6dfb6836b82df3f4ef8501b17a41e60f12dc21a8b,c3fe3963d6eaedd1cc3fbb65c73a0bcf57cb260fd2f6fa9c40d3371f40640a55,
shape_xi_only__outer03__inner02__seed2026082305,shape_xi_only,INITIAL,"[""xi""]",INNER_SEARCH,shape,3,d_q027_s35,2,"[""d_q018_s45"",""d_q018_s50"",""d_q027_s45"",""d_q027_s50"",""d_q036_s35"",""d_q036_s45""]","[""d_q018_s35"",""d_q036_s50""]","[""d_q027_s35""]",2026082305,SUCCESS,,,2026-08-23T12:32:17.465470+00:00,28.899728999938816,572,6,6,"{""engine"": ""PySR"", ""engine_output_directory"": ""C:\\Users\\xiao.cheng\\Desktop\\科研\\derived\\development\\g5_sr_engine"", ""engine_run_id"": ""shape_xi_only__outer03__inner02__seed2026082305""}",453c6a9dbc6ba19d096c9ae6dfb6836b82df3f4ef8501b17a41e60f12dc21a8b,c3fe3963d6eaedd1cc3fbb65c73a0bcf57cb260fd2f6fa9c40d3371f40640a55,
shape_xi_only__outer03__inner03__seed2026082301,shape_xi_only,INITIAL,"[""xi""]",INNER_SEARCH,shape,3,d_q027_s35,3,"[""d_q018_s35"",""d_q027_s45"",""d_q027_s50"",""d_q036_s35"",""d_q036_s45"",""d_q036_s50""]","[""d_q018_s45"",""d_q018_s50""]","[""d_q027_s35""]",2026082301,SUCCESS,,,2026-08-23T12:32:46.940073+00:00,22.948035799898207,790,6,5,"{""engine"": ""PySR"", ""engine_output_directory"": ""C:\\Users\\xiao.cheng\\Desktop\\科研\\derived\\development\\g5_sr_engine"", ""engine_run_id"": ""shape_xi_only__outer03__inner03__seed2026082301""}",453c6a9dbc6ba19d096c9ae6dfb6836b82df3f4ef8501b17a41e60f12dc21a8b,c3fe3963d6eaedd1cc3fbb65c73a0bcf57cb260fd2f6fa9c40d3371f40640a55,
shape_xi_only__outer03__inner03__seed2026082302,shape_xi_only,INITIAL,"[""xi""]",INNER_SEARCH,shape,3,d_q027_s35,3,"[""d_q018_s35"",""d_q027_s45"",""d_q027_s50"",""d_q036_s35"",""d_q036_s45"",""d_q036_s50""]","[""d_q018_s45"",""d_q018_s50""]","[""d_q027_s35""]",2026082302,SUCCESS,,,2026-08-23T12:33:10.400279+00:00,29.31527810031548,790,6,5,"{""engine"": ""PySR"", ""engine_output_directory"": ""C:\\Users\\xiao.cheng\\Desktop\\科研\\derived\\development\\g5_sr_engine"", ""engine_run_id"": ""shape_xi_only__outer03__inner03__seed2026082302""}",453c6a9dbc6ba19d096c9ae6dfb6836b82df3f4ef8501b17a41e60f12dc21a8b,c3fe3963d6eaedd1cc3fbb65c73a0bcf57cb260fd2f6fa9c40d3371f40640a55,
shape_xi_only__outer03__inner03__seed2026082303,shape_xi_only,INITIAL,"[""xi""]",INNER_SEARCH,shape,3,d_q027_s35,3,"[""d_q018_s35"",""d_q027_s45"",""d_q027_s50"",""d_q036_s35"",""d_q036_s45"",""d_q036_s50""]","[""d_q018_s45"",""d_q018_s50""]","[""d_q027_s35""]",2026082303,SUCCESS,,,2026-08-23T12:33:40.348794+00:00,23.798780100420117,790,6,6,"{""engine"": ""PySR"", ""engine_output_directory"": ""C:\\Users\\xiao.cheng\\Desktop\\科研\\derived\\development\\g5_sr_engine"", ""engine_run_id"": ""shape_xi_only__outer03__inner03__seed2026082303""}",453c6a9dbc6ba19d096c9ae6dfb6836b82df3f4ef8501b17a41e60f12dc21a8b,c3fe3963d6eaedd1cc3fbb65c73a0bcf57cb260fd2f6fa9c40d3371f40640a55,
shape_xi_only__outer03__inner03__seed2026082304,shape_xi_only,INITIAL,"[""xi""]",INNER_SEARCH,shape,3,d_q027_s35,3,"[""d_q018_s35"",""d_q027_s45"",""d_q027_s50"",""d_q036_s35"",""d_q036_s45"",""d_q036_s50""]","[""d_q018_s45"",""d_q018_s50""]","[""d_q027_s35""]",2026082304,SUCCESS,,,2026-08-23T12:34:04.646336+00:00,21.33820640016347,790,6,5,"{""engine"": ""PySR"", ""engine_output_directory"": ""C:\\Users\\xiao.cheng\\Desktop\\科研\\derived\\development\\g5_sr_engine"", ""engine_run_id"": ""shape_xi_only__outer03__inner03__seed2026082304""}",453c6a9dbc6ba19d096c9ae6dfb6836b82df3f4ef8501b17a41e60f12dc21a8b,c3fe3963d6eaedd1cc3fbb65c73a0bcf57cb260fd2f6fa9c40d3371f40640a55,
shape_xi_only__outer03__inner03__seed2026082305,shape_xi_only,INITIAL,"[""xi""]",INNER_SEARCH,shape,3,d_q027_s35,3,"[""d_q018_s35"",""d_q027_s45"",""d_q027_s50"",""d_q036_s35"",""d_q036_s45"",""d_q036_s50""]","[""d_q018_s45"",""d_q018_s50""]","[""d_q027_s35""]",2026082305,SUCCESS,,,2026-08-23T12:34:26.547727+00:00,33.12322579976171,790,6,4,"{""engine"": ""PySR"", ""engine_output_directory"": ""C:\\Users\\xiao.cheng\\Desktop\\科研\\derived\\development\\g5_sr_engine"", ""engine_run_id"": ""shape_xi_only__outer03__inner03__seed2026082305""}",453c6a9dbc6ba19d096c9ae6dfb6836b82df3f4ef8501b17a41e60f12dc21a8b,c3fe3963d6eaedd1cc3fbb65c73a0bcf57cb260fd2f6fa9c40d3371f40640a55,
shape_xi_only__outer03__refit__seed2026082301,shape_xi_only,INITIAL,"[""xi""]",OUTER_REFIT_SEARCH,shape,3,d_q027_s35,-1,"[""d_q018_s35"",""d_q018_s45"",""d_q018_s50"",""d_q027_s45"",""d_q027_s50"",""d_q036_s35"",""d_q036_s45"",""d_q036_s50""]",[],"[""d_q027_s35""]",2026082301,SUCCESS,,,2026-08-23T12:35:00.349947+00:00,24.445481000002474,934,8,3,"{""engine"": ""PySR"", ""engine_output_directory"": ""C:\\Users\\xiao.cheng\\Desktop\\科研\\derived\\development\\g5_sr_engine"", ""engine_run_id"": ""shape_xi_only__outer03__refit__seed2026082301""}",453c6a9dbc6ba19d096c9ae6dfb6836b82df3f4ef8501b17a41e60f12dc21a8b,c3fe3963d6eaedd1cc3fbb65c73a0bcf57cb260fd2f6fa9c40d3371f40640a55,
shape_xi_only__outer03__refit__seed2026082302,shape_xi_only,INITIAL,"[""xi""]",OUTER_REFIT_SEARCH,shape,3,d_q027_s35,-1,"[""d_q018_s35"",""d_q018_s45"",""d_q018_s50"",""d_q027_s45"",""d_q027_s50"",""d_q036_s35"",""d_q036_s45"",""d_q036_s50""]",[],"[""d_q027_s35""]",2026082302,SUCCESS,,,2026-08-23T12:35:25.481831+00:00,27.933150799944997,934,8,5,"{""engine"": ""PySR"", ""engine_output_directory"": ""C:\\Users\\xiao.cheng\\Desktop\\科研\\derived\\development\\g5_sr_engine"", ""engine_run_id"": ""shape_xi_only__outer03__refit__seed2026082302""}",453c6a9dbc6ba19d096c9ae6dfb6836b82df3f4ef8501b17a41e60f12dc21a8b,c3fe3963d6eaedd1cc3fbb65c73a0bcf57cb260fd2f6fa9c40d3371f40640a55,
shape_xi_only__outer03__refit__seed2026082303,shape_xi_only,INITIAL,"[""xi""]",OUTER_REFIT_SEARCH,shape,3,d_q027_s35,-1,"[""d_q018_s35"",""d_q018_s45"",""d_q018_s50"",""d_q027_s45"",""d_q027_s50"",""d_q036_s35"",""d_q036_s45"",""d_q036_s50""]",[],"[""d_q027_s35""]",2026082303,SUCCESS,,,2026-08-23T12:35:54.157912+00:00,23.333088600076735,934,8,5,"{""engine"": ""PySR"", ""engine_output_directory"": ""C:\\Users\\xiao.cheng\\Desktop\\科研\\derived\\development\\g5_sr_engine"", ""engine_run_id"": ""shape_xi_only__outer03__refit__seed2026082303""}",453c6a9dbc6ba19d096c9ae6dfb6836b82df3f4ef8501b17a41e60f12dc21a8b,c3fe3963d6eaedd1cc3fbb65c73a0bcf57cb260fd2f6fa9c40d3371f40640a55,
shape_xi_only__outer03__refit__seed2026082304,shape_xi_only,INITIAL,"[""xi""]",OUTER_REFIT_SEARCH,shape,3,d_q027_s35,-1,"[""d_q018_s35"",""d_q018_s45"",""d_q018_s50"",""d_q027_s45"",""d_q027_s50"",""d_q036_s35"",""d_q036_s45"",""d_q036_s50""]",[],"[""d_q027_s35""]",2026082304,SUCCESS,,,2026-08-23T12:36:18.033759+00:00,25.269224899820983,934,8,6,"{""engine"": ""PySR"", ""engine_output_directory"": ""C:\\Users\\xiao.cheng\\Desktop\\科研\\derived\\development\\g5_sr_engine"", ""engine_run_id"": ""shape_xi_only__outer03__refit__seed2026082304""}",453c6a9dbc6ba19d096c9ae6dfb6836b82df3f4ef8501b17a41e60f12dc21a8b,c3fe3963d6eaedd1cc3fbb65c73a0bcf57cb260fd2f6fa9c40d3371f40640a55,
shape_xi_only__outer03__refit__seed2026082305,shape_xi_only,INITIAL,"[""xi""]",OUTER_REFIT_SEARCH,shape,3,d_q027_s35,-1,"[""d_q018_s35"",""d_q018_s45"",""d_q018_s50"",""d_q027_s45"",""d_q027_s50"",""d_q036_s35"",""d_q036_s45"",""d_q036_s50""]",[],"[""d_q027_s35""]",2026082305,SUCCESS,,,2026-08-23T12:36:43.946421+00:00,25.467980300076306,934,8,4,"{""engine"": ""PySR"", ""engine_output_directory"": ""C:\\Users\\xiao.cheng\\Desktop\\科研\\derived\\development\\g5_sr_engine"", ""engine_run_id"": ""shape_xi_only__outer03__refit__seed2026082305""}",453c6a9dbc6ba19d096c9ae6dfb6836b82df3f4ef8501b17a41e60f12dc21a8b,c3fe3963d6eaedd1cc3fbb65c73a0bcf57cb260fd2f6fa9c40d3371f40640a55,
shape_xi_only__outer04__inner00__seed2026082301,shape_xi_only,INITIAL,"[""xi""]",INNER_SEARCH,shape,4,d_q027_s45,0,"[""d_q018_s35"",""d_q018_s45"",""d_q018_s50"",""d_q027_s35"",""d_q036_s45"",""d_q036_s50""]","[""d_q027_s50"",""d_q036_s35""]","[""d_q027_s45""]",2026082301,SUCCESS,,,2026-08-23T12:37:09.949840+00:00,24.417951699811965,580,6,7,"{""engine"": ""PySR"", ""engine_output_directory"": ""C:\\Users\\xiao.cheng\\Desktop\\科研\\derived\\development\\g5_sr_engine"", ""engine_run_id"": ""shape_xi_only__outer04__inner00__seed2026082301""}",453c6a9dbc6ba19d096c9ae6dfb6836b82df3f4ef8501b17a41e60f12dc21a8b,c3fe3963d6eaedd1cc3fbb65c73a0bcf57cb260fd2f6fa9c40d3371f40640a55,
shape_xi_only__outer04__inner00__seed2026082302,shape_xi_only,INITIAL,"[""xi""]",INNER_SEARCH,shape,4,d_q027_s45,0,"[""d_q018_s35"",""d_q018_s45"",""d_q018_s50"",""d_q027_s35"",""d_q036_s45"",""d_q036_s50""]","[""d_q027_s50"",""d_q036_s35""]","[""d_q027_s45""]",2026082302,SUCCESS,,,2026-08-23T12:37:34.933525+00:00,27.43400130001828,580,6,2,"{""engine"": ""PySR"", ""engine_output_directory"": ""C:\\Users\\xiao.cheng\\Desktop\\科研\\derived\\development\\g5_sr_engine"", ""engine_run_id"": ""shape_xi_only__outer04__inner00__seed2026082302""}",453c6a9dbc6ba19d096c9ae6dfb6836b82df3f4ef8501b17a41e60f12dc21a8b,c3fe3963d6eaedd1cc3fbb65c73a0bcf57cb260fd2f6fa9c40d3371f40640a55,
shape_xi_only__outer04__inner00__seed2026082303,shape_xi_only,INITIAL,"[""xi""]",INNER_SEARCH,shape,4,d_q027_s45,0,"[""d_q018_s35"",""d_q018_s45"",""d_q018_s50"",""d_q027_s35"",""d_q036_s45"",""d_q036_s50""]","[""d_q027_s50"",""d_q036_s35""]","[""d_q027_s45""]",2026082303,SUCCESS,,,2026-08-23T12:38:02.947572+00:00,24.689366000238806,580,6,4,"{""engine"": ""PySR"", ""engine_output_directory"": ""C:\\Users\\xiao.cheng\\Desktop\\科研\\derived\\development\\g5_sr_engine"", ""engine_run_id"": ""shape_xi_only__outer04__inner00__seed2026082303""}",453c6a9dbc6ba19d096c9ae6dfb6836b82df3f4ef8501b17a41e60f12dc21a8b,c3fe3963d6eaedd1cc3fbb65c73a0bcf57cb260fd2f6fa9c40d3371f40640a55,
shape_xi_only__outer04__inner00__seed2026082304,shape_xi_only,INITIAL,"[""xi""]",INNER_SEARCH,shape,4,d_q027_s45,0,"[""d_q018_s35"",""d_q018_s45"",""d_q018_s50"",""d_q027_s35"",""d_q036_s45"",""d_q036_s50""]","[""d_q027_s50"",""d_q036_s35""]","[""d_q027_s45""]",2026082304,SUCCESS,,,2026-08-23T12:38:28.465902+00:00,27.13033519964665,580,6,3,"{""engine"": ""PySR"", ""engine_output_directory"": ""C:\\Users\\xiao.cheng\\Desktop\\科研\\derived\\development\\g5_sr_engine"", ""engine_run_id"": ""shape_xi_only__outer04__inner00__seed2026082304""}",453c6a9dbc6ba19d096c9ae6dfb6836b82df3f4ef8501b17a41e60f12dc21a8b,c3fe3963d6eaedd1cc3fbb65c73a0bcf57cb260fd2f6fa9c40d3371f40640a55,
shape_xi_only__outer04__inner00__seed2026082305,shape_xi_only,INITIAL,"[""xi""]",INNER_SEARCH,shape,4,d_q027_s45,0,"[""d_q018_s35"",""d_q018_s45"",""d_q018_s50"",""d_q027_s35"",""d_q036_s45"",""d_q036_s50""]","[""d_q027_s50"",""d_q036_s35""]","[""d_q027_s45""]",2026082305,SUCCESS,,,2026-08-23T12:38:56.955870+00:00,29.089181100018322,580,6,4,"{""engine"": ""PySR"", ""engine_output_directory"": ""C:\\Users\\xiao.cheng\\Desktop\\科研\\derived\\development\\g5_sr_engine"", ""engine_run_id"": ""shape_xi_only__outer04__inner00__seed2026082305""}",453c6a9dbc6ba19d096c9ae6dfb6836b82df3f4ef8501b17a41e60f12dc21a8b,c3fe3963d6eaedd1cc3fbb65c73a0bcf57cb260fd2f6fa9c40d3371f40640a55,
shape_xi_only__outer04__inner01__seed2026082301,shape_xi_only,INITIAL,"[""xi""]",INNER_SEARCH,shape,4,d_q027_s45,1,"[""d_q018_s35"",""d_q018_s45"",""d_q018_s50"",""d_q027_s35"",""d_q027_s50"",""d_q036_s35""]","[""d_q036_s45"",""d_q036_s50""]","[""d_q027_s45""]",2026082301,SUCCESS,,,2026-08-23T12:39:26.610579+00:00,22.486981100402772,506,6,5,"{""engine"": ""PySR"", ""engine_output_directory"": ""C:\\Users\\xiao.cheng\\Desktop\\科研\\derived\\development\\g5_sr_engine"", ""engine_run_id"": ""shape_xi_only__outer04__inner01__seed2026082301""}",453c6a9dbc6ba19d096c9ae6dfb6836b82df3f4ef8501b17a41e60f12dc21a8b,c3fe3963d6eaedd1cc3fbb65c73a0bcf57cb260fd2f6fa9c40d3371f40640a55,
shape_xi_only__outer04__inner01__seed2026082302,shape_xi_only,INITIAL,"[""xi""]",INNER_SEARCH,shape,4,d_q027_s45,1,"[""d_q018_s35"",""d_q018_s45"",""d_q018_s50"",""d_q027_s35"",""d_q027_s50"",""d_q036_s35""]","[""d_q036_s45"",""d_q036_s50""]","[""d_q027_s45""]",2026082302,SUCCESS,,,2026-08-23T12:39:49.888324+00:00,32.45745480014011,506,6,6,"{""engine"": ""PySR"", ""engine_output_directory"": ""C:\\Users\\xiao.cheng\\Desktop\\科研\\derived\\development\\g5_sr_engine"", ""engine_run_id"": ""shape_xi_only__outer04__inner01__seed2026082302""}",453c6a9dbc6ba19d096c9ae6dfb6836b82df3f4ef8501b17a41e60f12dc21a8b,c3fe3963d6eaedd1cc3fbb65c73a0bcf57cb260fd2f6fa9c40d3371f40640a55,
shape_xi_only__outer04__inner01__seed2026082303,shape_xi_only,INITIAL,"[""xi""]",INNER_SEARCH,shape,4,d_q027_s45,1,"[""d_q018_s35"",""d_q018_s45"",""d_q018_s50"",""d_q027_s35"",""d_q027_s50"",""d_q036_s35""]","[""d_q036_s45"",""d_q036_s50""]","[""d_q027_s45""]",2026082303,SUCCESS,,,2026-08-23T12:40:22.968908+00:00,20.95009439997375,506,6,5,"{""engine"": ""PySR"", ""engine_output_directory"": ""C:\\Users\\xiao.cheng\\Desktop\\科研\\derived\\development\\g5_sr_engine"", ""engine_run_id"": ""shape_xi_only__outer04__inner01__seed2026082303""}",453c6a9dbc6ba19d096c9ae6dfb6836b82df3f4ef8501b17a41e60f12dc21a8b,c3fe3963d6eaedd1cc3fbb65c73a0bcf57cb260fd2f6fa9c40d3371f40640a55,
shape_xi_only__outer04__inner01__seed2026082304,shape_xi_only,INITIAL,"[""xi""]",INNER_SEARCH,shape,4,d_q027_s45,1,"[""d_q018_s35"",""d_q018_s45"",""d_q018_s50"",""d_q027_s35"",""d_q027_s50"",""d_q036_s35""]","[""d_q036_s45"",""d_q036_s50""]","[""d_q027_s45""]",2026082304,SUCCESS,,,2026-08-23T12:40:44.350425+00:00,32.01149889966473,506,6,6,"{""engine"": ""PySR"", ""engine_output_directory"": ""C:\\Users\\xiao.cheng\\Desktop\\科研\\derived\\development\\g5_sr_engine"", ""engine_run_id"": ""shape_xi_only__outer04__inner01__seed2026082304""}",453c6a9dbc6ba19d096c9ae6dfb6836b82df3f4ef8501b17a41e60f12dc21a8b,c3fe3963d6eaedd1cc3fbb65c73a0bcf57cb260fd2f6fa9c40d3371f40640a55,
shape_xi_only__outer04__inner01__seed2026082305,shape_xi_only,INITIAL,"[""xi""]",INNER_SEARCH,shape,4,d_q027_s45,1,"[""d_q018_s35"",""d_q018_s45"",""d_q018_s50"",""d_q027_s35"",""d_q027_s50"",""d_q036_s35""]","[""d_q036_s45"",""d_q036_s50""]","[""d_q027_s45""]",2026082305,SUCCESS,,,2026-08-23T12:41:16.879484+00:00,26.845232400111854,506,6,4,"{""engine"": ""PySR"", ""engine_output_directory"": ""C:\\Users\\xiao.cheng\\Desktop\\科研\\derived\\development\\g5_sr_engine"", ""engine_run_id"": ""shape_xi_only__outer04__inner01__seed2026082305""}",453c6a9dbc6ba19d096c9ae6dfb6836b82df3f4ef8501b17a41e60f12dc21a8b,c3fe3963d6eaedd1cc3fbb65c73a0bcf57cb260fd2f6fa9c40d3371f40640a55,
shape_xi_only__outer04__inner02__seed2026082301,shape_xi_only,INITIAL,"[""xi""]",INNER_SEARCH,shape,4,d_q027_s45,2,"[""d_q018_s50"",""d_q027_s35"",""d_q027_s50"",""d_q036_s35"",""d_q036_s45"",""d_q036_s50""]","[""d_q018_s35"",""d_q018_s45""]","[""d_q027_s45""]",2026082301,SUCCESS,,,2026-08-23T12:41:44.250458+00:00,31.910001599695534,506,6,4,"{""engine"": ""PySR"", ""engine_output_directory"": ""C:\\Users\\xiao.cheng\\Desktop\\科研\\derived\\development\\g5_sr_engine"", ""engine_run_id"": ""shape_xi_only__outer04__inner02__seed2026082301""}",453c6a9dbc6ba19d096c9ae6dfb6836b82df3f4ef8501b17a41e60f12dc21a8b,c3fe3963d6eaedd1cc3fbb65c73a0bcf57cb260fd2f6fa9c40d3371f40640a55,
shape_xi_only__outer04__inner02__seed2026082302,shape_xi_only,INITIAL,"[""xi""]",INNER_SEARCH,shape,4,d_q027_s45,2,"[""d_q018_s50"",""d_q027_s35"",""d_q027_s50"",""d_q036_s35"",""d_q036_s45"",""d_q036_s50""]","[""d_q018_s35"",""d_q018_s45""]","[""d_q027_s45""]",2026082302,SUCCESS,,,2026-08-23T12:42:16.887935+00:00,22.05731899989769,506,6,3,"{""engine"": ""PySR"", ""engine_output_directory"": ""C:\\Users\\xiao.cheng\\Desktop\\科研\\derived\\development\\g5_sr_engine"", ""engine_run_id"": ""shape_xi_only__outer04__inner02__seed2026082302""}",453c6a9dbc6ba19d096c9ae6dfb6836b82df3f4ef8501b17a41e60f12dc21a8b,c3fe3963d6eaedd1cc3fbb65c73a0bcf57cb260fd2f6fa9c40d3371f40640a55,
shape_xi_only__outer04__inner02__seed2026082303,shape_xi_only,INITIAL,"[""xi""]",INNER_SEARCH,shape,4,d_q027_s45,2,"[""d_q018_s50"",""d_q027_s35"",""d_q027_s50"",""d_q036_s35"",""d_q036_s45"",""d_q036_s50""]","[""d_q018_s35"",""d_q018_s45""]","[""d_q027_s45""]",2026082303,SUCCESS,,,2026-08-23T12:42:39.426292+00:00,21.737938799895346,506,6,3,"{""engine"": ""PySR"", ""engine_output_directory"": ""C:\\Users\\xiao.cheng\\Desktop\\科研\\derived\\development\\g5_sr_engine"", ""engine_run_id"": ""shape_xi_only__outer04__inner02__seed2026082303""}",453c6a9dbc6ba19d096c9ae6dfb6836b82df3f4ef8501b17a41e60f12dc21a8b,c3fe3963d6eaedd1cc3fbb65c73a0bcf57cb260fd2f6fa9c40d3371f40640a55,
shape_xi_only__outer04__inner02__seed2026082304,shape_xi_only,INITIAL,"[""xi""]",INNER_SEARCH,shape,4,d_q027_s45,2,"[""d_q018_s50"",""d_q027_s35"",""d_q027_s50"",""d_q036_s35"",""d_q036_s45"",""d_q036_s50""]","[""d_q018_s35"",""d_q018_s45""]","[""d_q027_s45""]",2026082304,SUCCESS,,,2026-08-23T12:43:01.965074+00:00,24.973548999987543,506,6,4,"{""engine"": ""PySR"", ""engine_output_directory"": ""C:\\Users\\xiao.cheng\\Desktop\\科研\\derived\\development\\g5_sr_engine"", ""engine_run_id"": ""shape_xi_only__outer04__inner02__seed2026082304""}",453c6a9dbc6ba19d096c9ae6dfb6836b82df3f4ef8501b17a41e60f12dc21a8b,c3fe3963d6eaedd1cc3fbb65c73a0bcf57cb260fd2f6fa9c40d3371f40640a55,
shape_xi_only__outer04__inner02__seed2026082305,shape_xi_only,INITIAL,"[""xi""]",INNER_SEARCH,shape,4,d_q027_s45,2,"[""d_q018_s50"",""d_q027_s35"",""d_q027_s50"",""d_q036_s35"",""d_q036_s45"",""d_q036_s50""]","[""d_q018_s35"",""d_q018_s45""]","[""d_q027_s45""]",2026082305,SUCCESS,,,2026-08-23T12:43:27.427100+00:00,22.382347399834543,506,6,4,"{""engine"": ""PySR"", ""engine_output_directory"": ""C:\\Users\\xiao.cheng\\Desktop\\科研\\derived\\development\\g5_sr_engine"", ""engine_run_id"": ""shape_xi_only__outer04__inner02__seed2026082305""}",453c6a9dbc6ba19d096c9ae6dfb6836b82df3f4ef8501b17a41e60f12dc21a8b,c3fe3963d6eaedd1cc3fbb65c73a0bcf57cb260fd2f6fa9c40d3371f40640a55,
shape_xi_only__outer04__inner03__seed2026082301,shape_xi_only,INITIAL,"[""xi""]",INNER_SEARCH,shape,4,d_q027_s45,3,"[""d_q018_s35"",""d_q018_s45"",""d_q027_s50"",""d_q036_s35"",""d_q036_s45"",""d_q036_s50""]","[""d_q018_s50"",""d_q027_s35""]","[""d_q027_s45""]",2026082301,SUCCESS,,,2026-08-23T12:43:50.365000+00:00,27.833199799992144,580,6,4,"{""engine"": ""PySR"", ""engine_output_directory"": ""C:\\Users\\xiao.cheng\\Desktop\\科研\\derived\\development\\g5_sr_engine"", ""engine_run_id"": ""shape_xi_only__outer04__inner03__seed2026082301""}",453c6a9dbc6ba19d096c9ae6dfb6836b82df3f4ef8501b17a41e60f12dc21a8b,c3fe3963d6eaedd1cc3fbb65c73a0bcf57cb260fd2f6fa9c40d3371f40640a55,
shape_xi_only__outer04__inner03__seed2026082302,shape_xi_only,INITIAL,"[""xi""]",INNER_SEARCH,shape,4,d_q027_s45,3,"[""d_q018_s35"",""d_q018_s45"",""d_q027_s50"",""d_q036_s35"",""d_q036_s45"",""d_q036_s50""]","[""d_q018_s50"",""d_q027_s35""]","[""d_q027_s45""]",2026082302,SUCCESS,,,2026-08-23T12:44:19.224851+00:00,25.852046999614686,580,6,7,"{""engine"": ""PySR"", ""engine_output_directory"": ""C:\\Users\\xiao.cheng\\Desktop\\科研\\derived\\development\\g5_sr_engine"", ""engine_run_id"": ""shape_xi_only__outer04__inner03__seed2026082302""}",453c6a9dbc6ba19d096c9ae6dfb6836b82df3f4ef8501b17a41e60f12dc21a8b,c3fe3963d6eaedd1cc3fbb65c73a0bcf57cb260fd2f6fa9c40d3371f40640a55,
shape_xi_only__outer04__inner03__seed2026082303,shape_xi_only,INITIAL,"[""xi""]",INNER_SEARCH,shape,4,d_q027_s45,3,"[""d_q018_s35"",""d_q018_s45"",""d_q027_s50"",""d_q036_s35"",""d_q036_s45"",""d_q036_s50""]","[""d_q018_s50"",""d_q027_s35""]","[""d_q027_s45""]",2026082303,SUCCESS,,,2026-08-23T12:44:45.657764+00:00,30.16868060035631,580,6,5,"{""engine"": ""PySR"", ""engine_output_directory"": ""C:\\Users\\xiao.cheng\\Desktop\\科研\\derived\\development\\g5_sr_engine"", ""engine_run_id"": ""shape_xi_only__outer04__inner03__seed2026082303""}",453c6a9dbc6ba19d096c9ae6dfb6836b82df3f4ef8501b17a41e60f12dc21a8b,c3fe3963d6eaedd1cc3fbb65c73a0bcf57cb260fd2f6fa9c40d3371f40640a55,
shape_xi_only__outer04__inner03__seed2026082304,shape_xi_only,INITIAL,"[""xi""]",INNER_SEARCH,shape,4,d_q027_s45,3,"[""d_q018_s35"",""d_q018_s45"",""d_q027_s50"",""d_q036_s35"",""d_q036_s45"",""d_q036_s50""]","[""d_q018_s50"",""d_q027_s35""]","[""d_q027_s45""]",2026082304,SUCCESS,,,2026-08-23T12:45:16.790197+00:00,28.732059399597347,580,6,5,"{""engine"": ""PySR"", ""engine_output_directory"": ""C:\\Users\\xiao.cheng\\Desktop\\科研\\derived\\development\\g5_sr_engine"", ""engine_run_id"": ""shape_xi_only__outer04__inner03__seed2026082304""}",453c6a9dbc6ba19d096c9ae6dfb6836b82df3f4ef8501b17a41e60f12dc21a8b,c3fe3963d6eaedd1cc3fbb65c73a0bcf57cb260fd2f6fa9c40d3371f40640a55,
shape_xi_only__outer04__inner03__seed2026082305,shape_xi_only,INITIAL,"[""xi""]",INNER_SEARCH,shape,4,d_q027_s45,3,"[""d_q018_s35"",""d_q018_s45"",""d_q027_s50"",""d_q036_s35"",""d_q036_s45"",""d_q036_s50""]","[""d_q018_s50"",""d_q027_s35""]","[""d_q027_s45""]",2026082305,SUCCESS,,,2026-08-23T12:45:46.243564+00:00,21.310467700008303,580,6,6,"{""engine"": ""PySR"", ""engine_output_directory"": ""C:\\Users\\xiao.cheng\\Desktop\\科研\\derived\\development\\g5_sr_engine"", ""engine_run_id"": ""shape_xi_only__outer04__inner03__seed2026082305""}",453c6a9dbc6ba19d096c9ae6dfb6836b82df3f4ef8501b17a41e60f12dc21a8b,c3fe3963d6eaedd1cc3fbb65c73a0bcf57cb260fd2f6fa9c40d3371f40640a55,
shape_xi_only__outer04__refit__seed2026082301,shape_xi_only,INITIAL,"[""xi""]",OUTER_REFIT_SEARCH,shape,4,d_q027_s45,-1,"[""d_q018_s35"",""d_q018_s45"",""d_q018_s50"",""d_q027_s35"",""d_q027_s50"",""d_q036_s35"",""d_q036_s45"",""d_q036_s50""]",[],"[""d_q027_s45""]",2026082301,SUCCESS,,,2026-08-23T12:46:08.132934+00:00,27.740947999991477,724,8,3,"{""engine"": ""PySR"", ""engine_output_directory"": ""C:\\Users\\xiao.cheng\\Desktop\\科研\\derived\\development\\g5_sr_engine"", ""engine_run_id"": ""shape_xi_only__outer04__refit__seed2026082301""}",453c6a9dbc6ba19d096c9ae6dfb6836b82df3f4ef8501b17a41e60f12dc21a8b,c3fe3963d6eaedd1cc3fbb65c73a0bcf57cb260fd2f6fa9c40d3371f40640a55,
shape_xi_only__outer04__refit__seed2026082302,shape_xi_only,INITIAL,"[""xi""]",OUTER_REFIT_SEARCH,shape,4,d_q027_s45,-1,"[""d_q018_s35"",""d_q018_s45"",""d_q018_s50"",""d_q027_s35"",""d_q027_s50"",""d_q036_s35"",""d_q036_s45"",""d_q036_s50""]",[],"[""d_q027_s45""]",2026082302,SUCCESS,,,2026-08-23T12:46:36.541444+00:00,25.782424699980766,724,8,6,"{""engine"": ""PySR"", ""engine_output_directory"": ""C:\\Users\\xiao.cheng\\Desktop\\科研\\derived\\development\\g5_sr_engine"", ""engine_run_id"": ""shape_xi_only__outer04__refit__seed2026082302""}",453c6a9dbc6ba19d096c9ae6dfb6836b82df3f4ef8501b17a41e60f12dc21a8b,c3fe3963d6eaedd1cc3fbb65c73a0bcf57cb260fd2f6fa9c40d3371f40640a55,
shape_xi_only__outer04__refit__seed2026082303,shape_xi_only,INITIAL,"[""xi""]",OUTER_REFIT_SEARCH,shape,4,d_q027_s45,-1,"[""d_q018_s35"",""d_q018_s45"",""d_q018_s50"",""d_q027_s35"",""d_q027_s50"",""d_q036_s35"",""d_q036_s45"",""d_q036_s50""]",[],"[""d_q027_s45""]",2026082303,SUCCESS,,,2026-08-23T12:47:02.747834+00:00,20.532408099621534,724,8,5,"{""engine"": ""PySR"", ""engine_output_directory"": ""C:\\Users\\xiao.cheng\\Desktop\\科研\\derived\\development\\g5_sr_engine"", ""engine_run_id"": ""shape_xi_only__outer04__refit__seed2026082303""}",453c6a9dbc6ba19d096c9ae6dfb6836b82df3f4ef8501b17a41e60f12dc21a8b,c3fe3963d6eaedd1cc3fbb65c73a0bcf57cb260fd2f6fa9c40d3371f40640a55,
shape_xi_only__outer04__refit__seed2026082304,shape_xi_only,INITIAL,"[""xi""]",OUTER_REFIT_SEARCH,shape,4,d_q027_s45,-1,"[""d_q018_s35"",""d_q018_s45"",""d_q018_s50"",""d_q027_s35"",""d_q027_s50"",""d_q036_s35"",""d_q036_s45"",""d_q036_s50""]",[],"[""d_q027_s45""]",2026082304,SUCCESS,,,2026-08-23T12:47:23.825317+00:00,29.132406000047922,724,8,5,"{""engine"": ""PySR"", ""engine_output_directory"": ""C:\\Users\\xiao.cheng\\Desktop\\科研\\derived\\development\\g5_sr_engine"", ""engine_run_id"": ""shape_xi_only__outer04__refit__seed2026082304""}",453c6a9dbc6ba19d096c9ae6dfb6836b82df3f4ef8501b17a41e60f12dc21a8b,c3fe3963d6eaedd1cc3fbb65c73a0bcf57cb260fd2f6fa9c40d3371f40640a55,
shape_xi_only__outer04__refit__seed2026082305,shape_xi_only,INITIAL,"[""xi""]",OUTER_REFIT_SEARCH,shape,4,d_q027_s45,-1,"[""d_q018_s35"",""d_q018_s45"",""d_q018_s50"",""d_q027_s35"",""d_q027_s50"",""d_q036_s35"",""d_q036_s45"",""d_q036_s50""]",[],"[""d_q027_s45""]",2026082305,SUCCESS,,,2026-08-23T12:47:53.684560+00:00,24.372491999994963,724,8,4,"{""engine"": ""PySR"", ""engine_output_directory"": ""C:\\Users\\xiao.cheng\\Desktop\\科研\\derived\\development\\g5_sr_engine"", ""engine_run_id"": ""shape_xi_only__outer04__refit__seed2026082305""}",453c6a9dbc6ba19d096c9ae6dfb6836b82df3f4ef8501b17a41e60f12dc21a8b,c3fe3963d6eaedd1cc3fbb65c73a0bcf57cb260fd2f6fa9c40d3371f40640a55,
shape_xi_only__outer05__inner00__seed2026082301,shape_xi_only,INITIAL,"[""xi""]",INNER_SEARCH,shape,5,d_q027_s50,0,"[""d_q018_s35"",""d_q018_s45"",""d_q018_s50"",""d_q027_s35"",""d_q027_s45"",""d_q036_s50""]","[""d_q036_s35"",""d_q036_s45""]","[""d_q027_s50""]",2026082301,SUCCESS,,,2026-08-23T12:48:18.577876+00:00,29.13884409982711,790,6,4,"{""engine"": ""PySR"", ""engine_output_directory"": ""C:\\Users\\xiao.cheng\\Desktop\\科研\\derived\\development\\g5_sr_engine"", ""engine_run_id"": ""shape_xi_only__outer05__inner00__seed2026082301""}",453c6a9dbc6ba19d096c9ae6dfb6836b82df3f4ef8501b17a41e60f12dc21a8b,c3fe3963d6eaedd1cc3fbb65c73a0bcf57cb260fd2f6fa9c40d3371f40640a55,
shape_xi_only__outer05__inner00__seed2026082302,shape_xi_only,INITIAL,"[""xi""]",INNER_SEARCH,shape,5,d_q027_s50,0,"[""d_q018_s35"",""d_q018_s45"",""d_q018_s50"",""d_q027_s35"",""d_q027_s45"",""d_q036_s50""]","[""d_q036_s35"",""d_q036_s45""]","[""d_q027_s50""]",2026082302,SUCCESS,,,2026-08-23T12:48:48.254160+00:00,25.099796500056982,790,6,5,"{""engine"": ""PySR"", ""engine_output_directory"": ""C:\\Users\\xiao.cheng\\Desktop\\科研\\derived\\development\\g5_sr_engine"", ""engine_run_id"": ""shape_xi_only__outer05__inner00__seed2026082302""}",453c6a9dbc6ba19d096c9ae6dfb6836b82df3f4ef8501b17a41e60f12dc21a8b,c3fe3963d6eaedd1cc3fbb65c73a0bcf57cb260fd2f6fa9c40d3371f40640a55,
shape_xi_only__outer05__inner00__seed2026082303,shape_xi_only,INITIAL,"[""xi""]",INNER_SEARCH,shape,5,d_q027_s50,0,"[""d_q018_s35"",""d_q018_s45"",""d_q018_s50"",""d_q027_s35"",""d_q027_s45"",""d_q036_s50""]","[""d_q036_s35"",""d_q036_s45""]","[""d_q027_s50""]",2026082303,SUCCESS,,,2026-08-23T12:49:13.893999+00:00,22.03655350022018,790,6,5,"{""engine"": ""PySR"", ""engine_output_directory"": ""C:\\Users\\xiao.cheng\\Desktop\\科研\\derived\\development\\g5_sr_engine"", ""engine_run_id"": ""shape_xi_only__outer05__inner00__seed2026082303""}",453c6a9dbc6ba19d096c9ae6dfb6836b82df3f4ef8501b17a41e60f12dc21a8b,c3fe3963d6eaedd1cc3fbb65c73a0bcf57cb260fd2f6fa9c40d3371f40640a55,
shape_xi_only__outer05__inner00__seed2026082304,shape_xi_only,INITIAL,"[""xi""]",INNER_SEARCH,shape,5,d_q027_s50,0,"[""d_q018_s35"",""d_q018_s45"",""d_q018_s50"",""d_q027_s35"",""d_q027_s45"",""d_q036_s50""]","[""d_q036_s35"",""d_q036_s45""]","[""d_q027_s50""]",2026082304,SUCCESS,,,2026-08-23T12:49:36.587003+00:00,27.13671260001138,790,6,5,"{""engine"": ""PySR"", ""engine_output_directory"": ""C:\\Users\\xiao.cheng\\Desktop\\科研\\derived\\development\\g5_sr_engine"", ""engine_run_id"": ""shape_xi_only__outer05__inner00__seed2026082304""}",453c6a9dbc6ba19d096c9ae6dfb6836b82df3f4ef8501b17a41e60f12dc21a8b,c3fe3963d6eaedd1cc3fbb65c73a0bcf57cb260fd2f6fa9c40d3371f40640a55,
shape_xi_only__outer05__inner00__seed2026082305,shape_xi_only,INITIAL,"[""xi""]",INNER_SEARCH,shape,5,d_q027_s50,0,"[""d_q018_s35"",""d_q018_s45"",""d_q018_s50"",""d_q027_s35"",""d_q027_s45"",""d_q036_s50""]","[""d_q036_s35"",""d_q036_s45""]","[""d_q027_s50""]",2026082305,SUCCESS,,,2026-08-23T12:50:04.357486+00:00,25.117231800220907,790,6,4,"{""engine"": ""PySR"", ""engine_output_directory"": ""C:\\Users\\xiao.cheng\\Desktop\\科研\\derived\\development\\g5_sr_engine"", ""engine_run_id"": ""shape_xi_only__outer05__inner00__seed2026082305""}",453c6a9dbc6ba19d096c9ae6dfb6836b82df3f4ef8501b17a41e60f12dc21a8b,c3fe3963d6eaedd1cc3fbb65c73a0bcf57cb260fd2f6fa9c40d3371f40640a55,
shape_xi_only__outer05__inner01__seed2026082301,shape_xi_only,INITIAL,"[""xi""]",INNER_SEARCH,shape,5,d_q027_s50,1,"[""d_q018_s45"",""d_q018_s50"",""d_q027_s35"",""d_q027_s45"",""d_q036_s35"",""d_q036_s45""]","[""d_q018_s35"",""d_q036_s50""]","[""d_q027_s50""]",2026082301,SUCCESS,,,2026-08-23T12:50:30.244988+00:00,30.989958599675447,572,6,6,"{""engine"": ""PySR"", ""engine_output_directory"": ""C:\\Users\\xiao.cheng\\Desktop\\科研\\derived\\development\\g5_sr_engine"", ""engine_run_id"": ""shape_xi_only__outer05__inner01__seed2026082301""}",453c6a9dbc6ba19d096c9ae6dfb6836b82df3f4ef8501b17a41e60f12dc21a8b,c3fe3963d6eaedd1cc3fbb65c73a0bcf57cb260fd2f6fa9c40d3371f40640a55,
shape_xi_only__outer05__inner01__seed2026082302,shape_xi_only,INITIAL,"[""xi""]",INNER_SEARCH,shape,5,d_q027_s50,1,"[""d_q018_s45"",""d_q018_s50"",""d_q027_s35"",""d_q027_s45"",""d_q036_s35"",""d_q036_s45""]","[""d_q018_s35"",""d_q036_s50""]","[""d_q027_s50""]",2026082302,SUCCESS,,,2026-08-23T12:51:01.820653+00:00,23.547513499855995,572,6,6,"{""engine"": ""PySR"", ""engine_output_directory"": ""C:\\Users\\xiao.cheng\\Desktop\\科研\\derived\\development\\g5_sr_engine"", ""engine_run_id"": ""shape_xi_only__outer05__inner01__seed2026082302""}",453c6a9dbc6ba19d096c9ae6dfb6836b82df3f4ef8501b17a41e60f12dc21a8b,c3fe3963d6eaedd1cc3fbb65c73a0bcf57cb260fd2f6fa9c40d3371f40640a55,
shape_xi_only__outer05__inner01__seed2026082303,shape_xi_only,INITIAL,"[""xi""]",INNER_SEARCH,shape,5,d_q027_s50,1,"[""d_q018_s45"",""d_q018_s50"",""d_q027_s35"",""d_q027_s45"",""d_q036_s35"",""d_q036_s45""]","[""d_q018_s35"",""d_q036_s50""]","[""d_q027_s50""]",2026082303,SUCCESS,,,2026-08-23T12:51:25.828068+00:00,33.026685799937695,572,6,4,"{""engine"": ""PySR"", ""engine_output_directory"": ""C:\\Users\\xiao.cheng\\Desktop\\科研\\derived\\development\\g5_sr_engine"", ""engine_run_id"": ""shape_xi_only__outer05__inner01__seed2026082303""}",453c6a9dbc6ba19d096c9ae6dfb6836b82df3f4ef8501b17a41e60f12dc21a8b,c3fe3963d6eaedd1cc3fbb65c73a0bcf57cb260fd2f6fa9c40d3371f40640a55,
shape_xi_only__outer05__inner01__seed2026082304,shape_xi_only,INITIAL,"[""xi""]",INNER_SEARCH,shape,5,d_q027_s50,1,"[""d_q018_s45"",""d_q018_s50"",""d_q027_s35"",""d_q027_s45"",""d_q036_s35"",""d_q036_s45""]","[""d_q018_s35"",""d_q036_s50""]","[""d_q027_s50""]",2026082304,SUCCESS,,,2026-08-23T12:51:59.452703+00:00,22.743670899886638,572,6,3,"{""engine"": ""PySR"", ""engine_output_directory"": ""C:\\Users\\xiao.cheng\\Desktop\\科研\\derived\\development\\g5_sr_engine"", ""engine_run_id"": ""shape_xi_only__outer05__inner01__seed2026082304""}",453c6a9dbc6ba19d096c9ae6dfb6836b82df3f4ef8501b17a41e60f12dc21a8b,c3fe3963d6eaedd1cc3fbb65c73a0bcf57cb260fd2f6fa9c40d3371f40640a55,
shape_xi_only__outer05__inner01__seed2026082305,shape_xi_only,INITIAL,"[""xi""]",INNER_SEARCH,shape,5,d_q027_s50,1,"[""d_q018_s45"",""d_q018_s50"",""d_q027_s35"",""d_q027_s45"",""d_q036_s35"",""d_q036_s45""]","[""d_q018_s35"",""d_q036_s50""]","[""d_q027_s50""]",2026082305,SUCCESS,,,2026-08-23T12:52:22.641932+00:00,26.163023700006306,572,6,3,"{""engine"": ""PySR"", ""engine_output_directory"": ""C:\\Users\\xiao.cheng\\Desktop\\科研\\derived\\development\\g5_sr_engine"", ""engine_run_id"": ""shape_xi_only__outer05__inner01__seed2026082305""}",453c6a9dbc6ba19d096c9ae6dfb6836b82df3f4ef8501b17a41e60f12dc21a8b,c3fe3963d6eaedd1cc3fbb65c73a0bcf57cb260fd2f6fa9c40d3371f40640a55,
shape_xi_only__outer05__inner02__seed2026082301,shape_xi_only,INITIAL,"[""xi""]",INNER_SEARCH,shape,5,d_q027_s50,2,"[""d_q018_s35"",""d_q027_s35"",""d_q027_s45"",""d_q036_s35"",""d_q036_s45"",""d_q036_s50""]","[""d_q018_s45"",""d_q018_s50""]","[""d_q027_s50""]",2026082301,SUCCESS,,,2026-08-23T12:52:49.336394+00:00,29.690625099930912,790,6,5,"{""engine"": ""PySR"", ""engine_output_directory"": ""C:\\Users\\xiao.cheng\\Desktop\\科研\\derived\\development\\g5_sr_engine"", ""engine_run_id"": ""shape_xi_only__outer05__inner02__seed2026082301""}",453c6a9dbc6ba19d096c9ae6dfb6836b82df3f4ef8501b17a41e60f12dc21a8b,c3fe3963d6eaedd1cc3fbb65c73a0bcf57cb260fd2f6fa9c40d3371f40640a55,
shape_xi_only__outer05__inner02__seed2026082302,shape_xi_only,INITIAL,"[""xi""]",INNER_SEARCH,shape,5,d_q027_s50,2,"[""d_q018_s35"",""d_q027_s35"",""d_q027_s45"",""d_q036_s35"",""d_q036_s45"",""d_q036_s50""]","[""d_q018_s45"",""d_q018_s50""]","[""d_q027_s50""]",2026082302,SUCCESS,,,2026-08-23T12:53:19.887908+00:00,28.509757599793375,790,6,5,"{""engine"": ""PySR"", ""engine_output_directory"": ""C:\\Users\\xiao.cheng\\Desktop\\科研\\derived\\development\\g5_sr_engine"", ""engine_run_id"": ""shape_xi_only__outer05__inner02__seed2026082302""}",453c6a9dbc6ba19d096c9ae6dfb6836b82df3f4ef8501b17a41e60f12dc21a8b,c3fe3963d6eaedd1cc3fbb65c73a0bcf57cb260fd2f6fa9c40d3371f40640a55,
shape_xi_only__outer05__inner02__seed2026082303,shape_xi_only,INITIAL,"[""xi""]",INNER_SEARCH,shape,5,d_q027_s50,2,"[""d_q018_s35"",""d_q027_s35"",""d_q027_s45"",""d_q036_s35"",""d_q036_s45"",""d_q036_s50""]","[""d_q018_s45"",""d_q018_s50""]","[""d_q027_s50""]",2026082303,SUCCESS,,,2026-08-23T12:53:49.201617+00:00,27.663837800268084,790,6,3,"{""engine"": ""PySR"", ""engine_output_directory"": ""C:\\Users\\xiao.cheng\\Desktop\\科研\\derived\\development\\g5_sr_engine"", ""engine_run_id"": ""shape_xi_only__outer05__inner02__seed2026082303""}",453c6a9dbc6ba19d096c9ae6dfb6836b82df3f4ef8501b17a41e60f12dc21a8b,c3fe3963d6eaedd1cc3fbb65c73a0bcf57cb260fd2f6fa9c40d3371f40640a55,
shape_xi_only__outer05__inner02__seed2026082304,shape_xi_only,INITIAL,"[""xi""]",INNER_SEARCH,shape,5,d_q027_s50,2,"[""d_q018_s35"",""d_q027_s35"",""d_q027_s45"",""d_q036_s35"",""d_q036_s45"",""d_q036_s50""]","[""d_q018_s45"",""d_q018_s50""]","[""d_q027_s50""]",2026082304,SUCCESS,,,2026-08-23T12:54:17.277942+00:00,20.829931600019336,790,6,5,"{""engine"": ""PySR"", ""engine_output_directory"": ""C:\\Users\\xiao.cheng\\Desktop\\科研\\derived\\development\\g5_sr_engine"", ""engine_run_id"": ""shape_xi_only__outer05__inner02__seed2026082304""}",453c6a9dbc6ba19d096c9ae6dfb6836b82df3f4ef8501b17a41e60f12dc21a8b,c3fe3963d6eaedd1cc3fbb65c73a0bcf57cb260fd2f6fa9c40d3371f40640a55,
shape_xi_only__outer05__inner02__seed2026082305,shape_xi_only,INITIAL,"[""xi""]",INNER_SEARCH,shape,5,d_q027_s50,2,"[""d_q018_s35"",""d_q027_s35"",""d_q027_s45"",""d_q036_s35"",""d_q036_s45"",""d_q036_s50""]","[""d_q018_s45"",""d_q018_s50""]","[""d_q027_s50""]",2026082305,SUCCESS,,,2026-08-23T12:54:38.691293+00:00,31.621194100007415,790,6,4,"{""engine"": ""PySR"", ""engine_output_directory"": ""C:\\Users\\xiao.cheng\\Desktop\\科研\\derived\\development\\g5_sr_engine"", ""engine_run_id"": ""shape_xi_only__outer05__inner02__seed2026082305""}",453c6a9dbc6ba19d096c9ae6dfb6836b82df3f4ef8501b17a41e60f12dc21a8b,c3fe3963d6eaedd1cc3fbb65c73a0bcf57cb260fd2f6fa9c40d3371f40640a55,
shape_xi_only__outer05__inner03__seed2026082301,shape_xi_only,INITIAL,"[""xi""]",INNER_SEARCH,shape,5,d_q027_s50,3,"[""d_q018_s35"",""d_q018_s45"",""d_q018_s50"",""d_q036_s35"",""d_q036_s45"",""d_q036_s50""]","[""d_q027_s35"",""d_q027_s45""]","[""d_q027_s50""]",2026082301,SUCCESS,,,2026-08-23T12:55:11.045360+00:00,24.613148800097406,650,6,4,"{""engine"": ""PySR"", ""engine_output_directory"": ""C:\\Users\\xiao.cheng\\Desktop\\科研\\derived\\development\\g5_sr_engine"", ""engine_run_id"": ""shape_xi_only__outer05__inner03__seed2026082301""}",453c6a9dbc6ba19d096c9ae6dfb6836b82df3f4ef8501b17a41e60f12dc21a8b,c3fe3963d6eaedd1cc3fbb65c73a0bcf57cb260fd2f6fa9c40d3371f40640a55,
shape_xi_only__outer05__inner03__seed2026082302,shape_xi_only,INITIAL,"[""xi""]",INNER_SEARCH,shape,5,d_q027_s50,3,"[""d_q018_s35"",""d_q018_s45"",""d_q018_s50"",""d_q036_s35"",""d_q036_s45"",""d_q036_s50""]","[""d_q027_s35"",""d_q027_s45""]","[""d_q027_s50""]",2026082302,SUCCESS,,,2026-08-23T12:55:36.092993+00:00,22.3115650000982,650,6,5,"{""engine"": ""PySR"", ""engine_output_directory"": ""C:\\Users\\xiao.cheng\\Desktop\\科研\\derived\\development\\g5_sr_engine"", ""engine_run_id"": ""shape_xi_only__outer05__inner03__seed2026082302""}",453c6a9dbc6ba19d096c9ae6dfb6836b82df3f4ef8501b17a41e60f12dc21a8b,c3fe3963d6eaedd1cc3fbb65c73a0bcf57cb260fd2f6fa9c40d3371f40640a55,
shape_xi_only__outer05__inner03__seed2026082303,shape_xi_only,INITIAL,"[""xi""]",INNER_SEARCH,shape,5,d_q027_s50,3,"[""d_q018_s35"",""d_q018_s45"",""d_q018_s50"",""d_q036_s35"",""d_q036_s45"",""d_q036_s50""]","[""d_q027_s35"",""d_q027_s45""]","[""d_q027_s50""]",2026082303,SUCCESS,,,2026-08-23T12:55:58.946830+00:00,33.10849800007418,650,6,3,"{""engine"": ""PySR"", ""engine_output_directory"": ""C:\\Users\\xiao.cheng\\Desktop\\科研\\derived\\development\\g5_sr_engine"", ""engine_run_id"": ""shape_xi_only__outer05__inner03__seed2026082303""}",453c6a9dbc6ba19d096c9ae6dfb6836b82df3f4ef8501b17a41e60f12dc21a8b,c3fe3963d6eaedd1cc3fbb65c73a0bcf57cb260fd2f6fa9c40d3371f40640a55,
shape_xi_only__outer05__inner03__seed2026082304,shape_xi_only,INITIAL,"[""xi""]",INNER_SEARCH,shape,5,d_q027_s50,3,"[""d_q018_s35"",""d_q018_s45"",""d_q018_s50"",""d_q036_s35"",""d_q036_s45"",""d_q036_s50""]","[""d_q027_s35"",""d_q027_s45""]","[""d_q027_s50""]",2026082304,SUCCESS,,,2026-08-23T12:56:32.661355+00:00,22.04859540006146,650,6,3,"{""engine"": ""PySR"", ""engine_output_directory"": ""C:\\Users\\xiao.cheng\\Desktop\\科研\\derived\\development\\g5_sr_engine"", ""engine_run_id"": ""shape_xi_only__outer05__inner03__seed2026082304""}",453c6a9dbc6ba19d096c9ae6dfb6836b82df3f4ef8501b17a41e60f12dc21a8b,c3fe3963d6eaedd1cc3fbb65c73a0bcf57cb260fd2f6fa9c40d3371f40640a55,
shape_xi_only__outer05__inner03__seed2026082305,shape_xi_only,INITIAL,"[""xi""]",INNER_SEARCH,shape,5,d_q027_s50,3,"[""d_q018_s35"",""d_q018_s45"",""d_q018_s50"",""d_q036_s35"",""d_q036_s45"",""d_q036_s50""]","[""d_q027_s35"",""d_q027_s45""]","[""d_q027_s50""]",2026082305,SUCCESS,,,2026-08-23T12:56:55.162219+00:00,44.3094854997471,650,6,5,"{""engine"": ""PySR"", ""engine_output_directory"": ""C:\\Users\\xiao.cheng\\Desktop\\科研\\derived\\development\\g5_sr_engine"", ""engine_run_id"": ""shape_xi_only__outer05__inner03__seed2026082305""}",453c6a9dbc6ba19d096c9ae6dfb6836b82df3f4ef8501b17a41e60f12dc21a8b,c3fe3963d6eaedd1cc3fbb65c73a0bcf57cb260fd2f6fa9c40d3371f40640a55,
shape_xi_only__outer05__refit__seed2026082301,shape_xi_only,INITIAL,"[""xi""]",OUTER_REFIT_SEARCH,shape,5,d_q027_s50,-1,"[""d_q018_s35"",""d_q018_s45"",""d_q018_s50"",""d_q027_s35"",""d_q027_s45"",""d_q036_s35"",""d_q036_s45"",""d_q036_s50""]",[],"[""d_q027_s50""]",2026082301,SUCCESS,,,2026-08-23T12:57:40.125450+00:00,31.73193009989336,934,8,4,"{""engine"": ""PySR"", ""engine_output_directory"": ""C:\\Users\\xiao.cheng\\Desktop\\科研\\derived\\development\\g5_sr_engine"", ""engine_run_id"": ""shape_xi_only__outer05__refit__seed2026082301""}",453c6a9dbc6ba19d096c9ae6dfb6836b82df3f4ef8501b17a41e60f12dc21a8b,c3fe3963d6eaedd1cc3fbb65c73a0bcf57cb260fd2f6fa9c40d3371f40640a55,
shape_xi_only__outer05__refit__seed2026082302,shape_xi_only,INITIAL,"[""xi""]",OUTER_REFIT_SEARCH,shape,5,d_q027_s50,-1,"[""d_q018_s35"",""d_q018_s45"",""d_q018_s50"",""d_q027_s35"",""d_q027_s45"",""d_q036_s35"",""d_q036_s45"",""d_q036_s50""]",[],"[""d_q027_s50""]",2026082302,SUCCESS,,,2026-08-23T12:58:12.362501+00:00,28.103110800031573,934,8,7,"{""engine"": ""PySR"", ""engine_output_directory"": ""C:\\Users\\xiao.cheng\\Desktop\\科研\\derived\\development\\g5_sr_engine"", ""engine_run_id"": ""shape_xi_only__outer05__refit__seed2026082302""}",453c6a9dbc6ba19d096c9ae6dfb6836b82df3f4ef8501b17a41e60f12dc21a8b,c3fe3963d6eaedd1cc3fbb65c73a0bcf57cb260fd2f6fa9c40d3371f40640a55,
shape_xi_only__outer05__refit__seed2026082303,shape_xi_only,INITIAL,"[""xi""]",OUTER_REFIT_SEARCH,shape,5,d_q027_s50,-1,"[""d_q018_s35"",""d_q018_s45"",""d_q018_s50"",""d_q027_s35"",""d_q027_s45"",""d_q036_s35"",""d_q036_s45"",""d_q036_s50""]",[],"[""d_q027_s50""]",2026082303,SUCCESS,,,2026-08-23T12:58:41.068858+00:00,21.22386429971084,934,8,5,"{""engine"": ""PySR"", ""engine_output_directory"": ""C:\\Users\\xiao.cheng\\Desktop\\科研\\derived\\development\\g5_sr_engine"", ""engine_run_id"": ""shape_xi_only__outer05__refit__seed2026082303""}",453c6a9dbc6ba19d096c9ae6dfb6836b82df3f4ef8501b17a41e60f12dc21a8b,c3fe3963d6eaedd1cc3fbb65c73a0bcf57cb260fd2f6fa9c40d3371f40640a55,
shape_xi_only__outer05__refit__seed2026082304,shape_xi_only,INITIAL,"[""xi""]",OUTER_REFIT_SEARCH,shape,5,d_q027_s50,-1,"[""d_q018_s35"",""d_q018_s45"",""d_q018_s50"",""d_q027_s35"",""d_q027_s45"",""d_q036_s35"",""d_q036_s45"",""d_q036_s50""]",[],"[""d_q027_s50""]",2026082304,SUCCESS,,,2026-08-23T12:59:02.822416+00:00,23.995911499951035,934,8,4,"{""engine"": ""PySR"", ""engine_output_directory"": ""C:\\Users\\xiao.cheng\\Desktop\\科研\\derived\\development\\g5_sr_engine"", ""engine_run_id"": ""shape_xi_only__outer05__refit__seed2026082304""}",453c6a9dbc6ba19d096c9ae6dfb6836b82df3f4ef8501b17a41e60f12dc21a8b,c3fe3963d6eaedd1cc3fbb65c73a0bcf57cb260fd2f6fa9c40d3371f40640a55,
shape_xi_only__outer05__refit__seed2026082305,shape_xi_only,INITIAL,"[""xi""]",OUTER_REFIT_SEARCH,shape,5,d_q027_s50,-1,"[""d_q018_s35"",""d_q018_s45"",""d_q018_s50"",""d_q027_s35"",""d_q027_s45"",""d_q036_s35"",""d_q036_s45"",""d_q036_s50""]",[],"[""d_q027_s50""]",2026082305,SUCCESS,,,2026-08-23T12:59:27.366050+00:00,33.28419859986752,934,8,4,"{""engine"": ""PySR"", ""engine_output_directory"": ""C:\\Users\\xiao.cheng\\Desktop\\科研\\derived\\development\\g5_sr_engine"", ""engine_run_id"": ""shape_xi_only__outer05__refit__seed2026082305""}",453c6a9dbc6ba19d096c9ae6dfb6836b82df3f4ef8501b17a41e60f12dc21a8b,c3fe3963d6eaedd1cc3fbb65c73a0bcf57cb260fd2f6fa9c40d3371f40640a55,
shape_xi_only__outer06__inner00__seed2026082301,shape_xi_only,INITIAL,"[""xi""]",INNER_SEARCH,shape,6,d_q036_s35,0,"[""d_q018_s35"",""d_q018_s45"",""d_q018_s50"",""d_q027_s35"",""d_q027_s45"",""d_q027_s50""]","[""d_q036_s45"",""d_q036_s50""]","[""d_q036_s35""]",2026082301,SUCCESS,,,2026-08-23T13:00:01.376054+00:00,28.423033999744803,646,6,5,"{""engine"": ""PySR"", ""engine_output_directory"": ""C:\\Users\\xiao.cheng\\Desktop\\科研\\derived\\development\\g5_sr_engine"", ""engine_run_id"": ""shape_xi_only__outer06__inner00__seed2026082301""}",453c6a9dbc6ba19d096c9ae6dfb6836b82df3f4ef8501b17a41e60f12dc21a8b,c3fe3963d6eaedd1cc3fbb65c73a0bcf57cb260fd2f6fa9c40d3371f40640a55,
shape_xi_only__outer06__inner00__seed2026082302,shape_xi_only,INITIAL,"[""xi""]",INNER_SEARCH,shape,6,d_q036_s35,0,"[""d_q018_s35"",""d_q018_s45"",""d_q018_s50"",""d_q027_s35"",""d_q027_s45"",""d_q027_s50""]","[""d_q036_s45"",""d_q036_s50""]","[""d_q036_s35""]",2026082302,SUCCESS,,,2026-08-23T13:00:30.729284+00:00,23.110524599906057,646,6,4,"{""engine"": ""PySR"", ""engine_output_directory"": ""C:\\Users\\xiao.cheng\\Desktop\\科研\\derived\\development\\g5_sr_engine"", ""engine_run_id"": ""shape_xi_only__outer06__inner00__seed2026082302""}",453c6a9dbc6ba19d096c9ae6dfb6836b82df3f4ef8501b17a41e60f12dc21a8b,c3fe3963d6eaedd1cc3fbb65c73a0bcf57cb260fd2f6fa9c40d3371f40640a55,
shape_xi_only__outer06__inner00__seed2026082303,shape_xi_only,INITIAL,"[""xi""]",INNER_SEARCH,shape,6,d_q036_s35,0,"[""d_q018_s35"",""d_q018_s45"",""d_q018_s50"",""d_q027_s35"",""d_q027_s45"",""d_q027_s50""]","[""d_q036_s45"",""d_q036_s50""]","[""d_q036_s35""]",2026082303,SUCCESS,,,2026-08-23T13:00:54.960016+00:00,21.307184500154108,646,6,4,"{""engine"": ""PySR"", ""engine_output_directory"": ""C:\\Users\\xiao.cheng\\Desktop\\科研\\derived\\development\\g5_sr_engine"", ""engine_run_id"": ""shape_xi_only__outer06__inner00__seed2026082303""}",453c6a9dbc6ba19d096c9ae6dfb6836b82df3f4ef8501b17a41e60f12dc21a8b,c3fe3963d6eaedd1cc3fbb65c73a0bcf57cb260fd2f6fa9c40d3371f40640a55,
shape_xi_only__outer06__inner00__seed2026082304,shape_xi_only,INITIAL,"[""xi""]",INNER_SEARCH,shape,6,d_q036_s35,0,"[""d_q018_s35"",""d_q018_s45"",""d_q018_s50"",""d_q027_s35"",""d_q027_s45"",""d_q027_s50""]","[""d_q036_s45"",""d_q036_s50""]","[""d_q036_s35""]",2026082304,SUCCESS,,,2026-08-23T13:01:16.913252+00:00,28.529927500057966,646,6,6,"{""engine"": ""PySR"", ""engine_output_directory"": ""C:\\Users\\xiao.cheng\\Desktop\\科研\\derived\\development\\g5_sr_engine"", ""engine_run_id"": ""shape_xi_only__outer06__inner00__seed2026082304""}",453c6a9dbc6ba19d096c9ae6dfb6836b82df3f4ef8501b17a41e60f12dc21a8b,c3fe3963d6eaedd1cc3fbb65c73a0bcf57cb260fd2f6fa9c40d3371f40640a55,
shape_xi_only__outer06__inner00__seed2026082305,shape_xi_only,INITIAL,"[""xi""]",INNER_SEARCH,shape,6,d_q036_s35,0,"[""d_q018_s35"",""d_q018_s45"",""d_q018_s50"",""d_q027_s35"",""d_q027_s45"",""d_q027_s50""]","[""d_q036_s45"",""d_q036_s50""]","[""d_q036_s35""]",2026082305,SUCCESS,,,2026-08-23T13:01:46.188547+00:00,24.32337740017101,646,6,6,"{""engine"": ""PySR"", ""engine_output_directory"": ""C:\\Users\\xiao.cheng\\Desktop\\科研\\derived\\development\\g5_sr_engine"", ""engine_run_id"": ""shape_xi_only__outer06__inner00__seed2026082305""}",453c6a9dbc6ba19d096c9ae6dfb6836b82df3f4ef8501b17a41e60f12dc21a8b,c3fe3963d6eaedd1cc3fbb65c73a0bcf57cb260fd2f6fa9c40d3371f40640a55,
shape_xi_only__outer06__inner01__seed2026082301,shape_xi_only,INITIAL,"[""xi""]",INNER_SEARCH,shape,6,d_q036_s35,1,"[""d_q018_s50"",""d_q027_s35"",""d_q027_s45"",""d_q027_s50"",""d_q036_s45"",""d_q036_s50""]","[""d_q018_s35"",""d_q018_s45""]","[""d_q036_s35""]",2026082301,SUCCESS,,,2026-08-23T13:02:11.065681+00:00,25.161035200115293,646,6,2,"{""engine"": ""PySR"", ""engine_output_directory"": ""C:\\Users\\xiao.cheng\\Desktop\\科研\\derived\\development\\g5_sr_engine"", ""engine_run_id"": ""shape_xi_only__outer06__inner01__seed2026082301""}",453c6a9dbc6ba19d096c9ae6dfb6836b82df3f4ef8501b17a41e60f12dc21a8b,c3fe3963d6eaedd1cc3fbb65c73a0bcf57cb260fd2f6fa9c40d3371f40640a55,
shape_xi_only__outer06__inner01__seed2026082302,shape_xi_only,INITIAL,"[""xi""]",INNER_SEARCH,shape,6,d_q036_s35,1,"[""d_q018_s50"",""d_q027_s35"",""d_q027_s45"",""d_q027_s50"",""d_q036_s45"",""d_q036_s50""]","[""d_q018_s35"",""d_q018_s45""]","[""d_q036_s35""]",2026082302,SUCCESS,,,2026-08-23T13:02:36.917630+00:00,27.463962099980563,646,6,4,"{""engine"": ""PySR"", ""engine_output_directory"": ""C:\\Users\\xiao.cheng\\Desktop\\科研\\derived\\development\\g5_sr_engine"", ""engine_run_id"": ""shape_xi_only__outer06__inner01__seed2026082302""}",453c6a9dbc6ba19d096c9ae6dfb6836b82df3f4ef8501b17a41e60f12dc21a8b,c3fe3963d6eaedd1cc3fbb65c73a0bcf57cb260fd2f6fa9c40d3371f40640a55,
shape_xi_only__outer06__inner01__seed2026082303,shape_xi_only,INITIAL,"[""xi""]",INNER_SEARCH,shape,6,d_q036_s35,1,"[""d_q018_s50"",""d_q027_s35"",""d_q027_s45"",""d_q027_s50"",""d_q036_s45"",""d_q036_s50""]","[""d_q018_s35"",""d_q018_s45""]","[""d_q036_s35""]",2026082303,SUCCESS,,,2026-08-23T13:03:04.928920+00:00,23.67237350018695,646,6,2,"{""engine"": ""PySR"", ""engine_output_directory"": ""C:\\Users\\xiao.cheng\\Desktop\\科研\\derived\\development\\g5_sr_engine"", ""engine_run_id"": ""shape_xi_only__outer06__inner01__seed2026082303""}",453c6a9dbc6ba19d096c9ae6dfb6836b82df3f4ef8501b17a41e60f12dc21a8b,c3fe3963d6eaedd1cc3fbb65c73a0bcf57cb260fd2f6fa9c40d3371f40640a55,
shape_xi_only__outer06__inner01__seed2026082304,shape_xi_only,INITIAL,"[""xi""]",INNER_SEARCH,shape,6,d_q036_s35,1,"[""d_q018_s50"",""d_q027_s35"",""d_q027_s45"",""d_q027_s50"",""d_q036_s45"",""d_q036_s50""]","[""d_q018_s35"",""d_q018_s45""]","[""d_q036_s35""]",2026082304,SUCCESS,,,2026-08-23T13:03:29.654436+00:00,35.545595000032336,646,6,5,"{""engine"": ""PySR"", ""engine_output_directory"": ""C:\\Users\\xiao.cheng\\Desktop\\科研\\derived\\development\\g5_sr_engine"", ""engine_run_id"": ""shape_xi_only__outer06__inner01__seed2026082304""}",453c6a9dbc6ba19d096c9ae6dfb6836b82df3f4ef8501b17a41e60f12dc21a8b,c3fe3963d6eaedd1cc3fbb65c73a0bcf57cb260fd2f6fa9c40d3371f40640a55,
shape_xi_only__outer06__inner01__seed2026082305,shape_xi_only,INITIAL,"[""xi""]",INNER_SEARCH,shape,6,d_q036_s35,1,"[""d_q018_s50"",""d_q027_s35"",""d_q027_s45"",""d_q027_s50"",""d_q036_s45"",""d_q036_s50""]","[""d_q018_s35"",""d_q018_s45""]","[""d_q036_s35""]",2026082305,SUCCESS,,,2026-08-23T13:04:06.132903+00:00,21.424189299810678,646,6,5,"{""engine"": ""PySR"", ""engine_output_directory"": ""C:\\Users\\xiao.cheng\\Desktop\\科研\\derived\\development\\g5_sr_engine"", ""engine_run_id"": ""shape_xi_only__outer06__inner01__seed2026082305""}",453c6a9dbc6ba19d096c9ae6dfb6836b82df3f4ef8501b17a41e60f12dc21a8b,c3fe3963d6eaedd1cc3fbb65c73a0bcf57cb260fd2f6fa9c40d3371f40640a55,
shape_xi_only__outer06__inner02__seed2026082301,shape_xi_only,INITIAL,"[""xi""]",INNER_SEARCH,shape,6,d_q036_s35,2,"[""d_q018_s35"",""d_q018_s45"",""d_q027_s45"",""d_q027_s50"",""d_q036_s45"",""d_q036_s50""]","[""d_q018_s50"",""d_q027_s35""]","[""d_q036_s35""]",2026082301,SUCCESS,,,2026-08-23T13:04:28.584639+00:00,34.38579630013555,720,6,5,"{""engine"": ""PySR"", ""engine_output_directory"": ""C:\\Users\\xiao.cheng\\Desktop\\科研\\derived\\development\\g5_sr_engine"", ""engine_run_id"": ""shape_xi_only__outer06__inner02__seed2026082301""}",453c6a9dbc6ba19d096c9ae6dfb6836b82df3f4ef8501b17a41e60f12dc21a8b,c3fe3963d6eaedd1cc3fbb65c73a0bcf57cb260fd2f6fa9c40d3371f40640a55,
shape_xi_only__outer06__inner02__seed2026082302,shape_xi_only,INITIAL,"[""xi""]",INNER_SEARCH,shape,6,d_q036_s35,2,"[""d_q018_s35"",""d_q018_s45"",""d_q027_s45"",""d_q027_s50"",""d_q036_s45"",""d_q036_s50""]","[""d_q018_s50"",""d_q027_s35""]","[""d_q036_s35""]",2026082302,SUCCESS,,,2026-08-23T13:05:03.766874+00:00,21.122050600126386,720,6,5,"{""engine"": ""PySR"", ""engine_output_directory"": ""C:\\Users\\xiao.cheng\\Desktop\\科研\\derived\\development\\g5_sr_engine"", ""engine_run_id"": ""shape_xi_only__outer06__inner02__seed2026082302""}",453c6a9dbc6ba19d096c9ae6dfb6836b82df3f4ef8501b17a41e60f12dc21a8b,c3fe3963d6eaedd1cc3fbb65c73a0bcf57cb260fd2f6fa9c40d3371f40640a55,
shape_xi_only__outer06__inner02__seed2026082303,shape_xi_only,INITIAL,"[""xi""]",INNER_SEARCH,shape,6,d_q036_s35,2,"[""d_q018_s35"",""d_q018_s45"",""d_q027_s45"",""d_q027_s50"",""d_q036_s45"",""d_q036_s50""]","[""d_q018_s50"",""d_q027_s35""]","[""d_q036_s35""]",2026082303,SUCCESS,,,2026-08-23T13:05:25.671994+00:00,32.31377439992502,720,6,4,"{""engine"": ""PySR"", ""engine_output_directory"": ""C:\\Users\\xiao.cheng\\Desktop\\科研\\derived\\development\\g5_sr_engine"", ""engine_run_id"": ""shape_xi_only__outer06__inner02__seed2026082303""}",453c6a9dbc6ba19d096c9ae6dfb6836b82df3f4ef8501b17a41e60f12dc21a8b,c3fe3963d6eaedd1cc3fbb65c73a0bcf57cb260fd2f6fa9c40d3371f40640a55,
shape_xi_only__outer06__inner02__seed2026082304,shape_xi_only,INITIAL,"[""xi""]",INNER_SEARCH,shape,6,d_q036_s35,2,"[""d_q018_s35"",""d_q018_s45"",""d_q027_s45"",""d_q027_s50"",""d_q036_s45"",""d_q036_s50""]","[""d_q018_s50"",""d_q027_s35""]","[""d_q036_s35""]",2026082304,SUCCESS,,,2026-08-23T13:05:58.664665+00:00,25.078233300242573,720,6,5,"{""engine"": ""PySR"", ""engine_output_directory"": ""C:\\Users\\xiao.cheng\\Desktop\\科研\\derived\\development\\g5_sr_engine"", ""engine_run_id"": ""shape_xi_only__outer06__inner02__seed2026082304""}",453c6a9dbc6ba19d096c9ae6dfb6836b82df3f4ef8501b17a41e60f12dc21a8b,c3fe3963d6eaedd1cc3fbb65c73a0bcf57cb260fd2f6fa9c40d3371f40640a55,
shape_xi_only__outer06__inner02__seed2026082305,shape_xi_only,INITIAL,"[""xi""]",INNER_SEARCH,shape,6,d_q036_s35,2,"[""d_q018_s35"",""d_q018_s45"",""d_q027_s45"",""d_q027_s50"",""d_q036_s45"",""d_q036_s50""]","[""d_q018_s50"",""d_q027_s35""]","[""d_q036_s35""]",2026082305,SUCCESS,,,2026-08-23T13:06:24.485392+00:00,24.4435791997239,720,6,4,"{""engine"": ""PySR"", ""engine_output_directory"": ""C:\\Users\\xiao.cheng\\Desktop\\科研\\derived\\development\\g5_sr_engine"", ""engine_run_id"": ""shape_xi_only__outer06__inner02__seed2026082305""}",453c6a9dbc6ba19d096c9ae6dfb6836b82df3f4ef8501b17a41e60f12dc21a8b,c3fe3963d6eaedd1cc3fbb65c73a0bcf57cb260fd2f6fa9c40d3371f40640a55,
shape_xi_only__outer06__inner03__seed2026082301,shape_xi_only,INITIAL,"[""xi""]",INNER_SEARCH,shape,6,d_q036_s35,3,"[""d_q018_s35"",""d_q018_s45"",""d_q018_s50"",""d_q027_s35"",""d_q036_s45"",""d_q036_s50""]","[""d_q027_s45"",""d_q027_s50""]","[""d_q036_s35""]",2026082301,SUCCESS,,,2026-08-23T13:06:49.484858+00:00,26.31838019983843,580,6,7,"{""engine"": ""PySR"", ""engine_output_directory"": ""C:\\Users\\xiao.cheng\\Desktop\\科研\\derived\\development\\g5_sr_engine"", ""engine_run_id"": ""shape_xi_only__outer06__inner03__seed2026082301""}",453c6a9dbc6ba19d096c9ae6dfb6836b82df3f4ef8501b17a41e60f12dc21a8b,c3fe3963d6eaedd1cc3fbb65c73a0bcf57cb260fd2f6fa9c40d3371f40640a55,
shape_xi_only__outer06__inner03__seed2026082302,shape_xi_only,INITIAL,"[""xi""]",INNER_SEARCH,shape,6,d_q036_s35,3,"[""d_q018_s35"",""d_q018_s45"",""d_q018_s50"",""d_q027_s35"",""d_q036_s45"",""d_q036_s50""]","[""d_q027_s45"",""d_q027_s50""]","[""d_q036_s35""]",2026082302,SUCCESS,,,2026-08-23T13:07:16.085487+00:00,6.314386200159788,580,6,2,"{""engine"": ""PySR"", ""engine_output_directory"": ""C:\\Users\\xiao.cheng\\Desktop\\科研\\derived\\development\\g5_sr_engine"", ""engine_run_id"": ""shape_xi_only__outer06__inner03__seed2026082302""}",453c6a9dbc6ba19d096c9ae6dfb6836b82df3f4ef8501b17a41e60f12dc21a8b,c3fe3963d6eaedd1cc3fbb65c73a0bcf57cb260fd2f6fa9c40d3371f40640a55,
shape_xi_only__outer06__inner03__seed2026082303,shape_xi_only,INITIAL,"[""xi""]",INNER_SEARCH,shape,6,d_q036_s35,3,"[""d_q018_s35"",""d_q018_s45"",""d_q018_s50"",""d_q027_s35"",""d_q036_s45"",""d_q036_s50""]","[""d_q027_s45"",""d_q027_s50""]","[""d_q036_s35""]",2026082303,SUCCESS,,,2026-08-23T13:07:22.580907+00:00,4.391674300190061,580,6,4,"{""engine"": ""PySR"", ""engine_output_directory"": ""C:\\Users\\xiao.cheng\\Desktop\\科研\\derived\\development\\g5_sr_engine"", ""engine_run_id"": ""shape_xi_only__outer06__inner03__seed2026082303""}",453c6a9dbc6ba19d096c9ae6dfb6836b82df3f4ef8501b17a41e60f12dc21a8b,c3fe3963d6eaedd1cc3fbb65c73a0bcf57cb260fd2f6fa9c40d3371f40640a55,
shape_xi_only__outer06__inner03__seed2026082304,shape_xi_only,INITIAL,"[""xi""]",INNER_SEARCH,shape,6,d_q036_s35,3,"[""d_q018_s35"",""d_q018_s45"",""d_q018_s50"",""d_q027_s35"",""d_q036_s45"",""d_q036_s50""]","[""d_q027_s45"",""d_q027_s50""]","[""d_q036_s35""]",2026082304,SUCCESS,,,2026-08-23T13:07:27.059802+00:00,3.7469688998535275,580,6,3,"{""engine"": ""PySR"", ""engine_output_directory"": ""C:\\Users\\xiao.cheng\\Desktop\\科研\\derived\\development\\g5_sr_engine"", ""engine_run_id"": ""shape_xi_only__outer06__inner03__seed2026082304""}",453c6a9dbc6ba19d096c9ae6dfb6836b82df3f4ef8501b17a41e60f12dc21a8b,c3fe3963d6eaedd1cc3fbb65c73a0bcf57cb260fd2f6fa9c40d3371f40640a55,
shape_xi_only__outer06__inner03__seed2026082305,shape_xi_only,INITIAL,"[""xi""]",INNER_SEARCH,shape,6,d_q036_s35,3,"[""d_q018_s35"",""d_q018_s45"",""d_q018_s50"",""d_q027_s35"",""d_q036_s45"",""d_q036_s50""]","[""d_q027_s45"",""d_q027_s50""]","[""d_q036_s35""]",2026082305,SUCCESS,,,2026-08-23T13:07:30.893164+00:00,4.704756599850953,580,6,4,"{""engine"": ""PySR"", ""engine_output_directory"": ""C:\\Users\\xiao.cheng\\Desktop\\科研\\derived\\development\\g5_sr_engine"", ""engine_run_id"": ""shape_xi_only__outer06__inner03__seed2026082305""}",453c6a9dbc6ba19d096c9ae6dfb6836b82df3f4ef8501b17a41e60f12dc21a8b,c3fe3963d6eaedd1cc3fbb65c73a0bcf57cb260fd2f6fa9c40d3371f40640a55,
shape_xi_only__outer06__refit__seed2026082301,shape_xi_only,INITIAL,"[""xi""]",OUTER_REFIT_SEARCH,shape,6,d_q036_s35,-1,"[""d_q018_s35"",""d_q018_s45"",""d_q018_s50"",""d_q027_s35"",""d_q027_s45"",""d_q027_s50"",""d_q036_s45"",""d_q036_s50""]",[],"[""d_q036_s35""]",2026082301,SUCCESS,,,2026-08-23T13:07:35.673031+00:00,4.7934236000292,864,8,6,"{""engine"": ""PySR"", ""engine_output_directory"": ""C:\\Users\\xiao.cheng\\Desktop\\科研\\derived\\development\\g5_sr_engine"", ""engine_run_id"": ""shape_xi_only__outer06__refit__seed2026082301""}",453c6a9dbc6ba19d096c9ae6dfb6836b82df3f4ef8501b17a41e60f12dc21a8b,c3fe3963d6eaedd1cc3fbb65c73a0bcf57cb260fd2f6fa9c40d3371f40640a55,
shape_xi_only__outer06__refit__seed2026082302,shape_xi_only,INITIAL,"[""xi""]",OUTER_REFIT_SEARCH,shape,6,d_q036_s35,-1,"[""d_q018_s35"",""d_q018_s45"",""d_q018_s50"",""d_q027_s35"",""d_q027_s45"",""d_q027_s50"",""d_q036_s45"",""d_q036_s50""]",[],"[""d_q036_s35""]",2026082302,SUCCESS,,,2026-08-23T13:07:40.738279+00:00,3.9383487002924085,864,8,3,"{""engine"": ""PySR"", ""engine_output_directory"": ""C:\\Users\\xiao.cheng\\Desktop\\科研\\derived\\development\\g5_sr_engine"", ""engine_run_id"": ""shape_xi_only__outer06__refit__seed2026082302""}",453c6a9dbc6ba19d096c9ae6dfb6836b82df3f4ef8501b17a41e60f12dc21a8b,c3fe3963d6eaedd1cc3fbb65c73a0bcf57cb260fd2f6fa9c40d3371f40640a55,
shape_xi_only__outer06__refit__seed2026082303,shape_xi_only,INITIAL,"[""xi""]",OUTER_REFIT_SEARCH,shape,6,d_q036_s35,-1,"[""d_q018_s35"",""d_q018_s45"",""d_q018_s50"",""d_q027_s35"",""d_q027_s45"",""d_q027_s50"",""d_q036_s45"",""d_q036_s50""]",[],"[""d_q036_s35""]",2026082303,SUCCESS,,,2026-08-23T13:07:44.807918+00:00,4.673760599922389,864,8,3,"{""engine"": ""PySR"", ""engine_output_directory"": ""C:\\Users\\xiao.cheng\\Desktop\\科研\\derived\\development\\g5_sr_engine"", ""engine_run_id"": ""shape_xi_only__outer06__refit__seed2026082303""}",453c6a9dbc6ba19d096c9ae6dfb6836b82df3f4ef8501b17a41e60f12dc21a8b,c3fe3963d6eaedd1cc3fbb65c73a0bcf57cb260fd2f6fa9c40d3371f40640a55,
shape_xi_only__outer06__refit__seed2026082304,shape_xi_only,INITIAL,"[""xi""]",OUTER_REFIT_SEARCH,shape,6,d_q036_s35,-1,"[""d_q018_s35"",""d_q018_s45"",""d_q018_s50"",""d_q027_s35"",""d_q027_s45"",""d_q027_s50"",""d_q036_s45"",""d_q036_s50""]",[],"[""d_q036_s35""]",2026082304,SUCCESS,,,2026-08-23T13:07:49.579764+00:00,6.692505900282413,864,8,4,"{""engine"": ""PySR"", ""engine_output_directory"": ""C:\\Users\\xiao.cheng\\Desktop\\科研\\derived\\development\\g5_sr_engine"", ""engine_run_id"": ""shape_xi_only__outer06__refit__seed2026082304""}",453c6a9dbc6ba19d096c9ae6dfb6836b82df3f4ef8501b17a41e60f12dc21a8b,c3fe3963d6eaedd1cc3fbb65c73a0bcf57cb260fd2f6fa9c40d3371f40640a55,
shape_xi_only__outer06__refit__seed2026082305,shape_xi_only,INITIAL,"[""xi""]",OUTER_REFIT_SEARCH,shape,6,d_q036_s35,-1,"[""d_q018_s35"",""d_q018_s45"",""d_q018_s50"",""d_q027_s35"",""d_q027_s45"",""d_q027_s50"",""d_q036_s45"",""d_q036_s50""]",[],"[""d_q036_s35""]",2026082305,SUCCESS,,,2026-08-23T13:07:56.388507+00:00,5.009991999715567,864,8,5,"{""engine"": ""PySR"", ""engine_output_directory"": ""C:\\Users\\xiao.cheng\\Desktop\\科研\\derived\\development\\g5_sr_engine"", ""engine_run_id"": ""shape_xi_only__outer06__refit__seed2026082305""}",453c6a9dbc6ba19d096c9ae6dfb6836b82df3f4ef8501b17a41e60f12dc21a8b,c3fe3963d6eaedd1cc3fbb65c73a0bcf57cb260fd2f6fa9c40d3371f40640a55,
shape_xi_only__outer07__inner00__seed2026082301,shape_xi_only,INITIAL,"[""xi""]",INNER_SEARCH,shape,7,d_q036_s45,0,"[""d_q018_s45"",""d_q018_s50"",""d_q027_s35"",""d_q027_s45"",""d_q027_s50"",""d_q036_s35""]","[""d_q018_s35"",""d_q036_s50""]","[""d_q036_s45""]",2026082301,SUCCESS,,,2026-08-23T13:08:01.501788+00:00,6.038428999949247,572,6,5,"{""engine"": ""PySR"", ""engine_output_directory"": ""C:\\Users\\xiao.cheng\\Desktop\\科研\\derived\\development\\g5_sr_engine"", ""engine_run_id"": ""shape_xi_only__outer07__inner00__seed2026082301""}",453c6a9dbc6ba19d096c9ae6dfb6836b82df3f4ef8501b17a41e60f12dc21a8b,c3fe3963d6eaedd1cc3fbb65c73a0bcf57cb260fd2f6fa9c40d3371f40640a55,
shape_xi_only__outer07__inner00__seed2026082302,shape_xi_only,INITIAL,"[""xi""]",INNER_SEARCH,shape,7,d_q036_s45,0,"[""d_q018_s45"",""d_q018_s50"",""d_q027_s35"",""d_q027_s45"",""d_q027_s50"",""d_q036_s35""]","[""d_q018_s35"",""d_q036_s50""]","[""d_q036_s45""]",2026082302,SUCCESS,,,2026-08-23T13:08:07.623610+00:00,5.134437200147659,572,6,5,"{""engine"": ""PySR"", ""engine_output_directory"": ""C:\\Users\\xiao.cheng\\Desktop\\科研\\derived\\development\\g5_sr_engine"", ""engine_run_id"": ""shape_xi_only__outer07__inner00__seed2026082302""}",453c6a9dbc6ba19d096c9ae6dfb6836b82df3f4ef8501b17a41e60f12dc21a8b,c3fe3963d6eaedd1cc3fbb65c73a0bcf57cb260fd2f6fa9c40d3371f40640a55,
shape_xi_only__outer07__inner00__seed2026082303,shape_xi_only,INITIAL,"[""xi""]",INNER_SEARCH,shape,7,d_q036_s45,0,"[""d_q018_s45"",""d_q018_s50"",""d_q027_s35"",""d_q027_s45"",""d_q027_s50"",""d_q036_s35""]","[""d_q018_s35"",""d_q036_s50""]","[""d_q036_s45""]",2026082303,SUCCESS,,,2026-08-23T13:08:12.861411+00:00,8.333359700161964,572,6,6,"{""engine"": ""PySR"", ""engine_output_directory"": ""C:\\Users\\xiao.cheng\\Desktop\\科研\\derived\\development\\g5_sr_engine"", ""engine_run_id"": ""shape_xi_only__outer07__inner00__seed2026082303""}",453c6a9dbc6ba19d096c9ae6dfb6836b82df3f4ef8501b17a41e60f12dc21a8b,c3fe3963d6eaedd1cc3fbb65c73a0bcf57cb260fd2f6fa9c40d3371f40640a55,
shape_xi_only__outer07__inner00__seed2026082304,shape_xi_only,INITIAL,"[""xi""]",INNER_SEARCH,shape,7,d_q036_s45,0,"[""d_q018_s45"",""d_q018_s50"",""d_q027_s35"",""d_q027_s45"",""d_q027_s50"",""d_q036_s35""]","[""d_q018_s35"",""d_q036_s50""]","[""d_q036_s45""]",2026082304,SUCCESS,,,2026-08-23T13:08:21.350400+00:00,5.916757199913263,572,6,5,"{""engine"": ""PySR"", ""engine_output_directory"": ""C:\\Users\\xiao.cheng\\Desktop\\科研\\derived\\development\\g5_sr_engine"", ""engine_run_id"": ""shape_xi_only__outer07__inner00__seed2026082304""}",453c6a9dbc6ba19d096c9ae6dfb6836b82df3f4ef8501b17a41e60f12dc21a8b,c3fe3963d6eaedd1cc3fbb65c73a0bcf57cb260fd2f6fa9c40d3371f40640a55,
shape_xi_only__outer07__inner00__seed2026082305,shape_xi_only,INITIAL,"[""xi""]",INNER_SEARCH,shape,7,d_q036_s45,0,"[""d_q018_s45"",""d_q018_s50"",""d_q027_s35"",""d_q027_s45"",""d_q027_s50"",""d_q036_s35""]","[""d_q018_s35"",""d_q036_s50""]","[""d_q036_s45""]",2026082305,SUCCESS,,,2026-08-23T13:08:27.370531+00:00,4.456757199950516,572,6,3,"{""engine"": ""PySR"", ""engine_output_directory"": ""C:\\Users\\xiao.cheng\\Desktop\\科研\\derived\\development\\g5_sr_engine"", ""engine_run_id"": ""shape_xi_only__outer07__inner00__seed2026082305""}",453c6a9dbc6ba19d096c9ae6dfb6836b82df3f4ef8501b17a41e60f12dc21a8b,c3fe3963d6eaedd1cc3fbb65c73a0bcf57cb260fd2f6fa9c40d3371f40640a55,
shape_xi_only__outer07__inner01__seed2026082301,shape_xi_only,INITIAL,"[""xi""]",INNER_SEARCH,shape,7,d_q036_s45,1,"[""d_q018_s35"",""d_q027_s35"",""d_q027_s45"",""d_q027_s50"",""d_q036_s35"",""d_q036_s50""]","[""d_q018_s45"",""d_q018_s50""]","[""d_q036_s45""]",2026082301,SUCCESS,,,2026-08-23T13:08:31.920079+00:00,4.552888399921358,790,6,5,"{""engine"": ""PySR"", ""engine_output_directory"": ""C:\\Users\\xiao.cheng\\Desktop\\科研\\derived\\development\\g5_sr_engine"", ""engine_run_id"": ""shape_xi_only__outer07__inner01__seed2026082301""}",453c6a9dbc6ba19d096c9ae6dfb6836b82df3f4ef8501b17a41e60f12dc21a8b,c3fe3963d6eaedd1cc3fbb65c73a0bcf57cb260fd2f6fa9c40d3371f40640a55,
shape_xi_only__outer07__inner01__seed2026082302,shape_xi_only,INITIAL,"[""xi""]",INNER_SEARCH,shape,7,d_q036_s45,1,"[""d_q018_s35"",""d_q027_s35"",""d_q027_s45"",""d_q027_s50"",""d_q036_s35"",""d_q036_s50""]","[""d_q018_s45"",""d_q018_s50""]","[""d_q036_s45""]",2026082302,SUCCESS,,,2026-08-23T13:08:36.562488+00:00,4.9492508000694215,790,6,4,"{""engine"": ""PySR"", ""engine_output_directory"": ""C:\\Users\\xiao.cheng\\Desktop\\科研\\derived\\development\\g5_sr_engine"", ""engine_run_id"": ""shape_xi_only__outer07__inner01__seed2026082302""}",453c6a9dbc6ba19d096c9ae6dfb6836b82df3f4ef8501b17a41e60f12dc21a8b,c3fe3963d6eaedd1cc3fbb65c73a0bcf57cb260fd2f6fa9c40d3371f40640a55,
shape_xi_only__outer07__inner01__seed2026082303,shape_xi_only,INITIAL,"[""xi""]",INNER_SEARCH,shape,7,d_q036_s45,1,"[""d_q018_s35"",""d_q027_s35"",""d_q027_s45"",""d_q027_s50"",""d_q036_s35"",""d_q036_s50""]","[""d_q018_s45"",""d_q018_s50""]","[""d_q036_s45""]",2026082303,SUCCESS,,,2026-08-23T13:08:41.606503+00:00,3.9146718997508287,790,6,4,"{""engine"": ""PySR"", ""engine_output_directory"": ""C:\\Users\\xiao.cheng\\Desktop\\科研\\derived\\development\\g5_sr_engine"", ""engine_run_id"": ""shape_xi_only__outer07__inner01__seed2026082303""}",453c6a9dbc6ba19d096c9ae6dfb6836b82df3f4ef8501b17a41e60f12dc21a8b,c3fe3963d6eaedd1cc3fbb65c73a0bcf57cb260fd2f6fa9c40d3371f40640a55,
shape_xi_only__outer07__inner01__seed2026082304,shape_xi_only,INITIAL,"[""xi""]",INNER_SEARCH,shape,7,d_q036_s45,1,"[""d_q018_s35"",""d_q027_s35"",""d_q027_s45"",""d_q027_s50"",""d_q036_s35"",""d_q036_s50""]","[""d_q018_s45"",""d_q018_s50""]","[""d_q036_s45""]",2026082304,SUCCESS,,,2026-08-23T13:08:45.602200+00:00,4.194369100034237,790,6,5,"{""engine"": ""PySR"", ""engine_output_directory"": ""C:\\Users\\xiao.cheng\\Desktop\\科研\\derived\\development\\g5_sr_engine"", ""engine_run_id"": ""shape_xi_only__outer07__inner01__seed2026082304""}",453c6a9dbc6ba19d096c9ae6dfb6836b82df3f4ef8501b17a41e60f12dc21a8b,c3fe3963d6eaedd1cc3fbb65c73a0bcf57cb260fd2f6fa9c40d3371f40640a55,
shape_xi_only__outer07__inner01__seed2026082305,shape_xi_only,INITIAL,"[""xi""]",INNER_SEARCH,shape,7,d_q036_s45,1,"[""d_q018_s35"",""d_q027_s35"",""d_q027_s45"",""d_q027_s50"",""d_q036_s35"",""d_q036_s50""]","[""d_q018_s45"",""d_q018_s50""]","[""d_q036_s45""]",2026082305,SUCCESS,,,2026-08-23T13:08:49.884012+00:00,3.78875740012154,790,6,7,"{""engine"": ""PySR"", ""engine_output_directory"": ""C:\\Users\\xiao.cheng\\Desktop\\科研\\derived\\development\\g5_sr_engine"", ""engine_run_id"": ""shape_xi_only__outer07__inner01__seed2026082305""}",453c6a9dbc6ba19d096c9ae6dfb6836b82df3f4ef8501b17a41e60f12dc21a8b,c3fe3963d6eaedd1cc3fbb65c73a0bcf57cb260fd2f6fa9c40d3371f40640a55,
shape_xi_only__outer07__inner02__seed2026082301,shape_xi_only,INITIAL,"[""xi""]",INNER_SEARCH,shape,7,d_q036_s45,2,"[""d_q018_s35"",""d_q018_s45"",""d_q018_s50"",""d_q027_s50"",""d_q036_s35"",""d_q036_s50""]","[""d_q027_s35"",""d_q027_s45""]","[""d_q036_s45""]",2026082301,SUCCESS,,,2026-08-23T13:08:53.759132+00:00,4.785191200207919,650,6,4,"{""engine"": ""PySR"", ""engine_output_directory"": ""C:\\Users\\xiao.cheng\\Desktop\\科研\\derived\\development\\g5_sr_engine"", ""engine_run_id"": ""shape_xi_only__outer07__inner02__seed2026082301""}",453c6a9dbc6ba19d096c9ae6dfb6836b82df3f4ef8501b17a41e60f12dc21a8b,c3fe3963d6eaedd1cc3fbb65c73a0bcf57cb260fd2f6fa9c40d3371f40640a55,
shape_xi_only__outer07__inner02__seed2026082302,shape_xi_only,INITIAL,"[""xi""]",INNER_SEARCH,shape,7,d_q036_s45,2,"[""d_q018_s35"",""d_q018_s45"",""d_q018_s50"",""d_q027_s50"",""d_q036_s35"",""d_q036_s50""]","[""d_q027_s35"",""d_q027_s45""]","[""d_q036_s45""]",2026082302,SUCCESS,,,2026-08-23T13:08:58.623191+00:00,4.449920600280166,650,6,5,"{""engine"": ""PySR"", ""engine_output_directory"": ""C:\\Users\\xiao.cheng\\Desktop\\科研\\derived\\development\\g5_sr_engine"", ""engine_run_id"": ""shape_xi_only__outer07__inner02__seed2026082302""}",453c6a9dbc6ba19d096c9ae6dfb6836b82df3f4ef8501b17a41e60f12dc21a8b,c3fe3963d6eaedd1cc3fbb65c73a0bcf57cb260fd2f6fa9c40d3371f40640a55,
shape_xi_only__outer07__inner02__seed2026082303,shape_xi_only,INITIAL,"[""xi""]",INNER_SEARCH,shape,7,d_q036_s45,2,"[""d_q018_s35"",""d_q018_s45"",""d_q018_s50"",""d_q027_s50"",""d_q036_s35"",""d_q036_s50""]","[""d_q027_s35"",""d_q027_s45""]","[""d_q036_s45""]",2026082303,SUCCESS,,,2026-08-23T13:09:03.167472+00:00,4.719478299841285,650,6,4,"{""engine"": ""PySR"", ""engine_output_directory"": ""C:\\Users\\xiao.cheng\\Desktop\\科研\\derived\\development\\g5_sr_engine"", ""engine_run_id"": ""shape_xi_only__outer07__inner02__seed2026082303""}",453c6a9dbc6ba19d096c9ae6dfb6836b82df3f4ef8501b17a41e60f12dc21a8b,c3fe3963d6eaedd1cc3fbb65c73a0bcf57cb260fd2f6fa9c40d3371f40640a55,
shape_xi_only__outer07__inner02__seed2026082304,shape_xi_only,INITIAL,"[""xi""]",INNER_SEARCH,shape,7,d_q036_s45,2,"[""d_q018_s35"",""d_q018_s45"",""d_q018_s50"",""d_q027_s50"",""d_q036_s35"",""d_q036_s50""]","[""d_q027_s35"",""d_q027_s45""]","[""d_q036_s45""]",2026082304,SUCCESS,,,2026-08-23T13:09:07.991627+00:00,3.947732400149107,650,6,4,"{""engine"": ""PySR"", ""engine_output_directory"": ""C:\\Users\\xiao.cheng\\Desktop\\科研\\derived\\development\\g5_sr_engine"", ""engine_run_id"": ""shape_xi_only__outer07__inner02__seed2026082304""}",453c6a9dbc6ba19d096c9ae6dfb6836b82df3f4ef8501b17a41e60f12dc21a8b,c3fe3963d6eaedd1cc3fbb65c73a0bcf57cb260fd2f6fa9c40d3371f40640a55,
shape_xi_only__outer07__inner02__seed2026082305,shape_xi_only,INITIAL,"[""xi""]",INNER_SEARCH,shape,7,d_q036_s45,2,"[""d_q018_s35"",""d_q018_s45"",""d_q018_s50"",""d_q027_s50"",""d_q036_s35"",""d_q036_s50""]","[""d_q027_s35"",""d_q027_s45""]","[""d_q036_s45""]",2026082305,SUCCESS,,,2026-08-23T13:09:12.028344+00:00,4.442527699749917,650,6,4,"{""engine"": ""PySR"", ""engine_output_directory"": ""C:\\Users\\xiao.cheng\\Desktop\\科研\\derived\\development\\g5_sr_engine"", ""engine_run_id"": ""shape_xi_only__outer07__inner02__seed2026082305""}",453c6a9dbc6ba19d096c9ae6dfb6836b82df3f4ef8501b17a41e60f12dc21a8b,c3fe3963d6eaedd1cc3fbb65c73a0bcf57cb260fd2f6fa9c40d3371f40640a55,
shape_xi_only__outer07__inner03__seed2026082301,shape_xi_only,INITIAL,"[""xi""]",INNER_SEARCH,shape,7,d_q036_s45,3,"[""d_q018_s35"",""d_q018_s45"",""d_q018_s50"",""d_q027_s35"",""d_q027_s45"",""d_q036_s50""]","[""d_q027_s50"",""d_q036_s35""]","[""d_q036_s45""]",2026082301,SUCCESS,,,2026-08-23T13:09:16.565963+00:00,4.0866913003847,790,6,4,"{""engine"": ""PySR"", ""engine_output_directory"": ""C:\\Users\\xiao.cheng\\Desktop\\科研\\derived\\development\\g5_sr_engine"", ""engine_run_id"": ""shape_xi_only__outer07__inner03__seed2026082301""}",453c6a9dbc6ba19d096c9ae6dfb6836b82df3f4ef8501b17a41e60f12dc21a8b,c3fe3963d6eaedd1cc3fbb65c73a0bcf57cb260fd2f6fa9c40d3371f40640a55,
shape_xi_only__outer07__inner03__seed2026082302,shape_xi_only,INITIAL,"[""xi""]",INNER_SEARCH,shape,7,d_q036_s45,3,"[""d_q018_s35"",""d_q018_s45"",""d_q018_s50"",""d_q027_s35"",""d_q027_s45"",""d_q036_s50""]","[""d_q027_s50"",""d_q036_s35""]","[""d_q036_s45""]",2026082302,SUCCESS,,,2026-08-23T13:09:20.744061+00:00,4.248583199921995,790,6,5,"{""engine"": ""PySR"", ""engine_output_directory"": ""C:\\Users\\xiao.cheng\\Desktop\\科研\\derived\\development\\g5_sr_engine"", ""engine_run_id"": ""shape_xi_only__outer07__inner03__seed2026082302""}",453c6a9dbc6ba19d096c9ae6dfb6836b82df3f4ef8501b17a41e60f12dc21a8b,c3fe3963d6eaedd1cc3fbb65c73a0bcf57cb260fd2f6fa9c40d3371f40640a55,
shape_xi_only__outer07__inner03__seed2026082303,shape_xi_only,INITIAL,"[""xi""]",INNER_SEARCH,shape,7,d_q036_s45,3,"[""d_q018_s35"",""d_q018_s45"",""d_q018_s50"",""d_q027_s35"",""d_q027_s45"",""d_q036_s50""]","[""d_q027_s50"",""d_q036_s35""]","[""d_q036_s45""]",2026082303,SUCCESS,,,2026-08-23T13:09:25.101083+00:00,3.891793599817902,790,6,5,"{""engine"": ""PySR"", ""engine_output_directory"": ""C:\\Users\\xiao.cheng\\Desktop\\科研\\derived\\development\\g5_sr_engine"", ""engine_run_id"": ""shape_xi_only__outer07__inner03__seed2026082303""}",453c6a9dbc6ba19d096c9ae6dfb6836b82df3f4ef8501b17a41e60f12dc21a8b,c3fe3963d6eaedd1cc3fbb65c73a0bcf57cb260fd2f6fa9c40d3371f40640a55,
shape_xi_only__outer07__inner03__seed2026082304,shape_xi_only,INITIAL,"[""xi""]",INNER_SEARCH,shape,7,d_q036_s45,3,"[""d_q018_s35"",""d_q018_s45"",""d_q018_s50"",""d_q027_s35"",""d_q027_s45"",""d_q036_s50""]","[""d_q027_s50"",""d_q036_s35""]","[""d_q036_s45""]",2026082304,SUCCESS,,,2026-08-23T13:09:29.076103+00:00,3.842725499998778,790,6,5,"{""engine"": ""PySR"", ""engine_output_directory"": ""C:\\Users\\xiao.cheng\\Desktop\\科研\\derived\\development\\g5_sr_engine"", ""engine_run_id"": ""shape_xi_only__outer07__inner03__seed2026082304""}",453c6a9dbc6ba19d096c9ae6dfb6836b82df3f4ef8501b17a41e60f12dc21a8b,c3fe3963d6eaedd1cc3fbb65c73a0bcf57cb260fd2f6fa9c40d3371f40640a55,
shape_xi_only__outer07__inner03__seed2026082305,shape_xi_only,INITIAL,"[""xi""]",INNER_SEARCH,shape,7,d_q036_s45,3,"[""d_q018_s35"",""d_q018_s45"",""d_q018_s50"",""d_q027_s35"",""d_q027_s45"",""d_q036_s50""]","[""d_q027_s50"",""d_q036_s35""]","[""d_q036_s45""]",2026082305,SUCCESS,,,2026-08-23T13:09:33.006130+00:00,3.950838999822736,790,6,4,"{""engine"": ""PySR"", ""engine_output_directory"": ""C:\\Users\\xiao.cheng\\Desktop\\科研\\derived\\development\\g5_sr_engine"", ""engine_run_id"": ""shape_xi_only__outer07__inner03__seed2026082305""}",453c6a9dbc6ba19d096c9ae6dfb6836b82df3f4ef8501b17a41e60f12dc21a8b,c3fe3963d6eaedd1cc3fbb65c73a0bcf57cb260fd2f6fa9c40d3371f40640a55,
shape_xi_only__outer07__refit__seed2026082301,shape_xi_only,INITIAL,"[""xi""]",OUTER_REFIT_SEARCH,shape,7,d_q036_s45,-1,"[""d_q018_s35"",""d_q018_s45"",""d_q018_s50"",""d_q027_s35"",""d_q027_s45"",""d_q027_s50"",""d_q036_s35"",""d_q036_s50""]",[],"[""d_q036_s45""]",2026082301,SUCCESS,,,2026-08-23T13:09:37.050777+00:00,3.9912576996721327,934,8,5,"{""engine"": ""PySR"", ""engine_output_directory"": ""C:\\Users\\xiao.cheng\\Desktop\\科研\\derived\\development\\g5_sr_engine"", ""engine_run_id"": ""shape_xi_only__outer07__refit__seed2026082301""}",453c6a9dbc6ba19d096c9ae6dfb6836b82df3f4ef8501b17a41e60f12dc21a8b,c3fe3963d6eaedd1cc3fbb65c73a0bcf57cb260fd2f6fa9c40d3371f40640a55,
shape_xi_only__outer07__refit__seed2026082302,shape_xi_only,INITIAL,"[""xi""]",OUTER_REFIT_SEARCH,shape,7,d_q036_s45,-1,"[""d_q018_s35"",""d_q018_s45"",""d_q018_s50"",""d_q027_s35"",""d_q027_s45"",""d_q027_s50"",""d_q036_s35"",""d_q036_s50""]",[],"[""d_q036_s45""]",2026082302,SUCCESS,,,2026-08-23T13:09:41.121519+00:00,4.262118400074542,934,8,6,"{""engine"": ""PySR"", ""engine_output_directory"": ""C:\\Users\\xiao.cheng\\Desktop\\科研\\derived\\development\\g5_sr_engine"", ""engine_run_id"": ""shape_xi_only__outer07__refit__seed2026082302""}",453c6a9dbc6ba19d096c9ae6dfb6836b82df3f4ef8501b17a41e60f12dc21a8b,c3fe3963d6eaedd1cc3fbb65c73a0bcf57cb260fd2f6fa9c40d3371f40640a55,
shape_xi_only__outer07__refit__seed2026082303,shape_xi_only,INITIAL,"[""xi""]",OUTER_REFIT_SEARCH,shape,7,d_q036_s45,-1,"[""d_q018_s35"",""d_q018_s45"",""d_q018_s50"",""d_q027_s35"",""d_q027_s45"",""d_q027_s50"",""d_q036_s35"",""d_q036_s50""]",[],"[""d_q036_s45""]",2026082303,SUCCESS,,,2026-08-23T13:09:45.478012+00:00,4.183495299890637,934,8,4,"{""engine"": ""PySR"", ""engine_output_directory"": ""C:\\Users\\xiao.cheng\\Desktop\\科研\\derived\\development\\g5_sr_engine"", ""engine_run_id"": ""shape_xi_only__outer07__refit__seed2026082303""}",453c6a9dbc6ba19d096c9ae6dfb6836b82df3f4ef8501b17a41e60f12dc21a8b,c3fe3963d6eaedd1cc3fbb65c73a0bcf57cb260fd2f6fa9c40d3371f40640a55,
shape_xi_only__outer07__refit__seed2026082304,shape_xi_only,INITIAL,"[""xi""]",OUTER_REFIT_SEARCH,shape,7,d_q036_s45,-1,"[""d_q018_s35"",""d_q018_s45"",""d_q018_s50"",""d_q027_s35"",""d_q027_s45"",""d_q027_s50"",""d_q036_s35"",""d_q036_s50""]",[],"[""d_q036_s45""]",2026082304,SUCCESS,,,2026-08-23T13:09:49.762429+00:00,4.225262399762869,934,8,3,"{""engine"": ""PySR"", ""engine_output_directory"": ""C:\\Users\\xiao.cheng\\Desktop\\科研\\derived\\development\\g5_sr_engine"", ""engine_run_id"": ""shape_xi_only__outer07__refit__seed2026082304""}",453c6a9dbc6ba19d096c9ae6dfb6836b82df3f4ef8501b17a41e60f12dc21a8b,c3fe3963d6eaedd1cc3fbb65c73a0bcf57cb260fd2f6fa9c40d3371f40640a55,
shape_xi_only__outer07__refit__seed2026082305,shape_xi_only,INITIAL,"[""xi""]",OUTER_REFIT_SEARCH,shape,7,d_q036_s45,-1,"[""d_q018_s35"",""d_q018_s45"",""d_q018_s50"",""d_q027_s35"",""d_q027_s45"",""d_q027_s50"",""d_q036_s35"",""d_q036_s50""]",[],"[""d_q036_s45""]",2026082305,SUCCESS,,,2026-08-23T13:09:54.082649+00:00,4.782242100220174,934,8,3,"{""engine"": ""PySR"", ""engine_output_directory"": ""C:\\Users\\xiao.cheng\\Desktop\\科研\\derived\\development\\g5_sr_engine"", ""engine_run_id"": ""shape_xi_only__outer07__refit__seed2026082305""}",453c6a9dbc6ba19d096c9ae6dfb6836b82df3f4ef8501b17a41e60f12dc21a8b,c3fe3963d6eaedd1cc3fbb65c73a0bcf57cb260fd2f6fa9c40d3371f40640a55,
shape_xi_only__outer08__inner00__seed2026082301,shape_xi_only,INITIAL,"[""xi""]",INNER_SEARCH,shape,8,d_q036_s50,0,"[""d_q018_s50"",""d_q027_s35"",""d_q027_s45"",""d_q027_s50"",""d_q036_s35"",""d_q036_s45""]","[""d_q018_s35"",""d_q018_s45""]","[""d_q036_s50""]",2026082301,SUCCESS,,,2026-08-23T13:09:58.960267+00:00,3.9121225997805595,572,6,5,"{""engine"": ""PySR"", ""engine_output_directory"": ""C:\\Users\\xiao.cheng\\Desktop\\科研\\derived\\development\\g5_sr_engine"", ""engine_run_id"": ""shape_xi_only__outer08__inner00__seed2026082301""}",453c6a9dbc6ba19d096c9ae6dfb6836b82df3f4ef8501b17a41e60f12dc21a8b,c3fe3963d6eaedd1cc3fbb65c73a0bcf57cb260fd2f6fa9c40d3371f40640a55,
shape_xi_only__outer08__inner00__seed2026082302,shape_xi_only,INITIAL,"[""xi""]",INNER_SEARCH,shape,8,d_q036_s50,0,"[""d_q018_s50"",""d_q027_s35"",""d_q027_s45"",""d_q027_s50"",""d_q036_s35"",""d_q036_s45""]","[""d_q018_s35"",""d_q018_s45""]","[""d_q036_s50""]",2026082302,SUCCESS,,,2026-08-23T13:10:02.969376+00:00,3.791904099751264,572,6,6,"{""engine"": ""PySR"", ""engine_output_directory"": ""C:\\Users\\xiao.cheng\\Desktop\\科研\\derived\\development\\g5_sr_engine"", ""engine_run_id"": ""shape_xi_only__outer08__inner00__seed2026082302""}",453c6a9dbc6ba19d096c9ae6dfb6836b82df3f4ef8501b17a41e60f12dc21a8b,c3fe3963d6eaedd1cc3fbb65c73a0bcf57cb260fd2f6fa9c40d3371f40640a55,
shape_xi_only__outer08__inner00__seed2026082303,shape_xi_only,INITIAL,"[""xi""]",INNER_SEARCH,shape,8,d_q036_s50,0,"[""d_q018_s50"",""d_q027_s35"",""d_q027_s45"",""d_q027_s50"",""d_q036_s35"",""d_q036_s45""]","[""d_q018_s35"",""d_q018_s45""]","[""d_q036_s50""]",2026082303,SUCCESS,,,2026-08-23T13:10:06.849304+00:00,3.736403899732977,572,6,3,"{""engine"": ""PySR"", ""engine_output_directory"": ""C:\\Users\\xiao.cheng\\Desktop\\科研\\derived\\development\\g5_sr_engine"", ""engine_run_id"": ""shape_xi_only__outer08__inner00__seed2026082303""}",453c6a9dbc6ba19d096c9ae6dfb6836b82df3f4ef8501b17a41e60f12dc21a8b,c3fe3963d6eaedd1cc3fbb65c73a0bcf57cb260fd2f6fa9c40d3371f40640a55,
shape_xi_only__outer08__inner00__seed2026082304,shape_xi_only,INITIAL,"[""xi""]",INNER_SEARCH,shape,8,d_q036_s50,0,"[""d_q018_s50"",""d_q027_s35"",""d_q027_s45"",""d_q027_s50"",""d_q036_s35"",""d_q036_s45""]","[""d_q018_s35"",""d_q018_s45""]","[""d_q036_s50""]",2026082304,SUCCESS,,,2026-08-23T13:10:10.684596+00:00,3.8995864000171423,572,6,2,"{""engine"": ""PySR"", ""engine_output_directory"": ""C:\\Users\\xiao.cheng\\Desktop\\科研\\derived\\development\\g5_sr_engine"", ""engine_run_id"": ""shape_xi_only__outer08__inner00__seed2026082304""}",453c6a9dbc6ba19d096c9ae6dfb6836b82df3f4ef8501b17a41e60f12dc21a8b,c3fe3963d6eaedd1cc3fbb65c73a0bcf57cb260fd2f6fa9c40d3371f40640a55,
shape_xi_only__outer08__inner00__seed2026082305,shape_xi_only,INITIAL,"[""xi""]",INNER_SEARCH,shape,8,d_q036_s50,0,"[""d_q018_s50"",""d_q027_s35"",""d_q027_s45"",""d_q027_s50"",""d_q036_s35"",""d_q036_s45""]","[""d_q018_s35"",""d_q018_s45""]","[""d_q036_s50""]",2026082305,SUCCESS,,,2026-08-23T13:10:14.682040+00:00,4.109390699770302,572,6,8,"{""engine"": ""PySR"", ""engine_output_directory"": ""C:\\Users\\xiao.cheng\\Desktop\\科研\\derived\\development\\g5_sr_engine"", ""engine_run_id"": ""shape_xi_only__outer08__inner00__seed2026082305""}",453c6a9dbc6ba19d096c9ae6dfb6836b82df3f4ef8501b17a41e60f12dc21a8b,c3fe3963d6eaedd1cc3fbb65c73a0bcf57cb260fd2f6fa9c40d3371f40640a55,
shape_xi_only__outer08__inner01__seed2026082301,shape_xi_only,INITIAL,"[""xi""]",INNER_SEARCH,shape,8,d_q036_s50,1,"[""d_q018_s35"",""d_q018_s45"",""d_q027_s45"",""d_q027_s50"",""d_q036_s35"",""d_q036_s45""]","[""d_q018_s50"",""d_q027_s35""]","[""d_q036_s50""]",2026082301,SUCCESS,,,2026-08-23T13:10:18.895627+00:00,3.7661950001493096,646,6,4,"{""engine"": ""PySR"", ""engine_output_directory"": ""C:\\Users\\xiao.cheng\\Desktop\\科研\\derived\\development\\g5_sr_engine"", ""engine_run_id"": ""shape_xi_only__outer08__inner01__seed2026082301""}",453c6a9dbc6ba19d096c9ae6dfb6836b82df3f4ef8501b17a41e60f12dc21a8b,c3fe3963d6eaedd1cc3fbb65c73a0bcf57cb260fd2f6fa9c40d3371f40640a55,
shape_xi_only__outer08__inner01__seed2026082302,shape_xi_only,INITIAL,"[""xi""]",INNER_SEARCH,shape,8,d_q036_s50,1,"[""d_q018_s35"",""d_q018_s45"",""d_q027_s45"",""d_q027_s50"",""d_q036_s35"",""d_q036_s45""]","[""d_q018_s50"",""d_q027_s35""]","[""d_q036_s50""]",2026082302,SUCCESS,,,2026-08-23T13:10:22.763184+00:00,3.828664599917829,646,6,6,"{""engine"": ""PySR"", ""engine_output_directory"": ""C:\\Users\\xiao.cheng\\Desktop\\科研\\derived\\development\\g5_sr_engine"", ""engine_run_id"": ""shape_xi_only__outer08__inner01__seed2026082302""}",453c6a9dbc6ba19d096c9ae6dfb6836b82df3f4ef8501b17a41e60f12dc21a8b,c3fe3963d6eaedd1cc3fbb65c73a0bcf57cb260fd2f6fa9c40d3371f40640a55,
shape_xi_only__outer08__inner01__seed2026082303,shape_xi_only,INITIAL,"[""xi""]",INNER_SEARCH,shape,8,d_q036_s50,1,"[""d_q018_s35"",""d_q018_s45"",""d_q027_s45"",""d_q027_s50"",""d_q036_s35"",""d_q036_s45""]","[""d_q018_s50"",""d_q027_s35""]","[""d_q036_s50""]",2026082303,SUCCESS,,,2026-08-23T13:10:26.670493+00:00,3.719525500200689,646,6,4,"{""engine"": ""PySR"", ""engine_output_directory"": ""C:\\Users\\xiao.cheng\\Desktop\\科研\\derived\\development\\g5_sr_engine"", ""engine_run_id"": ""shape_xi_only__outer08__inner01__seed2026082303""}",453c6a9dbc6ba19d096c9ae6dfb6836b82df3f4ef8501b17a41e60f12dc21a8b,c3fe3963d6eaedd1cc3fbb65c73a0bcf57cb260fd2f6fa9c40d3371f40640a55,
shape_xi_only__outer08__inner01__seed2026082304,shape_xi_only,INITIAL,"[""xi""]",INNER_SEARCH,shape,8,d_q036_s50,1,"[""d_q018_s35"",""d_q018_s45"",""d_q027_s45"",""d_q027_s50"",""d_q036_s35"",""d_q036_s45""]","[""d_q018_s50"",""d_q027_s35""]","[""d_q036_s50""]",2026082304,SUCCESS,,,2026-08-23T13:10:30.477610+00:00,3.880150499753654,646,6,6,"{""engine"": ""PySR"", ""engine_output_directory"": ""C:\\Users\\xiao.cheng\\Desktop\\科研\\derived\\development\\g5_sr_engine"", ""engine_run_id"": ""shape_xi_only__outer08__inner01__seed2026082304""}",453c6a9dbc6ba19d096c9ae6dfb6836b82df3f4ef8501b17a41e60f12dc21a8b,c3fe3963d6eaedd1cc3fbb65c73a0bcf57cb260fd2f6fa9c40d3371f40640a55,
shape_xi_only__outer08__inner01__seed2026082305,shape_xi_only,INITIAL,"[""xi""]",INNER_SEARCH,shape,8,d_q036_s50,1,"[""d_q018_s35"",""d_q018_s45"",""d_q027_s45"",""d_q027_s50"",""d_q036_s35"",""d_q036_s45""]","[""d_q018_s50"",""d_q027_s35""]","[""d_q036_s50""]",2026082305,SUCCESS,,,2026-08-23T13:10:34.462565+00:00,4.325647599995136,646,6,4,"{""engine"": ""PySR"", ""engine_output_directory"": ""C:\\Users\\xiao.cheng\\Desktop\\科研\\derived\\development\\g5_sr_engine"", ""engine_run_id"": ""shape_xi_only__outer08__inner01__seed2026082305""}",453c6a9dbc6ba19d096c9ae6dfb6836b82df3f4ef8501b17a41e60f12dc21a8b,c3fe3963d6eaedd1cc3fbb65c73a0bcf57cb260fd2f6fa9c40d3371f40640a55,
shape_xi_only__outer08__inner02__seed2026082301,shape_xi_only,INITIAL,"[""xi""]",INNER_SEARCH,shape,8,d_q036_s50,2,"[""d_q018_s35"",""d_q018_s45"",""d_q018_s50"",""d_q027_s35"",""d_q036_s35"",""d_q036_s45""]","[""d_q027_s45"",""d_q027_s50""]","[""d_q036_s50""]",2026082301,SUCCESS,,,2026-08-23T13:10:38.919139+00:00,4.666536600328982,506,6,4,"{""engine"": ""PySR"", ""engine_output_directory"": ""C:\\Users\\xiao.cheng\\Desktop\\科研\\derived\\development\\g5_sr_engine"", ""engine_run_id"": ""shape_xi_only__outer08__inner02__seed2026082301""}",453c6a9dbc6ba19d096c9ae6dfb6836b82df3f4ef8501b17a41e60f12dc21a8b,c3fe3963d6eaedd1cc3fbb65c73a0bcf57cb260fd2f6fa9c40d3371f40640a55,
shape_xi_only__outer08__inner02__seed2026082302,shape_xi_only,INITIAL,"[""xi""]",INNER_SEARCH,shape,8,d_q036_s50,2,"[""d_q018_s35"",""d_q018_s45"",""d_q018_s50"",""d_q027_s35"",""d_q036_s35"",""d_q036_s45""]","[""d_q027_s45"",""d_q027_s50""]","[""d_q036_s50""]",2026082302,SUCCESS,,,2026-08-23T13:10:43.682197+00:00,5.022678300272673,506,6,4,"{""engine"": ""PySR"", ""engine_output_directory"": ""C:\\Users\\xiao.cheng\\Desktop\\科研\\derived\\development\\g5_sr_engine"", ""engine_run_id"": ""shape_xi_only__outer08__inner02__seed2026082302""}",453c6a9dbc6ba19d096c9ae6dfb6836b82df3f4ef8501b17a41e60f12dc21a8b,c3fe3963d6eaedd1cc3fbb65c73a0bcf57cb260fd2f6fa9c40d3371f40640a55,
shape_xi_only__outer08__inner02__seed2026082303,shape_xi_only,INITIAL,"[""xi""]",INNER_SEARCH,shape,8,d_q036_s50,2,"[""d_q018_s35"",""d_q018_s45"",""d_q018_s50"",""d_q027_s35"",""d_q036_s35"",""d_q036_s45""]","[""d_q027_s45"",""d_q027_s50""]","[""d_q036_s50""]",2026082303,SUCCESS,,,2026-08-23T13:10:48.805660+00:00,4.878105700016022,506,6,4,"{""engine"": ""PySR"", ""engine_output_directory"": ""C:\\Users\\xiao.cheng\\Desktop\\科研\\derived\\development\\g5_sr_engine"", ""engine_run_id"": ""shape_xi_only__outer08__inner02__seed2026082303""}",453c6a9dbc6ba19d096c9ae6dfb6836b82df3f4ef8501b17a41e60f12dc21a8b,c3fe3963d6eaedd1cc3fbb65c73a0bcf57cb260fd2f6fa9c40d3371f40640a55,
shape_xi_only__outer08__inner02__seed2026082304,shape_xi_only,INITIAL,"[""xi""]",INNER_SEARCH,shape,8,d_q036_s50,2,"[""d_q018_s35"",""d_q018_s45"",""d_q018_s50"",""d_q027_s35"",""d_q036_s35"",""d_q036_s45""]","[""d_q027_s45"",""d_q027_s50""]","[""d_q036_s50""]",2026082304,SUCCESS,,,2026-08-23T13:10:53.796350+00:00,6.2012352999299765,506,6,5,"{""engine"": ""PySR"", ""engine_output_directory"": ""C:\\Users\\xiao.cheng\\Desktop\\科研\\derived\\development\\g5_sr_engine"", ""engine_run_id"": ""shape_xi_only__outer08__inner02__seed2026082304""}",453c6a9dbc6ba19d096c9ae6dfb6836b82df3f4ef8501b17a41e60f12dc21a8b,c3fe3963d6eaedd1cc3fbb65c73a0bcf57cb260fd2f6fa9c40d3371f40640a55,
shape_xi_only__outer08__inner02__seed2026082305,shape_xi_only,INITIAL,"[""xi""]",INNER_SEARCH,shape,8,d_q036_s50,2,"[""d_q018_s35"",""d_q018_s45"",""d_q018_s50"",""d_q027_s35"",""d_q036_s35"",""d_q036_s45""]","[""d_q027_s45"",""d_q027_s50""]","[""d_q036_s50""]",2026082305,SUCCESS,,,2026-08-23T13:11:00.127232+00:00,4.3673380999825895,506,6,4,"{""engine"": ""PySR"", ""engine_output_directory"": ""C:\\Users\\xiao.cheng\\Desktop\\科研\\derived\\development\\g5_sr_engine"", ""engine_run_id"": ""shape_xi_only__outer08__inner02__seed2026082305""}",453c6a9dbc6ba19d096c9ae6dfb6836b82df3f4ef8501b17a41e60f12dc21a8b,c3fe3963d6eaedd1cc3fbb65c73a0bcf57cb260fd2f6fa9c40d3371f40640a55,
shape_xi_only__outer08__inner03__seed2026082301,shape_xi_only,INITIAL,"[""xi""]",INNER_SEARCH,shape,8,d_q036_s50,3,"[""d_q018_s35"",""d_q018_s45"",""d_q018_s50"",""d_q027_s35"",""d_q027_s45"",""d_q027_s50""]","[""d_q036_s35"",""d_q036_s45""]","[""d_q036_s50""]",2026082301,SUCCESS,,,2026-08-23T13:11:04.590117+00:00,4.7792732999660075,646,6,5,"{""engine"": ""PySR"", ""engine_output_directory"": ""C:\\Users\\xiao.cheng\\Desktop\\科研\\derived\\development\\g5_sr_engine"", ""engine_run_id"": ""shape_xi_only__outer08__inner03__seed2026082301""}",453c6a9dbc6ba19d096c9ae6dfb6836b82df3f4ef8501b17a41e60f12dc21a8b,c3fe3963d6eaedd1cc3fbb65c73a0bcf57cb260fd2f6fa9c40d3371f40640a55,
shape_xi_only__outer08__inner03__seed2026082302,shape_xi_only,INITIAL,"[""xi""]",INNER_SEARCH,shape,8,d_q036_s50,3,"[""d_q018_s35"",""d_q018_s45"",""d_q018_s50"",""d_q027_s35"",""d_q027_s45"",""d_q027_s50""]","[""d_q036_s35"",""d_q036_s45""]","[""d_q036_s50""]",2026082302,SUCCESS,,,2026-08-23T13:11:09.490284+00:00,3.983855600003153,646,6,4,"{""engine"": ""PySR"", ""engine_output_directory"": ""C:\\Users\\xiao.cheng\\Desktop\\科研\\derived\\development\\g5_sr_engine"", ""engine_run_id"": ""shape_xi_only__outer08__inner03__seed2026082302""}",453c6a9dbc6ba19d096c9ae6dfb6836b82df3f4ef8501b17a41e60f12dc21a8b,c3fe3963d6eaedd1cc3fbb65c73a0bcf57cb260fd2f6fa9c40d3371f40640a55,
shape_xi_only__outer08__inner03__seed2026082303,shape_xi_only,INITIAL,"[""xi""]",INNER_SEARCH,shape,8,d_q036_s50,3,"[""d_q018_s35"",""d_q018_s45"",""d_q018_s50"",""d_q027_s35"",""d_q027_s45"",""d_q027_s50""]","[""d_q036_s35"",""d_q036_s45""]","[""d_q036_s50""]",2026082303,SUCCESS,,,2026-08-23T13:11:13.574963+00:00,3.9579934999346733,646,6,4,"{""engine"": ""PySR"", ""engine_output_directory"": ""C:\\Users\\xiao.cheng\\Desktop\\科研\\derived\\development\\g5_sr_engine"", ""engine_run_id"": ""shape_xi_only__outer08__inner03__seed2026082303""}",453c6a9dbc6ba19d096c9ae6dfb6836b82df3f4ef8501b17a41e60f12dc21a8b,c3fe3963d6eaedd1cc3fbb65c73a0bcf57cb260fd2f6fa9c40d3371f40640a55,
shape_xi_only__outer08__inner03__seed2026082304,shape_xi_only,INITIAL,"[""xi""]",INNER_SEARCH,shape,8,d_q036_s50,3,"[""d_q018_s35"",""d_q018_s45"",""d_q018_s50"",""d_q027_s35"",""d_q027_s45"",""d_q027_s50""]","[""d_q036_s35"",""d_q036_s45""]","[""d_q036_s50""]",2026082304,SUCCESS,,,2026-08-23T13:11:17.615067+00:00,5.949430400040001,646,6,6,"{""engine"": ""PySR"", ""engine_output_directory"": ""C:\\Users\\xiao.cheng\\Desktop\\科研\\derived\\development\\g5_sr_engine"", ""engine_run_id"": ""shape_xi_only__outer08__inner03__seed2026082304""}",453c6a9dbc6ba19d096c9ae6dfb6836b82df3f4ef8501b17a41e60f12dc21a8b,c3fe3963d6eaedd1cc3fbb65c73a0bcf57cb260fd2f6fa9c40d3371f40640a55,
shape_xi_only__outer08__inner03__seed2026082305,shape_xi_only,INITIAL,"[""xi""]",INNER_SEARCH,shape,8,d_q036_s50,3,"[""d_q018_s35"",""d_q018_s45"",""d_q018_s50"",""d_q027_s35"",""d_q027_s45"",""d_q027_s50""]","[""d_q036_s35"",""d_q036_s45""]","[""d_q036_s50""]",2026082305,SUCCESS,,,2026-08-23T13:11:23.679591+00:00,4.598002299666405,646,6,6,"{""engine"": ""PySR"", ""engine_output_directory"": ""C:\\Users\\xiao.cheng\\Desktop\\科研\\derived\\development\\g5_sr_engine"", ""engine_run_id"": ""shape_xi_only__outer08__inner03__seed2026082305""}",453c6a9dbc6ba19d096c9ae6dfb6836b82df3f4ef8501b17a41e60f12dc21a8b,c3fe3963d6eaedd1cc3fbb65c73a0bcf57cb260fd2f6fa9c40d3371f40640a55,
shape_xi_only__outer08__refit__seed2026082301,shape_xi_only,INITIAL,"[""xi""]",OUTER_REFIT_SEARCH,shape,8,d_q036_s50,-1,"[""d_q018_s35"",""d_q018_s45"",""d_q018_s50"",""d_q027_s35"",""d_q027_s45"",""d_q027_s50"",""d_q036_s35"",""d_q036_s45""]",[],"[""d_q036_s50""]",2026082301,SUCCESS,,,2026-08-23T13:11:28.408157+00:00,5.865631800144911,790,8,6,"{""engine"": ""PySR"", ""engine_output_directory"": ""C:\\Users\\xiao.cheng\\Desktop\\科研\\derived\\development\\g5_sr_engine"", ""engine_run_id"": ""shape_xi_only__outer08__refit__seed2026082301""}",453c6a9dbc6ba19d096c9ae6dfb6836b82df3f4ef8501b17a41e60f12dc21a8b,c3fe3963d6eaedd1cc3fbb65c73a0bcf57cb260fd2f6fa9c40d3371f40640a55,
shape_xi_only__outer08__refit__seed2026082302,shape_xi_only,INITIAL,"[""xi""]",OUTER_REFIT_SEARCH,shape,8,d_q036_s50,-1,"[""d_q018_s35"",""d_q018_s45"",""d_q018_s50"",""d_q027_s35"",""d_q027_s45"",""d_q027_s50"",""d_q036_s35"",""d_q036_s45""]",[],"[""d_q036_s50""]",2026082302,SUCCESS,,,2026-08-23T13:11:34.373860+00:00,4.941024899948388,790,8,3,"{""engine"": ""PySR"", ""engine_output_directory"": ""C:\\Users\\xiao.cheng\\Desktop\\科研\\derived\\development\\g5_sr_engine"", ""engine_run_id"": ""shape_xi_only__outer08__refit__seed2026082302""}",453c6a9dbc6ba19d096c9ae6dfb6836b82df3f4ef8501b17a41e60f12dc21a8b,c3fe3963d6eaedd1cc3fbb65c73a0bcf57cb260fd2f6fa9c40d3371f40640a55,
shape_xi_only__outer08__refit__seed2026082303,shape_xi_only,INITIAL,"[""xi""]",OUTER_REFIT_SEARCH,shape,8,d_q036_s50,-1,"[""d_q018_s35"",""d_q018_s45"",""d_q018_s50"",""d_q027_s35"",""d_q027_s45"",""d_q027_s50"",""d_q036_s35"",""d_q036_s45""]",[],"[""d_q036_s50""]",2026082303,SUCCESS,,,2026-08-23T13:11:39.391377+00:00,3.936176599934697,790,8,6,"{""engine"": ""PySR"", ""engine_output_directory"": ""C:\\Users\\xiao.cheng\\Desktop\\科研\\derived\\development\\g5_sr_engine"", ""engine_run_id"": ""shape_xi_only__outer08__refit__seed2026082303""}",453c6a9dbc6ba19d096c9ae6dfb6836b82df3f4ef8501b17a41e60f12dc21a8b,c3fe3963d6eaedd1cc3fbb65c73a0bcf57cb260fd2f6fa9c40d3371f40640a55,
shape_xi_only__outer08__refit__seed2026082304,shape_xi_only,INITIAL,"[""xi""]",OUTER_REFIT_SEARCH,shape,8,d_q036_s50,-1,"[""d_q018_s35"",""d_q018_s45"",""d_q018_s50"",""d_q027_s35"",""d_q027_s45"",""d_q027_s50"",""d_q036_s35"",""d_q036_s45""]",[],"[""d_q036_s50""]",2026082304,SUCCESS,,,2026-08-23T13:11:43.405317+00:00,3.936335400212556,790,8,3,"{""engine"": ""PySR"", ""engine_output_directory"": ""C:\\Users\\xiao.cheng\\Desktop\\科研\\derived\\development\\g5_sr_engine"", ""engine_run_id"": ""shape_xi_only__outer08__refit__seed2026082304""}",453c6a9dbc6ba19d096c9ae6dfb6836b82df3f4ef8501b17a41e60f12dc21a8b,c3fe3963d6eaedd1cc3fbb65c73a0bcf57cb260fd2f6fa9c40d3371f40640a55,
shape_xi_only__outer08__refit__seed2026082305,shape_xi_only,INITIAL,"[""xi""]",OUTER_REFIT_SEARCH,shape,8,d_q036_s50,-1,"[""d_q018_s35"",""d_q018_s45"",""d_q018_s50"",""d_q027_s35"",""d_q027_s45"",""d_q027_s50"",""d_q036_s35"",""d_q036_s45""]",[],"[""d_q036_s50""]",2026082305,SUCCESS,,,2026-08-23T13:11:47.414746+00:00,4.0842202003113925,790,8,6,"{""engine"": ""PySR"", ""engine_output_directory"": ""C:\\Users\\xiao.cheng\\Desktop\\科研\\derived\\development\\g5_sr_engine"", ""engine_run_id"": ""shape_xi_only__outer08__refit__seed2026082305""}",453c6a9dbc6ba19d096c9ae6dfb6836b82df3f4ef8501b17a41e60f12dc21a8b,c3fe3963d6eaedd1cc3fbb65c73a0bcf57cb260fd2f6fa9c40d3371f40640a55,
shape_xi_only__final__seed2026082401,shape_xi_only,INITIAL,"[""xi""]",FINAL_SEARCH,shape,-1,,-1,"[""d_q018_s35"",""d_q018_s45"",""d_q018_s50"",""d_q027_s35"",""d_q027_s45"",""d_q027_s50"",""d_q036_s35"",""d_q036_s45"",""d_q036_s50""]",[],[],2026082401,SUCCESS,,,2026-08-23T13:11:51.579291+00:00,3.6200414998456836,971,9,3,"{""engine"": ""PySR"", ""engine_output_directory"": ""C:\\Users\\xiao.cheng\\Desktop\\科研\\derived\\development\\g5_sr_engine"", ""engine_run_id"": ""shape_xi_only__final__seed2026082401""}",453c6a9dbc6ba19d096c9ae6dfb6836b82df3f4ef8501b17a41e60f12dc21a8b,c3fe3963d6eaedd1cc3fbb65c73a0bcf57cb260fd2f6fa9c40d3371f40640a55,
shape_xi_only__final__seed2026082402,shape_xi_only,INITIAL,"[""xi""]",FINAL_SEARCH,shape,-1,,-1,"[""d_q018_s35"",""d_q018_s45"",""d_q018_s50"",""d_q027_s35"",""d_q027_s45"",""d_q027_s50"",""d_q036_s35"",""d_q036_s45"",""d_q036_s50""]",[],[],2026082402,SUCCESS,,,2026-08-23T13:11:55.288750+00:00,4.210944899823517,971,9,4,"{""engine"": ""PySR"", ""engine_output_directory"": ""C:\\Users\\xiao.cheng\\Desktop\\科研\\derived\\development\\g5_sr_engine"", ""engine_run_id"": ""shape_xi_only__final__seed2026082402""}",453c6a9dbc6ba19d096c9ae6dfb6836b82df3f4ef8501b17a41e60f12dc21a8b,c3fe3963d6eaedd1cc3fbb65c73a0bcf57cb260fd2f6fa9c40d3371f40640a55,
shape_xi_only__final__seed2026082403,shape_xi_only,INITIAL,"[""xi""]",FINAL_SEARCH,shape,-1,,-1,"[""d_q018_s35"",""d_q018_s45"",""d_q018_s50"",""d_q027_s35"",""d_q027_s45"",""d_q027_s50"",""d_q036_s35"",""d_q036_s45"",""d_q036_s50""]",[],[],2026082403,SUCCESS,,,2026-08-23T13:11:59.659901+00:00,4.28856989974156,971,9,4,"{""engine"": ""PySR"", ""engine_output_directory"": ""C:\\Users\\xiao.cheng\\Desktop\\科研\\derived\\development\\g5_sr_engine"", ""engine_run_id"": ""shape_xi_only__final__seed2026082403""}",453c6a9dbc6ba19d096c9ae6dfb6836b82df3f4ef8501b17a41e60f12dc21a8b,c3fe3963d6eaedd1cc3fbb65c73a0bcf57cb260fd2f6fa9c40d3371f40640a55,
shape_xi_only__final__seed2026082404,shape_xi_only,INITIAL,"[""xi""]",FINAL_SEARCH,shape,-1,,-1,"[""d_q018_s35"",""d_q018_s45"",""d_q018_s50"",""d_q027_s35"",""d_q027_s45"",""d_q027_s50"",""d_q036_s35"",""d_q036_s45"",""d_q036_s50""]",[],[],2026082404,SUCCESS,,,2026-08-23T13:12:04.028387+00:00,3.6552311996929348,971,9,3,"{""engine"": ""PySR"", ""engine_output_directory"": ""C:\\Users\\xiao.cheng\\Desktop\\科研\\derived\\development\\g5_sr_engine"", ""engine_run_id"": ""shape_xi_only__final__seed2026082404""}",453c6a9dbc6ba19d096c9ae6dfb6836b82df3f4ef8501b17a41e60f12dc21a8b,c3fe3963d6eaedd1cc3fbb65c73a0bcf57cb260fd2f6fa9c40d3371f40640a55,
shape_xi_only__final__seed2026082405,shape_xi_only,INITIAL,"[""xi""]",FINAL_SEARCH,shape,-1,,-1,"[""d_q018_s35"",""d_q018_s45"",""d_q018_s50"",""d_q027_s35"",""d_q027_s45"",""d_q027_s50"",""d_q036_s35"",""d_q036_s45"",""d_q036_s50""]",[],[],2026082405,SUCCESS,,,2026-08-23T13:12:07.755673+00:00,3.865573199931532,971,9,2,"{""engine"": ""PySR"", ""engine_output_directory"": ""C:\\Users\\xiao.cheng\\Desktop\\科研\\derived\\development\\g5_sr_engine"", ""engine_run_id"": ""shape_xi_only__final__seed2026082405""}",453c6a9dbc6ba19d096c9ae6dfb6836b82df3f4ef8501b17a41e60f12dc21a8b,c3fe3963d6eaedd1cc3fbb65c73a0bcf57cb260fd2f6fa9c40d3371f40640a55,
shape_xi_only__final__seed2026082406,shape_xi_only,INITIAL,"[""xi""]",FINAL_SEARCH,shape,-1,,-1,"[""d_q018_s35"",""d_q018_s45"",""d_q018_s50"",""d_q027_s35"",""d_q027_s45"",""d_q027_s50"",""d_q036_s35"",""d_q036_s45"",""d_q036_s50""]",[],[],2026082406,SUCCESS,,,2026-08-23T13:12:11.693145+00:00,3.909448000136763,971,9,4,"{""engine"": ""PySR"", ""engine_output_directory"": ""C:\\Users\\xiao.cheng\\Desktop\\科研\\derived\\development\\g5_sr_engine"", ""engine_run_id"": ""shape_xi_only__final__seed2026082406""}",453c6a9dbc6ba19d096c9ae6dfb6836b82df3f4ef8501b17a41e60f12dc21a8b,c3fe3963d6eaedd1cc3fbb65c73a0bcf57cb260fd2f6fa9c40d3371f40640a55,
shape_xi_only__final__seed2026082407,shape_xi_only,INITIAL,"[""xi""]",FINAL_SEARCH,shape,-1,,-1,"[""d_q018_s35"",""d_q018_s45"",""d_q018_s50"",""d_q027_s35"",""d_q027_s45"",""d_q027_s50"",""d_q036_s35"",""d_q036_s45"",""d_q036_s50""]",[],[],2026082407,SUCCESS,,,2026-08-23T13:12:15.677981+00:00,3.8988696997985244,971,9,4,"{""engine"": ""PySR"", ""engine_output_directory"": ""C:\\Users\\xiao.cheng\\Desktop\\科研\\derived\\development\\g5_sr_engine"", ""engine_run_id"": ""shape_xi_only__final__seed2026082407""}",453c6a9dbc6ba19d096c9ae6dfb6836b82df3f4ef8501b17a41e60f12dc21a8b,c3fe3963d6eaedd1cc3fbb65c73a0bcf57cb260fd2f6fa9c40d3371f40640a55,
shape_xi_only__final__seed2026082408,shape_xi_only,INITIAL,"[""xi""]",FINAL_SEARCH,shape,-1,,-1,"[""d_q018_s35"",""d_q018_s45"",""d_q018_s50"",""d_q027_s35"",""d_q027_s45"",""d_q027_s50"",""d_q036_s35"",""d_q036_s45"",""d_q036_s50""]",[],[],2026082408,SUCCESS,,,2026-08-23T13:12:19.659890+00:00,3.5061321002431214,971,9,4,"{""engine"": ""PySR"", ""engine_output_directory"": ""C:\\Users\\xiao.cheng\\Desktop\\科研\\derived\\development\\g5_sr_engine"", ""engine_run_id"": ""shape_xi_only__final__seed2026082408""}",453c6a9dbc6ba19d096c9ae6dfb6836b82df3f4ef8501b17a41e60f12dc21a8b,c3fe3963d6eaedd1cc3fbb65c73a0bcf57cb260fd2f6fa9c40d3371f40640a55,
shape_xi_only__final__seed2026082409,shape_xi_only,INITIAL,"[""xi""]",FINAL_SEARCH,shape,-1,,-1,"[""d_q018_s35"",""d_q018_s45"",""d_q018_s50"",""d_q027_s35"",""d_q027_s45"",""d_q027_s50"",""d_q036_s35"",""d_q036_s45"",""d_q036_s50""]",[],[],2026082409,SUCCESS,,,2026-08-23T13:12:23.261482+00:00,3.801022899802774,971,9,4,"{""engine"": ""PySR"", ""engine_output_directory"": ""C:\\Users\\xiao.cheng\\Desktop\\科研\\derived\\development\\g5_sr_engine"", ""engine_run_id"": ""shape_xi_only__final__seed2026082409""}",453c6a9dbc6ba19d096c9ae6dfb6836b82df3f4ef8501b17a41e60f12dc21a8b,c3fe3963d6eaedd1cc3fbb65c73a0bcf57cb260fd2f6fa9c40d3371f40640a55,
shape_xi_only__final__seed2026082410,shape_xi_only,INITIAL,"[""xi""]",FINAL_SEARCH,shape,-1,,-1,"[""d_q018_s35"",""d_q018_s45"",""d_q018_s50"",""d_q027_s35"",""d_q027_s45"",""d_q027_s50"",""d_q036_s35"",""d_q036_s45"",""d_q036_s50""]",[],[],2026082410,SUCCESS,,,2026-08-23T13:12:27.147872+00:00,3.680034600198269,971,9,5,"{""engine"": ""PySR"", ""engine_output_directory"": ""C:\\Users\\xiao.cheng\\Desktop\\科研\\derived\\development\\g5_sr_engine"", ""engine_run_id"": ""shape_xi_only__final__seed2026082410""}",453c6a9dbc6ba19d096c9ae6dfb6836b82df3f4ef8501b17a41e60f12dc21a8b,c3fe3963d6eaedd1cc3fbb65c73a0bcf57cb260fd2f6fa9c40d3371f40640a55,
shape_xi_only__final__seed2026082411,shape_xi_only,INITIAL,"[""xi""]",FINAL_SEARCH,shape,-1,,-1,"[""d_q018_s35"",""d_q018_s45"",""d_q018_s50"",""d_q027_s35"",""d_q027_s45"",""d_q027_s50"",""d_q036_s35"",""d_q036_s45"",""d_q036_s50""]",[],[],2026082411,SUCCESS,,,2026-08-23T13:12:30.903733+00:00,4.030934299807996,971,9,7,"{""engine"": ""PySR"", ""engine_output_directory"": ""C:\\Users\\xiao.cheng\\Desktop\\科研\\derived\\development\\g5_sr_engine"", ""engine_run_id"": ""shape_xi_only__final__seed2026082411""}",453c6a9dbc6ba19d096c9ae6dfb6836b82df3f4ef8501b17a41e60f12dc21a8b,c3fe3963d6eaedd1cc3fbb65c73a0bcf57cb260fd2f6fa9c40d3371f40640a55,
shape_xi_only__final__seed2026082412,shape_xi_only,INITIAL,"[""xi""]",FINAL_SEARCH,shape,-1,,-1,"[""d_q018_s35"",""d_q018_s45"",""d_q018_s50"",""d_q027_s35"",""d_q027_s45"",""d_q027_s50"",""d_q036_s35"",""d_q036_s45"",""d_q036_s50""]",[],[],2026082412,SUCCESS,,,2026-08-23T13:12:35.014573+00:00,3.7484981999732554,971,9,6,"{""engine"": ""PySR"", ""engine_output_directory"": ""C:\\Users\\xiao.cheng\\Desktop\\科研\\derived\\development\\g5_sr_engine"", ""engine_run_id"": ""shape_xi_only__final__seed2026082412""}",453c6a9dbc6ba19d096c9ae6dfb6836b82df3f4ef8501b17a41e60f12dc21a8b,c3fe3963d6eaedd1cc3fbb65c73a0bcf57cb260fd2f6fa9c40d3371f40640a55,
shape_xi_only__final__seed2026082413,shape_xi_only,INITIAL,"[""xi""]",FINAL_SEARCH,shape,-1,,-1,"[""d_q018_s35"",""d_q018_s45"",""d_q018_s50"",""d_q027_s35"",""d_q027_s45"",""d_q027_s50"",""d_q036_s35"",""d_q036_s45"",""d_q036_s50""]",[],[],2026082413,SUCCESS,,,2026-08-23T13:12:38.833413+00:00,4.602778200060129,971,9,2,"{""engine"": ""PySR"", ""engine_output_directory"": ""C:\\Users\\xiao.cheng\\Desktop\\科研\\derived\\development\\g5_sr_engine"", ""engine_run_id"": ""shape_xi_only__final__seed2026082413""}",453c6a9dbc6ba19d096c9ae6dfb6836b82df3f4ef8501b17a41e60f12dc21a8b,c3fe3963d6eaedd1cc3fbb65c73a0bcf57cb260fd2f6fa9c40d3371f40640a55,
shape_xi_only__final__seed2026082414,shape_xi_only,INITIAL,"[""xi""]",FINAL_SEARCH,shape,-1,,-1,"[""d_q018_s35"",""d_q018_s45"",""d_q018_s50"",""d_q027_s35"",""d_q027_s45"",""d_q027_s50"",""d_q036_s35"",""d_q036_s45"",""d_q036_s50""]",[],[],2026082414,SUCCESS,,,2026-08-23T13:12:43.529241+00:00,3.9337057997472584,971,9,5,"{""engine"": ""PySR"", ""engine_output_directory"": ""C:\\Users\\xiao.cheng\\Desktop\\科研\\derived\\development\\g5_sr_engine"", ""engine_run_id"": ""shape_xi_only__final__seed2026082414""}",453c6a9dbc6ba19d096c9ae6dfb6836b82df3f4ef8501b17a41e60f12dc21a8b,c3fe3963d6eaedd1cc3fbb65c73a0bcf57cb260fd2f6fa9c40d3371f40640a55,
shape_xi_only__final__seed2026082415,shape_xi_only,INITIAL,"[""xi""]",FINAL_SEARCH,shape,-1,,-1,"[""d_q018_s35"",""d_q018_s45"",""d_q018_s50"",""d_q027_s35"",""d_q027_s45"",""d_q027_s50"",""d_q036_s35"",""d_q036_s45"",""d_q036_s50""]",[],[],2026082415,SUCCESS,,,2026-08-23T13:12:47.537253+00:00,4.023699699901044,971,9,5,"{""engine"": ""PySR"", ""engine_output_directory"": ""C:\\Users\\xiao.cheng\\Desktop\\科研\\derived\\development\\g5_sr_engine"", ""engine_run_id"": ""shape_xi_only__final__seed2026082415""}",453c6a9dbc6ba19d096c9ae6dfb6836b82df3f4ef8501b17a41e60f12dc21a8b,c3fe3963d6eaedd1cc3fbb65c73a0bcf57cb260fd2f6fa9c40d3371f40640a55,
shape_xi_only__final__seed2026082416,shape_xi_only,INITIAL,"[""xi""]",FINAL_SEARCH,shape,-1,,-1,"[""d_q018_s35"",""d_q018_s45"",""d_q018_s50"",""d_q027_s35"",""d_q027_s45"",""d_q027_s50"",""d_q036_s35"",""d_q036_s45"",""d_q036_s50""]",[],[],2026082416,SUCCESS,,,2026-08-23T13:12:51.636410+00:00,3.4503107997588813,971,9,3,"{""engine"": ""PySR"", ""engine_output_directory"": ""C:\\Users\\xiao.cheng\\Desktop\\科研\\derived\\development\\g5_sr_engine"", ""engine_run_id"": ""shape_xi_only__final__seed2026082416""}",453c6a9dbc6ba19d096c9ae6dfb6836b82df3f4ef8501b17a41e60f12dc21a8b,c3fe3963d6eaedd1cc3fbb65c73a0bcf57cb260fd2f6fa9c40d3371f40640a55,
shape_xi_only__final__seed2026082417,shape_xi_only,INITIAL,"[""xi""]",FINAL_SEARCH,shape,-1,,-1,"[""d_q018_s35"",""d_q018_s45"",""d_q018_s50"",""d_q027_s35"",""d_q027_s45"",""d_q027_s50"",""d_q036_s35"",""d_q036_s45"",""d_q036_s50""]",[],[],2026082417,SUCCESS,,,2026-08-23T13:12:55.201808+00:00,4.184942299965769,971,9,5,"{""engine"": ""PySR"", ""engine_output_directory"": ""C:\\Users\\xiao.cheng\\Desktop\\科研\\derived\\development\\g5_sr_engine"", ""engine_run_id"": ""shape_xi_only__final__seed2026082417""}",453c6a9dbc6ba19d096c9ae6dfb6836b82df3f4ef8501b17a41e60f12dc21a8b,c3fe3963d6eaedd1cc3fbb65c73a0bcf57cb260fd2f6fa9c40d3371f40640a55,
shape_xi_only__final__seed2026082418,shape_xi_only,INITIAL,"[""xi""]",FINAL_SEARCH,shape,-1,,-1,"[""d_q018_s35"",""d_q018_s45"",""d_q018_s50"",""d_q027_s35"",""d_q027_s45"",""d_q027_s50"",""d_q036_s35"",""d_q036_s45"",""d_q036_s50""]",[],[],2026082418,SUCCESS,,,2026-08-23T13:12:59.489700+00:00,4.4230214999988675,971,9,3,"{""engine"": ""PySR"", ""engine_output_directory"": ""C:\\Users\\xiao.cheng\\Desktop\\科研\\derived\\development\\g5_sr_engine"", ""engine_run_id"": ""shape_xi_only__final__seed2026082418""}",453c6a9dbc6ba19d096c9ae6dfb6836b82df3f4ef8501b17a41e60f12dc21a8b,c3fe3963d6eaedd1cc3fbb65c73a0bcf57cb260fd2f6fa9c40d3371f40640a55,
shape_xi_only__final__seed2026082419,shape_xi_only,INITIAL,"[""xi""]",FINAL_SEARCH,shape,-1,,-1,"[""d_q018_s35"",""d_q018_s45"",""d_q018_s50"",""d_q027_s35"",""d_q027_s45"",""d_q027_s50"",""d_q036_s35"",""d_q036_s45"",""d_q036_s50""]",[],[],2026082419,SUCCESS,,,2026-08-23T13:13:03.989452+00:00,3.8680460997857153,971,9,6,"{""engine"": ""PySR"", ""engine_output_directory"": ""C:\\Users\\xiao.cheng\\Desktop\\科研\\derived\\development\\g5_sr_engine"", ""engine_run_id"": ""shape_xi_only__final__seed2026082419""}",453c6a9dbc6ba19d096c9ae6dfb6836b82df3f4ef8501b17a41e60f12dc21a8b,c3fe3963d6eaedd1cc3fbb65c73a0bcf57cb260fd2f6fa9c40d3371f40640a55,
shape_xi_only__final__seed2026082420,shape_xi_only,INITIAL,"[""xi""]",FINAL_SEARCH,shape,-1,,-1,"[""d_q018_s35"",""d_q018_s45"",""d_q018_s50"",""d_q027_s35"",""d_q027_s45"",""d_q027_s50"",""d_q036_s35"",""d_q036_s45"",""d_q036_s50""]",[],[],2026082420,SUCCESS,,,2026-08-23T13:13:07.933913+00:00,3.6600100002251565,971,9,6,"{""engine"": ""PySR"", ""engine_output_directory"": ""C:\\Users\\xiao.cheng\\Desktop\\科研\\derived\\development\\g5_sr_engine"", ""engine_run_id"": ""shape_xi_only__final__seed2026082420""}",453c6a9dbc6ba19d096c9ae6dfb6836b82df3f4ef8501b17a41e60f12dc21a8b,c3fe3963d6eaedd1cc3fbb65c73a0bcf57cb260fd2f6fa9c40d3371f40640a55,
