s,C,C,C,C,C,C,C,C,C,C,C,C,C,C,C,C,C,C,C,C,C,C,C,m/s,m/s,m/s,m/s,m/s,m/s,m/s,m/s,m/s,m/s,m/s,m/s,m/s,m/s,m/s,m/s,m/s,m/s,m/s,m/s,m/s,m/s,m/s,kW,kW/m2,kW/m2,kW/m2
Time,"T_1500","T_2000","T_2500","T_3000","T_3250","T_3500","T_3750","T_4000","T_4250","T_4500","T_4750","T_5000","T_5250","T_5500","T_5750","T_6000","T_6250","T_6500","T_6750","T_7000","T_7500","T_8000","T_8500","U_1500","U_2000","U_2500","U_3000","U_3250","U_3500","U_3750","U_4000","U_4250","U_4500","U_4750","U_5000","U_5250","U_5500","U_5750","U_6000","U_6250","U_6500","U_6750","U_7000","U_7500","U_8000","U_8500","HRR_tot","Qw_4000","Qw_5000","Qw_6000"
 0.0000000E+000, 2.0000000E+001, 2.0000000E+001, 2.0000000E+001, 2.0000000E+001, 2.0000000E+001, 2.0000000E+001, 2.0000000E+001, 2.0000000E+001, 2.0000000E+001, 2.0000000E+001, 2.0000000E+001, 2.0000000E+001, 2.0000000E+001, 2.0000000E+001, 2.0000000E+001, 2.0000000E+001, 2.0000000E+001, 2.0000000E+001, 2.0000000E+001, 2.0000000E+001, 2.0000000E+001, 2.0000000E+001, 2.0000000E+001,-6.7139336E-003, 4.4367808E-003, 4.8230538E-003, 1.9864476E-003, 2.9951289E-003, 9.9238292E-003,-6.7557007E-003, 1.7820275E-003, 9.9994853E-004, 5.6087491E-003,-6.0859960E-003, 5.5986048E-003,-4.0673405E-004, 0.0000000E+000,-7.8219166E-003, 2.3037148E-003,-3.4263039E-003, 1.1194810E-002, 7.3608998E-003, 5.9097566E-003, 1.0786167E-003,-5.4917364E-003,-3.7825009E-003, 0.0000000E+000,-1.2108410E-003,-1.1845249E-003,-1.2474292E-003
 1.0710652E+000, 1.9999979E+001, 1.9999960E+001, 1.9999990E+001, 1.9999962E+001, 1.9999978E+001, 1.9999978E+001, 1.9999974E+001, 1.9999993E+001, 1.9999977E+001, 1.9999967E+001, 1.9999969E+001, 1.9999982E+001, 1.9999972E+001, 1.9999972E+001, 1.9999966E+001, 1.9999987E+001, 1.9999972E+001, 1.9999989E+001, 1.9999982E+001, 1.9999979E+001, 1.9999971E+001, 1.9999965E+001, 1.9999976E+001,-6.4873578E-003, 4.4156389E-003, 4.7809238E-003, 2.0168009E-003, 2.9606745E-003, 9.9036806E-003,-6.8283980E-003, 1.6573403E-003, 6.3171905E-004, 5.0588795E-003,-1.4573674E-002, 4.7841889E-003, 6.0727889E-003, 4.3332964E-003,-7.4489518E-003, 2.4280525E-003,-3.3688530E-003, 1.1225670E-002, 7.3507526E-003, 5.8812728E-003, 1.0797322E-003,-5.5118723E-003,-3.8157571E-003, 1.4374567E+003,-2.0893532E-004,-2.0027499E-004,-2.0091529E-004
 2.1454334E+000, 1.9999929E+001, 1.9999855E+001, 1.9999971E+001, 1.9999863E+001, 1.9999924E+001, 1.9999926E+001, 1.9999909E+001, 1.9999983E+001, 1.9999922E+001, 1.9999883E+001, 1.9999856E+001, 1.9999882E+001, 1.9999873E+001, 1.9999910E+001, 1.9999882E+001, 1.9999958E+001, 1.9999906E+001, 1.9999970E+001, 1.9999940E+001, 1.9999929E+001, 1.9999897E+001, 1.9999878E+001, 1.9999916E+001,-2.0932021E-004, 4.7749524E-003, 4.7702985E-003, 2.0105183E-003, 2.7787952E-003, 9.5121115E-003,-9.9371494E-003,-3.8331667E-003,-1.0072878E-002,-1.1836992E-002,-5.4226025E-002, 1.9212000E-003, 3.9905506E-002, 3.2775503E-002, 3.0182031E-003, 7.6078345E-003,-7.4805177E-004, 1.1626533E-002, 7.4656163E-003, 5.8883691E-003, 1.0813305E-003,-5.5397485E-003,-3.8641946E-003, 6.0055229E+003,-1.6842723E-004,-1.5995352E-004,-1.5953228E-004
 3.0047954E+000, 1.9999911E+001, 1.9999791E+001, 1.9999970E+001, 1.9999794E+001, 1.9999893E+001, 1.9999900E+001, 1.9999872E+001, 1.9999990E+001, 1.9999897E+001, 1.9999829E+001, 1.9999730E+001, 1.9999736E+001, 1.9999768E+001, 1.9999879E+001, 1.9999834E+001, 1.9999948E+001, 1.9999870E+001, 1.9999968E+001, 1.9999916E+001, 1.9999901E+001, 1.9999850E+001, 1.9999824E+001, 1.9999877E+001, 4.6561848E-002, 1.1821553E-002, 6.2356160E-003, 9.2013076E-004, 4.7519014E-004, 5.1158483E-003,-2.4925876E-002,-2.4053265E-002,-3.8177700E-002,-5.8760903E-002,-1.0854040E-001, 2.8422430E-003, 9.4686166E-002, 7.8416320E-002, 3.0067576E-002, 2.6316691E-002, 1.3017647E-002, 1.5945365E-002, 9.6907656E-003, 7.0075729E-003, 1.1827046E-003,-5.5438555E-003,-3.9039395E-003, 9.6266929E+003,-1.0364996E-004,-9.7300223E-005,-9.9179335E-005
 4.0093736E+000, 1.9999968E+001, 1.9999774E+001, 1.9999995E+001, 1.9999749E+001, 1.9999882E+001, 1.9999893E+001, 1.9999861E+001, 2.0000012E+001, 1.9999918E+001, 1.9999917E+001, 2.0060650E+001, 2.0070402E+001, 2.0031561E+001, 2.0024550E+001, 1.9999833E+001, 1.9999945E+001, 1.9999857E+001, 1.9999988E+001, 1.9999904E+001, 1.9999892E+001, 1.9999821E+001, 1.9999788E+001, 1.9999851E+001, 3.3340000E-001, 1.4917329E-001, 8.0813854E-002, 3.7518825E-004,-1.4216380E-002,-2.1942718E-002,-8.2136634E-002,-9.5967210E-002,-1.4178432E-001,-2.6562780E-001,-3.5000596E-001, 2.7011784E-004, 3.3406852E-001, 2.9011096E-001, 1.3463429E-001, 9.8049030E-002, 7.2832969E-002, 5.2896769E-002, 3.9436832E-002, 3.0790573E-002, 9.3107174E-003,-1.4807133E-003,-3.0162449E-003, 1.2452998E+004, 4.1255085E-004, 2.9303837E+000,-2.9385296E-005
 5.0095999E+000, 2.0000065E+001, 1.9999840E+001, 2.0000042E+001, 2.0000105E+001, 2.0000383E+001, 2.0000523E+001, 2.0007570E+001, 2.0012673E+001, 2.0027078E+001, 2.0108440E+001, 4.6360861E+001, 8.0927253E+001, 4.2151377E+001, 2.0780283E+001, 2.0044152E+001, 2.0020670E+001, 2.0010065E+001, 2.0000699E+001, 2.0000365E+001, 2.0000266E+001, 1.9999807E+001, 1.9999766E+001, 1.9999856E+001, 7.7317218E-001, 6.1127610E-001, 5.2727880E-001, 3.4754028E-001, 3.0405665E-001, 2.6938658E-001, 1.2944805E-001, 7.6442728E-002,-6.5522413E-002,-5.9081308E-001,-1.6348461E+000,-4.2794331E-001, 1.8543165E+000, 1.2616365E+000, 5.6364505E-001, 4.1002386E-001, 3.5771849E-001, 3.0393520E-001, 2.7866671E-001, 2.5885643E-001, 1.9042526E-001, 1.5888074E-001, 1.2224940E-001, 1.6531528E+004, 1.9322415E-001, 1.9395375E+001, 2.4305595E-001
 6.0156419E+000, 2.0000074E+001, 2.0000178E+001, 2.0001156E+001, 2.0007006E+001, 2.0011516E+001, 2.0017579E+001, 2.0044663E+001, 2.0094711E+001, 2.0209902E+001, 7.4810224E+001, 2.1131076E+002, 3.4537665E+002, 2.9951165E+002, 1.7176646E+002, 4.2873089E+001, 2.0141936E+001, 2.0063294E+001, 2.0022467E+001, 2.0012231E+001, 2.0007770E+001, 2.0001013E+001, 2.0000066E+001, 1.9999984E+001, 1.2183719E+000, 1.1433185E+000, 1.1151380E+000, 1.0389238E+000, 1.0175636E+000, 1.0081789E+000, 9.3173766E-001, 8.9674410E-001, 7.0168429E-001,-8.5448489E-001,-5.2317852E+000,-2.2198012E+000, 7.5369318E+000, 7.1483066E+000, 2.9904380E+000, 1.6629280E+000, 1.4923990E+000, 1.4276262E+000, 1.4092913E+000, 1.3953535E+000, 1.3434335E+000, 1.3213290E+000, 1.3017123E+000, 1.9251463E+004, 3.7987004E-001, 5.6069445E+001, 3.2969494E-001
 7.0142903E+000, 2.0000161E+001, 2.0000487E+001, 2.0002590E+001, 2.0011463E+001, 2.0022109E+001, 2.0037941E+001, 2.0065903E+001, 2.0153243E+001, 2.0341987E+001, 1.1298496E+002, 1.2891901E+002, 2.8465846E+002, 4.1696636E+002, 3.6681663E+002, 2.2793054E+002, 1.0942039E+002, 4.8466297E+001, 2.0566790E+001, 2.0047976E+001, 2.0025118E+001, 2.0007282E+001, 2.0001345E+001, 2.0000133E+001, 1.8108541E+000, 1.9003683E+000, 1.9468546E+000, 2.0228383E+000, 2.0527259E+000, 2.0703396E+000, 2.1211761E+000, 2.1102960E+000, 1.9917898E+000, 1.1325887E+000,-2.1898285E+000,-2.0083667E+000, 1.1019079E+000, 9.2266601E+000, 1.0489463E+001, 7.6542958E+000, 5.3605223E+000, 3.4923384E+000, 3.2850202E+000, 3.2825331E+000, 3.3114598E+000, 3.3196748E+000, 3.3364955E+000, 2.2097781E+004, 3.7600803E-001, 2.3707890E+001, 2.4813773E+000
 8.0225149E+000, 2.0000200E+001, 2.0000636E+001, 2.0002951E+001, 2.0012464E+001, 2.0024720E+001, 2.0045470E+001, 2.0079385E+001, 2.0146868E+001, 2.0332103E+001, 6.2367005E+001, 8.3212762E+001, 1.5854929E+002, 2.8067878E+002, 3.4952238E+002, 3.0363905E+002, 1.9588292E+002, 1.7345553E+002, 1.3327377E+002, 7.2453283E+001, 2.8266942E+001, 2.0025389E+001, 2.0006186E+001, 2.0001132E+001, 2.1005104E+000, 2.2183210E+000, 2.2776660E+000, 2.3890437E+000, 2.4127305E+000, 2.4489109E+000, 2.5259974E+000, 2.5590915E+000, 2.4351279E+000, 1.4547081E+000,-6.6326025E-001,-7.9074175E-001,-2.1156954E+000, 1.6990092E+000, 9.1073490E+000, 8.0499068E+000, 7.9479588E+000, 7.7781137E+000, 5.6461901E+000, 4.3823558E+000, 3.9895632E+000, 4.0072246E+000, 4.0483352E+000, 2.4282360E+004, 3.3440542E-001, 1.4671320E+001, 5.2793169E+000
 9.0159808E+000, 2.0000270E+001, 2.0000748E+001, 2.0003384E+001, 2.0014700E+001, 2.0027410E+001, 2.0050539E+001, 2.0089598E+001, 2.0160676E+001, 2.0325181E+001, 2.6636103E+001, 7.0873233E+001, 1.3648507E+002, 1.5678595E+002, 1.4541864E+002, 3.5395264E+002, 2.9849826E+002, 1.5808538E+002, 1.2642670E+002, 1.1852767E+002, 1.0970080E+002, 2.0599927E+001, 2.0019246E+001, 2.0003809E+001, 2.0657389E+000, 2.0521286E+000, 2.0385366E+000, 2.0254296E+000, 2.0043384E+000, 2.0039800E+000, 1.9766099E+000, 2.0640889E+000, 2.1901488E+000, 2.0242985E+000,-9.4013267E-001, 4.0480981E-001,-3.0246520E+000,-4.5839679E-002, 2.2756026E+000, 7.9512591E+000, 4.8774791E+000, 4.2423044E+000, 5.3219333E+000, 4.7195941E+000, 2.8358409E+000, 2.8273047E+000, 2.8072598E+000, 2.6165125E+004, 3.4595884E-001, 1.5095406E+001, 7.3450555E+000
 1.0011015E+001, 2.0000409E+001, 2.0000977E+001, 2.0004450E+001, 2.0019050E+001, 2.0035304E+001, 2.0060864E+001, 2.0110211E+001, 2.0202502E+001, 2.0404107E+001, 2.2673684E+001, 8.0253347E+001, 1.4141184E+002, 1.3610412E+002, 1.8086040E+002, 2.2733463E+002, 2.3777761E+002, 2.1699494E+002, 1.9759991E+002, 1.4901016E+002, 1.0681025E+002, 8.0992383E+001, 2.0052768E+001, 2.0008834E+001, 2.0062348E+000, 1.8506419E+000, 1.7765047E+000, 1.6348829E+000, 1.6036825E+000, 1.5588359E+000, 1.4145944E+000, 1.4112050E+000, 1.2654853E+000, 9.5208750E-001,-1.1840045E+000,-3.7219722E+000,-3.8886772E+000,-6.0334341E-001,-1.1810684E-001, 4.1215365E+000, 5.4336752E+000, 4.3749834E+000, 3.8603409E+000, 3.9103652E+000, 3.6260451E+000, 1.9229930E+000, 1.8266499E+000, 2.8662882E+004, 4.3747512E-001, 1.7375464E+001, 5.2186568E+000
 1.1009100E+001, 2.0000559E+001, 2.0001323E+001, 2.0005914E+001, 2.0024501E+001, 2.0044919E+001, 2.0076452E+001, 2.0132368E+001, 2.0250395E+001, 2.0502947E+001, 2.2980510E+001, 1.1069879E+002, 1.4326975E+002, 1.8396313E+002, 3.0931457E+002, 3.5909194E+002, 2.7729840E+002, 1.9709305E+002, 1.7609315E+002, 1.8593602E+002, 1.7335238E+002, 1.0837404E+002, 5.6198303E+001, 2.0026651E+001, 2.2432594E+000, 2.1394015E+000, 2.0930221E+000, 1.9959396E+000, 1.9695812E+000, 1.9675668E+000, 1.8162663E+000, 1.7186175E+000, 1.4845559E+000, 1.4293307E+000,-3.1024788E+000,-3.3534948E+000,-2.6680838E+000,-3.4191540E+000, 4.1945545E+000, 6.2568210E+000, 6.0978183E+000, 5.8124515E+000, 5.8221770E+000, 6.0011209E+000, 4.0684879E+000, 4.0665647E+000, 2.5010207E+000, 3.2271958E+004, 4.8680235E-001, 1.6973606E+001, 6.8733918E+000
 1.2007480E+001, 2.0000555E+001, 2.0001528E+001, 2.0006495E+001, 2.0024695E+001, 2.0046456E+001, 2.0080342E+001, 2.0134302E+001, 2.0237565E+001, 2.0466868E+001, 2.1517149E+001, 1.1657441E+002, 1.1635327E+002, 2.3512797E+002, 2.4186168E+002, 4.0205656E+002, 4.2034845E+002, 3.7460108E+002, 3.0755365E+002, 2.4252313E+002, 1.9830305E+002, 1.6141686E+002, 1.2378164E+002, 6.8609695E+001, 2.6076989E+000, 2.6832323E+000, 2.7347096E+000, 2.8171184E+000, 2.8181404E+000, 2.9114736E+000, 2.9726146E+000, 3.0773508E+000, 2.8519112E+000, 2.4917080E+000, 3.0727410E-001,-6.5949128E-001,-1.5999377E+000,-1.3147905E+000, 1.9211540E+000, 8.0176037E+000, 1.0814092E+001, 1.1064942E+001, 9.8715757E+000, 8.9801657E+000, 8.4870689E+000, 7.0883984E+000, 6.2104177E+000, 3.2826972E+004, 4.0095732E-001, 1.5049481E+001, 1.4954371E+001
 1.3008446E+001, 2.0000169E+001, 2.0001525E+001, 2.0005746E+001, 2.0022450E+001, 2.0040752E+001, 2.0072543E+001, 2.0123256E+001, 2.0209874E+001, 2.0392003E+001, 2.0809967E+001, 5.1554870E+001, 1.0584191E+002, 1.7387674E+002, 2.2639574E+002, 3.2166679E+002, 3.5508971E+002, 3.2784470E+002, 2.5986019E+002, 2.5367945E+002, 2.6843096E+002, 2.3343398E+002, 1.6610167E+002, 1.3403611E+002, 2.5383553E+000, 2.5915485E+000, 2.6157099E+000, 2.7028502E+000, 2.6518800E+000, 2.6671109E+000, 2.6092076E+000, 2.8106310E+000, 2.8012926E+000, 2.4878111E+000, 1.2014874E+000,-2.4265278E-001,-7.3861528E-001,-1.3297538E+000,-1.5034527E+000,-1.7334846E+000, 7.0574614E+000, 8.3436735E+000, 9.2262380E+000, 9.2025161E+000, 8.8844199E+000, 8.1589899E+000, 7.3348446E+000, 3.1321365E+004, 3.8322091E-001, 1.5339161E+001, 1.1118594E+001
 1.4008671E+001, 2.0000319E+001, 2.0001570E+001, 2.0006209E+001, 2.0024659E+001, 2.0044478E+001, 2.0076333E+001, 2.0131755E+001, 2.0229551E+001, 2.0435008E+001, 2.0888283E+001, 5.2190324E+001, 1.1052422E+002, 1.7075953E+002, 1.7781115E+002, 2.4731362E+002, 2.1598755E+002, 2.2867676E+002, 2.4348781E+002, 2.1950313E+002, 1.9572054E+002, 2.2391718E+002, 2.2523279E+002, 1.6456927E+002, 2.1469024E+000, 2.0274202E+000, 1.9549284E+000, 1.8928229E+000, 1.8460337E+000, 1.9142559E+000, 1.7030809E+000, 1.7034191E+000, 1.8956724E+000, 1.5324308E+000, 1.2160635E-001,-1.4622901E+000,-1.7390154E+000,-1.6031132E+000,-2.2283943E+000,-2.5096326E+000, 1.9076360E+000, 5.2436777E+000, 5.7783762E+000, 6.6318945E+000, 5.8051267E+000, 5.5173260E+000, 5.6298845E+000, 3.3824298E+004, 4.5519233E-001, 1.8144919E+001, 7.0188672E+000
 1.5006304E+001, 2.0000482E+001, 2.0001518E+001, 2.0007678E+001, 2.0030901E+001, 2.0055345E+001, 2.0093707E+001, 2.0162188E+001, 2.0294023E+001, 2.0569510E+001, 2.1226440E+001, 9.7571267E+001, 1.3370015E+002, 1.7605747E+002, 1.8690296E+002, 2.3357754E+002, 2.2912471E+002, 2.2871082E+002, 2.0653369E+002, 2.1983165E+002, 2.1342938E+002, 1.6756840E+002, 1.9143327E+002, 1.8369384E+002, 2.1081572E+000, 1.9430046E+000, 1.8801630E+000, 1.7425767E+000, 1.6822781E+000, 1.7609971E+000, 1.5061242E+000, 1.3407102E+000, 1.3872215E+000, 9.6393497E-001,-2.7803382E+000,-1.8958575E+000,-2.4064264E+000,-1.9446975E+000,-1.6742686E-001,-1.1463420E+000, 5.0667892E-001, 3.2653054E+000, 4.8774432E+000, 5.4224387E+000, 5.6871120E+000, 5.1347661E+000, 4.7162982E+000, 3.9004803E+004, 6.0172229E-001, 2.0186859E+001, 5.7335198E+000
 1.6003167E+001, 2.0000443E+001, 2.0001683E+001, 2.0008482E+001, 2.0032320E+001, 2.0059967E+001, 2.0103562E+001, 2.0171636E+001, 2.0308643E+001, 2.0594515E+001, 2.1216852E+001, 7.9698081E+001, 1.5899678E+002, 2.0362899E+002, 2.6460216E+002, 3.3744904E+002, 3.4286804E+002, 2.9736406E+002, 2.2593493E+002, 1.8227111E+002, 1.8293121E+002, 1.9449981E+002, 1.7004664E+002, 1.6787274E+002, 2.6160648E+000, 2.6624581E+000, 2.7440407E+000, 2.7962813E+000, 2.7285139E+000, 2.8708449E+000, 3.0074869E+000, 2.8869355E+000, 3.0013565E+000, 2.6851999E+000, 4.9003364E-001,-1.5227012E+000,-1.6333919E+000, 4.3295600E-001, 4.0603921E+000, 8.4041062E+000, 6.8911760E+000, 5.3596881E+000, 5.2500771E+000, 6.5797356E+000, 8.2408111E+000, 7.4040906E+000, 7.5682422E+000, 3.7004908E+004, 5.1708666E-001, 1.8716566E+001, 1.2881427E+001
 1.7007043E+001, 2.0000240E+001, 2.0001702E+001, 2.0007041E+001, 2.0028150E+001, 2.0051514E+001, 2.0092401E+001, 2.0159841E+001, 2.0273106E+001, 2.0522364E+001, 2.1075190E+001, 4.4196268E+001, 1.4691967E+002, 1.8336132E+002, 1.8576804E+002, 3.5593717E+002, 3.6498026E+002, 3.3112077E+002, 3.1145519E+002, 3.0316991E+002, 2.4502413E+002, 1.5622375E+002, 1.8219046E+002, 1.6753914E+002, 2.3841975E+000, 2.3421665E+000, 2.3284856E+000, 2.3694093E+000, 2.2594324E+000, 2.1496031E+000, 2.2499464E+000, 2.1421317E+000, 2.2482330E+000, 2.5723727E+000,-3.2780260E-001,-2.2159921E+000,-1.5295066E+000, 4.2854244E-001,-1.5045704E+000, 4.6363138E+000, 7.7074584E+000, 8.1981599E+000, 8.0052253E+000, 6.2468765E+000, 5.0966586E+000, 5.8918497E+000, 5.1298658E+000, 3.2129299E+004, 4.8769828E-001, 1.9817420E+001, 1.1495646E+001
 1.8007469E+001, 2.0000366E+001, 2.0001875E+001, 2.0007946E+001, 2.0034156E+001, 2.0060191E+001, 2.0105361E+001, 2.0186215E+001, 2.0337773E+001, 2.0649032E+001, 2.1391314E+001, 7.1664833E+001, 1.2735265E+002, 1.5637688E+002, 1.4722215E+002, 2.2027892E+002, 2.7925033E+002, 2.4862895E+002, 2.2425391E+002, 2.3586626E+002, 2.8376100E+002, 2.0548741E+002, 1.5904640E+002, 1.7057196E+002, 1.9130185E+000, 1.6894071E+000, 1.4891923E+000, 1.2797547E+000, 1.2305476E+000, 1.0775319E+000, 9.8529835E-001, 9.4371641E-001, 8.4186859E-001, 4.4237364E-001,-2.6603406E+000,-2.4698788E+000,-1.4432370E+000,-4.8753204E-001,-2.3259717E+000, 2.3619317E+000, 3.6103472E+000, 4.0806460E+000, 3.6109286E+000, 4.5140636E+000, 4.3838253E+000, 2.7602254E+000, 3.4828814E+000, 3.6436656E+004, 6.3628433E-001, 2.2188122E+001, 6.1777571E+000
 1.9000039E+001, 2.0000539E+001, 2.0002013E+001, 2.0009868E+001, 2.0040743E+001, 2.0074086E+001, 2.0125384E+001, 2.0217276E+001, 2.0407137E+001, 2.0798757E+001, 2.1946451E+001, 7.6609798E+001, 1.8026572E+002, 2.2454494E+002, 3.5166449E+002, 3.3673111E+002, 3.1807427E+002, 2.5716687E+002, 2.2360459E+002, 2.0957874E+002, 2.1731470E+002, 2.6848133E+002, 1.8777595E+002, 1.5308732E+002, 2.3339203E+000, 2.3181495E+000, 2.2596452E+000, 2.1884043E+000, 2.3011621E+000, 2.2228137E+000, 2.2409825E+000, 2.1749656E+000, 1.8188653E+000, 1.3294673E+000,-5.1035492E-001,-4.2209062E-001, 8.6826978E-001, 1.3266176E+000, 3.7078543E+000, 4.5049210E+000, 5.7006236E+000, 5.6543658E+000, 6.3543817E+000, 5.8865437E+000, 6.6385291E+000, 6.8464069E+000, 6.0308466E+000, 4.4019945E+004, 6.7678403E-001, 2.0362420E+001, 1.0380905E+001
 2.0012597E+001, 2.0000580E+001, 2.0001800E+001, 2.0008733E+001, 2.0032379E+001, 2.0062825E+001, 2.0111937E+001, 2.0188536E+001, 2.0326794E+001, 2.0641678E+001, 2.1345206E+001, 4.6036122E+001, 9.8924137E+001, 1.7750946E+002, 3.1300973E+002, 4.7874608E+002, 4.9232675E+002, 4.4139956E+002, 3.7832639E+002, 3.1013570E+002, 2.2722638E+002, 2.1098913E+002, 2.3513016E+002, 2.0775216E+002, 2.5443340E+000, 2.5451435E+000, 2.5928632E+000, 2.4748979E+000, 2.5355354E+000, 2.5189848E+000, 2.5817695E+000, 2.7936332E+000, 2.8348935E+000, 2.4008649E+000, 1.2795335E+000, 1.3331836E+000, 2.4712253E+000, 7.9375142E-001, 3.9990060E+000, 9.2267988E+000, 1.0226725E+001, 9.7522114E+000, 7.9243406E+000, 6.8635030E+000, 6.6317678E+000, 6.5959916E+000, 7.0194631E+000, 3.6186055E+004, 4.1666274E-001, 1.8526544E+001, 3.0446283E+001
 2.1001183E+001, 2.0000606E+001, 2.0001757E+001, 2.0007337E+001, 2.0032987E+001, 2.0058777E+001, 2.0108436E+001, 2.0193119E+001, 2.0341053E+001, 2.0672837E+001, 2.1394422E+001, 2.9324993E+001, 1.0387561E+002, 1.4727858E+002, 2.0821510E+002, 3.0949644E+002, 3.7436924E+002, 3.4680565E+002, 3.4431148E+002, 3.3586749E+002, 3.7135582E+002, 1.9918847E+002, 2.0070171E+002, 2.2573506E+002, 2.0112662E+000, 1.7419963E+000, 1.5907190E+000, 1.3915582E+000, 1.3681461E+000, 1.2926586E+000, 1.0379170E+000, 9.3161283E-001, 1.1388778E+000, 1.2687225E+000,-6.1904471E-002,-1.2741926E+000,-3.3188927E-001,-3.1658650E-001, 1.8417215E-001, 4.5913537E+000, 5.5135027E+000, 5.5325509E+000, 4.9947843E+000, 4.6747179E+000, 4.0829272E+000, 2.6872128E+000, 3.0778596E+000, 3.4504078E+004, 5.9450390E-001, 2.4160807E+001, 9.9073278E+000
 2.2011642E+001, 2.0000519E+001, 2.0002102E+001, 2.0008725E+001, 2.0040246E+001, 2.0072225E+001, 2.0126356E+001, 2.0227754E+001, 2.0429365E+001, 2.0836104E+001, 2.1784616E+001, 2.9840683E+001, 1.6143779E+002, 3.5698139E+002, 4.9398716E+002, 4.3555684E+002, 3.6259951E+002, 3.0108489E+002, 2.7831945E+002, 2.7193998E+002, 2.7249968E+002, 2.9181274E+002, 2.1822192E+002, 2.0498234E+002, 2.3562924E+000, 2.3256942E+000, 2.2236138E+000, 2.2135261E+000, 2.2217981E+000, 2.2092327E+000, 1.9903364E+000, 1.8764091E+000, 2.1295789E+000, 1.8690052E+000, 1.6412808E+000,-1.3927282E+000,-1.3433085E+000, 2.4518861E+000, 4.7322750E+000, 6.7803123E+000, 7.0130620E+000, 7.0119922E+000, 6.6481393E+000, 6.2972544E+000, 6.9643734E+000, 6.1501797E+000, 5.7870558E+000, 4.5033057E+004, 7.8459271E-001, 2.3580775E+001, 1.1507334E+001
 2.3020937E+001, 2.0000594E+001, 2.0002045E+001, 2.0009222E+001, 2.0034660E+001, 2.0068983E+001, 2.0121264E+001, 2.0207014E+001, 2.0367152E+001, 2.0718243E+001, 2.1451775E+001, 2.3158742E+001, 2.2375224E+002, 3.7895120E+002, 3.9346930E+002, 4.9258331E+002, 4.5726453E+002, 4.1926118E+002, 3.5735199E+002, 3.1853120E+002, 2.5946470E+002, 2.4578983E+002, 2.5977334E+002, 2.2930726E+002, 2.3839866E+000, 2.3516836E+000, 2.2662038E+000, 2.2568814E+000, 2.2046410E+000, 2.3499939E+000, 2.4249852E+000, 2.1946902E+000, 2.2666823E+000, 2.3097810E+000, 2.1160396E+000,-1.0960261E+000,-2.3223605E+000, 1.2279310E+000, 9.9803535E-001, 4.9586646E+000, 9.0796031E+000, 7.9888105E+000, 7.5192208E+000, 6.9395160E+000, 5.9258497E+000, 6.1862404E+000, 6.8495728E+000, 3.5252114E+004, 4.4894623E-001, 1.7183323E+001, 1.8754488E+001
 2.4011304E+001, 2.0000692E+001, 2.0001937E+001, 2.0009164E+001, 2.0037732E+001, 2.0070518E+001, 2.0130577E+001, 2.0235178E+001, 2.0413458E+001, 2.0814378E+001, 2.1747504E+001, 6.2994307E+001, 2.6689930E+002, 2.9427104E+002, 2.9840814E+002, 3.4355194E+002, 3.3521470E+002, 2.6312199E+002, 2.8947052E+002, 3.3958465E+002, 3.4187603E+002, 2.4632188E+002, 2.3642283E+002, 2.3352108E+002, 1.9041557E+000, 1.5331289E+000, 1.4545461E+000, 1.1939497E+000, 9.9915805E-001, 8.6382023E-001, 8.6372322E-001, 8.0098754E-001, 7.9939995E-001, 3.0370319E-001,-2.0788980E-001,-3.7096295E+000,-3.0266338E+000,-2.6586353E+000,-4.0391832E-001, 3.4173569E+000, 2.3241863E+000, 4.3964278E+000, 3.0806999E+000, 4.5393140E+000, 3.8349110E+000, 2.6376390E+000, 2.6032721E+000, 3.7528189E+004, 6.4741316E-001, 2.1855989E+001, 7.8375844E+000
 2.5002346E+001, 2.0000600E+001, 2.0002138E+001, 2.0009964E+001, 2.0042654E+001, 2.0077521E+001, 2.0138576E+001, 2.0245226E+001, 2.0456893E+001, 2.0883251E+001, 2.1916975E+001, 1.8787486E+002, 2.2002222E+002, 2.6384050E+002, 3.7884859E+002, 3.8635352E+002, 3.2017119E+002, 2.7272783E+002, 2.4256815E+002, 2.4152788E+002, 2.6394233E+002, 2.8095661E+002, 2.4363033E+002, 2.2650703E+002, 2.6076815E+000, 2.5937372E+000, 2.6322091E+000, 2.7616422E+000, 2.7123185E+000, 2.5806935E+000, 2.7519873E+000, 2.7382022E+000, 2.6786790E+000, 2.5192068E+000, 4.3344705E-002, 2.3865825E-001, 4.5095724E-001, 3.8133426E+000, 5.0823400E+000, 5.7371402E+000, 6.5240983E+000, 7.0150579E+000, 6.8894063E+000, 6.7921314E+000, 7.9356603E+000, 7.9991765E+000, 7.9260004E+000, 4.4846555E+004, 7.2592829E-001, 1.9343787E+001, 1.3239568E+001
 2.6000347E+001, 2.0000515E+001, 2.0002338E+001, 2.0009871E+001, 2.0036009E+001, 2.0071645E+001, 2.0126551E+001, 2.0220583E+001, 2.0381861E+001, 2.0742803E+001, 2.1549331E+001, 1.1954899E+002, 2.0843603E+002, 2.9236327E+002, 3.7680950E+002, 4.0517687E+002, 4.7122918E+002, 4.3158620E+002, 3.0942921E+002, 2.5951387E+002, 2.4309389E+002, 2.3804845E+002, 2.5943807E+002, 2.3883649E+002, 2.0510719E+000, 1.8894260E+000, 1.7797979E+000, 1.6336344E+000, 1.6967175E+000, 1.5129491E+000, 1.3913732E+000, 1.4425373E+000, 1.3784645E+000, 1.0788837E+000,-1.1567585E+000,-7.9997323E-001,-2.5222203E+000,-3.0385441E+000,-1.5935505E-001, 5.5160006E+000, 6.5186239E+000, 3.9970075E+000, 3.9900409E+000, 3.9105864E+000, 3.3194825E+000, 3.3749842E+000, 4.4601741E+000, 3.2777607E+004, 4.1185747E-001, 1.7137445E+001, 3.6416792E+001
 2.7000329E+001, 2.0000546E+001, 2.0002311E+001, 2.0009519E+001, 2.0040075E+001, 2.0074091E+001, 2.0133580E+001, 2.0241831E+001, 2.0430159E+001, 2.0884456E+001, 4.3215189E+001, 1.6504531E+002, 2.5857161E+002, 2.9238949E+002, 2.8118791E+002, 3.1591794E+002, 2.8971644E+002, 2.7046311E+002, 3.1707323E+002, 3.1953099E+002, 2.7641318E+002, 2.2563034E+002, 2.4557351E+002, 2.2925480E+002, 2.1521616E+000, 2.0426067E+000, 1.9800926E+000, 1.6651367E+000, 1.7517808E+000, 1.7077583E+000, 1.6300982E+000, 1.5573796E+000, 1.3909769E+000, 5.0154442E-001,-1.3939346E+000,-2.9913975E+000,-1.9266677E+000,-3.9295723E-001, 3.7585464E+000, 5.6742014E+000, 4.4121929E+000, 5.7018373E+000, 5.0005010E+000, 4.8105411E+000, 4.1447801E+000, 3.9203373E+000, 4.4520611E+000, 4.4091095E+004, 7.0241266E-001, 2.2700066E+001, 7.0208238E+000
 2.8006583E+001, 2.0000422E+001, 2.0002046E+001, 2.0009697E+001, 2.0037664E+001, 2.0071207E+001, 2.0125507E+001, 2.0214039E+001, 2.0390104E+001, 2.0748181E+001, 2.5723899E+001, 1.6734997E+002, 3.1125921E+002, 4.2386428E+002, 3.0800036E+002, 4.0054127E+002, 4.5486217E+002, 4.1134910E+002, 3.3521353E+002, 2.8255651E+002, 2.6954083E+002, 2.7514506E+002, 2.2696117E+002, 2.2773682E+002, 2.5000705E+000, 2.5156750E+000, 2.5807750E+000, 2.5337096E+000, 2.5700915E+000, 2.5684417E+000, 2.6064408E+000, 2.5633112E+000, 2.5622334E+000, 2.3294536E+000, 3.1216271E-001,-9.2861795E-001, 2.9575562E-001, 1.9125116E+000, 2.4815613E+000, 5.4151785E+000, 7.7362697E+000, 7.6687555E+000, 6.4265844E+000, 5.9479796E+000, 7.5622596E+000, 6.1891069E+000, 6.5378970E+000, 3.9299510E+004, 4.3752048E-001, 1.5523815E+001, 2.0396215E+001
 2.9006291E+001, 2.0000499E+001, 2.0002155E+001, 2.0009002E+001, 2.0035404E+001, 2.0068689E+001, 2.0121314E+001, 2.0218151E+001, 2.0373542E+001, 2.0756995E+001, 4.0892609E+001, 2.3775458E+002, 3.1401735E+002, 2.4180593E+002, 2.1289717E+002, 3.1840738E+002, 3.1405323E+002, 2.8916416E+002, 3.7988059E+002, 3.4847745E+002, 2.8540287E+002, 2.6242242E+002, 2.6271932E+002, 2.1991545E+002, 2.0010428E+000, 1.7752956E+000, 1.5409318E+000, 1.3478114E+000, 1.2650350E+000, 1.2618385E+000, 1.1561776E+000, 9.7822011E-001, 6.9791957E-001,-1.2923831E-001,-2.4746413E+000,-3.2681844E+000,-1.2133837E+000, 1.0407440E+000, 2.1900034E+000, 3.1237907E+000, 4.8381381E+000, 3.9231292E+000, 4.3156685E+000, 4.1731461E+000, 1.8831815E+000, 3.5793344E+000, 2.5600984E+000, 3.5939767E+004, 5.0582313E-001, 2.0270829E+001, 8.8721954E+000
 3.0012459E+001, 2.0000431E+001, 2.0001995E+001, 2.0009310E+001, 2.0039785E+001, 2.0071136E+001, 2.0127374E+001, 2.0221738E+001, 2.0411853E+001, 2.0819244E+001, 1.0317626E+002, 2.6736337E+002, 2.5484095E+002, 3.0613645E+002, 3.7186284E+002, 3.5663266E+002, 3.9697246E+002, 3.1298421E+002, 2.5949558E+002, 2.6859540E+002, 2.7825596E+002, 2.5851182E+002, 2.5567531E+002, 2.4658126E+002, 2.4838003E+000, 2.5628131E+000, 2.4019794E+000, 2.5035251E+000, 2.4994423E+000, 2.4636527E+000, 2.5077587E+000, 2.4365475E+000, 2.1506557E+000, 1.6626609E+000,-1.1007345E+000,-5.0704898E-001,-9.5504801E-001, 1.5263695E+000, 2.6987614E+000, 5.1962922E+000, 6.1212384E+000, 6.2251149E+000, 6.4511676E+000, 6.6996186E+000, 5.9065565E+000, 6.0648425E+000, 7.1760652E+000, 4.5220772E+004, 6.1587931E-001, 1.8572036E+001, 2.0849609E+001
 3.1011159E+001, 2.0000383E+001, 2.0001911E+001, 2.0009134E+001, 2.0033797E+001, 2.0065409E+001, 2.0113414E+001, 2.0194303E+001, 2.0333017E+001, 2.0652031E+001, 2.6463347E+001, 2.4769713E+002, 2.5377858E+002, 3.4227019E+002, 3.1311626E+002, 3.5822859E+002, 5.0306279E+002, 4.6619485E+002, 3.9534621E+002, 3.5867828E+002, 2.7130904E+002, 2.4549636E+002, 2.5598210E+002, 2.4275368E+002, 2.3567110E+000, 2.2533648E+000, 2.2469115E+000, 2.1730647E+000, 2.1794792E+000, 2.1283480E+000, 2.1140418E+000, 2.1821769E+000, 1.8486331E+000, 1.2224282E+000,-1.2675084E+000,-1.3924546E+000,-1.9961720E+000,-1.1289405E-003, 2.1069020E+000, 3.5547197E+000, 6.2576136E+000, 7.6497980E+000, 6.6180027E+000, 6.0918569E+000, 5.2598001E+000, 4.6823302E+000, 4.6237624E+000, 3.5847197E+004, 3.7336377E-001, 1.5666903E+001, 2.4569581E+001
 3.2006638E+001, 2.0000519E+001, 2.0002041E+001, 2.0008974E+001, 2.0036249E+001, 2.0065338E+001, 2.0118230E+001, 2.0209762E+001, 2.0368359E+001, 2.0758309E+001, 1.4703539E+002, 2.4422102E+002, 2.6834058E+002, 2.5666225E+002, 2.4218279E+002, 2.6116028E+002, 3.6379737E+002, 3.2176133E+002, 2.7264843E+002, 2.9509565E+002, 3.6587456E+002, 2.4447299E+002, 2.5228675E+002, 2.3604995E+002, 2.0036484E+000, 1.6850544E+000, 1.6355574E+000, 1.4126950E+000, 1.3952236E+000, 1.2553253E+000, 1.0125337E+000, 1.0892156E+000, 4.9191490E-001,-1.0951181E+000,-4.1554234E+000,-3.9133522E+000,-2.1703995E+000, 2.5192066E-003, 1.0410724E+000, 1.2581142E+000, 1.8560502E+000, 3.1443019E+000, 3.8481239E+000, 4.3924782E+000, 3.7254512E+000, 2.6539265E+000, 2.0658720E+000, 3.9287398E+004, 5.6322660E-001, 2.1667666E+001, 9.2396865E+000
 3.3004017E+001, 2.0000675E+001, 2.0001894E+001, 2.0009204E+001, 2.0039218E+001, 2.0071177E+001, 2.0123970E+001, 2.0212678E+001, 2.0396648E+001, 2.0780614E+001, 2.1350626E+002, 2.1686315E+002, 2.5886712E+002, 3.3094262E+002, 3.3381096E+002, 3.4665881E+002, 3.6146865E+002, 3.1883580E+002, 2.8530786E+002, 2.5098489E+002, 2.5435678E+002, 3.0748382E+002, 2.5996865E+002, 2.4102853E+002, 2.4828152E+000, 2.5989856E+000, 2.6440158E+000, 2.6354725E+000, 2.6764662E+000, 2.6934452E+000, 2.6149303E+000, 2.6849070E+000, 2.2153958E+000,-1.2185740E+000,-3.9697042E-001,-1.2318984E+000,-4.7458858E-001, 9.5060311E-001, 3.5743618E+000, 4.1557568E+000, 5.5739533E+000, 6.2723590E+000, 5.9773743E+000, 5.8068575E+000, 7.7002369E+000, 7.3400659E+000, 6.4527230E+000, 4.3329225E+004, 5.5445593E-001, 1.8001800E+001, 1.8945588E+001
 3.4006971E+001, 2.0000757E+001, 2.0001954E+001, 2.0008912E+001, 2.0032710E+001, 2.0062766E+001, 2.0111187E+001, 2.0190494E+001, 2.0326407E+001, 2.0663550E+001, 1.7643394E+002, 1.9479535E+002, 2.2036170E+002, 2.4692486E+002, 2.9999962E+002, 2.6080929E+002, 3.6328352E+002, 3.8108903E+002, 3.7717522E+002, 3.5970557E+002, 2.7648980E+002, 2.4124288E+002, 2.8068006E+002, 2.6189136E+002, 2.1935266E+000, 2.0691367E+000, 2.0264310E+000, 1.9283115E+000, 1.8671814E+000, 1.9172529E+000, 1.7139727E+000, 1.7798365E+000, 1.4048088E+000,-1.5796684E+000,-1.8196244E+000,-2.6240390E+000,-1.7180736E+000,-3.8034575E-001, 1.1993777E+000, 3.8618341E+000, 5.4221072E+000, 5.8097200E+000, 5.1376441E+000, 4.7809306E+000, 2.7608330E+000, 4.1532159E+000, 4.7004462E+000, 3.3794022E+004, 3.7864349E-001, 1.6547307E+001, 1.7333738E+001
 3.5009299E+001, 1.9996709E+001, 2.0002157E+001, 2.0008442E+001, 2.0036226E+001, 2.0065083E+001, 2.0118166E+001, 2.0207490E+001, 2.0376349E+001, 2.1504288E+001, 1.9542129E+002, 1.7093160E+002, 1.8978388E+002, 2.1145631E+002, 2.6496936E+002, 3.1543536E+002, 2.6147413E+002, 2.8642323E+002, 2.7374576E+002, 2.7891612E+002, 3.2571229E+002, 2.4364895E+002, 2.5528712E+002, 2.6036520E+002, 2.3046543E+000, 1.8760095E+000, 1.8504702E+000, 1.6929602E+000, 1.5716356E+000, 1.6146474E+000, 1.3650727E+000, 1.3629089E+000, 8.6923205E-001,-1.2843372E+000,-2.9618340E+000,-2.1683646E+000,-1.5869887E+000,-3.4862655E-002, 8.8232865E-001, 4.7536661E+000, 5.6933833E+000, 5.1628695E+000, 6.0258974E+000, 5.9431665E+000, 4.1676375E+000, 2.5133523E+000, 4.1130277E+000, 4.1336993E+004, 5.5987664E-001, 1.9531399E+001, 7.4215261E+000
 3.6013495E+001, 1.9997491E+001, 2.0001762E+001, 2.0008713E+001, 2.0034779E+001, 2.0064476E+001, 2.0112348E+001, 2.0193181E+001, 2.0352844E+001, 2.1369632E+001, 1.8266133E+002, 1.5483866E+002, 1.6736331E+002, 1.6288329E+002, 3.3128472E+002, 5.7732399E+002, 5.9635304E+002, 4.7030201E+002, 3.7952881E+002, 2.8389712E+002, 2.4866869E+002, 2.8124455E+002, 2.5548956E+002, 2.4228327E+002, 2.6700495E+000, 2.6050423E+000, 2.6020057E+000, 2.7493795E+000, 2.6748750E+000, 2.7669606E+000, 2.6379361E+000, 2.5767604E+000, 2.3107970E+000, 5.0882946E-001,-6.4573202E-001, 3.7467323E-001, 1.3678849E+000, 2.0816460E-001, 8.4512590E-001, 6.9728042E+000, 9.6758868E+000, 9.2141036E+000, 8.1085524E+000, 7.4521933E+000, 7.2686381E+000, 6.7268561E+000, 5.6550268E+000, 4.3177588E+004, 4.0948935E-001, 1.5638772E+001, 5.8057642E+001
 3.7021003E+001, 2.0001554E+001, 1.9997147E+001, 2.0008430E+001, 2.0031674E+001, 2.0059585E+001, 2.0106061E+001, 2.0185405E+001, 2.0326908E+001, 2.8326877E+001, 1.7498025E+002, 1.4292268E+002, 1.5014788E+002, 1.6489852E+002, 2.7241794E+002, 3.2557208E+002, 3.5811059E+002, 3.4303693E+002, 3.6255925E+002, 4.5935089E+002, 3.8262862E+002, 2.4870100E+002, 2.7947695E+002, 2.4074109E+002, 2.0379863E+000, 2.0151813E+000, 1.6473456E+000, 1.5700277E+000, 1.3982570E+000, 1.4876945E+000, 1.2495525E+000, 1.0746310E+000, 7.7736073E-001,-2.1179575E+000,-2.1395607E+000,-1.8987094E+000,-1.2275353E-001,-1.0412228E+000,-3.7694328E+000, 2.9276679E+000, 5.1164218E+000, 6.4526370E+000, 6.6989860E+000, 5.8555935E+000, 2.6809011E+000, 3.3599279E+000, 2.8476778E+000, 3.2898309E+004, 3.9160158E-001, 1.7327277E+001, 1.1089208E+001
 3.8015478E+001, 2.0001170E+001, 1.9996441E+001, 2.0008849E+001, 2.0035267E+001, 2.0064043E+001, 2.0113326E+001, 2.0199038E+001, 2.0370517E+001, 1.3543116E+002, 1.5282059E+002, 1.3102394E+002, 1.5943282E+002, 2.4165816E+002, 3.1538956E+002, 3.0932057E+002, 3.0228038E+002, 2.8891031E+002, 2.8188176E+002, 2.6377379E+002, 3.1723793E+002, 3.0062308E+002, 2.6129815E+002, 2.5885865E+002, 2.2749728E+000, 2.2832739E+000, 2.0850813E+000, 2.0888753E+000, 1.9694260E+000, 2.0252619E+000, 1.9401671E+000, 1.6573985E+000,-4.7589130E-001,-1.0415655E+000,-1.0172284E+000,-1.8166205E+000,-1.2536233E+000,-3.7517633E-001, 1.2648012E+000, 4.7316037E+000, 5.3232415E+000, 6.2608479E+000, 6.0049033E+000, 6.3571193E+000, 7.0189199E+000, 4.2423236E+000, 4.7285279E+000, 4.7690594E+004, 5.1818475E-001, 1.9569068E+001, 8.8175962E+000
 3.9015472E+001, 2.0000195E+001, 2.0002975E+001, 2.0004079E+001, 2.0033250E+001, 2.0061784E+001, 2.0107166E+001, 2.0181397E+001, 2.0323315E+001, 6.9807921E+001, 1.6405300E+002, 1.2914178E+002, 1.5474230E+002, 2.1117763E+002, 2.5114108E+002, 4.9580006E+002, 4.5570757E+002, 4.3017200E+002, 3.8224950E+002, 3.2408083E+002, 2.6070952E+002, 2.6065661E+002, 2.8101799E+002, 2.6189804E+002, 2.6736811E+000, 2.6806062E+000, 2.8117276E+000, 2.7287137E+000, 2.6943446E+000, 2.6956383E+000, 2.8012663E+000, 2.5777327E+000, 1.3985691E+000,-1.7721405E-001, 1.2374550E-001, 2.3313695E-001, 8.9421003E-001, 2.0652945E+000, 7.1750428E-001, 5.4063305E+000, 8.5116555E+000, 7.8822480E+000, 7.9148472E+000, 7.2823337E+000, 6.7255645E+000, 8.0657426E+000, 6.0831570E+000, 3.9102162E+004, 3.7412460E-001, 1.5417935E+001, 2.6727709E+001
 4.0013944E+001, 1.9999865E+001, 2.0002942E+001, 2.0001835E+001, 2.0033429E+001, 2.0059797E+001, 2.0104448E+001, 2.0181439E+001, 2.0314935E+001, 8.2407167E+001, 1.5585048E+002, 1.3725824E+002, 1.4792350E+002, 1.6983983E+002, 1.9345684E+002, 3.0922939E+002, 3.4636749E+002, 3.1619223E+002, 3.1045167E+002, 3.4694161E+002, 3.8032356E+002, 2.5737298E+002, 2.5735938E+002, 2.5824524E+002, 1.9804757E+000, 1.8839183E+000, 1.9160929E+000, 1.5666723E+000, 1.5049351E+000, 1.4450575E+000, 1.4329801E+000, 1.2343648E+000,-6.1938650E-001,-1.8556748E+000,-1.9532618E+000,-1.8736114E+000,-1.4292057E+000,-5.2438194E-001,-3.1009459E+000, 1.5160316E-001, 3.4189975E+000, 5.1975849E+000, 4.9721482E+000, 5.6664461E+000, 3.7758384E+000, 3.1790683E+000, 1.7499525E+000, 3.3912805E+004, 3.9816976E-001, 1.7817246E+001, 1.0043911E+001
 4.1014702E+001, 1.9998079E+001, 2.0002273E+001, 2.0008897E+001, 2.0034307E+001, 2.0067484E+001, 2.0115527E+001, 2.0199555E+001, 2.0367949E+001, 1.2153190E+002, 1.3759720E+002, 1.4376149E+002, 1.6710723E+002, 1.4751944E+002, 1.7818260E+002, 2.3351716E+002, 2.7844565E+002, 3.1016894E+002, 2.7524309E+002, 2.7021216E+002, 2.7513988E+002, 3.2583955E+002, 2.7505182E+002, 2.5461663E+002, 2.1639201E+000, 2.2170909E+000, 2.1627341E+000, 2.0477735E+000, 1.9492748E+000, 1.8228990E+000, 1.8210178E+000, 1.6147031E+000,-1.6897750E+000,-1.0955220E+000,-1.8225811E+000,-2.0673237E+000,-1.3383830E+000,-1.1188296E-001, 6.8312180E-001, 1.2322401E+000, 3.4020195E+000, 5.0604565E+000, 6.0788564E+000, 5.3235736E+000, 6.7096431E+000, 3.1494182E+000, 3.7969359E+000, 4.7462181E+004, 4.9576219E-001, 1.8807945E+001, 1.0001126E+001
 4.2012934E+001, 2.0000071E+001, 2.0001006E+001, 2.0010435E+001, 2.0024415E+001, 2.0058731E+001, 2.0111547E+001, 2.0183960E+001, 2.0326793E+001, 5.4039337E+001, 1.3982162E+002, 1.4594813E+002, 1.6433362E+002, 1.6797882E+002, 2.0098699E+002, 3.9795993E+002, 4.3070453E+002, 3.8802568E+002, 3.2424150E+002, 2.5574449E+002, 2.3067837E+002, 2.4499697E+002, 2.9518523E+002, 2.6852403E+002, 2.6314553E+000, 2.6559003E+000, 2.7053366E+000, 2.8335826E+000, 2.8426849E+000, 2.6620488E+000, 2.6099969E+000, 2.6381692E+000, 1.5917199E+000, 4.3737578E-001,-3.5176020E-001,-2.9729869E-001,-1.1040881E-001,-5.4912813E-001,-1.9440726E+000, 5.6134280E+000, 6.8643933E+000, 6.4987729E+000, 4.9969547E+000, 6.0186246E+000, 5.7592598E+000, 7.2174566E+000, 5.2550930E+000, 3.8757697E+004, 3.7546797E-001, 1.5713471E+001, 2.6485576E+001
 4.3008681E+001, 2.0000641E+001, 1.9998796E+001, 2.0009445E+001, 2.0032281E+001, 2.0048321E+001, 2.0106102E+001, 2.0193568E+001, 2.0333470E+001, 5.3151363E+001, 1.3251209E+002, 1.5881107E+002, 1.7142663E+002, 1.9737895E+002, 2.6187092E+002, 3.4036474E+002, 3.0309420E+002, 3.0355532E+002, 3.1495283E+002, 3.1392589E+002, 3.2370668E+002, 2.3476906E+002, 2.5321113E+002, 2.7492785E+002, 1.9268337E+000, 1.7775461E+000, 1.6436697E+000, 1.4012204E+000, 1.5920005E+000, 1.4675492E+000, 1.0442591E+000, 1.1926822E+000, 8.8517981E-003,-1.6130514E+000,-3.1530746E+000,-2.6410387E+000,-3.0407969E+000,-3.6370958E+000,-4.2111004E+000, 6.6647453E-001, 3.2805069E+000, 2.9468356E+000, 4.2162222E+000, 2.7963324E+000, 2.9178601E+000, 1.7595118E+000, 2.9417159E+000, 3.3094176E+004, 4.5292470E-001, 1.8796716E+001, 7.8607330E+000
 4.4010619E+001, 2.0000969E+001, 2.0000025E+001, 2.0007280E+001, 2.0043052E+001, 2.0061519E+001, 2.0105288E+001, 2.0210989E+001, 2.0393033E+001, 7.3337810E+001, 1.5424874E+002, 1.8122924E+002, 2.1913980E+002, 2.8947138E+002, 3.3580068E+002, 4.0626024E+002, 3.5934167E+002, 2.6825160E+002, 2.4784570E+002, 2.5045626E+002, 2.7993699E+002, 3.1146879E+002, 2.3881172E+002, 2.6150573E+002, 2.4056973E+000, 2.3828438E+000, 2.2073361E+000, 2.0492709E+000, 2.1370826E+000, 2.2583284E+000, 1.9369279E+000, 1.8782593E+000, 1.4985298E-001,-5.5302787E-001,-1.8911319E+000,-2.4108351E+000,-1.5650346E+000,-3.6884511E-001, 1.7154317E+000, 5.1178786E+000, 5.0770976E+000, 5.5106204E+000, 5.1591352E+000, 4.7129989E+000, 6.2890104E+000, 3.7974795E+000, 4.3470317E+000, 4.7684306E+004, 5.5647564E-001, 1.9279931E+001, 1.5632031E+001
 4.5013366E+001, 1.9999137E+001, 2.0002543E+001, 2.0005762E+001, 2.0036893E+001, 2.0071519E+001, 2.0104316E+001, 2.0169107E+001, 2.0328872E+001, 2.6159387E+001, 1.4484461E+002, 2.0246824E+002, 2.1578691E+002, 2.3309422E+002, 2.9068567E+002, 4.7873736E+002, 5.7507483E+002, 4.6135294E+002, 4.1684874E+002, 3.4786570E+002, 2.6071073E+002, 2.8451979E+002, 3.1426448E+002, 2.6323160E+002, 2.5901357E+000, 2.4067805E+000, 2.4716875E+000, 2.5329829E+000, 2.4329164E+000, 2.6421155E+000, 2.5839231E+000, 2.3683290E+000, 2.0486384E+000, 6.2474586E-004,-1.2724907E+000,-4.8783491E-001, 1.1091743E+000, 1.7702587E+000,-1.3506433E+000, 5.1510322E+000, 1.0006501E+001, 9.4318150E+000, 8.2780574E+000, 6.7663126E+000, 3.2936441E+000, 6.7340295E+000, 5.7441214E+000, 3.7451700E+004, 3.6226543E-001, 1.5273062E+001, 5.2712669E+001
 4.6009106E+001, 1.9998836E+001, 2.0002291E+001, 2.0004932E+001, 2.0032284E+001, 2.0069505E+001, 2.0123129E+001, 2.0178099E+001, 2.0319215E+001, 3.2894418E+001, 1.7626854E+002, 2.0288975E+002, 2.2485998E+002, 2.2796723E+002, 2.5651569E+002, 3.1114467E+002, 3.2419810E+002, 3.0612224E+002, 2.2949911E+002, 3.1158961E+002, 3.8157442E+002, 2.6380226E+002, 2.9510437E+002, 2.9617887E+002, 2.0677984E+000, 1.7936281E+000, 1.8051800E+000, 1.5134135E+000, 1.3394309E+000, 1.3898675E+000, 1.4300891E+000, 1.1947520E+000, 5.4952759E-001,-2.3208387E+000,-3.4004320E+000,-2.6933128E+000,-1.4065666E+000,-2.1438857E-003,-3.2227077E+000,-1.3995378E-001, 3.3568485E+000, 3.3096544E+000, 4.3124295E+000, 6.5768891E+000, 1.2390490E+000, 1.2916644E+000, 3.6470663E+000, 3.5909901E+004, 4.5124648E-001, 1.9445228E+001, 7.5665563E+000
 4.7001559E+001, 1.9998332E+001, 2.0001101E+001, 2.0010417E+001, 2.0032553E+001, 2.0067743E+001, 2.0128020E+001, 2.0206479E+001, 2.0342153E+001, 4.8136714E+001, 1.9084337E+002, 2.0519198E+002, 2.2134028E+002, 2.1795022E+002, 2.5319858E+002, 3.1763284E+002, 2.7189391E+002, 2.5908359E+002, 2.5530513E+002, 2.2670461E+002, 2.3286931E+002, 3.2862752E+002, 2.8909877E+002, 2.6951571E+002, 2.5676515E+000, 2.6019610E+000, 2.5117971E+000, 2.6533462E+000, 2.5140738E+000, 2.5281732E+000, 2.5310354E+000, 2.5712770E+000, 1.8171958E+000,-1.3213831E+000,-2.8956824E-001,-8.1361551E-001, 2.4632273E-001,-1.2557303E+000, 1.5810646E+000, 3.6526730E+000, 4.8068942E+000, 5.9055014E+000, 6.6223410E+000, 5.7561545E+000, 7.8371045E+000, 6.6932347E+000, 5.9562345E+000, 4.6991952E+004, 5.0381919E-001, 1.8725644E+001, 1.4354704E+001
 4.8018250E+001, 2.0000987E+001, 1.9999751E+001, 2.0008494E+001, 2.0025553E+001, 2.0054490E+001, 2.0106305E+001, 2.0194298E+001, 2.0326726E+001, 5.4440527E+001, 1.7033813E+002, 1.9711010E+002, 2.0748849E+002, 2.1312514E+002, 2.3800438E+002, 4.3446473E+002, 4.5719913E+002, 3.9172887E+002, 3.5572408E+002, 2.7328795E+002, 2.4055306E+002, 2.2090111E+002, 2.7835843E+002, 2.9747460E+002, 2.2666048E+000, 2.3311569E+000, 2.3009474E+000, 2.4223639E+000, 2.2652609E+000, 2.1376994E+000, 2.0923651E+000, 1.7749962E+000, 1.3318419E+000,-1.4695369E+000,-6.5843888E-001,-1.1104786E+000,-2.0910084E-001, 4.1406386E-001,-3.2203489E-001, 2.7014585E+000, 6.4397234E+000, 6.2990896E+000, 5.1874071E+000, 5.1906175E+000, 4.3895138E+000, 4.2861547E+000, 6.0141622E+000, 3.4772252E+004, 3.6930879E-001, 1.6564147E+001, 2.3201184E+001
 4.9018140E+001, 2.0001180E+001, 1.9999166E+001, 2.0007762E+001, 2.0036773E+001, 2.0053282E+001, 2.0104080E+001, 2.0210540E+001, 2.0413084E+001, 1.2077123E+002, 1.7966272E+002, 2.0013688E+002, 2.0302015E+002, 2.4024595E+002, 2.3161499E+002, 2.8122559E+002, 3.1417990E+002, 2.8564902E+002, 2.9848703E+002, 3.3615617E+002, 2.9757753E+002, 2.5437901E+002, 2.4979236E+002, 2.7913610E+002, 1.9443355E+000, 1.8149525E+000, 1.8068810E+000, 1.5392104E+000, 1.6405950E+000, 1.4907721E+000, 1.1894149E+000, 7.9017147E-001,-2.8204254E+000,-1.7171676E+000,-2.7604868E+000,-3.0249832E+000,-2.1271159E+000,-4.4040184E-001,-1.0998927E+000, 6.0024013E-001, 3.1395769E+000, 5.0114189E+000, 4.6576906E+000, 4.1410406E+000, 2.8850376E+000, 2.4075818E+000, 2.3176906E+000, 4.0295519E+004, 5.0381286E-001, 2.0268052E+001, 6.9025100E+000
 5.0004627E+001, 2.0000764E+001, 2.0001802E+001, 2.0006573E+001, 2.0038783E+001, 2.0065636E+001, 2.0105114E+001, 2.0194456E+001, 2.0509927E+001, 1.0845393E+002, 1.7701674E+002, 1.8859906E+002, 2.0538821E+002, 2.6503780E+002, 3.0854231E+002, 3.6451075E+002, 4.0489705E+002, 3.4160736E+002, 2.7002196E+002, 2.3565966E+002, 2.5066759E+002, 2.7435906E+002, 2.4779468E+002, 2.5169081E+002, 2.5755094E+000, 2.6215052E+000, 2.7022379E+000, 2.6041246E+000, 2.7345690E+000, 2.7578027E+000, 2.7353071E+000, 2.0994296E+000, 7.7309349E-001, 1.0377844E+000,-4.8279889E-001,-1.1269890E+000, 4.4127375E-002,-1.8243508E-001, 2.4871071E+000, 5.6290639E+000, 6.5539123E+000, 6.8660611E+000, 6.7400311E+000, 7.1020139E+000, 6.5764857E+000, 5.9980326E+000, 5.6688298E+000, 4.5649856E+004, 4.7187787E-001, 1.7792442E+001, 2.3597082E+001
 5.1017354E+001, 2.0000317E+001, 2.0002756E+001, 2.0005183E+001, 2.0030377E+001, 2.0061639E+001, 2.0104358E+001, 2.0165469E+001, 2.0304853E+001, 7.7635381E+001, 1.5655545E+002, 1.9385895E+002, 1.9486284E+002, 2.0870519E+002, 2.6686529E+002, 2.9617192E+002, 4.7385802E+002, 3.9709197E+002, 3.8172056E+002, 4.0254009E+002, 3.1246545E+002, 2.2463621E+002, 2.6959701E+002, 2.5551448E+002, 2.1871878E+000, 2.1486781E+000, 2.1994533E+000, 2.1612900E+000, 2.0862078E+000, 2.0407292E+000, 2.1217275E+000, 1.7796009E+000,-5.2595623E-001,-1.2215675E-001,-1.5536255E+000,-1.5770543E+000, 9.0156927E-002,-1.0694097E+000, 6.6121092E-001, 3.1269994E+000, 5.7458782E+000, 6.0939074E+000, 6.3836369E+000, 5.5200981E+000, 4.7665403E+000, 4.6821119E+000, 4.0704584E+000, 3.5740957E+004, 3.6230431E-001, 1.6492103E+001, 2.7845055E+001
 5.2003365E+001, 1.9999100E+001, 2.0002233E+001, 2.0007794E+001, 2.0032974E+001, 2.0062067E+001, 2.0122717E+001, 2.0186960E+001, 2.0442388E+001, 1.1954177E+002, 1.8130882E+002, 1.9958475E+002, 2.0726243E+002, 2.1991322E+002, 2.4472892E+002, 2.1906670E+002, 3.0203157E+002, 2.7831554E+002, 2.3879209E+002, 2.7661056E+002, 3.6677649E+002, 2.4426161E+002, 2.4018519E+002, 2.6920530E+002, 2.1254975E+000, 1.9642983E+000, 1.8188934E+000, 1.7307493E+000, 1.7600912E+000, 1.5936220E+000, 1.7683161E+000, 1.3680464E+000,-1.1658801E-001,-2.4940271E+000,-2.6664514E+000,-2.1724776E+000,-1.6368709E+000,-5.7434670E-001, 1.2846208E+000, 2.2227182E+000, 3.9407098E+000, 4.0789020E+000, 4.0214678E+000, 4.8032506E+000, 3.5381989E+000, 2.6698847E+000, 4.0726164E+000, 3.9420077E+004, 5.5668946E-001, 2.1031521E+001, 6.3146285E+000
 5.3006968E+001, 2.0001314E+001, 2.0001590E+001, 2.0010892E+001, 2.0034384E+001, 2.0067623E+001, 2.0116035E+001, 2.0206078E+001, 2.0356118E+001, 1.2068936E+002, 1.8245933E+002, 2.1592652E+002, 2.1265457E+002, 2.5478506E+002, 3.5399086E+002, 4.5053632E+002, 4.3808692E+002, 3.3152782E+002, 2.4343819E+002, 2.2911906E+002, 2.3715967E+002, 3.2021012E+002, 2.6844363E+002, 2.4568461E+002, 2.6482964E+000, 2.6634215E+000, 2.6239233E+000, 2.7884193E+000, 2.8464361E+000, 2.7845639E+000, 2.7375939E+000, 2.5731297E+000, 1.1060445E+000,-5.5941460E-001, 2.1525910E-002, 2.8833541E-001,-4.7389425E-001,-4.9424753E-001, 3.3266047E+000, 5.4014277E+000, 7.1909626E+000, 6.8284315E+000, 6.9515242E+000, 6.6509539E+000, 7.0264201E+000, 6.9666373E+000, 5.8343125E+000, 4.3646764E+004, 4.4969799E-001, 1.5708708E+001, 4.4435434E+001
 5.4019790E+001, 2.0002439E+001, 2.0000769E+001, 2.0009156E+001, 2.0032573E+001, 2.0057563E+001, 2.0106069E+001, 2.0178639E+001, 2.0324076E+001, 8.2120279E+001, 1.8306755E+002, 2.1539565E+002, 2.0886920E+002, 2.4112092E+002, 2.9573009E+002, 2.7590544E+002, 4.4678215E+002, 4.4141248E+002, 4.1112075E+002, 3.5611824E+002, 2.8762892E+002, 2.2894844E+002, 3.0590789E+002, 2.6950429E+002, 2.2313340E+000, 2.0873457E+000, 2.0573026E+000, 1.9218826E+000, 2.0445083E+000, 2.0476635E+000, 2.0569148E+000, 1.4414420E+000, 7.5796397E-001,-1.2283774E+000,-2.0827316E+000,-1.4886252E+000,-1.7325461E+000,-2.4827667E+000, 8.0579399E-001, 5.3934942E+000, 6.2463211E+000, 7.6378022E+000, 8.1888199E+000, 6.1738405E+000, 3.8334787E+000, 3.8908005E+000, 3.9647141E+000, 3.3954220E+004, 3.4808378E-001, 1.6490686E+001, 3.2219724E+001
 5.5015311E+001, 2.0002920E+001, 2.0002516E+001, 2.0008201E+001, 2.0038886E+001, 2.0061044E+001, 2.0108460E+001, 2.0197514E+001, 2.0358708E+001, 1.7277383E+002, 2.0224907E+002, 1.9568434E+002, 2.1820266E+002, 2.4762677E+002, 2.4165446E+002, 2.4222065E+002, 3.1883353E+002, 3.0708504E+002, 2.8255322E+002, 2.6936805E+002, 2.9741332E+002, 2.5331629E+002, 2.7178254E+002, 2.8816186E+002, 2.1980516E+000, 2.0160794E+000, 1.8704817E+000, 1.6769899E+000, 1.7762427E+000, 1.7215851E+000, 1.8282986E+000, 1.3914927E+000,-2.3958236E+000,-1.8572313E+000,-2.1390712E+000,-2.1141718E+000,-2.1749523E+000,-2.5965525E-001,-7.3488254E-002, 1.7452646E+000, 4.5569048E+000, 4.5364891E+000, 3.9753338E+000, 5.8819793E+000, 5.9990860E+000, 2.3270646E+000, 3.8948695E+000, 4.2823411E+004, 5.0276208E-001, 1.9407059E+001, 7.6387960E+000
 5.6007986E+001, 2.0001595E+001, 2.0003511E+001, 2.0007661E+001, 2.0036282E+001, 2.0069214E+001, 2.0109414E+001, 2.0184546E+001, 2.0343665E+001, 1.3858247E+002, 1.9608099E+002, 1.8968656E+002, 2.0661596E+002, 2.1839924E+002, 2.4158962E+002, 3.6990918E+002, 3.6637465E+002, 3.3926986E+002, 2.8563753E+002, 2.4779661E+002, 2.4681851E+002, 2.6646163E+002, 2.7122401E+002, 2.5336154E+002, 2.5686564E+000, 2.6889905E+000, 2.7112663E+000, 2.7889019E+000, 2.7690160E+000, 2.7276069E+000, 2.9881327E+000, 2.7636767E+000, 4.2197276E-002, 8.9073398E-002, 4.5978253E-002, 5.0661811E-001, 8.9032711E-001, 1.0250762E+000, 5.7868981E-001, 4.4294719E+000, 5.8205694E+000, 5.9893970E+000, 6.6584492E+000, 6.7775615E+000, 6.9275584E+000, 8.4557664E+000, 6.2240163E+000, 4.2354598E+004, 4.1885067E-001, 1.6008009E+001, 2.3979039E+001
 5.7009644E+001, 2.0000473E+001, 2.0004765E+001, 2.0008883E+001, 2.0031398E+001, 2.0060463E+001, 2.0112892E+001, 2.0178941E+001, 2.0306661E+001, 5.9251311E+001, 1.8984927E+002, 1.8798644E+002, 2.0247428E+002, 2.2472167E+002, 2.8417933E+002, 3.6164817E+002, 3.4869800E+002, 3.8816755E+002, 3.5624737E+002, 3.1534775E+002, 2.8335441E+002, 2.3501741E+002, 2.6923231E+002, 2.7125794E+002, 2.0911991E+000, 2.0273858E+000, 1.9556452E+000, 1.9150268E+000, 1.9319704E+000, 1.6738118E+000, 1.7256240E+000, 1.5677542E+000, 6.9051573E-001,-1.3794938E+000,-1.6927057E+000,-1.4852928E+000,-7.8639712E-001,-1.7030269E+000,-3.3908166E+000, 1.0471705E+000, 5.1097759E+000, 6.2352558E+000, 5.3695193E+000, 4.0993265E+000, 3.7741636E+000, 2.3472155E+000, 5.2271146E+000, 3.4245118E+004, 3.8578757E-001, 1.7201238E+001, 1.3029419E+001
 5.8017899E+001, 2.0001436E+001, 2.0004148E+001, 2.0011173E+001, 2.0035864E+001, 2.0065276E+001, 2.0121750E+001, 2.0209085E+001, 2.0363063E+001, 1.4747064E+002, 1.8536604E+002, 2.0163949E+002, 2.0505272E+002, 2.2699361E+002, 3.0988203E+002, 2.8934994E+002, 2.7671426E+002, 2.6204260E+002, 2.8611357E+002, 2.8355652E+002, 2.8301492E+002, 2.5958348E+002, 2.4255601E+002, 2.6139988E+002, 2.1338864E+000, 1.7867553E+000, 1.6860257E+000, 1.4795911E+000, 1.7615994E+000, 1.5075901E+000, 1.4264715E+000, 1.3223959E+000,-9.8204327E-001,-1.8874724E+000,-2.5754109E+000,-2.7920877E+000,-2.1184063E+000,-1.4951531E+000,-2.1009229E+000, 1.8631410E+000, 3.1735814E+000, 4.9286966E+000, 5.3013536E+000, 5.1777383E+000, 4.0541680E+000, 1.5726200E+000, 2.5411401E+000, 4.2258184E+004, 4.9050115E-001, 1.8977913E+001, 6.5353416E+000
 5.9013914E+001, 1.9999511E+001, 2.0002268E+001, 2.0012936E+001, 2.0035665E+001, 2.0066421E+001, 2.0115104E+001, 2.0201486E+001, 2.0358862E+001, 9.3753930E+001, 1.8688160E+002, 2.0771698E+002, 1.8380062E+002, 2.1683212E+002, 3.2546100E+002, 4.8873653E+002, 4.9587491E+002, 4.1582881E+002, 2.9893901E+002, 2.4990225E+002, 2.4064366E+002, 2.6222911E+002, 2.5959295E+002, 2.4324249E+002, 2.6274767E+000, 2.5578032E+000, 2.5928963E+000, 2.6266382E+000, 2.7077479E+000, 2.7216918E+000, 2.5978011E+000, 2.5984937E+000, 1.0630935E+000, 3.7160816E-001,-4.0642901E-001, 1.1764912E-001,-3.1197430E-001, 1.5318812E+000, 4.3734023E+000, 6.8621703E+000, 7.6609896E+000, 6.2071052E+000, 6.7581784E+000, 7.6952204E+000, 7.8186960E+000, 7.2338727E+000, 5.4172507E+000, 4.4002097E+004, 3.9176770E-001, 1.5736780E+001, 5.3827351E+001
 6.0009550E+001, 1.9998359E+001, 2.0003253E+001, 2.0011621E+001, 2.0034783E+001, 2.0057219E+001, 2.0102629E+001, 2.0176132E+001, 2.0324025E+001, 2.5395909E+001, 1.9340286E+002, 1.9675420E+002, 1.9591270E+002, 2.0674619E+002, 1.7647552E+002, 2.5662696E+002, 4.4554972E+002, 4.1846423E+002, 3.7071316E+002, 4.0220844E+002, 3.5966166E+002, 2.2200228E+002, 2.4739714E+002, 2.6504302E+002, 2.3223657E+000, 2.0584889E+000, 1.8721946E+000, 1.8432370E+000, 1.9185881E+000, 1.8776492E+000, 1.7702517E+000, 1.6438964E+000, 1.2457031E+000,-8.9268030E-001,-1.9186874E+000,-1.4480171E+000,-6.7056189E-001, 9.4805526E-001, 5.9399957E-002, 2.6286948E+000, 6.3232547E+000, 7.3927965E+000, 6.9094471E+000, 5.9399623E+000, 4.8259508E+000, 5.0068821E+000, 4.9247313E+000, 3.4151400E+004, 3.6173181E-001, 1.6556258E+001, 1.7697358E+001
 6.1008857E+001, 2.0000030E+001, 2.0002533E+001, 2.0009183E+001, 2.0043292E+001, 2.0065088E+001, 2.0108177E+001, 2.0192266E+001, 2.0358241E+001, 3.6683780E+001, 1.9446741E+002, 1.9548793E+002, 1.9402848E+002, 2.1689425E+002, 2.1682795E+002, 1.8224151E+002, 2.9101787E+002, 3.3550878E+002, 2.9650425E+002, 2.4967301E+002, 3.1303177E+002, 3.2348003E+002, 2.2293856E+002, 2.4991868E+002, 2.1754139E+000, 2.0278171E+000, 1.6883587E+000, 1.6850369E+000, 1.7556818E+000, 1.8240425E+000, 1.6365001E+000, 1.5453417E+000, 1.0216529E+000,-1.9180235E+000,-2.5919556E+000,-2.2277917E+000,-1.9036478E+000,-8.8230551E-002, 2.0177530E+000, 2.3292870E+000, 3.4894631E+000, 4.7641926E+000, 4.5334727E+000, 4.7544164E+000, 6.7724324E+000, 3.7774511E+000, 4.5702955E+000, 4.1547745E+004, 5.1271145E-001, 1.9563923E+001, 6.7520301E+000
 6.2004828E+001, 2.0001794E+001, 1.9999072E+001, 2.0010887E+001, 2.0042043E+001, 2.0076445E+001, 2.0115757E+001, 2.0188574E+001, 2.0343516E+001, 2.4419481E+001, 1.8562899E+002, 1.9309590E+002, 2.0860470E+002, 2.0911419E+002, 3.2960682E+002, 3.3939839E+002, 4.2184394E+002, 3.7465786E+002, 3.1428150E+002, 2.7725380E+002, 2.5649762E+002, 2.8453244E+002, 3.1321682E+002, 2.6027611E+002, 2.6142189E+000, 2.8224940E+000, 2.6526060E+000, 2.7141795E+000, 2.5808104E+000, 2.7609684E+000, 2.7381606E+000, 2.7016088E+000, 2.1885032E+000, 6.5856513E-003,-9.6473466E-001, 5.9234170E-002,-1.3890247E-001, 6.2809453E-001, 2.1125304E+000, 4.5107283E+000, 6.4814551E+000, 6.7751147E+000, 6.8389438E+000, 6.9504277E+000, 6.3715530E+000, 9.1526295E+000, 7.7601176E+000, 4.3637829E+004, 4.3375528E-001, 1.6233814E+001, 2.2973909E+001
 6.3017245E+001, 2.0001804E+001, 2.0001050E+001, 2.0009322E+001, 2.0033671E+001, 2.0066037E+001, 2.0121102E+001, 2.0183015E+001, 2.0305688E+001, 2.0604093E+001, 1.6882857E+002, 1.9308316E+002, 2.0229200E+002, 2.0988361E+002, 2.8073796E+002, 3.6641534E+002, 3.8056504E+002, 3.9236038E+002, 3.7152508E+002, 3.5672733E+002, 3.0606590E+002, 2.4265702E+002, 2.7551401E+002, 2.9119636E+002, 2.3454329E+000, 2.1337820E+000, 2.0834920E+000, 2.1078896E+000, 2.1072657E+000, 2.0634870E+000, 2.0568531E+000, 1.9532575E+000, 1.7214516E+000,-8.9864249E-001,-1.8669794E+000,-1.3551924E+000,-1.4319278E+000,-8.7270837E-001,-1.5467267E+000,-1.0935912E+000, 4.5909141E+000, 6.3338212E+000, 6.2939712E+000, 5.1619741E+000, 5.1317372E+000, 3.6714093E+000, 5.4150908E+000, 3.5876004E+004, 3.7362828E-001, 1.5990812E+001, 1.7027057E+001
 6.4011675E+001, 2.0000397E+001, 2.0003148E+001, 2.0004606E+001, 2.0038281E+001, 2.0069289E+001, 2.0124003E+001, 2.0217168E+001, 2.0352075E+001, 2.1766578E+001, 1.8718411E+002, 1.9470036E+002, 1.9063015E+002, 2.1042902E+002, 3.0654475E+002, 3.2093178E+002, 2.7568729E+002, 2.5458379E+002, 2.7856048E+002, 2.9375078E+002, 3.1575855E+002, 2.5096082E+002, 2.4775498E+002, 2.5872689E+002, 2.1666301E+000, 1.8203834E+000, 1.9011131E+000, 1.5231641E+000, 1.3742186E+000, 1.4848248E+000, 1.3784319E+000, 1.5218254E+000, 8.9152343E-001,-1.9851239E+000,-2.7065176E+000,-2.8121273E+000,-2.5366780E+000,-1.4966946E+000,-5.2439823E-002, 2.3783385E+000, 2.8178956E+000, 3.4226160E+000, 4.3179793E+000, 3.3303127E+000, 3.4476686E+000, 2.7825817E+000, 2.7328484E+000, 3.8753771E+004, 4.7775075E-001, 1.8475806E+001, 7.4155317E+000
 6.5014414E+001, 1.9997099E+001, 2.0003870E+001, 2.0007069E+001, 2.0042180E+001, 2.0071036E+001, 2.0122772E+001, 2.0215235E+001, 2.0373928E+001, 2.7733634E+001, 1.8538690E+002, 1.9043721E+002, 1.6963375E+002, 2.1327798E+002, 2.6800474E+002, 4.2380903E+002, 4.8088244E+002, 3.7277565E+002, 2.7744944E+002, 2.4207329E+002, 2.5591770E+002, 2.9373298E+002, 2.4433078E+002, 2.4373123E+002, 2.5022960E+000, 2.5285226E+000, 2.5945186E+000, 2.5368996E+000, 2.4952641E+000, 2.4802949E+000, 2.5368767E+000, 2.4648309E+000, 2.1120893E+000, 1.6208506E-001,-6.0465299E-001,-6.1501334E-003,-3.6300614E-001, 1.3158145E+000, 2.9761494E+000, 7.5365930E+000, 8.4614161E+000, 6.2669714E+000, 5.7809303E+000, 6.2214063E+000, 5.7405396E+000, 6.4178315E+000, 6.0010419E+000, 4.5379286E+004, 4.4509850E-001, 1.6068817E+001, 4.2122254E+001
 6.6010733E+001, 1.9998608E+001, 2.0001742E+001, 2.0009391E+001, 2.0026838E+001, 2.0066245E+001, 2.0109239E+001, 2.0184898E+001, 2.0316660E+001, 2.1120367E+001, 1.7321994E+002, 1.8827580E+002, 1.7234983E+002, 2.1917719E+002, 1.8942765E+002, 2.4120132E+002, 4.3051601E+002, 3.8134872E+002, 3.5548002E+002, 3.6297132E+002, 3.3301354E+002, 2.3853399E+002, 2.8022351E+002, 2.3481202E+002, 2.3052956E+000, 2.2766735E+000, 2.1802396E+000, 2.1651458E+000, 2.1271272E+000, 2.0500304E+000, 2.1710196E+000, 2.1257972E+000, 2.0857447E+000,-8.9009632E-001,-1.0410802E+000,-7.0142852E-001,-9.0247845E-001, 1.2425963E+000, 2.5981406E+000, 1.7233135E+000, 7.0785706E+000, 8.5288161E+000, 7.8147329E+000, 6.6671355E+000, 4.3275549E+000, 4.1841492E+000, 4.5548211E+000, 3.6076828E+004, 3.5629944E-001, 1.5900182E+001, 2.6198853E+001
 6.7019004E+001, 2.0000783E+001, 1.9997576E+001, 2.0010828E+001, 2.0029747E+001, 2.0057972E+001, 2.0120303E+001, 2.0197707E+001, 2.0342472E+001, 2.1539627E+001, 1.8219640E+002, 1.8036509E+002, 1.9230388E+002, 2.0256075E+002, 2.0017488E+002, 2.0429965E+002, 3.0191967E+002, 3.3416126E+002, 2.7994753E+002, 2.1488344E+002, 2.6741904E+002, 2.8946138E+002, 2.6552544E+002, 2.6120637E+002, 2.1592236E+000, 2.0559796E+000, 1.8140919E+000, 1.6992150E+000, 1.6728470E+000, 1.6380638E+000, 1.3935484E+000, 1.3605106E+000, 1.1718333E+000,-1.4975240E+000,-1.6961607E+000,-2.0824610E+000,-2.4012056E+000, 7.9253070E-001, 1.8215097E+000, 3.1913825E+000, 3.9334830E+000, 3.4716488E+000, 4.7643252E+000, 4.8391598E+000, 5.3020593E+000, 2.2907860E+000, 3.2146920E+000, 3.9915426E+004, 5.1017612E-001, 1.9400248E+001, 8.1327932E+000
 6.8003371E+001, 2.0000016E+001, 1.9998347E+001, 2.0009318E+001, 2.0037878E+001, 2.0061931E+001, 2.0114237E+001, 2.0211803E+001, 2.0374032E+001, 2.1500298E+001, 1.7938092E+002, 1.8012299E+002, 2.0348824E+002, 2.2329937E+002, 2.7175585E+002, 4.1382308E+002, 4.2821782E+002, 3.5343458E+002, 2.9200339E+002, 2.8844984E+002, 2.5018373E+002, 2.7056461E+002, 2.6326018E+002, 2.5754069E+002, 2.5225927E+000, 2.6540089E+000, 2.6507301E+000, 2.5739954E+000, 2.6710221E+000, 2.5705999E+000, 2.6611788E+000, 2.5699525E+000, 2.6812664E+000, 9.5935683E-001, 1.9159581E-001,-8.2796076E-001,-6.0190880E-001, 4.1139883E-001, 1.5881419E+000, 5.2557531E+000, 6.2218340E+000, 6.2552042E+000, 6.3533175E+000, 6.1413137E+000, 6.5451340E+000, 7.3577268E+000, 5.8340888E+000, 4.4501326E+004, 4.8071495E-001, 1.6729191E+001, 2.8167361E+001
 6.9015190E+001, 1.9997752E+001, 2.0001975E+001, 2.0003150E+001, 2.0036388E+001, 2.0063560E+001, 2.0101399E+001, 2.0175276E+001, 2.0334486E+001, 2.1222163E+001, 1.6568542E+002, 1.8119455E+002, 1.9604586E+002, 2.2568862E+002, 2.0830918E+002, 3.2344184E+002, 4.6182982E+002, 4.0238889E+002, 3.4838201E+002, 3.3518085E+002, 2.9893175E+002, 2.5131129E+002, 2.6382871E+002, 2.6411686E+002, 2.4555616E+000, 2.3868704E+000, 2.3321429E+000, 2.2428181E+000, 2.2514963E+000, 2.2459933E+000, 2.1892554E+000, 2.0654939E+000, 2.3721601E+000,-4.5054119E-001,-1.3118186E-001,-1.2711193E+000,-8.4470055E-001,-5.0043238E-001, 7.3466613E-001, 1.7618358E+000, 6.2840750E+000, 7.0223337E+000, 6.8664934E+000, 5.5657887E+000, 4.2499508E+000, 4.3472484E+000, 5.0775333E+000, 3.5601717E+004, 3.8935622E-001, 1.6406007E+001, 2.1202311E+001
 7.0017883E+001, 1.9999696E+001, 2.0001304E+001, 2.0003368E+001, 2.0035499E+001, 2.0070014E+001, 2.0116011E+001, 2.0187897E+001, 2.0345226E+001, 2.3931086E+001, 1.7124326E+002, 1.9119860E+002, 2.0339833E+002, 1.8289953E+002, 2.0656248E+002, 2.6324786E+002, 3.8354622E+002, 3.3593595E+002, 3.1245497E+002, 2.5880768E+002, 2.7288891E+002, 2.6947466E+002, 2.4268544E+002, 2.7720311E+002, 2.1092130E+000, 1.8495654E+000, 1.7704287E+000, 1.5200369E+000, 1.4065835E+000, 1.3348555E+000, 1.3147786E+000, 1.2610214E+000, 1.2887920E+000,-1.4090893E+000,-2.7460102E+000,-2.9688573E+000,-1.9813806E+000,-2.2657698E+000, 3.6868641E-001, 2.0464074E+000, 4.0211550E+000, 3.8655207E+000, 3.7395123E+000, 4.7175675E+000, 3.1178797E+000, 8.1917091E-001, 2.5277598E+000, 3.7600043E+004, 4.9545546E-001, 1.9729612E+001, 1.0020381E+001
 7.1007052E+001, 1.9998389E+001, 1.9999564E+001, 2.0009016E+001, 2.0033242E+001, 2.0073160E+001, 2.0127599E+001, 2.0204768E+001, 2.0360507E+001, 2.5096718E+001, 1.6255429E+002, 1.9181052E+002, 1.7492788E+002, 1.8167669E+002, 2.5705848E+002, 3.9740946E+002, 4.8336997E+002, 3.4524122E+002, 2.7216433E+002, 2.5052921E+002, 2.4949589E+002, 2.9475446E+002, 2.5974030E+002, 2.4320232E+002, 2.5075531E+000, 2.5149994E+000, 2.5321267E+000, 2.5605413E+000, 2.5506452E+000, 2.5333098E+000, 2.5771235E+000, 2.4627597E+000, 2.4284605E+000, 7.9329632E-001,-5.4652180E-001,-9.7337469E-001,-4.2079560E-001,-3.8288843E-001, 7.6714752E-001, 5.7191229E+000, 6.1190089E+000, 6.1417401E+000, 6.7451484E+000, 6.6741817E+000, 6.5270187E+000, 4.5388950E+000, 4.9522913E+000, 4.7118617E+004, 4.9360231E-001, 1.7795924E+001, 4.6465207E+001
 7.2018864E+001, 1.9998029E+001, 2.0000328E+001, 2.0008236E+001, 2.0026016E+001, 2.0054213E+001, 2.0112159E+001, 2.0195541E+001, 2.0321664E+001, 2.1012349E+001, 1.1557702E+002, 1.8625135E+002, 1.6916605E+002, 1.4071891E+002, 1.5509638E+002, 3.5682092E+002, 4.6321498E+002, 4.1478972E+002, 3.6758112E+002, 3.3989850E+002, 2.8406893E+002, 2.3389751E+002, 2.7469468E+002, 2.6777594E+002, 2.4297592E+000, 2.3902972E+000, 2.3050301E+000, 2.3175788E+000, 2.3001903E+000, 2.1775841E+000, 2.1914740E+000, 2.1798505E+000, 1.8170969E+000, 4.8744960E-001,-6.1836102E-001,-5.9047351E-001, 1.8797263E-001, 1.9708115E+000, 2.0657599E-001, 3.0796252E+000, 7.7020332E+000, 8.1664435E+000, 6.3744696E+000, 5.7979142E+000, 5.5181838E+000, 5.0131078E+000, 5.2440037E+000, 3.6439377E+004, 3.7703438E-001, 1.6813764E+001, 3.3566495E+001
 7.3018347E+001, 1.9999791E+001, 1.9999067E+001, 2.0006370E+001, 2.0036287E+001, 2.0053509E+001, 2.0104704E+001, 2.0211292E+001, 2.0374802E+001, 3.7092578E+001, 1.6444936E+002, 1.7064154E+002, 1.6530979E+002, 1.5420798E+002, 1.8600555E+002, 2.2770759E+002, 3.8873722E+002, 3.0569613E+002, 2.3570445E+002, 2.2232869E+002, 3.3406192E+002, 2.8588470E+002, 2.3599264E+002, 2.7664148E+002, 2.1173441E+000, 1.8570375E+000, 1.6870242E+000, 1.6073334E+000, 1.6501097E+000, 1.5096064E+000, 1.2637898E+000, 9.8764962E-001, 6.4756268E-001,-2.0841439E+000,-2.6497608E+000,-1.8034052E+000,-1.9200867E+000, 1.1368246E+000, 2.8202703E+000, 4.0830263E+000, 4.4607459E+000, 4.3777355E+000, 4.2787064E+000, 3.9596018E+000, 4.5551682E+000, 2.7930984E+000, 3.1071595E+000, 3.6240472E+004, 5.1349055E-001, 2.0287494E+001, 1.1407639E+001
 7.4008924E+001, 1.9999381E+001, 1.9999170E+001, 2.0006503E+001, 2.0039538E+001, 2.0069477E+001, 2.0109963E+001, 2.0206047E+001, 2.0409560E+001, 5.5793522E+001, 1.7035505E+002, 1.6812696E+002, 1.6878525E+002, 1.9060720E+002, 3.9219236E+002, 6.0596592E+002, 5.1409051E+002, 3.7607612E+002, 2.9200158E+002, 2.5844556E+002, 2.3130884E+002, 3.1472170E+002, 2.7754222E+002, 2.4651752E+002, 2.5410781E+000, 2.5265826E+000, 2.5793109E+000, 2.5137988E+000, 2.5285502E+000, 2.5755964E+000, 2.4982768E+000, 2.3390451E+000, 1.7966616E+000,-1.9905936E-001,-4.4334242E-001,-2.7798635E-001,-6.1023276E-001, 7.6477952E-001, 2.6172610E+000, 7.5076595E+000, 7.7540124E+000, 6.5811387E+000, 7.1521991E+000, 6.9322498E+000, 6.7429631E+000, 7.2066677E+000, 5.5025934E+000, 4.6849257E+004, 5.0946984E-001, 1.7845311E+001, 4.8147354E+001
 7.5008950E+001, 1.9998985E+001, 2.0000771E+001, 2.0005516E+001, 2.0031184E+001, 2.0062717E+001, 2.0108114E+001, 2.0169330E+001, 2.0310958E+001, 2.1078605E+001, 1.5556366E+002, 1.6742391E+002, 1.7660132E+002, 2.1190796E+002, 2.3524960E+002, 3.0767446E+002, 5.2646653E+002, 4.5958147E+002, 4.4856583E+002, 3.9735369E+002, 3.4118132E+002, 2.4099609E+002, 2.8129103E+002, 2.7019262E+002, 2.5327011E+000, 2.4177048E+000, 2.3968244E+000, 2.2543230E+000, 2.3271794E+000, 2.2637697E+000, 2.3338491E+000, 2.1083066E+000, 1.8186307E+000,-8.3383373E-001,-6.3954465E-001,-3.9497703E-001,-1.4330748E-001, 1.0040472E-001, 1.4131728E+000, 3.6085527E+000, 9.2488270E+000, 8.8040033E+000, 7.9325193E+000, 7.5388057E+000, 5.5892164E+000, 4.8811815E+000, 5.0021286E+000, 3.6671532E+004, 3.2290692E-001, 1.5223109E+001, 5.0820249E+001
 7.6010028E+001, 1.9998943E+001, 1.9999511E+001, 2.0004532E+001, 2.0029027E+001, 2.0063631E+001, 2.0114107E+001, 2.0187794E+001, 2.0320434E+001, 2.5983632E+001, 1.6474294E+002, 1.7620284E+002, 1.9280065E+002, 2.1482607E+002, 2.0667539E+002, 2.0839761E+002, 3.6889052E+002, 3.6698190E+002, 3.0212917E+002, 3.0456634E+002, 3.6181812E+002, 3.1854942E+002, 2.5838396E+002, 2.6927790E+002, 2.0209542E+000, 1.8452482E+000, 1.7807763E+000, 1.6463800E+000, 1.3734946E+000, 1.2755876E+000, 1.2002855E+000, 1.0229609E+000, 1.6385290E-001,-2.0137099E+000,-2.6750889E+000,-2.5730386E+000,-1.7756997E+000,-1.3754233E+000,-1.3349608E+000,-1.5743329E+000, 3.7343317E+000, 4.8404953E+000, 4.1352638E+000, 4.3302058E+000, 5.5304598E+000, 1.0379624E+000, 2.5195066E+000, 3.7427677E+004, 4.7752812E-001, 1.9596145E+001, 8.3514726E+000
 7.7001084E+001, 2.0000740E+001, 2.0000430E+001, 2.0007488E+001, 2.0033356E+001, 2.0063348E+001, 2.0120307E+001, 2.0212900E+001, 2.0367012E+001, 2.7269367E+001, 1.6953030E+002, 1.8629605E+002, 2.0029912E+002, 2.1741780E+002, 2.4114046E+002, 3.0598450E+002, 3.2005138E+002, 2.9697351E+002, 2.9715680E+002, 2.7951987E+002, 2.6547243E+002, 3.1081302E+002, 2.9584733E+002, 2.5486790E+002, 2.4936039E+000, 2.6053395E+000, 2.4347753E+000, 2.5108913E+000, 2.6012988E+000, 2.4776843E+000, 2.5610706E+000, 2.4224408E+000, 2.1603221E+000,-3.7545276E-001,-7.5625593E-001,-4.7860708E-001,-9.5603407E-001,-1.4448305E+000, 7.6867374E-001, 4.3492562E+000, 5.0967957E+000, 5.8788931E+000, 7.2380943E+000, 7.3749920E+000, 7.2093075E+000, 7.7329692E+000, 4.9167729E+000, 4.6696490E+004, 5.2153296E-001, 1.7663857E+001, 2.2284694E+001
 7.8000462E+001, 2.0000402E+001, 2.0000144E+001, 2.0006357E+001, 2.0027271E+001, 2.0057440E+001, 2.0101863E+001, 2.0190198E+001, 2.0339041E+001, 2.0794935E+001, 1.5828069E+002, 1.8876476E+002, 1.9865978E+002, 2.1521569E+002, 3.0375168E+002, 3.6335117E+002, 4.8643885E+002, 4.0615171E+002, 3.8290575E+002, 3.2466326E+002, 2.5263688E+002, 2.2682835E+002, 2.7247379E+002, 2.8517749E+002, 2.4039163E+000, 2.3667615E+000, 2.3396352E+000, 2.3556828E+000, 2.2672107E+000, 2.2072236E+000, 2.1647118E+000, 1.8938961E+000, 1.8916397E+000,-4.8238953E-001,-1.0175772E+000,-6.7364094E-001,-1.1152454E+000,-1.0452055E+000,-2.5514329E+000, 1.5943202E+000, 6.5739945E+000, 8.0732652E+000, 6.6105210E+000, 5.6010146E+000, 6.2461782E+000, 5.0098695E+000, 6.2128021E+000, 3.5978528E+004, 3.7948380E-001, 1.6906857E+001, 2.1349305E+001
 7.9008620E+001, 1.9999253E+001, 2.0003200E+001, 2.0007040E+001, 2.0034759E+001, 2.0058338E+001, 2.0110141E+001, 2.0203492E+001, 2.0384584E+001, 2.3905466E+001, 1.7912668E+002, 1.9645025E+002, 2.1700104E+002, 2.4697942E+002, 2.3369966E+002, 2.0555536E+002, 2.3194983E+002, 2.7754280E+002, 2.7498360E+002, 2.8477768E+002, 3.3384899E+002, 2.1650053E+002, 2.3846259E+002, 2.5968843E+002, 1.8981778E+000, 1.7161369E+000, 1.7293844E+000, 1.4633421E+000, 1.5644197E+000, 1.4309525E+000, 1.2517177E+000, 8.2558274E-001, 9.6245003E-001,-2.2021850E+000,-3.2104822E+000,-4.0002861E+000,-2.6302512E+000,-1.2012234E+000,-2.4151798E+000, 1.9470859E+000, 3.4391935E+000, 3.9107535E+000, 4.5648114E+000, 4.9614964E+000, 3.4083372E+000, 2.4516844E+000, 1.4763955E+000, 3.8099045E+004, 5.0670038E-001, 2.0747255E+001, 5.3148324E+000
 8.0009389E+001, 1.9997911E+001, 2.0002647E+001, 2.0007582E+001, 2.0038211E+001, 2.0068410E+001, 2.0117733E+001, 2.0201949E+001, 2.0398464E+001, 3.0038481E+001, 1.8214406E+002, 1.9782625E+002, 1.5661790E+002, 2.3842213E+002, 3.0222022E+002, 4.2453710E+002, 3.9245248E+002, 3.4626336E+002, 2.8051571E+002, 2.5760586E+002, 2.6906313E+002, 2.9364651E+002, 2.2171774E+002, 2.3922478E+002, 2.7508412E+000, 2.5431754E+000, 2.5432153E+000, 2.5247337E+000, 2.7057755E+000, 2.6226272E+000, 2.8358137E+000, 2.5354347E+000, 2.2849536E+000, 4.6065772E-002,-1.6316662E+000,-6.8113311E-001, 1.6952984E-001, 2.8072703E-001, 1.8201332E+000, 6.7059307E+000, 8.1492205E+000, 7.5537844E+000, 6.9287693E+000, 6.2938642E+000, 7.5788983E+000, 7.1796572E+000, 5.0840111E+000, 4.5926131E+004, 5.0354390E-001, 1.6875620E+001, 3.2313531E+001
 8.1011650E+001, 2.0000737E+001, 2.0000492E+001, 2.0010223E+001, 2.0030913E+001, 2.0063251E+001, 2.0108364E+001, 2.0182025E+001, 2.0312677E+001, 2.1358977E+001, 1.7935011E+002, 1.7195375E+002, 1.4481013E+002, 1.3624490E+002, 1.5887168E+002, 4.4107857E+002, 5.2177638E+002, 4.2894114E+002, 4.0665085E+002, 4.1901139E+002, 3.4915942E+002, 2.6078759E+002, 2.8823187E+002, 2.3025365E+002, 2.1957839E+000, 2.2194783E+000, 2.1354025E+000, 2.0702928E+000, 2.0329557E+000, 1.9998381E+000, 1.9622533E+000, 2.0634329E+000, 1.4102938E+000,-1.0770548E+000,-1.6806776E+000,-6.2363186E-001, 1.4463461E+000, 2.6219879E+000, 1.4802228E+000, 4.7310035E+000, 7.9392144E+000, 8.7401580E+000, 7.3270916E+000, 6.7623986E+000, 4.2749946E+000, 5.1026844E+000, 4.7993391E+000, 3.4347474E+004, 3.4857238E-001, 1.6979003E+001, 3.1369787E+001
 8.2001210E+001, 2.0000783E+001, 1.9997856E+001, 2.0011995E+001, 2.0035543E+001, 2.0062529E+001, 2.0120073E+001, 2.0198198E+001, 2.0367079E+001, 5.5281267E+001, 1.6785050E+002, 1.5993295E+002, 1.3848124E+002, 1.4423760E+002, 1.5621950E+002, 2.9312567E+002, 3.0086051E+002, 3.0341514E+002, 2.6597463E+002, 2.5752274E+002, 3.4222933E+002, 2.6308612E+002, 2.8951639E+002, 2.6643025E+002, 2.0227238E+000, 2.1049119E+000, 1.6978976E+000, 1.5837632E+000, 1.5999273E+000, 1.4012381E+000, 1.3684192E+000, 1.1671901E+000, 3.3358398E-002,-2.3077409E+000,-2.2965225E+000,-1.6924673E+000,-5.6541028E-001, 2.3552414E-001, 1.5657585E+000, 2.0792358E+000, 3.9775921E+000, 5.2795360E+000, 5.0696948E+000, 4.8890315E+000, 1.7571496E+000, 1.9823278E+000, 3.5756734E+000, 3.8253557E+004, 5.2786297E-001, 2.0907556E+001, 5.8704578E+000
 8.3011297E+001, 1.9995996E+001, 2.0001520E+001, 2.0007857E+001, 2.0036176E+001, 2.0066997E+001, 2.0116849E+001, 2.0207118E+001, 2.0367473E+001, 7.7856951E+001, 1.5753697E+002, 1.5616345E+002, 1.4863368E+002, 2.0745359E+002, 2.4845182E+002, 4.1822007E+002, 3.4878415E+002, 2.8109288E+002, 2.5754848E+002, 2.3274018E+002, 2.2897641E+002, 2.9527140E+002, 2.6794723E+002, 2.7919712E+002, 2.5587478E+000, 2.6036478E+000, 2.6531558E+000, 2.6166531E+000, 2.6977367E+000, 2.7625324E+000, 2.7163409E+000, 2.7309819E+000, 1.4706950E+000, 2.1607438E-001, 2.3069120E-001, 2.4313917E-001, 1.5752940E-001,-1.3991412E+000, 2.3524694E+000, 5.1562133E+000, 7.3226293E+000, 7.6961672E+000, 7.4805026E+000, 6.5853255E+000, 7.5896635E+000, 4.8902753E+000, 6.1012076E+000, 4.6343621E+004, 4.5135469E-001, 1.6279484E+001, 2.3401656E+001
 8.4019809E+001, 1.9999489E+001, 2.0002030E+001, 2.0003288E+001, 2.0040518E+001, 2.0060399E+001, 2.0109378E+001, 2.0188616E+001, 2.0346278E+001, 3.9056889E+001, 1.5467303E+002, 1.5808160E+002, 1.7309455E+002, 2.8373371E+002, 3.5825526E+002, 3.1386810E+002, 4.5553751E+002, 4.0033235E+002, 3.4432991E+002, 3.2775339E+002, 2.8272250E+002, 2.3477830E+002, 2.8631229E+002, 2.6345737E+002, 2.1309414E+000, 2.0309465E+000, 2.2173560E+000, 1.6882606E+000, 1.6607456E+000, 1.6581347E+000, 1.6377276E+000, 1.5716305E+000, 1.3265711E+000,-5.0749600E-001,-1.2039166E+000,-1.5506378E+000,-1.7997854E+000,-3.7855988E+000, 6.0564368E-001, 3.2437743E+000, 5.5358338E+000, 7.4157240E+000, 7.2306453E+000, 5.9862651E+000, 4.0599641E+000, 3.4639174E+000, 1.4163970E+000, 3.4361078E+004, 3.6910253E-001, 1.6656496E+001, 1.7774141E+001
 8.5016627E+001, 2.0000275E+001, 1.9995309E+001, 2.0006486E+001, 2.0038423E+001, 2.0075191E+001, 2.0119215E+001, 2.0202734E+001, 2.0392361E+001, 8.9115492E+001, 1.5563653E+002, 1.6719852E+002, 2.4651114E+002, 2.6782234E+002, 2.6266438E+002, 3.3601250E+002, 3.4362878E+002, 3.2327842E+002, 2.9350238E+002, 2.7684419E+002, 3.0621035E+002, 2.5799324E+002, 2.4975961E+002, 2.5535413E+002, 2.1962204E+000, 2.0788365E+000, 2.0117348E+000, 1.9492947E+000, 1.7604844E+000, 1.6431722E+000, 1.6692415E+000, 1.3928207E+000,-5.2995697E-001,-8.7848446E-001,-1.5404770E+000,-2.0426466E+000,-8.5263225E-001,-1.1591241E+000, 2.4570974E+000, 5.0460632E+000, 4.7604451E+000, 5.1004813E+000, 5.2183046E+000, 6.8064295E+000, 5.9249969E+000, 2.6377619E+000, 3.0964296E+000, 4.3496863E+004, 5.2187914E-001, 1.8539093E+001, 8.0373953E+000
 8.6001038E+001, 1.9999225E+001, 1.9999839E+001, 2.0009961E+001, 2.0028946E+001, 2.0069735E+001, 2.0125996E+001, 2.0198085E+001, 2.0348338E+001, 3.8232461E+001, 1.4941376E+002, 1.8618456E+002, 2.2260168E+002, 1.8848188E+002, 2.2363109E+002, 4.2629672E+002, 5.6414730E+002, 4.7890176E+002, 3.9006130E+002, 3.1762546E+002, 2.6378700E+002, 2.8001399E+002, 2.7162408E+002, 2.5284153E+002, 2.6311357E+000, 2.7191451E+000, 2.6842703E+000, 3.0568936E+000, 2.9386141E+000, 2.8222326E+000, 2.8136551E+000, 2.8808822E+000, 2.2164428E+000, 1.0140348E+000, 4.5375078E-001, 7.9216671E-001, 1.1478547E+000, 2.6756469E+000, 2.5856626E+000, 6.8362021E+000, 9.5982412E+000, 8.9470830E+000, 8.3543169E+000, 7.1466951E+000, 7.3541033E+000, 6.8716647E+000, 5.9797575E+000, 4.1202069E+004, 4.0660338E-001, 1.5315344E+001, 5.5862801E+001
 8.7010126E+001, 2.0000006E+001, 2.0001970E+001, 2.0000499E+001, 2.0028988E+001, 2.0051682E+001, 2.0113283E+001, 2.0201510E+001, 2.0334031E+001, 2.0984561E+001, 1.5009031E+002, 1.9010185E+002, 1.9863511E+002, 1.9312980E+002, 1.8762369E+002, 2.4249833E+002, 3.7796395E+002, 3.4805396E+002, 3.2021245E+002, 3.7535100E+002, 3.9445881E+002, 2.5459037E+002, 2.6115746E+002, 2.6390976E+002, 1.9893798E+000, 1.9357115E+000, 1.9954512E+000, 1.7590153E+000, 1.8422041E+000, 1.7001858E+000, 1.5231154E+000, 1.4804327E+000, 9.4409357E-001,-1.0897253E+000,-1.8244631E+000,-1.4877404E+000,-1.0168181E+000, 9.0025903E-001,-3.7658985E-001, 9.9820027E-001, 3.1500078E+000, 4.7487900E+000, 5.6276109E+000, 5.9490021E+000, 3.9207406E+000, 3.6522957E+000, 4.4245759E+000, 3.2899917E+004, 3.9642800E-001, 1.7299952E+001, 1.0383992E+001
 8.8010352E+001, 1.9998022E+001, 2.0000937E+001, 2.0004513E+001, 2.0040894E+001, 2.0056859E+001, 2.0108724E+001, 2.0231392E+001, 2.0427633E+001, 3.1007871E+001, 1.7829453E+002, 1.9435013E+002, 2.0003527E+002, 2.3090337E+002, 2.4440805E+002, 3.1782882E+002, 2.5626596E+002, 2.6816322E+002, 2.5438092E+002, 2.7131579E+002, 2.8673046E+002, 3.2831976E+002, 2.4673650E+002, 2.5465852E+002, 2.1393473E+000, 1.9655026E+000, 1.9602592E+000, 1.6886205E+000, 1.8798274E+000, 1.7641932E+000, 1.4526882E+000, 1.3037744E+000, 6.3465870E-001,-1.2176459E+000,-1.6915256E+000,-1.9348517E+000,-2.1945745E+000,-5.1259926E-001, 5.5874833E-001, 2.4557846E+000, 3.5774601E+000, 3.7085593E+000, 3.6210906E+000, 4.2833304E+000, 6.1638445E+000, 3.1041502E+000, 3.9256201E+000, 4.4732724E+004, 5.3784981E-001, 1.8840756E+001, 6.1718925E+000
 8.9009664E+001, 1.9996760E+001, 2.0001016E+001, 2.0009088E+001, 2.0030001E+001, 2.0069902E+001, 2.0103116E+001, 2.0184791E+001, 2.0407153E+001, 2.4506752E+001, 1.7170525E+002, 1.9908756E+002, 2.0398990E+002, 3.3372707E+002, 3.3080693E+002, 5.5529668E+002, 6.2401143E+002, 4.9017133E+002, 3.8655939E+002, 2.8217858E+002, 2.3133394E+002, 2.6337619E+002, 2.9545829E+002, 2.5298543E+002, 2.6055068E+000, 2.6272889E+000, 2.6075704E+000, 2.8469819E+000, 2.7831407E+000, 2.9931327E+000, 2.9016085E+000, 2.7238966E+000, 2.5763937E+000, 7.0881362E-001, 1.2683153E-001, 2.7397886E-001,-5.2092751E-001,-1.2875362E+000,-6.6038569E-001, 7.2575573E+000, 9.8869680E+000, 8.3452152E+000, 6.9889580E+000, 5.9953210E+000, 6.5879207E+000, 7.6407687E+000, 6.6426554E+000, 4.2761029E+004, 3.8708368E-001, 1.5037050E+001, 6.0624642E+001
 9.0022132E+001, 1.9999147E+001, 1.9997234E+001, 2.0007895E+001, 2.0026905E+001, 2.0053077E+001, 2.0111273E+001, 2.0168242E+001, 2.0325012E+001, 3.1433724E+001, 1.6540437E+002, 2.0353382E+002, 2.2792979E+002, 2.7571782E+002, 3.3043834E+002, 2.8038292E+002, 4.1130571E+002, 3.5441301E+002, 3.4268089E+002, 3.9075015E+002, 4.0336391E+002, 2.3948403E+002, 2.5067292E+002, 2.7999788E+002, 2.1633057E+000, 2.0479701E+000, 1.8402019E+000, 1.7364438E+000, 1.7206788E+000, 1.6624607E+000, 1.6914786E+000, 1.5643826E+000, 7.3555849E-001,-1.0870961E+000,-1.9745242E+000,-2.0556254E+000,-1.3284489E+000,-4.1839163E+000,-3.2675763E+000,-2.0627132E-001, 4.5569626E+000, 6.3742325E+000, 6.2147334E+000, 4.9578097E+000, 3.7967535E+000, 2.7990713E+000, 3.6950011E+000, 3.4101626E+004, 3.8844973E-001, 1.7358566E+001, 1.2502798E+001
 9.1003481E+001, 2.0000569E+001, 1.9996987E+001, 2.0007615E+001, 2.0036401E+001, 2.0054857E+001, 2.0120514E+001, 2.0196869E+001, 2.2598619E+001, 4.9267490E+001, 1.9238096E+002, 2.2072795E+002, 2.5902139E+002, 2.3570222E+002, 2.2976275E+002, 2.9159172E+002, 2.9997019E+002, 3.1127424E+002, 2.7937875E+002, 2.6132082E+002, 2.8014187E+002, 2.9392024E+002, 2.4815708E+002, 2.5921164E+002, 2.2156276E+000, 2.1057210E+000, 2.0366313E+000, 1.8682600E+000, 1.8936223E+000, 1.8083370E+000, 1.8390230E+000, 1.8167188E+000, 2.5759642E-002,-1.3454808E+000,-1.5917314E+000,-2.0861716E+000,-3.1727438E+000,-4.6775657E-001, 5.4572724E-001, 2.5456311E+000, 3.0485478E+000, 4.4516768E+000, 5.3090328E+000, 5.3165052E+000, 4.5749836E+000, 2.6205619E+000, 3.8422705E+000, 4.4937914E+004, 5.4186131E-001, 1.8639489E+001, 8.6297131E+000
 9.2014263E+001, 2.0000645E+001, 1.9999888E+001, 2.0003292E+001, 2.0035351E+001, 2.0064931E+001, 2.0101231E+001, 2.0195052E+001, 2.1926023E+001, 5.6331425E+001, 1.7664133E+002, 2.2722647E+002, 2.3174789E+002, 2.2291742E+002, 2.1541086E+002, 4.1222854E+002, 5.6875588E+002, 4.8558402E+002, 4.0047535E+002, 3.3179407E+002, 2.6919839E+002, 2.5965707E+002, 2.8148647E+002, 2.5802104E+002, 2.6240569E+000, 2.6814929E+000, 2.7999818E+000, 2.8298004E+000, 2.7883877E+000, 2.8667939E+000, 2.7225649E+000, 2.6116303E+000, 5.1451709E-001, 4.7098787E-001, 6.1543675E-001,-3.4448531E-001,-4.4285094E-001,-2.0382729E-001, 1.6967105E+000, 5.0328345E+000, 9.7352391E+000, 9.3946390E+000, 8.1704173E+000, 7.2177309E+000, 7.1332374E+000, 7.2859182E+000, 5.8378453E+000, 4.0628638E+004, 4.0337804E-001, 1.5121234E+001, 5.8923468E+001
 9.3003350E+001, 2.0002026E+001, 2.0001518E+001, 2.0002155E+001, 2.0031631E+001, 2.0061327E+001, 2.0107873E+001, 2.0168053E+001, 2.2698036E+001, 8.1970353E+001, 1.7567456E+002, 2.2691444E+002, 2.1342000E+002, 2.1715090E+002, 1.8342526E+002, 2.6340304E+002, 3.4612573E+002, 3.5423886E+002, 3.0534351E+002, 3.3716152E+002, 3.8346643E+002, 2.5660301E+002, 2.4576866E+002, 2.7893772E+002, 2.0708288E+000, 1.9601659E+000, 1.8883197E+000, 1.6798061E+000, 1.6683719E+000, 1.6902799E+000, 1.6485788E+000, 8.9082389E-001,-2.4293056E+000,-1.5527122E+000,-2.0552880E+000,-2.6695174E+000,-1.6867932E+000,-1.0616633E+000, 6.1874918E-002, 5.1064096E-001, 4.5677799E+000, 5.0495439E+000, 5.5522354E+000, 6.9392166E+000, 4.5952379E+000, 3.5718148E+000, 4.0933332E+000, 3.4262848E+004, 4.1619110E-001, 1.7756845E+001, 1.2138449E+001
 9.4010986E+001, 2.0000576E+001, 2.0001573E+001, 2.0005825E+001, 2.0031310E+001, 2.0066630E+001, 2.0119021E+001, 2.0202366E+001, 5.7989097E+001, 7.2467556E+001, 2.1061689E+002, 2.1117773E+002, 2.0267456E+002, 1.9773403E+002, 1.7938704E+002, 2.1905927E+002, 2.9234140E+002, 2.7604779E+002, 3.1281387E+002, 2.8601507E+002, 2.7082944E+002, 3.2756225E+002, 2.5210020E+002, 2.5413975E+002, 2.1814030E+000, 2.0976574E+000, 2.0944219E+000, 1.9686171E+000, 1.8035518E+000, 1.7760491E+000, 1.6081477E+000,-9.2827220E-001,-1.1670900E+000,-1.6041641E+000,-2.5001468E+000,-2.0080793E+000,-1.7074329E+000,-1.1538332E+000, 4.3573158E-001, 1.3835037E+000, 3.2279449E+000, 5.6022151E+000, 5.1526214E+000, 4.3680331E+000, 5.3754584E+000, 5.2251902E+000, 3.7393201E+000, 4.5502464E+004, 8.0370976E-001, 1.9021288E+001, 7.6384704E+000
 9.5003175E+001, 1.9999372E+001, 2.0003381E+001, 2.0007922E+001, 2.0024005E+001, 2.0056729E+001, 2.0113280E+001, 2.0195994E+001, 4.6754277E+001, 8.2172670E+001, 2.0038759E+002, 2.0629675E+002, 1.9882941E+002, 2.0803014E+002, 2.5388966E+002, 3.9666080E+002, 5.2318920E+002, 4.6015571E+002, 3.6631660E+002, 2.7018777E+002, 2.5879790E+002, 2.7682447E+002, 2.9688227E+002, 2.6031782E+002, 2.6140568E+000, 2.5871984E+000, 2.6823362E+000, 2.8456650E+000, 2.8285085E+000, 2.7182228E+000, 2.6546301E+000,-2.3847895E-001,-3.4002515E-001,-7.4519309E-001,-5.3974333E-001,-3.0286974E-001,-3.0140854E-001, 5.1449872E-001, 1.4538423E+000, 5.8843882E+000, 8.4351654E+000, 8.3109569E+000, 6.4955226E+000, 6.5912373E+000, 6.9144586E+000, 6.9111566E+000, 6.9693703E+000, 4.0645080E+004, 5.5556216E-001, 1.6108418E+001, 3.8900941E+001
 9.6000105E+001, 2.0002022E+001, 2.0002819E+001, 2.0007118E+001, 2.0030079E+001, 2.0046844E+001, 2.0101390E+001, 2.0195472E+001, 2.6478802E+001, 1.0540043E+002, 1.8499207E+002, 2.0369855E+002, 1.8502589E+002, 2.1968469E+002, 2.9058439E+002, 3.4990087E+002, 3.8996749E+002, 3.6184588E+002, 3.8422729E+002, 4.0226511E+002, 3.6253137E+002, 2.4288700E+002, 2.7331910E+002, 2.8259694E+002, 2.0110836E+000, 1.9480464E+000, 1.7856418E+000, 1.7127689E+000, 1.7235031E+000, 1.6214799E+000, 1.4828541E+000, 7.4701250E-001,-2.4339595E+000,-2.0893015E+000,-2.2158514E+000,-2.6916694E+000,-2.3034987E+000,-2.6949784E+000,-1.9771350E+000, 1.1499472E+000, 4.5620033E+000, 5.5224759E+000, 5.3786692E+000, 4.7783519E+000, 3.6916182E+000, 3.5486004E+000, 3.4492645E+000, 3.3098316E+004, 4.5481075E-001, 1.8977257E+001, 9.9393370E+000
 9.7009801E+001, 2.0001118E+001, 2.0000398E+001, 2.0009967E+001, 2.0036714E+001, 2.0064694E+001, 2.0103117E+001, 2.0216429E+001, 3.3698915E+001, 8.3841710E+001, 1.9521510E+002, 1.8392111E+002, 1.9561809E+002, 2.6371135E+002, 3.1547710E+002, 2.9594361E+002, 2.7884678E+002, 2.4550343E+002, 2.4346492E+002, 2.7489830E+002, 3.1843244E+002, 3.1291815E+002, 2.4088902E+002, 2.7291058E+002, 2.1755277E+000, 2.2635544E+000, 2.0837047E+000, 1.9818484E+000, 1.9510954E+000, 2.0507958E+000, 1.9949447E+000, 1.2074779E+000,-1.4603133E+000,-1.2749868E+000,-1.9722739E+000,-2.2507767E+000,-3.2930335E+000,-2.0217319E+000, 1.5595444E-001, 2.9814305E+000, 3.6131761E+000, 5.6928167E+000, 6.2741960E+000, 5.4657302E+000, 5.6394523E+000, 5.3282497E+000, 3.9469974E+000, 4.5799144E+004, 6.2408825E-001, 1.8912725E+001, 5.9569382E+000
 9.8009092E+001, 1.9999432E+001, 2.0002902E+001, 2.0011442E+001, 2.0034311E+001, 2.0066242E+001, 2.0112807E+001, 2.0180774E+001, 2.3833481E+001, 6.7622038E+001, 1.6785616E+002, 1.8073799E+002, 1.9652519E+002, 2.7719978E+002, 2.9943278E+002, 4.3366532E+002, 4.9293662E+002, 4.3423717E+002, 3.5722735E+002, 2.5177285E+002, 2.2022295E+002, 2.7777959E+002, 3.0355785E+002, 2.4187159E+002, 2.6356904E+000, 2.5153263E+000, 2.6578785E+000, 2.7588458E+000, 2.8216674E+000, 2.5644215E+000, 2.8854841E+000, 2.1145064E+000,-4.9338872E-003, 2.4792347E-001,-3.7111717E-001,-3.7396242E-001,-1.2720104E+000,-1.1883252E+000,-1.8397698E+000, 3.7607972E+000, 8.5012482E+000, 7.8541224E+000, 6.6347579E+000, 7.2548996E+000, 6.5855292E+000, 6.7031751E+000, 7.0253648E+000, 3.9989912E+004, 4.0697876E-001, 1.5048007E+001, 3.8535668E+001
 9.9003038E+001, 1.9998831E+001, 2.0003162E+001, 2.0006906E+001, 2.0036257E+001, 2.0061441E+001, 2.0111435E+001, 2.0192442E+001, 2.0463520E+001, 9.5228200E+001, 1.3599099E+002, 1.8764475E+002, 2.2628508E+002, 2.6764476E+002, 3.4345672E+002, 3.5428392E+002, 3.6734641E+002, 3.9154705E+002, 3.6805407E+002, 3.8887225E+002, 3.2546138E+002, 2.0866362E+002, 2.8383894E+002, 2.7061771E+002, 2.1832125E+000, 1.8114654E+000, 1.8498386E+000, 1.5739384E+000, 1.7662861E+000, 1.5425599E+000, 1.3665095E+000, 7.4792496E-001,-1.8990061E+000,-1.7244438E+000,-2.1338507E+000,-3.0057252E+000,-2.1297529E+000,-4.4739097E+000,-3.2261102E+000,-1.8751597E+000, 3.5934872E+000, 5.2828283E+000, 4.9536121E+000, 3.2742681E+000, 4.1893269E+000, 2.5614196E+000, 2.9444512E+000, 3.4210479E+004, 4.1734292E-001, 1.8462789E+001, 9.7009982E+000
 1.0000598E+002, 1.9997479E+001, 2.0000597E+001, 2.0008578E+001, 2.0043484E+001, 2.0068913E+001, 2.0122449E+001, 2.0222147E+001, 2.1011761E+001, 1.2233062E+002, 1.7223967E+002, 2.1808641E+002, 2.3270197E+002, 3.0414045E+002, 2.9953438E+002, 3.3258172E+002, 2.8638881E+002, 2.4570442E+002, 2.7129698E+002, 2.5859821E+002, 2.8770102E+002, 2.8592016E+002, 2.2719831E+002, 2.7823277E+002, 2.2472611E+000, 2.1112167E+000, 1.9825031E+000, 1.7427467E+000, 2.0613969E+000, 1.9111096E+000, 1.8302836E+000, 1.1562117E+000,-1.2386552E+000,-1.4388638E+000,-2.3071304E+000,-2.1572883E+000,-3.6895245E+000,-1.7708866E+000,-2.7203145E-001, 2.2400749E+000, 2.9827936E+000, 4.9812002E+000, 5.8082589E+000, 5.5467662E+000, 5.8135931E+000, 3.9451915E+000, 3.4487724E+000, 4.6329089E+004, 5.2615626E-001, 1.8784688E+001, 6.5127663E+000
 1.0100946E+002, 1.9998125E+001, 1.9999840E+001, 2.0011290E+001, 2.0036451E+001, 2.0074183E+001, 2.0116687E+001, 2.0197953E+001, 2.0377484E+001, 1.0293682E+002, 1.6117198E+002, 2.0297373E+002, 2.6401910E+002, 2.9942539E+002, 3.4317038E+002, 4.5802691E+002, 5.1005732E+002, 3.9014033E+002, 3.2015824E+002, 2.3317931E+002, 2.1915767E+002, 2.4870065E+002, 2.8916907E+002, 2.4966673E+002, 2.5225090E+000, 2.7474918E+000, 2.5197308E+000, 2.6240283E+000, 2.6155850E+000, 2.6556521E+000, 2.8647586E+000, 2.6001527E+000, 1.8947936E-001,-1.0428488E-002,-1.0024800E-002,-5.3725729E-001,-3.4971018E-001,-4.2449125E-001, 1.1200560E+000, 3.3413707E+000, 7.6316701E+000, 7.2083612E+000, 5.5405061E+000, 6.0494590E+000, 6.3980705E+000, 7.4061888E+000, 5.8557358E+000, 3.9397718E+004, 3.9225986E-001, 1.5881153E+001, 3.5890068E+001
 1.0201269E+002, 1.9998661E+001, 1.9998224E+001, 2.0007425E+001, 2.0034570E+001, 2.0069366E+001, 2.0127897E+001, 2.0199473E+001, 2.0360586E+001, 9.8611751E+001, 1.8187633E+002, 2.1491837E+002, 2.5484007E+002, 3.1871734E+002, 3.1582156E+002, 4.0375967E+002, 4.0275631E+002, 3.2979150E+002, 2.8762636E+002, 3.2562613E+002, 2.8157586E+002, 2.1108045E+002, 2.5645538E+002, 2.7568340E+002, 2.0534279E+000, 1.8250370E+000, 1.5693035E+000, 1.5069120E+000, 1.4572183E+000, 1.1131516E+000, 1.1905920E+000, 9.8869898E-001,-1.4633871E+000,-2.7301907E+000,-3.1371884E+000,-3.4841067E+000,-3.1929136E+000,-2.6587330E+000,-4.7460313E+000,-1.4671104E+000, 2.8197018E+000, 5.8055758E+000, 6.5008611E+000, 4.7920617E+000, 3.2410180E+000, 2.2569685E+000, 3.7429371E+000, 3.3563280E+004, 4.4686776E-001, 1.8894065E+001, 1.0810379E+001
 1.0300834E+002, 2.0000409E+001, 1.9999297E+001, 2.0007231E+001, 2.0043997E+001, 2.0072702E+001, 2.0141072E+001, 2.0232730E+001, 2.0414989E+001, 1.6868008E+002, 2.1847043E+002, 2.3600834E+002, 2.6537337E+002, 3.2494110E+002, 3.7318908E+002, 3.8210294E+002, 3.1818726E+002, 3.1069151E+002, 2.8407857E+002, 2.6772877E+002, 2.8345529E+002, 2.5447453E+002, 2.2176810E+002, 2.5277940E+002, 2.3425696E+000, 2.1504423E+000, 2.0838008E+000, 1.8917756E+000, 2.1242414E+000, 1.8301416E+000, 1.7941777E+000, 1.4008677E+000,-1.8402660E+000,-2.0745362E+000,-2.3368759E+000,-2.9955982E+000,-2.9744886E+000,-3.4107699E+000,-3.1693413E-001, 2.0310507E+000, 4.5099104E+000, 5.3806034E+000, 5.2319843E+000, 5.8948365E+000, 5.7733619E+000, 4.1212094E+000, 4.1288560E+000, 4.6689979E+004, 5.3739864E-001, 1.8011404E+001, 8.4148194E+000
 1.0401580E+002, 2.0000064E+001, 1.9999341E+001, 2.0004951E+001, 2.0037937E+001, 2.0073330E+001, 2.0121170E+001, 2.0217347E+001, 2.0373779E+001, 1.2187937E+002, 2.1535647E+002, 2.1663106E+002, 2.1763043E+002, 2.6734412E+002, 3.3933722E+002, 4.8853132E+002, 5.3892336E+002, 4.7512332E+002, 3.8758469E+002, 2.9887709E+002, 2.6476283E+002, 2.7811099E+002, 2.7399641E+002, 2.2598070E+002, 2.6177141E+000, 2.6308254E+000, 2.7165903E+000, 2.5449081E+000, 2.6588790E+000, 2.7644787E+000, 2.7632074E+000, 2.3620827E+000, 4.3404740E-001,-1.2216024E+000,-2.0571137E-002,-3.6560229E-001,-3.6037898E-001,-1.9386089E+000,-9.7279735E-001, 2.3636564E+000, 7.4556744E+000, 7.6844001E+000, 6.8335035E+000, 7.3436194E+000, 6.3738962E+000, 7.4299046E+000, 6.0789142E+000, 3.9537139E+004, 3.4539763E-001, 1.4754313E+001, 4.9542757E+001
 1.0501980E+002, 1.9999942E+001, 2.0001435E+001, 2.0005400E+001, 2.0030756E+001, 2.0067340E+001, 2.0117563E+001, 2.0201149E+001, 2.0384985E+001, 1.3985176E+002, 1.9001574E+002, 1.9648774E+002, 2.0904370E+002, 2.4746670E+002, 2.5280761E+002, 3.3390176E+002, 3.8366550E+002, 3.4622860E+002, 3.3260286E+002, 3.8815532E+002, 3.7147744E+002, 2.4526215E+002, 2.7990771E+002, 2.4889274E+002, 2.0733745E+000, 1.8213727E+000, 1.7063134E+000, 1.5765319E+000, 1.2964565E+000, 1.2838339E+000, 1.3449725E+000, 6.9964950E-001,-9.9583637E-001,-2.1720676E+000,-2.8211649E+000,-2.5990359E+000,-2.7002655E+000,-3.8627323E+000,-3.9658884E+000, 4.3763686E-001, 4.6633661E+000, 4.2992353E+000, 4.7789586E+000, 4.4339660E+000, 3.8631520E+000, 1.4055930E+000, 2.8370820E+000, 3.2742639E+004, 4.1227235E-001, 1.8987123E+001, 1.2013149E+001
 1.0600868E+002, 1.9998159E+001, 2.0000662E+001, 2.0004924E+001, 2.0032326E+001, 2.0066206E+001, 2.0128323E+001, 2.0217536E+001, 2.0441697E+001, 1.7747000E+002, 1.8696538E+002, 1.9766833E+002, 2.2572912E+002, 2.1792469E+002, 2.3712801E+002, 2.9244675E+002, 3.1792535E+002, 2.9397183E+002, 3.0588091E+002, 2.6920620E+002, 3.0340079E+002, 3.4386033E+002, 2.7074905E+002, 2.6595809E+002, 2.3428491E+000, 2.2065740E+000, 2.0968379E+000, 2.1805937E+000, 2.0592006E+000, 1.7717643E+000, 1.9891401E+000, 1.4849272E+000,-1.4585478E+000,-1.5650967E+000,-1.7370463E+000,-2.3480359E+000,-1.1522115E+000,-3.9688116E-001, 9.1359922E-001, 1.1449732E+000, 4.2740846E+000, 5.9235043E+000, 5.9221802E+000, 4.8071531E+000, 6.8500888E+000, 3.5354224E+000, 4.9483930E+000, 4.7328423E+004, 5.1879303E-001, 1.9219607E+001, 9.8626251E+000
 1.0700392E+002, 1.9998063E+001, 2.0001394E+001, 2.0007540E+001, 2.0030126E+001, 2.0058759E+001, 2.0111480E+001, 2.0202465E+001, 2.0364805E+001, 1.2641469E+002, 1.8571568E+002, 1.9678951E+002, 2.1739646E+002, 2.2129219E+002, 2.4853418E+002, 4.8899420E+002, 5.4234069E+002, 4.5064713E+002, 3.7148430E+002, 3.1170380E+002, 2.7536593E+002, 2.8299925E+002, 3.1375974E+002, 2.8105895E+002, 2.5633390E+000, 2.6509103E+000, 2.6742687E+000, 2.6565194E+000, 2.8668345E+000, 2.5939716E+000, 2.5920496E+000, 2.4371934E+000, 2.3204812E-001, 2.1864781E-001,-5.1404877E-001,-2.1163354E-001, 8.5062563E-001, 1.4364604E+000,-1.5159035E+000, 3.2109481E+000, 7.6765676E+000, 7.5469302E+000, 6.5706014E+000, 6.7469029E+000, 5.6603765E+000, 7.4002235E+000, 6.6338807E+000, 4.0104037E+004, 3.4871443E-001, 1.5003628E+001, 4.7198465E+001
 1.0801224E+002, 1.9999437E+001, 1.9998817E+001, 2.0006442E+001, 2.0028516E+001, 2.0056892E+001, 2.0104862E+001, 2.0201563E+001, 2.0361844E+001, 1.2850489E+002, 1.8875545E+002, 2.1059497E+002, 2.1227069E+002, 2.4027296E+002, 2.7755771E+002, 3.2104390E+002, 3.4473866E+002, 3.1215971E+002, 3.0142755E+002, 3.4590692E+002, 3.3553896E+002, 2.3987957E+002, 2.8172202E+002, 2.8800015E+002, 1.9973934E+000, 1.8724656E+000, 1.7973709E+000, 1.4895283E+000, 1.5463061E+000, 1.4761515E+000, 1.1005775E+000, 9.8800283E-001,-1.3764189E+000,-1.9144206E+000,-3.2416151E+000,-2.7918208E+000,-2.0055494E+000,-5.3334949E-001, 3.5304512E-001, 6.2171284E-001, 4.0192610E+000, 5.2105896E+000, 5.2088310E+000, 3.8832846E+000, 3.2648911E+000, 1.5417770E+000, 3.2684683E+000, 3.4333083E+004, 4.3918483E-001, 1.9937566E+001, 8.3826209E+000
 1.0900485E+002, 1.9998827E+001, 1.9998523E+001, 2.0008575E+001, 2.0035801E+001, 2.0065974E+001, 2.0116291E+001, 2.0208020E+001, 2.0431051E+001, 1.5115460E+002, 2.0397449E+002, 2.0577163E+002, 2.4361526E+002, 2.8815845E+002, 3.3973202E+002, 3.3853546E+002, 3.3504672E+002, 3.1412577E+002, 2.6683643E+002, 2.5781447E+002, 2.9036180E+002, 2.8450698E+002, 2.5061536E+002, 2.6516302E+002, 2.4170692E+000, 2.2820452E+000, 2.2570606E+000, 2.2129603E+000, 2.2482506E+000, 2.2167518E+000, 2.2286243E+000, 1.8337013E+000,-1.9082550E-001,-1.6460672E+000,-2.1639295E+000,-1.9417128E+000,-2.2622726E+000,-3.3419235E-001, 2.8440654E+000, 2.8042871E+000, 4.5841647E+000, 5.4222064E+000, 6.3065443E+000, 6.5437198E+000, 5.6928278E+000, 3.4902893E+000, 4.4640201E+000, 4.6504640E+004, 5.3024414E-001, 1.9937859E+001, 7.7060391E+000
 1.1001859E+002, 2.0000460E+001, 2.0000431E+001, 2.0006123E+001, 2.0033912E+001, 2.0064399E+001, 2.0113056E+001, 2.0192423E+001, 2.0345599E+001, 5.5891147E+001, 1.9747411E+002, 2.0003579E+002, 2.4372282E+002, 2.8602037E+002, 2.8793890E+002, 4.9766055E+002, 5.0774577E+002, 4.3166751E+002, 3.8796917E+002, 3.1056179E+002, 2.5243766E+002, 2.6711624E+002, 2.7503976E+002, 2.4447989E+002, 2.5722923E+000, 2.6231323E+000, 2.6655359E+000, 2.7207131E+000, 2.7366753E+000, 2.6606572E+000, 2.6353724E+000, 2.6475703E+000, 1.5831934E+000, 3.9336249E-001,-6.7574327E-001,-3.6849358E-001,-1.2321361E+000, 2.8502043E-001,-1.3394987E+000, 6.5989753E+000, 8.3936978E+000, 8.5224428E+000, 6.5617680E+000, 6.1295098E+000, 6.0022368E+000, 6.9457222E+000, 4.3421112E+000, 3.7798877E+004, 3.4726521E-001, 1.5466722E+001, 2.9889851E+001
 1.1100803E+002, 2.0001516E+001, 2.0000374E+001, 2.0003961E+001, 2.0034293E+001, 2.0061754E+001, 2.0109469E+001, 2.0199123E+001, 2.0349737E+001, 5.3891191E+001, 1.9356540E+002, 2.1817746E+002, 2.4318121E+002, 2.5671098E+002, 2.9148363E+002, 2.5905458E+002, 3.5689047E+002, 3.2489270E+002, 2.7173276E+002, 3.6365745E+002, 3.5172118E+002, 2.3603492E+002, 2.5773993E+002, 2.6824829E+002, 1.9419166E+000, 1.8867574E+000, 1.7078041E+000, 1.5635398E+000, 1.6142394E+000, 1.5445728E+000, 1.1856598E+000, 1.0921431E+000,-1.3545461E-001,-2.0879515E+000,-3.4648931E+000,-4.2279657E+000,-2.6539393E+000,-2.9195335E+000,-2.0437184E+000, 4.6573965E-001, 3.0653952E+000, 3.4774996E+000, 5.2149832E+000, 4.6041928E+000, 2.9530132E+000, 8.1470578E-001, 3.2690217E+000, 3.3686795E+004, 4.0970463E-001, 1.8867414E+001, 1.0195616E+001
 1.1200067E+002, 2.0001396E+001, 2.0001716E+001, 2.0006447E+001, 2.0038510E+001, 2.0069083E+001, 2.0121279E+001, 2.0213850E+001, 2.0416467E+001, 1.5851158E+002, 2.0669431E+002, 2.1024966E+002, 2.2866241E+002, 2.3711865E+002, 2.8590292E+002, 2.5444086E+002, 2.8155158E+002, 2.7602363E+002, 2.8627062E+002, 2.6291526E+002, 3.0090168E+002, 2.8804950E+002, 2.4797073E+002, 2.5942606E+002, 2.1286950E+000, 2.1780272E+000, 2.0702485E+000, 2.0472634E+000, 2.0638042E+000, 2.1413716E+000, 1.9054965E+000, 1.5564681E+000,-4.3282202E-001,-2.1846684E+000,-3.0170000E+000,-2.3333099E+000,-2.2624455E+000, 2.2189279E-002,-1.6181297E-001, 1.6013356E+000, 3.9896970E+000, 5.3238518E+000, 5.1681981E+000, 4.7129253E+000, 4.6411399E+000, 2.9393289E+000, 4.3136165E+000, 4.8083984E+004, 5.1096003E-001, 1.9343463E+001, 5.9306502E+000
 1.1301299E+002, 2.0001403E+001, 2.0002872E+001, 2.0008207E+001, 2.0028259E+001, 2.0065499E+001, 2.0115448E+001, 2.0194925E+001, 2.0365172E+001, 7.6541991E+001, 1.9780792E+002, 1.9607886E+002, 2.1950369E+002, 2.3888776E+002, 2.5603009E+002, 3.8642597E+002, 4.5513014E+002, 3.5623139E+002, 2.8273906E+002, 2.5582410E+002, 2.5711084E+002, 2.7552769E+002, 2.8843286E+002, 2.4141918E+002, 2.6500790E+000, 2.5552941E+000, 2.7136102E+000, 2.8290490E+000, 2.7309146E+000, 2.7966182E+000, 2.8829022E+000, 2.6592534E+000, 1.3398194E+000,-1.5122629E+000,-6.1897603E-001, 5.3926841E-002,-4.4077237E-001, 6.9938331E-001, 2.0750324E+000, 2.0666060E+000, 6.4183302E+000, 5.6634034E+000, 6.0264288E+000, 6.6956186E+000, 6.0354617E+000, 6.4169664E+000, 4.7840400E+000, 3.9011029E+004, 3.8147719E-001, 1.6050265E+001, 2.0474720E+001
 1.1400059E+002, 2.0000368E+001, 2.0003352E+001, 2.0008385E+001, 2.0031521E+001, 2.0052897E+001, 2.0116230E+001, 2.0195800E+001, 2.0354658E+001, 1.2092273E+002, 1.9201315E+002, 1.9779633E+002, 1.9428343E+002, 2.1322574E+002, 2.6710217E+002, 2.9152704E+002, 3.8901781E+002, 3.7148938E+002, 3.4097146E+002, 3.2316682E+002, 2.8698028E+002, 2.4261208E+002, 2.7291996E+002, 2.6142208E+002, 2.0516700E+000, 1.6491104E+000, 1.7569128E+000, 1.5562098E+000, 1.6110360E+000, 1.4212787E+000, 1.3146212E+000, 1.1004245E+000,-1.4968417E+000,-2.3780337E+000,-3.0941563E+000,-2.7450411E+000,-2.4093604E+000,-3.0716247E+000,-2.0721286E+000, 1.1919523E-001, 1.6898907E+000, 5.1681001E+000, 5.1565222E+000, 3.8270115E+000, 2.5745796E+000, 2.2447638E+000, 2.0285059E+000, 3.2092588E+004, 4.0752143E-001, 1.8493830E+001, 1.0374498E+001
 1.1501551E+002, 1.9999250E+001, 2.0003001E+001, 2.0010512E+001, 2.0038791E+001, 2.0063077E+001, 2.0113858E+001, 2.0219966E+001, 2.1395041E+001, 1.7747088E+002, 1.8659680E+002, 1.8882829E+002, 1.6008091E+002, 2.2033626E+002, 2.9290246E+002, 3.6915704E+002, 3.5286964E+002, 3.2440225E+002, 2.9795540E+002, 2.9031891E+002, 2.8446933E+002, 2.7782307E+002, 2.4258885E+002, 2.7882054E+002, 2.1929070E+000, 2.0797061E+000, 2.0674631E+000, 2.0365080E+000, 2.0523720E+000, 2.0860942E+000, 1.8111629E+000, 1.7794600E+000,-1.2874669E+000,-1.9363979E+000,-2.0033560E+000,-1.5303853E+000,-9.0774139E-001,-3.2698749E-001, 2.0160644E+000, 4.1493405E+000, 4.5251200E+000, 4.9680786E+000, 5.2290861E+000, 6.2566862E+000, 5.5299943E+000, 4.5374269E+000, 4.6526240E+000, 4.8048621E+004, 5.0733823E-001, 1.9122595E+001, 1.1262543E+001
 1.1601188E+002, 1.9999149E+001, 2.0002604E+001, 2.0010647E+001, 2.0035087E+001, 2.0066251E+001, 2.0106524E+001, 2.0183262E+001, 2.0892999E+001, 9.7848975E+001, 1.7596755E+002, 1.8121398E+002, 1.6454746E+002, 1.5371182E+002, 2.7675531E+002, 5.3097682E+002, 5.7749773E+002, 4.6517184E+002, 4.3237797E+002, 3.4101327E+002, 2.6482987E+002, 2.8060790E+002, 2.8070721E+002, 2.5001112E+002, 2.5246087E+000, 2.7306944E+000, 2.5744952E+000, 2.7263082E+000, 2.6799834E+000, 2.7595454E+000, 2.8511321E+000, 2.4130824E+000, 1.0595132E+000,-1.0043339E-001,-2.6014229E-001, 5.8123642E-001, 1.6949133E+000,-1.4944819E+000,-2.2075135E-001, 5.8963630E+000, 9.1851354E+000, 9.3182139E+000, 7.5910183E+000, 6.6626261E+000, 6.2258922E+000, 7.0987844E+000, 6.1865025E+000, 3.9726099E+004, 3.4172214E-001, 1.5003144E+001, 4.6318433E+001
 1.1702125E+002, 1.9999400E+001, 2.0000830E+001, 2.0009529E+001, 2.0036322E+001, 2.0062191E+001, 2.0112258E+001, 2.0182744E+001, 2.1837282E+001, 5.8982521E+001, 1.7618170E+002, 1.7592843E+002, 1.6851106E+002, 1.6642009E+002, 2.1532925E+002, 2.4558709E+002, 4.0015833E+002, 3.7604262E+002, 2.9980972E+002, 3.0803092E+002, 3.6625907E+002, 2.4553778E+002, 2.7620741E+002, 2.7033589E+002, 2.0720499E+000, 1.7549488E+000, 1.6230291E+000, 1.4777505E+000, 1.4587194E+000, 1.2811632E+000, 1.3069775E+000, 9.8997733E-001, 8.7734112E-001,-1.8610747E+000,-2.0941294E+000,-1.7705628E+000,-7.3563718E-001,-1.6308117E+000, 9.6064364E-001, 6.8748418E-001, 4.6695911E+000, 5.6737639E+000, 5.9482394E+000, 6.0705651E+000, 3.2084448E+000, 2.5745049E+000, 3.0516631E+000, 3.3238538E+004, 4.2317888E-001, 1.8770531E+001, 1.0091516E+001
 1.1800911E+002, 1.9999331E+001, 2.0000260E+001, 2.0010516E+001, 2.0041030E+001, 2.0073497E+001, 2.0124718E+001, 2.0214971E+001, 2.4913999E+001, 1.0507733E+002, 1.7572122E+002, 1.7406579E+002, 1.7581021E+002, 2.3563416E+002, 2.3514837E+002, 2.5356393E+002, 2.6762596E+002, 3.0043515E+002, 3.0788675E+002, 2.7468987E+002, 2.4309779E+002, 2.8736725E+002, 2.6219939E+002, 2.6581016E+002, 2.4824497E+000, 2.2598724E+000, 2.2536471E+000, 2.1160258E+000, 2.0985811E+000, 2.0390633E+000, 2.0690177E+000, 2.1063828E+000, 8.9281723E-001,-8.7149729E-001,-7.7312395E-001,-1.0632537E+000,-1.8433004E+000,-7.9470864E-001, 6.6535864E-001, 2.3425526E+000, 4.6301069E+000, 6.2909742E+000, 6.3918132E+000, 5.8208362E+000, 7.1095344E+000, 4.1502497E+000, 4.9769034E+000, 4.7936209E+004, 5.5474536E-001, 1.9097947E+001, 7.5564472E+000
 1.1901850E+002, 2.0001670E+001, 2.0000616E+001, 2.0009013E+001, 2.0035533E+001, 2.0068356E+001, 2.0120338E+001, 2.0198035E+001, 2.2139698E+001, 5.0867479E+001, 1.7034660E+002, 1.7300084E+002, 1.8470604E+002, 2.0975136E+002, 3.0864097E+002, 4.8076106E+002, 4.5833824E+002, 3.3675541E+002, 3.2613237E+002, 2.9286442E+002, 2.6094547E+002, 2.4769805E+002, 2.7397355E+002, 2.6663120E+002, 2.6621052E+000, 2.6932201E+000, 2.6187218E+000, 2.5828610E+000, 2.7090361E+000, 2.6135414E+000, 2.5731946E+000, 2.5308117E+000, 2.2214154E+000, 5.3151264E-002, 4.9531007E-001, 2.1213501E-001, 7.0895314E-001, 1.3827435E+000,-2.6756923E+000, 6.5840137E+000, 7.5543853E+000, 7.3256014E+000, 6.3095622E+000, 6.6885017E+000, 6.0311222E+000, 7.2879617E+000, 6.6913376E+000, 3.8293362E+004, 3.5804009E-001, 1.4641331E+001, 2.9417909E+001
 1.2002314E+002, 1.9999792E+001, 2.0000392E+001, 2.0006179E+001, 2.0035936E+001, 2.0063673E+001, 2.0117014E+001, 2.0202080E+001, 2.2401480E+001, 9.4403376E+001, 1.6795148E+002, 1.7883398E+002, 1.9625618E+002, 1.9824112E+002, 2.5040052E+002, 2.7392041E+002, 3.0297670E+002, 3.2453810E+002, 2.7813998E+002, 2.7979425E+002, 3.0492023E+002, 2.5024144E+002, 2.6419702E+002, 2.7587453E+002, 1.9802200E+000, 1.9462365E+000, 1.7374619E+000, 1.3970364E+000, 1.3655384E+000, 1.4957397E+000, 1.1277682E+000, 5.4795739E-001,-6.5372325E-001,-2.1500523E+000,-2.1037635E+000,-2.2796850E+000,-1.5612648E+000,-1.8005468E-001,-5.0080129E-001, 4.9234013E-001, 4.2401286E+000, 5.0607031E+000, 5.9502690E+000, 4.5052570E+000, 3.2097255E+000, 2.2997777E+000, 3.0917626E+000, 3.4889379E+004, 4.0772639E-001, 1.7598362E+001, 7.6298562E+000
 1.2100683E+002, 1.9999796E+001, 2.0003049E+001, 2.0007599E+001, 2.0040825E+001, 2.0070434E+001, 2.0124909E+001, 2.0225116E+001, 2.6218611E+001, 1.5472184E+002, 1.7041083E+002, 1.9220097E+002, 2.0373406E+002, 2.2594691E+002, 2.1675779E+002, 2.6215977E+002, 2.9217303E+002, 2.3435741E+002, 2.4770381E+002, 2.5809947E+002, 2.5636329E+002, 2.5646075E+002, 2.5334544E+002, 2.5311076E+002, 2.3495899E+000, 2.2935551E+000, 2.1630312E+000, 2.0810138E+000, 2.0392526E+000, 1.9932951E+000, 1.8238497E+000, 1.3446896E+000,-1.0240312E+000,-7.3813015E-001,-1.4883408E+000,-8.1862397E-001,-1.1839621E+000, 2.9451734E-001, 1.7204021E+000, 4.1463312E+000, 4.6446792E+000, 4.8602435E+000, 5.5433068E+000, 6.1488051E+000, 5.2284733E+000, 4.3156170E+000, 4.3766358E+000, 4.6583850E+004, 5.1711622E-001, 1.7683357E+001, 1.3069450E+001
 1.2200967E+002, 2.0001810E+001, 2.0001932E+001, 2.0007189E+001, 2.0034523E+001, 2.0069500E+001, 2.0115200E+001, 2.0196065E+001, 2.0504690E+001, 1.3413970E+002, 1.6698233E+002, 1.8963534E+002, 2.1191341E+002, 2.0241947E+002, 1.9649154E+002, 3.7227347E+002, 5.8470574E+002, 5.1080600E+002, 4.1161290E+002, 3.3036356E+002, 2.5767755E+002, 2.4253344E+002, 2.6234300E+002, 2.5315687E+002, 2.6456146E+000, 2.6650301E+000, 2.8173989E+000, 2.7573425E+000, 2.6924001E+000, 2.7155187E+000, 2.7404211E+000, 2.4241038E+000, 3.1834817E-001, 4.9630285E-001, 1.1841669E-001, 8.8658601E-001, 2.0693851E+000, 3.1880320E+000, 2.9718449E+000, 6.7909686E+000, 1.1074676E+001, 9.7562555E+000, 8.2882651E+000, 6.5856191E+000, 6.4599272E+000, 6.6806233E+000, 6.3080002E+000, 3.8301049E+004, 3.2382644E-001, 1.4194758E+001, 6.4788329E+001
 1.2301483E+002, 2.0000903E+001, 2.0000813E+001, 2.0009895E+001, 2.0031073E+001, 2.0063565E+001, 2.0115098E+001, 2.0191545E+001, 2.0359396E+001, 1.2942969E+002, 1.7876026E+002, 1.9603143E+002, 2.2093746E+002, 2.1545017E+002, 2.0923389E+002, 2.1822010E+002, 3.3584591E+002, 3.5140743E+002, 3.3992253E+002, 3.3765614E+002, 3.8549724E+002, 2.4703008E+002, 2.4756669E+002, 2.5014845E+002, 2.1574268E+000, 1.8823737E+000, 1.7460308E+000, 1.6937792E+000, 1.4416989E+000, 1.2875329E+000, 1.0381959E+000, 8.9631881E-001,-1.2149916E+000,-2.0655837E+000,-2.4761095E+000,-2.0754579E+000,-7.4535345E-001,-6.1517720E-001, 6.7573610E-001,-5.7999502E-001, 4.4452433E+000, 6.4395779E+000, 5.3972455E+000, 4.8607955E+000, 1.6653127E+000, 2.2282058E+000, 3.6913456E+000, 3.3144161E+004, 3.7511388E-001, 1.7266488E+001, 8.8404816E+000
 1.2400920E+002, 1.9999680E+001, 2.0003196E+001, 2.0012062E+001, 2.0036826E+001, 2.0065064E+001, 2.0127092E+001, 2.0221351E+001, 2.0990002E+001, 1.6581191E+002, 1.9278070E+002, 2.2573069E+002, 2.1966018E+002, 2.0548712E+002, 2.3827809E+002, 2.4594750E+002, 2.8653999E+002, 2.9413973E+002, 2.9090393E+002, 2.7994204E+002, 2.7621188E+002, 2.6849742E+002, 2.4891487E+002, 2.5468027E+002, 2.3086848E+000, 2.1449226E+000, 2.0596774E+000, 1.9799168E+000, 2.0671725E+000, 1.8380080E+000, 1.7055870E+000, 1.3503702E+000,-2.7856959E-001,-1.8661413E+000,-2.2995945E+000,-1.5202234E+000,-1.2446021E+000,-1.0166588E+000, 1.6442574E+000, 1.6379056E+000, 3.9347613E+000, 5.1808506E+000, 4.8447255E+000, 4.2450487E+000, 2.7398203E+000, 2.7612189E+000, 4.5657573E+000, 4.6790820E+004, 4.8699619E-001, 1.8203453E+001, 6.0646861E+000
 1.2501869E+002, 2.0000477E+001, 2.0002954E+001, 2.0008535E+001, 2.0035233E+001, 2.0063626E+001, 2.0111485E+001, 2.0204869E+001, 2.0668060E+001, 1.2565917E+002, 2.0909138E+002, 2.1237600E+002, 2.2217420E+002, 2.0798929E+002, 2.6749257E+002, 4.4724715E+002, 4.9352772E+002, 4.0056022E+002, 3.4412538E+002, 2.8123564E+002, 2.6175204E+002, 2.7346242E+002, 3.0090818E+002, 2.5310483E+002, 2.6844352E+000, 2.7164820E+000, 2.8115933E+000, 2.8526378E+000, 2.8298335E+000, 2.8698877E+000, 2.7365537E+000, 2.6466655E+000, 8.9939968E-001,-4.7184172E-001,-2.9937422E-001, 4.2863831E-001, 6.8474380E-001, 3.9520835E-001,-1.5332976E+000, 3.7175408E+000, 7.8641188E+000, 7.7264892E+000, 6.5418537E+000, 6.2511919E+000, 5.9588187E+000, 6.3464859E+000, 5.3289570E+000, 4.0746532E+004, 3.5313024E-001, 1.4858551E+001, 4.1672734E+001
 1.2601289E+002, 2.0002341E+001, 2.0001214E+001, 2.0009501E+001, 2.0038444E+001, 2.0059542E+001, 2.0108665E+001, 2.0187908E+001, 2.0398534E+001, 1.5088356E+002, 2.0649497E+002, 2.0446452E+002, 2.2405849E+002, 2.1351341E+002, 2.4875612E+002, 2.8003173E+002, 2.9704665E+002, 3.5247017E+002, 3.1018665E+002, 3.1811081E+002, 3.2493926E+002, 2.1088485E+002, 2.9085555E+002, 3.1198291E+002, 2.1280623E+000, 1.9850504E+000, 1.8138609E+000, 1.6429698E+000, 1.7259270E+000, 1.5070076E+000, 1.5095021E+000, 1.0096899E+000,-1.9930880E+000,-2.4588718E+000,-2.3637062E+000,-1.9570232E+000,-1.1942051E+000,-1.3225192E+000,-3.7599835E+000, 1.3015750E+000, 4.0364506E+000, 5.4712670E+000, 6.1015804E+000, 4.5195485E+000, 3.9178027E+000, 1.3242456E+000, 3.7333046E+000, 3.3676891E+004, 4.0222674E-001, 1.8340660E+001, 8.5045043E+000
 1.2701504E+002, 1.9999097E+001, 2.0001427E+001, 2.0010805E+001, 2.0040733E+001, 2.0076058E+001, 2.0116623E+001, 2.0212674E+001, 2.1177682E+001, 1.9258351E+002, 1.9462402E+002, 2.1545467E+002, 2.1033140E+002, 2.3071365E+002, 2.9293685E+002, 2.3677948E+002, 2.7777061E+002, 2.8414448E+002, 2.8895266E+002, 2.7272384E+002, 2.5056880E+002, 2.6171003E+002, 2.5250399E+002, 2.9468044E+002, 2.2226233E+000, 2.1907442E+000, 1.9740213E+000, 1.9739370E+000, 1.9147838E+000, 1.9847356E+000, 1.5857347E+000, 8.1931377E-001,-1.1366631E+000,-1.7708237E+000,-1.9971505E+000,-1.7430571E+000,-1.3605454E+000,-4.6342782E-001,-5.0070062E-001, 2.3549203E+000, 3.7852146E+000, 3.9378013E+000, 5.3128323E+000, 5.5774264E+000, 4.6095827E+000, 2.6936644E+000, 3.6183902E+000, 4.4659104E+004, 5.3470626E-001, 2.0649859E+001, 5.1019680E+000
 1.2800746E+002, 1.9999346E+001, 2.0003483E+001, 2.0009456E+001, 2.0036363E+001, 2.0072949E+001, 2.0128486E+001, 2.0199626E+001, 2.0474929E+001, 1.7356109E+002, 1.8584872E+002, 2.1543412E+002, 2.1528451E+002, 2.2396683E+002, 3.0557270E+002, 4.3005116E+002, 4.5747406E+002, 3.7631282E+002, 3.0571516E+002, 2.5023466E+002, 2.4910161E+002, 2.5398033E+002, 2.5858594E+002, 2.4384861E+002, 2.6951014E+000, 2.7288969E+000, 2.7679098E+000, 2.7706678E+000, 2.7638699E+000, 2.8102024E+000, 2.9392216E+000, 2.3785023E+000, 7.4317339E-001,-7.5605256E-002, 1.3409345E-001, 5.0693541E-001, 7.6157497E-001, 1.5888596E+000, 7.2693562E-001, 3.3889234E+000, 8.6748621E+000, 7.1334295E+000, 5.4732008E+000, 6.2474172E+000, 6.8983572E+000, 6.0996958E+000, 5.4630932E+000, 4.1477843E+004, 3.8356337E-001, 1.5757885E+001, 4.6486430E+001
 1.2902280E+002, 2.0000118E+001, 2.0000935E+001, 2.0008024E+001, 2.0037899E+001, 2.0060917E+001, 2.0122527E+001, 2.0210382E+001, 2.0447514E+001, 1.6794221E+002, 1.8617300E+002, 2.0834252E+002, 2.2495884E+002, 2.4282265E+002, 2.7716162E+002, 3.5544611E+002, 4.4588528E+002, 3.9831111E+002, 3.2687017E+002, 3.0937723E+002, 2.4919389E+002, 2.2531399E+002, 2.5726917E+002, 2.5677081E+002, 2.1088712E+000, 1.8469610E+000, 1.8926553E+000, 1.5817405E+000, 1.6566949E+000, 1.4572683E+000, 1.5279271E+000, 1.1366378E+000,-1.4120738E+000,-2.1379883E+000,-2.1844693E+000,-2.1670074E+000,-1.7125283E+000,-3.1011313E+000,-2.8550110E+000, 2.2225010E+000, 3.9188415E+000, 6.9121706E+000, 5.7436803E+000, 2.7504376E+000, 3.3090365E+000, 2.5788964E+000, 2.1303969E+000, 3.3575385E+004, 3.8629709E-001, 1.7924267E+001, 1.5166305E+001
 1.3000501E+002, 1.9999334E+001, 1.9999903E+001, 2.0010637E+001, 2.0040404E+001, 2.0071949E+001, 2.0119231E+001, 2.0239064E+001, 2.2559191E+001, 1.7198703E+002, 1.9985129E+002, 2.2155756E+002, 2.3830627E+002, 2.5790720E+002, 2.3584749E+002, 2.9779667E+002, 3.5869138E+002, 3.2311724E+002, 3.3714291E+002, 3.0871386E+002, 2.6838477E+002, 2.5390217E+002, 2.3397605E+002, 2.6659365E+002, 2.2155922E+000, 2.2740718E+000, 2.1358475E+000, 2.1103409E+000, 1.8688005E+000, 1.8247068E+000, 1.6082141E+000, 1.3433635E+000,-1.2369179E+000,-1.3074706E+000,-1.9180641E+000,-1.9968259E+000,-3.4086082E+000,-1.1575454E+000,-2.3462472E-001, 3.0688098E+000, 4.3513852E+000, 6.0931893E+000, 7.2823036E+000, 7.0231873E+000, 4.7343007E+000, 4.0315966E+000, 4.3332012E+000, 4.6763605E+004, 5.0525742E-001, 1.8885089E+001, 8.7744885E+000
 1.3100167E+002, 1.9998646E+001, 2.0001061E+001, 2.0008815E+001, 2.0035789E+001, 2.0068478E+001, 2.0117628E+001, 2.0195474E+001, 2.0658005E+001, 1.6483453E+002, 1.9530566E+002, 2.2039499E+002, 2.5894194E+002, 2.3955287E+002, 2.6665100E+002, 4.0529376E+002, 4.6920172E+002, 4.4167751E+002, 3.6933726E+002, 3.1282874E+002, 2.7830432E+002, 2.6428659E+002, 2.5465606E+002, 2.3743828E+002, 2.7012402E+000, 2.7326572E+000, 2.6894653E+000, 2.8081068E+000, 2.9550356E+000, 2.7576912E+000, 2.7749099E+000, 2.2067046E+000, 2.7880366E-001, 7.7482931E-002,-1.4972878E-001,-1.0717290E+000,-1.0008059E+000,-6.3890094E-001,-6.7836766E-001, 4.4521990E+000, 7.0961664E+000, 7.6853390E+000, 6.9319403E+000, 7.4737808E+000, 7.6753588E+000, 7.3129748E+000, 5.9448143E+000, 3.9808213E+004, 3.6048130E-001, 1.5486413E+001, 2.8426030E+001
 1.3201739E+002, 1.9998839E+001, 2.0000622E+001, 2.0006223E+001, 2.0035943E+001, 2.0066190E+001, 2.0114565E+001, 2.0199291E+001, 2.0450778E+001, 1.6609235E+002, 2.0289424E+002, 2.2785541E+002, 2.3322133E+002, 2.3886975E+002, 2.5010504E+002, 2.8900117E+002, 3.6264528E+002, 3.0482236E+002, 2.9839091E+002, 3.8376270E+002, 3.6457687E+002, 2.4895466E+002, 2.5322580E+002, 2.6205360E+002, 2.0604081E+000, 1.9014133E+000, 1.8778771E+000, 1.5151948E+000, 1.5799481E+000, 1.6252949E+000, 1.3415470E+000, 1.3965370E+000,-1.4093496E+000,-2.2442918E+000,-3.2064052E+000,-3.0307659E+000,-2.7224002E+000,-1.7051529E+000,-1.3605881E+000,-1.5043379E+000, 3.7014525E+000, 4.1476987E+000, 4.2161659E+000, 5.0437710E+000, 3.8103926E+000, 3.2997611E+000, 3.9812647E+000, 3.3450902E+004, 3.9270632E-001, 1.8299838E+001, 9.0031134E+000
 1.3300992E+002, 2.0001115E+001, 1.9998883E+001, 2.0007400E+001, 2.0041563E+001, 2.0071641E+001, 2.0130183E+001, 2.0229319E+001, 2.0673435E+001, 1.8787136E+002, 2.1950111E+002, 1.9390561E+002, 1.9789595E+002, 2.2791309E+002, 2.4165552E+002, 2.5868673E+002, 2.6254990E+002, 2.7827328E+002, 2.3330647E+002, 2.5867527E+002, 3.6283316E+002, 3.2268079E+002, 2.4810900E+002, 2.4825944E+002, 2.2295130E+000, 2.1585764E+000, 2.1060449E+000, 1.7192289E+000, 1.6904932E+000, 1.7278499E+000, 1.7084196E+000, 1.5593982E+000,-6.0788958E-001,-2.6352671E+000,-2.4283343E+000,-2.5456303E+000,-2.6167955E+000,-1.6677681E+000, 8.1819715E-001, 1.4746749E-001, 3.5224282E+000, 4.4442664E+000, 4.2665905E+000, 2.8593465E+000, 5.3402372E+000, 3.5516155E+000, 4.5497558E+000, 4.4754114E+004, 4.9425140E-001, 1.9469633E+001, 4.9633746E+000
 1.3401539E+002, 2.0000056E+001, 2.0000034E+001, 2.0009567E+001, 2.0035227E+001, 2.0071994E+001, 2.0125773E+001, 2.0216660E+001, 2.0450423E+001, 1.8420425E+002, 2.0509113E+002, 1.6989722E+002, 1.8161179E+002, 2.5512369E+002, 4.0388702E+002, 4.7673302E+002, 4.2348778E+002, 3.5284080E+002, 2.7584999E+002, 2.3888588E+002, 2.2085893E+002, 3.1676831E+002, 3.0803147E+002, 2.5415655E+002, 2.5434184E+000, 2.6693248E+000, 2.6158433E+000, 2.8283835E+000, 2.7352412E+000, 2.6044418E+000, 2.5945178E+000, 2.3239196E+000, 6.1265443E-001,-6.7871921E-001, 7.5240202E-002, 3.2344350E-001,-4.9690845E-001,-1.2285969E+000, 4.3275501E-001, 4.7871863E+000, 6.7461980E+000, 5.6194101E+000, 6.0036337E+000, 6.2196336E+000, 5.1412477E+000, 7.2655902E+000, 6.4953940E+000, 4.2212145E+004, 3.8358964E-001, 1.5749763E+001, 3.2166457E+001
 1.3501503E+002, 1.9998311E+001, 2.0002496E+001, 2.0004441E+001, 2.0032397E+001, 2.0060898E+001, 2.0120882E+001, 2.0209874E+001, 2.1255476E+001, 1.9226951E+002, 1.8880377E+002, 1.6478146E+002, 1.8005290E+002, 2.5460700E+002, 3.1025189E+002, 3.1650506E+002, 3.6878519E+002, 3.0038349E+002, 3.1823865E+002, 3.2250283E+002, 2.9933056E+002, 2.2031825E+002, 2.9492425E+002, 2.9190529E+002, 2.1192721E+000, 2.0167127E+000, 1.8972630E+000, 1.7894080E+000, 1.7794198E+000, 1.6465768E+000, 1.4566465E+000, 1.1782202E+000,-1.6019861E+000,-2.1284772E+000,-1.7061787E+000,-1.2597851E+000,-1.3742005E+000,-3.0419640E+000,-3.1361210E-001, 1.8219096E+000, 4.1844205E+000, 6.5571166E+000, 5.9033412E+000, 4.5122829E+000, 3.2337071E+000, 2.4024621E+000, 3.8273047E+000, 3.3542023E+004, 3.8369411E-001, 1.7966103E+001, 9.3206885E+000
 1.3600017E+002, 2.0001131E+001, 2.0002841E+001, 2.0005355E+001, 2.0041374E+001, 2.0067261E+001, 2.0117389E+001, 2.0222129E+001, 5.6555818E+001, 1.8746559E+002, 1.6971546E+002, 1.7346218E+002, 2.0646072E+002, 3.0378807E+002, 3.0802622E+002, 2.7158777E+002, 3.1798834E+002, 2.6860827E+002, 2.4010394E+002, 2.4297567E+002, 3.2459009E+002, 2.7610069E+002, 2.7992808E+002, 2.8392623E+002, 2.2187126E+000, 2.0882746E+000, 2.2324850E+000, 2.0279504E+000, 2.0509529E+000, 2.0931044E+000, 1.8442861E+000, 8.1439411E-001,-1.1693259E+000,-1.3000481E+000,-1.4037680E+000,-1.5200237E+000,-3.5678959E+000, 8.0066676E-001, 1.3345973E+000, 1.4059526E+000, 3.5562670E+000, 5.6780615E+000, 4.7657478E+000, 4.3175520E+000, 5.2582464E+000, 2.3052589E+000, 4.0356917E+000, 4.4338993E+004, 6.7943794E-001, 1.9238605E+001, 7.2382553E+000
 1.3701272E+002, 2.0000883E+001, 1.9999903E+001, 2.0009602E+001, 2.0032198E+001, 2.0070828E+001, 2.0115075E+001, 2.0195670E+001, 3.1329518E+001, 1.7718064E+002, 1.6977219E+002, 1.8438960E+002, 2.3613345E+002, 2.4797963E+002, 3.5688300E+002, 4.7285438E+002, 4.9416176E+002, 3.9538919E+002, 3.3201174E+002, 2.5754422E+002, 2.3589525E+002, 2.8072480E+002, 2.9070356E+002, 2.6688172E+002, 2.6578442E+000, 2.6155279E+000, 2.7326875E+000, 2.8550421E+000, 2.7765057E+000, 2.7905789E+000, 2.8172825E+000, 2.1742255E+000, 2.6880818E-001, 2.7424671E-001,-9.8591985E-003,-8.2594702E-001,-8.7910094E-002,-2.2527185E-001,-2.8520108E-001, 2.4194001E+000, 7.0469957E+000, 7.5400784E+000, 6.5908087E+000, 7.0227510E+000, 6.4498384E+000, 6.8964397E+000, 5.3604034E+000, 4.1393185E+004, 4.6701794E-001, 1.5099609E+001, 5.0848929E+001
 1.3802012E+002, 1.9998927E+001, 2.0002342E+001, 2.0009977E+001, 2.0028018E+001, 2.0056007E+001, 2.0114118E+001, 2.0192533E+001, 2.3149964E+001, 1.7093646E+002, 1.6814512E+002, 1.9686779E+002, 2.2675353E+002, 2.2758377E+002, 2.9010301E+002, 3.1203751E+002, 3.7274888E+002, 4.1244601E+002, 3.0386793E+002, 2.8809758E+002, 2.9847743E+002, 2.2584069E+002, 2.6283717E+002, 2.7680998E+002, 2.2116091E+000, 1.9671942E+000, 1.8308078E+000, 1.9534429E+000, 1.8868623E+000, 1.7593016E+000, 1.6914349E+000, 1.1652279E+000,-1.2511445E+000,-1.3087681E+000,-2.2844402E+000,-1.7665824E+000,-1.3857129E+000,-2.2107782E+000,-2.1968040E+000, 2.3668640E+000, 3.7272016E+000, 4.6813277E+000, 6.0827001E+000, 5.5726757E+000, 3.0932272E+000, 3.0499859E+000, 3.1190381E+000, 3.4307106E+004, 3.8486645E-001, 1.6954127E+001, 1.1944726E+001
 1.3900839E+002, 1.9998652E+001, 2.0003048E+001, 2.0007595E+001, 2.0040034E+001, 2.0057539E+001, 2.0123023E+001, 2.0211631E+001, 2.7417188E+001, 1.6532357E+002, 1.8697647E+002, 2.0788562E+002, 2.1865636E+002, 2.0803582E+002, 2.9254986E+002, 2.4460583E+002, 2.6187099E+002, 2.8289535E+002, 2.7557627E+002, 2.6099186E+002, 2.5820374E+002, 2.6981957E+002, 2.3350912E+002, 2.7075290E+002, 2.0972697E+000, 2.0672414E+000, 1.8965518E+000, 1.7466873E+000, 1.9290812E+000, 1.7238643E+000, 1.8201745E+000, 1.0633315E+000,-2.3521252E-001,-2.2640879E+000,-2.0939135E+000,-2.0343577E+000,-1.9457603E+000,-6.3778420E-001, 1.2329748E+000, 1.7517854E+000, 2.6861264E+000, 4.1854562E+000, 4.6483381E+000, 4.3721145E+000, 4.0846491E+000, 3.3686328E+000, 3.2624210E+000, 4.4221748E+004, 5.1261512E-001, 1.8952768E+001, 5.1466363E+000
 1.4001190E+002, 1.9999484E+001, 2.0000207E+001, 2.0008877E+001, 2.0039260E+001, 2.0070489E+001, 2.0105468E+001, 2.0201118E+001, 2.2488665E+001, 1.5606863E+002, 1.7893646E+002, 2.1390763E+002, 2.1174375E+002, 1.9799453E+002, 2.6832979E+002, 4.9890682E+002, 5.0591465E+002, 4.1680922E+002, 3.2764242E+002, 2.5910883E+002, 2.3683337E+002, 2.5763521E+002, 2.7014146E+002, 2.3693556E+002, 2.5308547E+000, 2.7400016E+000, 2.7273541E+000, 2.7445147E+000, 2.8036695E+000, 2.8190810E+000, 2.7914518E+000, 2.6258794E+000, 1.2598899E+000,-6.8639904E-001,-1.4062439E-001, 5.4795933E-001, 8.7368237E-001, 1.8506380E+000, 2.1445592E+000, 5.4381890E+000, 8.8685769E+000, 7.5383196E+000, 6.3390188E+000, 6.5433629E+000, 6.4599245E+000, 7.1954937E+000, 5.8088425E+000, 4.2580358E+004, 3.9595893E-001, 1.5556519E+001, 5.0691501E+001
 1.4101096E+002, 1.9999582E+001, 1.9999539E+001, 2.0010255E+001, 2.0032775E+001, 2.0065056E+001, 2.0114357E+001, 2.0173316E+001, 2.0341071E+001, 1.5097941E+002, 1.7997095E+002, 2.0396686E+002, 2.0538460E+002, 2.0311950E+002, 2.2905477E+002, 3.1393039E+002, 4.1599053E+002, 3.4942887E+002, 3.4064341E+002, 3.7487113E+002, 3.3998143E+002, 2.1921777E+002, 2.4914034E+002, 2.7336517E+002, 2.1816095E+000, 2.0142850E+000, 1.9765373E+000, 1.7785182E+000, 1.9146986E+000, 1.8543470E+000, 1.7479469E+000, 1.3516513E+000,-5.7890313E-001,-1.8483747E+000,-1.9999129E+000,-1.2637970E+000,-5.5803007E-001,-1.3501960E-001,-2.9797897E+000,-2.8191227E-001, 4.8526308E+000, 6.4193275E+000, 6.6407072E+000, 6.3066060E+000, 4.2216918E+000, 2.8987511E+000, 5.1356044E+000, 3.3898383E+004, 3.6927028E-001, 1.7189038E+001, 1.2002979E+001
 1.4201493E+002, 1.9997014E+001, 2.0000127E+001, 2.0006938E+001, 2.0034474E+001, 2.0068301E+001, 2.0128029E+001, 2.0209760E+001, 2.0442186E+001, 1.6756729E+002, 1.9849081E+002, 1.8960527E+002, 1.9235375E+002, 2.1117157E+002, 3.0270798E+002, 3.3200124E+002, 3.1378214E+002, 2.7835438E+002, 2.6338196E+002, 2.7230866E+002, 2.9946041E+002, 2.8301228E+002, 2.2254830E+002, 2.6463507E+002, 2.3091227E+000, 2.0120049E+000, 2.0677765E+000, 1.8688333E+000, 1.8451270E+000, 1.8186745E+000, 1.7773539E+000, 1.5938624E+000, 5.4969481E-002,-2.0930969E+000,-1.8125637E+000,-1.7269838E+000,-5.3362171E-001,-2.7288629E+000, 1.1072961E+000,-4.5907340E-001, 3.5118803E+000, 5.5117659E+000, 5.1204553E+000, 4.1286965E+000, 5.8446497E+000, 3.7942578E+000, 3.5224987E+000, 4.3480878E+004, 4.6763797E-001, 1.9210550E+001, 6.7154403E+000
 1.4300648E+002, 1.9998661E+001, 2.0001427E+001, 2.0005251E+001, 2.0039199E+001, 2.0065416E+001, 2.0118658E+001, 2.0214293E+001, 2.0711049E+001, 1.4729471E+002, 1.8566697E+002, 1.8086337E+002, 1.9299499E+002, 1.9913608E+002, 3.0550877E+002, 5.6097100E+002, 5.7334587E+002, 4.8437946E+002, 3.8158389E+002, 2.9000607E+002, 2.3361883E+002, 2.8084822E+002, 2.8391878E+002, 2.4032512E+002, 2.5814145E+000, 2.6877555E+000, 2.6854988E+000, 2.7003086E+000, 2.7213591E+000, 2.7229258E+000, 2.6811013E+000, 2.8375114E+000, 1.3501956E+000,-4.1003422E-001, 3.0116056E-001, 5.3703261E-001, 1.7066397E+000, 6.7297837E-001, 1.5196861E+000, 5.9180768E+000, 8.8264616E+000, 8.4179977E+000, 7.9484486E+000, 7.8092865E+000, 6.5302299E+000, 7.8302470E+000, 5.2422667E+000, 4.2077173E+004, 3.9112685E-001, 1.5871368E+001, 6.0837589E+001
 1.4402626E+002, 1.9998879E+001, 1.9997622E+001, 2.0005569E+001, 2.0030391E+001, 2.0067059E+001, 2.0107301E+001, 2.0196441E+001, 2.1186678E+001, 1.2781001E+002, 1.8145382E+002, 1.7811540E+002, 1.8564420E+002, 1.9022653E+002, 2.5637250E+002, 3.8113939E+002, 3.4012858E+002, 2.8694359E+002, 3.2349094E+002, 3.8305819E+002, 4.1112513E+002, 2.1869037E+002, 2.6097351E+002, 2.7884098E+002, 2.2792724E+000, 2.2035937E+000, 1.8644041E+000, 2.0355090E+000, 1.7731892E+000, 1.8319560E+000, 1.6484254E+000, 1.5739881E+000,-5.4672704E-001,-1.6345574E+000,-1.3943231E+000,-1.2144554E+000,-3.5719481E-001,-1.5971058E+000,-2.2602997E+000, 2.0430335E+000, 4.5441992E+000, 6.2329304E+000, 5.8502577E+000, 4.5951527E+000, 4.3689553E+000, 2.8269473E+000, 4.7444774E+000, 3.3647418E+004, 3.9202126E-001, 1.7992104E+001, 9.4188602E+000
 1.4501376E+002, 2.0000493E+001, 2.0000708E+001, 2.0009609E+001, 2.0031109E+001, 2.0070034E+001, 2.0126152E+001, 2.0210199E+001, 2.6632244E+001, 1.7455966E+002, 1.8774110E+002, 1.7862821E+002, 2.0077815E+002, 2.1663168E+002, 2.4493507E+002, 3.1827324E+002, 3.1412312E+002, 2.9682971E+002, 2.4348561E+002, 2.2866561E+002, 2.8789271E+002, 3.2675331E+002, 2.3868358E+002, 2.5635341E+002, 2.2626965E+000, 1.9799517E+000, 1.8773192E+000, 1.8573277E+000, 1.8174443E+000, 1.7049380E+000, 1.5118340E+000, 1.2021347E+000,-1.7764436E+000,-1.6414439E+000,-1.8118810E+000,-1.9347051E+000,-1.5553224E+000,-2.1185691E+000,-1.0907191E+000, 1.5417250E+000, 4.4151808E+000, 3.9993183E+000, 4.7738460E+000, 4.2346567E+000, 4.1551368E+000, 2.6004127E+000, 3.4219523E+000, 4.3686608E+004, 5.1885557E-001, 1.8760419E+001, 6.2125984E+000
 1.4600758E+002, 2.0000101E+001, 2.0000083E+001, 2.0005654E+001, 2.0031921E+001, 2.0059982E+001, 2.0121679E+001, 2.0208135E+001, 2.3199630E+001, 1.6036033E+002, 1.9319117E+002, 1.8765330E+002, 2.0706806E+002, 2.3206391E+002, 2.8021257E+002, 4.1593166E+002, 4.7435417E+002, 3.9759424E+002, 3.2671423E+002, 2.7607387E+002, 2.4716188E+002, 2.8651108E+002, 2.9612389E+002, 2.4581375E+002, 2.6136909E+000, 2.7082403E+000, 2.9177946E+000, 2.7320178E+000, 2.8711213E+000, 2.8098084E+000, 2.8770292E+000, 2.9330331E+000, 2.9915963E-002, 2.8925728E-001, 1.8866260E-001, 1.5050317E-001,-1.3820740E+000,-1.3177518E+000,-1.3192544E-001, 3.8757863E+000, 7.2051601E+000, 7.0272484E+000, 6.6691539E+000, 7.4174703E+000, 6.4760955E+000, 6.9515750E+000, 6.1227531E+000, 4.3071224E+004, 4.0404647E-001, 1.5489017E+001, 3.1218624E+001
 1.4702074E+002, 1.9996700E+001, 2.0002010E+001, 2.0007523E+001, 2.0034475E+001, 2.0055905E+001, 2.0096174E+001, 2.0196057E+001, 2.3279249E+001, 1.4589753E+002, 1.8803749E+002, 1.9698391E+002, 2.1337160E+002, 2.2375519E+002, 2.7304249E+002, 3.7228359E+002, 4.6237150E+002, 4.1453566E+002, 3.6962430E+002, 3.5103103E+002, 3.3894790E+002, 2.3798172E+002, 2.7391615E+002, 2.9509819E+002, 2.2408428E+000, 2.0895350E+000, 1.9536586E+000, 1.8573699E+000, 1.7623788E+000, 1.7389813E+000, 1.4768348E+000, 1.4635131E+000,-1.6056005E+000,-1.5852794E+000,-1.9780417E+000,-2.0452712E+000,-1.5765929E+000,-3.0912635E+000,-2.9479210E+000, 8.0566800E-001, 3.5314756E+000, 6.3417399E+000, 7.6439740E+000, 5.9210354E+000, 4.0257597E+000, 2.4608565E+000, 3.3997519E+000, 3.3303452E+004, 3.6583068E-001, 1.6790779E+001, 1.4434774E+001
 1.4801612E+002, 1.9997067E+001, 2.0002023E+001, 2.0007786E+001, 2.0037295E+001, 2.0066960E+001, 2.0109143E+001, 2.0201711E+001, 7.0837860E+001, 1.6704159E+002, 1.9399950E+002, 2.1146331E+002, 2.1276625E+002, 2.5548873E+002, 2.8657552E+002, 3.1736895E+002, 3.5110234E+002, 3.2961526E+002, 3.1221130E+002, 2.8618606E+002, 2.6611995E+002, 2.8684042E+002, 2.4440364E+002, 2.8450597E+002, 2.1308980E+000, 2.0544283E+000, 1.9184516E+000, 1.8868440E+000, 1.7101097E+000, 1.6194535E+000, 1.5154331E+000,-2.5059767E-001,-1.2836072E+000,-2.4012518E+000,-2.5559780E+000,-2.4588368E+000,-3.9755017E+000,-1.7683867E+000, 4.7813846E-001, 3.7817009E+000, 5.0269225E+000, 6.0749279E+000, 5.8746191E+000, 5.4444138E+000, 4.4784807E+000, 2.8482466E+000, 3.3014068E+000, 4.3591742E+004, 7.9035208E-001, 1.9501363E+001, 8.4526446E+000
 1.4901367E+002, 1.9998437E+001, 1.9997691E+001, 2.0009223E+001, 2.0032753E+001, 2.0066340E+001, 2.0115720E+001, 2.0189230E+001, 9.0772815E+001, 1.6747470E+002, 2.0058272E+002, 2.0503463E+002, 2.3681315E+002, 2.5322753E+002, 3.4191748E+002, 5.0031746E+002, 5.3674326E+002, 4.6225891E+002, 3.9185571E+002, 3.1812518E+002, 2.5731939E+002, 2.7304048E+002, 2.8387508E+002, 2.5258189E+002, 2.5720088E+000, 2.8045167E+000, 2.8064704E+000, 2.8621942E+000, 2.9609497E+000, 2.8285859E+000, 2.7179343E+000, 3.9765222E-003,-1.7984073E-002,-8.0983261E-001,-2.3738069E-002, 2.1994323E-001,-1.2796454E+000,-9.5789136E-001, 1.6587199E+000, 7.2640274E+000, 9.5502159E+000, 9.2006214E+000, 8.8073408E+000, 8.1440179E+000, 6.8451386E+000, 6.9539455E+000, 5.2701398E+000, 4.2875968E+004, 8.7393551E-001, 1.5577701E+001, 4.8501391E+001
 1.5001257E+002, 1.9999288E+001, 1.9997853E+001, 2.0008692E+001, 2.0035161E+001, 2.0057041E+001, 2.0112541E+001, 2.0192935E+001, 6.1644684E+001, 1.6752229E+002, 1.8917491E+002, 1.9818336E+002, 2.3976652E+002, 3.1509297E+002, 2.9070879E+002, 2.9662080E+002, 3.5623346E+002, 3.8385457E+002, 3.2935454E+002, 3.7561643E+002, 3.9431831E+002, 2.5130721E+002, 2.5716517E+002, 2.8138948E+002, 2.1308767E+000, 2.0171784E+000, 1.9000851E+000, 1.5961300E+000, 1.7651768E+000, 1.7494270E+000, 1.5753841E+000, 1.1228789E-001,-2.2004430E+000,-2.3619492E+000,-2.1464554E+000,-1.7271361E+000,-3.2890787E+000,-3.1239222E+000,-1.4132435E+000, 2.1709985E+000, 4.1586856E+000, 4.5282544E+000, 5.7038688E+000, 6.8122998E+000, 4.1385218E+000, 2.7817724E+000, 3.6891096E+000, 3.3055499E+004, 6.2182961E-001, 1.7978653E+001, 8.8115954E+000
 1.5100026E+002, 2.0000796E+001, 1.9999503E+001, 2.0004940E+001, 2.0036950E+001, 2.0075911E+001, 2.0116835E+001, 2.0224634E+001, 1.3603513E+002, 1.7135028E+002, 1.8778177E+002, 2.4238470E+002, 2.5904541E+002, 2.4216562E+002, 2.7991697E+002, 2.7201358E+002, 3.0047727E+002, 2.9045086E+002, 2.9090202E+002, 2.6807551E+002, 2.7849215E+002, 3.2674544E+002, 2.5026714E+002, 2.7425153E+002, 2.2006411E+000, 1.9435626E+000, 1.9676916E+000, 1.9063273E+000, 1.6790000E+000, 1.8207054E+000, 1.6540878E+000,-1.7510440E+000,-2.3523211E+000,-2.1180881E+000,-2.4878747E+000,-3.2087331E+000,-2.6593441E+000,-1.4619112E+000,-3.7284081E-001, 2.6083620E+000, 4.7800546E+000, 5.0333976E+000, 4.7412901E+000, 4.3230760E+000, 5.2659844E+000, 3.7045031E+000, 3.4097652E+000, 4.3978391E+004, 1.4235605E+000, 1.9148446E+001, 5.8770586E+000
 1.5200921E+002, 2.0000354E+001, 2.0000188E+001, 2.0004112E+001, 2.0038051E+001, 2.0068828E+001, 2.0121552E+001, 2.0208437E+001, 1.0249596E+002, 1.6345269E+002, 2.1089252E+002, 2.5443191E+002, 2.2445172E+002, 2.0250153E+002, 3.4111540E+002, 4.3069965E+002, 4.9220273E+002, 4.3467375E+002, 3.6800053E+002, 2.8599011E+002, 2.6599217E+002, 2.6498057E+002, 2.8577252E+002, 2.5399823E+002, 2.5501500E+000, 2.6874060E+000, 2.7804092E+000, 2.7973226E+000, 2.7862686E+000, 2.5908044E+000, 2.7362972E+000, 3.6912820E-001,-3.3343193E-001,-7.0703447E-001,-1.2486683E+000, 1.3119021E-001, 7.6332142E-001,-1.0885730E+000, 8.5869265E-001, 5.7905059E+000, 8.6327005E+000, 8.2393245E+000, 7.5309233E+000, 7.7766328E+000, 7.3049087E+000, 7.0081402E+000, 6.8408373E+000, 4.2356528E+004, 1.0116042E+000, 1.5405749E+001, 4.9328908E+001
 1.5300738E+002, 2.0001392E+001, 2.0002546E+001, 2.0005763E+001, 2.0028225E+001, 2.0066403E+001, 2.0111929E+001, 2.0206046E+001, 7.6447603E+001, 1.8258626E+002, 2.1455079E+002, 2.3176069E+002, 2.3143977E+002, 2.2154345E+002, 3.0099098E+002, 2.9817933E+002, 3.4932765E+002, 3.4848972E+002, 3.5181490E+002, 4.2771632E+002, 3.9818730E+002, 2.5368483E+002, 2.5449068E+002, 2.7715490E+002, 2.1369716E+000, 1.9189444E+000, 1.7929805E+000, 1.7729998E+000, 1.7263429E+000, 1.5203791E+000, 1.1887614E+000,-6.0221191E-001,-2.5075196E+000,-3.5412334E+000,-3.1882822E+000,-1.9380683E+000,-8.0398845E-001,-2.4148349E+000,-2.2978217E+000, 1.8676423E+000, 4.4841756E+000, 6.0042581E+000, 5.9697177E+000, 5.4180729E+000, 4.2848359E+000, 3.0949561E+000, 2.3714268E+000, 3.3129626E+004, 7.4812394E-001, 1.8578287E+001, 1.1043533E+001
 1.5401191E+002, 1.9998332E+001, 2.0001962E+001, 2.0006942E+001, 2.0031001E+001, 2.0066348E+001, 2.0126866E+001, 2.0234031E+001, 1.4647206E+002, 1.9592258E+002, 2.0382250E+002, 2.2267848E+002, 2.3787452E+002, 2.7417324E+002, 2.7534837E+002, 2.7052913E+002, 2.7080752E+002, 2.9627655E+002, 2.9853859E+002, 2.8851622E+002, 3.2186891E+002, 3.4575076E+002, 2.5298261E+002, 2.6335778E+002, 2.2407859E+000, 2.0232603E+000, 2.0194930E+000, 2.0731285E+000, 2.0268799E+000, 1.9389006E+000, 1.5900367E+000,-1.1717740E+000,-2.5229303E+000,-2.8510008E+000,-2.2523576E+000,-1.6809450E+000,-2.6191049E+000,-1.9299835E+000, 4.1392502E-001, 2.6675385E+000, 4.4808871E+000, 5.2142251E+000, 5.5712525E+000, 6.0870136E+000, 6.9201057E+000, 4.9802846E+000, 4.0749486E+000, 4.6139030E+004, 1.5163966E+000, 1.8609968E+001, 5.7117537E+000
 1.5501248E+002, 1.9998210E+001, 2.0001557E+001, 2.0009747E+001, 2.0032707E+001, 2.0060081E+001, 2.0117695E+001, 2.0212064E+001, 1.2425487E+002, 1.7902908E+002, 1.9658955E+002, 1.9876966E+002, 2.4161600E+002, 2.5597598E+002, 3.2411370E+002, 4.6183169E+002, 5.2438106E+002, 4.5635502E+002, 3.6226834E+002, 2.7088825E+002, 2.4880632E+002, 2.9037663E+002, 3.1569499E+002, 2.6724403E+002, 2.7066983E+000, 2.7154837E+000, 2.7340573E+000, 2.7367316E+000, 2.9335309E+000, 2.7964371E+000, 2.7345533E+000, 6.7890745E-001,-7.9231819E-001,-8.8649790E-001,-5.7129239E-002, 4.9278418E-001,-4.8892107E-001,-1.7879315E+000, 1.6282754E+000, 5.0375824E+000, 8.8964600E+000, 8.4679335E+000, 6.5747558E+000, 6.8461107E+000, 6.8735837E+000, 8.4290316E+000, 7.1923477E+000, 4.0612185E+004, 1.2132790E+000, 1.5371497E+001, 3.4989530E+001
 1.5600024E+002, 2.0000220E+001, 1.9999793E+001, 2.0009681E+001, 2.0032837E+001, 2.0059534E+001, 2.0103471E+001, 2.0208142E+001, 1.0446298E+002, 1.7371645E+002, 1.7810808E+002, 1.9851329E+002, 2.4409985E+002, 2.8366495E+002, 3.1878545E+002, 3.8137053E+002, 4.0923398E+002, 3.8439028E+002, 3.5099158E+002, 4.1411067E+002, 3.5145119E+002, 2.3556167E+002, 2.9550286E+002, 2.8198416E+002, 2.1281699E+000, 1.9796940E+000, 1.8419944E+000, 1.7407020E+000, 1.7251255E+000, 1.8158840E+000, 1.3890293E+000,-2.1571411E-001,-2.6428199E+000,-2.9576266E+000,-2.4068748E+000,-2.2945130E+000,-2.7031447E+000,-2.6343243E+000,-3.3803357E+000, 1.0774794E-001, 4.7508594E+000, 5.6303486E+000, 6.9208524E+000, 6.2716892E+000, 3.7309578E+000, 2.2587430E+000, 3.2864862E+000, 3.3908138E+004, 9.5312483E-001, 1.7435818E+001, 1.2140245E+001
 1.5700185E+002, 2.0000658E+001, 1.9998674E+001, 2.0007329E+001, 2.0038037E+001, 2.0067482E+001, 2.0113271E+001, 2.0209109E+001, 1.5946138E+002, 1.6740104E+002, 1.7422319E+002, 2.3943577E+002, 2.6883486E+002, 2.2728992E+002, 2.9190882E+002, 2.7894836E+002, 3.2046530E+002, 2.7678788E+002, 2.8022045E+002, 2.7001773E+002, 3.2230786E+002, 3.0080946E+002, 2.6775059E+002, 2.7027669E+002, 2.1509046E+000, 2.2428681E+000, 2.0261088E+000, 2.0177150E+000, 1.9562074E+000, 2.0479925E+000, 1.9731881E+000,-1.1602792E+000,-2.3263085E+000,-2.5059759E+000,-2.3837883E+000,-2.9996773E+000,-2.3140218E+000,-1.0915020E+000, 2.0781162E-001, 1.6932166E+000, 3.1489909E+000, 5.5518445E+000, 5.6490008E+000, 5.2801334E+000, 6.3984226E+000, 2.5841927E+000, 3.7033061E+000, 4.4507201E+004, 1.6233604E+000, 1.8831280E+001, 6.4818190E+000
 1.5800181E+002, 2.0000675E+001, 2.0001620E+001, 2.0008038E+001, 2.0038961E+001, 2.0067849E+001, 2.0115237E+001, 2.0191923E+001, 7.6573671E+001, 1.5916615E+002, 1.8433109E+002, 2.3025645E+002, 2.5538726E+002, 2.0008593E+002, 3.4657429E+002, 3.6779834E+002, 4.9798154E+002, 4.0315569E+002, 3.2342174E+002, 2.3817383E+002, 2.1779976E+002, 2.8306812E+002, 2.9691781E+002, 2.6344836E+002, 2.5230345E+000, 2.7234401E+000, 2.7407984E+000, 2.7569560E+000, 2.7774653E+000, 2.6488678E+000, 2.8888307E+000, 2.1164138E+000,-4.4504516E-001,-9.1230468E-001,-1.0100888E+000,-4.6564421E-001, 1.5488167E+000,-1.0794753E+000, 1.2176743E+000, 4.3816683E+000, 8.0133358E+000, 8.0058634E+000, 6.8310423E+000, 7.0319253E+000, 6.6926036E+000, 7.9774460E+000, 5.4507680E+000, 4.0570349E+004, 8.0925586E-001, 1.5061358E+001, 4.8166132E+001
 1.5900509E+002, 1.9999945E+001, 2.0002179E+001, 2.0004859E+001, 2.0031071E+001, 2.0065301E+001, 2.0108828E+001, 2.0191709E+001, 2.7033806E+001, 1.6038669E+002, 1.8103967E+002, 1.8696769E+002, 2.2560066E+002, 2.2117908E+002, 2.4173971E+002, 1.9671497E+002, 3.9372737E+002, 3.7124085E+002, 3.2504363E+002, 3.7348369E+002, 3.4277644E+002, 1.9995248E+002, 2.8348983E+002, 2.8656570E+002, 2.0217067E+000, 1.8522131E+000, 2.0371891E+000, 1.8441257E+000, 1.8003349E+000, 1.6304486E+000, 1.6214906E+000, 1.0580764E+000,-2.0786130E+000,-3.0066078E+000,-2.8365231E+000,-2.3242325E+000,-6.3950499E-001,-2.0404557E+000, 1.4682491E+000, 6.4638299E-001, 4.2787812E+000, 5.7315342E+000, 5.8205484E+000, 5.6568326E+000, 4.2491736E+000, 2.5517306E+000, 4.3767911E+000, 3.3586041E+004, 4.0128757E-001, 1.7790431E+001, 1.0903353E+001
 1.6000795E+002, 2.0001403E+001, 2.0002399E+001, 2.0008421E+001, 2.0036488E+001, 2.0068245E+001, 2.0123476E+001, 2.0218067E+001, 3.9459597E+001, 1.7418765E+002, 1.5860418E+002, 1.9469068E+002, 2.3230192E+002, 2.1988114E+002, 2.4843872E+002, 2.2818603E+002, 3.0842606E+002, 2.5003929E+002, 2.5946871E+002, 2.7797871E+002, 3.1484251E+002, 3.0204059E+002, 2.2683734E+002, 2.6898665E+002, 2.2048219E+000, 1.9328656E+000, 2.0342455E+000, 1.8840828E+000, 2.0094942E+000, 1.7171596E+000, 1.4118333E+000, 1.0967246E+000,-2.4999503E+000,-2.1884289E+000,-2.3657556E+000,-1.7623627E+000,-2.1088759E+000,-1.1454221E+000, 9.7278606E-001, 1.4476152E+000, 2.2724090E+000, 4.7821497E+000, 5.6200873E+000, 5.2516439E+000, 6.2724649E+000, 4.0247110E+000, 3.9323804E+000, 4.5092970E+004, 6.0276278E-001, 1.8816411E+001, 5.3911597E+000
 1.6101210E+002, 1.9999198E+001, 2.0001863E+001, 2.0009770E+001, 2.0032712E+001, 2.0066558E+001, 2.0119637E+001, 2.0210511E+001, 2.4224631E+001, 1.6423612E+002, 1.5717395E+002, 2.0063313E+002, 2.2098893E+002, 2.4089391E+002, 4.4674339E+002, 5.3014729E+002, 4.7976697E+002, 4.1718762E+002, 3.4370418E+002, 2.5512367E+002, 2.3743372E+002, 2.7575198E+002, 3.0199580E+002, 2.5548518E+002, 2.6367518E+000, 2.5856063E+000, 2.6810825E+000, 2.7796102E+000, 2.8399644E+000, 2.8360085E+000, 2.7084772E+000, 2.4094275E+000,-3.2161581E-001,-3.1691518E-001,-4.7825467E-001, 2.8662558E-002,-6.9932144E-001,-7.5506814E-001,-4.5340826E-001, 3.5838427E+000, 7.8939969E+000, 7.6752913E+000, 6.0621140E+000, 6.5774618E+000, 7.0573817E+000, 7.7827752E+000, 6.1937955E+000, 4.1803094E+004, 4.2342743E-001, 1.6021030E+001, 4.1137141E+001
 1.6200059E+002, 2.0000144E+001, 2.0002797E+001, 2.0009771E+001, 2.0035011E+001, 2.0060180E+001, 2.0111020E+001, 2.0205239E+001, 3.2256953E+001, 1.5681676E+002, 1.7590874E+002, 2.0500708E+002, 1.9505024E+002, 2.7222523E+002, 3.6613057E+002, 3.6888911E+002, 3.3526309E+002, 3.5215802E+002, 3.2102559E+002, 3.6510210E+002, 3.3258140E+002, 2.3215552E+002, 2.6313091E+002, 2.9848915E+002, 2.0620824E+000, 1.8702656E+000, 1.6674360E+000, 1.7424238E+000, 1.7345247E+000, 1.5529151E+000, 1.2715275E+000, 6.2945989E-001,-1.7478579E+000,-2.3215130E+000,-2.8732225E+000,-2.3727329E+000,-2.5005007E+000,-2.7225611E+000,-3.7210766E+000,-8.6990824E-001, 4.3534102E+000, 6.3602838E+000, 5.9328586E+000, 5.2686489E+000, 3.4970793E+000, 2.7566566E+000, 3.5785252E+000, 3.3671862E+004, 4.4110932E-001, 1.8590791E+001, 9.3828950E+000
 1.6300465E+002, 1.9999060E+001, 2.0002095E+001, 2.0010736E+001, 2.0041900E+001, 2.0068275E+001, 2.0122809E+001, 2.0208552E+001, 3.9151568E+001, 1.6128020E+002, 1.8423674E+002, 1.8190236E+002, 2.4145697E+002, 2.6914595E+002, 2.8543036E+002, 3.0827218E+002, 3.2468875E+002, 3.0977223E+002, 3.1431927E+002, 2.8178440E+002, 2.7283913E+002, 2.9358455E+002, 2.4897792E+002, 2.6948088E+002, 2.3283215E+000, 2.2350874E+000, 1.9642388E+000, 1.9953888E+000, 2.1128991E+000, 1.9739066E+000, 1.8733967E+000, 9.7442071E-001,-1.4640435E+000,-2.1008879E+000,-2.0166621E+000,-2.3722571E+000,-2.7481752E+000,-1.9017664E+000,-1.5522876E-001, 2.2483854E+000, 4.7641585E+000, 6.0508590E+000, 6.6713545E+000, 6.3303109E+000, 5.7805587E+000, 4.7576838E+000, 4.5376785E+000, 4.5913528E+004, 5.8987732E-001, 1.8434529E+001, 7.5992997E+000
 1.6400228E+002, 1.9996648E+001, 2.0000968E+001, 2.0010238E+001, 2.0037023E+001, 2.0070167E+001, 2.0113913E+001, 2.0197480E+001, 3.1072900E+001, 1.5990943E+002, 1.6571309E+002, 1.8072669E+002, 2.1327646E+002, 2.3404394E+002, 2.7060163E+002, 3.8840471E+002, 4.8146554E+002, 3.9379743E+002, 3.6162921E+002, 2.7870612E+002, 2.5409828E+002, 2.4417998E+002, 2.8773329E+002, 2.4863837E+002, 2.6662050E+000, 2.6282748E+000, 2.6288801E+000, 2.6781553E+000, 2.7343044E+000, 2.8792813E+000, 2.6535151E+000, 2.4726590E+000,-1.7475289E-001,-5.7877150E-001,-9.7346056E-002,-2.1030611E-001, 8.4596530E-001, 6.9465015E-001, 1.7930047E+000, 4.9726452E+000, 6.4507253E+000, 6.1547162E+000, 6.5397095E+000, 6.6927431E+000, 6.9010903E+000, 7.3714773E+000, 5.5168619E+000, 3.9367555E+004, 4.5938664E-001, 1.5252431E+001, 3.7974050E+001
 1.6500357E+002, 2.0000771E+001, 2.0000132E+001, 2.0010647E+001, 2.0038389E+001, 2.0063272E+001, 2.0118814E+001, 2.0199451E+001, 4.7354438E+001, 1.5809237E+002, 1.6404553E+002, 1.9600876E+002, 2.1130171E+002, 2.2449430E+002, 2.4046756E+002, 2.2179988E+002, 2.6881790E+002, 2.7087318E+002, 2.7267358E+002, 3.6196916E+002, 3.2393174E+002, 2.4470884E+002, 2.4607126E+002, 2.8213938E+002, 2.0528580E+000, 1.8973994E+000, 1.7361240E+000, 1.3888975E+000, 1.3785865E+000, 1.3580790E+000, 1.0714142E+000,-2.3856201E-001,-2.0086714E+000,-2.3070136E+000,-2.5391136E+000,-2.4802134E+000,-1.9341178E+000,-1.2221952E+000,-6.5870065E-001, 1.6656932E+000, 4.3146321E+000, 5.8523727E+000, 3.8022653E+000, 3.3930702E+000, 3.2362150E+000, 3.2789537E+000, 2.6786031E+000, 3.3044043E+004, 5.2693070E-001, 1.7090116E+001, 7.6264664E+000
 1.6600161E+002, 2.0001672E+001, 1.9997001E+001, 2.0007959E+001, 2.0041366E+001, 2.0073859E+001, 2.0126643E+001, 2.3354785E+001, 8.6621179E+001, 1.5638268E+002, 2.0020295E+002, 2.0208346E+002, 2.1208086E+002, 1.9807077E+002, 2.0389101E+002, 2.7407030E+002, 3.2088157E+002, 2.4598616E+002, 2.1610322E+002, 2.1865764E+002, 2.8485067E+002, 2.7646495E+002, 2.3468177E+002, 2.7891269E+002, 2.2224575E+000, 2.2618748E+000, 2.0369810E+000, 1.9216601E+000, 1.7765660E+000, 1.8196470E+000, 1.2756975E+000,-1.4226780E+000,-1.9676150E+000,-2.1667591E+000,-2.1458084E+000,-2.1442680E+000,-1.6385192E+000,-2.2339512E+000, 4.2438681E-001, 1.2716499E+000, 4.4351582E+000, 5.4605447E+000, 6.4126370E+000, 4.9942934E+000, 4.3044196E+000, 3.9973202E+000, 3.2079332E+000, 4.5797113E+004, 9.6332662E-001, 1.8080906E+001, 6.2775979E+000
 1.6700406E+002, 1.9999351E+001, 2.0001175E+001, 2.0007625E+001, 2.0038655E+001, 2.0069623E+001, 2.0120232E+001, 2.0530983E+001, 8.0499421E+001, 1.7145524E+002, 1.9455325E+002, 2.2047521E+002, 2.0284047E+002, 2.5434177E+002, 2.7121434E+002, 3.3798478E+002, 3.6815129E+002, 3.5079290E+002, 3.2945399E+002, 2.6349284E+002, 2.2915187E+002, 2.3441483E+002, 2.7711547E+002, 2.3997987E+002, 2.4673406E+000, 2.6674843E+000, 2.7032892E+000, 2.7022318E+000, 2.6408767E+000, 2.6350368E+000, 2.2737855E+000,-2.9753706E-001,-3.2563388E-001,-4.5755973E-001,-9.1295485E-002,-1.8857663E-001,-1.4042519E-001,-1.2683782E+000,-1.8555570E+000, 3.9348710E+000, 5.9774955E+000, 5.8485294E+000, 6.4130283E+000, 7.0265736E+000, 6.9985738E+000, 6.9753370E+000, 6.5492192E+000, 4.1538912E+004, 7.4594554E-001, 1.3768870E+001, 2.5023816E+001
 1.6801404E+002, 2.0000589E+001, 2.0003625E+001, 2.0001648E+001, 2.0032905E+001, 2.0066575E+001, 2.0116473E+001, 2.0201749E+001, 1.1660317E+002, 1.7457044E+002, 1.9389342E+002, 2.0570204E+002, 2.0092017E+002, 2.3230915E+002, 2.8774370E+002, 2.3172513E+002, 3.8590763E+002, 3.0478122E+002, 3.0667864E+002, 3.3364720E+002, 3.2831098E+002, 2.3365970E+002, 2.2122676E+002, 2.6352818E+002, 2.0270973E+000, 1.8732420E+000, 2.0348128E+000, 1.6724659E+000, 1.4667543E+000, 1.5042756E+000, 1.2406427E+000,-1.9247971E+000,-2.7096946E+000,-2.6080025E+000,-2.7091535E+000,-2.2793064E+000,-2.3700979E+000,-2.0447706E+000,-3.0371629E+000, 5.1162674E-001, 3.8784206E+000, 6.3354212E+000, 5.5426997E+000, 3.1744222E+000, 3.7984964E+000, 3.2714724E+000, 3.5029969E+000, 3.3884666E+004, 1.0487971E+000, 1.7073659E+001, 1.4121000E+001
 1.6900461E+002, 2.0000612E+001, 2.0000636E+001, 2.0005736E+001, 2.0036368E+001, 2.0072697E+001, 2.0124872E+001, 2.0284609E+001, 1.4334356E+002, 1.7614286E+002, 1.9174240E+002, 1.9587238E+002, 2.2667038E+002, 2.2289016E+002, 2.5101494E+002, 3.2425716E+002, 3.5771237E+002, 2.9346863E+002, 2.7116579E+002, 2.6933071E+002, 2.6639131E+002, 2.7012881E+002, 2.2910043E+002, 2.5399996E+002, 2.2409604E+000, 2.0803951E+000, 2.1817896E+000, 2.0703175E+000, 1.9393212E+000, 2.0034710E+000, 1.4885513E+000,-1.6371926E+000,-2.0276083E+000,-2.0768541E+000,-1.7252721E+000,-1.8438674E+000,-1.9193158E+000,-4.0614751E-001, 1.4513032E+000, 1.7175592E+000, 4.0833561E+000, 4.8284880E+000, 6.2797243E+000, 6.3881042E+000, 5.5242288E+000, 3.7641454E+000, 3.4550082E+000, 4.5669456E+004, 1.4556330E+000, 1.7812340E+001, 8.0378408E+000
 1.7000461E+002, 1.9999534E+001, 2.0001488E+001, 2.0011445E+001, 2.0026946E+001, 2.0065048E+001, 2.0122802E+001, 2.0210646E+001, 1.1113465E+002, 1.6551976E+002, 1.8199271E+002, 1.8428225E+002, 2.4927519E+002, 2.0891162E+002, 2.9578070E+002, 4.7275959E+002, 5.2421104E+002, 4.8380362E+002, 3.9473392E+002, 3.0391911E+002, 2.4515237E+002, 2.4667072E+002, 2.6237431E+002, 2.3646546E+002, 2.6352656E+000, 2.6164062E+000, 2.6210137E+000, 2.9242946E+000, 2.6643380E+000, 2.5322627E+000, 2.4389461E+000, 5.1330290E-002,-3.1692784E-001,-5.4471324E-001, 2.8829610E-001,-2.3419594E-001, 5.4025049E-001, 5.1339580E-001, 3.2430929E-001, 2.5506754E+000, 8.9269768E+000, 8.7463616E+000, 7.3224670E+000, 6.7129847E+000, 6.7475388E+000, 7.2113075E+000, 5.3092943E+000, 4.0706625E+004, 1.0277104E+000, 1.4646860E+001, 4.1014089E+001
 1.7100458E+002, 1.9998371E+001, 2.0002218E+001, 2.0006819E+001, 2.0029517E+001, 2.0050639E+001, 2.0107998E+001, 2.0202614E+001, 1.0609942E+002, 1.6497667E+002, 1.7546156E+002, 1.8898097E+002, 2.4022501E+002, 2.3332121E+002, 2.5058509E+002, 2.6661312E+002, 3.7845860E+002, 3.7280313E+002, 3.1301740E+002, 3.4164555E+002, 3.8228445E+002, 2.3217444E+002, 2.6340129E+002, 2.6548222E+002, 2.1614433E+000, 2.0263026E+000, 1.9076327E+000, 1.8512397E+000, 2.0281469E+000, 1.7351959E+000, 1.3389597E+000,-1.0993743E+000,-1.8627764E+000,-1.7220067E+000,-1.7971358E+000,-2.3739373E+000,-1.3062212E+000,-4.9859218E-001,-2.6602029E+000,-4.8773388E-001, 2.9899766E+000, 5.8298142E+000, 6.6090657E+000, 5.6989405E+000, 4.0635387E+000, 3.4927571E+000, 3.9428521E+000, 3.4082032E+004, 9.6754389E-001, 1.6767200E+001, 1.0353503E+001
 1.7201533E+002, 1.9995582E+001, 2.0000365E+001, 2.0007262E+001, 2.0041069E+001, 2.0057722E+001, 2.0109924E+001, 2.0498934E+001, 1.5150802E+002, 1.6197173E+002, 1.7917698E+002, 2.3027029E+002, 2.3690294E+002, 2.5804942E+002, 2.5889152E+002, 2.7287741E+002, 3.2443693E+002, 2.8881776E+002, 2.6223681E+002, 2.3068144E+002, 2.5620162E+002, 3.2687056E+002, 2.4632525E+002, 2.6155553E+002, 2.2565379E+000, 2.1055989E+000, 1.9864862E+000, 1.8114857E+000, 1.9861822E+000, 1.8355326E+000, 1.0345216E+000,-1.2926600E+000,-1.8870724E+000,-1.4641830E+000,-2.3366808E+000,-1.8482102E+000,-1.8332135E+000,-8.7954432E-001,-1.2625155E+000, 1.6886707E+000, 2.5657396E+000, 4.1993751E+000, 4.5141355E+000, 4.7093238E+000, 5.5302309E+000, 4.1722566E+000, 3.2320847E+000, 4.4845098E+004, 1.5074367E+000, 1.7481650E+001, 6.5058071E+000
 1.7300633E+002, 1.9999205E+001, 1.9999545E+001, 2.0010242E+001, 2.0037342E+001, 2.0070816E+001, 2.0103315E+001, 2.0247013E+001, 1.3073517E+002, 1.5304109E+002, 1.9292888E+002, 2.2253360E+002, 2.4521608E+002, 2.4758965E+002, 2.6857684E+002, 3.4908832E+002, 3.6442507E+002, 3.6078062E+002, 3.1390499E+002, 2.6718014E+002, 2.4145705E+002, 2.6721424E+002, 3.1242008E+002, 2.6902480E+002, 2.6547337E+000, 2.7575157E+000, 2.7250556E+000, 2.6852955E+000, 2.7228795E+000, 2.8704273E+000, 2.6247838E+000, 2.7209259E-001, 1.6283160E-002,-3.0643813E-003,-4.3152639E-001,-9.3573800E-003, 3.9752420E-002,-3.2332060E-001, 1.4246666E+000, 2.1838041E+000, 6.4126187E+000, 6.1656804E+000, 6.0577275E+000, 6.5081447E+000, 4.9055735E+000, 7.2246409E+000, 7.0558032E+000, 4.1246373E+004, 1.2126607E+000, 1.4987409E+001, 2.0804227E+001
 1.7401296E+002, 2.0001962E+001, 1.9996378E+001, 2.0006135E+001, 2.0030733E+001, 2.0063460E+001, 2.0115448E+001, 2.0170912E+001, 1.0617744E+002, 1.4875268E+002, 1.9934146E+002, 2.1848138E+002, 2.4941819E+002, 2.4583746E+002, 2.5850678E+002, 3.6503901E+002, 4.0949455E+002, 3.8328236E+002, 3.3773820E+002, 3.3029534E+002, 3.2648542E+002, 2.4107087E+002, 2.6120179E+002, 2.8831528E+002, 2.1594647E+000, 2.1601862E+000, 2.0709711E+000, 1.9076092E+000, 1.8059089E+000, 1.7114193E+000, 1.9065878E+000,-1.3828335E+000,-1.2242749E+000,-1.7202281E+000,-2.1296642E+000,-2.0011334E+000,-1.9257131E+000,-8.7980860E-001, 1.0452109E+000,-2.1806894E+000, 4.9575090E+000, 6.1022521E+000, 5.5671919E+000, 4.6357731E+000, 3.2699391E+000, 1.8748280E+000, 3.4538185E+000, 3.3837853E+004, 9.3995919E-001, 1.7051856E+001, 1.6191184E+001
 1.7501636E+002, 2.0001780E+001, 1.9999845E+001, 2.0006974E+001, 2.0040579E+001, 2.0062933E+001, 2.0126333E+001, 2.0437207E+001, 1.1948189E+002, 1.7166078E+002, 2.0863132E+002, 2.3162889E+002, 2.1409653E+002, 2.4286703E+002, 2.6805202E+002, 3.0271752E+002, 2.6483889E+002, 2.6668610E+002, 2.5742487E+002, 2.6550012E+002, 2.8314045E+002, 2.8474676E+002, 2.5992159E+002, 2.7847272E+002, 2.1820955E+000, 2.0124318E+000, 1.8864805E+000, 1.6854378E+000, 1.6648476E+000, 1.3814278E+000, 1.0920735E+000,-9.0857099E-001,-1.8212804E+000,-2.1510099E+000,-2.6084366E+000,-2.6998990E+000,-2.1126952E+000,-5.5055809E-001, 5.2258634E-001, 1.4531557E+000, 3.6285290E+000, 4.9017058E+000, 5.4888566E+000, 4.5481735E+000, 4.3808199E+000, 8.5150388E-001, 2.9113382E+000, 4.1851626E+004, 1.1589735E+000, 1.8330291E+001, 5.3741694E+000
 1.7600742E+002, 2.0001097E+001, 2.0003827E+001, 2.0003925E+001, 2.0035695E+001, 2.0070716E+001, 2.0114581E+001, 2.0384893E+001, 9.1782215E+001, 1.8694863E+002, 2.1346081E+002, 2.2286084E+002, 1.9219764E+002, 1.6381752E+002, 2.3710069E+002, 6.0514785E+002, 5.7551715E+002, 4.6180395E+002, 3.5959416E+002, 2.6894114E+002, 2.2814646E+002, 2.6136588E+002, 2.8489134E+002, 2.6229762E+002, 2.6309450E+000, 2.6300068E+000, 2.7935303E+000, 2.8040415E+000, 2.8018194E+000, 2.5496665E+000, 2.1559402E+000, 3.3386138E-001, 5.6339699E-003,-4.2013271E-001,-1.5630759E-001, 1.2498781E-001, 1.7713011E+000, 1.9071118E+000, 6.3924868E-001, 6.7165421E+000, 9.3555001E+000, 8.5044586E+000, 7.0945613E+000, 7.1870894E+000, 6.3833049E+000, 6.4028325E+000, 4.6610029E+000, 4.3671184E+004, 8.7016692E-001, 1.5946671E+001, 6.7990552E+001
 1.7701922E+002, 2.0000441E+001, 2.0003708E+001, 2.0006348E+001, 2.0030134E+001, 2.0058944E+001, 2.0113184E+001, 2.0187027E+001, 6.2932394E+001, 1.8313301E+002, 2.0282434E+002, 2.1332097E+002, 2.0891043E+002, 1.8016553E+002, 1.5634060E+002, 4.2674158E+002, 4.2044667E+002, 4.0349241E+002, 3.0874434E+002, 3.5623878E+002, 3.9853509E+002, 2.3226740E+002, 2.5094608E+002, 2.7728442E+002, 2.1956144E+000, 2.0113858E+000, 1.9804935E+000, 1.9084114E+000, 2.0650949E+000, 1.9430968E+000, 1.5685478E+000,-4.2161070E-001,-1.4239013E+000,-1.7640500E+000,-1.6179447E+000,-1.1156382E+000, 9.5940958E-002, 1.1682580E+000,-3.4910154E+000,-4.6781462E-001, 4.8979777E+000, 5.9891515E+000, 7.3172625E+000, 7.0887702E+000, 5.4885848E+000, 3.1827007E+000, 3.8963703E+000, 3.5627757E+004, 5.7685206E-001, 1.6302676E+001, 1.5559383E+001
 1.7800193E+002, 1.9998059E+001, 2.0002764E+001, 2.0011222E+001, 2.0029986E+001, 2.0061090E+001, 2.0117009E+001, 2.0206430E+001, 7.1247093E+001, 1.8714864E+002, 1.9591213E+002, 2.1614906E+002, 2.1266935E+002, 1.8472170E+002, 2.5331127E+002, 2.5738232E+002, 3.2618999E+002, 3.5232106E+002, 3.0842478E+002, 2.5223757E+002, 2.5477800E+002, 3.7237568E+002, 2.3982118E+002, 2.7684016E+002, 2.2964744E+000, 2.0590069E+000, 1.9178608E+000, 1.7826956E+000, 1.7658110E+000, 1.9409322E+000, 1.7359629E+000,-6.1775830E-001,-1.5770309E+000,-2.3430345E+000,-2.0197650E+000,-1.8278066E+000,-1.3311783E+000,-3.1326353E-001, 1.2464885E+000, 2.2717404E+000, 4.6478503E+000, 5.4718936E+000, 4.8014115E+000, 4.0763724E+000, 5.7703788E+000, 5.9143341E+000, 2.8412655E+000, 4.2307667E+004, 7.7247761E-001, 1.8374154E+001, 8.1766113E+000
 1.7900687E+002, 1.9997380E+001, 2.0002432E+001, 2.0012329E+001, 2.0032763E+001, 2.0061686E+001, 2.0111733E+001, 2.0205253E+001, 5.2760207E+001, 1.8159142E+002, 1.9216765E+002, 2.2779486E+002, 2.1176191E+002, 2.2894987E+002, 3.8135315E+002, 5.4405951E+002, 4.8687647E+002, 3.9689098E+002, 3.1773341E+002, 2.7120220E+002, 2.6294594E+002, 2.7102606E+002, 3.2170580E+002, 2.6837635E+002, 2.6126385E+000, 2.6080919E+000, 2.5786877E+000, 2.7607112E+000, 2.6659121E+000, 2.5743371E+000, 2.6249288E+000, 1.4258254E+000,-5.3439753E-002,-4.1307286E-001,-4.7612659E-001, 1.1560763E-001, 2.6754609E-001,-1.1370196E+000,-6.2203339E-001, 5.9021513E+000, 6.7032339E+000, 6.5216063E+000, 6.5013549E+000, 7.3820384E+000, 5.3865100E+000, 7.3890240E+000, 7.7232674E+000, 4.2998816E+004, 6.1996891E-001, 1.5343120E+001, 3.9391683E+001
 1.8001398E+002, 2.0000004E+001, 1.9999529E+001, 2.0010541E+001, 2.0039214E+001, 2.0058707E+001, 2.0103870E+001, 2.0187015E+001, 2.2578306E+001, 1.8135292E+002, 2.0277941E+002, 2.2035939E+002, 2.1493018E+002, 3.0955199E+002, 4.1572626E+002, 3.8651501E+002, 4.1901386E+002, 4.0365623E+002, 3.3747296E+002, 3.6479520E+002, 3.2871240E+002, 2.4765323E+002, 2.6969600E+002, 2.9479405E+002, 2.1385539E+000, 2.1950913E+000, 1.9417385E+000, 1.9800908E+000, 2.1045408E+000, 1.9952760E+000, 1.8480121E+000, 1.1885746E+000,-1.5070670E+000,-1.9688442E+000,-2.2071746E+000,-1.7003495E+000,-2.7432805E+000,-2.7675784E+000,-3.6684614E+000, 5.3059829E-002, 4.0051972E+000, 5.3999620E+000, 6.2064184E+000, 5.4993247E+000, 5.3927121E+000, 2.7532834E+000, 4.2604218E+000, 3.4845273E+004, 3.8361685E-001, 1.7339892E+001, 1.3575181E+001
 1.8100638E+002, 1.9999152E+001, 1.9998023E+001, 2.0010772E+001, 2.0046503E+001, 2.0074200E+001, 2.0112761E+001, 2.0215689E+001, 1.0143400E+002, 1.9560987E+002, 2.1036738E+002, 2.2552096E+002, 2.9277700E+002, 3.1206864E+002, 2.9035343E+002, 2.8219157E+002, 3.3518354E+002, 3.3496955E+002, 3.2459478E+002, 2.9444036E+002, 3.1641799E+002, 2.8427473E+002, 2.4844026E+002, 2.6854348E+002, 2.0843763E+000, 2.1293145E+000, 1.9132711E+000, 1.7679995E+000, 1.7267525E+000, 1.7654514E+000, 1.4584369E+000,-1.2896195E-001,-2.1270989E+000,-3.0089025E+000,-2.9026832E+000,-3.7596338E+000,-2.9695077E+000,-2.6616111E+000, 3.9559300E-001, 7.9564176E-001, 4.2301084E+000, 4.5202655E+000, 4.3526094E+000, 4.1803904E+000, 5.2987844E+000, 3.0027775E+000, 2.8204745E+000, 4.0392607E+004, 1.0416813E+000, 1.9406513E+001, 6.2191119E+000
 1.8200233E+002, 2.0000482E+001, 2.0000749E+001, 2.0008904E+001, 2.0043301E+001, 2.0082804E+001, 2.0130587E+001, 2.0206978E+001, 9.6025447E+001, 2.0104982E+002, 2.0035478E+002, 2.7784798E+002, 2.6154647E+002, 2.7074826E+002, 2.4911257E+002, 4.1098358E+002, 4.9061829E+002, 3.7244390E+002, 3.1095622E+002, 2.9567802E+002, 2.9542646E+002, 3.0690619E+002, 2.7489356E+002, 2.5171533E+002, 2.5949363E+000, 2.4932871E+000, 2.7369246E+000, 2.6035907E+000, 2.7014691E+000, 2.5506602E+000, 2.7614162E+000, 1.3532043E+000,-4.6301282E-001,-1.0694206E+000,-1.0931589E+000,-1.8637144E-002,-1.5029830E+000, 6.3906210E-001,-8.0242805E-001, 5.3443495E+000, 7.7381708E+000, 7.1872640E+000, 7.3961340E+000, 7.5342365E+000, 6.4666506E+000, 7.5696071E+000, 6.3147139E+000, 4.4662989E+004, 9.8163036E-001, 1.5207300E+001, 5.3385155E+001
 1.8300580E+002, 2.0000521E+001, 1.9999390E+001, 2.0005265E+001, 2.0037452E+001, 2.0069047E+001, 2.0126140E+001, 2.0205988E+001, 2.2681559E+001, 1.9527260E+002, 2.0820329E+002, 2.2524099E+002, 2.5275374E+002, 2.4740204E+002, 2.6575737E+002, 4.2346469E+002, 3.8398775E+002, 4.0559524E+002, 4.0798909E+002, 3.7858100E+002, 3.4551635E+002, 2.7447678E+002, 2.8541754E+002, 2.6600792E+002, 2.3985211E+000, 2.2543877E+000, 2.2830003E+000, 2.1794324E+000, 2.1560695E+000, 2.0574897E+000, 1.8365272E+000, 1.6842596E+000,-1.3420099E+000,-2.0659055E+000,-2.7583276E+000,-1.1025940E+000,-1.6522984E+000,-1.8513030E-002,-5.7941703E-001, 1.8737770E+000, 5.4325241E+000, 7.9576787E+000, 7.8676501E+000, 6.2600685E+000, 5.2919622E+000, 4.0617059E+000, 4.3916097E+000, 3.5262875E+004, 3.5529552E-001, 1.5855736E+001, 1.5969757E+001
 1.8400756E+002, 2.0000476E+001, 2.0002151E+001, 2.0008373E+001, 2.0039819E+001, 2.0075199E+001, 2.0122985E+001, 2.0238382E+001, 6.0443346E+001, 1.9797687E+002, 1.9264321E+002, 2.1725680E+002, 2.4159583E+002, 2.0046318E+002, 2.7360354E+002, 3.1364312E+002, 3.2911904E+002, 3.1349070E+002, 2.8958712E+002, 2.7297475E+002, 2.8960470E+002, 3.2685554E+002, 2.6509406E+002, 2.7138468E+002, 1.9791872E+000, 1.9860364E+000, 1.6150484E+000, 1.4790181E+000, 1.5566187E+000, 1.6068299E+000, 9.7487635E-001, 4.1512667E-001,-3.0249939E+000,-3.0968258E+000,-2.8202417E+000,-2.8824761E+000,-2.3820506E+000,-1.5591013E+000, 1.0726923E+000, 1.7316286E+000, 3.0576009E+000, 4.0686176E+000, 4.8667061E+000, 5.4508360E+000, 5.0538490E+000, 3.2506836E+000, 2.4419014E+000, 4.0188875E+004, 7.0108008E-001, 1.8447027E+001, 7.0910305E+000
 1.8500638E+002, 1.9999868E+001, 2.0002653E+001, 2.0006418E+001, 2.0037028E+001, 2.0075846E+001, 2.0134873E+001, 2.0224515E+001, 1.0224504E+002, 1.7769220E+002, 1.9162577E+002, 2.0989270E+002, 2.1551958E+002, 1.7682065E+002, 2.4390144E+002, 3.5746240E+002, 4.1347592E+002, 3.5401896E+002, 2.9050907E+002, 2.5150391E+002, 2.5031836E+002, 2.8091099E+002, 3.0323686E+002, 2.6431158E+002, 2.3710773E+000, 2.6683266E+000, 2.7417853E+000, 2.6718657E+000, 2.6342143E+000, 2.6082897E+000, 2.4821503E+000, 1.4447579E+000,-7.0194848E-001,-5.4066953E-001,-7.5828003E-001, 4.9882307E-001, 3.4792541E-001, 1.3461807E+000, 2.0875312E+000, 4.7243039E+000, 6.5799909E+000, 7.3213609E+000, 7.3317990E+000, 7.3689967E+000, 7.0681367E+000, 7.0142643E+000, 5.8625737E+000, 4.5477137E+004, 1.0665678E+000, 1.6788803E+001, 1.9916915E+001
 1.8601330E+002, 1.9999614E+001, 2.0002045E+001, 2.0009407E+001, 2.0035613E+001, 2.0062681E+001, 2.0118393E+001, 2.0210674E+001, 3.3055900E+001, 1.7168020E+002, 1.7866890E+002, 1.9620174E+002, 2.1576061E+002, 1.9416768E+002, 1.9949849E+002, 2.3846271E+002, 3.8876686E+002, 4.0914954E+002, 3.8827210E+002, 3.6380614E+002, 3.1892364E+002, 2.4497466E+002, 2.5485508E+002, 2.9694924E+002, 2.4580362E+000, 2.2356198E+000, 2.2570575E+000, 2.1842717E+000, 2.2363708E+000, 2.2841812E+000, 2.0642936E+000, 1.8374197E+000,-5.5083440E-001,-1.2823868E+000,-1.0130415E+000, 1.1245289E-001, 4.4878862E-001, 7.9723543E-001,-1.1169350E+000, 2.2487535E+000, 6.0248091E+000, 7.2713727E+000, 6.7537641E+000, 6.4287483E+000, 5.7608326E+000, 4.6979410E+000, 4.9849331E+000, 3.4616612E+004, 4.2517395E-001, 1.6799394E+001, 1.7699780E+001
 1.8701718E+002, 2.0000827E+001, 2.0000604E+001, 2.0011108E+001, 2.0035361E+001, 2.0070836E+001, 2.0125989E+001, 2.0228412E+001, 1.0722133E+002, 1.7369718E+002, 1.7556122E+002, 2.0093447E+002, 2.1381846E+002, 2.1756369E+002, 2.0528828E+002, 2.5584753E+002, 2.7053083E+002, 2.8979074E+002, 2.7434106E+002, 2.7611905E+002, 3.3063431E+002, 3.0487897E+002, 2.3531149E+002, 2.6953885E+002, 2.1661240E+000, 1.6766257E+000, 1.7311964E+000, 1.6420880E+000, 1.2990428E+000, 1.2763445E+000, 1.0104662E+000,-1.1482392E+000,-2.1025116E+000,-2.6489177E+000,-2.5463135E+000,-1.9405495E+000,-1.2977920E+000,-2.9900338E-001,-1.8126630E+000,-1.8460477E+000, 2.1643969E+000, 4.3815212E+000, 4.5623166E+000, 3.4802096E+000, 4.5538103E+000, 2.7107441E+000, 2.3718933E+000, 3.6454175E+004, 1.0737631E+000, 1.8377610E+001, 4.7241433E+000
 1.8801094E+002, 2.0001276E+001, 2.0000858E+001, 2.0011341E+001, 2.0038816E+001, 2.0075060E+001, 2.0131273E+001, 2.0237937E+001, 9.0700008E+001, 1.6478796E+002, 1.7790251E+002, 2.0575293E+002, 2.2794246E+002, 2.1781725E+002, 2.1990130E+002, 3.3761233E+002, 2.9732223E+002, 2.4909781E+002, 2.3783841E+002, 2.4314876E+002, 2.4495166E+002, 3.2085103E+002, 2.9844017E+002, 2.4485396E+002, 2.5421424E+000, 2.5268604E+000, 2.4555913E+000, 2.6455123E+000, 2.4538450E+000, 2.4059214E+000, 2.1048775E+000,-1.2229174E-001,-4.0190042E-001,-9.4011179E-001,-9.4493800E-001,-3.2689326E-001,-2.0123477E-001,-4.3820969E-001,-5.7043195E-001, 2.4205205E+000, 4.2654597E+000, 5.4225753E+000, 6.2170528E+000, 6.5220780E+000, 5.5151437E+000, 6.9606800E+000, 5.7162723E+000, 4.8636059E+004, 9.5276779E-001, 1.6395658E+001, 1.9834454E+001
 1.8900740E+002, 2.0000417E+001, 2.0001598E+001, 2.0008238E+001, 2.0039202E+001, 2.0063807E+001, 2.0114810E+001, 2.0203098E+001, 3.2692637E+001, 1.6100851E+002, 1.7108090E+002, 1.9151632E+002, 2.1806966E+002, 2.3608478E+002, 2.2834266E+002, 3.3400079E+002, 5.3746622E+002, 4.6291379E+002, 3.9753133E+002, 3.0838634E+002, 2.4325461E+002, 2.2591481E+002, 2.9039809E+002, 2.9813459E+002, 2.4704510E+000, 2.5806975E+000, 2.4673515E+000, 2.5376369E+000, 2.6050880E+000, 2.6392216E+000, 2.3513130E+000, 2.3241615E+000, 8.6625399E-002,-9.7829179E-001,-9.3779736E-001,-1.9824757E-001, 8.7470478E-001,-3.3217115E-001, 1.2569532E+000, 2.8999016E+000, 6.8426707E+000, 7.1454111E+000, 5.7709876E+000, 5.6719482E+000, 5.9547533E+000, 4.9653670E+000, 6.1649070E+000, 3.6139996E+004, 4.2086658E-001, 1.5292276E+001, 4.2741027E+001
 1.9000802E+002, 1.9996589E+001, 2.0002603E+001, 2.0007698E+001, 2.0039561E+001, 2.0073378E+001, 2.0108811E+001, 2.0206493E+001, 3.5930046E+001, 1.5995219E+002, 1.6577288E+002, 1.9019963E+002, 2.1546095E+002, 2.4211515E+002, 2.9673763E+002, 2.4707441E+002, 3.0638584E+002, 2.9718657E+002, 2.4873311E+002, 3.1850431E+002, 3.6952188E+002, 2.2219255E+002, 2.3347483E+002, 2.8034653E+002, 2.1089770E+000, 2.0023615E+000, 1.9531290E+000, 1.5811946E+000, 1.5078168E+000, 1.7347585E+000, 1.4875891E+000, 6.2728848E-001,-1.3978313E+000,-2.8630803E+000,-2.8375925E+000,-2.3819291E+000,-1.4083585E+000,-1.9206257E+000, 1.3097261E+000, 2.7739421E-001, 2.5240771E+000, 4.0239872E+000, 3.9648881E+000, 4.3688671E+000, 3.1317155E+000, 2.8785566E+000, 2.8092416E+000, 3.3914003E+004, 4.8135515E-001, 1.8434787E+001, 7.2227124E+000
 1.9100476E+002, 1.9996094E+001, 2.0001602E+001, 2.0008660E+001, 2.0041433E+001, 2.0077655E+001, 2.0128243E+001, 2.0202291E+001, 3.6182043E+001, 1.5590333E+002, 1.7335024E+002, 1.8984104E+002, 2.3845892E+002, 2.8834544E+002, 3.0754876E+002, 3.4472799E+002, 3.2538136E+002, 2.8264653E+002, 2.4435291E+002, 2.3299445E+002, 2.4816461E+002, 3.2520878E+002, 2.3326667E+002, 2.4822872E+002, 2.3326747E+000, 2.4098803E+000, 2.5524411E+000, 2.3144167E+000, 2.2528316E+000, 2.2398036E+000, 2.3217643E+000, 1.0841733E+000,-4.4712781E-001,-1.5048693E+000,-1.4040126E+000,-9.3445411E-001,-1.4696506E+000,-1.4018070E+000, 2.7840363E-001, 2.6744319E+000, 4.6896104E+000, 5.2375485E+000, 5.7877531E+000, 5.2122465E+000, 6.1271711E+000, 5.5132694E+000, 4.5612106E+000, 4.8652560E+004, 5.3496562E-001, 1.7496900E+001, 1.4801975E+001
 1.9200147E+002, 1.9998461E+001, 1.9997400E+001, 2.0009436E+001, 2.0033145E+001, 2.0068526E+001, 2.0122832E+001, 2.0203514E+001, 2.1665428E+001, 1.4591719E+002, 1.6426813E+002, 1.7848837E+002, 2.1726839E+002, 3.0411127E+002, 3.6869675E+002, 5.2994328E+002, 5.2005641E+002, 4.3992154E+002, 3.9660295E+002, 3.5395584E+002, 2.6295756E+002, 2.3099666E+002, 2.9834253E+002, 2.5770098E+002, 2.6038249E+000, 2.6637703E+000, 2.6596079E+000, 2.8281896E+000, 2.6353810E+000, 2.6695580E+000, 2.7550915E+000, 2.4695624E+000, 4.6841429E-001,-5.7378028E-001,-9.0686239E-001,-3.0673294E-001,-3.8569881E-001,-2.2981755E+000,-4.7872599E+000, 3.5118142E+000, 8.6357009E+000, 8.5722289E+000, 7.9942320E+000, 6.5829481E+000, 6.0160983E+000, 6.1521400E+000, 5.7639117E+000, 3.7838269E+004, 3.2859923E-001, 1.5541665E+001, 4.8779867E+001
 1.9301931E+002, 2.0001335E+001, 1.9996864E+001, 2.0007343E+001, 2.0034630E+001, 2.0061140E+001, 2.0120363E+001, 2.0213526E+001, 2.0856970E+001, 1.3805838E+002, 1.5945180E+002, 1.8809275E+002, 2.4944442E+002, 3.1763451E+002, 3.4508168E+002, 3.6133715E+002, 3.1641082E+002, 2.8007840E+002, 2.5534001E+002, 3.0592180E+002, 3.9512421E+002, 2.3904401E+002, 2.2444867E+002, 2.8545089E+002, 2.0149812E+000, 1.9474353E+000, 1.9260005E+000, 1.7924632E+000, 1.7462958E+000, 1.3822870E+000, 1.3302307E+000, 5.8655608E-001,-9.5715426E-001,-2.3034202E+000,-3.1040656E+000,-2.7756526E+000,-3.5641838E+000,-2.8820227E+000,-2.6716071E+000,-5.5991199E-001, 2.2530984E+000, 4.4039763E+000, 3.5968048E+000, 4.7778036E+000, 3.7181785E+000, 3.3337035E+000, 3.4910828E+000, 3.4700087E+004, 3.8836597E-001, 1.8558863E+001, 6.9028605E+000
 1.9400919E+002, 2.0002231E+001, 1.9999625E+001, 2.0005798E+001, 2.0037885E+001, 2.0069510E+001, 2.0122486E+001, 2.0230847E+001, 3.1598291E+001, 1.6333650E+002, 1.6643461E+002, 2.4655941E+002, 2.7061603E+002, 2.5678992E+002, 3.1535335E+002, 3.0928513E+002, 2.6795524E+002, 2.7105512E+002, 2.4238100E+002, 2.3729420E+002, 2.3990218E+002, 3.4775626E+002, 2.5060021E+002, 2.5247433E+002, 2.2516431E+000, 2.2265748E+000, 2.2093595E+000, 2.1187557E+000, 2.1447538E+000, 1.9329579E+000, 1.6797359E+000, 1.2623410E+000,-2.5140642E-001,-1.9922889E+000,-2.3100559E+000,-3.2957086E+000,-1.7205926E+000,-1.9835339E+000, 1.1498416E+000, 1.8559332E+000, 3.2459056E+000, 5.2305681E+000, 6.1639507E+000, 5.4839885E+000, 5.6467776E+000, 5.9194260E+000, 4.1040919E+000, 4.7391387E+004, 5.2361424E-001, 1.8355305E+001, 7.6574798E+000
 1.9501092E+002, 2.0001035E+001, 2.0002521E+001, 2.0003605E+001, 2.0034650E+001, 2.0065534E+001, 2.0113149E+001, 2.0198571E+001, 2.4599735E+001, 1.5311164E+002, 1.7710933E+002, 2.3793446E+002, 2.4131107E+002, 2.5711593E+002, 3.0498945E+002, 4.2170968E+002, 4.3034559E+002, 3.9114633E+002, 3.5173928E+002, 2.8399301E+002, 2.2919396E+002, 2.3499012E+002, 3.0830882E+002, 2.8180741E+002, 2.6298131E+000, 2.6644256E+000, 2.7407606E+000, 2.8588732E+000, 2.9699639E+000, 2.9499720E+000, 2.9219930E+000, 2.2476830E+000, 3.0705545E-001,-8.3328314E-001,-4.5854035E-001,-6.8796960E-001,-4.8996177E-001,-8.4150847E-001, 6.4229283E-001, 4.0540146E+000, 6.3646015E+000, 7.1003422E+000, 6.8336896E+000, 6.4717563E+000, 6.7621012E+000, 6.6168378E+000, 7.4032450E+000, 3.9246343E+004, 3.7475844E-001, 1.5673800E+001, 2.0600346E+001
 1.9600951E+002, 2.0000792E+001, 2.0004275E+001, 2.0006151E+001, 2.0029224E+001, 2.0062990E+001, 2.0109786E+001, 2.0192713E+001, 3.5281499E+001, 1.7553872E+002, 2.0295782E+002, 2.0251745E+002, 2.3353613E+002, 2.2605318E+002, 2.4873039E+002, 3.0427766E+002, 3.7426966E+002, 3.3017106E+002, 3.5160375E+002, 3.5846481E+002, 3.6386940E+002, 2.1380096E+002, 2.5004814E+002, 2.8760502E+002, 2.0185240E+000, 1.9087936E+000, 1.8373029E+000, 1.6009494E+000, 1.6661168E+000, 1.5866278E+000, 1.5791404E+000, 5.3741344E-001,-2.4038066E+000,-2.8502012E+000,-3.0960745E+000,-2.8669310E+000,-1.9951578E+000,-1.3847092E+000, 4.2312541E-001, 2.9246465E-001, 4.8640229E+000, 5.3631425E+000, 6.3040196E+000, 5.6947164E+000, 3.3623666E+000, 2.6991556E+000, 3.1113415E+000, 3.3538693E+004, 4.6264730E-001, 1.8710997E+001, 1.0449414E+001
 1.9701603E+002, 1.9999900E+001, 2.0002393E+001, 2.0009200E+001, 2.0032285E+001, 2.0066143E+001, 2.0123958E+001, 2.0217061E+001, 1.1748336E+002, 1.9252184E+002, 1.9081675E+002, 2.1350011E+002, 2.1021084E+002, 2.4231670E+002, 3.0157602E+002, 2.8571648E+002, 2.7756367E+002, 2.5479317E+002, 2.5579579E+002, 2.7317414E+002, 2.8892424E+002, 3.2029452E+002, 2.3557989E+002, 2.6333250E+002, 2.1661724E+000, 2.1402612E+000, 2.0903686E+000, 2.0179414E+000, 2.0681015E+000, 1.9766911E+000, 1.8182154E+000,-3.2472579E-001,-2.3863587E+000,-2.4160594E+000,-2.2363038E+000,-1.9471597E+000,-1.8898947E+000,-6.6156685E-001, 1.9765356E+000, 2.3718360E+000, 2.7518761E+000, 5.7457399E+000, 6.2327724E+000, 6.4601430E+000, 6.0385604E+000, 4.2985749E+000, 3.1919097E+000, 4.7118325E+004, 1.1717954E+000, 1.8589429E+001, 5.7221413E+000
 1.9801937E+002, 1.9999827E+001, 2.0002447E+001, 2.0012335E+001, 2.0033373E+001, 2.0061010E+001, 2.0115295E+001, 2.0203827E+001, 3.4430899E+001, 1.8096494E+002, 1.8643156E+002, 2.2177637E+002, 2.1629506E+002, 2.5655337E+002, 3.3634487E+002, 4.9912743E+002, 4.0510830E+002, 3.2117877E+002, 2.6869096E+002, 2.4127457E+002, 2.3521581E+002, 2.6445157E+002, 2.9775908E+002, 2.5125138E+002, 2.6528240E+000, 2.5843481E+000, 2.5295747E+000, 2.7475500E+000, 2.8302330E+000, 2.8568748E+000, 2.8322602E+000, 1.9832126E+000,-2.4018461E-001,-5.8352311E-001,-2.1027694E-001, 1.8319173E-002,-3.6314320E-001,-8.3299423E-001, 5.0424773E-001, 2.5618609E+000, 5.6813454E+000, 6.0082234E+000, 6.0201830E+000, 6.7129397E+000, 7.5145361E+000, 6.8207134E+000, 5.7761994E+000, 3.9818966E+004, 4.7339232E-001, 1.5599152E+001, 2.3556326E+001
 1.9900097E+002, 1.9998690E+001, 2.0000917E+001, 2.0008740E+001, 2.0034824E+001, 2.0059838E+001, 2.0104414E+001, 2.0197866E+001, 2.1065165E+001, 1.7521187E+002, 1.8757809E+002, 2.0895178E+002, 2.2608732E+002, 2.3315111E+002, 3.3396283E+002, 3.3272207E+002, 4.4981830E+002, 4.3291586E+002, 3.3768280E+002, 2.8839301E+002, 2.7312188E+002, 2.3221878E+002, 2.5363293E+002, 2.8907412E+002, 2.1192409E+000, 1.8904337E+000, 1.9008496E+000, 1.8145409E+000, 1.7934099E+000, 1.7495363E+000, 1.7548854E+000, 7.3149779E-001,-2.2558470E+000,-2.6631974E+000,-2.3276331E+000,-2.1952446E+000,-2.3994775E+000,-3.2111144E+000,-1.1170119E+000, 3.5339652E-001, 5.3096141E+000, 5.5745631E+000, 5.0328187E+000, 3.3742125E+000, 4.5361177E+000, 4.0408398E+000, 3.3459567E+000, 3.3395449E+004, 3.7950215E-001, 1.7494488E+001, 1.3967884E+001
 2.0000853E+002, 1.9999690E+001, 2.0001403E+001, 2.0009525E+001, 2.0044327E+001, 2.0070736E+001, 2.0115863E+001, 2.0208302E+001, 4.8895131E+001, 1.8386502E+002, 1.9023430E+002, 2.2171630E+002, 2.2428051E+002, 2.3755930E+002, 2.8152587E+002, 2.8919093E+002, 3.8615307E+002, 3.1467178E+002, 2.8061810E+002, 2.7983828E+002, 2.7623770E+002, 2.8608136E+002, 2.2998038E+002, 2.6538168E+002, 2.2034673E+000, 2.0702180E+000, 2.0090368E+000, 1.8410871E+000, 1.8910525E+000, 1.8024667E+000, 1.8720764E+000, 6.6760206E-001,-2.3482908E+000,-2.6056972E+000,-2.4541978E+000,-2.5887827E+000,-2.0236984E+000,-2.1133687E+000, 1.0520964E+000, 2.4064687E+000, 3.8426067E+000, 5.0291360E+000, 4.9333785E+000, 5.6008829E+000, 4.7363217E+000, 4.3543741E+000, 4.2891949E+000, 4.3399067E+004, 6.2598714E-001, 1.7626943E+001, 9.7179289E+000
 2.0100680E+002, 2.0000368E+001, 2.0000119E+001, 2.0009455E+001, 2.0038719E+001, 2.0074760E+001, 2.0118661E+001, 2.0193685E+001, 2.9518971E+001, 1.8346331E+002, 1.8625220E+002, 2.1734687E+002, 2.1757731E+002, 2.2001529E+002, 3.1191576E+002, 4.6574457E+002, 5.3248907E+002, 4.4583660E+002, 3.5046121E+002, 2.7984777E+002, 2.5498025E+002, 2.5284639E+002, 2.6384396E+002, 2.4255928E+002, 2.6760496E+000, 2.6110212E+000, 2.5865963E+000, 2.7497698E+000, 2.8287706E+000, 2.7208814E+000, 2.9201701E+000, 2.4663365E+000,-7.0364524E-001,-9.3994095E-001,-4.6036459E-001,-3.2807100E-002, 7.5663707E-001, 1.5213140E+000, 1.7057664E+000, 5.3720634E+000, 8.6160473E+000, 7.9905379E+000, 6.6330749E+000, 6.7200296E+000, 7.2582379E+000, 7.0760455E+000, 6.7833317E+000, 4.3297497E+004, 4.1776600E-001, 1.5268707E+001, 5.5771942E+001
 2.0201433E+002, 2.0001584E+001, 2.0001196E+001, 2.0008178E+001, 2.0033444E+001, 2.0066421E+001, 2.0121632E+001, 2.0196184E+001, 2.0836485E+001, 1.7953556E+002, 1.8202722E+002, 1.9935837E+002, 2.1232924E+002, 2.4473725E+002, 2.6926560E+002, 3.1631466E+002, 3.6220329E+002, 3.8843673E+002, 3.9193212E+002, 3.4944866E+002, 3.4063626E+002, 2.4501543E+002, 2.4197472E+002, 2.6571058E+002, 2.1063626E+000, 2.0532617E+000, 1.9020789E+000, 1.7289166E+000, 1.7515930E+000, 1.5398303E+000, 1.2723511E+000, 4.6111232E-001,-1.7514962E+000,-2.7692076E+000,-2.4651200E+000,-2.0289202E+000,-1.3490051E+000,-4.5752432E-001,-7.0364149E-001, 1.5017015E+000, 2.7887869E+000, 5.4039487E+000, 4.4321145E+000, 3.4278793E+000, 3.9039957E+000, 3.4813472E+000, 3.4638650E+000, 3.3135818E+004, 3.7540418E-001, 1.7744360E+001, 8.7415667E+000
 2.0300249E+002, 1.9999614E+001, 2.0002412E+001, 2.0008144E+001, 2.0044472E+001, 2.0067724E+001, 2.0140182E+001, 2.0233259E+001, 5.5121019E+001, 1.8014702E+002, 1.8309321E+002, 1.9882016E+002, 2.3461398E+002, 2.6179856E+002, 2.4401043E+002, 2.5833455E+002, 2.9289512E+002, 3.0039211E+002, 2.8358123E+002, 3.1830481E+002, 3.0146279E+002, 2.9616637E+002, 2.4107888E+002, 2.5906266E+002, 1.9802394E+000, 1.9142993E+000, 1.7534613E+000, 1.3841508E+000, 1.7688680E+000, 1.4280565E+000, 1.2428898E+000, 6.4480901E-002,-3.2054817E+000,-3.0470845E+000,-2.8434535E+000,-2.5261530E+000,-2.3823802E+000,-6.4646507E-001,-1.6971448E+000,-1.1981896E-001, 3.3115254E+000, 3.6775612E+000, 4.8779952E+000, 3.7588223E+000, 4.6487829E+000, 3.7947674E+000, 2.8249529E+000, 4.3099802E+004, 6.9195359E-001, 1.9588803E+001, 4.3537113E+000
 2.0400877E+002, 1.9999753E+001, 2.0003059E+001, 2.0009054E+001, 2.0040497E+001, 2.0077433E+001, 2.0123694E+001, 2.0233563E+001, 4.8195949E+001, 1.8132694E+002, 1.7273032E+002, 1.9339065E+002, 2.3237283E+002, 3.4311726E+002, 3.0428620E+002, 4.0201944E+002, 4.6272388E+002, 3.6853132E+002, 3.1973579E+002, 2.6441597E+002, 2.7143639E+002, 2.7862459E+002, 2.6152588E+002, 2.4714757E+002, 2.5814434E+000, 2.6363555E+000, 2.6616303E+000, 2.5795919E+000, 2.6120291E+000, 2.8505031E+000, 2.7113355E+000, 1.9038965E+000,-5.9941443E-001,-9.2520744E-001,-4.3357790E-001, 5.7460023E-001,-1.0235332E+000, 2.0892143E-001, 1.6494966E+000, 6.2538183E+000, 7.3377002E+000, 6.7097041E+000, 5.8121854E+000, 6.6249904E+000, 6.9231682E+000, 6.9376273E+000, 6.0716689E+000, 4.4656442E+004, 5.9869300E-001, 1.6094796E+001, 5.1417079E+001
 2.0502161E+002, 2.0000183E+001, 2.0001442E+001, 2.0010486E+001, 2.0036736E+001, 2.0070093E+001, 2.0125147E+001, 2.0200752E+001, 4.8144903E+001, 1.7549570E+002, 1.6975274E+002, 1.8130439E+002, 2.3531765E+002, 2.9667649E+002, 2.5770862E+002, 2.4383233E+002, 3.9015362E+002, 3.6732137E+002, 3.7159874E+002, 3.8004064E+002, 3.4220457E+002, 2.6245464E+002, 2.6699636E+002, 2.3762008E+002, 2.0824833E+000, 1.8720165E+000, 1.7997190E+000, 1.6526521E+000, 1.4276190E+000, 1.2814977E+000, 1.4181781E+000, 4.5759584E-001,-2.1148708E+000,-2.3534129E+000,-2.5562409E+000,-1.9926420E+000,-1.2462895E+000,-1.3742519E+000,-8.5543256E-001, 1.2675134E+000, 4.3195011E+000, 5.4388219E+000, 6.7297812E+000, 4.7606277E+000, 3.2118830E+000, 2.4817047E+000, 6.8657995E-001, 3.3531414E+004, 5.1478705E-001, 1.7963498E+001, 1.7717452E+001
 2.0600253E+002, 1.9999009E+001, 2.0000067E+001, 2.0011035E+001, 2.0039367E+001, 2.0074445E+001, 2.0139026E+001, 2.0222084E+001, 1.5342444E+002, 1.6702279E+002, 1.8011426E+002, 2.1891092E+002, 2.6386447E+002, 2.5349615E+002, 2.8524693E+002, 2.6852309E+002, 3.2365371E+002, 2.8107404E+002, 2.5624929E+002, 2.8771413E+002, 3.1366719E+002, 2.8003102E+002, 2.5640169E+002, 2.5655644E+002, 2.2024322E+000, 2.0034509E+000, 1.8815817E+000, 1.9295217E+000, 1.8293966E+000, 1.5793084E+000, 1.6049956E+000,-1.3495242E+000,-2.1284362E+000,-2.6031615E+000,-2.7344355E+000,-2.1912161E+000,-8.8700151E-001,-1.4287869E+000, 1.6724534E-001, 2.0603576E+000, 4.3131062E+000, 4.6588428E+000, 4.0596634E+000, 5.9864243E+000, 4.5240188E+000, 2.6472982E+000, 3.8409571E+000, 4.3241318E+004, 1.5360626E+000, 1.9743645E+001, 4.9803541E+000
 2.0700145E+002, 2.0002119E+001, 2.0001997E+001, 2.0010137E+001, 2.0039785E+001, 2.0071065E+001, 2.0126365E+001, 2.0227953E+001, 8.9101502E+001, 1.6952444E+002, 1.9302423E+002, 2.1329515E+002, 2.4659714E+002, 2.4810659E+002, 2.7104151E+002, 4.7610330E+002, 3.9914917E+002, 3.4056115E+002, 3.0642440E+002, 2.6185057E+002, 2.5956596E+002, 2.8941063E+002, 2.8900405E+002, 2.5075331E+002, 2.5693406E+000, 2.6651205E+000, 2.6351401E+000, 2.7753826E+000, 2.8373700E+000, 2.7602184E+000, 2.5981858E+000, 1.6268020E+000,-2.8485722E-001,-7.0579775E-001,-7.0472889E-001, 3.3322294E-001, 1.3512813E+000,-3.8361617E-001,-3.4215770E-001, 3.9853479E+000, 5.9889341E+000, 6.2745262E+000, 6.8802526E+000, 7.0646891E+000, 6.8845656E+000, 7.5935826E+000, 5.4143707E+000, 4.2427432E+004, 9.0464079E-001, 1.5235568E+001, 2.8132233E+001
 2.0801536E+002, 2.0001804E+001, 2.0000536E+001, 2.0006809E+001, 2.0038340E+001, 2.0067527E+001, 2.0117187E+001, 2.0211235E+001, 4.2695541E+001, 1.8745155E+002, 1.9587107E+002, 2.0770296E+002, 2.3472036E+002, 2.6005133E+002, 3.4840630E+002, 2.9149041E+002, 3.5010213E+002, 3.6995977E+002, 2.7816705E+002, 3.1874204E+002, 3.1843245E+002, 2.4687571E+002, 2.8396824E+002, 2.8705274E+002, 2.0093661E+000, 1.9165014E+000, 1.9120577E+000, 1.6238640E+000, 1.6360094E+000, 1.6097144E+000, 1.3620968E+000, 7.6883454E-001,-2.3820044E+000,-2.6805752E+000,-2.9023641E+000,-2.2455400E+000,-1.4156280E+000,-3.5577115E+000,-3.4401747E+000, 1.8768047E+000, 3.7130211E+000, 4.3686722E+000, 6.4363737E+000, 5.6587651E+000, 3.8399690E+000, 2.4544683E+000, 4.3697082E+000, 3.2351022E+004, 4.9401149E-001, 1.7794477E+001, 8.5939954E+000
 2.0901412E+002, 1.9999995E+001, 2.0002977E+001, 2.0009776E+001, 2.0043615E+001, 2.0076828E+001, 2.0129138E+001, 2.0238208E+001, 1.5985251E+002, 1.8644034E+002, 2.0636108E+002, 2.4271559E+002, 2.9614115E+002, 2.9460115E+002, 2.6022548E+002, 2.8329445E+002, 2.3964291E+002, 2.4936768E+002, 2.6600472E+002, 2.5163405E+002, 2.6268750E+002, 2.9522023E+002, 2.6578623E+002, 2.7961712E+002, 2.1159777E+000, 1.9930394E+000, 1.9950297E+000, 1.8885070E+000, 1.8327058E+000, 1.7693086E+000, 1.4121243E+000,-1.0993449E+000,-2.2263732E+000,-2.7536372E+000,-3.0369418E+000,-3.3355984E+000,-3.5454887E+000,-2.9514674E+000, 5.7652928E-001, 3.1699453E+000, 3.2072084E+000, 4.6827163E+000, 4.6158315E+000, 5.8306501E+000, 6.3256039E+000, 2.1596179E+000, 4.5482283E+000, 4.5248327E+004, 1.5996057E+000, 1.9345230E+001, 4.3311617E+000
 2.1000442E+002, 2.0001699E+001, 2.0003528E+001, 2.0009195E+001, 2.0037201E+001, 2.0075577E+001, 2.0129636E+001, 2.0217089E+001, 1.3361169E+002, 1.9004867E+002, 2.1187971E+002, 2.7935132E+002, 2.4814584E+002, 2.4406818E+002, 2.7577321E+002, 4.1162887E+002, 5.6511192E+002, 4.5029855E+002, 3.5420479E+002, 2.6143490E+002, 2.2997455E+002, 2.6299400E+002, 2.7544274E+002, 2.6528731E+002, 2.4784905E+000, 2.6803821E+000, 2.6961591E+000, 2.8250315E+000, 2.7824522E+000, 2.7437609E+000, 2.7081925E+000, 3.0400932E-001,-7.6049329E-001,-9.5759417E-001,-1.0967987E+000,-1.6299189E+000,-1.2046303E+000, 1.5702772E+000, 2.0555207E+000, 6.3154114E+000, 9.7118176E+000, 8.7903570E+000, 7.4270367E+000, 6.5175957E+000, 7.1147206E+000, 8.1557420E+000, 6.5712192E+000, 4.1813309E+004, 1.2660398E+000, 1.4099088E+001, 5.7923984E+001
 2.1101026E+002, 1.9999303E+001, 2.0000876E+001, 2.0010103E+001, 2.0035211E+001, 2.0064056E+001, 2.0122167E+001, 2.0213145E+001, 1.1084380E+002, 1.9652865E+002, 2.1668681E+002, 2.2727147E+002, 2.2171831E+002, 2.5766354E+002, 2.5734393E+002, 1.9478870E+002, 3.6968988E+002, 3.9149259E+002, 3.2930522E+002, 3.4677250E+002, 3.7065031E+002, 2.2594539E+002, 2.6478959E+002, 2.6929434E+002, 1.8795794E+000, 1.9211292E+000, 1.8543417E+000, 1.7025713E+000, 1.6665236E+000, 1.5011009E+000, 1.2359632E+000,-9.5499902E-001,-3.1054962E+000,-3.2483551E+000,-3.4205401E+000,-3.0589082E+000,-1.9575250E+000, 2.4734919E-001, 7.7017245E-001,-7.8756867E-002, 4.7856434E+000, 5.9821608E+000, 6.9692546E+000, 6.7909843E+000, 2.8948654E+000, 3.8070332E+000, 3.6519060E+000, 3.3029870E+004, 9.5478605E-001, 1.5973487E+001, 1.0995810E+001
 2.1201374E+002, 1.9999542E+001, 2.0002983E+001, 2.0011143E+001, 2.0042405E+001, 2.0065752E+001, 2.0125397E+001, 2.0236556E+001, 1.8157864E+002, 2.0687169E+002, 2.0554191E+002, 2.0024710E+002, 2.3095027E+002, 2.1794536E+002, 2.8192166E+002, 4.1684396E+002, 3.3859423E+002, 2.9123767E+002, 3.0796155E+002, 2.9249925E+002, 2.7968261E+002, 3.3216183E+002, 2.4775649E+002, 2.6356602E+002, 2.0687513E+000, 1.9453659E+000, 1.9413206E+000, 1.7641456E+000, 1.8457659E+000, 1.7146542E+000, 1.2602638E+000,-1.7117998E+000,-2.5722572E+000,-2.9640571E+000,-2.6868596E+000,-2.3603234E+000,-1.6097662E+000, 8.8544982E-001, 1.6356417E+000, 4.0393153E+000, 2.6177837E+000, 4.5984447E+000, 5.5149625E+000, 4.9071226E+000, 6.9080716E+000, 3.0894203E+000, 4.7285793E+000, 4.5273314E+004, 1.8270862E+000, 1.7803365E+001, 1.0196305E+001
 2.1301019E+002, 1.9999676E+001, 2.0001449E+001, 2.0007928E+001, 2.0035440E+001, 2.0071066E+001, 2.0111922E+001, 2.0206714E+001, 1.5647844E+002, 1.9156893E+002, 1.9397540E+002, 1.9754378E+002, 2.2871654E+002, 1.9865558E+002, 2.6600022E+002, 5.8884179E+002, 6.7555083E+002, 5.6840502E+002, 4.0977684E+002, 3.1867210E+002, 2.5485240E+002, 2.7674595E+002, 2.8241681E+002, 2.5268234E+002, 2.6380874E+000, 2.4939738E+000, 2.6618148E+000, 2.7203269E+000, 2.6713969E+000, 2.7413737E+000, 2.6036246E+000, 9.8054099E-002,-9.5846394E-001,-9.2929218E-001,-5.2669269E-001, 5.4011299E-001, 1.6143580E+000, 2.2051953E+000, 2.4913013E+000, 9.2683210E+000, 1.1615168E+001, 9.3123753E+000, 7.8301504E+000, 6.5516644E+000, 6.7270485E+000, 7.3981755E+000, 5.5609553E+000, 4.1482946E+004, 1.4896486E+000, 1.4676366E+001, 7.6955883E+001
 2.1400138E+002, 1.9995880E+001, 2.0000023E+001, 2.0009825E+001, 2.0035808E+001, 2.0060365E+001, 2.0118595E+001, 2.0187234E+001, 1.5753825E+002, 1.8425151E+002, 1.8101182E+002, 1.9703473E+002, 2.3138342E+002, 2.1272781E+002, 1.8310786E+002, 3.6883031E+002, 4.0573980E+002, 4.0318826E+002, 4.0450363E+002, 3.7967907E+002, 3.9433835E+002, 2.4043729E+002, 2.6066064E+002, 2.7888793E+002, 2.1723246E+000, 1.8611781E+000, 1.7772517E+000, 1.6848245E+000, 1.6961648E+000, 1.5238851E+000, 1.3606407E+000,-1.4380712E+000,-2.4562299E+000,-2.3606023E+000,-2.3033920E+000,-1.6752618E+000,-4.6191979E-001, 1.2507719E+000,-2.2744969E+000, 1.0589366E+000, 4.4674126E+000, 6.7721037E+000, 6.3634374E+000, 6.1056969E+000, 2.9026272E+000, 2.3721893E+000, 3.5743133E+000, 3.2529828E+004, 1.4376594E+000, 1.7223532E+001, 9.6084841E+000
 2.1500307E+002, 1.9998361E+001, 2.0001966E+001, 2.0010446E+001, 2.0036644E+001, 2.0071458E+001, 2.0122886E+001, 2.0220317E+001, 1.7452525E+002, 1.7625569E+002, 1.9448769E+002, 2.2364368E+002, 2.2052183E+002, 1.9780703E+002, 2.5354407E+002, 3.6593384E+002, 3.0488835E+002, 2.9527285E+002, 2.7688773E+002, 2.8396232E+002, 3.0135696E+002, 2.9959194E+002, 2.6886105E+002, 2.6367523E+002, 2.2546875E+000, 2.0547141E+000, 1.9350981E+000, 2.0000789E+000, 1.8692160E+000, 1.7557783E+000, 1.3296616E+000,-1.8241700E+000,-1.7177786E+000,-2.2631574E+000,-2.2365275E+000,-2.1452403E+000,-1.3747338E+000,-2.0230364E+000,-2.7003706E-001, 2.4230970E+000, 2.4952588E+000, 3.9586523E+000, 5.8335175E+000, 5.5683160E+000, 5.5235422E+000, 2.4432400E+000, 3.9090647E+000, 4.5949422E+004, 1.8081420E+000, 1.8376026E+001, 6.1557163E+000
 2.1600454E+002, 2.0002086E+001, 1.9997457E+001, 2.0006972E+001, 2.0037840E+001, 2.0066182E+001, 2.0121297E+001, 2.0211186E+001, 1.3093269E+002, 1.7103061E+002, 2.0477753E+002, 2.1693802E+002, 2.2232112E+002, 2.0589254E+002, 2.9639674E+002, 4.8814760E+002, 5.0982887E+002, 4.2262809E+002, 3.3324572E+002, 2.6113245E+002, 2.2950027E+002, 2.6280606E+002, 2.8640113E+002, 2.6628463E+002, 2.5937530E+000, 2.7929532E+000, 2.5991681E+000, 2.7853837E+000, 2.9293457E+000, 2.9011164E+000, 2.7556980E+000, 1.1472878E-001,-1.7064838E-001,-3.0462256E-001,-3.7404674E-001,-5.2975467E-002,-2.3626801E-001,-1.1909416E+000,-1.3366978E+000, 3.4023231E+000, 7.4543556E+000, 7.9303878E+000, 6.7825438E+000, 6.7579195E+000, 7.0726374E+000, 6.7645165E+000, 5.3125964E+000, 4.1479443E+004, 1.2645045E+000, 1.5352487E+001, 4.3562934E+001
 2.1700207E+002, 2.0001640E+001, 1.9999840E+001, 2.0009133E+001, 2.0036787E+001, 2.0064630E+001, 2.0105778E+001, 2.0199735E+001, 5.3986841E+001, 1.7721251E+002, 2.0426367E+002, 2.0644966E+002, 2.2631820E+002, 2.4723760E+002, 3.1946904E+002, 3.5136186E+002, 4.3731667E+002, 3.7970090E+002, 3.5115698E+002, 3.5686336E+002, 3.4971454E+002, 2.3451366E+002, 2.6008990E+002, 2.8281798E+002, 2.2225651E+000, 2.1090935E+000, 1.9529782E+000, 1.8223485E+000, 1.7478233E+000, 1.8665389E+000, 1.5748966E+000, 1.3928730E-001,-2.0230001E+000,-2.0145020E+000,-2.4962274E+000,-1.8922581E+000,-2.5705397E+000,-3.7425364E+000,-4.3458611E+000,-5.1252435E-001, 3.0705337E+000, 5.5072313E+000, 5.9030097E+000, 6.7932718E+000, 3.2880262E+000, 2.9390129E+000, 4.2793020E+000, 3.3902251E+004, 5.1952587E-001, 1.6672302E+001, 1.4552510E+001
 2.1801160E+002, 2.0001921E+001, 2.0003124E+001, 2.0004566E+001, 2.0035817E+001, 2.0073640E+001, 2.0117466E+001, 2.0210669E+001, 9.0069814E+001, 1.8476662E+002, 2.0433220E+002, 2.1606616E+002, 2.3982196E+002, 2.3423436E+002, 2.2747962E+002, 3.4284369E+002, 3.4201291E+002, 3.3889822E+002, 3.0563773E+002, 2.9509487E+002, 2.9084257E+002, 3.0414207E+002, 2.6231460E+002, 2.6619289E+002, 2.1407843E+000, 2.0196916E+000, 2.1636090E+000, 1.8675704E+000, 1.8280589E+000, 1.8272689E+000, 1.8158904E+000,-2.8531024E-001,-1.8788564E+000,-2.3973506E+000,-2.5101431E+000,-3.1529878E+000,-3.0357471E+000,-1.0468339E+000,-3.3260007E-003, 4.6528558E+000, 3.6690190E+000, 4.3619826E+000, 5.3535814E+000, 4.3923942E+000, 6.2439264E+000, 3.2052744E+000, 3.2476977E+000, 4.3476459E+004, 9.0476354E-001, 1.8116968E+001, 1.3007493E+001
 2.1900675E+002, 1.9999192E+001, 2.0003200E+001, 2.0006492E+001, 2.0036175E+001, 2.0065864E+001, 2.0121822E+001, 2.0198883E+001, 4.2950309E+001, 1.8691365E+002, 2.0000412E+002, 2.2474916E+002, 2.1409487E+002, 2.0558437E+002, 2.4687129E+002, 4.2267297E+002, 5.6678409E+002, 4.9673298E+002, 3.8748239E+002, 3.1262097E+002, 2.8092148E+002, 2.9005073E+002, 2.9985079E+002, 2.5777793E+002, 2.6116591E+000, 2.7116536E+000, 2.7741636E+000, 2.7310020E+000, 2.7834498E+000, 2.6900739E+000, 2.9814974E+000, 2.4914354E+000, 7.9004393E-002,-5.2097461E-001,-6.5701164E-001,-2.6183883E-001, 1.5266292E-001, 2.6484203E-001, 2.2493375E+000, 5.1720542E+000, 9.7377579E+000, 8.8816896E+000, 7.7209538E+000, 7.4548683E+000, 6.4078976E+000, 7.6790964E+000, 5.2151532E+000, 4.2856487E+004, 5.1081321E-001, 1.5516454E+001, 5.5405765E+001
 2.2001118E+002, 1.9999776E+001, 2.0003759E+001, 2.0010222E+001, 2.0028954E+001, 2.0063853E+001, 2.0109017E+001, 2.0200014E+001, 2.9762432E+001, 1.8687903E+002, 1.9356649E+002, 2.0677139E+002, 2.0383162E+002, 2.2226178E+002, 2.9380638E+002, 2.3738814E+002, 4.4495161E+002, 3.3340515E+002, 3.7196673E+002, 3.8095600E+002, 3.4416874E+002, 2.5848446E+002, 2.9465459E+002, 2.9949936E+002, 2.1648190E+000, 2.0424633E+000, 2.0153126E+000, 1.9790116E+000, 1.8164640E+000, 1.6330031E+000, 1.6141140E+000, 9.6966675E-001,-1.4301049E+000,-1.7927640E+000,-2.5700267E+000,-1.6849532E+000,-1.3614289E+000,-2.2232150E+000,-8.9582856E-001,-2.0808217E+000, 3.6664102E+000, 6.1460832E+000, 6.5710764E+000, 6.3236027E+000, 4.2653983E+000, 2.8247671E+000, 4.9672808E+000, 3.4033684E+004, 3.7054551E-001, 1.6734101E+001, 1.1931166E+001
 2.2101695E+002, 1.9998576E+001, 2.0001493E+001, 2.0010471E+001, 2.0032862E+001, 2.0069335E+001, 2.0122184E+001, 2.0223063E+001, 6.0369029E+001, 1.8311843E+002, 1.9306530E+002, 2.0009732E+002, 2.1113451E+002, 2.3997577E+002, 2.3628492E+002, 2.4986485E+002, 3.1920179E+002, 3.1556440E+002, 2.6597750E+002, 2.8538001E+002, 3.1781721E+002, 3.1629193E+002, 2.5890402E+002, 2.9952719E+002, 2.2046970E+000, 1.8737114E+000, 1.9218062E+000, 1.7785912E+000, 1.8072586E+000, 1.3622422E+000, 9.2911159E-001, 1.3954841E-001,-2.3609863E+000,-2.8612738E+000,-2.7212972E+000,-2.5831055E+000,-2.7970727E+000,-1.4792348E+000,-7.9381576E-001, 1.4599816E+000, 1.9308614E+000, 4.6242028E+000, 4.9551375E+000, 5.2830434E+000, 5.6067462E+000, 3.0930573E+000, 2.9918736E+000, 4.1298877E+004, 6.8658032E-001, 1.9280755E+001, 4.6376323E+000
 2.2200941E+002, 1.9998890E+001, 2.0000788E+001, 2.0012361E+001, 2.0040915E+001, 2.0065445E+001, 2.0125444E+001, 2.0220025E+001, 5.4860424E+001, 1.8232239E+002, 1.8290608E+002, 2.1526436E+002, 1.8742205E+002, 3.7824153E+002, 4.1846343E+002, 4.2704880E+002, 4.2741615E+002, 3.7144316E+002, 2.7704902E+002, 2.3869810E+002, 2.3762982E+002, 2.7675313E+002, 2.9170252E+002, 2.7324767E+002, 2.6210594E+000, 2.6678068E+000, 2.6783387E+000, 2.6730988E+000, 2.9357687E+000, 2.8605979E+000, 2.4493919E+000, 1.8363963E+000,-4.0144472E-001,-2.0591535E-001,-6.6546918E-001, 1.7339570E-001,-7.5891387E-001,-8.2408876E-001, 1.7331613E+000, 6.4332498E+000, 7.3894712E+000, 6.0190570E+000, 6.3977209E+000, 7.2147031E+000, 7.1677604E+000, 7.4813746E+000, 5.8571960E+000, 4.4450697E+004, 6.6312648E-001, 1.6468902E+001, 2.7857614E+001
 2.2301424E+002, 2.0000297E+001, 1.9999993E+001, 2.0009410E+001, 2.0035368E+001, 2.0068089E+001, 2.0106531E+001, 2.0204588E+001, 2.2279107E+001, 1.7531073E+002, 1.8098173E+002, 2.1102087E+002, 2.1381673E+002, 2.7100702E+002, 3.3663860E+002, 3.9466894E+002, 4.1105423E+002, 4.0607776E+002, 3.8717772E+002, 3.6403212E+002, 3.0471075E+002, 2.1898850E+002, 2.5235759E+002, 2.8540679E+002, 2.2758180E+000, 2.3258419E+000, 2.0020141E+000, 2.1268349E+000, 1.9463055E+000, 2.1971260E+000, 1.8870697E+000, 1.1128871E+000,-1.8104603E+000,-1.2641914E+000,-1.7480944E+000,-1.2465367E+000,-1.3987652E-001,-1.3489453E-001,-2.8742697E+000,-7.9379182E-002, 5.8415857E+000, 8.1912719E+000, 6.3055446E+000, 4.1580657E+000, 4.4229974E+000, 4.2309701E+000, 5.0694360E+000, 3.5459816E+004, 3.5035329E-001, 1.6086454E+001, 1.3890295E+001
 2.2400949E+002, 2.0000829E+001, 1.9999578E+001, 2.0006917E+001, 2.0045835E+001, 2.0068424E+001, 2.0126520E+001, 2.0211827E+001, 8.9234663E+001, 1.6342554E+002, 2.0930584E+002, 2.3002502E+002, 2.1272562E+002, 2.6447098E+002, 2.3314116E+002, 2.9233309E+002, 3.2821744E+002, 2.9377151E+002, 2.7999942E+002, 2.5577566E+002, 3.0955478E+002, 2.8543242E+002, 2.2921983E+002, 2.7010766E+002, 2.1007203E+000, 1.9500028E+000, 1.8432945E+000, 1.6160959E+000, 1.5746915E+000, 1.5052208E+000, 1.5820839E+000,-4.3608654E-001,-2.4571949E+000,-2.6264576E+000,-2.8643156E+000,-2.7621128E+000,-1.3743317E+000,-1.1509899E+000,-3.3181171E+000, 3.5633947E-001, 2.4692134E+000, 5.1886504E+000, 6.4182915E+000, 6.1024051E+000, 4.0657659E+000, 1.9007700E+000, 2.8287676E+000, 3.8529404E+004, 9.1290641E-001, 1.8213537E+001, 5.1893423E+000
 2.2501424E+002, 1.9999876E+001, 2.0001540E+001, 2.0008447E+001, 2.0043925E+001, 2.0081848E+001, 2.0126896E+001, 2.0216005E+001, 1.3314430E+002, 1.5979563E+002, 2.3272176E+002, 2.1177283E+002, 1.8003201E+002, 2.8494181E+002, 3.5252421E+002, 4.5232641E+002, 4.8703601E+002, 3.8525606E+002, 3.1016329E+002, 2.5305966E+002, 2.1087034E+002, 2.7689459E+002, 2.6825582E+002, 2.4301186E+002, 2.4699493E+000, 2.5084309E+000, 2.5348350E+000, 2.6651800E+000, 2.5638425E+000, 2.6375112E+000, 2.4779941E+000,-1.1146837E-001,-1.0704461E+000,-8.6558601E-001,-7.8394079E-001, 6.8971364E-002,-1.0564624E+000,-1.6581598E+000, 1.0617432E+000, 5.4084581E+000, 7.1186989E+000, 6.2562538E+000, 5.9604180E+000, 5.4628905E+000, 7.1653984E+000, 6.6466716E+000, 4.9668709E+000, 4.5918537E+004, 1.2631979E+000, 1.5425412E+001, 5.0199849E+001
 2.2602190E+002, 1.9999168E+001, 2.0002519E+001, 2.0006212E+001, 2.0032098E+001, 2.0070752E+001, 2.0128103E+001, 2.0195257E+001, 3.8042400E+001, 1.9953567E+002, 2.1098212E+002, 2.0036623E+002, 1.8289356E+002, 2.0120851E+002, 2.6301463E+002, 2.5355761E+002, 4.2235611E+002, 4.5778331E+002, 4.1400011E+002, 3.8748652E+002, 3.5869087E+002, 2.1381530E+002, 2.4916499E+002, 2.7211929E+002, 2.4118939E+000, 2.3111764E+000, 2.4238258E+000, 2.3053780E+000, 2.2744441E+000, 2.2183517E+000, 2.3100747E+000, 1.4060308E+000,-1.8413837E+000,-1.4366999E+000,-1.0012672E+000,-1.2983243E-001, 3.6506325E-002,-1.0657544E+000, 1.9597114E+000, 1.7229474E+000, 8.1874653E+000, 9.0049732E+000, 7.5024148E+000, 6.8631413E+000, 4.0022803E+000, 5.1382935E+000, 5.3931303E+000, 3.6007791E+004, 4.0651272E-001, 1.4959773E+001, 2.6465584E+001
 2.2701437E+002, 1.9999081E+001, 2.0001480E+001, 2.0008302E+001, 2.0033530E+001, 2.0063566E+001, 2.0130526E+001, 2.0213866E+001, 1.3246109E+002, 1.8418511E+002, 1.9819839E+002, 1.8060535E+002, 1.7631559E+002, 2.0042845E+002, 2.0416408E+002, 2.7581238E+002, 3.3548352E+002, 3.5074062E+002, 3.3095461E+002, 3.0784882E+002, 3.2922392E+002, 2.9197891E+002, 2.2404374E+002, 2.6311186E+002, 2.1698818E+000, 1.8085096E+000, 1.9070955E+000, 1.7293993E+000, 1.6315985E+000, 1.5464733E+000, 1.5386123E+000,-1.3693264E+000,-2.7143235E+000,-2.2580362E+000,-1.9042238E+000,-1.4690984E+000,-1.6445138E+000,-1.5203320E+000, 2.0283637E-001, 1.4543468E+000, 3.7630211E+000, 4.0751287E+000, 4.4237656E+000, 3.8003392E+000, 4.4327303E+000, 2.9682472E+000, 3.3987574E+000, 3.8778356E+004, 1.2777540E+000, 1.7484396E+001, 6.7353409E+000
 2.2801074E+002, 2.0001020E+001, 2.0000653E+001, 2.0010849E+001, 2.0035291E+001, 2.0066894E+001, 2.0122748E+001, 2.0243666E+001, 1.6997703E+002, 1.8045388E+002, 1.8312403E+002, 1.7894614E+002, 1.9089650E+002, 2.2941621E+002, 2.7206858E+002, 3.2785907E+002, 4.3140583E+002, 3.6603142E+002, 3.0646279E+002, 2.8769887E+002, 2.8869762E+002, 3.0937712E+002, 2.6967588E+002, 2.2873736E+002, 2.4291934E+000, 2.4471134E+000, 2.4091259E+000, 2.4926704E+000, 2.4846676E+000, 2.1677586E+000, 2.0888930E+000,-1.0643237E+000,-8.9510634E-001,-6.3736799E-001,-3.5693297E-001,-3.2883538E-001,-1.1156475E+000,-1.1364646E+000, 2.1282575E+000, 4.5949584E+000, 6.4483543E+000, 6.6591107E+000, 6.4773252E+000, 6.6705254E+000, 6.2965709E+000, 5.8783600E+000, 4.9461063E+000, 4.5070835E+004, 1.6859157E+000, 1.6106280E+001, 2.1491568E+001
 2.2900163E+002, 2.0001218E+001, 2.0000768E+001, 2.0008946E+001, 2.0034443E+001, 2.0060491E+001, 2.0110020E+001, 2.0199814E+001, 7.8423247E+001, 1.7471402E+002, 1.7493580E+002, 1.7878679E+002, 2.0522142E+002, 2.4394977E+002, 3.1793587E+002, 4.0422593E+002, 4.9624869E+002, 4.7757677E+002, 3.8317281E+002, 3.5745086E+002, 2.9336606E+002, 2.6162219E+002, 2.7609193E+002, 2.6540252E+002, 2.3489090E+000, 2.6019002E+000, 2.4047229E+000, 2.4903455E+000, 2.7011345E+000, 2.5225008E+000, 2.2672292E+000, 9.1961573E-001,-5.0257954E-001,-4.8399674E-001,-1.7779811E-001,-4.4655778E-001, 2.7136810E-002,-1.3698751E+000,-2.7667713E-001, 3.3141767E+000, 7.6373461E+000, 8.2283229E+000, 7.5756933E+000, 6.3082603E+000, 5.4731362E+000, 5.8455830E+000, 5.6006200E+000, 3.8505804E+004, 7.1657506E-001, 1.4825345E+001, 2.8939513E+001
 2.3000842E+002, 1.9998455E+001, 2.0002558E+001, 2.0007402E+001, 2.0040445E+001, 2.0063065E+001, 2.0111455E+001, 2.0198262E+001, 8.0640169E+001, 1.6908058E+002, 1.7198024E+002, 1.9323590E+002, 2.2201561E+002, 2.4608583E+002, 2.6480808E+002, 3.0768789E+002, 3.6970969E+002, 3.6222245E+002, 3.3538634E+002, 2.9970973E+002, 3.3471119E+002, 2.9178880E+002, 2.6149448E+002, 2.6744705E+002, 2.1184056E+000, 2.0274078E+000, 1.8229603E+000, 1.5454696E+000, 1.7729562E+000, 1.6713022E+000, 1.2095074E+000, 5.1062377E-002,-1.9025446E+000,-1.6678135E+000,-2.2593993E+000,-2.2350993E+000,-1.6113741E+000,-8.8108536E-001,-1.3154199E-001,-2.5568219E-001, 3.5888261E+000, 4.9931893E+000, 5.2193641E+000, 5.2174954E+000, 4.0505461E+000, 2.0920897E+000, 3.2793576E+000, 3.6759937E+004, 7.7190107E-001, 1.8667641E+001, 7.2158185E+000
 2.3100307E+002, 1.9999592E+001, 2.0002664E+001, 2.0008547E+001, 2.0043161E+001, 2.0080146E+001, 2.0118330E+001, 2.0211368E+001, 1.0802769E+002, 1.6610260E+002, 1.8363940E+002, 2.1443472E+002, 2.3536391E+002, 1.9434204E+002, 2.6871960E+002, 3.6665988E+002, 3.5537493E+002, 3.0799949E+002, 2.7599329E+002, 2.7675947E+002, 2.7582793E+002, 3.1372692E+002, 2.8921680E+002, 2.5743758E+002, 2.4595548E+000, 2.2610201E+000, 2.4614768E+000, 2.2131905E+000, 2.1892630E+000, 2.5406155E+000, 2.2214605E+000, 5.1024338E-001,-1.0589459E+000,-1.2134372E+000,-1.3749850E+000,-1.1987037E+000,-8.7999017E-001,-5.1324389E-002, 1.8534650E+000, 4.5054219E+000, 5.2923609E+000, 5.2282295E+000, 6.6974292E+000, 6.7493182E+000, 5.8560735E+000, 5.6862279E+000, 4.0234047E+000, 4.4443248E+004, 1.0692943E+000, 1.6993195E+001, 1.7644869E+001
 2.3200356E+002, 2.0000972E+001, 1.9999536E+001, 2.0010840E+001, 2.0035118E+001, 2.0071787E+001, 2.0129100E+001, 2.0194543E+001, 2.4943175E+001, 1.6332922E+002, 1.9231602E+002, 2.0869571E+002, 2.3157108E+002, 1.9649302E+002, 2.3506021E+002, 4.5354138E+002, 5.1891236E+002, 4.6021843E+002, 4.2763408E+002, 3.4947081E+002, 2.6275331E+002, 2.4937230E+002, 2.8299032E+002, 2.8742196E+002, 2.5746933E+000, 2.5507264E+000, 2.5761052E+000, 2.6534703E+000, 2.4955337E+000, 2.5050206E+000, 2.8189891E+000, 2.2583974E+000,-1.1003566E-001,-1.0977453E+000,-5.6276040E-001,-3.8443292E-002, 4.8219018E-001,-5.7006337E-001,-1.4865763E+000, 2.8152969E+000, 7.8085719E+000, 8.6764676E+000, 7.2848922E+000, 6.3027188E+000, 6.6529258E+000, 6.0023107E+000, 6.5785389E+000, 3.7620297E+004, 3.4965549E-001, 1.5658259E+001, 4.3011869E+001
 2.3300887E+002, 2.0001630E+001, 2.0000855E+001, 2.0009844E+001, 2.0035454E+001, 2.0063553E+001, 2.0124020E+001, 2.0216376E+001, 2.0422255E+001, 1.7440688E+002, 1.9182671E+002, 2.0909079E+002, 2.3340361E+002, 2.2017559E+002, 2.4718732E+002, 2.7653318E+002, 3.2147613E+002, 3.7423255E+002, 2.8350126E+002, 3.1656086E+002, 3.8167287E+002, 2.3803684E+002, 2.4480965E+002, 2.7592989E+002, 2.1199960E+000, 2.0034095E+000, 1.7913332E+000, 1.9455310E+000, 1.7105976E+000, 1.4291401E+000, 1.1208830E+000, 8.8116258E-001,-1.6519449E+000,-2.6708037E+000,-2.2708233E+000,-1.8701218E+000,-2.0828724E+000,-3.2202044E+000,-1.5171340E+000, 9.6348831E-001, 2.3486787E+000, 5.3338832E+000, 5.2179850E+000, 6.5048931E+000, 3.3650097E+000, 2.4882867E+000, 3.2173732E+000, 3.4141126E+004, 3.7092036E-001, 1.6601977E+001, 9.0591020E+000
 2.3400588E+002, 2.0000170E+001, 2.0002495E+001, 2.0006649E+001, 2.0042456E+001, 2.0071328E+001, 2.0125150E+001, 2.0240067E+001, 2.1445201E+001, 1.8072711E+002, 1.9076842E+002, 2.2841430E+002, 2.3326423E+002, 2.4000114E+002, 2.4963120E+002, 2.4254503E+002, 2.9445091E+002, 2.7683205E+002, 2.5057463E+002, 2.3941196E+002, 2.5117130E+002, 3.2054730E+002, 2.3969818E+002, 2.4976420E+002, 2.1608488E+000, 2.1598469E+000, 2.1735989E+000, 2.1579034E+000, 2.2094462E+000, 1.9724750E+000, 1.6169398E+000, 1.5130215E+000,-1.8309645E+000,-1.8104316E+000,-2.0071841E+000,-1.9469198E+000,-2.9642237E+000,-1.6327835E+000, 1.1048116E+000, 2.3889216E+000, 3.8527594E+000, 4.5358329E+000, 5.5591543E+000, 5.8206558E+000, 6.2798152E+000, 2.5800196E+000, 3.8097212E+000, 4.6106184E+004, 4.4086199E-001, 1.6444652E+001, 7.8101537E+000
 2.3501700E+002, 1.9997487E+001, 2.0003495E+001, 2.0008066E+001, 2.0039868E+001, 2.0072259E+001, 2.0117433E+001, 2.0205018E+001, 2.1255489E+001, 1.6152202E+002, 1.9692585E+002, 2.1704347E+002, 2.2537913E+002, 2.4573789E+002, 2.8879260E+002, 3.9306245E+002, 4.9492830E+002, 4.4480515E+002, 3.6460659E+002, 2.9168158E+002, 2.3459109E+002, 2.3650802E+002, 2.8558932E+002, 2.4338254E+002, 2.6159124E+000, 2.5916145E+000, 2.7337005E+000, 2.6857454E+000, 2.8261682E+000, 2.8904147E+000, 2.8443577E+000, 2.2714893E+000, 1.9344634E-001,-4.0742575E-002,-3.0528978E-001,-1.2198556E+000, 6.4103374E-002,-2.2285453E-001,-9.0122982E-002, 1.0126237E+000, 6.3550082E+000, 7.9931949E+000, 7.2861573E+000, 6.0182538E+000, 6.6546514E+000, 6.8690859E+000, 5.5885574E+000, 4.1739423E+004, 3.3899748E-001, 1.5118763E+001, 3.8885000E+001
 2.3600940E+002, 1.9998272E+001, 2.0000834E+001, 2.0010240E+001, 2.0030946E+001, 2.0068940E+001, 2.0117382E+001, 2.0193516E+001, 2.0429295E+001, 1.4213650E+002, 1.9484361E+002, 2.0239834E+002, 2.1027255E+002, 2.5181648E+002, 2.8504326E+002, 3.6272963E+002, 3.5193036E+002, 4.1679917E+002, 3.8426565E+002, 3.4052348E+002, 3.5311069E+002, 2.2734711E+002, 2.5900638E+002, 2.7740158E+002, 2.2215317E+000, 2.0181977E+000, 1.9983004E+000, 1.9124562E+000, 1.7684330E+000, 1.7198532E+000, 1.7670337E+000, 1.4996080E+000,-1.4987468E+000,-1.7389139E+000,-2.2179556E+000,-2.0429186E+000,-1.1085671E+000,-1.4573595E+000,-2.1309121E+000,-2.7203219E+000, 3.1476970E+000, 5.3557546E+000, 6.2630857E+000, 5.5957675E+000, 3.8875560E+000, 2.4745088E+000, 4.1475087E+000, 3.4428589E+004, 3.4944377E-001, 1.6899564E+001, 1.2118233E+001
 2.3700098E+002, 1.9999854E+001, 1.9998364E+001, 2.0012114E+001, 2.0035635E+001, 2.0068682E+001, 2.0135774E+001, 2.0215963E+001, 2.1468686E+001, 1.7821976E+002, 1.8569619E+002, 1.8646673E+002, 2.2779266E+002, 2.6229162E+002, 3.1938834E+002, 2.8113630E+002, 2.4659288E+002, 2.8311157E+002, 2.5913059E+002, 2.8112839E+002, 2.8233429E+002, 3.2789434E+002, 2.1662682E+002, 2.7527118E+002, 2.0562760E+000, 1.9432211E+000, 1.7532804E+000, 1.8760207E+000, 1.8195217E+000, 1.6439105E+000, 1.3979626E+000, 1.1259511E+000,-1.7358734E+000,-2.3872779E+000,-2.5140335E+000,-2.3400509E+000,-2.0497050E+000,-3.0429525E-001, 2.0746086E+000, 1.0420141E+000, 2.6903967E+000, 3.6858750E+000, 5.0410700E+000, 5.0244872E+000, 4.3355529E+000, 2.6763650E+000, 2.0806525E+000, 4.0889334E+004, 4.6272174E-001, 1.8810930E+001, 4.4742572E+000
 2.3800549E+002, 1.9999257E+001, 1.9999841E+001, 2.0010135E+001, 2.0042695E+001, 2.0069345E+001, 2.0126665E+001, 2.0227380E+001, 2.6498689E+001, 1.7431927E+002, 1.7592757E+002, 1.8490684E+002, 2.3999154E+002, 2.4887602E+002, 2.2699578E+002, 5.0338776E+002, 5.8566762E+002, 4.6037700E+002, 3.4850620E+002, 2.4510390E+002, 2.3991039E+002, 2.7678828E+002, 2.7747693E+002, 2.4973382E+002, 2.5894051E+000, 2.6620007E+000, 2.4815934E+000, 2.5600930E+000, 2.7342388E+000, 2.7274309E+000, 2.5439328E+000, 2.5362855E+000, 1.3557178E-001,-4.2132758E-001,-2.0430528E-001, 2.0928640E-002, 9.2405827E-001, 1.5932131E+000, 2.6647553E+000, 8.2588789E+000, 9.6479215E+000, 7.6071416E+000, 5.8643526E+000, 6.5732282E+000, 6.6927565E+000, 6.3488307E+000, 5.9504749E+000, 4.5286801E+004, 4.5426594E-001, 1.6195749E+001, 5.6069208E+001
 2.3900096E+002, 1.9999778E+001, 2.0000675E+001, 2.0005254E+001, 2.0040864E+001, 2.0069524E+001, 2.0109282E+001, 2.0193570E+001, 2.4001869E+001, 1.5727272E+002, 1.7351246E+002, 1.7941263E+002, 2.3299479E+002, 2.1399494E+002, 2.5108548E+002, 2.2846966E+002, 4.1435997E+002, 4.4844413E+002, 4.0278392E+002, 4.4006699E+002, 3.5826912E+002, 2.2799201E+002, 2.5852384E+002, 2.7954826E+002, 2.3891603E+000, 2.2556799E+000, 2.3416256E+000, 2.1730896E+000, 2.1575587E+000, 2.2900946E+000, 2.2792248E+000, 1.9239903E+000,-1.2598909E+000,-9.5285205E-001,-9.0017535E-001,-9.2123535E-001, 3.8385801E-001, 8.6999394E-001,-1.6848906E-002, 2.8032684E-001, 6.0873029E+000, 8.4716153E+000, 8.5854039E+000, 7.3261690E+000, 5.5076587E+000, 5.2058047E+000, 4.6281685E+000, 3.5524102E+004, 3.4226228E-001, 1.5163174E+001, 1.4372939E+001
 2.4000368E+002, 1.9999562E+001, 2.0000085E+001, 2.0007198E+001, 2.0041188E+001, 2.0075613E+001, 2.0124224E+001, 2.0202691E+001, 3.3007648E+001, 1.6572066E+002, 1.6908758E+002, 2.0713238E+002, 2.2686301E+002, 2.3292991E+002, 2.6306748E+002, 2.7344864E+002, 2.8481810E+002, 2.8496622E+002, 2.5690428E+002, 2.5819680E+002, 3.2777186E+002, 3.0360929E+002, 2.2941582E+002, 2.7356733E+002, 2.2006953E+000, 1.8471060E+000, 1.7870784E+000, 1.5686578E+000, 1.5020060E+000, 1.3424528E+000, 1.3507218E+000, 9.7506451E-001,-1.7964173E+000,-1.7904180E+000,-2.8281204E+000,-2.3865531E+000,-1.4706707E+000,-5.3014631E-001,-1.9691634E+000,-4.4256228E-002, 2.2795118E+000, 3.4585246E+000, 4.8487546E+000, 4.0659150E+000, 5.2343644E+000, 3.0463280E+000, 2.6638289E+000, 3.8601627E+004, 4.9024648E-001, 1.7666350E+001, 4.0885056E+000
 2.4100033E+002, 1.9998004E+001, 2.0000737E+001, 2.0008174E+001, 2.0035321E+001, 2.0079606E+001, 2.0134786E+001, 2.0220008E+001, 3.9267898E+001, 1.5950784E+002, 1.8267439E+002, 2.1271057E+002, 2.3267694E+002, 2.2805014E+002, 2.7877749E+002, 3.5493323E+002, 3.6430789E+002, 3.3028737E+002, 2.5724054E+002, 2.3009374E+002, 2.3457991E+002, 2.9331144E+002, 2.8151049E+002, 2.5198316E+002, 2.5720705E+000, 2.5306229E+000, 2.4294239E+000, 2.6143651E+000, 2.5136484E+000, 2.5124382E+000, 2.3527770E+000, 1.9768323E+000,-8.8865494E-002,-2.0642117E-001,-9.6935863E-001,-5.4585554E-001,-9.8785720E-001,-1.2094358E+000, 2.7195857E-001, 2.7496835E+000, 5.3772883E+000, 5.1619766E+000, 5.8164135E+000, 6.0920480E+000, 5.0885495E+000, 7.6429984E+000, 6.2744276E+000, 4.5726677E+004, 5.7135136E-001, 1.5799446E+001, 3.2535693E+001
 2.4202076E+002, 2.0001691E+001, 2.0000750E+001, 2.0007429E+001, 2.0034711E+001, 2.0060764E+001, 2.0122588E+001, 2.0209386E+001, 3.1368871E+001, 9.1729573E+001, 1.7666605E+002, 2.0915363E+002, 2.3101565E+002, 2.3281463E+002, 3.1778282E+002, 4.4180811E+002, 5.0474499E+002, 4.7768675E+002, 4.3935893E+002, 3.8780954E+002, 3.2591305E+002, 2.2195983E+002, 2.7422532E+002, 2.6149193E+002, 2.4202961E+000, 2.5396563E+000, 2.4358037E+000, 2.2867311E+000, 2.4260316E+000, 2.3860549E+000, 2.3229334E+000, 1.9180676E+000,-3.0008571E-001,-6.1950249E-001,-1.0798516E+000,-7.1891288E-001, 4.7746016E-002,-2.4613110E+000,-2.6980928E+000,-8.7467690E-001, 7.3604993E+000, 9.3722314E+000, 8.1489942E+000, 7.1152382E+000, 5.4747567E+000, 4.5663381E+000, 5.8961501E+000, 3.6582372E+004, 4.2251390E-001, 1.5376999E+001, 3.2186148E+001
 2.4300321E+002, 2.0000634E+001, 1.9999031E+001, 2.0007557E+001, 2.0035940E+001, 2.0067516E+001, 2.0110875E+001, 2.0228440E+001, 3.6606677E+001, 1.0620244E+002, 1.9956870E+002, 2.2278164E+002, 2.3057975E+002, 2.6893523E+002, 3.1314923E+002, 3.0123356E+002, 3.4596838E+002, 3.6076390E+002, 2.8302410E+002, 2.2655212E+002, 2.7135306E+002, 3.1221495E+002, 2.2739381E+002, 2.5842680E+002, 2.0142604E+000, 1.9030043E+000, 1.8437173E+000, 1.5695267E+000, 1.4511685E+000, 1.6809731E+000, 1.4689886E+000, 1.0877678E+000,-1.2491075E+000,-2.6589552E+000,-3.0011038E+000,-2.6260421E+000,-1.6302251E+000,-2.7786891E+000,-9.2509688E-001, 2.3161936E+000, 3.4803806E+000, 4.5186029E+000, 3.7604076E+000, 4.0310861E+000, 5.4694696E+000, 3.1227012E+000, 2.7008249E+000, 3.7609933E+004, 5.3708497E-001, 1.8920686E+001, 7.2602272E+000
 2.4401361E+002, 1.9996764E+001, 2.0002684E+001, 2.0009624E+001, 2.0040162E+001, 2.0074439E+001, 2.0127409E+001, 2.0219002E+001, 3.5514722E+001, 1.6958046E+002, 2.1384853E+002, 2.2295943E+002, 2.6322942E+002, 2.6991688E+002, 2.9436963E+002, 3.8317838E+002, 3.7112541E+002, 3.0519731E+002, 2.7450864E+002, 2.5584191E+002, 2.2679609E+002, 2.8850528E+002, 2.7830007E+002, 2.4418195E+002, 2.5326346E+000, 2.5238702E+000, 2.5138026E+000, 2.4800993E+000, 2.3640555E+000, 2.3158594E+000, 2.3567149E+000, 1.6596163E+000,-7.1218284E-001,-1.3129748E+000,-1.3310038E+000,-9.8318624E-001,-1.6759580E+000,-6.7038968E-002, 1.4876497E+000, 3.8395440E+000, 5.4961294E+000, 6.0912693E+000, 6.5975234E+000, 5.8639105E+000, 5.9627603E+000, 7.7822830E+000, 6.1400473E+000, 4.6285042E+004, 5.7054075E-001, 1.7052732E+001, 2.0499852E+001
 2.4501808E+002, 1.9999719E+001, 2.0002701E+001, 2.0006428E+001, 2.0034784E+001, 2.0068820E+001, 2.0120351E+001, 2.0204350E+001, 2.4379240E+001, 1.1195283E+002, 2.0706241E+002, 2.2341031E+002, 2.5055468E+002, 2.1754471E+002, 2.0871414E+002, 3.2094501E+002, 5.1083435E+002, 5.3186940E+002, 4.2362320E+002, 3.5978260E+002, 2.7231278E+002, 2.2940271E+002, 2.7078986E+002, 2.7480078E+002, 2.3740146E+000, 2.4614392E+000, 2.4922180E+000, 2.5600126E+000, 2.5250578E+000, 2.4736051E+000, 2.4637537E+000, 2.2430587E+000,-5.9287711E-001,-1.0507713E+000,-1.0899814E+000,-8.8574878E-001, 6.5795935E-001, 2.1423615E+000, 1.7311403E+000, 3.4228004E+000, 8.4531917E+000, 9.0416136E+000, 7.2886544E+000, 5.6718548E+000, 5.1513843E+000, 4.6213739E+000, 6.2420148E+000, 3.6994439E+004, 3.7540756E-001, 1.5715582E+001, 4.0952166E+001
 2.4600822E+002, 1.9999819E+001, 1.9997521E+001, 2.0010378E+001, 2.0040643E+001, 2.0066521E+001, 2.0124112E+001, 2.0220871E+001, 4.7849466E+001, 1.6449242E+002, 2.0653743E+002, 2.2464373E+002, 2.2230956E+002, 2.1697891E+002, 2.0957707E+002, 2.7106893E+002, 2.9481250E+002, 3.0904288E+002, 3.3576885E+002, 3.1477947E+002, 3.5463018E+002, 2.5604237E+002, 2.5657052E+002, 2.7600631E+002, 2.1293101E+000, 1.9217065E+000, 1.7937965E+000, 1.5005118E+000, 1.5715330E+000, 1.4283082E+000, 1.2499449E+000, 5.9497872E-001,-2.3314544E+000,-2.6975001E+000,-3.2285132E+000,-2.2453826E+000,-1.1913844E+000, 4.9413193E-001,-7.2986648E-001, 1.1224065E-001, 4.3215309E+000, 5.2711070E+000, 4.4721290E+000, 5.6513042E+000, 3.4509821E+000, 9.1910236E-001, 3.1072563E+000, 3.5177080E+004, 5.7678555E-001, 1.9339642E+001, 5.0199466E+000
 2.4701206E+002, 1.9996484E+001, 2.0000622E+001, 2.0014388E+001, 2.0038803E+001, 2.0079008E+001, 2.0132864E+001, 2.0235316E+001, 8.9356265E+001, 1.8893394E+002, 2.1267952E+002, 2.1367569E+002, 2.1890325E+002, 2.1926159E+002, 2.7959833E+002, 3.8299100E+002, 3.0263218E+002, 3.0712247E+002, 2.8997870E+002, 2.6633193E+002, 2.6973422E+002, 3.2175954E+002, 2.6248271E+002, 2.5069997E+002, 2.5129831E+000, 2.2455292E+000, 2.3358999E+000, 2.2989734E+000, 2.1633545E+000, 2.0750303E+000, 1.9565843E+000,-1.3178931E+000,-4.9596847E-001,-1.3901246E+000,-1.0220840E+000,-7.1946578E-001,-8.1908047E-001,-1.2188866E+000, 4.6326115E-001, 3.6232855E+000, 4.4566078E+000, 5.5727774E+000, 6.6573681E+000, 5.8880357E+000, 6.8656079E+000, 4.8291453E+000, 4.2514057E+000, 4.6522506E+004, 9.6472742E-001, 1.8395642E+001, 1.1280395E+001
 2.4801388E+002, 1.9998740E+001, 2.0001341E+001, 2.0006075E+001, 2.0038880E+001, 2.0067322E+001, 2.0128794E+001, 2.0214349E+001, 6.1446489E+001, 1.4695165E+002, 2.0927841E+002, 2.0470144E+002, 2.1077261E+002, 2.2584304E+002, 3.8173857E+002, 4.7229320E+002, 4.8888028E+002, 4.2055314E+002, 3.3440478E+002, 2.8007456E+002, 2.6047900E+002, 2.6511917E+002, 2.8810103E+002, 2.7453774E+002, 2.5291164E+000, 2.6470216E+000, 2.6337253E+000, 2.7215762E+000, 2.8430409E+000, 2.6292819E+000, 2.4095157E+000,-3.3896185E-001,-6.5672969E-003,-6.0294035E-001,-1.0642807E-001, 4.0175207E-001, 1.4629745E-001,-1.3561615E+000, 1.0904013E+000, 4.1836166E+000, 7.8723301E+000, 6.8173288E+000, 4.4950727E+000, 5.2794506E+000, 4.8948136E+000, 5.6257899E+000, 5.8808820E+000, 3.8368798E+004, 6.1508889E-001, 1.5892829E+001, 3.3951122E+001
 2.4900647E+002, 2.0000915E+001, 1.9997308E+001, 2.0008080E+001, 2.0046176E+001, 2.0069872E+001, 2.0120042E+001, 2.0224223E+001, 5.6777923E+001, 1.6375276E+002, 2.0034854E+002, 2.0559070E+002, 2.1092198E+002, 2.7890543E+002, 3.0895803E+002, 3.3889245E+002, 2.8982924E+002, 3.4198536E+002, 3.3289355E+002, 3.1031825E+002, 2.8294863E+002, 2.6189554E+002, 2.7329171E+002, 2.7972491E+002, 2.0242485E+000, 2.0993564E+000, 1.7533219E+000, 1.5251989E+000, 1.6272461E+000, 1.6856435E+000, 1.1933578E+000,-1.4204708E+000,-1.7941027E+000,-2.3934597E+000,-2.2465602E+000,-1.8098817E+000,-2.2951913E+000,-2.1104301E+000,-1.1406480E+000, 9.9087623E-001, 2.7673718E+000, 6.0123508E+000, 6.4148807E+000, 3.9097679E+000, 2.4709694E+000, 7.9678217E-001, 2.9725416E+000, 3.4055125E+004, 6.7598820E-001, 1.8683450E+001, 5.6762087E+000
 2.5000742E+002, 2.0000983E+001, 2.0000124E+001, 2.0011606E+001, 2.0045205E+001, 2.0086946E+001, 2.0131668E+001, 2.0247707E+001, 4.2142368E+001, 1.8939473E+002, 2.0050516E+002, 2.0899664E+002, 2.3445287E+002, 2.7769820E+002, 3.3027179E+002, 4.5961788E+002, 3.4785093E+002, 2.9423961E+002, 2.6564336E+002, 2.6790169E+002, 2.6623841E+002, 2.6244368E+002, 2.5499711E+002, 2.6608908E+002, 2.1935955E+000, 2.1904993E+000, 2.1299072E+000, 1.8857190E+000, 1.9321464E+000, 2.1773873E+000, 1.9512287E+000, 4.3935312E-002,-1.6435010E+000,-1.5370644E+000,-1.7146394E+000,-2.3014691E+000,-2.3698617E+000,-1.1797267E+000, 1.5384683E+000, 3.9208458E+000, 2.9407717E+000, 4.3636344E+000, 5.9156091E+000, 5.8065483E+000, 5.0043234E+000, 3.1474903E+000, 2.9102120E+000, 4.6807572E+004, 6.1723864E-001, 1.7991855E+001, 9.6295159E+000
 2.5100386E+002, 2.0001303E+001, 2.0002543E+001, 2.0005411E+001, 2.0036047E+001, 2.0076707E+001, 2.0139508E+001, 2.0216220E+001, 2.3778081E+001, 1.7294195E+002, 1.9570450E+002, 2.1001349E+002, 1.9912212E+002, 2.1430791E+002, 2.7553792E+002, 5.0301327E+002, 6.1133803E+002, 4.8642383E+002, 4.1945899E+002, 3.1379285E+002, 2.4895828E+002, 2.5425477E+002, 2.6094047E+002, 2.4875422E+002, 2.5130465E+000, 2.5092283E+000, 2.7468187E+000, 2.7561956E+000, 2.5064208E+000, 2.5327506E+000, 2.5471989E+000, 2.1657062E+000,-6.3175612E-001,-3.7862993E-001,-2.4596370E-001,-6.5899792E-001, 3.8512754E-001, 3.1323303E-001, 1.3347888E+000, 5.0963212E+000, 9.8947635E+000, 8.1780823E+000, 6.3332363E+000, 6.2018638E+000, 6.3069191E+000, 6.5713804E+000, 4.9124895E+000, 4.0141867E+004, 3.7539615E-001, 1.5066390E+001, 5.3926046E+001
 2.5201932E+002, 1.9999636E+001, 2.0002585E+001, 2.0007600E+001, 2.0041204E+001, 2.0064671E+001, 2.0132834E+001, 2.0236613E+001, 2.2286110E+001, 1.7335347E+002, 1.9016578E+002, 2.0737814E+002, 1.8706619E+002, 1.9664699E+002, 2.5439780E+002, 3.3346215E+002, 3.9601841E+002, 3.4475382E+002, 3.1457210E+002, 4.1926171E+002, 3.9677131E+002, 2.4595943E+002, 2.6981454E+002, 2.5533856E+002, 2.2545385E+000, 1.9443782E+000, 1.8175210E+000, 1.8121730E+000, 1.8569875E+000, 1.7170198E+000, 1.4208870E+000, 8.8555271E-001,-1.8917794E+000,-2.0917389E+000,-2.1306410E+000,-1.9394815E+000,-9.9017342E-001,-1.8998329E+000,-4.4683938E-001, 8.7437582E-001, 4.1270682E+000, 5.0355857E+000, 4.7398577E+000, 4.6905888E+000, 3.4411965E+000, 1.5522890E+000, 3.7030718E+000, 3.4286383E+004, 4.2228039E-001, 1.8378216E+001, 8.6340021E+000
 2.5300996E+002, 1.9999208E+001, 2.0003528E+001, 2.0011805E+001, 2.0038804E+001, 2.0080153E+001, 2.0126654E+001, 2.0258047E+001, 3.7199552E+001, 1.8153017E+002, 1.9283964E+002, 1.8603694E+002, 2.1968909E+002, 2.4580154E+002, 2.2200729E+002, 3.6720095E+002, 3.5388224E+002, 2.8831550E+002, 2.8523739E+002, 2.9154863E+002, 3.3932199E+002, 3.2711600E+002, 2.5152123E+002, 2.6122940E+002, 2.3139018E+000, 2.1643747E+000, 2.0728730E+000, 2.2130400E+000, 2.1039865E+000, 2.1462494E+000, 1.9281310E+000, 1.3329257E+000,-3.8148678E-001,-1.7477185E+000,-1.8361919E+000,-1.8318969E+000,-1.7908937E+000,-5.3411267E-001, 9.8743306E-001, 3.5801831E+000, 6.2124642E+000, 6.7408249E+000, 6.2374439E+000, 4.3337754E+000, 5.0574351E+000, 4.0920529E+000, 4.3473311E+000, 4.5009387E+004, 5.8515836E-001, 1.8663530E+001, 8.0096598E+000
 2.5400909E+002, 2.0000978E+001, 2.0000493E+001, 2.0011145E+001, 2.0037324E+001, 2.0072173E+001, 2.0134688E+001, 2.0217322E+001, 2.1108982E+001, 1.6909885E+002, 1.8055057E+002, 1.8406764E+002, 2.2083545E+002, 2.4608061E+002, 2.9700854E+002, 4.7293660E+002, 5.7067406E+002, 4.6876274E+002, 3.9070230E+002, 3.1944983E+002, 2.8069201E+002, 2.9666384E+002, 3.1629596E+002, 2.6179733E+002, 2.5503335E+000, 2.6914164E+000, 2.7136028E+000, 2.8047900E+000, 2.7774775E+000, 2.7247109E+000, 2.8384315E+000, 2.5656701E+000, 6.3386096E-001,-4.8151900E-001,-3.1818256E-001,-2.9323676E-003,-8.1856258E-001,-7.7313290E-001, 1.2315845E+000, 3.0497013E+000, 7.1331381E+000, 8.7978302E+000, 7.7987515E+000, 8.2749674E+000, 5.6277297E+000, 7.0012882E+000, 6.0237802E+000, 4.0678107E+004, 3.6619803E-001, 1.5747765E+001, 5.3536994E+001
 2.5501162E+002, 2.0000656E+001, 2.0000239E+001, 2.0011869E+001, 2.0042313E+001, 2.0066185E+001, 2.0121903E+001, 2.0222244E+001, 2.0399798E+001, 1.5746573E+002, 1.7203517E+002, 1.8670945E+002, 2.2391941E+002, 2.6413216E+002, 3.3333904E+002, 3.9298511E+002, 3.6692578E+002, 3.7989241E+002, 3.3416600E+002, 3.0410970E+002, 3.5881153E+002, 2.8060265E+002, 2.9793653E+002, 2.9940739E+002, 2.1188353E+000, 2.0876050E+000, 1.8630720E+000, 1.7682017E+000, 1.8536730E+000, 1.6285828E+000, 1.4238457E+000, 1.2418403E+000,-1.0743246E+000,-1.9470909E+000,-2.3829252E+000,-2.3299680E+000,-2.5091017E+000,-2.7330775E+000,-3.2288329E-002,-7.0335452E-001, 4.3787289E+000, 4.9839648E+000, 6.3913601E+000, 6.0347109E+000, 5.2857956E+000, 2.3869257E+000, 3.7314014E+000, 3.5105410E+004, 3.7931487E-001, 1.7439803E+001, 9.2101142E+000
 2.5601051E+002, 2.0002069E+001, 2.0002756E+001, 2.0009648E+001, 2.0046611E+001, 2.0081621E+001, 2.0123712E+001, 2.0250737E+001, 2.0823832E+001, 1.6501074E+002, 1.8309407E+002, 2.0553758E+002, 2.2301469E+002, 2.5794694E+002, 2.6561259E+002, 3.9478214E+002, 3.4782823E+002, 3.1677027E+002, 2.9201441E+002, 2.8729185E+002, 2.7191600E+002, 3.2600236E+002, 2.6456327E+002, 2.7919278E+002, 2.1291516E+000, 2.0874636E+000, 1.9928374E+000, 1.7756409E+000, 1.8370180E+000, 2.0915400E+000, 1.6361682E+000, 1.3007090E+000,-4.8322921E-001,-2.0692932E+000,-2.5537352E+000,-2.8998495E+000,-1.7916554E+000,-1.2213320E+000, 1.3521516E+000, 3.5628516E+000, 4.0784455E+000, 5.4289289E+000, 5.2954669E+000, 4.1038811E+000, 5.6103991E+000, 4.8394134E+000, 3.1861766E+000, 4.4410737E+004, 4.7588076E-001, 1.7438619E+001, 8.1846873E+000
 2.5700329E+002, 1.9999084E+001, 2.0002495E+001, 2.0006644E+001, 2.0043409E+001, 2.0080614E+001, 2.0135005E+001, 2.0210788E+001, 2.0649901E+001, 1.5579944E+002, 1.8767134E+002, 1.9711222E+002, 1.8430914E+002, 2.1721865E+002, 3.0500488E+002, 5.2512801E+002, 6.1326740E+002, 5.1133027E+002, 4.0295433E+002, 3.1667742E+002, 2.6386633E+002, 2.6662792E+002, 2.9836730E+002, 2.7541205E+002, 2.6271325E+000, 2.6306996E+000, 2.9073795E+000, 2.6692942E+000, 2.6485291E+000, 2.7080495E+000, 2.8685677E+000, 2.4820819E+000, 9.2772684E-001,-3.2577615E-001,-4.9364981E-001, 4.1949767E-001, 1.0590483E+000, 2.3761140E+000, 3.3225417E+000, 8.8901475E+000, 1.0985119E+001, 9.5877388E+000, 7.9586578E+000, 7.8475033E+000, 6.9331818E+000, 7.3402097E+000, 7.4552070E+000, 4.1209458E+004, 3.2633937E-001, 1.4467928E+001, 5.7420167E+001
 2.5802518E+002, 2.0000183E+001, 2.0004160E+001, 2.0010414E+001, 2.0036558E+001, 2.0070020E+001, 2.0127916E+001, 2.0216534E+001, 2.0464870E+001, 1.4988079E+002, 1.8293804E+002, 1.8763118E+002, 1.6822663E+002, 1.6562751E+002, 1.6610010E+002, 2.8970244E+002, 4.1321576E+002, 3.1416099E+002, 2.9176762E+002, 3.6557954E+002, 4.0142119E+002, 2.4779466E+002, 2.5171424E+002, 2.7710962E+002, 2.2919721E+000, 2.0244442E+000, 1.9326439E+000, 1.9387763E+000, 1.7986003E+000, 1.7175321E+000, 1.5353969E+000, 1.7820922E+000,-9.7652360E-001,-1.9840329E+000,-1.9309449E+000,-6.9920226E-001,-1.4077558E-001, 1.1701926E-001, 5.4261866E-001, 1.6171155E+000, 5.7055340E+000, 5.6162148E+000, 5.0570511E+000, 5.7623827E+000, 4.1301459E+000, 4.0279239E+000, 3.7396268E+000, 3.3857929E+004, 3.3807693E-001, 1.6798316E+001, 1.3478888E+001
 2.5901355E+002, 2.0000269E+001, 2.0000843E+001, 2.0011676E+001, 2.0031935E+001, 2.0078557E+001, 2.0134509E+001, 2.0246786E+001, 2.0600047E+001, 1.7399245E+002, 1.8138303E+002, 1.6894689E+002, 1.5633052E+002, 1.6185789E+002, 2.1345578E+002, 3.0943984E+002, 2.8449258E+002, 3.2310169E+002, 2.8542652E+002, 2.4006410E+002, 2.7284424E+002, 3.6850710E+002, 2.4526168E+002, 2.6057546E+002, 2.1718164E+000, 1.9079440E+000, 1.6415328E+000, 1.9070395E+000, 1.5587876E+000, 1.5699654E+000, 1.2963498E+000, 1.4188806E+000,-1.4218309E+000,-2.3983524E+000,-1.7919281E+000,-9.4002650E-001,-1.6676922E+000,-2.3361128E-001, 1.1738685E+000, 1.7924493E+000, 3.4046188E+000, 5.7542914E+000, 6.3162564E+000, 4.6986528E+000, 4.1270237E+000, 2.7802929E+000, 2.4994180E+000, 4.3212466E+004, 4.7734295E-001, 1.9095132E+001, 4.2418931E+000
 2.6000191E+002, 1.9998858E+001, 2.0000875E+001, 2.0012059E+001, 2.0039818E+001, 2.0067241E+001, 2.0136391E+001, 2.0236393E+001, 2.0553760E+001, 1.7074479E+002, 1.8109427E+002, 1.6382009E+002, 1.5860473E+002, 1.6635129E+002, 2.8785032E+002, 5.4157246E+002, 5.7328677E+002, 4.3647944E+002, 3.4600674E+002, 2.8850134E+002, 2.5550209E+002, 2.6198650E+002, 2.9514279E+002, 2.4391802E+002, 2.6667728E+000, 2.7978373E+000, 2.7096245E+000, 2.7978936E+000, 2.8739284E+000, 2.6818333E+000, 2.5852740E+000, 2.3954650E+000, 3.7304593E-001,-5.4413120E-001, 4.1631755E-001, 1.3992243E+000, 8.6278459E-001, 5.6812628E-001, 2.2174642E+000, 6.2595796E+000, 8.7504549E+000, 8.2723888E+000, 7.6867196E+000, 7.6085797E+000, 7.0711484E+000, 5.6890398E+000, 5.6306964E+000, 4.3363218E+004, 3.7648396E-001, 1.5611123E+001, 4.7068114E+001
 2.6101415E+002, 2.0000346E+001, 2.0001380E+001, 2.0007298E+001, 2.0040778E+001, 2.0067089E+001, 2.0107556E+001, 2.0217778E+001, 2.0401677E+001, 1.6761809E+002, 1.8316848E+002, 1.6993605E+002, 1.5953070E+002, 1.8975141E+002, 2.5411046E+002, 3.5286917E+002, 4.5182177E+002, 4.5507806E+002, 3.9427816E+002, 3.7223347E+002, 3.7767993E+002, 2.5232166E+002, 2.4575765E+002, 2.8238668E+002, 2.2369361E+000, 2.1044450E+000, 2.1038696E+000, 1.8629348E+000, 1.9628997E+000, 2.1344776E+000, 1.7835601E+000, 1.7566633E+000,-1.4030640E+000,-2.1483404E+000,-1.2079233E+000,-5.9619623E-001,-5.5747332E-001,-1.9692677E+000,-2.6820548E-001, 2.5710673E+000, 4.5392276E+000, 6.5080750E+000, 6.6880775E+000, 6.4389126E+000, 4.5171462E+000, 4.1767220E+000, 2.4605982E+000, 3.3611931E+004, 3.4091414E-001, 1.6648874E+001, 1.7784152E+001
 2.6201341E+002, 1.9998653E+001, 1.9999093E+001, 2.0007767E+001, 2.0042653E+001, 2.0082876E+001, 2.0122808E+001, 2.0230883E+001, 2.0547084E+001, 1.7376922E+002, 1.7664426E+002, 1.7399239E+002, 1.8043796E+002, 2.1629319E+002, 2.1780108E+002, 2.4423956E+002, 2.9454212E+002, 3.0749824E+002, 3.2517048E+002, 2.9351042E+002, 2.8026889E+002, 3.2468816E+002, 2.3876031E+002, 2.7079669E+002, 2.2196293E+000, 2.0120287E+000, 1.9344456E+000, 1.7302822E+000, 1.6149176E+000, 1.7729053E+000, 1.3231224E+000, 9.2356209E-001,-1.6330625E+000,-2.1028545E+000,-1.8360740E+000,-1.7264385E+000,-1.8661882E+000,-1.6601710E+000, 9.4863193E-001, 4.2711801E-001, 2.9427807E+000, 4.3875305E+000, 5.1174130E+000, 4.2208369E+000, 5.2592035E+000, 3.5894902E+000, 2.9178523E+000, 4.1128689E+004, 4.7302950E-001, 1.8911957E+001, 2.9903843E+000
 2.6300695E+002, 1.9999884E+001, 2.0001705E+001, 2.0010001E+001, 2.0040267E+001, 2.0079922E+001, 2.0142323E+001, 2.0215334E+001, 2.0493545E+001, 1.6476476E+002, 1.7414409E+002, 1.8037609E+002, 2.1664193E+002, 2.3145412E+002, 2.4106720E+002, 3.4437197E+002, 3.5533985E+002, 3.1588555E+002, 2.6433985E+002, 2.7091997E+002, 2.6287991E+002, 2.8220968E+002, 2.9209586E+002, 2.5348159E+002, 2.4560446E+000, 2.7118160E+000, 2.7112585E+000, 2.7535980E+000, 2.6692045E+000, 2.7214188E+000, 2.7684101E+000, 2.2343803E+000, 1.5073654E-001, 2.0667673E-001,-9.0617427E-002, 6.1779191E-001,-9.0301313E-001,-4.7964717E-001, 1.7475627E+000, 3.0484830E+000, 5.1034261E+000, 4.8046926E+000, 5.8232750E+000, 6.7557948E+000, 6.6916600E+000, 7.8443755E+000, 5.6238946E+000, 4.5337857E+004, 3.8755830E-001, 1.5420646E+001, 2.0652522E+001
 2.6402466E+002, 1.9999745E+001, 1.9999843E+001, 2.0005682E+001, 2.0033219E+001, 2.0064585E+001, 2.0122508E+001, 2.0223212E+001, 2.0365044E+001, 1.4122328E+002, 1.7258586E+002, 1.9303538E+002, 2.3119300E+002, 2.4229371E+002, 2.8947376E+002, 3.5946977E+002, 4.6712455E+002, 4.2454583E+002, 3.4865948E+002, 3.2235781E+002, 2.7551515E+002, 2.5549951E+002, 2.6640881E+002, 2.8270658E+002, 2.2906851E+000, 2.2602763E+000, 2.2572489E+000, 2.2601768E+000, 2.1113658E+000, 2.1161379E+000, 2.0955969E+000, 2.1486753E+000,-1.2251034E+000,-1.2740079E+000,-1.6780671E+000,-1.1885482E+000,-1.8321494E+000,-1.2855841E+000,-2.6824553E-001,-2.7225305E+000, 5.2478883E+000, 7.2364542E+000, 4.9825266E+000, 3.5613196E+000, 3.3284177E+000, 4.1737342E+000, 4.9829327E+000, 3.4176244E+004, 3.1800098E-001, 1.6041618E+001, 1.6647231E+001
 2.6500009E+002, 1.9998434E+001, 2.0000836E+001, 2.0008499E+001, 2.0039482E+001, 2.0063958E+001, 2.0130058E+001, 2.0222146E+001, 2.0437394E+001, 1.5630548E+002, 1.9716266E+002, 2.1520291E+002, 2.1248605E+002, 2.9528083E+002, 3.2517216E+002, 3.1290171E+002, 3.3095946E+002, 3.4399348E+002, 3.5806807E+002, 3.1417065E+002, 3.1311589E+002, 2.7070047E+002, 2.5650557E+002, 2.6814156E+002, 2.1694134E+000, 1.7834724E+000, 1.8180512E+000, 1.5913804E+000, 1.5133934E+000, 1.3135356E+000, 1.3860061E+000, 8.5782792E-001,-1.7180561E+000,-2.8649342E+000,-3.0472419E+000,-3.3089898E+000,-3.6425779E+000,-2.9085365E+000, 1.8563823E-001,-2.0033091E+000, 2.1374970E+000, 4.8355082E+000, 5.8102057E+000, 4.2373482E+000, 1.7607561E+000, 2.3471354E+000, 2.7795090E+000, 3.9514865E+004, 4.2864065E-001, 1.8077062E+001, 6.6867808E+000
 2.6600862E+002, 1.9999525E+001, 2.0001077E+001, 2.0007098E+001, 2.0036547E+001, 2.0072933E+001, 2.0117442E+001, 2.0222893E+001, 2.0428245E+001, 1.6410862E+002, 2.0487822E+002, 2.0010406E+002, 2.4283541E+002, 2.8783708E+002, 3.1337824E+002, 5.3739763E+002, 5.4389772E+002, 4.4278553E+002, 3.4345713E+002, 2.8758178E+002, 2.7742680E+002, 2.8459104E+002, 2.6262058E+002, 2.5132650E+002, 2.5773412E+000, 2.5946309E+000, 2.7057387E+000, 2.8258780E+000, 2.8412331E+000, 2.7766659E+000, 2.6797679E+000, 2.5948072E+000, 2.0184436E-001,-5.9243102E-001,-8.4561066E-001,-7.7028831E-001,-2.2673608E+000,-1.0140040E+000, 8.1974615E-001, 6.7561776E+000, 8.2179258E+000, 7.3915389E+000, 7.0924436E+000, 7.8980593E+000, 6.1336317E+000, 5.0030020E+000, 4.8545981E+000, 4.6286160E+004, 3.8352997E-001, 1.5661758E+001, 6.3060604E+001
 2.6700192E+002, 2.0000630E+001, 1.9999043E+001, 2.0007711E+001, 2.0031551E+001, 2.0057588E+001, 2.0112634E+001, 2.0181003E+001, 2.0359204E+001, 7.5056544E+001, 1.9496688E+002, 1.8803924E+002, 2.4014521E+002, 2.6103864E+002, 2.5182185E+002, 2.5091937E+002, 4.9393615E+002, 4.4007383E+002, 4.1639996E+002, 4.2161471E+002, 4.0931548E+002, 2.4803554E+002, 2.6829992E+002, 2.5419649E+002, 2.2689917E+000, 2.4034227E+000, 2.2406402E+000, 2.1664641E+000, 2.3088942E+000, 2.3142735E+000, 2.2902738E+000, 1.9538942E+000, 9.3209082E-001,-1.2147945E+000,-1.2877432E+000,-1.7269850E+000,-2.2924792E+000,-3.1600403E-001, 1.7187060E+000, 3.1456586E+000, 7.0056778E+000, 8.3172927E+000, 8.2575190E+000, 8.1776598E+000, 5.6610597E+000, 5.4971662E+000, 3.3871219E+000, 3.4994978E+004, 3.0606482E-001, 1.5191203E+001, 2.8721153E+001
 2.6801039E+002, 2.0000844E+001, 2.0000214E+001, 2.0008394E+001, 2.0034216E+001, 2.0061470E+001, 2.0113920E+001, 2.0211623E+001, 2.0392111E+001, 1.5310973E+002, 1.8690140E+002, 2.0709930E+002, 2.1539095E+002, 2.4627294E+002, 2.2685507E+002, 2.0851724E+002, 2.8774106E+002, 2.9410574E+002, 3.3470792E+002, 2.8359914E+002, 3.2500534E+002, 3.8617493E+002, 2.3472610E+002, 2.7914755E+002, 1.9890648E+000, 1.8857693E+000, 1.6656506E+000, 1.5117857E+000, 1.5096225E+000, 1.4030689E+000, 1.3731800E+000, 1.3399034E+000,-8.8526642E-001,-2.5660530E+000,-3.7472660E+000,-3.7302989E+000,-2.9289940E+000,-1.1831615E+000,-4.7052500E-001, 1.0315465E+000, 3.2647819E+000, 4.2651210E+000, 4.8541305E+000, 3.8991157E+000, 5.9341577E+000, 3.8681726E+000, 3.7003752E+000, 3.6249614E+004, 4.5053129E-001, 1.8262147E+001, 3.5284079E+000
 2.6900161E+002, 2.0000100E+001, 2.0002184E+001, 2.0006798E+001, 2.0036126E+001, 2.0071213E+001, 2.0116955E+001, 2.0213273E+001, 2.0404995E+001, 1.5883146E+002, 2.0324160E+002, 1.9784842E+002, 2.1473147E+002, 2.3382757E+002, 2.5770515E+002, 3.4079896E+002, 3.1983240E+002, 2.7111047E+002, 2.6305031E+002, 2.6700433E+002, 2.6893967E+002, 3.0996033E+002, 3.2813051E+002, 2.6374551E+002, 2.6401705E+000, 2.4805889E+000, 2.6450895E+000, 2.6524516E+000, 2.6170111E+000, 2.6982533E+000, 2.6888991E+000, 2.6449291E+000,-3.5547032E-001,-1.8104550E+000,-1.2365434E+000,-6.2774767E-001,-1.0518360E+000,-8.9437580E-001, 1.6851585E+000, 4.5525947E+000, 5.9586912E+000, 6.3118571E+000, 6.0199988E+000, 5.4468443E+000, 6.4592280E+000, 8.0011607E+000, 7.2560733E+000, 4.8652957E+004, 4.2313813E-001, 1.6028460E+001, 2.0790252E+001
 2.7001271E+002, 2.0000051E+001, 2.0002374E+001, 2.0006660E+001, 2.0035408E+001, 2.0062107E+001, 2.0113850E+001, 2.0189714E+001, 2.0367279E+001, 5.7649707E+001, 1.9590865E+002, 1.9257771E+002, 2.0286747E+002, 1.9933749E+002, 2.7549375E+002, 4.0742791E+002, 4.3608277E+002, 4.3062514E+002, 3.1946629E+002, 2.8700023E+002, 2.4697447E+002, 2.6571527E+002, 2.9277159E+002, 3.0334998E+002, 2.4131676E+000, 2.3154106E+000, 2.2978405E+000, 2.1717650E+000, 2.3126670E+000, 2.2515838E+000, 2.3368999E+000, 2.5090784E+000, 1.5610769E+000,-2.0777143E+000,-1.2035963E+000,-4.8353010E-001, 6.6535523E-002,-8.4448330E-001,-2.4179306E+000, 3.2294219E+000, 8.2537710E+000, 8.2178238E+000, 6.5321302E+000, 5.3525363E+000, 3.6984203E+000, 4.6039037E+000, 5.6746847E+000, 3.5105900E+004, 3.1970048E-001, 1.5758797E+001, 2.5410444E+001
 2.7101493E+002, 1.9999930E+001, 2.0000952E+001, 2.0010197E+001, 2.0035025E+001, 2.0070408E+001, 2.0114284E+001, 2.0214450E+001, 2.0413324E+001, 1.5803785E+002, 1.9120322E+002, 1.9883351E+002, 1.9261067E+002, 2.0327609E+002, 3.4115323E+002, 2.6472933E+002, 3.0320421E+002, 2.9037607E+002, 3.0282241E+002, 2.6333055E+002, 2.7993583E+002, 2.5819557E+002, 2.8470252E+002, 2.8990075E+002, 2.1537275E+000, 2.0692026E+000, 1.7564825E+000, 1.6797525E+000, 1.5806272E+000, 1.6647530E+000, 1.3632039E+000, 1.8296458E+000,-1.9864230E+000,-2.2635613E+000,-2.5522306E+000,-2.2217543E+000,-1.5048785E+000,-1.7826651E+000,-2.1982495E+000, 1.1204584E+000, 2.7130987E+000, 3.8179248E+000, 4.5679098E+000, 5.5419485E+000, 3.7156485E+000, 1.0745039E+000, 2.5145802E+000, 3.7324183E+004, 4.5397949E-001, 1.7906217E+001, 3.5579881E+000
 2.7200461E+002, 1.9998009E+001, 2.0001968E+001, 2.0011481E+001, 2.0035170E+001, 2.0072605E+001, 2.0133610E+001, 2.0216717E+001, 2.0890842E+001, 1.7315429E+002, 1.9067826E+002, 1.9729211E+002, 1.8260793E+002, 2.8620567E+002, 3.2106688E+002, 3.2186412E+002, 3.1555979E+002, 2.8059503E+002, 2.4421680E+002, 2.5608524E+002, 2.6784865E+002, 2.8333938E+002, 2.6045710E+002, 2.7586261E+002, 2.5852635E+000, 2.3769414E+000, 2.3759381E+000, 2.4760245E+000, 2.3691968E+000, 2.3282222E+000, 2.2573934E+000, 2.3714507E+000,-1.0902608E+000,-8.3974469E-001,-1.1428351E+000,-3.9277692E-001,-9.5060536E-001,-1.6820942E+000, 9.7522002E-001, 3.1096656E+000, 4.2062684E+000, 5.3883807E+000, 5.8445727E+000, 6.1759864E+000, 6.8461541E+000, 4.8169628E+000, 4.3368218E+000, 4.7639588E+004, 4.4193017E-001, 1.7228373E+001, 1.1230877E+001
 2.7302142E+002, 1.9994923E+001, 2.0001098E+001, 2.0007869E+001, 2.0039148E+001, 2.0061704E+001, 2.0116272E+001, 2.0212698E+001, 2.1679293E+001, 1.4775836E+002, 1.8479605E+002, 1.9495861E+002, 1.9122349E+002, 2.8284801E+002, 3.1620649E+002, 4.0830079E+002, 4.7876126E+002, 4.1981161E+002, 3.6895308E+002, 3.4896115E+002, 2.8020451E+002, 2.5842940E+002, 2.7607431E+002, 2.5311209E+002, 2.5706601E+000, 2.5896877E+000, 2.5652631E+000, 2.4818748E+000, 2.5877022E+000, 2.5817005E+000, 2.3013946E+000, 2.6726233E+000,-1.0095543E+000,-6.6786011E-001,-8.7210375E-001,-4.9459113E-003,-9.7109581E-001,-1.6684945E+000,-1.6836754E+000, 1.1148333E+000, 8.3902863E+000, 9.6203995E+000, 9.1475049E+000, 6.6475686E+000, 5.5854637E+000, 5.7727214E+000, 4.5434173E+000, 3.6561243E+004, 3.3904083E-001, 1.5711262E+001, 2.4355530E+001
 2.7400509E+002, 1.9993587E+001, 1.9998804E+001, 2.0010155E+001, 2.0042218E+001, 2.0071489E+001, 2.0112179E+001, 2.0221115E+001, 2.5654401E+001, 1.6084931E+002, 1.8582200E+002, 1.8759319E+002, 2.2204445E+002, 2.5362142E+002, 2.5472232E+002, 3.1992333E+002, 3.8836094E+002, 3.7350500E+002, 3.3731921E+002, 2.7372054E+002, 2.9901246E+002, 2.6094647E+002, 2.7489103E+002, 2.6221836E+002, 2.0571274E+000, 2.0208096E+000, 1.7629451E+000, 1.4910216E+000, 1.3656737E+000, 1.6580260E+000, 1.1254389E+000, 9.2184700E-001,-1.7014647E+000,-2.5446763E+000,-2.6053607E+000,-2.7181887E+000,-2.8198831E+000,-2.5931274E+000,-2.3702315E+000,-1.0382773E+000, 3.6637192E+000, 6.3078684E+000, 5.9709482E+000, 6.7523545E+000, 4.7412891E+000, 1.0133189E+000, 2.4857853E+000, 3.4980638E+004, 4.4838758E-001, 1.7807698E+001, 9.5231624E+000
 2.7501391E+002, 1.9997591E+001, 1.9995445E+001, 2.0010219E+001, 2.0041547E+001, 2.0084316E+001, 2.0132742E+001, 2.0222938E+001, 3.7494277E+001, 1.7518433E+002, 1.8544976E+002, 2.1160463E+002, 2.1783210E+002, 2.0933061E+002, 2.0223601E+002, 3.6545533E+002, 4.8630140E+002, 3.6944590E+002, 3.0531988E+002, 2.9694138E+002, 2.8165419E+002, 2.9492479E+002, 2.7037922E+002, 2.6158675E+002, 2.4539143E+000, 2.4030733E+000, 2.2357898E+000, 2.2695047E+000, 2.0636952E+000, 2.2054554E+000, 2.1591926E+000, 1.0905837E+000,-8.1540957E-001,-1.1161474E+000,-1.5018985E+000,-1.9243355E+000, 2.7730648E-001, 2.2190684E+000, 3.1448529E+000, 6.2146930E+000, 6.4154676E+000, 6.3945958E+000, 7.0596817E+000, 7.5245163E+000, 6.4958103E+000, 5.0067211E+000, 4.8707703E+000, 4.8215789E+004, 5.6046637E-001, 1.7433563E+001, 4.1550120E+001
 2.7601710E+002, 2.0000967E+001, 1.9994064E+001, 2.0005972E+001, 2.0037832E+001, 2.0067434E+001, 2.0133352E+001, 2.0212182E+001, 2.9024042E+001, 1.5901965E+002, 1.7962175E+002, 2.2445244E+002, 1.9916155E+002, 1.8798317E+002, 1.8911965E+002, 3.6750344E+002, 5.2961351E+002, 5.2230076E+002, 4.7954091E+002, 4.3549696E+002, 3.5741526E+002, 2.5892203E+002, 2.7819918E+002, 2.6655034E+002, 2.6714931E+000, 2.6330470E+000, 2.7919966E+000, 2.7539198E+000, 2.6491438E+000, 2.5214369E+000, 2.5514519E+000, 2.0622372E+000,-5.5762523E-001,-7.1714134E-001,-7.1866276E-001,-5.6592942E-001, 1.4497387E+000, 2.9408182E+000, 1.7484600E+000, 2.6834435E+000, 9.6975772E+000, 9.6905777E+000, 9.3602162E+000, 8.1438757E+000, 6.8808978E+000, 5.7874399E+000, 5.9862462E+000, 3.7362374E+004, 4.0980440E-001, 1.5173087E+001, 3.7506750E+001
 2.7702824E+002, 2.0002798E+001, 1.9998753E+001, 2.0001088E+001, 2.0041952E+001, 2.0067284E+001, 2.0126552E+001, 2.0240441E+001, 2.5802777E+001, 1.6332559E+002, 1.9726821E+002, 2.0369539E+002, 1.8917415E+002, 2.0544571E+002, 2.1328138E+002, 2.9915490E+002, 3.2027393E+002, 3.1108202E+002, 2.7973083E+002, 2.8217093E+002, 4.0599005E+002, 3.2381965E+002, 2.5337671E+002, 2.6977469E+002, 1.8523350E+000, 1.8668939E+000, 1.8040062E+000, 1.4071592E+000, 1.5215776E+000, 1.2863801E+000, 1.0396808E+000, 6.2566695E-001,-2.7288826E+000,-3.4750428E+000,-3.3577456E+000,-2.4146783E+000,-1.2249795E+000,-2.4878378E-001,-1.8106878E+000,-2.8140573E+000, 3.7509023E+000, 3.7625630E+000, 3.4589503E+000, 4.4799893E+000, 4.6451819E+000, 2.6498560E+000, 1.9171228E+000, 3.3322238E+004, 4.4539882E-001, 1.8264131E+001, 5.5678615E+000
 2.7801025E+002, 2.0001120E+001, 2.0002694E+001, 2.0000752E+001, 2.0039719E+001, 2.0086904E+001, 2.0128139E+001, 2.0263688E+001, 3.3557593E+001, 1.9492161E+002, 1.9641688E+002, 1.8751435E+002, 1.8672415E+002, 2.0579538E+002, 2.3165983E+002, 3.4637269E+002, 2.9980129E+002, 2.9834567E+002, 2.9000841E+002, 2.5893897E+002, 2.6540735E+002, 3.5654739E+002, 2.9258911E+002, 2.6321752E+002, 2.2324386E+000, 2.3557603E+000, 2.2975380E+000, 2.2067123E+000, 2.0088636E+000, 2.1122226E+000, 1.7274470E+000, 1.1555791E+000,-1.5417971E+000,-2.2611297E+000,-1.6170129E+000,-1.3728914E+000,-1.2238976E+000,-2.1773511E+000, 7.5129127E-001, 3.7418277E+000, 4.1213059E+000, 6.1048737E+000, 6.1293471E+000, 4.9545857E+000, 5.7685323E+000, 6.6820809E+000, 4.2395301E+000, 4.8406068E+004, 5.9412259E-001, 1.8177332E+001, 1.0005046E+001
 2.7900988E+002, 2.0000010E+001, 2.0003557E+001, 2.0005765E+001, 2.0029922E+001, 2.0069876E+001, 2.0140101E+001, 2.0211532E+001, 2.8950893E+001, 1.8921068E+002, 1.8636061E+002, 1.8422239E+002, 1.8455140E+002, 1.9539073E+002, 2.3071028E+002, 4.7935894E+002, 5.7691758E+002, 4.8108807E+002, 3.9977039E+002, 3.4855883E+002, 2.6424333E+002, 2.6360363E+002, 3.1459621E+002, 2.9223290E+002, 2.6481272E+000, 2.4968403E+000, 2.7285545E+000, 2.7952300E+000, 2.7869182E+000, 2.5593130E+000, 2.5487738E+000, 2.1198465E+000,-1.0528587E+000,-8.8780905E-001,-1.6271557E-001, 3.9802104E-001, 4.7215998E-001, 4.6210212E-001, 5.2694320E-002, 6.1187920E+000, 1.0400926E+001, 9.2619726E+000, 7.7090063E+000, 6.5418924E+000, 6.3935515E+000, 6.4796788E+000, 7.4549650E+000, 3.8878145E+004, 4.0511403E-001, 1.4826934E+001, 6.5496459E+001
 2.8001157E+002, 2.0000207E+001, 2.0003425E+001, 2.0010325E+001, 2.0026469E+001, 2.0059128E+001, 2.0122306E+001, 2.0234762E+001, 2.8745518E+001, 1.8195801E+002, 1.7730267E+002, 1.8165154E+002, 1.8965519E+002, 2.3192453E+002, 2.1467395E+002, 2.3094326E+002, 3.1654943E+002, 3.2787849E+002, 2.8722916E+002, 3.3884506E+002, 4.0173412E+002, 2.5245489E+002, 2.6013845E+002, 2.7792141E+002, 2.1131274E+000, 1.8497766E+000, 1.8618307E+000, 1.7172877E+000, 1.7455427E+000, 1.6181957E+000, 1.1748401E+000, 6.6048693E-001,-1.9076879E+000,-2.5850632E+000,-2.5000049E+000,-1.8366427E+000,-1.8431673E+000, 3.1794876E-002, 1.5992582E-001, 4.5491772E-001, 3.1140061E+000, 4.3268685E+000, 4.4849595E+000, 6.7008959E+000, 3.6521972E+000, 3.0361391E+000, 2.2769721E+000, 3.3121316E+004, 4.3762455E-001, 1.8466389E+001, 4.6104682E+000
 2.8100003E+002, 2.0001701E+001, 2.0001232E+001, 2.0012164E+001, 2.0034029E+001, 2.0060427E+001, 2.0115651E+001, 2.0251727E+001, 3.6347515E+001, 1.7000541E+002, 1.7897433E+002, 1.8535025E+002, 2.2207514E+002, 2.5474184E+002, 2.5142484E+002, 2.0640753E+002, 3.0310544E+002, 2.9520022E+002, 3.0721390E+002, 2.9591973E+002, 3.0486805E+002, 3.3733248E+002, 2.5774120E+002, 2.7478699E+002, 2.3501353E+000, 2.4691460E+000, 2.2306176E+000, 2.2963422E+000, 2.3145361E+000, 2.4995748E+000, 2.0710539E+000, 1.8424895E+000,-1.2668831E+000,-1.7623451E+000,-1.1191240E+000,-1.1216550E+000,-1.8307539E+000, 3.3132709E-001, 2.3542030E+000, 5.2000516E+000, 5.9218399E+000, 6.0640498E+000, 6.7522595E+000, 5.8031717E+000, 7.0860260E+000, 6.0043218E+000, 4.8525056E+000, 4.8743853E+004, 5.8356305E-001, 1.8151976E+001, 1.1494147E+001
 2.8200020E+002, 1.9999583E+001, 2.0001368E+001, 2.0011926E+001, 2.0038631E+001, 2.0063635E+001, 2.0108206E+001, 2.0191828E+001, 2.1354299E+001, 1.6308998E+002, 1.7398924E+002, 1.9080535E+002, 2.3506521E+002, 2.6347080E+002, 2.5283400E+002, 4.2210381E+002, 4.7906034E+002, 4.7433932E+002, 4.2648695E+002, 3.7067084E+002, 2.9705716E+002, 2.8426804E+002, 3.0887352E+002, 2.7348480E+002, 2.5230809E+000, 2.6101521E+000, 2.5361366E+000, 2.7223054E+000, 2.6206847E+000, 2.6596277E+000, 2.6266216E+000, 1.7796638E+000,-5.2329951E-003,-8.5710625E-001,-4.6058307E-001,-3.1114961E-001,-4.6512956E-002, 6.6684530E-001, 3.3412723E-001, 3.6404288E+000, 8.1272587E+000, 8.4523112E+000, 7.9043031E+000, 6.9808409E+000, 5.6862238E+000, 6.2518975E+000, 6.3918582E+000, 3.7681907E+004, 3.4496696E-001, 1.5360540E+001, 3.8185498E+001
 2.8301738E+002, 1.9998277E+001, 2.0003400E+001, 2.0008304E+001, 2.0043560E+001, 2.0071007E+001, 2.0116306E+001, 2.0205991E+001, 2.0946135E+001, 1.6486706E+002, 1.7932090E+002, 2.0524031E+002, 2.3059935E+002, 2.3286495E+002, 2.4247840E+002, 2.7858095E+002, 3.6600646E+002, 3.3834687E+002, 3.1502050E+002, 3.5677425E+002, 4.1282658E+002, 2.6457948E+002, 2.7745132E+002, 2.8581473E+002, 2.0946872E+000, 1.7989757E+000, 1.8068460E+000, 1.5102608E+000, 1.5922649E+000, 1.5480615E+000, 1.2464207E+000, 9.3568429E-001,-1.4239098E+000,-3.0554685E+000,-3.2044357E+000,-2.9380840E+000,-1.6543596E+000,-1.0298129E+000, 1.1454961E+000, 1.6872298E+000, 3.2428558E+000, 2.7516885E+000, 3.6179622E+000, 4.4106631E+000, 2.8865213E+000, 7.1383829E-001, 2.3972685E+000, 3.2942514E+004, 4.5145651E-001, 1.9741018E+001, 6.4768065E+000
 2.8400550E+002, 2.0000679E+001, 2.0002318E+001, 2.0009133E+001, 2.0049009E+001, 2.0082969E+001, 2.0131466E+001, 2.0224322E+001, 2.3712192E+001, 1.7367608E+002, 1.9721350E+002, 2.1586331E+002, 2.1938739E+002, 2.5238521E+002, 3.3108806E+002, 4.7903349E+002, 3.9141460E+002, 3.4045460E+002, 3.1134296E+002, 2.9204165E+002, 2.8221642E+002, 3.4100159E+002, 2.7556967E+002, 2.6728046E+002, 2.2996128E+000, 2.2353389E+000, 2.4016071E+000, 2.2275444E+000, 2.1917803E+000, 2.3565279E+000, 2.3965631E+000, 1.9030741E+000,-9.1375150E-001,-2.1243067E+000,-1.8503598E+000,-6.8351525E-001,-1.9504577E+000,-2.7547523E+000, 3.3137833E+000, 6.1074855E+000, 6.5197546E+000, 6.7102647E+000, 6.6018139E+000, 6.1876688E+000, 6.2568727E+000, 4.2028773E+000, 4.2455687E+000, 4.8082727E+004, 5.1578189E-001, 1.8938730E+001, 1.2039895E+001
 2.8501826E+002, 2.0000289E+001, 1.9998775E+001, 2.0011184E+001, 2.0036771E+001, 2.0079692E+001, 2.0133648E+001, 2.0212549E+001, 2.0445307E+001, 1.7531729E+002, 1.9335178E+002, 1.9830941E+002, 2.1693262E+002, 3.1043213E+002, 4.1275903E+002, 3.4681955E+002, 5.4502496E+002, 4.6247752E+002, 4.1006380E+002, 3.8852609E+002, 2.9848124E+002, 2.7483299E+002, 2.9847882E+002, 2.7213885E+002, 2.5090429E+000, 2.5243443E+000, 2.4021002E+000, 2.5019588E+000, 2.3232104E+000, 2.2121492E+000, 2.2686514E+000, 2.3076700E+000,-9.2575847E-001,-1.5294734E+000,-1.2471247E+000,-1.2289928E-001,-1.6306082E+000,-2.4659392E+000,-2.8264444E-003, 6.1398781E+000, 9.7442470E+000, 1.0299982E+001, 9.5180234E+000, 7.7293221E+000, 6.3642442E+000, 5.6406474E+000, 5.4363168E+000, 3.8052073E+004, 3.0718313E-001, 1.4225071E+001, 4.5936345E+001
 2.8601212E+002, 1.9998853E+001, 2.0002304E+001, 2.0010246E+001, 2.0033833E+001, 2.0067863E+001, 2.0137953E+001, 2.0228979E+001, 2.2845407E+001, 1.8252780E+002, 1.8325471E+002, 1.9505479E+002, 2.3277781E+002, 2.6638856E+002, 2.4332941E+002, 1.9330969E+002, 2.5443449E+002, 2.5852477E+002, 2.5047430E+002, 2.9141453E+002, 3.6819466E+002, 2.6680138E+002, 2.8483110E+002, 2.7286526E+002, 2.0454501E+000, 1.8932902E+000, 1.7691372E+000, 1.9058895E+000, 1.7895945E+000, 1.5599701E+000, 1.2309216E+000, 1.0103595E+000,-2.3771295E+000,-2.6937316E+000,-2.9260351E+000,-2.3817751E+000,-1.1470426E+000,-2.8103098E+000,-1.4520994E-001, 2.1519060E+000, 3.5074385E+000, 3.6401420E+000, 4.5065177E+000, 7.4054264E+000, 5.6415553E+000, 1.5783930E+000, 2.9982845E+000, 3.6726513E+004, 4.1901757E-001, 1.8046399E+001, 2.7366608E+000
 2.8701396E+002, 1.9996385E+001, 2.0001514E+001, 2.0005177E+001, 2.0041597E+001, 2.0066935E+001, 2.0127314E+001, 2.0240957E+001, 2.7829457E+001, 1.7205914E+002, 1.7712827E+002, 2.1193645E+002, 2.3653068E+002, 2.5341969E+002, 2.3405808E+002, 2.6030279E+002, 2.5611047E+002, 2.4543832E+002, 2.3620379E+002, 2.3630807E+002, 2.7322276E+002, 3.1938548E+002, 2.9369158E+002, 2.7791346E+002, 2.5098631E+000, 2.5103014E+000, 2.6023797E+000, 2.4854218E+000, 2.6760438E+000, 2.6662156E+000, 2.2735980E+000, 1.7360456E+000,-8.0270590E-001,-8.6051367E-001,-1.0331914E+000,-7.0218174E-001,-1.2424741E+000,-7.5486647E-001, 1.1716168E+000, 3.4031909E+000, 4.5843206E+000, 5.7123512E+000, 6.1219336E+000, 5.6296402E+000, 8.0283106E+000, 7.4005988E+000, 5.6345718E+000, 4.6751610E+004, 5.0120680E-001, 1.6721896E+001, 8.8077303E+000
 2.8801956E+002, 2.0000665E+001, 1.9998997E+001, 2.0009247E+001, 2.0037400E+001, 2.0070767E+001, 2.0111147E+001, 2.0201124E+001, 2.2034431E+001, 1.5793996E+002, 1.6665000E+002, 2.0652116E+002, 2.2538672E+002, 2.2848890E+002, 2.4598886E+002, 4.1965795E+002, 4.4511440E+002, 4.2109564E+002, 3.8428170E+002, 3.0572286E+002, 2.4029872E+002, 2.5042446E+002, 2.8360349E+002, 2.8041174E+002, 2.4210263E+000, 2.4510016E+000, 2.4638824E+000, 2.3528791E+000, 2.3758192E+000, 2.5845328E+000, 2.6147014E+000, 1.8900411E+000,-7.7339297E-001,-7.0349155E-001,-7.9015492E-001,-3.4589817E-001,-8.7258594E-001,-3.1400480E-001,-7.7870438E-001, 1.5792634E+000, 6.7394412E+000, 8.0542420E+000, 6.2298824E+000, 5.7964479E+000, 4.1847445E+000, 5.5684228E+000, 6.6135336E+000, 3.6226992E+004, 3.5487702E-001, 1.5510489E+001, 2.2040502E+001
 2.8900485E+002, 1.9999938E+001, 1.9997337E+001, 2.0007467E+001, 2.0031781E+001, 2.0074218E+001, 2.0126280E+001, 2.0205865E+001, 2.0781410E+001, 1.5447163E+002, 1.8588196E+002, 2.0749445E+002, 1.9545528E+002, 1.9404903E+002, 2.2575422E+002, 2.4805204E+002, 3.1743826E+002, 3.4347644E+002, 3.1610313E+002, 3.2791639E+002, 3.3676588E+002, 2.2594667E+002, 2.6842053E+002, 2.6939905E+002, 1.9697427E+000, 1.9547449E+000, 1.7580254E+000, 1.7951643E+000, 1.4388386E+000, 1.4883495E+000, 1.5380172E+000, 1.0083112E+000,-1.9680764E+000,-2.4522504E+000,-2.6916877E+000,-2.6054985E+000,-1.7501592E+000,-7.8987509E-001,-1.4018510E+000, 2.3128647E+000, 4.2613204E+000, 6.3093636E+000, 6.2371399E+000, 4.7502100E+000, 3.7405212E+000, 1.5946742E+000, 2.8861264E+000, 3.6246195E+004, 4.3512732E-001, 1.8232628E+001, 7.0866459E+000
 2.9000213E+002, 1.9999264E+001, 2.0000481E+001, 2.0007088E+001, 2.0038755E+001, 2.0071145E+001, 2.0139952E+001, 2.0223884E+001, 2.1174884E+001, 1.5549068E+002, 1.9098009E+002, 1.8825842E+002, 1.8567846E+002, 2.2686135E+002, 3.5514428E+002, 4.5234067E+002, 4.2324542E+002, 3.6241902E+002, 2.9486550E+002, 2.9584014E+002, 2.8603335E+002, 3.0083466E+002, 2.5019450E+002, 2.6429257E+002, 2.5094564E+000, 2.5070025E+000, 2.4394414E+000, 2.4868914E+000, 2.4919416E+000, 2.2589278E+000, 2.3609173E+000, 1.9472369E+000, 9.7653450E-002,-6.9831622E-001,-6.1122653E-001,-1.1481335E-001,-8.3419345E-001,-1.3020208E+000, 2.2258502E+000, 5.6661492E+000, 7.2913219E+000, 6.9910184E+000, 7.3294450E+000, 7.7094729E+000, 7.3957185E+000, 5.2435934E+000, 4.9151026E+000, 4.6743020E+004, 4.4219172E-001, 1.6585278E+001, 4.0760116E+001
 2.9101613E+002, 1.9998815E+001, 2.0002199E+001, 2.0003963E+001, 2.0032447E+001, 2.0065372E+001, 2.0111811E+001, 2.0214264E+001, 2.0388397E+001, 1.4249328E+002, 1.7089736E+002, 1.8427150E+002, 1.9620028E+002, 2.0702912E+002, 2.1775529E+002, 4.1872306E+002, 5.3646440E+002, 5.3267786E+002, 4.4556273E+002, 4.0194559E+002, 3.5447949E+002, 2.6350065E+002, 2.8706722E+002, 2.6169368E+002, 2.4478227E+000, 2.3293357E+000, 2.5731395E+000, 2.3974108E+000, 2.4894670E+000, 2.4553864E+000, 2.2647873E+000, 2.3392902E+000,-1.9842490E-001,-1.0523265E+000,-3.0966094E-001,-2.2660763E-001, 1.1584157E+000, 1.0351444E+000, 1.5368570E-001, 2.5458007E+000, 7.7876923E+000, 8.7997658E+000, 9.2615655E+000, 7.7094173E+000, 6.1933955E+000, 6.2684178E+000, 5.2524298E+000, 3.5750171E+004, 2.9757913E-001, 1.4515582E+001, 4.8097781E+001
 2.9201093E+002, 1.9999361E+001, 2.0000730E+001, 2.0006149E+001, 2.0032726E+001, 2.0065709E+001, 2.0114544E+001, 2.0211561E+001, 2.0430330E+001, 1.5339137E+002, 1.7228245E+002, 1.9821390E+002, 2.1472200E+002, 2.2737668E+002, 2.3959416E+002, 2.6420800E+002, 2.5498880E+002, 3.1342005E+002, 3.2702876E+002, 2.7175955E+002, 3.2666369E+002, 3.1932085E+002, 2.6755373E+002, 2.8054198E+002, 2.0979768E+000, 1.8898086E+000, 1.9103981E+000, 1.6536141E+000, 1.6011971E+000, 1.6502023E+000, 1.3160178E+000, 9.4606943E-001,-2.4140865E+000,-2.6747236E+000,-2.4612528E+000,-2.1191975E+000,-8.0209190E-001,-2.1221799E+000, 3.5361916E-001, 2.3876882E+000, 3.5197712E+000, 5.1695660E+000, 4.8778852E+000, 5.1552112E+000, 5.4309484E+000, 2.4376571E+000, 4.4088256E+000, 3.7278770E+004, 4.4632540E-001, 1.7471565E+001, 3.1131424E+000
 2.9301451E+002, 1.9999825E+001, 1.9999626E+001, 2.0012024E+001, 2.0033916E+001, 2.0064972E+001, 2.0125329E+001, 2.0210527E+001, 2.0505050E+001, 1.4818424E+002, 1.8896185E+002, 2.0795096E+002, 2.4598165E+002, 2.4725681E+002, 2.5611074E+002, 2.6730478E+002, 4.0374903E+002, 3.3728003E+002, 2.8411590E+002, 2.6248424E+002, 2.6197200E+002, 3.0209116E+002, 2.9136475E+002, 2.6638716E+002, 2.4585990E+000, 2.6077817E+000, 2.4750121E+000, 2.5548849E+000, 2.5940514E+000, 2.5520816E+000, 2.4826873E+000, 2.0011456E+000,-5.6300246E-001,-1.1545409E+000,-4.6268385E-001,-4.2012877E-001,-4.7503636E-001,-6.9831472E-001, 8.1761982E-001, 3.4679176E+000, 5.8385677E+000, 5.9993221E+000, 6.2763981E+000, 7.3629654E+000, 6.2415502E+000, 7.0893461E+000, 5.4247356E+000, 4.7104258E+004, 4.5811617E-001, 1.5355813E+001, 2.1228503E+001
 2.9400919E+002, 2.0000453E+001, 2.0000790E+001, 2.0008450E+001, 2.0032588E+001, 2.0060726E+001, 2.0109151E+001, 2.0197787E+001, 2.0367317E+001, 1.2588605E+002, 1.8449840E+002, 2.1210053E+002, 2.5049505E+002, 2.5868650E+002, 2.5367291E+002, 3.6408132E+002, 4.6568928E+002, 4.4354518E+002, 4.3506019E+002, 3.8550482E+002, 3.0578066E+002, 2.4368388E+002, 2.6709376E+002, 2.8307659E+002, 2.5103147E+000, 2.5785065E+000, 2.4702463E+000, 2.6853620E+000, 2.6172904E+000, 2.7540864E+000, 2.6202684E+000, 2.3159967E+000,-1.0149709E-001,-1.0781192E+000,-7.5722164E-001,-3.4492256E-001, 4.2624315E-001,-8.5730824E-001,-1.9082448E+000,-8.9098292E-001, 5.0302637E+000, 7.2026275E+000, 6.8854499E+000, 6.3944596E+000, 6.4717040E+000, 5.0574400E+000, 6.7253462E+000, 3.7660354E+004, 3.4214139E-001, 1.4893658E+001, 1.7136504E+001
 2.9501871E+002, 2.0002024E+001, 2.0001495E+001, 2.0006744E+001, 2.0044795E+001, 2.0064382E+001, 2.0121239E+001, 2.0202483E+001, 2.0429094E+001, 1.6848576E+002, 2.0088728E+002, 2.2913980E+002, 2.5594166E+002, 2.7943330E+002, 3.0531803E+002, 3.5958031E+002, 3.0115328E+002, 3.4424855E+002, 2.7480351E+002, 2.6812216E+002, 3.4660525E+002, 2.6049898E+002, 2.3952132E+002, 2.6709610E+002, 2.0119405E+000, 1.7629529E+000, 1.7700487E+000, 1.4374782E+000, 1.4460667E+000, 1.3450190E+000, 1.3227333E+000, 5.2930506E-001,-2.6488773E+000,-3.5234113E+000,-3.4831507E+000,-2.8765923E+000,-2.9947859E+000,-3.3916689E+000,-3.4268483E+000,-2.8511170E+000, 2.7558649E+000, 2.9063397E+000, 3.6280814E+000, 3.5244791E+000, 2.7598380E+000, 2.6927812E+000, 2.5176192E+000, 3.6079014E+004, 4.5837674E-001, 1.8257446E+001, 5.7006958E+000
 2.9600445E+002, 1.9999907E+001, 2.0001326E+001, 2.0007915E+001, 2.0050165E+001, 2.0084041E+001, 2.0131203E+001, 2.0241297E+001, 2.0947138E+001, 1.9018828E+002, 1.9743231E+002, 2.4567798E+002, 2.8476783E+002, 3.0561390E+002, 3.0761975E+002, 3.0583790E+002, 2.7308838E+002, 2.7263685E+002, 2.6382900E+002, 2.5813484E+002, 2.3371194E+002, 3.2196609E+002, 2.4735512E+002, 2.5849793E+002, 2.5145648E+000, 2.3120072E+000, 2.2607711E+000, 2.1271075E+000, 2.0735063E+000, 2.2216090E+000, 2.0944088E+000, 1.3712763E+000,-1.2909824E+000,-2.3645087E+000,-1.9948050E+000,-2.7239657E+000,-3.8308456E+000,-2.2809762E+000,-3.2127914E-001, 1.0671020E+000, 2.8452536E+000, 3.9952519E+000, 4.5995719E+000, 5.3131087E+000, 4.6168350E+000, 4.5003333E+000, 3.4253503E+000, 4.7382555E+004, 5.0995465E-001, 1.8401255E+001, 7.1827741E+000
 2.9701122E+002, 1.9999962E+001, 2.0003340E+001, 2.0010742E+001, 2.0037581E+001, 2.0084931E+001, 2.0138234E+001, 2.0215714E+001, 2.0502498E+001, 1.8128368E+002, 1.8510260E+002, 2.4109452E+002, 2.7989816E+002, 2.5766338E+002, 3.0848320E+002, 4.0180434E+002, 5.3482728E+002, 4.8901547E+002, 3.8011834E+002, 2.9562307E+002, 2.3764643E+002, 2.4375745E+002, 2.8814414E+002, 2.5406056E+002, 2.5527377E+000, 2.5589970E+000, 2.6088878E+000, 2.7209380E+000, 2.5558474E+000, 2.4869661E+000, 2.7467682E+000, 1.8910322E+000,-3.1495915E-001,-9.5157037E-001,-1.0395399E+000,-1.2975987E+000,-1.5764396E+000,-2.8998188E+000,-2.0953617E+000, 2.4352397E+000, 8.0471099E+000, 8.4560938E+000, 6.3335308E+000, 5.3533368E+000, 6.1143381E+000, 5.6361653E+000, 5.1251791E+000, 3.7590118E+004, 3.2097668E-001, 1.5898114E+001, 3.3332850E+001
 2.9802101E+002, 1.9999728E+001, 2.0000459E+001, 2.0007908E+001, 2.0034386E+001, 2.0072804E+001, 2.0152217E+001, 2.0233238E+001, 2.1519947E+001, 1.8339201E+002, 1.9696183E+002, 2.4230862E+002, 2.4192430E+002, 2.7930695E+002, 3.0448360E+002, 2.7184222E+002, 3.2561758E+002, 3.8994942E+002, 2.8422532E+002, 2.9828342E+002, 3.1747651E+002, 2.3381523E+002, 2.4896469E+002, 2.9729733E+002, 2.0247962E+000, 2.0928890E+000, 1.8532928E+000, 1.6284967E+000, 1.5918022E+000, 1.3014346E+000, 1.3894690E+000, 5.4417682E-001,-1.8838136E+000,-3.3483224E+000,-3.7318016E+000,-3.3829173E+000,-3.7954141E+000,-2.8865367E+000,-2.4255225E+000, 1.2698844E+000, 3.4421752E+000, 3.4142122E+000, 5.1973548E+000, 5.3004024E+000, 2.1359356E+000, 2.1347945E+000, 3.5959267E+000, 3.2892860E+004, 4.3959190E-001, 1.9734298E+001, 4.5086773E+000
 2.9900424E+002, 1.9999221E+001, 2.0001377E+001, 2.0011901E+001, 2.0044567E+001, 2.0072306E+001, 2.0146814E+001, 2.0269252E+001, 2.5984846E+001, 1.9586177E+002, 1.9439509E+002, 2.1192351E+002, 2.4210069E+002, 2.8503089E+002, 3.1858015E+002, 3.9790729E+002, 3.5879086E+002, 2.7023897E+002, 2.7168729E+002, 2.4675067E+002, 2.7769075E+002, 2.9510387E+002, 2.3072379E+002, 2.6650421E+002, 2.4371522E+000, 2.4985966E+000, 2.3899993E+000, 2.2471242E+000, 2.4926047E+000, 2.1532910E+000, 2.2198691E+000, 1.5176591E+000,-7.7780454E-001,-2.0246692E+000,-1.8462466E+000,-2.6745562E+000,-2.8301898E+000,-1.2018574E+000, 1.9141765E+000, 4.2476674E+000, 3.9344648E+000, 5.7119078E+000, 5.3433958E+000, 5.2553181E+000, 6.4635476E+000, 4.1698973E+000, 4.4925243E+000, 4.8389895E+004, 5.1905960E-001, 1.7898528E+001, 1.5198093E+001
 3.0000000E+002, 2.0000785E+001, 2.0001461E+001, 2.0007884E+001, 2.0037034E+001, 2.0075824E+001, 2.0120498E+001, 2.0232360E+001, 2.0474883E+001, 1.8479641E+002, 1.7742237E+002, 1.9460499E+002, 2.0379597E+002, 2.3677069E+002, 2.9202891E+002, 4.8770046E+002, 5.6448856E+002, 4.9012926E+002, 4.1524288E+002, 3.7133816E+002, 2.8211945E+002, 2.7270258E+002, 2.8840513E+002, 2.3464889E+002, 2.5123561E+000, 2.5515791E+000, 2.7888722E+000, 2.6224958E+000, 2.6330439E+000, 2.5586529E+000, 2.4786190E+000, 2.1155713E+000,-3.5694344E-002,-8.2800807E-001,-8.8046156E-001,-7.5709231E-001,-6.0209495E-001, 5.4966370E-001,-1.7182169E+000, 3.2902835E+000, 8.4530283E+000, 8.9193753E+000, 8.1376299E+000, 6.8113065E+000, 5.1869057E+000, 6.1023493E+000, 3.9020286E+000, 3.8114372E+004, 3.3334395E-001, 1.4891565E+001, 3.9270883E+001
