s,C,C,C,C,C,C,C,C,C,C,C,C,C,C,C,C,C,C,C,C,C,C,C,m/s,m/s,m/s,m/s,m/s,m/s,m/s,m/s,m/s,m/s,m/s,m/s,m/s,m/s,m/s,m/s,m/s,m/s,m/s,m/s,m/s,m/s,m/s,kW,kW/m2,kW/m2,kW/m2
Time,"T_1500","T_2000","T_2500","T_3000","T_3250","T_3500","T_3750","T_4000","T_4250","T_4500","T_4750","T_5000","T_5250","T_5500","T_5750","T_6000","T_6250","T_6500","T_6750","T_7000","T_7500","T_8000","T_8500","U_1500","U_2000","U_2500","U_3000","U_3250","U_3500","U_3750","U_4000","U_4250","U_4500","U_4750","U_5000","U_5250","U_5500","U_5750","U_6000","U_6250","U_6500","U_6750","U_7000","U_7500","U_8000","U_8500","HRR_tot","Qw_4000","Qw_5000","Qw_6000"
 0.0000000E+000, 2.0000000E+001, 2.0000000E+001, 2.0000000E+001, 2.0000000E+001, 2.0000000E+001, 2.0000000E+001, 2.0000000E+001, 2.0000000E+001, 2.0000000E+001, 2.0000000E+001, 2.0000000E+001, 2.0000000E+001, 2.0000000E+001, 2.0000000E+001, 2.0000000E+001, 2.0000000E+001, 2.0000000E+001, 2.0000000E+001, 2.0000000E+001, 2.0000000E+001, 2.0000000E+001, 2.0000000E+001, 2.0000000E+001, 4.3453394E-003,-1.0183607E-002,-3.2076347E-003,-3.8646752E-003, 3.6906797E-003, 4.6538864E-003,-4.4241288E-003, 7.6502705E-003, 6.3414858E-003, 5.8001672E-003,-7.5055279E-004, 5.3704411E-004, 1.2801132E-003, 0.0000000E+000, 4.7951269E-003,-3.7035184E-003,-1.9765180E-003,-8.6763799E-004, 7.2185776E-003, 1.2851740E-002,-3.8971496E-003, 1.4505965E-003, 7.6829723E-003, 0.0000000E+000,-1.2741807E-003,-1.2290226E-003,-1.2655869E-003
 1.0710652E+000, 2.0000007E+001, 1.9999982E+001, 1.9999978E+001, 1.9999977E+001, 1.9999978E+001, 1.9999983E+001, 1.9999978E+001, 1.9999976E+001, 1.9999975E+001, 1.9999995E+001, 1.9999947E+001, 1.9999944E+001, 1.9999943E+001, 1.9999936E+001, 1.9999963E+001, 1.9999975E+001, 1.9999945E+001, 1.9999973E+001, 1.9999960E+001, 1.9999980E+001, 1.9999957E+001, 1.9999963E+001, 1.9999975E+001, 2.3186178E-002,-7.2795131E-003,-2.3747064E-003,-4.0593303E-003, 2.9884628E-003, 3.2638470E-003,-1.0571556E-002,-1.4342787E-003,-7.2800912E-003,-1.0293205E-002,-2.9883017E-002,-1.6296718E-003, 2.6294893E-002, 2.5498081E-002, 1.7634371E-002, 4.8390674E-003, 3.4484159E-003, 4.4351117E-004, 7.8226583E-003, 1.3123106E-002,-3.7948585E-003, 1.4260042E-003, 7.7217319E-003, 3.2367786E+003,-1.7473908E-004,-1.6778940E-004,-1.6803111E-004
 2.0102647E+000, 2.0000032E+001, 1.9999987E+001, 1.9999959E+001, 1.9999950E+001, 1.9999949E+001, 1.9999967E+001, 1.9999942E+001, 1.9999951E+001, 1.9999934E+001, 1.9999985E+001, 1.9999824E+001, 1.9999790E+001, 1.9999797E+001, 1.9999809E+001, 1.9999918E+001, 1.9999935E+001, 1.9999865E+001, 1.9999935E+001, 1.9999892E+001, 1.9999952E+001, 1.9999880E+001, 1.9999903E+001, 1.9999934E+001, 2.6046712E-001, 9.2082798E-002, 4.8451370E-002,-8.7629675E-003,-1.2538730E-002,-2.1545807E-002,-5.6630236E-002,-5.2578569E-002,-6.0423051E-002,-6.2088449E-002,-5.8398670E-002,-2.6461280E-004, 5.8124428E-002, 7.3922154E-002, 6.9097353E-002, 5.5577712E-002, 5.0903468E-002, 3.0346113E-002, 3.1865547E-002, 3.2024090E-002, 2.2372901E-003, 4.0942376E-003, 8.2979440E-003, 1.0710255E+004,-1.0695411E-004,-1.0179873E-004,-1.0233952E-004
 3.0092418E+000, 2.0000013E+001, 2.0000035E+001, 1.9999986E+001, 1.9999988E+001, 1.9999965E+001, 1.9999993E+001, 2.0000369E+001, 2.0000537E+001, 2.0001631E+001, 2.0005244E+001, 2.0184719E+001, 2.0221016E+001, 2.0183175E+001, 2.0113080E+001, 2.0005990E+001, 2.0002633E+001, 2.0000818E+001, 1.9999927E+001, 1.9999859E+001, 1.9999930E+001, 1.9999829E+001, 1.9999884E+001, 1.9999918E+001, 6.8944488E-001, 4.4887937E-001, 3.4602512E-001, 1.4058192E-001, 1.0136069E-001, 5.9095541E-002,-6.6053119E-002,-9.2545315E-002,-1.3560837E-001,-1.7321211E-001,-1.5772051E-001, 1.2965231E-002, 1.8866456E-001, 2.4798417E-001, 2.0272966E-001, 1.7002076E-001, 1.5501617E-001, 1.0973184E-001, 1.0502910E-001, 9.9185609E-002, 5.0122835E-002, 4.2152489E-002, 2.8296006E-002, 1.6576710E+004, 3.7744042E-002, 5.4977157E+000, 1.3962336E-001
 4.0123102E+000, 2.0000112E+001, 2.0000230E+001, 2.0001114E+001, 2.0007291E+001, 2.0008710E+001, 2.0008558E+001, 2.0022050E+001, 2.0059641E+001, 2.0159121E+001, 2.0380871E+001, 2.1413224E+001, 2.1745984E+001, 2.1528336E+001, 2.0891547E+001, 2.0213302E+001, 2.0091823E+001, 2.0031420E+001, 2.0009079E+001, 2.0008698E+001, 2.0007361E+001, 2.0000903E+001, 2.0000143E+001, 1.9999931E+001, 1.2412829E+000, 1.0804379E+000, 1.0019200E+000, 8.4969715E-001, 8.1677234E-001, 7.8453017E-001, 6.6384443E-001, 6.2733608E-001, 5.2776733E-001, 3.0913422E-001, 2.1955426E-001, 6.6722844E-001, 1.1049108E+000, 1.4255626E+000, 1.2881377E+000, 1.1628555E+000, 1.1163196E+000, 1.0308196E+000, 1.0116438E+000, 9.8902633E-001, 9.0374590E-001, 8.7634417E-001, 8.3077968E-001, 2.3393386E+004, 6.2992061E-001, 1.5138227E+001, 5.7964725E-001
 5.0039933E+000, 2.0000178E+001, 2.0000631E+001, 2.0004654E+001, 2.0020714E+001, 2.0032922E+001, 2.0041173E+001, 2.0050695E+001, 2.0117418E+001, 2.0315191E+001, 2.0790144E+001, 2.2800309E+001, 5.8163367E+001, 1.0958633E+002, 6.0976323E+001, 8.6156710E+001, 2.6724812E+001, 2.0237899E+001, 2.0092556E+001, 2.0047938E+001, 2.0034811E+001, 2.0013838E+001, 2.0002343E+001, 2.0000187E+001, 2.1285863E+000, 2.2017468E+000, 2.2347700E+000, 2.3025834E+000, 2.3158534E+000, 2.3296482E+000, 2.3696896E+000, 2.3723848E+000, 2.3252672E+000, 2.0417084E+000, 1.1033329E+000, 1.7133733E+000, 2.1263766E+000, 3.2810962E+000, 5.1655827E+000, 4.9268055E+000, 4.0680861E+000, 3.9249902E+000, 3.9015297E+000, 3.9002832E+000, 3.9285294E+000, 3.9357559E+000, 3.9542912E+000, 3.2597959E+004, 4.4744055E-001, 1.5239713E+001, 1.5281105E+000
 6.0054202E+000, 2.0000208E+001, 2.0000601E+001, 2.0004602E+001, 2.0021770E+001, 2.0040646E+001, 2.0061276E+001, 2.0082269E+001, 2.0131786E+001, 2.0332669E+001, 2.0809216E+001, 2.2144137E+001, 1.5645738E+002, 1.9356676E+002, 2.8744538E+002, 4.8432931E+002, 4.4447638E+002, 2.2858530E+002, 1.0705398E+002, 2.0330330E+001, 2.0105907E+001, 2.0040770E+001, 2.0011529E+001, 2.0001822E+001, 2.3111312E+000, 2.2682769E+000, 2.2447191E+000, 2.2043379E+000, 2.1967041E+000, 2.1809891E+000, 2.1480410E+000, 2.1311942E+000, 2.1054415E+000, 2.0074389E+000, 1.2639890E+000,-9.4536211E-001,-2.2228567E+000, 7.5056412E-001, 6.7240992E+000, 9.8162177E+000, 8.1096691E+000, 5.4123781E+000, 3.5151970E+000, 3.3094214E+000, 3.2400391E+000, 3.2320988E+000, 3.2155934E+000, 3.4890206E+004, 5.5418110E-001, 1.2880817E+001, 1.9976842E+001
 7.0065503E+000, 2.0000241E+001, 2.0000952E+001, 2.0006278E+001, 2.0029278E+001, 2.0050141E+001, 2.0077991E+001, 2.0112718E+001, 2.0183526E+001, 2.0386858E+001, 2.0911869E+001, 2.2177347E+001, 1.3789976E+002, 1.4077784E+002, 1.4531624E+002, 5.0598048E+002, 3.7560460E+002, 3.0599054E+002, 2.6767452E+002, 2.4612252E+002, 1.5083237E+002, 2.8328003E+001, 2.0036790E+001, 2.0008828E+001, 2.8684829E+000, 2.9002524E+000, 2.9211197E+000, 2.9506296E+000, 2.9566101E+000, 2.9684656E+000, 2.9874388E+000, 2.9912341E+000, 2.9837429E+000, 2.9580491E+000, 2.6909771E+000, 1.3963959E+000,-2.0189468E+000, 8.1135421E-001, 3.5599217E+000, 9.5923255E+000, 9.9240101E+000, 9.8333864E+000, 9.4121511E+000, 7.5880877E+000, 5.1507672E+000, 4.7381104E+000, 4.7444421E+000, 4.5362614E+004, 6.8983488E-001, 1.7041862E+001, 1.6828999E+001
 8.0026723E+000, 2.0000367E+001, 2.0001026E+001, 2.0006997E+001, 2.0033591E+001, 2.0060907E+001, 2.0097599E+001, 2.0143770E+001, 2.0224070E+001, 2.0416055E+001, 2.0865904E+001, 2.1938525E+001, 4.5176871E+001, 1.2836676E+002, 1.3627236E+002, 2.3473514E+002, 6.6100308E+002, 5.7814179E+002, 3.6748106E+002, 2.2827864E+002, 2.1525536E+002, 2.4155640E+002, 8.1251294E+001, 2.0039687E+001, 3.0869251E+000, 3.0472068E+000, 3.0274266E+000, 2.9784153E+000, 2.9672777E+000, 2.9564877E+000, 2.9237856E+000, 2.9113776E+000, 2.8885888E+000, 2.8940911E+000, 2.9174828E+000, 1.9153672E+000,-5.9274866E-001,-1.2068912E+000,-1.6734357E+000, 2.4768736E+000, 1.1742319E+001, 1.0355952E+001, 8.6689225E+000, 7.5689481E+000, 7.4388376E+000, 5.4497124E+000, 4.0700797E+000, 4.2116749E+004, 6.5075512E-001, 1.6496372E+001, 6.8155580E+001
 9.0075177E+000, 2.0000266E+001, 2.0001161E+001, 2.0007498E+001, 2.0035746E+001, 2.0065125E+001, 2.0105160E+001, 2.0157933E+001, 2.0242305E+001, 2.0423023E+001, 2.0826659E+001, 2.1762543E+001, 2.3759900E+001, 8.1414820E+001, 1.2382924E+002, 1.9525615E+002, 3.4993679E+002, 3.0422834E+002, 3.1141162E+002, 3.0807992E+002, 3.2905304E+002, 2.8781272E+002, 2.3356033E+002, 1.3393436E+002, 3.6318481E+000, 3.6423682E+000, 3.6627505E+000, 3.6921673E+000, 3.6986688E+000, 3.7027041E+000, 3.7215399E+000, 3.7118845E+000, 3.7513830E+000, 3.7521976E+000, 3.7692705E+000, 3.7258880E+000, 1.7223718E+000, 4.2212641E-001, 6.5824087E-001,-4.9497568E-001, 4.5037802E+000, 1.0020452E+001, 1.2319492E+001, 1.2771100E+001, 1.0557958E+001, 8.8359487E+000, 7.9258198E+000, 5.4456868E+004, 6.7541019E-001, 1.7788159E+001, 1.5978461E+001
 1.0003931E+001, 2.0000239E+001, 2.0001076E+001, 2.0006661E+001, 2.0032350E+001, 2.0059806E+001, 2.0100569E+001, 2.0156898E+001, 2.0243555E+001, 2.0415287E+001, 2.0752537E+001, 2.1480014E+001, 2.2965865E+001, 2.5431237E+001, 5.2985614E+001, 1.2173338E+002, 1.8839241E+002, 2.2183079E+002, 2.7246856E+002, 3.0159270E+002, 2.1889724E+002, 2.0112348E+002, 2.7659531E+002, 2.6206126E+002, 3.9487535E+000, 3.9090069E+000, 3.8995790E+000, 3.8976999E+000, 3.8969653E+000, 3.8871264E+000, 3.8873439E+000, 3.9050127E+000, 3.8885445E+000, 3.9190973E+000, 3.9949075E+000, 4.0758321E+000, 4.1170045E+000, 3.0468356E+000, 1.8394794E+000, 2.1324972E+000, 8.6437539E-001, 3.8394465E+000, 6.3451681E+000, 8.6241827E+000, 1.0134267E+001, 1.0608131E+001, 9.7589554E+000, 4.9934588E+004, 5.9044046E-001, 1.4739049E+001, 2.4549516E+001
 1.1004753E+001, 2.0000240E+001, 2.0000923E+001, 2.0006434E+001, 2.0030753E+001, 2.0056915E+001, 2.0094029E+001, 2.0144300E+001, 2.0225108E+001, 2.0381428E+001, 2.0699740E+001, 2.1411686E+001, 2.2724697E+001, 2.4617641E+001, 2.6876469E+001, 4.6405173E+001, 1.1812038E+002, 1.7162291E+002, 2.6083575E+002, 3.7047085E+002, 3.6985510E+002, 2.7252578E+002, 1.8713979E+002, 2.0033844E+002, 4.1519048E+000, 4.0817647E+000, 4.0614234E+000, 4.0640675E+000, 4.0636039E+000, 4.0906594E+000, 4.0823003E+000, 4.0693821E+000, 4.0768227E+000, 4.0916683E+000, 4.1311369E+000, 4.2455176E+000, 4.2982252E+000, 4.3065202E+000, 3.9369640E+000, 3.3910576E+000, 1.4364643E+000, 2.4904379E+000, 4.8685029E+000, 7.8244850E+000, 1.0159066E+001, 9.5872901E+000, 9.2992002E+000, 5.3664483E+004, 6.2552182E-001, 1.5404473E+001, 1.8822099E+001
 1.2001659E+001, 2.0000217E+001, 2.0000953E+001, 2.0006152E+001, 2.0029744E+001, 2.0054580E+001, 2.0090527E+001, 2.0139757E+001, 2.0216152E+001, 2.0362625E+001, 2.0658336E+001, 2.1281412E+001, 2.2415328E+001, 2.4132774E+001, 2.6250847E+001, 2.9565473E+001, 4.8745758E+001, 8.6757746E+001, 1.2961928E+002, 2.0697878E+002, 2.8885024E+002, 2.8857265E+002, 2.5667562E+002, 2.5038045E+002, 4.1025654E+000, 4.0049449E+000, 3.9440107E+000, 3.9296684E+000, 3.9287578E+000, 3.9116304E+000, 3.9189371E+000, 3.9101970E+000, 3.9061511E+000, 3.9645068E+000, 4.0779303E+000, 4.2333270E+000, 4.3260946E+000, 4.4094525E+000, 4.3871439E+000, 4.1863525E+000, 4.4452993E+000, 4.0248957E+000, 6.7506701E+000, 7.6388352E+000, 8.6651589E+000, 1.0147841E+001, 9.9450518E+000, 6.5008424E+004, 6.0128216E-001, 1.4200029E+001, 3.0033096E+001
 1.3000708E+001, 2.0000287E+001, 2.0000989E+001, 2.0006311E+001, 2.0029809E+001, 2.0054979E+001, 2.0091255E+001, 2.0141187E+001, 2.0218959E+001, 2.0368702E+001, 2.0672189E+001, 2.1289613E+001, 2.2433679E+001, 2.4159193E+001, 2.6128631E+001, 2.8976513E+001, 3.1924712E+001, 3.8243634E+001, 7.8430761E+001, 2.1948411E+002, 4.5062701E+002, 3.4533831E+002, 2.4531062E+002, 2.3877853E+002, 4.1480837E+000, 4.0728281E+000, 4.0042307E+000, 3.9832487E+000, 3.9780570E+000, 3.9808350E+000, 3.9932668E+000, 4.0068871E+000, 4.0171287E+000, 4.0473573E+000, 4.1346090E+000, 4.2284366E+000, 4.3007945E+000, 4.4682952E+000, 4.7990712E+000, 4.9840965E+000, 4.7099200E+000, 4.4658385E+000, 3.9103574E+000, 4.5133654E+000, 9.4447064E+000, 8.9773432E+000, 9.4523372E+000, 5.9857020E+004, 6.0390347E-001, 1.4030830E+001, 2.3789584E+001
 1.4007267E+001, 2.0000252E+001, 2.0001036E+001, 2.0006307E+001, 2.0030091E+001, 2.0055678E+001, 2.0093987E+001, 2.0148339E+001, 2.0234660E+001, 2.0396411E+001, 2.0684667E+001, 2.1275542E+001, 2.2366969E+001, 2.4026923E+001, 2.6248368E+001, 3.0021013E+001, 5.9035503E+001, 4.5393528E+001, 1.3654874E+002, 7.2270577E+001, 1.5846054E+002, 2.4538633E+002, 2.9329950E+002, 2.2668774E+002, 4.0448442E+000, 3.8920916E+000, 3.8025228E+000, 3.7059833E+000, 3.6791028E+000, 3.6609470E+000, 3.6445909E+000, 3.6371260E+000, 3.6538960E+000, 3.6821688E+000, 3.7953087E+000, 3.9153235E+000, 4.0167735E+000, 4.0084737E+000, 3.8393996E+000, 3.8163103E+000, 4.2818631E+000, 5.7689825E+000, 5.7613621E+000, 3.8377088E+000, 7.1165758E+000, 8.8224512E+000, 8.9559908E+000, 6.9780028E+004, 6.6748211E-001, 1.3992148E+001, 3.8330206E+001
 1.5007067E+001, 2.0000301E+001, 2.0001043E+001, 2.0006499E+001, 2.0030296E+001, 2.0055963E+001, 2.0093214E+001, 2.0145076E+001, 2.0228503E+001, 2.0384481E+001, 2.0688344E+001, 2.1287803E+001, 2.2382173E+001, 2.4035485E+001, 2.6034968E+001, 2.9005435E+001, 3.3443542E+001, 7.4427138E+001, 1.2561492E+002, 5.6666463E+002, 4.0097858E+002, 2.2294759E+002, 1.7621084E+002, 2.3380820E+002, 4.1509091E+000, 4.0823312E+000, 3.9684822E+000, 3.9052129E+000, 3.8956502E+000, 3.8817890E+000, 3.8891604E+000, 3.8866792E+000, 3.8874803E+000, 3.9363047E+000, 4.0364945E+000, 4.1572115E+000, 4.1996965E+000, 4.2981733E+000, 4.4885919E+000, 4.4358009E+000, 3.7753915E+000, 2.9253579E+000, 3.0776567E+000, 8.4649972E+000, 8.7337816E+000, 7.0927498E+000, 6.8649821E+000, 6.1919673E+004, 6.1112354E-001, 1.3019501E+001, 2.3268089E+001
 1.6004974E+001, 2.0000266E+001, 2.0001098E+001, 2.0006607E+001, 2.0031475E+001, 2.0058205E+001, 2.0098162E+001, 2.0157088E+001, 2.0252449E+001, 2.0426751E+001, 2.0740132E+001, 2.1355974E+001, 2.2490955E+001, 2.4058470E+001, 2.6117895E+001, 2.9719190E+001, 3.3680303E+001, 3.8485624E+001, 9.0930291E+001, 1.2123891E+002, 2.4609222E+002, 2.3817869E+002, 2.3536837E+002, 2.1196515E+002, 4.0630775E+000, 3.8805526E+000, 3.7648438E+000, 3.6596538E+000, 3.6114837E+000, 3.5816601E+000, 3.5371062E+000, 3.5246040E+000, 3.5098104E+000, 3.5294156E+000, 3.6222561E+000, 3.7581665E+000, 3.9101490E+000, 4.0516681E+000, 4.0818004E+000, 3.9795736E+000, 3.9857833E+000, 4.5619801E+000, 4.5772607E+000, 4.2754363E+000, 8.0763268E+000, 8.9378309E+000, 8.2746435E+000, 7.4398682E+004, 7.0323553E-001, 1.4431423E+001, 3.4421936E+001
 1.7002876E+001, 2.0000287E+001, 2.0001030E+001, 2.0006547E+001, 2.0031086E+001, 2.0057975E+001, 2.0098834E+001, 2.0157480E+001, 2.0249791E+001, 2.0414738E+001, 2.0716354E+001, 2.1327831E+001, 2.2423100E+001, 2.4102037E+001, 2.6315599E+001, 2.9430690E+001, 3.2486552E+001, 3.6253970E+001, 1.5165913E+002, 2.5203246E+002, 2.2519395E+002, 2.3394858E+002, 2.0586706E+002, 2.0798586E+002, 4.0935387E+000, 3.9860068E+000, 3.8697766E+000, 3.7853474E+000, 3.7462964E+000, 3.7151012E+000, 3.6824289E+000, 3.6617167E+000, 3.6526956E+000, 3.6823341E+000, 3.7918576E+000, 3.9302238E+000, 4.0001647E+000, 4.0587448E+000, 4.1872789E+000, 4.5108192E+000, 4.6590826E+000, 4.7289035E+000, 4.5168060E+000, 4.0604012E+000, 8.6524528E+000, 7.9598470E+000, 8.1114981E+000, 7.3090701E+004, 6.5779425E-001, 1.2909291E+001, 3.1632503E+001
 1.8007201E+001, 2.0000281E+001, 2.0001139E+001, 2.0006890E+001, 2.0032554E+001, 2.0060397E+001, 2.0102272E+001, 2.0164192E+001, 2.0265105E+001, 2.0452769E+001, 2.0793205E+001, 2.1447982E+001, 2.2655872E+001, 2.4348040E+001, 2.6378696E+001, 2.9854221E+001, 3.4679082E+001, 5.1697910E+001, 9.9637380E+001, 3.2202943E+002, 4.1114728E+002, 2.8299534E+002, 2.5560643E+002, 2.3246772E+002, 4.0748972E+000, 3.9354363E+000, 3.8284151E+000, 3.7057332E+000, 3.6530690E+000, 3.6107534E+000, 3.5749155E+000, 3.5434907E+000, 3.5305178E+000, 3.5490363E+000, 3.6202323E+000, 3.7444060E+000, 3.9099727E+000, 4.1309610E+000, 4.2697850E+000, 4.1149198E+000, 3.4033788E+000, 4.1256088E+000, 6.1641490E+000, 6.7884190E+000, 5.3780470E+000, 8.9358078E+000, 8.7259826E+000, 7.6224906E+004, 6.8668944E-001, 1.4977827E+001, 2.9653057E+001
 1.9002831E+001, 2.0000263E+001, 2.0001077E+001, 2.0006875E+001, 2.0033075E+001, 2.0062326E+001, 2.0107039E+001, 2.0170841E+001, 2.0270610E+001, 2.0441992E+001, 2.0748355E+001, 2.1381326E+001, 2.2566879E+001, 2.4432536E+001, 2.6923592E+001, 3.0742094E+001, 3.3793943E+001, 4.1339535E+001, 1.9105588E+002, 1.9888405E+002, 2.9021839E+002, 4.1480525E+002, 2.6038164E+002, 2.0992401E+002, 4.0834803E+000, 3.9630760E+000, 3.8488868E+000, 3.7366163E+000, 3.6752143E+000, 3.6306875E+000, 3.5769476E+000, 3.5458923E+000, 3.5298800E+000, 3.5527527E+000, 3.6652281E+000, 3.8005103E+000, 3.8782655E+000, 3.9507357E+000, 4.0984745E+000, 4.2575984E+000, 4.2349839E+000, 4.1445147E+000, 4.4771029E+000, 3.6904903E+000, 8.0705254E+000, 6.9592249E+000, 6.8189185E+000, 7.5586868E+004, 7.2515006E-001, 1.4389232E+001, 3.8806301E+001
 2.0005444E+001, 2.0000310E+001, 2.0001146E+001, 2.0007182E+001, 2.0034198E+001, 2.0063990E+001, 2.0108490E+001, 2.0172783E+001, 2.0274598E+001, 2.0458980E+001, 2.0803791E+001, 2.1465545E+001, 2.2688215E+001, 2.4538101E+001, 2.6696051E+001, 3.0373076E+001, 3.5086490E+001, 4.1047281E+001, 1.5453021E+002, 3.1835464E+002, 3.0450060E+002, 2.6868729E+002, 2.6377261E+002, 2.5087102E+002, 4.1248633E+000, 4.0325456E+000, 3.9257219E+000, 3.8336645E+000, 3.7929772E+000, 3.7378016E+000, 3.7036243E+000, 3.6621122E+000, 3.6381328E+000, 3.6458433E+000, 3.7366514E+000, 3.8603564E+000, 3.9937070E+000, 4.1799071E+000, 4.3820666E+000, 4.2722729E+000, 3.8738114E+000, 3.4690343E+000, 4.4848063E+000, 7.2435921E+000, 7.1229990E+000, 6.7847803E+000, 8.6128108E+000, 7.3223674E+004, 6.5630661E-001, 1.4197712E+001, 2.4509837E+001
 2.1007446E+001, 1.9999918E+001, 2.0001127E+001, 2.0007043E+001, 2.0033680E+001, 2.0062789E+001, 2.0107484E+001, 2.0173279E+001, 2.0276957E+001, 2.0455983E+001, 2.0773407E+001, 2.1410464E+001, 2.2599634E+001, 2.4376356E+001, 2.6775335E+001, 3.0825411E+001, 3.5616311E+001, 4.0513857E+001, 9.2498258E+001, 2.8387398E+002, 3.3086865E+002, 2.8526753E+002, 2.4626029E+002, 2.0938599E+002, 4.0765605E+000, 3.9364806E+000, 3.8186283E+000, 3.7051111E+000, 3.6494127E+000, 3.6051049E+000, 3.5487747E+000, 3.5034679E+000, 3.4604756E+000, 3.4499108E+000, 3.5513838E+000, 3.6910661E+000, 3.8472105E+000, 3.9288746E+000, 3.9512829E+000, 4.2802701E+000, 4.5780336E+000, 4.1240902E+000, 3.7459628E+000, 4.2325319E+000, 7.3920558E+000, 9.0995958E+000, 8.0321578E+000, 8.0852531E+004, 7.2612442E-001, 1.4486246E+001, 4.0495868E+001
 2.2005049E+001, 2.0000510E+001, 2.0000721E+001, 2.0007234E+001, 2.0034465E+001, 2.0064464E+001, 2.0109720E+001, 2.0174863E+001, 2.0277628E+001, 2.0459445E+001, 2.0794531E+001, 2.1462398E+001, 2.2705658E+001, 2.4625807E+001, 2.6929445E+001, 3.0590351E+001, 3.5554541E+001, 7.4757460E+001, 2.5857117E+002, 2.2159293E+002, 2.1255083E+002, 2.3185985E+002, 2.2181278E+002, 2.4258065E+002, 4.0971472E+000, 4.0032675E+000, 3.8904694E+000, 3.7891920E+000, 3.7434608E+000, 3.6912374E+000, 3.6481376E+000, 3.5971563E+000, 3.5389484E+000, 3.5565516E+000, 3.6247141E+000, 3.7253060E+000, 3.8294671E+000, 3.9947325E+000, 4.1960173E+000, 4.1520764E+000, 3.6616032E+000, 3.6236060E+000, 4.8494233E+000, 5.3832164E+000, 6.3274229E+000, 6.9684742E+000, 8.5842415E+000, 7.8093660E+004, 6.9496009E-001, 1.4557493E+001, 3.0634749E+001
 2.3005011E+001, 2.0000268E+001, 2.0001258E+001, 2.0007027E+001, 2.0035299E+001, 2.0066211E+001, 2.0113769E+001, 2.0184160E+001, 2.0295140E+001, 2.0489320E+001, 2.0832190E+001, 2.1506314E+001, 2.2772391E+001, 2.4722530E+001, 2.7260353E+001, 3.1779253E+001, 3.7603813E+001, 9.4332853E+001, 1.4623863E+002, 2.8057006E+002, 2.9466566E+002, 3.0612958E+002, 2.3969109E+002, 2.0838444E+002, 4.0655885E+000, 3.9630099E+000, 3.8684323E+000, 3.7701792E+000, 3.7175099E+000, 3.6679168E+000, 3.6112757E+000, 3.5738907E+000, 3.5576020E+000, 3.5342426E+000, 3.6111826E+000, 3.7204468E+000, 3.8326729E+000, 3.9952831E+000, 4.1315158E+000, 3.9362331E+000, 3.6102765E+000, 3.5585257E+000, 5.2896674E+000, 4.1784682E+000, 8.5328875E+000, 8.1279464E+000, 7.0315297E+000, 8.1320214E+004, 7.6847418E-001, 1.5404756E+001, 4.1407426E+001
 2.4008144E+001, 2.0000297E+001, 2.0001347E+001, 2.0007316E+001, 2.0035565E+001, 2.0067327E+001, 2.0115381E+001, 2.0185885E+001, 2.0296879E+001, 2.0490947E+001, 2.0833267E+001, 2.1519690E+001, 2.2767242E+001, 2.4732531E+001, 2.7251150E+001, 3.1125377E+001, 3.7286386E+001, 4.7301709E+001, 1.0417401E+002, 2.2772088E+002, 2.2489302E+002, 2.5683495E+002, 2.6546860E+002, 2.4440290E+002, 4.0786875E+000, 3.8785907E+000, 3.7742386E+000, 3.6448134E+000, 3.5934292E+000, 3.5274726E+000, 3.4800484E+000, 3.4229531E+000, 3.3763264E+000, 3.3836875E+000, 3.4501101E+000, 3.5759542E+000, 3.6905528E+000, 3.8026276E+000, 3.9415812E+000, 4.0995950E+000, 3.6961491E+000, 3.6795676E+000, 5.1881125E+000, 6.1643898E+000, 5.1057722E+000, 6.9722568E+000, 9.1156974E+000, 7.4814354E+004, 7.2424226E-001, 1.5287721E+001, 3.3934000E+001
 2.5003950E+001, 2.0000237E+001, 2.0001086E+001, 2.0008381E+001, 2.0035593E+001, 2.0066883E+001, 2.0116246E+001, 2.0185952E+001, 2.0292427E+001, 2.0479420E+001, 2.0829439E+001, 2.1522407E+001, 2.2833183E+001, 2.4854673E+001, 2.7339386E+001, 3.1528169E+001, 3.8177719E+001, 5.4296009E+001, 2.5627466E+002, 3.4710164E+002, 4.7130197E+002, 2.9642827E+002, 2.6056730E+002, 2.3071978E+002, 4.1599065E+000, 4.1108861E+000, 3.8935238E+000, 3.8672620E+000, 3.8058100E+000, 3.7596305E+000, 3.7268339E+000, 3.6886341E+000, 3.6539217E+000, 3.6495015E+000, 3.7210792E+000, 3.8204584E+000, 3.9167532E+000, 4.0644748E+000, 4.2117083E+000, 4.1669486E+000, 3.8159063E+000, 3.9184804E+000, 5.5550089E+000, 8.8510589E+000, 7.3990890E+000, 8.4233245E+000, 7.1693060E+000, 7.5806513E+004, 6.6110548E-001, 1.4668551E+001, 3.1440875E+001
 2.6003454E+001, 2.0000167E+001, 2.0001150E+001, 2.0006549E+001, 2.0036597E+001, 2.0063852E+001, 2.0108243E+001, 2.0176267E+001, 2.0285700E+001, 2.0469592E+001, 2.0786301E+001, 2.1440480E+001, 2.2625483E+001, 2.4450638E+001, 2.7060258E+001, 3.2134520E+001, 3.8201592E+001, 4.3487221E+001, 4.9883188E+001, 1.1314612E+002, 2.5135939E+002, 3.4945396E+002, 3.1418536E+002, 2.5215251E+002, 4.0364951E+000, 3.9156655E+000, 3.8736136E+000, 3.5327733E+000, 3.5341927E+000, 3.5173303E+000, 3.4026001E+000, 3.3472911E+000, 3.2992007E+000, 3.2943624E+000, 3.3619502E+000, 3.4868259E+000, 3.5947160E+000, 3.6791578E+000, 3.6864505E+000, 3.5948448E+000, 3.6379982E+000, 4.1678972E+000, 5.0966585E+000, 4.7246138E+000, 8.9151382E+000, 8.0139001E+000, 6.9729386E+000, 7.7240161E+004, 6.9853960E-001, 1.4434298E+001, 3.8274961E+001
 2.7001791E+001, 2.0000250E+001, 2.0000885E+001, 2.0007092E+001, 2.0032838E+001, 2.0067550E+001, 2.0114795E+001, 2.0176555E+001, 2.0279718E+001, 2.0463140E+001, 2.0808063E+001, 2.1479843E+001, 2.2720272E+001, 2.4674619E+001, 2.7138997E+001, 3.1615524E+001, 3.8258262E+001, 4.9170949E+001, 1.4649703E+002, 1.7165177E+002, 1.9382497E+002, 2.6537514E+002, 2.2830192E+002, 2.6909237E+002, 4.1544941E+000, 4.0812578E+000, 4.0174442E+000, 4.0812366E+000, 3.8593111E+000, 3.7214559E+000, 3.7777461E+000, 3.7157640E+000, 3.6690325E+000, 3.6587450E+000, 3.7383651E+000, 3.8413938E+000, 3.9353647E+000, 4.0844369E+000, 4.2825334E+000, 4.2000618E+000, 3.6712478E+000, 5.5778336E+000, 5.9648158E+000, 6.5710687E+000, 8.8741038E+000, 8.5070862E+000, 8.6502218E+000, 7.9037391E+004, 6.8527987E-001, 1.4036584E+001, 2.9883127E+001
 2.8006440E+001, 2.0000439E+001, 2.0001014E+001, 2.0007237E+001, 2.0035796E+001, 2.0065412E+001, 2.0115048E+001, 2.0198882E+001, 2.0305324E+001, 2.0496452E+001, 2.0830831E+001, 2.1508583E+001, 2.2780084E+001, 2.4685395E+001, 2.7373026E+001, 3.2644489E+001, 3.9775157E+001, 5.2961846E+001, 1.0719789E+002, 1.6564820E+002, 2.1913074E+002, 2.8633034E+002, 2.8653192E+002, 2.5089331E+002, 4.0494233E+000, 3.9214756E+000, 3.8506844E+000, 3.7390564E+000, 3.8414149E+000, 3.8414128E+000, 3.4306573E+000, 3.4692075E+000, 3.4620256E+000, 3.4343380E+000, 3.4889524E+000, 3.6043871E+000, 3.7410968E+000, 3.9074704E+000, 4.0023095E+000, 3.8303751E+000, 3.3535589E+000, 4.5159367E+000, 6.9956789E+000, 7.2921093E+000, 6.1153916E+000, 9.1496434E+000, 7.8521073E+000, 8.3077184E+004, 7.9189612E-001, 1.6000604E+001, 4.1040977E+001
 2.9003179E+001, 2.0000253E+001, 2.0001559E+001, 2.0007250E+001, 2.0035322E+001, 2.0067580E+001, 2.0115633E+001, 2.0180394E+001, 2.0305019E+001, 2.0509808E+001, 2.0824570E+001, 2.1514500E+001, 2.2766486E+001, 2.4781385E+001, 2.7443103E+001, 3.1740085E+001, 3.6170369E+001, 5.9345510E+001, 1.6564878E+002, 2.0910579E+002, 2.8951934E+002, 2.8824540E+002, 2.4710601E+002, 2.4104855E+002, 4.0867615E+000, 3.9576080E+000, 3.9027001E+000, 3.8150925E+000, 3.7983406E+000, 3.7420513E+000, 4.0092947E+000, 3.7705067E+000, 3.4623316E+000, 3.5744350E+000, 3.6548783E+000, 3.7786729E+000, 3.8888448E+000, 4.0368190E+000, 4.2521685E+000, 4.5551238E+000, 4.3315570E+000, 5.4162965E+000, 7.0187461E+000, 7.3661999E+000, 8.4813631E+000, 7.8582840E+000, 7.7239044E+000, 8.1163419E+004, 7.2674108E-001, 1.5671181E+001, 3.2544827E+001
 3.0001988E+001, 2.0000442E+001, 2.0001138E+001, 2.0008082E+001, 2.0035777E+001, 2.0067746E+001, 2.0119660E+001, 2.0195960E+001, 2.0305323E+001, 2.0511762E+001, 2.0943845E+001, 2.1633856E+001, 2.3000591E+001, 2.5125083E+001, 2.7670474E+001, 3.2055861E+001, 3.7409882E+001, 4.4246903E+001, 1.0946266E+002, 2.3960396E+002, 2.5642226E+002, 2.8929714E+002, 2.6976816E+002, 2.4659393E+002, 4.1152623E+000, 4.0096824E+000, 3.8812555E+000, 3.8913562E+000, 3.8099927E+000, 3.7718644E+000, 3.7038690E+000, 3.8434012E+000, 3.9729728E+000, 3.5381975E+000, 3.6791744E+000, 3.8324820E+000, 3.9673952E+000, 4.1821011E+000, 4.4160448E+000, 4.2387245E+000, 3.8098327E+000, 3.7022892E+000, 6.6360624E+000, 8.9198915E+000, 6.8819727E+000, 9.6433043E+000, 9.5728887E+000, 8.3082912E+004, 7.3593709E-001, 1.7234887E+001, 2.9790194E+001
 3.1007343E+001, 2.0000383E+001, 2.0001212E+001, 2.0007375E+001, 2.0036272E+001, 2.0065959E+001, 2.0112596E+001, 2.0183688E+001, 2.0302813E+001, 2.0498713E+001, 2.0842102E+001, 2.1679236E+001, 2.3102324E+001, 2.5023996E+001, 2.7854975E+001, 3.2660954E+001, 9.1428841E+001, 1.3116345E+002, 2.8404300E+002, 4.0126019E+002, 3.4422276E+002, 3.3856122E+002, 3.4119563E+002, 2.4856237E+002, 4.0369843E+000, 3.9045865E+000, 3.7475123E+000, 3.6521734E+000, 3.6616406E+000, 3.6366203E+000, 3.5448896E+000, 3.4669478E+000, 3.4750154E+000, 3.8883425E+000, 3.7200841E+000, 3.5107272E+000, 3.7367312E+000, 3.8011053E+000, 3.7121359E+000, 3.2315391E+000, 4.0156397E+000, 5.4594045E+000, 4.7760735E+000, 5.2593642E+000, 1.0859976E+001, 8.3345276E+000, 7.6613171E+000, 8.2323664E+004, 7.0455311E-001, 1.5655179E+001, 4.0085444E+001
 3.2001064E+001, 2.0000345E+001, 2.0001438E+001, 2.0006924E+001, 2.0034072E+001, 2.0065480E+001, 2.0108522E+001, 2.0174344E+001, 2.0281321E+001, 2.0492349E+001, 2.0880023E+001, 2.1631687E+001, 2.3123709E+001, 2.5532145E+001, 2.8082832E+001, 3.2085149E+001, 4.5218306E+001, 1.6788884E+002, 2.4895792E+002, 4.0603879E+002, 4.3526477E+002, 2.9849271E+002, 2.5666122E+002, 2.9452421E+002, 4.1357105E+000, 4.0097576E+000, 3.9283083E+000, 3.7695716E+000, 3.7374311E+000, 3.8018930E+000, 3.8103322E+000, 3.7357243E+000, 3.6941966E+000, 3.6167693E+000, 3.9088712E+000, 4.2217983E+000, 3.9456300E+000, 3.9540944E+000, 4.0896891E+000, 3.9936891E+000, 4.6985601E+000, 5.9297618E+000, 5.9736103E+000, 7.1992627E+000, 6.7524150E+000, 7.3086527E+000, 8.8931700E+000, 8.0145702E+004, 7.1750408E-001, 1.6016998E+001, 3.5186080E+001
 3.3004260E+001, 2.0000165E+001, 2.0001203E+001, 2.0007470E+001, 2.0033171E+001, 2.0063005E+001, 2.0111730E+001, 2.0181634E+001, 2.0285500E+001, 2.0485369E+001, 2.0879455E+001, 2.1693623E+001, 2.3102368E+001, 2.5330597E+001, 2.8603384E+001, 3.3810353E+001, 5.2703006E+001, 1.6404261E+002, 2.7288886E+002, 3.3010263E+002, 3.3549278E+002, 3.3488169E+002, 3.0293293E+002, 2.4257220E+002, 4.1181636E+000, 3.9659309E+000, 3.8216236E+000, 3.7446059E+000, 3.6521579E+000, 3.5588844E+000, 3.6387760E+000, 3.6976514E+000, 3.6480094E+000, 3.6544771E+000, 3.6166713E+000, 3.8123950E+000, 4.2272534E+000, 4.2131215E+000, 3.8566438E+000, 3.2714554E+000, 3.7994903E+000, 6.3526074E+000, 6.8671373E+000, 6.7210441E+000, 7.3849179E+000, 8.3519974E+000, 7.3706000E+000, 7.5849189E+004, 6.8890320E-001, 1.5976541E+001, 3.8982348E+001
 3.4002177E+001, 2.0000365E+001, 2.0001014E+001, 2.0007360E+001, 2.0034876E+001, 2.0063143E+001, 2.0109378E+001, 2.0179391E+001, 2.0296535E+001, 2.0476116E+001, 2.0820447E+001, 2.1545068E+001, 2.3058261E+001, 2.5431743E+001, 2.8354705E+001, 3.2567141E+001, 9.0208579E+001, 2.4245664E+002, 2.2516808E+002, 2.7631141E+002, 3.3281017E+002, 2.9618522E+002, 2.4956347E+002, 2.7117571E+002, 4.0558391E+000, 3.9331191E+000, 3.7882083E+000, 3.5959884E+000, 3.6095541E+000, 3.5124597E+000, 3.4131281E+000, 3.4163313E+000, 3.5384919E+000, 3.5471870E+000, 3.6533337E+000, 3.7412758E+000, 3.8528963E+000, 4.0983946E+000, 4.4127215E+000, 3.7697097E+000, 4.6057651E+000, 4.4265027E+000, 5.3493870E+000, 7.8049958E+000, 8.5239201E+000, 7.8258500E+000, 7.7148452E+000, 8.2185155E+004, 7.2990328E-001, 1.5547428E+001, 3.9020619E+001
 3.5006735E+001, 2.0000423E+001, 2.0001208E+001, 2.0006914E+001, 2.0033791E+001, 2.0064635E+001, 2.0111846E+001, 2.0178440E+001, 2.0293590E+001, 2.0500608E+001, 2.0866474E+001, 2.1497465E+001, 2.2720935E+001, 2.4865674E+001, 2.7819170E+001, 3.2582086E+001, 3.8189306E+001, 1.5654577E+002, 2.7410978E+002, 2.9736732E+002, 3.2717147E+002, 2.6715566E+002, 2.7129202E+002, 2.6631853E+002, 4.1074080E+000, 3.9988908E+000, 3.8776311E+000, 3.7673871E+000, 3.6435715E+000, 3.6498052E+000, 3.6027046E+000, 3.5027042E+000, 3.4823496E+000, 3.6091765E+000, 3.7545197E+000, 3.8873804E+000, 4.0552446E+000, 4.1108130E+000, 4.2258391E+000, 4.6151895E+000, 4.1703181E+000, 4.9748829E+000, 6.7920457E+000, 6.3326595E+000, 8.0169366E+000, 8.5440252E+000, 7.8427181E+000, 7.3272728E+004, 6.6092212E-001, 1.3648206E+001, 2.9359521E+001
 3.6007193E+001, 2.0000585E+001, 2.0001286E+001, 2.0007233E+001, 2.0034900E+001, 2.0065692E+001, 2.0111377E+001, 2.0183022E+001, 2.0292076E+001, 2.0499507E+001, 2.0879486E+001, 2.1645669E+001, 2.2920446E+001, 2.4846077E+001, 2.7544904E+001, 3.2462871E+001, 6.3178743E+001, 1.3811400E+002, 2.4544097E+002, 2.6223303E+002, 2.7404369E+002, 3.3298276E+002, 2.5176818E+002, 2.2775607E+002, 4.1510309E+000, 4.0561292E+000, 3.9852435E+000, 3.8818006E+000, 3.8387889E+000, 3.7352070E+000, 3.6764853E+000, 3.7004679E+000, 3.5815742E+000, 3.6018670E+000, 3.7969010E+000, 4.0041481E+000, 4.0783065E+000, 4.4416418E+000, 4.6165087E+000, 3.7096788E+000, 3.7907297E+000, 5.2601665E+000, 6.4291649E+000, 8.0857791E+000, 1.0128462E+001, 9.4073365E+000, 8.3284761E+000, 8.0073338E+004, 7.1577901E-001, 1.5896981E+001, 3.7135472E+001
 3.7003966E+001, 2.0000152E+001, 2.0001594E+001, 2.0007445E+001, 2.0034739E+001, 2.0065317E+001, 2.0114242E+001, 2.0184446E+001, 2.0295698E+001, 2.0491599E+001, 2.0818880E+001, 2.1606816E+001, 2.2948905E+001, 2.5197818E+001, 2.7810144E+001, 3.2475373E+001, 4.2209954E+001, 1.1638038E+002, 2.1799006E+002, 3.7436077E+002, 3.9452090E+002, 3.2909837E+002, 2.6524360E+002, 2.5910202E+002, 3.9615100E+000, 3.7559311E+000, 3.6338954E+000, 3.5016040E+000, 3.4148731E+000, 3.3214223E+000, 3.2526643E+000, 3.0919128E+000, 3.1185487E+000, 3.0680507E+000, 3.1024943E+000, 3.3654678E+000, 3.5083464E+000, 3.5724060E+000, 3.5620206E+000, 4.2235743E+000, 3.9008543E+000, 2.4937233E+000, 1.0807195E+000, 5.4987866E+000, 8.4198344E+000, 7.7666693E+000, 7.7818887E+000, 7.4198198E+004, 7.5185174E-001, 1.5242025E+001, 3.5568179E+001
 3.8004194E+001, 2.0000234E+001, 2.0001069E+001, 2.0008458E+001, 2.0036719E+001, 2.0067929E+001, 2.0114064E+001, 2.0183593E+001, 2.0293562E+001, 2.0490700E+001, 2.0877322E+001, 2.1601659E+001, 2.3093031E+001, 2.5434843E+001, 2.8156696E+001, 3.2983026E+001, 5.0142150E+001, 1.5812510E+002, 3.0926705E+002, 3.2515334E+002, 2.7218752E+002, 2.7763665E+002, 2.8312858E+002, 2.7257520E+002, 4.1750303E+000, 4.0920918E+000, 3.9504339E+000, 3.9229241E+000, 3.9137167E+000, 3.8838493E+000, 3.8206919E+000, 3.7763787E+000, 3.6917883E+000, 3.6801100E+000, 3.8376641E+000, 3.8385090E+000, 3.9981849E+000, 4.1795345E+000, 4.3644320E+000, 3.8745554E+000, 4.2533539E+000, 5.1188026E+000, 5.5179021E+000, 5.9681471E+000, 7.2131176E+000, 9.8371994E+000, 8.7695513E+000, 7.5512822E+004, 6.6440777E-001, 1.4558624E+001, 2.1901358E+001
 3.9004777E+001, 2.0000155E+001, 2.0001171E+001, 2.0007541E+001, 2.0037626E+001, 2.0067999E+001, 2.0115488E+001, 2.0184260E+001, 2.0296592E+001, 2.0500743E+001, 2.0861768E+001, 2.1619651E+001, 2.2996907E+001, 2.4900604E+001, 2.8394289E+001, 3.4004339E+001, 7.4921786E+001, 1.1845764E+002, 1.5562409E+002, 3.4577309E+002, 3.0961838E+002, 2.7297021E+002, 2.2489786E+002, 2.0615814E+002, 4.0186373E+000, 3.8426244E+000, 3.7025215E+000, 3.5293930E+000, 3.5062347E+000, 3.4587787E+000, 3.4230409E+000, 3.3496535E+000, 3.2780527E+000, 3.2697890E+000, 3.2126837E+000, 3.4364739E+000, 3.5408393E+000, 3.6434506E+000, 3.5891096E+000, 3.1306067E+000, 4.1734169E+000, 4.7176854E+000, 4.2340109E+000, 4.3372729E+000, 7.1694749E+000, 7.2235097E+000, 7.8383695E+000, 8.2842976E+004, 7.6261718E-001, 1.6092646E+001, 3.3898496E+001
 4.0006738E+001, 2.0000302E+001, 2.0000934E+001, 2.0007360E+001, 2.0035757E+001, 2.0068802E+001, 2.0116267E+001, 2.0183738E+001, 2.0289246E+001, 2.0474164E+001, 2.0823005E+001, 2.1535494E+001, 2.2855872E+001, 2.5139077E+001, 2.8073575E+001, 3.2776730E+001, 3.9538883E+001, 1.1509984E+002, 2.3659141E+002, 3.7382593E+002, 3.7204879E+002, 3.3689940E+002, 2.1763747E+002, 2.2232079E+002, 4.0436544E+000, 3.9094351E+000, 3.7521645E+000, 3.5819064E+000, 3.4830620E+000, 3.4895342E+000, 3.4294722E+000, 3.4426532E+000, 3.4084864E+000, 3.3818795E+000, 3.4756263E+000, 3.5216477E+000, 3.5574462E+000, 3.7221598E+000, 3.8701653E+000, 4.1702974E+000, 4.2156919E+000, 4.5899163E+000, 4.8201979E+000, 6.0463728E+000, 8.2014000E+000, 6.6587061E+000, 7.9597120E+000, 8.2595387E+004, 6.9683841E-001, 1.4171579E+001, 3.1787951E+001
 4.1006512E+001, 2.0000324E+001, 2.0001246E+001, 2.0007136E+001, 2.0035611E+001, 2.0065998E+001, 2.0115766E+001, 2.0187000E+001, 2.0298763E+001, 2.0506013E+001, 2.0883669E+001, 2.1626027E+001, 2.3008996E+001, 2.5114292E+001, 2.7891946E+001, 3.3319666E+001, 4.2976889E+001, 8.5220818E+001, 2.8342481E+002, 2.6435020E+002, 2.5427800E+002, 2.4494611E+002, 3.0014513E+002, 2.6551395E+002, 4.1636604E+000, 4.0736423E+000, 4.0044827E+000, 3.9009868E+000, 3.8411236E+000, 3.7258667E+000, 3.7237555E+000, 3.7177645E+000, 3.7254754E+000, 3.7573859E+000, 3.8065430E+000, 3.9095179E+000, 4.0198188E+000, 4.1410902E+000, 4.2527060E+000, 3.9302574E+000, 3.8074286E+000, 4.7047149E+000, 6.3667384E+000, 6.6398001E+000, 6.6526981E+000, 8.3481700E+000, 8.3357588E+000, 8.2599417E+004, 6.9513151E-001, 1.5984408E+001, 2.9225141E+001
 4.2000930E+001, 2.0000240E+001, 2.0001202E+001, 2.0007066E+001, 2.0033624E+001, 2.0065098E+001, 2.0111503E+001, 2.0183500E+001, 2.0300202E+001, 2.0494871E+001, 2.0846129E+001, 2.1563683E+001, 2.2869011E+001, 2.5010561E+001, 2.8060671E+001, 3.2810852E+001, 4.6748097E+001, 6.7763923E+001, 2.1483855E+002, 3.8342836E+002, 4.0222067E+002, 3.3717026E+002, 2.6278008E+002, 2.3349928E+002, 4.0076330E+000, 3.8382834E+000, 3.7094125E+000, 3.5797077E+000, 3.4730803E+000, 3.4501103E+000, 3.3050327E+000, 3.1985544E+000, 3.2192269E+000, 3.2280342E+000, 3.3434398E+000, 3.4836698E+000, 3.5453723E+000, 3.5915191E+000, 3.5753842E+000, 3.9330827E+000, 3.7879056E+000, 2.4452014E+000, 1.1078719E+000, 2.9685431E+000, 8.7644979E+000, 7.9457972E+000, 6.9451672E+000, 7.8800461E+004, 7.3188427E-001, 1.4978451E+001, 3.9110228E+001
 4.3002586E+001, 2.0000343E+001, 2.0001087E+001, 2.0007190E+001, 2.0033099E+001, 2.0062063E+001, 2.0108425E+001, 2.0177523E+001, 2.0282276E+001, 2.0479149E+001, 2.0835133E+001, 2.1524724E+001, 2.2781853E+001, 2.4834299E+001, 2.7509828E+001, 3.2143829E+001, 5.0728870E+001, 8.4100564E+001, 1.1219837E+002, 2.3620335E+002, 3.5127449E+002, 2.9179763E+002, 2.4388286E+002, 2.7478308E+002, 4.1137768E+000, 3.9969680E+000, 3.8731472E+000, 3.8076343E+000, 3.7842876E+000, 3.7034208E+000, 3.6372360E+000, 3.5897295E+000, 3.4589350E+000, 3.4870064E+000, 3.6208512E+000, 3.7774418E+000, 3.8983693E+000, 3.9914041E+000, 4.2241353E+000, 4.3104945E+000, 4.1307261E+000, 3.2067252E+000, 6.4307170E+000, 5.6950990E+000, 5.1935547E+000, 7.3501294E+000, 9.7485948E+000, 8.0583589E+004, 6.8380488E-001, 1.3886265E+001, 3.0958847E+001
 4.4007552E+001, 2.0000354E+001, 2.0001177E+001, 2.0007173E+001, 2.0034691E+001, 2.0064157E+001, 2.0109279E+001, 2.0177870E+001, 2.0297301E+001, 2.0508324E+001, 2.0900727E+001, 2.1675931E+001, 2.3065209E+001, 2.5042487E+001, 2.7618017E+001, 3.2782254E+001, 4.5909850E+001, 2.0976931E+002, 1.3321349E+002, 2.3132160E+002, 2.4083496E+002, 2.9416748E+002, 2.8091678E+002, 2.2889156E+002, 4.1641174E+000, 4.0573407E+000, 3.9615124E+000, 3.8731979E+000, 3.8497159E+000, 3.8389527E+000, 3.8032032E+000, 3.7159426E+000, 3.7095464E+000, 3.6286317E+000, 3.6737068E+000, 3.8389182E+000, 4.0543730E+000, 4.3520818E+000, 4.4553206E+000, 4.1400762E+000, 4.0923529E+000, 4.7546595E+000, 6.3530043E+000, 6.2810237E+000, 7.5935780E+000, 1.0345949E+001, 8.0623201E+000, 8.4414456E+004, 7.3306668E-001, 1.7389469E+001, 3.2867485E+001
 4.5003561E+001, 2.0000352E+001, 2.0001226E+001, 2.0007143E+001, 2.0034925E+001, 2.0066802E+001, 2.0114327E+001, 2.0181623E+001, 2.0288876E+001, 2.0485904E+001, 2.0869327E+001, 2.1649514E+001, 2.3141854E+001, 2.5497069E+001, 2.8468492E+001, 3.2985661E+001, 9.4557322E+001, 1.6279226E+002, 3.0362270E+002, 3.5702007E+002, 3.9905783E+002, 2.7224907E+002, 2.4808399E+002, 2.5649370E+002, 3.9848428E+000, 3.8051887E+000, 3.6583077E+000, 3.4806159E+000, 3.4121915E+000, 3.3594595E+000, 3.3420208E+000, 3.3227438E+000, 3.2062551E+000, 3.2009384E+000, 3.2446925E+000, 3.3006954E+000, 3.3876848E+000, 3.4373069E+000, 3.5783538E+000, 3.9659356E+000, 3.9682407E+000, 4.8923604E+000, 2.9842991E+000, 5.3059238E+000, 7.7880296E+000, 5.5148298E+000, 7.4809670E+000, 7.6443935E+004, 7.4638154E-001, 1.7454582E+001, 4.2691428E+001
 4.6007403E+001, 2.0000292E+001, 2.0001239E+001, 2.0007160E+001, 2.0033218E+001, 2.0062428E+001, 2.0108392E+001, 2.0175203E+001, 2.0275536E+001, 2.0455618E+001, 2.0806908E+001, 2.1543508E+001, 2.2922789E+001, 2.5163386E+001, 2.8026100E+001, 7.5377774E+001, 1.0688847E+002, 3.5312397E+002, 3.9935610E+002, 4.5935799E+002, 5.0202876E+002, 3.3417898E+002, 2.4950731E+002, 2.5271822E+002, 4.0991800E+000, 3.9833133E+000, 3.8637443E+000, 3.7702483E+000, 3.7104003E+000, 3.6355193E+000, 3.5890469E+000, 3.5958610E+000, 3.6211878E+000, 3.6289613E+000, 3.6293644E+000, 3.7841838E+000, 3.7884609E+000, 3.7282559E+000, 4.1392293E+000, 3.7856788E+000, 4.0870903E+000, 4.1663313E+000, 8.1113063E+000, 8.6980020E+000, 7.1863991E+000, 8.1698717E+000, 8.0792968E+000, 8.1243998E+004, 6.1294539E-001, 1.4684627E+001, 2.7001381E+001
 4.7002882E+001, 2.0000284E+001, 2.0001104E+001, 2.0007037E+001, 2.0032934E+001, 2.0061176E+001, 2.0104484E+001, 2.0169824E+001, 2.0279558E+001, 2.0468971E+001, 2.0808458E+001, 2.1503402E+001, 2.2841456E+001, 2.4962040E+001, 2.7638820E+001, 4.9708859E+001, 1.4808391E+002, 2.7502283E+002, 3.6250661E+002, 4.0898351E+002, 4.2945987E+002, 3.5178815E+002, 2.9553458E+002, 2.4592737E+002, 4.1346917E+000, 4.0364141E+000, 3.9174021E+000, 3.8284184E+000, 3.7927120E+000, 3.7547456E+000, 3.6878455E+000, 3.6285060E+000, 3.6370010E+000, 3.7029370E+000, 3.8426069E+000, 3.8875644E+000, 3.9837261E+000, 4.1388127E+000, 3.9052883E+000, 4.9352868E+000, 5.4897184E+000, 6.7871839E+000, 6.7728549E+000, 7.7696365E+000, 1.0860434E+001, 8.1921500E+000, 7.4505384E+000, 8.1838588E+004, 6.6738908E-001, 1.5241122E+001, 2.8773581E+001
 4.8004229E+001, 2.0000528E+001, 2.0001114E+001, 2.0006870E+001, 2.0033634E+001, 2.0063114E+001, 2.0108670E+001, 2.0175097E+001, 2.0279869E+001, 2.0469243E+001, 2.0809418E+001, 2.1489991E+001, 2.2728091E+001, 2.4772292E+001, 2.7800614E+001, 3.2936897E+001, 1.3817218E+002, 2.3561335E+002, 2.1853710E+002, 2.9333737E+002, 3.8408881E+002, 4.2895994E+002, 3.3378991E+002, 2.7990723E+002, 4.0201031E+000, 3.8582404E+000, 3.7427139E+000, 3.5755253E+000, 3.5186981E+000, 3.4689035E+000, 3.4107287E+000, 3.3576659E+000, 3.2676245E+000, 3.2780954E+000, 3.4236156E+000, 3.6037075E+000, 3.7454410E+000, 3.6845271E+000, 3.6043038E+000, 3.7916556E+000, 5.9940145E+000, 5.2598825E+000, 6.3064667E+000, 8.6078577E+000, 9.3168510E+000, 8.8748185E+000, 7.7083483E+000, 7.7246998E+004, 6.9133908E-001, 1.4514466E+001, 3.9566846E+001
 4.9007350E+001, 2.0000292E+001, 2.0001389E+001, 2.0006900E+001, 2.0032832E+001, 2.0062016E+001, 2.0106634E+001, 2.0171858E+001, 2.0273790E+001, 2.0452859E+001, 2.0791637E+001, 2.1492344E+001, 2.2750491E+001, 2.4775463E+001, 2.7549220E+001, 3.3150848E+001, 6.2680624E+001, 2.6349052E+002, 4.5852726E+002, 4.6945170E+002, 4.1099408E+002, 2.5643662E+002, 2.6350523E+002, 3.1167738E+002, 4.1245663E+000, 4.0075879E+000, 3.9146078E+000, 3.8192802E+000, 3.7479657E+000, 3.7055750E+000, 3.6727421E+000, 3.6526110E+000, 3.6343268E+000, 3.6036650E+000, 3.6627297E+000, 3.8093208E+000, 3.9431435E+000, 4.0982263E+000, 4.2212171E+000, 4.1400866E+000, 3.5774897E+000, 4.9469758E+000, 5.9677940E+000, 8.2246096E+000, 8.6898949E+000, 8.5230763E+000, 9.4061386E+000, 8.4036833E+004, 6.4481576E-001, 1.3291453E+001, 2.8450321E+001
 5.0002662E+001, 2.0000303E+001, 2.0001218E+001, 2.0007600E+001, 2.0034139E+001, 2.0063967E+001, 2.0109727E+001, 2.0179537E+001, 2.0292765E+001, 2.0495408E+001, 2.0851671E+001, 2.1544768E+001, 2.2868216E+001, 2.4989851E+001, 2.7776936E+001, 3.3824296E+001, 1.6227428E+002, 2.0267212E+002, 3.3487408E+002, 3.4395021E+002, 3.3773602E+002, 3.2388154E+002, 3.0393958E+002, 2.0848220E+002, 4.1339524E+000, 4.0233689E+000, 3.9029913E+000, 3.8316579E+000, 3.7916995E+000, 3.7272845E+000, 3.6779670E+000, 3.6380662E+000, 3.6229033E+000, 3.6472946E+000, 3.7078991E+000, 3.7784306E+000, 3.9526925E+000, 4.1820725E+000, 4.1206441E+000, 3.4846046E+000, 4.9081150E+000, 4.5421430E+000, 4.9544610E+000, 4.4033048E+000, 8.2471933E+000, 8.8184530E+000, 7.8948153E+000, 8.0083543E+004, 7.3108414E-001, 1.5230891E+001, 3.4893860E+001
 5.1003101E+001, 2.0000306E+001, 2.0001186E+001, 2.0007425E+001, 2.0035356E+001, 2.0065699E+001, 2.0113590E+001, 2.0184243E+001, 2.0296452E+001, 2.0490968E+001, 2.0842366E+001, 2.1561034E+001, 2.2866859E+001, 2.5030370E+001, 2.8211961E+001, 3.3270961E+001, 3.9294648E+001, 1.7429374E+002, 1.5705833E+002, 3.6593544E+002, 4.7172568E+002, 3.5308595E+002, 2.5364848E+002, 2.7125719E+002, 4.0421124E+000, 3.8805458E+000, 3.7410976E+000, 3.6130882E+000, 3.5744395E+000, 3.5128601E+000, 3.4330431E+000, 3.3539791E+000, 3.3159452E+000, 3.3152538E+000, 3.4028394E+000, 3.5472399E+000, 3.6047488E+000, 3.6805258E+000, 3.8499493E+000, 3.8948874E+000, 3.8075499E+000, 3.8007300E+000, 1.8483112E+000, 4.0386513E+000, 8.7458039E+000, 6.6223771E+000, 7.9756904E+000, 7.5877550E+004, 7.2481782E-001, 1.5092902E+001, 3.6959022E+001
 5.2008410E+001, 2.0000231E+001, 2.0001216E+001, 2.0007407E+001, 2.0035311E+001, 2.0066227E+001, 2.0112097E+001, 2.0179847E+001, 2.0287130E+001, 2.0475139E+001, 2.0826060E+001, 2.1532989E+001, 2.2848660E+001, 2.5036241E+001, 2.7809312E+001, 3.2798304E+001, 4.8860139E+001, 9.9658612E+001, 3.7668596E+002, 3.0928446E+002, 3.5301111E+002, 3.2254115E+002, 2.9190731E+002, 3.0201795E+002, 4.1286470E+000, 4.0082901E+000, 3.9068115E+000, 3.7828172E+000, 3.7399611E+000, 3.7253869E+000, 3.6827197E+000, 3.6362035E+000, 3.5698260E+000, 3.5564085E+000, 3.6644138E+000, 3.7923357E+000, 3.8948986E+000, 3.9830016E+000, 4.0817519E+000, 4.3419210E+000, 3.5136046E+000, 3.0061858E+000, 6.1064630E+000, 5.7063334E+000, 6.5994337E+000, 9.1297343E+000, 8.5047954E+000, 8.1626930E+004, 6.4781983E-001, 1.3357339E+001, 2.9818141E+001
 5.3001430E+001, 2.0000368E+001, 2.0001072E+001, 2.0007388E+001, 2.0034572E+001, 2.0065033E+001, 2.0113073E+001, 2.0182790E+001, 2.0294527E+001, 2.0493075E+001, 2.0845941E+001, 2.1552396E+001, 2.2875793E+001, 2.4911651E+001, 2.7833699E+001, 3.2954735E+001, 5.5006672E+001, 1.3762568E+002, 2.7128559E+002, 3.3605443E+002, 3.2607673E+002, 3.2379893E+002, 2.8497729E+002, 2.4340070E+002, 4.1236493E+000, 4.0164702E+000, 3.8975881E+000, 3.8187927E+000, 3.7453030E+000, 3.6710103E+000, 3.6656487E+000, 3.6377583E+000, 3.6049268E+000, 3.5980145E+000, 3.6379244E+000, 3.7658057E+000, 3.9229418E+000, 4.1337672E+000, 4.1457779E+000, 3.6713349E+000, 3.5038171E+000, 4.1423292E+000, 7.2250876E+000, 7.3218147E+000, 6.2454563E+000, 7.7797245E+000, 7.1705259E+000, 7.6926878E+004, 6.8139518E-001, 1.4245090E+001, 3.1684182E+001
 5.4000925E+001, 2.0000296E+001, 2.0001267E+001, 2.0006888E+001, 2.0034044E+001, 2.0063752E+001, 2.0109833E+001, 2.0179923E+001, 2.0287689E+001, 2.0467429E+001, 2.0797960E+001, 2.1489167E+001, 2.2755590E+001, 2.4830258E+001, 2.7816543E+001, 3.2611977E+001, 6.8336328E+001, 5.0547442E+001, 1.0326409E+002, 3.0032026E+002, 4.2368430E+002, 4.1480809E+002, 3.2036073E+002, 2.7815159E+002, 4.0391809E+000, 3.8904934E+000, 3.7746484E+000, 3.6221162E+000, 3.5812058E+000, 3.5203036E+000, 3.4097668E+000, 3.3750755E+000, 3.3784305E+000, 3.3784083E+000, 3.4385673E+000, 3.5343508E+000, 3.6364288E+000, 3.7324391E+000, 3.8413885E+000, 4.1553995E+000, 4.5520834E+000, 4.3378946E+000, 4.3148612E+000, 7.0639793E+000, 1.2283334E+001, 8.9677373E+000, 7.3348556E+000, 7.9234232E+004, 6.8823270E-001, 1.4074093E+001, 3.2782510E+001
 5.5007409E+001, 2.0000302E+001, 2.0001191E+001, 2.0007408E+001, 2.0034105E+001, 2.0065022E+001, 2.0112725E+001, 2.0181985E+001, 2.0291981E+001, 2.0486314E+001, 2.0825475E+001, 2.1497265E+001, 2.2808626E+001, 2.4927274E+001, 2.7722245E+001, 3.2974862E+001, 6.3686051E+001, 1.7423138E+002, 2.5048944E+002, 2.1934530E+002, 2.3342784E+002, 2.4442418E+002, 2.8657687E+002, 3.2636570E+002, 4.1175808E+000, 4.0056146E+000, 3.8922252E+000, 3.8069018E+000, 3.7412339E+000, 3.7078577E+000, 3.6756632E+000, 3.6050173E+000, 3.5541283E+000, 3.5949109E+000, 3.7045873E+000, 3.7926955E+000, 3.8605145E+000, 3.9985909E+000, 4.1798536E+000, 3.9713941E+000, 3.6252618E+000, 3.5555233E+000, 6.6467233E+000, 7.0233681E+000, 7.0573648E+000, 9.4941647E+000, 1.0504167E+001, 8.2635131E+004, 6.8878146E-001, 1.3820970E+001, 2.7259783E+001
 5.6001849E+001, 2.0000274E+001, 2.0001174E+001, 2.0007412E+001, 2.0034988E+001, 2.0065037E+001, 2.0112498E+001, 2.0184389E+001, 2.0297945E+001, 2.0496207E+001, 2.0858131E+001, 2.1564047E+001, 2.2884968E+001, 2.4873887E+001, 2.7770815E+001, 3.3011960E+001, 4.4633094E+001, 1.4707064E+002, 2.5631090E+002, 3.8359476E+002, 3.7947557E+002, 3.1010280E+002, 2.8128813E+002, 2.3488203E+002, 4.1268513E+000, 4.0093993E+000, 3.8897551E+000, 3.8036740E+000, 3.7784231E+000, 3.7258860E+000, 3.6903018E+000, 3.6651787E+000, 3.6209103E+000, 3.5770704E+000, 3.6800986E+000, 3.8319199E+000, 3.9479339E+000, 4.0851090E+000, 4.1657690E+000, 3.8618175E+000, 3.1874636E+000, 2.6077376E+000, 4.6533870E+000, 6.3700429E+000, 8.7085758E+000, 1.0112748E+001, 8.0792301E+000, 7.8438808E+004, 6.8486698E-001, 1.4657960E+001, 3.3620391E+001
 5.7000702E+001, 2.0000157E+001, 2.0001161E+001, 2.0007029E+001, 2.0034203E+001, 2.0064329E+001, 2.0110271E+001, 2.0179068E+001, 2.0290284E+001, 2.0483647E+001, 2.0827964E+001, 2.1549026E+001, 2.2843099E+001, 2.4843213E+001, 2.7706905E+001, 3.2244585E+001, 3.7688797E+001, 4.8378994E+001, 1.0770544E+002, 2.2202310E+002, 3.6128877E+002, 3.7092513E+002, 2.6487080E+002, 2.4505015E+002, 4.0636256E+000, 3.9143501E+000, 3.7933536E+000, 3.6518683E+000, 3.6025522E+000, 3.5753752E+000, 3.5244206E+000, 3.4640370E+000, 3.4265958E+000, 3.4438274E+000, 3.4696110E+000, 3.5805837E+000, 3.7257450E+000, 3.8304133E+000, 3.9521978E+000, 4.2020907E+000, 4.4500906E+000, 4.1755084E+000, 6.3724626E+000, 6.1944409E+000, 8.0466057E+000, 7.1449210E+000, 9.3718029E+000, 8.3792024E+004, 6.8972448E-001, 1.4378439E+001, 3.8926615E+001
 5.8002817E+001, 2.0000148E+001, 2.0000968E+001, 2.0007069E+001, 2.0033340E+001, 2.0062956E+001, 2.0108431E+001, 2.0174619E+001, 2.0278300E+001, 2.0463950E+001, 2.0812765E+001, 2.1529306E+001, 2.2820990E+001, 2.5024214E+001, 2.7823795E+001, 3.2091493E+001, 3.7607955E+001, 1.2765256E+002, 3.3756579E+002, 3.1397808E+002, 2.8258468E+002, 2.5778222E+002, 2.8072032E+002, 2.6002913E+002, 4.0969864E+000, 3.9886415E+000, 3.8644432E+000, 3.7743309E+000, 3.7145188E+000, 3.6612891E+000, 3.6326883E+000, 3.6213457E+000, 3.5894222E+000, 3.5891678E+000, 3.6847155E+000, 3.7753952E+000, 3.8281132E+000, 3.9383888E+000, 4.3677501E+000, 4.6610377E+000, 3.8132175E+000, 5.5100851E+000, 6.4553007E+000, 6.5766442E+000, 5.7163092E+000, 7.1152736E+000, 8.2013747E+000, 8.0674923E+004, 6.6246554E-001, 1.4282102E+001, 3.4029992E+001
 5.9001383E+001, 2.0000684E+001, 2.0000991E+001, 2.0007045E+001, 2.0034779E+001, 2.0065147E+001, 2.0112123E+001, 2.0182645E+001, 2.0296324E+001, 2.0497011E+001, 2.0860484E+001, 2.1583834E+001, 2.2934041E+001, 2.5123121E+001, 2.7884829E+001, 3.4450525E+001, 1.3518296E+002, 2.3803840E+002, 2.5366888E+002, 2.2940010E+002, 2.2839765E+002, 3.0165407E+002, 2.6940356E+002, 2.4608565E+002, 4.1134504E+000, 4.0235630E+000, 3.9294959E+000, 3.8203953E+000, 3.7846988E+000, 3.7355812E+000, 3.6904407E+000, 3.6585259E+000, 3.6652664E+000, 3.6759214E+000, 3.7454477E+000, 3.8538014E+000, 3.9795714E+000, 4.1396541E+000, 3.9155086E+000, 3.5939322E+000, 4.1057367E+000, 5.5737231E+000, 7.9796373E+000, 7.4996120E+000, 7.5581785E+000, 8.3295527E+000, 6.3042981E+000, 7.9193812E+004, 7.0695438E-001, 1.4923437E+001, 3.3643732E+001
 6.0002211E+001, 2.0000736E+001, 2.0001628E+001, 2.0006884E+001, 2.0033616E+001, 2.0063875E+001, 2.0110776E+001, 2.0180667E+001, 2.0293925E+001, 2.0492753E+001, 2.0848931E+001, 2.1571014E+001, 2.2895396E+001, 2.4972844E+001, 2.7917640E+001, 3.3634655E+001, 4.6896818E+001, 7.5088238E+001, 2.1435194E+002, 2.9221964E+002, 4.1355496E+002, 3.1826848E+002, 2.4586011E+002, 2.5070248E+002, 4.0201938E+000, 3.8705597E+000, 3.7847720E+000, 3.6605076E+000, 3.5817529E+000, 3.5357484E+000, 3.4789467E+000, 3.4253751E+000, 3.3725257E+000, 3.3947221E+000, 3.4959350E+000, 3.6400044E+000, 3.7665360E+000, 3.8503073E+000, 3.9746120E+000, 4.3337901E+000, 4.2486366E+000, 4.5743866E+000, 3.9071395E+000, 4.7954375E+000, 8.3842558E+000, 6.9128866E+000, 7.8031081E+000, 8.2186594E+004, 7.4278363E-001, 1.5677303E+001, 4.1695825E+001
 6.1005906E+001, 2.0000367E+001, 2.0001747E+001, 2.0007785E+001, 2.0034043E+001, 2.0064319E+001, 2.0112041E+001, 2.0183094E+001, 2.0296617E+001, 2.0500625E+001, 2.0885510E+001, 2.1645786E+001, 2.3107939E+001, 2.5344974E+001, 2.8216443E+001, 3.3003339E+001, 1.3005927E+002, 2.6188176E+002, 1.8562959E+002, 2.4100256E+002, 2.6205909E+002, 2.9786620E+002, 2.9722393E+002, 2.8540471E+002, 4.1046319E+000, 3.9603878E+000, 3.8672226E+000, 3.8156960E+000, 3.7811929E+000, 3.7118761E+000, 3.6608111E+000, 3.6299507E+000, 3.5937420E+000, 3.5899551E+000, 3.6898529E+000, 3.8343829E+000, 3.9662784E+000, 4.1627584E+000, 4.3927899E+000, 4.2500929E+000, 4.2468737E+000, 5.0547156E+000, 5.6167981E+000, 5.5908684E+000, 4.5502421E+000, 8.8572723E+000, 9.1055671E+000, 8.2893332E+004, 7.2262230E-001, 1.7347599E+001, 2.9170087E+001
 6.2003787E+001, 2.0000165E+001, 2.0001307E+001, 2.0008135E+001, 2.0034450E+001, 2.0063234E+001, 2.0109211E+001, 2.0178519E+001, 2.0291779E+001, 2.0500477E+001, 2.0888946E+001, 2.1663972E+001, 2.3152521E+001, 2.5422629E+001, 2.8516090E+001, 4.5340997E+001, 1.3194128E+002, 4.9623738E+002, 5.5205356E+002, 4.2230523E+002, 3.4984959E+002, 2.5527235E+002, 2.8058302E+002, 2.3054602E+002, 4.0596433E+000, 3.8992870E+000, 3.7339008E+000, 3.6699186E+000, 3.6350875E+000, 3.5971747E+000, 3.5260068E+000, 3.4475486E+000, 3.4090366E+000, 3.4169592E+000, 3.4673328E+000, 3.5692666E+000, 3.6873507E+000, 3.7891341E+000, 3.7657012E+000, 2.8332040E+000, 3.4311458E+000, 5.2517776E+000, 6.8339482E+000, 5.1463254E+000, 7.0608350E+000, 7.3656990E+000, 7.3621102E+000, 8.0344911E+004, 6.5500863E-001, 1.6221921E+001, 3.4549805E+001
 6.3006164E+001, 2.0000211E+001, 2.0000927E+001, 2.0007174E+001, 2.0034968E+001, 2.0064456E+001, 2.0106193E+001, 2.0171337E+001, 2.0275673E+001, 2.0465495E+001, 2.0833737E+001, 2.1582536E+001, 2.3039887E+001, 2.5421377E+001, 2.8639716E+001, 3.7607370E+001, 1.8272655E+002, 3.1038853E+002, 4.7896628E+002, 5.3125915E+002, 4.8399798E+002, 3.6681181E+002, 2.5170952E+002, 2.3946258E+002, 4.1146206E+000, 4.0211038E+000, 3.8747560E+000, 3.7148443E+000, 3.7166484E+000, 3.7403275E+000, 3.7142508E+000, 3.6827720E+000, 3.6279987E+000, 3.6099239E+000, 3.7181379E+000, 3.8408733E+000, 3.9194998E+000, 3.9889086E+000, 3.7428107E+000, 5.1387558E+000, 7.9733046E+000, 8.0585874E+000, 7.7367512E+000, 1.1285682E+001, 9.2772521E+000, 7.9897448E+000, 8.2348213E+000, 8.6358540E+004, 6.6493213E-001, 1.6519095E+001, 3.7133199E+001
 6.4002956E+001, 2.0000236E+001, 2.0001016E+001, 2.0006516E+001, 2.0033301E+001, 2.0063648E+001, 2.0111796E+001, 2.0175081E+001, 2.0274975E+001, 2.0464005E+001, 2.0819363E+001, 2.1554434E+001, 2.2974637E+001, 2.5278292E+001, 2.8583428E+001, 3.4706689E+001, 7.2885412E+001, 2.3058228E+002, 3.6540442E+002, 4.9758659E+002, 5.2940705E+002, 3.5138691E+002, 3.5345989E+002, 3.1416988E+002, 4.0964379E+000, 3.9689295E+000, 3.8645393E+000, 3.7299678E+000, 3.6237668E+000, 3.5429427E+000, 3.6049631E+000, 3.5938093E+000, 3.5788076E+000, 3.5664613E+000, 3.5969283E+000, 3.7038682E+000, 3.8445078E+000, 3.9597518E+000, 3.8314722E+000, 2.6300867E+000, 4.2876394E+000, 5.4960039E+000, 6.8840547E+000, 9.7488721E+000, 1.0132530E+001, 8.8548197E+000, 8.0438423E+000, 7.4492783E+004, 6.5063278E-001, 1.5468103E+001, 3.6530329E+001
 6.5008505E+001, 2.0000144E+001, 2.0001055E+001, 2.0006635E+001, 2.0032305E+001, 2.0062877E+001, 2.0110044E+001, 2.0185142E+001, 2.0299600E+001, 2.0476153E+001, 2.0811388E+001, 2.1515863E+001, 2.2885783E+001, 2.5181517E+001, 2.8360881E+001, 5.6596692E+001, 9.2662616E+001, 1.1955771E+002, 2.7719538E+002, 3.8862492E+002, 3.5166758E+002, 2.8807111E+002, 2.9713828E+002, 2.8192854E+002, 4.0479720E+000, 3.9008818E+000, 3.7841438E+000, 3.6439040E+000, 3.5575151E+000, 3.5226335E+000, 3.3410215E+000, 3.3716352E+000, 3.4202250E+000, 3.4319465E+000, 3.5257626E+000, 3.6330930E+000, 3.7272576E+000, 3.7866477E+000, 3.8504668E+000, 4.4094938E+000, 4.0203338E+000, 4.2972542E+000, 6.4350235E+000, 8.8661487E+000, 8.4494171E+000, 8.8568637E+000, 8.0925640E+000, 7.8081344E+004, 7.2658207E-001, 1.5550079E+001, 3.3294839E+001
 6.6000848E+001, 2.0000231E+001, 2.0000934E+001, 2.0006910E+001, 2.0032996E+001, 2.0061892E+001, 2.0108750E+001, 2.0179105E+001, 2.0292929E+001, 2.0508192E+001, 2.0867417E+001, 2.1574251E+001, 2.2963324E+001, 2.5261793E+001, 2.9089583E+001, 1.3240952E+002, 1.9648798E+002, 3.1238047E+002, 4.3593337E+002, 4.5613897E+002, 3.7981041E+002, 2.3541070E+002, 2.2307581E+002, 2.3047327E+002, 4.1319146E+000, 4.0310628E+000, 3.9188672E+000, 3.8381654E+000, 3.7942724E+000, 3.6944898E+000, 3.6860619E+000, 3.5634265E+000, 3.4850036E+000, 3.6196311E+000, 3.7478093E+000, 3.8718410E+000, 3.9478264E+000, 3.8551725E+000, 3.8297525E+000, 4.6301939E+000, 4.7745065E+000, 3.8788547E+000, 6.7139845E+000, 5.8395192E+000, 7.4955518E+000, 9.0933012E+000, 8.2280252E+000, 7.8663774E+004, 6.4087476E-001, 1.5654889E+001, 2.9561745E+001
 6.7001651E+001, 2.0000316E+001, 2.0001030E+001, 2.0006857E+001, 2.0033652E+001, 2.0063512E+001, 2.0109188E+001, 2.0178359E+001, 2.0293745E+001, 2.0493711E+001, 2.0887645E+001, 2.1682994E+001, 2.3065972E+001, 2.5545087E+001, 2.9029487E+001, 4.6803567E+001, 1.4351362E+002, 3.4897625E+002, 5.8689734E+002, 5.8689824E+002, 4.9761709E+002, 3.0177251E+002, 2.4763737E+002, 2.0847086E+002, 4.1053245E+000, 3.9827947E+000, 3.8738209E+000, 3.7633335E+000, 3.7245065E+000, 3.7017531E+000, 3.6114327E+000, 3.5482524E+000, 3.5396987E+000, 3.4000934E+000, 3.5541857E+000, 3.7612296E+000, 3.9075185E+000, 4.1149307E+000, 3.6765896E+000, 3.9270517E+000, 6.3983275E+000, 6.1438453E+000, 7.0952933E+000, 8.3500162E+000, 8.3822900E+000, 8.7886542E+000, 8.8868413E+000, 8.3646600E+004, 6.8623536E-001, 1.6184698E+001, 3.5030180E+001
 6.8001426E+001, 2.0000189E+001, 2.0001191E+001, 2.0006716E+001, 2.0033025E+001, 2.0062660E+001, 2.0109547E+001, 2.0178288E+001, 2.0284839E+001, 2.0478344E+001, 2.0833341E+001, 2.1567379E+001, 2.3096176E+001, 2.5718368E+001, 2.8900175E+001, 3.4222567E+001, 5.5926826E+001, 1.0568860E+002, 1.5227885E+002, 3.1754025E+002, 4.2816624E+002, 3.5840610E+002, 2.5309358E+002, 2.5923387E+002, 4.0247315E+000, 3.8576530E+000, 3.7388206E+000, 3.6015894E+000, 3.5404417E+000, 3.4677705E+000, 3.4315224E+000, 3.3907023E+000, 3.2735865E+000, 3.3450857E+000, 3.3440406E+000, 3.3896332E+000, 3.6207561E+000, 3.7414609E+000, 3.8070492E+000, 3.9406641E+000, 4.4776717E+000, 5.1300903E+000, 3.6729544E+000, 5.5260765E+000, 8.7911874E+000, 8.5139158E+000, 7.9667724E+000, 7.6750730E+004, 6.6700317E-001, 1.5159602E+001, 3.4091606E+001
 6.9000089E+001, 2.0000127E+001, 2.0000974E+001, 2.0006940E+001, 2.0032232E+001, 2.0060976E+001, 2.0105569E+001, 2.0171405E+001, 2.0278079E+001, 2.0468343E+001, 2.0831827E+001, 2.1591659E+001, 2.3092520E+001, 2.5619321E+001, 2.8696261E+001, 4.6838533E+001, 4.5769936E+001, 1.2089475E+002, 2.6042515E+002, 3.9898254E+002, 4.4789371E+002, 3.6641804E+002, 2.9413263E+002, 2.7463267E+002, 4.1319891E+000, 4.0400181E+000, 3.9235883E+000, 3.8402500E+000, 3.8005913E+000, 3.7691930E+000, 3.7197957E+000, 3.6834193E+000, 3.6914840E+000, 3.6407012E+000, 3.7111959E+000, 3.8753018E+000, 3.8415311E+000, 3.9248690E+000, 4.2504716E+000, 4.7226280E+000, 4.1014998E+000, 5.6055529E+000, 7.2284977E+000, 9.5639684E+000, 9.9854241E+000, 8.1217836E+000, 9.2686198E+000, 8.0731013E+004, 6.3881042E-001, 1.5904276E+001, 3.1694197E+001
 7.0002852E+001, 2.0000171E+001, 2.0000915E+001, 2.0006718E+001, 2.0032519E+001, 2.0060595E+001, 2.0104331E+001, 2.0172201E+001, 2.0282704E+001, 2.0489935E+001, 2.0869780E+001, 2.1654461E+001, 2.3263906E+001, 2.5510257E+001, 2.8558597E+001, 5.5453453E+001, 3.2740804E+002, 5.1619481E+002, 3.8960099E+002, 3.3662536E+002, 3.3029027E+002, 3.2478820E+002, 3.1555365E+002, 2.8565162E+002, 4.1020747E+000, 3.9805680E+000, 3.8621161E+000, 3.7642805E+000, 3.7202777E+000, 3.6729776E+000, 3.6322761E+000, 3.6051830E+000, 3.5406856E+000, 3.5844079E+000, 3.6470280E+000, 3.6873268E+000, 3.9102597E+000, 3.9223127E+000, 2.7378632E+000, 3.6369309E+000, 4.1185766E+000, 6.7035513E+000, 7.0914899E+000, 6.2921786E+000, 9.4574726E+000, 1.0066600E+001, 8.2306606E+000, 8.1416274E+004, 6.7731617E-001, 1.5842384E+001, 4.0857427E+001
 7.1006411E+001, 2.0000187E+001, 2.0000942E+001, 2.0006400E+001, 2.0031842E+001, 2.0059858E+001, 2.0101957E+001, 2.0164675E+001, 2.0269542E+001, 2.0457760E+001, 2.0815356E+001, 2.1606425E+001, 2.3013162E+001, 2.5282352E+001, 2.8587368E+001, 3.3602480E+001, 1.0925144E+002, 2.7552208E+002, 3.8737924E+002, 5.1767677E+002, 5.0714975E+002, 3.5503362E+002, 1.8602007E+002, 2.4297909E+002, 4.0216145E+000, 3.8751125E+000, 3.7612952E+000, 3.6048920E+000, 3.5454580E+000, 3.5051869E+000, 3.4483406E+000, 3.3802610E+000, 3.3710858E+000, 3.3543008E+000, 3.4419032E+000, 3.5970979E+000, 3.6256811E+000, 3.6539778E+000, 3.8879653E+000, 3.6925643E+000, 4.9922060E+000, 4.6910525E+000, 2.4288734E+000, 8.6937116E+000, 9.1502680E+000, 7.5908240E+000, 7.4514099E+000, 7.5405861E+004, 6.8591460E-001, 1.4593276E+001, 3.6710222E+001
 7.2005936E+001, 2.0000191E+001, 2.0001008E+001, 2.0006788E+001, 2.0032346E+001, 2.0061001E+001, 2.0104583E+001, 2.0167753E+001, 2.0269198E+001, 2.0461256E+001, 2.0835360E+001, 2.1586123E+001, 2.2992044E+001, 2.5133233E+001, 2.7862698E+001, 3.3555763E+001, 5.2376128E+001, 1.1963276E+002, 3.1220665E+002, 4.2052699E+002, 4.2207330E+002, 2.8239935E+002, 2.8664390E+002, 2.3229536E+002, 4.1257618E+000, 4.0164406E+000, 3.9166314E+000, 3.8436208E+000, 3.7734909E+000, 3.7073884E+000, 3.6913943E+000, 3.6703325E+000, 3.6449237E+000, 3.6494281E+000, 3.7553365E+000, 3.8481788E+000, 3.9594297E+000, 4.0633365E+000, 4.2237802E+000, 4.4150312E+000, 4.2166464E+000, 4.5773075E+000, 7.0665149E+000, 8.6178054E+000, 8.5275526E+000, 9.6059777E+000, 9.8870653E+000, 7.5279120E+004, 6.2345720E-001, 1.4436349E+001, 2.7678996E+001
 7.3001784E+001, 2.0000423E+001, 2.0001025E+001, 2.0006988E+001, 2.0033593E+001, 2.0062667E+001, 2.0107827E+001, 2.0175271E+001, 2.0284624E+001, 2.0484282E+001, 2.0858860E+001, 2.1621166E+001, 2.3062214E+001, 2.5206829E+001, 2.8226794E+001, 7.0418985E+001, 3.1706615E+002, 4.0692025E+002, 4.3197862E+002, 3.9928072E+002, 3.3544985E+002, 3.6505978E+002, 2.7258608E+002, 2.0932700E+002, 4.0766257E+000, 3.9485519E+000, 3.8416218E+000, 3.7388001E+000, 3.7119311E+000, 3.6520362E+000, 3.5617201E+000, 3.5232877E+000, 3.5047196E+000, 3.5229921E+000, 3.5756928E+000, 3.7120293E+000, 3.8064068E+000, 3.8722718E+000, 3.3770294E+000, 4.5831781E+000, 5.9419705E+000, 7.4762929E+000, 7.0211665E+000, 4.7952652E+000, 9.0401894E+000, 1.0036250E+001, 8.3308182E+000, 8.3102909E+004, 7.0829912E-001, 1.5416758E+001, 3.8217307E+001
 7.4006322E+001, 2.0000234E+001, 2.0001268E+001, 2.0006718E+001, 2.0032356E+001, 2.0060536E+001, 2.0104145E+001, 2.0169114E+001, 2.0277855E+001, 2.0476731E+001, 2.0838771E+001, 2.1571693E+001, 2.2912607E+001, 2.5120283E+001, 2.8302706E+001, 3.6553042E+001, 7.8659956E+001, 1.5252331E+002, 3.8301246E+002, 5.4500524E+002, 5.1500416E+002, 3.7477221E+002, 2.3290660E+002, 2.7078478E+002, 4.0677590E+000, 3.9356747E+000, 3.8181119E+000, 3.7112610E+000, 3.6665496E+000, 3.6397909E+000, 3.5995940E+000, 3.5196100E+000, 3.4652495E+000, 3.4814277E+000, 3.5796035E+000, 3.6922825E+000, 3.7925673E+000, 3.8541670E+000, 3.6917632E+000, 4.7774541E+000, 5.4221787E+000, 6.1733857E+000, 6.4865781E+000, 8.2000299E+000, 9.7731433E+000, 7.4886652E+000, 8.9398645E+000, 8.4898152E+004, 6.7547863E-001, 1.4118259E+001, 3.5965111E+001
 7.5006327E+001, 2.0000266E+001, 2.0001100E+001, 2.0006872E+001, 2.0031697E+001, 2.0059488E+001, 2.0101902E+001, 2.0165860E+001, 2.0271187E+001, 2.0468393E+001, 2.0841444E+001, 2.1582442E+001, 2.2913307E+001, 2.5091330E+001, 2.8203519E+001, 3.5206703E+001, 9.5705253E+001, 2.0916465E+002, 3.5937080E+002, 4.6378326E+002, 4.3165247E+002, 2.8040324E+002, 2.9016369E+002, 2.4611928E+002, 4.1152495E+000, 3.9839274E+000, 3.8771931E+000, 3.7884475E+000, 3.7483205E+000, 3.7096449E+000, 3.6828103E+000, 3.6771922E+000, 3.6178820E+000, 3.5696564E+000, 3.6580208E+000, 3.7922632E+000, 3.8882608E+000, 4.1056489E+000, 4.2419853E+000, 4.0013672E+000, 4.2039044E+000, 5.2903332E+000, 6.8385890E+000, 9.0192784E+000, 8.5371310E+000, 9.1317809E+000, 8.4192144E+000, 7.7943294E+004, 6.2239965E-001, 1.4412988E+001, 2.9366260E+001
 7.6002538E+001, 2.0000338E+001, 2.0001064E+001, 2.0007052E+001, 2.0032354E+001, 2.0060096E+001, 2.0103195E+001, 2.0167825E+001, 2.0275642E+001, 2.0473223E+001, 2.0838114E+001, 2.1606667E+001, 2.3039910E+001, 2.5362601E+001, 2.8681126E+001, 3.5248696E+001, 4.3370177E+001, 5.9731349E+001, 1.6121135E+002, 2.2320372E+002, 2.9533240E+002, 3.0707290E+002, 2.8453614E+002, 2.4103476E+002, 4.1241565E+000, 4.0036684E+000, 3.8727831E+000, 3.7999505E+000, 3.7536913E+000, 3.7217590E+000, 3.6823137E+000, 3.6391972E+000, 3.6439312E+000, 3.6611823E+000, 3.6782620E+000, 3.7564169E+000, 3.9016121E+000, 4.0211980E+000, 4.2005128E+000, 4.0292601E+000, 4.1853315E+000, 5.1689776E+000, 5.6709266E+000, 6.4210887E+000, 8.8676544E+000, 9.5325542E+000, 7.9888929E+000, 8.1450413E+004, 6.8046362E-001, 1.5710655E+001, 3.9973842E+001
 7.7007488E+001, 2.0000399E+001, 2.0001171E+001, 2.0006667E+001, 2.0032992E+001, 2.0060656E+001, 2.0102217E+001, 2.0166421E+001, 2.0270896E+001, 2.0459507E+001, 2.0815155E+001, 2.1557009E+001, 2.2962157E+001, 2.5404986E+001, 2.8671499E+001, 4.0861103E+001, 2.0578058E+002, 1.9875095E+002, 2.3344133E+002, 2.1705098E+002, 2.2128079E+002, 2.7656179E+002, 2.3684067E+002, 2.4487537E+002, 4.0681108E+000, 3.9399964E+000, 3.8242400E+000, 3.6636724E+000, 3.6508383E+000, 3.6056459E+000, 3.5611556E+000, 3.5312138E+000, 3.5007337E+000, 3.5134125E+000, 3.6377348E+000, 3.7243711E+000, 3.7688891E+000, 3.7978607E+000, 3.4264197E+000, 3.5756798E+000, 5.1334340E+000, 6.9466751E+000, 5.9726017E+000, 6.2112525E+000, 7.8547266E+000, 7.7039308E+000, 8.4146978E+000, 7.8063063E+004, 6.5468926E-001, 1.4842859E+001, 3.5018956E+001
 7.8000584E+001, 2.0000327E+001, 2.0001266E+001, 2.0006994E+001, 2.0032225E+001, 2.0061624E+001, 2.0106864E+001, 2.0168088E+001, 2.0266803E+001, 2.0447807E+001, 2.0798020E+001, 2.1539488E+001, 2.2997359E+001, 2.5338027E+001, 2.8247233E+001, 3.9035855E+001, 9.6321939E+001, 3.8868362E+002, 4.9577576E+002, 5.9669406E+002, 4.9520047E+002, 2.8516647E+002, 2.3713383E+002, 2.7080758E+002, 4.1091858E+000, 3.9944668E+000, 3.8862326E+000, 3.8026670E+000, 3.7005603E+000, 3.6666492E+000, 3.6668045E+000, 3.6208846E+000, 3.6040385E+000, 3.6228882E+000, 3.7129258E+000, 3.8615369E+000, 4.0013908E+000, 4.1521450E+000, 4.3579465E+000, 3.6693715E+000, 3.4469641E+000, 5.4700261E+000, 9.1025829E+000, 1.1704033E+001, 8.8179313E+000, 8.9669313E+000, 9.4635829E+000, 8.4526549E+004, 6.1148588E-001, 1.5323418E+001, 3.0303448E+001
 7.9003027E+001, 2.0000321E+001, 2.0001168E+001, 2.0007070E+001, 2.0032804E+001, 2.0061518E+001, 2.0105604E+001, 2.0174460E+001, 2.0276697E+001, 2.0453975E+001, 2.0803572E+001, 2.1555373E+001, 2.3027136E+001, 2.5438416E+001, 2.8441064E+001, 4.8996324E+001, 1.7086667E+002, 2.9075677E+002, 4.1760325E+002, 4.4084983E+002, 3.9216047E+002, 3.0353486E+002, 2.9132899E+002, 2.2146967E+002, 4.1064697E+000, 3.9899389E+000, 3.8892402E+000, 3.7801342E+000, 3.7480083E+000, 3.6786887E+000, 3.5853346E+000, 3.6071168E+000, 3.5950564E+000, 3.5924693E+000, 3.6850710E+000, 3.8076680E+000, 3.9214438E+000, 3.9888855E+000, 3.6721085E+000, 4.7475770E+000, 6.5040804E+000, 7.0589547E+000, 7.3900282E+000, 6.8875122E+000, 9.8584484E+000, 1.0435633E+001, 8.7216552E+000, 8.3718308E+004, 6.3801863E-001, 1.6217240E+001, 3.5902661E+001
 8.0001408E+001, 2.0000248E+001, 2.0001233E+001, 2.0007039E+001, 2.0033689E+001, 2.0062674E+001, 2.0107354E+001, 2.0170897E+001, 2.0274485E+001, 2.0466565E+001, 2.0815798E+001, 2.1562159E+001, 2.3028314E+001, 2.5493073E+001, 2.8562263E+001, 3.5172748E+001, 1.2875280E+002, 3.3973892E+002, 3.6132065E+002, 3.8715118E+002, 4.1287727E+002, 3.0454568E+002, 2.4482254E+002, 2.5668165E+002, 4.0667496E+000, 3.9138653E+000, 3.7895996E+000, 3.6844714E+000, 3.6270800E+000, 3.5699347E+000, 3.5322460E+000, 3.4122318E+000, 3.3953324E+000, 3.4676368E+000, 3.5243250E+000, 3.6419304E+000, 3.7500094E+000, 3.8328555E+000, 3.7250802E+000, 3.4201003E+000, 2.9856811E+000, 6.2559703E+000, 8.7442311E+000, 8.7057308E+000, 8.4947652E+000, 8.9727779E+000, 8.5238007E+000, 7.5877100E+004, 6.2909495E-001, 1.5428069E+001, 3.7660957E+001
 8.1006876E+001, 2.0000099E+001, 2.0001105E+001, 2.0007203E+001, 2.0033977E+001, 2.0063523E+001, 2.0107935E+001, 2.0171998E+001, 2.0272447E+001, 2.0451853E+001, 2.0823506E+001, 2.1549697E+001, 2.2970546E+001, 2.5357811E+001, 2.8381712E+001, 3.3927450E+001, 7.9239294E+001, 2.8668322E+002, 4.2394583E+002, 4.7968244E+002, 4.6389106E+002, 2.9581297E+002, 2.5134991E+002, 2.1808426E+002, 4.1583019E+000, 4.0298832E+000, 3.9104205E+000, 3.8163285E+000, 3.7801150E+000, 3.7657376E+000, 3.7161727E+000, 3.6920682E+000, 3.6191934E+000, 3.5563074E+000, 3.7254488E+000, 3.8710140E+000, 3.9430915E+000, 4.0078621E+000, 4.1171943E+000, 3.7847521E+000, 3.1870505E+000, 6.2586147E+000, 6.6346502E+000, 9.1449879E+000, 8.6899671E+000, 8.3508488E+000, 8.7347594E+000, 7.5317962E+004, 6.1353768E-001, 1.4603935E+001, 3.4557849E+001
 8.2002761E+001, 2.0000080E+001, 2.0000913E+001, 2.0007049E+001, 2.0033855E+001, 2.0063665E+001, 2.0109613E+001, 2.0176943E+001, 2.0282557E+001, 2.0473171E+001, 2.0826251E+001, 2.1579657E+001, 2.3098087E+001, 2.5253285E+001, 2.8492539E+001, 3.5860400E+001, 1.7019988E+002, 1.9142273E+002, 2.8517068E+002, 3.9452749E+002, 4.1145348E+002, 3.1760309E+002, 2.3869686E+002, 2.5065439E+002, 4.0848290E+000, 3.9652415E+000, 3.8247513E+000, 3.7015692E+000, 3.6525920E+000, 3.5984790E+000, 3.5792191E+000, 3.5395201E+000, 3.4821942E+000, 3.5059004E+000, 3.4747434E+000, 3.6327463E+000, 3.8589804E+000, 4.0466187E+000, 3.6892484E+000, 4.4426767E+000, 4.8450529E+000, 7.4060436E+000, 8.2457898E+000, 8.3438588E+000, 1.0120806E+001, 8.5605645E+000, 7.7384244E+000, 8.2874699E+004, 6.6616708E-001, 1.6011791E+001, 3.4743923E+001
 8.3000277E+001, 2.0000224E+001, 2.0000829E+001, 2.0006750E+001, 2.0033951E+001, 2.0064170E+001, 2.0109954E+001, 2.0177218E+001, 2.0282136E+001, 2.0469737E+001, 2.0827760E+001, 2.1568139E+001, 2.3041106E+001, 2.5554839E+001, 2.8801947E+001, 1.6451142E+002, 1.2702426E+002, 9.3140418E+001, 1.5522732E+002, 3.3103907E+002, 4.5779615E+002, 3.7231902E+002, 2.6236419E+002, 2.2698505E+002, 4.0293737E+000, 3.8810955E+000, 3.7478756E+000, 3.5826353E+000, 3.5198952E+000, 3.4653847E+000, 3.3810588E+000, 3.3456052E+000, 3.3532735E+000, 3.3232570E+000, 3.4241032E+000, 3.4876211E+000, 3.4724248E+000, 3.3109696E+000, 3.1568711E+000, 4.7315161E+000, 5.5952942E+000, 5.7026067E+000, 5.2228920E+000, 7.3965096E+000, 9.9203375E+000, 8.7085405E+000, 8.2187421E+000, 7.7798616E+004, 6.4906398E-001, 1.5416281E+001, 3.0244936E+001
 8.4003632E+001, 2.0000442E+001, 2.0001066E+001, 2.0006881E+001, 2.0034012E+001, 2.0064619E+001, 2.0110888E+001, 2.0177249E+001, 2.0281295E+001, 2.0473030E+001, 2.0839927E+001, 2.1577028E+001, 2.3088552E+001, 2.5518859E+001, 2.9278468E+001, 4.7024345E+001, 1.2585516E+002, 4.5324852E+002, 5.2234179E+002, 4.8424219E+002, 3.9626574E+002, 3.0907995E+002, 2.8062236E+002, 2.4572629E+002, 4.1498254E+000, 4.0595545E+000, 3.9809935E+000, 3.8919824E+000, 3.8231195E+000, 3.7609443E+000, 3.7301952E+000, 3.6847637E+000, 3.6529253E+000, 3.7012691E+000, 3.7949101E+000, 3.8880089E+000, 3.9702100E+000, 3.9982141E+000, 4.2158791E+000, 4.5383826E+000, 5.9577811E+000, 7.6663708E+000, 7.2343371E+000, 7.8837474E+000, 8.1738736E+000, 9.4266451E+000, 9.1796446E+000, 8.1245694E+004, 6.2233107E-001, 1.5016238E+001, 2.7643452E+001
 8.5003792E+001, 2.0000285E+001, 2.0001326E+001, 2.0006880E+001, 2.0033348E+001, 2.0063267E+001, 2.0111088E+001, 2.0182446E+001, 2.0295238E+001, 2.0492965E+001, 2.0852476E+001, 2.1606436E+001, 2.3074106E+001, 2.5536707E+001, 2.9385800E+001, 3.5352262E+001, 6.7343295E+001, 1.8187230E+002, 2.7189211E+002, 3.3978279E+002, 3.2754938E+002, 3.1572349E+002, 2.8667150E+002, 2.4671668E+002, 4.0860091E+000, 3.9481424E+000, 3.8610660E+000, 3.7633928E+000, 3.7163589E+000, 3.6484233E+000, 3.5822892E+000, 3.5380539E+000, 3.5055297E+000, 3.4876242E+000, 3.5853628E+000, 3.7378457E+000, 3.8798749E+000, 3.9915785E+000, 3.8823505E+000, 3.5864724E+000, 5.7180652E+000, 7.1106491E+000, 8.9997818E+000, 8.8051997E+000, 9.8009099E+000, 8.9911360E+000, 8.2443199E+000, 7.8236163E+004, 6.6677015E-001, 1.5247963E+001, 3.3175577E+001
 8.6003237E+001, 2.0000320E+001, 2.0001218E+001, 2.0007173E+001, 2.0032561E+001, 2.0061417E+001, 2.0106482E+001, 2.0172243E+001, 2.0277738E+001, 2.0464114E+001, 2.0813714E+001, 2.1574118E+001, 2.3020970E+001, 2.5465068E+001, 2.8987323E+001, 3.3367093E+001, 4.0391643E+001, 8.5708226E+001, 2.2337202E+002, 3.9766869E+002, 4.8297855E+002, 3.4855934E+002, 2.6124098E+002, 2.4202326E+002, 4.0779845E+000, 3.9436587E+000, 3.8121551E+000, 3.7230798E+000, 3.6943332E+000, 3.6378399E+000, 3.5816097E+000, 3.4993627E+000, 3.4543461E+000, 3.4549182E+000, 3.5285985E+000, 3.6687311E+000, 3.8236117E+000, 3.9461430E+000, 4.0730230E+000, 4.1710515E+000, 4.1802659E+000, 5.2262345E+000, 4.3592000E+000, 6.7273773E+000, 1.1317453E+001, 8.9041924E+000, 8.6118907E+000, 8.0276238E+004, 6.3566083E-001, 1.4962153E+001, 3.2234114E+001
 8.7002681E+001, 2.0000170E+001, 2.0001181E+001, 2.0007256E+001, 2.0033676E+001, 2.0062213E+001, 2.0106249E+001, 2.0171566E+001, 2.0274960E+001, 2.0464855E+001, 2.0833224E+001, 2.1586949E+001, 2.3081418E+001, 2.5593057E+001, 2.8649870E+001, 4.0126711E+001, 4.3406749E+001, 1.8149981E+002, 2.2104313E+002, 1.9192727E+002, 2.8114961E+002, 3.2899298E+002, 3.0377142E+002, 2.7191273E+002, 4.1384808E+000, 4.0142122E+000, 3.8825475E+000, 3.8159155E+000, 3.7887420E+000, 3.7687766E+000, 3.7335289E+000, 3.7010323E+000, 3.6401477E+000, 3.6283765E+000, 3.7029532E+000, 3.7960150E+000, 3.8769558E+000, 4.0900206E+000, 4.4783814E+000, 4.6986086E+000, 4.0574342E+000, 5.0554260E+000, 6.4879003E+000, 7.6726013E+000, 8.2456078E+000, 1.0031227E+001, 1.0887188E+001, 8.6540271E+004, 6.2660008E-001, 1.5470794E+001, 3.5653651E+001
 8.8001342E+001, 2.0000060E+001, 2.0000978E+001, 2.0007157E+001, 2.0034348E+001, 2.0064558E+001, 2.0109287E+001, 2.0175913E+001, 2.0284263E+001, 2.0477109E+001, 2.0828460E+001, 2.1564483E+001, 2.3047071E+001, 2.5584299E+001, 2.9065210E+001, 3.6642027E+001, 3.3837225E+002, 4.2876319E+002, 4.4880637E+002, 4.4615881E+002, 2.7578937E+002, 2.8812323E+002, 2.9403650E+002, 2.5172346E+002, 4.0882033E+000, 3.9393662E+000, 3.8132719E+000, 3.6644080E+000, 3.6219336E+000, 3.6087492E+000, 3.5718381E+000, 3.5540309E+000, 3.5132285E+000, 3.5149736E+000, 3.5505671E+000, 3.6674090E+000, 3.7975244E+000, 3.8983935E+000, 3.4227490E+000, 2.4093218E+000, 5.9432822E+000, 5.6633207E+000, 5.3874073E+000, 5.1574362E+000, 8.2748538E+000, 8.9476799E+000, 7.9181020E+000, 8.1112928E+004, 6.5701386E-001, 1.5653243E+001, 4.2023141E+001
 8.9006991E+001, 2.0000179E+001, 2.0000828E+001, 2.0006657E+001, 2.0033055E+001, 2.0062832E+001, 2.0110708E+001, 2.0179411E+001, 2.0283163E+001, 2.0464442E+001, 2.0812304E+001, 2.1528155E+001, 2.3003941E+001, 2.5557239E+001, 2.9062058E+001, 3.9335384E+001, 2.1582587E+002, 2.6799494E+002, 2.6993148E+002, 3.8546638E+002, 4.9090172E+002, 3.2489246E+002, 2.4029325E+002, 2.7477546E+002, 4.1184415E+000, 4.0137294E+000, 3.8906538E+000, 3.7758090E+000, 3.6943794E+000, 3.6317663E+000, 3.6349089E+000, 3.6277916E+000, 3.6246141E+000, 3.6283705E+000, 3.7251568E+000, 3.8102746E+000, 3.8313903E+000, 3.8477282E+000, 3.9110859E+000, 4.6070823E+000, 5.8199405E+000, 7.4475332E+000, 8.0201630E+000, 9.8239635E+000, 8.5961761E+000, 7.4744857E+000, 8.4271077E+000, 7.7995120E+004, 6.4178614E-001, 1.5524261E+001, 3.2676604E+001
 9.0002566E+001, 2.0000127E+001, 2.0000942E+001, 2.0006655E+001, 2.0033293E+001, 2.0063567E+001, 2.0110155E+001, 2.0182281E+001, 2.0295370E+001, 2.0484947E+001, 2.0830252E+001, 2.1540315E+001, 2.3017979E+001, 2.5514737E+001, 2.8988148E+001, 4.0389272E+001, 1.9453070E+002, 2.5171988E+002, 3.7442868E+002, 4.4077511E+002, 4.1558902E+002, 2.9495722E+002, 2.8245238E+002, 2.4516894E+002, 4.1316294E+000, 4.0219842E+000, 3.9238539E+000, 3.7984142E+000, 3.7521859E+000, 3.6982306E+000, 3.6144771E+000, 3.5912549E+000, 3.6245441E+000, 3.6632098E+000, 3.7550084E+000, 3.8576518E+000, 4.0040162E+000, 4.0323387E+000, 3.7133118E+000, 3.9602683E+000, 5.7787129E+000, 5.9982851E+000, 8.6361311E+000, 9.5974692E+000, 9.6322819E+000, 9.2583181E+000, 8.5915589E+000, 7.7077376E+004, 6.5498169E-001, 1.4887215E+001, 3.0211014E+001
 9.1007130E+001, 2.0000047E+001, 2.0000931E+001, 2.0006467E+001, 2.0032254E+001, 2.0061652E+001, 2.0108943E+001, 2.0178180E+001, 2.0292159E+001, 2.0492599E+001, 2.0829901E+001, 2.1514132E+001, 2.2886488E+001, 2.5318569E+001, 2.8904520E+001, 3.7157788E+001, 7.8571216E+001, 7.8024133E+001, 1.5805136E+002, 4.7153619E+002, 4.6654543E+002, 3.4915422E+002, 2.6115573E+002, 2.3591876E+002, 4.0597482E+000, 3.9159038E+000, 3.8014339E+000, 3.6825928E+000, 3.6053315E+000, 3.5227259E+000, 3.4784820E+000, 3.3848012E+000, 3.3284119E+000, 3.3917097E+000, 3.5207076E+000, 3.6757709E+000, 3.7569077E+000, 3.8587943E+000, 3.7682331E+000, 4.1846728E+000, 4.7986871E+000, 5.6274153E+000, 5.3386738E+000, 8.7918349E+000, 1.0109619E+001, 8.9541238E+000, 8.0769756E+000, 7.9147075E+004, 6.7902283E-001, 1.4234825E+001, 3.7440823E+001
 9.2005439E+001, 2.0000049E+001, 2.0000781E+001, 2.0006441E+001, 2.0031421E+001, 2.0060064E+001, 2.0105791E+001, 2.0176998E+001, 2.0291448E+001, 2.0489403E+001, 2.0859623E+001, 2.1599326E+001, 2.3051932E+001, 2.5538541E+001, 2.9201137E+001, 3.4318242E+001, 7.3040321E+001, 1.5724315E+002, 3.0265360E+002, 3.0341342E+002, 3.2864076E+002, 2.7748861E+002, 2.8123999E+002, 2.8402353E+002, 4.1540047E+000, 4.0463373E+000, 3.9296997E+000, 3.8595860E+000, 3.8146049E+000, 3.7595546E+000, 3.6829333E+000, 3.6442535E+000, 3.5959533E+000, 3.5599775E+000, 3.6621984E+000, 3.8431997E+000, 3.9584393E+000, 4.0719037E+000, 4.2848460E+000, 4.4694178E+000, 4.7487104E+000, 5.7247569E+000, 6.2683725E+000, 8.0611513E+000, 7.1255850E+000, 9.0696945E+000, 9.7126320E+000, 7.8896337E+004, 6.8513799E-001, 1.5314631E+001, 3.0043147E+001
 9.3006979E+001, 1.9999880E+001, 2.0000823E+001, 2.0006682E+001, 2.0033272E+001, 2.0062357E+001, 2.0108286E+001, 2.0180100E+001, 2.0299137E+001, 2.0518392E+001, 2.0909969E+001, 2.1724850E+001, 2.3300007E+001, 2.5998681E+001, 2.9576768E+001, 3.5880390E+001, 2.4789016E+002, 3.6005767E+002, 4.7880471E+002, 5.6423180E+002, 4.9114489E+002, 2.8404609E+002, 2.5531054E+002, 2.3596307E+002, 4.1354640E+000, 4.0199976E+000, 3.9183191E+000, 3.7913785E+000, 3.7742689E+000, 3.7471096E+000, 3.6915075E+000, 3.6173523E+000, 3.5619136E+000, 3.5401505E+000, 3.5650191E+000, 3.6609010E+000, 3.8807974E+000, 4.1508520E+000, 4.1001611E+000, 2.9310232E+000, 6.3197176E+000, 8.2740744E+000, 9.8862203E+000, 8.9862596E+000, 8.9638930E+000, 8.7115600E+000, 8.0776714E+000, 8.4162178E+004, 7.0250899E-001, 1.6290837E+001, 3.0048103E+001
 9.4000268E+001, 2.0000199E+001, 2.0000517E+001, 2.0006516E+001, 2.0032214E+001, 2.0061878E+001, 2.0108842E+001, 2.0177597E+001, 2.0290630E+001, 2.0494716E+001, 2.0889006E+001, 2.1685487E+001, 2.3166199E+001, 2.6197458E+001, 3.0220982E+001, 9.7230817E+001, 2.4001208E+002, 3.0141726E+002, 3.1442813E+002, 4.2850913E+002, 4.0933083E+002, 3.2509063E+002, 2.6569895E+002, 2.2377791E+002, 4.0889873E+000, 3.9721443E+000, 3.8453316E+000, 3.7363113E+000, 3.6595057E+000, 3.6115102E+000, 3.6133826E+000, 3.5506308E+000, 3.4835065E+000, 3.4421528E+000, 3.5322919E+000, 3.6356810E+000, 3.6444164E+000, 3.5398181E+000, 3.2965495E+000, 4.8676469E+000, 4.3758354E+000, 7.6009354E+000, 7.8854115E+000, 1.0441039E+001, 9.0545864E+000, 8.7947541E+000, 8.3847900E+000, 8.2556351E+004, 6.9957602E-001, 1.6229011E+001, 4.7636600E+001
 9.5007580E+001, 2.0000072E+001, 2.0000955E+001, 2.0005983E+001, 2.0032319E+001, 2.0060804E+001, 2.0104966E+001, 2.0172248E+001, 2.0280379E+001, 2.0477541E+001, 2.0857787E+001, 2.1627593E+001, 2.3263916E+001, 2.6162429E+001, 2.9515595E+001, 1.1587627E+002, 1.6658746E+002, 2.6230880E+002, 5.0953653E+002, 5.9216444E+002, 4.8305247E+002, 3.5559171E+002, 2.8038560E+002, 2.7189618E+002, 4.1178493E+000, 3.9943940E+000, 3.9084291E+000, 3.8011791E+000, 3.7586361E+000, 3.6933009E+000, 3.5923874E+000, 3.6042259E+000, 3.6045890E+000, 3.5898409E+000, 3.6159682E+000, 3.7098260E+000, 3.8063468E+000, 3.8266532E+000, 3.5222443E+000, 3.9601766E+000, 4.6688507E+000, 6.4963958E+000, 1.0124234E+001, 1.1008500E+001, 1.0912827E+001, 8.5052206E+000, 8.7351621E+000, 8.0062595E+004, 6.4357196E-001, 1.5953590E+001, 3.0434800E+001
 9.6000999E+001, 2.0000246E+001, 2.0000841E+001, 2.0006447E+001, 2.0031042E+001, 2.0060574E+001, 2.0105412E+001, 2.0172034E+001, 2.0281122E+001, 2.0479420E+001, 2.0836668E+001, 2.1590937E+001, 2.3172115E+001, 2.6015807E+001, 2.9359560E+001, 3.9342550E+001, 2.0140914E+002, 4.0495748E+002, 4.4121252E+002, 3.6367406E+002, 3.2260859E+002, 2.8923618E+002, 2.7777661E+002, 2.7385522E+002, 4.1308674E+000, 4.0251378E+000, 3.9251407E+000, 3.8568170E+000, 3.7865501E+000, 3.7600391E+000, 3.7271639E+000, 3.6421061E+000, 3.6155318E+000, 3.6731908E+000, 3.7688776E+000, 3.8533855E+000, 3.8970278E+000, 4.1114855E+000, 3.9437883E+000, 1.0255595E+000, 3.7696287E+000, 5.9888551E+000, 7.8557919E+000, 8.1981065E+000, 9.4892244E+000, 9.3121720E+000, 9.0806885E+000, 7.9062467E+004, 6.2501871E-001, 1.5039987E+001, 3.5402782E+001
 9.7002059E+001, 2.0000114E+001, 2.0001021E+001, 2.0006390E+001, 2.0031239E+001, 2.0058355E+001, 2.0103108E+001, 2.0172639E+001, 2.0280145E+001, 2.0476531E+001, 2.0846630E+001, 2.1600999E+001, 2.3187610E+001, 2.5663187E+001, 2.9177719E+001, 5.8613232E+001, 2.6526883E+002, 2.9075472E+002, 3.2174661E+002, 4.3380195E+002, 4.5921571E+002, 3.2799068E+002, 2.5409999E+002, 2.4504555E+002, 4.1100743E+000, 3.9796045E+000, 3.8796661E+000, 3.7923577E+000, 3.7799151E+000, 3.7012558E+000, 3.6581526E+000, 3.6391889E+000, 3.5699125E+000, 3.5392845E+000, 3.6410511E+000, 3.7751221E+000, 3.8807357E+000, 3.8972148E+000, 3.6507508E+000, 4.0927442E+000, 4.3082093E+000, 5.6982955E+000, 4.9873972E+000, 7.9219407E+000, 9.0013763E+000, 7.8322107E+000, 8.1471657E+000, 7.7812820E+004, 6.6068958E-001, 1.5767521E+001, 3.9714080E+001
 9.8007362E+001, 2.0000236E+001, 2.0000901E+001, 2.0006789E+001, 2.0032530E+001, 2.0060845E+001, 2.0103256E+001, 2.0165154E+001, 2.0269450E+001, 2.0457348E+001, 2.0816504E+001, 2.1601329E+001, 2.3297580E+001, 2.5914138E+001, 2.9725159E+001, 3.2661088E+002, 2.4993323E+002, 2.9267812E+002, 3.9466821E+002, 5.0171604E+002, 4.9164599E+002, 2.8227989E+002, 2.5281788E+002, 2.4218155E+002, 4.1105175E+000, 3.9950581E+000, 3.8775729E+000, 3.7912121E+000, 3.7595638E+000, 3.7628580E+000, 3.7170776E+000, 3.6416646E+000, 3.6494903E+000, 3.6448235E+000, 3.6702099E+000, 3.7853347E+000, 3.9035610E+000, 3.7811366E+000, 2.9657257E+000, 3.8132924E+000, 6.0850310E+000, 5.2838368E+000, 7.6094813E+000, 7.7484977E+000, 8.9775088E+000, 9.6833657E+000, 9.1483219E+000, 8.4040969E+004, 6.2455075E-001, 1.5992675E+001, 3.5752080E+001
 9.9007768E+001, 2.0000097E+001, 2.0001038E+001, 2.0006481E+001, 2.0032089E+001, 2.0061088E+001, 2.0106584E+001, 2.0170702E+001, 2.0269130E+001, 2.0453219E+001, 2.0814664E+001, 2.1573918E+001, 2.3166467E+001, 2.5999740E+001, 2.9373376E+001, 3.9658450E+001, 1.1136667E+002, 1.6308801E+002, 3.5558726E+002, 4.7006330E+002, 4.6282830E+002, 3.2142665E+002, 2.6413626E+002, 2.2171779E+002, 4.1312116E+000, 4.0270499E+000, 3.9154479E+000, 3.8274401E+000, 3.7898240E+000, 3.7582661E+000, 3.7642311E+000, 3.7611811E+000, 3.6829875E+000, 3.6693038E+000, 3.7882958E+000, 3.8675350E+000, 3.9370150E+000, 3.9731228E+000, 3.9781427E+000, 4.0097167E+000, 5.4312352E+000, 6.3668891E+000, 7.1237860E+000, 8.1203686E+000, 9.6330647E+000, 8.9422573E+000, 8.7408170E+000, 7.6295815E+004, 6.2689071E-001, 1.5473528E+001, 3.2965203E+001
 1.0000172E+002, 2.0000146E+001, 2.0000790E+001, 2.0006345E+001, 2.0030756E+001, 2.0058339E+001, 2.0100372E+001, 2.0165755E+001, 2.0270105E+001, 2.0453613E+001, 2.0794272E+001, 2.1577301E+001, 2.3140106E+001, 2.5582743E+001, 2.8864626E+001, 3.7133561E+001, 1.1015290E+002, 2.3106730E+002, 4.0972809E+002, 3.7848637E+002, 3.7968128E+002, 3.8029114E+002, 2.9495799E+002, 2.6390549E+002, 4.0808353E+000, 3.9366391E+000, 3.8239968E+000, 3.6947359E+000, 3.6561485E+000, 3.6308401E+000, 3.5694285E+000, 3.5582517E+000, 3.5864384E+000, 3.5856488E+000, 3.6114739E+000, 3.7485590E+000, 3.9038040E+000, 3.9951368E+000, 3.8367113E+000, 4.2158744E+000, 4.7955117E+000, 5.2274981E+000, 6.3253838E+000, 7.7776200E+000, 9.5180651E+000, 9.7954359E+000, 8.9734054E+000, 8.3846890E+004, 6.4174895E-001, 1.5126606E+001, 3.7658988E+001
 1.0100826E+002, 2.0000180E+001, 2.0000910E+001, 2.0006222E+001, 2.0030881E+001, 2.0058203E+001, 2.0102191E+001, 2.0167100E+001, 2.0274915E+001, 2.0468627E+001, 2.0836106E+001, 2.1594389E+001, 2.3188813E+001, 2.5511496E+001, 2.8759172E+001, 3.3659617E+001, 5.4934331E+001, 8.8991361E+001, 2.3454441E+002, 4.2056488E+002, 5.1827383E+002, 3.6023497E+002, 2.6823242E+002, 2.6899063E+002, 4.1134045E+000, 4.0098360E+000, 3.9111303E+000, 3.8322699E+000, 3.7688009E+000, 3.7007158E+000, 3.6922494E+000, 3.6573393E+000, 3.6385171E+000, 3.7063693E+000, 3.8377595E+000, 3.9363078E+000, 3.9956415E+000, 4.1401198E+000, 4.3034771E+000, 4.4618257E+000, 4.9052734E+000, 5.6417576E+000, 6.5544326E+000, 1.0117699E+001, 9.8443784E+000, 9.0437558E+000, 8.4799892E+000, 8.1120187E+004, 6.6221799E-001, 1.5624892E+001, 4.1234378E+001
 1.0200153E+002, 2.0000114E+001, 2.0000987E+001, 2.0006664E+001, 2.0032341E+001, 2.0061642E+001, 2.0106418E+001, 2.0175572E+001, 2.0287355E+001, 2.0490328E+001, 2.0889333E+001, 2.1698421E+001, 2.3302315E+001, 2.5600467E+001, 2.8774125E+001, 3.5353940E+001, 1.1630441E+002, 3.3384076E+002, 4.2220775E+002, 3.2438059E+002, 2.7438564E+002, 2.7680514E+002, 3.0413349E+002, 2.4854631E+002, 4.1131754E+000, 3.9940985E+000, 3.8799342E+000, 3.7801507E+000, 3.7407953E+000, 3.7031407E+000, 3.6152828E+000, 3.5997722E+000, 3.5952218E+000, 3.5823449E+000, 3.6824482E+000, 3.8502330E+000, 3.9896216E+000, 4.0918751E+000, 4.3339133E+000, 3.5345399E+000, 5.5446250E+000, 6.8084814E+000, 7.5401437E+000, 8.5498127E+000, 8.8216929E+000, 9.2159030E+000, 8.9683337E+000, 7.4165960E+004, 6.5253635E-001, 1.5346308E+001, 3.1371705E+001
 1.0300121E+002, 2.0000227E+001, 2.0000892E+001, 2.0006694E+001, 2.0033129E+001, 2.0062583E+001, 2.0109470E+001, 2.0178225E+001, 2.0291520E+001, 2.0501216E+001, 2.0893005E+001, 2.1701699E+001, 2.3297290E+001, 2.5731497E+001, 2.9002439E+001, 9.6252074E+001, 2.2829837E+002, 1.4519152E+002, 2.5752062E+002, 3.8370430E+002, 3.1946577E+002, 2.4422486E+002, 2.1378857E+002, 2.3743155E+002, 4.0794646E+000, 3.9488830E+000, 3.8373750E+000, 3.7164127E+000, 3.6726853E+000, 3.6051830E+000, 3.5858511E+000, 3.5147310E+000, 3.4466672E+000, 3.5080954E+000, 3.5976497E+000, 3.7304716E+000, 3.9112553E+000, 3.9859293E+000, 3.3250720E+000, 5.2577114E+000, 6.5377932E+000, 5.6068480E+000, 4.8624544E+000, 6.5450304E+000, 9.2716126E+000, 7.9753422E+000, 8.0977513E+000, 8.1788673E+004, 7.0894855E-001, 1.6178439E+001, 3.3526626E+001
 1.0400599E+002, 2.0000227E+001, 2.0001003E+001, 2.0006617E+001, 2.0032661E+001, 2.0062342E+001, 2.0108537E+001, 2.0178527E+001, 2.0288306E+001, 2.0489048E+001, 2.0875302E+001, 2.1688223E+001, 2.3265235E+001, 2.5857428E+001, 2.9274086E+001, 3.5301036E+001, 1.0493632E+002, 2.5705620E+002, 3.3699714E+002, 4.4108412E+002, 5.6546556E+002, 3.0202954E+002, 2.1686140E+002, 2.2141705E+002, 4.1577720E+000, 4.0564462E+000, 3.9556545E+000, 3.8627044E+000, 3.8127380E+000, 3.7972639E+000, 3.7466552E+000, 3.7191740E+000, 3.6995436E+000, 3.6524015E+000, 3.7611277E+000, 3.8990341E+000, 3.9893616E+000, 4.1519593E+000, 4.3098526E+000, 3.9925597E+000, 4.8581760E+000, 5.6474736E+000, 7.0695197E+000, 8.9171271E+000, 8.9221956E+000, 8.8313452E+000, 8.7531588E+000, 7.8723088E+004, 6.2315212E-001, 1.5396070E+001, 3.1547369E+001
 1.0500535E+002, 2.0000173E+001, 2.0001053E+001, 2.0006631E+001, 2.0032447E+001, 2.0061469E+001, 2.0106562E+001, 2.0174455E+001, 2.0285526E+001, 2.0490856E+001, 2.0853173E+001, 2.1616848E+001, 2.3246872E+001, 2.5814153E+001, 2.9542270E+001, 3.6384703E+001, 4.4823907E+001, 1.9030679E+002, 2.9018148E+002, 3.1179918E+002, 3.6947546E+002, 3.6738424E+002, 2.9782073E+002, 2.0825639E+002, 4.0853925E+000, 3.9477797E+000, 3.8384648E+000, 3.7355907E+000, 3.6815541E+000, 3.6182682E+000, 3.5800400E+000, 3.5519036E+000, 3.5168196E+000, 3.5547643E+000, 3.5732586E+000, 3.6720877E+000, 3.8579182E+000, 4.0563074E+000, 4.0390970E+000, 3.6527583E+000, 4.1222933E+000, 5.9879450E+000, 8.1237794E+000, 7.7379980E+000, 8.8798860E+000, 9.6703179E+000, 8.1364613E+000, 8.0842153E+004, 6.5224258E-001, 1.5245030E+001, 4.0981040E+001
 1.0600334E+002, 2.0000070E+001, 2.0001005E+001, 2.0006684E+001, 2.0032033E+001, 2.0060856E+001, 2.0106765E+001, 2.0176260E+001, 2.0291095E+001, 2.0485738E+001, 2.0848654E+001, 2.1597422E+001, 2.3079560E+001, 2.5740185E+001, 2.9367640E+001, 1.0670234E+002, 8.4578989E+001, 6.8095684E+001, 1.9983216E+002, 3.7898290E+002, 4.5024553E+002, 3.6074900E+002, 2.5507078E+002, 2.7049446E+002, 4.0870465E+000, 3.9470947E+000, 3.8180644E+000, 3.7211414E+000, 3.6792845E+000, 3.6274354E+000, 3.5766615E+000, 3.5107216E+000, 3.5061724E+000, 3.4838388E+000, 3.5950775E+000, 3.7161654E+000, 3.7353391E+000, 3.7289681E+000, 4.5630593E+000, 4.9204854E+000, 4.2400983E+000, 4.3927328E+000, 4.8984973E+000, 7.4798521E+000, 9.8267661E+000, 8.3673284E+000, 9.1229475E+000, 8.1920634E+004, 6.9892689E-001, 1.5032272E+001, 3.5957752E+001
 1.0700326E+002, 2.0000012E+001, 2.0000777E+001, 2.0006843E+001, 2.0033148E+001, 2.0062431E+001, 2.0108782E+001, 2.0179668E+001, 2.0294519E+001, 2.0500823E+001, 2.0880389E+001, 2.1641902E+001, 2.3188160E+001, 2.5630358E+001, 2.9015319E+001, 6.6366182E+001, 1.4086998E+002, 1.7469797E+002, 2.3020706E+002, 2.7441918E+002, 3.4076742E+002, 2.8639655E+002, 2.6012248E+002, 2.7386102E+002, 4.1312023E+000, 4.0202107E+000, 3.9086455E+000, 3.8031826E+000, 3.7709519E+000, 3.7427070E+000, 3.7113817E+000, 3.6702786E+000, 3.6224825E+000, 3.6361900E+000, 3.7278288E+000, 3.8173212E+000, 3.9114884E+000, 3.9499043E+000, 4.1549293E+000, 4.5297606E+000, 6.3019258E+000, 6.8084108E+000, 7.1542631E+000, 8.0204205E+000, 9.2342513E+000, 8.9840033E+000, 8.8957113E+000, 7.5307677E+004, 6.5302166E-001, 1.4529518E+001, 2.8830617E+001
 1.0800058E+002, 2.0000304E+001, 2.0000773E+001, 2.0006517E+001, 2.0033368E+001, 2.0063556E+001, 2.0110109E+001, 2.0181563E+001, 2.0297018E+001, 2.0504533E+001, 2.0888487E+001, 2.1683879E+001, 2.3257934E+001, 2.5814506E+001, 2.9758679E+001, 2.3001196E+002, 2.0335858E+002, 2.5410082E+002, 2.4306282E+002, 2.7276973E+002, 3.1133132E+002, 2.7420872E+002, 2.7458000E+002, 2.3838046E+002, 4.1130154E+000, 3.9998367E+000, 3.8832640E+000, 3.7697165E+000, 3.7093644E+000, 3.6736896E+000, 3.6385529E+000, 3.6162311E+000, 3.5803281E+000, 3.5763987E+000, 3.6247883E+000, 3.7603445E+000, 3.8209740E+000, 3.7213207E+000, 3.0090083E+000, 5.6865704E+000, 6.0693245E+000, 7.4781371E+000, 6.7612205E+000, 7.1170099E+000, 8.6750951E+000, 9.7188845E+000, 9.1550164E+000, 8.1306296E+004, 6.8131131E-001, 1.5311395E+001, 3.3505702E+001
 1.0900242E+002, 2.0000216E+001, 2.0001132E+001, 2.0006476E+001, 2.0032734E+001, 2.0063081E+001, 2.0111097E+001, 2.0183362E+001, 2.0298325E+001, 2.0508183E+001, 2.0888648E+001, 2.1663690E+001, 2.3237084E+001, 2.5838908E+001, 3.0042422E+001, 3.6852353E+001, 1.4555413E+002, 2.3842794E+002, 3.7752257E+002, 3.8399268E+002, 2.8225602E+002, 2.8002393E+002, 2.3720933E+002, 2.2352615E+002, 4.0799925E+000, 3.9404875E+000, 3.8445406E+000, 3.7187342E+000, 3.6530099E+000, 3.5883870E+000, 3.5290630E+000, 3.5088054E+000, 3.4902858E+000, 3.4951913E+000, 3.5849509E+000, 3.6891787E+000, 3.8470915E+000, 3.9636966E+000, 3.7520675E+000, 3.9031217E+000, 5.6125082E+000, 6.0105065E+000, 5.7847927E+000, 7.1638046E+000, 6.5533510E+000, 8.2553739E+000, 8.3478973E+000, 8.0993986E+004, 7.0751592E-001, 1.6083874E+001, 3.2479865E+001
 1.1000282E+002, 2.0000226E+001, 2.0001039E+001, 2.0007114E+001, 2.0033593E+001, 2.0064250E+001, 2.0111710E+001, 2.0182781E+001, 2.0297403E+001, 2.0503552E+001, 2.0898103E+001, 2.1708943E+001, 2.3425073E+001, 2.6161888E+001, 3.0286086E+001, 3.7957901E+001, 1.2898186E+002, 1.6521951E+002, 2.2818270E+002, 3.9504622E+002, 4.2539030E+002, 3.4334727E+002, 2.4944519E+002, 2.3564655E+002, 4.1719803E+000, 4.0758803E+000, 3.9857732E+000, 3.9281717E+000, 3.8809646E+000, 3.8257720E+000, 3.7856751E+000, 3.7208843E+000, 3.7246538E+000, 3.7355263E+000, 3.8308191E+000, 3.9376715E+000, 4.0036952E+000, 4.0742213E+000, 4.1757631E+000, 5.1226779E+000, 5.6767810E+000, 6.7507400E+000, 5.5216143E+000, 8.3259028E+000, 9.4370672E+000, 8.4299350E+000, 7.8469247E+000, 7.7217543E+004, 6.2914177E-001, 1.5273390E+001, 2.8035407E+001
 1.1100299E+002, 2.0000026E+001, 2.0001073E+001, 2.0006616E+001, 2.0033109E+001, 2.0061504E+001, 2.0108301E+001, 2.0178481E+001, 2.0291475E+001, 2.0491036E+001, 2.0866140E+001, 2.1694231E+001, 2.3173977E+001, 2.6070946E+001, 2.9757441E+001, 3.6147502E+001, 9.1829430E+001, 2.7205422E+002, 4.3981566E+002, 4.3589049E+002, 3.6279923E+002, 3.2359269E+002, 3.0071726E+002, 2.1904275E+002, 4.0546954E+000, 3.8953010E+000, 3.7668418E+000, 3.6584671E+000, 3.6307708E+000, 3.5573714E+000, 3.4806537E+000, 3.4210510E+000, 3.3368798E+000, 3.3634057E+000, 3.4503043E+000, 3.6097312E+000, 3.7478968E+000, 3.8884793E+000, 3.8045406E+000, 4.1118396E+000, 6.3602512E+000, 8.1169895E+000, 9.5749367E+000, 6.4594932E+000, 7.5961886E+000, 8.1851249E+000, 8.3786785E+000, 8.2130284E+004, 6.7951963E-001, 1.5675673E+001, 3.5945520E+001
 1.1200443E+002, 2.0000182E+001, 2.0000836E+001, 2.0006882E+001, 2.0032761E+001, 2.0062513E+001, 2.0106395E+001, 2.0171980E+001, 2.0282941E+001, 2.0487782E+001, 2.0878882E+001, 2.1700510E+001, 2.3224400E+001, 2.6033982E+001, 2.9090445E+001, 8.6941003E+001, 9.1466499E+001, 8.1050196E+001, 1.9001498E+002, 4.4050037E+002, 5.6744733E+002, 3.8951642E+002, 2.7131092E+002, 2.8293611E+002, 4.0799532E+000, 3.9774630E+000, 3.8362710E+000, 3.7245027E+000, 3.6600978E+000, 3.6837147E+000, 3.6300729E+000, 3.5738690E+000, 3.5297911E+000, 3.5190019E+000, 3.5830656E+000, 3.7383683E+000, 3.8245037E+000, 3.8257728E+000, 4.2839176E+000, 5.5378452E+000, 4.7844160E+000, 4.5317750E+000, 7.1704767E+000, 8.7997461E+000, 1.1009404E+001, 8.0207881E+000, 7.3871505E+000, 7.4712783E+004, 6.5200081E-001, 1.5393762E+001, 2.8291073E+001
 1.1300592E+002, 2.0000282E+001, 2.0000963E+001, 2.0006890E+001, 2.0034099E+001, 2.0063540E+001, 2.0109083E+001, 2.0177847E+001, 2.0283002E+001, 2.0484353E+001, 2.0878712E+001, 2.1714204E+001, 2.3360044E+001, 2.6094355E+001, 2.9102650E+001, 6.2644184E+001, 3.5110469E+002, 5.8288487E+002, 5.2946745E+002, 4.2814244E+002, 3.4748270E+002, 2.8539311E+002, 3.0357574E+002, 2.7214976E+002, 4.1375456E+000, 4.0284836E+000, 3.9463352E+000, 3.8281177E+000, 3.8021205E+000, 3.7372112E+000, 3.7413675E+000, 3.7582707E+000, 3.7082863E+000, 3.6753028E+000, 3.7285237E+000, 3.7911173E+000, 3.8785868E+000, 4.0025637E+000, 3.9078008E+000, 4.4599281E+000, 5.4981547E+000, 5.9950285E+000, 9.9262917E+000, 9.2013107E+000, 9.6593927E+000, 9.7443555E+000, 9.1076816E+000, 8.2512276E+004, 6.2889541E-001, 1.5683779E+001, 4.6968388E+001
 1.1400230E+002, 2.0000002E+001, 2.0001125E+001, 2.0006523E+001, 2.0032621E+001, 2.0062167E+001, 2.0109337E+001, 2.0177401E+001, 2.0286171E+001, 2.0475479E+001, 2.0827483E+001, 2.1608443E+001, 2.3187182E+001, 2.5750663E+001, 3.0021548E+001, 1.1027334E+002, 3.1417082E+002, 5.5741545E+002, 7.2211437E+002, 5.9181847E+002, 3.8122009E+002, 3.0225743E+002, 2.7286831E+002, 2.4407123E+002, 4.0890866E+000, 3.9313374E+000, 3.8242976E+000, 3.7118703E+000, 3.6381442E+000, 3.5920595E+000, 3.5525929E+000, 3.4926957E+000, 3.5421960E+000, 3.5550935E+000, 3.6006155E+000, 3.6825777E+000, 3.7430666E+000, 3.5742950E+000, 3.0595904E+000, 4.2350046E+000, 6.1451906E+000, 8.6025103E+000, 8.1907132E+000, 9.0521933E+000, 1.0520851E+001, 1.0587463E+001, 8.6762797E+000, 8.5565472E+004, 6.3792174E-001, 1.4856595E+001, 4.3850686E+001
 1.1500247E+002, 1.9999961E+001, 2.0000783E+001, 2.0006533E+001, 2.0030542E+001, 2.0058723E+001, 2.0102574E+001, 2.0168120E+001, 2.0273527E+001, 2.0464162E+001, 2.0854816E+001, 2.1591525E+001, 2.3058663E+001, 2.5704747E+001, 2.9412349E+001, 3.7448455E+001, 1.7907303E+002, 2.6261944E+002, 4.4769881E+002, 4.9413929E+002, 5.7048986E+002, 4.2618181E+002, 2.4530316E+002, 2.6469452E+002, 4.0841721E+000, 3.9279756E+000, 3.7874596E+000, 3.6894598E+000, 3.6450627E+000, 3.5808465E+000, 3.4931115E+000, 3.4697883E+000, 3.4253054E+000, 3.4455343E+000, 3.5824278E+000, 3.7089517E+000, 3.7707392E+000, 3.7457554E+000, 3.6003030E+000, 4.4865500E+000, 4.1130172E+000, 3.9341755E+000, 6.0553765E+000, 1.0435941E+001, 9.9609748E+000, 8.6259186E+000, 9.3257960E+000, 7.7046662E+004, 6.3367996E-001, 1.5463539E+001, 2.6530026E+001
 1.1600470E+002, 1.9999603E+001, 2.0000590E+001, 2.0006531E+001, 2.0032130E+001, 2.0059729E+001, 2.0102429E+001, 2.0167183E+001, 2.0276565E+001, 2.0489638E+001, 2.0890912E+001, 2.1697592E+001, 2.3348535E+001, 2.5971300E+001, 2.9390808E+001, 9.1010900E+001, 6.1319721E+001, 2.1438678E+002, 3.3460380E+002, 4.2677587E+002, 4.3091648E+002, 2.8733361E+002, 2.8873359E+002, 2.5898039E+002, 4.1924413E+000, 4.0854924E+000, 3.9476050E+000, 3.8621391E+000, 3.8373390E+000, 3.8024353E+000, 3.7716055E+000, 3.7066613E+000, 3.6698459E+000, 3.6995041E+000, 3.7882776E+000, 3.9251937E+000, 4.0203491E+000, 4.0412583E+000, 4.3131568E+000, 4.0276247E+000, 4.7180057E+000, 7.3276234E+000, 8.3061947E+000, 7.9583274E+000, 9.6896072E+000, 1.0052739E+001, 9.0017532E+000, 8.3345432E+004, 6.6387085E-001, 1.6322768E+001, 3.3955812E+001
 1.1700101E+002, 2.0000142E+001, 2.0000314E+001, 2.0006202E+001, 2.0033684E+001, 2.0063428E+001, 2.0107211E+001, 2.0172593E+001, 2.0286540E+001, 2.0505997E+001, 2.0921633E+001, 2.1799010E+001, 2.3401362E+001, 2.6106932E+001, 2.9716581E+001, 1.1710517E+002, 1.7126425E+002, 3.9399349E+002, 4.0939890E+002, 3.6739756E+002, 3.4692480E+002, 3.3699562E+002, 2.7440916E+002, 2.4583070E+002, 4.0592177E+000, 3.9614110E+000, 3.8640816E+000, 3.6765152E+000, 3.6225456E+000, 3.5923435E+000, 3.5418964E+000, 3.4953059E+000, 3.4483167E+000, 3.4182125E+000, 3.5046961E+000, 3.6579473E+000, 3.7756232E+000, 3.7959393E+000, 2.5333332E+000, 3.9222639E+000, 5.7248008E+000, 6.7980844E+000, 6.6617540E+000, 6.8281161E+000, 9.0462933E+000, 8.4711825E+000, 8.4855221E+000, 7.4987086E+004, 6.8743584E-001, 1.6366879E+001, 3.5180312E+001
 1.1800198E+002, 2.0000306E+001, 2.0000767E+001, 2.0005951E+001, 2.0031743E+001, 2.0061290E+001, 2.0107505E+001, 2.0173675E+001, 2.0279094E+001, 2.0478989E+001, 2.0878069E+001, 2.1745582E+001, 2.3292162E+001, 2.5846701E+001, 2.9064087E+001, 4.4825437E+001, 2.7093363E+002, 2.6045758E+002, 4.3532755E+002, 5.5105501E+002, 4.5760791E+002, 3.0518955E+002, 2.5348209E+002, 2.8544408E+002, 4.0289913E+000, 3.9271196E+000, 3.8122933E+000, 3.7174246E+000, 3.6043151E+000, 3.5224882E+000, 3.4791534E+000, 3.4622786E+000, 3.4105023E+000, 3.4280626E+000, 3.4759910E+000, 3.6203672E+000, 3.7063319E+000, 3.7789433E+000, 3.4513987E+000, 3.3994420E+000, 5.6162923E+000, 4.0481128E+000, 5.4173879E+000, 1.0069134E+001, 9.3825347E+000, 8.0653428E+000, 8.1621570E+000, 8.1908374E+004, 6.7960455E-001, 1.5595391E+001, 2.9711066E+001
 1.1900381E+002, 2.0000222E+001, 2.0001176E+001, 2.0006227E+001, 2.0031416E+001, 2.0059904E+001, 2.0103210E+001, 2.0170664E+001, 2.0281428E+001, 2.0483599E+001, 2.0883044E+001, 2.1716959E+001, 2.3310903E+001, 2.5741760E+001, 2.8793698E+001, 6.3420588E+001, 2.7675553E+002, 3.3473767E+002, 4.2914588E+002, 4.1459186E+002, 4.1808517E+002, 2.7741667E+002, 2.8324470E+002, 2.6900467E+002, 4.1105568E+000, 4.0079568E+000, 3.9752157E+000, 3.8764713E+000, 3.8655914E+000, 3.7984666E+000, 3.7094675E+000, 3.6598007E+000, 3.6738321E+000, 3.6712271E+000, 3.7673306E+000, 3.8486156E+000, 3.9129600E+000, 4.0274192E+000, 3.8018983E+000, 5.0480706E+000, 5.5946253E+000, 4.6959764E+000, 7.9884871E+000, 8.1806238E+000, 8.3723565E+000, 1.0070673E+001, 9.1207038E+000, 7.9915274E+004, 6.3427609E-001, 1.5035525E+001, 2.6386154E+001
 1.2000173E+002, 2.0000285E+001, 2.0001119E+001, 2.0007223E+001, 2.0032097E+001, 2.0060675E+001, 2.0106285E+001, 2.0173849E+001, 2.0289641E+001, 2.0509372E+001, 2.0928732E+001, 2.1759398E+001, 2.3341417E+001, 2.5961280E+001, 3.0121815E+001, 1.8898422E+002, 2.5275798E+002, 2.8943861E+002, 2.6316052E+002, 3.1947958E+002, 3.4615146E+002, 3.1693499E+002, 2.6737237E+002, 2.0578878E+002, 4.1081820E+000, 3.9793184E+000, 3.8876765E+000, 3.8809579E+000, 3.8129061E+000, 3.7878014E+000, 3.7788279E+000, 3.6650381E+000, 3.6011396E+000, 3.6439264E+000, 3.7375222E+000, 3.8406810E+000, 3.9331777E+000, 3.7533725E+000, 3.1873441E+000, 5.5548835E+000, 3.9071766E+000, 5.6656435E+000, 6.7873298E+000, 7.0394249E+000, 9.4377353E+000, 9.6534177E+000, 8.0558546E+000, 7.8829834E+004, 6.9206670E-001, 1.6524316E+001, 3.5465914E+001
 1.2100682E+002, 2.0000317E+001, 2.0001112E+001, 2.0007336E+001, 2.0034784E+001, 2.0063856E+001, 2.0108173E+001, 2.0177264E+001, 2.0287300E+001, 2.0489179E+001, 2.0897564E+001, 2.1748633E+001, 2.3325905E+001, 2.6001070E+001, 2.9694642E+001, 4.3156017E+001, 1.5775667E+002, 2.6593031E+002, 3.4467605E+002, 3.1992840E+002, 3.0714703E+002, 3.1209227E+002, 2.2510404E+002, 2.5588139E+002, 4.0269803E+000, 3.8567955E+000, 3.6938454E+000, 3.5929694E+000, 3.6014437E+000, 3.5720291E+000, 3.4599083E+000, 3.4946731E+000, 3.3973007E+000, 3.3306432E+000, 3.3890140E+000, 3.5685474E+000, 3.6857819E+000, 3.6421708E+000, 3.3794775E+000, 4.3699093E+000, 6.8771982E+000, 7.9807477E+000, 7.3029172E+000, 8.0703809E+000, 9.8177911E+000, 8.5775812E+000, 7.9462101E+000, 8.1092616E+004, 7.1937981E-001, 1.6852090E+001, 3.4644838E+001
 1.2200403E+002, 2.0000088E+001, 2.0001252E+001, 2.0007204E+001, 2.0035158E+001, 2.0065974E+001, 2.0111446E+001, 2.0177644E+001, 2.0284063E+001, 2.0486359E+001, 2.0874006E+001, 2.1708274E+001, 2.3294578E+001, 2.5913940E+001, 2.9178373E+001, 5.3620444E+001, 1.4628713E+002, 2.7289766E+002, 3.6942602E+002, 4.5149291E+002, 3.9830329E+002, 2.8722917E+002, 2.2854698E+002, 2.6061467E+002, 4.0832311E+000, 3.9032147E+000, 3.7836065E+000, 3.6426663E+000, 3.5965857E+000, 3.5937661E+000, 3.5921165E+000, 3.5147488E+000, 3.5132824E+000, 3.5751984E+000, 3.5636739E+000, 3.6314485E+000, 3.7097401E+000, 3.8074575E+000, 3.9558695E+000, 4.7397217E+000, 5.1433879E+000, 4.4503827E+000, 7.7689176E+000, 9.6625689E+000, 8.9989539E+000, 8.6083387E+000, 8.8135288E+000, 7.7305995E+004, 6.3783327E-001, 1.5429277E+001, 2.2482289E+001
 1.2300052E+002, 2.0000005E+001, 2.0001001E+001, 2.0007762E+001, 2.0035754E+001, 2.0067285E+001, 2.0114942E+001, 2.0181627E+001, 2.0286033E+001, 2.0495465E+001, 2.0912291E+001, 2.1713311E+001, 2.3265102E+001, 2.5903064E+001, 2.9387388E+001, 4.6917745E+001, 1.8587622E+002, 3.5277683E+002, 5.5143240E+002, 5.0101494E+002, 3.9685378E+002, 3.0009797E+002, 3.2475205E+002, 2.4454548E+002, 4.1840087E+000, 4.0914484E+000, 3.9507534E+000, 3.8605335E+000, 3.7941103E+000, 3.7690407E+000, 3.7823902E+000, 3.8118612E+000, 3.7801318E+000, 3.7526495E+000, 3.9073061E+000, 3.9745790E+000, 3.9940203E+000, 4.0365625E+000, 3.8532523E+000, 2.7186609E+000, 3.3281656E+000, 4.3254556E+000, 8.1963154E+000, 9.5547189E+000, 9.0960623E+000, 1.0266064E+001, 9.4762167E+000, 7.4986131E+004, 6.2675677E-001, 1.5017846E+001, 3.0045975E+001
 1.2400057E+002, 2.0000254E+001, 2.0000782E+001, 2.0007064E+001, 2.0035108E+001, 2.0064753E+001, 2.0111682E+001, 2.0180419E+001, 2.0290809E+001, 2.0485718E+001, 2.0854764E+001, 2.1668253E+001, 2.3202595E+001, 2.5545302E+001, 2.9097005E+001, 3.6105188E+001, 8.4801293E+001, 1.9757540E+002, 3.4577172E+002, 3.6440651E+002, 3.5106576E+002, 3.1209953E+002, 2.6451325E+002, 2.7101476E+002, 4.0977173E+000, 3.9837691E+000, 3.8474409E+000, 3.7052513E+000, 3.6641717E+000, 3.5708527E+000, 3.5204283E+000, 3.5106988E+000, 3.5404508E+000, 3.5685191E+000, 3.5750588E+000, 3.7578687E+000, 3.8926693E+000, 3.9214209E+000, 3.8355759E+000, 4.2618599E+000, 4.5997959E+000, 4.4876184E+000, 4.6050835E+000, 8.4571272E+000, 9.8287318E+000, 9.1823088E+000, 8.9595793E+000, 8.7205283E+004, 6.7521121E-001, 1.6064888E+001, 4.3559621E+001
 1.2500383E+002, 2.0000413E+001, 2.0001075E+001, 2.0006499E+001, 2.0034588E+001, 2.0066245E+001, 2.0113626E+001, 2.0182208E+001, 2.0297082E+001, 2.0503298E+001, 2.0892122E+001, 2.1695368E+001, 2.3233530E+001, 2.6036899E+001, 2.9674510E+001, 1.1847881E+002, 2.4115274E+002, 3.9530804E+002, 4.7105689E+002, 3.3043350E+002, 2.9885954E+002, 2.6541181E+002, 2.3580649E+002, 2.8275635E+002, 4.0129120E+000, 3.8882147E+000, 3.7863420E+000, 3.5997216E+000, 3.5204435E+000, 3.4971995E+000, 3.3925039E+000, 3.3120048E+000, 3.2804291E+000, 3.3449326E+000, 3.4788865E+000, 3.5707444E+000, 3.5454980E+000, 3.5047805E+000, 2.8964035E+000, 4.9897438E+000, 3.4540972E+000, 3.3930319E+000, 5.5549678E+000, 9.0181284E+000, 7.1509108E+000, 7.6278402E+000, 8.5856821E+000, 7.9344686E+004, 7.2121709E-001, 1.6166220E+001, 3.9124487E+001
 1.2600678E+002, 2.0000276E+001, 2.0001262E+001, 2.0007294E+001, 2.0033923E+001, 2.0065496E+001, 2.0114541E+001, 2.0186256E+001, 2.0296555E+001, 2.0506839E+001, 2.0911541E+001, 2.1713105E+001, 2.3242369E+001, 2.5756924E+001, 2.9728694E+001, 3.7598673E+001, 2.2646899E+002, 3.4303294E+002, 4.4950659E+002, 5.6547596E+002, 5.0733145E+002, 3.0581048E+002, 2.7087235E+002, 2.3022946E+002, 4.1193049E+000, 3.9911575E+000, 3.9154204E+000, 3.8400055E+000, 3.7474971E+000, 3.6726970E+000, 3.6228219E+000, 3.5899050E+000, 3.5258853E+000, 3.5211088E+000, 3.6443832E+000, 3.8236888E+000, 3.9113571E+000, 3.9146317E+000, 3.8615305E+000, 3.2387315E+000, 6.3772706E+000, 7.1156553E+000, 6.2967750E+000, 7.5352884E+000, 8.9552738E+000, 9.3799310E+000, 8.3409149E+000, 8.0774342E+004, 6.3709165E-001, 1.5121412E+001, 2.0935757E+001
 1.2700102E+002, 2.0000428E+001, 2.0001210E+001, 2.0007186E+001, 2.0033863E+001, 2.0063149E+001, 2.0110065E+001, 2.0183643E+001, 2.0303170E+001, 2.0517400E+001, 2.0908534E+001, 2.1731816E+001, 2.3303896E+001, 2.6030426E+001, 2.9906924E+001, 4.3929850E+001, 8.1463606E+001, 2.9023148E+002, 3.3974661E+002, 3.6593945E+002, 3.7414419E+002, 3.6876195E+002, 3.2691703E+002, 2.5009149E+002, 4.1134956E+000, 4.0036195E+000, 3.8970365E+000, 3.8356304E+000, 3.8119306E+000, 3.7257748E+000, 3.6544965E+000, 3.6026190E+000, 3.5887647E+000, 3.5621533E+000, 3.6016130E+000, 3.7234229E+000, 3.8732465E+000, 4.0615789E+000, 4.1338880E+000, 4.0860580E+000, 4.7247690E+000, 7.5905959E+000, 9.0932171E+000, 8.3257779E+000, 1.0097602E+001, 9.8970037E+000, 9.4586848E+000, 8.2014502E+004, 6.5618061E-001, 1.4986171E+001, 3.4025877E+001
 1.2800532E+002, 2.0000071E+001, 2.0001340E+001, 2.0007053E+001, 2.0032922E+001, 2.0061696E+001, 2.0106291E+001, 2.0173012E+001, 2.0287935E+001, 2.0495786E+001, 2.0884810E+001, 2.1689662E+001, 2.3229847E+001, 2.6229312E+001, 2.9978841E+001, 3.6813114E+001, 1.1027537E+002, 3.0110434E+002, 4.1296090E+002, 4.0222254E+002, 4.5345352E+002, 4.3077827E+002, 2.8799343E+002, 2.8003974E+002, 4.1423621E+000, 3.9796670E+000, 3.8672693E+000, 3.7833077E+000, 3.7597493E+000, 3.7452918E+000, 3.6899762E+000, 3.5953898E+000, 3.5308919E+000, 3.5477573E+000, 3.6422639E+000, 3.7319785E+000, 3.8439790E+000, 3.9320665E+000, 3.7473630E+000, 3.5601523E+000, 4.6286292E+000, 4.8747537E+000, 6.5091704E+000, 8.2628473E+000, 8.9368346E+000, 8.4577009E+000, 9.6700514E+000, 8.1121612E+004, 6.4371590E-001, 1.4830986E+001, 4.1318741E+001
 1.2900453E+002, 1.9999969E+001, 2.0000877E+001, 2.0007258E+001, 2.0033906E+001, 2.0063132E+001, 2.0108505E+001, 2.0174187E+001, 2.0279124E+001, 2.0476023E+001, 2.0867091E+001, 2.1671570E+001, 2.3320209E+001, 2.6130278E+001, 2.9225739E+001, 9.9900236E+001, 7.1112179E+001, 2.9317708E+002, 4.1373709E+002, 4.9089303E+002, 4.5361291E+002, 3.0599902E+002, 3.2541451E+002, 3.2936905E+002, 4.0586403E+000, 3.9023586E+000, 3.7341180E+000, 3.5904512E+000, 3.5614582E+000, 3.5146318E+000, 3.4887541E+000, 3.4757046E+000, 3.3888529E+000, 3.3246283E+000, 3.3893820E+000, 3.5533053E+000, 3.6485988E+000, 3.7232010E+000, 3.8871361E+000, 4.1726370E+000, 1.8031485E+000, 1.9507254E+000, 5.7802899E+000, 9.4407205E+000, 9.5070067E+000, 7.9680934E+000, 8.4333795E+000, 7.7115632E+004, 6.4726770E-001, 1.5249913E+001, 3.4142277E+001
 1.3000309E+002, 2.0000157E+001, 2.0000711E+001, 2.0007030E+001, 2.0034562E+001, 2.0064890E+001, 2.0111800E+001, 2.0180526E+001, 2.0286628E+001, 2.0476693E+001, 2.0839010E+001, 2.1660841E+001, 2.3414679E+001, 2.6058267E+001, 2.9370514E+001, 4.2975973E+001, 1.6808369E+002, 2.3274444E+002, 3.1416950E+002, 3.9467394E+002, 4.5109757E+002, 3.6315406E+002, 3.0192659E+002, 2.7795026E+002, 4.1638361E+000, 4.0768009E+000, 3.9326473E+000, 3.8398809E+000, 3.7783725E+000, 3.7459808E+000, 3.7289103E+000, 3.6984269E+000, 3.7210165E+000, 3.7316978E+000, 3.7606135E+000, 3.8482075E+000, 3.9272321E+000, 4.0664976E+000, 4.2988905E+000, 4.2967625E+000, 5.1692996E+000, 5.9923378E+000, 5.1203534E+000, 7.0612895E+000, 1.0865135E+001, 1.1224998E+001, 9.1554801E+000, 7.9720977E+004, 6.0768685E-001, 1.5140461E+001, 3.0502183E+001
 1.3100636E+002, 2.0000241E+001, 2.0000893E+001, 2.0006264E+001, 2.0034038E+001, 2.0065213E+001, 2.0111373E+001, 2.0180993E+001, 2.0289149E+001, 2.0494373E+001, 2.0867614E+001, 2.1710358E+001, 2.3398598E+001, 2.5916624E+001, 2.9682464E+001, 4.0688120E+001, 3.3083132E+002, 3.9672473E+002, 3.8619981E+002, 3.6741583E+002, 3.6410313E+002, 3.0919405E+002, 2.6391580E+002, 2.3910151E+002, 4.1212910E+000, 3.9985476E+000, 3.9206841E+000, 3.7274361E+000, 3.6938118E+000, 3.6610170E+000, 3.5982104E+000, 3.5874341E+000, 3.5596680E+000, 3.5995213E+000, 3.6995525E+000, 3.7841561E+000, 3.8721432E+000, 3.8892796E+000, 3.5637686E+000, 3.0640998E+000, 5.6148054E+000, 7.9508969E+000, 8.3904109E+000, 7.6832979E+000, 9.6002284E+000, 8.5056953E+000, 8.9206655E+000, 7.8863585E+004, 6.4091009E-001, 1.5444033E+001, 3.6962428E+001
 1.3200050E+002, 2.0000167E+001, 2.0001100E+001, 2.0006745E+001, 2.0032383E+001, 2.0062653E+001, 2.0111662E+001, 2.0180694E+001, 2.0290610E+001, 2.0478028E+001, 2.0851469E+001, 2.1716386E+001, 2.3281655E+001, 2.5871334E+001, 2.9537704E+001, 6.5047337E+001, 2.1378187E+002, 2.8365215E+002, 4.6787125E+002, 4.8014034E+002, 4.4689377E+002, 3.5388124E+002, 2.4923966E+002, 2.3679806E+002, 4.0690370E+000, 3.9357189E+000, 3.8190637E+000, 3.7292903E+000, 3.6138913E+000, 3.5009331E+000, 3.4914975E+000, 3.4374588E+000, 3.4405192E+000, 3.4476842E+000, 3.5351825E+000, 3.6999456E+000, 3.7726339E+000, 3.6754067E+000, 3.1330175E+000, 5.2733700E+000, 6.0166084E+000, 5.0416838E+000, 6.6893836E+000, 9.7914639E+000, 1.0138821E+001, 8.9818052E+000, 8.2978594E+000, 8.3530641E+004, 6.6896851E-001, 1.4663806E+001, 3.9478228E+001
 1.3300317E+002, 2.0000107E+001, 2.0000996E+001, 2.0007070E+001, 2.0033084E+001, 2.0061638E+001, 2.0106189E+001, 2.0175460E+001, 2.0288418E+001, 2.0479959E+001, 2.0873909E+001, 2.1677466E+001, 2.3259759E+001, 2.5893278E+001, 2.9173366E+001, 3.6938491E+001, 2.3360447E+002, 4.0101775E+002, 5.0024234E+002, 5.3650889E+002, 5.1473676E+002, 3.2464951E+002, 2.7421841E+002, 2.6489463E+002, 4.1252529E+000, 4.0144978E+000, 3.9166947E+000, 3.8240333E+000, 3.8009805E+000, 3.7376259E+000, 3.6165535E+000, 3.5725617E+000, 3.5602189E+000, 3.5824479E+000, 3.7270041E+000, 3.8092125E+000, 3.9012880E+000, 3.9885619E+000, 4.0537034E+000, 3.3887908E+000, 4.9405486E+000, 4.6132403E+000, 7.4944073E+000, 1.0871885E+001, 9.7495684E+000, 9.9134535E+000, 9.2360272E+000, 8.0518633E+004, 6.3272836E-001, 1.4658185E+001, 2.9896901E+001
 1.3400579E+002, 2.0000207E+001, 2.0000979E+001, 2.0007241E+001, 2.0035275E+001, 2.0065936E+001, 2.0112983E+001, 2.0183834E+001, 2.0301133E+001, 2.0524584E+001, 2.0938531E+001, 2.1788002E+001, 2.3324152E+001, 2.5923841E+001, 2.9962915E+001, 1.0095290E+002, 2.6060375E+002, 2.7438324E+002, 2.6764177E+002, 3.0547192E+002, 3.9994630E+002, 3.3064069E+002, 2.8493991E+002, 2.3129863E+002, 4.1357456E+000, 4.0414166E+000, 3.9191911E+000, 3.8497143E+000, 3.8053498E+000, 3.7845535E+000, 3.7559856E+000, 3.6536536E+000, 3.5635599E+000, 3.6056347E+000, 3.6772180E+000, 3.8751088E+000, 3.9935189E+000, 4.0368838E+000, 3.8216806E+000, 4.6039799E+000, 5.6916522E+000, 6.9555952E+000, 6.8539089E+000, 6.4654404E+000, 1.0224042E+001, 9.7710978E+000, 9.0392779E+000, 7.9040584E+004, 6.9878162E-001, 1.5600042E+001, 3.5654224E+001
 1.3500051E+002, 2.0000122E+001, 2.0001078E+001, 2.0006841E+001, 2.0034161E+001, 2.0064792E+001, 2.0111817E+001, 2.0183342E+001, 2.0296226E+001, 2.0507348E+001, 2.0913553E+001, 2.1766004E+001, 2.3273522E+001, 2.5930789E+001, 2.9894860E+001, 3.6463244E+001, 8.7911733E+001, 1.3594960E+002, 2.1724521E+002, 3.4463973E+002, 4.0422004E+002, 3.7575215E+002, 2.8226625E+002, 2.6229699E+002, 4.0329985E+000, 3.8676776E+000, 3.7530109E+000, 3.6058218E+000, 3.5576174E+000, 3.5218510E+000, 3.4530533E+000, 3.4313442E+000, 3.3487208E+000, 3.2427207E+000, 3.3128929E+000, 3.4628433E+000, 3.6345250E+000, 3.7523408E+000, 3.6215390E+000, 3.9079198E+000, 5.1305902E+000, 6.8345302E+000, 6.9791512E+000, 7.9630923E+000, 9.3750371E+000, 8.7739667E+000, 8.8142855E+000, 8.0751975E+004, 6.8297827E-001, 1.5524878E+001, 3.2250420E+001
 1.3600725E+002, 2.0000077E+001, 2.0000979E+001, 2.0007117E+001, 2.0033586E+001, 2.0063722E+001, 2.0111479E+001, 2.0180859E+001, 2.0290723E+001, 2.0496258E+001, 2.0904433E+001, 2.1716522E+001, 2.3327605E+001, 2.6130457E+001, 2.9800442E+001, 3.5740091E+001, 4.9123477E+001, 1.3976774E+002, 2.4381693E+002, 4.2429526E+002, 4.2036968E+002, 3.1509884E+002, 2.6876810E+002, 2.8863292E+002, 4.1095517E+000, 3.9796250E+000, 3.8835824E+000, 3.7820648E+000, 3.7288444E+000, 3.6834826E+000, 3.6647845E+000, 3.6201405E+000, 3.6077338E+000, 3.6079281E+000, 3.6248192E+000, 3.6807533E+000, 3.7800556E+000, 3.9145477E+000, 4.1820931E+000, 3.9727991E+000, 3.8723397E+000, 4.2831811E+000, 6.7131565E+000, 8.4794151E+000, 9.1668242E+000, 8.1395270E+000, 8.7307777E+000, 7.2412815E+004, 6.1827027E-001, 1.4453534E+001, 2.9929145E+001
 1.3700211E+002, 2.0000018E+001, 2.0000842E+001, 2.0007045E+001, 2.0033934E+001, 2.0063111E+001, 2.0108442E+001, 2.0177360E+001, 2.0291984E+001, 2.0499494E+001, 2.0896681E+001, 2.1697124E+001, 2.3338972E+001, 2.5858895E+001, 2.9500690E+001, 4.5326899E+001, 1.1599412E+002, 4.2215585E+002, 4.9348464E+002, 4.4072916E+002, 3.4686558E+002, 3.0900585E+002, 2.7928079E+002, 2.4365967E+002, 4.1347819E+000, 4.0425965E+000, 3.9291737E+000, 3.8682105E+000, 3.8220265E+000, 3.7564183E+000, 3.6988969E+000, 3.6705883E+000, 3.6699543E+000, 3.6853255E+000, 3.7623105E+000, 3.8373269E+000, 3.9014760E+000, 4.0762799E+000, 3.9606016E+000, 3.6350920E+000, 3.8551995E+000, 4.7140033E+000, 8.9738407E+000, 8.5054353E+000, 8.8835901E+000, 9.0022430E+000, 7.6913079E+000, 8.0662573E+004, 6.2361255E-001, 1.5124706E+001, 3.0135330E+001
 1.3800065E+002, 2.0000179E+001, 2.0000828E+001, 2.0006528E+001, 2.0033533E+001, 2.0063591E+001, 2.0108460E+001, 2.0176326E+001, 2.0284683E+001, 2.0487232E+001, 2.0851062E+001, 2.1608449E+001, 2.3169927E+001, 2.5611984E+001, 2.9634064E+001, 2.9514200E+002, 2.4198848E+002, 1.7554680E+002, 2.9494808E+002, 3.6718827E+002, 4.3701778E+002, 3.3906391E+002, 2.6834718E+002, 2.4268130E+002, 4.0460948E+000, 3.9128168E+000, 3.7890355E+000, 3.6440938E+000, 3.6053845E+000, 3.5804583E+000, 3.4887998E+000, 3.4350259E+000, 3.3806403E+000, 3.4209639E+000, 3.5099240E+000, 3.6451429E+000, 3.6966690E+000, 3.3846432E+000, 2.0460984E+000, 6.0023791E+000, 7.0592837E+000, 6.8054308E+000, 6.4721157E+000, 8.7920262E+000, 9.5841600E+000, 7.8554245E+000, 7.8879115E+000, 8.3110130E+004, 6.5138509E-001, 1.4450086E+001, 3.9898495E+001
 1.3900413E+002, 2.0000154E+001, 2.0000960E+001, 2.0006643E+001, 2.0032665E+001, 2.0062797E+001, 2.0109753E+001, 2.0177354E+001, 2.0283859E+001, 2.0477084E+001, 2.0854024E+001, 2.1659296E+001, 2.3189570E+001, 2.5752164E+001, 2.9879428E+001, 9.8846859E+001, 3.6334237E+002, 4.0237351E+002, 2.6096055E+002, 3.0335720E+002, 3.6541756E+002, 3.6976353E+002, 2.5911846E+002, 2.4674551E+002, 4.1395473E+000, 4.0323674E+000, 3.9408188E+000, 3.8480022E+000, 3.7932867E+000, 3.7451202E+000, 3.7543526E+000, 3.7182552E+000, 3.6737968E+000, 3.6675778E+000, 3.7636246E+000, 3.9019602E+000, 3.9716804E+000, 4.0505890E+000, 3.0444060E+000, 2.9448235E+000, 5.3106248E+000, 7.3036152E+000, 8.2600582E+000, 1.0707621E+001, 1.0980466E+001, 9.8587705E+000, 9.3246401E+000, 8.3825693E+004, 6.2682230E-001, 1.5158868E+001, 3.1600899E+001
 1.4000695E+002, 2.0000255E+001, 2.0000976E+001, 2.0006909E+001, 2.0033494E+001, 2.0063041E+001, 2.0110512E+001, 2.0182917E+001, 2.0301393E+001, 2.0509029E+001, 2.0903321E+001, 2.1705894E+001, 2.3380911E+001, 2.6544844E+001, 3.0332754E+001, 3.7393287E+001, 2.0455407E+002, 3.6193235E+002, 4.3638209E+002, 4.5165609E+002, 4.2509307E+002, 3.5003064E+002, 3.5860318E+002, 2.7690351E+002, 4.0960800E+000, 3.9929262E+000, 3.8817200E+000, 3.7821756E+000, 3.7393618E+000, 3.6825288E+000, 3.6250197E+000, 3.6199607E+000, 3.6360318E+000, 3.6059553E+000, 3.6642003E+000, 3.7638999E+000, 3.9532997E+000, 4.1884018E+000, 4.1306960E+000, 2.9656859E+000, 4.1090691E+000, 6.1175693E+000, 9.0305458E+000, 1.1190518E+001, 1.0773190E+001, 1.0488807E+001, 9.1773567E+000, 8.0403903E+004, 6.6767638E-001, 1.6043008E+001, 3.6100147E+001
 1.4100058E+002, 2.0000301E+001, 2.0001011E+001, 2.0006664E+001, 2.0033079E+001, 2.0062733E+001, 2.0109573E+001, 2.0180927E+001, 2.0298954E+001, 2.0508386E+001, 2.0912120E+001, 2.1768472E+001, 2.3527069E+001, 2.6457143E+001, 3.0649000E+001, 5.4688851E+001, 2.4049582E+002, 2.1171889E+002, 2.5157966E+002, 3.3880863E+002, 3.8522422E+002, 3.9417296E+002, 3.3820897E+002, 2.7874283E+002, 4.0457979E+000, 3.8886568E+000, 3.7753618E+000, 3.6685357E+000, 3.6102845E+000, 3.5719966E+000, 3.4965346E+000, 3.4394366E+000, 3.3818307E+000, 3.4506906E+000, 3.5312525E+000, 3.6477523E+000, 3.7172247E+000, 3.6216451E+000, 3.2001696E+000, 4.4522755E+000, 4.1401316E+000, 4.5617105E+000, 4.9300329E+000, 7.5916052E+000, 1.0045638E+001, 1.0504336E+001, 9.2127299E+000, 7.6627692E+004, 7.0241538E-001, 1.5431168E+001, 4.1103208E+001
 1.4200338E+002, 2.0000441E+001, 2.0001164E+001, 2.0006898E+001, 2.0033685E+001, 2.0063651E+001, 2.0109755E+001, 2.0178358E+001, 2.0288390E+001, 2.0496212E+001, 2.0921583E+001, 2.1805096E+001, 2.3543273E+001, 2.6264547E+001, 2.9801671E+001, 3.7917413E+001, 1.4280842E+002, 2.5586051E+002, 4.4869683E+002, 5.1305255E+002, 5.0312614E+002, 3.0390259E+002, 3.0337262E+002, 3.3234193E+002, 4.0999604E+000, 4.0065537E+000, 3.9109172E+000, 3.8383141E+000, 3.7834288E+000, 3.7716071E+000, 3.7269527E+000, 3.6895592E+000, 3.6462510E+000, 3.6363215E+000, 3.7443114E+000, 3.9017971E+000, 3.9861969E+000, 4.0643012E+000, 4.0917761E+000, 3.9653836E+000, 5.1811660E+000, 6.6947221E+000, 8.3016079E+000, 1.0589099E+001, 8.1447877E+000, 8.5725245E+000, 9.7756106E+000, 8.4299955E+004, 6.1464576E-001, 1.4813361E+001, 2.9381593E+001
 1.4300479E+002, 2.0000264E+001, 2.0001331E+001, 2.0007233E+001, 2.0033864E+001, 2.0064288E+001, 2.0111655E+001, 2.0182577E+001, 2.0295385E+001, 2.0511225E+001, 2.0926067E+001, 2.1817295E+001, 2.3579155E+001, 2.6278952E+001, 3.0172389E+001, 4.2527067E+001, 1.2583238E+002, 2.7495471E+002, 3.7189598E+002, 4.5529772E+002, 4.6920104E+002, 3.3514430E+002, 2.8789426E+002, 2.4568148E+002, 4.1133991E+000, 3.9739590E+000, 3.8868645E+000, 3.8113443E+000, 3.7794451E+000, 3.7203385E+000, 3.6943097E+000, 3.6745359E+000, 3.6448248E+000, 3.6287689E+000, 3.6804981E+000, 3.7794522E+000, 3.9638636E+000, 4.1046952E+000, 3.6804162E+000, 3.9646957E+000, 4.9201678E+000, 5.5735985E+000, 6.8803519E+000, 8.8575072E+000, 1.0365350E+001, 1.0445684E+001, 8.1531453E+000, 7.9469399E+004, 6.5158745E-001, 1.5700971E+001, 3.3238690E+001
 1.4400621E+002, 2.0000221E+001, 2.0001148E+001, 2.0007152E+001, 2.0033587E+001, 2.0062927E+001, 2.0109462E+001, 2.0180230E+001, 2.0297665E+001, 2.0508441E+001, 2.0910626E+001, 2.1746829E+001, 2.3512303E+001, 2.6392072E+001, 3.0896137E+001, 5.7824916E+001, 1.3638264E+002, 2.9817770E+002, 2.9283471E+002, 3.7232992E+002, 4.5787612E+002, 4.1798326E+002, 3.1613369E+002, 2.7695498E+002, 4.0781775E+000, 3.9435867E+000, 3.8128069E+000, 3.6934790E+000, 3.6782067E+000, 3.6417297E+000, 3.6015554E+000, 3.5272903E+000, 3.5470230E+000, 3.5454579E+000, 3.6249894E+000, 3.7130584E+000, 3.7609495E+000, 3.7065942E+000, 3.7115471E+000, 4.7334285E+000, 6.1759323E+000, 6.2121609E+000, 6.5090103E+000, 8.9117068E+000, 1.0519795E+001, 9.5565736E+000, 8.9318963E+000, 8.1839310E+004, 6.9101519E-001, 1.6119610E+001, 4.1666274E+001
 1.4500625E+002, 2.0000230E+001, 2.0001039E+001, 2.0006957E+001, 2.0032638E+001, 2.0061632E+001, 2.0107600E+001, 2.0174754E+001, 2.0289174E+001, 2.0504228E+001, 2.0910807E+001, 2.1779890E+001, 2.3379614E+001, 2.6393175E+001, 3.0139944E+001, 4.1058668E+001, 2.4127399E+002, 3.1358014E+002, 4.1104641E+002, 4.0359335E+002, 3.7117819E+002, 2.9146773E+002, 2.8612608E+002, 3.1468700E+002, 4.0764702E+000, 3.9512127E+000, 3.8264459E+000, 3.7086612E+000, 3.6540385E+000, 3.6100086E+000, 3.5975845E+000, 3.5574458E+000, 3.4973062E+000, 3.5201358E+000, 3.6251767E+000, 3.7340837E+000, 3.7839191E+000, 3.7104151E+000, 3.8066616E+000, 3.2940799E+000, 5.9823290E+000, 9.1245254E+000, 9.6620488E+000, 8.5854138E+000, 7.9433847E+000, 8.3471734E+000, 9.2743728E+000, 7.7783661E+004, 6.1234273E-001, 1.4840082E+001, 3.4774505E+001
 1.4600323E+002, 2.0000213E+001, 2.0000979E+001, 2.0006364E+001, 2.0031213E+001, 2.0058816E+001, 2.0101195E+001, 2.0168249E+001, 2.0276580E+001, 2.0488121E+001, 2.0903729E+001, 2.1749274E+001, 2.3442388E+001, 2.6136000E+001, 2.9324723E+001, 4.4972529E+001, 1.3704548E+002, 3.8479182E+002, 5.6207325E+002, 5.4058868E+002, 4.8270265E+002, 3.6029564E+002, 2.3245874E+002, 2.3762807E+002, 4.1359834E+000, 4.0284542E+000, 3.9151697E+000, 3.7894501E+000, 3.7420750E+000, 3.7039953E+000, 3.6596405E+000, 3.6664271E+000, 3.6546650E+000, 3.6448869E+000, 3.7284894E+000, 3.8678188E+000, 3.9183975E+000, 3.9901572E+000, 4.0431611E+000, 3.9330348E+000, 4.5558993E+000, 6.5374449E+000, 1.0289930E+001, 1.0605646E+001, 1.0328103E+001, 8.3658839E+000, 7.7167639E+000, 7.6447224E+004, 5.9067527E-001, 1.4338392E+001, 3.4962456E+001
 1.4700382E+002, 2.0000211E+001, 2.0000980E+001, 2.0006378E+001, 2.0030802E+001, 2.0058047E+001, 2.0100258E+001, 2.0163536E+001, 2.0275303E+001, 2.0490479E+001, 2.0905694E+001, 2.1782979E+001, 2.3446403E+001, 2.6073801E+001, 2.9607013E+001, 8.2165566E+001, 2.3619751E+002, 2.7746330E+002, 4.4555828E+002, 4.8541420E+002, 3.8318173E+002, 3.3623757E+002, 2.9098955E+002, 2.5761903E+002, 4.1065852E+000, 3.9716557E+000, 3.8665703E+000, 3.7543618E+000, 3.6971475E+000, 3.6050972E+000, 3.5773506E+000, 3.5234494E+000, 3.5114727E+000, 3.5447166E+000, 3.6082909E+000, 3.7028952E+000, 3.8628939E+000, 3.8508674E+000, 3.7249101E+000, 4.6301030E+000, 6.3394570E+000, 8.6889113E+000, 8.0110319E+000, 9.7762102E+000, 1.0812750E+001, 9.5120498E+000, 8.4538955E+000, 8.2344829E+004, 6.5048874E-001, 1.5712212E+001, 3.2689158E+001
 1.4800683E+002, 2.0000023E+001, 2.0001088E+001, 2.0006677E+001, 2.0031783E+001, 2.0060067E+001, 2.0103933E+001, 2.0167903E+001, 2.0273263E+001, 2.0471922E+001, 2.0881426E+001, 2.1706762E+001, 2.3351967E+001, 2.6117780E+001, 2.9543471E+001, 3.8761894E+001, 2.3583630E+002, 2.9257996E+002, 3.4029559E+002, 4.5205133E+002, 5.1947414E+002, 3.4923086E+002, 2.6292929E+002, 2.4827369E+002, 4.0936772E+000, 3.9321431E+000, 3.8075547E+000, 3.7077168E+000, 3.6269445E+000, 3.5813732E+000, 3.4874002E+000, 3.4611598E+000, 3.4241113E+000, 3.4148046E+000, 3.5557275E+000, 3.6644107E+000, 3.7450508E+000, 3.8306894E+000, 3.7656672E+000, 4.1681724E+000, 6.8768279E+000, 7.9358047E+000, 7.7171521E+000, 8.7533297E+000, 9.8234630E+000, 9.3488739E+000, 8.5886514E+000, 7.8972792E+004, 6.1604782E-001, 1.4635985E+001, 3.6946091E+001
 1.4900271E+002, 1.9999964E+001, 2.0000745E+001, 2.0006742E+001, 2.0031993E+001, 2.0059899E+001, 2.0102450E+001, 2.0167530E+001, 2.0274335E+001, 2.0479644E+001, 2.0861256E+001, 2.1683297E+001, 2.3335560E+001, 2.5949289E+001, 2.9457456E+001, 8.6408940E+001, 1.5577275E+002, 2.2561326E+002, 4.8819573E+002, 5.7250340E+002, 4.9324925E+002, 3.0307998E+002, 2.6185372E+002, 2.6045570E+002, 4.1534828E+000, 4.0441682E+000, 3.8969452E+000, 3.8059335E+000, 3.7834814E+000, 3.7389203E+000, 3.6915827E+000, 3.6218781E+000, 3.5630896E+000, 3.5948460E+000, 3.6507003E+000, 3.7865259E+000, 3.8786249E+000, 3.9030459E+000, 3.9455851E+000, 4.4842462E+000, 5.3241800E+000, 7.0977247E+000, 8.2892031E+000, 1.1044858E+001, 9.4529046E+000, 9.0449482E+000, 9.0630628E+000, 8.3728561E+004, 5.9043455E-001, 1.4458051E+001, 2.9885937E+001
 1.5000603E+002, 2.0000153E+001, 2.0000601E+001, 2.0006382E+001, 2.0032950E+001, 2.0062116E+001, 2.0107673E+001, 2.0174811E+001, 2.0293040E+001, 2.0514524E+001, 2.0914552E+001, 2.1743849E+001, 2.3378067E+001, 2.6145125E+001, 2.9866599E+001, 3.9385773E+001, 1.9085911E+002, 2.5050787E+002, 3.0641501E+002, 4.1694574E+002, 3.9730449E+002, 2.8905597E+002, 2.7237908E+002, 1.9351543E+002, 4.1066433E+000, 3.9828747E+000, 3.8583656E+000, 3.7080083E+000, 3.6639601E+000, 3.6302928E+000, 3.5889019E+000, 3.5176643E+000, 3.4724016E+000, 3.4367950E+000, 3.5373194E+000, 3.6564023E+000, 3.7999834E+000, 3.9281664E+000, 3.7348211E+000, 3.0215772E+000, 3.7804004E+000, 6.6466014E+000, 7.3678691E+000, 8.6504240E+000, 9.2555792E+000, 1.0089203E+001, 8.7676046E+000, 8.1680269E+004, 6.5816707E-001, 1.5851228E+001, 3.4154269E+001
 1.5100431E+002, 2.0000160E+001, 2.0000934E+001, 2.0006345E+001, 2.0033697E+001, 2.0064340E+001, 2.0109523E+001, 2.0178826E+001, 2.0289790E+001, 2.0487752E+001, 2.0884812E+001, 2.1752535E+001, 2.3514984E+001, 2.6307795E+001, 3.0064310E+001, 1.6947187E+002, 2.5916623E+002, 2.8061084E+002, 3.3879682E+002, 3.7659358E+002, 4.4125336E+002, 3.5732157E+002, 2.3904152E+002, 2.3110677E+002, 4.0787513E+000, 3.9510953E+000, 3.8445497E+000, 3.7076422E+000, 3.6062662E+000, 3.5694544E+000, 3.5061087E+000, 3.4951633E+000, 3.4498593E+000, 3.4240889E+000, 3.4676670E+000, 3.6019326E+000, 3.7100052E+000, 3.7422533E+000, 3.0938489E+000, 4.5359054E+000, 4.6635727E+000, 4.2644149E+000, 4.9680590E+000, 6.8280607E+000, 9.4444011E+000, 8.3634260E+000, 8.1632090E+000, 7.2574427E+004, 6.5981634E-001, 1.5006821E+001, 3.0942442E+001
 1.5200316E+002, 2.0000137E+001, 2.0000965E+001, 2.0006846E+001, 2.0033506E+001, 2.0063531E+001, 2.0112386E+001, 2.0186387E+001, 2.0302878E+001, 2.0511067E+001, 2.0890957E+001, 2.1715705E+001, 2.3478748E+001, 2.6234324E+001, 3.0404164E+001, 3.6840191E+001, 1.0139052E+002, 1.6800557E+002, 3.3006315E+002, 4.7031868E+002, 4.6798559E+002, 2.8946951E+002, 2.6833181E+002, 2.5962886E+002, 4.1438087E+000, 4.0383495E+000, 3.9526066E+000, 3.8752391E+000, 3.8293261E+000, 3.7374273E+000, 3.6999208E+000, 3.6503376E+000, 3.6482100E+000, 3.6675329E+000, 3.7290810E+000, 3.7971607E+000, 3.8686034E+000, 4.0739605E+000, 4.2756304E+000, 3.7725926E+000, 4.7092022E+000, 6.0731033E+000, 7.5592399E+000, 1.0375604E+001, 8.9805409E+000, 9.3125095E+000, 9.5622935E+000, 8.1734455E+004, 6.4300298E-001, 1.4294905E+001, 2.8987011E+001
 1.5300576E+002, 2.0000161E+001, 2.0000963E+001, 2.0006942E+001, 2.0033125E+001, 2.0062470E+001, 2.0109831E+001, 2.0182537E+001, 2.0301459E+001, 2.0510651E+001, 2.0909673E+001, 2.1717111E+001, 2.3390470E+001, 2.6021633E+001, 3.0609054E+001, 3.8301032E+001, 1.3553222E+002, 3.1846719E+002, 2.3115316E+002, 2.5832260E+002, 3.2151385E+002, 3.4328661E+002, 3.0097981E+002, 2.3886893E+002, 4.0839394E+000, 3.9641983E+000, 3.8434676E+000, 3.7399543E+000, 3.6855852E+000, 3.6733388E+000, 3.5844032E+000, 3.4973010E+000, 3.4694386E+000, 3.4721890E+000, 3.5757685E+000, 3.6993346E+000, 3.8244308E+000, 3.8668759E+000, 3.8936512E+000, 3.5060837E+000, 3.4526852E+000, 4.7156365E+000, 5.6631739E+000, 6.9888290E+000, 1.0413442E+001, 1.0173743E+001, 9.1643782E+000, 8.1478581E+004, 6.6126946E-001, 1.4616003E+001, 3.6190250E+001
 1.5400232E+002, 2.0000188E+001, 2.0001026E+001, 2.0006916E+001, 2.0033663E+001, 2.0063568E+001, 2.0110432E+001, 2.0178369E+001, 2.0287246E+001, 2.0493786E+001, 2.0888337E+001, 2.1693633E+001, 2.3500275E+001, 2.6325865E+001, 3.0106127E+001, 3.6307544E+001, 4.3726946E+001, 1.8558255E+002, 2.9706338E+002, 3.7027152E+002, 3.9588692E+002, 2.9202083E+002, 2.1294054E+002, 2.5482472E+002, 4.0354344E+000, 3.8915382E+000, 3.7723722E+000, 3.6495568E+000, 3.6179699E+000, 3.5190662E+000, 3.4675582E+000, 3.4502913E+000, 3.3380719E+000, 3.3355805E+000, 3.3948263E+000, 3.5397112E+000, 3.6468372E+000, 3.6701565E+000, 3.8601688E+000, 4.2077334E+000, 3.1553019E+000, 4.7011476E+000, 5.7261454E+000, 6.6055169E+000, 7.2831839E+000, 7.8907021E+000, 8.5366907E+000, 7.7892288E+004, 6.5988475E-001, 1.4770230E+001, 3.4668107E+001
 1.5500094E+002, 2.0000109E+001, 2.0001024E+001, 2.0007107E+001, 2.0033915E+001, 2.0064271E+001, 2.0109692E+001, 2.0175999E+001, 2.0287440E+001, 2.0497739E+001, 2.0893338E+001, 2.1716629E+001, 2.3480430E+001, 2.6311278E+001, 3.0168012E+001, 3.7784826E+001, 1.1990777E+002, 3.1627162E+002, 3.6820997E+002, 3.8725817E+002, 3.3507529E+002, 3.0712909E+002, 2.9292113E+002, 2.3754479E+002, 4.1528126E+000, 4.0466996E+000, 3.9504379E+000, 3.8835728E+000, 3.8390333E+000, 3.8326222E+000, 3.7942793E+000, 3.7068909E+000, 3.7246108E+000, 3.6989880E+000, 3.7618978E+000, 3.8606522E+000, 3.9621136E+000, 4.1633208E+000, 4.1696628E+000, 3.4524588E+000, 3.8414999E+000, 5.3403466E+000, 5.9414396E+000, 5.5888972E+000, 8.5904031E+000, 9.3921145E+000, 8.6569200E+000, 7.7139936E+004, 6.2631170E-001, 1.3896679E+001, 3.0461873E+001
 1.5600387E+002, 2.0000117E+001, 2.0000874E+001, 2.0006835E+001, 2.0033812E+001, 2.0063731E+001, 2.0109975E+001, 2.0180964E+001, 2.0296779E+001, 2.0511499E+001, 2.0908512E+001, 2.1741184E+001, 2.3505420E+001, 2.5973783E+001, 2.9890549E+001, 3.7342932E+001, 6.5433890E+001, 1.5656930E+002, 2.2577572E+002, 2.9518255E+002, 3.8280624E+002, 3.2880469E+002, 2.4556692E+002, 2.5109312E+002, 4.0912936E+000, 3.9681517E+000, 3.8507319E+000, 3.7455562E+000, 3.7041854E+000, 3.6486988E+000, 3.6177586E+000, 3.6319869E+000, 3.5244201E+000, 3.5173514E+000, 3.5994763E+000, 3.7072060E+000, 3.8274052E+000, 3.9492075E+000, 3.9062427E+000, 3.7014702E+000, 4.1247726E+000, 5.6654145E+000, 6.6253510E+000, 6.7428435E+000, 8.3616401E+000, 8.7676618E+000, 8.0619688E+000, 7.9883914E+004, 7.0832482E-001, 1.4753112E+001, 3.2578873E+001
 1.5700238E+002, 2.0000238E+001, 2.0000994E+001, 2.0006498E+001, 2.0032700E+001, 2.0061732E+001, 2.0105803E+001, 2.0171813E+001, 2.0279679E+001, 2.0477866E+001, 2.0855923E+001, 2.1675009E+001, 2.3414555E+001, 2.5903338E+001, 2.9653071E+001, 1.3127727E+002, 1.0709144E+002, 8.3294515E+001, 2.0247045E+002, 2.9911061E+002, 3.8787138E+002, 3.3053084E+002, 2.4320603E+002, 2.3710222E+002, 4.0236425E+000, 3.8737032E+000, 3.7525449E+000, 3.6106881E+000, 3.5466110E+000, 3.5068727E+000, 3.4396189E+000, 3.3893482E+000, 3.4093442E+000, 3.4246443E+000, 3.3904033E+000, 3.5209480E+000, 3.5769562E+000, 3.1670798E+000, 3.3556501E+000, 4.5894559E+000, 4.1642546E+000, 3.6235535E+000, 5.0374725E+000, 5.6626488E+000, 8.7586277E+000, 7.7170953E+000, 7.7466789E+000, 7.7170667E+004, 6.3996222E-001, 1.4465607E+001, 3.6683093E+001
 1.5800649E+002, 2.0000150E+001, 2.0000970E+001, 2.0006976E+001, 2.0032836E+001, 2.0061963E+001, 2.0105302E+001, 2.0169128E+001, 2.0274595E+001, 2.0475825E+001, 2.0864215E+001, 2.1669512E+001, 2.3390902E+001, 2.6011357E+001, 2.9789587E+001, 1.0792913E+002, 2.9456346E+002, 4.3443716E+002, 5.1648992E+002, 5.0796410E+002, 4.9259271E+002, 3.5639425E+002, 3.1521012E+002, 2.7861460E+002, 4.1516138E+000, 4.0477355E+000, 3.9444708E+000, 3.8583586E+000, 3.8123948E+000, 3.7760219E+000, 3.7570125E+000, 3.7237255E+000, 3.7046073E+000, 3.7319605E+000, 3.9064626E+000, 3.9281703E+000, 3.9197194E+000, 4.0534006E+000, 3.5120881E+000, 4.2089093E+000, 5.0904843E+000, 7.1737863E+000, 8.3140793E+000, 8.8387304E+000, 7.9918052E+000, 9.4963782E+000, 9.6540672E+000, 8.5032210E+004, 5.9937504E-001, 1.4758312E+001, 2.9705852E+001
 1.5900672E+002, 2.0000238E+001, 2.0000979E+001, 2.0006510E+001, 2.0033048E+001, 2.0060703E+001, 2.0104544E+001, 2.0170235E+001, 2.0276638E+001, 2.0472939E+001, 2.0851806E+001, 2.1662969E+001, 2.3321216E+001, 2.6110572E+001, 3.0008478E+001, 7.9659080E+001, 1.6440927E+002, 3.6114633E+002, 3.5393962E+002, 4.2819920E+002, 4.5242090E+002, 4.0267277E+002, 3.3278458E+002, 2.7423799E+002, 4.1145974E+000, 3.9969478E+000, 3.8991465E+000, 3.7901598E+000, 3.7632974E+000, 3.6952980E+000, 3.6513620E+000, 3.6201064E+000, 3.5961605E+000, 3.6116057E+000, 3.6874346E+000, 3.8996788E+000, 4.0404461E+000, 3.9539866E+000, 3.7476813E+000, 3.9284236E+000, 6.0138117E+000, 8.1485834E+000, 8.1013544E+000, 8.7655028E+000, 1.0808224E+001, 9.6946939E+000, 8.4768892E+000, 8.1994210E+004, 6.2551751E-001, 1.5736187E+001, 3.3015022E+001
 1.6000619E+002, 2.0000301E+001, 2.0001097E+001, 2.0007000E+001, 2.0033170E+001, 2.0063351E+001, 2.0108298E+001, 2.0171683E+001, 2.0275550E+001, 2.0468994E+001, 2.0843167E+001, 2.1673493E+001, 2.3439300E+001, 2.6357030E+001, 6.6933699E+001, 2.1895051E+002, 2.5232380E+002, 2.4923261E+002, 3.5663838E+002, 4.9940049E+002, 5.6405848E+002, 4.0601815E+002, 2.9998070E+002, 2.8498848E+002, 4.0516555E+000, 3.9106400E+000, 3.7673502E+000, 3.6952402E+000, 3.6161451E+000, 3.5903552E+000, 3.5173689E+000, 3.4643296E+000, 3.4118532E+000, 3.4434015E+000, 3.5388664E+000, 3.6822281E+000, 3.6712782E+000, 2.6219307E+000, 4.4292749E+000, 6.3409516E+000, 6.8009973E+000, 6.4138883E+000, 7.4527523E+000, 8.4077512E+000, 9.9139621E+000, 9.6914145E+000, 9.1072293E+000, 7.5548017E+004, 6.6214588E-001, 1.5213587E+001, 3.7280491E+001
 1.6100267E+002, 2.0000116E+001, 2.0001157E+001, 2.0007189E+001, 2.0034768E+001, 2.0064537E+001, 2.0110774E+001, 2.0179010E+001, 2.0283818E+001, 2.0479033E+001, 2.0862250E+001, 2.1678990E+001, 2.3326057E+001, 2.5957019E+001, 2.9641646E+001, 8.0727407E+001, 2.4968494E+002, 4.3970155E+002, 5.5388325E+002, 5.5505017E+002, 4.5941561E+002, 3.1749190E+002, 2.4093508E+002, 2.8837900E+002, 4.0929855E+000, 3.9452199E+000, 3.8507710E+000, 3.7032379E+000, 3.7026934E+000, 3.6475195E+000, 3.5870902E+000, 3.5719204E+000, 3.5209508E+000, 3.5185496E+000, 3.6225454E+000, 3.7983292E+000, 3.8618461E+000, 3.8714345E+000, 3.9805725E+000, 3.0373353E+000, 4.2794274E+000, 3.7559899E+000, 7.2882436E+000, 1.0399752E+001, 9.9341625E+000, 9.3596774E+000, 9.3411685E+000, 8.3130135E+004, 6.4435999E-001, 1.4319362E+001, 2.3576843E+001
 1.6200687E+002, 2.0000212E+001, 2.0000947E+001, 2.0007408E+001, 2.0034670E+001, 2.0066152E+001, 2.0115129E+001, 2.0184981E+001, 2.0303146E+001, 2.0511954E+001, 2.0912373E+001, 2.1753085E+001, 2.3333165E+001, 2.6127094E+001, 3.0035144E+001, 6.0421778E+001, 1.9218082E+002, 3.4659659E+002, 3.2516754E+002, 2.8743242E+002, 2.9415376E+002, 2.9790485E+002, 2.7514344E+002, 2.2196309E+002, 4.1463847E+000, 4.0443505E+000, 3.9300822E+000, 3.8569658E+000, 3.7760015E+000, 3.7568322E+000, 3.7597641E+000, 3.6952338E+000, 3.7038037E+000, 3.7151992E+000, 3.7844142E+000, 3.8737712E+000, 4.0385629E+000, 4.2280457E+000, 3.4978130E+000, 4.2778192E+000, 4.2023966E+000, 5.2031048E+000, 6.8189272E+000, 5.2478647E+000, 1.0423215E+001, 1.0253272E+001, 9.2491739E+000, 8.2131717E+004, 6.4701192E-001, 1.4257538E+001, 2.7644432E+001
 1.6300043E+002, 2.0000072E+001, 2.0001000E+001, 2.0006702E+001, 2.0034539E+001, 2.0065101E+001, 2.0113095E+001, 2.0189955E+001, 2.0307777E+001, 2.0525505E+001, 2.0937706E+001, 2.1789332E+001, 2.3351591E+001, 2.6216045E+001, 3.0716467E+001, 3.8628637E+001, 5.3416907E+001, 1.0454685E+002, 2.3422207E+002, 3.1314361E+002, 3.3963350E+002, 3.2961704E+002, 2.8648225E+002, 2.3947628E+002, 4.1168883E+000, 4.0077007E+000, 3.8868879E+000, 3.7877031E+000, 3.7585058E+000, 3.6940867E+000, 3.6219654E+000, 3.6576164E+000, 3.6156928E+000, 3.6266433E+000, 3.7166442E+000, 3.8414230E+000, 3.9772319E+000, 4.1136374E+000, 4.2154403E+000, 4.0799987E+000, 4.6501337E+000, 5.2546362E+000, 8.0151307E+000, 6.8916740E+000, 7.5799282E+000, 9.5147686E+000, 8.9224982E+000, 8.0186983E+004, 7.0336580E-001, 1.5590719E+001, 3.9139296E+001
 1.6400088E+002, 2.0000229E+001, 2.0000919E+001, 2.0007073E+001, 2.0034827E+001, 2.0067275E+001, 2.0116802E+001, 2.0190044E+001, 2.0311854E+001, 2.0540079E+001, 2.0941371E+001, 2.1797300E+001, 2.3392805E+001, 2.6433594E+001, 3.0350987E+001, 3.5982234E+001, 6.6795783E+001, 7.6475146E+001, 2.4478135E+002, 2.5770599E+002, 3.1651132E+002, 3.0624013E+002, 2.6638482E+002, 2.6988829E+002, 4.0223994E+000, 3.8736601E+000, 3.7442290E+000, 3.5885074E+000, 3.5149824E+000, 3.5062817E+000, 3.4561876E+000, 3.3447894E+000, 3.3395044E+000, 3.3831893E+000, 3.4450766E+000, 3.6201251E+000, 3.7172373E+000, 3.7942567E+000, 3.9064323E+000, 4.3455202E+000, 3.6493463E+000, 5.2063484E+000, 5.6604323E+000, 7.6466068E+000, 6.4911322E+000, 7.9421464E+000, 8.1665061E+000, 7.8012816E+004, 6.9445929E-001, 1.5166720E+001, 4.0774614E+001
 1.6500275E+002, 1.9999703E+001, 2.0001035E+001, 2.0006928E+001, 2.0034086E+001, 2.0064655E+001, 2.0113382E+001, 2.0187115E+001, 2.0303193E+001, 2.0515264E+001, 2.0939040E+001, 2.1730404E+001, 2.3428590E+001, 2.6259985E+001, 2.9519292E+001, 3.5428502E+001, 1.4731168E+002, 2.9480010E+002, 3.4645601E+002, 4.2280658E+002, 3.8398658E+002, 2.8697863E+002, 2.9382871E+002, 2.5954876E+002, 4.1465668E+000, 3.9856778E+000, 3.9040576E+000, 3.8051849E+000, 3.7621902E+000, 3.6736631E+000, 3.6506101E+000, 3.6227150E+000, 3.5940724E+000, 3.5610254E+000, 3.7256802E+000, 3.8448207E+000, 3.9562208E+000, 4.1666970E+000, 4.4851777E+000, 4.1603115E+000, 4.5126392E+000, 5.5866832E+000, 7.5560569E+000, 7.3553965E+000, 7.2177749E+000, 8.6071364E+000, 8.7150450E+000, 8.0282974E+004, 6.2108090E-001, 1.4439361E+001, 2.6990118E+001
 1.6600263E+002, 2.0000181E+001, 2.0000470E+001, 2.0007144E+001, 2.0034624E+001, 2.0065272E+001, 2.0112797E+001, 2.0185956E+001, 2.0310650E+001, 2.0536793E+001, 2.0925561E+001, 2.1764346E+001, 2.3550270E+001, 2.6147897E+001, 2.9435631E+001, 7.6552463E+001, 9.8116077E+001, 3.1344289E+002, 4.6352694E+002, 4.7761696E+002, 3.8629520E+002, 3.3015684E+002, 2.6153122E+002, 2.5152636E+002, 4.1510895E+000, 4.0712509E+000, 3.9185354E+000, 3.8597231E+000, 3.8088996E+000, 3.7675593E+000, 3.6996171E+000, 3.6544418E+000, 3.6514202E+000, 3.6664601E+000, 3.6807688E+000, 3.8303720E+000, 4.0053570E+000, 4.1090113E+000, 4.1536534E+000, 3.5259372E+000, 5.0494610E+000, 6.5963560E+000, 8.0824205E+000, 9.2445691E+000, 1.0318335E+001, 9.3111158E+000, 6.9724018E+000, 8.1505209E+004, 6.5573347E-001, 1.5016939E+001, 2.9653195E+001
 1.6700596E+002, 2.0000141E+001, 2.0000876E+001, 2.0005928E+001, 2.0032641E+001, 2.0061268E+001, 2.0108058E+001, 2.0177179E+001, 2.0294780E+001, 2.0504510E+001, 2.0904780E+001, 2.1758521E+001, 2.3441583E+001, 2.6218036E+001, 2.9791355E+001, 4.6210231E+001, 1.4048141E+002, 2.2311532E+002, 2.9115268E+002, 4.1764070E+002, 4.4091735E+002, 3.6659027E+002, 3.0843715E+002, 2.7716944E+002, 4.0888218E+000, 3.9672802E+000, 3.8693706E+000, 3.7404816E+000, 3.7001239E+000, 3.6425638E+000, 3.5962487E+000, 3.5591728E+000, 3.4614180E+000, 3.4907989E+000, 3.5891628E+000, 3.6839546E+000, 3.7234309E+000, 3.8091489E+000, 3.6978992E+000, 4.8977910E+000, 7.0288964E+000, 6.6886222E+000, 6.5563366E+000, 7.4129662E+000, 1.0243461E+001, 9.4355903E+000, 9.5919119E+000, 8.3244304E+004, 6.7427286E-001, 1.5398499E+001, 3.5885150E+001
 1.6800431E+002, 2.0000138E+001, 2.0000907E+001, 2.0006487E+001, 2.0031867E+001, 2.0062337E+001, 2.0105898E+001, 2.0172931E+001, 2.0282841E+001, 2.0480250E+001, 2.0866551E+001, 2.1735102E+001, 2.3474675E+001, 2.5979534E+001, 2.9635729E+001, 3.6611972E+001, 9.1241636E+001, 2.2635880E+002, 3.6036057E+002, 4.8103098E+002, 5.1768507E+002, 3.4703066E+002, 2.6436711E+002, 3.3232166E+002, 4.0715136E+000, 3.9581115E+000, 3.8724830E+000, 3.7078434E+000, 3.6440187E+000, 3.6602924E+000, 3.6073696E+000, 3.5422596E+000, 3.5302568E+000, 3.4880820E+000, 3.5655470E+000, 3.7043329E+000, 3.8198295E+000, 3.8168355E+000, 3.8981002E+000, 3.5892834E+000, 5.1215754E+000, 6.6553804E+000, 7.1370345E+000, 9.8352621E+000, 9.6854373E+000, 7.9309463E+000, 8.7876316E+000, 7.4614388E+004, 6.4286468E-001, 1.4769191E+001, 2.9537920E+001
 1.6900653E+002, 2.0000141E+001, 2.0000928E+001, 2.0006756E+001, 2.0031768E+001, 2.0059300E+001, 2.0106715E+001, 2.0175337E+001, 2.0279886E+001, 2.0484270E+001, 2.0869501E+001, 2.1710618E+001, 2.3344047E+001, 2.5910220E+001, 2.9498695E+001, 4.7860499E+001, 1.2758606E+002, 2.6554331E+002, 4.1414409E+002, 4.2342893E+002, 3.7006124E+002, 2.7825674E+002, 2.9698016E+002, 2.3695367E+002, 4.1507636E+000, 4.0424728E+000, 3.9383991E+000, 3.9342878E+000, 3.8713393E+000, 3.7409709E+000, 3.7530642E+000, 3.7644600E+000, 3.7124437E+000, 3.7193253E+000, 3.7873108E+000, 3.8602569E+000, 3.9452730E+000, 4.0768479E+000, 4.1887299E+000, 4.3345047E+000, 4.8293136E+000, 5.5917407E+000, 8.5474590E+000, 8.5522225E+000, 8.9566292E+000, 9.3884975E+000, 8.2448098E+000, 8.0744703E+004, 6.0657839E-001, 1.3936653E+001, 3.1406491E+001
 1.7000277E+002, 2.0000238E+001, 2.0000909E+001, 2.0006514E+001, 2.0032499E+001, 2.0061131E+001, 2.0102396E+001, 2.0168373E+001, 2.0283250E+001, 2.0484745E+001, 2.0875362E+001, 2.1752226E+001, 2.3306427E+001, 2.5845971E+001, 2.9548167E+001, 4.7070620E+001, 1.3066065E+002, 1.9254742E+002, 1.7497778E+002, 2.8161582E+002, 3.6054111E+002, 3.1827607E+002, 2.6926111E+002, 2.4633001E+002, 4.0948242E+000, 3.9765753E+000, 3.8673060E+000, 3.7582462E+000, 3.7662075E+000, 3.7671897E+000, 3.6317643E+000, 3.5710805E+000, 3.6106386E+000, 3.6397826E+000, 3.6668096E+000, 3.8103700E+000, 3.9046156E+000, 3.9725164E+000, 3.4675189E+000, 4.5334040E+000, 6.1063333E+000, 7.5664815E+000, 5.2864428E+000, 6.9143531E+000, 1.0460428E+001, 9.1789627E+000, 8.9997118E+000, 8.3901922E+004, 6.4860620E-001, 1.5358581E+001, 3.9520111E+001
 1.7100597E+002, 2.0000261E+001, 2.0001069E+001, 2.0006582E+001, 2.0033005E+001, 2.0062750E+001, 2.0109866E+001, 2.0173886E+001, 2.0277715E+001, 2.0479986E+001, 2.0877183E+001, 2.1702342E+001, 2.3327729E+001, 2.6026789E+001, 2.9613612E+001, 1.1178484E+002, 1.4657606E+002, 1.8367406E+002, 3.7270299E+002, 4.2275664E+002, 4.1784340E+002, 3.3350381E+002, 2.4118711E+002, 3.0852716E+002, 4.0344336E+000, 3.8883172E+000, 3.7829577E+000, 3.6459181E+000, 3.5884378E+000, 3.5404918E+000, 3.5706531E+000, 3.5063150E+000, 3.3734782E+000, 3.4210594E+000, 3.5837262E+000, 3.6718465E+000, 3.7584337E+000, 3.7497690E+000, 3.7935869E+000, 5.4332591E+000, 5.2927394E+000, 4.3519048E+000, 5.6728162E+000, 8.7012290E+000, 8.3177978E+000, 8.1966609E+000, 9.0633891E+000, 7.9272471E+004, 6.7116066E-001, 1.5678375E+001, 2.9756536E+001
 1.7200359E+002, 2.0000235E+001, 2.0001166E+001, 2.0007262E+001, 2.0034141E+001, 2.0064784E+001, 2.0111646E+001, 2.0182626E+001, 2.0293933E+001, 2.0488051E+001, 2.0883467E+001, 2.1770875E+001, 2.3361169E+001, 2.6022206E+001, 2.9794830E+001, 5.3920307E+001, 2.5357357E+002, 2.4943976E+002, 2.6461161E+002, 3.0327315E+002, 3.7014265E+002, 3.2761442E+002, 2.4729967E+002, 2.3329182E+002, 4.1210736E+000, 4.0078108E+000, 3.9079639E+000, 3.8329191E+000, 3.7909148E+000, 3.7527098E+000, 3.6995832E+000, 3.7139377E+000, 3.7526887E+000, 3.6629774E+000, 3.7348064E+000, 3.9262844E+000, 4.0602629E+000, 4.1444219E+000, 3.9983313E+000, 4.2557740E+000, 6.4024248E+000, 7.1722858E+000, 7.4213405E+000, 8.7404154E+000, 9.2439235E+000, 9.6680587E+000, 8.9666346E+000, 8.2718013E+004, 6.6200519E-001, 1.5680444E+001, 2.7901654E+001
 1.7300561E+002, 2.0000484E+001, 2.0001090E+001, 2.0007379E+001, 2.0035171E+001, 2.0065449E+001, 2.0112587E+001, 2.0184445E+001, 2.0302244E+001, 2.0529467E+001, 2.0932615E+001, 2.1811608E+001, 2.3457115E+001, 2.6116860E+001, 2.9901996E+001, 3.6817576E+001, 5.2291640E+001, 1.8311635E+002, 2.5109820E+002, 3.3135973E+002, 3.9225172E+002, 3.5119373E+002, 2.7243987E+002, 2.2310561E+002, 4.1078176E+000, 4.0096393E+000, 3.8980268E+000, 3.8267360E+000, 3.7870358E+000, 3.7460627E+000, 3.7144366E+000, 3.6682956E+000, 3.6384981E+000, 3.7351354E+000, 3.7880285E+000, 3.8221042E+000, 3.9696907E+000, 4.2044973E+000, 4.2865802E+000, 4.1085367E+000, 4.6376030E+000, 6.8812379E+000, 7.2300488E+000, 9.1816411E+000, 9.0034995E+000, 8.7279346E+000, 8.9240485E+000, 7.8037060E+004, 6.7060620E-001, 1.5957870E+001, 3.3629461E+001
 1.7400060E+002, 2.0000154E+001, 2.0001350E+001, 2.0006936E+001, 2.0033969E+001, 2.0063863E+001, 2.0110226E+001, 2.0180430E+001, 2.0299084E+001, 2.0510350E+001, 2.0919342E+001, 2.1810791E+001, 2.3406288E+001, 2.6196567E+001, 3.0261403E+001, 3.9587575E+001, 1.6686955E+002, 2.3228255E+002, 3.8354257E+002, 3.8064013E+002, 4.3351835E+002, 3.2969131E+002, 2.6043838E+002, 2.5961450E+002, 4.0727464E+000, 3.9066243E+000, 3.8067538E+000, 3.6796049E+000, 3.6312147E+000, 3.5999877E+000, 3.5458668E+000, 3.4991700E+000, 3.4750186E+000, 3.4458096E+000, 3.5577044E+000, 3.7467341E+000, 3.7418422E+000, 3.7140066E+000, 3.9062407E+000, 4.4246907E+000, 4.6433316E+000, 5.9322548E+000, 6.1426773E+000, 6.6821093E+000, 9.5220788E+000, 8.7838676E+000, 8.3602497E+000, 8.0419790E+004, 7.0661394E-001, 1.5639993E+001, 3.4576184E+001
 1.7500256E+002, 2.0000347E+001, 2.0001006E+001, 2.0007349E+001, 2.0033831E+001, 2.0064415E+001, 2.0111285E+001, 2.0181118E+001, 2.0292425E+001, 2.0494242E+001, 2.0885362E+001, 2.1730016E+001, 2.3445569E+001, 2.6052439E+001, 3.0283275E+001, 1.1787340E+002, 1.4502224E+002, 2.2058439E+002, 3.0415804E+002, 4.7545932E+002, 4.1587931E+002, 2.9156725E+002, 2.5792073E+002, 2.3872518E+002, 4.0625781E+000, 3.9256020E+000, 3.7721911E+000, 3.6717710E+000, 3.6155984E+000, 3.5722189E+000, 3.5262302E+000, 3.5020092E+000, 3.4704557E+000, 3.4722112E+000, 3.5527472E+000, 3.6695843E+000, 3.7576323E+000, 3.5338135E+000, 3.6253251E+000, 3.8169886E+000, 4.6052143E+000, 6.7717233E+000, 9.9989426E+000, 8.4238795E+000, 6.8375585E+000, 8.7473354E+000, 8.9993441E+000, 7.4629486E+004, 6.4592592E-001, 1.4881538E+001, 2.3164927E+001
 1.7600447E+002, 2.0000073E+001, 2.0001224E+001, 2.0007189E+001, 2.0034720E+001, 2.0064732E+001, 2.0112084E+001, 2.0182691E+001, 2.0297796E+001, 2.0512243E+001, 2.0924058E+001, 2.1786332E+001, 2.3514460E+001, 2.6110522E+001, 2.9795713E+001, 6.4671912E+001, 2.0161975E+002, 3.9520938E+002, 4.4141650E+002, 4.1168031E+002, 3.2516521E+002, 3.1261668E+002, 2.7230904E+002, 2.3587805E+002, 4.1658658E+000, 4.0453982E+000, 3.9450760E+000, 3.8570836E+000, 3.8273534E+000, 3.7791899E+000, 3.7591193E+000, 3.7245046E+000, 3.7232621E+000, 3.7493990E+000, 3.8238974E+000, 3.9379719E+000, 4.0480287E+000, 4.2578057E+000, 4.2516428E+000, 5.9886340E+000, 6.8530562E+000, 7.3795321E+000, 9.3346585E+000, 1.0634610E+001, 1.0208445E+001, 9.5981648E+000, 9.0507379E+000, 8.6871056E+004, 6.7793826E-001, 1.6346001E+001, 2.8132550E+001
 1.7700114E+002, 1.9999973E+001, 2.0000879E+001, 2.0007324E+001, 2.0035414E+001, 2.0066671E+001, 2.0114065E+001, 2.0184713E+001, 2.0300589E+001, 2.0514450E+001, 2.0924739E+001, 2.1778844E+001, 2.3435610E+001, 2.6127547E+001, 2.9910335E+001, 6.7608248E+001, 1.1969642E+002, 8.1800643E+001, 1.8596941E+002, 2.5643730E+002, 3.6972435E+002, 3.3405218E+002, 2.7372743E+002, 2.5679722E+002, 4.0740707E+000, 3.9393596E+000, 3.7801311E+000, 3.6296474E+000, 3.5786469E+000, 3.5429030E+000, 3.4810559E+000, 3.4461523E+000, 3.4137809E+000, 3.4266048E+000, 3.5232332E+000, 3.6488883E+000, 3.8022275E+000, 3.7556682E+000, 3.5866066E+000, 4.3791567E+000, 5.2066733E+000, 6.7977488E+000, 6.9385396E+000, 5.7501417E+000, 1.0136701E+001, 9.9634546E+000, 8.9274778E+000, 7.9682912E+004, 6.5685029E-001, 1.5900168E+001, 3.9364553E+001
 1.7800603E+002, 2.0000143E+001, 2.0000836E+001, 2.0006673E+001, 2.0033992E+001, 2.0064459E+001, 2.0113460E+001, 2.0183660E+001, 2.0294690E+001, 2.0496192E+001, 2.0888508E+001, 2.1690641E+001, 2.3303407E+001, 2.5937673E+001, 2.9542341E+001, 4.5725298E+001, 8.6098180E+001, 1.6623360E+002, 2.6449245E+002, 4.0217695E+002, 4.3432236E+002, 3.5949590E+002, 2.7072481E+002, 2.9286968E+002, 4.0832883E+000, 3.9463212E+000, 3.8359203E+000, 3.6900276E+000, 3.6118533E+000, 3.5545774E+000, 3.5181462E+000, 3.4846401E+000, 3.4435945E+000, 3.4565170E+000, 3.5460565E+000, 3.7014069E+000, 3.7460406E+000, 3.7314196E+000, 3.6064508E+000, 4.2606059E+000, 5.0518687E+000, 4.8444807E+000, 4.7410064E+000, 7.0582529E+000, 9.1735338E+000, 7.9479916E+000, 9.4199818E+000, 7.7202632E+004, 6.2894653E-001, 1.4505965E+001, 3.2153627E+001
 1.7900371E+002, 2.0000306E+001, 2.0000911E+001, 2.0006922E+001, 2.0034205E+001, 2.0065346E+001, 2.0111354E+001, 2.0182358E+001, 2.0295464E+001, 2.0504086E+001, 2.0901949E+001, 2.1706629E+001, 2.3301772E+001, 2.5858173E+001, 3.0203097E+001, 3.8442876E+001, 3.3040009E+002, 4.5993482E+002, 4.9581039E+002, 4.9000600E+002, 4.2256162E+002, 2.7948801E+002, 2.6081554E+002, 2.5761919E+002, 4.1241145E+000, 4.0607132E+000, 3.9483201E+000, 3.8312995E+000, 3.7748605E+000, 3.7362314E+000, 3.6682904E+000, 3.6374587E+000, 3.6271778E+000, 3.6266028E+000, 3.7116654E+000, 3.8070816E+000, 3.9230811E+000, 4.2310057E+000, 4.3447239E+000, 2.8567397E+000, 5.0813817E+000, 6.8287312E+000, 9.6467610E+000, 9.8745407E+000, 8.6591757E+000, 8.6622155E+000, 9.4025998E+000, 8.4425130E+004, 6.0489056E-001, 1.5027068E+001, 3.9431265E+001
 1.8000245E+002, 2.0000149E+001, 2.0001185E+001, 2.0006631E+001, 2.0033662E+001, 2.0063774E+001, 2.0112884E+001, 2.0186218E+001, 2.0305129E+001, 2.0516632E+001, 2.0890984E+001, 2.1693556E+001, 2.3263760E+001, 2.6021275E+001, 3.3640625E+001, 2.4197153E+002, 2.3678690E+002, 3.2127081E+002, 4.2231376E+002, 3.8901286E+002, 3.5323449E+002, 3.3518128E+002, 2.6632793E+002, 2.1498212E+002, 4.0840660E+000, 3.9547441E+000, 3.9079090E+000, 3.7867456E+000, 3.7341827E+000, 3.6282254E+000, 3.5863022E+000, 3.5087679E+000, 3.4807369E+000, 3.4990639E+000, 3.5890588E+000, 3.7032268E+000, 3.7942731E+000, 3.5846069E+000, 3.8133946E+000, 6.3130263E+000, 6.8366217E+000, 7.0866352E+000, 7.4874594E+000, 7.9014160E+000, 9.5598947E+000, 9.2205121E+000, 8.7739543E+000, 7.6154306E+004, 6.7874389E-001, 1.4410136E+001, 4.9124155E+001
 1.8100191E+002, 2.0000303E+001, 2.0000988E+001, 2.0007280E+001, 2.0032964E+001, 2.0062844E+001, 2.0109101E+001, 2.0179089E+001, 2.0295910E+001, 2.0503047E+001, 2.0899555E+001, 2.1701245E+001, 2.3254006E+001, 2.5922867E+001, 3.0036934E+001, 4.2941160E+001, 9.6704709E+001, 1.4476266E+002, 2.4468099E+002, 4.5916641E+002, 4.9664362E+002, 2.8465442E+002, 2.4323840E+002, 2.2814539E+002, 4.0593526E+000, 3.9283766E+000, 3.8216590E+000, 3.7792415E+000, 3.6809334E+000, 3.6531243E+000, 3.5465418E+000, 3.4764522E+000, 3.4187228E+000, 3.4055931E+000, 3.5048973E+000, 3.6362087E+000, 3.7064458E+000, 3.7618884E+000, 3.8393963E+000, 5.1669108E+000, 6.2079017E+000, 5.9927878E+000, 7.0721949E+000, 1.0044834E+001, 8.1633839E+000, 8.1401464E+000, 7.4148844E+000, 7.6519705E+004, 6.6358608E-001, 1.5080216E+001, 2.5776055E+001
 1.8200355E+002, 2.0000171E+001, 2.0001174E+001, 2.0007368E+001, 2.0035715E+001, 2.0066448E+001, 2.0113056E+001, 2.0184719E+001, 2.0297440E+001, 2.0506548E+001, 2.0903602E+001, 2.1733997E+001, 2.3358269E+001, 2.6030073E+001, 3.0357262E+001, 3.7239464E+001, 1.1663008E+002, 2.3929264E+002, 4.5977966E+002, 5.4929578E+002, 5.2095859E+002, 3.2136367E+002, 2.6062736E+002, 2.4967689E+002, 4.1321261E+000, 4.0249141E+000, 3.9052228E+000, 3.8504030E+000, 3.8722524E+000, 3.8137844E+000, 3.7618924E+000, 3.7279294E+000, 3.6443200E+000, 3.6443573E+000, 3.6897174E+000, 3.8428844E+000, 3.9970442E+000, 4.2296729E+000, 4.4871302E+000, 3.9283220E+000, 5.4195739E+000, 6.0020846E+000, 8.0406719E+000, 8.8438907E+000, 8.7562263E+000, 9.6326572E+000, 9.8439446E+000, 8.8089233E+004, 6.5679124E-001, 1.5266089E+001, 3.5610614E+001
 1.8300571E+002, 2.0000395E+001, 2.0001051E+001, 2.0007008E+001, 2.0034589E+001, 2.0065766E+001, 2.0114920E+001, 2.0184889E+001, 2.0300938E+001, 2.0511017E+001, 2.0913177E+001, 2.1731839E+001, 2.3347641E+001, 2.6353467E+001, 3.0185304E+001, 3.6185646E+001, 4.5271170E+001, 5.7731745E+001, 2.4720572E+002, 3.6089580E+002, 3.3336140E+002, 3.5403990E+002, 2.8867713E+002, 2.4048880E+002, 4.0711517E+000, 3.9495266E+000, 3.8386531E+000, 3.7026100E+000, 3.6701166E+000, 3.6643166E+000, 3.6869189E+000, 3.5884808E+000, 3.5776385E+000, 3.5185507E+000, 3.5688716E+000, 3.6398172E+000, 3.7923362E+000, 4.0192081E+000, 4.2139876E+000, 4.1180944E+000, 4.2581072E+000, 4.9385955E+000, 6.8844634E+000, 7.0634187E+000, 8.2939608E+000, 8.6500492E+000, 7.9876547E+000, 7.7624402E+004, 6.4635130E-001, 1.5341178E+001, 3.6744257E+001
 1.8400035E+002, 2.0000232E+001, 2.0001190E+001, 2.0006936E+001, 2.0033322E+001, 2.0063421E+001, 2.0111411E+001, 2.0183968E+001, 2.0299571E+001, 2.0500107E+001, 2.0894754E+001, 2.1712475E+001, 2.3376464E+001, 2.6341553E+001, 3.0165561E+001, 3.7130927E+001, 9.8321242E+001, 2.1013995E+002, 2.9688818E+002, 3.4337943E+002, 4.5885736E+002, 3.5579585E+002, 2.9303451E+002, 2.5796161E+002, 4.0985799E+000, 3.9672093E+000, 3.8505603E+000, 3.7539197E+000, 3.6757267E+000, 3.6356130E+000, 3.6145077E+000, 3.6571073E+000, 3.6024582E+000, 3.5860890E+000, 3.6643900E+000, 3.7132246E+000, 3.7984780E+000, 3.8056433E+000, 3.6746618E+000, 4.0044119E+000, 4.3218607E+000, 3.7943981E+000, 5.8742793E+000, 5.4030403E+000, 9.3862524E+000, 7.6933902E+000, 8.0900520E+000, 8.0142860E+004, 6.8213229E-001, 1.5416794E+001, 3.1987741E+001
 1.8500721E+002, 2.0000070E+001, 2.0001242E+001, 2.0007346E+001, 2.0034356E+001, 2.0064846E+001, 2.0112123E+001, 2.0186270E+001, 2.0305342E+001, 2.0524025E+001, 2.0912412E+001, 2.1733969E+001, 2.3353538E+001, 2.6120486E+001, 2.9990644E+001, 3.7364926E+001, 8.7194364E+001, 3.0113516E+002, 4.0131711E+002, 4.2053657E+002, 4.0700533E+002, 3.3636366E+002, 2.6678970E+002, 2.7556808E+002, 4.1240597E+000, 3.9830055E+000, 3.8945960E+000, 3.7807389E+000, 3.7610948E+000, 3.7215410E+000, 3.6425763E+000, 3.6324803E+000, 3.6520065E+000, 3.7297257E+000, 3.7521061E+000, 3.8901523E+000, 3.9846390E+000, 4.1072245E+000, 4.1282819E+000, 2.7504423E+000, 5.0398319E+000, 5.4381121E+000, 6.1106829E+000, 8.9873578E+000, 8.2360803E+000, 8.1880699E+000, 7.8818157E+000, 7.9771297E+004, 6.8128895E-001, 1.5089423E+001, 3.0608253E+001
 1.8600108E+002, 2.0000192E+001, 2.0000905E+001, 2.0007505E+001, 2.0034834E+001, 2.0065545E+001, 2.0115040E+001, 2.0188662E+001, 2.0311804E+001, 2.0537666E+001, 2.0959418E+001, 2.1795834E+001, 2.3437386E+001, 2.6074018E+001, 2.9767410E+001, 3.6394937E+001, 1.0079089E+002, 2.6701020E+002, 3.5717739E+002, 3.2109251E+002, 3.3587124E+002, 3.3327422E+002, 2.7759216E+002, 2.5062247E+002, 4.0973329E+000, 3.9802266E+000, 3.8171891E+000, 3.7622686E+000, 3.6921478E+000, 3.6343494E+000, 3.6258223E+000, 3.5567336E+000, 3.5321339E+000, 3.5492766E+000, 3.7017651E+000, 3.7935631E+000, 3.8604851E+000, 3.9578667E+000, 4.0912954E+000, 3.8967704E+000, 5.2473292E+000, 7.0421117E+000, 7.2005059E+000, 6.0468950E+000, 9.4603525E+000, 8.9170456E+000, 7.9857065E+000, 7.7343013E+004, 6.8835974E-001, 1.4510683E+001, 3.4046941E+001
 1.8700380E+002, 2.0000279E+001, 2.0001009E+001, 2.0006755E+001, 2.0034606E+001, 2.0064539E+001, 2.0110777E+001, 2.0183486E+001, 2.0302616E+001, 2.0517245E+001, 2.0919666E+001, 2.1703000E+001, 2.3292476E+001, 2.5858268E+001, 2.9531577E+001, 3.8085500E+001, 2.8057872E+002, 2.7058460E+002, 3.6661681E+002, 5.0541494E+002, 3.8411392E+002, 2.9502409E+002, 2.3625097E+002, 2.4780307E+002, 4.0847046E+000, 3.9734392E+000, 3.8706312E+000, 3.7041554E+000, 3.7056050E+000, 3.6675636E+000, 3.5918981E+000, 3.5679620E+000, 3.5523432E+000, 3.5321740E+000, 3.6588284E+000, 3.8040398E+000, 3.9474030E+000, 3.9646656E+000, 3.6196591E+000, 2.6527316E+000, 3.7780270E+000, 6.1126405E+000, 7.4122346E+000, 8.4661115E+000, 8.6089066E+000, 8.6980364E+000, 8.5900037E+000, 7.7375116E+004, 6.4711347E-001, 1.3869344E+001, 3.7370075E+001
 1.8800588E+002, 2.0000224E+001, 2.0001101E+001, 2.0006662E+001, 2.0032263E+001, 2.0062463E+001, 2.0109386E+001, 2.0175887E+001, 2.0290387E+001, 2.0510844E+001, 2.0910262E+001, 2.1719328E+001, 2.3212103E+001, 2.5651230E+001, 2.8939575E+001, 3.5010500E+001, 6.5119912E+001, 2.0085679E+002, 2.2254497E+002, 2.7589068E+002, 3.5813844E+002, 3.1274848E+002, 2.9573430E+002, 2.5659535E+002, 4.1200919E+000, 3.9979058E+000, 3.9083719E+000, 3.8041393E+000, 3.7068967E+000, 3.6836221E+000, 3.6858802E+000, 3.6293174E+000, 3.5809683E+000, 3.6210838E+000, 3.6868502E+000, 3.8363453E+000, 3.9957717E+000, 4.2060272E+000, 4.2662149E+000, 4.3549198E+000, 3.8488817E+000, 5.7277383E+000, 6.0006453E+000, 9.3152565E+000, 9.3258547E+000, 8.9080535E+000, 8.8281056E+000, 8.0406155E+004, 6.1813420E-001, 1.4313800E+001, 3.1784770E+001
 1.8900540E+002, 2.0000168E+001, 2.0001054E+001, 2.0007038E+001, 2.0032790E+001, 2.0061377E+001, 2.0106672E+001, 2.0177451E+001, 2.0285513E+001, 2.0478773E+001, 2.0870926E+001, 2.1690913E+001, 2.3216929E+001, 2.5755392E+001, 2.9083294E+001, 3.6109404E+001, 1.8493168E+002, 2.7518810E+002, 3.2605640E+002, 3.8343060E+002, 4.5487412E+002, 3.5193852E+002, 2.8682490E+002, 2.6951109E+002, 4.0866002E+000, 3.9581487E+000, 3.8336288E+000, 3.7663258E+000, 3.7050233E+000, 3.6063548E+000, 3.5156581E+000, 3.5410340E+000, 3.5306340E+000, 3.4915323E+000, 3.5806877E+000, 3.7257041E+000, 3.8415810E+000, 4.0580995E+000, 4.1024335E+000, 3.3007797E+000, 6.2573909E+000, 7.9539076E+000, 7.4078034E+000, 8.9583810E+000, 1.0085567E+001, 9.5328608E+000, 9.3219264E+000, 8.6651650E+004, 6.0024662E-001, 1.4374504E+001, 3.3962611E+001
 1.9000164E+002, 2.0000218E+001, 2.0001000E+001, 2.0006819E+001, 2.0033250E+001, 2.0062755E+001, 2.0107266E+001, 2.0176465E+001, 2.0291087E+001, 2.0493659E+001, 2.0853386E+001, 2.1641916E+001, 2.3193668E+001, 2.5865835E+001, 2.9785301E+001, 4.8627136E+001, 1.7998313E+002, 2.0852580E+002, 2.6538613E+002, 4.1130523E+002, 4.9807264E+002, 4.0006953E+002, 2.8122841E+002, 2.8187835E+002, 4.0567779E+000, 3.9118424E+000, 3.7919962E+000, 3.6730962E+000, 3.6399214E+000, 3.6247301E+000, 3.5255994E+000, 3.3967581E+000, 3.3919497E+000, 3.4474648E+000, 3.5133709E+000, 3.6028932E+000, 3.7061390E+000, 3.7672009E+000, 4.1925506E+000, 4.2502103E+000, 5.3121765E+000, 5.2780625E+000, 7.4116442E+000, 9.6278461E+000, 9.6060177E+000, 9.6831928E+000, 9.5657746E+000, 7.8426479E+004, 6.2985652E-001, 1.4386751E+001, 2.7097297E+001
 1.9100322E+002, 2.0000277E+001, 2.0001017E+001, 2.0006967E+001, 2.0034166E+001, 2.0064533E+001, 2.0111789E+001, 2.0180924E+001, 2.0292016E+001, 2.0506473E+001, 2.0917985E+001, 2.1712202E+001, 2.3208036E+001, 2.6069896E+001, 3.0432339E+001, 2.0992963E+002, 2.3328823E+002, 3.6791117E+002, 3.9854191E+002, 3.3386454E+002, 3.4364157E+002, 3.1353606E+002, 2.6586605E+002, 2.5112359E+002, 4.1387778E+000, 4.0465008E+000, 3.9424068E+000, 3.8368200E+000, 3.7963538E+000, 3.7737814E+000, 3.7953650E+000, 3.7401820E+000, 3.6225080E+000, 3.5904491E+000, 3.7419390E+000, 3.8747553E+000, 3.9663310E+000, 3.9292451E+000, 3.0394017E+000, 3.7444034E+000, 5.7072967E+000, 8.3118391E+000, 8.3368020E+000, 7.4852031E+000, 7.8947278E+000, 9.4031736E+000, 8.4921741E+000, 7.3869884E+004, 6.4698484E-001, 1.4692500E+001, 3.6224286E+001
 1.9200321E+002, 2.0000133E+001, 2.0001262E+001, 2.0007176E+001, 2.0034919E+001, 2.0065921E+001, 2.0114578E+001, 2.0186865E+001, 2.0304382E+001, 2.0513703E+001, 2.0918101E+001, 2.1778093E+001, 2.3435447E+001, 2.6410632E+001, 3.0430305E+001, 3.9654455E+001, 1.6689880E+002, 3.1677690E+002, 3.1552577E+002, 3.1959042E+002, 3.2564079E+002, 3.2339556E+002, 2.6941496E+002, 2.1790966E+002, 4.1015479E+000, 3.9518106E+000, 3.8508792E+000, 3.7338182E+000, 3.6821654E+000, 3.6088500E+000, 3.5694961E+000, 3.5728826E+000, 3.5911790E+000, 3.5267293E+000, 3.5061716E+000, 3.6590560E+000, 3.8127619E+000, 3.8964216E+000, 3.4950087E+000, 3.0076865E+000, 4.3909976E+000, 6.4316170E+000, 7.4036647E+000, 8.9961879E+000, 9.4418443E+000, 8.5990450E+000, 7.7476498E+000, 7.9974128E+004, 7.0357921E-001, 1.6467231E+001, 3.1148337E+001
 1.9300008E+002, 2.0000281E+001, 2.0000923E+001, 2.0007526E+001, 2.0034350E+001, 2.0065240E+001, 2.0113354E+001, 2.0184598E+001, 2.0296783E+001, 2.0497671E+001, 2.0871262E+001, 2.1658542E+001, 2.3268381E+001, 2.6389445E+001, 3.0233124E+001, 3.6337298E+001, 5.4469440E+001, 3.5713360E+002, 4.2307580E+002, 4.6393530E+002, 4.2354887E+002, 3.4174363E+002, 2.3673216E+002, 2.5623127E+002, 4.0789406E+000, 3.9717253E+000, 3.8277814E+000, 3.7390856E+000, 3.6754721E+000, 3.6305836E+000, 3.5547411E+000, 3.5279886E+000, 3.5115533E+000, 3.6098983E+000, 3.6770327E+000, 3.6975938E+000, 3.7393587E+000, 3.8574427E+000, 3.9352652E+000, 3.9409785E+000, 1.8491292E+000, 4.5306286E+000, 5.8343049E+000, 8.1030314E+000, 9.5953650E+000, 9.3335736E+000, 9.0439418E+000, 8.4236356E+004, 6.1903350E-001, 1.3834668E+001, 3.0288402E+001
 1.9400747E+002, 2.0000272E+001, 2.0001080E+001, 2.0006467E+001, 2.0033427E+001, 2.0062129E+001, 2.0106691E+001, 2.0174873E+001, 2.0285890E+001, 2.0486601E+001, 2.0865660E+001, 2.1620850E+001, 2.3163291E+001, 2.5742584E+001, 2.9298149E+001, 3.5751553E+001, 4.6687192E+001, 1.3733530E+002, 4.1424837E+002, 4.5579107E+002, 4.8681077E+002, 3.7146208E+002, 3.2472038E+002, 2.6915387E+002, 4.0955323E+000, 3.9836372E+000, 3.8943974E+000, 3.7620347E+000, 3.7285065E+000, 3.6759483E+000, 3.6271822E+000, 3.5830938E+000, 3.5409545E+000, 3.5649655E+000, 3.6993192E+000, 3.8565951E+000, 3.8968166E+000, 4.0087807E+000, 4.1695226E+000, 3.9634009E+000, 3.3307903E+000, 3.9908565E+000, 5.3185645E+000, 9.3921130E+000, 9.4810046E+000, 9.7106079E+000, 8.8463113E+000, 7.5859578E+004, 5.7551635E-001, 1.3214301E+001, 2.9060630E+001
 1.9500082E+002, 2.0000392E+001, 2.0001128E+001, 2.0006939E+001, 2.0032843E+001, 2.0063241E+001, 2.0109991E+001, 2.0178523E+001, 2.0294335E+001, 2.0502501E+001, 2.0878284E+001, 2.1649551E+001, 2.3246959E+001, 2.5772438E+001, 2.9540502E+001, 3.6594653E+001, 5.8161936E+001, 9.2751038E+001, 1.7986580E+002, 2.5514665E+002, 3.1069496E+002, 3.3206376E+002, 3.1787061E+002, 2.7556131E+002, 4.1213712E+000, 4.0117308E+000, 3.9110226E+000, 3.8129883E+000, 3.7605168E+000, 3.7389504E+000, 3.7199288E+000, 3.6709973E+000, 3.6363827E+000, 3.6088288E+000, 3.7031630E+000, 3.8409164E+000, 4.0483921E+000, 4.1722424E+000, 4.1302331E+000, 4.2125137E+000, 4.4497915E+000, 5.1917079E+000, 6.0961728E+000, 7.8495547E+000, 9.9965093E+000, 9.7609758E+000, 8.9978572E+000, 8.0927975E+004, 6.6282084E-001, 1.4214686E+001, 3.9635504E+001
 1.9600108E+002, 2.0000162E+001, 2.0001271E+001, 2.0007130E+001, 2.0033645E+001, 2.0062620E+001, 2.0108851E+001, 2.0179341E+001, 2.0291899E+001, 2.0494312E+001, 2.0873363E+001, 2.1686888E+001, 2.3200371E+001, 2.5795089E+001, 2.9699245E+001, 3.5766010E+001, 4.7424828E+001, 9.7716046E+001, 2.5614949E+002, 4.5363542E+002, 3.9386502E+002, 3.1703089E+002, 2.5645412E+002, 2.7505289E+002, 4.0390766E+000, 3.8594034E+000, 3.7242198E+000, 3.6204266E+000, 3.5725808E+000, 3.4948356E+000, 3.4261040E+000, 3.4001096E+000, 3.3532016E+000, 3.3422463E+000, 3.3971951E+000, 3.5303029E+000, 3.6361107E+000, 3.7565943E+000, 3.8360798E+000, 4.0269343E+000, 3.7221547E+000, 2.7432979E+000, 1.5699247E+000, 6.8822285E+000, 9.1762207E+000, 7.8436173E+000, 7.9882011E+000, 7.6377235E+004, 6.3621261E-001, 1.4033706E+001, 3.2051847E+001
 1.9700317E+002, 2.0000115E+001, 2.0001047E+001, 2.0007346E+001, 2.0033835E+001, 2.0062581E+001, 2.0105756E+001, 2.0171370E+001, 2.0282070E+001, 2.0487001E+001, 2.0881278E+001, 2.1684418E+001, 2.3260016E+001, 2.5849913E+001, 2.9234018E+001, 6.0000287E+001, 8.8106258E+001, 1.3464891E+002, 1.6685539E+002, 2.6735651E+002, 4.3871062E+002, 3.0845069E+002, 2.6489672E+002, 2.5017453E+002, 4.1651618E+000, 4.0523436E+000, 3.9476015E+000, 3.8643385E+000, 3.8419535E+000, 3.8160811E+000, 3.7710266E+000, 3.7144725E+000, 3.7078246E+000, 3.7315619E+000, 3.8080469E+000, 3.8982721E+000, 3.9621818E+000, 4.0976304E+000, 4.5124915E+000, 4.6908993E+000, 5.9231890E+000, 5.3524933E+000, 4.9915625E+000, 3.9503727E+000, 8.6591002E+000, 9.8570257E+000, 9.9839378E+000, 8.4727152E+004, 6.1982155E-001, 1.3913518E+001, 3.0969060E+001
 1.9800052E+002, 2.0000269E+001, 2.0000949E+001, 2.0007244E+001, 2.0034787E+001, 2.0065262E+001, 2.0112336E+001, 2.0181456E+001, 2.0293253E+001, 2.0508408E+001, 2.0907462E+001, 2.1755069E+001, 2.3361104E+001, 2.6021406E+001, 3.0013500E+001, 1.0777581E+002, 1.3675479E+002, 2.3956802E+002, 3.6452875E+002, 4.0143630E+002, 3.1752485E+002, 3.1867508E+002, 2.7440108E+002, 2.1966467E+002, 4.0766670E+000, 3.9424552E+000, 3.8072154E+000, 3.6940504E+000, 3.6354843E+000, 3.5881535E+000, 3.5528690E+000, 3.5182286E+000, 3.4552045E+000, 3.4617973E+000, 3.5430265E+000, 3.6524685E+000, 3.7754466E+000, 3.8297380E+000, 3.6005224E+000, 4.3971569E+000, 3.3861771E+000, 7.0440639E+000, 8.3866152E+000, 8.6562671E+000, 7.6699447E+000, 7.9146488E+000, 7.8609889E+000, 8.0193975E+004, 6.2997872E-001, 1.4541187E+001, 2.9563807E+001
 1.9900417E+002, 2.0000061E+001, 2.0001103E+001, 2.0006719E+001, 2.0033919E+001, 2.0064710E+001, 2.0111992E+001, 2.0184022E+001, 2.0297401E+001, 2.0494556E+001, 2.0864991E+001, 2.1669439E+001, 2.3294767E+001, 2.6198090E+001, 3.0651996E+001, 9.5531341E+001, 2.0520231E+002, 2.6400929E+002, 2.3904605E+002, 3.5910308E+002, 4.7407561E+002, 3.5771984E+002, 2.6594823E+002, 2.7426827E+002, 4.1040117E+000, 3.9772869E+000, 3.8720993E+000, 3.7274703E+000, 3.6704440E+000, 3.6329972E+000, 3.5774994E+000, 3.5589895E+000, 3.5442362E+000, 3.5197552E+000, 3.5958641E+000, 3.7303656E+000, 3.8334987E+000, 3.8687011E+000, 3.8884398E+000, 4.8635292E+000, 6.2548864E+000, 7.3990554E+000, 7.4309690E+000, 8.7979511E+000, 1.0718861E+001, 8.6501783E+000, 7.7540140E+000, 7.9684658E+004, 6.8470076E-001, 1.4124161E+001, 2.8630165E+001
 2.0000290E+002, 2.0000137E+001, 2.0000939E+001, 2.0006946E+001, 2.0032925E+001, 2.0062914E+001, 2.0110987E+001, 2.0183103E+001, 2.0297063E+001, 2.0507984E+001, 2.0912041E+001, 2.1712561E+001, 2.3365406E+001, 2.6145595E+001, 2.9697599E+001, 3.6556223E+001, 5.2655995E+001, 1.5901626E+002, 2.8174654E+002, 3.7925106E+002, 4.4539295E+002, 3.4143752E+002, 2.9336600E+002, 2.9387942E+002, 4.1188326E+000, 4.0202760E+000, 3.9040583E+000, 3.8108725E+000, 3.7455591E+000, 3.6848369E+000, 3.6464234E+000, 3.5974650E+000, 3.5819495E+000, 3.6091458E+000, 3.6860023E+000, 3.7645689E+000, 3.8816789E+000, 4.0749069E+000, 4.3642845E+000, 4.7802668E+000, 4.7350487E+000, 5.6236373E+000, 8.1208708E+000, 9.5546711E+000, 8.4419200E+000, 9.2687346E+000, 9.5585210E+000, 8.0987535E+004, 6.0310113E-001, 1.4188944E+001, 2.8141250E+001
 2.0100614E+002, 2.0000223E+001, 2.0000897E+001, 2.0006911E+001, 2.0033111E+001, 2.0062303E+001, 2.0109035E+001, 2.0180170E+001, 2.0303633E+001, 2.0525629E+001, 2.0929382E+001, 2.1788299E+001, 2.3421131E+001, 2.6171394E+001, 3.0198947E+001, 4.0304488E+001, 1.6395034E+002, 2.0141008E+002, 1.8176582E+002, 3.1014604E+002, 3.6814553E+002, 3.8656908E+002, 3.1847050E+002, 2.5010544E+002, 4.1149783E+000, 3.9967054E+000, 3.8760946E+000, 3.7949833E+000, 3.7506388E+000, 3.6908087E+000, 3.6296081E+000, 3.5719032E+000, 3.5326652E+000, 3.5387521E+000, 3.6327309E+000, 3.7813472E+000, 3.8714172E+000, 3.9933098E+000, 3.7538342E+000, 4.0529773E+000, 5.9712627E+000, 6.1260087E+000, 7.1744004E+000, 8.6133481E+000, 9.7111600E+000, 9.4517660E+000, 9.0008255E+000, 8.2186453E+004, 6.6029655E-001, 1.5591134E+001, 3.4470180E+001
 2.0200193E+002, 2.0000178E+001, 2.0001071E+001, 2.0006565E+001, 2.0033067E+001, 2.0061617E+001, 2.0105510E+001, 2.0173818E+001, 2.0286557E+001, 2.0494391E+001, 2.0934154E+001, 2.1781172E+001, 2.3447877E+001, 2.6118091E+001, 3.0018733E+001, 9.6157705E+001, 1.7450296E+002, 3.3984454E+002, 4.6783560E+002, 5.1279058E+002, 4.1932179E+002, 3.1133104E+002, 2.8933059E+002, 3.0286234E+002, 4.1169839E+000, 3.9791939E+000, 3.8887334E+000, 3.7595809E+000, 3.7192595E+000, 3.6879147E+000, 3.6399093E+000, 3.5808745E+000, 3.5364979E+000, 3.5084604E+000, 3.5731931E+000, 3.7178014E+000, 3.8346908E+000, 3.8406399E+000, 3.7597204E+000, 5.3125978E+000, 4.9242080E+000, 5.1407793E+000, 7.5146114E+000, 9.6013087E+000, 1.0118563E+001, 8.4309032E+000, 8.8008443E+000, 8.0761748E+004, 6.3752819E-001, 1.5346328E+001, 2.6165128E+001
 2.0300640E+002, 2.0000207E+001, 2.0000993E+001, 2.0007059E+001, 2.0032807E+001, 2.0062780E+001, 2.0109395E+001, 2.0176628E+001, 2.0286586E+001, 2.0500936E+001, 2.0893417E+001, 2.1719629E+001, 2.3487285E+001, 2.6200494E+001, 3.0014206E+001, 3.7217165E+001, 2.1605704E+002, 3.4992805E+002, 4.9412904E+002, 5.0127759E+002, 4.5188476E+002, 3.3158032E+002, 2.6091054E+002, 2.4970910E+002, 4.1063957E+000, 4.0022973E+000, 3.8850054E+000, 3.8142009E+000, 3.7407255E+000, 3.6976935E+000, 3.6762056E+000, 3.6491435E+000, 3.5997876E+000, 3.6043790E+000, 3.6868830E+000, 3.7499138E+000, 3.8509467E+000, 4.0004911E+000, 3.8990571E+000, 3.4616378E+000, 7.3245962E+000, 8.8702352E+000, 1.0952954E+001, 1.1255987E+001, 1.0224650E+001, 8.9006074E+000, 9.0696941E+000, 7.9858868E+004, 6.2387776E-001, 1.5526725E+001, 3.5980518E+001
 2.0400610E+002, 2.0000340E+001, 2.0001061E+001, 2.0006859E+001, 2.0033287E+001, 2.0061972E+001, 2.0106830E+001, 2.0176811E+001, 2.0290259E+001, 2.0494275E+001, 2.0886734E+001, 2.1710579E+001, 2.3284253E+001, 2.6141978E+001, 3.0431373E+001, 3.8425395E+001, 7.7894105E+001, 2.7118823E+002, 3.6662371E+002, 5.2650910E+002, 4.7365227E+002, 3.0570380E+002, 2.6505133E+002, 2.5300486E+002, 4.0932817E+000, 3.9930325E+000, 3.8842192E+000, 3.7730608E+000, 3.7568094E+000, 3.7010763E+000, 3.6244278E+000, 3.6072289E+000, 3.5997263E+000, 3.5983097E+000, 3.6595409E+000, 3.7947261E+000, 3.8567112E+000, 3.9486292E+000, 4.0487222E+000, 3.7757513E+000, 4.0931835E+000, 4.7826758E+000, 7.8227221E+000, 9.8615764E+000, 9.5355881E+000, 9.0951338E+000, 8.3989379E+000, 7.8394456E+004, 6.4178020E-001, 1.4993588E+001, 3.3273722E+001
 2.0500623E+002, 2.0000433E+001, 2.0001180E+001, 2.0006677E+001, 2.0032432E+001, 2.0061994E+001, 2.0107521E+001, 2.0176448E+001, 2.0289375E+001, 2.0491625E+001, 2.0865185E+001, 2.1644591E+001, 2.3178604E+001, 2.5941872E+001, 3.0142004E+001, 3.7554699E+001, 1.0200164E+002, 2.2400296E+002, 2.6762856E+002, 3.9557067E+002, 4.7142370E+002, 3.1335677E+002, 2.3266924E+002, 2.3640309E+002, 4.0737844E+000, 3.9242556E+000, 3.8325834E+000, 3.7113445E+000, 3.6495867E+000, 3.6183567E+000, 3.5942370E+000, 3.5068878E+000, 3.4841580E+000, 3.5112193E+000, 3.5987746E+000, 3.7015636E+000, 3.8355323E+000, 3.8576349E+000, 3.7169695E+000, 3.6792344E+000, 5.3431332E+000, 5.8469037E+000, 4.9223287E+000, 9.4504687E+000, 8.5722637E+000, 8.4340506E+000, 7.7400125E+000, 7.9786938E+004, 6.1508799E-001, 1.4238487E+001, 3.6666711E+001
 2.0600261E+002, 2.0000152E+001, 2.0001287E+001, 2.0006833E+001, 2.0031583E+001, 2.0059316E+001, 2.0103441E+001, 2.0170597E+001, 2.0279362E+001, 2.0481853E+001, 2.0869492E+001, 2.1638444E+001, 2.3164344E+001, 2.6014152E+001, 2.9703002E+001, 3.7930787E+001, 1.0826854E+002, 2.2793245E+002, 3.8247320E+002, 4.4170259E+002, 3.4519419E+002, 3.0212759E+002, 2.4885853E+002, 2.3830116E+002, 4.1443746E+000, 4.0094244E+000, 3.8998924E+000, 3.8367009E+000, 3.7893498E+000, 3.7350418E+000, 3.7076902E+000, 3.6972253E+000, 3.6587390E+000, 3.6311198E+000, 3.7481435E+000, 3.8896482E+000, 3.9811629E+000, 4.2435923E+000, 4.4513052E+000, 4.4462960E+000, 2.7887724E+000, 5.7136170E+000, 8.1042654E+000, 8.0330120E+000, 1.0322721E+001, 1.0022107E+001, 8.6334564E+000, 8.1011499E+004, 5.8176781E-001, 1.4069947E+001, 3.0023689E+001
 2.0700141E+002, 2.0000132E+001, 2.0001076E+001, 2.0007079E+001, 2.0032509E+001, 2.0060838E+001, 2.0105158E+001, 2.0171880E+001, 2.0283354E+001, 2.0488944E+001, 2.0878066E+001, 2.1695775E+001, 2.3288597E+001, 2.6281212E+001, 2.9721251E+001, 1.1725150E+002, 2.7682871E+002, 3.4205107E+002, 3.7030710E+002, 5.2587312E+002, 5.4208069E+002, 3.5553231E+002, 2.9927451E+002, 2.2784554E+002, 4.1284257E+000, 4.0065385E+000, 3.8772345E+000, 3.7946330E+000, 3.7712870E+000, 3.7314092E+000, 3.6739052E+000, 3.6302648E+000, 3.6119804E+000, 3.6420776E+000, 3.6664307E+000, 3.7830160E+000, 3.9270311E+000, 3.9351028E+000, 3.7191946E+000, 5.4177191E+000, 7.8035659E+000, 7.1613890E+000, 9.0689528E+000, 1.1152432E+001, 1.0752044E+001, 9.4072637E+000, 8.8561682E+000, 7.7118559E+004, 6.3443664E-001, 1.4348666E+001, 2.8729996E+001
 2.0800121E+002, 2.0000015E+001, 2.0000862E+001, 2.0006946E+001, 2.0033060E+001, 2.0061964E+001, 2.0107206E+001, 2.0174526E+001, 2.0285107E+001, 2.0484703E+001, 2.0863387E+001, 2.1681716E+001, 2.3363722E+001, 2.6339951E+001, 3.0190895E+001, 3.7655551E+001, 9.1977470E+001, 2.6945016E+002, 3.9793556E+002, 4.7132745E+002, 5.0371528E+002, 3.8044596E+002, 2.8446533E+002, 2.7268816E+002, 4.0699349E+000, 3.9286499E+000, 3.7702426E+000, 3.6419399E+000, 3.5927174E+000, 3.5634530E+000, 3.5128345E+000, 3.4677590E+000, 3.4195871E+000, 3.4271321E+000, 3.5387361E+000, 3.6497712E+000, 3.7191702E+000, 3.8103156E+000, 3.8945219E+000, 4.6526804E+000, 6.6652128E+000, 8.7935926E+000, 8.9316207E+000, 1.0768631E+001, 1.0991858E+001, 1.0083089E+001, 8.7104157E+000, 8.1215878E+004, 6.5435756E-001, 1.4950406E+001, 3.3443453E+001
 2.0900695E+002, 1.9999740E+001, 2.0000821E+001, 2.0006549E+001, 2.0033295E+001, 2.0062430E+001, 2.0106574E+001, 2.0172415E+001, 2.0277895E+001, 2.0474789E+001, 2.0855585E+001, 2.1648224E+001, 2.3295545E+001, 2.6051357E+001, 2.9831078E+001, 1.3412899E+002, 8.2361600E+001, 2.0032274E+002, 4.1932023E+002, 5.7899220E+002, 5.4248744E+002, 3.2240730E+002, 2.3920340E+002, 2.4244398E+002, 4.1220312E+000, 3.9930338E+000, 3.8919772E+000, 3.7243394E+000, 3.6702798E+000, 3.6362923E+000, 3.6157389E+000, 3.5957985E+000, 3.5677472E+000, 3.5751225E+000, 3.6399422E+000, 3.7604197E+000, 3.8613741E+000, 3.8400402E+000, 3.9614746E+000, 4.2953052E+000, 3.3422734E+000, 5.4279277E+000, 7.6912154E+000, 9.8607033E+000, 1.0590513E+001, 8.9178585E+000, 8.6922167E+000, 7.1196493E+004, 5.6823953E-001, 1.3626366E+001, 2.6589829E+001
 2.1000482E+002, 2.0000178E+001, 2.0000416E+001, 2.0006905E+001, 2.0033769E+001, 2.0064827E+001, 2.0111528E+001, 2.0177399E+001, 2.0285369E+001, 2.0488896E+001, 2.0885782E+001, 2.1744523E+001, 2.3462090E+001, 2.6201402E+001, 5.0899568E+001, 7.4090306E+001, 5.3360750E+002, 4.8915571E+002, 4.5721108E+002, 4.4118255E+002, 4.2182963E+002, 3.2429126E+002, 2.9680399E+002, 2.3866373E+002, 4.1311503E+000, 4.0528408E+000, 3.9230195E+000, 3.8319299E+000, 3.7304291E+000, 3.6683021E+000, 3.6537707E+000, 3.6385707E+000, 3.6477178E+000, 3.6344008E+000, 3.7123177E+000, 3.7922517E+000, 3.8694880E+000, 4.1795317E+000, 2.8088860E+000, 1.0151384E+000, 4.9774029E+000, 7.3901212E+000, 8.8243680E+000, 9.8901697E+000, 1.0386669E+001, 1.0261266E+001, 9.0114832E+000, 8.4821044E+004, 6.2594572E-001, 1.5772806E+001, 4.8920390E+001
 2.1100434E+002, 2.0000132E+001, 2.0000944E+001, 2.0005745E+001, 2.0032948E+001, 2.0061854E+001, 2.0107883E+001, 2.0179823E+001, 2.0288899E+001, 2.0483723E+001, 2.0857486E+001, 2.1673593E+001, 2.3330285E+001, 2.6270114E+001, 4.5017345E+001, 1.5774021E+002, 2.3737798E+002, 3.1092255E+002, 2.6992047E+002, 4.3770046E+002, 4.5766663E+002, 4.1797628E+002, 2.5543584E+002, 2.6022869E+002, 4.0404226E+000, 3.8834151E+000, 3.7994851E+000, 3.6140765E+000, 3.5839303E+000, 3.4829006E+000, 3.3661554E+000, 3.3232350E+000, 3.3025750E+000, 3.3437525E+000, 3.4164937E+000, 3.5542801E+000, 3.6120667E+000, 2.4837721E+000, 3.2918634E+000, 4.4157864E+000, 6.1890473E+000, 5.9716993E+000, 8.2758478E+000, 9.9697684E+000, 1.0739606E+001, 8.6378522E+000, 7.9968984E+000, 8.1570489E+004, 6.0124789E-001, 1.4576510E+001, 3.2833598E+001
 2.1200510E+002, 2.0000178E+001, 2.0000920E+001, 2.0006701E+001, 2.0031109E+001, 2.0060697E+001, 2.0104107E+001, 2.0165930E+001, 2.0272885E+001, 2.0473947E+001, 2.0869002E+001, 2.1656450E+001, 2.3285900E+001, 2.6304790E+001, 2.9974239E+001, 4.3529562E+001, 7.3277591E+001, 2.8022060E+002, 4.4817390E+002, 5.8990922E+002, 6.3974254E+002, 3.7512199E+002, 2.8490039E+002, 2.5506656E+002, 4.1182696E+000, 4.0007055E+000, 3.8956735E+000, 3.8408638E+000, 3.7541343E+000, 3.7193165E+000, 3.6650715E+000, 3.5397999E+000, 3.4818990E+000, 3.5254593E+000, 3.6678327E+000, 3.8315219E+000, 3.9805676E+000, 4.1998671E+000, 4.3317708E+000, 4.0445916E+000, 4.6057922E+000, 7.2959242E+000, 8.9905687E+000, 1.0591348E+001, 1.1900567E+001, 9.9665078E+000, 9.7087660E+000, 8.0056620E+004, 5.7599263E-001, 1.4199288E+001, 2.4975923E+001
 2.1300529E+002, 2.0000055E+001, 2.0000996E+001, 2.0006798E+001, 2.0033077E+001, 2.0060998E+001, 2.0106660E+001, 2.0175965E+001, 2.0284007E+001, 2.0494742E+001, 2.0917124E+001, 2.1789145E+001, 2.3445765E+001, 2.6328812E+001, 2.9879893E+001, 3.6938412E+001, 5.5946308E+001, 9.9761954E+001, 1.4805656E+002, 3.1789353E+002, 3.8698920E+002, 2.9214831E+002, 2.6985458E+002, 2.3497583E+002, 4.1416883E+000, 4.0227462E+000, 3.9286970E+000, 3.8802517E+000, 3.8719350E+000, 3.7700272E+000, 3.7060913E+000, 3.6911931E+000, 3.6047832E+000, 3.5340981E+000, 3.6356150E+000, 3.7894561E+000, 3.9028391E+000, 4.0870197E+000, 4.1790316E+000, 4.4024014E+000, 4.7758417E+000, 5.9008536E+000, 7.0960713E+000, 8.8976339E+000, 9.2048875E+000, 1.0257255E+001, 9.0208232E+000, 8.0087230E+004, 6.3728896E-001, 1.4800261E+001, 2.8945641E+001
 2.1400692E+002, 2.0000210E+001, 2.0000888E+001, 2.0007044E+001, 2.0033755E+001, 2.0063479E+001, 2.0108881E+001, 2.0174993E+001, 2.0289011E+001, 2.0499040E+001, 2.0888430E+001, 2.1729438E+001, 2.3433178E+001, 2.6241322E+001, 3.0085637E+001, 5.5685386E+001, 2.0440419E+002, 3.0904268E+002, 2.6187054E+002, 3.4817539E+002, 3.7849832E+002, 3.2669322E+002, 2.5252210E+002, 2.3952506E+002, 4.0745706E+000, 3.9324977E+000, 3.8082755E+000, 3.6834696E+000, 3.6447562E+000, 3.6465040E+000, 3.5925557E+000, 3.4788294E+000, 3.4405427E+000, 3.4817476E+000, 3.4552302E+000, 3.5607762E+000, 3.6949783E+000, 3.6102668E+000, 3.5312708E+000, 3.8025282E+000, 5.0928464E+000, 5.5295404E+000, 5.0462262E+000, 5.7560825E+000, 8.8748513E+000, 8.5147531E+000, 8.5851353E+000, 7.9277096E+004, 6.4804227E-001, 1.3693328E+001, 3.2643868E+001
 2.1500161E+002, 2.0000108E+001, 2.0001066E+001, 2.0006952E+001, 2.0034118E+001, 2.0063928E+001, 2.0108711E+001, 2.0175736E+001, 2.0282801E+001, 2.0485338E+001, 2.0883285E+001, 2.1676847E+001, 2.3341015E+001, 2.6187314E+001, 3.0250951E+001, 4.0046014E+001, 8.0046922E+001, 2.5976689E+002, 4.9286994E+002, 5.1757290E+002, 4.1267440E+002, 3.3957042E+002, 2.5679192E+002, 2.6743593E+002, 4.1568761E+000, 4.0551923E+000, 3.9454638E+000, 3.8504025E+000, 3.8087262E+000, 3.7917170E+000, 3.7945680E+000, 3.8208154E+000, 3.7384109E+000, 3.6601949E+000, 3.7789617E+000, 3.8407454E+000, 3.8736263E+000, 4.0878008E+000, 4.4051840E+000, 4.9834790E+000, 5.1575280E+000, 5.0766108E+000, 6.4520205E+000, 9.3369864E+000, 9.5940271E+000, 8.8628466E+000, 8.7530205E+000, 8.4521738E+004, 6.1299351E-001, 1.3863778E+001, 2.3680506E+001
 2.1600201E+002, 1.9999771E+001, 2.0000900E+001, 2.0006849E+001, 2.0033948E+001, 2.0064687E+001, 2.0113418E+001, 2.0185744E+001, 2.0300288E+001, 2.0507144E+001, 2.0880195E+001, 2.1680070E+001, 2.3319920E+001, 2.6023005E+001, 3.0282416E+001, 3.9772283E+001, 7.3677079E+001, 2.8942900E+002, 2.7585798E+002, 3.2052962E+002, 4.0958384E+002, 2.7957282E+002, 2.9936414E+002, 2.3548883E+002, 4.1187946E+000, 3.9794616E+000, 3.8544075E+000, 3.7422445E+000, 3.6909635E+000, 3.6469328E+000, 3.6326130E+000, 3.5985204E+000, 3.6152521E+000, 3.6203953E+000, 3.5900814E+000, 3.7143141E+000, 3.8540949E+000, 3.9429902E+000, 3.9080203E+000, 3.2315599E+000, 4.5396464E+000, 7.4448529E+000, 8.7286474E+000, 7.9486611E+000, 8.6083026E+000, 9.1271171E+000, 8.1328456E+000, 7.5861345E+004, 6.4825570E-001, 1.4002232E+001, 3.7671664E+001
 2.1700253E+002, 1.9999914E+001, 2.0000439E+001, 2.0006696E+001, 2.0032726E+001, 2.0061934E+001, 2.0108186E+001, 2.0178432E+001, 2.0294956E+001, 2.0497246E+001, 2.0878133E+001, 2.1671675E+001, 2.3296929E+001, 2.6010612E+001, 2.9832277E+001, 3.7126901E+001, 6.8449135E+001, 1.5118009E+002, 1.9617120E+002, 2.9356399E+002, 3.0317034E+002, 3.0404321E+002, 2.3508599E+002, 2.2788382E+002, 4.1068770E+000, 3.9871620E+000, 3.8586490E+000, 3.7488172E+000, 3.6971485E+000, 3.6529290E+000, 3.5823127E+000, 3.5575332E+000, 3.5598803E+000, 3.5928369E+000, 3.7393585E+000, 3.8016103E+000, 3.8215079E+000, 3.9111981E+000, 4.0384597E+000, 3.8843894E+000, 4.3469227E+000, 5.5688795E+000, 7.3858282E+000, 7.6244994E+000, 8.4260640E+000, 7.9139284E+000, 8.1149577E+000, 7.9216454E+004, 6.3896588E-001, 1.4029810E+001, 3.4559054E+001
 2.1800540E+002, 2.0000330E+001, 2.0000540E+001, 2.0006181E+001, 2.0033459E+001, 2.0063317E+001, 2.0108782E+001, 2.0177778E+001, 2.0290674E+001, 2.0497916E+001, 2.0892214E+001, 2.1683601E+001, 2.3308956E+001, 2.5802132E+001, 4.0403662E+001, 6.0451737E+001, 7.9886891E+001, 1.9820692E+002, 2.8424319E+002, 3.2567240E+002, 3.1354987E+002, 3.1502699E+002, 2.8582422E+002, 2.3834849E+002, 4.1575338E+000, 4.0681738E+000, 3.9711476E+000, 3.8789860E+000, 3.8269856E+000, 3.7854086E+000, 3.7403586E+000, 3.7010758E+000, 3.6784157E+000, 3.7363198E+000, 3.8503892E+000, 3.9657947E+000, 4.0387957E+000, 4.0636552E+000, 4.5274133E+000, 4.6464215E+000, 4.0470838E+000, 5.7723220E+000, 7.4985196E+000, 8.7366527E+000, 7.6765849E+000, 8.5234282E+000, 8.3841765E+000, 8.6242732E+004, 6.1768156E-001, 1.4669642E+001, 3.6779766E+001
 2.1900104E+002, 2.0000020E+001, 2.0001197E+001, 2.0005875E+001, 2.0032213E+001, 2.0062253E+001, 2.0107940E+001, 2.0175473E+001, 2.0287231E+001, 2.0504368E+001, 2.0918157E+001, 2.1770028E+001, 2.3398861E+001, 2.5978793E+001, 2.9744032E+001, 1.4368990E+002, 4.4419549E+002, 4.5506673E+002, 4.6819213E+002, 4.5147254E+002, 3.9972670E+002, 3.7734845E+002, 3.0872172E+002, 2.6098764E+002, 4.1006029E+000, 3.9597429E+000, 3.8899858E+000, 3.7435779E+000, 3.6871451E+000, 3.6255998E+000, 3.5850915E+000, 3.5446430E+000, 3.5087584E+000, 3.4990888E+000, 3.5851350E+000, 3.7765578E+000, 3.9165356E+000, 3.8887118E+000, 3.9178529E+000, 3.9673679E+000, 6.1227250E+000, 5.3166538E+000, 6.1644795E+000, 7.3456216E+000, 1.0211417E+001, 7.6086549E+000, 7.3923578E+000, 8.1530632E+004, 6.4179875E-001, 1.6124685E+001, 4.7946213E+001
 2.2000671E+002, 1.9999680E+001, 2.0000745E+001, 2.0006673E+001, 2.0029478E+001, 2.0057028E+001, 2.0103359E+001, 2.0171046E+001, 2.0277480E+001, 2.0471859E+001, 2.0864688E+001, 2.1698022E+001, 2.3389740E+001, 2.6229710E+001, 3.0179819E+001, 7.5648775E+001, 2.2436547E+002, 3.5229330E+002, 3.5303298E+002, 4.5793649E+002, 5.1520685E+002, 2.8393776E+002, 2.3803990E+002, 2.9495639E+002, 4.1371517E+000, 3.9873529E+000, 3.8687556E+000, 3.8229400E+000, 3.7512633E+000, 3.6677062E+000, 3.6117966E+000, 3.5646571E+000, 3.5439584E+000, 3.5301207E+000, 3.6072083E+000, 3.7277781E+000, 3.8220125E+000, 3.8304030E+000, 3.7201279E+000, 4.4631589E+000, 6.3805195E+000, 7.9747250E+000, 7.5965986E+000, 1.1041660E+001, 8.9193349E+000, 8.8966926E+000, 9.2876539E+000, 8.0460484E+004, 5.9266929E-001, 1.4440197E+001, 3.5433327E+001
 2.2100606E+002, 1.9999427E+001, 2.0000307E+001, 2.0006263E+001, 2.0031377E+001, 2.0056900E+001, 2.0096211E+001, 2.0160356E+001, 2.0270721E+001, 2.0466676E+001, 2.0840747E+001, 2.1597677E+001, 2.3264485E+001, 2.6256707E+001, 3.0643005E+001, 7.1319893E+001, 1.8519294E+002, 3.7584010E+002, 6.4402767E+002, 6.3147113E+002, 4.2693101E+002, 3.2290106E+002, 2.7182557E+002, 2.2871466E+002, 4.1454985E+000, 4.0477421E+000, 3.9013546E+000, 3.8221791E+000, 3.8280951E+000, 3.8045329E+000, 3.7052688E+000, 3.6170898E+000, 3.5787043E+000, 3.6071402E+000, 3.6857846E+000, 3.7792278E+000, 3.8746922E+000, 3.9822963E+000, 4.0962384E+000, 3.7938856E+000, 4.7231657E+000, 7.2197458E+000, 1.1043330E+001, 1.0842748E+001, 9.0091043E+000, 8.9630254E+000, 9.2914516E+000, 7.3752462E+004, 5.4894063E-001, 1.3232720E+001, 3.0905519E+001
 2.2200214E+002, 1.9999785E+001, 1.9999946E+001, 2.0005820E+001, 2.0032454E+001, 2.0061923E+001, 2.0104544E+001, 2.0165310E+001, 2.0267787E+001, 2.0471297E+001, 2.0862419E+001, 2.1676632E+001, 2.3315675E+001, 2.6295410E+001, 3.0034347E+001, 5.1637553E+001, 1.4513654E+002, 2.1866366E+002, 2.9551833E+002, 3.9167020E+002, 4.1083045E+002, 3.2342067E+002, 2.5728577E+002, 2.5487567E+002, 4.0974937E+000, 4.0687119E+000, 3.9531850E+000, 3.7993372E+000, 3.7721597E+000, 3.7775387E+000, 3.8031400E+000, 3.7533907E+000, 3.6485096E+000, 3.6230344E+000, 3.7005721E+000, 3.8227812E+000, 3.9196497E+000, 4.0313297E+000, 4.0817970E+000, 5.0987638E+000, 5.7608168E+000, 5.0837734E+000, 8.1073296E+000, 1.1195394E+001, 1.0985428E+001, 9.2504205E+000, 8.8397991E+000, 8.2867072E+004, 6.4980843E-001, 1.4318763E+001, 2.9244751E+001
 2.2300110E+002, 1.9999829E+001, 2.0000342E+001, 2.0005293E+001, 2.0031151E+001, 2.0061116E+001, 2.0108370E+001, 2.0176148E+001, 2.0279127E+001, 2.0474433E+001, 2.0866860E+001, 2.1721780E+001, 2.3449053E+001, 2.6391121E+001, 2.9946580E+001, 7.1768327E+001, 1.4889626E+002, 3.3379771E+002, 4.2234438E+002, 3.8078986E+002, 3.9381640E+002, 2.8425567E+002, 2.5630820E+002, 2.4915002E+002, 4.0984044E+000, 3.9514073E+000, 3.9402978E+000, 3.7996608E+000, 3.6974527E+000, 3.6269639E+000, 3.6319373E+000, 3.6760436E+000, 3.6934173E+000, 3.6121113E+000, 3.6125076E+000, 3.7216664E+000, 3.8370075E+000, 3.9044748E+000, 3.4879681E+000, 4.7572491E+000, 5.0090875E+000, 5.8839171E+000, 6.4106778E+000, 7.3456854E+000, 9.7675911E+000, 8.9998538E+000, 9.0262605E+000, 7.8101440E+004, 6.4965896E-001, 1.4702036E+001, 3.1838229E+001
 2.2400350E+002, 2.0000072E+001, 2.0000511E+001, 2.0005659E+001, 2.0029338E+001, 2.0056456E+001, 2.0099176E+001, 2.0167329E+001, 2.0278539E+001, 2.0484515E+001, 2.0865417E+001, 2.1685906E+001, 2.3437106E+001, 2.6094983E+001, 2.9593029E+001, 3.7876155E+001, 8.3908113E+001, 1.5312318E+002, 2.9886853E+002, 4.3405779E+002, 4.9836525E+002, 3.0492295E+002, 2.3268822E+002, 2.1843191E+002, 4.1141076E+000, 4.0500389E+000, 3.9169811E+000, 3.9254888E+000, 3.8577643E+000, 3.7706263E+000, 3.6639173E+000, 3.6455554E+000, 3.6781779E+000, 3.7772869E+000, 3.8448771E+000, 3.8446901E+000, 3.8827761E+000, 4.0100420E+000, 4.2594436E+000, 4.2367323E+000, 4.8104412E+000, 5.5178654E+000, 9.4741277E+000, 1.0181279E+001, 9.3848955E+000, 8.9987048E+000, 9.0713817E+000, 8.3820583E+004, 5.8130072E-001, 1.4319478E+001, 3.4396074E+001
 2.2500273E+002, 2.0000087E+001, 2.0000743E+001, 2.0005844E+001, 2.0029738E+001, 2.0055602E+001, 2.0097274E+001, 2.0159775E+001, 2.0270343E+001, 2.0481552E+001, 2.0877381E+001, 2.1671091E+001, 2.3210546E+001, 2.5847947E+001, 2.9968296E+001, 3.7811123E+001, 1.1132472E+002, 2.9140599E+002, 4.2410164E+002, 4.2481830E+002, 4.7157753E+002, 3.4818663E+002, 3.3069546E+002, 2.4345812E+002, 4.0805143E+000, 3.9787080E+000, 3.9221900E+000, 3.8035946E+000, 3.8261902E+000, 3.7806362E+000, 3.6922069E+000, 3.5655437E+000, 3.5021042E+000, 3.5380168E+000, 3.7195639E+000, 3.8870984E+000, 3.9099798E+000, 3.8639453E+000, 3.6968842E+000, 3.7495577E+000, 4.0120032E+000, 5.0825135E+000, 7.8362169E+000, 9.6229467E+000, 9.4492537E+000, 9.0354686E+000, 7.8963211E+000, 7.7970374E+004, 5.8913099E-001, 1.3450204E+001, 3.4772925E+001
 2.2600196E+002, 2.0000179E+001, 2.0000902E+001, 2.0006184E+001, 2.0030418E+001, 2.0057551E+001, 2.0096559E+001, 2.0156144E+001, 2.0256667E+001, 2.0450838E+001, 2.0865857E+001, 2.1715189E+001, 2.3338682E+001, 2.5881661E+001, 2.9940693E+001, 3.8980146E+001, 1.9534845E+002, 2.6084756E+002, 3.3652372E+002, 4.0486315E+002, 4.3324124E+002, 3.0959788E+002, 2.7806594E+002, 2.9066260E+002, 4.1325040E+000, 3.9984594E+000, 3.9649042E+000, 3.9131033E+000, 3.8241857E+000, 3.8610841E+000, 3.8749818E+000, 3.8075595E+000, 3.7226253E+000, 3.6459962E+000, 3.7594527E+000, 3.8946055E+000, 4.0635781E+000, 4.1139982E+000, 3.8314987E+000, 3.3265953E+000, 4.2724748E+000, 6.6125083E+000, 6.2708886E+000, 8.2108088E+000, 9.1882136E+000, 9.6739794E+000, 8.9148425E+000, 7.7572229E+004, 5.8936769E-001, 1.4283193E+001, 3.0766306E+001
 2.2700094E+002, 2.0000195E+001, 2.0001058E+001, 2.0006854E+001, 2.0032039E+001, 2.0060044E+001, 2.0104941E+001, 2.0169988E+001, 2.0274839E+001, 2.0473767E+001, 2.0858201E+001, 2.1698522E+001, 2.3298185E+001, 2.6090681E+001, 3.0358525E+001, 3.6894081E+001, 7.3721182E+001, 1.6923467E+002, 2.8508227E+002, 4.1618405E+002, 3.9496311E+002, 2.8613278E+002, 2.1569611E+002, 2.2268022E+002, 4.1178581E+000, 3.9818661E+000, 3.8624248E+000, 3.8778978E+000, 3.8974440E+000, 3.7833122E+000, 3.7369807E+000, 3.7875043E+000, 3.7706282E+000, 3.7443107E+000, 3.6979894E+000, 3.8248845E+000, 3.9529882E+000, 4.1334115E+000, 4.2328945E+000, 3.9802958E+000, 5.8344829E+000, 7.4316721E+000, 6.8932021E+000, 7.8127442E+000, 9.6560939E+000, 8.4622677E+000, 9.0415066E+000, 8.1415242E+004, 6.4716192E-001, 1.4147558E+001, 3.5048925E+001
 2.2800068E+002, 1.9999851E+001, 2.0001085E+001, 2.0006942E+001, 2.0033329E+001, 2.0062458E+001, 2.0106022E+001, 2.0174865E+001, 2.0290926E+001, 2.0496426E+001, 2.0871197E+001, 2.1672325E+001, 2.3183382E+001, 2.6048561E+001, 3.0097035E+001, 6.7579711E+001, 9.1040090E+001, 1.4912319E+002, 2.1670602E+002, 2.9364321E+002, 4.3937940E+002, 3.3289406E+002, 2.7867103E+002, 2.0712644E+002, 4.1375267E+000, 3.9846110E+000, 3.8527293E+000, 3.7357582E+000, 3.7676391E+000, 3.8313540E+000, 3.8130807E+000, 3.6939590E+000, 3.7178994E+000, 3.7833439E+000, 3.8467377E+000, 3.8940621E+000, 3.9114864E+000, 4.0102568E+000, 3.8853155E+000, 5.1044387E+000, 5.3195248E+000, 8.2538290E+000, 8.5053929E+000, 7.4756353E+000, 9.8733166E+000, 9.7554186E+000, 7.9367111E+000, 8.0594085E+004, 6.8217919E-001, 1.4597823E+001, 3.5037716E+001
 2.2900487E+002, 1.9999819E+001, 2.0000602E+001, 2.0006952E+001, 2.0033156E+001, 2.0062205E+001, 2.0108539E+001, 2.0175026E+001, 2.0283516E+001, 2.0492799E+001, 2.0887879E+001, 2.1682633E+001, 2.3208182E+001, 2.5931605E+001, 2.9821410E+001, 4.0747803E+001, 3.2844814E+002, 3.1601395E+002, 2.9380716E+002, 4.5308554E+002, 4.1086950E+002, 2.9960334E+002, 2.4439528E+002, 2.2735768E+002, 4.1539312E+000, 4.0275353E+000, 3.8868831E+000, 3.7767694E+000, 3.7214305E+000, 3.6957867E+000, 3.7620428E+000, 3.8388615E+000, 3.7635266E+000, 3.7201862E+000, 3.8660257E+000, 4.0013034E+000, 4.0894067E+000, 4.0891592E+000, 4.0610683E+000, 2.4719402E+000, 4.6447584E+000, 4.4905925E+000, 7.1756198E+000, 9.3462504E+000, 1.0607913E+001, 8.6976414E+000, 8.2608495E+000, 8.1923862E+004, 6.2744797E-001, 1.4251011E+001, 3.0611003E+001
 2.3000674E+002, 1.9999745E+001, 2.0000587E+001, 2.0006684E+001, 2.0034277E+001, 2.0064417E+001, 2.0111176E+001, 2.0182336E+001, 2.0299043E+001, 2.0502095E+001, 2.0885752E+001, 2.1693616E+001, 2.3291446E+001, 2.6193312E+001, 3.0701038E+001, 4.2272061E+001, 1.8763511E+002, 2.0831546E+002, 3.1081128E+002, 4.7905096E+002, 3.7075114E+002, 3.5190813E+002, 2.7238462E+002, 2.1982207E+002, 4.1442793E+000, 4.0184858E+000, 3.8611096E+000, 3.7573595E+000, 3.6897159E+000, 3.6573861E+000, 3.5831867E+000, 3.6159794E+000, 3.7144092E+000, 3.7957352E+000, 3.7969090E+000, 3.9128708E+000, 4.0613945E+000, 4.1813828E+000, 3.9921615E+000, 4.2094166E+000, 4.6071499E+000, 6.2719929E+000, 8.5578052E+000, 8.7875685E+000, 9.9712285E+000, 1.0728835E+001, 8.7457265E+000, 7.9309377E+004, 6.5223469E-001, 1.4797246E+001, 3.0336859E+001
 2.3100300E+002, 2.0000108E+001, 2.0000407E+001, 2.0006127E+001, 2.0033389E+001, 2.0064483E+001, 2.0110413E+001, 2.0182169E+001, 2.0296742E+001, 2.0513362E+001, 2.0900236E+001, 2.1661597E+001, 2.3283573E+001, 2.6106109E+001, 3.0760031E+001, 3.9106492E+001, 4.8269216E+001, 1.4204917E+002, 2.4335107E+002, 3.5683800E+002, 4.7728488E+002, 3.7116654E+002, 2.6710113E+002, 2.6319680E+002, 4.1502863E+000, 4.0865848E+000, 3.9942451E+000, 3.7948894E+000, 3.7678584E+000, 3.7353356E+000, 3.7169574E+000, 3.6714208E+000, 3.6576045E+000, 3.7656618E+000, 3.9741697E+000, 4.0721319E+000, 4.1237757E+000, 4.3243139E+000, 4.4338169E+000, 4.4110765E+000, 5.1210478E+000, 5.4699280E+000, 5.9568597E+000, 9.3569885E+000, 1.0134543E+001, 9.1252891E+000, 9.9082840E+000, 7.7854986E+004, 6.1722130E-001, 1.4022548E+001, 3.3520313E+001
 2.3200693E+002, 2.0000220E+001, 2.0000843E+001, 2.0005993E+001, 2.0031180E+001, 2.0060070E+001, 2.0108986E+001, 2.0176252E+001, 2.0287804E+001, 2.0494238E+001, 2.0886673E+001, 2.1724364E+001, 2.3282272E+001, 2.6057120E+001, 2.9967859E+001, 6.9302612E+001, 1.9169266E+002, 1.4855881E+002, 2.0527833E+002, 2.8744094E+002, 3.6060890E+002, 2.9675802E+002, 2.8285520E+002, 2.5951572E+002, 4.0999969E+000, 4.0106461E+000, 3.9486039E+000, 3.8452300E+000, 3.7089657E+000, 3.5981529E+000, 3.6056461E+000, 3.5636572E+000, 3.5453654E+000, 3.5211704E+000, 3.6402497E+000, 3.8811831E+000, 4.0586068E+000, 4.0328122E+000, 3.8760215E+000, 4.6053006E+000, 4.2725884E+000, 5.1458693E+000, 5.4186765E+000, 7.2181929E+000, 8.1093508E+000, 9.5122062E+000, 8.3535071E+000, 7.9434480E+004, 6.0979433E-001, 1.3982648E+001, 3.4544540E+001
 2.3300251E+002, 2.0000299E+001, 2.0001018E+001, 2.0006628E+001, 2.0031077E+001, 2.0058643E+001, 2.0101534E+001, 2.0171040E+001, 2.0287602E+001, 2.0484490E+001, 2.0875354E+001, 2.1721942E+001, 2.3332101E+001, 2.6394514E+001, 2.9993739E+001, 1.6815826E+002, 2.9819637E+002, 4.0082509E+002, 3.6344304E+002, 3.5312508E+002, 4.9730712E+002, 3.4648343E+002, 2.8869842E+002, 2.4296935E+002, 4.0915797E+000, 3.9928026E+000, 3.9273100E+000, 3.9073007E+000, 3.8540476E+000, 3.7700336E+000, 3.5723804E+000, 3.5558646E+000, 3.5585443E+000, 3.5848332E+000, 3.6645387E+000, 3.7885957E+000, 3.9398273E+000, 3.9706427E+000, 3.4493073E+000, 4.7033035E+000, 4.9396547E+000, 6.2599881E+000, 7.8311067E+000, 8.9512598E+000, 9.4820832E+000, 9.4166148E+000, 8.2874816E+000, 8.0818734E+004, 6.3525136E-001, 1.4609916E+001, 4.2639254E+001
 2.3400678E+002, 2.0000186E+001, 2.0001182E+001, 2.0006661E+001, 2.0032335E+001, 2.0060015E+001, 2.0102334E+001, 2.0169783E+001, 2.0282555E+001, 2.0506555E+001, 2.0912657E+001, 2.1723419E+001, 2.3365941E+001, 2.6275919E+001, 3.0338202E+001, 3.8700160E+001, 9.1097113E+001, 2.0215534E+002, 4.5402199E+002, 5.5782301E+002, 5.0236967E+002, 3.1827284E+002, 2.5370596E+002, 2.7134859E+002, 4.1104410E+000, 3.9724619E+000, 3.8955898E+000, 3.8563764E+000, 3.8441238E+000, 3.8484348E+000, 3.7742798E+000, 3.6046938E+000, 3.4755161E+000, 3.5568959E+000, 3.6506786E+000, 3.7706463E+000, 3.8670386E+000, 4.0861305E+000, 4.3255786E+000, 4.3801880E+000, 4.0499227E+000, 5.5960384E+000, 8.3571771E+000, 1.0876020E+001, 9.9094980E+000, 9.6775877E+000, 9.0581487E+000, 8.0794246E+004, 5.9532627E-001, 1.4072144E+001, 2.9683258E+001
 2.3500157E+002, 2.0000159E+001, 2.0001037E+001, 2.0007033E+001, 2.0032847E+001, 2.0062373E+001, 2.0105109E+001, 2.0169182E+001, 2.0272939E+001, 2.0482804E+001, 2.0904408E+001, 2.1799221E+001, 2.3505993E+001, 2.6566069E+001, 3.0432315E+001, 9.3045908E+001, 1.5021892E+002, 1.6621410E+002, 2.3604557E+002, 3.0610261E+002, 3.5255010E+002, 3.9612239E+002, 3.1359309E+002, 2.1068805E+002, 4.0946763E+000, 3.9584812E+000, 3.8401600E+000, 3.7530169E+000, 3.7423714E+000, 3.7366751E+000, 3.7659427E+000, 3.7216907E+000, 3.6213131E+000, 3.4176285E+000, 3.5252821E+000, 3.7018140E+000, 3.8433828E+000, 3.8881721E+000, 3.8724290E+000, 4.8271784E+000, 5.6740161E+000, 5.2929604E+000, 5.2593926E+000, 6.3795127E+000, 1.0729749E+001, 9.9943612E+000, 9.4460426E+000, 8.2479196E+004, 6.2120275E-001, 1.5307263E+001, 2.9413285E+001
 2.3600428E+002, 2.0000424E+001, 2.0000953E+001, 2.0007057E+001, 2.0033596E+001, 2.0062145E+001, 2.0107958E+001, 2.0173190E+001, 2.0276782E+001, 2.0464812E+001, 2.0848441E+001, 2.1741529E+001, 2.3479693E+001, 2.6660232E+001, 3.0156054E+001, 4.0522076E+001, 5.1062165E+001, 1.7295209E+002, 3.7428801E+002, 4.3886964E+002, 4.5993296E+002, 3.0369961E+002, 2.7276017E+002, 3.0339679E+002, 4.0941979E+000, 4.0074065E+000, 3.8732741E+000, 3.7807361E+000, 3.7619507E+000, 3.7121381E+000, 3.7340815E+000, 3.7366212E+000, 3.7829070E+000, 3.7407981E+000, 3.6794103E+000, 3.7047351E+000, 3.8348544E+000, 3.9492778E+000, 4.1430114E+000, 4.6765418E+000, 5.1898292E+000, 6.3793172E+000, 7.8539019E+000, 9.9697551E+000, 7.4440452E+000, 8.1943167E+000, 9.1699231E+000, 7.6043822E+004, 5.9771106E-001, 1.4575664E+001, 3.6916403E+001
 2.3700454E+002, 1.9999606E+001, 2.0001354E+001, 2.0006999E+001, 2.0034287E+001, 2.0063313E+001, 2.0105921E+001, 2.0168911E+001, 2.0277118E+001, 2.0475142E+001, 2.0869237E+001, 2.1704874E+001, 2.3473576E+001, 2.6318309E+001, 2.9691381E+001, 4.0656346E+001, 2.0044971E+002, 3.7804169E+002, 3.9429747E+002, 4.4946268E+002, 4.0580089E+002, 3.8231350E+002, 3.2525579E+002, 2.6556269E+002, 4.1558319E+000, 3.9624679E+000, 3.8683323E+000, 3.7360277E+000, 3.7011316E+000, 3.6838527E+000, 3.6307207E+000, 3.6332963E+000, 3.6518343E+000, 3.7423734E+000, 3.8205874E+000, 3.8477474E+000, 3.8308202E+000, 4.0113614E+000, 3.8275332E+000, 3.0829482E+000, 4.9384767E+000, 6.8245697E+000, 7.5383592E+000, 8.0778990E+000, 1.0118298E+001, 9.4879328E+000, 7.9436109E+000, 8.0521411E+004, 5.9530497E-001, 1.5048438E+001, 2.5818447E+001
 2.3800003E+002, 2.0000023E+001, 2.0000339E+001, 2.0007205E+001, 2.0032631E+001, 2.0062352E+001, 2.0108388E+001, 2.0175097E+001, 2.0278712E+001, 2.0479222E+001, 2.0876254E+001, 2.1696934E+001, 2.3366925E+001, 2.6010078E+001, 2.9783846E+001, 1.1154552E+002, 1.5502531E+002, 3.0052060E+002, 3.7475855E+002, 5.1979296E+002, 4.9789922E+002, 3.1837653E+002, 2.8124718E+002, 2.9190950E+002, 4.1318934E+000, 4.0178331E+000, 3.8585830E+000, 3.7594958E+000, 3.6921730E+000, 3.6380796E+000, 3.6144499E+000, 3.5917461E+000, 3.5495268E+000, 3.6199296E+000, 3.7388154E+000, 3.9717993E+000, 4.0454569E+000, 3.9346617E+000, 3.5072257E+000, 4.7489113E+000, 4.9401385E+000, 6.6222871E+000, 6.3080084E+000, 1.0784898E+001, 1.0085235E+001, 9.6127244E+000, 9.6302346E+000, 8.2691685E+004, 5.9779579E-001, 1.3755711E+001, 3.6979220E+001
 2.3900596E+002, 2.0000154E+001, 2.0000623E+001, 2.0005961E+001, 2.0032489E+001, 2.0060069E+001, 2.0105018E+001, 2.0174453E+001, 2.0287162E+001, 2.0490106E+001, 2.0877190E+001, 2.1679904E+001, 2.3388989E+001, 2.5988249E+001, 2.9559346E+001, 3.6243651E+001, 7.1289197E+001, 1.4943302E+002, 3.5508923E+002, 5.1209052E+002, 5.8122650E+002, 3.8595966E+002, 2.6911020E+002, 2.1288894E+002, 4.1173327E+000, 4.0474589E+000, 3.8856136E+000, 3.7808372E+000, 3.7423045E+000, 3.6781264E+000, 3.6256376E+000, 3.5997089E+000, 3.5942418E+000, 3.5976453E+000, 3.7260409E+000, 3.8532276E+000, 4.0895893E+000, 4.3416890E+000, 4.3940596E+000, 4.6815944E+000, 5.5808493E+000, 6.7038951E+000, 8.5049272E+000, 1.0794666E+001, 1.0061754E+001, 9.0361340E+000, 8.4300471E+000, 7.5832453E+004, 6.1466081E-001, 1.3761570E+001, 2.5980141E+001
 2.4000232E+002, 2.0000179E+001, 2.0001045E+001, 2.0006166E+001, 2.0033347E+001, 2.0065337E+001, 2.0111379E+001, 2.0180558E+001, 2.0298134E+001, 2.0517587E+001, 2.0913087E+001, 2.1740686E+001, 2.3451736E+001, 2.6303310E+001, 3.0273287E+001, 3.7701714E+001, 9.9350622E+001, 2.1026678E+002, 2.9796230E+002, 4.5060480E+002, 4.0623711E+002, 3.1701240E+002, 2.6437257E+002, 2.6244303E+002, 4.1190449E+000, 4.0033246E+000, 3.9896025E+000, 3.7674953E+000, 3.7270020E+000, 3.7135740E+000, 3.6491153E+000, 3.6004864E+000, 3.5763260E+000, 3.5992404E+000, 3.6978145E+000, 3.8164165E+000, 3.9584203E+000, 4.1130364E+000, 4.3310587E+000, 4.1011861E+000, 5.8180294E+000, 7.6056663E+000, 8.5143811E+000, 8.6684167E+000, 1.0104575E+001, 9.2939213E+000, 9.0868258E+000, 8.0105611E+004, 6.3361081E-001, 1.4068144E+001, 2.9053172E+001
 2.4100033E+002, 2.0000315E+001, 2.0000977E+001, 2.0006962E+001, 2.0031728E+001, 2.0060873E+001, 2.0110168E+001, 2.0181655E+001, 2.0291975E+001, 2.0505264E+001, 2.0910347E+001, 2.1790908E+001, 2.3508395E+001, 2.6115221E+001, 2.9708423E+001, 3.6141188E+001, 6.3258249E+001, 2.1573605E+002, 3.5916481E+002, 2.9774678E+002, 4.0445006E+002, 3.1661451E+002, 2.4448785E+002, 2.1110726E+002, 4.0536941E+000, 3.9261276E+000, 3.8166361E+000, 3.8359330E+000, 3.6905017E+000, 3.5485807E+000, 3.5417820E+000, 3.5052551E+000, 3.4538248E+000, 3.4506546E+000, 3.5319455E+000, 3.7014721E+000, 3.8463498E+000, 4.0037806E+000, 4.0536999E+000, 4.0944632E+000, 4.7357276E+000, 4.7785071E+000, 6.7809094E+000, 7.5758378E+000, 9.9142899E+000, 1.0059082E+001, 9.3140447E+000, 8.3240050E+004, 6.3830772E-001, 1.4415455E+001, 3.4127879E+001
 2.4200216E+002, 2.0000134E+001, 2.0001209E+001, 2.0007168E+001, 2.0035006E+001, 2.0064493E+001, 2.0109659E+001, 2.0182578E+001, 2.0304852E+001, 2.0517577E+001, 2.0939251E+001, 2.1817162E+001, 2.3547033E+001, 2.6273565E+001, 2.9726738E+001, 3.5508549E+001, 4.6060696E+001, 1.3157939E+002, 2.6826177E+002, 3.2897922E+002, 3.6861828E+002, 3.3279854E+002, 2.5292519E+002, 2.3943134E+002, 4.1401541E+000, 4.0300284E+000, 3.9421365E+000, 3.8596779E+000, 3.9189047E+000, 3.9216917E+000, 3.7290873E+000, 3.6711345E+000, 3.6713361E+000, 3.6560726E+000, 3.7455760E+000, 3.8728209E+000, 4.0054402E+000, 4.1986487E+000, 4.5228863E+000, 4.5611551E+000, 3.8752182E+000, 6.2139646E+000, 7.0832042E+000, 7.5756240E+000, 8.8114681E+000, 9.0395541E+000, 9.1243694E+000, 7.6673365E+004, 6.2601971E-001, 1.5127142E+001, 3.0545253E+001
 2.4300228E+002, 2.0000072E+001, 2.0001050E+001, 2.0007664E+001, 2.0036429E+001, 2.0069384E+001, 2.0119500E+001, 2.0188471E+001, 2.0305331E+001, 2.0534994E+001, 2.0976599E+001, 2.1881164E+001, 2.3610173E+001, 2.6434504E+001, 3.0200613E+001, 3.7782828E+001, 2.6863732E+002, 3.1889233E+002, 2.7281323E+002, 3.0638916E+002, 3.1156865E+002, 3.4001592E+002, 3.0746892E+002, 2.3694348E+002, 4.0789119E+000, 3.9276253E+000, 3.8048083E+000, 3.7155632E+000, 3.6512829E+000, 3.6459500E+000, 3.7376002E+000, 3.5995761E+000, 3.4235444E+000, 3.4548107E+000, 3.5262692E+000, 3.6526285E+000, 3.8183194E+000, 3.9098521E+000, 3.7892590E+000, 3.6050200E+000, 7.3452394E+000, 6.8423844E+000, 6.3457390E+000, 6.8964622E+000, 9.3277793E+000, 9.8722604E+000, 8.4767110E+000, 8.3016815E+004, 6.5626793E-001, 1.5721380E+001, 2.6969093E+001
 2.4400197E+002, 2.0000270E+001, 2.0000897E+001, 2.0007432E+001, 2.0036592E+001, 2.0069571E+001, 2.0120619E+001, 2.0197439E+001, 2.0311711E+001, 2.0512925E+001, 2.0910988E+001, 2.1792174E+001, 2.3526459E+001, 2.6474157E+001, 3.0753499E+001, 3.6853505E+001, 1.8803358E+002, 3.1305918E+002, 3.2191452E+002, 3.0797576E+002, 3.6609035E+002, 3.2725858E+002, 2.5127273E+002, 2.6136228E+002, 4.0380863E+000, 3.9022261E+000, 3.7646115E+000, 3.6408920E+000, 3.5872147E+000, 3.5414834E+000, 3.4660683E+000, 3.5301305E+000, 3.5920553E+000, 3.4100272E+000, 3.4563311E+000, 3.5991944E+000, 3.6979833E+000, 3.7794744E+000, 3.8680700E+000, 3.9290018E+000, 5.2065718E+000, 7.9749621E+000, 9.1054257E+000, 8.4122952E+000, 9.3257867E+000, 7.6557100E+000, 8.0503574E+000, 8.1088082E+004, 6.6726038E-001, 1.4801171E+001, 3.9145507E+001
 2.4500656E+002, 2.0000159E+001, 2.0001134E+001, 2.0007439E+001, 2.0036926E+001, 2.0069293E+001, 2.0119152E+001, 2.0194169E+001, 2.0317265E+001, 2.0538918E+001, 2.0923392E+001, 2.1755039E+001, 2.3502089E+001, 2.6324347E+001, 3.0437706E+001, 3.9156156E+001, 1.4134120E+002, 3.2441413E+002, 4.2899871E+002, 4.2884985E+002, 3.6523375E+002, 3.0320373E+002, 2.8162679E+002, 2.5867239E+002, 4.1675769E+000, 4.0776625E+000, 3.9858697E+000, 3.8869327E+000, 3.8491021E+000, 3.8094411E+000, 3.8036374E+000, 3.7563067E+000, 3.7803281E+000, 3.9261082E+000, 3.9542928E+000, 3.9169665E+000, 3.9845093E+000, 4.1725735E+000, 4.1408981E+000, 3.5445576E+000, 3.0346169E+000, 4.5262710E+000, 6.6200919E+000, 8.8867251E+000, 1.0162571E+001, 9.8948119E+000, 8.7120643E+000, 6.7789121E+004, 5.9747234E-001, 1.4098198E+001, 2.1649983E+001
 2.4600674E+002, 2.0000246E+001, 2.0001103E+001, 2.0007526E+001, 2.0037525E+001, 2.0071183E+001, 2.0123430E+001, 2.0198521E+001, 2.0324214E+001, 2.0542240E+001, 2.0949646E+001, 2.1816153E+001, 2.3472411E+001, 2.6284280E+001, 3.0825109E+001, 4.1603118E+001, 2.1688286E+002, 2.9326247E+002, 3.2033079E+002, 3.3303735E+002, 3.4402301E+002, 3.3282791E+002, 2.9450523E+002, 2.4605896E+002, 4.0451440E+000, 3.8934126E+000, 3.7743069E+000, 3.6228550E+000, 3.5643261E+000, 3.5172784E+000, 3.4652253E+000, 3.4239687E+000, 3.3806802E+000, 3.3792039E+000, 3.5420508E+000, 3.7255222E+000, 3.7217088E+000, 3.6796795E+000, 3.3426324E+000, 2.9331099E+000, 4.7644257E+000, 4.7780524E+000, 5.5601707E+000, 6.6337391E+000, 8.8005983E+000, 9.5670455E+000, 9.2499683E+000, 8.2642933E+004, 7.1493836E-001, 1.4861233E+001, 3.2548158E+001
 2.4700811E+002, 2.0000209E+001, 2.0001182E+001, 2.0007610E+001, 2.0036075E+001, 2.0068663E+001, 2.0119776E+001, 2.0197231E+001, 2.0316020E+001, 2.0522922E+001, 2.0917942E+001, 2.1742075E+001, 2.3381416E+001, 2.6213985E+001, 3.0706874E+001, 3.8810574E+001, 5.8019737E+001, 1.8778353E+002, 3.5021603E+002, 4.2382570E+002, 4.5184453E+002, 4.1885525E+002, 2.4225639E+002, 2.6058230E+002, 4.0518197E+000, 3.8910733E+000, 3.7693491E+000, 3.6671994E+000, 3.5901276E+000, 3.5259943E+000, 3.4468513E+000, 3.4224301E+000, 3.3812187E+000, 3.4097983E+000, 3.4700718E+000, 3.6462434E+000, 3.8642845E+000, 3.9394469E+000, 4.0851272E+000, 3.9890351E+000, 3.9351881E+000, 5.0572894E+000, 4.0117028E+000, 7.7081671E+000, 9.5844001E+000, 8.6085524E+000, 8.8053818E+000, 8.3030462E+004, 6.7877168E-001, 1.3413765E+001, 3.2041314E+001
 2.4800346E+002, 2.0000178E+001, 2.0001125E+001, 2.0007919E+001, 2.0037047E+001, 2.0068807E+001, 2.0118247E+001, 2.0195761E+001, 2.0322719E+001, 2.0551068E+001, 2.0959166E+001, 2.1821186E+001, 2.3504857E+001, 2.6419379E+001, 3.0511079E+001, 3.8370435E+001, 5.0954077E+001, 7.9495346E+001, 1.5656880E+002, 2.1977843E+002, 3.7317060E+002, 3.1931939E+002, 3.3524914E+002, 2.7669719E+002, 4.1794986E+000, 4.0749145E+000, 3.9665694E+000, 3.9010761E+000, 3.8862705E+000, 3.8348448E+000, 3.7724539E+000, 3.7186344E+000, 3.7073554E+000, 3.7284838E+000, 3.8172975E+000, 3.9411808E+000, 4.0642168E+000, 4.3770348E+000, 4.7525263E+000, 4.5442266E+000, 3.8091826E+000, 3.9933197E+000, 5.0046402E+000, 4.9246218E+000, 7.1233517E+000, 1.0633571E+001, 9.8770925E+000, 8.1491066E+004, 6.7067729E-001, 1.4547204E+001, 2.4648638E+001
 2.4900336E+002, 2.0000583E+001, 2.0001061E+001, 2.0007694E+001, 2.0037849E+001, 2.0070952E+001, 2.0122191E+001, 2.0197006E+001, 2.0321124E+001, 2.0553882E+001, 2.0990760E+001, 2.1912754E+001, 2.3644143E+001, 2.6806508E+001, 3.1567324E+001, 4.0651371E+001, 9.5648798E+001, 7.1154311E+001, 1.1772128E+002, 1.7809112E+002, 2.8688012E+002, 3.5438029E+002, 3.2234106E+002, 2.5566243E+002, 4.0835281E+000, 3.9776937E+000, 3.8520578E+000, 3.7400382E+000, 3.6971954E+000, 3.6681721E+000, 3.6408703E+000, 3.5662035E+000, 3.5078457E+000, 3.5021290E+000, 3.6166854E+000, 3.7344213E+000, 3.8755168E+000, 3.9408064E+000, 3.8300105E+000, 4.1223745E+000, 4.9746071E+000, 5.8685115E+000, 6.4939281E+000, 6.3508664E+000, 7.6775422E+000, 9.9611632E+000, 8.7962623E+000, 8.0816350E+004, 6.9205912E-001, 1.5108874E+001, 3.8239229E+001
 2.5000391E+002, 2.0000373E+001, 2.0001585E+001, 2.0007357E+001, 2.0036519E+001, 2.0069022E+001, 2.0118524E+001, 2.0190587E+001, 2.0303802E+001, 2.0510454E+001, 2.0931700E+001, 2.1846518E+001, 2.3589078E+001, 2.6662335E+001, 3.0774243E+001, 3.7979165E+001, 5.6515603E+001, 2.7536173E+002, 2.5387276E+002, 3.2610480E+002, 2.9033414E+002, 2.6097205E+002, 2.6152751E+002, 3.1271823E+002, 4.0702041E+000, 3.9253835E+000, 3.8437114E+000, 3.7021152E+000, 3.6401867E+000, 3.6076219E+000, 3.5677863E+000, 3.5543409E+000, 3.5020607E+000, 3.4455470E+000, 3.4998923E+000, 3.6583167E+000, 3.7869530E+000, 3.8025338E+000, 3.7772628E+000, 3.7963551E+000, 3.4729720E+000, 3.7744926E+000, 4.7717332E+000, 7.7013687E+000, 6.5124931E+000, 6.3621983E+000, 9.0227238E+000, 7.9003631E+004, 6.8336709E-001, 1.5696920E+001, 3.1884718E+001
 2.5100539E+002, 2.0000234E+001, 2.0001403E+001, 2.0008155E+001, 2.0035768E+001, 2.0067981E+001, 2.0117347E+001, 2.0189911E+001, 2.0305030E+001, 2.0516939E+001, 2.0931797E+001, 2.1760171E+001, 2.3593362E+001, 2.6690255E+001, 3.0364724E+001, 4.5561497E+001, 1.1142616E+002, 2.6681027E+002, 3.8178156E+002, 5.4066814E+002, 5.5985174E+002, 3.4923303E+002, 2.7733726E+002, 2.5755215E+002, 4.1587052E+000, 4.0286929E+000, 3.9207838E+000, 3.8650277E+000, 3.8127066E+000, 3.7612114E+000, 3.7379844E+000, 3.7308327E+000, 3.7418496E+000, 3.7629719E+000, 3.7787054E+000, 3.8182174E+000, 3.8620906E+000, 3.9482083E+000, 4.3725666E+000, 4.1851260E+000, 4.7617819E+000, 6.1490878E+000, 7.1109347E+000, 8.3131734E+000, 8.7611199E+000, 8.8160902E+000, 7.8458578E+000, 8.2929829E+004, 5.8371814E-001, 1.3632219E+001, 2.3663873E+001
 2.5200596E+002, 2.0000232E+001, 2.0001057E+001, 2.0007513E+001, 2.0034658E+001, 2.0063826E+001, 2.0110510E+001, 2.0181582E+001, 2.0298553E+001, 2.0511117E+001, 2.0898130E+001, 2.1698937E+001, 2.3361135E+001, 2.6186956E+001, 3.0494454E+001, 8.4225561E+001, 2.5235413E+002, 2.8299025E+002, 4.1802764E+002, 3.6044254E+002, 3.9840212E+002, 3.6372569E+002, 3.2039248E+002, 2.5040779E+002, 4.0722860E+000, 3.9453399E+000, 3.7790817E+000, 3.6984373E+000, 3.6674421E+000, 3.6051553E+000, 3.5406345E+000, 3.4875663E+000, 3.4724878E+000, 3.5143718E+000, 3.6194927E+000, 3.6964654E+000, 3.7321678E+000, 3.6969349E+000, 2.4188837E+000, 2.9706971E+000, 4.1838008E+000, 7.6169280E+000, 8.9875646E+000, 8.7762502E+000, 9.1827876E+000, 8.2887223E+000, 8.8210441E+000, 7.7975954E+004, 6.2724246E-001, 1.3910788E+001, 3.1192417E+001
 2.5300152E+002, 2.0000360E+001, 2.0001063E+001, 2.0006959E+001, 2.0035192E+001, 2.0065454E+001, 2.0109771E+001, 2.0179940E+001, 2.0293870E+001, 2.0501108E+001, 2.0887956E+001, 2.1716792E+001, 2.3312610E+001, 2.5938120E+001, 2.9518464E+001, 3.8307291E+001, 1.8974514E+002, 3.3313996E+002, 3.8411155E+002, 4.5299535E+002, 4.0729510E+002, 3.5459553E+002, 2.9504680E+002, 2.9967928E+002, 4.0938648E+000, 3.9653240E+000, 3.8602232E+000, 3.6811244E+000, 3.6514299E+000, 3.6599060E+000, 3.6021423E+000, 3.5586846E+000, 3.5172080E+000, 3.5335603E+000, 3.6563430E+000, 3.8174134E+000, 3.9144059E+000, 3.9101392E+000, 3.8641016E+000, 4.2239537E+000, 5.1793714E+000, 3.7499873E+000, 7.5046970E+000, 9.5438976E+000, 1.1211701E+001, 8.4752447E+000, 7.8187118E+000, 8.2479216E+004, 6.3337467E-001, 1.4228886E+001, 2.7947323E+001
 2.5400709E+002, 2.0000415E+001, 2.0001275E+001, 2.0007149E+001, 2.0034003E+001, 2.0065248E+001, 2.0115269E+001, 2.0184530E+001, 2.0297521E+001, 2.0508497E+001, 2.0899079E+001, 2.1730313E+001, 2.3362903E+001, 2.5930838E+001, 3.0122199E+001, 4.9779297E+001, 1.8993841E+002, 2.8718845E+002, 3.2959400E+002, 3.8877178E+002, 4.8435069E+002, 3.0772592E+002, 2.6362384E+002, 2.7526317E+002, 4.1380216E+000, 4.0374641E+000, 3.9393389E+000, 3.8465976E+000, 3.7528051E+000, 3.7045176E+000, 3.7309998E+000, 3.7121788E+000, 3.6740029E+000, 3.6811318E+000, 3.7609798E+000, 3.9033699E+000, 4.0472101E+000, 4.2121133E+000, 4.0949932E+000, 6.3490936E+000, 5.7700631E+000, 7.2303609E+000, 7.7059337E+000, 9.4508997E+000, 9.9210753E+000, 1.0280616E+001, 9.4615815E+000, 7.7109326E+004, 6.0622187E-001, 1.3607637E+001, 2.5142975E+001
 2.5500309E+002, 1.9999975E+001, 2.0001416E+001, 2.0007757E+001, 2.0036255E+001, 2.0068752E+001, 2.0118476E+001, 2.0196426E+001, 2.0316565E+001, 2.0518992E+001, 2.0919904E+001, 2.1746742E+001, 2.3388215E+001, 2.6534483E+001, 3.1172085E+001, 3.8871277E+001, 1.0579065E+002, 2.7832625E+002, 2.9575829E+002, 3.2329169E+002, 3.3071892E+002, 3.1855540E+002, 2.9054169E+002, 2.6111902E+002, 4.1196169E+000, 3.9429345E+000, 3.8367861E+000, 3.7339131E+000, 3.6891332E+000, 3.5928293E+000, 3.5011665E+000, 3.5046644E+000, 3.5465656E+000, 3.5237864E+000, 3.5987692E+000, 3.7099254E+000, 3.8639566E+000, 4.0432121E+000, 4.1081734E+000, 3.6135833E+000, 4.8505425E+000, 6.1822511E+000, 7.8242951E+000, 8.5939684E+000, 9.7065336E+000, 9.5516539E+000, 9.2637162E+000, 8.1780327E+004, 6.5669623E-001, 1.4337847E+001, 3.2079406E+001
 2.5600174E+002, 1.9999842E+001, 2.0000916E+001, 2.0007824E+001, 2.0036441E+001, 2.0068304E+001, 2.0119414E+001, 2.0194594E+001, 2.0315389E+001, 2.0532675E+001, 2.0907109E+001, 2.1731357E+001, 2.3549399E+001, 2.6532843E+001, 3.0788393E+001, 3.7935695E+001, 6.0646450E+001, 1.8359447E+002, 3.7038693E+002, 3.9227474E+002, 4.5906956E+002, 3.5203860E+002, 2.8192610E+002, 2.7876082E+002, 4.1194475E+000, 3.9471754E+000, 3.7917434E+000, 3.6937610E+000, 3.6447512E+000, 3.5972124E+000, 3.5310208E+000, 3.4164602E+000, 3.3709895E+000, 3.4656572E+000, 3.5520258E+000, 3.6566499E+000, 3.7743799E+000, 3.9071281E+000, 4.0521687E+000, 4.2185891E+000, 4.0192668E+000, 3.8272721E+000, 5.9843134E+000, 6.5433205E+000, 9.8546220E+000, 8.8047097E+000, 8.6510825E+000, 7.7437781E+004, 6.5838468E-001, 1.3711390E+001, 3.0392903E+001
 2.5700762E+002, 2.0000223E+001, 2.0000535E+001, 2.0007305E+001, 2.0036609E+001, 2.0069048E+001, 2.0118110E+001, 2.0192678E+001, 2.0315637E+001, 2.0537568E+001, 2.0973687E+001, 2.1879062E+001, 2.3631976E+001, 2.6528033E+001, 3.0387776E+001, 3.7100763E+001, 4.7216683E+001, 7.2523921E+001, 1.4393573E+002, 2.0910212E+002, 3.4991851E+002, 2.8894190E+002, 2.5948838E+002, 2.6402027E+002, 4.1534180E+000, 4.1131108E+000, 3.9296206E+000, 3.8133489E+000, 3.7855083E+000, 3.7654197E+000, 3.7164297E+000, 3.6766353E+000, 3.5860390E+000, 3.5343538E+000, 3.6965781E+000, 3.8687108E+000, 3.9410315E+000, 4.1840591E+000, 4.5206680E+000, 4.4894802E+000, 4.0556256E+000, 4.8740513E+000, 6.0316313E+000, 8.4515143E+000, 9.4974503E+000, 9.8556778E+000, 9.0674829E+000, 8.1568790E+004, 5.9507618E-001, 1.3607021E+001, 2.8621171E+001
 2.5800387E+002, 2.0000185E+001, 2.0001107E+001, 2.0006048E+001, 2.0034394E+001, 2.0066084E+001, 2.0114893E+001, 2.0188291E+001, 2.0305948E+001, 2.0527772E+001, 2.0945878E+001, 2.1849812E+001, 2.3567243E+001, 2.6435312E+001, 3.0705254E+001, 8.2102630E+001, 2.2613842E+002, 2.1830142E+002, 2.5234187E+002, 2.2713949E+002, 2.1776547E+002, 3.6343493E+002, 3.0495291E+002, 2.3916806E+002, 4.0889785E+000, 3.9729363E+000, 3.9484826E+000, 3.7187348E+000, 3.6567263E+000, 3.6156774E+000, 3.5945644E+000, 3.5596492E+000, 3.5197539E+000, 3.5032693E+000, 3.5089901E+000, 3.6242656E+000, 3.8055532E+000, 3.8238896E+000, 3.4793801E+000, 6.4342407E+000, 6.6093518E+000, 6.1014104E+000, 5.6906720E+000, 4.4587849E+000, 8.8717807E+000, 9.6079555E+000, 8.7381711E+000, 8.0568476E+004, 6.3743411E-001, 1.3924854E+001, 2.8564445E+001
 2.5900298E+002, 2.0000186E+001, 2.0001027E+001, 2.0007158E+001, 2.0032107E+001, 2.0062720E+001, 2.0112686E+001, 2.0186695E+001, 2.0306992E+001, 2.0521488E+001, 2.0932644E+001, 2.1795497E+001, 2.3488415E+001, 2.6355702E+001, 3.0576803E+001, 5.5920235E+001, 1.7976232E+002, 3.3482167E+002, 4.4205572E+002, 4.1826860E+002, 4.4438793E+002, 3.1602749E+002, 2.8347942E+002, 3.2140088E+002, 4.1084595E+000, 3.9974800E+000, 3.9045483E+000, 3.8846651E+000, 3.7477461E+000, 3.6478981E+000, 3.6122728E+000, 3.5913020E+000, 3.5982747E+000, 3.5984990E+000, 3.6592361E+000, 3.7102026E+000, 3.7211598E+000, 3.7317144E+000, 3.7401318E+000, 4.4439628E+000, 7.8579092E+000, 9.2605585E+000, 9.3910718E+000, 8.9573537E+000, 8.7456328E+000, 8.3011097E+000, 8.9670466E+000, 7.7469089E+004, 6.3362121E-001, 1.3561262E+001, 4.2672494E+001
 2.6000559E+002, 2.0000321E+001, 2.0001022E+001, 2.0006983E+001, 2.0033336E+001, 2.0060661E+001, 2.0105679E+001, 2.0178121E+001, 2.0300537E+001, 2.0524369E+001, 2.0935737E+001, 2.1704782E+001, 2.3294341E+001, 2.5992777E+001, 3.0031147E+001, 4.2502596E+001, 1.9559907E+002, 3.3699452E+002, 4.6206132E+002, 4.6454323E+002, 3.9666866E+002, 2.8014676E+002, 2.7335075E+002, 2.5016219E+002, 4.1054113E+000, 3.9908963E+000, 3.8864506E+000, 3.8303451E+000, 3.8684951E+000, 3.7515558E+000, 3.6220061E+000, 3.5725233E+000, 3.5487591E+000, 3.5865784E+000, 3.6830387E+000, 3.7757230E+000, 3.8608270E+000, 3.9215591E+000, 3.7080488E+000, 3.4535011E+000, 5.9801758E+000, 6.0489550E+000, 8.5705725E+000, 1.0399589E+001, 8.7376575E+000, 9.1642562E+000, 7.5695609E+000, 7.7731163E+004, 6.0603016E-001, 1.2777243E+001, 2.8702889E+001
 2.6100577E+002, 2.0000195E+001, 2.0001222E+001, 2.0006930E+001, 2.0032934E+001, 2.0061828E+001, 2.0103168E+001, 2.0165375E+001, 2.0280289E+001, 2.0508217E+001, 2.0931741E+001, 2.1778191E+001, 2.3309921E+001, 2.5916599E+001, 2.9810988E+001, 3.6483983E+001, 5.5774392E+001, 1.5082842E+002, 2.1960794E+002, 3.7304112E+002, 5.3445691E+002, 3.7770752E+002, 2.8258728E+002, 2.5539395E+002, 4.1088317E+000, 3.9667138E+000, 3.8605969E+000, 3.7576028E+000, 3.7043625E+000, 3.7830826E+000, 3.7553455E+000, 3.5881366E+000, 3.4974435E+000, 3.5150303E+000, 3.6081561E+000, 3.7566774E+000, 3.8521523E+000, 3.9790523E+000, 4.1282444E+000, 4.1728687E+000, 5.1153980E+000, 6.3641821E+000, 5.9524503E+000, 6.0668678E+000, 1.0549694E+001, 9.7361601E+000, 8.9482251E+000, 8.7548611E+004, 6.2384771E-001, 1.3812014E+001, 3.9730139E+001
 2.6200126E+002, 2.0000123E+001, 2.0001055E+001, 2.0007176E+001, 2.0032892E+001, 2.0061273E+001, 2.0105166E+001, 2.0171807E+001, 2.0276297E+001, 2.0489149E+001, 2.0919588E+001, 2.1759385E+001, 2.3379832E+001, 2.6176773E+001, 2.9824101E+001, 3.6178791E+001, 4.8805875E+001, 1.4575278E+002, 2.9840849E+002, 3.8113539E+002, 4.1834833E+002, 3.6606366E+002, 3.2055155E+002, 2.8479023E+002, 4.1042670E+000, 3.9691500E+000, 3.8425313E+000, 3.7364683E+000, 3.6960635E+000, 3.6340416E+000, 3.6354603E+000, 3.7242686E+000, 3.6126323E+000, 3.4862773E+000, 3.5709730E+000, 3.7049994E+000, 3.8063164E+000, 3.9413934E+000, 4.1742726E+000, 4.3464414E+000, 4.1846695E+000, 5.7360309E+000, 7.5457789E+000, 7.8599127E+000, 6.7882278E+000, 9.2767264E+000, 8.8693719E+000, 7.7636056E+004, 6.2848210E-001, 1.3961687E+001, 3.6044389E+001
 2.6300100E+002, 2.0000210E+001, 2.0000962E+001, 2.0007280E+001, 2.0034748E+001, 2.0064522E+001, 2.0110460E+001, 2.0177630E+001, 2.0290847E+001, 2.0490815E+001, 2.0875575E+001, 2.1728831E+001, 2.3436915E+001, 2.6203569E+001, 3.0248824E+001, 3.6825422E+001, 7.0363927E+001, 3.2688858E+002, 4.6118938E+002, 4.4247786E+002, 3.5577115E+002, 3.1249522E+002, 2.7936695E+002, 2.5455509E+002, 4.1219660E+000, 4.0221256E+000, 3.8983046E+000, 3.8191689E+000, 3.7717507E+000, 3.7245506E+000, 3.6961445E+000, 3.6415070E+000, 3.7611829E+000, 3.8136342E+000, 3.7408309E+000, 3.7945354E+000, 3.9540877E+000, 4.1132816E+000, 4.0884933E+000, 3.8148612E+000, 3.9930295E+000, 8.1354449E+000, 9.3135924E+000, 9.1663861E+000, 8.6253899E+000, 8.0079828E+000, 8.1268399E+000, 7.9418275E+004, 5.8571312E-001, 1.3814789E+001, 3.4178692E+001
 2.6400694E+002, 2.0000179E+001, 2.0001065E+001, 2.0006888E+001, 2.0035073E+001, 2.0066835E+001, 2.0115356E+001, 2.0190025E+001, 2.0309022E+001, 2.0523196E+001, 2.0913627E+001, 2.1692319E+001, 2.3304297E+001, 2.6172360E+001, 2.9991235E+001, 3.6320076E+001, 4.7681647E+001, 8.0295860E+001, 1.7345490E+002, 3.4874061E+002, 4.7517965E+002, 3.6886098E+002, 2.8802404E+002, 2.5696987E+002, 4.0699540E+000, 3.9406060E+000, 3.8326843E+000, 3.6876226E+000, 3.6502286E+000, 3.6076853E+000, 3.5384600E+000, 3.5149903E+000, 3.4380365E+000, 3.4890042E+000, 3.7226630E+000, 3.7875007E+000, 3.8161785E+000, 3.9789212E+000, 4.1741743E+000, 4.3962917E+000, 4.7332871E+000, 5.7594517E+000, 6.9741478E+000, 8.8077731E+000, 1.0961975E+001, 8.9223741E+000, 8.3092247E+000, 8.1756426E+004, 6.8198799E-001, 1.4512758E+001, 3.7718671E+001
 2.6500282E+002, 2.0000226E+001, 2.0000996E+001, 2.0006893E+001, 2.0033093E+001, 2.0063675E+001, 2.0112846E+001, 2.0185058E+001, 2.0300472E+001, 2.0510726E+001, 2.0909805E+001, 2.1739843E+001, 2.3285743E+001, 2.5932849E+001, 2.9662636E+001, 3.5716431E+001, 4.3964646E+001, 1.0704226E+002, 2.0881809E+002, 2.7727304E+002, 3.3278804E+002, 3.5516321E+002, 2.8238835E+002, 2.8693831E+002, 4.1082750E+000, 3.9884107E+000, 3.8852117E+000, 3.7811788E+000, 3.7134591E+000, 3.6609445E+000, 3.6401845E+000, 3.6015980E+000, 3.5766624E+000, 3.5761943E+000, 3.6271938E+000, 3.8559129E+000, 4.0299533E+000, 4.0740460E+000, 4.3195442E+000, 4.4510305E+000, 4.2221378E+000, 5.0956736E+000, 6.7730925E+000, 7.9377472E+000, 9.8654771E+000, 9.3190680E+000, 9.5656274E+000, 8.0264492E+004, 6.1351509E-001, 1.4525141E+001, 3.2923182E+001
 2.6600570E+002, 2.0000210E+001, 2.0001080E+001, 2.0006841E+001, 2.0033197E+001, 2.0062478E+001, 2.0109289E+001, 2.0182745E+001, 2.0304485E+001, 2.0522405E+001, 2.0935042E+001, 2.1756863E+001, 2.3382164E+001, 2.6167882E+001, 2.9716666E+001, 3.6617951E+001, 9.3399999E+001, 1.8303689E+002, 2.4623751E+002, 2.8028510E+002, 3.2349094E+002, 3.0364519E+002, 2.4789124E+002, 2.4006731E+002, 4.1259111E+000, 4.0119267E+000, 3.9060300E+000, 3.8245282E+000, 3.7843093E+000, 3.7316393E+000, 3.6585339E+000, 3.6346423E+000, 3.6339388E+000, 3.6285787E+000, 3.7081047E+000, 3.7700133E+000, 3.8849066E+000, 4.1564385E+000, 4.2110929E+000, 4.5006982E+000, 4.3271636E+000, 5.2061858E+000, 5.3760821E+000, 5.3842497E+000, 8.6193278E+000, 8.5063156E+000, 8.7752667E+000, 7.9140801E+004, 6.2837343E-001, 1.4324055E+001, 3.0717514E+001
 2.6700502E+002, 2.0000221E+001, 2.0001025E+001, 2.0006817E+001, 2.0032842E+001, 2.0062126E+001, 2.0107134E+001, 2.0175561E+001, 2.0290135E+001, 2.0506127E+001, 2.0894823E+001, 2.1696253E+001, 2.3236409E+001, 2.5892673E+001, 3.0054921E+001, 3.9054110E+001, 7.6102258E+001, 2.4090896E+002, 3.1667216E+002, 3.6128816E+002, 3.9779979E+002, 3.6582781E+002, 2.9277965E+002, 2.2149776E+002, 4.0679520E+000, 3.9325437E+000, 3.8066900E+000, 3.6895229E+000, 3.6380134E+000, 3.5956763E+000, 3.5475982E+000, 3.4719496E+000, 3.4165387E+000, 3.4524602E+000, 3.5320614E+000, 3.6698519E+000, 3.7508569E+000, 3.7472948E+000, 3.6864012E+000, 3.7769953E+000, 4.3890951E+000, 6.7982480E+000, 6.6326806E+000, 8.2758101E+000, 9.3031664E+000, 8.6016901E+000, 7.1649919E+000, 8.1093824E+004, 5.9990802E-001, 1.3796630E+001, 4.1550246E+001
 2.6800199E+002, 2.0000247E+001, 2.0001053E+001, 2.0006748E+001, 2.0032615E+001, 2.0061317E+001, 2.0106850E+001, 2.0174200E+001, 2.0283096E+001, 2.0483567E+001, 2.0872208E+001, 2.1665039E+001, 2.3200166E+001, 2.5840238E+001, 2.9478328E+001, 6.6186017E+001, 7.6376830E+001, 1.4321453E+002, 2.6371594E+002, 4.8616018E+002, 4.9413786E+002, 3.4332223E+002, 2.6904213E+002, 2.7094451E+002, 4.1093381E+000, 3.9827414E+000, 3.8837761E+000, 3.7807543E+000, 3.7390076E+000, 3.6950096E+000, 3.6613120E+000, 3.6250234E+000, 3.5714166E+000, 3.5432469E+000, 3.6516343E+000, 3.7870327E+000, 3.8863850E+000, 4.0309467E+000, 4.6192536E+000, 4.6158855E+000, 4.6962397E+000, 4.0198442E+000, 6.3509552E+000, 9.5981921E+000, 1.0023802E+001, 9.0226681E+000, 9.1424512E+000, 8.0761015E+004, 6.0866225E-001, 1.4100534E+001, 3.1073692E+001
 2.6900344E+002, 1.9999559E+001, 2.0001102E+001, 2.0007181E+001, 2.0034100E+001, 2.0064694E+001, 2.0112023E+001, 2.0184196E+001, 2.0301029E+001, 2.0505786E+001, 2.0890577E+001, 2.1695001E+001, 2.3355717E+001, 2.6102457E+001, 3.0103498E+001, 1.1659679E+002, 2.1612329E+002, 2.4521856E+002, 4.4731584E+002, 5.1974480E+002, 5.0432128E+002, 3.1140734E+002, 3.0830654E+002, 2.5977497E+002, 4.1677892E+000, 4.0122116E+000, 3.8963814E+000, 3.8155272E+000, 3.7712321E+000, 3.7336331E+000, 3.6810111E+000, 3.6541438E+000, 3.6455540E+000, 3.6266958E+000, 3.6513063E+000, 3.7582000E+000, 3.8977160E+000, 3.9796039E+000, 3.4196004E+000, 4.4839636E+000, 5.0817174E+000, 6.9178500E+000, 6.8440574E+000, 9.5751636E+000, 9.5808051E+000, 9.4767336E+000, 8.6143386E+000, 7.8956279E+004, 6.2195174E-001, 1.4505513E+001, 2.8870908E+001
 2.7000006E+002, 2.0000123E+001, 2.0000138E+001, 2.0006968E+001, 2.0033922E+001, 2.0063798E+001, 2.0109825E+001, 2.0178462E+001, 2.0287754E+001, 2.0492247E+001, 2.0880710E+001, 2.1694566E+001, 2.3331482E+001, 2.6208954E+001, 3.0242990E+001, 3.9094861E+001, 1.9725296E+002, 4.2418100E+002, 5.7642474E+002, 5.4930132E+002, 4.6013202E+002, 3.8099562E+002, 2.9952053E+002, 2.6231026E+002, 4.0759057E+000, 3.9829089E+000, 3.8108686E+000, 3.6818484E+000, 3.6351129E+000, 3.5853019E+000, 3.5393667E+000, 3.4880065E+000, 3.4341667E+000, 3.4572334E+000, 3.5398897E+000, 3.6139068E+000, 3.6892600E+000, 3.7507208E+000, 3.3590954E+000, 3.1499253E+000, 6.6650719E+000, 8.3286334E+000, 9.5809452E+000, 9.6563065E+000, 1.0305997E+001, 9.3658123E+000, 8.0498029E+000, 7.9661237E+004, 5.9769420E-001, 1.4023673E+001, 3.3927603E+001
 2.7100186E+002, 2.0000160E+001, 2.0000883E+001, 2.0005649E+001, 2.0032765E+001, 2.0061748E+001, 2.0106481E+001, 2.0172915E+001, 2.0281768E+001, 2.0477957E+001, 2.0856384E+001, 2.1665913E+001, 2.3222086E+001, 2.5992378E+001, 3.0023213E+001, 3.8497579E+001, 6.3341164E+001, 1.8173754E+002, 3.1701422E+002, 5.2016470E+002, 5.2996200E+002, 3.3205218E+002, 2.3888341E+002, 2.3665597E+002, 4.0940824E+000, 3.9855135E+000, 3.8993850E+000, 3.7403345E+000, 3.6794839E+000, 3.6297099E+000, 3.5936588E+000, 3.5434579E+000, 3.5309432E+000, 3.5169327E+000, 3.6127049E+000, 3.7604768E+000, 3.8225687E+000, 3.9042341E+000, 4.0534728E+000, 3.7578240E+000, 3.0057343E+000, 5.0376636E+000, 5.6786842E+000, 9.2109726E+000, 8.6135200E+000, 8.7862561E+000, 8.6125882E+000, 7.5733753E+004, 5.9927751E-001, 1.2727438E+001, 2.7958489E+001
 2.7200549E+002, 2.0000282E+001, 2.0000941E+001, 2.0006652E+001, 2.0032112E+001, 2.0063055E+001, 2.0110130E+001, 2.0181794E+001, 2.0301172E+001, 2.0517903E+001, 2.0918352E+001, 2.1745974E+001, 2.3378590E+001, 2.5970561E+001, 2.9769378E+001, 3.8321712E+001, 5.5918414E+001, 1.3171243E+002, 1.7639788E+002, 3.0342233E+002, 3.9163785E+002, 3.5072933E+002, 2.7845278E+002, 2.1590184E+002, 4.1516551E+000, 4.0524310E+000, 3.9876499E+000, 3.8835864E+000, 3.8096966E+000, 3.7503858E+000, 3.7038348E+000, 3.6800775E+000, 3.6564070E+000, 3.6767578E+000, 3.7479066E+000, 3.8371279E+000, 3.9745483E+000, 4.1967741E+000, 4.3867024E+000, 4.1941754E+000, 4.7935248E+000, 5.8101435E+000, 7.1318149E+000, 8.0133893E+000, 9.7275559E+000, 9.2686506E+000, 8.7941498E+000, 7.9967654E+004, 6.0609326E-001, 1.3847180E+001, 3.2908345E+001
 2.7300428E+002, 2.0000237E+001, 2.0001172E+001, 2.0006690E+001, 2.0032512E+001, 2.0060535E+001, 2.0107801E+001, 2.0180497E+001, 2.0295898E+001, 2.0504608E+001, 2.0905146E+001, 2.1733903E+001, 2.3286122E+001, 2.5939350E+001, 3.0451247E+001, 6.1335291E+001, 2.6626856E+002, 5.6413375E+002, 4.4005699E+002, 3.6633259E+002, 3.8547550E+002, 3.8486398E+002, 3.1005192E+002, 2.6424557E+002, 4.0300554E+000, 3.8792463E+000, 3.7619622E+000, 3.7070152E+000, 3.6352127E+000, 3.5149450E+000, 3.4250510E+000, 3.3661285E+000, 3.3128533E+000, 3.3265657E+000, 3.3939585E+000, 3.5419080E+000, 3.6427116E+000, 3.6014797E+000, 2.8073471E+000, 3.8116878E+000, 5.8448140E+000, 7.6877620E+000, 6.5410281E+000, 4.2585977E+000, 8.8725677E+000, 8.8136639E+000, 8.0858378E+000, 7.9432664E+004, 6.3895089E-001, 1.3647217E+001, 3.3558236E+001
 2.7400037E+002, 2.0000056E+001, 2.0001085E+001, 2.0007107E+001, 2.0033200E+001, 2.0062672E+001, 2.0106712E+001, 2.0173913E+001, 2.0284884E+001, 2.0492363E+001, 2.0882678E+001, 2.1679673E+001, 2.3243596E+001, 2.6041163E+001, 2.9616520E+001, 3.7316297E+001, 1.3723496E+002, 2.9602955E+002, 5.3281547E+002, 7.0117190E+002, 5.4219227E+002, 3.1954565E+002, 2.5578377E+002, 2.9391871E+002, 4.1158408E+000, 3.9957165E+000, 3.8988206E+000, 3.8150375E+000, 3.8069807E+000, 3.8350994E+000, 3.7264179E+000, 3.6212690E+000, 3.5668995E+000, 3.5481258E+000, 3.6549115E+000, 3.7720117E+000, 3.8517529E+000, 4.0657967E+000, 4.3726805E+000, 5.0463204E+000, 5.1976904E+000, 6.2620563E+000, 7.8323138E+000, 1.0490762E+001, 9.1439761E+000, 7.2002620E+000, 9.3686278E+000, 8.5903346E+004, 5.8330002E-001, 1.2960516E+001, 2.9245788E+001
 2.7500212E+002, 1.9999845E+001, 2.0000882E+001, 2.0007126E+001, 2.0034118E+001, 2.0063632E+001, 2.0110385E+001, 2.0179354E+001, 2.0291842E+001, 2.0497518E+001, 2.0883123E+001, 2.1675504E+001, 2.3335254E+001, 2.6202654E+001, 3.0397960E+001, 5.4906332E+001, 1.5996910E+002, 3.8818311E+002, 5.3121045E+002, 5.8612369E+002, 5.2076034E+002, 3.0261460E+002, 2.9388821E+002, 2.5080747E+002, 4.1453723E+000, 4.0216368E+000, 3.9040879E+000, 3.8310631E+000, 3.8075546E+000, 3.7714363E+000, 3.8188950E+000, 3.7893488E+000, 3.6690964E+000, 3.6223994E+000, 3.6785460E+000, 3.7901146E+000, 3.9376743E+000, 4.0755722E+000, 3.9380275E+000, 4.2176501E+000, 5.0052214E+000, 5.9571339E+000, 1.0896289E+001, 1.2117319E+001, 8.4012858E+000, 8.8771473E+000, 8.2911830E+000, 7.7322809E+004, 6.0527142E-001, 1.4178184E+001, 2.8640809E+001
 2.7600158E+002, 2.0000138E+001, 2.0000576E+001, 2.0007055E+001, 2.0035169E+001, 2.0066416E+001, 2.0114182E+001, 2.0186138E+001, 2.0301048E+001, 2.0498681E+001, 2.0882435E+001, 2.1701770E+001, 2.3357091E+001, 2.6291840E+001, 3.1340563E+001, 1.2677633E+002, 1.8324250E+002, 2.3154137E+002, 3.3623201E+002, 4.8015472E+002, 4.3031712E+002, 4.0583997E+002, 3.0178834E+002, 2.5438681E+002, 4.1150834E+000, 3.9943854E+000, 3.8593606E+000, 3.7502613E+000, 3.7133007E+000, 3.6876573E+000, 3.6543436E+000, 3.6589200E+000, 3.7232798E+000, 3.6673825E+000, 3.6729689E+000, 3.7390201E+000, 3.7939951E+000, 3.8141207E+000, 3.5555986E+000, 4.2972878E+000, 5.1639261E+000, 6.3832249E+000, 8.5862295E+000, 9.8734149E+000, 1.1788074E+001, 1.0409208E+001, 8.3618584E+000, 8.1294297E+004, 6.5150418E-001, 1.4204413E+001, 3.3321667E+001
 2.7700230E+002, 2.0000115E+001, 2.0000970E+001, 2.0006680E+001, 2.0035727E+001, 2.0068344E+001, 2.0119290E+001, 2.0193947E+001, 2.0311316E+001, 2.0520086E+001, 2.0897862E+001, 2.1716293E+001, 2.3335550E+001, 2.6382870E+001, 3.1303519E+001, 4.1643162E+001, 1.8484144E+002, 3.1143309E+002, 3.5897602E+002, 3.5774547E+002, 3.8928337E+002, 3.2662492E+002, 2.7398836E+002, 2.7489625E+002, 4.0871778E+000, 3.9540304E+000, 3.8427874E+000, 3.6834290E+000, 3.6227014E+000, 3.5754543E+000, 3.5522008E+000, 3.5393147E+000, 3.5092452E+000, 3.6120625E+000, 3.6813296E+000, 3.7222323E+000, 3.8026789E+000, 3.8259913E+000, 3.6345273E+000, 3.2046813E+000, 5.5328555E+000, 5.0949127E+000, 5.7255260E+000, 8.3336839E+000, 8.4313496E+000, 9.0403756E+000, 8.6925980E+000, 8.1834953E+004, 6.9122202E-001, 1.4581540E+001, 2.8865121E+001
 2.7800738E+002, 2.0000078E+001, 2.0000965E+001, 2.0007103E+001, 2.0034964E+001, 2.0068047E+001, 2.0120952E+001, 2.0200450E+001, 2.0324634E+001, 2.0536165E+001, 2.0931595E+001, 2.1738211E+001, 2.3406238E+001, 2.6501654E+001, 3.1370618E+001, 3.9700024E+001, 5.8977670E+001, 1.3655262E+002, 3.2429256E+002, 4.1898114E+002, 4.7523467E+002, 3.6446161E+002, 2.6432419E+002, 2.6403651E+002, 4.1054731E+000, 3.9963569E+000, 3.8880955E+000, 3.7810274E+000, 3.7062855E+000, 3.6408857E+000, 3.5827601E+000, 3.5633355E+000, 3.5726134E+000, 3.5927560E+000, 3.7238191E+000, 3.9130799E+000, 3.9449397E+000, 4.0096473E+000, 4.0911950E+000, 3.8780737E+000, 4.0316526E+000, 5.4336007E+000, 8.1708198E+000, 9.2193309E+000, 1.0013099E+001, 8.3668393E+000, 8.7592785E+000, 7.3479479E+004, 6.3884357E-001, 1.3471462E+001, 2.6073280E+001
 2.7900511E+002, 2.0000311E+001, 2.0000924E+001, 2.0007291E+001, 2.0034753E+001, 2.0065330E+001, 2.0114389E+001, 2.0191570E+001, 2.0319949E+001, 2.0549740E+001, 2.0956309E+001, 2.1808687E+001, 2.3442848E+001, 2.6175940E+001, 3.0853096E+001, 3.8792717E+001, 5.3401935E+001, 9.2291201E+001, 1.6929003E+002, 2.3455669E+002, 2.4141630E+002, 3.0927900E+002, 3.0151493E+002, 2.7177248E+002, 4.1552873E+000, 4.0623950E+000, 3.9773258E+000, 3.9217125E+000, 3.8837302E+000, 3.8144230E+000, 3.7543839E+000, 3.6955767E+000, 3.6812819E+000, 3.7355142E+000, 3.8540874E+000, 3.9730685E+000, 4.1798397E+000, 4.4101213E+000, 4.4162242E+000, 4.1583951E+000, 3.8401658E+000, 4.3386985E+000, 6.5325846E+000, 8.1431221E+000, 8.5965465E+000, 1.0438469E+001, 9.6703551E+000, 8.1372354E+004, 6.4676757E-001, 1.3667360E+001, 3.1295235E+001
 2.8000179E+002, 2.0000225E+001, 2.0001213E+001, 2.0006998E+001, 2.0035316E+001, 2.0066714E+001, 2.0115802E+001, 2.0192658E+001, 2.0320434E+001, 2.0547205E+001, 2.0962188E+001, 2.1816864E+001, 2.3373977E+001, 2.6208207E+001, 3.0623515E+001, 3.7109827E+001, 1.2695822E+002, 2.8208483E+002, 2.0289761E+002, 3.0090211E+002, 3.5531621E+002, 3.2139235E+002, 2.9265246E+002, 2.7614853E+002, 4.0309179E+000, 3.8687952E+000, 3.7565562E+000, 3.6286353E+000, 3.5856229E+000, 3.5538597E+000, 3.4615782E+000, 3.3800753E+000, 3.3074769E+000, 3.2875056E+000, 3.3920124E+000, 3.5879149E+000, 3.7295455E+000, 3.7917054E+000, 3.8413096E+000, 4.1766565E+000, 4.9579084E+000, 5.9407086E+000, 7.8989209E+000, 7.1678400E+000, 9.0187062E+000, 7.7465559E+000, 7.4404836E+000, 7.9560844E+004, 7.0882753E-001, 1.4539333E+001, 2.8720550E+001
 2.8100048E+002, 2.0000265E+001, 2.0001121E+001, 2.0007292E+001, 2.0034603E+001, 2.0066463E+001, 2.0116214E+001, 2.0188963E+001, 2.0306368E+001, 2.0523455E+001, 2.0953409E+001, 2.1848696E+001, 2.3556575E+001, 2.6504429E+001, 3.0220053E+001, 5.0190259E+001, 9.3882379E+001, 2.2128245E+002, 4.2443958E+002, 4.4322869E+002, 4.0976392E+002, 3.2010400E+002, 3.1691730E+002, 3.0681084E+002, 4.1412667E+000, 4.0335438E+000, 3.9420433E+000, 3.8676886E+000, 3.8258254E+000, 3.7991422E+000, 3.8096143E+000, 3.7749250E+000, 3.7040825E+000, 3.6725580E+000, 3.7404321E+000, 3.8675209E+000, 4.0119667E+000, 4.1199152E+000, 4.4015963E+000, 4.8164222E+000, 5.6965119E+000, 4.8572311E+000, 7.2575188E+000, 9.2707152E+000, 7.6018972E+000, 8.2562912E+000, 9.5552584E+000, 8.1666054E+004, 6.5161624E-001, 1.6132571E+001, 2.0053127E+001
 2.8200634E+002, 1.9999615E+001, 2.0001125E+001, 2.0007422E+001, 2.0034653E+001, 2.0064917E+001, 2.0113393E+001, 2.0187879E+001, 2.0305831E+001, 2.0524271E+001, 2.0954339E+001, 2.1812438E+001, 2.3497193E+001, 2.6493920E+001, 3.0861300E+001, 4.8262140E+001, 1.5256643E+002, 3.2883371E+002, 4.1736484E+002, 4.3964008E+002, 3.7553322E+002, 3.1956613E+002, 3.2435127E+002, 2.7092535E+002, 4.1227253E+000, 3.9470294E+000, 3.8217913E+000, 3.7377730E+000, 3.6989770E+000, 3.6517788E+000, 3.5942539E+000, 3.5857540E+000, 3.5867106E+000, 3.5612711E+000, 3.5870169E+000, 3.6599421E+000, 3.7676209E+000, 3.9333433E+000, 3.7037838E+000, 4.0281848E+000, 5.3047986E+000, 5.9858382E+000, 7.6608912E+000, 8.5121356E+000, 9.8358133E+000, 1.0311492E+001, 8.6223391E+000, 8.3008708E+004, 6.0845508E-001, 1.4826213E+001, 2.3783631E+001
 2.8300540E+002, 2.0000053E+001, 2.0000272E+001, 2.0006816E+001, 2.0033375E+001, 2.0062985E+001, 2.0107791E+001, 2.0176651E+001, 2.0288200E+001, 2.0492091E+001, 2.0874672E+001, 2.1669514E+001, 2.3276521E+001, 2.6120834E+001, 3.0680628E+001, 3.8084459E+001, 5.1135503E+001, 1.0556559E+002, 2.6607803E+002, 3.1851750E+002, 4.5574490E+002, 3.9584026E+002, 2.6503799E+002, 2.4955861E+002, 4.1172935E+000, 4.0117634E+000, 3.8414702E+000, 3.7322629E+000, 3.7057013E+000, 3.6758436E+000, 3.6295937E+000, 3.5843291E+000, 3.5723592E+000, 3.6258207E+000, 3.7234858E+000, 3.8164668E+000, 3.8837611E+000, 3.8693935E+000, 3.8945156E+000, 4.2467778E+000, 4.7930326E+000, 5.2025333E+000, 5.9548423E+000, 8.8822903E+000, 9.4938402E+000, 9.5078200E+000, 8.4340455E+000, 8.4063139E+004, 5.8715001E-001, 1.3920607E+001, 3.1993548E+001
 2.8400201E+002, 2.0000035E+001, 2.0000760E+001, 2.0006016E+001, 2.0033264E+001, 2.0063042E+001, 2.0109529E+001, 2.0176754E+001, 2.0289159E+001, 2.0502080E+001, 2.0900691E+001, 2.1718810E+001, 2.3372038E+001, 2.6107096E+001, 2.9884463E+001, 3.9746339E+001, 1.4232876E+002, 1.6954882E+002, 3.1016463E+002, 4.2485409E+002, 4.2967853E+002, 3.6972115E+002, 2.7835300E+002, 2.8138686E+002, 4.1628398E+000, 4.0768383E+000, 3.9770652E+000, 3.8566241E+000, 3.7936818E+000, 3.7575931E+000, 3.7738130E+000, 3.7449724E+000, 3.7114540E+000, 3.7314702E+000, 3.8574068E+000, 3.9997278E+000, 4.0856508E+000, 4.2636988E+000, 4.4257076E+000, 4.4143617E+000, 5.0413262E+000, 5.8306005E+000, 6.0036247E+000, 7.7174301E+000, 8.8899343E+000, 8.2641294E+000, 9.5630603E+000, 7.9250212E+004, 6.2588936E-001, 1.5236289E+001, 2.8937951E+001
 2.8500304E+002, 1.9999895E+001, 2.0000810E+001, 2.0006616E+001, 2.0033383E+001, 2.0065097E+001, 2.0113418E+001, 2.0187617E+001, 2.0307260E+001, 2.0521606E+001, 2.0929142E+001, 2.1791123E+001, 2.3456479E+001, 2.6249938E+001, 3.0626200E+001, 1.8376802E+002, 2.3481767E+002, 2.7602321E+002, 3.3689701E+002, 3.6696134E+002, 3.6615751E+002, 3.1522815E+002, 2.7856791E+002, 2.7444153E+002, 4.1090245E+000, 3.9781312E+000, 3.8932230E+000, 3.7260428E+000, 3.6584606E+000, 3.6164159E+000, 3.5429092E+000, 3.5486967E+000, 3.5377345E+000, 3.5400984E+000, 3.6030740E+000, 3.7459276E+000, 3.8610917E+000, 3.7083279E+000, 2.8369246E+000, 4.9990921E+000, 5.4130150E+000, 7.3601702E+000, 9.1592002E+000, 1.0074498E+001, 8.6967891E+000, 8.1226544E+000, 8.0376503E+000, 7.6949489E+004, 6.6595397E-001, 1.4804802E+001, 2.9487010E+001
 2.8600699E+002, 1.9999766E+001, 2.0000674E+001, 2.0006551E+001, 2.0032633E+001, 2.0061598E+001, 2.0109374E+001, 2.0181320E+001, 2.0296256E+001, 2.0506099E+001, 2.0902157E+001, 2.1746507E+001, 2.3391730E+001, 2.6261175E+001, 3.0562659E+001, 3.8888911E+001, 1.0717754E+002, 2.7885730E+002, 4.6165537E+002, 4.9912824E+002, 4.8712983E+002, 3.3250795E+002, 2.5368508E+002, 2.3963316E+002, 4.1064614E+000, 3.9667383E+000, 3.8595737E+000, 3.7967953E+000, 3.7158738E+000, 3.5999816E+000, 3.5439001E+000, 3.4812498E+000, 3.4653375E+000, 3.5151058E+000, 3.5953024E+000, 3.7056057E+000, 3.8102149E+000, 3.8668231E+000, 3.8628750E+000, 3.9119493E+000, 6.4201920E+000, 6.3385646E+000, 9.5213569E+000, 9.9398973E+000, 1.0045416E+001, 9.2097737E+000, 7.4550033E+000, 7.9667756E+004, 6.3431901E-001, 1.4178310E+001, 2.9366321E+001
 2.8700135E+002, 1.9999638E+001, 2.0000427E+001, 2.0006679E+001, 2.0033387E+001, 2.0063223E+001, 2.0108092E+001, 2.0179278E+001, 2.0299207E+001, 2.0519432E+001, 2.0948939E+001, 2.1799942E+001, 2.3496443E+001, 2.6484772E+001, 3.0364626E+001, 6.8547943E+001, 7.7512178E+001, 4.3320764E+002, 4.8408079E+002, 5.3483958E+002, 4.3629303E+002, 2.8893567E+002, 2.7955276E+002, 2.2831668E+002, 4.2018517E+000, 4.0810449E+000, 3.9601406E+000, 3.8912875E+000, 3.8778578E+000, 3.8784721E+000, 3.7739786E+000, 3.6945377E+000, 3.6523905E+000, 3.6422741E+000, 3.7788808E+000, 3.9105324E+000, 3.9799869E+000, 4.1217412E+000, 4.3933039E+000, 4.0050584E+000, 4.8187159E+000, 6.3823512E+000, 7.9428706E+000, 1.0381029E+001, 9.3967098E+000, 8.9477793E+000, 8.7476622E+000, 8.0692530E+004, 6.3890481E-001, 1.4812413E+001, 2.8886017E+001
 2.8800557E+002, 2.0000234E+001, 2.0000264E+001, 2.0006240E+001, 2.0034290E+001, 2.0064476E+001, 2.0112202E+001, 2.0182708E+001, 2.0298727E+001, 2.0527122E+001, 2.0949230E+001, 2.1830463E+001, 2.3581539E+001, 2.6499366E+001, 3.0692022E+001, 6.9199152E+001, 2.9670308E+002, 3.9403334E+002, 4.2768660E+002, 3.9719916E+002, 3.6795176E+002, 2.9396248E+002, 2.5072256E+002, 2.2838747E+002, 4.1229723E+000, 4.0620617E+000, 3.9277818E+000, 3.8081734E+000, 3.7925197E+000, 3.7403470E+000, 3.7512293E+000, 3.6901750E+000, 3.5788760E+000, 3.5547449E+000, 3.5945817E+000, 3.7322394E+000, 3.8903319E+000, 3.9440609E+000, 3.6691660E+000, 3.9062774E+000, 5.9506959E+000, 7.4048278E+000, 6.5083385E+000, 6.7527092E+000, 9.0166527E+000, 8.1466024E+000, 8.6265932E+000, 7.6930801E+004, 6.5342548E-001, 1.4486908E+001, 3.1132373E+001
 2.8900219E+002, 2.0000659E+001, 2.0001103E+001, 2.0005942E+001, 2.0032686E+001, 2.0063064E+001, 2.0110079E+001, 2.0176923E+001, 2.0287081E+001, 2.0485887E+001, 2.0892129E+001, 2.1754789E+001, 2.3423651E+001, 2.6449253E+001, 3.0774090E+001, 4.1796366E+001, 1.2840548E+002, 2.8326315E+002, 4.0368096E+002, 4.8696919E+002, 4.2219973E+002, 3.7115446E+002, 2.4864864E+002, 2.2156165E+002, 4.0743931E+000, 3.9626154E+000, 3.9116893E+000, 3.7661190E+000, 3.6925344E+000, 3.6635979E+000, 3.6242692E+000, 3.6055927E+000, 3.6151750E+000, 3.5506849E+000, 3.5692972E+000, 3.6652008E+000, 3.7296219E+000, 3.7699930E+000, 3.7961793E+000, 4.3945994E+000, 4.9504912E+000, 5.4309880E+000, 7.4283414E+000, 9.9192176E+000, 9.3892555E+000, 9.0146455E+000, 7.8556392E+000, 8.0961896E+004, 6.0106676E-001, 1.3920737E+001, 2.9412572E+001
 2.9000556E+002, 2.0000441E+001, 2.0001569E+001, 2.0006977E+001, 2.0031414E+001, 2.0059787E+001, 2.0103423E+001, 2.0168905E+001, 2.0276165E+001, 2.0476128E+001, 2.0864232E+001, 2.1682692E+001, 2.3379408E+001, 2.6338143E+001, 3.0436987E+001, 4.2669211E+001, 1.1723833E+002, 1.8443028E+002, 4.3050580E+002, 4.7511445E+002, 4.2648311E+002, 3.0996298E+002, 3.1630545E+002, 2.8274262E+002, 4.1480832E+000, 4.0256960E+000, 3.9831699E+000, 3.9502064E+000, 3.8887516E+000, 3.8261104E+000, 3.7776635E+000, 3.7736091E+000, 3.7602561E+000, 3.8040871E+000, 3.8878027E+000, 3.9123278E+000, 3.9676366E+000, 4.0318673E+000, 3.9561928E+000, 4.9172602E+000, 5.4757063E+000, 4.9725874E+000, 6.0591008E+000, 8.9855431E+000, 8.2060871E+000, 8.9793098E+000, 9.7526093E+000, 7.9091419E+004, 5.6640262E-001, 1.3384237E+001, 2.2219639E+001
 2.9100175E+002, 2.0000006E+001, 2.0001476E+001, 2.0007649E+001, 2.0033216E+001, 2.0060594E+001, 2.0103962E+001, 2.0170492E+001, 2.0280140E+001, 2.0481277E+001, 2.0866477E+001, 2.1676500E+001, 2.3350071E+001, 2.6202778E+001, 3.0421703E+001, 3.9220005E+001, 2.0274521E+002, 3.4394916E+002, 4.5005322E+002, 5.2286213E+002, 5.0072806E+002, 3.6209369E+002, 3.4343835E+002, 2.8401574E+002, 4.1126636E+000, 3.9564258E+000, 3.8383837E+000, 3.8221489E+000, 3.8177152E+000, 3.7479022E+000, 3.6859398E+000, 3.6088344E+000, 3.5994469E+000, 3.6188695E+000, 3.7057319E+000, 3.8720972E+000, 3.9479973E+000, 4.0283027E+000, 3.9489875E+000, 2.2505648E+000, 3.8685303E+000, 6.4518541E+000, 7.0217192E+000, 7.6951355E+000, 1.0140953E+001, 9.6132113E+000, 7.8944831E+000, 7.7472139E+004, 5.9445082E-001, 1.3732767E+001, 3.1239221E+001
 2.9200538E+002, 2.0000224E+001, 2.0000893E+001, 2.0007854E+001, 2.0034725E+001, 2.0063826E+001, 2.0108070E+001, 2.0173296E+001, 2.0280851E+001, 2.0480765E+001, 2.0863260E+001, 2.1728135E+001, 2.3306203E+001, 2.6126054E+001, 2.9891632E+001, 3.7930594E+001, 7.3126681E+001, 2.8622306E+002, 3.9156233E+002, 4.0118814E+002, 4.5170483E+002, 3.8317889E+002, 2.4125146E+002, 3.0619780E+002, 4.0977987E+000, 4.0003845E+000, 3.8440093E+000, 3.7567289E+000, 3.7576808E+000, 3.7957946E+000, 3.7675090E+000, 3.7143123E+000, 3.6398530E+000, 3.6446127E+000, 3.7385800E+000, 3.8773519E+000, 3.9914917E+000, 4.0990937E+000, 4.1755664E+000, 4.2225789E+000, 4.1193443E+000, 5.4599078E+000, 6.7259093E+000, 6.9811341E+000, 1.0499646E+001, 9.5377483E+000, 9.1364594E+000, 8.6268706E+004, 6.3874766E-001, 1.3483823E+001, 3.4447682E+001
 2.9300157E+002, 2.0000301E+001, 2.0001000E+001, 2.0006871E+001, 2.0035170E+001, 2.0065549E+001, 2.0111197E+001, 2.0179192E+001, 2.0286420E+001, 2.0485057E+001, 2.0870066E+001, 2.1684439E+001, 2.3270305E+001, 2.5984799E+001, 2.9595957E+001, 3.6278944E+001, 9.3254022E+001, 2.0050278E+002, 2.9403549E+002, 4.1362025E+002, 4.3858130E+002, 3.1495577E+002, 2.5704404E+002, 1.9978613E+002, 4.0600996E+000, 3.9337418E+000, 3.8191306E+000, 3.6617032E+000, 3.6089163E+000, 3.6062175E+000, 3.6137084E+000, 3.6394555E+000, 3.6032191E+000, 3.5771467E+000, 3.6147292E+000, 3.7293516E+000, 3.8468239E+000, 3.9570149E+000, 3.9776910E+000, 4.3773669E+000, 6.0697941E+000, 8.0062785E+000, 7.5540300E+000, 7.2827680E+000, 7.5587371E+000, 8.3255702E+000, 7.8863065E+000, 7.5259608E+004, 5.7964510E-001, 1.2907955E+001, 2.4883699E+001
 2.9400410E+002, 2.0000312E+001, 2.0001254E+001, 2.0007154E+001, 2.0035096E+001, 2.0066935E+001, 2.0116150E+001, 2.0187330E+001, 2.0303020E+001, 2.0518108E+001, 2.0917388E+001, 2.1735665E+001, 2.3364170E+001, 2.6179330E+001, 2.9876397E+001, 3.6260617E+001, 1.2306802E+002, 1.5356994E+002, 2.2776568E+002, 3.3256593E+002, 3.1430304E+002, 3.0686402E+002, 2.7168181E+002, 2.6027157E+002, 4.1386140E+000, 4.0302621E+000, 3.9610093E+000, 3.8441700E+000, 3.7907801E+000, 3.7423593E+000, 3.7425362E+000, 3.7593369E+000, 3.8110402E+000, 3.8538790E+000, 3.9422663E+000, 4.0197597E+000, 4.0856087E+000, 4.2899600E+000, 4.5594662E+000, 4.0050082E+000, 5.5358888E+000, 6.9593503E+000, 1.0025490E+001, 9.8545108E+000, 8.6942634E+000, 8.4796961E+000, 9.5799091E+000, 8.1620430E+004, 6.6387206E-001, 1.4356130E+001, 2.9701343E+001
 2.9500436E+002, 2.0000177E+001, 2.0001229E+001, 2.0007519E+001, 2.0033784E+001, 2.0064187E+001, 2.0112506E+001, 2.0186110E+001, 2.0309673E+001, 2.0523691E+001, 2.0928913E+001, 2.1759646E+001, 2.3369103E+001, 2.6142690E+001, 3.0200219E+001, 5.1112936E+001, 1.3696492E+002, 1.6818347E+002, 1.8930824E+002, 3.5051619E+002, 3.5552937E+002, 2.6683683E+002, 2.4982974E+002, 2.3350430E+002, 4.1052668E+000, 3.9760120E+000, 3.8533405E+000, 3.8214517E+000, 3.7414833E+000, 3.6689041E+000, 3.6348514E+000, 3.5706957E+000, 3.6026217E+000, 3.6723228E+000, 3.8053922E+000, 3.9408828E+000, 4.0476915E+000, 3.9196358E+000, 3.2457285E+000, 4.0158912E+000, 5.1432479E+000, 6.1861987E+000, 6.3268845E+000, 7.2166080E+000, 8.9603441E+000, 8.0098740E+000, 8.2527054E+000, 7.5066488E+004, 6.1726707E-001, 1.3139449E+001, 3.8904063E+001
 2.9600215E+002, 2.0000265E+001, 2.0001046E+001, 2.0007188E+001, 2.0034123E+001, 2.0062384E+001, 2.0105635E+001, 2.0176106E+001, 2.0289818E+001, 2.0502932E+001, 2.0927899E+001, 2.1714976E+001, 2.3241241E+001, 2.5883350E+001, 2.9790872E+001, 3.6874983E+001, 1.2173988E+002, 3.5889846E+002, 4.0213608E+002, 4.4368059E+002, 4.2132118E+002, 3.5152920E+002, 2.5429207E+002, 2.3846564E+002, 4.0526338E+000, 3.9112293E+000, 3.7824000E+000, 3.6548721E+000, 3.6484099E+000, 3.6054336E+000, 3.4857196E+000, 3.4851692E+000, 3.4359817E+000, 3.4477728E+000, 3.6055497E+000, 3.7793115E+000, 3.8781898E+000, 3.8408238E+000, 3.8678856E+000, 3.7881817E+000, 4.8043853E+000, 4.4449410E+000, 4.5561999E+000, 8.2613200E+000, 9.4752442E+000, 8.8907741E+000, 7.8107398E+000, 7.7919979E+004, 6.3476727E-001, 1.3167295E+001, 2.9398733E+001
 2.9700114E+002, 2.0000290E+001, 2.0001108E+001, 2.0007300E+001, 2.0034595E+001, 2.0065033E+001, 2.0110586E+001, 2.0176385E+001, 2.0288518E+001, 2.0511058E+001, 2.0932283E+001, 2.1780239E+001, 2.3406791E+001, 2.5952266E+001, 2.9453968E+001, 4.8682680E+001, 1.6684396E+002, 1.6537604E+002, 4.7202578E+002, 5.3387154E+002, 5.0104061E+002, 2.8254061E+002, 2.5643275E+002, 2.4369457E+002, 4.1211096E+000, 4.0068394E+000, 3.8961113E+000, 3.7926821E+000, 3.7260635E+000, 3.7167928E+000, 3.7306629E+000, 3.6493152E+000, 3.5983308E+000, 3.6716118E+000, 3.6816211E+000, 3.8393009E+000, 3.9824852E+000, 4.1294007E+000, 4.1655966E+000, 4.6524958E+000, 4.8016884E+000, 5.1249773E+000, 7.2774111E+000, 9.8078270E+000, 9.0671514E+000, 1.0014423E+001, 9.4736193E+000, 8.6954572E+004, 5.9707770E-001, 1.3411335E+001, 2.9965474E+001
 2.9800111E+002, 2.0000264E+001, 2.0001226E+001, 2.0007182E+001, 2.0035191E+001, 2.0066338E+001, 2.0114607E+001, 2.0186373E+001, 2.0302319E+001, 2.0515769E+001, 2.0932812E+001, 2.1756707E+001, 2.3389708E+001, 2.6120674E+001, 3.0200537E+001, 4.2900860E+001, 2.6328498E+002, 3.5375708E+002, 3.8219455E+002, 4.3764349E+002, 3.1143779E+002, 3.2682138E+002, 3.1333274E+002, 2.4797035E+002, 4.1283744E+000, 4.0242933E+000, 3.9225548E+000, 3.8186345E+000, 3.7859809E+000, 3.7350330E+000, 3.6970793E+000, 3.7187783E+000, 3.6854522E+000, 3.6086584E+000, 3.7704178E+000, 3.8921925E+000, 3.9564800E+000, 4.1314109E+000, 3.9685044E+000, 2.9958698E+000, 5.7043945E+000, 6.1355900E+000, 4.9236076E+000, 6.2863265E+000, 9.4983287E+000, 1.0630598E+001, 9.2376595E+000, 8.1888394E+004, 6.3625324E-001, 1.3870158E+001, 3.2482258E+001
 2.9900467E+002, 2.0000248E+001, 2.0001158E+001, 2.0007345E+001, 2.0034727E+001, 2.0066779E+001, 2.0117331E+001, 2.0190702E+001, 2.0311747E+001, 2.0527499E+001, 2.0927695E+001, 2.1784701E+001, 2.3429624E+001, 2.6284272E+001, 3.0568669E+001, 3.7607281E+001, 5.3107581E+001, 2.1263978E+002, 2.4125669E+002, 3.8271167E+002, 5.2219722E+002, 3.7509685E+002, 2.2114813E+002, 2.3756886E+002, 4.0455092E+000, 3.8936960E+000, 3.7657078E+000, 3.6523969E+000, 3.5878491E+000, 3.5361257E+000, 3.4737061E+000, 3.4077776E+000, 3.4207261E+000, 3.4606153E+000, 3.4758311E+000, 3.5738609E+000, 3.7966145E+000, 3.8684963E+000, 3.9113476E+000, 4.0031797E+000, 5.1611092E+000, 6.2607501E+000, 6.3632431E+000, 5.7388682E+000, 9.3323705E+000, 7.3336474E+000, 9.0874333E+000, 7.9984873E+004, 6.6819883E-001, 1.4977738E+001, 3.0288387E+001
 3.0000000E+002, 2.0000044E+001, 2.0001132E+001, 2.0007264E+001, 2.0034821E+001, 2.0065097E+001, 2.0113011E+001, 2.0187921E+001, 2.0306349E+001, 2.0518369E+001, 2.0909737E+001, 2.1731485E+001, 2.3374119E+001, 2.6468001E+001, 3.0382688E+001, 3.6659684E+001, 5.0695767E+001, 1.5718109E+002, 3.1997450E+002, 5.1472582E+002, 4.2029334E+002, 3.4304656E+002, 2.9898678E+002, 2.4932570E+002, 4.1324221E+000, 3.9899789E+000, 3.8827809E+000, 3.7886745E+000, 3.7508449E+000, 3.6931102E+000, 3.6403868E+000, 3.6012286E+000, 3.5602341E+000, 3.5800177E+000, 3.7178803E+000, 3.8270595E+000, 3.8488566E+000, 3.9486452E+000, 4.1010883E+000, 4.3920899E+000, 3.8940732E+000, 5.9973959E+000, 8.4277587E+000, 8.8642315E+000, 8.0880576E+000, 7.6173413E+000, 7.9488455E+000, 7.3124357E+004, 5.8039970E-001, 1.2660706E+001, 2.9094564E+001
