s,C,C,C,C,C,C,C,C,C,C,C,C,C,C,C,C,C,C,C,C,C,C,C,m/s,m/s,m/s,m/s,m/s,m/s,m/s,m/s,m/s,m/s,m/s,m/s,m/s,m/s,m/s,m/s,m/s,m/s,m/s,m/s,m/s,m/s,m/s,kW,kW/m2,kW/m2,kW/m2
Time,"T_1500","T_2000","T_2500","T_3000","T_3250","T_3500","T_3750","T_4000","T_4250","T_4500","T_4750","T_5000","T_5250","T_5500","T_5750","T_6000","T_6250","T_6500","T_6750","T_7000","T_7500","T_8000","T_8500","U_1500","U_2000","U_2500","U_3000","U_3250","U_3500","U_3750","U_4000","U_4250","U_4500","U_4750","U_5000","U_5250","U_5500","U_5750","U_6000","U_6250","U_6500","U_6750","U_7000","U_7500","U_8000","U_8500","HRR_tot","Qw_4000","Qw_5000","Qw_6000"
 0.0000000E+000, 2.0000000E+001, 2.0000000E+001, 2.0000000E+001, 2.0000000E+001, 2.0000000E+001, 2.0000000E+001, 2.0000000E+001, 2.0000000E+001, 2.0000000E+001, 2.0000000E+001, 2.0000000E+001, 2.0000000E+001, 2.0000000E+001, 2.0000000E+001, 2.0000000E+001, 2.0000000E+001, 2.0000000E+001, 2.0000000E+001, 2.0000000E+001, 2.0000000E+001, 2.0000000E+001, 2.0000000E+001, 2.0000000E+001,-6.7139336E-003, 4.4367808E-003, 4.8230538E-003, 1.9864476E-003, 2.9951289E-003, 9.9238292E-003,-6.7557007E-003, 1.7820275E-003, 9.9994853E-004, 5.6087491E-003,-6.0859960E-003, 5.5986048E-003,-4.0673405E-004, 0.0000000E+000,-7.8219166E-003, 2.3037148E-003,-3.4263039E-003, 1.1194810E-002, 7.3608998E-003, 5.9097566E-003, 1.0786167E-003,-5.4917364E-003,-3.7825009E-003, 0.0000000E+000,-1.2108410E-003,-1.1845249E-003,-1.2474292E-003
 1.0710652E+000, 1.9999979E+001, 1.9999960E+001, 1.9999990E+001, 1.9999962E+001, 1.9999978E+001, 1.9999978E+001, 1.9999974E+001, 1.9999993E+001, 1.9999977E+001, 1.9999967E+001, 1.9999972E+001, 1.9999983E+001, 1.9999974E+001, 1.9999972E+001, 1.9999966E+001, 1.9999987E+001, 1.9999972E+001, 1.9999989E+001, 1.9999982E+001, 1.9999979E+001, 1.9999971E+001, 1.9999965E+001, 1.9999976E+001,-6.6959376E-003, 4.4115148E-003, 4.7804657E-003, 2.0172493E-003, 2.9607824E-003, 9.9045491E-003,-6.7680274E-003, 1.7885849E-003, 9.7788447E-004, 5.6370579E-003,-6.6060556E-003, 5.5231485E-003, 1.1686965E-006, 1.9856638E-004,-7.7891080E-003, 2.3026905E-003,-3.4148748E-003, 1.1224944E-002, 7.3506828E-003, 5.8808529E-003, 1.0806126E-003,-5.5118048E-003,-3.8157137E-003, 3.5935075E+002,-2.0893537E-004,-2.0027075E-004,-2.0091534E-004
 2.0463595E+000, 1.9999927E+001, 1.9999857E+001, 1.9999971E+001, 1.9999866E+001, 1.9999926E+001, 1.9999927E+001, 1.9999910E+001, 1.9999982E+001, 1.9999922E+001, 1.9999891E+001, 1.9999898E+001, 1.9999938E+001, 1.9999907E+001, 1.9999912E+001, 1.9999880E+001, 1.9999959E+001, 1.9999908E+001, 1.9999970E+001, 1.9999941E+001, 1.9999930E+001, 1.9999899E+001, 1.9999880E+001, 1.9999918E+001,-6.5434052E-003, 4.3764760E-003, 4.7210218E-003, 2.0590869E-003, 2.9127209E-003, 9.8761882E-003,-6.8454296E-003, 1.6641798E-003, 5.7551231E-004, 4.8642797E-003,-1.4557471E-002, 4.9496632E-003, 6.4650489E-003, 3.7273998E-003,-7.3765750E-003, 2.4283033E-003,-3.3515180E-003, 1.1266149E-002, 7.3353997E-003, 5.8413539E-003, 1.0803647E-003,-5.5394367E-003,-3.8619765E-003, 1.4149395E+003,-1.7070870E-004,-1.6219533E-004,-1.6184421E-004
 3.0548274E+000, 1.9999892E+001, 1.9999786E+001, 1.9999968E+001, 1.9999792E+001, 1.9999891E+001, 1.9999898E+001, 1.9999867E+001, 1.9999984E+001, 1.9999886E+001, 1.9999841E+001, 1.9999829E+001, 1.9999858E+001, 1.9999853E+001, 1.9999879E+001, 1.9999818E+001, 1.9999945E+001, 1.9999866E+001, 1.9999965E+001, 1.9999914E+001, 1.9999899E+001, 1.9999848E+001, 1.9999822E+001, 1.9999875E+001,-2.6899931E-003, 4.5897293E-003, 4.6998675E-003, 2.0693527E-003, 2.8046966E-003, 9.6815946E-003,-8.0211315E-003,-3.8890159E-004,-3.8024008E-003,-5.3239612E-003,-4.0322897E-002, 4.3791327E-003, 3.0837731E-002, 1.6324011E-002,-3.0686315E-003, 4.3728504E-003,-2.3356822E-003, 1.1468216E-002, 7.3857602E-003, 5.8322720E-003, 1.0803512E-003,-5.5618050E-003,-3.9036267E-003, 2.4658122E+003,-1.1787760E-004,-1.1159863E-004,-1.1204177E-004
 4.0163549E+000, 1.9999886E+001, 1.9999741E+001, 1.9999982E+001, 1.9999734E+001, 1.9999870E+001, 1.9999884E+001, 1.9999844E+001, 2.0000003E+001, 1.9999871E+001, 1.9999814E+001, 2.0002529E+001, 2.0004881E+001, 2.0000727E+001, 2.0000941E+001, 1.9999778E+001, 1.9999944E+001, 1.9999841E+001, 1.9999980E+001, 1.9999901E+001, 1.9999883E+001, 1.9999813E+001, 1.9999780E+001, 1.9999844E+001, 7.4175426E-002, 2.6481789E-002, 1.2883288E-002, 1.1284047E-003, 1.9592286E-005, 4.8566323E-003,-2.0507696E-002,-1.6909468E-002,-2.8876330E-002,-6.0955492E-002,-1.6904864E-001, 4.9930323E-003, 1.5758156E-001, 7.2269768E-002, 2.1387983E-002, 2.0006745E-002, 9.5176616E-003, 1.6547447E-002, 1.0716743E-002, 8.0334296E-003, 1.5187512E-003,-5.4387602E-003,-3.9298891E-003, 3.2565313E+003,-4.9144762E-005, 4.3033518E-001,-4.6712573E-005
 5.0122911E+000, 1.9999952E+001, 1.9999741E+001, 2.0000014E+001, 1.9999708E+001, 1.9999870E+001, 1.9999898E+001, 2.0000428E+001, 2.0000902E+001, 2.0001727E+001, 2.0005866E+001, 2.2071746E+001, 7.7155153E+001, 2.0724705E+001, 2.0071869E+001, 2.0003940E+001, 2.0001682E+001, 2.0000640E+001, 2.0000010E+001, 1.9999890E+001, 1.9999885E+001, 1.9999793E+001, 1.9999753E+001, 1.9999828E+001, 3.0596894E-001, 2.3672855E-001, 1.9485377E-001, 1.0504834E-001, 8.4827215E-002, 7.2641366E-002, 3.2292003E-003,-8.8067833E-003,-4.5700544E-002,-1.8994504E-001,-1.0390202E+000,-9.0087941E-002, 1.1535904E+000, 2.4931617E-001, 9.5810986E-002, 7.7050587E-002, 6.3089995E-002, 6.4570604E-002, 5.6079557E-002, 5.0434084E-002, 3.0052487E-002, 1.6781439E-002, 8.0031539E-003, 4.0287402E+003, 2.1018875E-002, 7.5407708E+000, 3.4783520E-002
 6.0162452E+000, 2.0000014E+001, 1.9999796E+001, 2.0000090E+001, 2.0000447E+001, 2.0001153E+001, 2.0002097E+001, 2.0008914E+001, 2.0019080E+001, 2.0046184E+001, 2.0635324E+001, 1.1565609E+002, 2.1246423E+002, 1.0636725E+002, 2.8048000E+001, 2.0051524E+001, 2.0021476E+001, 2.0009597E+001, 2.0002238E+001, 2.0001099E+001, 2.0000591E+001, 1.9999826E+001, 1.9999741E+001, 1.9999846E+001, 4.3958760E-001, 4.0743506E-001, 3.9010579E-001, 3.4228446E-001, 3.2842788E-001, 3.2527580E-001, 2.6515687E-001, 2.5421256E-001, 1.9848843E-001,-1.3238434E-001,-4.3361490E+000,-3.6194027E-001, 4.6680209E+000, 7.9236068E-001, 3.0992644E-001, 2.4843507E-001, 2.1868518E-001, 1.8738695E-001, 1.6924339E-001, 1.5627764E-001, 1.1611383E-001, 9.8141247E-002, 8.5724731E-002, 4.7958815E+003, 1.0032378E-001, 2.0991007E+001, 8.1709357E-002
 7.0047062E+000, 2.0000022E+001, 1.9999912E+001, 2.0000427E+001, 2.0001966E+001, 2.0004167E+001, 2.0007970E+001, 2.0020393E+001, 2.0047944E+001, 2.0121222E+001, 6.3375731E+001, 1.0630921E+002, 2.4552316E+002, 1.3365629E+002, 9.3668559E+001, 2.1524138E+001, 2.0056094E+001, 2.0024092E+001, 2.0008387E+001, 2.0004117E+001, 2.0002214E+001, 2.0000131E+001, 1.9999785E+001, 1.9999961E+001, 5.8582244E-001, 5.5516773E-001, 5.4273712E-001, 4.9614630E-001, 4.8100712E-001, 4.8048083E-001, 4.2744509E-001, 4.1723270E-001, 2.9872425E-001,-2.3294799E+000,-4.0352388E+000,-2.1769215E+000, 5.9977745E+000, 5.1658861E+000, 1.1717066E+000, 5.8996697E-001, 5.3753590E-001, 5.1190138E-001, 4.9578806E-001, 4.8284931E-001, 4.2544048E-001, 3.9550074E-001, 3.5301676E-001, 5.5549022E+003, 1.2925490E-001, 2.6169530E+001, 1.1372705E-001
 8.0329814E+000, 1.9999977E+001, 2.0000005E+001, 2.0000714E+001, 2.0003479E+001, 2.0007229E+001, 2.0014000E+001, 2.0031434E+001, 2.0078413E+001, 2.6231597E+001, 7.3299254E+001, 1.3554714E+002, 2.4006271E+002, 1.7913974E+002, 1.1536775E+002, 7.4580106E+001, 3.4800851E+001, 2.0054456E+001, 2.0018935E+001, 2.0008914E+001, 2.0004723E+001, 2.0000648E+001, 1.9999935E+001, 2.0000008E+001, 6.8326295E-001, 6.5741451E-001, 6.5586017E-001, 6.3606660E-001, 6.3184379E-001, 6.3117737E-001, 5.9899745E-001, 5.5660645E-001,-6.7795355E-002,-3.8605555E+000,-4.6143013E+000,-4.7141076E+000, 5.8742078E+000, 5.0505952E+000, 5.6602657E+000, 3.0677703E+000, 9.4142302E-001, 8.2651127E-001, 8.1585832E-001, 8.1412914E-001, 8.1767378E-001, 8.2430459E-001, 8.6001547E-001, 6.1802437E+003, 1.4089306E-001, 2.0796155E+001, 3.7047229E-001
 9.0105412E+000, 1.9999974E+001, 2.0000077E+001, 2.0000823E+001, 2.0004718E+001, 2.0009916E+001, 2.0019678E+001, 2.0039748E+001, 2.0102120E+001, 5.8058292E+001, 9.4571090E+001, 9.8936312E+001, 1.9100987E+002, 2.3292242E+002, 1.1330660E+002, 7.8897945E+001, 6.6606217E+001, 4.2288760E+001, 2.0749673E+001, 2.0017853E+001, 2.0008975E+001, 2.0001658E+001, 2.0000299E+001, 1.9999853E+001, 8.4521778E-001, 8.3793819E-001, 8.4125541E-001, 8.3916873E-001, 8.5135182E-001, 8.4648980E-001, 8.3943376E-001, 6.9439422E-001,-1.8297470E+000,-2.6894425E+000,-1.9076505E+000,-4.3813018E+000, 4.8753450E+000, 4.1447629E+000, 3.4136613E+000, 4.3837204E+000, 3.7883227E+000, 1.6952251E+000, 1.2856889E+000, 1.2742707E+000, 1.2915946E+000, 1.2874208E+000, 1.2880087E+000, 6.8016701E+003, 1.4025614E-001, 1.3555887E+001, 8.6415648E-001
 1.0028750E+001, 2.0000027E+001, 2.0000151E+001, 2.0000922E+001, 2.0005340E+001, 2.0011492E+001, 2.0022943E+001, 2.0045528E+001, 2.0148264E+001, 5.3349601E+001, 6.8874978E+001, 1.0253611E+002, 1.1433460E+002, 2.7933108E+002, 2.1888052E+002, 1.0923239E+002, 7.6137117E+001, 5.2037634E+001, 4.2599811E+001, 2.4696863E+001, 2.0017905E+001, 2.0003619E+001, 2.0000609E+001, 2.0000048E+001, 1.0574362E+000, 1.1109508E+000, 1.1367686E+000, 1.1741472E+000, 1.1925595E+000, 1.2017775E+000, 1.2050714E+000, 9.7051712E-001,-2.2994056E+000,-3.0590082E-001,-2.4957846E+000,-2.6749945E+000, 2.8712686E+000, 7.1886622E+000, 5.6286508E+000, 3.5558944E+000, 3.6934414E+000, 3.6889730E+000, 2.9125714E+000, 1.6495331E+000, 1.6113549E+000, 1.6075085E+000, 1.6086660E+000, 7.2571278E+003, 1.4074264E-001, 1.1160780E+001, 8.6012457E-001
 1.1020359E+001, 2.0000047E+001, 2.0000209E+001, 2.0001120E+001, 2.0005767E+001, 2.0012375E+001, 2.0024623E+001, 2.0048702E+001, 2.0157468E+001, 4.3306908E+001, 5.5955205E+001, 8.0945494E+001, 1.5097377E+002, 2.1803023E+002, 2.1503011E+002, 1.6596017E+002, 1.3174096E+002, 9.2686252E+001, 4.4914387E+001, 3.7491089E+001, 2.5970564E+001, 2.0007554E+001, 2.0001319E+001, 2.0000148E+001, 1.1489010E+000, 1.2234925E+000, 1.2620402E+000, 1.3181036E+000, 1.3255393E+000, 1.3466124E+000, 1.3518393E+000, 1.1309892E+000,-1.3939873E+000, 1.0284690E+000,-1.3613506E+000,-3.7750215E+000,-1.2995968E+000, 6.6159449E+000, 6.5135187E+000, 6.0336095E+000, 5.0806283E+000, 3.5722752E+000, 2.7722742E+000, 3.5744588E+000, 1.8521732E+000, 1.8566078E+000, 1.8627591E+000, 7.6999305E+003, 1.3596187E-001, 9.1510218E+000, 2.1965015E+000
 1.2034493E+001, 2.0000042E+001, 2.0000242E+001, 2.0001200E+001, 2.0006374E+001, 2.0012865E+001, 2.0025804E+001, 2.0050367E+001, 2.0106343E+001, 3.8973247E+001, 4.6470890E+001, 1.0565731E+002, 7.5997132E+001, 1.1691559E+002, 1.4663245E+002, 1.6194903E+002, 1.3544832E+002, 1.0306770E+002, 9.3398413E+001, 6.2706080E+001, 3.5179399E+001, 2.1037296E+001, 2.0002829E+001, 2.0000493E+001, 1.1016784E+000, 1.1561163E+000, 1.1778287E+000, 1.2347516E+000, 1.2445077E+000, 1.2555162E+000, 1.2939152E+000, 1.0874151E+000,-9.5232846E-001, 8.7433190E-001,-3.3534150E+000,-2.0352743E+000, 1.3184689E+000, 3.4025825E+000, 5.7645911E+000, 5.6319089E+000, 5.0190839E+000, 5.2986585E+000, 4.7490773E+000, 2.4590535E+000, 2.6499145E+000, 1.9564614E+000, 1.9796870E+000, 8.1103570E+003, 1.4092462E-001, 7.2478588E+000, 2.1686317E+000
 1.3016017E+001, 2.0000069E+001, 2.0000321E+001, 2.0001455E+001, 2.0007302E+001, 2.0014368E+001, 2.0027974E+001, 2.0053597E+001, 2.0115832E+001, 3.7063711E+001, 7.2272114E+001, 7.4439118E+001, 6.6013011E+001, 1.1479602E+002, 1.5567944E+002, 1.3000806E+002, 1.1658167E+002, 1.0099696E+002, 9.3751997E+001, 7.9205507E+001, 7.6946782E+001, 2.4712706E+001, 2.0007736E+001, 2.0001041E+001, 1.0628985E+000, 1.1061920E+000, 1.1213235E+000, 1.1754704E+000, 1.1684614E+000, 1.1817057E+000, 1.2443365E+000, 1.0110516E+000,-4.8203202E-001,-1.9500106E+000,-1.9083746E+000,-1.4822701E+000, 7.8789244E-001, 1.3985671E+000, 4.7622496E+000, 4.0378317E+000, 4.0249728E+000, 4.3088010E+000, 3.9991102E+000, 4.7040386E+000, 2.9570606E+000, 1.8473003E+000, 1.8313246E+000, 8.3659175E+003, 1.3974790E-001, 7.3464359E+000, 1.6149137E+000
 1.4021067E+001, 2.0000095E+001, 2.0000312E+001, 2.0001789E+001, 2.0007967E+001, 2.0016260E+001, 2.0030748E+001, 2.0058760E+001, 2.0126887E+001, 4.5776907E+001, 7.0241658E+001, 6.1719836E+001, 1.2143803E+002, 1.4078793E+002, 1.3998000E+002, 1.1972799E+002, 1.0197563E+002, 1.0089021E+002, 7.8840178E+001, 8.7933757E+001, 7.7014288E+001, 4.9122830E+001, 2.1504818E+001, 2.0001940E+001, 1.0255122E+000, 1.0515870E+000, 1.0661663E+000, 1.0927185E+000, 1.0880012E+000, 1.0756772E+000, 1.1543243E+000, 9.4989501E-001,-9.5097429E-001,-1.3307574E+000,-1.0647123E+000,-2.3287796E+000,-5.1829278E-001,-4.2308228E-001, 3.9016649E+000, 3.8691167E+000, 2.9983181E+000, 2.7815068E+000, 3.6041367E+000, 3.6741621E+000, 3.0328098E+000, 3.0653045E+000, 1.4751614E+000, 8.6913270E+003, 1.4553994E-001, 8.1558127E+000, 1.4288358E+000
 1.5019334E+001, 2.0000132E+001, 2.0000341E+001, 2.0002031E+001, 2.0008911E+001, 2.0018413E+001, 2.0034762E+001, 2.0066531E+001, 2.0140765E+001, 5.0630671E+001, 6.6041540E+001, 8.9892567E+001, 1.6856377E+002, 1.6988105E+002, 1.3955736E+002, 1.1171585E+002, 1.0291656E+002, 9.6392794E+001, 8.7653720E+001, 7.3200829E+001, 8.1175443E+001, 7.1627675E+001, 2.6376975E+001, 2.0005339E+001, 9.4752040E-001, 9.3334939E-001, 9.2410929E-001, 9.0523923E-001, 9.0634928E-001, 8.4821165E-001, 9.2793143E-001, 7.0021805E-001,-2.2613398E+000,-9.8932410E-001,-2.4091887E+000,-3.8950911E+000,-1.0143518E+000, 2.3262199E+000, 3.9799963E+000, 3.6063600E+000, 3.6091681E+000, 2.5466130E+000, 2.0392933E+000, 2.8173922E+000, 3.4318476E+000, 1.8027455E+000, 1.2019737E+000, 8.9212069E+003, 1.4116283E-001, 8.8478079E+000, 1.3405046E+000
 1.6013802E+001, 2.0000210E+001, 2.0000475E+001, 2.0002299E+001, 2.0010085E+001, 2.0020418E+001, 2.0039703E+001, 2.0075534E+001, 2.7948819E+001, 5.2000584E+001, 8.6022178E+001, 1.4330533E+002, 1.9820801E+002, 2.4337615E+002, 1.8865924E+002, 1.2788944E+002, 1.0853472E+002, 9.7856811E+001, 9.4653463E+001, 7.9320408E+001, 7.0936299E+001, 7.4210337E+001, 5.2251916E+001, 2.0968452E+001, 8.5605319E-001, 8.0291731E-001, 7.7539912E-001, 7.3488726E-001, 7.2476856E-001, 6.4630414E-001, 6.9122777E-001,-1.7449487E-001,-9.0361945E-001,-2.5670308E+000,-4.1891646E+000,-4.8526253E+000,-1.1289980E+000, 2.7494024E+000, 3.6441645E+000, 4.4700959E+000, 2.1458224E+000, 3.3794670E+000, 2.2578247E+000, 1.5955542E+000, 2.9307604E+000, 2.5290064E+000, 2.4324980E+000, 9.1266349E+003, 1.7451662E-001, 1.0481386E+001, 1.5506323E+000
 1.7016314E+001, 2.0000267E+001, 2.0000603E+001, 2.0002526E+001, 2.0011059E+001, 2.0022006E+001, 2.0044616E+001, 2.0085593E+001, 4.1842039E+001, 8.1959282E+001, 9.9901061E+001, 1.2158262E+002, 1.5766814E+002, 2.3058680E+002, 1.7570675E+002, 1.3689512E+002, 9.6070999E+001, 9.6170430E+001, 9.5139153E+001, 9.1551765E+001, 7.2294131E+001, 7.4314504E+001, 6.7811721E+001, 2.7153881E+001, 8.7918648E-001, 8.2874788E-001, 8.0671193E-001, 7.6196911E-001, 7.4756895E-001, 6.5806188E-001, 6.0246854E-001,-1.8248828E+000,-2.4743711E+000,-2.5619101E+000,-1.7475688E+000,-3.3426446E+000,-5.1772512E-001, 3.4947170E+000, 4.0529584E+000, 3.7593624E+000, 4.3940522E+000, 2.2023988E+000, 3.2451591E+000, 1.8883857E+000, 2.3480805E+000, 2.8956134E+000, 1.6756513E+000, 9.2564023E+003, 3.0363774E-001, 1.0172440E+001, 1.3032512E+000
 1.8007434E+001, 2.0000295E+001, 2.0000586E+001, 2.0002661E+001, 2.0011615E+001, 2.0022981E+001, 2.0047991E+001, 2.0167197E+001, 5.8808980E+001, 8.4644220E+001, 9.1241510E+001, 1.3249238E+002, 1.8005822E+002, 1.8936098E+002, 1.6799704E+002, 1.5392508E+002, 1.3108886E+002, 9.7183291E+001, 8.1535216E+001, 8.9073330E+001, 8.7402991E+001, 6.7586907E+001, 7.0328699E+001, 4.3692911E+001, 9.1481846E-001, 8.8270214E-001, 8.7161690E-001, 8.3567164E-001, 8.4621985E-001, 7.4052220E-001, 4.9932677E-001,-1.6339729E+000,-1.8383238E+000,-1.2867781E+000,-1.9462876E+000,-2.9533453E+000,-1.8618615E+000, 3.0609352E+000, 5.0009185E+000, 4.3975950E+000, 3.5989320E+000, 4.0388535E+000, 2.8098838E+000, 3.1873675E+000, 2.1764329E+000, 3.0393719E+000, 2.5151373E+000, 9.4231707E+003, 4.3447811E-001, 9.6329307E+000, 1.8176017E+000
 1.9006514E+001, 2.0000331E+001, 2.0000560E+001, 2.0002618E+001, 2.0011684E+001, 2.0023263E+001, 2.0048611E+001, 3.1902984E+001, 7.4088521E+001, 7.8123925E+001, 9.4213558E+001, 1.2886879E+002, 2.0112162E+002, 2.1861331E+002, 2.1441274E+002, 1.7024726E+002, 1.2462143E+002, 1.1328611E+002, 1.0399388E+002, 8.1532777E+001, 8.2836362E+001, 6.9195246E+001, 6.9218437E+001, 6.5575313E+001, 9.7095348E-001, 9.7081241E-001, 9.7398896E-001, 9.6455612E-001, 1.0113478E+000, 8.8213083E-001,-1.3451579E-002,-2.1642128E+000,-7.9298006E-001,-6.2741693E-001,-1.9234953E+000,-3.9741390E+000, 4.8766868E-002, 4.1216021E+000, 5.7778599E+000, 4.8082372E+000, 4.0495307E+000, 3.6791548E+000, 3.9964608E+000, 3.3683033E+000, 2.7947152E+000, 3.1964761E+000, 3.5047915E+000, 9.4797256E+003, 5.9072516E-001, 9.5661858E+000, 1.9141563E+000
 2.0023555E+001, 2.0000367E+001, 2.0000638E+001, 2.0002456E+001, 2.0011221E+001, 2.0022680E+001, 2.0046339E+001, 5.7034395E+001, 6.9687730E+001, 7.8886694E+001, 1.0615525E+002, 1.6269592E+002, 1.4316728E+002, 2.2629104E+002, 2.2507421E+002, 1.8197394E+002, 1.4439601E+002, 1.3173661E+002, 1.1290889E+002, 9.9415687E+001, 8.3276839E+001, 7.9156154E+001, 6.2821637E+001, 6.7184764E+001, 1.0595077E+000, 1.0993616E+000, 1.1274760E+000, 1.1538882E+000, 1.2101582E+000, 1.0698745E+000,-1.4181659E+000,-4.5903196E-001,-4.4954863E-001,-7.1899728E-001,-2.6117192E+000,-2.5280092E+000,-1.1473010E+000, 2.7195099E+000, 5.2748898E+000, 6.0325229E+000, 5.5161185E+000, 5.0208321E+000, 3.7587031E+000, 3.9916316E+000, 3.4902109E+000, 3.1281664E+000, 3.6908805E+000, 9.5845982E+003, 4.6879329E-001, 7.9194366E+000, 2.5972074E+000
 2.1027880E+001, 2.0000372E+001, 2.0000655E+001, 2.0002367E+001, 2.0010640E+001, 2.0021709E+001, 2.0043697E+001, 5.0052061E+001, 6.6300935E+001, 8.8854973E+001, 1.3157227E+002, 1.3918763E+002, 1.3211088E+002, 2.1290724E+002, 2.1876641E+002, 1.8801448E+002, 1.5547389E+002, 1.2728881E+002, 1.1836056E+002, 1.1831225E+002, 9.8780815E+001, 7.5734624E+001, 7.0023034E+001, 6.1741578E+001, 1.0483762E+000, 1.0896750E+000, 1.1157292E+000, 1.1264068E+000, 1.1918584E+000, 1.0479545E+000,-9.0750209E-001, 8.2843410E-004,-7.7271568E-001,-2.3198161E+000,-1.6147171E+000,-8.3641253E-001,-1.5666948E+000, 1.9042818E+000, 4.2586425E+000, 5.0647031E+000, 4.8490655E+000, 4.7412168E+000, 5.3256876E+000, 4.4692430E+000, 3.6563827E+000, 3.1779170E+000, 3.5110794E+000, 9.6360542E+003, 4.4193861E-001, 7.4261430E+000, 2.4226545E+000
 2.2018151E+001, 2.0000352E+001, 2.0000646E+001, 2.0002419E+001, 2.0010539E+001, 2.0021413E+001, 2.0042105E+001, 4.2310009E+001, 6.5650479E+001, 1.0735428E+002, 1.2595284E+002, 1.1743548E+002, 1.6121369E+002, 2.1000332E+002, 2.4433881E+002, 1.9887174E+002, 1.5773988E+002, 1.3973099E+002, 1.3080547E+002, 1.0943179E+002, 1.0423094E+002, 8.0156628E+001, 7.1443381E+001, 6.0903588E+001, 1.0078379E+000, 1.0312506E+000, 1.0344929E+000, 1.0084871E+000, 1.0876826E+000, 9.5033141E-001,-5.6748309E-001,-2.8439799E-002,-1.8788414E+000,-1.0926535E+000,-1.4134609E+000,-1.0137148E+000,-7.2876128E-001, 1.1323895E+000, 4.3252800E+000, 4.8425422E+000, 4.9481078E+000, 4.5597245E+000, 4.3428641E+000, 4.1083094E+000, 3.5259978E+000, 3.2037269E+000, 2.8538756E+000, 9.7039681E+003, 4.4313429E-001, 7.4788507E+000, 2.5407658E+000
 2.3018272E+001, 2.0000213E+001, 2.0000724E+001, 2.0002503E+001, 2.0010869E+001, 2.0021745E+001, 2.0042968E+001, 3.5071133E+001, 8.1157412E+001, 1.0473915E+002, 1.1471675E+002, 1.2589893E+002, 1.3828991E+002, 2.4091546E+002, 2.4053327E+002, 1.8453888E+002, 1.5496256E+002, 1.3354820E+002, 1.2437819E+002, 1.2121120E+002, 9.9150039E+001, 9.3031772E+001, 7.2438163E+001, 6.3751633E+001, 9.5717884E-001, 9.5082821E-001, 9.4216204E-001, 8.9743080E-001, 9.5482220E-001, 8.4918762E-001,-7.9366266E-001,-7.7061240E-001,-1.2302584E+000,-1.6426219E+000,-1.3914706E+000,-2.4337583E+000,-2.5579748E+000, 1.5958680E+000, 3.4879958E+000, 4.6957883E+000, 4.7770401E+000, 4.1400601E+000, 3.9345867E+000, 3.4602181E+000, 3.5072666E+000, 2.7210113E+000, 2.5957716E+000, 9.8603880E+003, 5.8679107E-001, 7.8617973E+000, 2.4221612E+000
 2.4015120E+001, 2.0000069E+001, 2.0000790E+001, 2.0002593E+001, 2.0011640E+001, 2.0023210E+001, 2.0054451E+001, 3.6395900E+001, 9.8046253E+001, 1.1381357E+002, 1.1202721E+002, 1.3156102E+002, 1.6223457E+002, 2.3229810E+002, 2.5302088E+002, 1.8268727E+002, 1.5836666E+002, 1.2897135E+002, 1.1981754E+002, 1.1476623E+002, 1.0969002E+002, 8.4872758E+001, 8.3275378E+001, 6.5426897E+001, 8.7859158E-001, 8.4257898E-001, 8.1906933E-001, 7.4917306E-001, 7.7236495E-001, 6.7241009E-001,-9.0511226E-001,-1.4865738E+000,-1.9895822E+000,-1.6982023E+000,-1.8265740E+000,-2.6237525E+000,-1.6004132E+000, 1.3058768E+000, 3.4326753E+000, 4.0966336E+000, 3.8466437E+000, 4.2263173E+000, 3.4972185E+000, 3.2804751E+000, 2.7289783E+000, 3.2811360E+000, 2.4727382E+000, 9.7547313E+003, 7.8868164E-001, 8.2502092E+000, 2.2602902E+000
 2.5000237E+001, 2.0000080E+001, 2.0000822E+001, 2.0002775E+001, 2.0012886E+001, 2.0026188E+001, 2.0183651E+001, 6.5527118E+001, 1.0696221E+002, 1.0856361E+002, 1.2642053E+002, 1.6000105E+002, 1.9044529E+002, 2.2139481E+002, 2.6507167E+002, 1.8513289E+002, 1.1347658E+002, 1.3484718E+002, 1.2351374E+002, 1.1040413E+002, 1.0803694E+002, 8.7669987E+001, 8.3918378E+001, 6.9190574E+001, 8.3905351E-001, 7.9357818E-001, 7.5139513E-001, 6.6129944E-001, 6.4789234E-001, 4.5760555E-001,-1.3160786E+000,-1.8133101E+000,-1.8019191E+000,-1.8715273E+000,-3.5021835E+000,-4.1650889E+000,-8.1131423E-001, 2.5006544E+000, 3.3024583E+000, 2.7549662E+000, 4.1896390E+000, 3.6563081E+000, 3.8001072E+000, 3.3400078E+000, 2.6298921E+000, 2.7079319E+000, 2.4554531E+000, 9.7961833E+003, 9.6847190E-001, 9.2317389E+000, 1.5057653E+000
 2.6018079E+001, 2.0000188E+001, 2.0000915E+001, 2.0003080E+001, 2.0014407E+001, 2.0031339E+001, 3.0868261E+001, 1.0016537E+002, 1.0743384E+002, 1.2281037E+002, 1.5043581E+002, 1.4578260E+002, 1.5425020E+002, 2.0662791E+002, 2.5371575E+002, 1.8036650E+002, 1.2814998E+002, 1.1218634E+002, 1.1161625E+002, 1.1585728E+002, 1.0934780E+002, 9.5702635E+001, 8.1461969E+001, 8.0087656E+001, 8.6705093E-001, 8.2970193E-001, 7.8231925E-001, 6.9236204E-001, 6.1860861E-001, 2.0931925E-001,-1.2956563E+000,-1.8391750E+000,-2.2634392E+000,-3.5521540E+000,-2.7885129E+000,-2.3086738E+000, 4.3460373E-001, 2.5317092E+000, 4.0378414E+000, 3.3235429E+000, 2.9476876E+000, 3.6318946E+000, 3.7113940E+000, 3.3783396E+000, 2.6843705E+000, 2.5948189E+000, 3.2002787E+000, 9.8963147E+003, 9.7931520E-001, 8.9401013E+000, 1.6797435E+000
 2.7022363E+001, 2.0000289E+001, 2.0001014E+001, 2.0003397E+001, 2.0015977E+001, 2.0213121E+001, 7.6370752E+001, 1.0474562E+002, 1.1903136E+002, 1.3609935E+002, 1.3241242E+002, 1.2699813E+002, 1.4711075E+002, 1.9902787E+002, 2.4049710E+002, 1.9340577E+002, 1.4765953E+002, 1.2366367E+002, 1.1210695E+002, 1.0657338E+002, 1.0790994E+002, 9.6276886E+001, 8.4078851E+001, 7.9718215E+001, 9.2242819E-001, 8.9469738E-001, 8.5676086E-001, 7.7637139E-001, 6.0102734E-001,-1.1979780E+000,-1.9656070E+000,-1.9123814E+000,-3.2561446E+000,-2.1218391E+000,-1.7550763E+000,-1.6979997E+000, 2.2640890E-001, 2.2891983E+000, 4.6337934E+000, 4.6489804E+000, 3.8553640E+000, 3.0084776E+000, 3.3068761E+000, 3.7410429E+000, 3.5563666E+000, 3.0786191E+000, 3.1649640E+000, 9.9628814E+003, 1.1201356E+000, 8.3371289E+000, 2.2411234E+000
 2.8008207E+001, 2.0000328E+001, 2.0000953E+001, 2.0003583E+001, 2.0017751E+001, 2.4664947E+001, 9.7879146E+001, 1.0807204E+002, 1.2780467E+002, 1.2287720E+002, 1.2144657E+002, 1.3110144E+002, 1.6355545E+002, 1.8742479E+002, 2.6374037E+002, 2.0197610E+002, 1.7366649E+002, 1.2549739E+002, 1.2085624E+002, 1.0990218E+002, 1.0568403E+002, 1.0161973E+002, 9.0429827E+001, 7.9204279E+001, 9.9108914E-001, 9.9227361E-001, 9.6534935E-001, 8.7964926E-001, 5.4741261E-001,-1.8229578E+000,-1.5276048E+000,-2.7341080E+000,-1.8246902E+000,-1.1367901E+000,-1.2798541E+000,-1.5877445E+000,-4.2294997E-001, 2.4212712E+000, 5.1637579E+000, 5.1266273E+000, 4.4014845E+000, 4.0595752E+000, 3.4228261E+000, 3.4609300E+000, 3.3187489E+000, 3.5840041E+000, 3.3651042E+000, 9.8977544E+003, 1.3266976E+000, 8.1604294E+000, 2.7222175E+000
 2.9019361E+001, 2.0000360E+001, 2.0000745E+001, 2.0003659E+001, 2.0019598E+001, 5.8526670E+001, 1.0218579E+002, 1.1867016E+002, 1.1592330E+002, 1.1846138E+002, 1.1999918E+002, 1.3502139E+002, 1.3616117E+002, 1.7600748E+002, 2.5184473E+002, 2.3610700E+002, 1.7524190E+002, 1.6806318E+002, 1.4022643E+002, 1.2070274E+002, 1.1078076E+002, 9.7839177E+001, 9.3089271E+001, 8.5095290E+001, 1.0511152E+000, 1.0839640E+000, 1.0600039E+000, 9.3018949E-001,-3.0076618E-001,-1.4722908E+000,-2.4262797E+000,-1.4992269E+000,-1.1705873E+000,-1.2066301E+000,-1.4819124E+000,-9.2580265E-001,-1.3491065E+000, 1.6935496E+000, 5.6650351E+000, 5.5154308E+000, 5.3168951E+000, 5.1991258E+000, 4.6300973E+000, 3.9960545E+000, 3.4067021E+000, 3.6620029E+000, 3.9155506E+000, 9.8660141E+003, 1.0290290E+000, 8.1077787E+000, 2.9537094E+000
 3.0015220E+001, 2.0000384E+001, 2.0000680E+001, 2.0003837E+001, 2.0045961E+001, 9.0180284E+001, 1.1074660E+002, 1.1302118E+002, 1.1245477E+002, 1.1453855E+002, 1.2373473E+002, 1.3950164E+002, 1.3232703E+002, 1.7094626E+002, 2.1281112E+002, 2.2748984E+002, 1.8267240E+002, 1.5686340E+002, 1.5038140E+002, 1.4636579E+002, 1.2866998E+002, 1.0460563E+002, 9.3099540E+001, 8.8535468E+001, 1.0494681E+000, 1.0613833E+000, 1.0403276E+000, 7.9632167E-001,-2.1815685E+000,-2.1587078E+000,-1.0436856E+000,-1.2210752E+000,-1.0523311E+000,-9.8488417E-001,-1.3742120E+000,-7.1813032E-001,-2.2512991E-001, 1.4321659E-001, 5.0172003E+000, 5.5534778E+000, 5.2337144E+000, 4.8592237E+000, 5.0400475E+000, 5.2619153E+000, 3.9044015E+000, 3.2050755E+000, 4.0880139E+000, 9.9089957E+003, 9.8183373E-001, 7.9316674E+000, 3.1549796E+000
 3.1025714E+001, 2.0000304E+001, 2.0000769E+001, 2.0004162E+001, 2.4632347E+001, 9.6859436E+001, 1.0384273E+002, 1.1058489E+002, 1.1022212E+002, 1.1376083E+002, 1.2848179E+002, 1.3086385E+002, 1.3780710E+002, 1.7752890E+002, 2.2209999E+002, 2.1005622E+002, 1.6760823E+002, 1.4635597E+002, 1.3683030E+002, 1.3951906E+002, 1.3857437E+002, 1.1686364E+002, 9.6339784E+001, 8.9505338E+001, 1.0056533E+000, 9.7576005E-001, 9.4884330E-001, 4.9374701E-001,-1.6081944E+000,-1.9396893E+000,-1.0367284E+000,-1.3575684E+000,-1.5451512E+000,-1.5323880E+000,-1.5715393E+000,-8.9399022E-001,-2.2071094E-001, 9.2687131E-001, 3.9075368E+000, 4.7916698E+000, 4.4238598E+000, 3.7010900E+000, 4.1147388E+000, 4.1153907E+000, 4.7536341E+000, 3.0628546E+000, 2.8966832E+000, 9.9434099E+003, 9.5302029E-001, 7.7640983E+000, 2.8234106E+000
 3.2008326E+001, 2.0000172E+001, 2.0000962E+001, 2.0004668E+001, 6.1447294E+001, 9.4906938E+001, 9.9463937E+001, 1.0752397E+002, 1.0898304E+002, 1.1889342E+002, 1.2138534E+002, 1.3014417E+002, 1.3983820E+002, 2.2122484E+002, 2.3845450E+002, 1.9680552E+002, 1.7179823E+002, 1.5159528E+002, 1.3900071E+002, 1.2340419E+002, 1.2840315E+002, 1.2777747E+002, 1.0797261E+002, 8.8858576E+001, 9.3830620E-001, 8.7734664E-001, 8.3085808E-001,-9.7590834E-001,-2.3443039E+000,-1.3344411E+000,-1.5971604E+000,-1.5676055E+000,-1.5405949E+000,-1.8768516E+000,-1.8041998E+000,-1.2352461E+000,-2.0024246E+000, 1.1227657E+000, 3.0189962E+000, 4.7467330E+000, 3.6785469E+000, 3.7196169E+000, 2.5449809E+000, 3.4053228E+000, 3.6690012E+000, 4.0765864E+000, 2.5468795E+000, 9.9614848E+003, 9.3806548E-001, 7.9948755E+000, 2.7088771E+000
 3.3006692E+001, 2.0000124E+001, 2.0001198E+001, 2.0005522E+001, 7.6214267E+001, 9.4900795E+001, 1.0146966E+002, 1.0587322E+002, 1.1446716E+002, 1.1723804E+002, 1.2336741E+002, 1.3634491E+002, 1.8216351E+002, 2.4838507E+002, 2.3902116E+002, 2.0875985E+002, 1.7106884E+002, 1.4820734E+002, 1.5011142E+002, 1.3446832E+002, 1.1894051E+002, 1.2289541E+002, 1.1485076E+002, 9.7066242E+001, 8.7820171E-001, 7.8665260E-001, 7.1689973E-001,-2.0512813E+000,-1.4992146E+000,-1.5809561E+000,-1.7940622E+000,-1.9953651E+000,-1.7810621E+000,-2.1183221E+000,-1.9691616E+000,-2.0138350E+000,-1.4389749E+000, 1.5843544E+000, 3.3622203E+000, 4.4319792E+000, 4.3567463E+000, 3.7447922E+000, 3.5135280E+000, 1.8723466E+000, 3.2767209E+000, 3.4192102E+000, 3.1259505E+000, 1.0014941E+004, 1.0111176E+000, 8.3935727E+000, 2.6064352E+000
 3.4012820E+001, 2.0000165E+001, 2.0001411E+001, 2.0006980E+001, 9.0193434E+001, 9.4620936E+001, 1.0328750E+002, 1.1116800E+002, 1.1462976E+002, 1.1727794E+002, 1.3253501E+002, 1.6726585E+002, 1.7396790E+002, 2.2235043E+002, 2.5302075E+002, 2.0840147E+002, 1.7644182E+002, 1.6376388E+002, 1.4383596E+002, 1.4199523E+002, 1.3111235E+002, 1.1407882E+002, 1.1772529E+002, 1.0332493E+002, 8.5326290E-001, 7.4946381E-001, 6.4480819E-001,-1.3460250E+000,-1.4118773E+000,-1.9170099E+000,-2.1688394E+000,-1.7484237E+000,-2.1663127E+000,-2.1246024E+000,-2.1000685E+000,-2.5367271E+000,-1.6267734E+000, 2.5112016E+000, 4.3584115E+000, 4.9674133E+000, 4.1794228E+000, 4.0565299E+000, 3.7698507E+000, 3.6110200E+000, 2.7635428E+000, 2.9207596E+000, 3.0626146E+000, 9.9538245E+003, 1.0216103E+000, 8.7093217E+000, 2.8390227E+000
 3.5001433E+001, 2.0000263E+001, 2.0001609E+001, 2.0009256E+001, 9.0619358E+001, 9.9325407E+001, 1.0671980E+002, 1.1299881E+002, 1.1368710E+002, 1.2642946E+002, 1.5731064E+002, 1.5700070E+002, 2.0141781E+002, 2.4564675E+002, 2.2106988E+002, 1.9088237E+002, 1.5926136E+002, 1.5940625E+002, 1.5220297E+002, 1.4056741E+002, 1.3285220E+002, 1.1401869E+002, 1.1269121E+002, 1.1053209E+002, 8.8997633E-001, 8.1180691E-001, 6.4663547E-001,-1.1241459E+000,-1.4865960E+000,-2.1506142E+000,-1.7695558E+000,-1.9872185E+000,-1.9926084E+000,-2.2167693E+000,-1.8986021E+000,-1.5529153E+000,-1.2062439E-001, 2.8429874E+000, 4.7956438E+000, 4.2261909E+000, 4.7613283E+000, 4.4569836E+000, 3.9914145E+000, 3.8765042E+000, 2.4992960E+000, 3.0056100E+000, 3.3050786E+000, 1.0051082E+004, 1.0428716E+000, 8.7438343E+000, 2.3188302E+000
 3.6018192E+001, 2.0000402E+001, 2.0001886E+001, 2.0027144E+001, 9.1010899E+001, 1.0194844E+002, 1.1120515E+002, 1.1239051E+002, 1.2126193E+002, 1.4619039E+002, 1.4598956E+002, 1.5029628E+002, 1.8081916E+002, 2.7984159E+002, 2.6312386E+002, 2.1396284E+002, 1.5751727E+002, 1.3669760E+002, 1.4317384E+002, 1.4253261E+002, 1.3704736E+002, 1.2170415E+002, 1.0610541E+002, 1.0792517E+002, 9.4458213E-001, 9.0639058E-001, 6.3065621E-001,-5.7402670E-001,-2.0905546E+000,-2.0620433E+000,-1.7505258E+000,-1.8047767E+000,-1.9912439E+000,-1.8024994E+000,-9.0521039E-001,-1.6724250E+000, 4.6512347E-001, 3.6332021E+000, 4.9912412E+000, 4.9199563E+000, 3.1296772E+000, 3.6011446E+000, 4.4094142E+000, 4.3843927E+000, 4.0244054E+000, 2.8702721E+000, 3.2992388E+000, 9.9450450E+003, 1.0990430E+000, 8.7213880E+000, 2.4790249E+000
 3.7017701E+001, 2.0000529E+001, 2.0002154E+001, 2.2038184E+001, 9.6822061E+001, 1.0813344E+002, 1.1131876E+002, 1.1752910E+002, 1.3699878E+002, 1.3973782E+002, 1.3838074E+002, 1.5005872E+002, 1.5698841E+002, 2.6352434E+002, 2.4088808E+002, 2.1696106E+002, 1.5206308E+002, 1.3394044E+002, 1.3030053E+002, 1.3494201E+002, 1.3439887E+002, 1.2371575E+002, 1.1128346E+002, 1.0461262E+002, 1.0077692E+000, 1.0022898E+000, 4.8388637E-001,-1.0749383E+000,-1.7451147E+000,-1.7690673E+000,-1.7141441E+000,-1.6495718E+000,-1.8005298E+000,-1.3466269E+000,-5.1122278E-001,-4.9579978E-001,-1.0470931E+000, 1.6863618E+000, 4.9787446E+000, 5.4691792E+000, 4.4771177E+000, 2.7600451E+000, 3.3966985E+000, 4.0507699E+000, 4.0921397E+000, 3.8802922E+000, 3.5973406E+000, 9.9787380E+003, 1.2802802E+000, 7.9762869E+000, 2.5522656E+000
 3.8017454E+001, 2.0000563E+001, 2.0002379E+001, 3.7044155E+001, 1.0174583E+002, 1.0829996E+002, 1.1133593E+002, 1.2541824E+002, 1.3425436E+002, 1.3150828E+002, 1.3463274E+002, 1.5259127E+002, 1.5224093E+002, 2.0365193E+002, 2.4745327E+002, 2.2150744E+002, 1.7419729E+002, 1.3948172E+002, 1.2738602E+002, 1.2833617E+002, 1.2878855E+002, 1.2507607E+002, 1.1346025E+002, 1.0441489E+002, 1.0317983E+000, 1.0471801E+000,-1.0927276E-002,-1.6066037E+000,-1.9378806E+000,-1.8912888E+000,-1.6030430E+000,-1.6172925E+000,-1.4150132E+000,-1.2057203E+000,-4.3236771E-001, 9.3908087E-002,-2.9172945E+000, 2.8321258E-001, 4.2394017E+000, 4.1632184E+000, 4.9758483E+000, 4.8775545E+000, 3.0608954E+000, 3.3970316E+000, 4.0407383E+000, 3.6851000E+000, 3.7824034E+000, 9.9855853E+003, 1.2610304E+000, 7.3080693E+000, 2.6272273E+000
 3.9021733E+001, 2.0000526E+001, 2.0002874E+001, 4.5563200E+001, 1.0487152E+002, 1.0726972E+002, 1.1567744E+002, 1.2895686E+002, 1.2932667E+002, 1.2925364E+002, 1.3241354E+002, 1.5011626E+002, 1.6176765E+002, 2.0006565E+002, 2.4992339E+002, 2.1003274E+002, 1.6094655E+002, 1.5235901E+002, 1.3124004E+002, 1.2131580E+002, 1.2347641E+002, 1.2226734E+002, 1.1628911E+002, 1.0789790E+002, 9.8315862E-001, 9.9390861E-001,-7.6750773E-001,-1.6323596E+000,-1.7873334E+000,-1.8761799E+000,-1.7484872E+000,-1.7256217E+000,-1.3831379E+000,-1.2256303E+000,-8.3237804E-001,-2.3845540E-001,-1.3224217E+000, 6.8039268E-001, 3.2367203E+000, 4.3974916E+000, 3.7222877E+000, 3.7518721E+000, 4.4961768E+000, 3.9146180E+000, 3.4750702E+000, 3.7518593E+000, 3.6581145E+000, 9.9604455E+003, 1.1960441E+000, 7.3688433E+000, 2.5928540E+000
 4.0000985E+001, 2.0000575E+001, 2.0003728E+001, 4.8544792E+001, 1.0396840E+002, 1.0900450E+002, 1.2139995E+002, 1.2586173E+002, 1.2556732E+002, 1.2598265E+002, 1.3543436E+002, 1.4618378E+002, 1.6227165E+002, 2.0428985E+002, 2.1045569E+002, 1.9752766E+002, 1.4319881E+002, 1.2318265E+002, 1.3404081E+002, 1.2635834E+002, 1.1497209E+002, 1.1817976E+002, 1.1714206E+002, 1.0862267E+002, 9.2675894E-001, 9.0819254E-001,-1.1103872E+000,-2.0371794E+000,-1.9851836E+000,-2.1284110E+000,-1.9404566E+000,-1.7351281E+000,-1.6012839E+000,-1.3467409E+000,-1.1609882E+000,-9.7169468E-001,-1.7242707E+000, 1.2446818E+000, 2.4990540E+000, 3.5897120E+000, 3.3747236E+000, 2.9721284E+000, 2.9045347E+000, 3.1261125E+000, 2.8717673E+000, 2.9393579E+000, 3.0242648E+000, 9.9812964E+003, 1.1550075E+000, 7.6965480E+000, 2.0450647E+000
 4.1002591E+001, 2.0000737E+001, 2.0004908E+001, 7.5569833E+001, 1.0575647E+002, 1.1638538E+002, 1.2087812E+002, 1.2211959E+002, 1.2360006E+002, 1.2585773E+002, 1.4171788E+002, 1.5591221E+002, 1.8431111E+002, 1.9448250E+002, 2.2524871E+002, 2.1342669E+002, 1.6755462E+002, 1.2805962E+002, 1.1391996E+002, 1.2791317E+002, 1.2032977E+002, 1.1534643E+002, 1.1421395E+002, 1.0899965E+002, 8.7340910E-001, 8.1709655E-001,-1.2934388E+000,-1.6646209E+000,-2.3076735E+000,-2.4071677E+000,-1.9422159E+000,-1.7681453E+000,-1.6151592E+000,-1.5577242E+000,-1.5306729E+000,-1.9659594E+000,-1.9729027E+000,-1.6711541E-001, 3.6882767E+000, 3.8156682E+000, 3.3004029E+000, 2.5048024E+000, 2.5825711E+000, 2.4959707E+000, 3.3765584E+000, 2.6309069E+000, 2.6694863E+000, 1.0002851E+004, 1.1447645E+000, 7.9794162E+000, 2.3313991E+000
 4.2009031E+001, 2.0000971E+001, 2.0006589E+001, 9.3357468E+001, 1.1278378E+002, 1.1686849E+002, 1.1720897E+002, 1.2136721E+002, 1.2249540E+002, 1.3287281E+002, 1.4861558E+002, 1.7196461E+002, 1.8831784E+002, 2.1851056E+002, 2.6428703E+002, 2.1633514E+002, 1.5464824E+002, 1.3100218E+002, 1.3058312E+002, 1.1780072E+002, 1.2204949E+002, 1.1041120E+002, 1.1102850E+002, 1.0928744E+002, 8.3239048E-001, 7.3768549E-001,-1.5258900E+000,-2.2171980E+000,-2.5335005E+000,-2.2058541E+000,-1.9927836E+000,-1.6635492E+000,-1.7028809E+000,-1.9014861E+000,-2.2636306E+000,-2.5991839E+000,-2.3663441E+000, 7.5901453E-001, 4.3578584E+000, 3.4184117E+000, 3.5609650E+000, 2.9215942E+000, 2.6864860E+000, 2.7383315E+000, 2.4459869E+000, 2.4785944E+000, 2.3078625E+000, 1.0008000E+004, 1.1469527E+000, 8.0558911E+000, 2.0308513E+000
 4.3019581E+001, 2.0001268E+001, 2.0009026E+001, 9.5504541E+001, 1.1317387E+002, 1.1401545E+002, 1.1848390E+002, 1.2043991E+002, 1.2570916E+002, 1.4372512E+002, 1.6379191E+002, 1.6742163E+002, 1.8337844E+002, 2.2852478E+002, 2.4374660E+002, 2.2082666E+002, 1.8424373E+002, 1.3607191E+002, 1.2488661E+002, 1.2343311E+002, 1.1751031E+002, 1.1398470E+002, 1.1154895E+002, 1.0506154E+002, 8.5044294E-001, 7.1203197E-001,-1.4881720E+000,-2.5385972E+000,-2.2990440E+000,-2.1085067E+000,-1.8766925E+000,-1.6911811E+000,-1.9949421E+000,-2.1055930E+000,-2.5920514E+000,-1.9985387E+000,-4.0483394E-001, 1.5763482E+000, 4.6650153E+000, 5.2668456E+000, 3.7531957E+000, 3.5443056E+000, 2.5201114E+000, 3.1275634E+000, 2.7806321E+000, 2.7467916E+000, 2.5452202E+000, 1.0058885E+004, 1.1866913E+000, 8.0734118E+000, 3.0442436E+000
 4.4021846E+001, 2.0001669E+001, 2.0013143E+001, 1.0128865E+002, 1.1025497E+002, 1.1482393E+002, 1.1797793E+002, 1.2103840E+002, 1.3582346E+002, 1.5215145E+002, 1.5122714E+002, 1.6488795E+002, 1.6289867E+002, 2.0348913E+002, 2.6071912E+002, 2.1922818E+002, 1.7473979E+002, 1.6184990E+002, 1.4176100E+002, 1.2552729E+002, 1.1995156E+002, 1.1428908E+002, 1.0857613E+002, 1.0639071E+002, 9.2084626E-001, 7.0950004E-001,-1.3597794E+000,-1.9743434E+000,-2.0435792E+000,-1.8547851E+000,-1.4124849E+000,-1.6829112E+000,-1.6317038E+000,-1.9903268E+000,-1.5471186E+000,-1.0739210E+000, 8.0359612E-001, 1.3013244E+000, 4.9329697E+000, 5.3872239E+000, 5.1279664E+000, 4.1648970E+000, 3.6312303E+000, 3.3815220E+000, 3.0373490E+000, 2.7592909E+000, 2.7948835E+000, 9.9815528E+003, 1.2928284E+000, 8.1075945E+000, 2.9396057E+000
 4.5024112E+001, 2.0002173E+001, 2.0398137E+001, 1.0669145E+002, 1.1087452E+002, 1.1499688E+002, 1.1730384E+002, 1.2595703E+002, 1.4360196E+002, 1.4599946E+002, 1.4778191E+002, 1.4678012E+002, 1.3546744E+002, 1.6493055E+002, 2.6526395E+002, 2.3420704E+002, 1.6537243E+002, 1.4901020E+002, 1.4819709E+002, 1.4040256E+002, 1.2889334E+002, 1.1403584E+002, 1.1031707E+002, 1.0628407E+002, 9.8172970E-001, 6.4183487E-001,-1.5876441E+000,-1.7578838E+000,-2.0799909E+000,-1.5196163E+000,-1.5561215E+000,-1.6322567E+000,-1.5849586E+000,-1.2284531E+000,-1.0600032E+000,-8.3948529E-001, 6.3207363E-001, 1.1404791E-003, 4.8455368E+000, 5.1005945E+000, 4.4267760E+000, 4.8016716E+000, 4.7350950E+000, 4.5441182E+000, 3.3135089E+000, 3.2857428E+000, 3.2257899E+000, 9.9495164E+003, 1.3795153E+000, 7.6722847E+000, 2.6606153E+000
 4.6014000E+001, 2.0002713E+001, 2.4078614E+001, 1.0500871E+002, 1.1165740E+002, 1.1286811E+002, 1.1928285E+002, 1.3245477E+002, 1.4500323E+002, 1.3283986E+002, 1.4135274E+002, 1.3670357E+002, 1.3158436E+002, 1.8534651E+002, 2.3488693E+002, 2.3428332E+002, 1.7920341E+002, 1.5332427E+002, 1.4200036E+002, 1.3681674E+002, 1.3413120E+002, 1.2130483E+002, 1.0776567E+002, 1.0496638E+002, 1.0224025E+000, 5.9122618E-001,-1.6715381E+000,-1.8078113E+000,-1.9062323E+000,-1.3949335E+000,-1.5237708E+000,-1.3036170E+000,-1.3754989E+000,-1.1048740E+000,-7.2726315E-001,-7.0529084E-001,-1.0501595E+000, 1.6115243E+000, 4.2386377E+000, 5.2037776E+000, 5.2927423E+000, 4.2795876E+000, 4.0291787E+000, 4.3010946E+000, 4.7842956E+000, 2.9895366E+000, 3.2577404E+000, 9.9718289E+003, 1.4011184E+000, 7.4890935E+000, 2.9491819E+000
 4.7017415E+001, 2.0003284E+001, 3.4115661E+001, 1.0242939E+002, 1.0931690E+002, 1.1455595E+002, 1.2489502E+002, 1.3817711E+002, 1.3640978E+002, 1.3021154E+002, 1.3418917E+002, 1.3052658E+002, 1.3533941E+002, 1.6537999E+002, 2.3675676E+002, 2.2615895E+002, 1.7430185E+002, 1.4671314E+002, 1.4642377E+002, 1.4293672E+002, 1.3205909E+002, 1.2626435E+002, 1.1373432E+002, 1.0417051E+002, 1.0186158E+000, 4.2330124E-001,-1.4184800E+000,-1.9601119E+000,-1.7571865E+000,-1.5623207E+000,-1.5752734E+000,-1.2433962E+000,-9.2176250E-001,-1.0847833E+000,-7.1851571E-001,-7.5924528E-001,-1.2476697E+000, 4.4853103E-001, 3.7920614E+000, 4.5265096E+000, 4.8275483E+000, 4.5253561E+000, 4.6129294E+000, 3.8270969E+000, 4.1184076E+000, 3.9690294E+000, 3.4740156E+000, 1.0028788E+004, 1.2897961E+000, 7.2987209E+000, 2.8457073E+000
 4.8009253E+001, 2.0004041E+001, 6.2459294E+001, 1.0354299E+002, 1.0974462E+002, 1.1966106E+002, 1.2849444E+002, 1.3479163E+002, 1.2663030E+002, 1.3189580E+002, 1.3275784E+002, 1.2800718E+002, 1.5337614E+002, 1.8251229E+002, 2.4531895E+002, 2.0749725E+002, 1.7571415E+002, 1.4896464E+002, 1.3717864E+002, 1.3951036E+002, 1.4007020E+002, 1.2173019E+002, 1.1532962E+002, 1.0469759E+002, 9.6255939E-001,-3.9273336E-001,-1.5324146E+000,-1.9679403E+000,-1.8003220E+000,-1.7485595E+000,-1.5358767E+000,-1.5348923E+000,-1.1334057E+000,-1.1439657E+000,-9.8682809E-001,-1.2865939E+000,-1.6074454E+000, 1.5203467E-001, 2.7793676E+000, 3.7147236E+000, 3.5550311E+000, 4.4441692E+000, 4.0972120E+000, 4.3545525E+000, 3.7311411E+000, 3.8942009E+000, 3.0196905E+000, 9.9652166E+003, 1.1649486E+000, 7.6089644E+000, 2.6039845E+000
 4.9018664E+001, 2.0005081E+001, 8.6861314E+001, 1.0512946E+002, 1.1655540E+002, 1.2328279E+002, 1.3042990E+002, 1.2760894E+002, 1.2474147E+002, 1.2997694E+002, 1.2921658E+002, 1.3415501E+002, 1.6275561E+002, 1.8595122E+002, 2.6190640E+002, 2.3876338E+002, 1.7484016E+002, 1.4647083E+002, 1.4883855E+002, 1.3479578E+002, 1.3367230E+002, 1.3230593E+002, 1.1631843E+002, 1.1096265E+002, 8.9099131E-001,-1.5048437E+000,-1.3537499E+000,-2.1883078E+000,-2.1660878E+000,-1.9553066E+000,-1.6367695E+000,-1.5179293E+000,-1.4400573E+000,-1.1891656E+000,-1.4203319E+000,-2.0244041E+000,-1.1003613E+000,-9.3406804E-001, 3.1080544E+000, 3.9513574E+000, 3.6874940E+000, 3.1596184E+000, 3.4434590E+000, 4.0006890E+000, 4.3421465E+000, 3.0234772E+000, 3.7643833E+000, 1.0012990E+004, 1.1351530E+000, 7.6231202E+000, 2.5537271E+000
 5.0015905E+001, 2.0006659E+001, 9.4485809E+001, 1.0419294E+002, 1.1995960E+002, 1.2492293E+002, 1.2620708E+002, 1.2233733E+002, 1.2607917E+002, 1.2809021E+002, 1.3073625E+002, 1.6344528E+002, 1.7897560E+002, 2.1046693E+002, 2.6039726E+002, 2.3244547E+002, 2.0455080E+002, 1.5717145E+002, 1.3792240E+002, 1.4089874E+002, 1.3136075E+002, 1.3144833E+002, 1.2214901E+002, 1.0792802E+002, 8.2529404E-001,-1.3078811E+000,-1.9642665E+000,-2.2507963E+000,-2.1644337E+000,-1.9196855E+000,-1.9583033E+000,-1.8279118E+000,-1.4590400E+000,-1.7453132E+000,-2.4892577E+000,-2.3831731E+000,-1.8509191E+000, 8.9273610E-001, 3.4289808E+000, 4.8462993E+000, 4.0207595E+000, 2.8799195E+000, 2.3925872E+000, 2.6461913E+000, 3.8349315E+000, 3.7685223E+000, 2.9486079E+000, 1.0060537E+004, 1.1514545E+000, 8.2729258E+000, 3.1632217E+000
 5.1016909E+001, 2.0009130E+001, 9.5602361E+001, 1.0846988E+002, 1.1919220E+002, 1.2244086E+002, 1.2080401E+002, 1.2207030E+002, 1.2521793E+002, 1.2649628E+002, 1.5764249E+002, 1.7277823E+002, 1.8636602E+002, 2.2594257E+002, 2.3019001E+002, 2.2322658E+002, 1.8354493E+002, 1.7165754E+002, 1.5616990E+002, 1.3422886E+002, 1.3097828E+002, 1.2506860E+002, 1.2439219E+002, 1.0994257E+002, 7.7351194E-001,-8.3908069E-001,-1.9463601E+000,-2.3024752E+000,-2.1312322E+000,-1.9521345E+000,-1.8467705E+000,-1.8149344E+000,-1.4743975E+000,-2.4139275E+000,-2.7491374E+000,-2.1754227E+000,-3.3286179E+000, 1.0235658E+000, 3.7167461E+000, 4.9026897E+000, 4.9225815E+000, 4.3576569E+000, 2.7180786E+000, 2.3377803E+000, 3.0780743E+000, 3.2292841E+000, 2.7559563E+000, 9.9756841E+003, 1.1561758E+000, 8.5608645E+000, 2.9393695E+000
 5.2010673E+001, 2.0012992E+001, 9.8336556E+001, 1.1303658E+002, 1.1730458E+002, 1.1875289E+002, 1.1896123E+002, 1.2219048E+002, 1.2311158E+002, 1.4939778E+002, 1.6246783E+002, 1.6563923E+002, 1.7047136E+002, 2.1255412E+002, 2.2849613E+002, 2.2798982E+002, 1.7856409E+002, 1.3778525E+002, 1.4850627E+002, 1.4696628E+002, 1.3171445E+002, 1.2212157E+002, 1.2252953E+002, 1.1745505E+002, 7.4897504E-001,-1.6615164E+000,-2.0949494E+000,-2.0424446E+000,-1.8555635E+000,-1.9937166E+000,-1.9597572E+000,-1.6585642E+000,-1.9977175E+000,-2.5830821E+000,-1.9919309E+000,-1.0158063E+000,-2.1322715E+000, 8.3658878E-001, 4.6428327E+000, 4.1446252E+000, 4.6172692E+000, 4.6743780E+000, 4.0843537E+000, 2.9988757E+000, 2.6497537E+000, 3.5067498E+000, 3.3091680E+000, 1.0018660E+004, 1.1377611E+000, 8.5027197E+000, 2.5230367E+000
 5.3025887E+001, 2.0019166E+001, 1.0035278E+002, 1.0966127E+002, 1.1518466E+002, 1.1639306E+002, 1.1940490E+002, 1.2064938E+002, 1.3606063E+002, 1.5404286E+002, 1.5385141E+002, 1.5136570E+002, 1.7388649E+002, 1.7661884E+002, 2.4440354E+002, 2.3398300E+002, 2.0020411E+002, 1.7152288E+002, 1.3620899E+002, 1.3501274E+002, 1.3649783E+002, 1.2128251E+002, 1.1815033E+002, 1.1849046E+002, 7.1265392E-001,-1.4931843E+000,-1.9943237E+000,-1.8365964E+000,-1.8550710E+000,-1.9027225E+000,-1.5865561E+000,-1.6969982E+000,-2.3255027E+000,-2.0140267E+000,-1.3414390E+000,-3.6166018E-001,-1.2626299E+000, 1.1958185E+000, 5.4454394E+000, 5.7194621E+000, 4.6050121E+000, 3.6935949E+000, 3.9580817E+000, 4.2826995E+000, 3.2004487E+000, 2.7171758E+000, 3.6873585E+000, 1.0042116E+004, 1.2579861E+000, 8.2700991E+000, 3.4450121E+000
 5.4021895E+001, 2.0257668E+001, 1.0512122E+002, 1.0563711E+002, 1.1383865E+002, 1.1596054E+002, 1.1772356E+002, 1.2339979E+002, 1.4597357E+002, 1.4772294E+002, 1.4458878E+002, 1.4593163E+002, 1.8612196E+002, 1.9411257E+002, 2.6600822E+002, 2.0405512E+002, 1.9901536E+002, 1.7972454E+002, 1.6653592E+002, 1.4694071E+002, 1.3076919E+002, 1.2845754E+002, 1.1576086E+002, 1.1322680E+002, 6.1144043E-001,-1.7034916E+000,-1.5728172E+000,-1.5449134E+000,-1.7621030E+000,-1.6126096E+000,-1.4157558E+000,-2.2497038E+000,-1.5582355E+000,-1.2456638E+000,-1.2368781E+000,-7.1498469E-001,-1.3859182E+000, 2.0074238E+000, 5.3381781E+000, 5.3976406E+000, 5.7524921E+000, 4.7726027E+000, 4.0832698E+000, 3.3929277E+000, 4.5434917E+000, 3.1547411E+000, 3.4356955E+000, 1.0018740E+004, 1.4129394E+000, 8.3791666E+000, 3.3700183E+000
 5.5029545E+001, 2.5980907E+001, 1.0575917E+002, 1.0520694E+002, 1.1261277E+002, 1.1498530E+002, 1.1845049E+002, 1.3867970E+002, 1.4140400E+002, 1.4107648E+002, 1.4297452E+002, 1.6075730E+002, 1.8418014E+002, 1.9067936E+002, 2.4307081E+002, 2.1462700E+002, 1.7866891E+002, 1.7042482E+002, 1.6202859E+002, 1.5041425E+002, 1.4775378E+002, 1.2683281E+002, 1.1996858E+002, 1.1129569E+002, 4.8724907E-001,-1.5612902E+000,-1.4396743E+000,-1.7396048E+000,-1.8222059E+000,-1.4565068E+000,-1.9272826E+000,-1.7927989E+000,-1.5601861E+000,-1.0434644E+000,-1.3491296E+000,-1.0312833E+000,-3.3063107E+000,-2.3595539E-001, 4.2892045E+000, 5.2776925E+000, 5.0269402E+000, 4.6984455E+000, 4.4935248E+000, 4.5166030E+000, 3.9995931E+000, 4.2994582E+000, 2.6448546E+000, 9.9786981E+003, 1.3196249E+000, 7.9529154E+000, 2.9896107E+000
 5.6008498E+001, 4.9310572E+001, 1.0319448E+002, 1.0538640E+002, 1.1203007E+002, 1.1422638E+002, 1.3000467E+002, 1.3436599E+002, 1.3717779E+002, 1.3952479E+002, 1.5004459E+002, 1.6656328E+002, 1.7658001E+002, 1.9084696E+002, 1.9168980E+002, 2.0810812E+002, 1.8009461E+002, 1.7535878E+002, 1.5312688E+002, 1.5038078E+002, 1.3973166E+002, 1.3634393E+002, 1.2123444E+002, 1.1313370E+002, 8.0542206E-002,-1.4432240E+000,-1.4902451E+000,-1.9001711E+000,-1.7622933E+000,-1.8247004E+000,-1.9660630E+000,-1.6605251E+000,-1.5603723E+000,-1.7256822E+000,-1.4384400E+000,-1.2603977E+000,-1.6798456E+000,-9.1895707E-001, 3.4233406E+000, 4.7939714E+000, 5.0079708E+000, 4.9479325E+000, 4.1162336E+000, 3.4425038E+000, 4.4916037E+000, 4.0739730E+000, 3.8338246E+000, 9.9510868E+003, 1.2730114E+000, 7.7264392E+000, 2.9913794E+000
 5.7005250E+001, 9.2130101E+001, 9.9651803E+001, 1.0723869E+002, 1.1084849E+002, 1.2425030E+002, 1.3088270E+002, 1.3245268E+002, 1.3473219E+002, 1.4369708E+002, 1.4884018E+002, 1.6625673E+002, 1.6277784E+002, 1.8697004E+002, 1.9884461E+002, 2.2747109E+002, 1.7880126E+002, 1.5054090E+002, 1.5415294E+002, 1.4338358E+002, 1.4147019E+002, 1.3317412E+002, 1.2694625E+002, 1.1647967E+002,-1.2810143E+000,-1.6854891E+000,-1.4389624E+000,-1.9347258E+000,-1.8586334E+000,-2.2335727E+000,-1.8326777E+000,-1.8863495E+000,-1.7748685E+000,-1.7485959E+000,-1.8668811E+000,-1.9834004E+000,-2.7340430E+000,-2.5083494E+000, 3.7518732E+000, 3.6021712E+000, 3.8922604E+000, 4.2049072E+000, 4.2863163E+000, 4.0363357E+000, 3.8540136E+000, 3.9021889E+000, 3.9365390E+000, 9.9597477E+003, 1.2467933E+000, 7.6017059E+000, 2.5123570E+000
 5.8016570E+001, 9.7647272E+001, 9.8325387E+001, 1.0672596E+002, 1.1972466E+002, 1.2814711E+002, 1.2693477E+002, 1.3002767E+002, 1.4064706E+002, 1.4175065E+002, 1.5279677E+002, 1.6045074E+002, 1.6981318E+002, 1.5803670E+002, 2.0855993E+002, 2.4516075E+002, 1.8623125E+002, 1.5941499E+002, 1.4580565E+002, 1.3562712E+002, 1.3710110E+002, 1.2788213E+002, 1.2654667E+002, 1.1741275E+002,-1.5158891E+000,-1.6730405E+000,-1.9540525E+000,-2.1143828E+000,-2.3551125E+000,-1.9502522E+000,-2.0440414E+000,-2.1402690E+000,-2.1971237E+000,-1.9687940E+000,-1.5459398E+000,-1.9969134E+000,-1.2674045E+000,-1.8417642E+000, 3.3935167E+000, 4.6488837E+000, 3.1596484E+000, 2.8439000E+000, 3.0577762E+000, 3.3175380E+000, 2.5738133E+000, 3.7070337E+000, 3.2280486E+000, 1.0025247E+004, 1.3266030E+000, 7.8630370E+000, 2.8829550E+000
 5.9014201E+001, 9.7931110E+001, 9.9895923E+001, 1.0609792E+002, 1.2482110E+002, 1.2461051E+002, 1.2653719E+002, 1.3640345E+002, 1.4046141E+002, 1.4466277E+002, 1.5208387E+002, 1.6168836E+002, 1.5805071E+002, 1.4906756E+002, 2.2207338E+002, 2.2795016E+002, 1.6924370E+002, 1.5678312E+002, 1.4660571E+002, 1.3381898E+002, 1.3282562E+002, 1.2835963E+002, 1.2348217E+002, 1.2307205E+002,-1.1496270E+000,-1.8147831E+000,-1.9045051E+000,-2.4186696E+000,-1.9340596E+000,-2.1706260E+000,-2.4019990E+000,-2.1930106E+000,-1.9999153E+000,-1.7403737E+000,-2.2351543E+000,-2.0753993E+000,-8.3881884E-001, 9.9832793E-001, 3.0983040E+000, 4.1954975E+000, 4.2006793E+000, 3.1253757E+000, 1.8608624E+000, 2.0236869E+000, 3.7204321E+000, 2.9936601E+000, 3.3372664E+000, 1.0003183E+004, 1.3682355E+000, 7.9587478E+000, 2.5895439E+000
 6.0011833E+001, 9.6677419E+001, 1.0094021E+002, 1.1136959E+002, 1.2195827E+002, 1.2297995E+002, 1.3224651E+002, 1.3655517E+002, 1.3890866E+002, 1.4448795E+002, 1.5254923E+002, 1.5716780E+002, 1.5434913E+002, 1.9529941E+002, 2.5050412E+002, 2.1428876E+002, 1.6907805E+002, 1.3860209E+002, 1.3886147E+002, 1.3960348E+002, 1.2596405E+002, 1.2893738E+002, 1.2075212E+002, 1.1974658E+002,-1.7981535E+000,-1.8593061E+000,-2.0965839E+000,-1.9382478E+000,-1.9397649E+000,-2.2569327E+000,-2.2425494E+000,-1.9409862E+000,-1.9292414E+000,-1.8575554E+000,-1.6572836E+000,-1.3998121E+000,-1.0188980E+000, 2.3014733E+000, 3.3873574E+000, 3.9827059E+000, 2.9791380E+000, 3.8210531E+000, 3.2781585E+000, 1.8954157E+000, 2.9659083E+000, 3.0365441E+000, 3.4366583E+000, 9.9596660E+003, 1.3228072E+000, 8.0384165E+000, 2.5095619E+000
 6.1009464E+001, 9.5545850E+001, 1.0109540E+002, 1.1665103E+002, 1.2011797E+002, 1.2836811E+002, 1.3237825E+002, 1.3532749E+002, 1.3892914E+002, 1.4505712E+002, 1.4759331E+002, 1.4452902E+002, 1.5572285E+002, 2.4088958E+002, 2.2498853E+002, 2.0364975E+002, 1.5309350E+002, 1.5067247E+002, 1.3259181E+002, 1.3464129E+002, 1.3381051E+002, 1.2535197E+002, 1.2095419E+002, 1.1775532E+002,-1.0120298E+000,-1.8139259E+000,-2.0857808E+000,-1.7366808E+000,-2.1573889E+000,-2.0701780E+000,-2.1152611E+000,-1.8491487E+000,-1.5271308E+000,-1.4021295E+000,-1.2579196E+000,-1.2616750E+000,-1.4184831E+000, 2.7969116E+000, 3.9635503E+000, 5.0970094E+000, 4.3273201E+000, 2.4485372E+000, 3.3925811E+000, 3.6693766E+000, 2.7683092E+000, 3.2642433E+000, 3.1195382E+000, 1.0015599E+004, 1.3163231E+000, 8.3216012E+000, 2.5826660E+000
 6.2005213E+001, 9.5491949E+001, 1.0220691E+002, 1.1551822E+002, 1.2374477E+002, 1.2903824E+002, 1.3282889E+002, 1.3380603E+002, 1.3833710E+002, 1.4291970E+002, 1.4153605E+002, 1.4193782E+002, 1.6378129E+002, 2.4816143E+002, 2.6230708E+002, 2.1151909E+002, 1.7665260E+002, 1.3342577E+002, 1.3190504E+002, 1.3165345E+002, 1.3324044E+002, 1.2619198E+002, 1.2128374E+002, 1.1527196E+002,-1.7595327E+000,-1.7879680E+000,-1.9136944E+000,-1.8763287E+000,-2.0866074E+000,-1.9934849E+000,-1.7441353E+000,-1.5441875E+000,-1.3940668E+000,-1.2627762E+000,-6.5673390E-001,-1.2740440E+000,-2.5465561E+000, 1.4557157E+000, 4.5101444E+000, 4.4187320E+000, 4.4680867E+000, 4.7341978E+000, 2.4644380E+000, 3.4603658E+000, 3.7849478E+000, 3.0141654E+000, 3.8015421E+000, 1.0025311E+004, 1.2922348E+000, 8.0392933E+000, 2.6563226E+000
 6.3017345E+001, 9.4254122E+001, 1.0671894E+002, 1.1383693E+002, 1.2691518E+002, 1.2949801E+002, 1.2923119E+002, 1.3081763E+002, 1.3669918E+002, 1.3837657E+002, 1.3526292E+002, 1.5191975E+002, 2.0305209E+002, 2.3244502E+002, 2.4245320E+002, 2.0668995E+002, 1.7837061E+002, 1.5423646E+002, 1.3829528E+002, 1.2594234E+002, 1.2885632E+002, 1.3367743E+002, 1.2021046E+002, 1.1603355E+002,-1.4358640E+000,-1.8324320E+000,-1.6791000E+000,-1.8945960E+000,-1.7938292E+000,-1.6541119E+000,-1.5718492E+000,-1.3636267E+000,-1.1468107E+000,-1.1484341E+000,-9.4020605E-001,-2.0542041E+000,-1.8050019E+000, 1.9488649E-001, 4.2041163E+000, 5.0131491E+000, 4.3261089E+000, 3.8865128E+000, 4.4577334E+000, 2.4471731E+000, 4.1602231E+000, 3.2163600E+000, 3.4803396E+000, 9.9925531E+003, 1.2557744E+000, 7.9138648E+000, 2.8156575E+000
 6.4013238E+001, 9.4791748E+001, 1.0890218E+002, 1.1444720E+002, 1.2575892E+002, 1.2649383E+002, 1.2614862E+002, 1.2981454E+002, 1.3396511E+002, 1.3322004E+002, 1.3478207E+002, 1.7976071E+002, 2.0143098E+002, 2.2633223E+002, 2.2974753E+002, 1.9192494E+002, 1.6555562E+002, 1.5159779E+002, 1.4498589E+002, 1.4124152E+002, 1.2872764E+002, 1.2792164E+002, 1.2810612E+002, 1.1603764E+002,-1.4471607E+000,-1.9444887E+000,-1.7262253E+000,-1.8993339E+000,-1.8734091E+000,-1.5969258E+000,-1.5095191E+000,-1.4459837E+000,-1.1620197E+000,-1.0015728E+000,-2.5872207E+000,-2.4968418E+000,-1.9502453E+000,-8.5990240E-001, 4.1242740E+000, 4.8572633E+000, 4.4166306E+000, 3.8818073E+000, 3.4325685E+000, 4.4462821E+000, 3.4874106E+000, 4.3752404E+000, 3.1157046E+000, 1.0008161E+004, 1.2074733E+000, 7.9433872E+000, 2.7023125E+000
 6.5026114E+001, 9.6930480E+001, 1.0746650E+002, 1.1945481E+002, 1.2476851E+002, 1.2223103E+002, 1.2246163E+002, 1.2855861E+002, 1.2811732E+002, 1.2997455E+002, 1.6002512E+002, 1.6609868E+002, 1.9100418E+002, 2.2786602E+002, 2.4635020E+002, 2.3465199E+002, 1.9741619E+002, 1.5799342E+002, 1.4027031E+002, 1.3885956E+002, 1.3533717E+002, 1.2456556E+002, 1.2609220E+002, 1.2085860E+002,-1.7232286E+000,-1.7845107E+000,-2.2047950E+000,-1.8512255E+000,-1.5649529E+000,-1.5978765E+000,-1.3481273E+000,-1.6175074E+000,-1.5416351E+000,-1.9667462E+000,-2.4584141E+000,-1.8310142E+000,-2.9731727E+000,-1.7993099E+000, 3.9941997E+000, 5.0390559E+000, 5.0765151E+000, 3.4541017E+000, 3.2995468E+000, 2.9566458E+000, 4.0107118E+000, 3.8352610E+000, 4.1628646E+000, 9.9704915E+003, 1.1321061E+000, 7.8348917E+000, 3.1815304E+000
 6.6019722E+001, 1.0139348E+002, 1.0773778E+002, 1.1957518E+002, 1.1974493E+002, 1.1874170E+002, 1.2292289E+002, 1.2566204E+002, 1.2558924E+002, 1.4554231E+002, 1.5490665E+002, 1.6566573E+002, 1.9515888E+002, 2.3507750E+002, 2.3525531E+002, 2.3735335E+002, 1.8903397E+002, 1.7214338E+002, 1.5190188E+002, 1.3672647E+002, 1.3298891E+002, 1.2457692E+002, 1.2100614E+002, 1.2180837E+002,-1.6678731E+000,-1.9533998E+000,-2.1921537E+000,-1.8509400E+000,-1.6058350E+000,-1.6214200E+000,-1.5109051E+000,-1.7520892E+000,-1.9555341E+000,-2.3046293E+000,-2.2844394E+000,-3.3607871E+000,-3.3517664E+000, 8.3834337E-001, 4.1247481E+000, 4.7618077E+000, 4.4951094E+000, 3.7929567E+000, 2.5853522E+000, 3.0452205E+000, 2.7451232E+000, 3.3604541E+000, 3.5161736E+000, 9.9554793E+003, 1.1011203E+000, 8.1505007E+000, 3.0396930E+000
 6.7020440E+001, 1.0305362E+002, 1.1221932E+002, 1.1930657E+002, 1.1640595E+002, 1.1740008E+002, 1.2240280E+002, 1.2196801E+002, 1.4099944E+002, 1.4683561E+002, 1.5637376E+002, 1.8859773E+002, 2.1526772E+002, 2.2883299E+002, 2.4391828E+002, 2.1940891E+002, 1.7468925E+002, 1.5456587E+002, 1.5005887E+002, 1.4189464E+002, 1.2826856E+002, 1.2376869E+002, 1.1851152E+002, 1.1889531E+002,-2.0744824E+000,-2.0873587E+000,-2.1283245E+000,-1.5254159E+000,-1.6074509E+000,-1.5255243E+000,-1.7744119E+000,-2.2425506E+000,-2.6262634E+000,-2.5627932E+000,-3.6240383E+000,-4.2847933E+000,-2.9549985E+000, 2.1876902E+000, 3.5085972E+000, 4.2099459E+000, 3.8028324E+000, 2.8756038E+000, 2.4299613E+000, 1.9563645E+000, 2.9477387E+000, 3.2047915E+000, 3.2361123E+000, 1.0029281E+004, 1.3242391E+000, 8.6786715E+000, 2.5522753E+000
 6.8001866E+001, 1.0234948E+002, 1.1326948E+002, 1.1685420E+002, 1.1400348E+002, 1.1912731E+002, 1.1985299E+002, 1.3528837E+002, 1.4094898E+002, 1.5442556E+002, 1.7668795E+002, 1.9424325E+002, 2.0463709E+002, 2.4058388E+002, 2.7133392E+002, 2.2072598E+002, 1.8372468E+002, 1.6319611E+002, 1.4384410E+002, 1.3850496E+002, 1.3533988E+002, 1.2421380E+002, 1.1952368E+002, 1.1580190E+002,-1.8401772E+000,-2.3189510E+000,-2.0812100E+000,-1.5431054E+000,-1.5820904E+000,-1.6753759E+000,-2.2116710E+000,-2.6725435E+000,-2.7372066E+000,-3.6248325E+000,-3.6100602E+000,-3.2872634E+000,-3.0950954E+000, 2.0406394E+000, 4.1357267E+000, 4.3917046E+000, 4.6386744E+000, 3.8121670E+000, 2.3926813E+000, 2.5218350E+000, 2.9698200E+000, 2.7519589E+000, 3.6563695E+000, 1.0005185E+004, 1.4395310E+000, 8.5569128E+000, 2.7862597E+000
 6.9009646E+001, 1.0552154E+002, 1.1232700E+002, 1.1294997E+002, 1.1480989E+002, 1.1782769E+002, 1.2926292E+002, 1.3495191E+002, 1.5104752E+002, 1.6493611E+002, 1.7669743E+002, 1.8308062E+002, 2.1099173E+002, 2.3637797E+002, 2.8281931E+002, 2.1880790E+002, 1.7667022E+002, 1.5646099E+002, 1.5400577E+002, 1.3854348E+002, 1.3313539E+002, 1.2094037E+002, 1.1909577E+002, 1.1430535E+002,-2.2206406E+000,-2.0693914E+000,-1.8650117E+000,-1.4318456E+000,-1.4177825E+000,-2.0126628E+000,-2.6370496E+000,-2.7698882E+000,-3.2675494E+000,-2.9885561E+000,-2.7630721E+000,-3.2155071E+000,-3.2968306E+000, 2.8063631E+000, 3.8243651E+000, 4.8922876E+000, 4.4275739E+000, 4.2587646E+000, 3.6588471E+000, 2.8942921E+000, 2.6834527E+000, 3.2825212E+000, 2.8568913E+000, 1.0017793E+004, 1.6073323E+000, 8.7506543E+000, 2.7116160E+000
 7.0020984E+001, 1.0876354E+002, 1.1152425E+002, 1.0948066E+002, 1.1539623E+002, 1.2368028E+002, 1.2904777E+002, 1.4537274E+002, 1.5530145E+002, 1.5962677E+002, 1.6439853E+002, 1.7059477E+002, 1.9230217E+002, 2.0206117E+002, 2.6773504E+002, 2.2418043E+002, 1.7184470E+002, 1.5362243E+002, 1.3791074E+002, 1.4191695E+002, 1.3569380E+002, 1.2527495E+002, 1.1832135E+002, 1.1471173E+002,-2.2011825E+000,-1.9993723E+000,-1.7054765E+000,-1.4980465E+000,-1.5411447E+000,-2.6012264E+000,-2.6838764E+000,-2.7725163E+000,-2.3786534E+000,-2.1149964E+000,-2.5995722E+000,-1.6882438E+000,-2.1325764E+000, 2.2015766E+000, 4.3914570E+000, 4.7741298E+000, 4.6171062E+000, 4.2536196E+000, 3.8725224E+000, 3.6028676E+000, 3.2000466E+000, 3.3849570E+000, 3.2705048E+000, 9.9956404E+003, 1.6565752E+000, 8.1265836E+000, 2.6979964E+000
 7.1011928E+001, 1.0638929E+002, 1.0919131E+002, 1.0759579E+002, 1.1756118E+002, 1.2604051E+002, 1.3796010E+002, 1.4697286E+002, 1.4837094E+002, 1.5788067E+002, 1.5566455E+002, 1.7023143E+002, 1.6626549E+002, 1.9079024E+002, 2.6860973E+002, 2.2384099E+002, 1.9036030E+002, 1.5346578E+002, 1.3984099E+002, 1.2811030E+002, 1.3289401E+002, 1.2319384E+002, 1.1774023E+002, 1.1502616E+002,-2.1169993E+000,-1.8709787E+000,-1.5620190E+000,-1.2844197E+000,-2.5152679E+000,-2.5898679E+000,-2.3732765E+000,-2.1887881E+000,-1.8713902E+000,-2.0478150E+000,-1.6669555E+000,-1.1439478E+000,-1.6176475E+000, 1.0173183E+000, 4.0390984E+000, 4.3076979E+000, 4.7691407E+000, 3.9501217E+000, 3.9304490E+000, 3.3801276E+000, 3.7582255E+000, 3.0410164E+000, 3.6861416E+000, 1.0001928E+004, 1.4467102E+000, 7.9069091E+000, 2.9056544E+000
 7.2006290E+001, 1.0455185E+002, 1.0665615E+002, 1.0778021E+002, 1.2289957E+002, 1.3003262E+002, 1.3829477E+002, 1.4204766E+002, 1.4937142E+002, 1.4873528E+002, 1.5294395E+002, 1.6146814E+002, 1.5642228E+002, 1.8931873E+002, 2.9350772E+002, 2.3659553E+002, 1.7830433E+002, 1.5656685E+002, 1.4391396E+002, 1.3324221E+002, 1.2506539E+002, 1.2956750E+002, 1.1901604E+002, 1.1322450E+002,-1.9925812E+000,-1.8244946E+000,-1.4663207E+000,-2.2945670E+000,-2.3120593E+000,-2.1188685E+000,-2.2141396E+000,-1.7938173E+000,-1.5456928E+000,-1.6506807E+000,-1.0547752E+000,-1.4168770E+000,-1.8385417E+000,-5.4432084E-001, 4.5612136E+000, 3.8198863E+000, 3.5139880E+000, 3.9300331E+000, 3.6426764E+000, 3.4529893E+000, 3.5090126E+000, 3.3524948E+000, 3.3579358E+000, 1.0013150E+004, 1.4382586E+000, 8.0651185E+000, 2.5446689E+000
 7.3014478E+001, 1.0447984E+002, 1.0356565E+002, 1.1004887E+002, 1.2414176E+002, 1.3014005E+002, 1.3670933E+002, 1.4280652E+002, 1.4585037E+002, 1.4485513E+002, 1.4510391E+002, 1.5862727E+002, 1.6677780E+002, 1.9884076E+002, 2.6928015E+002, 2.3532935E+002, 1.7151376E+002, 1.6967605E+002, 1.5049695E+002, 1.3720894E+002, 1.3536795E+002, 1.2156676E+002, 1.1738659E+002, 1.1419771E+002,-1.8301786E+000,-1.6727924E+000,-1.6509654E+000,-2.0549516E+000,-2.1587948E+000,-2.1770573E+000,-1.8768440E+000,-1.5488968E+000,-1.6517859E+000,-1.4079803E+000,-1.0824152E+000,-1.6454210E+000,-2.0028222E+000,-6.4385023E-001, 4.5862539E+000, 3.8624369E+000, 3.6898563E+000, 3.5153851E+000, 3.2525200E+000, 3.9881477E+000, 3.1553081E+000, 3.5249551E+000, 3.0436099E+000, 9.9821209E+003, 1.3982765E+000, 8.0377098E+000, 2.5939710E+000
 7.4028087E+001, 1.0280151E+002, 1.0171647E+002, 1.1484331E+002, 1.2278299E+002, 1.3183822E+002, 1.3738069E+002, 1.4015017E+002, 1.3986065E+002, 1.4184875E+002, 1.5020586E+002, 1.5483096E+002, 1.7518162E+002, 2.1568824E+002, 2.4753505E+002, 2.4087911E+002, 1.9232193E+002, 1.5392015E+002, 1.5883085E+002, 1.4523735E+002, 1.3513057E+002, 1.2259635E+002, 1.2121394E+002, 1.1300824E+002,-1.8526412E+000,-1.7524553E+000,-1.7523795E+000,-2.3771817E+000,-2.0072196E+000,-2.0348951E+000,-1.7628055E+000,-1.6110359E+000,-1.3448658E+000,-1.3648314E+000,-1.7046002E+000,-1.6422083E+000,-2.1706591E+000, 3.2168971E-001, 4.6690123E+000, 5.2125840E+000, 3.0850058E+000, 3.2711668E+000, 3.2583431E+000, 3.1592649E+000, 3.3238031E+000, 3.2588812E+000, 3.2905988E+000, 9.9951465E+003, 1.3295485E+000, 7.9199048E+000, 3.0580837E+000
 7.5004324E+001, 1.0095169E+002, 1.0266683E+002, 1.1596394E+002, 1.2579080E+002, 1.3304020E+002, 1.3598134E+002, 1.3606144E+002, 1.3666177E+002, 1.4543837E+002, 1.5104730E+002, 1.5667159E+002, 1.7743598E+002, 2.0912218E+002, 2.4769264E+002, 2.3790938E+002, 1.8915368E+002, 1.4947631E+002, 1.5256650E+002, 1.4748186E+002, 1.4122455E+002, 1.2742096E+002, 1.1518310E+002, 1.1413471E+002,-1.6825964E+000,-1.8243296E+000,-2.3841410E+000,-1.8956629E+000,-2.1989794E+000,-1.9513820E+000,-1.6593805E+000,-1.6427812E+000,-1.7152622E+000,-1.9997641E+000,-1.7946588E+000,-2.0775342E+000,-2.7590597E+000,-1.4063148E+000, 4.4194523E+000, 4.8450493E+000, 3.9102761E+000, 3.3852780E+000, 2.9018027E+000, 3.0430008E+000, 3.3454166E+000, 2.9515203E+000, 3.1186218E+000, 1.0024972E+004, 1.2926695E+000, 7.9610323E+000, 2.9370197E+000
 7.6001565E+001, 9.8685812E+001, 1.0765066E+002, 1.1675938E+002, 1.2910955E+002, 1.3271883E+002, 1.3178005E+002, 1.3284700E+002, 1.3953510E+002, 1.4711818E+002, 1.5478551E+002, 1.6666825E+002, 1.8361222E+002, 2.0981833E+002, 2.6816900E+002, 2.3725057E+002, 1.8788029E+002, 1.6077281E+002, 1.4761336E+002, 1.4818500E+002, 1.3879022E+002, 1.3107816E+002, 1.1801452E+002, 1.1378092E+002,-1.7039585E+000,-1.8457939E+000,-2.0775905E+000,-2.2230039E+000,-2.0443079E+000,-1.5965035E+000,-1.7348919E+000,-1.5466126E+000,-1.9612198E+000,-2.0724426E+000,-1.7886989E+000,-2.6442514E+000,-3.0681764E+000,-1.2069606E+000, 4.5803597E+000, 4.8609848E+000, 3.7915959E+000, 2.6353371E+000, 3.1204789E+000, 2.8497802E+000, 3.2543611E+000, 3.0127237E+000, 2.9434590E+000, 1.0050221E+004, 1.3216320E+000, 7.9885513E+000, 2.9319654E+000
 7.7021150E+001, 9.7616153E+001, 1.0979462E+002, 1.1529165E+002, 1.2919083E+002, 1.2808554E+002, 1.2947515E+002, 1.3398148E+002, 1.4310465E+002, 1.4903046E+002, 1.5401439E+002, 1.6709664E+002, 1.8984443E+002, 2.2823021E+002, 2.6704283E+002, 2.3954647E+002, 1.8071354E+002, 1.4681407E+002, 1.4596047E+002, 1.3936788E+002, 1.4226232E+002, 1.3277357E+002, 1.2194188E+002, 1.1279137E+002,-1.6770305E+000,-2.4442351E+000,-2.0755379E+000,-1.9496778E+000,-1.7053739E+000,-1.4185814E+000,-1.7645789E+000,-2.1126764E+000,-2.0633469E+000,-1.6806621E+000,-2.3559573E+000,-2.8838775E+000,-2.8350275E+000, 2.0181392E+000, 4.7832098E+000, 4.3880846E+000, 3.8221581E+000, 2.2241308E+000, 1.9294833E+000, 3.2084585E+000, 3.2531647E+000, 3.4958820E+000, 2.9421343E+000, 9.9637416E+003, 1.3756797E+000, 8.0645986E+000, 2.7364886E+000
 7.8020740E+001, 1.0045081E+002, 1.0992402E+002, 1.2051189E+002, 1.2476664E+002, 1.2597782E+002, 1.2958049E+002, 1.3819530E+002, 1.4202125E+002, 1.4867709E+002, 1.5808910E+002, 1.6494084E+002, 1.9349061E+002, 2.2562744E+002, 2.4275506E+002, 2.2004841E+002, 1.9069833E+002, 1.5680581E+002, 1.4137666E+002, 1.4159388E+002, 1.3647178E+002, 1.3284181E+002, 1.2518458E+002, 1.1538375E+002,-1.6532213E+000,-1.9852681E+000,-2.0894821E+000,-1.8364121E+000,-1.3196565E+000,-1.6209127E+000,-1.8215115E+000,-1.9342380E+000,-1.8481891E+000,-2.0650715E+000,-2.1635665E+000,-2.4756994E+000,-3.1185389E+000, 1.8730950E+000, 5.0653406E+000, 4.8210290E+000, 3.9182826E+000, 3.3451287E+000, 1.8706882E+000, 1.9960055E+000, 3.4849680E+000, 3.6529620E+000, 3.4265187E+000, 9.9898813E+003, 1.3542145E+000, 8.2849018E+000, 2.9408889E+000
 7.9006830E+001, 1.0388552E+002, 1.1069800E+002, 1.2141117E+002, 1.2181877E+002, 1.2544160E+002, 1.3241257E+002, 1.3552842E+002, 1.4456726E+002, 1.4583957E+002, 1.4807786E+002, 1.6865133E+002, 1.7786741E+002, 2.3400861E+002, 2.5742868E+002, 2.2761564E+002, 1.7583779E+002, 1.7288786E+002, 1.5675832E+002, 1.4032910E+002, 1.3628337E+002, 1.3083769E+002, 1.2598777E+002, 1.1715912E+002,-2.0588857E+000,-2.0899734E+000,-2.0245437E+000,-1.5312679E+000,-1.2425552E+000,-1.6786812E+000,-2.1070453E+000,-1.6544127E+000,-1.5862586E+000,-1.5177303E+000,-1.9661308E+000,-2.3113136E+000,-2.0295415E+000, 2.3929700E+000, 4.8481801E+000, 4.6633662E+000, 4.6384413E+000, 4.2889125E+000, 3.2742104E+000, 2.3545922E+000, 3.5234728E+000, 3.8918002E+000, 3.4644301E+000, 1.0013718E+004, 1.3803448E+000, 8.0070656E+000, 2.7612144E+000
 8.0001021E+001, 1.0247860E+002, 1.1037020E+002, 1.1955613E+002, 1.2130091E+002, 1.2671748E+002, 1.3179068E+002, 1.3754444E+002, 1.4054060E+002, 1.4397784E+002, 1.5161680E+002, 1.6516300E+002, 1.7119217E+002, 2.1966194E+002, 2.5276784E+002, 2.3069540E+002, 1.7732878E+002, 1.5566146E+002, 1.5467051E+002, 1.5416425E+002, 1.4241366E+002, 1.2991671E+002, 1.2593094E+002, 1.2021993E+002,-1.9587170E+000,-1.9676686E+000,-1.9810093E+000,-1.5085021E+000,-1.5043314E+000,-2.0518192E+000,-1.6866806E+000,-1.6898386E+000,-1.7758388E+000,-1.7420028E+000,-1.8056508E+000,-2.0343633E+000,-1.4624991E+000, 1.1633222E+000, 4.4415145E+000, 4.4682087E+000, 3.8544059E+000, 4.0506594E+000, 4.1509874E+000, 3.8310126E+000, 3.0131330E+000, 4.1334008E+000, 3.5967453E+000, 9.9669862E+003, 1.3282488E+000, 7.8144758E+000, 2.6677638E+000
 8.1015409E+001, 1.0513696E+002, 1.1449969E+002, 1.1621154E+002, 1.2206724E+002, 1.2820292E+002, 1.3073477E+002, 1.3626029E+002, 1.3737657E+002, 1.4133595E+002, 1.5323825E+002, 1.5831262E+002, 1.6428785E+002, 2.1690208E+002, 2.6718936E+002, 2.3026349E+002, 2.0067436E+002, 1.5323529E+002, 1.4332183E+002, 1.4493048E+002, 1.4732771E+002, 1.2954693E+002, 1.2496145E+002, 1.2095182E+002,-1.9860273E+000,-2.0051703E+000,-1.9480149E+000,-1.5554070E+000,-1.7256173E+000,-1.8683268E+000,-1.8091232E+000,-1.7795435E+000,-1.4699831E+000,-1.4450616E+000,-2.1257937E+000,-2.0774659E+000,-2.4641024E+000, 1.2235936E+000, 3.9766758E+000, 4.9595248E+000, 3.9258510E+000, 3.1715306E+000, 3.4007884E+000, 3.6387078E+000, 3.3361556E+000, 3.4699486E+000, 3.9061757E+000, 9.9769424E+003, 1.2789566E+000, 7.8419925E+000, 3.1363454E+000
 8.2023282E+001, 1.0537356E+002, 1.1240752E+002, 1.1487021E+002, 1.2377812E+002, 1.2679962E+002, 1.3232953E+002, 1.3353692E+002, 1.3613116E+002, 1.4287390E+002, 1.5230344E+002, 1.5707637E+002, 1.7334987E+002, 2.1302107E+002, 2.3536417E+002, 2.3813344E+002, 2.0107108E+002, 1.5640453E+002, 1.3883134E+002, 1.3834176E+002, 1.4010036E+002, 1.3649077E+002, 1.2351799E+002, 1.1965421E+002,-2.0213848E+000,-1.8351648E+000,-1.8247995E+000,-1.8295828E+000,-2.0432004E+000,-1.9304399E+000,-1.9166143E+000,-1.7453041E+000,-1.7568362E+000,-2.1285038E+000,-2.1984021E+000,-1.5422084E+000,-1.1376007E+000, 7.8544641E-001, 4.6472591E+000, 5.2012354E+000, 4.3705669E+000, 3.2519266E+000, 2.4256253E+000, 3.0481709E+000, 4.0233016E+000, 3.1348637E+000, 3.6449922E+000, 9.9777050E+003, 1.2652898E+000, 7.9651380E+000, 3.2029257E+000
 8.3006771E+001, 1.0721007E+002, 1.1176626E+002, 1.1487314E+002, 1.2435688E+002, 1.2858111E+002, 1.2966511E+002, 1.2982541E+002, 1.3658114E+002, 1.4437412E+002, 1.5135070E+002, 1.5555534E+002, 1.6434230E+002, 2.2221676E+002, 2.4118017E+002, 2.3367482E+002, 1.9248036E+002, 1.7843125E+002, 1.5540574E+002, 1.3448657E+002, 1.3591083E+002, 1.3559789E+002, 1.2956514E+002, 1.1963995E+002,-1.9678813E+000,-1.8077533E+000,-2.0575538E+000,-2.0006199E+000,-1.8382144E+000,-1.8999271E+000,-1.9578405E+000,-1.7033546E+000,-1.6710200E+000,-2.0071788E+000,-1.8107769E+000,-1.1618305E+000,-8.4488034E-001, 8.7010774E-001, 4.2370469E+000, 5.0008323E+000, 4.6113997E+000, 4.2965076E+000, 2.9660394E+000, 2.3561241E+000, 3.1149183E+000, 4.1108154E+000, 3.1683549E+000, 1.0004290E+004, 1.2765918E+000, 7.6922924E+000, 3.1034487E+000
 8.4020062E+001, 1.0731571E+002, 1.0988879E+002, 1.1494871E+002, 1.2479451E+002, 1.2710414E+002, 1.2678977E+002, 1.3159936E+002, 1.3736223E+002, 1.4630159E+002, 1.4740842E+002, 1.5322386E+002, 1.6213826E+002, 2.0662242E+002, 2.5889499E+002, 2.2520493E+002, 1.7517071E+002, 1.5500623E+002, 1.5563838E+002, 1.5345282E+002, 1.3924664E+002, 1.3150383E+002, 1.2858047E+002, 1.2243691E+002,-1.9939483E+000,-1.8777476E+000,-2.1973938E+000,-1.9071790E+000,-2.0435341E+000,-2.0546067E+000,-1.8796492E+000,-1.7928592E+000,-2.2031155E+000,-1.6883726E+000,-1.4351124E+000,-1.1647310E+000,-1.2132473E+000, 1.6720624E+000, 3.5640658E+000, 4.5227953E+000, 3.9051985E+000, 3.6347283E+000, 4.0860457E+000, 3.6745806E+000, 2.9110937E+000, 3.1944708E+000, 3.6702784E+000, 1.0004387E+004, 1.2881793E+000, 7.7655586E+000, 2.6352915E+000
 8.5005372E+001, 1.0509438E+002, 1.0978269E+002, 1.1633205E+002, 1.2444763E+002, 1.2451638E+002, 1.2627694E+002, 1.3216723E+002, 1.4165713E+002, 1.4172067E+002, 1.4846777E+002, 1.5342098E+002, 1.7492274E+002, 2.4906353E+002, 2.7366561E+002, 2.3085403E+002, 1.9257644E+002, 1.6797384E+002, 1.4844223E+002, 1.4530687E+002, 1.4260546E+002, 1.2924919E+002, 1.2884300E+002, 1.2277021E+002,-1.8141399E+000,-1.9022239E+000,-2.2065863E+000,-1.8984407E+000,-1.8789854E+000,-1.7241637E+000,-1.7072886E+000,-2.0213281E+000,-1.3987860E+000,-1.6161460E+000,-9.7048874E-001,-9.9251905E-001,-3.6207024E+000, 2.7743757E+000, 4.2236858E+000, 5.5289798E+000, 4.8147637E+000, 3.4893655E+000, 3.0800344E+000, 3.3006895E+000, 2.9078830E+000, 3.1497677E+000, 3.3254738E+000, 1.0037830E+004, 1.3356528E+000, 8.0379701E+000, 3.1708310E+000
 8.6012851E+001, 1.0523985E+002, 1.0861517E+002, 1.1805097E+002, 1.2218565E+002, 1.2301338E+002, 1.2797620E+002, 1.3667021E+002, 1.3771351E+002, 1.4181064E+002, 1.4636433E+002, 1.6753444E+002, 2.0673224E+002, 2.3193653E+002, 2.7170477E+002, 2.4321748E+002, 1.9494863E+002, 1.6681769E+002, 1.5205448E+002, 1.4492420E+002, 1.3793567E+002, 1.3317387E+002, 1.2525497E+002, 1.2298277E+002,-1.7140797E+000,-2.1367710E+000,-2.0376054E+000,-1.8229690E+000,-1.8222203E+000,-1.7824755E+000,-1.8083112E+000,-1.6825973E+000,-1.3739988E+000,-1.3149983E+000,-1.0744094E+000,-3.4773138E+000,-2.7980904E+000, 2.3076799E+000, 4.9474682E+000, 5.2699174E+000, 5.1520874E+000, 4.5122438E+000, 3.7408715E+000, 2.8294938E+000, 3.8891162E+000, 3.1393445E+000, 3.1249873E+000, 1.0014842E+004, 1.2947127E+000, 8.6651891E+000, 3.1909876E+000
 8.7025591E+001, 1.0485556E+002, 1.0929735E+002, 1.1801707E+002, 1.2063567E+002, 1.2313958E+002, 1.3046742E+002, 1.3392247E+002, 1.3551820E+002, 1.4130821E+002, 1.5195405E+002, 1.8534743E+002, 1.8398737E+002, 2.2719652E+002, 2.8212566E+002, 2.4018229E+002, 1.6993280E+002, 1.5995160E+002, 1.5633217E+002, 1.4526238E+002, 1.4142126E+002, 1.3006960E+002, 1.2514816E+002, 1.2167706E+002,-1.7019183E+000,-2.0378278E+000,-1.8406183E+000,-1.6972864E+000,-1.5317418E+000,-1.5354783E+000,-1.6699749E+000,-1.3695022E+000,-1.5070179E+000,-1.1470624E+000,-3.1567495E+000,-1.6932378E+000,-3.0833658E+000, 2.6082212E+000, 5.7956802E+000, 4.6893308E+000, 4.8491927E+000, 4.5271273E+000, 3.3712975E+000, 4.0163664E+000, 2.9101059E+000, 4.2526753E+000, 3.4433954E+000, 9.9847841E+003, 1.2739836E+000, 8.0128863E+000, 2.6839621E+000
 8.8007101E+001, 1.0452511E+002, 1.1152997E+002, 1.1656223E+002, 1.2019056E+002, 1.2521714E+002, 1.3158785E+002, 1.3126506E+002, 1.3699303E+002, 1.4283475E+002, 1.7242611E+002, 1.6562243E+002, 1.7768677E+002, 1.6707713E+002, 2.8718999E+002, 2.5420895E+002, 1.9933704E+002, 1.5309737E+002, 1.4598251E+002, 1.4838033E+002, 1.4108832E+002, 1.2975643E+002, 1.2487321E+002, 1.1990473E+002,-1.8301746E+000,-2.0949388E+000,-1.7325670E+000,-1.6054531E+000,-1.6922889E+000,-1.6673948E+000,-1.2864638E+000,-1.3784144E+000,-1.0528088E+000,-2.7009044E+000,-1.4083380E+000,-1.2387100E+000,-1.1052600E+000, 2.0728867E+000, 5.3312381E+000, 5.2769196E+000, 4.5831386E+000, 4.2526723E+000, 3.8248409E+000, 3.0373778E+000, 3.6771913E+000, 3.0423471E+000, 4.1495019E+000, 9.9639358E+003, 1.2994357E+000, 7.6702044E+000, 3.1729455E+000
 8.9009074E+001, 1.0290576E+002, 1.1166196E+002, 1.1530446E+002, 1.1984125E+002, 1.2783772E+002, 1.2716309E+002, 1.3104686E+002, 1.3899185E+002, 1.5914198E+002, 1.5594616E+002, 1.5785625E+002, 1.7123498E+002, 1.8954566E+002, 2.4266082E+002, 2.4383574E+002, 2.0737939E+002, 1.6584560E+002, 1.4225734E+002, 1.4001345E+002, 1.4260987E+002, 1.2958584E+002, 1.2317354E+002, 1.1975276E+002,-1.9271630E+000,-1.9227682E+000,-1.9069439E+000,-1.4075518E+000,-1.5115519E+000,-1.4977257E+000,-1.4053033E+000,-1.6012491E+000,-1.7083788E+000,-1.2870946E+000,-8.7669491E-001,-1.3689079E+000,-1.5975796E+000, 5.9110441E-001, 4.6941878E+000, 5.6097327E+000, 4.8053172E+000, 3.5283169E+000, 3.6258196E+000, 3.5757612E+000, 3.2944096E+000, 3.1821294E+000, 3.4322075E+000, 9.9584465E+003, 1.3316795E+000, 7.7599742E+000, 3.4180030E+000
 9.0001440E+001, 1.0425182E+002, 1.1045277E+002, 1.1464945E+002, 1.2342191E+002, 1.2565096E+002, 1.2595342E+002, 1.3581533E+002, 1.4517694E+002, 1.5010898E+002, 1.5204186E+002, 1.5882477E+002, 1.6371168E+002, 1.9323508E+002, 2.5362382E+002, 2.2310261E+002, 1.6899941E+002, 1.6657034E+002, 1.5565091E+002, 1.4051408E+002, 1.3690852E+002, 1.3480731E+002, 1.2487079E+002, 1.1902871E+002,-2.0363889E+000,-1.8525607E+000,-1.6982441E+000,-1.6626678E+000,-1.6656460E+000,-1.3546487E+000,-1.4854417E+000,-1.4439230E+000,-1.7681874E+000,-1.1561734E+000,-7.5284912E-001,-1.3640290E+000,-1.7480670E+000,-6.8285365E-001, 3.2318894E+000, 4.2059459E+000, 4.3628658E+000, 4.5513045E+000, 3.1426611E+000, 3.0564707E+000, 3.5805819E+000, 3.7749649E+000, 2.8888730E+000, 9.9439478E+003, 1.4112997E+000, 7.7764175E+000, 2.5106983E+000
 9.1013526E+001, 1.0622335E+002, 1.0975779E+002, 1.1440751E+002, 1.2331956E+002, 1.2225594E+002, 1.3164788E+002, 1.3963589E+002, 1.4844766E+002, 1.4156286E+002, 1.5131611E+002, 1.5769983E+002, 1.7327283E+002, 2.1358718E+002, 2.6050749E+002, 2.1317772E+002, 1.8243630E+002, 1.5857998E+002, 1.4275409E+002, 1.4607100E+002, 1.3986172E+002, 1.3409177E+002, 1.2367168E+002, 1.1915740E+002,-2.1256756E+000,-1.8854799E+000,-1.7400543E+000,-1.6284680E+000,-1.4098118E+000,-1.6791556E+000,-1.8304596E+000,-1.7767438E+000,-1.0202791E+000,-1.1217722E+000,-8.0847310E-001,-1.7337768E+000,-1.9607938E+000, 5.2407749E-001, 3.7363219E+000, 4.2564669E+000, 3.9910797E+000, 3.2612072E+000, 3.5316164E+000, 3.5691692E+000, 3.4810775E+000, 3.0100053E+000, 3.6024513E+000, 1.0000184E+004, 1.4514208E+000, 7.8141013E+000, 2.6959783E+000
 9.2004210E+001, 1.0436218E+002, 1.0875733E+002, 1.1435700E+002, 1.2036553E+002, 1.2619962E+002, 1.3508144E+002, 1.4194822E+002, 1.3752430E+002, 1.4349959E+002, 1.4919184E+002, 1.5820854E+002, 1.8028886E+002, 2.2140843E+002, 2.2472681E+002, 1.9349513E+002, 1.8500501E+002, 1.5796620E+002, 1.5194167E+002, 1.3947850E+002, 1.3978474E+002, 1.3147130E+002, 1.2932406E+002, 1.1837176E+002,-2.0981341E+000,-1.9720456E+000,-1.6799512E+000,-1.6770476E+000,-1.5392352E+000,-1.8506609E+000,-1.5657493E+000,-1.5916547E+000,-1.2301058E+000,-1.0791497E+000,-1.5718622E+000,-1.4095046E+000,-2.7349878E+000, 6.6237856E-001, 3.1251167E+000, 4.5905369E+000, 3.9490408E+000, 3.5700020E+000, 2.7776500E+000, 2.8490889E+000, 3.2166817E+000, 3.4157491E+000, 3.2322568E+000, 1.0055048E+004, 1.3253707E+000, 7.6564324E+000, 2.8024428E+000
 9.3006091E+001, 1.0424815E+002, 1.0951974E+002, 1.1720342E+002, 1.2074145E+002, 1.3081881E+002, 1.3649252E+002, 1.3798261E+002, 1.3391301E+002, 1.4548879E+002, 1.4958163E+002, 1.5757426E+002, 1.8886049E+002, 2.1827395E+002, 2.5330839E+002, 2.1445386E+002, 1.8593570E+002, 1.6376332E+002, 1.5415057E+002, 1.4292252E+002, 1.3767001E+002, 1.3391859E+002, 1.2734558E+002, 1.2071237E+002,-2.0363378E+000,-1.8534297E+000,-1.8073235E+000,-1.6402242E+000,-1.9621352E+000,-1.7363221E+000,-1.7437533E+000,-1.2675497E+000,-1.2738237E+000,-1.1201899E+000,-1.7384242E+000,-2.2687754E+000,-2.0622842E+000,-3.3221128E-001, 4.5954195E+000, 5.0955164E+000, 4.0654705E+000, 3.8887512E+000, 2.8576598E+000, 2.6679380E+000, 3.7038814E+000, 3.2263059E+000, 3.0233628E+000, 1.0109100E+004, 1.2709098E+000, 7.7727341E+000, 2.9304811E+000
 9.4013537E+001, 1.0423437E+002, 1.0924236E+002, 1.1605265E+002, 1.2681966E+002, 1.3226958E+002, 1.3483909E+002, 1.3094181E+002, 1.3815668E+002, 1.4412418E+002, 1.5170146E+002, 1.6612627E+002, 1.8078732E+002, 2.3117218E+002, 2.7915927E+002, 2.1770862E+002, 1.7189633E+002, 1.5681030E+002, 1.5556128E+002, 1.4773142E+002, 1.3949481E+002, 1.3209796E+002, 1.2718402E+002, 1.2376639E+002,-2.0428993E+000,-1.8473550E+000,-1.7797318E+000,-1.9664508E+000,-1.5978413E+000,-1.4549664E+000,-1.3769495E+000,-1.4387082E+000,-1.1223811E+000,-1.2965660E+000,-1.4251968E+000,-1.3899132E+000,-3.2559347E+000, 1.2233073E+000, 4.3378226E+000, 4.6081855E+000, 4.6347428E+000, 3.9463025E+000, 3.6598712E+000, 2.9257202E+000, 3.2990635E+000, 3.5729702E+000, 3.3962883E+000, 9.9694941E+003, 1.3123045E+000, 7.8440617E+000, 2.6278128E+000
 9.5011987E+001, 1.0351893E+002, 1.0941295E+002, 1.1369775E+002, 1.2658430E+002, 1.3090250E+002, 1.3063423E+002, 1.2994869E+002, 1.3971722E+002, 1.4503389E+002, 1.4996531E+002, 1.6982028E+002, 2.0087958E+002, 2.2996434E+002, 3.1422523E+002, 2.3785603E+002, 1.8197023E+002, 1.4924033E+002, 1.4688573E+002, 1.4683956E+002, 1.4293846E+002, 1.3396809E+002, 1.2814248E+002, 1.2178621E+002,-2.0171051E+000,-1.8811678E+000,-1.6468859E+000,-1.6506509E+000,-1.4921003E+000,-1.4456320E+000,-1.1525175E+000,-1.4343204E+000,-1.2277387E+000,-1.4540797E+000,-1.4785456E+000,-2.1347440E+000,-1.7917844E+000, 2.1957167E+000, 5.1407289E+000, 4.7292487E+000, 2.9914005E+000, 4.1993710E+000, 3.9353112E+000, 3.3476873E+000, 3.3654234E+000, 3.4809434E+000, 3.2353995E+000, 1.0039596E+004, 1.3396162E+000, 7.9892156E+000, 2.6733975E+000
 9.6009257E+001, 1.0466080E+002, 1.1046002E+002, 1.1828788E+002, 1.2807702E+002, 1.2846820E+002, 1.2670987E+002, 1.3460741E+002, 1.3941613E+002, 1.4350306E+002, 1.5506094E+002, 1.8289439E+002, 1.8574253E+002, 1.8670149E+002, 3.0113712E+002, 2.6006438E+002, 1.9270829E+002, 1.6729085E+002, 1.5060634E+002, 1.4702430E+002, 1.4028411E+002, 1.3541837E+002, 1.2765362E+002, 1.2369705E+002,-1.8955530E+000,-1.8873029E+000,-1.9125589E+000,-1.5756802E+000,-1.2974028E+000,-1.3329464E+000,-1.3846026E+000,-1.1814577E+000,-1.2748398E+000,-1.0940880E+000,-2.1792500E+000,-1.5418184E+000,-1.3929088E+000, 2.1726179E+000, 5.1086656E+000, 4.8419646E+000, 5.0232162E+000, 3.3803101E+000, 3.6809480E+000, 4.0271833E+000, 3.2125171E+000, 3.6653637E+000, 3.5107588E+000, 9.9903447E+003, 1.3464138E+000, 7.8394512E+000, 2.9969018E+000
 9.7006526E+001, 1.0381929E+002, 1.0910326E+002, 1.1855965E+002, 1.2590641E+002, 1.2591938E+002, 1.2675108E+002, 1.3438776E+002, 1.3994357E+002, 1.4355615E+002, 1.7051369E+002, 1.7710955E+002, 1.7280387E+002, 2.3560644E+002, 3.1399385E+002, 2.6288350E+002, 1.9475196E+002, 1.5917590E+002, 1.3448746E+002, 1.4451109E+002, 1.4405185E+002, 1.3345894E+002, 1.2928293E+002, 1.2274988E+002,-1.9242942E+000,-1.8392941E+000,-2.1394215E+000,-1.5634812E+000,-1.2498206E+000,-1.1412411E+000,-1.3396310E+000,-1.2628398E+000,-1.2268841E+000,-1.9373157E+000,-1.8449426E+000,-1.1868146E+000,-3.2477835E+000, 1.0085967E+000, 4.9146494E+000, 5.3642737E+000, 4.5328976E+000, 3.2878469E+000, 3.3066207E+000, 3.4812596E+000, 3.2409337E+000, 3.6134190E+000, 3.5941510E+000, 9.9865724E+003, 1.3531700E+000, 7.9007602E+000, 3.1849296E+000
 9.8003796E+001, 1.0337832E+002, 1.0915222E+002, 1.1959368E+002, 1.2408543E+002, 1.2362357E+002, 1.3076349E+002, 1.3467917E+002, 1.3716786E+002, 1.5459336E+002, 1.6640980E+002, 1.5762904E+002, 1.9551602E+002, 1.9211074E+002, 2.8302794E+002, 2.5185826E+002, 1.8209660E+002, 1.5731642E+002, 1.4025011E+002, 1.2830887E+002, 1.3669647E+002, 1.2953669E+002, 1.2810022E+002, 1.2223208E+002,-1.8894363E+000,-1.6640330E+000,-1.8518635E+000,-1.4497053E+000,-1.3958699E+000,-1.4227559E+000,-1.1145494E+000,-1.3105822E+000,-1.5225262E+000,-1.6599240E+000,-1.6097347E+000,-2.6079452E+000,-1.6301753E+000, 6.7610199E-001, 4.6081755E+000, 4.2676989E+000, 3.9086953E+000, 3.9259059E+000, 2.1665581E+000, 3.0070001E+000, 3.6741229E+000, 3.2055537E+000, 3.3166594E+000, 1.0011061E+004, 1.3220861E+000, 8.2970977E+000, 2.6239135E+000
 9.9001066E+001, 1.0386527E+002, 1.1282759E+002, 1.2091703E+002, 1.2228231E+002, 1.2431954E+002, 1.3001963E+002, 1.3374249E+002, 1.4005154E+002, 1.6117961E+002, 1.5503481E+002, 1.7687135E+002, 1.7336644E+002, 2.1120869E+002, 2.8001771E+002, 2.4211083E+002, 1.9709220E+002, 1.6916320E+002, 1.4870111E+002, 1.3185070E+002, 1.2733423E+002, 1.3164929E+002, 1.2326212E+002, 1.2261939E+002,-1.8085393E+000,-1.9759633E+000,-1.8041464E+000,-1.5124386E+000,-1.3695616E+000,-1.4748288E+000,-1.2328502E+000,-1.3908530E+000,-1.9503666E+000,-1.7781848E+000,-2.4022356E+000,-1.7789003E+000,-1.8846189E+000, 5.2144939E-001, 4.6110418E+000, 5.3751646E+000, 3.9893474E+000, 3.4120634E+000, 3.6569402E+000, 2.4840203E+000, 3.4078202E+000, 3.6104079E+000, 3.3376643E+000, 9.9798157E+003, 1.3524670E+000, 8.0882813E+000, 3.1536528E+000
 1.0001398E+002, 1.0220922E+002, 1.1229501E+002, 1.1966232E+002, 1.2109804E+002, 1.2712329E+002, 1.3012782E+002, 1.3235029E+002, 1.5291801E+002, 1.5154163E+002, 1.6275284E+002, 1.7046026E+002, 1.8062373E+002, 2.4764099E+002, 2.6817285E+002, 2.1121425E+002, 1.8180761E+002, 1.6662855E+002, 1.6257735E+002, 1.4941601E+002, 1.2852605E+002, 1.2718870E+002, 1.2175770E+002, 1.2092562E+002,-1.7176889E+000,-1.8742355E+000,-1.8611957E+000,-1.5977757E+000,-1.6513511E+000,-1.3202178E+000,-1.4982419E+000,-1.7820510E+000,-1.5715977E+000,-2.2099324E+000,-2.1262723E+000,-1.8159042E+000,-3.7903729E+000, 1.0777972E+000, 3.3081351E+000, 4.4830867E+000, 4.6610214E+000, 4.3163807E+000, 3.3186212E+000, 3.4511880E+000, 2.9826013E+000, 3.4104298E+000, 3.2640126E+000, 1.0013185E+004, 1.4940187E+000, 8.2696438E+000, 2.7650616E+000
 1.0100205E+002, 1.0372722E+002, 1.1383693E+002, 1.1870309E+002, 1.2315255E+002, 1.2667763E+002, 1.2813233E+002, 1.4178930E+002, 1.4754052E+002, 1.5452020E+002, 1.6246567E+002, 1.7606577E+002, 1.9727805E+002, 2.2357873E+002, 2.6788931E+002, 2.0398792E+002, 1.8995250E+002, 1.6412157E+002, 1.4668677E+002, 1.5273049E+002, 1.4523898E+002, 1.2344880E+002, 1.2286155E+002, 1.1716779E+002,-1.7390345E+000,-1.5571947E+000,-1.7159433E+000,-1.6515882E+000,-1.5756753E+000,-1.4390789E+000,-1.6936615E+000,-1.6713906E+000,-2.0396790E+000,-2.2424000E+000,-1.9839816E+000,-2.8764010E+000,-2.8488294E+000, 1.7610524E+000, 3.5360710E+000, 4.8570379E+000, 3.9539948E+000, 3.1137717E+000, 4.1040910E+000, 3.5089727E+000, 3.4813155E+000, 3.5951004E+000, 3.4941038E+000, 1.0030948E+004, 1.4511060E+000, 8.3185471E+000, 2.8716837E+000
 1.0201438E+002, 1.0721557E+002, 1.1509587E+002, 1.1747509E+002, 1.2384451E+002, 1.2561397E+002, 1.3193215E+002, 1.4256809E+002, 1.4782472E+002, 1.5633966E+002, 1.6989927E+002, 1.8135102E+002, 1.9847107E+002, 2.3869049E+002, 2.7045134E+002, 2.2110947E+002, 1.8332753E+002, 1.7119952E+002, 1.4920760E+002, 1.4257566E+002, 1.4406436E+002, 1.2591188E+002, 1.2175829E+002, 1.1797133E+002,-2.0004557E+000,-1.5766816E+000,-1.6641511E+000,-1.8961077E+000,-1.4191951E+000,-1.6511237E+000,-1.7927219E+000,-1.8088173E+000,-2.2169458E+000,-2.0865781E+000,-2.5570906E+000,-3.1915934E+000,-2.9916958E+000, 1.8852692E+000, 3.7344522E+000, 4.6420819E+000, 4.5690029E+000, 3.3160320E+000, 2.3248274E+000, 3.3824689E+000, 3.1168405E+000, 3.5649615E+000, 3.2631802E+000, 1.0058313E+004, 1.4432658E+000, 8.2462462E+000, 2.8757663E+000
 1.0302328E+002, 1.0746655E+002, 1.1411529E+002, 1.1649743E+002, 1.2306019E+002, 1.2447633E+002, 1.3835631E+002, 1.4183356E+002, 1.5028295E+002, 1.6258716E+002, 1.7323734E+002, 1.7859424E+002, 1.9862629E+002, 2.1629689E+002, 3.0236284E+002, 2.3958222E+002, 1.6997913E+002, 1.5147489E+002, 1.5709932E+002, 1.4112387E+002, 1.3908004E+002, 1.3532546E+002, 1.2078747E+002, 1.1904554E+002,-1.9636492E+000,-1.5826853E+000,-1.6226817E+000,-1.5970907E+000,-1.6743164E+000,-1.6647311E+000,-1.6681593E+000,-2.1500412E+000,-1.9066892E+000,-2.5345653E+000,-3.1013722E+000,-2.6035601E+000,-2.3181526E+000, 2.8752974E+000, 4.6195829E+000, 4.0148409E+000, 3.3760611E+000, 3.8425114E+000, 2.4156337E+000, 2.4493335E+000, 3.3801854E+000, 3.6138135E+000, 3.6133439E+000, 1.0017926E+004, 1.4834252E+000, 8.3437902E+000, 2.3979472E+000
 1.0400827E+002, 1.0872674E+002, 1.1334607E+002, 1.1815191E+002, 1.2115383E+002, 1.3186774E+002, 1.3684336E+002, 1.4455973E+002, 1.5464031E+002, 1.6360316E+002, 1.6837431E+002, 1.7021949E+002, 1.9040462E+002, 2.1539070E+002, 3.1150362E+002, 2.4636367E+002, 1.8700597E+002, 1.3854741E+002, 1.4242945E+002, 1.4807563E+002, 1.3641726E+002, 1.3412062E+002, 1.2444828E+002, 1.1800518E+002,-1.8284196E+000,-1.5206092E+000,-1.5518975E+000,-1.5524128E+000,-1.8147704E+000,-1.7546694E+000,-2.1616754E+000,-1.6971342E+000,-2.5479740E+000,-2.8837181E+000,-2.2065835E+000,-1.8103557E+000,-1.2794234E+000, 3.5022564E+000, 5.1675536E+000, 4.3861755E+000, 4.0329209E+000, 2.5446303E+000, 3.1463900E+000, 2.5755060E+000, 2.8689581E+000, 3.4048034E+000, 3.8578583E+000, 9.9952405E+003, 1.5322216E+000, 8.2647345E+000, 2.7361886E+000
 1.0500388E+002, 1.0832590E+002, 1.1221783E+002, 1.1797921E+002, 1.2459703E+002, 1.3336299E+002, 1.3933689E+002, 1.4628618E+002, 1.5666703E+002, 1.6132883E+002, 1.5957675E+002, 1.5857236E+002, 1.8712209E+002, 2.1110287E+002, 3.0473731E+002, 2.2751492E+002, 1.7844260E+002, 1.5319133E+002, 1.4050259E+002, 1.3751579E+002, 1.4207498E+002, 1.2935752E+002, 1.2610205E+002, 1.1885657E+002,-1.8128644E+000,-1.5550349E+000,-1.5034989E+000,-1.7657006E+000,-1.7604345E+000,-1.8847496E+000,-1.7043140E+000,-2.4641961E+000,-2.4522567E+000,-1.9128406E+000,-1.4402741E+000,-1.3393477E+000,-9.7762012E-002, 2.8393745E+000, 4.5251059E+000, 3.4266856E+000, 4.3229686E+000, 4.3762772E+000, 3.0623765E+000, 3.2732852E+000, 2.7812926E+000, 3.1888737E+000, 3.3023855E+000, 9.9229739E+003, 1.6630138E+000, 7.8658785E+000, 2.4440180E+000
 1.0602330E+002, 1.0902260E+002, 1.1130172E+002, 1.1670559E+002, 1.2889373E+002, 1.3449258E+002, 1.4101932E+002, 1.5056861E+002, 1.5261622E+002, 1.5143998E+002, 1.5448704E+002, 1.6253890E+002, 1.6674065E+002, 1.9656425E+002, 2.6320109E+002, 2.4384730E+002, 1.6258276E+002, 1.4831096E+002, 1.4174849E+002, 1.4347084E+002, 1.3608564E+002, 1.2998430E+002, 1.2399825E+002, 1.1726937E+002,-1.7256140E+000,-1.5752328E+000,-1.3945285E+000,-1.7531382E+000,-2.0333558E+000,-1.9049129E+000,-2.2602257E+000,-2.1344509E+000,-1.8981993E+000,-1.7290392E+000,-1.1674049E+000,-8.5681932E-001,-9.1625467E-001, 1.9183387E+000, 4.9801781E+000, 3.4572836E+000, 2.6924157E+000, 3.1044027E+000, 3.8702174E+000, 3.3246097E+000, 2.8680299E+000, 3.0148016E+000, 3.3481053E+000, 9.9654602E+003, 1.5210601E+000, 7.7084135E+000, 2.0949247E+000
 1.0702648E+002, 1.0796156E+002, 1.1179475E+002, 1.1684770E+002, 1.3073561E+002, 1.3748483E+002, 1.4422723E+002, 1.4579113E+002, 1.4730412E+002, 1.4983609E+002, 1.5278236E+002, 1.6533395E+002, 1.6336999E+002, 1.9463969E+002, 2.7476977E+002, 2.2909076E+002, 1.8230969E+002, 1.5661899E+002, 1.4091235E+002, 1.3638703E+002, 1.4181015E+002, 1.3288202E+002, 1.1935623E+002, 1.1918869E+002,-1.5253862E+000,-1.5690763E+000,-1.4687191E+000,-1.9610602E+000,-2.0377489E+000,-1.7255873E+000,-1.9360951E+000,-1.8622202E+000,-1.6068402E+000,-1.6036975E+000,-1.3593037E+000,-5.0379840E-001,-3.3996133E-001, 1.7595611E+000, 3.9742822E+000, 3.9021886E+000, 2.6800293E+000, 2.6026744E+000, 2.3405688E+000, 3.4180313E+000, 3.1281005E+000, 3.0746371E+000, 2.9235754E+000, 9.9808319E+003, 1.4281941E+000, 7.6279828E+000, 2.6316013E+000
 1.0800073E+002, 1.0606032E+002, 1.1240132E+002, 1.2013470E+002, 1.3286130E+002, 1.3857742E+002, 1.4182526E+002, 1.4243272E+002, 1.4356315E+002, 1.4962338E+002, 1.5420565E+002, 1.5514629E+002, 1.6725916E+002, 2.1335281E+002, 2.3831807E+002, 2.3702541E+002, 1.7928702E+002, 1.6601626E+002, 1.5814674E+002, 1.3904361E+002, 1.3904127E+002, 1.3651469E+002, 1.2461692E+002, 1.1648747E+002,-1.6136484E+000,-1.7156749E+000,-2.0201474E+000,-2.1501538E+000,-1.8271884E+000,-2.2118585E+000,-1.6161130E+000,-1.6612771E+000,-1.9112745E+000,-1.5964373E+000,-1.5508182E+000,-8.4623356E-001, 2.0148052E-001, 1.0446566E+000, 4.7384845E+000, 4.2065468E+000, 3.3840224E+000, 3.2558442E+000, 2.9142173E+000, 2.8244070E+000, 3.6129570E+000, 3.1595921E+000, 2.9473938E+000, 1.0050157E+004, 1.3829959E+000, 7.7625727E+000, 2.6151973E+000
 1.0901121E+002, 1.0516251E+002, 1.1168968E+002, 1.2199772E+002, 1.3445527E+002, 1.3865078E+002, 1.3827742E+002, 1.3987874E+002, 1.4503854E+002, 1.4848336E+002, 1.5459614E+002, 1.5275639E+002, 1.7404991E+002, 2.0897349E+002, 2.4483649E+002, 2.3736622E+002, 1.7821197E+002, 1.5969192E+002, 1.6356183E+002, 1.5391602E+002, 1.4204463E+002, 1.3710537E+002, 1.2913478E+002, 1.1643965E+002,-1.5972390E+000,-1.7759368E+000,-1.9267664E+000,-1.9456819E+000,-2.1886958E+000,-1.2840645E+000,-1.5914240E+000,-1.6879856E+000,-1.9410358E+000,-1.5701667E+000,-9.8772193E-001,-1.1845574E+000,-3.8468650E-001, 7.0252847E-001, 4.3767753E+000, 4.0554576E+000, 3.3889326E+000, 3.3916515E+000, 2.8496960E+000, 3.0808392E+000, 3.0851156E+000, 3.5437551E+000, 3.3014143E+000, 9.9523503E+003, 1.3968036E+000, 7.7618753E+000, 2.5758379E+000
 1.1002632E+002, 1.0629199E+002, 1.1147077E+002, 1.2499261E+002, 1.3471910E+002, 1.3543915E+002, 1.3654599E+002, 1.3924289E+002, 1.4537821E+002, 1.4978611E+002, 1.4703791E+002, 1.5685657E+002, 1.6742428E+002, 1.8778238E+002, 2.5665383E+002, 2.4611399E+002, 1.7598493E+002, 1.6512118E+002, 1.5174677E+002, 1.5517622E+002, 1.4692978E+002, 1.4120720E+002, 1.3279054E+002, 1.2266710E+002,-1.7170828E+000,-1.8076281E+000,-2.1682885E+000,-2.1253097E+000,-1.6830444E+000,-1.4792331E+000,-1.4659598E+000,-1.9858409E+000,-1.8215205E+000,-1.8148564E+000,-9.2589578E-001,-1.1451589E+000,-6.0919792E-001, 1.1804424E+000, 4.3309565E+000, 3.4813278E+000, 2.8774773E+000, 2.8325174E+000, 3.0793426E+000, 2.3200563E+000, 3.7018116E+000, 3.2591596E+000, 3.4403123E+000, 9.9813815E+003, 1.4003745E+000, 7.4543628E+000, 2.3709218E+000
 1.1100887E+002, 1.0788627E+002, 1.1448969E+002, 1.2661645E+002, 1.3235707E+002, 1.3310380E+002, 1.3462065E+002, 1.4127820E+002, 1.4475312E+002, 1.4515456E+002, 1.4688124E+002, 1.6558239E+002, 1.5473344E+002, 1.9263268E+002, 2.6875285E+002, 2.6919839E+002, 2.0680734E+002, 1.6769446E+002, 1.5587252E+002, 1.4967775E+002, 1.5041200E+002, 1.3728592E+002, 1.3174681E+002, 1.2517835E+002,-1.6439541E+000,-2.0064146E+000,-2.1191596E+000,-2.0035860E+000,-1.3537699E+000,-1.5725808E+000,-1.7584130E+000,-1.8270737E+000,-1.8171167E+000,-1.2303327E+000,-1.3214857E+000,-1.4021337E+000,-9.3345802E-001,-6.9239795E-002, 5.1660734E+000, 4.8412249E+000, 2.3088589E+000, 2.4495678E+000, 2.4148434E+000, 2.9718103E+000, 2.9779210E+000, 3.5095588E+000, 3.5948298E+000, 1.0022197E+004, 1.3918644E+000, 7.0563104E+000, 3.1177452E+000
 1.1203109E+002, 1.0758866E+002, 1.1731120E+002, 1.2670141E+002, 1.3010758E+002, 1.3171319E+002, 1.3555096E+002, 1.3946229E+002, 1.4208249E+002, 1.4058212E+002, 1.5168798E+002, 1.5595729E+002, 1.6454200E+002, 1.8209895E+002, 2.7784342E+002, 2.7277630E+002, 2.2855332E+002, 1.8008185E+002, 1.5824955E+002, 1.4833530E+002, 1.4592962E+002, 1.3863275E+002, 1.3275141E+002, 1.2660428E+002,-1.7800889E+000,-1.9757673E+000,-2.0598062E+000,-1.6513810E+000,-1.4626994E+000,-1.5096632E+000,-1.8334163E+000,-1.7874870E+000,-1.7338115E+000,-1.3091258E+000,-1.6250097E+000,-1.0637332E+000,-1.3683773E+000, 4.1086135E-001, 4.9355984E+000, 5.2011254E+000, 5.0099049E+000, 2.6862378E+000, 1.3890297E+000, 2.4099197E+000, 2.7308231E+000, 3.4970599E+000, 3.4693032E+000, 9.9403970E+003, 1.3707234E+000, 7.1522398E+000, 3.6590442E+000
 1.1302334E+002, 1.0771299E+002, 1.1937667E+002, 1.2527766E+002, 1.2931037E+002, 1.3081858E+002, 1.3617197E+002, 1.3836664E+002, 1.3647620E+002, 1.4115808E+002, 1.5565448E+002, 1.5273075E+002, 1.6932347E+002, 1.8604003E+002, 2.6808208E+002, 2.6771050E+002, 1.9792375E+002, 1.7534554E+002, 1.6614590E+002, 1.5413003E+002, 1.4496806E+002, 1.4231016E+002, 1.3306247E+002, 1.2590172E+002,-1.8404668E+000,-1.8826487E+000,-2.1068432E+000,-1.5776661E+000,-1.5858302E+000,-1.8267266E+000,-1.6642161E+000,-1.8223317E+000,-1.3971932E+000,-1.6136869E+000,-1.4566363E+000,-1.0817090E+000,-1.2622885E+000, 5.4347907E-001, 4.8236758E+000, 4.7489590E+000, 4.5660614E+000, 4.4065379E+000, 2.4410055E+000, 1.8667278E+000, 3.4337595E+000, 2.8295020E+000, 3.4562795E+000, 9.9615486E+003, 1.3001161E+000, 7.0587027E+000, 3.2454341E+000
 1.1402595E+002, 1.1009999E+002, 1.2068664E+002, 1.2413054E+002, 1.2803942E+002, 1.3238170E+002, 1.3439511E+002, 1.3408882E+002, 1.3522497E+002, 1.4675797E+002, 1.4851686E+002, 1.6231100E+002, 1.7183531E+002, 2.2971789E+002, 2.8417110E+002, 2.6223572E+002, 2.0447454E+002, 1.4925931E+002, 1.5081792E+002, 1.5662303E+002, 1.4454254E+002, 1.3739971E+002, 1.3328379E+002, 1.2659712E+002,-2.0506780E+000,-1.9474998E+000,-1.9092207E+000,-1.6828849E+000,-1.7117456E+000,-1.6876252E+000,-1.6473636E+000,-1.7071369E+000,-1.4904738E+000,-1.6442177E+000,-1.1367680E+000,-1.1290172E+000,-2.5458653E+000, 1.2072526E+000, 4.2309747E+000, 4.2232239E+000, 4.0147290E+000, 3.5530661E+000, 3.2552442E+000, 1.2613126E+000, 2.9959431E+000, 3.4437792E+000, 3.3050405E+000, 9.9501935E+003, 1.2748295E+000, 7.0320026E+000, 3.0193754E+000
 1.1502856E+002, 1.1257718E+002, 1.1934219E+002, 1.2296380E+002, 1.2855381E+002, 1.3153558E+002, 1.3184454E+002, 1.3117352E+002, 1.3610697E+002, 1.4633059E+002, 1.4748248E+002, 1.6209203E+002, 1.9598031E+002, 2.0601540E+002, 2.6670421E+002, 2.6689690E+002, 2.0087102E+002, 1.7521806E+002, 1.5005469E+002, 1.4538400E+002, 1.4828688E+002, 1.3718167E+002, 1.3243514E+002, 1.2587077E+002,-1.9566595E+000,-1.8836798E+000,-1.8197393E+000,-1.7521053E+000,-1.7654889E+000,-1.6746008E+000,-1.6009674E+000,-1.5270331E+000,-1.8715986E+000,-1.5900869E+000,-1.4247608E+000,-1.7927544E+000,-1.7336707E+000,-1.0990228E+000, 4.5767999E+000, 5.0594076E+000, 4.5800904E+000, 3.3581530E+000, 2.7890519E+000, 2.8538417E+000, 2.8459077E+000, 3.5597093E+000, 3.0116777E+000, 1.0025117E+004, 1.2737168E+000, 6.8930448E+000, 3.3689569E+000
 1.1603117E+002, 1.1448523E+002, 1.1850169E+002, 1.2278098E+002, 1.2862353E+002, 1.2882768E+002, 1.2831661E+002, 1.3111918E+002, 1.4218415E+002, 1.4200754E+002, 1.5455847E+002, 1.7187420E+002, 1.9534484E+002, 2.4219725E+002, 2.5039468E+002, 2.8135172E+002, 2.1375924E+002, 1.6536287E+002, 1.5379454E+002, 1.5035921E+002, 1.4148049E+002, 1.4078041E+002, 1.3023187E+002, 1.2754767E+002,-1.9756311E+000,-1.9374603E+000,-1.8073892E+000,-1.9238289E+000,-1.8095477E+000,-1.6818432E+000,-1.5115734E+000,-1.9196351E+000,-1.6538749E+000,-1.4098885E+000,-1.8192480E+000,-1.7546674E+000,-3.4025970E+000,-2.5106558E+000, 4.7529798E+000, 4.7655099E+000, 3.4358792E+000, 3.3715375E+000, 3.1811762E+000, 2.6777637E+000, 2.7305710E+000, 3.2102560E+000, 3.5020053E+000, 1.0004122E+004, 1.3359966E+000, 6.8393892E+000, 3.3670718E+000
 1.1701895E+002, 1.1478959E+002, 1.1686393E+002, 1.2193869E+002, 1.2655689E+002, 1.2562749E+002, 1.2782115E+002, 1.3484454E+002, 1.3901479E+002, 1.4320150E+002, 1.6019693E+002, 1.8012959E+002, 2.2513095E+002, 2.0951466E+002, 2.1875621E+002, 2.6533019E+002, 2.3003534E+002, 1.9307267E+002, 1.5807067E+002, 1.5002784E+002, 1.4685753E+002, 1.3888568E+002, 1.3314342E+002, 1.2444957E+002,-1.9606525E+000,-1.8012812E+000,-1.6490794E+000,-1.7638585E+000,-1.7643478E+000,-1.6403460E+000,-1.5758754E+000,-1.8144042E+000,-1.6959272E+000,-1.7372629E+000,-2.2020350E+000,-3.1671287E+000,-1.9765540E+000,-1.7874100E+000, 2.3076713E+000, 5.7235528E+000, 4.8991012E+000, 2.8634406E+000, 2.7538694E+000, 3.1056231E+000, 2.6924512E+000, 3.3213520E+000, 3.1536006E+000, 1.0051089E+004, 1.3132801E+000, 7.2513959E+000, 3.9842446E+000
 1.1801194E+002, 1.1277815E+002, 1.1614480E+002, 1.2275953E+002, 1.2274318E+002, 1.2449409E+002, 1.3005752E+002, 1.3563602E+002, 1.3672890E+002, 1.5038119E+002, 1.7169188E+002, 1.9719689E+002, 1.8842989E+002, 1.9435960E+002, 2.4299933E+002, 2.5418025E+002, 2.4111026E+002, 2.2060102E+002, 1.7119171E+002, 1.5213279E+002, 1.4764950E+002, 1.3845038E+002, 1.3517956E+002, 1.2719303E+002,-1.9060934E+000,-1.8566446E+000,-1.6889590E+000,-1.9158227E+000,-1.8032425E+000,-1.7757192E+000,-1.9578956E+000,-1.4957087E+000,-1.6100646E+000,-2.3810745E+000,-2.9628592E+000,-1.5057988E+000,-1.4740224E+000,-2.3650659E+000, 1.6753444E+000, 4.8376498E+000, 5.6498027E+000, 4.9070843E+000, 2.1050480E+000, 2.9036463E+000, 2.9160916E+000, 3.1516711E+000, 3.1866652E+000, 1.0029636E+004, 1.3016149E+000, 7.0381241E+000, 4.1843081E+000
 1.1901021E+002, 1.1200436E+002, 1.1541159E+002, 1.2113291E+002, 1.2105379E+002, 1.2795980E+002, 1.3207703E+002, 1.3341441E+002, 1.4049933E+002, 1.6278994E+002, 1.7611861E+002, 1.6984554E+002, 1.8280021E+002, 1.9538873E+002, 2.5956594E+002, 2.7701708E+002, 2.3830398E+002, 2.1596437E+002, 1.9374135E+002, 1.6792260E+002, 1.4941057E+002, 1.4234948E+002, 1.3363032E+002, 1.3269608E+002,-1.8054917E+000,-1.9221181E+000,-1.8777139E+000,-1.7878229E+000,-1.9978923E+000,-1.9504058E+000,-1.4886515E+000,-1.6694243E+000,-2.0579972E+000,-2.7751315E+000,-1.4363990E+000,-9.4149525E-001,-1.9182963E+000,-1.8846322E+000, 2.8293061E+000, 4.5925805E+000, 4.7581934E+000, 5.6704649E+000, 4.7138012E+000, 2.3631138E+000, 3.7846709E+000, 3.3105127E+000, 3.4976541E+000, 9.9606185E+003, 1.3512959E+000, 7.0243793E+000, 3.8741710E+000
 1.2000379E+002, 1.1066412E+002, 1.1598849E+002, 1.1851410E+002, 1.2463854E+002, 1.2866806E+002, 1.3017193E+002, 1.3249739E+002, 1.5241446E+002, 1.6460488E+002, 1.5767468E+002, 1.7258937E+002, 1.8094513E+002, 1.7659166E+002, 2.2980395E+002, 2.6276064E+002, 2.3183357E+002, 2.0749010E+002, 1.9971143E+002, 1.7533407E+002, 1.6369751E+002, 1.4125755E+002, 1.3668199E+002, 1.3032576E+002,-1.6140919E+000,-1.9321512E+000,-1.7075867E+000,-1.9742370E+000,-2.0192371E+000,-1.7876082E+000,-1.3748810E+000,-1.7937412E+000,-2.5204689E+000,-1.4186315E+000,-1.6796787E+000,-5.4589946E-001,-1.3391721E+000,-1.1760334E+000, 3.5203829E+000, 5.1640369E+000, 5.1686085E+000, 4.4801173E+000, 4.9658199E+000, 4.7393881E+000, 2.7898074E+000, 3.9343350E+000, 3.0128064E+000, 9.9329593E+003, 1.4992655E+000, 7.2188307E+000, 3.9101322E+000
 1.2100615E+002, 1.1052051E+002, 1.1659214E+002, 1.1579229E+002, 1.2573842E+002, 1.2759356E+002, 1.2849816E+002, 1.4094623E+002, 1.5638673E+002, 1.5378693E+002, 1.5891113E+002, 1.7272438E+002, 1.7471758E+002, 1.7586187E+002, 1.9527990E+002, 2.1868888E+002, 2.0297805E+002, 1.8753086E+002, 1.8527854E+002, 1.7859014E+002, 1.6704694E+002, 1.4569452E+002, 1.3647752E+002, 1.3111193E+002,-1.6314875E+000,-1.8840805E+000,-1.7766104E+000,-2.0697920E+000,-1.9319741E+000,-1.4766546E+000,-1.7282512E+000,-2.4434963E+000,-1.6676900E+000,-1.2700081E+000,-1.4918617E+000,-5.6889596E-001,-9.9639144E-001,-2.1798404E+000, 1.9310227E+000, 4.1052393E+000, 4.0325155E+000, 4.5899375E+000, 3.9961513E+000, 4.0105631E+000, 3.4072924E+000, 3.4583095E+000, 3.5031116E+000, 1.0041542E+004, 1.6524775E+000, 7.2012707E+000, 3.1679046E+000
 1.2201897E+002, 1.0999218E+002, 1.1427051E+002, 1.1616364E+002, 1.2510866E+002, 1.2560529E+002, 1.3175902E+002, 1.4985873E+002, 1.5039079E+002, 1.4836770E+002, 1.6663747E+002, 1.6292060E+002, 1.7425042E+002, 1.7512953E+002, 1.8997208E+002, 2.3608459E+002, 2.1467598E+002, 1.8536707E+002, 1.6918306E+002, 1.7368109E+002, 1.6387294E+002, 1.4998560E+002, 1.3533468E+002, 1.3182215E+002,-1.6560205E+000,-1.8156838E+000,-1.9670559E+000,-1.9735400E+000,-1.6475373E+000,-1.6309842E+000,-2.0782502E+000,-1.5577170E+000,-1.3026903E+000,-1.7576583E+000,-1.2612819E+000,-7.6907516E-001,-8.7508817E-001,-1.8563814E+000, 9.4332601E-001, 4.6885728E+000, 4.3317433E+000, 3.1833825E+000, 3.5220025E+000, 3.8783128E+000, 3.4982032E+000, 2.9102468E+000, 3.7678090E+000, 1.0026621E+004, 1.4942741E+000, 7.0138260E+000, 3.5004297E+000
 1.2300647E+002, 1.1146484E+002, 1.1160311E+002, 1.1932038E+002, 1.2355180E+002, 1.2613400E+002, 1.4238316E+002, 1.4577104E+002, 1.4504934E+002, 1.5677110E+002, 1.5365319E+002, 1.5429726E+002, 1.7541244E+002, 1.6458488E+002, 2.1336853E+002, 2.6746209E+002, 2.2931397E+002, 1.9604527E+002, 1.8420205E+002, 1.6297576E+002, 1.6208420E+002, 1.4894608E+002, 1.3848365E+002, 1.2951678E+002,-1.7215658E+000,-1.6222434E+000,-2.1876755E+000,-1.7747190E+000,-1.5724606E+000,-1.9336574E+000,-1.7469276E+000,-1.5917306E+000,-1.3446633E+000,-1.4272470E+000,-1.5667719E+000,-1.3078912E+000,-8.6530062E-001,-2.6172957E+000, 2.7082883E+000, 5.3572576E+000, 5.5124299E+000, 4.6904802E+000, 3.4457778E+000, 2.7668904E+000, 3.3913933E+000, 3.8040855E+000, 2.9943160E+000, 1.0003411E+004, 1.4282275E+000, 6.8919052E+000, 3.8942751E+000
 1.2401684E+002, 1.1066566E+002, 1.1056377E+002, 1.1847409E+002, 1.2260253E+002, 1.3619971E+002, 1.4151726E+002, 1.4204357E+002, 1.4622104E+002, 1.5054379E+002, 1.4870935E+002, 1.6119679E+002, 1.7523831E+002, 1.6977358E+002, 2.0602143E+002, 2.6798382E+002, 2.2275703E+002, 1.9423049E+002, 1.8344200E+002, 1.7705871E+002, 1.5988938E+002, 1.4374004E+002, 1.3998852E+002, 1.2946686E+002,-1.7561197E+000,-1.6245156E+000,-1.9714109E+000,-1.7870312E+000,-1.9895608E+000,-2.0842415E+000,-1.3901017E+000,-1.5104115E+000,-1.8150887E+000,-1.3182049E+000,-1.5805407E+000,-1.1096072E+000,-1.2900954E+000,-1.8772272E+000, 3.0786710E+000, 5.0538786E+000, 5.4835682E+000, 5.1887680E+000, 4.6917255E+000, 3.9263185E+000, 3.5905053E+000, 3.2530198E+000, 3.0683222E+000, 9.9752731E+003, 1.4319900E+000, 6.7608357E+000, 3.8359618E+000
 1.2500234E+002, 1.0802870E+002, 1.1302108E+002, 1.1837165E+002, 1.3037787E+002, 1.3878839E+002, 1.3714469E+002, 1.4150270E+002, 1.4713205E+002, 1.4273797E+002, 1.4664707E+002, 1.7098048E+002, 1.7220578E+002, 1.8094265E+002, 2.2903221E+002, 2.5554440E+002, 2.2000668E+002, 2.0615312E+002, 1.6669836E+002, 1.6066559E+002, 1.6382967E+002, 1.4651992E+002, 1.3783404E+002, 1.3092161E+002,-1.6464553E+000,-2.0225861E+000,-1.8742359E+000,-2.0347219E+000,-2.1641096E+000,-1.5985990E+000,-1.6024407E+000,-1.4674346E+000,-1.3372342E+000,-1.5781031E+000,-1.8598379E+000,-8.6202710E-001,-2.2741517E+000,-1.6493901E+000, 2.5775648E+000, 4.6371884E+000, 5.0520347E+000, 3.9300383E+000, 3.8589037E+000, 4.1808198E+000, 3.2994770E+000, 3.7098990E+000, 3.3472259E+000, 1.0042657E+004, 1.4316987E+000, 6.9134159E+000, 3.8056081E+000
 1.2602342E+002, 1.0532219E+002, 1.1261931E+002, 1.1804842E+002, 1.3567003E+002, 1.3503195E+002, 1.3572273E+002, 1.4224751E+002, 1.3903625E+002, 1.4206603E+002, 1.5975458E+002, 1.6438099E+002, 1.7685928E+002, 1.8715401E+002, 2.3359589E+002, 2.7314399E+002, 2.2788913E+002, 2.0303255E+002, 1.8626694E+002, 1.6154366E+002, 1.5290681E+002, 1.5134672E+002, 1.3408431E+002, 1.3406854E+002,-1.4560192E+000,-1.9501172E+000,-1.8721213E+000,-2.2978068E+000,-1.9487415E+000,-1.5047119E+000,-1.5698270E+000,-1.8839353E+000,-1.3030343E+000,-1.7639175E+000,-1.7446932E+000,-1.9330399E+000,-1.3856768E+000,-1.9089769E+000, 4.1668081E+000, 4.9164170E+000, 4.7637648E+000, 4.8303501E+000, 3.2430475E+000, 3.0275912E+000, 4.0384347E+000, 3.5232679E+000, 3.3755298E+000, 9.9543119E+003, 1.3280510E+000, 7.1876951E+000, 3.8169217E+000
 1.2702574E+002, 1.0512507E+002, 1.1217080E+002, 1.2234824E+002, 1.3253376E+002, 1.3172703E+002, 1.3842061E+002, 1.3732683E+002, 1.3612077E+002, 1.4692412E+002, 1.5779247E+002, 1.6694568E+002, 1.8169809E+002, 1.9971184E+002, 2.4586117E+002, 2.4880435E+002, 2.1764367E+002, 2.0115798E+002, 1.9296470E+002, 1.7487737E+002, 1.6095477E+002, 1.5317187E+002, 1.4223397E+002, 1.3042983E+002,-1.5173152E+000,-1.8696130E+000,-2.0338606E+000,-2.1612242E+000,-1.6290687E+000,-1.7230033E+000,-1.6982625E+000,-1.4267993E+000,-1.5789654E+000,-1.9041489E+000,-1.6057085E+000,-1.5762926E+000,-2.2732999E+000,-3.0107327E+000, 3.5404167E+000, 4.9769828E+000, 5.0272413E+000, 4.1637758E+000, 4.4233948E+000, 3.7473846E+000, 3.5258226E+000, 3.9800929E+000, 3.5499951E+000, 9.9840749E+003, 1.2830930E+000, 7.1928077E+000, 3.5714924E+000
 1.2800742E+002, 1.0776999E+002, 1.1238789E+002, 1.2795036E+002, 1.2965421E+002, 1.3240242E+002, 1.3628264E+002, 1.3278571E+002, 1.3946258E+002, 1.5060145E+002, 1.5656888E+002, 1.6374099E+002, 1.9232363E+002, 2.0302058E+002, 2.6171064E+002, 2.6783269E+002, 2.3455558E+002, 2.0488931E+002, 1.8094908E+002, 1.7751258E+002, 1.6955059E+002, 1.4900164E+002, 1.4453718E+002, 1.3218447E+002,-1.9375981E+000,-1.9666897E+000,-2.2537646E+000,-1.9325820E+000,-1.6385784E+000,-1.6596260E+000,-1.8015307E+000,-1.5493199E+000,-1.8920936E+000,-1.5625854E+000,-1.7489320E+000,-2.1055029E+000,-2.6668961E+000,-3.4375687E+000, 3.8141021E+000, 5.4731157E+000, 4.5258019E+000, 3.9715154E+000, 3.8425870E+000, 3.8715983E+000, 3.4870337E+000, 4.2219491E+000, 3.5073772E+000, 1.0007065E+004, 1.3266051E+000, 7.3230883E+000, 3.9746983E+000
 1.2900286E+002, 1.0699484E+002, 1.1607388E+002, 1.2730578E+002, 1.2873204E+002, 1.3385591E+002, 1.3089115E+002, 1.3251188E+002, 1.4486296E+002, 1.4794507E+002, 1.5961379E+002, 1.8172939E+002, 1.9771222E+002, 2.0493594E+002, 2.4984162E+002, 2.8130883E+002, 2.3788276E+002, 2.1402354E+002, 2.0073535E+002, 1.6529709E+002, 1.6655077E+002, 1.5567699E+002, 1.4517637E+002, 1.3615373E+002,-1.8363330E+000,-2.1910605E+000,-1.9855506E+000,-1.8063798E+000,-1.8335301E+000,-1.9344625E+000,-1.4641438E+000,-1.8763116E+000,-1.7460203E+000,-1.6715587E+000,-2.0251902E+000,-2.5891346E+000,-1.9876485E+000,-2.4636018E+000, 3.3083984E+000, 5.8486270E+000, 5.9078232E+000, 4.5884153E+000, 3.5893584E+000, 3.7321596E+000, 3.9982201E+000, 3.7285221E+000, 3.7362952E+000, 9.9686596E+003, 1.3912749E+000, 7.3311443E+000, 4.2790076E+000
 1.3001203E+002, 1.0692827E+002, 1.2054510E+002, 1.2451891E+002, 1.3002954E+002, 1.2993215E+002, 1.2924439E+002, 1.3901681E+002, 1.4294170E+002, 1.5247429E+002, 1.6256043E+002, 1.8617806E+002, 1.8423098E+002, 1.9181637E+002, 2.0266386E+002, 2.4866696E+002, 2.3787670E+002, 2.0055501E+002, 1.7804829E+002, 1.8566529E+002, 1.6253315E+002, 1.6051345E+002, 1.4584011E+002, 1.3957749E+002,-1.8499873E+000,-2.3610177E+000,-2.0027570E+000,-1.9067483E+000,-1.7589058E+000,-1.7047593E+000,-1.7297897E+000,-1.7770712E+000,-1.8895640E+000,-1.6583380E+000,-2.5304560E+000,-1.0349806E+000,-2.3599982E+000,-2.9883048E-001, 6.8069442E-001, 5.0569687E+000, 5.4280729E+000, 4.7948407E+000, 3.9980230E+000, 3.4686079E+000, 3.9995192E+000, 3.8873509E+000, 3.6828998E+000, 1.0033271E+004, 1.3768890E+000, 7.0132996E+000, 3.9327731E+000
 1.3102119E+002, 1.1017563E+002, 1.2035090E+002, 1.2247445E+002, 1.2858586E+002, 1.2730385E+002, 1.3168649E+002, 1.3904019E+002, 1.4571570E+002, 1.5112583E+002, 1.7228496E+002, 1.7691981E+002, 1.8232473E+002, 1.8669189E+002, 1.9543590E+002, 2.3569021E+002, 2.1858110E+002, 2.0014986E+002, 1.8738903E+002, 1.6634575E+002, 1.7404254E+002, 1.5157622E+002, 1.5024698E+002, 1.3773681E+002,-1.8844412E+000,-2.2586149E+000,-1.8240658E+000,-1.8226541E+000,-1.8351277E+000,-1.6218578E+000,-1.8022431E+000,-1.9471744E+000,-1.7741276E+000,-2.3049511E+000,-1.6525971E+000,-2.1866550E+000,-1.6352339E+000,-1.7708676E+000, 7.4456630E-001, 4.4859907E+000, 4.7245885E+000, 4.6623651E+000, 4.2053847E+000, 3.5177879E+000, 3.6038231E+000, 4.0006600E+000, 3.7386754E+000, 1.0043354E+004, 1.3913876E+000, 7.1050389E+000, 3.5578007E+000
 1.3202767E+002, 1.1426347E+002, 1.1914153E+002, 1.2281310E+002, 1.2613959E+002, 1.2781228E+002, 1.3584882E+002, 1.4080039E+002, 1.4329659E+002, 1.6064728E+002, 1.6060452E+002, 1.7564905E+002, 1.7422353E+002, 1.9107287E+002, 2.2244350E+002, 2.5511503E+002, 2.1671387E+002, 1.9692028E+002, 1.8065478E+002, 1.7632094E+002, 1.6339827E+002, 1.5706515E+002, 1.4456001E+002, 1.3962956E+002,-2.1672382E+000,-2.0189274E+000,-1.8007935E+000,-1.8870563E+000,-1.7421841E+000,-1.8071771E+000,-1.7015115E+000,-1.9606850E+000,-1.9570336E+000,-1.6479768E+000,-1.1477397E+000,-1.2293974E+000,-2.5728063E+000,-1.8954574E+000, 2.5708415E+000, 4.5175900E+000, 5.0396738E+000, 4.5361595E+000, 3.7033543E+000, 4.2255803E+000, 3.7084827E+000, 3.3078151E+000, 3.7660042E+000, 1.0031765E+004, 1.3514597E+000, 6.9905052E+000, 3.5029877E+000
 1.3300602E+002, 1.1440330E+002, 1.1729793E+002, 1.2349452E+002, 1.2614517E+002, 1.3127875E+002, 1.3514489E+002, 1.3881357E+002, 1.5026256E+002, 1.5503664E+002, 1.6413400E+002, 1.7131943E+002, 1.8612491E+002, 2.0434775E+002, 2.3075192E+002, 2.6410666E+002, 2.2365205E+002, 1.9129311E+002, 1.8343348E+002, 1.7084276E+002, 1.6401908E+002, 1.5443329E+002, 1.4456806E+002, 1.4310901E+002,-2.1803865E+000,-2.0606695E+000,-1.9323269E+000,-1.7849015E+000,-1.8563527E+000,-1.6506354E+000,-1.8881645E+000,-2.0134262E+000,-1.9929282E+000,-1.2231280E+000,-1.8268448E+000,-1.7812517E+000,-1.8136486E+000,-5.7757973E-001, 3.4306432E+000, 5.0565059E+000, 4.8645069E+000, 5.0368936E+000, 4.4378929E+000, 3.5572098E+000, 4.0307874E+000, 3.7422838E+000, 3.5067650E+000, 9.9400075E+003, 1.4187666E+000, 7.0692480E+000, 3.7189568E+000
 1.3402654E+002, 1.1373291E+002, 1.1642299E+002, 1.2241786E+002, 1.2712901E+002, 1.3064321E+002, 1.3625380E+002, 1.4173577E+002, 1.4969247E+002, 1.5042847E+002, 1.6617881E+002, 1.7054344E+002, 1.8516197E+002, 1.9111824E+002, 2.2451302E+002, 2.3793540E+002, 2.1227018E+002, 2.1268154E+002, 1.8464307E+002, 1.6461245E+002, 1.6311699E+002, 1.5287938E+002, 1.4587652E+002, 1.3333697E+002,-1.9212061E+000,-1.9282354E+000,-1.9281355E+000,-1.8720345E+000,-1.9333900E+000,-1.7373617E+000,-1.7957312E+000,-2.0742171E+000,-1.5284521E+000,-1.2742812E+000,-1.3521851E+000,-1.7713731E+000,-9.3835596E-001,-7.0625538E-001, 3.1140118E+000, 4.6133184E+000, 5.1370441E+000, 4.5978977E+000, 4.1843838E+000, 4.0162515E+000, 3.2723953E+000, 3.5591022E+000, 3.2353532E+000, 1.0047595E+004, 1.4345497E+000, 6.9871168E+000, 3.5091934E+000
 1.3501613E+002, 1.1218134E+002, 1.1736841E+002, 1.2311097E+002, 1.2761710E+002, 1.3164272E+002, 1.3496816E+002, 1.4464238E+002, 1.4416073E+002, 1.5577358E+002, 1.6390985E+002, 1.7706978E+002, 1.7827435E+002, 1.8344010E+002, 2.2350555E+002, 2.5492656E+002, 2.0591608E+002, 1.9065978E+002, 1.8406166E+002, 1.8126409E+002, 1.6385654E+002, 1.4640260E+002, 1.4167578E+002, 1.3608489E+002,-1.9163234E+000,-2.0216988E+000,-1.9317298E+000,-1.8475619E+000,-1.7853485E+000,-1.9291017E+000,-2.0454643E+000,-1.7459147E+000,-1.3615803E+000,-1.6672864E+000,-1.6911265E+000,-9.0758620E-001,-1.6696159E+000,-1.6440049E+000, 2.6794140E+000, 4.8236294E+000, 4.4977301E+000, 4.8735382E+000, 4.5239664E+000, 4.1749088E+000, 3.6789174E+000, 3.6459065E+000, 3.5064797E+000, 1.0007023E+004, 1.3745596E+000, 6.8420612E+000, 3.3105675E+000
 1.3600573E+002, 1.1171789E+002, 1.1750744E+002, 1.2161380E+002, 1.2680203E+002, 1.3157814E+002, 1.4025724E+002, 1.4039561E+002, 1.4324946E+002, 1.5877862E+002, 1.6783648E+002, 1.6624777E+002, 1.7680936E+002, 1.9045784E+002, 2.2309424E+002, 2.3817993E+002, 2.1041148E+002, 1.8005716E+002, 1.8077936E+002, 1.6675056E+002, 1.6798014E+002, 1.5182756E+002, 1.4175867E+002, 1.3661330E+002,-1.9595694E+000,-2.0172327E+000,-1.9231672E+000,-1.7801105E+000,-2.1700143E+000,-2.0490783E+000,-1.7277352E+000,-1.6832954E+000,-1.5026553E+000,-1.8333193E+000,-1.3459193E+000,-1.0489090E+000,-7.6669623E-001,-2.4508104E+000, 1.6040490E+000, 4.7384608E+000, 4.7094231E+000, 3.4270467E+000, 4.3672350E+000, 3.8177946E+000, 4.0312502E+000, 3.4864599E+000, 4.0021374E+000, 9.9882122E+003, 1.3568075E+000, 6.8440390E+000, 3.4376961E+000
 1.3701301E+002, 1.1225226E+002, 1.1734390E+002, 1.2164733E+002, 1.2863079E+002, 1.3475191E+002, 1.3581579E+002, 1.3762612E+002, 1.5043194E+002, 1.6017301E+002, 1.6295663E+002, 1.6184433E+002, 1.7306768E+002, 1.8371750E+002, 1.8753405E+002, 2.2231072E+002, 2.1365206E+002, 1.8893310E+002, 1.6914306E+002, 1.6633894E+002, 1.5889334E+002, 1.5895750E+002, 1.3958460E+002, 1.3607298E+002,-1.9636940E+000,-1.9223348E+000,-1.7258974E+000,-1.8998650E+000,-2.1456556E+000,-1.9289223E+000,-1.6452092E+000,-1.5790738E+000,-1.9573417E+000,-1.4049519E+000,-8.1434737E-001,-1.6563080E+000,-2.1984434E+000,-2.5118750E+000, 1.2606986E-001, 4.1063809E+000, 4.8488256E+000, 4.6795160E+000, 3.0765293E+000, 3.8355201E+000, 4.4186378E+000, 3.7620958E+000, 3.3155090E+000, 9.9864875E+003, 1.4413181E+000, 6.9335955E+000, 3.3486461E+000
 1.3801059E+002, 1.1230594E+002, 1.1706669E+002, 1.2059611E+002, 1.3002195E+002, 1.3268024E+002, 1.3415914E+002, 1.3947553E+002, 1.5648536E+002, 1.5321926E+002, 1.5850791E+002, 1.6277067E+002, 1.8106194E+002, 1.7070405E+002, 2.0249125E+002, 2.2455148E+002, 2.1530573E+002, 1.8659073E+002, 1.7657341E+002, 1.5892510E+002, 1.5863524E+002, 1.4794845E+002, 1.5032833E+002, 1.3176612E+002,-2.0740458E+000,-1.8405225E+000,-1.7281551E+000,-2.2828830E+000,-2.1062869E+000,-1.6534737E+000,-1.6672513E+000,-2.0249469E+000,-1.5029330E+000,-1.2989177E+000,-9.5018105E-001,-1.0705617E+000,-1.5371494E+000,-1.5859660E+000, 1.5503924E+000, 3.4718724E+000, 4.7951772E+000, 4.4915662E+000, 4.0322849E+000, 3.5755225E+000, 3.4464979E+000, 4.5369665E+000, 3.8177135E+000, 1.0031544E+004, 1.5191825E+000, 6.8760912E+000, 3.1019746E+000
 1.3901831E+002, 1.1074207E+002, 1.1487591E+002, 1.2100743E+002, 1.2867470E+002, 1.2985721E+002, 1.3414871E+002, 1.5107249E+002, 1.4803497E+002, 1.5347765E+002, 1.5700020E+002, 1.6785276E+002, 1.7724761E+002, 1.9560920E+002, 2.2206340E+002, 2.5519531E+002, 2.1819689E+002, 2.0375348E+002, 1.6650932E+002, 1.6422516E+002, 1.5258161E+002, 1.4606469E+002, 1.4005795E+002, 1.4082965E+002,-1.9646145E+000,-1.8266981E+000,-1.7242537E+000,-2.1476420E+000,-1.8184898E+000,-1.7749461E+000,-1.7973106E+000,-1.7362296E+000,-1.4394402E+000,-1.2056250E+000,-1.3192665E+000,-1.0332707E+000,-2.7960611E+000,-1.2926564E+000, 3.4165233E+000, 5.1698501E+000, 4.7273331E+000, 4.1090392E+000, 3.8682604E+000, 3.2917030E+000, 3.4615491E+000, 3.5116336E+000, 4.1289678E+000, 9.9677426E+003, 1.4403219E+000, 6.8836387E+000, 3.6552122E+000
 1.4001504E+002, 1.1082628E+002, 1.1481230E+002, 1.2404845E+002, 1.2705512E+002, 1.3053943E+002, 1.4268908E+002, 1.4669221E+002, 1.4604701E+002, 1.5221759E+002, 1.5740267E+002, 1.6541067E+002, 1.8541239E+002, 1.8206409E+002, 2.4759931E+002, 2.4715774E+002, 2.0994266E+002, 1.7378201E+002, 1.8289019E+002, 1.5909672E+002, 1.5432277E+002, 1.4493638E+002, 1.3975714E+002, 1.3621050E+002,-1.9403286E+000,-1.6484718E+000,-2.0112797E+000,-1.9942042E+000,-1.7605262E+000,-1.9758397E+000,-1.8645150E+000,-1.3382365E+000,-1.4139934E+000,-1.2796190E+000,-1.1541872E+000,-2.0662395E+000,-2.2707725E+000,-2.5133320E+000, 3.5291364E+000, 5.2467639E+000, 4.2426878E+000, 4.1658366E+000, 3.2603459E+000, 3.1182469E+000, 4.0711577E+000, 3.7361553E+000, 3.4762079E+000, 9.9703978E+003, 1.4319985E+000, 7.3486431E+000, 3.5435457E+000
 1.4101965E+002, 1.0996546E+002, 1.1480543E+002, 1.2241700E+002, 1.2673769E+002, 1.3695859E+002, 1.4462244E+002, 1.4111763E+002, 1.4636005E+002, 1.5057104E+002, 1.5944726E+002, 1.7054589E+002, 1.8036216E+002, 2.0127159E+002, 2.5644964E+002, 2.5944496E+002, 2.3250466E+002, 1.8222413E+002, 1.6567644E+002, 1.6700153E+002, 1.5589643E+002, 1.4269851E+002, 1.3703524E+002, 1.3383297E+002,-1.8499740E+000,-1.6145715E+000,-2.1630532E+000,-1.8800565E+000,-2.0025128E+000,-2.0868020E+000,-1.4516440E+000,-1.4436075E+000,-1.4006830E+000,-1.4408353E+000,-1.3713939E+000,-1.8556880E+000,-2.0688535E+000,-2.6476591E+000, 2.7622349E+000, 5.2327295E+000, 4.7537174E+000, 3.5389190E+000, 3.4761408E+000, 3.4243735E+000, 3.2926809E+000, 4.0117614E+000, 3.7528727E+000, 1.0027320E+004, 1.4429422E+000, 7.0582915E+000, 3.8067094E+000
 1.4201596E+002, 1.0887522E+002, 1.1544275E+002, 1.2168413E+002, 1.3252656E+002, 1.4147355E+002, 1.3741549E+002, 1.4099272E+002, 1.4575108E+002, 1.5154689E+002, 1.5892744E+002, 1.7920614E+002, 1.7856522E+002, 1.9906110E+002, 2.2908188E+002, 2.6533659E+002, 2.3914650E+002, 2.1412481E+002, 1.6737820E+002, 1.5616716E+002, 1.5649476E+002, 1.4673176E+002, 1.3420414E+002, 1.3244857E+002,-1.8102891E+000,-1.6165961E+000,-2.0310565E+000,-1.9659187E+000,-2.0150190E+000,-1.8268487E+000,-1.2838438E+000,-1.4609546E+000,-1.5029172E+000,-1.3795013E+000,-1.9753399E+000,-1.4625942E+000,-1.7315330E+000,-1.8707836E+000, 3.6466012E+000, 5.6550186E+000, 5.5323777E+000, 4.5760011E+000, 3.3354629E+000, 2.8444419E+000, 3.6932937E+000, 3.2875663E+000, 3.6698077E+000, 9.9985142E+003, 1.4282652E+000, 7.0414583E+000, 4.2164150E+000
 1.4301226E+002, 1.0829565E+002, 1.1782391E+002, 1.2091453E+002, 1.3703582E+002, 1.3641712E+002, 1.3461978E+002, 1.4147248E+002, 1.4538761E+002, 1.5130844E+002, 1.7015880E+002, 1.6711329E+002, 1.8696890E+002, 1.8957739E+002, 1.9485283E+002, 2.6999486E+002, 2.2142108E+002, 2.0902403E+002, 2.0505175E+002, 1.7764401E+002, 1.5342131E+002, 1.4386545E+002, 1.3571890E+002, 1.3112753E+002,-1.7192189E+000,-1.8746681E+000,-2.0179346E+000,-2.1226396E+000,-1.9171146E+000,-1.6204253E+000,-1.4490533E+000,-1.3416617E+000,-1.5524937E+000,-1.5873459E+000,-1.6098049E+000,-2.2573068E+000,-7.3439599E-001,-5.0550263E-001, 2.5783281E+000, 4.7305899E+000, 5.5118230E+000, 5.4929660E+000, 4.3326412E+000, 3.5769126E+000, 4.1565959E+000, 3.1421264E+000, 3.5618845E+000, 9.9751310E+003, 1.4101558E+000, 7.2849369E+000, 3.6897406E+000
 1.4401690E+002, 1.0881230E+002, 1.1642052E+002, 1.2415335E+002, 1.3526191E+002, 1.3182826E+002, 1.3627895E+002, 1.4073908E+002, 1.4631305E+002, 1.5602634E+002, 1.5894810E+002, 1.7961438E+002, 1.7585671E+002, 1.8694291E+002, 1.9557726E+002, 2.6005428E+002, 2.2432794E+002, 1.9386139E+002, 1.6309222E+002, 1.7738118E+002, 1.7646140E+002, 1.4138475E+002, 1.3535413E+002, 1.2889171E+002,-1.7046874E+000,-1.8746006E+000,-2.1053013E+000,-1.9112295E+000,-1.6689049E+000,-1.4907092E+000,-1.4518260E+000,-1.6393519E+000,-1.4904408E+000,-1.7483473E+000,-1.7253537E+000,-1.2545116E+000,-1.3378749E+000,-3.7083568E-001, 2.3830265E+000, 4.4567269E+000, 4.9927898E+000, 4.8919326E+000, 4.6921978E+000, 4.1990628E+000, 3.2823222E+000, 4.2418934E+000, 3.1988720E+000, 1.0027459E+004, 1.4027442E+000, 7.0807840E+000, 3.5315015E+000
 1.4500168E+002, 1.1109896E+002, 1.1621798E+002, 1.2860325E+002, 1.2959971E+002, 1.3085113E+002, 1.3694211E+002, 1.4103878E+002, 1.4662965E+002, 1.5785993E+002, 1.5912635E+002, 1.7090722E+002, 1.7912702E+002, 1.8916286E+002, 2.0776102E+002, 2.4504106E+002, 2.2860303E+002, 2.0928316E+002, 1.7408786E+002, 1.5302374E+002, 1.5863363E+002, 1.4096015E+002, 1.2563770E+002, 1.3121475E+002,-1.9024356E+000,-1.6340496E+000,-2.3698433E+000,-1.8654961E+000,-1.5069580E+000,-1.6413665E+000,-1.3670502E+000,-1.6126162E+000,-1.5737762E+000,-1.4570790E+000,-1.7510417E+000,-8.9235365E-001,-1.9406843E+000,-1.1681118E+000, 1.9321230E+000, 4.4522093E+000, 4.4533494E+000, 4.1458836E+000, 4.0368579E+000, 3.9537498E+000, 3.8360846E+000, 3.4228907E+000, 3.7359455E+000, 1.0006104E+004, 1.4014342E+000, 6.9921564E+000, 3.6695252E+000
 1.4601678E+002, 1.1204712E+002, 1.1670094E+002, 1.2680188E+002, 1.2801034E+002, 1.3196794E+002, 1.3609889E+002, 1.4199008E+002, 1.5156394E+002, 1.5059590E+002, 1.6443979E+002, 1.6335475E+002, 1.8592011E+002, 1.9021677E+002, 1.9685578E+002, 2.3474425E+002, 2.1801781E+002, 2.0768844E+002, 1.9572929E+002, 1.7033978E+002, 1.5002546E+002, 1.5108067E+002, 1.3745323E+002, 1.2303247E+002,-2.2417262E+000,-1.8604581E+000,-2.1072364E+000,-1.6462643E+000,-1.4855170E+000,-1.5600008E+000,-1.6345431E+000,-1.5680285E+000,-1.7428493E+000,-1.3414973E+000,-1.5595227E+000,-1.4819264E+000,-1.2923616E+000,-5.6217606E-002, 6.3447078E-001, 4.3069923E+000, 5.0321879E+000, 4.5519131E+000, 3.6393602E+000, 3.3323385E+000, 3.9634440E+000, 3.9370910E+000, 3.3378721E+000, 9.9852407E+003, 1.4628831E+000, 7.1469887E+000, 3.4413102E+000
 1.4701685E+002, 1.1077486E+002, 1.2138695E+002, 1.2667702E+002, 1.2753567E+002, 1.3283424E+002, 1.3683106E+002, 1.4481917E+002, 1.4825788E+002, 1.5394862E+002, 1.6014564E+002, 1.7362334E+002, 1.8277827E+002, 1.8428215E+002, 1.8175919E+002, 2.4060186E+002, 2.2002995E+002, 2.0159838E+002, 1.9031862E+002, 1.7789182E+002, 1.6848075E+002, 1.4492743E+002, 1.3729131E+002, 1.3052546E+002,-2.0635255E+000,-1.9264896E+000,-1.9623006E+000,-1.5656540E+000,-1.5816146E+000,-1.6625040E+000,-1.5022113E+000,-1.6056056E+000,-1.4258848E+000,-1.6597193E+000,-1.5708824E+000,-1.6595622E+000,-9.8703990E-001,-3.2205372E-001, 1.9137723E+000, 4.5271011E+000, 5.4236824E+000, 4.7850685E+000, 4.4795849E+000, 4.1223038E+000, 3.9929452E+000, 3.6761730E+000, 3.4073938E+000, 9.9866373E+003, 1.4439874E+000, 7.1761308E+000, 3.5389358E+000
 1.4800938E+002, 1.1090209E+002, 1.1981726E+002, 1.2279675E+002, 1.2787204E+002, 1.3267799E+002, 1.3901515E+002, 1.4466253E+002, 1.4669034E+002, 1.5445419E+002, 1.6139472E+002, 1.7739659E+002, 1.8061004E+002, 1.6919445E+002, 2.1516998E+002, 2.5539637E+002, 2.2235931E+002, 1.8722240E+002, 1.8167318E+002, 1.7993610E+002, 1.6622262E+002, 1.5280807E+002, 1.3718015E+002, 1.3145736E+002,-2.1159198E+000,-2.1395446E+000,-1.9707420E+000,-1.5965398E+000,-1.4553938E+000,-1.8359448E+000,-1.4909030E+000,-1.7039635E+000,-1.3301558E+000,-1.4815353E+000,-1.9147634E+000,-1.6169421E+000,-8.9653464E-001,-2.7415221E+000, 1.7003623E+000, 4.4086998E+000, 4.9499131E+000, 4.9984682E+000, 4.8006279E+000, 4.0766029E+000, 4.2797558E+000, 4.1000440E+000, 3.5761372E+000, 1.0023568E+004, 1.4338204E+000, 7.1138742E+000, 3.4364216E+000
 1.4902796E+002, 1.1336003E+002, 1.1957311E+002, 1.2143581E+002, 1.2847106E+002, 1.3432014E+002, 1.4068452E+002, 1.4252251E+002, 1.4741260E+002, 1.5636842E+002, 1.6969398E+002, 1.7021068E+002, 1.7556093E+002, 1.9206122E+002, 1.9102513E+002, 2.4012347E+002, 2.2481763E+002, 1.9877600E+002, 1.7361813E+002, 1.6765248E+002, 1.6891066E+002, 1.5464988E+002, 1.4346023E+002, 1.3209712E+002,-2.1114255E+000,-1.9891303E+000,-1.7079030E+000,-1.7515781E+000,-1.6940715E+000,-1.6622553E+000,-1.6321447E+000,-1.4365919E+000,-1.6040784E+000,-1.9276905E+000,-1.7703399E+000,-1.3791650E+000,-2.1286376E+000,-1.1904308E+000, 1.2256495E+000, 4.5660155E+000, 5.0274151E+000, 4.4488810E+000, 4.1977233E+000, 4.5063250E+000, 4.0850177E+000, 4.1750108E+000, 3.7401742E+000, 1.0008031E+004, 1.4428718E+000, 7.1361148E+000, 3.6027881E+000
 1.5001471E+002, 1.1389067E+002, 1.1918259E+002, 1.2193184E+002, 1.3053219E+002, 1.3663538E+002, 1.3916429E+002, 1.4280256E+002, 1.4786707E+002, 1.6191967E+002, 1.6285203E+002, 1.6490839E+002, 1.7661279E+002, 1.7409183E+002, 1.9264243E+002, 2.3802516E+002, 2.0965064E+002, 1.9167659E+002, 1.7401212E+002, 1.6567228E+002, 1.6182089E+002, 1.5604531E+002, 1.4889593E+002, 1.3209394E+002,-2.1000527E+000,-2.1081692E+000,-1.5698096E+000,-1.9055676E+000,-1.7889537E+000,-1.6395141E+000,-1.7077661E+000,-1.4919983E+000,-1.6934610E+000,-1.9583173E+000,-1.7593860E+000,-1.8155746E+000,-1.9531777E+000,-1.5694820E+000, 2.0319196E+000, 4.2072269E+000, 4.5725290E+000, 4.1313599E+000, 3.4203507E+000, 3.8927515E+000, 4.3683606E+000, 4.3210347E+000, 3.7606009E+000, 1.0003437E+004, 1.4484775E+000, 7.3562011E+000, 3.3299874E+000
 1.5100324E+002, 1.1164316E+002, 1.1564393E+002, 1.2098293E+002, 1.3316710E+002, 1.3640837E+002, 1.3987835E+002, 1.4190911E+002, 1.5488462E+002, 1.5615739E+002, 1.5948211E+002, 1.7167417E+002, 1.7093287E+002, 1.8814769E+002, 2.1487560E+002, 2.3701117E+002, 2.1106289E+002, 1.9339836E+002, 1.7694889E+002, 1.6214931E+002, 1.5909756E+002, 1.5153456E+002, 1.4528630E+002, 1.4224034E+002,-1.9555912E+000,-2.1465541E+000,-1.5768768E+000,-2.0234672E+000,-1.6822936E+000,-1.7689066E+000,-1.5130382E+000,-1.6503683E+000,-2.0235159E+000,-1.8383348E+000,-1.7361806E+000,-2.2497876E+000,-1.7761904E+000,-2.0968991E+000, 2.5881440E+000, 4.3369711E+000, 4.3514205E+000, 4.1446255E+000, 3.2027942E+000, 2.8696448E+000, 3.7946485E+000, 4.4805864E+000, 4.1629534E+000, 1.0015841E+004, 1.5265078E+000, 7.2867245E+000, 3.3949718E+000
 1.5200197E+002, 1.1273728E+002, 1.1501710E+002, 1.2320221E+002, 1.3337610E+002, 1.3683723E+002, 1.3850166E+002, 1.4538171E+002, 1.5222027E+002, 1.5088741E+002, 1.6243004E+002, 1.6830479E+002, 1.7658962E+002, 1.9483439E+002, 2.0480869E+002, 2.5626903E+002, 2.1585291E+002, 1.7341896E+002, 1.7931640E+002, 1.7402007E+002, 1.5956674E+002, 1.5214804E+002, 1.4315906E+002, 1.3791976E+002,-1.8344792E+000,-1.9526332E+000,-1.7364827E+000,-1.8752358E+000,-1.7714741E+000,-1.7267583E+000,-1.5994436E+000,-1.8664642E+000,-1.7904397E+000,-1.7834207E+000,-2.1971274E+000,-1.5681719E+000,-1.3795243E+000,-1.4178802E+000, 1.4299270E+000, 4.5741961E+000, 4.2756672E+000, 4.4753929E+000, 3.9530328E+000, 3.3284825E+000, 3.7511434E+000, 3.8794247E+000, 3.8055615E+000, 9.9584963E+003, 1.4922269E+000, 6.9910854E+000, 3.3908826E+000
 1.5301196E+002, 1.1197098E+002, 1.1489714E+002, 1.2643030E+002, 1.3300794E+002, 1.3671057E+002, 1.3817659E+002, 1.4807579E+002, 1.4542799E+002, 1.5478572E+002, 1.6349976E+002, 1.6811270E+002, 1.7271062E+002, 1.8029536E+002, 1.7620987E+002, 2.5923486E+002, 2.3769080E+002, 2.0149386E+002, 1.6304530E+002, 1.6394659E+002, 1.6790309E+002, 1.4884856E+002, 1.4380527E+002, 1.3746438E+002,-1.9736430E+000,-1.8513645E+000,-2.0351374E+000,-1.8137581E+000,-1.7882650E+000,-1.6255791E+000,-1.8386137E+000,-1.7623191E+000,-1.7542394E+000,-2.1761069E+000,-1.9019879E+000,-1.2838945E+000,-1.4684206E+000,-1.9132057E+000, 1.4273033E+000, 4.4498078E+000, 5.0745282E+000, 3.6366270E+000, 3.5815451E+000, 3.9916677E+000, 3.2777192E+000, 4.1225014E+000, 3.9079645E+000, 9.9923574E+003, 1.4007097E+000, 6.9720350E+000, 3.7435014E+000
 1.5400962E+002, 1.0971765E+002, 1.1472591E+002, 1.2676651E+002, 1.3401706E+002, 1.3415968E+002, 1.4366788E+002, 1.4146088E+002, 1.4456786E+002, 1.5948545E+002, 1.6165081E+002, 1.6231692E+002, 1.7582148E+002, 1.6867051E+002, 1.7315776E+002, 2.6041884E+002, 2.2778742E+002, 2.0493153E+002, 1.7622096E+002, 1.6419088E+002, 1.5626222E+002, 1.5472216E+002, 1.4014151E+002, 1.3712616E+002,-1.7706623E+000,-1.7215671E+000,-2.0946153E+000,-2.0110322E+000,-1.6982489E+000,-1.7339203E+000,-1.7836932E+000,-1.7456531E+000,-1.9525376E+000,-1.9010792E+000,-1.5834493E+000,-1.4393262E+000,-1.3301057E+000,-1.5804801E+000, 2.0248502E+000, 4.9756504E+000, 4.6870014E+000, 4.6170857E+000, 3.6719425E+000, 2.7188374E+000, 4.2408867E+000, 3.4571116E+000, 3.8430332E+000, 1.0028501E+004, 1.3751081E+000, 7.0434415E+000, 3.8219246E+000
 1.5502286E+002, 1.0852707E+002, 1.1925019E+002, 1.2717976E+002, 1.3150354E+002, 1.3692286E+002, 1.3997530E+002, 1.3967364E+002, 1.5307636E+002, 1.5610550E+002, 1.5699666E+002, 1.5965065E+002, 1.6930647E+002, 1.6475799E+002, 2.1163994E+002, 2.7802024E+002, 2.3854302E+002, 2.0961492E+002, 1.8516151E+002, 1.6179944E+002, 1.5917686E+002, 1.4706667E+002, 1.4478641E+002, 1.3505239E+002,-1.5527913E+000,-1.8356898E+000,-1.8322910E+000,-1.8515008E+000,-1.7523682E+000,-1.7842395E+000,-1.7185645E+000,-1.9569727E+000,-2.0684999E+000,-1.6560556E+000,-1.4585024E+000,-1.9414071E+000,-1.6331533E+000,-2.3921310E+000, 2.7823152E+000, 5.1735827E+000, 5.1135643E+000, 3.9893520E+000, 3.4218261E+000, 3.6214921E+000, 3.5944705E+000, 3.9602113E+000, 3.5078141E+000, 9.9680347E+003, 1.4702996E+000, 7.0005298E+000, 4.0917547E+000
 1.5601107E+002, 1.0806351E+002, 1.2063628E+002, 1.2823160E+002, 1.3135321E+002, 1.3815559E+002, 1.3467767E+002, 1.4621322E+002, 1.5289113E+002, 1.5013180E+002, 1.5359143E+002, 1.6405810E+002, 1.6276548E+002, 1.7890152E+002, 2.1261032E+002, 2.7509348E+002, 2.3668393E+002, 1.9958995E+002, 1.8130731E+002, 1.7581488E+002, 1.5871771E+002, 1.4673003E+002, 1.4149562E+002, 1.3563607E+002,-1.5356802E+000,-2.0378893E+000,-1.8224665E+000,-1.8759861E+000,-1.7760318E+000,-1.5862741E+000,-2.0199271E+000,-2.1837676E+000,-1.7515680E+000,-1.6030154E+000,-1.9049469E+000,-1.3587595E+000,-2.2625780E+000,-1.9688129E+000, 3.6586981E+000, 4.8771192E+000, 5.0643266E+000, 5.0742407E+000, 4.1690352E+000, 3.0101274E+000, 2.9760136E+000, 3.5228552E+000, 3.3893164E+000, 9.9932728E+003, 1.5007657E+000, 6.8474683E+000, 3.8005222E+000
 1.5702027E+002, 1.0903601E+002, 1.2094105E+002, 1.2638537E+002, 1.3443701E+002, 1.3333223E+002, 1.3998448E+002, 1.4817761E+002, 1.4570305E+002, 1.4852449E+002, 1.5600173E+002, 1.5387010E+002, 1.6579277E+002, 1.8801228E+002, 2.1261478E+002, 2.4675510E+002, 2.2290468E+002, 1.9879329E+002, 1.7968677E+002, 1.6896691E+002, 1.6718477E+002, 1.5036609E+002, 1.3910395E+002, 1.3564229E+002,-1.4732593E+000,-1.8900869E+000,-1.8247080E+000,-1.8679338E+000,-1.7536864E+000,-1.9260000E+000,-2.2836099E+000,-1.8974184E+000,-1.6300340E+000,-1.7013509E+000,-1.7458181E+000,-1.3214212E+000,-2.3960266E+000,-2.5084437E+000, 2.3610152E+000, 5.2159268E+000, 5.1248528E+000, 4.0152611E+000, 4.0740588E+000, 3.9208861E+000, 3.7721182E+000, 3.2552327E+000, 3.4665862E+000, 1.0013942E+004, 1.4015498E+000, 6.8335820E+000, 3.7682392E+000
 1.5802946E+002, 1.1457458E+002, 1.2154267E+002, 1.2449402E+002, 1.3183020E+002, 1.3247377E+002, 1.4387518E+002, 1.4325478E+002, 1.4311644E+002, 1.4840777E+002, 1.5175579E+002, 1.5170308E+002, 1.7988739E+002, 2.0365080E+002, 2.1775710E+002, 2.4985066E+002, 2.0302528E+002, 1.7816336E+002, 1.8713650E+002, 1.6756305E+002, 1.6230425E+002, 1.5538975E+002, 1.4307902E+002, 1.3422505E+002,-1.7040262E+000,-1.7905848E+000,-1.7005465E+000,-1.8141539E+000,-1.7096454E+000,-2.2518116E+000,-2.0321492E+000,-1.5845080E+000,-1.7406082E+000,-1.9545707E+000,-1.4464564E+000,-2.2121213E+000,-2.5345375E+000,-3.4826693E+000, 8.5728058E-001, 4.0860676E+000, 4.4298100E+000, 4.7019244E+000, 3.4764675E+000, 3.7072959E+000, 4.1566765E+000, 3.7112689E+000, 2.9509763E+000, 1.0016073E+004, 1.3543143E+000, 6.9889012E+000, 3.1120644E+000
 1.5900610E+002, 1.1459103E+002, 1.2099984E+002, 1.2610699E+002, 1.2808070E+002, 1.3981712E+002, 1.4063745E+002, 1.3923450E+002, 1.4307786E+002, 1.4884404E+002, 1.4664076E+002, 1.6554295E+002, 1.8739200E+002, 1.9154748E+002, 1.9621226E+002, 2.4128374E+002, 2.1436276E+002, 1.8196984E+002, 1.5507064E+002, 1.6555460E+002, 1.5515578E+002, 1.5201390E+002, 1.4401283E+002, 1.3614430E+002,-1.9075664E+000,-1.7079549E+000,-1.8118216E+000,-1.7160700E+000,-2.3607815E+000,-2.1537998E+000,-1.6563309E+000,-1.7551570E+000,-1.7375161E+000,-1.4978253E+000,-1.5853267E+000,-2.0504158E+000,-2.2986712E+000,-2.6912719E+000, 1.6957828E+000, 4.1923769E+000, 4.0173661E+000, 3.7062852E+000, 3.7263080E+000, 3.2442251E+000, 3.2663993E+000, 3.9075663E+000, 3.2283556E+000, 9.9623561E+003, 1.3500790E+000, 7.0698223E+000, 3.2945542E+000
 1.6001530E+002, 1.1537895E+002, 1.1896786E+002, 1.2700564E+002, 1.3420449E+002, 1.3726508E+002, 1.3704807E+002, 1.3804099E+002, 1.4362239E+002, 1.4401191E+002, 1.5032183E+002, 1.7725714E+002, 1.8165360E+002, 1.7954312E+002, 2.0999325E+002, 2.2619522E+002, 2.2741065E+002, 2.1256711E+002, 1.7289232E+002, 1.5070288E+002, 1.5741343E+002, 1.4498014E+002, 1.4633912E+002, 1.3842034E+002,-1.8377210E+000,-1.6381893E+000,-1.8684233E+000,-2.2109295E+000,-2.2209754E+000,-1.6042270E+000,-1.6593581E+000,-1.7454586E+000,-1.8505396E+000,-1.6048948E+000,-2.1814381E+000,-1.6515844E+000,-1.5238144E+000,-3.3055066E+000, 1.3997838E+000, 4.9078047E+000, 4.7702870E+000, 3.8080552E+000, 3.2348736E+000, 3.3680218E+000, 3.6393947E+000, 3.7198356E+000, 3.8012864E+000, 9.9807134E+003, 1.3585771E+000, 7.0949007E+000, 3.7257690E+000
 1.6101686E+002, 1.1467732E+002, 1.1785989E+002, 1.2476202E+002, 1.3383514E+002, 1.3442957E+002, 1.3457767E+002, 1.3911187E+002, 1.4193876E+002, 1.4231879E+002, 1.6687343E+002, 1.7304585E+002, 1.7548453E+002, 1.9064070E+002, 2.0736626E+002, 2.2666307E+002, 2.2336546E+002, 2.0581809E+002, 2.0706219E+002, 1.8011045E+002, 1.5046507E+002, 1.4486329E+002, 1.4105009E+002, 1.4005156E+002,-1.7387498E+000,-1.6055996E+000,-1.7993019E+000,-2.1373816E+000,-1.8357981E+000,-1.6127754E+000,-1.7746725E+000,-1.6148798E+000,-1.5338890E+000,-1.8435272E+000,-1.8230497E+000,-1.3334914E+000,-3.0700317E+000,-3.2432823E+000, 3.0828212E-001, 4.6079123E+000, 4.9480859E+000, 4.3844019E+000, 3.8780520E+000, 3.4038128E+000, 3.5413526E+000, 3.3284054E+000, 4.1919605E+000, 1.0072203E+004, 1.3411370E+000, 7.0571185E+000, 3.5955596E+000
 1.6201972E+002, 1.1393032E+002, 1.2001553E+002, 1.2468784E+002, 1.3144818E+002, 1.3191726E+002, 1.3463724E+002, 1.3827660E+002, 1.3844144E+002, 1.5397376E+002, 1.6619886E+002, 1.6636455E+002, 1.8367740E+002, 2.0690531E+002, 2.3620838E+002, 2.6292996E+002, 2.3653142E+002, 2.0846628E+002, 1.8791382E+002, 1.9179943E+002, 1.7866267E+002, 1.4877922E+002, 1.3351535E+002, 1.3798874E+002,-1.6445287E+000,-1.7513830E+000,-1.9217714E+000,-1.9514407E+000,-1.6713755E+000,-1.6748765E+000,-1.4435500E+000,-1.8292863E+000,-1.7184545E+000,-1.9247382E+000,-1.3099077E+000,-2.5019011E+000,-3.1948848E+000,-3.3601172E+000, 2.5363456E+000, 4.7978686E+000, 5.0384120E+000, 4.2020524E+000, 3.6211244E+000, 4.0114600E+000, 3.6515955E+000, 3.2434216E+000, 3.4106819E+000, 9.9791375E+003, 1.3047351E+000, 7.2224433E+000, 3.7887198E+000
 1.6302612E+002, 1.1298157E+002, 1.2121770E+002, 1.2577379E+002, 1.2940191E+002, 1.3083938E+002, 1.3502858E+002, 1.3646120E+002, 1.4210177E+002, 1.5926460E+002, 1.6206719E+002, 1.7306080E+002, 1.8972785E+002, 1.9503380E+002, 2.5248376E+002, 2.6958750E+002, 2.2080096E+002, 2.0528805E+002, 1.9013879E+002, 1.8073131E+002, 1.7625238E+002, 1.5834877E+002, 1.4314128E+002, 1.3164459E+002,-1.6627016E+000,-1.7807757E+000,-2.0188429E+000,-1.5755956E+000,-1.7852225E+000,-1.6163331E+000,-1.5875756E+000,-1.5257656E+000,-1.7432891E+000,-1.5616249E+000,-2.3701246E+000,-2.2903841E+000,-2.9226862E+000,-2.5200411E+000, 3.9090644E+000, 5.7944361E+000, 4.7310813E+000, 4.3942867E+000, 3.7480444E+000, 3.1621986E+000, 4.1643319E+000, 3.6411708E+000, 3.4463321E+000, 9.9926931E+003, 1.3547584E+000, 7.1502193E+000, 4.0288773E+000
 1.6400107E+002, 1.1217984E+002, 1.1937258E+002, 1.2572321E+002, 1.2783404E+002, 1.3140245E+002, 1.3377775E+002, 1.3535127E+002, 1.5250081E+002, 1.5407015E+002, 1.6294342E+002, 1.6728470E+002, 1.8125943E+002, 1.8411328E+002, 2.5556706E+002, 2.6495494E+002, 2.2994353E+002, 1.6362497E+002, 1.7232320E+002, 1.7419289E+002, 1.6912937E+002, 1.5531334E+002, 1.4786689E+002, 1.3129331E+002,-1.7515487E+000,-1.6632267E+000,-1.9929092E+000,-1.7702274E+000,-1.7336453E+000,-1.2877509E+000,-1.8231634E+000,-1.7135569E+000,-1.6977875E+000,-2.1235364E+000,-2.1263431E+000,-2.0212314E+000,-1.7629681E+000,-2.5130360E+000, 3.5309285E+000, 5.2548804E+000, 4.7968878E+000, 3.9861932E+000, 3.6410072E+000, 3.6151948E+000, 3.7689785E+000, 4.2950543E+000, 3.4282551E+000, 9.9652604E+003, 1.4814279E+000, 6.9450289E+000, 3.5632761E+000
 1.6500747E+002, 1.1477873E+002, 1.1891242E+002, 1.2499061E+002, 1.2763201E+002, 1.3145417E+002, 1.3242202E+002, 1.4371943E+002, 1.5122218E+002, 1.5589191E+002, 1.6033225E+002, 1.6235590E+002, 1.7409125E+002, 1.9831470E+002, 2.2628344E+002, 2.5750220E+002, 2.4116140E+002, 2.1127719E+002, 1.6055098E+002, 1.5173357E+002, 1.6267381E+002, 1.5205859E+002, 1.5094897E+002, 1.4132575E+002,-1.8625450E+000,-1.8544983E+000,-1.9400528E+000,-1.8171007E+000,-1.5593911E+000,-1.5268563E+000,-1.6275053E+000,-1.6207184E+000,-2.0061176E+000,-2.4274411E+000,-1.4477452E+000,-1.3008302E+000,-2.0392838E+000,-2.7041415E+000, 3.5703909E+000, 5.6336484E+000, 5.5766588E+000, 4.1386620E+000, 3.6120568E+000, 3.3015920E+000, 3.2500885E+000, 3.8275924E+000, 4.1349021E+000, 9.9943874E+003, 1.4658422E+000, 6.7259879E+000, 4.1690432E+000
 1.6602871E+002, 1.1528370E+002, 1.1999040E+002, 1.2332706E+002, 1.2791250E+002, 1.2993265E+002, 1.3517048E+002, 1.4712282E+002, 1.4941761E+002, 1.5443588E+002, 1.5204692E+002, 1.5814323E+002, 1.7923836E+002, 1.8146650E+002, 1.8919193E+002, 2.8260433E+002, 2.2674312E+002, 2.1180412E+002, 1.9793616E+002, 1.6871668E+002, 1.4530225E+002, 1.5272576E+002, 1.3890693E+002, 1.4472937E+002,-1.9358176E+000,-1.7358045E+000,-1.6041946E+000,-1.7257684E+000,-1.4005473E+000,-1.7034721E+000,-1.7709908E+000,-2.0407692E+000,-2.4111506E+000,-1.4651191E+000,-1.3912312E+000,-1.2906483E+000,-1.4837093E+000,-1.6568971E+000, 3.2617400E+000, 5.2945897E+000, 5.6387364E+000, 5.2394125E+000, 4.2861542E+000, 3.8407750E+000, 3.7984374E+000, 3.4370719E+000, 3.7925092E+000, 1.0033410E+004, 1.4608571E+000, 6.8013114E+000, 3.8830125E+000
 1.6700588E+002, 1.1415661E+002, 1.2035101E+002, 1.2185491E+002, 1.2715916E+002, 1.3061150E+002, 1.4190804E+002, 1.4597319E+002, 1.5039453E+002, 1.4991484E+002, 1.5087595E+002, 1.6111307E+002, 1.7952541E+002, 1.6524861E+002, 1.8653472E+002, 2.6979222E+002, 2.2165481E+002, 1.9438559E+002, 1.7874704E+002, 1.8005998E+002, 1.6112552E+002, 1.4040901E+002, 1.4106904E+002, 1.3586466E+002,-1.7677454E+000,-1.7297993E+000,-1.6374008E+000,-1.5834528E+000,-1.5324680E+000,-1.7002898E+000,-1.8088473E+000,-2.5287074E+000,-1.5857727E+000,-1.3108100E+000,-1.2380864E+000,-1.6908778E+000,-1.1066550E+000,-4.5582050E-001, 2.8282849E+000, 4.2069919E+000, 5.0151511E+000, 5.0413169E+000, 5.1207385E+000, 4.2588540E+000, 3.3977099E+000, 3.9445828E+000, 3.3533270E+000, 1.0004790E+004, 1.5650231E+000, 6.8682589E+000, 3.3820459E+000
 1.6802033E+002, 1.1391754E+002, 1.1930534E+002, 1.2073273E+002, 1.2627849E+002, 1.3404428E+002, 1.4117402E+002, 1.4668645E+002, 1.4513552E+002, 1.4458925E+002, 1.4836149E+002, 1.7214119E+002, 1.6949530E+002, 1.7948290E+002, 2.0379884E+002, 2.6415819E+002, 2.5051276E+002, 2.1474153E+002, 1.8309292E+002, 1.5906339E+002, 1.6336594E+002, 1.4199027E+002, 1.3920958E+002, 1.3413024E+002,-1.7706705E+000,-1.6936697E+000,-1.6853319E+000,-1.7334836E+000,-1.6616843E+000,-2.0200378E+000,-2.4867248E+000,-1.4498359E+000,-1.4104322E+000,-1.4131613E+000,-1.4785971E+000,-1.4009675E+000,-9.6499948E-001,-6.1714688E-001, 3.3561351E+000, 5.7204350E+000, 4.8490143E+000, 4.3529789E+000, 4.2196733E+000, 4.4305118E+000, 3.6027482E+000, 3.4211755E+000, 3.6637653E+000, 9.9970584E+003, 1.3920230E+000, 7.0707749E+000, 4.2739610E+000
 1.6902162E+002, 1.1457628E+002, 1.1720666E+002, 1.2062275E+002, 1.2872475E+002, 1.3769374E+002, 1.4335731E+002, 1.4166483E+002, 1.4237990E+002, 1.4296632E+002, 1.5255797E+002, 1.6786966E+002, 1.6617045E+002, 1.7521551E+002, 2.2294035E+002, 2.4933522E+002, 2.0964089E+002, 1.8470371E+002, 1.8489175E+002, 1.7997933E+002, 1.5217565E+002, 1.4689212E+002, 1.3146793E+002, 1.3452072E+002,-1.6515387E+000,-1.4496787E+000,-1.5229782E+000,-1.7265876E+000,-1.8710753E+000,-2.5783495E+000,-1.6733141E+000,-1.4960771E+000,-1.2726987E+000,-1.2279392E+000,-1.8737612E+000,-1.0904172E+000,-2.0112376E+000,-1.4914306E+000, 2.1638192E+000, 5.0554158E+000, 4.5879219E+000, 4.6312071E+000, 3.7364206E+000, 3.8234975E+000, 4.2196282E+000, 3.2532448E+000, 3.5907741E+000, 1.0010079E+004, 1.3481244E+000, 6.9805847E+000, 3.3622070E+000
 1.7000121E+002, 1.1454788E+002, 1.1565171E+002, 1.1982063E+002, 1.3246231E+002, 1.3955609E+002, 1.3862057E+002, 1.3793337E+002, 1.3810509E+002, 1.4249638E+002, 1.6234350E+002, 1.6134648E+002, 1.7134872E+002, 1.9886931E+002, 2.3972700E+002, 2.6148336E+002, 2.2373630E+002, 2.0023067E+002, 1.5493739E+002, 1.6273135E+002, 1.6401719E+002, 1.4816446E+002, 1.3685541E+002, 1.2962551E+002,-1.4727035E+000,-1.4109242E+000,-1.5213379E+000,-1.8870332E+000,-2.4657920E+000,-1.8228433E+000,-1.5650846E+000,-1.4693656E+000,-1.4483689E+000,-1.5489190E+000,-1.6939341E+000,-1.0217018E+000,-2.6991985E+000,-1.8452185E+000, 1.5895616E+000, 5.3264672E+000, 5.4272185E+000, 3.6270394E+000, 3.4572867E+000, 3.2457971E+000, 3.9551327E+000, 3.7903368E+000, 3.3795736E+000, 1.0007197E+004, 1.2941435E+000, 6.9928650E+000, 3.7479621E+000
 1.7102529E+002, 1.1314028E+002, 1.1448647E+002, 1.2040955E+002, 1.3583549E+002, 1.3649128E+002, 1.3472005E+002, 1.3586347E+002, 1.3653228E+002, 1.4782169E+002, 1.5829283E+002, 1.6212769E+002, 1.8575787E+002, 2.0232671E+002, 2.3375546E+002, 2.7180548E+002, 2.1894635E+002, 1.9770728E+002, 1.8050240E+002, 1.5591244E+002, 1.5154768E+002, 1.4669267E+002, 1.3948598E+002, 1.3084600E+002,-1.3432480E+000,-1.5759665E+000,-1.5591932E+000,-2.3964771E+000,-2.0586034E+000,-1.6221493E+000,-1.5200655E+000,-1.4074757E+000,-1.4564003E+000,-1.8835106E+000,-1.6274238E+000,-2.0414361E+000,-2.3933327E+000,-7.4907858E-001, 2.0581850E+000, 5.2674287E+000, 5.5306297E+000, 5.0076478E+000, 3.4788353E+000, 3.0729272E+000, 3.0211244E+000, 3.8384130E+000, 3.4173179E+000, 9.9646069E+003, 1.2706821E+000, 7.0350191E+000, 3.6206937E+000
 1.7201105E+002, 1.1119153E+002, 1.1386910E+002, 1.2370869E+002, 1.3372158E+002, 1.3189459E+002, 1.3231048E+002, 1.3304603E+002, 1.4001243E+002, 1.5317946E+002, 1.5589639E+002, 1.7281894E+002, 1.9259804E+002, 1.8180779E+002, 1.8594966E+002, 2.7021145E+002, 2.4636810E+002, 2.0668242E+002, 1.7365374E+002, 1.6747484E+002, 1.5554924E+002, 1.4678810E+002, 1.3268858E+002, 1.3073630E+002,-1.2941646E+000,-1.5667140E+000,-1.8179871E+000,-2.0569665E+000,-1.6917211E+000,-1.5026976E+000,-1.5528891E+000,-1.6178844E+000,-1.6942127E+000,-1.7459402E+000,-1.7850477E+000,-2.2342490E+000,-1.2785189E+000, 1.6045426E+000, 2.3627316E+000, 4.8203004E+000, 5.5712872E+000, 5.3521313E+000, 5.1270077E+000, 3.5994555E+000, 3.6228652E+000, 3.5997827E+000, 3.6057724E+000, 1.0032565E+004, 1.3107331E+000, 7.0545911E+000, 4.0274435E+000
 1.7300646E+002, 1.1001592E+002, 1.1412480E+002, 1.2877923E+002, 1.3005207E+002, 1.2921033E+002, 1.3096876E+002, 1.3331198E+002, 1.4514242E+002, 1.5209161E+002, 1.6123888E+002, 1.8052688E+002, 1.9028626E+002, 1.7566780E+002, 2.0128749E+002, 2.4876415E+002, 2.4558625E+002, 2.0572090E+002, 1.8616931E+002, 1.5712970E+002, 1.5367678E+002, 1.4028006E+002, 1.3689961E+002, 1.3229395E+002,-1.2639288E+000,-1.5233867E+000,-2.3183478E+000,-1.8091116E+000,-1.5954914E+000,-1.4703623E+000,-1.5258152E+000,-1.7598636E+000,-1.8866507E+000,-1.8789497E+000,-2.5318559E+000,-1.6745506E+000,-6.4411890E-001,-1.3379842E+000, 1.6271840E+000, 4.2802818E+000, 5.2083337E+000, 5.0299423E+000, 4.0061943E+000, 4.5130203E+000, 3.0494020E+000, 3.1541840E+000, 3.8891594E+000, 1.0013237E+004, 1.3710368E+000, 7.0540646E+000, 3.9496029E+000
 1.7401001E+002, 1.0928767E+002, 1.1621882E+002, 1.2835612E+002, 1.2627771E+002, 1.2824277E+002, 1.2931858E+002, 1.3906758E+002, 1.4747497E+002, 1.5238669E+002, 1.7224294E+002, 1.8059725E+002, 1.7674053E+002, 1.8780251E+002, 2.3363580E+002, 2.5467464E+002, 2.2818428E+002, 1.9745121E+002, 1.6665950E+002, 1.6650470E+002, 1.5076333E+002, 1.3908131E+002, 1.3311676E+002, 1.2709853E+002,-1.2692504E+000,-1.8332101E+000,-2.2179663E+000,-1.7050718E+000,-1.4799867E+000,-1.4534385E+000,-1.7831046E+000,-1.8369254E+000,-1.8371290E+000,-2.4772555E+000,-1.6526150E+000,-1.1378515E+000,-9.3735759E-001,-2.6621132E+000, 2.8153058E+000, 3.8767725E+000, 4.2103223E+000, 4.0172349E+000, 4.5386724E+000, 3.5247701E+000, 4.2492182E+000, 3.3310236E+000, 3.0125579E+000, 9.9990047E+003, 1.4031058E+000, 6.7850352E+000, 3.3958524E+000
 1.7500960E+002, 1.0863312E+002, 1.2216102E+002, 1.2613973E+002, 1.2508339E+002, 1.2712111E+002, 1.3223535E+002, 1.4155395E+002, 1.4742729E+002, 1.6318965E+002, 1.7049559E+002, 1.6918666E+002, 1.7438623E+002, 2.1279639E+002, 2.2138962E+002, 2.8112605E+002, 2.3469560E+002, 2.0051236E+002, 1.8138380E+002, 1.5723770E+002, 1.5483205E+002, 1.4472823E+002, 1.2960993E+002, 1.3021829E+002,-1.3504449E+000,-2.3066433E+000,-1.8350893E+000,-1.6301637E+000,-1.4141336E+000,-1.5621260E+000,-1.8064506E+000,-1.8669058E+000,-2.3435012E+000,-1.7185379E+000,-1.7666171E+000,-1.0843837E+000,-2.1458387E+000,-2.3902245E+000, 2.9414047E+000, 5.5388562E+000, 4.5453781E+000, 3.9407618E+000, 2.9324148E+000, 4.2051324E+000, 4.0075553E+000, 3.4208078E+000, 2.9562680E+000, 9.9718169E+003, 1.4049272E+000, 6.8629845E+000, 4.0446564E+000
 1.7602147E+002, 1.0861505E+002, 1.2295878E+002, 1.2276133E+002, 1.2496637E+002, 1.2658098E+002, 1.3647596E+002, 1.4358246E+002, 1.5384236E+002, 1.6034869E+002, 1.6364580E+002, 1.6787974E+002, 1.9979150E+002, 1.9897351E+002, 1.9598805E+002, 2.5302014E+002, 2.3627394E+002, 1.9182784E+002, 1.7109047E+002, 1.7858682E+002, 1.5902706E+002, 1.4541981E+002, 1.3274698E+002, 1.2401248E+002,-1.3879825E+000,-2.2757277E+000,-1.7866920E+000,-1.6139762E+000,-1.4735343E+000,-1.7892216E+000,-1.7324398E+000,-2.0369421E+000,-1.8709824E+000,-1.8170178E+000,-1.5270788E+000,-1.7492881E+000,-1.9124323E+000,-1.8335746E+000, 1.7959122E+000, 4.4237395E+000, 5.1187456E+000, 4.6445481E+000, 3.8949669E+000, 3.1160783E+000, 3.8819888E+000, 3.9698483E+000, 3.2694087E+000, 9.9876768E+003, 1.4716758E+000, 7.0584662E+000, 3.6978464E+000
 1.7700173E+002, 1.1301350E+002, 1.2174674E+002, 1.1977776E+002, 1.2373511E+002, 1.3125719E+002, 1.3778337E+002, 1.4659732E+002, 1.5101396E+002, 1.5750080E+002, 1.6358911E+002, 1.8136769E+002, 2.0010666E+002, 1.8953332E+002, 1.9872558E+002, 2.5411738E+002, 2.3455958E+002, 2.0496368E+002, 1.8258292E+002, 1.5915587E+002, 1.7205952E+002, 1.4076637E+002, 1.3787322E+002, 1.2576958E+002,-1.5784680E+000,-1.7468810E+000,-1.7339224E+000,-1.5269352E+000,-1.7291299E+000,-1.7294031E+000,-1.7749318E+000,-1.9199351E+000,-1.7444093E+000,-1.7162771E+000,-1.7333346E+000,-2.1687744E+000,-7.0840679E-001,-2.4974580E+000, 1.0933775E+000, 4.6472240E+000, 4.5163489E+000, 4.4675664E+000, 4.7186884E+000, 3.8721161E+000, 3.7216436E+000, 3.7117431E+000, 3.8703684E+000, 1.0045093E+004, 1.4370632E+000, 6.9446360E+000, 3.7500443E+000
 1.7801360E+002, 1.1676386E+002, 1.1958946E+002, 1.1866783E+002, 1.2516426E+002, 1.3251472E+002, 1.4087839E+002, 1.4568254E+002, 1.5170689E+002, 1.5928402E+002, 1.6726573E+002, 1.9272656E+002, 1.8758115E+002, 1.8736869E+002, 1.9586391E+002, 2.3557399E+002, 2.2904851E+002, 2.1212671E+002, 1.8680809E+002, 1.7429100E+002, 1.5170299E+002, 1.5960865E+002, 1.3703695E+002, 1.3194052E+002,-2.2834504E+000,-1.5327748E+000,-1.6724116E+000,-1.5569613E+000,-1.7887218E+000,-1.6725339E+000,-2.0257373E+000,-1.6960757E+000,-1.8625962E+000,-1.8121148E+000,-1.8850918E+000,-1.4234152E+000,-1.7471269E+000,-2.4504773E+000, 1.4405890E+000, 4.2919588E+000, 5.2524257E+000, 4.2288932E+000, 3.7980124E+000, 4.3578968E+000, 3.8844333E+000, 3.6011044E+000, 3.5486062E+000, 1.0009692E+004, 1.4411388E+000, 6.7417950E+000, 3.6495157E+000
 1.7902005E+002, 1.1632083E+002, 1.1661596E+002, 1.1909453E+002, 1.2848709E+002, 1.3433098E+002, 1.4211255E+002, 1.4398483E+002, 1.5327876E+002, 1.6091548E+002, 1.7995449E+002, 1.8170890E+002, 1.8407618E+002, 1.8365317E+002, 1.8421553E+002, 2.4237068E+002, 2.1234772E+002, 1.9926499E+002, 1.8575672E+002, 1.7744139E+002, 1.6517643E+002, 1.4759318E+002, 1.4483714E+002, 1.3052282E+002,-1.8840998E+000,-1.6133446E+000,-1.7134352E+000,-1.7752253E+000,-1.6202296E+000,-1.9091579E+000,-1.5542604E+000,-1.9513548E+000,-1.8956351E+000,-1.7992661E+000,-1.9183625E+000,-8.8457272E-001,-1.2702168E+000,-1.2710420E+000, 1.3885978E+000, 3.9525347E+000, 4.8100481E+000, 5.0104076E+000, 4.5325996E+000, 3.5383631E+000, 3.9692954E+000, 3.7152879E+000, 3.6148391E+000, 9.9586867E+003, 1.4637355E+000, 6.7169507E+000, 3.1461462E+000
 1.8002486E+002, 1.1538381E+002, 1.1398994E+002, 1.1806296E+002, 1.2898618E+002, 1.3830975E+002, 1.3869156E+002, 1.4815591E+002, 1.5740008E+002, 1.6948090E+002, 1.7440430E+002, 1.7521651E+002, 1.8506542E+002, 1.8018005E+002, 2.0415153E+002, 2.4865200E+002, 2.2231582E+002, 1.9882966E+002, 1.8380970E+002, 1.7158126E+002, 1.6225654E+002, 1.4316558E+002, 1.4600273E+002, 1.3414436E+002,-1.7524589E+000,-1.6578850E+000,-1.7391181E+000,-1.7701670E+000,-1.6813194E+000,-1.7738552E+000,-1.7515095E+000,-2.0606540E+000,-2.0443850E+000,-1.9590809E+000,-1.4911447E+000,-1.1308982E+000,-5.1604471E-001,-2.9114679E+000, 1.2351091E+000, 4.2847096E+000, 5.0406891E+000, 4.8017045E+000, 4.2686587E+000, 4.4503427E+000, 3.1879904E+000, 3.8377529E+000, 3.4002516E+000, 9.9982826E+003, 1.5232993E+000, 6.8977792E+000, 3.3862922E+000
 1.8100686E+002, 1.1370063E+002, 1.1265656E+002, 1.2008645E+002, 1.3214425E+002, 1.3543692E+002, 1.4008859E+002, 1.5262634E+002, 1.6226611E+002, 1.6514777E+002, 1.6747887E+002, 1.7503595E+002, 1.7959690E+002, 1.9426492E+002, 2.2722074E+002, 2.5044998E+002, 2.1973612E+002, 2.0153344E+002, 1.8519202E+002, 1.7419140E+002, 1.6714603E+002, 1.4565575E+002, 1.3845271E+002, 1.4480146E+002,-1.3555551E+000,-1.5079419E+000,-1.7313947E+000,-1.6146999E+000,-1.9529847E+000,-1.5149977E+000,-1.9702747E+000,-2.1176238E+000,-1.9706598E+000,-1.6841888E+000,-1.4725252E+000,-1.1832531E+000,-2.8067279E+000,-2.4238011E+000, 2.2325829E+000, 5.0379743E+000, 5.2542101E+000, 4.9420088E+000, 4.7743980E+000, 4.5746820E+000, 3.3682339E+000, 3.1025166E+000, 3.6300523E+000, 9.9787238E+003, 1.5965786E+000, 6.7733733E+000, 3.6341595E+000
 1.8202803E+002, 1.1173181E+002, 1.1308475E+002, 1.2209193E+002, 1.3265264E+002, 1.3377922E+002, 1.4702344E+002, 1.5728185E+002, 1.5865057E+002, 1.6097120E+002, 1.6541651E+002, 1.7491962E+002, 1.8477283E+002, 1.8924021E+002, 1.9459878E+002, 2.3892768E+002, 2.2550170E+002, 2.0363912E+002, 1.7763844E+002, 1.6808723E+002, 1.6121108E+002, 1.4912111E+002, 1.3763839E+002, 1.3571387E+002,-1.1738500E+000,-1.5624291E+000,-1.8424027E+000,-1.7723717E+000,-1.5927863E+000,-1.9281320E+000,-2.2113943E+000,-1.9526776E+000,-1.8688974E+000,-1.7520282E+000,-1.6273741E+000,-2.1214399E+000,-1.2219068E+000,-2.5243429E+000, 1.8285286E+000, 4.8173627E+000, 5.2677378E+000, 5.0090414E+000, 4.0536196E+000, 3.9107695E+000, 4.0778879E+000, 2.9686372E+000, 3.5125254E+000, 1.0024142E+004, 1.5554093E+000, 6.9626076E+000, 3.7111115E+000
 1.8301150E+002, 1.0934763E+002, 1.1342106E+002, 1.2295642E+002, 1.3071418E+002, 1.3950334E+002, 1.5177830E+002, 1.5268544E+002, 1.5336248E+002, 1.5956616E+002, 1.6761453E+002, 1.7577384E+002, 1.7582353E+002, 1.8484624E+002, 1.9514977E+002, 2.2399267E+002, 2.1625763E+002, 2.0704227E+002, 1.8869926E+002, 1.7023766E+002, 1.5666196E+002, 1.4908196E+002, 1.3799247E+002, 1.3383151E+002,-1.2232883E+000,-1.7361283E+000,-1.8434739E+000,-1.8535128E+000,-1.6466672E+000,-2.1933071E+000,-1.9542872E+000,-1.9445003E+000,-1.7849526E+000,-1.6542161E+000,-2.0324498E+000,-1.4123193E+000,-1.6452752E+000,-2.3166212E+000, 2.6041415E-001, 4.3033176E+000, 4.8896627E+000, 4.8999160E+000, 4.5131328E+000, 4.0316906E+000, 4.0065619E+000, 3.2193689E+000, 2.9530585E+000, 1.0017372E+004, 1.4823470E+000, 6.8998972E+000, 3.3959452E+000
 1.8402395E+002, 1.0753285E+002, 1.1599822E+002, 1.2514355E+002, 1.3158486E+002, 1.4671771E+002, 1.4698955E+002, 1.4863606E+002, 1.5287963E+002, 1.5829851E+002, 1.6801093E+002, 1.6421094E+002, 1.7368402E+002, 1.7742673E+002, 1.9092167E+002, 2.4496571E+002, 2.2048538E+002, 1.8315533E+002, 1.8516606E+002, 1.7774775E+002, 1.6375270E+002, 1.3709389E+002, 1.4098156E+002, 1.3184538E+002,-1.3164742E+000,-1.7863664E+000,-1.7316912E+000,-1.5602297E+000,-2.1882963E+000,-2.0178410E+000,-1.7781220E+000,-1.8524629E+000,-1.8492460E+000,-1.9018899E+000,-1.8779866E+000,-1.0823425E+000,-2.1383005E+000,-1.3310558E+000, 5.9937080E-001, 4.1523488E+000, 5.0169595E+000, 5.0818651E+000, 4.6209435E+000, 3.8921391E+000, 3.0123600E+000, 3.7712534E+000, 3.1072812E+000, 1.0024298E+004, 1.4656438E+000, 6.9313008E+000, 3.2745107E+000
 1.8500576E+002, 1.0676089E+002, 1.1699164E+002, 1.2568677E+002, 1.4114315E+002, 1.4232810E+002, 1.4390417E+002, 1.4673218E+002, 1.5109178E+002, 1.6121475E+002, 1.5753316E+002, 1.5992121E+002, 1.7782624E+002, 1.8586164E+002, 1.9826804E+002, 2.2226833E+002, 2.1628193E+002, 1.9488742E+002, 1.5382128E+002, 1.5627796E+002, 1.6734826E+002, 1.4389675E+002, 1.3560611E+002, 1.3355499E+002,-1.2806354E+000,-1.8116719E+000,-1.7373166E+000,-1.8280439E+000,-2.0476110E+000,-1.9252946E+000,-1.8153330E+000,-1.8883169E+000,-1.7868406E+000,-2.0569474E+000,-1.3749539E+000,-2.0948093E+000,-1.7409548E+000,-1.8753613E+000, 3.8565964E-001, 3.8049792E+000, 4.6520954E+000, 4.5197796E+000, 4.4102689E+000, 5.0618026E+000, 3.6868494E+000, 3.2007137E+000, 3.2241578E+000, 9.9814501E+003, 1.4532553E+000, 7.1465680E+000, 3.2164075E+000
 1.8602443E+002, 1.0817458E+002, 1.1955967E+002, 1.2499497E+002, 1.3879512E+002, 1.3940399E+002, 1.4209052E+002, 1.4540148E+002, 1.5233231E+002, 1.5525562E+002, 1.4916225E+002, 1.6883699E+002, 1.7709502E+002, 1.9263103E+002, 2.1229134E+002, 2.2865867E+002, 1.9503556E+002, 1.9639630E+002, 1.8420174E+002, 1.4940930E+002, 1.4320737E+002, 1.5345788E+002, 1.3216286E+002, 1.3263560E+002,-1.3649575E+000,-1.6947918E+000,-1.9347868E+000,-2.1073752E+000,-2.0597774E+000,-1.7288895E+000,-1.7900865E+000,-1.6889591E+000,-1.8690462E+000,-1.6379989E+000,-1.7990835E+000,-1.8121607E+000,-1.5495454E+000,-2.7248004E+000, 4.5413644E-001, 3.9592653E+000, 3.8909294E+000, 4.2522431E+000, 3.9391699E+000, 3.0229860E+000, 4.3847851E+000, 2.8103877E+000, 3.1415195E+000, 9.9629451E+003, 1.4712681E+000, 7.0795520E+000, 2.9470157E+000
 1.8700478E+002, 1.1099408E+002, 1.1985852E+002, 1.2669143E+002, 1.3576941E+002, 1.3736052E+002, 1.4048055E+002, 1.4295942E+002, 1.5273238E+002, 1.4652930E+002, 1.5739733E+002, 1.7003573E+002, 1.8339879E+002, 2.0208066E+002, 2.1474712E+002, 2.4192952E+002, 2.1013706E+002, 1.7947120E+002, 1.7843926E+002, 1.6590892E+002, 1.4501163E+002, 1.4300561E+002, 1.4092026E+002, 1.3049157E+002,-1.7637355E+000,-1.7758228E+000,-1.6481406E+000,-1.8075357E+000,-1.9307771E+000,-1.7129872E+000,-1.7705695E+000,-1.6592908E+000,-1.6963112E+000,-1.7455783E+000,-2.3568550E+000,-1.5996156E+000,-2.7885304E+000,-2.3145553E+000, 3.7337528E+000, 4.6028357E+000, 3.9466269E+000, 3.4085292E+000, 3.8691459E+000, 3.5167061E+000, 3.8127149E+000, 3.6423461E+000, 2.9746208E+000, 1.0004513E+004, 1.4819662E+000, 6.9742632E+000, 3.1632482E+000
 1.8800612E+002, 1.1311799E+002, 1.1992363E+002, 1.3331162E+002, 1.3349337E+002, 1.3622615E+002, 1.3923239E+002, 1.4564646E+002, 1.4592313E+002, 1.4725755E+002, 1.6439392E+002, 1.6606412E+002, 1.9413838E+002, 1.8514493E+002, 2.1995382E+002, 2.4700182E+002, 2.2011914E+002, 1.9597855E+002, 1.6035467E+002, 1.5964249E+002, 1.5171188E+002, 1.3457892E+002, 1.4169123E+002, 1.3061952E+002,-1.9028250E+000,-1.6513390E+000,-1.8630609E+000,-1.9306312E+000,-1.7733953E+000,-1.6816070E+000,-1.6826825E+000,-1.5224435E+000,-1.7018187E+000,-2.5200941E+000,-1.4747424E+000,-2.1483181E+000,-2.4664030E+000,-2.1486477E+000, 4.0034148E+000, 5.6119342E+000, 5.2793373E+000, 4.3041504E+000, 2.8339036E+000, 3.4842690E+000, 2.5664614E+000, 3.6889436E+000, 2.7156501E+000, 9.9871779E+003, 1.3965702E+000, 7.0671143E+000, 3.6693874E+000
 1.8901811E+002, 1.1538787E+002, 1.1999830E+002, 1.3038973E+002, 1.3276765E+002, 1.3600772E+002, 1.3892383E+002, 1.4282159E+002, 1.4235749E+002, 1.5816376E+002, 1.5841224E+002, 1.8428110E+002, 1.8309901E+002, 1.7624559E+002, 2.3620280E+002, 2.9013303E+002, 2.3974626E+002, 2.0435820E+002, 1.8268115E+002, 1.5344548E+002, 1.4947583E+002, 1.3528061E+002, 1.3176745E+002, 1.3180329E+002,-1.8693083E+000,-1.8310316E+000,-1.8896121E+000,-1.7997142E+000,-1.6409621E+000,-1.6465000E+000,-1.6325079E+000,-1.7827430E+000,-2.3007048E+000,-1.7919427E+000,-1.9665382E+000,-2.1682339E+000,-1.7818695E+000,-1.7577843E+000, 4.1433198E+000, 5.6073934E+000, 5.4576727E+000, 4.8592372E+000, 3.9757403E+000, 3.3171782E+000, 2.8800648E+000, 3.0393149E+000, 3.0028212E+000, 9.9863804E+003, 1.3424395E+000, 6.8439254E+000, 4.0348489E+000
 1.9001603E+002, 1.1468661E+002, 1.2269321E+002, 1.2770641E+002, 1.3213168E+002, 1.3517771E+002, 1.3879210E+002, 1.3942284E+002, 1.5117851E+002, 1.5347507E+002, 1.7135701E+002, 1.7380681E+002, 1.7347542E+002, 1.7726810E+002, 2.2438991E+002, 3.0276486E+002, 2.2884713E+002, 1.8624294E+002, 1.8113283E+002, 1.7364838E+002, 1.5219292E+002, 1.3619593E+002, 1.2885159E+002, 1.3252563E+002,-1.8524021E+000,-1.6389153E+000,-1.7246815E+000,-1.7545374E+000,-1.6557042E+000,-1.5798704E+000,-1.7547588E+000,-2.1782214E+000,-1.9839791E+000,-1.8070337E+000,-2.1237372E+000,-1.1414325E+000,-1.7511473E+000,-1.9083564E+000, 4.7711248E+000, 5.1582820E+000, 5.5433833E+000, 4.6023592E+000, 4.5039274E+000, 3.5020707E+000, 2.7980235E+000, 2.4617019E+000, 3.2559050E+000, 9.9985986E+003, 1.4784271E+000, 6.8153238E+000, 3.7373155E+000
 1.9100553E+002, 1.1463309E+002, 1.2641259E+002, 1.2596959E+002, 1.3240778E+002, 1.3538134E+002, 1.3659105E+002, 1.4521181E+002, 1.5016726E+002, 1.5822047E+002, 1.6957012E+002, 1.6584150E+002, 1.7448465E+002, 1.7724387E+002, 2.2811338E+002, 2.9328382E+002, 2.3643414E+002, 1.9266510E+002, 1.6468993E+002, 1.6470734E+002, 1.6617669E+002, 1.4181697E+002, 1.2962498E+002, 1.2597521E+002,-1.6981808E+000,-1.8573199E+000,-1.8581069E+000,-1.6059130E+000,-1.6696678E+000,-1.6944044E+000,-2.0761875E+000,-2.2153095E+000,-1.7967380E+000,-2.2049817E+000,-1.2830942E+000,-9.1143133E-001,-2.0803726E+000,-2.2804847E+000, 3.3709763E+000, 5.0770956E+000, 5.3638105E+000, 4.5321270E+000, 4.3584990E+000, 4.5628121E+000, 3.9001712E+000, 2.7242188E+000, 2.7555560E+000, 1.0025719E+004, 1.4725652E+000, 6.5979761E+000, 3.6730896E+000
 1.9202594E+002, 1.1576348E+002, 1.2387776E+002, 1.2594800E+002, 1.3233689E+002, 1.3352489E+002, 1.3988584E+002, 1.4640832E+002, 1.4946427E+002, 1.6169613E+002, 1.5873992E+002, 1.6526136E+002, 1.7194190E+002, 1.8019556E+002, 2.1742197E+002, 2.7311589E+002, 2.4842781E+002, 1.9407454E+002, 1.7863338E+002, 1.6112413E+002, 1.5456514E+002, 1.4650030E+002, 1.3535182E+002, 1.2408890E+002,-1.7884882E+000,-1.7493896E+000,-1.8749614E+000,-1.6780952E+000,-1.6263530E+000,-1.9978709E+000,-2.2277878E+000,-1.8521447E+000,-2.2309559E+000,-1.4345192E+000,-1.0167152E+000,-1.7200114E+000,-1.7737957E+000,-2.4459179E+000, 1.9877133E+000, 5.2718370E+000, 4.9055907E+000, 4.9685914E+000, 4.6258589E+000, 4.4067583E+000, 4.0153817E+000, 3.5699612E+000, 2.7949462E+000, 1.0009011E+004, 1.4204780E+000, 6.7184427E+000, 3.9967254E+000
 1.9301544E+002, 1.1902134E+002, 1.2138086E+002, 1.2596145E+002, 1.3110247E+002, 1.3534736E+002, 1.4244888E+002, 1.4604194E+002, 1.5348822E+002, 1.5338377E+002, 1.5234501E+002, 1.6551122E+002, 1.6963111E+002, 1.8447763E+002, 1.8254334E+002, 2.3546062E+002, 2.2104578E+002, 2.0469772E+002, 1.7219375E+002, 1.6047725E+002, 1.5018037E+002, 1.4551963E+002, 1.3758520E+002, 1.2625445E+002,-1.8107386E+000,-1.6214129E+000,-1.8352351E+000,-1.6250214E+000,-1.9473509E+000,-2.2541214E+000,-1.7462709E+000,-2.0697679E+000,-1.5817601E+000,-1.2145741E+000,-1.1803423E+000,-1.3812301E+000,-1.6724997E+000,-1.0657867E+000, 3.5555252E-001, 4.1834869E+000, 4.6378322E+000, 4.3636484E+000, 3.2373273E+000, 4.0607952E+000, 4.2855157E+000, 3.5996719E+000, 3.2534960E+000, 1.0042607E+004, 1.4705251E+000, 6.6883937E+000, 3.3523613E+000
 1.9400493E+002, 1.2081092E+002, 1.1986804E+002, 1.2622778E+002, 1.3105531E+002, 1.3847854E+002, 1.4249074E+002, 1.4646279E+002, 1.4552847E+002, 1.4957931E+002, 1.5476739E+002, 1.6197876E+002, 1.7454652E+002, 1.7391690E+002, 2.1175403E+002, 2.2642901E+002, 1.8817473E+002, 1.9298842E+002, 1.7672874E+002, 1.6293081E+002, 1.5227386E+002, 1.4241196E+002, 1.3957983E+002, 1.3526433E+002,-1.8835272E+000,-1.6824936E+000,-1.8718426E+000,-1.8071603E+000,-2.2030602E+000,-1.7490635E+000,-1.9785654E+000,-1.9347547E+000,-1.3485464E+000,-1.1061384E+000,-1.4687659E+000,-1.4904546E+000,-1.3914165E+000,-2.4720856E+000, 4.3312802E-001, 4.1624931E+000, 4.3619984E+000, 3.8588905E+000, 3.7218369E+000, 2.8635471E+000, 3.9230669E+000, 4.2092937E+000, 4.4254963E+000, 9.9932804E+003, 1.3851968E+000, 6.8044695E+000, 2.7605743E+000
 1.9502534E+002, 1.1907275E+002, 1.1973780E+002, 1.2584408E+002, 1.3508862E+002, 1.3735338E+002, 1.4222393E+002, 1.4036058E+002, 1.4584534E+002, 1.4597084E+002, 1.5719224E+002, 1.6208004E+002, 1.6247667E+002, 1.9673806E+002, 1.9314090E+002, 2.5732318E+002, 2.2193489E+002, 1.6662831E+002, 1.6333019E+002, 1.6061317E+002, 1.5438820E+002, 1.3845291E+002, 1.3632385E+002, 1.3430907E+002,-1.6643853E+000,-1.7890794E+000,-1.8377072E+000,-2.1753013E+000,-1.7031886E+000,-1.8107930E+000,-1.8891286E+000,-1.3513563E+000,-1.2942687E+000,-1.2953415E+000,-1.2647665E+000,-1.4193275E+000,-1.4821833E+000,-8.0361717E-001, 3.1292813E+000, 4.6784913E+000, 4.3948077E+000, 4.0988776E+000, 3.0782365E+000, 3.5499092E+000, 3.3385191E+000, 3.5579066E+000, 4.0323844E+000, 9.9463954E+003, 1.3934393E+000, 6.7923763E+000, 3.3215682E+000
 1.9601937E+002, 1.1628218E+002, 1.1991269E+002, 1.2477177E+002, 1.3339943E+002, 1.3875325E+002, 1.3709403E+002, 1.3878763E+002, 1.4342062E+002, 1.4914199E+002, 1.5487264E+002, 1.6212003E+002, 1.6498885E+002, 1.7817584E+002, 1.9167799E+002, 2.6716082E+002, 2.3016291E+002, 1.9551116E+002, 1.7216815E+002, 1.5182765E+002, 1.4818479E+002, 1.3795610E+002, 1.3339818E+002, 1.3192589E+002,-1.4474450E+000,-1.6668819E+000,-1.6547954E+000,-1.8329528E+000,-1.6357174E+000,-1.9506675E+000,-1.6634287E+000,-1.4474418E+000,-1.2681200E+000,-1.5662012E+000,-1.3995757E+000,-1.0526827E+000,-1.4182652E+000,-9.1624910E-001, 3.2487007E+000, 4.6167745E+000, 4.8614426E+000, 4.2818383E+000, 3.8664635E+000, 2.3044340E+000, 2.5808478E+000, 2.9920407E+000, 3.6083113E+000, 9.9758380E+003, 1.3761015E+000, 6.6622304E+000, 3.5772583E+000
 1.9700249E+002, 1.1416491E+002, 1.1996425E+002, 1.2747807E+002, 1.3415392E+002, 1.3539294E+002, 1.3423547E+002, 1.3998380E+002, 1.4211914E+002, 1.5095037E+002, 1.5556768E+002, 1.5737720E+002, 1.6615896E+002, 1.8053614E+002, 1.9902982E+002, 2.7583846E+002, 2.3897775E+002, 2.1801321E+002, 1.9063463E+002, 1.7241412E+002, 1.5077738E+002, 1.4005608E+002, 1.2967494E+002, 1.3058248E+002,-1.4993215E+000,-1.7444262E+000,-1.9795433E+000,-1.5149907E+000,-1.9095519E+000,-1.6790661E+000,-1.4406831E+000,-1.3652992E+000,-1.4599069E+000,-1.4294765E+000,-1.4497817E+000,-1.3018090E+000,-1.2153467E+000,-2.3115788E+000, 1.9390512E+000, 4.9248062E+000, 5.3034012E+000, 5.0163632E+000, 4.3615162E+000, 3.7963981E+000, 3.3412627E+000, 2.8807125E+000, 3.3206959E+000, 9.9942311E+003, 1.3683027E+000, 6.7178230E+000, 3.9348343E+000
 1.9801106E+002, 1.1382611E+002, 1.1934442E+002, 1.2729526E+002, 1.3332108E+002, 1.3191317E+002, 1.3502515E+002, 1.3866845E+002, 1.4470769E+002, 1.5040788E+002, 1.5295684E+002, 1.5568426E+002, 1.6851554E+002, 1.7910430E+002, 1.9714251E+002, 2.6336556E+002, 2.3049612E+002, 2.0218069E+002, 1.8429922E+002, 1.8407525E+002, 1.6795775E+002, 1.3537189E+002, 1.3111121E+002, 1.2755155E+002,-1.6893456E+000,-1.7923981E+000,-2.0604242E+000,-1.6401414E+000,-1.7873833E+000,-1.6952222E+000,-1.5803261E+000,-1.3554735E+000,-1.7142285E+000,-1.5366069E+000,-1.3763836E+000,-1.1301301E+000,-1.4305282E+000,-1.3027369E+000, 2.3261747E+000, 4.6319539E+000, 4.4813697E+000, 4.7882210E+000, 4.3432657E+000, 4.6684214E+000, 2.5433455E+000, 2.6542801E+000, 2.9658232E+000, 1.0036415E+004, 1.3916414E+000, 6.6705708E+000, 3.5957397E+000
 1.9902031E+002, 1.1425194E+002, 1.1943460E+002, 1.2578686E+002, 1.3003987E+002, 1.3079199E+002, 1.3555514E+002, 1.3905829E+002, 1.4614095E+002, 1.4943742E+002, 1.4710143E+002, 1.5765851E+002, 1.7709100E+002, 1.6308755E+002, 1.9033509E+002, 2.3491296E+002, 2.2816918E+002, 2.0381971E+002, 1.9249503E+002, 1.7082848E+002, 1.6984645E+002, 1.5139605E+002, 1.3243694E+002, 1.2630287E+002,-1.6205375E+000,-1.7193502E+000,-1.6758009E+000,-1.7847790E+000,-1.5019533E+000,-1.6594946E+000,-1.5082450E+000,-1.6913275E+000,-1.5417666E+000,-1.3351673E+000,-1.4747608E+000,-1.1981447E+000,-9.4048105E-001,-5.2610103E-001, 1.8173789E+000, 4.3678517E+000, 5.0010841E+000, 4.5439127E+000, 4.3289348E+000, 3.6915045E+000, 4.2653576E+000, 2.9068410E+000, 2.7928224E+000, 1.0016650E+004, 1.4012678E+000, 6.7129420E+000, 3.6114040E+000
 2.0002882E+002, 1.1422693E+002, 1.2191692E+002, 1.2691785E+002, 1.2852008E+002, 1.3241554E+002, 1.3518448E+002, 1.4144462E+002, 1.4569032E+002, 1.4422601E+002, 1.4664294E+002, 1.6570667E+002, 1.6925494E+002, 1.6567645E+002, 2.5119064E+002, 2.6276310E+002, 2.1661713E+002, 1.9398154E+002, 1.8321984E+002, 1.7318950E+002, 1.6331861E+002, 1.4767526E+002, 1.3663107E+002, 1.2902002E+002,-1.6029188E+000,-2.0171853E+000,-1.5419468E+000,-1.5308695E+000,-1.5709093E+000,-1.7724359E+000,-1.5949550E+000,-1.7649475E+000,-1.5891207E+000,-1.2708180E+000,-1.4460926E+000,-1.5204374E+000,-1.2123217E+000,-2.8588787E+000, 2.4734340E+000, 4.0268806E+000, 4.3302436E+000, 4.9207471E+000, 4.7310934E+000, 4.1103376E+000, 3.5864401E+000, 3.7048692E+000, 2.8709237E+000, 9.9596814E+003, 1.3813002E+000, 6.7452825E+000, 3.2479972E+000
 2.0100528E+002, 1.1389429E+002, 1.2077285E+002, 1.2589974E+002, 1.2761169E+002, 1.3173381E+002, 1.3683095E+002, 1.4164136E+002, 1.4294594E+002, 1.3765601E+002, 1.5613186E+002, 1.6764565E+002, 1.6579157E+002, 1.9020019E+002, 2.2842764E+002, 2.5613856E+002, 2.2919986E+002, 1.9645464E+002, 1.8226794E+002, 1.6718771E+002, 1.5421294E+002, 1.4566587E+002, 1.3691223E+002, 1.2774411E+002,-1.7308862E+000,-1.8825279E+000,-1.5050707E+000,-1.4482554E+000,-1.5173601E+000,-1.6211788E+000,-1.8939257E+000,-1.5898527E+000,-1.4546333E+000,-1.5518619E+000,-1.5687880E+000,-1.5013354E+000,-2.2628367E+000,-2.2073161E+000, 3.0821349E+000, 5.0976526E+000, 5.4381392E+000, 4.1689951E+000, 4.3885061E+000, 4.2710447E+000, 3.9262808E+000, 3.3884607E+000, 3.0103888E+000, 1.0007741E+004, 1.3338510E+000, 6.7621264E+000, 3.7116088E+000
 2.0200653E+002, 1.1505768E+002, 1.1954957E+002, 1.2396478E+002, 1.2902840E+002, 1.3251055E+002, 1.3796162E+002, 1.3974859E+002, 1.3682328E+002, 1.4079293E+002, 1.6188492E+002, 1.6308050E+002, 1.7751134E+002, 1.9819457E+002, 2.3122355E+002, 2.7417014E+002, 2.4297348E+002, 2.1465474E+002, 1.7853915E+002, 1.7302431E+002, 1.6188238E+002, 1.4888800E+002, 1.3660881E+002, 1.3299072E+002,-1.7461167E+000,-1.6777088E+000,-1.6009711E+000,-1.5498495E+000,-1.5006937E+000,-1.8876514E+000,-1.6542528E+000,-1.6282607E+000,-1.5077153E+000,-1.7678211E+000,-1.7287313E+000,-1.8641511E+000,-2.6163961E+000,-2.0435388E+000, 2.6636503E+000, 5.5506531E+000, 5.4123875E+000, 5.3189028E+000, 4.0466328E+000, 4.1531460E+000, 4.3090421E+000, 3.2395101E+000, 3.7809868E+000, 9.9713082E+003, 1.2623044E+000, 6.8510195E+000, 4.0823366E+000
 2.0300777E+002, 1.1678438E+002, 1.2021226E+002, 1.2240341E+002, 1.2854512E+002, 1.3412892E+002, 1.3572511E+002, 1.3682473E+002, 1.3297908E+002, 1.5400102E+002, 1.5778335E+002, 1.6800042E+002, 1.7932022E+002, 1.8890580E+002, 2.1182074E+002, 2.8987293E+002, 2.5317471E+002, 2.2781459E+002, 2.0359507E+002, 1.7297521E+002, 1.6472603E+002, 1.4253254E+002, 1.4089044E+002, 1.3000751E+002,-1.8360652E+000,-1.6560667E+000,-1.4620014E+000,-1.4663526E+000,-1.5750045E+000,-1.7706440E+000,-1.5922236E+000,-1.6206317E+000,-1.7800178E+000,-1.8751790E+000,-1.7027306E+000,-2.6533047E+000,-1.0631746E+000,-2.4948775E+000, 2.8797514E+000, 5.4775276E+000, 6.0880505E+000, 5.8862211E+000, 4.6512416E+000, 3.9841806E+000, 3.7500442E+000, 4.1732306E+000, 3.2519263E+000, 1.0033477E+004, 1.2144173E+000, 6.7056227E+000, 4.2586590E+000
 2.0400902E+002, 1.1535775E+002, 1.1959510E+002, 1.2115521E+002, 1.2964019E+002, 1.3223556E+002, 1.3474767E+002, 1.3152848E+002, 1.4427512E+002, 1.5217543E+002, 1.5608637E+002, 1.6784764E+002, 1.8362405E+002, 1.9254797E+002, 2.2100319E+002, 2.7695123E+002, 2.4775554E+002, 2.1287987E+002, 1.9342563E+002, 1.9146053E+002, 1.7280876E+002, 1.5238362E+002, 1.3324340E+002, 1.3260325E+002,-1.6927579E+000,-1.7137225E+000,-1.5374260E+000,-1.3061083E+000,-1.7997152E+000,-1.5234308E+000,-1.6131095E+000,-1.8779460E+000,-1.7608905E+000,-1.8323070E+000,-2.6747442E+000,-1.7938087E+000,-8.1077169E-001,-2.6550733E+000, 1.9733549E+000, 5.6756049E+000, 4.5324098E+000, 4.9278194E+000, 5.3859653E+000, 4.6802923E+000, 3.9417703E+000, 3.2774197E+000, 3.5535321E+000, 1.0021365E+004, 1.3251093E+000, 6.6979453E+000, 4.2621464E+000
 2.0501027E+002, 1.1419393E+002, 1.1823613E+002, 1.2220953E+002, 1.2998118E+002, 1.3009082E+002, 1.3140302E+002, 1.3586744E+002, 1.4698151E+002, 1.4966319E+002, 1.6107918E+002, 1.7130690E+002, 1.7634909E+002, 1.9263091E+002, 2.1775394E+002, 2.4152152E+002, 2.3082507E+002, 2.2401561E+002, 1.9453776E+002, 1.6952367E+002, 1.6978092E+002, 1.5583076E+002, 1.4201449E+002, 1.3114233E+002,-1.6490087E+000,-1.6760236E+000,-1.6054000E+000,-1.5403669E+000,-1.5327174E+000,-1.5750583E+000,-1.7648297E+000,-1.8522149E+000,-1.8984735E+000,-2.4443229E+000,-2.0043998E+000,-1.3789649E+000,-2.5677505E+000,-1.7163654E+000, 6.7005641E-001, 5.2347280E+000, 5.2304510E+000, 4.1902275E+000, 3.6315101E+000, 4.3645271E+000, 4.3400092E+000, 3.8417021E+000, 3.2350962E+000, 1.0008087E+004, 1.3699282E+000, 6.9147469E+000, 3.9098127E+000
 2.0601043E+002, 1.1424136E+002, 1.1686998E+002, 1.2276537E+002, 1.2724354E+002, 1.2992245E+002, 1.3039632E+002, 1.4306670E+002, 1.4194397E+002, 1.5528961E+002, 1.5993491E+002, 1.6950496E+002, 1.8358355E+002, 1.9132794E+002, 2.3603958E+002, 2.3444102E+002, 2.1560887E+002, 2.0798420E+002, 1.9493797E+002, 1.8182020E+002, 1.5989318E+002, 1.5922319E+002, 1.4261324E+002, 1.3301875E+002,-1.5458501E+000,-1.5395734E+000,-1.6696999E+000,-1.6347208E+000,-1.3731242E+000,-1.5289721E+000,-1.9802112E+000,-1.8493394E+000,-2.0476239E+000,-1.7339572E+000,-1.8816980E+000,-8.9098870E-001,-1.4151296E+000,-3.2482925E+000, 2.4270494E+000, 4.3617285E+000, 4.7394103E+000, 4.4942543E+000, 3.8223202E+000, 3.2373512E+000, 4.0129338E+000, 3.9608744E+000, 3.8136577E+000, 9.9808444E+003, 1.3212966E+000, 6.9721516E+000, 3.2975775E+000
 2.0700772E+002, 1.1401307E+002, 1.1574519E+002, 1.2343953E+002, 1.2590977E+002, 1.2733496E+002, 1.3803362E+002, 1.3975923E+002, 1.4818916E+002, 1.5326841E+002, 1.5915722E+002, 1.7512874E+002, 1.8918613E+002, 2.0369354E+002, 2.2476753E+002, 2.5986756E+002, 2.1751946E+002, 1.9481486E+002, 1.9041960E+002, 1.7774562E+002, 1.7304854E+002, 1.4687448E+002, 1.4824919E+002, 1.3579111E+002,-1.6134327E+000,-1.5479391E+000,-1.5247783E+000,-1.4721834E+000,-1.5281941E+000,-1.8578477E+000,-1.7657072E+000,-1.9386296E+000,-1.9028279E+000,-1.9418052E+000,-1.5510243E+000,-2.5310774E+000,-2.7330303E+000,-5.6019131E-001, 3.6308181E+000, 5.1040408E+000, 4.7146437E+000, 4.3738810E+000, 3.7707099E+000, 4.0931007E+000, 3.2143698E+000, 3.3896180E+000, 3.4857129E+000, 1.0019293E+004, 1.3983292E+000, 7.1162496E+000, 3.5872296E+000
 2.0802209E+002, 1.1283500E+002, 1.1714130E+002, 1.2337237E+002, 1.2567841E+002, 1.3110345E+002, 1.3673191E+002, 1.4041104E+002, 1.4837558E+002, 1.5330095E+002, 1.6482959E+002, 1.8232197E+002, 1.9198267E+002, 1.8618034E+002, 2.2047595E+002, 2.6346235E+002, 2.0540906E+002, 1.9460036E+002, 1.7257984E+002, 1.7863645E+002, 1.6860383E+002, 1.5353413E+002, 1.4373831E+002, 1.3798891E+002,-1.5427532E+000,-1.7930576E+000,-1.5192141E+000,-1.4025056E+000,-1.4781312E+000,-1.7994891E+000,-1.9726908E+000,-1.7595968E+000,-1.7873034E+000,-1.7638141E+000,-2.1940032E+000,-2.5996484E+000,-1.1478761E+000,-3.6733963E-001, 3.2715703E+000, 4.1265203E+000, 4.4214507E+000, 4.3123386E+000, 4.0749672E+000, 3.7483369E+000, 3.4353451E+000, 3.6819565E+000, 3.4683263E+000, 1.0001212E+004, 1.4314104E+000, 7.1998670E+000, 3.1203796E+000
 2.0901193E+002, 1.1184292E+002, 1.1913770E+002, 1.2135302E+002, 1.2527056E+002, 1.3380248E+002, 1.3621027E+002, 1.4311848E+002, 1.4784529E+002, 1.5598533E+002, 1.7402450E+002, 1.8106402E+002, 1.7752524E+002, 2.0300927E+002, 2.2468939E+002, 2.4955438E+002, 2.1572069E+002, 1.8648945E+002, 1.8451245E+002, 1.6822734E+002, 1.6729706E+002, 1.6062833E+002, 1.3930682E+002, 1.3786577E+002,-1.5114980E+000,-1.7243899E+000,-1.6618719E+000,-1.5195216E+000,-1.8317789E+000,-1.9922267E+000,-1.7747854E+000,-1.6488815E+000,-1.8807368E+000,-2.1726852E+000,-2.3349002E+000,-1.2788569E+000,-1.4637775E+000,-1.0110918E+000, 2.6500832E+000, 3.8037678E+000, 2.5479188E+000, 3.8757540E+000, 3.9383872E+000, 4.0988359E+000, 4.2930634E+000, 2.9831090E+000, 3.6255815E+000, 9.9947057E+003, 1.4281109E+000, 6.9555001E+000, 2.9743510E+000
 2.1000177E+002, 1.1117587E+002, 1.2019607E+002, 1.1980164E+002, 1.2919432E+002, 1.3207606E+002, 1.3882136E+002, 1.4242656E+002, 1.4992495E+002, 1.6603998E+002, 1.6572945E+002, 1.7541496E+002, 1.7235976E+002, 1.9504944E+002, 2.1543257E+002, 2.6819976E+002, 2.1043260E+002, 1.9640151E+002, 1.7513809E+002, 1.7040718E+002, 1.6392326E+002, 1.5808517E+002, 1.5208089E+002, 1.3701611E+002,-1.5044924E+000,-1.8397464E+000,-1.4621773E+000,-1.5141693E+000,-1.6101402E+000,-1.7887871E+000,-1.9140854E+000,-1.7957629E+000,-2.0232931E+000,-2.4203223E+000,-1.9097760E+000,-9.6167545E-001,-1.9523492E+000,-2.1345110E+000, 3.5754174E+000, 4.9413102E+000, 4.5122031E+000, 2.7500513E+000, 3.6167623E+000, 3.6516270E+000, 4.1679710E+000, 4.1155593E+000, 3.5276917E+000, 1.0024907E+004, 1.4520052E+000, 6.9455327E+000, 3.4025376E+000
 2.1100034E+002, 1.1378049E+002, 1.1845254E+002, 1.2021889E+002, 1.2895050E+002, 1.3495345E+002, 1.3848464E+002, 1.4424684E+002, 1.5887191E+002, 1.5733517E+002, 1.6684509E+002, 1.6434060E+002, 1.8691640E+002, 1.9398987E+002, 2.1801046E+002, 2.8674840E+002, 2.2787202E+002, 1.7372526E+002, 1.7780508E+002, 1.7112683E+002, 1.5918378E+002, 1.5041905E+002, 1.4820939E+002, 1.3808188E+002,-1.7949940E+000,-1.6541908E+000,-1.4304362E+000,-1.7554491E+000,-2.0088232E+000,-1.6981884E+000,-1.8274534E+000,-2.1212405E+000,-2.3945413E+000,-1.7758152E+000,-1.4691469E+000,-1.4339902E+000,-2.3383643E+000,-1.1087666E+000, 4.5652621E+000, 5.3590815E+000, 5.1220510E+000, 4.6882534E+000, 3.5203588E+000, 3.5774070E+000, 4.0053262E+000, 3.8782791E+000, 3.5844784E+000, 9.9950769E+003, 1.5584635E+000, 7.0098444E+000, 3.6813343E+000
 2.1202511E+002, 1.1562421E+002, 1.1665170E+002, 1.1989542E+002, 1.3037186E+002, 1.3437432E+002, 1.3923320E+002, 1.5315417E+002, 1.5315697E+002, 1.5496908E+002, 1.5789646E+002, 1.6565830E+002, 1.8317120E+002, 1.7876544E+002, 1.9230228E+002, 2.7365207E+002, 2.3070607E+002, 1.8053090E+002, 1.4427697E+002, 1.6090158E+002, 1.6839461E+002, 1.5221861E+002, 1.4335803E+002, 1.4125508E+002,-1.7963949E+000,-1.7869605E+000,-1.4948540E+000,-1.7293824E+000,-1.5467734E+000,-1.8637268E+000,-2.2342470E+000,-2.4823890E+000,-1.5488210E+000,-1.7058755E+000,-1.3636378E+000,-1.8067582E+000,-1.0707163E+000,-8.9028204E-001, 3.7271502E+000, 4.6375008E+000, 3.8451051E+000, 3.6837539E+000, 3.4137724E+000, 3.3080339E+000, 3.5211993E+000, 3.2097386E+000, 3.7611290E+000, 9.9959941E+003, 1.5780739E+000, 6.9131490E+000, 3.4995190E+000
 2.1301786E+002, 1.1549226E+002, 1.1509043E+002, 1.2132265E+002, 1.3082116E+002, 1.3495119E+002, 1.4759805E+002, 1.4948841E+002, 1.4740599E+002, 1.5315809E+002, 1.5454645E+002, 1.7523898E+002, 1.7412832E+002, 1.6834045E+002, 2.1311432E+002, 2.6803558E+002, 2.1214515E+002, 1.8394555E+002, 1.5049404E+002, 1.4414787E+002, 1.5273884E+002, 1.4918973E+002, 1.3951391E+002, 1.3415881E+002,-1.7631033E+000,-1.6168253E+000,-1.4913387E+000,-1.7872951E+000,-1.7345911E+000,-2.1034660E+000,-2.5095791E+000,-1.7001054E+000,-1.7238569E+000,-1.4266630E+000,-1.5361446E+000,-1.4056579E+000,-1.6297607E+000,-1.6751677E+000, 2.8487508E+000, 4.4892555E+000, 4.4284162E+000, 3.2934799E+000, 2.7037049E+000, 2.7379762E+000, 3.7037847E+000, 3.5482066E+000, 3.0785227E+000, 9.9948763E+003, 1.4046829E+000, 6.7744148E+000, 3.2429589E+000
 2.1401061E+002, 1.1395502E+002, 1.1483176E+002, 1.2231814E+002, 1.3013547E+002, 1.4151196E+002, 1.4621900E+002, 1.4355662E+002, 1.4768109E+002, 1.4898600E+002, 1.6275388E+002, 1.6917367E+002, 1.7127168E+002, 1.8383685E+002, 2.1793885E+002, 2.5189266E+002, 2.2617949E+002, 1.7831390E+002, 1.4416523E+002, 1.4292875E+002, 1.4522483E+002, 1.5022938E+002, 1.4024610E+002, 1.3150488E+002,-1.6266545E+000,-1.5961960E+000,-1.5518472E+000,-1.3878825E+000,-1.9828099E+000,-2.4945701E+000,-1.9210976E+000,-1.7831484E+000,-1.3982388E+000,-1.4847550E+000,-1.5999826E+000,-9.2987521E-001,-2.0628613E+000,-1.1906906E+000, 2.5700827E+000, 4.4230247E+000, 4.0071042E+000, 3.1776836E+000, 2.7932372E+000, 2.6508594E+000, 3.3585367E+000, 3.4531276E+000, 3.1818036E+000, 9.9564392E+003, 1.3953179E+000, 6.6601866E+000, 3.3174741E+000
 2.1501108E+002, 1.1179149E+002, 1.1517230E+002, 1.2404675E+002, 1.3593544E+002, 1.4309002E+002, 1.4069979E+002, 1.4262242E+002, 1.4481564E+002, 1.4971621E+002, 1.6488029E+002, 1.6181436E+002, 1.7417273E+002, 1.8313282E+002, 2.0936355E+002, 2.4068568E+002, 2.3416862E+002, 2.1364779E+002, 1.6623231E+002, 1.3724159E+002, 1.4525649E+002, 1.4086165E+002, 1.4303759E+002, 1.3253718E+002,-1.6430516E+000,-1.5856546E+000,-1.7372524E+000,-1.8800862E+000,-2.4179826E+000,-1.9449794E+000,-1.8241310E+000,-1.7503883E+000,-1.4053402E+000,-1.5269499E+000,-1.3570674E+000,-1.7086909E+000,-2.3693815E+000,-2.1269067E+000, 2.0756836E+000, 5.2235905E+000, 5.0923471E+000, 4.2096871E+000, 3.0774037E+000, 2.9141229E+000, 3.1548862E+000, 3.3232955E+000, 3.3154901E+000, 1.0040230E+004, 1.3699369E+000, 6.7352089E+000, 3.8033523E+000
 2.1601135E+002, 1.1023009E+002, 1.1601447E+002, 1.2441366E+002, 1.3979098E+002, 1.3809653E+002, 1.3825562E+002, 1.4113552E+002, 1.4367094E+002, 1.5722592E+002, 1.5767335E+002, 1.6365410E+002, 1.7472885E+002, 1.9672377E+002, 2.0735751E+002, 2.7278575E+002, 2.2296932E+002, 1.9151810E+002, 2.0224845E+002, 1.7277947E+002, 1.4474929E+002, 1.4149423E+002, 1.3866984E+002, 1.3459610E+002,-1.6357267E+000,-1.5757960E+000,-1.7801434E+000,-2.2703869E+000,-1.9655491E+000,-1.6168768E+000,-1.9874917E+000,-1.4758388E+000,-1.5023054E+000,-1.4510469E+000,-1.5521784E+000,-1.8145623E+000,-2.5646612E+000,-1.8349991E+000, 3.1030933E+000, 5.0805914E+000, 5.0268702E+000, 5.1355653E+000, 4.7225851E+000, 3.7258394E+000, 3.5127651E+000, 3.3647475E+000, 3.4995746E+000, 1.0050740E+004, 1.3642504E+000, 6.8706807E+000, 3.6070709E+000
 2.1701141E+002, 1.0931058E+002, 1.1689905E+002, 1.2371352E+002, 1.3574325E+002, 1.3490420E+002, 1.3808405E+002, 1.3972778E+002, 1.4799342E+002, 1.5401787E+002, 1.5425039E+002, 1.6659680E+002, 1.8273843E+002, 1.7679117E+002, 2.0893430E+002, 2.7838229E+002, 2.2851842E+002, 1.8261891E+002, 1.7826739E+002, 1.7585018E+002, 1.7308497E+002, 1.3981728E+002, 1.3414558E+002, 1.3614109E+002,-1.5576913E+000,-1.5880580E+000,-1.6423773E+000,-2.0410138E+000,-1.5683772E+000,-1.8503138E+000,-1.6480161E+000,-1.5682431E+000,-1.4940520E+000,-1.4243829E+000,-1.5974569E+000,-2.2349687E+000,-9.6031385E-001,-8.5286285E-001, 3.5879493E+000, 4.8302254E+000, 4.4060213E+000, 4.4335111E+000, 4.3962984E+000, 4.5857092E+000, 3.3506865E+000, 3.1217544E+000, 3.2919974E+000, 9.9646480E+003, 1.4135139E+000, 6.9585470E+000, 3.5026636E+000
 2.1802906E+002, 1.1008727E+002, 1.1924082E+002, 1.2990515E+002, 1.3237634E+002, 1.3446656E+002, 1.3604332E+002, 1.4167179E+002, 1.4984399E+002, 1.4938690E+002, 1.5741357E+002, 1.7205114E+002, 1.7394158E+002, 1.8311859E+002, 2.1067375E+002, 2.6162293E+002, 2.2791344E+002, 2.0427742E+002, 1.6326642E+002, 1.7532126E+002, 1.6760861E+002, 1.5857952E+002, 1.3340583E+002, 1.3139189E+002,-1.7069238E+000,-1.7059638E+000,-1.8020644E+000,-1.5803641E+000,-1.6516267E+000,-1.7420099E+000,-1.6134647E+000,-1.5537414E+000,-1.4045528E+000,-1.5676683E+000,-1.8707125E+000,-1.0827963E+000,-1.5472037E+000,-1.6434996E+000, 2.3055286E+000, 4.6726616E+000, 4.9142077E+000, 3.5518889E+000, 4.1709357E+000, 4.4060156E+000, 4.6376275E+000, 3.1768102E+000, 2.9285204E+000, 9.9749914E+003, 1.4328331E+000, 6.7013748E+000, 3.5966997E+000
 2.1901586E+002, 1.1073518E+002, 1.1959052E+002, 1.3077682E+002, 1.3068619E+002, 1.3284970E+002, 1.3799810E+002, 1.4443362E+002, 1.4628742E+002, 1.4932126E+002, 1.6225840E+002, 1.6748267E+002, 1.6903617E+002, 1.6501005E+002, 2.0644137E+002, 2.5679582E+002, 2.3016337E+002, 2.1317624E+002, 1.8878765E+002, 1.5926758E+002, 1.6283891E+002, 1.5135750E+002, 1.3963723E+002, 1.2862255E+002,-1.8149385E+000,-1.6757366E+000,-1.9359573E+000,-1.3903648E+000,-1.8296036E+000,-1.5589761E+000,-1.6916759E+000,-1.5194371E+000,-1.5495474E+000,-1.7702251E+000,-1.5224207E+000,-1.0014448E+000,-1.6688087E+000,-2.1615458E+000, 1.4837518E+000, 5.0161429E+000, 4.9047139E+000, 4.7400516E+000, 3.0966789E+000, 3.8724830E+000, 3.4259301E+000, 4.0558338E+000, 3.0840545E+000, 1.0002999E+004, 1.3897202E+000, 6.7575951E+000, 3.7233824E+000
 2.2003042E+002, 1.1173493E+002, 1.1918841E+002, 1.2836529E+002, 1.3024248E+002, 1.3375005E+002, 1.3977330E+002, 1.4247857E+002, 1.4437512E+002, 1.5347734E+002, 1.6244569E+002, 1.6471230E+002, 1.7160246E+002, 1.7437036E+002, 2.0894652E+002, 2.4073109E+002, 2.1311010E+002, 1.9196206E+002, 1.7438489E+002, 1.7399327E+002, 1.5631808E+002, 1.5048644E+002, 1.4151500E+002, 1.2971579E+002,-1.8467844E+000,-1.6747338E+000,-1.6917621E+000,-1.5423390E+000,-1.5151954E+000,-1.7106483E+000,-1.5534796E+000,-1.5882586E+000,-1.7027848E+000,-1.7924050E+000,-1.1381611E+000,-9.3482977E-001,-1.5855839E+000,-2.5237902E+000, 4.4815127E-001, 4.8617576E+000, 5.0409741E+000, 4.8035941E+000, 4.1266301E+000, 3.4595667E+000, 3.6828529E+000, 3.5098040E+000, 3.1045206E+000, 9.9465178E+003, 1.3651025E+000, 6.9183970E+000, 3.4267477E+000
 2.2101415E+002, 1.1454323E+002, 1.2362006E+002, 1.2559243E+002, 1.2893667E+002, 1.3671723E+002, 1.3823439E+002, 1.4061829E+002, 1.4667444E+002, 1.5481097E+002, 1.5889251E+002, 1.6290952E+002, 1.7365334E+002, 1.8853366E+002, 2.0527186E+002, 2.4692151E+002, 2.2626271E+002, 1.9839899E+002, 1.8350294E+002, 1.6314331E+002, 1.5800000E+002, 1.4708869E+002, 1.4107060E+002, 1.3155334E+002,-1.8347573E+000,-1.7130246E+000,-1.6416394E+000,-1.6075294E+000,-1.4427166E+000,-1.7437257E+000,-1.5364815E+000,-1.8257682E+000,-1.7666175E+000,-1.3750252E+000,-1.5578743E+000,-1.2805324E+000,-2.1787410E+000,-1.5914532E+000, 1.0681398E+000, 4.6670467E+000, 4.6312052E+000, 4.5026944E+000, 4.5863013E+000, 3.5328719E+000, 3.6824473E+000, 3.9109381E+000, 3.6278623E+000, 1.0009062E+004, 1.3869484E+000, 6.8836095E+000, 3.5372443E+000
 2.2202597E+002, 1.1504387E+002, 1.2322439E+002, 1.2384929E+002, 1.3203077E+002, 1.3527913E+002, 1.3624326E+002, 1.4301051E+002, 1.4828487E+002, 1.5317860E+002, 1.5843276E+002, 1.6669635E+002, 1.8177828E+002, 1.7533932E+002, 2.1471391E+002, 2.6838764E+002, 2.3262521E+002, 2.0331475E+002, 1.8838781E+002, 1.7724547E+002, 1.6274154E+002, 1.4951850E+002, 1.3798248E+002, 1.3235148E+002,-1.7861330E+000,-1.8102791E+000,-1.4405329E+000,-1.3739423E+000,-1.6641774E+000,-1.7024830E+000,-1.8522913E+000,-1.9242936E+000,-1.5325789E+000,-1.1690628E+000,-1.5392261E+000,-2.2925063E+000,-7.5399571E-001,-1.1947692E+000, 1.8905932E+000, 4.7447000E+000, 4.8892902E+000, 4.5210387E+000, 4.4316966E+000, 4.3053655E+000, 3.7504099E+000, 3.4209543E+000, 3.3892427E+000, 1.0043068E+004, 1.4033119E+000, 7.0539433E+000, 3.6344074E+000
 2.2302703E+002, 1.1518412E+002, 1.2180264E+002, 1.2371512E+002, 1.3282500E+002, 1.3287889E+002, 1.3866514E+002, 1.4358343E+002, 1.4638653E+002, 1.5239219E+002, 1.5876443E+002, 1.7596520E+002, 1.6652716E+002, 1.8812726E+002, 2.1274660E+002, 2.6147837E+002, 2.2127206E+002, 2.0948757E+002, 2.0084638E+002, 1.8516907E+002, 1.7073984E+002, 1.4670929E+002, 1.3934690E+002, 1.3066288E+002,-1.8366965E+000,-1.6671547E+000,-1.4921107E+000,-1.4186363E+000,-1.6071779E+000,-1.8367097E+000,-1.9985661E+000,-1.6677765E+000,-1.3774942E+000,-1.6079141E+000,-2.1463764E+000,-1.1823889E+000,-1.7277498E+000,-2.4569443E-001, 3.6037502E+000, 4.8256506E+000, 5.2483529E+000, 5.1442970E+000, 4.3310262E+000, 4.3882143E+000, 3.6646106E+000, 3.7897779E+000, 3.3007640E+000, 9.9888089E+003, 1.3891850E+000, 6.9122703E+000, 3.6007662E+000
 2.2402809E+002, 1.1783130E+002, 1.1962437E+002, 1.2369130E+002, 1.3082041E+002, 1.3318518E+002, 1.3947556E+002, 1.4146219E+002, 1.4698141E+002, 1.5224405E+002, 1.6610955E+002, 1.6718038E+002, 1.7329470E+002, 1.7279774E+002, 2.1850130E+002, 2.5568288E+002, 2.2158318E+002, 2.0084400E+002, 1.8528256E+002, 1.8257287E+002, 1.7594709E+002, 1.5624565E+002, 1.3933736E+002, 1.3078273E+002,-1.7647083E+000,-1.7196966E+000,-1.6525673E+000,-1.4963581E+000,-1.6315937E+000,-2.1005336E+000,-1.8335767E+000,-1.5012836E+000,-1.2743803E+000,-1.7084941E+000,-1.5817201E+000,-1.2253025E+000,-1.2498086E+000,-1.6318072E+000, 2.6360557E+000, 4.9431295E+000, 4.5700616E+000, 4.6207916E+000, 4.7685475E+000, 4.1302500E+000, 4.3793887E+000, 3.5896054E+000, 3.6733293E+000, 9.9971642E+003, 1.3981737E+000, 6.7609237E+000, 3.4595553E+000
 2.2502005E+002, 1.1745717E+002, 1.1801847E+002, 1.2540711E+002, 1.2936734E+002, 1.3614576E+002, 1.3796365E+002, 1.4125752E+002, 1.4658883E+002, 1.5725324E+002, 1.6371780E+002, 1.6195669E+002, 1.7406850E+002, 1.9218094E+002, 2.1322457E+002, 2.4884628E+002, 2.3195875E+002, 2.0469590E+002, 1.8918291E+002, 1.7546752E+002, 1.7030718E+002, 1.5890559E+002, 1.4595972E+002, 1.3362683E+002,-1.6254059E+000,-1.5754591E+000,-1.6058477E+000,-1.5922545E+000,-1.9103891E+000,-1.9446696E+000,-1.6957507E+000,-1.4437313E+000,-1.7002027E+000,-1.9494226E+000,-1.1597210E+000,-1.5517046E+000,-1.7956039E+000,-2.1817838E+000, 2.2373499E+000, 4.4184928E+000, 5.1962401E+000, 4.5799827E+000, 3.8218116E+000, 4.6742001E+000, 3.7858130E+000, 4.2701139E+000, 3.8013726E+000, 9.9829887E+003, 1.3990661E+000, 6.7801402E+000, 3.5223622E+000
 2.2602111E+002, 1.1619586E+002, 1.1798701E+002, 1.2577881E+002, 1.3174251E+002, 1.3439718E+002, 1.3676070E+002, 1.4280166E+002, 1.4876357E+002, 1.5836010E+002, 1.5765105E+002, 1.6839592E+002, 1.7447620E+002, 1.8719006E+002, 2.2497422E+002, 2.4584366E+002, 2.2368098E+002, 2.0860846E+002, 1.9023102E+002, 1.7892442E+002, 1.7290645E+002, 1.5738202E+002, 1.4697022E+002, 1.3530789E+002,-1.6002275E+000,-1.5977904E+000,-1.4561356E+000,-1.7423410E+000,-1.8555040E+000,-1.7448392E+000,-1.6055257E+000,-1.4816005E+000,-1.9815350E+000,-1.3169950E+000,-1.3796799E+000,-1.6268857E+000,-2.7242719E+000,-2.9601530E+000, 1.3274415E+000, 4.6328704E+000, 5.1613154E+000, 4.7528438E+000, 4.7997845E+000, 3.8254171E+000, 4.4439836E+000, 4.1823199E+000, 4.0244593E+000, 1.0017898E+004, 1.4302122E+000, 6.6652536E+000, 3.5074231E+000
 2.2702217E+002, 1.1440067E+002, 1.1939610E+002, 1.2440221E+002, 1.3172254E+002, 1.3308674E+002, 1.3795760E+002, 1.4256951E+002, 1.5374952E+002, 1.5224032E+002, 1.5812448E+002, 1.6512026E+002, 1.7873982E+002, 1.8225798E+002, 2.2617892E+002, 2.4734164E+002, 2.1882711E+002, 1.9850811E+002, 1.8287591E+002, 1.7900272E+002, 1.6635658E+002, 1.5628737E+002, 1.4732256E+002, 1.3650302E+002,-1.5054947E+000,-1.6153461E+000,-1.7115879E+000,-1.8484697E+000,-1.8211838E+000,-1.7490554E+000,-1.5101403E+000,-1.9944389E+000,-1.5921696E+000,-1.3838811E+000,-1.6000861E+000,-2.0034581E+000,-2.2813310E+000,-1.3378481E+000, 1.8801110E+000, 4.3532085E+000, 4.8650772E+000, 5.3237930E+000, 4.4054997E+000, 4.7326016E+000, 3.8241397E+000, 4.3187931E+000, 3.8987682E+000, 9.9947848E+003, 1.4956013E+000, 6.8186737E+000, 3.2905199E+000
 2.2802433E+002, 1.1283785E+002, 1.1986926E+002, 1.2422054E+002, 1.2986804E+002, 1.3328031E+002, 1.3889821E+002, 1.4841855E+002, 1.4774720E+002, 1.5062916E+002, 1.6054384E+002, 1.6943154E+002, 1.7328535E+002, 1.7344020E+002, 2.1484915E+002, 2.8908038E+002, 2.3623977E+002, 2.0470626E+002, 1.8830204E+002, 1.6940530E+002, 1.6695867E+002, 1.5375603E+002, 1.4543819E+002, 1.3729740E+002,-1.5810361E+000,-1.6426649E+000,-1.6430519E+000,-1.6324034E+000,-1.6707731E+000,-1.6042868E+000,-1.8852381E+000,-1.6668936E+000,-1.3502002E+000,-1.2747563E+000,-1.7247084E+000,-1.4446961E+000,-1.7483032E+000, 2.1694263E-001, 4.5259776E+000, 4.8709023E+000, 5.2976757E+000, 4.5749693E+000, 4.6968210E+000, 4.7344223E+000, 4.5619651E+000, 4.1730674E+000, 3.9682531E+000, 9.9657699E+003, 1.4333805E+000, 6.6217447E+000, 3.6205736E+000
 2.2900448E+002, 1.1246111E+002, 1.1916768E+002, 1.2557686E+002, 1.2950239E+002, 1.3472211E+002, 1.4228633E+002, 1.4516436E+002, 1.4457772E+002, 1.5244029E+002, 1.5921773E+002, 1.6158792E+002, 1.7126172E+002, 1.6825268E+002, 1.6395843E+002, 3.0295427E+002, 2.5474239E+002, 2.1756985E+002, 1.9247548E+002, 1.7928620E+002, 1.6242403E+002, 1.5199797E+002, 1.4555728E+002, 1.3801737E+002,-1.5593582E+000,-1.5121948E+000,-1.8165311E+000,-1.6943612E+000,-1.6486968E+000,-1.7434129E+000,-1.8556992E+000,-1.4187884E+000,-1.4779771E+000,-1.4283445E+000,-1.2661168E+000,-1.6532369E+000,-7.4882041E-001, 6.0505327E-001, 3.7162125E+000, 5.4548842E+000, 5.4455267E+000, 5.2493610E+000, 4.6698129E+000, 3.9428461E+000, 4.0273248E+000, 4.3746616E+000, 4.2171036E+000, 9.9985768E+003, 1.3909702E+000, 6.5024320E+000, 4.2440448E+000
 2.3001730E+002, 1.1354439E+002, 1.1854934E+002, 1.2490659E+002, 1.3029406E+002, 1.3642186E+002, 1.4207075E+002, 1.4114368E+002, 1.4542343E+002, 1.5327490E+002, 1.5617019E+002, 1.6318061E+002, 1.6196050E+002, 1.6136838E+002, 1.7389809E+002, 2.8515957E+002, 2.4563040E+002, 1.7649185E+002, 1.8013820E+002, 1.7663849E+002, 1.7257095E+002, 1.4848644E+002, 1.4543155E+002, 1.3868549E+002,-1.5937182E+000,-1.5972267E+000,-1.7133116E+000,-1.6653978E+000,-1.5747670E+000,-1.9789069E+000,-1.4433687E+000,-1.5709155E+000,-1.4656584E+000,-1.4502580E+000,-1.4722164E+000,-1.4171579E+000,-6.3446018E-001,-7.8516859E-001, 2.8802414E+000, 5.2261740E+000, 4.5056983E+000, 4.4751626E+000, 4.6156733E+000, 4.7857381E+000, 3.6141513E+000, 3.9430687E+000, 4.1275749E+000, 1.0048057E+004, 1.3953315E+000, 6.2175847E+000, 4.0942802E+000
 2.3101201E+002, 1.1463534E+002, 1.1853974E+002, 1.2325494E+002, 1.3162855E+002, 1.3908747E+002, 1.3829442E+002, 1.3963884E+002, 1.4760976E+002, 1.5135752E+002, 1.5430549E+002, 1.5717980E+002, 1.5871647E+002, 1.7349700E+002, 2.0595270E+002, 2.8193177E+002, 2.3643093E+002, 2.0054289E+002, 1.5296209E+002, 1.6036058E+002, 1.6264682E+002, 1.5898836E+002, 1.4112883E+002, 1.3835211E+002,-1.6478868E+000,-1.7731541E+000,-1.7063482E+000,-1.6033722E+000,-1.9531735E+000,-1.4797073E+000,-1.2713027E+000,-1.4538833E+000,-1.5668836E+000,-1.3180363E+000,-1.4046990E+000,-8.8755510E-001,-1.8923778E+000,-2.0408258E+000, 2.0371573E+000, 4.6599348E+000, 4.5761312E+000, 3.2469620E+000, 3.1117415E+000, 3.7036795E+000, 4.2621495E+000, 3.5594683E+000, 3.8670866E+000, 9.9952990E+003, 1.4254312E+000, 6.3660061E+000, 3.7282836E+000
 2.3200781E+002, 1.1378960E+002, 1.1857606E+002, 1.2337842E+002, 1.3494949E+002, 1.3536955E+002, 1.3614658E+002, 1.4228643E+002, 1.4744018E+002, 1.4842755E+002, 1.5252238E+002, 1.5180880E+002, 1.6248496E+002, 1.7985752E+002, 1.9106237E+002, 2.4805022E+002, 2.2483066E+002, 2.0178437E+002, 1.8570644E+002, 1.5298372E+002, 1.4960697E+002, 1.5459497E+002, 1.4587987E+002, 1.3676127E+002,-1.5826489E+000,-1.6345558E+000,-1.8260240E+000,-1.6711097E+000,-1.6503873E+000,-1.2582709E+000,-1.5089537E+000,-1.3712899E+000,-1.5101230E+000,-1.6854502E+000,-1.0752884E+000,-1.0260136E+000,-1.9465643E+000,-1.4523800E+000, 2.1611766E+000, 4.2810195E+000, 4.8890201E+000, 4.7201655E+000, 2.9166118E+000, 2.5790534E+000, 3.9166522E+000, 3.9145348E+000, 3.4756214E+000, 9.9886581E+003, 1.4293877E+000, 6.4879907E+000, 3.5115527E+000
 2.3302250E+002, 1.1282889E+002, 1.1818003E+002, 1.2420892E+002, 1.3273234E+002, 1.3313613E+002, 1.3579608E+002, 1.4225476E+002, 1.4508675E+002, 1.4842923E+002, 1.4636196E+002, 1.4967651E+002, 1.7881368E+002, 1.6353134E+002, 2.1320753E+002, 2.4134203E+002, 2.1769910E+002, 1.8725332E+002, 1.6905146E+002, 1.6915570E+002, 1.4860548E+002, 1.4393479E+002, 1.4855604E+002, 1.3549934E+002,-1.5010273E+000,-1.6133955E+000,-1.8448157E+000,-1.9199254E+000,-1.2479650E+000,-1.2278514E+000,-1.4214440E+000,-1.4799056E+000,-1.5798217E+000,-1.3412777E+000,-9.3852481E-001,-1.9399490E+000,-1.8175851E+000,-1.1196303E+000, 2.3857832E+000, 4.5942388E+000, 4.0399371E+000, 4.3175008E+000, 4.3719135E+000, 2.8471781E+000, 2.6746052E+000, 3.7771297E+000, 3.5085309E+000, 1.0005282E+004, 1.4061091E+000, 6.5656399E+000, 3.3233138E+000
 2.3401741E+002, 1.1309359E+002, 1.1765192E+002, 1.2700318E+002, 1.3002585E+002, 1.3177396E+002, 1.3871718E+002, 1.4179809E+002, 1.4445539E+002, 1.4329350E+002, 1.4510314E+002, 1.5692112E+002, 1.6840625E+002, 1.6594504E+002, 2.1091455E+002, 2.7218857E+002, 2.1926704E+002, 1.7541239E+002, 1.7215788E+002, 1.5880114E+002, 1.5869259E+002, 1.4223605E+002, 1.3935338E+002, 1.4049353E+002,-1.6521998E+000,-1.6325913E+000,-1.7975517E+000,-1.5293798E+000,-1.3101587E+000,-1.5129116E+000,-1.3528826E+000,-1.5234081E+000,-1.8202428E+000,-1.0030673E+000,-8.5420972E-001,-1.6112729E+000,-1.1822175E+000,-6.9033174E-001, 2.4355634E+000, 5.0949819E+000, 4.6916015E+000, 3.9810453E+000, 3.6541535E+000, 4.4828986E+000, 2.6632316E+000, 3.0475125E+000, 3.6804116E+000, 9.9667740E+003, 1.4022574E+000, 6.6225705E+000, 3.5337494E+000
 2.3501231E+002, 1.1276685E+002, 1.1838792E+002, 1.2882932E+002, 1.2912399E+002, 1.3340303E+002, 1.3745540E+002, 1.4029640E+002, 1.4275877E+002, 1.4072744E+002, 1.4594306E+002, 1.6888137E+002, 1.6350472E+002, 1.8125047E+002, 2.1911956E+002, 2.6323652E+002, 2.3692410E+002, 2.0760551E+002, 1.6269398E+002, 1.6168215E+002, 1.5786049E+002, 1.4449084E+002, 1.3364621E+002, 1.3545412E+002,-1.7203618E+000,-1.7656380E+000,-1.9497202E+000,-1.1806044E+000,-1.4224254E+000,-1.4778544E+000,-1.6407592E+000,-1.7789330E+000,-1.3245362E+000,-8.5891367E-001,-1.9539471E+000,-1.4848458E+000,-1.5736402E+000,-2.5410494E+000, 2.1329990E+000, 5.3766750E+000, 5.6221160E+000, 3.6436707E+000, 3.4886529E+000, 3.0507157E+000, 3.6938192E+000, 2.8295340E+000, 3.2690841E+000, 1.0022310E+004, 1.3886150E+000, 6.5802802E+000, 3.8608091E+000
 2.3600721E+002, 1.1212722E+002, 1.1975514E+002, 1.2511139E+002, 1.2882309E+002, 1.3483814E+002, 1.3706937E+002, 1.4020371E+002, 1.3947722E+002, 1.4084992E+002, 1.5431642E+002, 1.6450713E+002, 1.7066723E+002, 2.0877259E+002, 2.3541675E+002, 2.4086761E+002, 2.5070195E+002, 2.0924460E+002, 1.7574934E+002, 1.5425434E+002, 1.5489426E+002, 1.4841947E+002, 1.3721284E+002, 1.2837895E+002,-1.5536076E+000,-1.8514331E+000,-1.8414320E+000,-1.2285144E+000,-1.5326795E+000,-1.4158711E+000,-1.7578059E+000,-1.6019064E+000,-1.0865434E+000,-1.1439114E+000,-1.4222690E+000,-1.2789916E+000,-3.1929448E+000,-2.7801096E+000, 1.5385877E+000, 5.0246814E+000, 5.3511988E+000, 4.5628115E+000, 2.3964686E+000, 3.5019305E+000, 3.6571960E+000, 3.2315743E+000, 3.0597407E+000, 9.9975943E+003, 1.3466703E+000, 6.6143551E+000, 4.1486432E+000
 2.3700212E+002, 1.1203052E+002, 1.2288031E+002, 1.2281564E+002, 1.3138578E+002, 1.3374075E+002, 1.3653140E+002, 1.3906586E+002, 1.3819634E+002, 1.4323495E+002, 1.6240553E+002, 1.6640082E+002, 1.9265850E+002, 2.1643711E+002, 2.3326134E+002, 2.5978425E+002, 2.3142701E+002, 2.2242370E+002, 1.8265646E+002, 1.5997363E+002, 1.5125062E+002, 1.5220077E+002, 1.4218461E+002, 1.2882614E+002,-1.6988368E+000,-1.7036893E+000,-1.6959056E+000,-1.5603691E+000,-1.4435799E+000,-1.7954593E+000,-1.8476385E+000,-1.3006613E+000,-9.6162673E-001,-1.9632909E+000,-1.7222426E+000,-2.9234296E+000,-2.2649665E+000,-1.4827314E+000, 1.9334644E+000, 4.1817406E+000, 4.9802583E+000, 4.5503222E+000, 3.8332785E+000, 2.0451925E+000, 3.2166091E+000, 3.8441597E+000, 3.3057543E+000, 1.0014650E+004, 1.3264698E+000, 7.0211429E+000, 3.6861865E+000
 2.3802811E+002, 1.1356988E+002, 1.2223653E+002, 1.2286605E+002, 1.3070344E+002, 1.3333046E+002, 1.3640684E+002, 1.3690890E+002, 1.3790747E+002, 1.5509279E+002, 1.6170618E+002, 1.7947434E+002, 1.9367819E+002, 2.0363129E+002, 2.2877379E+002, 2.5747928E+002, 2.3686530E+002, 2.0604817E+002, 1.9438766E+002, 1.6476743E+002, 1.5445373E+002, 1.4926472E+002, 1.4344441E+002, 1.3467739E+002,-1.9440884E+000,-1.9104126E+000,-1.4936555E+000,-1.5384136E+000,-1.4159534E+000,-1.8542609E+000,-1.5916369E+000,-1.2301066E+000,-1.5411975E+000,-1.6592190E+000,-2.7267253E+000,-1.9104022E+000,-9.2629986E-001,-3.1958604E+000, 1.1482884E+000, 5.0115004E+000, 4.8956406E+000, 4.1872902E+000, 3.6796390E+000, 3.3373969E+000, 3.4900193E+000, 3.5085131E+000, 3.5445039E+000, 9.9919052E+003, 1.3258784E+000, 6.7752899E+000, 3.8156542E+000
 2.3902272E+002, 1.1627200E+002, 1.1909535E+002, 1.2330728E+002, 1.3014336E+002, 1.3302629E+002, 1.3551647E+002, 1.3569885E+002, 1.4304164E+002, 1.5674819E+002, 1.7013815E+002, 1.7563368E+002, 1.8747848E+002, 1.9946086E+002, 2.2358584E+002, 2.4388045E+002, 2.3160875E+002, 1.9374382E+002, 1.7981327E+002, 1.7331521E+002, 1.5837133E+002, 1.4228911E+002, 1.4293021E+002, 1.3548238E+002,-2.0128896E+000,-1.7413213E+000,-1.3321341E+000,-1.4577499E+000,-1.7065467E+000,-1.7463291E+000,-1.4204129E+000,-1.2863415E+000,-1.7776337E+000,-2.6362116E+000,-1.5423890E+000,-1.4796844E+000,-2.5369889E+000,-3.2768017E+000, 2.4784197E+000, 3.8867133E+000, 4.6142976E+000, 4.3316277E+000, 3.6871448E+000, 3.2481365E+000, 2.2781102E+000, 3.8481137E+000, 3.4937956E+000, 1.0016041E+004, 1.3800024E+000, 6.6557090E+000, 3.3929195E+000
 2.4000238E+002, 1.1799039E+002, 1.1748957E+002, 1.2547012E+002, 1.2992425E+002, 1.3309101E+002, 1.3399805E+002, 1.3732048E+002, 1.5227378E+002, 1.6244987E+002, 1.6372247E+002, 1.7097688E+002, 1.9294011E+002, 1.9517416E+002, 1.9670226E+002, 2.5034203E+002, 2.2942884E+002, 1.8572187E+002, 1.6647358E+002, 1.5873576E+002, 1.5848455E+002, 1.4278827E+002, 1.3453886E+002, 1.3737659E+002,-1.8490256E+000,-1.7915935E+000,-1.5711059E+000,-1.3301665E+000,-1.5785914E+000,-1.5242293E+000,-1.4122659E+000,-1.8785684E+000,-2.3617373E+000,-1.4828531E+000,-1.6109761E+000,-1.6938691E+000,-1.9684374E+000,-2.0188893E+000, 9.7704198E-001, 5.1104803E+000, 3.5378471E+000, 3.7125044E+000, 3.4792915E+000, 3.2938043E+000, 3.3773887E+000, 2.8677313E+000, 3.6474867E+000, 9.9843298E+003, 1.4782976E+000, 6.7334086E+000, 3.6478081E+000
 2.4101265E+002, 1.1699715E+002, 1.1758769E+002, 1.2559469E+002, 1.2972950E+002, 1.3205877E+002, 1.3516785E+002, 1.4386079E+002, 1.5576585E+002, 1.5662762E+002, 1.6367103E+002, 1.7940016E+002, 1.8688987E+002, 1.8406408E+002, 1.8261004E+002, 2.6245359E+002, 2.3926540E+002, 2.1023077E+002, 1.6721912E+002, 1.5746479E+002, 1.5271269E+002, 1.5255525E+002, 1.3547675E+002, 1.3370751E+002,-1.7062339E+000,-1.6188783E+000,-1.8051753E+000,-1.4431066E+000,-1.6563132E+000,-1.4802881E+000,-1.6802684E+000,-2.1437461E+000,-1.5635234E+000,-1.3135288E+000,-1.5199640E+000,-1.9756013E+000,-9.5038215E-001,-1.4477810E+000, 3.7743818E-001, 4.7202658E+000, 5.6056381E+000, 3.1632912E+000, 3.2257532E+000, 3.4492479E+000, 3.4297587E+000, 2.8577200E+000, 3.5129905E+000, 1.0014378E+004, 1.5362515E+000, 6.7145944E+000, 3.8706093E+000
 2.4202293E+002, 1.1446886E+002, 1.1770464E+002, 1.2476025E+002, 1.3001026E+002, 1.3217815E+002, 1.3869239E+002, 1.5059647E+002, 1.5199056E+002, 1.5371014E+002, 1.6490214E+002, 1.8550999E+002, 1.7317485E+002, 1.7714278E+002, 1.9603716E+002, 2.5176839E+002, 2.3971494E+002, 2.1066284E+002, 1.7792087E+002, 1.6787864E+002, 1.5695070E+002, 1.4823087E+002, 1.4222808E+002, 1.3049067E+002,-1.7458908E+000,-1.5878491E+000,-1.6538018E+000,-1.5534932E+000,-1.4720868E+000,-1.6806297E+000,-2.1897785E+000,-2.0532810E+000,-1.1692099E+000,-1.3432383E+000,-2.0450080E+000,-1.0301738E+000,-1.5873105E+000,-2.5457884E+000, 6.5166501E-001, 4.3225115E+000, 5.2500898E+000, 4.9021174E+000, 3.6351508E+000, 3.2553707E+000, 3.3192328E+000, 3.6920046E+000, 3.0449861E+000, 1.0000295E+004, 1.4973047E+000, 6.5972254E+000, 3.7032887E+000
 2.4300259E+002, 1.1303902E+002, 1.2050522E+002, 1.2408297E+002, 1.2995658E+002, 1.3626840E+002, 1.4495936E+002, 1.4940809E+002, 1.4795176E+002, 1.5351795E+002, 1.7764399E+002, 1.7097669E+002, 1.7528280E+002, 1.8589743E+002, 2.0956374E+002, 2.5447135E+002, 2.3523168E+002, 2.1547569E+002, 1.9630588E+002, 1.5984848E+002, 1.6243993E+002, 1.4484321E+002, 1.4177848E+002, 1.3448151E+002,-1.4452968E+000,-1.7560082E+000,-1.6491527E+000,-1.5592890E+000,-1.6402137E+000,-2.1160069E+000,-2.1786679E+000,-1.3419240E+000,-1.2420182E+000,-1.9055502E+000,-1.4643972E+000,-1.2158452E+000,-1.6789298E+000,-2.1793212E+000, 8.8429545E-001, 4.8982778E+000, 5.3363300E+000, 5.1035573E+000, 4.1756670E+000, 3.9687577E+000, 3.3994105E+000, 3.2218457E+000, 3.6903345E+000, 9.9610126E+003, 1.4434731E+000, 6.7927794E+000, 3.7244700E+000
 2.4401287E+002, 1.1317377E+002, 1.2128647E+002, 1.2461434E+002, 1.3352698E+002, 1.3970877E+002, 1.4566134E+002, 1.4455018E+002, 1.4796299E+002, 1.6571220E+002, 1.7022972E+002, 1.6571366E+002, 1.7631179E+002, 1.9316847E+002, 2.2541056E+002, 2.4997539E+002, 2.3029993E+002, 2.1304812E+002, 1.9303376E+002, 1.7500775E+002, 1.5544730E+002, 1.5259648E+002, 1.4057493E+002, 1.3478285E+002,-1.3933499E+000,-1.8626842E+000,-1.4413919E+000,-1.6275020E+000,-1.9907629E+000,-2.2169100E+000,-1.7335108E+000,-1.2199549E+000,-1.4664266E+000,-1.6652230E+000,-1.1272648E+000,-1.7861162E+000,-1.6358405E+000,-2.7352245E+000, 9.0789740E-001, 4.5532629E+000, 5.5681058E+000, 5.1478756E+000, 4.4094917E+000, 3.7294096E+000, 3.5104479E+000, 3.7112658E+000, 3.3483844E+000, 9.9931775E+003, 1.4601911E+000, 6.7731031E+000, 3.6439913E+000
 2.4502314E+002, 1.1356870E+002, 1.2015247E+002, 1.2553289E+002, 1.3570480E+002, 1.4104677E+002, 1.4265262E+002, 1.4255768E+002, 1.5365387E+002, 1.6434137E+002, 1.6035864E+002, 1.6850641E+002, 1.8605169E+002, 2.0406781E+002, 2.2749502E+002, 2.7246330E+002, 2.2679387E+002, 1.8203965E+002, 1.7750507E+002, 1.6351403E+002, 1.6002706E+002, 1.4871499E+002, 1.3640361E+002, 1.3509774E+002,-1.4838333E+000,-1.7130645E+000,-1.4349616E+000,-1.9041190E+000,-2.2268765E+000,-1.9326021E+000,-1.5044613E+000,-1.4652988E+000,-1.9550143E+000,-1.4164862E+000,-1.4820582E+000,-1.3230824E+000,-2.2237069E+000,-2.6368319E+000, 1.7426209E+000, 4.5511790E+000, 4.4103406E+000, 4.1286939E+000, 4.1151484E+000, 3.7957213E+000, 3.8579040E+000, 3.0082143E+000, 3.1999623E+000, 1.0017887E+004, 1.5312099E+000, 6.6161379E+000, 3.4401786E+000
 2.4600280E+002, 1.1588877E+002, 1.1924858E+002, 1.2816486E+002, 1.3751562E+002, 1.4019944E+002, 1.3905185E+002, 1.4604875E+002, 1.6054149E+002, 1.5855731E+002, 1.5800520E+002, 1.6768469E+002, 1.9651460E+002, 2.1308239E+002, 2.2095009E+002, 2.7448571E+002, 2.2845054E+002, 1.9070229E+002, 1.5715941E+002, 1.5698196E+002, 1.5350646E+002, 1.4356142E+002, 1.4464828E+002, 1.3151201E+002,-1.6577162E+000,-1.8559134E+000,-1.7330454E+000,-2.1501886E+000,-1.9621214E+000,-1.6176435E+000,-1.5504932E+000,-2.0286474E+000,-1.2246243E+000,-1.2130681E+000,-1.7081013E+000,-2.6891778E+000,-2.8254215E+000,-1.5465651E+000, 2.1975226E+000, 4.8746134E+000, 4.7705592E+000, 2.7974210E+000, 3.4740245E+000, 3.9904701E+000, 2.6936461E+000, 4.1976001E+000, 3.2811226E+000, 9.9871668E+003, 1.6253370E+000, 6.7170040E+000, 3.7252747E+000
 2.4701308E+002, 1.1670626E+002, 1.1976963E+002, 1.2942543E+002, 1.3652139E+002, 1.3738551E+002, 1.3962461E+002, 1.5625370E+002, 1.5354694E+002, 1.5332862E+002, 1.5916806E+002, 1.8377805E+002, 1.9507449E+002, 1.9659741E+002, 2.0741144E+002, 2.9588915E+002, 2.5808135E+002, 2.1813525E+002, 1.8828195E+002, 1.4874377E+002, 1.5076736E+002, 1.4479451E+002, 1.3832959E+002, 1.3530449E+002,-1.7476596E+000,-1.7126547E+000,-1.5243409E+000,-2.0136523E+000,-1.7552492E+000,-1.6158615E+000,-2.1490802E+000,-1.5882555E+000,-1.3458751E+000,-1.4423592E+000,-2.4174818E+000,-2.0865484E+000,-2.1460920E+000,-2.3666185E+000, 2.4848597E+000, 5.3249728E+000, 5.4148077E+000, 4.7228617E+000, 2.1722664E+000, 3.5590096E+000, 3.6642218E+000, 3.4019056E+000, 3.7606675E+000, 1.0041026E+004, 1.5265985E+000, 6.5467396E+000, 4.4067762E+000
 2.4802335E+002, 1.1610833E+002, 1.2016860E+002, 1.2955619E+002, 1.3540338E+002, 1.3527610E+002, 1.5055242E+002, 1.5112824E+002, 1.5009892E+002, 1.5064793E+002, 1.7154604E+002, 1.7185659E+002, 1.8546716E+002, 1.9872535E+002, 2.3655400E+002, 2.9400282E+002, 2.5869403E+002, 2.1965198E+002, 2.0344616E+002, 1.7899880E+002, 1.5402751E+002, 1.4563232E+002, 1.4063345E+002, 1.3728989E+002,-1.5742926E+000,-1.7335570E+000,-1.6991800E+000,-1.8369929E+000,-1.5131889E+000,-2.0094145E+000,-1.8110995E+000,-1.2015115E+000,-1.3656707E+000,-2.0381602E+000,-1.6745100E+000,-2.1008284E+000,-1.9612035E+000,-2.8278318E+000, 3.3962969E+000, 5.2758359E+000, 5.1810747E+000, 5.3942806E+000, 4.7194264E+000, 3.3935676E+000, 3.9441525E+000, 3.7269797E+000, 3.3888370E+000, 9.9890302E+003, 1.4611099E+000, 6.6679585E+000, 4.4498714E+000
 2.4900301E+002, 1.1487011E+002, 1.2363190E+002, 1.3014235E+002, 1.3356072E+002, 1.4314700E+002, 1.4904763E+002, 1.4524774E+002, 1.4776979E+002, 1.5931018E+002, 1.6559651E+002, 1.7423369E+002, 1.9642081E+002, 1.9813341E+002, 2.3745107E+002, 2.6074152E+002, 2.1779566E+002, 2.1125374E+002, 1.9012161E+002, 1.8458625E+002, 1.7487130E+002, 1.4698812E+002, 1.3921410E+002, 1.3693376E+002,-1.7175908E+000,-1.8089973E+000,-1.9342052E+000,-1.6387505E+000,-1.8677831E+000,-2.0820103E+000,-1.5391177E+000,-1.2217608E+000,-1.7459349E+000,-1.9084020E+000,-1.7491018E+000,-2.0860610E+000,-2.1190104E+000,-1.3275946E+000, 2.5638687E+000, 5.2516534E+000, 5.0561176E+000, 4.0885310E+000, 4.5590723E+000, 4.8316048E+000, 3.6141047E+000, 4.2616628E+000, 3.9237097E+000, 9.9979392E+003, 1.4247827E+000, 6.7876246E+000, 3.6447361E+000
 2.5000410E+002, 1.1472195E+002, 1.2352294E+002, 1.2989644E+002, 1.3528047E+002, 1.4628092E+002, 1.4365302E+002, 1.4253583E+002, 1.4861011E+002, 1.5981960E+002, 1.6084920E+002, 1.8653858E+002, 1.9434724E+002, 1.9715674E+002, 2.2717354E+002, 2.4803643E+002, 1.8914116E+002, 1.9431010E+002, 1.7775475E+002, 1.6979678E+002, 1.6597141E+002, 1.6136431E+002, 1.4044961E+002, 1.3522807E+002,-1.5804919E+000,-1.7740649E+000,-1.8762086E+000,-1.5544746E+000,-2.1492610E+000,-1.4723892E+000,-1.3977950E+000,-1.5895121E+000,-1.7609735E+000,-1.5909409E+000,-2.1221992E+000,-1.6384656E+000,-1.7914048E+000,-3.5828276E+000, 2.1416904E+000, 4.2331411E+000, 4.3484159E+000, 2.9925010E+000, 2.9827096E+000, 3.7940675E+000, 4.7453346E+000, 3.6575201E+000, 4.0591185E+000, 9.9858378E+003, 1.4246291E+000, 6.8009519E+000, 2.8568837E+000
 2.5101438E+002, 1.1547402E+002, 1.2305919E+002, 1.2944657E+002, 1.4287841E+002, 1.4146575E+002, 1.3969469E+002, 1.4304369E+002, 1.5386506E+002, 1.5455191E+002, 1.7668257E+002, 1.8870893E+002, 1.9290786E+002, 2.0653530E+002, 2.1213894E+002, 2.5642181E+002, 2.2314915E+002, 1.7596425E+002, 1.7976682E+002, 1.6720765E+002, 1.5542259E+002, 1.5163513E+002, 1.5061148E+002, 1.3323959E+002,-1.6031459E+000,-1.5304659E+000,-1.8513784E+000,-2.0587297E+000,-1.6234569E+000,-1.4889104E+000,-1.4508958E+000,-1.8363980E+000,-1.1868534E+000,-2.1155411E+000,-2.0735996E+000,-2.3044150E+000,-1.5074207E+000,-2.2168096E+000, 1.5868894E+000, 5.0703060E+000, 3.8172101E+000, 3.8657051E+000, 3.2929178E+000, 2.8436254E+000, 3.5282417E+000, 4.6236677E+000, 3.8610382E+000, 1.0003054E+004, 1.4754948E+000, 6.8637762E+000, 3.4797087E+000
 2.5200993E+002, 1.1698874E+002, 1.2371979E+002, 1.2929938E+002, 1.3955291E+002, 1.3767186E+002, 1.3816431E+002, 1.4699247E+002, 1.4856642E+002, 1.6320836E+002, 1.7842806E+002, 1.8776177E+002, 1.8830834E+002, 1.8559481E+002, 1.9738755E+002, 2.3412479E+002, 2.2652989E+002, 2.0073723E+002, 1.8147107E+002, 1.6923691E+002, 1.5978465E+002, 1.4445854E+002, 1.4701690E+002, 1.4165704E+002,-1.7811282E+000,-1.8837891E+000,-1.7812753E+000,-1.6460130E+000,-1.3330452E+000,-1.4830677E+000,-1.8216978E+000,-1.4985970E+000,-1.8102408E+000,-1.9883358E+000,-2.3271003E+000,-1.5326427E+000,-1.3923361E+000,-1.2866330E+000, 9.4589185E-001, 4.6306425E+000, 4.9835751E+000, 4.1027158E+000, 3.7551757E+000, 3.9099539E+000, 2.7276496E+000, 3.7233276E+000, 4.0274097E+000, 1.0022704E+004, 1.4183096E+000, 6.6797069E+000, 3.5735354E+000
 2.5302976E+002, 1.1629359E+002, 1.2348632E+002, 1.3204379E+002, 1.3509051E+002, 1.3510256E+002, 1.4105271E+002, 1.4531551E+002, 1.4944219E+002, 1.6897338E+002, 1.8084861E+002, 1.7779672E+002, 1.8733868E+002, 1.8490601E+002, 1.8981998E+002, 2.4510083E+002, 2.3171804E+002, 2.1104932E+002, 1.9158622E+002, 1.8029285E+002, 1.6852522E+002, 1.4809538E+002, 1.4120769E+002, 1.4044102E+002,-1.7083071E+000,-1.7018108E+000,-1.6989950E+000,-1.5311704E+000,-1.4520463E+000,-1.6853957E+000,-1.7437920E+000,-1.3406265E+000,-1.8886090E+000,-2.1069308E+000,-1.9819039E+000,-1.1854202E+000,-1.2627218E+000,-6.1781728E-001, 6.7374810E-002, 4.4693142E+000, 5.0935388E+000, 4.9313773E+000, 4.4357244E+000, 4.4980055E+000, 3.1027416E+000, 2.8750198E+000, 3.7567207E+000, 1.0001976E+004, 1.4205309E+000, 6.7725268E+000, 3.6211398E+000
 2.5401959E+002, 1.1668249E+002, 1.2437621E+002, 1.3451942E+002, 1.3241590E+002, 1.3538857E+002, 1.4239458E+002, 1.4290318E+002, 1.6250231E+002, 1.7327302E+002, 1.7048641E+002, 1.7177396E+002, 1.8455175E+002, 1.8154853E+002, 1.9737462E+002, 2.2940534E+002, 2.2016587E+002, 1.9656654E+002, 1.9270642E+002, 1.8181324E+002, 1.7553479E+002, 1.5190062E+002, 1.3616912E+002, 1.3767024E+002,-1.6851547E+000,-1.7607723E+000,-2.1052970E+000,-1.3122557E+000,-1.5391509E+000,-1.8325724E+000,-1.4908895E+000,-2.0733777E+000,-1.8533929E+000,-2.2718230E+000,-1.4535034E+000,-1.6078209E+000,-6.7247329E-001,-1.4754533E+000, 1.9269324E-001, 3.9341770E+000, 4.5485999E+000, 4.7374170E+000, 4.5916805E+000, 4.8222308E+000, 4.4310670E+000, 2.9952090E+000, 3.4431841E+000, 9.9729489E+003, 1.5668533E+000, 6.6868450E+000, 3.3153562E+000
 2.5500942E+002, 1.1859890E+002, 1.2497390E+002, 1.3170889E+002, 1.3127082E+002, 1.3904400E+002, 1.3997219E+002, 1.5068396E+002, 1.6139478E+002, 1.6538125E+002, 1.6512474E+002, 1.7508877E+002, 1.8176857E+002, 1.8068558E+002, 2.4172954E+002, 2.5002030E+002, 2.1805813E+002, 2.0336385E+002, 1.7417684E+002, 1.7563822E+002, 1.7127621E+002, 1.6166855E+002, 1.4336636E+002, 1.3308402E+002,-1.8158647E+000,-1.6362206E+000,-1.5511882E+000,-1.4893733E+000,-1.8823721E+000,-1.4784966E+000,-1.7098031E+000,-1.7030777E+000,-2.1653620E+000,-1.5298978E+000,-1.4344789E+000,-1.5122970E+000,-7.8501101E-001,-3.1080771E+000, 2.0555467E+000, 4.2628779E+000, 4.4469740E+000, 4.0123225E+000, 4.0210086E+000, 4.5193084E+000, 4.5508049E+000, 3.5124048E+000, 3.0911430E+000, 1.0013763E+004, 1.5761346E+000, 6.7822757E+000, 3.2714976E+000
 2.5602925E+002, 1.1821155E+002, 1.2735003E+002, 1.2850016E+002, 1.3434786E+002, 1.3746304E+002, 1.4104715E+002, 1.5547207E+002, 1.6133750E+002, 1.6011030E+002, 1.6471664E+002, 1.7196005E+002, 1.8346998E+002, 1.8502132E+002, 2.5496671E+002, 2.8688626E+002, 2.4059679E+002, 2.0230650E+002, 1.9486254E+002, 1.6925896E+002, 1.6145878E+002, 1.6140826E+002, 1.5111985E+002, 1.3208441E+002,-1.7637211E+000,-1.6965062E+000,-1.5373217E+000,-1.7185509E+000,-1.6920985E+000,-1.5168696E+000,-2.0336870E+000,-2.0210549E+000,-1.6056169E+000,-1.5100623E+000,-1.6414957E+000,-1.2654798E+000,-1.8557748E+000,-2.4577029E+000, 4.3565628E+000, 5.4536273E+000, 5.0040287E+000, 4.4986543E+000, 3.7312070E+000, 3.5221241E+000, 4.3814375E+000, 4.3070076E+000, 3.2835513E+000, 9.9823709E+003, 1.5909439E+000, 6.7882024E+000, 3.8054128E+000
 2.5701224E+002, 1.1890482E+002, 1.2668264E+002, 1.2585042E+002, 1.3457443E+002, 1.3599264E+002, 1.5004940E+002, 1.5381783E+002, 1.5474310E+002, 1.5814829E+002, 1.6335899E+002, 1.6840615E+002, 1.8236875E+002, 1.9932804E+002, 2.6089974E+002, 2.8120267E+002, 2.4169517E+002, 2.1344496E+002, 1.9457746E+002, 1.7993864E+002, 1.6628668E+002, 1.4771731E+002, 1.5249311E+002, 1.3944658E+002,-1.5499269E+000,-1.8585476E+000,-1.4901628E+000,-1.9384718E+000,-1.4429744E+000,-1.9360958E+000,-1.7656330E+000,-1.8112287E+000,-1.4521793E+000,-1.4871108E+000,-1.3451929E+000,-1.1677717E+000,-2.8858280E+000,-3.1166251E+000, 4.5107299E+000, 5.0630025E+000, 5.6016105E+000, 5.0846645E+000, 4.4263407E+000, 3.8952064E+000, 3.7690433E+000, 4.1763157E+000, 3.8485760E+000, 9.9698919E+003, 1.5159812E+000, 6.8239672E+000, 3.8382941E+000
 2.5800778E+002, 1.2032717E+002, 1.2397310E+002, 1.2458728E+002, 1.3299319E+002, 1.4315574E+002, 1.4743651E+002, 1.5093974E+002, 1.5318696E+002, 1.5772315E+002, 1.6296062E+002, 1.7219476E+002, 1.8987555E+002, 2.1641822E+002, 2.2051378E+002, 2.6760484E+002, 2.1452940E+002, 2.1160995E+002, 1.7804948E+002, 1.8309603E+002, 1.7305040E+002, 1.5329072E+002, 1.4576639E+002, 1.4423808E+002,-1.5985237E+000,-1.5231855E+000,-1.4933918E+000,-1.5853403E+000,-1.8725833E+000,-1.8046451E+000,-1.9771606E+000,-1.4693158E+000,-1.5994220E+000,-1.4750377E+000,-1.3975098E+000,-2.3054608E+000,-2.7454845E+000,-2.3464075E+000, 4.0110203E+000, 5.2890625E+000, 4.7170067E+000, 4.6226970E+000, 4.9189816E+000, 4.6746873E+000, 3.5742435E+000, 3.4953517E+000, 3.9676412E+000, 1.0025924E+004, 1.4888283E+000, 7.0222697E+000, 3.4304503E+000
 2.5902033E+002, 1.2191656E+002, 1.2200241E+002, 1.2771282E+002, 1.3681496E+002, 1.4207260E+002, 1.4786144E+002, 1.4742634E+002, 1.5251152E+002, 1.5512655E+002, 1.6070536E+002, 1.7248314E+002, 1.8388011E+002, 1.8535301E+002, 2.4397353E+002, 2.6154652E+002, 2.3227897E+002, 2.0549154E+002, 1.8922246E+002, 1.6256029E+002, 1.6131770E+002, 1.5492770E+002, 1.4308562E+002, 1.4102289E+002,-1.5703240E+000,-1.4216627E+000,-1.6426212E+000,-1.7179615E+000,-1.9974514E+000,-1.8577555E+000,-1.4979846E+000,-1.3951210E+000,-1.4739238E+000,-1.5798484E+000,-1.3061540E+000,-1.6117363E+000,-1.4670503E+000,-2.5870919E+000, 3.7332261E+000, 4.8671274E+000, 4.6345362E+000, 4.6695041E+000, 3.4006876E+000, 4.1607676E+000, 4.3104340E+000, 3.5120599E+000, 3.7253599E+000, 1.0033966E+004, 1.4787208E+000, 6.6447464E+000, 3.5618064E+000
 2.6000837E+002, 1.2079008E+002, 1.1987125E+002, 1.2746396E+002, 1.3916699E+002, 1.4374158E+002, 1.4429939E+002, 1.4764313E+002, 1.5036861E+002, 1.5659556E+002, 1.6289499E+002, 1.7503943E+002, 1.7561914E+002, 1.8750705E+002, 2.2218287E+002, 2.6503734E+002, 2.1380788E+002, 1.8455397E+002, 1.9361019E+002, 1.7764195E+002, 1.4887758E+002, 1.5484282E+002, 1.4690681E+002, 1.3577490E+002,-1.5254018E+000,-1.5921086E+000,-1.7694695E+000,-2.1521991E+000,-1.9926388E+000,-1.6351974E+000,-1.4627168E+000,-1.4687658E+000,-1.5161002E+000,-1.2779983E+000,-1.3636141E+000,-1.0829538E+000,-8.6231559E-001,-2.2929384E+000, 2.6084568E+000, 5.0035201E+000, 4.8931398E+000, 4.5974280E+000, 4.3928800E+000, 3.1844403E+000, 3.9553438E+000, 3.8605579E+000, 3.6010975E+000, 1.0028131E+004, 1.4645988E+000, 6.5230980E+000, 3.3503925E+000
 2.6102915E+002, 1.1816765E+002, 1.1870066E+002, 1.2631209E+002, 1.3893580E+002, 1.4188594E+002, 1.4231782E+002, 1.4693863E+002, 1.4976467E+002, 1.5410204E+002, 1.6461138E+002, 1.7013794E+002, 1.7443897E+002, 1.9481450E+002, 2.0190263E+002, 2.7027525E+002, 2.2513855E+002, 2.0483415E+002, 1.6457696E+002, 1.6789807E+002, 1.7130429E+002, 1.3798033E+002, 1.4615867E+002, 1.3990605E+002,-1.4037331E+000,-1.4549582E+000,-1.5769582E+000,-1.9688325E+000,-1.8520219E+000,-1.4275095E+000,-1.3447211E+000,-1.5962984E+000,-1.4806957E+000,-1.1455050E+000,-1.5865347E+000,-1.1233589E+000,-1.3684348E+000,-2.0472108E+000, 1.5216438E+000, 4.5907193E+000, 5.1662622E+000, 4.2068706E+000, 4.3723679E+000, 4.5835936E+000, 3.4624010E+000, 3.6382012E+000, 3.8495013E+000, 9.9896131E+003, 1.4583125E+000, 6.5986327E+000, 3.4108775E+000
 2.6200195E+002, 1.1604476E+002, 1.2128737E+002, 1.3142301E+002, 1.3900390E+002, 1.3961853E+002, 1.4271013E+002, 1.4537037E+002, 1.5058533E+002, 1.5625272E+002, 1.6724899E+002, 1.6326780E+002, 1.9060320E+002, 1.9409779E+002, 1.8582876E+002, 2.4718636E+002, 2.2989123E+002, 1.9339716E+002, 1.8045988E+002, 1.6964975E+002, 1.5782968E+002, 1.5204995E+002, 1.4016953E+002, 1.3769268E+002,-1.3659367E+000,-1.6146364E+000,-1.7117822E+000,-1.9585181E+000,-1.6577363E+000,-1.3372886E+000,-1.3896203E+000,-1.4590661E+000,-1.1943308E+000,-1.5570610E+000,-1.3169767E+000,-1.4721435E+000,-1.5265307E+000,-1.6074836E+000, 8.4015293E-001, 4.4876274E+000, 4.0959240E+000, 5.0071345E+000, 4.2230660E+000, 4.2320054E+000, 4.4453329E+000, 3.0059887E+000, 3.8650134E+000, 9.9611168E+003, 1.4685873E+000, 6.6144688E+000, 3.5178308E+000
 2.6301695E+002, 1.1453467E+002, 1.2128389E+002, 1.3192651E+002, 1.3729654E+002, 1.3852028E+002, 1.4230811E+002, 1.4517962E+002, 1.4983479E+002, 1.5999313E+002, 1.6032193E+002, 1.8020427E+002, 1.9081003E+002, 1.8715902E+002, 2.0899045E+002, 2.6997177E+002, 2.1824400E+002, 1.9196259E+002, 1.6222875E+002, 1.6970839E+002, 1.6066415E+002, 1.5021334E+002, 1.3769585E+002, 1.3705623E+002,-1.3284095E+000,-1.7326591E+000,-2.1397182E+000,-1.6766184E+000,-1.6026453E+000,-1.3969744E+000,-1.6344949E+000,-1.3621678E+000,-1.5492835E+000,-1.8205051E+000,-1.9636491E+000,-1.4425994E+000,-1.7507012E+000,-1.7243312E+000, 3.9780649E+000, 4.3619518E+000, 4.0872349E+000, 2.9070277E+000, 3.8227086E+000, 4.0746494E+000, 3.7714115E+000, 4.0041842E+000, 3.2157800E+000, 9.9874130E+003, 1.4627029E+000, 6.5257117E+000, 3.3742936E+000
 2.6401995E+002, 1.1329331E+002, 1.2156151E+002, 1.3172904E+002, 1.3551780E+002, 1.3873671E+002, 1.4107643E+002, 1.4487144E+002, 1.5267500E+002, 1.5978320E+002, 1.6896352E+002, 1.7427440E+002, 1.9219385E+002, 1.7503694E+002, 1.9939744E+002, 2.9066228E+002, 2.3729985E+002, 2.0575408E+002, 1.7769271E+002, 1.5614549E+002, 1.6353946E+002, 1.4769082E+002, 1.4305373E+002, 1.3263371E+002,-1.5146319E+000,-1.5363602E+000,-2.0098009E+000,-1.7318577E+000,-1.5291063E+000,-1.5177309E+000,-1.4031225E+000,-1.3891175E+000,-1.9188987E+000,-1.8032705E+000,-1.5504518E+000,-1.6705853E+000,-8.3797265E-001,-1.1303896E+000, 3.6424434E+000, 5.3907647E+000, 5.1054564E+000, 3.8966275E+000, 2.4962852E+000, 3.4794909E+000, 4.0375101E+000, 3.6026852E+000, 3.3761082E+000, 1.0002741E+004, 1.4938357E+000, 6.6718303E+000, 3.8389059E+000
 2.6500846E+002, 1.1444703E+002, 1.2571261E+002, 1.3087120E+002, 1.3492214E+002, 1.3821177E+002, 1.4099209E+002, 1.4631569E+002, 1.5467127E+002, 1.6168721E+002, 1.7037902E+002, 1.7981926E+002, 1.8240920E+002, 1.8094333E+002, 2.0384186E+002, 2.8226715E+002, 2.4269282E+002, 1.9580273E+002, 1.8292063E+002, 1.7428402E+002, 1.5577153E+002, 1.5085666E+002, 1.4113589E+002, 1.3600858E+002,-1.5081563E+000,-1.7139280E+000,-1.9953034E+000,-1.6191438E+000,-1.6420693E+000,-1.6695705E+000,-1.4311995E+000,-1.9546093E+000,-1.9821229E+000,-1.9858551E+000,-1.6825473E+000,-1.5085208E+000,-4.0193768E-001,-1.1585549E+000, 2.8409196E+000, 5.2442120E+000, 5.1621715E+000, 5.2410958E+000, 4.4179266E+000, 3.1564834E+000, 3.9109633E+000, 3.3480652E+000, 3.6973994E+000, 9.9749428E+003, 1.5107371E+000, 6.7498454E+000, 3.8574077E+000
 2.6602885E+002, 1.1605499E+002, 1.2577821E+002, 1.3020964E+002, 1.3547648E+002, 1.3736007E+002, 1.4071502E+002, 1.4900620E+002, 1.5788278E+002, 1.6017623E+002, 1.6752817E+002, 1.8102687E+002, 1.7890075E+002, 1.8806622E+002, 2.1385430E+002, 2.8114879E+002, 2.3792815E+002, 2.1085211E+002, 1.7972088E+002, 1.5674894E+002, 1.6402604E+002, 1.5060060E+002, 1.4011136E+002, 1.3478207E+002,-1.7866567E+000,-1.9412284E+000,-1.7992515E+000,-1.6862672E+000,-1.7475223E+000,-1.4570337E+000,-1.8828712E+000,-2.1269257E+000,-1.4474499E+000,-1.6631841E+000,-1.6797155E+000,-1.0327882E+000,-1.7829637E+000,-2.5472417E+000, 2.0222821E+000, 4.6056584E+000, 5.5543875E+000, 4.8361486E+000, 4.3046844E+000, 4.9017079E+000, 3.4167929E+000, 3.4714849E+000, 3.2912763E+000, 1.0030088E+004, 1.5441655E+000, 6.5477954E+000, 3.6066268E+000
 2.6701736E+002, 1.1653260E+002, 1.2509904E+002, 1.2899600E+002, 1.3439739E+002, 1.3733402E+002, 1.4363592E+002, 1.5293677E+002, 1.5408052E+002, 1.6146316E+002, 1.7333727E+002, 1.7458202E+002, 1.7553843E+002, 1.9887473E+002, 2.3664795E+002, 2.6471638E+002, 2.4510365E+002, 1.8793920E+002, 1.7823144E+002, 1.6987471E+002, 1.5450768E+002, 1.5254655E+002, 1.4073608E+002, 1.3330427E+002,-1.7181920E+000,-1.6990325E+000,-1.6825654E+000,-1.7961943E+000,-1.7371339E+000,-1.7856688E+000,-2.1769278E+000,-1.5601753E+000,-1.7908472E+000,-1.6573760E+000,-1.6290040E+000,-6.3433551E-001,-2.1890175E+000,-2.9220040E+000, 1.8290073E+000, 4.8451941E+000, 4.5267287E+000, 4.4898493E+000, 4.9477504E+000, 4.5384902E+000, 4.4447812E+000, 3.4828012E+000, 3.4719486E+000, 9.9579895E+003, 1.5140315E+000, 6.5111895E+000, 3.7637371E+000
 2.6800587E+002, 1.1957436E+002, 1.2373812E+002, 1.2854208E+002, 1.3429539E+002, 1.3823962E+002, 1.4795181E+002, 1.4942966E+002, 1.5339781E+002, 1.6258425E+002, 1.6976375E+002, 1.6825780E+002, 1.8924055E+002, 2.1056866E+002, 2.0997505E+002, 2.6864752E+002, 2.4326655E+002, 2.1235207E+002, 1.7527154E+002, 1.5785812E+002, 1.5352564E+002, 1.4642512E+002, 1.4323573E+002, 1.3202563E+002,-1.8330444E+000,-1.6861426E+000,-1.6547274E+000,-1.8575502E+000,-1.7583766E+000,-2.1687789E+000,-1.7128287E+000,-1.4356854E+000,-1.6669129E+000,-1.6334573E+000,-1.4656199E+000,-1.0826756E+000,-2.7894737E+000,-2.3841851E+000, 2.3424262E+000, 5.2732814E+000, 5.4860420E+000, 3.7942192E+000, 3.2528290E+000, 3.8941276E+000, 4.3089420E+000, 4.0080148E+000, 3.1155093E+000, 9.9890833E+003, 1.5104935E+000, 6.7501635E+000, 3.9644058E+000
 2.6901538E+002, 1.1993007E+002, 1.2321290E+002, 1.2923116E+002, 1.3452023E+002, 1.4350575E+002, 1.4608559E+002, 1.4833186E+002, 1.5554902E+002, 1.6488789E+002, 1.6265516E+002, 1.7285242E+002, 1.9852506E+002, 1.9591667E+002, 2.0141933E+002, 2.3501316E+002, 2.2440984E+002, 2.0048051E+002, 1.7948194E+002, 1.6442735E+002, 1.4919212E+002, 1.4429124E+002, 1.3805941E+002, 1.3654611E+002,-1.9468708E+000,-1.5571125E+000,-1.5385754E+000,-1.6372862E+000,-2.3409681E+000,-1.9473934E+000,-1.3839526E+000,-1.6758987E+000,-1.5871379E+000,-1.6429001E+000,-1.3171523E+000,-2.5356047E+000,-2.0354181E+000,-2.1791309E+000, 1.4742395E+000, 4.7555773E+000, 5.3752563E+000, 4.8721097E+000, 3.8210693E+000, 2.6965202E+000, 3.9473824E+000, 3.3413893E+000, 3.7056715E+000, 1.0050779E+004, 1.5359345E+000, 6.7392167E+000, 3.6109089E+000
 2.7000485E+002, 1.1905312E+002, 1.2411836E+002, 1.2891529E+002, 1.3889496E+002, 1.4267685E+002, 1.4338203E+002, 1.4885896E+002, 1.5744794E+002, 1.5817529E+002, 1.6117175E+002, 1.8859311E+002, 1.9242400E+002, 1.9559643E+002, 2.1046453E+002, 2.4578768E+002, 2.0894204E+002, 1.8890556E+002, 1.8188325E+002, 1.6776524E+002, 1.6110815E+002, 1.4530686E+002, 1.3984642E+002, 1.3276052E+002,-1.6159627E+000,-1.6976186E+000,-1.5840578E+000,-2.1889332E+000,-2.0313866E+000,-1.5793969E+000,-1.4230633E+000,-1.6825641E+000,-1.6625658E+000,-1.4227700E+000,-2.4612493E+000,-1.6681490E+000,-1.7985646E+000,-2.9003011E+000, 5.8727646E-001, 3.2846687E+000, 4.5760113E+000, 4.2192670E+000, 3.9619708E+000, 4.3715841E+000, 3.5675152E+000, 3.9418606E+000, 3.6756734E+000, 1.0007227E+004, 1.5501860E+000, 6.4695748E+000, 2.9242785E+000
 2.7101147E+002, 1.1786381E+002, 1.2592823E+002, 1.2815958E+002, 1.3936166E+002, 1.4036912E+002, 1.4301796E+002, 1.5162330E+002, 1.5512243E+002, 1.5594842E+002, 1.7845782E+002, 1.7847698E+002, 1.9102982E+002, 1.9104672E+002, 2.0911600E+002, 2.4878529E+002, 2.1651106E+002, 1.9670340E+002, 1.7384521E+002, 1.6910419E+002, 1.5855309E+002, 1.4857782E+002, 1.3826518E+002, 1.3277884E+002,-1.3785467E+000,-1.9708740E+000,-1.6713872E+000,-1.9597858E+000,-1.8161831E+000,-1.4946809E+000,-1.5195412E+000,-1.5198303E+000,-1.6465824E+000,-2.1366967E+000,-1.3960906E+000,-1.5040842E+000,-1.5211824E+000,-3.0039891E+000, 1.0119487E+000, 3.0795598E+000, 3.9468196E+000, 3.9974357E+000, 3.0603326E+000, 3.4797474E+000, 4.0872538E+000, 3.4191615E+000, 3.2599505E+000, 1.0006003E+004, 1.5192625E+000, 6.5837080E+000, 2.8646472E+000
 2.7201809E+002, 1.1723188E+002, 1.2623273E+002, 1.2934562E+002, 1.3762094E+002, 1.3853509E+002, 1.4490459E+002, 1.5024258E+002, 1.5190415E+002, 1.6606329E+002, 1.7260705E+002, 1.7251672E+002, 1.9248954E+002, 1.9140505E+002, 2.3563225E+002, 2.7007482E+002, 2.3686695E+002, 2.0922858E+002, 1.8707340E+002, 1.6736766E+002, 1.6260307E+002, 1.5145240E+002, 1.4097234E+002, 1.3556339E+002,-1.4338214E+000,-1.9113173E+000,-1.7222213E+000,-1.8547389E+000,-1.4997208E+000,-1.5347220E+000,-1.6788607E+000,-1.6488096E+000,-1.9607295E+000,-1.9808883E+000,-1.0233095E+000,-1.1162338E+000,-1.9683705E+000,-3.8717939E+000, 1.3946342E+000, 5.1208345E+000, 4.9641305E+000, 3.8048538E+000, 3.7325872E+000, 2.8662797E+000, 3.6799580E+000, 3.7840743E+000, 3.6695391E+000, 9.9814082E+003, 1.4777322E+000, 6.5755986E+000, 3.7506151E+000
 2.7302471E+002, 1.1872917E+002, 1.2456369E+002, 1.3135093E+002, 1.3589341E+002, 1.3954798E+002, 1.4640266E+002, 1.4859754E+002, 1.5756379E+002, 1.6692066E+002, 1.6400923E+002, 1.7412445E+002, 1.8854124E+002, 2.1286402E+002, 2.1765879E+002, 2.7434966E+002, 2.4993560E+002, 1.9189681E+002, 1.8694318E+002, 1.8236167E+002, 1.6503064E+002, 1.4411686E+002, 1.4197442E+002, 1.3346825E+002,-1.3803405E+000,-1.7110311E+000,-2.0619547E+000,-1.4888098E+000,-1.5349496E+000,-1.6501365E+000,-1.4430437E+000,-1.7440650E+000,-2.3089787E+000,-1.2085754E+000,-1.0878826E+000,-1.1605107E+000,-2.9939367E+000,-2.5513938E+000, 1.5070269E+000, 5.3315858E+000, 4.8151400E+000, 5.4183157E+000, 4.5050444E+000, 3.8182962E+000, 2.6311993E+000, 3.3324932E+000, 3.5927079E+000, 9.9818611E+003, 1.5267487E+000, 6.3435606E+000, 4.1532382E+000
 2.7403133E+002, 1.2058457E+002, 1.2299744E+002, 1.3152501E+002, 1.3486753E+002, 1.4188189E+002, 1.4454158E+002, 1.5070200E+002, 1.6080053E+002, 1.5989227E+002, 1.6163511E+002, 1.7823898E+002, 1.9560929E+002, 1.8799778E+002, 2.0375750E+002, 2.6926790E+002, 2.3941739E+002, 2.2363725E+002, 1.8732468E+002, 1.6094233E+002, 1.7037828E+002, 1.5257980E+002, 1.4017575E+002, 1.3569422E+002,-1.6926548E+000,-1.7162642E+000,-1.9525302E+000,-1.3588537E+000,-1.6021337E+000,-1.8385161E+000,-1.6649394E+000,-2.3571066E+000,-1.4999744E+000,-1.3144241E+000,-9.3707882E-001,-2.6726031E+000,-1.2502668E+000,-1.7530032E+000, 1.2470507E+000, 5.2204560E+000, 5.4267190E+000, 4.2252306E+000, 4.1555163E+000, 4.6180693E+000, 3.3597458E+000, 3.6819748E+000, 3.6180007E+000, 1.0028361E+004, 1.6179141E+000, 6.7823826E+000, 3.9497740E+000
 2.7500650E+002, 1.2063819E+002, 1.2448526E+002, 1.3083530E+002, 1.3752942E+002, 1.4176808E+002, 1.4583437E+002, 1.5553167E+002, 1.5510563E+002, 1.5623868E+002, 1.6732807E+002, 1.8521158E+002, 1.8558099E+002, 1.7876935E+002, 1.9741267E+002, 2.6597591E+002, 2.3540804E+002, 2.0583148E+002, 1.9653843E+002, 1.8935226E+002, 1.6224356E+002, 1.6131822E+002, 1.3350104E+002, 1.3723236E+002,-1.7100738E+000,-1.7953184E+000,-1.8573907E+000,-1.4981469E+000,-1.7258830E+000,-1.8197610E+000,-2.2260320E+000,-1.6567649E+000,-1.2248102E+000,-1.4781387E+000,-2.0442016E+000,-1.1707409E+000,-1.1752825E+000,-1.8251229E+000, 1.1192369E+000, 4.8757226E+000, 5.3626719E+000, 5.0084144E+000, 4.5874449E+000, 4.2856953E+000, 3.8527886E+000, 2.4694790E+000, 3.2873373E+000, 1.0020255E+004, 1.4970942E+000, 6.6237977E+000, 3.6671526E+000
 2.7601312E+002, 1.1931607E+002, 1.2544457E+002, 1.2983689E+002, 1.3835549E+002, 1.4179681E+002, 1.4949317E+002, 1.5040214E+002, 1.5144935E+002, 1.5975235E+002, 1.7008007E+002, 1.7821582E+002, 1.8252995E+002, 1.8024547E+002, 1.8877615E+002, 2.5642702E+002, 2.4563852E+002, 2.2165702E+002, 1.7863805E+002, 1.7131704E+002, 1.7840310E+002, 1.4954185E+002, 1.4920030E+002, 1.3105719E+002,-1.5236526E+000,-2.0198723E+000,-1.8380051E+000,-1.6235008E+000,-1.9038847E+000,-2.1585407E+000,-1.8150896E+000,-1.3895242E+000,-1.4354931E+000,-1.4429003E+000,-1.7855886E+000,-9.7844822E-001,-6.7608254E-001,-1.1151711E+000, 2.6931724E-001, 3.7950619E+000, 5.3365978E+000, 5.2957142E+000, 4.7113993E+000, 4.9984355E+000, 3.9804420E+000, 3.5855875E+000, 3.3132953E+000, 9.9803707E+003, 1.4498291E+000, 6.6819092E+000, 3.5577810E+000
 2.7701974E+002, 1.1840502E+002, 1.2570427E+002, 1.2934276E+002, 1.3897165E+002, 1.4372789E+002, 1.4681712E+002, 1.4632079E+002, 1.5305789E+002, 1.6009199E+002, 1.6555660E+002, 1.7471182E+002, 1.8093504E+002, 1.8136073E+002, 2.0484674E+002, 2.5964990E+002, 2.3450184E+002, 2.1748336E+002, 2.0046852E+002, 1.5734145E+002, 1.5778797E+002, 1.6491693E+002, 1.4754453E+002, 1.3175804E+002,-1.5624798E+000,-1.8216592E+000,-1.6646856E+000,-1.7260060E+000,-1.9354872E+000,-2.0338433E+000,-1.4858608E+000,-1.3770798E+000,-1.5303679E+000,-2.0268962E+000,-1.1452439E+000,-6.9655530E-001,-7.8976295E-001,-2.3633295E+000, 9.8502125E-001, 4.7012617E+000, 4.8237831E+000, 4.7218930E+000, 4.4846848E+000, 4.4553162E+000, 4.6475274E+000, 3.4385785E+000, 2.6396995E+000, 1.0010692E+004, 1.4644580E+000, 6.7019153E+000, 3.6067235E+000
 2.7802636E+002, 1.1941746E+002, 1.2483693E+002, 1.2990381E+002, 1.3944494E+002, 1.4278062E+002, 1.4248212E+002, 1.4574527E+002, 1.5436812E+002, 1.5967220E+002, 1.5974908E+002, 1.7143892E+002, 1.7959116E+002, 1.9589586E+002, 2.1994923E+002, 2.6549957E+002, 2.4127921E+002, 1.9955008E+002, 1.8398223E+002, 1.7558501E+002, 1.5281952E+002, 1.5286457E+002, 1.5135227E+002, 1.4060913E+002,-1.5953222E+000,-1.8562565E+000,-1.6996309E+000,-1.9147110E+000,-2.1048445E+000,-1.7449313E+000,-1.3273298E+000,-1.4667391E+000,-1.7212176E+000,-1.2014784E+000,-1.1462317E+000,-6.7105537E-001,-1.3211316E+000,-1.1933049E+000, 2.0874162E+000, 4.7331183E+000, 5.5114638E+000, 5.0296703E+000, 4.3075043E+000, 3.8364582E+000, 4.4554302E+000, 4.3022592E+000, 3.4153126E+000, 9.9697866E+003, 1.4745178E+000, 6.5920488E+000, 3.7249152E+000
 2.7900141E+002, 1.2018013E+002, 1.2374085E+002, 1.3220005E+002, 1.3894652E+002, 1.4006495E+002, 1.4024683E+002, 1.4787763E+002, 1.5283782E+002, 1.5311786E+002, 1.6228899E+002, 1.7283086E+002, 1.8059401E+002, 1.8146752E+002, 1.8308789E+002, 2.7568214E+002, 2.5409523E+002, 2.1329357E+002, 1.9174365E+002, 1.6528547E+002, 1.6416939E+002, 1.5169065E+002, 1.4934418E+002, 1.4096964E+002,-1.7541885E+000,-1.6845137E+000,-1.8791914E+000,-1.8493065E+000,-1.7790614E+000,-1.5836554E+000,-1.3590537E+000,-1.6578665E+000,-1.7016798E+000,-1.2036123E+000,-1.0558333E+000,-8.2767716E-001,-2.0344621E+000,-6.1177448E-001, 1.7322482E+000, 5.3462794E+000, 5.8281378E+000, 5.2365498E+000, 5.0790948E+000, 4.2435968E+000, 4.1501182E+000, 4.1737218E+000, 3.7987877E+000, 1.0029238E+004, 1.4519001E+000, 6.5711424E+000, 4.1126094E+000
 2.8001397E+002, 1.2000035E+002, 1.2318908E+002, 1.3273869E+002, 1.3731689E+002, 1.3673224E+002, 1.4243666E+002, 1.4764033E+002, 1.4943568E+002, 1.4999773E+002, 1.6464252E+002, 1.7487034E+002, 1.7954515E+002, 1.6936250E+002, 1.8552333E+002, 2.4663464E+002, 2.4604115E+002, 2.1466472E+002, 1.8834863E+002, 1.8118105E+002, 1.6533832E+002, 1.5252849E+002, 1.4528542E+002, 1.4160419E+002,-1.5829857E+000,-1.5875377E+000,-1.8375221E+000,-1.8123410E+000,-1.7733929E+000,-1.4675717E+000,-1.4179456E+000,-1.7810870E+000,-1.2380599E+000,-1.2316181E+000,-9.2512105E-001,-8.1496621E-001,-1.6984920E+000,-2.3831092E-001, 3.9815804E-001, 4.9961580E+000, 5.5609713E+000, 5.7030096E+000, 5.2611196E+000, 5.2698558E+000, 4.0904989E+000, 4.2588193E+000, 4.0550700E+000, 9.9557024E+003, 1.4088415E+000, 6.8821114E+000, 3.9228504E+000
 2.8101359E+002, 1.1911426E+002, 1.2455636E+002, 1.3296134E+002, 1.3439958E+002, 1.3682748E+002, 1.4214016E+002, 1.4527821E+002, 1.4481116E+002, 1.5388229E+002, 1.6701989E+002, 1.7660115E+002, 1.7089955E+002, 1.7955299E+002, 2.0750510E+002, 2.3527072E+002, 2.2368929E+002, 1.8712125E+002, 1.7372181E+002, 1.7816488E+002, 1.6931806E+002, 1.5384983E+002, 1.4569581E+002, 1.3811588E+002,-1.6423807E+000,-1.5466516E+000,-1.9675682E+000,-1.6624300E+000,-1.5039553E+000,-1.6203191E+000,-1.6882475E+000,-1.4355536E+000,-1.3686130E+000,-1.1235628E+000,-1.1572133E+000,-1.2323900E+000,-1.5500723E+000,-1.0421799E+000, 1.1033030E+000, 4.3032179E+000, 4.7248125E+000, 4.9274249E+000, 4.6686660E+000, 5.0764660E+000, 4.5796833E+000, 4.0469374E+000, 3.9115111E+000, 1.0022708E+004, 1.3596130E+000, 6.8369505E+000, 3.3913967E+000
 2.8200907E+002, 1.1783374E+002, 1.2647321E+002, 1.3148669E+002, 1.3270117E+002, 1.3831332E+002, 1.4117770E+002, 1.4045653E+002, 1.4286671E+002, 1.5811632E+002, 1.6853124E+002, 1.6783588E+002, 1.7267124E+002, 2.1406852E+002, 2.3175249E+002, 2.7283219E+002, 2.3924672E+002, 1.9492395E+002, 1.5542045E+002, 1.4930272E+002, 1.6533147E+002, 1.5143653E+002, 1.4491519E+002, 1.3618993E+002,-1.5954181E+000,-1.7048811E+000,-1.8291372E+000,-1.5757041E+000,-1.5721514E+000,-1.6541288E+000,-1.6825771E+000,-1.1925061E+000,-1.4137926E+000,-1.1173889E+000,-1.3439680E+000,-2.1126802E+000,-2.3499838E+000,-3.9150890E-001, 3.6899211E+000, 5.0235927E+000, 4.5582520E+000, 2.6591920E+000, 3.5793470E+000, 4.2760325E+000, 4.5439717E+000, 3.8533563E+000, 3.7947767E+000, 9.9740700E+003, 1.3421489E+000, 6.8986378E+000, 3.6405809E+000
 2.8301600E+002, 1.1785567E+002, 1.2687932E+002, 1.2966632E+002, 1.3401535E+002, 1.3688549E+002, 1.3769688E+002, 1.3804412E+002, 1.4835156E+002, 1.5979260E+002, 1.6414910E+002, 1.6786583E+002, 1.9383739E+002, 1.9508735E+002, 2.4294836E+002, 2.6751149E+002, 2.4007733E+002, 2.1767904E+002, 1.8019590E+002, 1.4946768E+002, 1.4446438E+002, 1.5596243E+002, 1.4302148E+002, 1.3348911E+002,-1.6149593E+000,-1.7311600E+000,-1.7867200E+000,-1.4605025E+000,-1.7026529E+000,-1.8525699E+000,-1.4446433E+000,-1.1803165E+000,-1.2603245E+000,-1.3580442E+000,-1.5558095E+000,-1.8858108E+000,-2.1417531E+000, 1.2840004E-001, 2.8150840E+000, 5.1599870E+000, 5.7132927E+000, 4.8064413E+000, 3.1399687E+000, 3.1975518E+000, 3.8214916E+000, 3.7641486E+000, 3.6043346E+000, 1.0068964E+004, 1.4084023E+000, 6.9453301E+000, 3.7752068E+000
 2.8400248E+002, 1.1962891E+002, 1.2624331E+002, 1.2749398E+002, 1.3326592E+002, 1.3535023E+002, 1.3419022E+002, 1.3851703E+002, 1.5285994E+002, 1.6016264E+002, 1.5937256E+002, 1.7825719E+002, 1.9108554E+002, 1.7967395E+002, 2.2272619E+002, 2.7294430E+002, 2.4000194E+002, 2.0544532E+002, 1.7051840E+002, 1.6927513E+002, 1.5074102E+002, 1.4465981E+002, 1.4169220E+002, 1.3632156E+002,-1.6563061E+000,-1.8648977E+000,-1.6976443E+000,-1.6860394E+000,-1.6107418E+000,-1.6915508E+000,-1.2009083E+000,-1.2894479E+000,-1.2455017E+000,-1.3287632E+000,-2.1217745E+000,-2.3329068E+000,-1.3393700E+000,-8.1667507E-001, 2.7637546E+000, 5.1321490E+000, 5.1455816E+000, 4.6300519E+000, 4.5704862E+000, 4.0107880E+000, 3.2997056E+000, 3.0685950E+000, 3.7343541E+000, 1.0017470E+004, 1.4711199E+000, 6.9976446E+000, 3.7880566E+000
 2.8500814E+002, 1.2071323E+002, 1.2455293E+002, 1.2688073E+002, 1.3210254E+002, 1.3200697E+002, 1.3378268E+002, 1.4396246E+002, 1.5337372E+002, 1.5531857E+002, 1.7013366E+002, 1.7974799E+002, 1.7123801E+002, 1.9347837E+002, 2.0574138E+002, 2.8903223E+002, 2.5261577E+002, 2.2062965E+002, 1.8363281E+002, 1.4772327E+002, 1.5243290E+002, 1.3927347E+002, 1.4154455E+002, 1.3538532E+002,-1.8171754E+000,-1.7723559E+000,-1.6947818E+000,-1.5728491E+000,-1.7104714E+000,-1.5860391E+000,-1.2411638E+000,-1.4017866E+000,-1.4240542E+000,-1.8008719E+000,-2.3929214E+000,-1.1620486E+000,-2.0661103E+000,-7.7638352E-001, 2.4704513E+000, 5.7403358E+000, 5.6225081E+000, 4.9950186E+000, 3.0272566E+000, 3.7593559E+000, 3.6352172E+000, 2.9557592E+000, 3.3887290E+000, 9.9665631E+003, 1.4897517E+000, 6.7246775E+000, 4.2343187E+000
 2.8602170E+002, 1.2062132E+002, 1.2310277E+002, 1.2754893E+002, 1.3014134E+002, 1.3036678E+002, 1.3581912E+002, 1.4811514E+002, 1.5241242E+002, 1.5714285E+002, 1.7092723E+002, 1.6367627E+002, 1.7692678E+002, 1.6692069E+002, 2.1725129E+002, 2.6595999E+002, 2.3905161E+002, 2.0795263E+002, 1.7950273E+002, 1.7013641E+002, 1.4701054E+002, 1.4097991E+002, 1.3667060E+002, 1.3132194E+002,-1.8072292E+000,-1.8167294E+000,-1.6920320E+000,-1.5289733E+000,-1.4990752E+000,-1.4415179E+000,-1.3756218E+000,-1.3160227E+000,-1.4691353E+000,-2.1509018E+000,-1.2838647E+000,-1.2434941E+000,-1.8414791E+000,-1.2118489E+000, 2.5001755E+000, 4.4991143E+000, 5.4313517E+000, 5.3236502E+000, 4.6751556E+000, 2.8359772E+000, 3.3473356E+000, 3.2608170E+000, 2.9574448E+000, 9.9808420E+003, 1.4797755E+000, 6.8014603E+000, 3.6600467E+000
 2.8702193E+002, 1.1939606E+002, 1.2169552E+002, 1.2660187E+002, 1.2797278E+002, 1.3214501E+002, 1.4118671E+002, 1.4840313E+002, 1.4879497E+002, 1.6682087E+002, 1.5556828E+002, 1.5689858E+002, 1.7532638E+002, 1.7037834E+002, 2.3288246E+002, 2.6115316E+002, 2.2384313E+002, 1.9174222E+002, 1.8263643E+002, 1.6739897E+002, 1.5955910E+002, 1.3638703E+002, 1.3123643E+002, 1.3250278E+002,-1.8108157E+000,-1.7658254E+000,-1.7500789E+000,-1.5587645E+000,-1.5342974E+000,-1.3743084E+000,-1.3741908E+000,-1.5414141E+000,-2.0167389E+000,-1.6860605E+000,-8.6119942E-001,-1.5888984E+000,-1.6687557E+000, 3.3771745E-001, 3.1826755E+000, 4.4575845E+000, 4.5889498E+000, 4.4536798E+000, 4.6740998E+000, 4.8974574E+000, 2.7606276E+000, 2.8932375E+000, 2.9895659E+000, 9.9913705E+003, 1.4305153E+000, 6.6811048E+000, 3.2745152E+000
 2.8802645E+002, 1.1820187E+002, 1.2173157E+002, 1.2476325E+002, 1.2832767E+002, 1.3538449E+002, 1.4411642E+002, 1.4623606E+002, 1.5618538E+002, 1.5413068E+002, 1.5112785E+002, 1.6563154E+002, 1.6448701E+002, 1.9967443E+002, 2.3684434E+002, 2.8198531E+002, 2.2776482E+002, 1.6905681E+002, 1.5516430E+002, 1.5812969E+002, 1.6154280E+002, 1.4515822E+002, 1.3193742E+002, 1.2832985E+002,-1.6931189E+000,-1.8076533E+000,-1.6602483E+000,-1.5367524E+000,-1.4726460E+000,-1.4929489E+000,-1.3078958E+000,-1.5849916E+000,-1.8187016E+000,-1.2277578E+000,-1.2144738E+000,-1.8317948E+000,-1.7395709E+000,-6.7117668E-001, 3.0895952E+000, 4.6579388E+000, 3.7811833E+000, 4.1879236E+000, 3.5109849E+000, 4.0754662E+000, 4.3086158E+000, 2.4021716E+000, 3.3831289E+000, 1.0010643E+004, 1.4983198E+000, 6.5255942E+000, 3.3136540E+000
 2.8903096E+002, 1.1726574E+002, 1.2210927E+002, 1.2355125E+002, 1.3223846E+002, 1.3893627E+002, 1.4323747E+002, 1.4620793E+002, 1.5372970E+002, 1.4853217E+002, 1.5163715E+002, 1.6753341E+002, 1.7918136E+002, 2.0146871E+002, 2.1108204E+002, 2.6116786E+002, 2.2130878E+002, 2.0540478E+002, 1.5910978E+002, 1.4196022E+002, 1.4965399E+002, 1.4882058E+002, 1.3433016E+002, 1.2561416E+002,-1.6099824E+000,-1.8390485E+000,-1.6109518E+000,-1.7240382E+000,-1.3938455E+000,-1.5458273E+000,-1.4255947E+000,-1.8819479E+000,-1.4811502E+000,-1.1334324E+000,-1.8083918E+000,-1.6247635E+000,-1.7716156E+000,-9.9035946E-001, 3.3382707E+000, 4.7754171E+000, 5.0582597E+000, 3.4994908E+000, 3.5725239E+000, 3.4220397E+000, 4.2527927E+000, 4.0552255E+000, 2.8780103E+000, 1.0045747E+004, 1.4833661E+000, 6.4825848E+000, 3.4301718E+000
 2.9000985E+002, 1.1619404E+002, 1.2119079E+002, 1.2288981E+002, 1.3462387E+002, 1.4055753E+002, 1.4142903E+002, 1.5035340E+002, 1.4853880E+002, 1.4599768E+002, 1.6192473E+002, 1.6931053E+002, 1.9428656E+002, 2.1224480E+002, 2.5397215E+002, 2.6993832E+002, 2.3476891E+002, 1.8691152E+002, 1.6911445E+002, 1.5838680E+002, 1.3509914E+002, 1.4130520E+002, 1.3892595E+002, 1.2728240E+002,-1.6357649E+000,-1.8106127E+000,-1.6825701E+000,-1.6492326E+000,-1.4840411E+000,-1.3908952E+000,-1.7851371E+000,-1.4041883E+000,-1.2697588E+000,-1.6041828E+000,-1.8161794E+000,-2.1426414E+000,-2.3915072E+000,-3.1744876E+000, 2.7907412E+000, 4.5607334E+000, 4.3770596E+000, 4.5796424E+000, 4.0244633E+000, 3.4878098E+000, 3.7454584E+000, 3.7443224E+000, 3.2233538E+000, 1.0013370E+004, 1.4258350E+000, 6.8328764E+000, 3.4786499E+000
 2.9100537E+002, 1.1621837E+002, 1.1957648E+002, 1.2558019E+002, 1.3638955E+002, 1.3851041E+002, 1.4398688E+002, 1.4602082E+002, 1.4552227E+002, 1.5270898E+002, 1.6304104E+002, 1.8443349E+002, 2.0103187E+002, 1.9818710E+002, 1.9746426E+002, 2.7635128E+002, 2.2315054E+002, 2.1438928E+002, 1.8424096E+002, 1.5427538E+002, 1.5596494E+002, 1.3531379E+002, 1.3796324E+002, 1.2772000E+002,-1.5467331E+000,-1.6849793E+000,-1.7682945E+000,-1.5724715E+000,-1.4644299E+000,-1.6430084E+000,-1.6108446E+000,-1.3670739E+000,-1.2243327E+000,-1.9413028E+000,-2.5176301E+000,-3.2071812E+000,-2.5795473E+000,-3.6376273E-001, 2.4355006E+000, 5.1284097E+000, 5.2792059E+000, 4.4288401E+000, 3.9916442E+000, 4.2125958E+000, 3.4976842E+000, 2.9702272E+000, 3.6203383E+000, 9.9712109E+003, 1.3953800E+000, 7.1072027E+000, 3.5873084E+000
 2.9201198E+002, 1.1681968E+002, 1.1824462E+002, 1.2872101E+002, 1.3617361E+002, 1.3811121E+002, 1.4205315E+002, 1.4339334E+002, 1.4562039E+002, 1.5757273E+002, 1.7844381E+002, 1.8805179E+002, 1.8585261E+002, 1.7288105E+002, 1.9148540E+002, 2.5630547E+002, 2.2824531E+002, 1.8466647E+002, 1.8177580E+002, 1.7828623E+002, 1.6037928E+002, 1.4494343E+002, 1.3022954E+002, 1.3304486E+002,-1.5795094E+000,-1.6401877E+000,-1.7722438E+000,-1.5920101E+000,-1.3862406E+000,-1.8759773E+000,-1.4515714E+000,-1.4023055E+000,-1.9245495E+000,-2.5293552E+000,-3.1076677E+000,-2.3154652E+000,-1.3832989E+000,-2.5582870E-001, 1.9435106E+000, 4.4078739E+000, 5.2683910E+000, 4.7611198E+000, 4.1574595E+000, 4.2081009E+000, 4.2973681E+000, 3.3179696E+000, 3.7666613E+000, 9.9955544E+003, 1.4005608E+000, 6.8930193E+000, 3.3271391E+000
 2.9302858E+002, 1.1624988E+002, 1.1976640E+002, 1.2983567E+002, 1.3428047E+002, 1.3929437E+002, 1.3970049E+002, 1.4233122E+002, 1.5254216E+002, 1.7107733E+002, 1.7803337E+002, 1.7869091E+002, 1.6996846E+002, 1.6672945E+002, 2.1151636E+002, 2.5520529E+002, 2.3107620E+002, 2.0824028E+002, 1.7392450E+002, 1.6367687E+002, 1.6581491E+002, 1.4882648E+002, 1.3387112E+002, 1.3054071E+002,-1.4630310E+000,-1.7865067E+000,-1.6691266E+000,-1.6553651E+000,-1.6596935E+000,-1.5564987E+000,-1.7308068E+000,-1.7164522E+000,-2.4454438E+000,-2.9211401E+000,-1.8024967E+000,-1.3223951E+000,-9.1764764E-001,-9.9910503E-001, 3.4217065E+000, 4.7528136E+000, 4.4148121E+000, 4.4263649E+000, 4.3687423E+000, 3.2943839E+000, 4.2751527E+000, 4.1487274E+000, 3.2080729E+000, 9.9525874E+003, 1.4871110E+000, 6.5420426E+000, 3.5005277E+000
 2.9402011E+002, 1.1532958E+002, 1.2451421E+002, 1.3005090E+002, 1.3524078E+002, 1.3577845E+002, 1.3869206E+002, 1.4680246E+002, 1.6311474E+002, 1.6921373E+002, 1.6805694E+002, 1.7131943E+002, 1.6774378E+002, 1.6438797E+002, 2.0402478E+002, 2.6597376E+002, 2.3580381E+002, 2.0167636E+002, 1.8410713E+002, 1.6826422E+002, 1.5990364E+002, 1.5383246E+002, 1.4018614E+002, 1.2593492E+002,-1.2777212E+000,-2.0003823E+000,-1.5213829E+000,-1.7508690E+000,-1.6167787E+000,-1.7584039E+000,-1.8036489E+000,-2.4281920E+000,-2.7471046E+000,-1.7784911E+000,-1.7983150E+000,-1.1293528E+000,-1.1104488E+000,-1.0168359E+000, 2.8043055E+000, 5.0070889E+000, 5.4529735E+000, 4.3450400E+000, 3.5714573E+000, 4.1171921E+000, 3.5655495E+000, 3.8004540E+000, 3.6976287E+000, 9.9872838E+003, 1.6992580E+000, 6.4618652E+000, 3.6556227E+000
 2.9501163E+002, 1.1458934E+002, 1.2434840E+002, 1.2889259E+002, 1.3393040E+002, 1.3444847E+002, 1.4187923E+002, 1.5630071E+002, 1.6292570E+002, 1.6200759E+002, 1.6633923E+002, 1.6288348E+002, 1.6437238E+002, 1.6438817E+002, 1.8463810E+002, 2.7148850E+002, 2.4605548E+002, 2.1114944E+002, 1.7462405E+002, 1.7230984E+002, 1.6296037E+002, 1.4855632E+002, 1.4093673E+002, 1.3462725E+002,-1.5256466E+000,-1.8565691E+000,-1.4688081E+000,-1.8719011E+000,-1.4966648E+000,-1.8348360E+000,-2.2774221E+000,-2.4778219E+000,-1.7968154E+000,-1.5653654E+000,-1.3833601E+000,-1.1664026E+000,-1.6358509E+000,-9.9252152E-001, 1.7345454E+000, 5.0482226E+000, 5.6757229E+000, 5.0460921E+000, 3.9314475E+000, 3.7886959E+000, 3.7038877E+000, 3.8783350E+000, 3.8545452E+000, 1.0027382E+004, 1.6993720E+000, 6.1273225E+000, 3.9071131E+000
 2.9600316E+002, 1.1790519E+002, 1.2429348E+002, 1.2830312E+002, 1.3111662E+002, 1.3645458E+002, 1.5028248E+002, 1.5717141E+002, 1.5782433E+002, 1.5885461E+002, 1.5732792E+002, 1.6207878E+002, 1.6515977E+002, 1.7295613E+002, 2.1345312E+002, 2.6619681E+002, 2.4017587E+002, 2.0357103E+002, 1.7507607E+002, 1.6381737E+002, 1.6355717E+002, 1.4967774E+002, 1.4337080E+002, 1.3242059E+002,-1.6876968E+000,-1.9029935E+000,-1.5912137E+000,-1.7057391E+000,-1.9417545E+000,-2.1971225E+000,-2.3512449E+000,-1.9590795E+000,-1.3859327E+000,-1.8254708E+000,-1.2124818E+000,-7.9522119E-001,-1.8338377E+000,-2.6996290E+000, 1.5480056E+000, 4.8671308E+000, 5.0264508E+000, 4.6587764E+000, 4.5999466E+000, 3.7167133E+000, 3.4486557E+000, 3.1083779E+000, 3.6848363E+000, 1.0019907E+004, 1.5498253E+000, 6.2369867E+000, 3.8229975E+000
 2.9701321E+002, 1.1988920E+002, 1.2357380E+002, 1.2915368E+002, 1.3221533E+002, 1.4464567E+002, 1.5139037E+002, 1.5366173E+002, 1.5419332E+002, 1.5530639E+002, 1.5388349E+002, 1.6420744E+002, 1.6748889E+002, 1.8305651E+002, 2.0732744E+002, 2.6013520E+002, 2.3922267E+002, 2.0263175E+002, 1.8503074E+002, 1.6694441E+002, 1.5567325E+002, 1.5476560E+002, 1.4071422E+002, 1.3574935E+002,-1.8750412E+000,-1.7328943E+000,-1.7712194E+000,-1.8301431E+000,-2.2491396E+000,-2.1382501E+000,-1.8446852E+000,-1.3913981E+000,-1.6201024E+000,-1.3735762E+000,-1.4081787E+000,-6.6552778E-001,-2.0930820E+000,-3.3457954E+000,-3.3265500E-001, 4.4693033E+000, 4.9352130E+000, 4.7960505E+000, 3.9436669E+000, 4.6722660E+000, 4.0506561E+000, 3.6882641E+000, 3.6564401E+000, 1.0024265E+004, 1.5053885E+000, 6.4895510E+000, 3.6538060E+000
 2.9800659E+002, 1.1876130E+002, 1.2236575E+002, 1.2721912E+002, 1.3932917E+002, 1.4629459E+002, 1.4795394E+002, 1.5089770E+002, 1.5169126E+002, 1.4819430E+002, 1.5752795E+002, 1.6280908E+002, 1.7931903E+002, 1.8941496E+002, 2.1032746E+002, 2.7590493E+002, 2.2954690E+002, 2.0751284E+002, 1.8933659E+002, 1.6925694E+002, 1.6528935E+002, 1.5005228E+002, 1.4657825E+002, 1.3587703E+002,-1.7191016E+000,-1.6072196E+000,-1.6845653E+000,-2.2613146E+000,-2.2341356E+000,-1.7542046E+000,-1.5787197E+000,-1.3414783E+000,-1.7355956E+000,-1.4285246E+000,-1.0084701E+000,-1.8896840E+000,-2.3359380E+000,-2.0561760E+000, 1.8148071E+000, 4.1748387E+000, 5.2032474E+000, 4.1531956E+000, 4.0004894E+000, 4.2823585E+000, 4.2999213E+000, 3.7089819E+000, 3.5156197E+000, 9.9653135E+003, 1.4685675E+000, 6.6808081E+000, 3.4175272E+000
 2.9902307E+002, 1.1756741E+002, 1.2297993E+002, 1.2513450E+002, 1.4190107E+002, 1.4218335E+002, 1.4653803E+002, 1.4857866E+002, 1.4667898E+002, 1.4817430E+002, 1.5961740E+002, 1.6396658E+002, 1.7908039E+002, 1.8292678E+002, 1.8548349E+002, 2.7303142E+002, 2.4186312E+002, 2.1039099E+002, 1.7344667E+002, 1.7552998E+002, 1.6312338E+002, 1.5362329E+002, 1.4539666E+002, 1.3882783E+002,-1.7900362E+000,-1.6760303E+000,-1.6382290E+000,-2.1501808E+000,-1.5932377E+000,-1.6184871E+000,-1.3261729E+000,-1.6686858E+000,-1.3539178E+000,-1.4588007E+000,-8.2853633E-001,-1.8539776E+000,-1.7118412E+000,-1.5936748E+000, 2.1036049E-001, 4.9465994E+000, 4.9352462E+000, 4.4683087E+000, 3.8563582E+000, 3.6444346E+000, 4.1507309E+000, 3.8134251E+000, 3.8932049E+000, 9.9970578E+003, 1.4051935E+000, 6.5607976E+000, 3.8225345E+000
 3.0000000E+002, 1.1676758E+002, 1.2292503E+002, 1.2904874E+002, 1.3818576E+002, 1.4187810E+002, 1.4497362E+002, 1.4536260E+002, 1.4273143E+002, 1.5265238E+002, 1.5800891E+002, 1.7217944E+002, 1.8402387E+002, 1.7674008E+002, 2.0784435E+002, 2.8073288E+002, 2.4366093E+002, 2.1138935E+002, 1.9963144E+002, 1.6848602E+002, 1.6279310E+002, 1.5400209E+002, 1.4336709E+002, 1.3992449E+002,-1.7025889E+000,-1.8312067E+000,-1.8997556E+000,-1.9218860E+000,-1.5823346E+000,-1.5553379E+000,-1.4035321E+000,-1.5936902E+000,-1.5350394E+000,-1.1198446E+000,-1.4785651E+000,-2.0165347E+000,-1.3888318E+000,-2.6361884E+000, 9.2669428E-001, 4.3867044E+000, 4.8457931E+000, 4.4465024E+000, 4.2627014E+000, 3.9843652E+000, 4.2164798E+000, 3.7609612E+000, 3.5445360E+000, 1.0013372E+004, 1.3503950E+000, 6.5195219E+000, 3.6296163E+000
