s,C,C,C,C,C,C,C,C,C,C,C,C,C,C,C,C,C,C,C,C,C,C,C,m/s,m/s,m/s,m/s,m/s,m/s,m/s,m/s,m/s,m/s,m/s,m/s,m/s,m/s,m/s,m/s,m/s,m/s,m/s,m/s,m/s,m/s,m/s,kW,kW/m2,kW/m2,kW/m2
Time,"T_1500","T_2000","T_2500","T_3000","T_3250","T_3500","T_3750","T_4000","T_4250","T_4500","T_4750","T_5000","T_5250","T_5500","T_5750","T_6000","T_6250","T_6500","T_6750","T_7000","T_7500","T_8000","T_8500","U_1500","U_2000","U_2500","U_3000","U_3250","U_3500","U_3750","U_4000","U_4250","U_4500","U_4750","U_5000","U_5250","U_5500","U_5750","U_6000","U_6250","U_6500","U_6750","U_7000","U_7500","U_8000","U_8500","HRR_tot","Qw_4000","Qw_5000","Qw_6000"
 0.0000000E+000, 2.0000000E+001, 2.0000000E+001, 2.0000000E+001, 2.0000000E+001, 2.0000000E+001, 2.0000000E+001, 2.0000000E+001, 2.0000000E+001, 2.0000000E+001, 2.0000000E+001, 2.0000000E+001, 2.0000000E+001, 2.0000000E+001, 2.0000000E+001, 2.0000000E+001, 2.0000000E+001, 2.0000000E+001, 2.0000000E+001, 2.0000000E+001, 2.0000000E+001, 2.0000000E+001, 2.0000000E+001, 2.0000000E+001, 5.6197912E-004, 2.9520993E-003,-8.7618291E-004, 1.1063441E-002, 2.0845985E-003,-1.4146524E-003,-6.6439703E-004,-9.9484654E-004,-7.0168638E-003,-8.3212020E-003, 7.5169748E-003,-3.5032099E-003,-6.7067145E-003,-1.9324854E-003,-6.1360356E-003,-2.4254334E-003, 3.5344018E-003, 8.2269287E-003, 1.1937058E-002, 4.3294472E-003,-1.9726841E-003, 3.6929560E-003, 3.2174182E-003, 0.0000000E+000,-1.2684651E-003,-1.2323377E-003,-1.2639695E-003
 1.0262681E+000, 1.9999995E+001, 2.0000000E+001, 1.9999979E+001, 1.9999987E+001, 1.9999979E+001, 2.0000007E+001, 1.9999966E+001, 1.9999988E+001, 1.9999946E+001, 1.9999967E+001, 1.9999967E+001, 1.9999952E+001, 1.9999944E+001, 1.9999943E+001, 1.9999991E+001, 1.9999985E+001, 1.9999979E+001, 2.0000006E+001, 1.9999965E+001, 1.9999982E+001, 1.9999989E+001, 1.9999957E+001, 1.9999963E+001, 4.5858661E-002, 1.5298439E-002, 3.8743208E-003, 9.0919478E-003,-1.2132688E-003,-6.8219530E-003,-1.4923891E-002,-1.8502174E-002,-2.8270108E-002,-3.0161364E-002,-1.5606434E-002,-3.5410445E-003, 1.5994998E-002, 2.0098023E-002, 1.5175999E-002, 1.4937324E-002, 1.7441328E-002, 1.3673585E-002, 1.5497318E-002, 6.7159937E-003,-1.4919946E-003, 3.8128483E-003, 3.1491393E-003, 3.3017195E+003,-1.3813171E-004,-1.3459939E-004,-1.3652620E-004
 2.0126078E+000, 1.9999971E+001, 1.9999980E+001, 2.0000001E+001, 1.9999993E+001, 1.9999960E+001, 2.0000046E+001, 1.9999995E+001, 2.0000190E+001, 2.0000520E+001, 2.0002034E+001, 2.0047023E+001, 2.0065595E+001, 2.0053659E+001, 2.0003255E+001, 2.0002057E+001, 2.0000828E+001, 2.0000093E+001, 2.0000016E+001, 1.9999934E+001, 1.9999972E+001, 1.9999983E+001, 1.9999904E+001, 1.9999909E+001, 4.5006729E-001, 3.3077988E-001, 2.7011999E-001, 1.7870833E-001, 1.4814852E-001, 1.2178338E-001, 5.6414013E-002, 3.7078824E-002, 1.3812130E-002, 4.9887996E-003, 1.2766513E-002, 7.2258737E-002, 1.4383475E-001, 1.5800411E-001, 1.5400135E-001, 1.4444423E-001, 1.4385120E-001, 1.1795177E-001, 1.1029398E-001, 9.5255288E-002, 6.0894411E-002, 5.5411136E-002, 4.0201488E-002, 9.3624419E+003, 3.8322233E-002, 2.2940371E+000, 6.1365324E-002
 3.0036437E+000, 2.0000078E+001, 2.0000036E+001, 2.0000961E+001, 2.0006245E+001, 2.0006704E+001, 2.0004852E+001, 2.0006941E+001, 2.0039586E+001, 2.0122581E+001, 2.0269165E+001, 2.0702355E+001, 2.0981922E+001, 2.0835187E+001, 2.0436712E+001, 2.0139925E+001, 2.0058621E+001, 2.0009743E+001, 2.0004297E+001, 2.0006351E+001, 2.0006445E+001, 2.0001096E+001, 2.0000020E+001, 1.9999942E+001, 9.8856482E-001, 9.2029089E-001, 8.8577557E-001, 8.2238906E-001, 8.0633278E-001, 7.8702376E-001, 7.4583743E-001, 7.2963287E-001, 7.0497988E-001, 6.6048983E-001, 6.5467240E-001, 7.9682933E-001, 1.0033227E+000, 1.1301096E+000, 1.1432740E+000, 1.1182721E+000, 1.1079979E+000, 1.0750232E+000, 1.0621968E+000, 1.0513721E+000, 1.0164978E+000, 1.0040956E+000, 9.7766815E-001, 1.4514182E+004, 5.1085616E-001, 9.3623577E+000, 5.3906681E-001
 4.0032780E+000, 2.0000045E+001, 2.0000190E+001, 2.0002859E+001, 2.0019060E+001, 2.0027643E+001, 2.0029513E+001, 2.0030232E+001, 2.0072560E+001, 2.0275758E+001, 2.0573688E+001, 2.1497992E+001, 2.2521301E+001, 2.2875492E+001, 2.2175780E+001, 2.1012335E+001, 2.0376960E+001, 2.0112207E+001, 2.0032342E+001, 2.0029862E+001, 2.0029200E+001, 2.0010060E+001, 2.0000846E+001, 1.9999990E+001, 1.6435341E+000, 1.6745628E+000, 1.6868203E+000, 1.7142047E+000, 1.7165054E+000, 1.7230851E+000, 1.7359943E+000, 1.7357848E+000, 1.7203759E+000, 1.6488187E+000, 1.4712106E+000, 1.5108133E+000, 1.9077473E+000, 2.5095177E+000, 2.8561040E+000, 2.9401232E+000, 2.7889143E+000, 2.7628000E+000, 2.7554526E+000, 2.7574032E+000, 2.7732337E+000, 2.7809222E+000, 2.7913581E+000, 2.3783666E+004, 4.9405708E-001, 1.2237929E+001, 1.3572823E+000
 5.0017215E+000, 2.0000074E+001, 2.0000259E+001, 2.0003669E+001, 2.0024061E+001, 2.0041292E+001, 2.0053403E+001, 2.0062985E+001, 2.0112748E+001, 2.0342653E+001, 2.0815211E+001, 2.1763842E+001, 2.3776715E+001, 4.9449008E+001, 2.9791169E+001, 3.6067058E+001, 5.4973541E+001, 2.3714915E+001, 2.0272090E+001, 2.0103879E+001, 2.0072206E+001, 2.0030330E+001, 2.0004744E+001, 2.0000336E+001, 2.0258225E+000, 2.0218858E+000, 2.0212250E+000, 2.0130089E+000, 2.0120421E+000, 2.0136016E+000, 2.0092290E+000, 2.0058977E+000, 1.9907349E+000, 1.9402393E+000, 1.7033677E+000, 1.2252248E+000, 8.0434662E-001, 2.3350636E+000, 3.7404245E+000, 3.7967264E+000, 3.8142732E+000, 3.5312824E+000, 3.3148278E+000, 3.2768246E+000, 3.2630607E+000, 3.2587874E+000, 3.2578393E+000, 3.1083887E+004, 5.1194477E-001, 1.2437217E+001, 4.7951373E+000
 6.0021266E+000, 2.0000078E+001, 2.0000290E+001, 2.0004672E+001, 2.0033738E+001, 2.0059203E+001, 2.0081183E+001, 2.0093105E+001, 2.0128652E+001, 2.0321428E+001, 2.0871825E+001, 2.1995698E+001, 2.4730349E+001, 1.7496687E+002, 2.5984141E+002, 6.1937834E+002, 2.4970628E+002, 2.0565282E+002, 1.4738586E+002, 5.2029830E+001, 2.2440742E+001, 2.0070395E+001, 2.0022708E+001, 2.0002806E+001, 2.4708089E+000, 2.4608542E+000, 2.4569922E+000, 2.4423877E+000, 2.4412328E+000, 2.4381388E+000, 2.4307839E+000, 2.4262526E+000, 2.4180089E+000, 2.3932004E+000, 2.3076685E+000, 1.8494937E+000,-2.7417829E+000,-2.3913388E+000, 4.5793458E+000, 8.2559580E+000, 8.3528900E+000, 6.3911817E+000, 5.3419525E+000, 4.3057447E+000, 3.8253536E+000, 3.8146374E+000, 3.8124438E+000, 3.5643833E+004, 4.8631325E-001, 1.4663006E+001, 1.8229619E+001
 7.0006076E+000, 2.0000108E+001, 2.0000302E+001, 2.0004759E+001, 2.0037302E+001, 2.0071054E+001, 2.0107089E+001, 2.0134264E+001, 2.0166232E+001, 2.0303313E+001, 2.0752287E+001, 2.1877507E+001, 2.4037245E+001, 2.0089762E+002, 2.3595689E+002, 3.8087306E+002, 4.3406264E+002, 3.1435999E+002, 2.3409175E+002, 2.2345242E+002, 1.6841697E+002, 3.1093623E+001, 2.0064277E+001, 2.0018035E+001, 2.9143494E+000, 2.9019898E+000, 2.8942012E+000, 2.8799400E+000, 2.8740271E+000, 2.8688204E+000, 2.8589874E+000, 2.8531855E+000, 2.8466563E+000, 2.8326574E+000, 2.7811748E+000, 2.4114338E+000,-3.3355454E+000,-2.4872799E+000,-1.8441577E+000, 7.8178306E+000, 9.2630327E+000, 8.0339951E+000, 7.2454826E+000, 6.2269450E+000, 4.6543462E+000, 4.1908140E+000, 4.1736399E+000, 3.6390311E+004, 4.3511383E-001, 1.4708263E+001, 2.6761437E+001
 8.0019986E+000, 2.0000183E+001, 2.0000298E+001, 2.0004226E+001, 2.0035447E+001, 2.0072285E+001, 2.0119588E+001, 2.0166832E+001, 2.0218924E+001, 2.0330869E+001, 2.0638640E+001, 2.1508535E+001, 2.3335167E+001, 7.4581065E+001, 1.3704548E+002, 2.7164806E+002, 3.1460394E+002, 3.4703584E+002, 2.7174967E+002, 2.3392087E+002, 2.0785783E+002, 1.9298573E+002, 5.4957457E+001, 2.0065577E+001, 3.3915100E+000, 3.3905161E+000, 3.3897440E+000, 3.3896055E+000, 3.3881931E+000, 3.3844911E+000, 3.3827301E+000, 3.3829693E+000, 3.3793032E+000, 3.3773756E+000, 3.3671024E+000, 3.1956305E+000, 1.4343509E-001,-5.1375883E-002, 1.8448020E+000, 2.4061425E+000, 6.0416908E+000, 9.4177379E+000, 1.0047008E+001, 9.6700063E+000, 7.4505674E+000, 6.1199307E+000, 5.1349237E+000, 4.3628248E+004, 4.4843089E-001, 1.3295161E+001, 2.7716042E+001
 9.0001104E+000, 2.0000105E+001, 2.0000305E+001, 2.0003635E+001, 2.0031438E+001, 2.0066814E+001, 2.0117324E+001, 2.0176124E+001, 2.0244664E+001, 2.0362254E+001, 2.0599741E+001, 2.1219218E+001, 2.2539540E+001, 2.5478703E+001, 1.1755009E+002, 9.3145100E+001, 1.8779531E+002, 3.1297500E+002, 4.1566137E+002, 2.9133331E+002, 2.5145832E+002, 2.1868057E+002, 2.2049474E+002, 1.2521575E+002, 3.8586115E+000, 3.8617109E+000, 3.8712532E+000, 3.8764036E+000, 3.8796080E+000, 3.8799729E+000, 3.8802985E+000, 3.8774478E+000, 3.8802052E+000, 3.8851369E+000, 3.9044825E+000, 3.9250569E+000, 3.1287784E+000, 9.7533426E-001, 1.8770422E+000, 2.2639460E+000, 3.0164417E+000, 7.8886448E+000, 1.0469073E+001, 1.0802744E+001, 1.0171819E+001, 8.9666237E+000, 7.2620049E+000, 4.8228069E+004, 4.2471889E-001, 1.2215453E+001, 2.1590815E+001
 1.0000192E+001, 2.0000182E+001, 2.0000264E+001, 2.0003085E+001, 2.0026659E+001, 2.0058348E+001, 2.0107862E+001, 2.0172092E+001, 2.0251054E+001, 2.0371191E+001, 2.0575040E+001, 2.1056996E+001, 2.2053058E+001, 2.3854209E+001, 4.0955508E+001, 9.2345415E+001, 1.4937099E+002, 1.5435116E+002, 3.3608227E+002, 4.4208340E+002, 3.7291575E+002, 3.1538971E+002, 2.3516213E+002, 2.2472163E+002, 4.2858238E+000, 4.2964202E+000, 4.2924073E+000, 4.3019320E+000, 4.2997928E+000, 4.3015753E+000, 4.3054936E+000, 4.3065323E+000, 4.2999806E+000, 4.3299933E+000, 4.3689387E+000, 4.3604074E+000, 4.3320200E+000, 2.9368866E+000, 2.7102917E+000, 3.5826841E+000, 4.4654610E+000, 2.6495755E+000, 7.9777624E+000, 1.0394907E+001, 1.1789468E+001, 1.1037905E+001, 9.4884697E+000, 5.3454071E+004, 4.5786508E-001, 1.0813370E+001, 2.1363992E+001
 1.1002110E+001, 2.0000202E+001, 2.0000330E+001, 2.0002691E+001, 2.0022951E+001, 2.0050600E+001, 2.0096211E+001, 2.0160996E+001, 2.0246174E+001, 2.0368051E+001, 2.0555860E+001, 2.0974668E+001, 2.1787145E+001, 2.3207895E+001, 2.5446472E+001, 3.7437977E+001, 1.1031007E+002, 2.8319050E+002, 2.4132908E+002, 2.3505367E+002, 2.8321962E+002, 2.0706288E+002, 2.9903794E+002, 2.7877194E+002, 4.4819852E+000, 4.4582742E+000, 4.4626832E+000, 4.4528376E+000, 4.4546348E+000, 4.4540059E+000, 4.4468628E+000, 4.4444354E+000, 4.4491189E+000, 4.4530480E+000, 4.4928394E+000, 4.5452612E+000, 4.6047613E+000, 4.5794930E+000, 3.5617209E+000, 3.1036912E+000, 4.8774502E+000, 5.2083130E+000, 5.0803253E+000, 5.7312999E+000, 8.8898495E+000, 1.0513346E+001, 1.0778910E+001, 5.4007620E+004, 5.0009281E-001, 1.0484336E+001, 2.3054939E+001
 1.2000478E+001, 2.0000215E+001, 2.0000351E+001, 2.0002771E+001, 2.0022637E+001, 2.0049972E+001, 2.0094896E+001, 2.0158238E+001, 2.0242701E+001, 2.0369963E+001, 2.0569868E+001, 2.0975890E+001, 2.1778178E+001, 2.3120050E+001, 2.5031957E+001, 2.7464343E+001, 3.2755354E+001, 1.0538790E+002, 2.8649573E+002, 3.0503392E+002, 3.2799549E+002, 2.8474811E+002, 1.8837873E+002, 1.9034783E+002, 4.4749047E+000, 4.4382392E+000, 4.4235706E+000, 4.4241861E+000, 4.4186405E+000, 4.4207233E+000, 4.4171382E+000, 4.4153887E+000, 4.4187687E+000, 4.4369994E+000, 4.4883211E+000, 4.5445580E+000, 4.6078156E+000, 4.7209782E+000, 4.7815633E+000, 4.0324314E+000, 3.0196862E+000, 4.5931236E+000, 3.3748847E+000, 5.5358803E+000, 8.7847421E+000, 8.8871355E+000, 9.3693018E+000, 5.6038557E+004, 4.9226066E-001, 1.0931622E+001, 2.3717857E+001
 1.3002906E+001, 2.0000226E+001, 2.0000395E+001, 2.0002899E+001, 2.0023595E+001, 2.0050553E+001, 2.0092393E+001, 2.0151564E+001, 2.0237902E+001, 2.0376727E+001, 2.0601911E+001, 2.1046121E+001, 2.1850916E+001, 2.3150217E+001, 2.5060856E+001, 2.7530727E+001, 3.0211943E+001, 3.5396890E+001, 1.5500351E+002, 2.3760251E+002, 2.7497101E+002, 2.5748021E+002, 2.5288208E+002, 2.1749794E+002, 4.4763472E+000, 4.4345187E+000, 4.4047335E+000, 4.3996702E+000, 4.4046834E+000, 4.3988770E+000, 4.4004713E+000, 4.3992852E+000, 4.3946787E+000, 4.4083090E+000, 4.4724304E+000, 4.5692222E+000, 4.6609562E+000, 4.7186175E+000, 4.7210785E+000, 4.6892717E+000, 4.4215640E+000, 4.1908267E+000, 4.5228780E+000, 5.8924297E+000, 6.9862066E+000, 8.1983948E+000, 9.2563818E+000, 6.1989497E+004, 4.9435168E-001, 1.0914127E+001, 3.0711616E+001
 1.4001936E+001, 2.0000255E+001, 2.0000414E+001, 2.0002950E+001, 2.0023506E+001, 2.0050393E+001, 2.0092356E+001, 2.0150435E+001, 2.0232449E+001, 2.0370463E+001, 2.0605203E+001, 2.1063570E+001, 2.1883788E+001, 2.3197787E+001, 2.5062063E+001, 2.7479053E+001, 3.0204360E+001, 3.3091996E+001, 3.9152861E+001, 1.9869368E+002, 2.4887085E+002, 2.3003349E+002, 2.1524559E+002, 2.3397784E+002, 4.4824169E+000, 4.4376819E+000, 4.3960921E+000, 4.3764914E+000, 4.3769707E+000, 4.3821755E+000, 4.3776814E+000, 4.3724641E+000, 4.3738117E+000, 4.3877504E+000, 4.4416733E+000, 4.5376674E+000, 4.6638634E+000, 4.7918506E+000, 4.8407314E+000, 4.7884388E+000, 4.7506044E+000, 3.5965082E+000, 4.2136848E+000, 5.5505699E+000, 6.6660403E+000, 7.5048913E+000, 8.1006766E+000, 6.4536389E+004, 5.2844239E-001, 1.0485751E+001, 3.0703701E+001
 1.5002643E+001, 2.0000258E+001, 2.0000447E+001, 2.0002893E+001, 2.0022749E+001, 2.0049714E+001, 2.0094228E+001, 2.0158905E+001, 2.0250746E+001, 2.0392857E+001, 2.0614568E+001, 2.1050153E+001, 2.1886142E+001, 2.3228644E+001, 2.5167415E+001, 2.7677353E+001, 3.0346545E+001, 4.2038677E+001, 2.2445803E+002, 2.1774888E+002, 1.9721811E+002, 2.4850482E+002, 2.2863646E+002, 2.0097948E+002, 4.4782501E+000, 4.4244449E+000, 4.3736821E+000, 4.3396876E+000, 4.3291362E+000, 4.3231768E+000, 4.3226159E+000, 4.3178335E+000, 4.3167221E+000, 4.3377255E+000, 4.4105473E+000, 4.5005827E+000, 4.5999685E+000, 4.7421776E+000, 4.8761688E+000, 4.9157143E+000, 4.5880921E+000, 3.9909817E+000, 4.0431672E+000, 4.1644151E+000, 6.2026319E+000, 7.5662283E+000, 6.6141599E+000, 6.7279244E+004, 5.7595911E-001, 1.0706605E+001, 2.8831671E+001
 1.6001116E+001, 2.0000254E+001, 2.0000464E+001, 2.0003000E+001, 2.0022965E+001, 2.0049196E+001, 2.0091657E+001, 2.0154351E+001, 2.0244590E+001, 2.0386923E+001, 2.0617307E+001, 2.1058923E+001, 2.1868275E+001, 2.3192715E+001, 2.5115174E+001, 2.7554626E+001, 3.0195128E+001, 3.3517536E+001, 5.3430603E+001, 2.2028622E+002, 3.1290372E+002, 2.2796287E+002, 2.3550949E+002, 2.2142922E+002, 4.4671126E+000, 4.4045258E+000, 4.3410844E+000, 4.2889388E+000, 4.2701070E+000, 4.2545285E+000, 4.2439783E+000, 4.2383079E+000, 4.2366836E+000, 4.2582621E+000, 4.3280079E+000, 4.4418689E+000, 4.5736806E+000, 4.6996486E+000, 4.8185774E+000, 4.8104476E+000, 4.4462750E+000, 3.7058451E+000, 2.3344400E+000, 3.6588417E+000, 6.7935982E+000, 6.6995271E+000, 7.2194920E+000, 6.8960928E+004, 5.2753377E-001, 1.1297256E+001, 2.9198571E+001
 1.7001205E+001, 2.0000250E+001, 2.0000454E+001, 2.0003064E+001, 2.0023733E+001, 2.0050977E+001, 2.0094159E+001, 2.0154750E+001, 2.0240170E+001, 2.0380211E+001, 2.0613729E+001, 2.1069510E+001, 2.1910174E+001, 2.3285250E+001, 2.5288175E+001, 2.7862899E+001, 3.0669096E+001, 3.3393614E+001, 4.0211446E+001, 1.3036705E+002, 2.4619932E+002, 2.5523375E+002, 1.9119469E+002, 2.2913100E+002, 4.4748525E+000, 4.4141798E+000, 4.3449060E+000, 4.2831713E+000, 4.2570985E+000, 4.2351459E+000, 4.2180857E+000, 4.2095597E+000, 4.2074747E+000, 4.2312813E+000, 4.3099296E+000, 4.4291131E+000, 4.5717227E+000, 4.7598284E+000, 4.9294871E+000, 5.0458610E+000, 4.8413174E+000, 3.6838769E+000, 4.8112267E+000, 6.4305679E+000, 7.2767581E+000, 7.3272301E+000, 6.8894230E+000, 7.2783145E+004, 5.0489533E-001, 1.1432214E+001, 3.3029179E+001
 1.8003709E+001, 2.0000249E+001, 2.0000446E+001, 2.0002926E+001, 2.0022838E+001, 2.0048963E+001, 2.0089525E+001, 2.0144612E+001, 2.0221871E+001, 2.0354292E+001, 2.0586171E+001, 2.1039375E+001, 2.1863321E+001, 2.3198169E+001, 2.5114425E+001, 2.7614638E+001, 3.0506925E+001, 3.3326646E+001, 3.8349412E+001, 1.0405939E+002, 1.7767353E+002, 2.7510927E+002, 2.6481688E+002, 2.0434594E+002, 4.4647111E+000, 4.4007981E+000, 4.3267156E+000, 4.2516155E+000, 4.2193286E+000, 4.1906234E+000, 4.1671081E+000, 4.1499489E+000, 4.1471721E+000, 4.1730478E+000, 4.2482017E+000, 4.3625571E+000, 4.4961998E+000, 4.6277412E+000, 4.7337805E+000, 4.8535256E+000, 4.9356731E+000, 4.4825629E+000, 3.9277637E+000, 4.2947469E+000, 5.8833808E+000, 7.9262327E+000, 7.6621613E+000, 6.9090660E+004, 4.2939164E-001, 1.0897204E+001, 3.1906134E+001
 1.9001030E+001, 2.0000247E+001, 2.0000445E+001, 2.0002944E+001, 2.0022671E+001, 2.0047861E+001, 2.0085618E+001, 2.0135455E+001, 2.0203213E+001, 2.0318917E+001, 2.0541549E+001, 2.0998372E+001, 2.1834207E+001, 2.3178595E+001, 2.5058236E+001, 2.7499495E+001, 3.0525036E+001, 3.4003653E+001, 8.7049716E+001, 1.5494133E+002, 2.1169916E+002, 2.7794522E+002, 2.6604496E+002, 2.5588893E+002, 4.4727227E+000, 4.4118365E+000, 4.3390184E+000, 4.2608380E+000, 4.2251046E+000, 4.1922661E+000, 4.1644135E+000, 4.1424368E+000, 4.1339673E+000, 4.1580951E+000, 4.2385034E+000, 4.3597441E+000, 4.5123882E+000, 4.6683603E+000, 4.7988944E+000, 4.7822086E+000, 4.6096270E+000, 3.8627979E+000, 5.7263860E+000, 5.9129967E+000, 7.7178605E+000, 6.7655440E+000, 7.6396551E+000, 7.6567167E+004, 4.0339740E-001, 1.0660390E+001, 3.5581642E+001
 2.0001121E+001, 2.0000251E+001, 2.0000446E+001, 2.0002924E+001, 2.0022522E+001, 2.0047432E+001, 2.0084293E+001, 2.0131663E+001, 2.0195653E+001, 2.0305311E+001, 2.0507934E+001, 2.0937401E+001, 2.1738822E+001, 2.3035201E+001, 2.4887499E+001, 2.7314099E+001, 3.0200131E+001, 3.9348584E+001, 6.5016124E+001, 2.7989550E+002, 4.4543032E+002, 3.6963751E+002, 3.1968683E+002, 2.3725165E+002, 4.4747461E+000, 4.4145146E+000, 4.3411785E+000, 4.2623227E+000, 4.2233277E+000, 4.1888375E+000, 4.1554412E+000, 4.1293628E+000, 4.1173136E+000, 4.1353977E+000, 4.2124330E+000, 4.3425005E+000, 4.4991120E+000, 4.6570751E+000, 4.7624951E+000, 4.8138062E+000, 4.8847243E+000, 4.2972121E+000, 3.9217537E+000, 4.6142448E+000, 7.0769541E+000, 9.1776604E+000, 7.4827070E+000, 7.2845096E+004, 3.8642291E-001, 1.0483828E+001, 3.0117844E+001
 2.1003386E+001, 2.0000250E+001, 2.0000450E+001, 2.0002962E+001, 2.0022865E+001, 2.0047984E+001, 2.0083744E+001, 2.0127304E+001, 2.0184747E+001, 2.0285164E+001, 2.0480652E+001, 2.0914218E+001, 2.1717502E+001, 2.2976658E+001, 2.4740787E+001, 2.6947685E+001, 2.9621276E+001, 4.0530953E+001, 1.2637612E+002, 1.1816598E+002, 3.1245245E+002, 3.6719001E+002, 2.9591287E+002, 2.8483942E+002, 4.4752342E+000, 4.4145564E+000, 4.3415766E+000, 4.2645255E+000, 4.2252018E+000, 4.1867034E+000, 4.1518938E+000, 4.1224784E+000, 4.1072362E+000, 4.1237278E+000, 4.1997690E+000, 4.3309230E+000, 4.4968684E+000, 4.6978703E+000, 4.8629682E+000, 4.8776680E+000, 4.6203774E+000, 6.0154495E+000, 5.7328753E+000, 4.2566362E+000, 5.8821060E+000, 7.4370738E+000, 8.7640724E+000, 7.7727072E+004, 3.6873094E-001, 1.0706737E+001, 2.9762147E+001
 2.2002272E+001, 2.0000260E+001, 2.0000449E+001, 2.0002964E+001, 2.0022931E+001, 2.0048300E+001, 2.0084735E+001, 2.0129219E+001, 2.0187537E+001, 2.0290106E+001, 2.0486312E+001, 2.0911781E+001, 2.1721416E+001, 2.3005916E+001, 2.4798612E+001, 2.7021284E+001, 2.9637447E+001, 3.4466720E+001, 7.8896914E+001, 2.8097093E+002, 4.6187947E+002, 3.5212388E+002, 3.5902294E+002, 3.1079135E+002, 4.4752895E+000, 4.4148545E+000, 4.3415273E+000, 4.2648389E+000, 4.2261104E+000, 4.1866395E+000, 4.1491302E+000, 4.1189253E+000, 4.0990056E+000, 4.1094633E+000, 4.1884709E+000, 4.3206842E+000, 4.4857750E+000, 4.6472016E+000, 4.7907901E+000, 4.9736353E+000, 5.1430196E+000, 5.6076610E+000, 6.1302728E+000, 6.2363963E+000, 7.2003562E+000, 8.5321324E+000, 8.0793998E+000, 7.7211047E+004, 3.7647284E-001, 1.0789079E+001, 3.1092478E+001
 2.3000414E+001, 2.0000221E+001, 2.0000455E+001, 2.0002954E+001, 2.0022992E+001, 2.0047810E+001, 2.0082371E+001, 2.0124472E+001, 2.0181868E+001, 2.0286388E+001, 2.0491801E+001, 2.0934268E+001, 2.1744479E+001, 2.3004699E+001, 2.4760254E+001, 2.7010828E+001, 2.9642775E+001, 3.3584130E+001, 1.3177196E+002, 1.7348093E+002, 3.7404237E+002, 4.2409800E+002, 3.7883245E+002, 3.0429959E+002, 4.4756672E+000, 4.4118567E+000, 4.3391618E+000, 4.2617177E+000, 4.2227527E+000, 4.1843078E+000, 4.1471888E+000, 4.1132800E+000, 4.0905531E+000, 4.1003984E+000, 4.1696810E+000, 4.2954080E+000, 4.4563286E+000, 4.6239592E+000, 4.7455055E+000, 4.8147319E+000, 4.6257606E+000, 4.8177267E+000, 5.5389888E+000, 6.2028014E+000, 8.2158927E+000, 9.2714257E+000, 9.1672784E+000, 7.7150831E+004, 3.7909718E-001, 1.0681594E+001, 3.0714945E+001
 2.4001166E+001, 2.0000222E+001, 2.0000418E+001, 2.0002915E+001, 2.0022755E+001, 2.0048041E+001, 2.0084447E+001, 2.0128506E+001, 2.0185641E+001, 2.0288175E+001, 2.0494183E+001, 2.0929411E+001, 2.1727285E+001, 2.3002738E+001, 2.4746691E+001, 2.7013691E+001, 2.9710117E+001, 3.2790742E+001, 7.7790301E+001, 3.3793319E+002, 4.5802149E+002, 3.5819781E+002, 2.6225270E+002, 2.0537110E+002, 4.4619619E+000, 4.3982669E+000, 4.3176126E+000, 4.2360754E+000, 4.1956741E+000, 4.1559757E+000, 4.1165589E+000, 4.0818877E+000, 4.0559952E+000, 4.0601698E+000, 4.1284239E+000, 4.2537206E+000, 4.4155009E+000, 4.5918142E+000, 4.7258746E+000, 4.8429863E+000, 4.8217441E+000, 4.2865906E+000, 3.3113090E+000, 3.7563849E+000, 8.2218241E+000, 8.7429999E+000, 8.1250135E+000, 7.8348841E+004, 3.9226167E-001, 1.0378576E+001, 3.2108685E+001
 2.5003918E+001, 2.0000244E+001, 2.0000418E+001, 2.0002946E+001, 2.0023052E+001, 2.0048309E+001, 2.0084639E+001, 2.0129422E+001, 2.0189422E+001, 2.0295652E+001, 2.0505700E+001, 2.0957368E+001, 2.1773109E+001, 2.3044575E+001, 2.4770198E+001, 2.6959266E+001, 2.9564233E+001, 3.2599800E+001, 7.5352098E+001, 2.6102508E+002, 3.4351258E+002, 3.1632893E+002, 2.8024472E+002, 2.8021063E+002, 4.4639673E+000, 4.3975389E+000, 4.3260908E+000, 4.2386253E+000, 4.1993377E+000, 4.1601373E+000, 4.1204925E+000, 4.0860296E+000, 4.0600273E+000, 4.0625562E+000, 4.1248701E+000, 4.2509764E+000, 4.4112045E+000, 4.5816885E+000, 4.7280098E+000, 4.8324638E+000, 4.8043853E+000, 3.6633190E+000, 4.7228914E+000, 4.3935755E+000, 4.1843844E+000, 7.9852879E+000, 9.0165744E+000, 7.6087126E+004, 3.8897549E-001, 1.1100222E+001, 3.0640110E+001
 2.6002252E+001, 2.0000304E+001, 2.0000448E+001, 2.0003163E+001, 2.0024976E+001, 2.0052236E+001, 2.0090161E+001, 2.0135119E+001, 2.0193791E+001, 2.0298251E+001, 2.0510613E+001, 2.0973459E+001, 2.1828102E+001, 2.3193385E+001, 2.5024060E+001, 2.7300825E+001, 2.9908352E+001, 3.7534965E+001, 1.1717727E+002, 3.4647485E+002, 4.6405367E+002, 3.4708831E+002, 2.8550301E+002, 2.5570246E+002, 4.4578298E+000, 4.4116852E+000, 4.3434352E+000, 4.2697711E+000, 4.2273278E+000, 4.1892800E+000, 4.1530029E+000, 4.1195051E+000, 4.0943689E+000, 4.0957011E+000, 4.1595399E+000, 4.2833681E+000, 4.4535859E+000, 4.6491605E+000, 4.8193801E+000, 4.9590883E+000, 4.9793966E+000, 5.5291742E+000, 4.8458074E+000, 5.9344331E+000, 6.4279671E+000, 6.1583098E+000, 8.4914565E+000, 8.4521973E+004, 3.9531108E-001, 1.1290719E+001, 3.3331807E+001
 2.7003751E+001, 2.0000272E+001, 2.0000545E+001, 2.0003127E+001, 2.0024962E+001, 2.0052523E+001, 2.0091436E+001, 2.0139133E+001, 2.0202876E+001, 2.0313586E+001, 2.0522673E+001, 2.0976270E+001, 2.1816694E+001, 2.3187159E+001, 2.5182908E+001, 2.7650947E+001, 3.0246101E+001, 5.9830889E+001, 5.9120212E+001, 1.0198264E+002, 2.9534361E+002, 3.9045124E+002, 3.0611310E+002, 2.6892147E+002, 4.4831110E+000, 4.3979304E+000, 4.3589592E+000, 4.2945710E+000, 4.2592853E+000, 4.2203582E+000, 4.1839939E+000, 4.1510414E+000, 4.1262962E+000, 4.1286918E+000, 4.1932489E+000, 4.3096314E+000, 4.4642747E+000, 4.6498060E+000, 4.8730912E+000, 5.0496652E+000, 5.2225816E+000, 5.0944713E+000, 5.1918334E+000, 6.4420371E+000, 7.2245722E+000, 8.2881112E+000, 7.1776554E+000, 8.1416672E+004, 4.2032248E-001, 1.1565404E+001, 3.3242538E+001
 2.8000826E+001, 2.0000262E+001, 2.0000487E+001, 2.0003340E+001, 2.0025845E+001, 2.0054689E+001, 2.0095522E+001, 2.0143417E+001, 2.0205670E+001, 2.0318876E+001, 2.0540709E+001, 2.1016055E+001, 2.1888817E+001, 2.3258253E+001, 2.5216872E+001, 2.7757956E+001, 3.0827413E+001, 6.4387884E+001, 6.8478465E+001, 9.9214075E+001, 2.1190748E+002, 2.4829411E+002, 3.0400232E+002, 3.1484026E+002, 4.4823206E+000, 4.4256929E+000, 4.3380621E+000, 4.2861604E+000, 4.2523095E+000, 4.2197107E+000, 4.1867279E+000, 4.1502501E+000, 4.1207743E+000, 4.1228191E+000, 4.1878965E+000, 4.3066560E+000, 4.4578551E+000, 4.6338054E+000, 4.7992573E+000, 4.9419870E+000, 5.0889637E+000, 5.2830265E+000, 5.6298502E+000, 5.8012144E+000, 5.2065273E+000, 7.8422551E+000, 9.0567257E+000, 8.3621998E+004, 4.1667590E-001, 1.1878648E+001, 3.6012889E+001
 2.9002128E+001, 2.0000256E+001, 2.0000486E+001, 2.0003214E+001, 2.0024721E+001, 2.0051838E+001, 2.0091834E+001, 2.0143302E+001, 2.0213145E+001, 2.0332597E+001, 2.0559334E+001, 2.1034146E+001, 2.1905356E+001, 2.3330515E+001, 2.5361851E+001, 2.7937381E+001, 3.0916960E+001, 4.3054948E+001, 7.7211783E+001, 9.5017948E+001, 2.9640581E+002, 3.0188304E+002, 2.9485775E+002, 2.6971569E+002, 4.4592483E+000, 4.3865891E+000, 4.2744961E+000, 4.2223001E+000, 4.1938187E+000, 4.1576859E+000, 4.1253660E+000, 4.0895929E+000, 4.0623891E+000, 4.0578270E+000, 4.1158509E+000, 4.2399412E+000, 4.3942686E+000, 4.5536019E+000, 4.6733396E+000, 4.8325106E+000, 4.4885205E+000, 4.5840714E+000, 5.3253795E+000, 5.5591433E+000, 6.7582613E+000, 7.7695436E+000, 8.1835381E+000, 7.9271546E+004, 4.3264267E-001, 1.1804132E+001, 3.6694037E+001
 3.0003072E+001, 2.0000255E+001, 2.0000472E+001, 2.0003171E+001, 2.0024458E+001, 2.0051635E+001, 2.0090115E+001, 2.0137033E+001, 2.0203056E+001, 2.0329136E+001, 2.0578723E+001, 2.1086534E+001, 2.2011307E+001, 2.3461027E+001, 2.5501189E+001, 2.8135990E+001, 3.1271611E+001, 5.1089550E+001, 1.2426075E+002, 3.5581248E+002, 3.8633345E+002, 2.9152982E+002, 3.0210848E+002, 2.6415745E+002, 4.4501327E+000, 4.3781514E+000, 4.2957804E+000, 4.1920481E+000, 4.1632308E+000, 4.1261220E+000, 4.0908436E+000, 4.0644295E+000, 4.0360811E+000, 4.0360471E+000, 4.0996165E+000, 4.2204984E+000, 4.3894664E+000, 4.5731995E+000, 4.7247545E+000, 4.8288705E+000, 4.2058254E+000, 4.3131802E+000, 6.0180684E+000, 7.5641878E+000, 8.5507884E+000, 7.8738633E+000, 7.6644911E+000, 7.8605620E+004, 4.3668050E-001, 1.2495163E+001, 3.7434265E+001
 3.1000982E+001, 2.0000257E+001, 2.0000472E+001, 2.0003187E+001, 2.0024594E+001, 2.0052302E+001, 2.0094338E+001, 2.0148795E+001, 2.0219330E+001, 2.0339417E+001, 2.0577224E+001, 2.1106642E+001, 2.2085439E+001, 2.3659603E+001, 2.5783796E+001, 2.8403335E+001, 3.1384432E+001, 6.0106497E+001, 1.2106492E+002, 2.4101295E+002, 3.6755069E+002, 3.5764090E+002, 2.7851378E+002, 2.5211537E+002, 4.4844999E+000, 4.4295070E+000, 4.3562651E+000, 4.2819290E+000, 4.2805802E+000, 4.2304420E+000, 4.1603630E+000, 4.1435071E+000, 4.1296004E+000, 4.1370089E+000, 4.2051310E+000, 4.3326257E+000, 4.4969375E+000, 4.6655369E+000, 4.8479667E+000, 4.9525031E+000, 5.0292781E+000, 5.0931867E+000, 5.7720869E+000, 7.0384643E+000, 8.8581384E+000, 8.9501729E+000, 8.1817760E+000, 8.3237725E+004, 4.9681045E-001, 1.3121811E+001, 3.6427916E+001
 3.2002694E+001, 2.0000260E+001, 2.0000473E+001, 2.0003217E+001, 2.0024880E+001, 2.0052559E+001, 2.0093248E+001, 2.0147142E+001, 2.0226137E+001, 2.0364854E+001, 2.0616471E+001, 2.1138064E+001, 2.2130435E+001, 2.3737306E+001, 2.6014467E+001, 2.8816722E+001, 3.1922610E+001, 3.5378954E+001, 9.9415344E+001, 3.5732093E+002, 3.8154910E+002, 2.7870036E+002, 2.9053558E+002, 2.8520652E+002, 4.4845627E+000, 4.4289444E+000, 4.3587278E+000, 4.2776831E+000, 4.2378780E+000, 4.2761611E+000, 4.2778422E+000, 4.1480407E+000, 4.1078788E+000, 4.1255923E+000, 4.2063966E+000, 4.3366450E+000, 4.5021009E+000, 4.6772877E+000, 4.8445610E+000, 5.0381707E+000, 5.0167095E+000, 4.6629631E+000, 6.1057910E+000, 6.3349103E+000, 7.4585279E+000, 8.9146736E+000, 9.5152727E+000, 8.1617354E+004, 4.9476757E-001, 1.3592678E+001, 3.8071542E+001
 3.3000886E+001, 2.0000269E+001, 2.0000480E+001, 2.0003214E+001, 2.0024637E+001, 2.0052319E+001, 2.0094401E+001, 2.0149731E+001, 2.0225855E+001, 2.0360288E+001, 2.0621742E+001, 2.1160687E+001, 2.2170703E+001, 2.3815890E+001, 2.6156664E+001, 2.9019362E+001, 3.2223011E+001, 3.5828343E+001, 5.6493808E+001, 2.3859310E+002, 2.7042081E+002, 3.2920291E+002, 3.0218122E+002, 2.8471284E+002, 4.4396372E+000, 4.3623715E+000, 4.2836949E+000, 4.1901053E+000, 4.1431748E+000, 4.0918795E+000, 4.0908389E+000, 4.1268413E+000, 4.0745549E+000, 3.9781932E+000, 4.0489155E+000, 4.1935283E+000, 4.3566640E+000, 4.5445898E+000, 4.7112355E+000, 5.0250768E+000, 4.9644660E+000, 4.5134822E+000, 4.9416293E+000, 5.5234670E+000, 9.4026803E+000, 8.9326751E+000, 7.7598220E+000, 8.0524219E+004, 4.8790256E-001, 1.3515196E+001, 3.8785175E+001
 3.4000855E+001, 2.0000259E+001, 2.0000489E+001, 2.0003204E+001, 2.0024490E+001, 2.0051403E+001, 2.0091829E+001, 2.0146028E+001, 2.0222317E+001, 2.0356269E+001, 2.0617418E+001, 2.1163303E+001, 2.2178636E+001, 2.3849862E+001, 2.6201334E+001, 2.9233746E+001, 7.6087075E+001, 1.0470320E+002, 1.9268401E+002, 1.6668895E+002, 1.9956702E+002, 3.4415247E+002, 2.9268379E+002, 2.6184859E+002, 4.4640524E+000, 4.3989257E+000, 4.3254363E+000, 4.2451655E+000, 4.2054909E+000, 4.1624445E+000, 4.1080387E+000, 4.1038701E+000, 4.0875129E+000, 4.1651025E+000, 4.1459676E+000, 4.2358859E+000, 4.4104631E+000, 4.5657708E+000, 4.6410695E+000, 4.7765722E+000, 4.8677659E+000, 5.4789821E+000, 4.9667793E+000, 3.8415074E+000, 7.0720645E+000, 8.6815754E+000, 8.9918263E+000, 8.1331303E+004, 4.7264607E-001, 1.3152473E+001, 3.8561477E+001
 3.5001575E+001, 2.0000251E+001, 2.0000486E+001, 2.0003274E+001, 2.0025101E+001, 2.0053072E+001, 2.0094379E+001, 2.0147497E+001, 2.0220341E+001, 2.0347385E+001, 2.0595806E+001, 2.1143231E+001, 2.2153999E+001, 2.3806117E+001, 2.6142049E+001, 2.9127908E+001, 4.1366354E+001, 1.0409095E+002, 2.0699436E+002, 3.5072159E+002, 3.9381486E+002, 2.8127264E+002, 2.4953200E+002, 2.5099500E+002, 4.4958152E+000, 4.4464907E+000, 4.3797293E+000, 4.3158855E+000, 4.2792823E+000, 4.2428439E+000, 4.2111507E+000, 4.1668479E+000, 4.1234227E+000, 4.0953615E+000, 4.2389493E+000, 4.4131776E+000, 4.4870845E+000, 4.6246486E+000, 4.7136543E+000, 4.6661439E+000, 4.9540317E+000, 5.3062829E+000, 6.2636395E+000, 8.1012081E+000, 6.0380811E+000, 8.2449339E+000, 8.3321739E+000, 7.7635915E+004, 4.6017895E-001, 1.2920737E+001, 3.5259932E+001
 3.6001779E+001, 2.0000270E+001, 2.0000463E+001, 2.0003241E+001, 2.0024916E+001, 2.0052463E+001, 2.0092921E+001, 2.0145078E+001, 2.0216542E+001, 2.0344165E+001, 2.0591676E+001, 2.1113752E+001, 2.2102069E+001, 2.3679257E+001, 2.5947545E+001, 2.8891731E+001, 3.2481023E+001, 1.2389788E+002, 2.9337192E+002, 2.3128031E+002, 3.7308163E+002, 3.3859091E+002, 2.9512117E+002, 2.3725770E+002, 4.4611763E+000, 4.3951258E+000, 4.3214346E+000, 4.2405516E+000, 4.2011963E+000, 4.1626772E+000, 4.1215031E+000, 4.0834352E+000, 4.0593445E+000, 4.0426843E+000, 4.1138987E+000, 4.1658309E+000, 4.4389236E+000, 4.5621167E+000, 4.6403301E+000, 4.6711402E+000, 4.0671201E+000, 4.1215718E+000, 4.7414819E+000, 4.3772092E+000, 8.4984879E+000, 9.0620419E+000, 8.7381083E+000, 8.0609659E+004, 4.5146415E-001, 1.2994228E+001, 3.9315886E+001
 3.7003084E+001, 2.0000261E+001, 2.0000479E+001, 2.0003213E+001, 2.0025272E+001, 2.0054486E+001, 2.0098836E+001, 2.0154101E+001, 2.0225579E+001, 2.0351907E+001, 2.0604767E+001, 2.1131273E+001, 2.2115703E+001, 2.3707154E+001, 2.5966540E+001, 2.8825106E+001, 5.7474065E+001, 1.3350043E+002, 1.7521321E+002, 3.1508397E+002, 3.9345341E+002, 3.6991721E+002, 3.0422627E+002, 2.6747659E+002, 4.4413822E+000, 4.3650312E+000, 4.2869145E+000, 4.1956274E+000, 4.1554703E+000, 4.1152195E+000, 4.0681343E+000, 4.0301799E+000, 3.9980318E+000, 4.0101717E+000, 4.0979066E+000, 4.2765597E+000, 4.3395012E+000, 4.4830599E+000, 4.6376691E+000, 4.5615172E+000, 4.0834844E+000, 3.9911012E+000, 3.8062172E+000, 5.0909571E+000, 7.4254566E+000, 8.3319871E+000, 8.5188288E+000, 7.7586111E+004, 4.6061024E-001, 1.2438533E+001, 3.4543728E+001
 3.8001180E+001, 2.0000249E+001, 2.0000487E+001, 2.0003352E+001, 2.0026632E+001, 2.0056174E+001, 2.0099306E+001, 2.0154618E+001, 2.0230049E+001, 2.0362172E+001, 2.0622608E+001, 2.1171192E+001, 2.2164348E+001, 2.3759631E+001, 2.5966136E+001, 2.8805499E+001, 3.5429142E+001, 1.5565007E+002, 2.5889700E+002, 2.9364166E+002, 3.5214263E+002, 3.4073831E+002, 2.6045893E+002, 2.8096160E+002, 4.4802144E+000, 4.4237850E+000, 4.3534722E+000, 4.2809628E+000, 4.2443584E+000, 4.2078172E+000, 4.1733990E+000, 4.1391399E+000, 4.1125602E+000, 4.1122581E+000, 4.1859332E+000, 4.3387855E+000, 4.5575662E+000, 4.7107716E+000, 4.7770103E+000, 4.9246906E+000, 5.3742409E+000, 5.4189471E+000, 5.5580318E+000, 4.9475449E+000, 6.9142324E+000, 8.2831793E+000, 8.7373954E+000, 8.4080232E+004, 4.7747822E-001, 1.3327058E+001, 3.5928574E+001
 3.9000961E+001, 2.0000256E+001, 2.0000465E+001, 2.0003206E+001, 2.0025121E+001, 2.0054367E+001, 2.0099444E+001, 2.0158006E+001, 2.0234140E+001, 2.0364629E+001, 2.0618226E+001, 2.1149193E+001, 2.2150877E+001, 2.3795616E+001, 2.6141932E+001, 2.9186711E+001, 3.4993908E+001, 1.0428609E+002, 2.1609058E+002, 3.8650619E+002, 3.9244904E+002, 3.0726077E+002, 2.9435508E+002, 2.6046410E+002, 4.4764446E+000, 4.4179610E+000, 4.3464798E+000, 4.2733965E+000, 4.2356556E+000, 4.1986121E+000, 4.1633902E+000, 4.1298695E+000, 4.1023473E+000, 4.1012786E+000, 4.1614614E+000, 4.2804538E+000, 4.4757396E+000, 4.6313581E+000, 4.5828135E+000, 4.5452054E+000, 4.3795950E+000, 5.5462808E+000, 6.9911050E+000, 8.1714785E+000, 8.0360197E+000, 8.7227353E+000, 8.3223622E+000, 8.0221067E+004, 4.6314697E-001, 1.2661359E+001, 3.9266831E+001
 4.0001804E+001, 2.0000264E+001, 2.0000467E+001, 2.0003232E+001, 2.0025716E+001, 2.0054800E+001, 2.0098217E+001, 2.0156042E+001, 2.0236398E+001, 2.0368557E+001, 2.0611556E+001, 2.1122837E+001, 2.2074634E+001, 2.3641700E+001, 2.5964632E+001, 2.8944057E+001, 3.2433433E+001, 5.6773142E+001, 1.3514891E+002, 3.1101836E+002, 4.5870851E+002, 4.1738936E+002, 2.9038903E+002, 2.5599385E+002, 4.4810011E+000, 4.4241826E+000, 4.3554279E+000, 4.2833175E+000, 4.2467166E+000, 4.2108266E+000, 4.1769587E+000, 4.1441036E+000, 4.1178577E+000, 4.1171985E+000, 4.1749202E+000, 4.2875284E+000, 4.4209989E+000, 4.5892394E+000, 4.7927051E+000, 4.7304735E+000, 3.9303922E+000, 4.4333608E+000, 6.1166717E+000, 7.3489493E+000, 9.9300539E+000, 9.2431070E+000, 8.6827566E+000, 7.7346600E+004, 4.5860819E-001, 1.2228763E+001, 3.4101202E+001
 4.1000643E+001, 2.0000247E+001, 2.0000477E+001, 2.0003156E+001, 2.0024919E+001, 2.0053369E+001, 2.0096312E+001, 2.0152224E+001, 2.0228853E+001, 2.0360495E+001, 2.0603757E+001, 2.1099598E+001, 2.2023931E+001, 2.3562059E+001, 2.5779575E+001, 2.8638701E+001, 3.2253173E+001, 5.9308888E+001, 2.7645048E+002, 3.6355850E+002, 3.9306603E+002, 3.1707296E+002, 2.6772319E+002, 2.6871787E+002, 4.4664868E+000, 4.4020434E+000, 4.3303040E+000, 4.2518691E+000, 4.2136470E+000, 4.1754986E+000, 4.1361653E+000, 4.1012367E+000, 4.0758434E+000, 4.0748716E+000, 4.1305215E+000, 4.2403494E+000, 4.3860357E+000, 4.5300831E+000, 4.6092221E+000, 4.8294869E+000, 4.7979632E+000, 4.0480864E+000, 6.3636817E+000, 6.9596008E+000, 9.1856251E+000, 8.8449201E+000, 8.4717595E+000, 7.5302258E+004, 4.4327538E-001, 1.1633247E+001, 3.2636365E+001
 4.2000162E+001, 2.0000249E+001, 2.0000476E+001, 2.0003287E+001, 2.0025747E+001, 2.0054871E+001, 2.0098194E+001, 2.0153840E+001, 2.0231196E+001, 2.0369019E+001, 2.0627672E+001, 2.1143346E+001, 2.2083571E+001, 2.3590784E+001, 2.5800480E+001, 2.8700898E+001, 4.6201860E+001, 9.2888116E+001, 2.4654363E+002, 3.7756690E+002, 3.8157656E+002, 3.2091589E+002, 2.6873097E+002, 2.5218903E+002, 4.4430811E+000, 4.3691409E+000, 4.2914802E+000, 4.2042895E+000, 4.1636301E+000, 4.1231982E+000, 4.0785268E+000, 4.0426992E+000, 4.0136923E+000, 4.0156875E+000, 4.0782270E+000, 4.2057317E+000, 4.3702104E+000, 4.5351329E+000, 4.6640797E+000, 4.6470517E+000, 4.7264243E+000, 3.8661870E+000, 5.5424071E+000, 8.2564718E+000, 9.1401031E+000, 8.5717174E+000, 8.9997034E+000, 8.2683782E+004, 4.8652913E-001, 1.2814277E+001, 3.7470151E+001
 4.3002444E+001, 2.0000253E+001, 2.0000467E+001, 2.0003367E+001, 2.0026082E+001, 2.0055803E+001, 2.0101179E+001, 2.0159997E+001, 2.0235816E+001, 2.0366101E+001, 2.0627190E+001, 2.1185538E+001, 2.2209132E+001, 2.3839175E+001, 2.6042755E+001, 2.8790801E+001, 3.2122584E+001, 3.9322069E+001, 1.3394189E+002, 2.0685469E+002, 3.6582151E+002, 3.6444990E+002, 2.9355230E+002, 2.2788178E+002, 4.4920942E+000, 4.4414428E+000, 4.3748830E+000, 4.3090052E+000, 4.2740980E+000, 4.2398707E+000, 4.2099832E+000, 4.1772220E+000, 4.1533145E+000, 4.1570144E+000, 4.2291052E+000, 4.3628842E+000, 4.5456931E+000, 4.7476382E+000, 4.9291504E+000, 4.9140025E+000, 4.6021341E+000, 4.8960116E+000, 5.7441172E+000, 8.2986084E+000, 8.5807803E+000, 9.5091237E+000, 8.8156167E+000, 8.3920670E+004, 4.8268202E-001, 1.3908592E+001, 3.7668600E+001
 4.4002930E+001, 2.0000255E+001, 2.0000484E+001, 2.0003462E+001, 2.0027127E+001, 2.0058145E+001, 2.0105487E+001, 2.0167178E+001, 2.0247634E+001, 2.0380458E+001, 2.0634681E+001, 2.1188475E+001, 2.2262751E+001, 2.4045256E+001, 2.6550864E+001, 2.9557269E+001, 3.2635338E+001, 3.7625301E+001, 1.2954377E+002, 2.3648361E+002, 2.5035287E+002, 3.8043917E+002, 3.0652448E+002, 2.8023284E+002, 4.4700803E+000, 4.4082703E+000, 4.3371150E+000, 4.2614066E+000, 4.2240522E+000, 4.1866929E+000, 4.1497584E+000, 4.1163950E+000, 4.0897310E+000, 4.0905196E+000, 4.1548239E+000, 4.2788863E+000, 4.4373547E+000, 4.5909511E+000, 4.6702180E+000, 5.0636163E+000, 5.1375245E+000, 5.1930528E+000, 5.8799978E+000, 6.8983461E+000, 9.4639067E+000, 9.3957494E+000, 9.5547740E+000, 8.2892846E+004, 4.8113758E-001, 1.4046700E+001, 3.9171765E+001
 4.5000856E+001, 2.0000270E+001, 2.0000476E+001, 2.0003340E+001, 2.0026554E+001, 2.0057411E+001, 2.0104525E+001, 2.0165465E+001, 2.0246672E+001, 2.0383565E+001, 2.0643500E+001, 2.1187460E+001, 2.2244459E+001, 2.3971712E+001, 2.6501369E+001, 2.9750416E+001, 1.0902921E+002, 2.2844229E+002, 3.1464394E+002, 2.8272955E+002, 3.6514784E+002, 3.6947810E+002, 3.0585634E+002, 2.8572995E+002, 4.4331668E+000, 4.3529146E+000, 4.2738611E+000, 4.1802284E+000, 4.1384266E+000, 4.0973859E+000, 4.0491128E+000, 4.0125690E+000, 3.9826570E+000, 3.9796649E+000, 4.0357010E+000, 4.1623079E+000, 4.3256608E+000, 4.4803238E+000, 4.4783783E+000, 4.3894793E+000, 4.6448638E+000, 6.7743054E+000, 6.0203114E+000, 7.3044443E+000, 8.5153561E+000, 8.9762461E+000, 8.3326671E+000, 7.7198440E+004, 4.6653668E-001, 1.3424910E+001, 3.1693280E+001
 4.6000586E+001, 2.0000251E+001, 2.0000498E+001, 2.0003458E+001, 2.0027017E+001, 2.0058130E+001, 2.0105979E+001, 2.0167704E+001, 2.0245873E+001, 2.0376824E+001, 2.0636727E+001, 2.1205592E+001, 2.2267174E+001, 2.3994100E+001, 2.6402800E+001, 2.9339499E+001, 9.9417144E+001, 1.6108015E+002, 3.0408401E+002, 3.3246912E+002, 3.8124361E+002, 3.6840982E+002, 2.9422107E+002, 2.5786342E+002, 4.4896653E+000, 4.4369192E+000, 4.3703051E+000, 4.3025071E+000, 4.2670709E+000, 4.2317146E+000, 4.2002523E+000, 4.1683696E+000, 4.1440922E+000, 4.1480909E+000, 4.2195073E+000, 4.3506142E+000, 4.5305502E+000, 4.7102391E+000, 4.8193558E+000, 4.6943148E+000, 5.6373985E+000, 6.4067721E+000, 7.8165789E+000, 8.3539054E+000, 9.5069954E+000, 9.4456106E+000, 8.9520826E+000, 8.3428449E+004, 5.0068958E-001, 1.4308644E+001, 3.0604181E+001
 4.7002692E+001, 2.0000254E+001, 2.0000501E+001, 2.0003689E+001, 2.0028563E+001, 2.0061002E+001, 2.0110398E+001, 2.0174446E+001, 2.0257413E+001, 2.0397578E+001, 2.0662023E+001, 2.1239397E+001, 2.2366819E+001, 2.4180576E+001, 2.6611806E+001, 2.9664184E+001, 5.8222182E+001, 2.2257465E+002, 2.8414654E+002, 4.1241296E+002, 4.1980852E+002, 3.0145461E+002, 2.9845323E+002, 2.4767959E+002, 4.4450944E+000, 4.3712363E+000, 4.2930268E+000, 4.2073152E+000, 4.1664805E+000, 4.1261827E+000, 4.0808353E+000, 4.0446290E+000, 4.0170426E+000, 4.0190545E+000, 4.0852691E+000, 4.2175396E+000, 4.3820678E+000, 4.5010651E+000, 4.6978234E+000, 4.4466604E+000, 3.8098152E+000, 7.1625674E+000, 6.6942603E+000, 7.5952578E+000, 8.1797430E+000, 9.6593059E+000, 8.7407080E+000, 8.0954531E+004, 5.3615254E-001, 1.5558624E+001, 3.5380574E+001
 4.8001070E+001, 2.0000275E+001, 2.0000488E+001, 2.0003738E+001, 2.0029565E+001, 2.0063168E+001, 2.0113662E+001, 2.0179128E+001, 2.0266368E+001, 2.0411663E+001, 2.0694248E+001, 2.1287576E+001, 2.2434157E+001, 2.4323778E+001, 2.6986046E+001, 3.0456367E+001, 1.2169763E+002, 1.7310997E+002, 2.4363666E+002, 2.8839209E+002, 4.7946025E+002, 3.7041624E+002, 2.6411044E+002, 2.5296002E+002, 4.4527449E+000, 4.3822797E+000, 4.3072295E+000, 4.2227497E+000, 4.1827204E+000, 4.1443564E+000, 4.1028314E+000, 4.0663993E+000, 4.0381296E+000, 4.0380665E+000, 4.0987965E+000, 4.2212060E+000, 4.3551363E+000, 4.4305560E+000, 4.5504593E+000, 4.8428743E+000, 5.0026390E+000, 6.1237477E+000, 7.7930830E+000, 7.6074299E+000, 9.0250762E+000, 8.6955780E+000, 9.1698615E+000, 7.8273055E+004, 5.1641759E-001, 1.5077615E+001, 3.6934464E+001
 4.9002778E+001, 2.0000257E+001, 2.0000500E+001, 2.0003496E+001, 2.0027717E+001, 2.0059864E+001, 2.0109415E+001, 2.0174172E+001, 2.0258201E+001, 2.0396714E+001, 2.0663110E+001, 2.1244254E+001, 2.2354056E+001, 2.4193427E+001, 2.6758346E+001, 3.0061654E+001, 1.5398953E+002, 1.9204217E+002, 2.4162298E+002, 2.9548117E+002, 3.5694244E+002, 4.0532108E+002, 3.1496418E+002, 2.3697076E+002, 4.4944994E+000, 4.4427198E+000, 4.3756351E+000, 4.3095511E+000, 4.2745222E+000, 4.2392363E+000, 4.2081515E+000, 4.1748180E+000, 4.1497780E+000, 4.1525719E+000, 4.2185735E+000, 4.3346056E+000, 4.4786297E+000, 4.5841067E+000, 4.4201866E+000, 3.8028615E+000, 3.6250307E+000, 3.9754414E+000, 5.8571581E+000, 8.3461783E+000, 1.0341403E+001, 9.1751682E+000, 8.6259310E+000, 7.9582225E+004, 4.9140834E-001, 1.4296082E+001, 2.7628192E+001
 5.0000936E+001, 2.0000250E+001, 2.0000504E+001, 2.0003507E+001, 2.0026873E+001, 2.0057117E+001, 2.0103602E+001, 2.0166521E+001, 2.0252798E+001, 2.0394565E+001, 2.0652315E+001, 2.1195574E+001, 2.2254377E+001, 2.3993440E+001, 2.6550259E+001, 2.9851283E+001, 7.0208992E+001, 2.0265319E+002, 1.7165921E+002, 2.3639150E+002, 3.8307457E+002, 4.4029140E+002, 3.1196615E+002, 3.0522919E+002, 4.4652296E+000, 4.4000659E+000, 4.3268961E+000, 4.2486755E+000, 4.2105951E+000, 4.1714740E+000, 4.1316651E+000, 4.0976194E+000, 4.0700720E+000, 4.0720883E+000, 4.1372060E+000, 4.2637793E+000, 4.4134807E+000, 4.5316749E+000, 4.4341484E+000, 4.2739186E+000, 5.1192337E+000, 5.9909813E+000, 4.8596689E+000, 7.1189837E+000, 9.5208137E+000, 9.1152962E+000, 9.2891969E+000, 7.7264800E+004, 4.5020667E-001, 1.3188789E+001, 3.3695194E+001
 5.1000416E+001, 2.0000269E+001, 2.0000453E+001, 2.0003347E+001, 2.0026075E+001, 2.0056147E+001, 2.0102119E+001, 2.0163033E+001, 2.0244587E+001, 2.0375576E+001, 2.0625942E+001, 2.1161899E+001, 2.2197795E+001, 2.3906642E+001, 2.6283648E+001, 2.9201394E+001, 5.9698948E+001, 1.6360587E+002, 3.4488589E+002, 4.3262067E+002, 3.9000016E+002, 3.0127579E+002, 2.7066356E+002, 3.0047198E+002, 4.4434435E+000, 4.3691881E+000, 4.2903027E+000, 4.2017943E+000, 4.1602495E+000, 4.1213051E+000, 4.0763500E+000, 4.0384296E+000, 4.0092097E+000, 4.0073490E+000, 4.0676059E+000, 4.1958594E+000, 4.3709463E+000, 4.5511571E+000, 4.5979689E+000, 4.7636356E+000, 3.1355192E+000, 2.0944972E+000, 5.1698850E+000, 5.8431237E+000, 7.8619432E+000, 8.9574854E+000, 8.9545951E+000, 7.7639516E+004, 4.6213051E-001, 1.3379453E+001, 3.2111856E+001
 5.2000696E+001, 2.0000250E+001, 2.0000494E+001, 2.0003248E+001, 2.0025569E+001, 2.0055348E+001, 2.0102368E+001, 2.0166098E+001, 2.0249239E+001, 2.0381667E+001, 2.0626025E+001, 2.1148309E+001, 2.2155765E+001, 2.3854844E+001, 2.6291964E+001, 2.9278115E+001, 6.8910481E+001, 1.5016372E+002, 1.9012678E+002, 2.4433825E+002, 3.5444667E+002, 3.9177595E+002, 2.5793997E+002, 2.3019027E+002, 4.4715106E+000, 4.4097576E+000, 4.3389443E+000, 4.2620033E+000, 4.2243815E+000, 4.1865864E+000, 4.1492101E+000, 4.1144128E+000, 4.0869496E+000, 4.0891635E+000, 4.1521909E+000, 4.2831527E+000, 4.4521415E+000, 4.5993545E+000, 4.6386690E+000, 4.2792024E+000, 5.5649443E+000, 4.9491123E+000, 5.1218038E+000, 4.9355455E+000, 8.8490374E+000, 8.7172778E+000, 7.9960746E+000, 7.7598883E+004, 4.7892929E-001, 1.3121539E+001, 2.8628006E+001
 5.3001816E+001, 2.0000255E+001, 2.0000485E+001, 2.0003449E+001, 2.0026442E+001, 2.0056407E+001, 2.0102636E+001, 2.0164748E+001, 2.0247537E+001, 2.0378588E+001, 2.0619486E+001, 2.1144491E+001, 2.2162453E+001, 2.3823381E+001, 2.6132979E+001, 2.8987100E+001, 3.2470113E+001, 1.3634583E+002, 3.5856166E+002, 4.4910674E+002, 4.0698479E+002, 3.4520891E+002, 2.6750712E+002, 2.7868094E+002, 4.4864454E+000, 4.4326078E+000, 4.3641529E+000, 4.2966293E+000, 4.2604371E+000, 4.2242386E+000, 4.1912674E+000, 4.1594551E+000, 4.1349121E+000, 4.1381348E+000, 4.2096743E+000, 4.3437119E+000, 4.5211045E+000, 4.6843004E+000, 4.7556391E+000, 4.4701204E+000, 3.4426074E+000, 4.5064277E+000, 6.7787296E+000, 7.9489982E+000, 5.8398989E+000, 8.8551982E+000, 9.8652985E+000, 7.9528354E+004, 4.6627272E-001, 1.3676029E+001, 3.0597592E+001
 5.4002152E+001, 2.0000272E+001, 2.0000472E+001, 2.0003376E+001, 2.0025828E+001, 2.0055251E+001, 2.0101150E+001, 2.0163286E+001, 2.0246012E+001, 2.0377908E+001, 2.0622838E+001, 2.1144778E+001, 2.2171341E+001, 2.3846016E+001, 2.6176454E+001, 2.8918326E+001, 3.1993304E+001, 1.2245813E+002, 1.1791789E+002, 3.4563530E+002, 4.2889868E+002, 3.7646020E+002, 2.9763875E+002, 2.4759365E+002, 4.4335015E+000, 4.3534402E+000, 4.2734131E+000, 4.1801680E+000, 4.1377196E+000, 4.0967213E+000, 4.0479500E+000, 4.0101642E+000, 3.9808551E+000, 3.9807161E+000, 4.0397301E+000, 4.1737149E+000, 4.3535378E+000, 4.5362613E+000, 4.6571528E+000, 4.6221588E+000, 4.0039061E+000, 3.9413828E+000, 2.9405438E+000, 6.5960592E+000, 8.2037173E+000, 8.8197690E+000, 7.2512003E+000, 8.1264125E+004, 4.5752436E-001, 1.3475145E+001, 3.1783265E+001
 5.5002547E+001, 2.0000253E+001, 2.0000487E+001, 2.0003215E+001, 2.0024797E+001, 2.0053165E+001, 2.0097740E+001, 2.0158364E+001, 2.0238467E+001, 2.0367032E+001, 2.0607142E+001, 2.1132270E+001, 2.2145492E+001, 2.3817692E+001, 2.6127019E+001, 2.8884167E+001, 3.2548624E+001, 8.0030657E+001, 1.3128395E+002, 2.2077237E+002, 2.5279135E+002, 3.5958103E+002, 3.5283089E+002, 3.0610573E+002, 4.5007919E+000, 4.4523031E+000, 4.3876711E+000, 4.3242047E+000, 4.2903265E+000, 4.2556297E+000, 4.2285110E+000, 4.1964589E+000, 4.1722738E+000, 4.1760724E+000, 4.2557854E+000, 4.3876895E+000, 4.5645500E+000, 4.7336000E+000, 4.8393959E+000, 4.9159135E+000, 4.5841182E+000, 5.1567482E+000, 6.2302840E+000, 6.1299223E+000, 8.4377417E+000, 9.0919451E+000, 9.3733092E+000, 8.0435885E+004, 4.6957303E-001, 1.3588137E+001, 2.9504390E+001
 5.6000649E+001, 2.0000239E+001, 2.0000489E+001, 2.0003333E+001, 2.0025379E+001, 2.0054715E+001, 2.0100872E+001, 2.0163318E+001, 2.0245458E+001, 2.0375545E+001, 2.0613405E+001, 2.1131355E+001, 2.2163167E+001, 2.3893351E+001, 2.6264189E+001, 2.9092895E+001, 3.2108982E+001, 1.0150486E+002, 9.5758178E+001, 3.6609553E+002, 5.3005125E+002, 3.7736126E+002, 3.3035856E+002, 3.0298958E+002, 4.4526639E+000, 4.3823698E+000, 4.3052682E+000, 4.2225867E+000, 4.1824728E+000, 4.1429956E+000, 4.0996894E+000, 4.0639832E+000, 4.0374474E+000, 4.0425787E+000, 4.1057148E+000, 4.2313266E+000, 4.3871299E+000, 4.5136038E+000, 4.7403670E+000, 4.6461786E+000, 4.9845726E+000, 4.9069016E+000, 3.9837336E+000, 5.1576730E+000, 7.9574415E+000, 8.1385925E+000, 8.0259715E+000, 7.9197677E+004, 4.8782354E-001, 1.3556155E+001, 3.1341242E+001
 5.7002134E+001, 2.0000274E+001, 2.0000470E+001, 2.0003471E+001, 2.0025899E+001, 2.0055242E+001, 2.0101723E+001, 2.0165851E+001, 2.0252193E+001, 2.0389005E+001, 2.0641451E+001, 2.1161569E+001, 2.2190103E+001, 2.3862542E+001, 2.6241230E+001, 2.9207689E+001, 9.7212519E+001, 1.1006836E+002, 1.3281643E+002, 3.1655612E+002, 4.4600760E+002, 3.4985057E+002, 3.1308657E+002, 2.8019405E+002, 4.4285215E+000, 4.3467556E+000, 4.2646948E+000, 4.1675084E+000, 4.1244586E+000, 4.0828002E+000, 4.0318451E+000, 3.9955013E+000, 3.9661391E+000, 3.9653205E+000, 4.0262349E+000, 4.1663349E+000, 4.3380150E+000, 4.4797028E+000, 4.4061289E+000, 4.6197836E+000, 4.9074171E+000, 4.0942253E+000, 4.9095551E+000, 6.1824870E+000, 5.9564173E+000, 7.3386322E+000, 8.1869279E+000, 8.0550259E+004, 4.9557216E-001, 1.3789529E+001, 3.0271893E+001
 5.8001220E+001, 2.0000256E+001, 2.0000511E+001, 2.0003623E+001, 2.0027269E+001, 2.0056885E+001, 2.0101928E+001, 2.0163795E+001, 2.0250244E+001, 2.0398533E+001, 2.0675637E+001, 2.1265779E+001, 2.2367068E+001, 2.4148037E+001, 2.6566387E+001, 2.9411237E+001, 3.3318237E+001, 1.7595353E+002, 1.5774222E+002, 2.8343942E+002, 4.2933477E+002, 4.5360635E+002, 3.3350454E+002, 2.8456414E+002, 4.4956261E+000, 4.4456433E+000, 4.3798287E+000, 4.3151832E+000, 4.2803980E+000, 4.2459384E+000, 4.2181105E+000, 4.1860412E+000, 4.1641172E+000, 4.1715022E+000, 4.2478174E+000, 4.3804809E+000, 4.5345009E+000, 4.6707172E+000, 4.8541053E+000, 4.3730167E+000, 4.4890256E+000, 6.2488778E+000, 5.9970202E+000, 7.9993577E+000, 9.9850747E+000, 9.1586156E+000, 7.7479351E+000, 8.5320149E+004, 5.4522624E-001, 1.5726725E+001, 3.4061137E+001
 5.9000446E+001, 2.0000259E+001, 2.0000522E+001, 2.0003715E+001, 2.0028069E+001, 2.0059232E+001, 2.0106922E+001, 2.0169884E+001, 2.0254659E+001, 2.0398810E+001, 2.0684064E+001, 2.1301056E+001, 2.2510511E+001, 2.4469183E+001, 2.7066561E+001, 3.3847514E+001, 7.0476697E+001, 1.2469924E+002, 2.4511933E+002, 2.7186699E+002, 3.7810503E+002, 3.6983731E+002, 2.8679123E+002, 2.5648748E+002, 4.4243316E+000, 4.3393658E+000, 4.2570001E+000, 4.1592594E+000, 4.1165560E+000, 4.0741924E+000, 4.0223904E+000, 3.9842169E+000, 3.9542034E+000, 3.9558393E+000, 4.0210797E+000, 4.1489106E+000, 4.2995553E+000, 4.4107612E+000, 4.3988967E+000, 4.4864320E+000, 4.8390377E+000, 4.4011050E+000, 5.3375637E+000, 5.8109875E+000, 8.4840972E+000, 9.3073710E+000, 8.6214971E+000, 7.9976045E+004, 5.3756799E-001, 1.5783382E+001, 3.7182512E+001
 6.0002017E+001, 2.0000287E+001, 2.0000491E+001, 2.0003617E+001, 2.0027371E+001, 2.0058232E+001, 2.0106110E+001, 2.0172404E+001, 2.0264810E+001, 2.0414145E+001, 2.0686665E+001, 2.1260670E+001, 2.2430009E+001, 2.4384814E+001, 2.7203934E+001, 3.1247515E+001, 1.3466446E+002, 1.6750930E+002, 3.3451271E+002, 4.4039578E+002, 4.5537163E+002, 3.1135748E+002, 2.7088516E+002, 2.4400463E+002, 4.4660310E+000, 4.4020514E+000, 4.3272163E+000, 4.2489502E+000, 4.2098439E+000, 4.1721420E+000, 4.1339852E+000, 4.0991123E+000, 4.0714977E+000, 4.0722736E+000, 4.1399367E+000, 4.2612089E+000, 4.3871766E+000, 4.4013665E+000, 3.9547461E+000, 4.2510166E+000, 4.6458648E+000, 4.4884451E+000, 5.9083414E+000, 7.5456863E+000, 8.4784527E+000, 8.5658764E+000, 8.3530412E+000, 8.2465216E+004, 5.4112667E-001, 1.4287903E+001, 3.1590458E+001
 6.1003410E+001, 2.0000233E+001, 2.0000520E+001, 2.0003430E+001, 2.0026100E+001, 2.0055440E+001, 2.0101698E+001, 2.0166910E+001, 2.0258267E+001, 2.0411171E+001, 2.0684539E+001, 2.1257122E+001, 2.2319698E+001, 2.4129853E+001, 2.6733156E+001, 3.0642183E+001, 2.3377646E+002, 2.4436015E+002, 2.1444135E+002, 4.2546512E+002, 5.2861949E+002, 4.3782775E+002, 3.6458931E+002, 2.8198007E+002, 4.4737454E+000, 4.4105540E+000, 4.3385507E+000, 4.2619964E+000, 4.2248905E+000, 4.1863120E+000, 4.1473931E+000, 4.1123220E+000, 4.0869749E+000, 4.0917528E+000, 4.1609090E+000, 4.2830964E+000, 4.4146287E+000, 4.5152478E+000, 4.6634467E+000, 2.0549095E+000, 4.2466195E+000, 5.4820145E+000, 6.3102546E+000, 8.7756726E+000, 9.9772243E+000, 1.0479477E+001, 9.5302639E+000, 7.5383083E+004, 5.1801847E-001, 1.3951699E+001, 2.8705740E+001
 6.2003917E+001, 2.0000274E+001, 2.0000480E+001, 2.0003558E+001, 2.0026782E+001, 2.0056325E+001, 2.0101166E+001, 2.0161596E+001, 2.0249297E+001, 2.0406470E+001, 2.0701617E+001, 2.1286499E+001, 2.2423886E+001, 2.4213299E+001, 2.6765410E+001, 6.0846258E+001, 1.8481704E+002, 3.0473515E+002, 3.9251530E+002, 2.5361371E+002, 2.6722460E+002, 3.1770460E+002, 2.9978726E+002, 3.4052675E+002, 4.4139419E+000, 4.3261336E+000, 4.2393057E+000, 4.1362531E+000, 4.0918242E+000, 4.0486900E+000, 3.9937390E+000, 3.9539311E+000, 3.9230655E+000, 3.9217856E+000, 3.9814578E+000, 4.1232945E+000, 4.2836161E+000, 4.3152315E+000, 3.6944491E+000, 3.6276481E+000, 3.1770603E+000, 4.7442560E+000, 4.9955005E+000, 5.9129762E+000, 8.3311007E+000, 8.9760329E+000, 9.6356603E+000, 7.6526471E+004, 5.1671915E-001, 1.4522277E+001, 3.7216029E+001
 6.3002810E+001, 2.0000272E+001, 2.0000504E+001, 2.0003757E+001, 2.0028136E+001, 2.0059081E+001, 2.0105923E+001, 2.0168397E+001, 2.0252717E+001, 2.0394932E+001, 2.0681233E+001, 2.1294661E+001, 2.2458742E+001, 2.4352849E+001, 2.6904971E+001, 2.9858368E+001, 3.7464534E+001, 2.4649719E+002, 4.3937769E+002, 5.9046318E+002, 5.7503396E+002, 3.1660599E+002, 2.1050272E+002, 2.4483241E+002, 4.4870151E+000, 4.4325922E+000, 4.3638254E+000, 4.2923678E+000, 4.2553159E+000, 4.2190798E+000, 4.1849989E+000, 4.1509843E+000, 4.1235650E+000, 4.1283976E+000, 4.2040171E+000, 4.3399359E+000, 4.5197946E+000, 4.7269806E+000, 4.7369078E+000, 4.0388043E+000, 4.6383327E+000, 3.4215017E+000, 5.4316388E+000, 8.8292511E+000, 7.4913408E+000, 8.1597848E+000, 8.7389809E+000, 8.4222268E+004, 5.1494744E-001, 1.5518341E+001, 2.9566906E+001
 6.4000284E+001, 2.0000246E+001, 2.0000524E+001, 2.0003518E+001, 2.0027322E+001, 2.0057828E+001, 2.0104776E+001, 2.0169452E+001, 2.0258395E+001, 2.0403247E+001, 2.0664922E+001, 2.1241167E+001, 2.2370712E+001, 2.4350222E+001, 2.7161603E+001, 3.0716212E+001, 8.1887171E+001, 1.0074301E+002, 1.6575716E+002, 4.3378522E+002, 4.9861811E+002, 4.9330349E+002, 3.4303505E+002, 2.4890808E+002, 4.4595818E+000, 4.3911105E+000, 4.3160062E+000, 4.2335011E+000, 4.1939094E+000, 4.1538132E+000, 4.1107963E+000, 4.0743050E+000, 4.0486021E+000, 4.0512621E+000, 4.1141567E+000, 4.2381160E+000, 4.3665090E+000, 4.4669681E+000, 4.6872878E+000, 4.9025950E+000, 3.7520430E+000, 3.5987194E+000, 2.7776163E+000, 5.1838299E+000, 1.0041754E+001, 9.4003278E+000, 7.9900722E+000, 7.8799571E+004, 4.8743176E-001, 1.3522849E+001, 3.5485615E+001
 6.5000108E+001, 2.0000286E+001, 2.0000478E+001, 2.0003569E+001, 2.0027169E+001, 2.0058025E+001, 2.0105178E+001, 2.0168196E+001, 2.0257277E+001, 2.0408864E+001, 2.0690590E+001, 2.1252764E+001, 2.2365343E+001, 2.4223008E+001, 2.6940903E+001, 3.0872095E+001, 2.1749085E+002, 2.7160239E+002, 2.2782726E+002, 1.9282236E+002, 2.7432612E+002, 2.8077642E+002, 3.3108918E+002, 3.7361250E+002, 4.4272847E+000, 4.3456833E+000, 4.2618398E+000, 4.1652224E+000, 4.1206812E+000, 4.0779817E+000, 4.0281838E+000, 3.9907856E+000, 3.9589828E+000, 3.9578758E+000, 4.0220687E+000, 4.1580705E+000, 4.3459295E+000, 4.5270952E+000, 4.3293910E+000, 3.8110965E+000, 4.1398863E+000, 5.1430012E+000, 5.2483153E+000, 4.4461471E+000, 7.2498197E+000, 9.3849186E+000, 1.0108859E+001, 8.5410813E+004, 5.1216536E-001, 1.4690755E+001, 3.5490476E+001
 6.6000741E+001, 2.0000253E+001, 2.0000506E+001, 2.0003457E+001, 2.0026411E+001, 2.0056226E+001, 2.0102770E+001, 2.0167234E+001, 2.0256541E+001, 2.0406889E+001, 2.0687630E+001, 2.1272105E+001, 2.2370994E+001, 2.4231292E+001, 2.6970810E+001, 3.0555162E+001, 1.1885145E+002, 3.0349099E+002, 2.5478912E+002, 2.6390164E+002, 3.6779185E+002, 3.2888505E+002, 2.8930028E+002, 2.4488922E+002, 4.4817719E+000, 4.4225375E+000, 4.3523464E+000, 4.2774709E+000, 4.2404039E+000, 4.2038703E+000, 4.1687502E+000, 4.1334923E+000, 4.1071647E+000, 4.1135035E+000, 4.1860599E+000, 4.3138854E+000, 4.4521794E+000, 4.4912333E+000, 4.4396724E+000, 4.3598013E+000, 4.1419364E+000, 4.7370851E+000, 6.0987643E+000, 7.4470626E+000, 7.0759609E+000, 7.0306621E+000, 8.3696318E+000, 7.9461628E+004, 5.1357973E-001, 1.4134847E+001, 3.5350663E+001
 6.7001913E+001, 2.0000251E+001, 2.0000507E+001, 2.0003703E+001, 2.0027691E+001, 2.0057797E+001, 2.0103318E+001, 2.0164711E+001, 2.0250706E+001, 2.0398301E+001, 2.0671405E+001, 2.1253160E+001, 2.2373408E+001, 2.4179941E+001, 2.6690086E+001, 2.9811104E+001, 4.1987300E+001, 2.3899274E+002, 2.5615962E+002, 3.9390590E+002, 3.9633090E+002, 3.1671597E+002, 2.8266509E+002, 2.9133052E+002, 4.4876309E+000, 4.4346790E+000, 4.3643799E+000, 4.2957765E+000, 4.2600834E+000, 4.2228685E+000, 4.1899376E+000, 4.1575358E+000, 4.1347061E+000, 4.1419865E+000, 4.2149380E+000, 4.3453477E+000, 4.5011591E+000, 4.6791991E+000, 4.7880368E+000, 4.0583149E+000, 4.2717931E+000, 2.0480450E+000, 4.7730724E+000, 7.7525701E+000, 8.3233517E+000, 8.9815878E+000, 7.6837928E+000, 7.6022399E+004, 5.1296293E-001, 1.4090639E+001, 3.2743609E+001
 6.8002874E+001, 2.0000276E+001, 2.0000480E+001, 2.0003617E+001, 2.0027155E+001, 2.0057055E+001, 2.0102126E+001, 2.0161921E+001, 2.0244811E+001, 2.0389531E+001, 2.0668581E+001, 2.1224017E+001, 2.2271175E+001, 2.3997895E+001, 2.6456807E+001, 2.9554848E+001, 5.7127273E+001, 1.1152448E+002, 2.1223196E+002, 3.3799387E+002, 4.1546736E+002, 3.7756782E+002, 3.3403624E+002, 2.5093768E+002, 4.4407049E+000, 4.3640510E+000, 4.2849234E+000, 4.1940912E+000, 4.1508553E+000, 4.1098229E+000, 4.0627989E+000, 4.0271422E+000, 3.9989694E+000, 4.0018729E+000, 4.0678791E+000, 4.1961460E+000, 4.3456231E+000, 4.4825084E+000, 4.4315050E+000, 4.3183225E+000, 4.1007285E+000, 2.7912051E+000, 3.3878161E+000, 5.2652111E+000, 8.5271651E+000, 9.5029447E+000, 9.1365522E+000, 7.5789234E+004, 4.9312300E-001, 1.3134347E+001, 2.8604659E+001
 6.9003556E+001, 2.0000258E+001, 2.0000503E+001, 2.0003472E+001, 2.0026755E+001, 2.0056689E+001, 2.0102807E+001, 2.0164713E+001, 2.0248070E+001, 2.0385979E+001, 2.0650365E+001, 2.1213767E+001, 2.2289869E+001, 2.4033959E+001, 2.6416418E+001, 2.9282819E+001, 3.2496599E+001, 7.1444443E+001, 1.6472066E+002, 1.6123026E+002, 4.5545263E+002, 3.5154664E+002, 3.1841028E+002, 3.1011954E+002, 4.4351018E+000, 4.3544496E+000, 4.2749340E+000, 4.1794983E+000, 4.1368105E+000, 4.0954205E+000, 4.0477204E+000, 4.0103703E+000, 3.9834633E+000, 3.9842008E+000, 4.0456945E+000, 4.1901532E+000, 4.3766926E+000, 4.5544175E+000, 4.7109483E+000, 4.8365472E+000, 4.1784570E+000, 4.0068102E+000, 2.6915492E+000, 3.2461907E+000, 7.5475186E+000, 8.4008340E+000, 9.1011232E+000, 8.1027723E+004, 4.8932745E-001, 1.3330293E+001, 3.1886642E+001
 7.0002284E+001, 2.0000252E+001, 2.0000512E+001, 2.0003500E+001, 2.0026748E+001, 2.0056607E+001, 2.0102130E+001, 2.0163238E+001, 2.0245285E+001, 2.0385310E+001, 2.0652010E+001, 2.1217719E+001, 2.2274764E+001, 2.4017477E+001, 2.6339237E+001, 2.9253167E+001, 3.2577103E+001, 6.2626387E+001, 1.0739651E+002, 1.8928306E+002, 3.0980218E+002, 3.6152312E+002, 4.2460943E+002, 3.2417006E+002, 4.4728619E+000, 4.4135890E+000, 4.3412000E+000, 4.2646656E+000, 4.2280714E+000, 4.1893186E+000, 4.1520293E+000, 4.1205120E+000, 4.0971795E+000, 4.0996128E+000, 4.1689907E+000, 4.2981438E+000, 4.4880614E+000, 4.6862438E+000, 4.7706774E+000, 4.5019877E+000, 3.6974005E+000, 4.1667165E+000, 4.2689589E+000, 4.4569167E+000, 5.0491925E+000, 8.6761189E+000, 9.9059621E+000, 8.0693985E+004, 5.0936579E-001, 1.4464023E+001, 3.0653482E+001
 7.1002034E+001, 2.0000278E+001, 2.0000501E+001, 2.0003942E+001, 2.0029301E+001, 2.0061649E+001, 2.0110965E+001, 2.0177296E+001, 2.0267563E+001, 2.0411538E+001, 2.0676467E+001, 2.1261994E+001, 2.2440236E+001, 2.4346640E+001, 2.6960389E+001, 2.9873782E+001, 3.2510055E+001, 3.6255080E+001, 1.2791370E+002, 2.2663232E+002, 3.2106392E+002, 3.1807985E+002, 2.7960078E+002, 3.0859238E+002, 4.4285711E+000, 4.3453340E+000, 4.2627951E+000, 4.1673624E+000, 4.1238400E+000, 4.0830503E+000, 4.0333860E+000, 3.9957856E+000, 3.9675293E+000, 3.9710867E+000, 4.0358466E+000, 4.1688711E+000, 4.3414870E+000, 4.6018297E+000, 4.8953028E+000, 5.0841209E+000, 4.4665466E+000, 3.3748661E+000, 3.4373076E+000, 4.8370413E+000, 5.0110542E+000, 6.1051373E+000, 7.4982769E+000, 8.4205238E+004, 5.4967518E-001, 1.5262099E+001, 3.3292760E+001
 7.2004025E+001, 2.0000286E+001, 2.0000533E+001, 2.0003986E+001, 2.0030109E+001, 2.0062679E+001, 2.0111845E+001, 2.0178814E+001, 2.0273356E+001, 2.0435803E+001, 2.0739302E+001, 2.1340498E+001, 2.2541546E+001, 2.4527707E+001, 2.7333107E+001, 3.0727322E+001, 1.3353037E+002, 1.5086080E+002, 5.3354307E+001, 1.4679344E+002, 2.4120738E+002, 3.2434534E+002, 3.1496025E+002, 2.8295586E+002, 4.4379401E+000, 4.3580164E+000, 4.2790808E+000, 4.1844170E+000, 4.1427272E+000, 4.1043922E+000, 4.0590666E+000, 4.0211401E+000, 3.9894397E+000, 3.9890650E+000, 4.0500387E+000, 4.1838098E+000, 4.3766780E+000, 4.5874194E+000, 4.5942625E+000, 4.9208819E+000, 5.1343839E+000, 4.5902519E+000, 4.8974414E+000, 6.7795390E+000, 6.4224720E+000, 7.1353870E+000, 7.0767171E+000, 7.9737640E+004, 5.4372854E-001, 1.6082788E+001, 3.0123702E+001
 7.3003379E+001, 2.0000259E+001, 2.0000542E+001, 2.0003748E+001, 2.0029035E+001, 2.0061790E+001, 2.0112886E+001, 2.0183823E+001, 2.0283053E+001, 2.0441904E+001, 2.0730101E+001, 2.1358096E+001, 2.2565888E+001, 2.4625918E+001, 2.7628717E+001, 3.1170406E+001, 3.7157012E+001, 1.5404666E+002, 2.5092056E+002, 2.3020614E+002, 2.4339127E+002, 2.9196017E+002, 2.9749007E+002, 2.9820321E+002, 4.4752048E+000, 4.4136851E+000, 4.3404660E+000, 4.2651725E+000, 4.2289703E+000, 4.1911675E+000, 4.1556263E+000, 4.1220023E+000, 4.0947469E+000, 4.0964071E+000, 4.1673447E+000, 4.2923623E+000, 4.4321726E+000, 4.5881146E+000, 4.7275521E+000, 4.4284376E+000, 3.9035026E+000, 5.3558101E+000, 4.7812398E+000, 5.6066024E+000, 9.4155215E+000, 8.7185739E+000, 6.9281666E+000, 8.0592104E+004, 5.7220956E-001, 1.4973286E+001, 2.9098276E+001
 7.4001973E+001, 2.0000261E+001, 2.0000529E+001, 2.0003960E+001, 2.0029325E+001, 2.0061462E+001, 2.0110626E+001, 2.0178622E+001, 2.0276891E+001, 2.0446039E+001, 2.0750320E+001, 2.1369742E+001, 2.2553788E+001, 2.4558124E+001, 2.7454166E+001, 3.1336122E+001, 5.8030249E+001, 1.6464805E+002, 1.8937763E+002, 3.0304751E+002, 3.6392616E+002, 2.9340502E+002, 3.1023590E+002, 2.8672921E+002, 4.4969837E+000, 4.4475560E+000, 4.3792466E+000, 4.3137617E+000, 4.2787897E+000, 4.2439442E+000, 4.2132428E+000, 4.1813885E+000, 4.1579847E+000, 4.1623469E+000, 4.2359294E+000, 4.3657594E+000, 4.5156431E+000, 4.6439180E+000, 4.4802991E+000, 4.2197269E+000, 3.8141722E+000, 5.8511439E+000, 5.5840953E+000, 6.5735400E+000, 7.3513251E+000, 9.1864795E+000, 9.6199739E+000, 8.0649985E+004, 5.9468165E-001, 1.5445627E+001, 3.7334248E+001
 7.5000256E+001, 2.0000292E+001, 2.0000503E+001, 2.0004077E+001, 2.0030326E+001, 2.0063143E+001, 2.0112682E+001, 2.0179308E+001, 2.0274747E+001, 2.0444712E+001, 2.0768142E+001, 2.1399529E+001, 2.2585713E+001, 2.4516623E+001, 2.7291268E+001, 3.0691766E+001, 3.5181747E+001, 2.1849171E+002, 3.0795833E+002, 3.3266718E+002, 3.2290859E+002, 3.3984249E+002, 2.8539567E+002, 2.3922000E+002, 4.3868991E+000, 4.2838527E+000, 4.1920562E+000, 4.0761683E+000, 4.0276095E+000, 3.9837528E+000, 3.9207183E+000, 3.8771513E+000, 3.8427609E+000, 3.8417706E+000, 3.9006511E+000, 4.0384994E+000, 4.2253501E+000, 4.5057441E+000, 4.5013347E+000, 4.2677460E+000, 4.3338106E+000, 4.2070514E+000, 4.7321299E+000, 6.1892113E+000, 7.2725810E+000, 8.3506378E+000, 8.3381629E+000, 7.8332412E+004, 5.3390351E-001, 1.5155883E+001, 3.1645252E+001
 7.6003584E+001, 2.0000258E+001, 2.0000572E+001, 2.0004152E+001, 2.0031642E+001, 2.0065057E+001, 2.0113906E+001, 2.0178662E+001, 2.0271806E+001, 2.0442309E+001, 2.0782906E+001, 2.1465161E+001, 2.2758800E+001, 2.4814938E+001, 2.7883620E+001, 3.3129715E+001, 4.7480829E+001, 8.7094253E+001, 1.5066091E+002, 2.1108458E+002, 3.2795085E+002, 3.7276740E+002, 3.5972827E+002, 2.8529105E+002, 4.4461824E+000, 4.3703571E+000, 4.2938889E+000, 4.2017713E+000, 4.1617311E+000, 4.1205391E+000, 4.0755999E+000, 4.0373401E+000, 4.0084499E+000, 4.0114379E+000, 4.0829353E+000, 4.2187014E+000, 4.3602385E+000, 4.4301473E+000, 4.5605774E+000, 5.3600615E+000, 4.6389377E+000, 5.0017507E+000, 5.3364865E+000, 6.1282825E+000, 8.2739104E+000, 9.2240898E+000, 9.2119540E+000, 8.4500850E+004, 5.8802572E-001, 1.6509292E+001, 3.4034838E+001
 7.7002836E+001, 2.0000259E+001, 2.0000537E+001, 2.0004082E+001, 2.0030814E+001, 2.0064773E+001, 2.0115937E+001, 2.0184262E+001, 2.0278681E+001, 2.0442193E+001, 2.0761155E+001, 2.1444594E+001, 2.2731429E+001, 2.4876722E+001, 2.7880827E+001, 3.2100652E+001, 1.3387192E+002, 2.9492685E+002, 2.0078539E+002, 2.9990023E+002, 3.3115503E+002, 3.2337112E+002, 2.4338965E+002, 3.0425448E+002, 4.4974620E+000, 4.4491010E+000, 4.3809725E+000, 4.3172349E+000, 4.2816140E+000, 4.2445409E+000, 4.2136713E+000, 4.1820121E+000, 4.1571884E+000, 4.1622496E+000, 4.2356068E+000, 4.3438320E+000, 4.4582953E+000, 4.5177140E+000, 4.1866532E+000, 2.9774197E+000, 3.6051827E+000, 5.1856543E+000, 4.9459659E+000, 5.1475008E+000, 7.6344756E+000, 8.0224901E+000, 8.9848764E+000, 7.6463903E+004, 5.4990084E-001, 1.5211360E+001, 3.1396947E+001
 7.8000204E+001, 2.0000287E+001, 2.0000514E+001, 2.0004084E+001, 2.0030672E+001, 2.0063873E+001, 2.0113116E+001, 2.0179279E+001, 2.0273143E+001, 2.0434659E+001, 2.0736793E+001, 2.1376693E+001, 2.2623589E+001, 2.4618492E+001, 2.7368728E+001, 3.8353273E+001, 4.5362095E+001, 3.8703752E+002, 3.4139993E+002, 4.3135698E+002, 4.3811054E+002, 3.2615440E+002, 3.0552823E+002, 2.7300866E+002, 4.4485167E+000, 4.3750057E+000, 4.2980747E+000, 4.2088137E+000, 4.1659553E+000, 4.1264893E+000, 4.0810295E+000, 4.0435060E+000, 4.0149156E+000, 4.0167548E+000, 4.0790225E+000, 4.1932760E+000, 4.2977614E+000, 4.4426885E+000, 4.4135336E+000, 3.7484302E+000, 3.1217242E+000, 4.6231763E+000, 5.2749875E+000, 6.6252326E+000, 8.0281889E+000, 8.7009979E+000, 8.1507437E+000, 7.7693528E+004, 5.4633547E-001, 1.5472295E+001, 3.6967217E+001
 7.9001254E+001, 2.0000285E+001, 2.0000523E+001, 2.0003848E+001, 2.0029810E+001, 2.0062846E+001, 2.0113199E+001, 2.0180092E+001, 2.0272951E+001, 2.0432295E+001, 2.0743309E+001, 2.1373135E+001, 2.2588038E+001, 2.4651676E+001, 2.7659589E+001, 3.1429469E+001, 1.4934590E+002, 2.0169313E+002, 3.0244416E+002, 3.5834757E+002, 4.1072228E+002, 3.6927010E+002, 2.7478595E+002, 2.7380309E+002, 4.4238681E+000, 4.3374757E+000, 4.2558357E+000, 4.1543372E+000, 4.1104013E+000, 4.0677989E+000, 4.0153824E+000, 3.9744015E+000, 3.9426200E+000, 3.9436146E+000, 3.9986374E+000, 4.1116898E+000, 4.2256924E+000, 4.3105851E+000, 4.2266698E+000, 4.0222785E+000, 3.8483128E+000, 3.1144669E+000, 5.5403639E+000, 7.1873020E+000, 8.0253543E+000, 9.3023090E+000, 9.2132051E+000, 8.3794978E+004, 5.5935961E-001, 1.4501321E+001, 3.7274111E+001
 8.0002836E+001, 2.0000245E+001, 2.0000562E+001, 2.0003896E+001, 2.0029865E+001, 2.0062257E+001, 2.0110852E+001, 2.0176440E+001, 2.0268955E+001, 2.0427354E+001, 2.0723599E+001, 2.1343874E+001, 2.2518623E+001, 2.4430900E+001, 2.7184217E+001, 3.0841130E+001, 8.7457428E+001, 2.0849465E+002, 3.5573930E+002, 3.3926653E+002, 3.3206058E+002, 3.9751696E+002, 2.8598140E+002, 2.5787913E+002, 4.4717184E+000, 4.4088113E+000, 4.3365370E+000, 4.2587280E+000, 4.2213461E+000, 4.1820112E+000, 4.1418158E+000, 4.1081789E+000, 4.0812861E+000, 4.0837531E+000, 4.1533364E+000, 4.2767633E+000, 4.4268671E+000, 4.5182747E+000, 4.3615279E+000, 3.7963781E+000, 3.5165250E+000, 4.6055637E+000, 4.1294568E+000, 5.1980981E+000, 7.6029028E+000, 9.0895171E+000, 9.2833761E+000, 8.1150924E+004, 5.4114414E-001, 1.4698846E+001, 3.1579086E+001
 8.1000877E+001, 2.0000267E+001, 2.0000499E+001, 2.0003936E+001, 2.0030021E+001, 2.0063609E+001, 2.0113339E+001, 2.0176391E+001, 2.0258313E+001, 2.0404819E+001, 2.0697241E+001, 2.1326651E+001, 2.2495761E+001, 2.4371602E+001, 2.6883941E+001, 2.9936391E+001, 3.5397807E+001, 1.5216697E+002, 3.2961398E+002, 4.9008410E+002, 3.9814198E+002, 3.2702490E+002, 3.4956788E+002, 2.9348456E+002, 4.4771068E+000, 4.4199366E+000, 4.3471339E+000, 4.2742363E+000, 4.2362639E+000, 4.2000365E+000, 4.1641587E+000, 4.1293598E+000, 4.1051764E+000, 4.1055547E+000, 4.1733171E+000, 4.2982343E+000, 4.4523742E+000, 4.6175721E+000, 4.5986991E+000, 4.1779583E+000, 2.6689947E+000, 3.8321272E+000, 6.0412743E+000, 7.3088024E+000, 7.7510216E+000, 8.2184987E+000, 8.8980384E+000, 7.7356736E+004, 5.1119947E-001, 1.5074224E+001, 2.9834444E+001
 8.2003448E+001, 2.0000289E+001, 2.0000502E+001, 2.0003773E+001, 2.0028707E+001, 2.0060765E+001, 2.0110923E+001, 2.0179598E+001, 2.0269069E+001, 2.0409456E+001, 2.0686238E+001, 2.1291922E+001, 2.2495040E+001, 2.4451121E+001, 2.7128286E+001, 3.0176994E+001, 3.3557704E+001, 5.5702263E+001, 1.8592248E+002, 2.8318949E+002, 4.4813520E+002, 3.6151013E+002, 3.0352135E+002, 2.6135857E+002, 4.4322087E+000, 4.3506634E+000, 4.2709152E+000, 4.1736377E+000, 4.1300393E+000, 4.0893190E+000, 4.0419155E+000, 4.0026188E+000, 3.9712744E+000, 3.9727243E+000, 4.0279004E+000, 4.1496549E+000, 4.2912044E+000, 4.4586863E+000, 4.5182047E+000, 4.6812518E+000, 4.4156307E+000, 4.5173882E+000, 4.5885804E+000, 4.5158691E+000, 9.4388869E+000, 9.2151952E+000, 8.4370713E+000, 8.2550586E+004, 4.8132958E-001, 1.4342626E+001, 3.3021973E+001
 8.3003294E+001, 2.0000255E+001, 2.0000531E+001, 2.0003699E+001, 2.0028307E+001, 2.0059189E+001, 2.0106571E+001, 2.0172098E+001, 2.0265251E+001, 2.0419221E+001, 2.0700029E+001, 2.1276648E+001, 2.2422825E+001, 2.4353320E+001, 2.7088747E+001, 3.0494280E+001, 1.0425930E+002, 2.0918040E+002, 1.7353316E+002, 1.8882796E+002, 2.4963335E+002, 3.2729120E+002, 2.4802107E+002, 2.8772983E+002, 4.4578706E+000, 4.3875493E+000, 4.3132689E+000, 4.2282570E+000, 4.1880823E+000, 4.1477254E+000, 4.1047203E+000, 4.0710681E+000, 4.0450778E+000, 4.0446953E+000, 4.1077121E+000, 4.2342541E+000, 4.4000185E+000, 4.5407424E+000, 4.5176605E+000, 4.3528506E+000, 3.7380685E+000, 4.4235817E+000, 4.2838255E+000, 5.5154497E+000, 6.3052929E+000, 8.7590519E+000, 9.4268289E+000, 8.0933742E+004, 5.0806203E-001, 1.4491076E+001, 3.1458931E+001
 8.4001851E+001, 2.0000247E+001, 2.0000509E+001, 2.0003606E+001, 2.0027644E+001, 2.0058886E+001, 2.0106099E+001, 2.0167893E+001, 2.0250344E+001, 2.0390411E+001, 2.0660462E+001, 2.1259120E+001, 2.2378005E+001, 2.4226110E+001, 2.6825802E+001, 2.9929696E+001, 4.4011516E+001, 1.6467064E+002, 1.8501044E+002, 2.9639300E+002, 4.2464412E+002, 4.1162176E+002, 3.1631269E+002, 2.7373586E+002, 4.4944574E+000, 4.4443783E+000, 4.3757064E+000, 4.3100328E+000, 4.2740275E+000, 4.2371726E+000, 4.2062003E+000, 4.1733115E+000, 4.1492839E+000, 4.1530256E+000, 4.2207258E+000, 4.3347896E+000, 4.4678597E+000, 4.6189084E+000, 4.7327905E+000, 4.2931100E+000, 5.0557342E+000, 5.3868886E+000, 4.5038712E+000, 6.2228135E+000, 6.5231446E+000, 7.9410305E+000, 8.7589050E+000, 8.2718116E+004, 4.6982611E-001, 1.3526449E+001, 3.1705812E+001
 8.5001136E+001, 2.0000270E+001, 2.0000479E+001, 2.0003686E+001, 2.0028097E+001, 2.0059510E+001, 2.0107269E+001, 2.0170242E+001, 2.0252883E+001, 2.0390086E+001, 2.0654066E+001, 2.1209446E+001, 2.2293290E+001, 2.4054357E+001, 2.6560019E+001, 2.9765049E+001, 9.1610494E+001, 1.8111737E+002, 1.5208514E+002, 2.4049560E+002, 3.1690326E+002, 3.4052840E+002, 3.3083055E+002, 3.1362017E+002, 4.4648125E+000, 4.3999874E+000, 4.3265231E+000, 4.2447686E+000, 4.2051015E+000, 4.1686777E+000, 4.1284664E+000, 4.0919765E+000, 4.0623225E+000, 4.0633556E+000, 4.1314503E+000, 4.2601808E+000, 4.4049700E+000, 4.4676175E+000, 4.3045207E+000, 3.8953874E+000, 4.1570695E+000, 4.0260999E+000, 5.4122569E+000, 5.8552209E+000, 6.6312277E+000, 7.1612342E+000, 7.6124390E+000, 7.2364381E+004, 4.6059515E-001, 1.3128912E+001, 3.0703630E+001
 8.6000043E+001, 2.0000261E+001, 2.0000494E+001, 2.0003610E+001, 2.0028404E+001, 2.0060416E+001, 2.0108754E+001, 2.0171011E+001, 2.0252291E+001, 2.0386163E+001, 2.0647716E+001, 2.1203458E+001, 2.2286074E+001, 2.4058946E+001, 2.6511716E+001, 2.9459953E+001, 3.5077235E+001, 1.7686319E+002, 2.2621426E+002, 2.3345539E+002, 2.4256534E+002, 3.1159475E+002, 3.0562684E+002, 2.7851096E+002, 4.4419300E+000, 4.3647167E+000, 4.2866280E+000, 4.1957159E+000, 4.1544304E+000, 4.1140266E+000, 4.0682722E+000, 4.0291982E+000, 3.9988955E+000, 3.9978774E+000, 4.0577720E+000, 4.1948629E+000, 4.3844309E+000, 4.5703920E+000, 4.5661288E+000, 3.6074651E+000, 2.7310193E+000, 3.7067814E+000, 4.7191936E+000, 5.4893972E+000, 6.1332422E+000, 6.8731716E+000, 8.0513905E+000, 7.7247902E+004, 4.6888059E-001, 1.3172895E+001, 3.1011196E+001
 8.7000250E+001, 2.0000243E+001, 2.0000513E+001, 2.0003476E+001, 2.0027120E+001, 2.0057737E+001, 2.0105360E+001, 2.0170263E+001, 2.0257767E+001, 2.0396532E+001, 2.0651526E+001, 2.1198235E+001, 2.2255557E+001, 2.4054833E+001, 2.6624552E+001, 2.9710034E+001, 3.2842810E+001, 4.2241129E+001, 1.2979386E+002, 1.9245790E+002, 2.7300203E+002, 3.2782715E+002, 2.7612614E+002, 2.4752133E+002, 4.4488394E+000, 4.3768647E+000, 4.3005605E+000, 4.2143357E+000, 4.1761003E+000, 4.1363270E+000, 4.0913225E+000, 4.0560829E+000, 4.0271542E+000, 4.0255343E+000, 4.0846378E+000, 4.2079910E+000, 4.3797319E+000, 4.6046497E+000, 4.8449940E+000, 4.9495230E+000, 4.3963031E+000, 3.6344581E+000, 4.0905208E+000, 4.6126180E+000, 7.1812433E+000, 8.0859441E+000, 7.4066437E+000, 8.6962695E+004, 4.7762843E-001, 1.2821316E+001, 3.1327242E+001
 8.8003572E+001, 2.0000256E+001, 2.0000489E+001, 2.0003666E+001, 2.0027733E+001, 2.0058786E+001, 2.0105696E+001, 2.0167510E+001, 2.0251034E+001, 2.0396502E+001, 2.0670438E+001, 2.1240126E+001, 2.2310663E+001, 2.4051565E+001, 2.6507408E+001, 2.9605389E+001, 3.4058920E+001, 4.2533735E+001, 1.3335612E+002, 1.9926938E+002, 1.8040175E+002, 3.3224696E+002, 3.3170108E+002, 2.8004090E+002, 4.4978541E+000, 4.4488011E+000, 4.3829573E+000, 4.3201248E+000, 4.2846827E+000, 4.2500939E+000, 4.2212213E+000, 4.1886324E+000, 4.1661887E+000, 4.1706971E+000, 4.2443342E+000, 4.3786539E+000, 4.5575026E+000, 4.7347118E+000, 4.8930931E+000, 4.9223514E+000, 4.7822460E+000, 5.3407484E+000, 4.8950183E+000, 5.7023800E+000, 6.7877716E+000, 8.4259004E+000, 9.4596440E+000, 8.4862931E+004, 4.9469294E-001, 1.4493014E+001, 3.3208786E+001
 8.9000375E+001, 2.0000276E+001, 2.0000511E+001, 2.0003853E+001, 2.0028827E+001, 2.0060634E+001, 2.0110195E+001, 2.0176712E+001, 2.0265322E+001, 2.0411156E+001, 2.0693487E+001, 2.1302265E+001, 2.2481552E+001, 2.4371615E+001, 2.6929482E+001, 2.9867067E+001, 3.3183520E+001, 6.0216562E+001, 9.8621671E+001, 1.7286851E+002, 3.5245547E+002, 2.6136878E+002, 2.7544887E+002, 2.9732527E+002, 4.4079357E+000, 4.3148288E+000, 4.2292593E+000, 4.1239579E+000, 4.0794846E+000, 4.0362608E+000, 3.9788242E+000, 3.9385404E+000, 3.9077187E+000, 3.9113034E+000, 3.9758059E+000, 4.1225883E+000, 4.3094779E+000, 4.5392681E+000, 4.7922595E+000, 4.8363980E+000, 4.3564007E+000, 4.4821746E+000, 5.2283024E+000, 4.2021793E+000, 7.5171342E+000, 5.6852754E+000, 7.3780435E+000, 8.0556792E+004, 5.3580731E-001, 1.5167281E+001, 3.4540068E+001
 9.0003556E+001, 2.0000282E+001, 2.0000546E+001, 2.0004027E+001, 2.0030231E+001, 2.0062655E+001, 2.0111906E+001, 2.0179015E+001, 2.0272289E+001, 2.0427064E+001, 2.0729312E+001, 2.1351026E+001, 2.2585014E+001, 2.4587790E+001, 2.7241925E+001, 3.0300964E+001, 7.0981800E+001, 7.8712305E+001, 9.1222571E+001, 2.3221957E+002, 4.4637162E+002, 3.5194741E+002, 3.0986937E+002, 2.6123801E+002, 4.4009104E+000, 4.3032618E+000, 4.2161938E+000, 4.1067650E+000, 4.0628060E+000, 4.0182720E+000, 3.9599502E+000, 3.9200395E+000, 3.8881093E+000, 3.8861350E+000, 3.9386205E+000, 4.0640507E+000, 4.2317479E+000, 4.4372110E+000, 4.3570867E+000, 4.4885215E+000, 4.9641290E+000, 4.0930981E+000, 3.6622812E+000, 3.2084840E+000, 6.6283300E+000, 8.1147055E+000, 8.0780688E+000, 7.4397897E+004, 5.1847967E-001, 1.5264043E+001, 3.0271283E+001
 9.1001119E+001, 2.0000256E+001, 2.0000567E+001, 2.0004108E+001, 2.0030581E+001, 2.0063332E+001, 2.0112689E+001, 2.0180704E+001, 2.0276670E+001, 2.0437913E+001, 2.0738106E+001, 2.1386986E+001, 2.2630394E+001, 2.4696719E+001, 2.7630834E+001, 3.1028580E+001, 3.6134539E+001, 7.9077279E+001, 2.2520726E+002, 1.9836432E+002, 2.5748144E+002, 3.3429193E+002, 2.5995496E+002, 2.5405593E+002, 4.4916993E+000, 4.4383638E+000, 4.3698448E+000, 4.3022095E+000, 4.2673581E+000, 4.2327604E+000, 4.2010248E+000, 4.1695329E+000, 4.1469617E+000, 4.1518117E+000, 4.2237633E+000, 4.3397947E+000, 4.4636308E+000, 4.6454524E+000, 4.9116864E+000, 4.8866675E+000, 4.8853619E+000, 5.4240863E+000, 6.1686036E+000, 5.2614269E+000, 5.9887424E+000, 8.0391404E+000, 8.5928817E+000, 8.5812823E+004, 6.0954170E-001, 1.6612881E+001, 3.5676616E+001
 9.2003143E+001, 2.0000290E+001, 2.0000539E+001, 2.0004386E+001, 2.0032435E+001, 2.0066969E+001, 2.0118049E+001, 2.0186519E+001, 2.0284501E+001, 2.0462673E+001, 2.0806529E+001, 2.1523609E+001, 2.2865670E+001, 2.5074333E+001, 2.8218067E+001, 3.3529415E+001, 1.7996552E+002, 2.8183208E+002, 2.9485934E+002, 3.5975948E+002, 3.5621655E+002, 3.6322428E+002, 3.0856604E+002, 2.7249483E+002, 4.4534443E+000, 4.3832100E+000, 4.3054304E+000, 4.2207457E+000, 4.1795555E+000, 4.1410238E+000, 4.0993420E+000, 4.0634118E+000, 4.0355956E+000, 4.0393388E+000, 4.1070752E+000, 4.2320771E+000, 4.3766784E+000, 4.4767501E+000, 4.2477475E+000, 4.0941628E+000, 4.4200190E+000, 5.4307578E+000, 6.7904005E+000, 6.6485467E+000, 6.8525927E+000, 6.5983097E+000, 8.0663299E+000, 7.9990865E+004, 5.8706208E-001, 1.7190862E+001, 4.2360840E+001
 9.3002746E+001, 2.0000307E+001, 2.0000546E+001, 2.0004279E+001, 2.0031932E+001, 2.0066254E+001, 2.0118542E+001, 2.0190029E+001, 2.0291573E+001, 2.0465343E+001, 2.0797174E+001, 2.1473987E+001, 2.2819610E+001, 2.5027350E+001, 2.8251297E+001, 3.2381806E+001, 1.2686536E+002, 3.3461529E+002, 4.1707940E+002, 4.7173020E+002, 5.1478160E+002, 3.4979536E+002, 3.2267371E+002, 2.6449307E+002, 4.3954539E+000, 4.2941181E+000, 4.2051301E+000, 4.0911618E+000, 4.0440327E+000, 3.9994941E+000, 3.9398534E+000, 3.8997068E+000, 3.8652641E+000, 3.8610356E+000, 3.9099573E+000, 4.0241495E+000, 4.1459421E+000, 4.3382546E+000, 4.0803924E+000, 2.9121439E+000, 3.3792108E+000, 3.2961170E+000, 3.6442473E+000, 4.7426719E+000, 8.0646323E+000, 7.5916133E+000, 6.6343242E+000, 7.5688594E+004, 5.7766550E-001, 1.5199035E+001, 2.6902585E+001
 9.4001861E+001, 2.0000255E+001, 2.0000573E+001, 2.0004053E+001, 2.0031282E+001, 2.0065618E+001, 2.0116240E+001, 2.0182890E+001, 2.0278174E+001, 2.0445785E+001, 2.0770523E+001, 2.1444557E+001, 2.2712520E+001, 2.4842670E+001, 2.8011767E+001, 3.2751399E+001, 5.0726937E+001, 1.8452113E+002, 2.7132359E+002, 4.4039214E+002, 4.2347526E+002, 3.3330856E+002, 3.4669905E+002, 2.9841111E+002, 4.5071611E+000, 4.4609864E+000, 4.3957124E+000, 4.3330766E+000, 4.2999851E+000, 4.2657255E+000, 4.2378579E+000, 4.2059100E+000, 4.1837686E+000, 4.1858396E+000, 4.2486873E+000, 4.3382534E+000, 4.4268985E+000, 4.4269349E+000, 4.4250355E+000, 4.5324271E+000, 5.2286661E+000, 5.9319202E+000, 5.8372946E+000, 7.2005287E+000, 9.4389226E+000, 1.0140582E+001, 9.6250720E+000, 8.4222676E+004, 5.4048849E-001, 1.5424340E+001, 5.4121465E+001
 9.5003645E+001, 2.0000258E+001, 2.0000515E+001, 2.0003841E+001, 2.0029688E+001, 2.0063580E+001, 2.0115708E+001, 2.0185332E+001, 2.0278561E+001, 2.0433740E+001, 2.0725713E+001, 2.1366532E+001, 2.2629912E+001, 2.4808688E+001, 2.8156957E+001, 3.3213430E+001, 7.7650185E+001, 3.9898102E+002, 5.2913982E+002, 4.3130671E+002, 4.5040176E+002, 3.8275193E+002, 2.5104278E+002, 2.4081871E+002, 4.4549055E+000, 4.3859905E+000, 4.3070638E+000, 4.2241120E+000, 4.1823370E+000, 4.1427214E+000, 4.0996171E+000, 4.0617093E+000, 4.0325867E+000, 4.0335043E+000, 4.0932120E+000, 4.2061090E+000, 4.3262261E+000, 4.3956063E+000, 4.3160368E+000, 3.7667869E+000, 4.4689289E+000, 4.4767334E+000, 4.9263480E+000, 6.2943196E+000, 8.7801369E+000, 9.0643905E+000, 8.9367461E+000, 7.8196783E+004, 5.1683002E-001, 1.4662009E+001, 4.1730117E+001
 9.6001936E+001, 2.0000289E+001, 2.0000470E+001, 2.0003679E+001, 2.0028450E+001, 2.0061127E+001, 2.0111496E+001, 2.0178961E+001, 2.0270176E+001, 2.0425171E+001, 2.0723314E+001, 2.1334829E+001, 2.2518225E+001, 2.4503012E+001, 2.7586075E+001, 3.3423668E+001, 5.4851404E+001, 2.8166464E+002, 4.1278259E+002, 4.2399271E+002, 4.1814476E+002, 3.9433797E+002, 3.3319315E+002, 2.8469871E+002, 4.4319049E+000, 4.3502241E+000, 4.2685834E+000, 4.1721285E+000, 4.1286032E+000, 4.0866343E+000, 4.0386327E+000, 3.9996832E+000, 3.9656376E+000, 3.9640806E+000, 4.0184816E+000, 4.1340282E+000, 4.2324705E+000, 4.2321295E+000, 4.1508505E+000, 4.1227509E+000, 3.9215204E+000, 3.9529572E+000, 4.6787749E+000, 5.3469798E+000, 8.2370033E+000, 8.7700231E+000, 8.2164658E+000, 7.5424094E+004, 4.8925612E-001, 1.3571675E+001, 4.1963522E+001
 9.7002026E+001, 2.0000243E+001, 2.0000521E+001, 2.0003520E+001, 2.0027343E+001, 2.0058287E+001, 2.0106542E+001, 2.0172317E+001, 2.0261330E+001, 2.0409409E+001, 2.0691160E+001, 2.1294265E+001, 2.2427263E+001, 2.4303044E+001, 2.6946515E+001, 3.1352732E+001, 1.2479794E+002, 3.1788322E+002, 3.5576844E+002, 4.2954529E+002, 4.9901883E+002, 3.9578836E+002, 2.8544065E+002, 3.3236664E+002, 4.4854745E+000, 4.4296058E+000, 4.3609744E+000, 4.2882792E+000, 4.2523689E+000, 4.2160067E+000, 4.1803044E+000, 4.1467988E+000, 4.1211539E+000, 4.1208796E+000, 4.1922711E+000, 4.3173772E+000, 4.4729237E+000, 4.5906205E+000, 4.0318448E+000, 3.5893464E+000, 4.3318776E+000, 5.9635670E+000, 5.0354132E+000, 4.8191030E+000, 1.0581433E+001, 9.7139352E+000, 8.6551419E+000, 7.9231279E+004, 5.1825857E-001, 1.3499778E+001, 2.5000220E+001
 9.8002003E+001, 2.0000260E+001, 2.0000495E+001, 2.0003695E+001, 2.0028030E+001, 2.0058956E+001, 2.0105760E+001, 2.0168900E+001, 2.0256413E+001, 2.0406940E+001, 2.0685885E+001, 2.1272813E+001, 2.2398049E+001, 2.4247409E+001, 2.6834263E+001, 3.0087273E+001, 3.3987564E+001, 1.1407506E+002, 2.3423508E+002, 3.0269674E+002, 3.0736204E+002, 4.0357670E+002, 3.4607046E+002, 2.8605189E+002, 4.4628944E+000, 4.3984402E+000, 4.3233075E+000, 4.2440216E+000, 4.2046173E+000, 4.1650944E+000, 4.1245882E+000, 4.0883690E+000, 4.0622015E+000, 4.0660046E+000, 4.1333192E+000, 4.2662550E+000, 4.4354271E+000, 4.6165326E+000, 4.6486680E+000, 4.2566916E+000, 4.7303768E+000, 6.4063440E+000, 6.9931181E+000, 6.6580031E+000, 7.3392031E+000, 9.8354319E+000, 1.0230794E+001, 8.0157228E+004, 4.8474675E-001, 1.4138285E+001, 3.1019109E+001
 9.9001069E+001, 2.0000280E+001, 2.0000488E+001, 2.0003729E+001, 2.0028349E+001, 2.0060275E+001, 2.0108753E+001, 2.0171968E+001, 2.0255885E+001, 2.0399735E+001, 2.0688455E+001, 2.1294430E+001, 2.2452747E+001, 2.4307699E+001, 2.6895459E+001, 2.9936771E+001, 3.3214213E+001, 4.4186513E+001, 1.5014290E+002, 2.9338383E+002, 4.7363734E+002, 3.5517947E+002, 3.1787987E+002, 3.0004294E+002, 4.4197208E+000, 4.3330858E+000, 4.2502800E+000, 4.1503006E+000, 4.1055063E+000, 4.0626945E+000, 4.0097954E+000, 3.9701289E+000, 3.9396363E+000, 3.9419435E+000, 3.9956213E+000, 4.1284300E+000, 4.3092785E+000, 4.5187609E+000, 4.6084126E+000, 4.9052380E+000, 4.4816679E+000, 4.7259530E+000, 5.0139488E+000, 6.7243440E+000, 9.2659587E+000, 8.1174952E+000, 8.5238992E+000, 8.4698906E+004, 5.0341121E-001, 1.4270462E+001, 3.1149334E+001
 1.0000284E+002, 2.0000262E+001, 2.0000525E+001, 2.0003674E+001, 2.0027871E+001, 2.0058139E+001, 2.0104476E+001, 2.0169039E+001, 2.0259913E+001, 2.0412880E+001, 2.0700236E+001, 2.1305799E+001, 2.2447319E+001, 2.4346374E+001, 2.7015590E+001, 3.0303564E+001, 3.4156136E+001, 1.1636844E+002, 8.8457680E+001, 9.7784278E+001, 1.9866366E+002, 3.8400039E+002, 3.7288466E+002, 2.7661111E+002, 4.4842645E+000, 4.4281841E+000, 4.3596220E+000, 4.2890955E+000, 4.2528007E+000, 4.2165054E+000, 4.1832214E+000, 4.1513518E+000, 4.1233042E+000, 4.1233580E+000, 4.1954809E+000, 4.3025147E+000, 4.4159093E+000, 4.4904725E+000, 4.6379196E+000, 4.6825254E+000, 4.2909370E+000, 5.1578034E+000, 5.5097540E+000, 5.3431998E+000, 6.5286763E+000, 1.0476880E+001, 8.9647340E+000, 8.3194579E+004, 5.2836782E-001, 1.3756560E+001, 3.6749706E+001
 1.0100261E+002, 2.0000251E+001, 2.0000517E+001, 2.0003659E+001, 2.0027624E+001, 2.0058110E+001, 2.0104139E+001, 2.0165785E+001, 2.0252573E+001, 2.0405854E+001, 2.0702916E+001, 2.1321384E+001, 2.2485383E+001, 2.4355810E+001, 2.6954946E+001, 3.0308042E+001, 3.6404380E+001, 2.1528488E+002, 1.8307747E+002, 1.7446980E+002, 2.3770836E+002, 3.0333810E+002, 2.8272046E+002, 2.8259065E+002, 4.4534627E+000, 4.3824385E+000, 4.3055156E+000, 4.2219965E+000, 4.1825807E+000, 4.1426096E+000, 4.0989277E+000, 4.0613171E+000, 4.0352410E+000, 4.0352292E+000, 4.0927739E+000, 4.2221305E+000, 4.3856615E+000, 4.5379393E+000, 4.5410283E+000, 3.7606300E+000, 3.2090823E+000, 3.9589264E+000, 4.4552168E+000, 5.6605455E+000, 7.3988735E+000, 7.2207203E+000, 8.1812247E+000, 7.8755130E+004, 5.1301578E-001, 1.4558034E+001, 3.6372115E+001
 1.0200260E+002, 2.0000284E+001, 2.0000486E+001, 2.0003600E+001, 2.0026837E+001, 2.0057047E+001, 2.0104469E+001, 2.0170358E+001, 2.0263516E+001, 2.0420880E+001, 2.0712255E+001, 2.1312808E+001, 2.2496903E+001, 2.4454811E+001, 2.7264703E+001, 3.5830901E+001, 3.4901693E+001, 8.9400309E+001, 1.9683235E+002, 2.5428779E+002, 3.4111941E+002, 3.1337325E+002, 2.8345892E+002, 2.6764839E+002, 4.4485714E+000, 4.3771525E+000, 4.2991542E+000, 4.2132465E+000, 4.1721444E+000, 4.1331128E+000, 4.0901013E+000, 4.0551659E+000, 4.0255772E+000, 4.0224865E+000, 4.0794672E+000, 4.1919082E+000, 4.3149056E+000, 4.3996130E+000, 4.4781987E+000, 4.8158982E+000, 3.9761444E+000, 3.9507925E+000, 4.6072945E+000, 5.8816453E+000, 7.4396161E+000, 8.9345038E+000, 8.3350974E+000, 7.9240350E+004, 5.5382335E-001, 1.3832319E+001, 3.6194690E+001
 1.0300176E+002, 2.0000244E+001, 2.0000523E+001, 2.0003660E+001, 2.0028007E+001, 2.0058910E+001, 2.0105823E+001, 2.0170002E+001, 2.0259576E+001, 2.0414752E+001, 2.0715991E+001, 2.1347778E+001, 2.2504721E+001, 2.4388096E+001, 2.7078900E+001, 3.0537841E+001, 7.1388387E+001, 9.7998159E+001, 1.3910024E+002, 1.7458178E+002, 2.5636275E+002, 3.1438652E+002, 3.0898396E+002, 2.6277322E+002, 4.5036668E+000, 4.4558116E+000, 4.3914370E+000, 4.3285244E+000, 4.2945157E+000, 4.2600291E+000, 4.2327500E+000, 4.2003668E+000, 4.1731815E+000, 4.1728312E+000, 4.2432329E+000, 4.3674589E+000, 4.5293584E+000, 4.7121414E+000, 4.7740268E+000, 3.9206967E+000, 4.3605585E+000, 5.2682710E+000, 5.0898113E+000, 5.0258151E+000, 7.9207634E+000, 8.0061074E+000, 7.7908612E+000, 8.2148913E+004, 5.4159090E-001, 1.5039589E+001, 3.4398862E+001
 1.0400292E+002, 2.0000256E+001, 2.0000498E+001, 2.0003543E+001, 2.0027143E+001, 2.0058520E+001, 2.0108405E+001, 2.0176379E+001, 2.0267903E+001, 2.0418025E+001, 2.0698553E+001, 2.1292527E+001, 2.2465969E+001, 2.4421294E+001, 2.7193087E+001, 3.0550835E+001, 3.4321465E+001, 9.6316625E+001, 1.3465731E+002, 3.3771695E+002, 4.4470862E+002, 3.5212476E+002, 2.3586464E+002, 2.6400980E+002, 4.4494547E+000, 4.3779363E+000, 4.3007383E+000, 4.2154657E+000, 4.1756083E+000, 4.1366430E+000, 4.0929574E+000, 4.0546125E+000, 4.0233345E+000, 4.0210302E+000, 4.0795708E+000, 4.1980971E+000, 4.3493092E+000, 4.4948956E+000, 4.5609605E+000, 4.7162620E+000, 4.4301216E+000, 3.4677461E+000, 2.8989756E+000, 6.6520975E+000, 9.2890801E+000, 8.3095986E+000, 8.2234872E+000, 7.5042571E+004, 4.8134675E-001, 1.3331062E+001, 3.3751122E+001
 1.0500196E+002, 2.0000277E+001, 2.0000478E+001, 2.0003537E+001, 2.0027345E+001, 2.0058583E+001, 2.0106219E+001, 2.0169967E+001, 2.0258603E+001, 2.0409391E+001, 2.0697350E+001, 2.1302290E+001, 2.2451457E+001, 2.4352571E+001, 2.7097986E+001, 3.0553980E+001, 3.4947102E+001, 6.1293187E+001, 1.7412464E+002, 2.8470097E+002, 2.5686180E+002, 3.0762384E+002, 2.9882588E+002, 2.8783086E+002, 4.4487583E+000, 4.3771857E+000, 4.2995176E+000, 4.2135744E+000, 4.1738480E+000, 4.1343602E+000, 4.0889722E+000, 4.0508274E+000, 4.0186922E+000, 4.0159933E+000, 4.0735349E+000, 4.2000044E+000, 4.3652579E+000, 4.5503741E+000, 4.6287665E+000, 4.3785294E+000, 3.5913387E+000, 4.3563562E+000, 5.4694549E+000, 6.0109847E+000, 6.4933144E+000, 9.4200282E+000, 9.1546443E+000, 8.3577402E+004, 4.9350684E-001, 1.3983217E+001, 3.7410791E+001
 1.0600174E+002, 2.0000245E+001, 2.0000516E+001, 2.0003469E+001, 2.0027285E+001, 2.0058608E+001, 2.0107326E+001, 2.0172945E+001, 2.0259853E+001, 2.0401734E+001, 2.0676738E+001, 2.1273922E+001, 2.2405644E+001, 2.4318746E+001, 2.7030214E+001, 3.0468079E+001, 3.4318221E+001, 4.4674008E+001, 2.3139170E+002, 3.3212763E+002, 4.1603558E+002, 2.9626816E+002, 2.9330012E+002, 2.9175267E+002, 4.4926870E+000, 4.4409081E+000, 4.3747193E+000, 4.3076892E+000, 4.2718532E+000, 4.2355732E+000, 4.2024667E+000, 4.1662746E+000, 4.1403277E+000, 4.1401664E+000, 4.2040948E+000, 4.3232269E+000, 4.4805225E+000, 4.6097216E+000, 4.7152554E+000, 4.8306170E+000, 4.6305609E+000, 4.4369268E+000, 4.4573816E+000, 6.2795152E+000, 7.8604739E+000, 7.1395771E+000, 8.0887965E+000, 7.8000057E+004, 4.9791943E-001, 1.3690213E+001, 3.4079736E+001
 1.0700235E+002, 2.0000267E+001, 2.0000485E+001, 2.0003656E+001, 2.0028314E+001, 2.0060196E+001, 2.0108992E+001, 2.0175818E+001, 2.0267622E+001, 2.0414353E+001, 2.0687862E+001, 2.1269946E+001, 2.2389182E+001, 2.4286625E+001, 2.7029853E+001, 3.0498174E+001, 3.4424451E+001, 5.1287286E+001, 2.4425941E+002, 3.2859470E+002, 3.8324422E+002, 3.6229793E+002, 2.9692147E+002, 2.7996007E+002, 4.4722169E+000, 4.4126300E+000, 4.3406463E+000, 4.2656321E+000, 4.2263996E+000, 4.1866526E+000, 4.1485444E+000, 4.1137920E+000, 4.0842103E+000, 4.0827048E+000, 4.1430531E+000, 4.2641221E+000, 4.4281469E+000, 4.6017203E+000, 4.6989110E+000, 4.6031872E+000, 3.9589707E+000, 3.5266034E+000, 5.3673310E+000, 6.3650323E+000, 8.4640842E+000, 8.5711864E+000, 8.5337852E+000, 8.5834525E+004, 4.9688784E-001, 1.3447044E+001, 3.7176215E+001
 1.0800170E+002, 2.0000265E+001, 2.0000481E+001, 2.0003336E+001, 2.0026493E+001, 2.0058297E+001, 2.0109168E+001, 2.0177359E+001, 2.0266634E+001, 2.0410458E+001, 2.0675484E+001, 2.1217913E+001, 2.2268561E+001, 2.4073858E+001, 2.6782102E+001, 3.0193811E+001, 3.4080450E+001, 6.0678288E+001, 2.9560584E+002, 2.8372165E+002, 3.7942596E+002, 3.9359838E+002, 3.1879121E+002, 2.9996680E+002, 4.4570616E+000, 4.3871018E+000, 4.3135115E+000, 4.2286126E+000, 4.1873447E+000, 4.1471263E+000, 4.1039942E+000, 4.0671568E+000, 4.0377089E+000, 4.0331330E+000, 4.0837775E+000, 4.1910320E+000, 4.3265210E+000, 4.4592777E+000, 4.5012735E+000, 4.4697294E+000, 3.8517192E+000, 3.6068191E+000, 4.7630992E+000, 5.1587467E+000, 8.1047207E+000, 8.5285514E+000, 7.9585592E+000, 6.9724369E+004, 4.5531867E-001, 1.1808983E+001, 2.9751596E+001
 1.0900043E+002, 2.0000244E+001, 2.0000501E+001, 2.0003320E+001, 2.0025726E+001, 2.0055501E+001, 2.0103536E+001, 2.0172900E+001, 2.0269919E+001, 2.0416933E+001, 2.0672483E+001, 2.1209095E+001, 2.2253499E+001, 2.4037161E+001, 2.6707678E+001, 3.0122579E+001, 3.4153816E+001, 5.3162083E+001, 2.7225589E+002, 3.2247678E+002, 3.2355502E+002, 3.4704335E+002, 3.2520122E+002, 2.9171405E+002, 4.4559879E+000, 4.3886303E+000, 4.3133391E+000, 4.2287193E+000, 4.1893231E+000, 4.1497641E+000, 4.1073263E+000, 4.0706675E+000, 4.0423059E+000, 4.0410336E+000, 4.0979136E+000, 4.2132476E+000, 4.3656062E+000, 4.5337925E+000, 4.6148932E+000, 4.3153332E+000, 3.5982105E+000, 3.3940535E+000, 5.9430484E+000, 6.3662164E+000, 7.5528431E+000, 8.7227047E+000, 8.5346310E+000, 8.0212289E+004, 5.1807294E-001, 1.2530130E+001, 3.3881171E+001
 1.1000096E+002, 2.0000255E+001, 2.0000472E+001, 2.0003424E+001, 2.0026036E+001, 2.0055434E+001, 2.0102169E+001, 2.0170086E+001, 2.0267752E+001, 2.0423277E+001, 2.0689551E+001, 2.1231381E+001, 2.2259421E+001, 2.4058924E+001, 2.6750860E+001, 3.0205405E+001, 3.4097259E+001, 8.4788404E+001, 1.0456572E+002, 3.2045259E+002, 4.2623299E+002, 3.3003477E+002, 3.2338859E+002, 2.7961049E+002, 4.4813311E+000, 4.4262242E+000, 4.3554053E+000, 4.2835894E+000, 4.2459636E+000, 4.2088379E+000, 4.1743432E+000, 4.1402712E+000, 4.1141976E+000, 4.1149580E+000, 4.1769861E+000, 4.2975426E+000, 4.4491536E+000, 4.6077992E+000, 4.7503666E+000, 4.6880283E+000, 3.8824820E+000, 3.2037707E+000, 3.8363570E+000, 7.1862919E+000, 8.9120386E+000, 8.8685241E+000, 8.4929607E+000, 7.7860690E+004, 5.2856842E-001, 1.2721609E+001, 3.4112921E+001
 1.1100180E+002, 2.0000253E+001, 2.0000475E+001, 2.0003374E+001, 2.0026183E+001, 2.0055653E+001, 2.0101052E+001, 2.0165646E+001, 2.0260774E+001, 2.0414902E+001, 2.0679881E+001, 2.1223725E+001, 2.2270647E+001, 2.4055405E+001, 2.6710402E+001, 3.0109155E+001, 3.3886026E+001, 4.1900427E+001, 2.7381137E+002, 3.8453983E+002, 3.3588782E+002, 3.2905017E+002, 2.7141344E+002, 2.6908365E+002, 4.4855348E+000, 4.4299179E+000, 4.3611865E+000, 4.2902776E+000, 4.2532937E+000, 4.2167142E+000, 4.1828215E+000, 4.1492973E+000, 4.1224713E+000, 4.1237834E+000, 4.1874272E+000, 4.2991438E+000, 4.4484932E+000, 4.6101320E+000, 4.7054074E+000, 4.6540600E+000, 4.0509825E+000, 3.9631885E+000, 4.9243220E+000, 5.3414504E+000, 7.6830189E+000, 9.2896011E+000, 9.1556185E+000, 8.0692434E+004, 5.0156295E-001, 1.2642414E+001, 3.3268776E+001
 1.1200096E+002, 2.0000259E+001, 2.0000481E+001, 2.0003341E+001, 2.0026100E+001, 2.0056179E+001, 2.0103641E+001, 2.0169558E+001, 2.0261787E+001, 2.0410825E+001, 2.0680145E+001, 2.1231223E+001, 2.2299659E+001, 2.4106201E+001, 2.6788379E+001, 3.0101683E+001, 3.3805082E+001, 3.9967160E+001, 1.0112232E+002, 2.2481428E+002, 3.0200073E+002, 3.5026293E+002, 2.7828094E+002, 2.7358323E+002, 4.4412053E+000, 4.3647692E+000, 4.2862091E+000, 4.1954057E+000, 4.1547646E+000, 4.1144013E+000, 4.0668538E+000, 4.0289116E+000, 3.9997415E+000, 3.9978672E+000, 4.0532439E+000, 4.1752064E+000, 4.3347088E+000, 4.5143357E+000, 4.6222236E+000, 4.6442777E+000, 4.1923643E+000, 3.7701518E+000, 4.5795012E+000, 5.2440951E+000, 8.7989173E+000, 7.6205733E+000, 8.0784042E+000, 8.1122227E+004, 4.9297421E-001, 1.2724849E+001, 3.2165857E+001
 1.1300276E+002, 2.0000252E+001, 2.0000488E+001, 2.0003329E+001, 2.0025661E+001, 2.0055215E+001, 2.0102349E+001, 2.0169279E+001, 2.0263195E+001, 2.0411941E+001, 2.0674451E+001, 2.1232141E+001, 2.2307539E+001, 2.4125832E+001, 2.6794402E+001, 3.0132480E+001, 4.0023363E+001, 9.2666735E+001, 2.2158986E+002, 3.1927460E+002, 3.2124546E+002, 3.6268529E+002, 3.0509737E+002, 2.7353016E+002, 4.4797914E+000, 4.4214543E+000, 4.3526555E+000, 4.2806313E+000, 4.2438637E+000, 4.2073973E+000, 4.1738448E+000, 4.1407236E+000, 4.1141051E+000, 4.1159859E+000, 4.1850851E+000, 4.3111804E+000, 4.4750561E+000, 4.6489268E+000, 4.7897952E+000, 4.8061862E+000, 4.7536577E+000, 4.5468197E+000, 6.3581443E+000, 7.4313362E+000, 7.6328713E+000, 8.9953868E+000, 8.5020226E+000, 8.4677816E+004, 5.3067087E-001, 1.3297490E+001, 3.1372850E+001
 1.1400386E+002, 2.0000245E+001, 2.0000499E+001, 2.0003554E+001, 2.0026584E+001, 2.0056299E+001, 2.0103059E+001, 2.0169523E+001, 2.0264373E+001, 2.0426092E+001, 2.0718254E+001, 2.1312935E+001, 2.2435302E+001, 2.4302847E+001, 2.6983889E+001, 3.0353049E+001, 3.4060345E+001, 1.2808952E+002, 1.6459703E+002, 2.6097584E+002, 2.8950315E+002, 3.3968062E+002, 3.3769925E+002, 2.8668198E+002, 4.4433013E+000, 4.3678531E+000, 4.2885016E+000, 4.2012404E+000, 4.1599824E+000, 4.1193319E+000, 4.0730415E+000, 4.0359651E+000, 4.0071816E+000, 4.0103085E+000, 4.0772241E+000, 4.2152228E+000, 4.3937665E+000, 4.5738483E+000, 4.7225674E+000, 4.7400620E+000, 4.6393075E+000, 4.9914454E+000, 5.6766809E+000, 7.4177302E+000, 1.0000709E+001, 8.9074464E+000, 8.4941376E+000, 8.3995131E+004, 5.5992448E-001, 1.4573976E+001, 3.4906995E+001
 1.1500304E+002, 2.0000266E+001, 2.0000493E+001, 2.0003803E+001, 2.0028762E+001, 2.0060626E+001, 2.0110077E+001, 2.0178498E+001, 2.0273578E+001, 2.0433884E+001, 2.0744567E+001, 2.1380499E+001, 2.2591506E+001, 2.4573551E+001, 2.7311822E+001, 3.0627370E+001, 3.4298793E+001, 4.0766817E+001, 1.2518671E+002, 2.5827376E+002, 4.1865100E+002, 2.7237491E+002, 2.5827542E+002, 3.1742435E+002, 4.4334718E+000, 4.3545376E+000, 4.2739370E+000, 4.1807977E+000, 4.1394397E+000, 4.0990293E+000, 4.0506118E+000, 4.0124687E+000, 3.9838698E+000, 3.9839213E+000, 4.0426240E+000, 4.1670791E+000, 4.3368311E+000, 4.5494642E+000, 4.6837334E+000, 4.7633070E+000, 4.5146262E+000, 4.6500055E+000, 4.0437280E+000, 4.0587357E+000, 6.6526431E+000, 8.1406262E+000, 8.4398723E+000, 7.6739918E+004, 5.5513708E-001, 1.4827448E+001, 3.2681356E+001
 1.1600105E+002, 2.0000257E+001, 2.0000504E+001, 2.0003689E+001, 2.0028940E+001, 2.0061766E+001, 2.0112205E+001, 2.0181589E+001, 2.0278120E+001, 2.0435590E+001, 2.0721904E+001, 2.1342920E+001, 2.2539548E+001, 2.4543756E+001, 2.7370300E+001, 3.0854195E+001, 3.4539400E+001, 6.0979082E+001, 9.0352028E+001, 1.2057861E+002, 2.0840070E+002, 3.2732217E+002, 2.7575371E+002, 2.6125314E+002, 4.4935544E+000, 4.4413233E+000, 4.3740865E+000, 4.3070061E+000, 4.2722722E+000, 4.2369676E+000, 4.2062732E+000, 4.1734505E+000, 4.1503891E+000, 4.1535871E+000, 4.2221383E+000, 4.3427607E+000, 4.4868829E+000, 4.6088422E+000, 4.7449285E+000, 4.7901633E+000, 4.8238652E+000, 4.9205111E+000, 5.6132647E+000, 5.0422979E+000, 7.6436067E+000, 8.3751185E+000, 8.2870978E+000, 8.2611875E+004, 5.2812724E-001, 1.4459344E+001, 3.3073283E+001
 1.1700132E+002, 2.0000251E+001, 2.0000512E+001, 2.0003570E+001, 2.0027726E+001, 2.0060425E+001, 2.0113088E+001, 2.0184749E+001, 2.0279741E+001, 2.0429977E+001, 2.0711157E+001, 2.1306772E+001, 2.2480160E+001, 2.4449251E+001, 2.7259989E+001, 3.0582659E+001, 3.6671775E+001, 7.9140210E+001, 7.5615184E+001, 1.6092496E+002, 2.9373197E+002, 2.9001449E+002, 2.5245450E+002, 2.4710346E+002, 4.4472318E+000, 4.3739783E+000, 4.2963668E+000, 4.2094470E+000, 4.1676926E+000, 4.1270754E+000, 4.0833952E+000, 4.0477128E+000, 4.0192424E+000, 4.0191235E+000, 4.0779481E+000, 4.1958992E+000, 4.3379453E+000, 4.4930074E+000, 4.5766764E+000, 4.3645934E+000, 4.1575463E+000, 4.3194938E+000, 4.8101030E+000, 5.7160052E+000, 6.6865197E+000, 6.5611581E+000, 6.8992269E+000, 7.7439216E+004, 5.0551058E-001, 1.3691470E+001, 3.2395636E+001
 1.1800002E+002, 2.0000268E+001, 2.0000458E+001, 2.0003421E+001, 2.0026052E+001, 2.0056318E+001, 2.0104942E+001, 2.0173418E+001, 2.0267898E+001, 2.0420877E+001, 2.0706332E+001, 2.1282511E+001, 2.2391262E+001, 2.4280952E+001, 2.7011863E+001, 3.0436265E+001, 4.4358287E+001, 5.8766099E+001, 2.2679514E+002, 2.5587352E+002, 2.8349104E+002, 2.6583307E+002, 2.6994365E+002, 2.5630489E+002, 4.4522876E+000, 4.3819045E+000, 4.3043300E+000, 4.2192686E+000, 4.1787634E+000, 4.1387370E+000, 4.0960943E+000, 4.0620455E+000, 4.0335063E+000, 4.0316977E+000, 4.0869765E+000, 4.1981315E+000, 4.3294242E+000, 4.4437893E+000, 4.4494929E+000, 4.4532630E+000, 4.9675981E+000, 4.5051744E+000, 5.3616030E+000, 6.0491089E+000, 6.7587690E+000, 7.7286708E+000, 7.4387659E+000, 7.7277450E+004, 4.6576680E-001, 1.2923238E+001, 3.4116164E+001
 1.1900008E+002, 2.0000233E+001, 2.0000500E+001, 2.0003299E+001, 2.0025865E+001, 2.0055697E+001, 2.0102487E+001, 2.0167615E+001, 2.0258180E+001, 2.0406718E+001, 2.0682682E+001, 2.1272385E+001, 2.2374654E+001, 2.4221049E+001, 2.6867270E+001, 3.0172499E+001, 3.4252511E+001, 4.9458026E+001, 3.1656138E+002, 3.7714546E+002, 3.5765964E+002, 3.4169455E+002, 2.4299410E+002, 2.9760058E+002, 4.4761750E+000, 4.4152861E+000, 4.3447798E+000, 4.2687289E+000, 4.2309803E+000, 4.1939750E+000, 4.1570225E+000, 4.1212562E+000, 4.0959676E+000, 4.0965252E+000, 4.1561560E+000, 4.2686500E+000, 4.4027067E+000, 4.5183639E+000, 4.5801925E+000, 4.4543506E+000, 3.9452406E+000, 3.2978373E+000, 6.4026089E+000, 7.9073919E+000, 8.7614046E+000, 8.5070288E+000, 7.8070409E+000, 7.8611157E+004, 4.8665631E-001, 1.2992555E+001, 3.1115099E+001
 1.2000029E+002, 2.0000253E+001, 2.0000459E+001, 2.0003337E+001, 2.0025826E+001, 2.0055690E+001, 2.0102584E+001, 2.0166751E+001, 2.0254569E+001, 2.0398439E+001, 2.0665588E+001, 2.1229993E+001, 2.2315452E+001, 2.4138738E+001, 2.6778930E+001, 3.0066888E+001, 4.9422526E+001, 5.6061607E+001, 1.5800006E+002, 2.1427327E+002, 3.2401261E+002, 3.7708046E+002, 3.1525799E+002, 2.3948820E+002, 4.4801920E+000, 4.4237723E+000, 4.3523013E+000, 4.2801307E+000, 4.2428010E+000, 4.2056373E+000, 4.1706765E+000, 4.1362875E+000, 4.1085053E+000, 4.1092889E+000, 4.1690221E+000, 4.2824146E+000, 4.4272967E+000, 4.5627573E+000, 4.6135094E+000, 4.5972820E+000, 3.7773918E+000, 3.6926261E+000, 4.5978808E+000, 4.9024634E+000, 8.9411076E+000, 8.7333125E+000, 8.6524471E+000, 7.8862665E+004, 4.7604329E-001, 1.2692267E+001, 3.1575783E+001
 1.2100322E+002, 2.0000254E+001, 2.0000473E+001, 2.0003383E+001, 2.0026140E+001, 2.0056160E+001, 2.0103208E+001, 2.0168623E+001, 2.0260350E+001, 2.0408799E+001, 2.0674598E+001, 2.1229937E+001, 2.2294985E+001, 2.4076923E+001, 2.6786557E+001, 3.0142040E+001, 3.3902452E+001, 4.2985519E+001, 1.2052103E+002, 2.6147969E+002, 2.7716310E+002, 3.0128688E+002, 2.7768769E+002, 2.9197810E+002, 4.4797993E+000, 4.4210396E+000, 4.3511528E+000, 4.2777823E+000, 4.2404638E+000, 4.2031910E+000, 4.1678580E+000, 4.1333925E+000, 4.1056026E+000, 4.1041820E+000, 4.1652835E+000, 4.2804741E+000, 4.4287693E+000, 4.5877849E+000, 4.6862783E+000, 4.8160201E+000, 4.9778522E+000, 4.7705500E+000, 4.7361091E+000, 5.5717390E+000, 6.5283965E+000, 9.0702348E+000, 8.9052687E+000, 8.3087680E+004, 4.9735535E-001, 1.2628816E+001, 3.4679147E+001
 1.2200029E+002, 2.0000245E+001, 2.0000496E+001, 2.0003469E+001, 2.0026961E+001, 2.0057509E+001, 2.0105451E+001, 2.0171614E+001, 2.0262425E+001, 2.0411519E+001, 2.0692238E+001, 2.1267678E+001, 2.2352345E+001, 2.4164546E+001, 2.6779504E+001, 3.0039298E+001, 3.3767288E+001, 6.5420003E+001, 1.0105081E+002, 2.0351058E+002, 3.0596067E+002, 3.1043612E+002, 3.0943636E+002, 2.4769713E+002, 4.4449833E+000, 4.3701366E+000, 4.2924336E+000, 4.2026281E+000, 4.1618263E+000, 4.1218940E+000, 4.0753742E+000, 4.0371343E+000, 4.0063296E+000, 4.0031505E+000, 4.0570886E+000, 4.1777516E+000, 4.3373804E+000, 4.5100804E+000, 4.6059278E+000, 4.6768242E+000, 4.3998399E+000, 4.2910306E+000, 5.0919608E+000, 5.2850177E+000, 7.5810557E+000, 8.7036435E+000, 7.8799313E+000, 7.6819333E+004, 4.7988932E-001, 1.2854514E+001, 3.0957656E+001
 1.2300295E+002, 2.0000245E+001, 2.0000481E+001, 2.0003395E+001, 2.0026724E+001, 2.0057922E+001, 2.0106817E+001, 2.0173669E+001, 2.0264816E+001, 2.0411165E+001, 2.0683342E+001, 2.1249518E+001, 2.2326370E+001, 2.4182692E+001, 2.6824775E+001, 3.0080911E+001, 3.3925667E+001, 7.4538768E+001, 1.1135349E+002, 2.0700479E+002, 3.0727477E+002, 2.9768570E+002, 2.7425577E+002, 2.9013706E+002, 4.4610395E+000, 4.3948860E+000, 4.3202848E+000, 4.2394573E+000, 4.2001578E+000, 4.1605791E+000, 4.1197962E+000, 4.0833815E+000, 4.0541885E+000, 4.0507435E+000, 4.1056163E+000, 4.2219487E+000, 4.3822704E+000, 4.5655655E+000, 4.7075743E+000, 4.6124423E+000, 4.7637694E+000, 5.1457490E+000, 4.7740044E+000, 5.7695259E+000, 7.5318003E+000, 7.3796027E+000, 8.2949298E+000, 8.2330972E+004, 4.9111054E-001, 1.2631077E+001, 3.1874212E+001
 1.2400299E+002, 2.0000251E+001, 2.0000473E+001, 2.0003346E+001, 2.0025849E+001, 2.0055767E+001, 2.0103213E+001, 2.0170215E+001, 2.0264032E+001, 2.0416667E+001, 2.0688019E+001, 2.1258180E+001, 2.2329409E+001, 2.4125913E+001, 2.6781464E+001, 3.0187210E+001, 3.3849699E+001, 9.9911173E+001, 6.3703816E+001, 2.1809283E+002, 2.4570245E+002, 3.2391322E+002, 2.6080105E+002, 2.8274123E+002, 4.4899289E+000, 4.4386764E+000, 4.3709177E+000, 4.3042656E+000, 4.2679694E+000, 4.2323186E+000, 4.2005343E+000, 4.1676661E+000, 4.1413665E+000, 4.1409884E+000, 4.2020010E+000, 4.3131306E+000, 4.4638083E+000, 4.6389121E+000, 4.7832973E+000, 4.8547237E+000, 4.6051509E+000, 4.8497990E+000, 4.2908180E+000, 6.2879461E+000, 6.4608956E+000, 9.0164585E+000, 9.1591497E+000, 7.8695213E+004, 5.0692771E-001, 1.2921074E+001, 3.2951661E+001
 1.2500258E+002, 2.0000261E+001, 2.0000486E+001, 2.0003478E+001, 2.0026735E+001, 2.0057079E+001, 2.0104346E+001, 2.0169470E+001, 2.0262069E+001, 2.0419372E+001, 2.0708863E+001, 2.1301637E+001, 2.2417797E+001, 2.4250900E+001, 2.6888872E+001, 3.0231711E+001, 3.4055140E+001, 8.3783116E+001, 1.7580697E+002, 1.7843401E+002, 3.1442277E+002, 2.9389795E+002, 3.2101969E+002, 2.5429512E+002, 4.4624537E+000, 4.3958731E+000, 4.3232373E+000, 4.2429365E+000, 4.2042776E+000, 4.1652890E+000, 4.1239671E+000, 4.0880742E+000, 4.0598856E+000, 4.0594898E+000, 4.1193043E+000, 4.2423641E+000, 4.4108247E+000, 4.5938299E+000, 4.7208772E+000, 4.7957523E+000, 4.3652959E+000, 5.7623729E+000, 6.1338705E+000, 5.6687520E+000, 8.7686308E+000, 8.4474701E+000, 7.8368778E+000, 8.4370555E+004, 5.2197005E-001, 1.3840472E+001, 3.5316259E+001
 1.2600348E+002, 2.0000265E+001, 2.0000498E+001, 2.0003484E+001, 2.0027451E+001, 2.0059753E+001, 2.0110999E+001, 2.0180213E+001, 2.0273605E+001, 2.0426989E+001, 2.0715537E+001, 2.1320525E+001, 2.2493483E+001, 2.4423562E+001, 2.7184321E+001, 3.0521858E+001, 3.4227764E+001, 8.8314018E+001, 1.7158531E+002, 2.3697651E+002, 2.6760356E+002, 2.8951796E+002, 2.7207188E+002, 2.7379293E+002, 4.4391314E+000, 4.3616900E+000, 4.2837234E+000, 4.1922457E+000, 4.1511064E+000, 4.1102554E+000, 4.0624271E+000, 4.0244237E+000, 3.9930653E+000, 3.9881023E+000, 4.0421892E+000, 4.1643401E+000, 4.3250829E+000, 4.5043331E+000, 4.6338223E+000, 4.6760905E+000, 4.4143129E+000, 5.0755261E+000, 6.2750528E+000, 6.3237600E+000, 7.1846683E+000, 8.6946109E+000, 7.8162449E+000, 7.8738985E+004, 5.2190116E-001, 1.3601192E+001, 3.3174178E+001
 1.2700077E+002, 2.0000251E+001, 2.0000498E+001, 2.0003368E+001, 2.0026388E+001, 2.0057783E+001, 2.0109049E+001, 2.0181932E+001, 2.0279729E+001, 2.0429981E+001, 2.0703071E+001, 2.1290331E+001, 2.2429158E+001, 2.4380812E+001, 2.7168074E+001, 3.0602823E+001, 3.4458308E+001, 4.6241656E+001, 2.1682000E+002, 2.1087322E+002, 2.0783624E+002, 3.2242413E+002, 2.8362391E+002, 2.6699276E+002, 4.4811146E+000, 4.4240230E+000, 4.3542722E+000, 4.2829821E+000, 4.2465804E+000, 4.2096700E+000, 4.1759452E+000, 4.1411147E+000, 4.1129762E+000, 4.1114224E+000, 4.1721757E+000, 4.2869589E+000, 4.4409142E+000, 4.6022485E+000, 4.7521057E+000, 4.6845992E+000, 4.2157279E+000, 4.8002326E+000, 4.5798419E+000, 5.3563196E+000, 6.6501391E+000, 7.2694664E+000, 8.6288127E+000, 8.1060277E+004, 5.2115453E-001, 1.3685962E+001, 3.1461902E+001
 1.2800214E+002, 2.0000252E+001, 2.0000488E+001, 2.0003435E+001, 2.0026958E+001, 2.0059249E+001, 2.0111351E+001, 2.0184003E+001, 2.0283000E+001, 2.0439103E+001, 2.0718363E+001, 2.1301904E+001, 2.2443917E+001, 2.4371618E+001, 2.7220069E+001, 3.0796153E+001, 3.4979293E+001, 6.6198529E+001, 1.7339630E+002, 2.4764015E+002, 2.2687176E+002, 3.0352888E+002, 2.9803925E+002, 2.8829622E+002, 4.4862254E+000, 4.4318549E+000, 4.3628378E+000, 4.2940274E+000, 4.2571190E+000, 4.2216581E+000, 4.1882925E+000, 4.1545340E+000, 4.1281392E+000, 4.1284180E+000, 4.1913714E+000, 4.3109046E+000, 4.4759272E+000, 4.6409120E+000, 4.6555412E+000, 4.6146650E+000, 4.4050804E+000, 5.2220019E+000, 6.4411609E+000, 6.0501602E+000, 5.9530747E+000, 7.5926011E+000, 7.5643253E+000, 8.2030709E+004, 5.2134791E-001, 1.3877872E+001, 3.7327188E+001
 1.2900169E+002, 2.0000271E+001, 2.0000480E+001, 2.0003562E+001, 2.0027629E+001, 2.0059822E+001, 2.0111608E+001, 2.0184543E+001, 2.0282539E+001, 2.0436558E+001, 2.0719292E+001, 2.1318540E+001, 2.2475306E+001, 2.4387826E+001, 2.7176583E+001, 3.0688411E+001, 3.4699360E+001, 5.6298362E+001, 1.9744043E+002, 2.0062154E+002, 2.4389802E+002, 2.4976981E+002, 2.7118112E+002, 2.7580417E+002, 4.4373810E+000, 4.3593371E+000, 4.2793263E+000, 4.1877310E+000, 4.1461477E+000, 4.1052544E+000, 4.0578604E+000, 4.0198733E+000, 3.9897657E+000, 3.9884637E+000, 4.0472278E+000, 4.1730521E+000, 4.3304644E+000, 4.4883319E+000, 4.5577123E+000, 4.6225585E+000, 3.2301478E+000, 3.5200021E+000, 5.0698224E+000, 4.3616372E+000, 6.7706915E+000, 5.8026257E+000, 7.5769968E+000, 7.6027258E+004, 5.1241906E-001, 1.3606780E+001, 3.3459733E+001
 1.3000023E+002, 2.0000248E+001, 2.0000516E+001, 2.0003629E+001, 2.0028351E+001, 2.0061083E+001, 2.0112638E+001, 2.0183115E+001, 2.0278533E+001, 2.0434863E+001, 2.0727767E+001, 2.1348715E+001, 2.2530922E+001, 2.4488808E+001, 2.7203751E+001, 3.0556543E+001, 8.7007552E+001, 9.6075459E+001, 1.5690292E+002, 1.9101963E+002, 2.0722706E+002, 2.8123292E+002, 2.6964684E+002, 2.5666850E+002, 4.4984965E+000, 4.4493615E+000, 4.3842023E+000, 4.3185414E+000, 4.2838462E+000, 4.2484660E+000, 4.2181436E+000, 4.1858268E+000, 4.1607188E+000, 4.1640379E+000, 4.2337514E+000, 4.3583603E+000, 4.5118073E+000, 4.6537473E+000, 4.7273197E+000, 4.9574680E+000, 4.0553681E+000, 4.3442859E+000, 5.5737284E+000, 5.0796835E+000, 6.1808134E+000, 7.7523621E+000, 7.0803162E+000, 8.1159885E+004, 5.3757248E-001, 1.4436818E+001, 3.1696019E+001
 1.3100064E+002, 2.0000248E+001, 2.0000494E+001, 2.0003693E+001, 2.0028607E+001, 2.0061636E+001, 2.0113672E+001, 2.0185211E+001, 2.0282470E+001, 2.0441203E+001, 2.0736817E+001, 2.1360253E+001, 2.2559270E+001, 2.4538731E+001, 2.7355960E+001, 3.0887055E+001, 4.3980717E+001, 1.2243677E+002, 1.4469856E+002, 1.6402823E+002, 2.1498062E+002, 2.5718522E+002, 2.5984258E+002, 2.5396416E+002, 4.4506960E+000, 4.3796359E+000, 4.3027216E+000, 4.2182113E+000, 4.1773226E+000, 4.1366822E+000, 4.0923116E+000, 4.0563932E+000, 4.0281842E+000, 4.0283339E+000, 4.0924780E+000, 4.2250127E+000, 4.3873988E+000, 4.4916287E+000, 4.4795410E+000, 4.0789610E+000, 5.3535701E+000, 5.8432748E+000, 6.3489499E+000, 6.0556281E+000, 8.0274195E+000, 6.7221120E+000, 7.2050007E+000, 7.9715749E+004, 5.2300988E-001, 1.4236507E+001, 3.5307985E+001
 1.3200097E+002, 2.0000278E+001, 2.0000484E+001, 2.0003611E+001, 2.0028287E+001, 2.0061479E+001, 2.0113846E+001, 2.0184914E+001, 2.0280445E+001, 2.0437465E+001, 2.0740120E+001, 2.1374520E+001, 2.2579373E+001, 2.4558451E+001, 2.7339499E+001, 3.0759436E+001, 3.5203018E+001, 6.0184953E+001, 1.7127529E+002, 3.7664682E+002, 3.4061037E+002, 2.3642363E+002, 2.7482255E+002, 2.5955136E+002, 4.4456246E+000, 4.3728343E+000, 4.2956133E+000, 4.2069668E+000, 4.1653342E+000, 4.1253506E+000, 4.0807207E+000, 4.0426518E+000, 4.0136079E+000, 4.0129742E+000, 4.0746268E+000, 4.2059932E+000, 4.3661650E+000, 4.5158681E+000, 4.5657345E+000, 4.5181351E+000, 3.4636510E+000, 3.8537015E+000, 5.3776365E+000, 6.2951456E+000, 6.6236752E+000, 7.5506235E+000, 7.5292578E+000, 7.8610617E+004, 5.1475894E-001, 1.4334391E+001, 3.4648087E+001
 1.3300195E+002, 2.0000251E+001, 2.0000509E+001, 2.0003554E+001, 2.0028218E+001, 2.0061617E+001, 2.0114715E+001, 2.0186538E+001, 2.0280761E+001, 2.0431907E+001, 2.0719969E+001, 2.1338742E+001, 2.2522246E+001, 2.4522351E+001, 2.7367001E+001, 3.0941664E+001, 3.6732906E+001, 8.9473398E+001, 1.1546819E+002, 2.2580560E+002, 3.1765720E+002, 3.5248779E+002, 2.7413356E+002, 2.5029578E+002, 4.4887712E+000, 4.4343875E+000, 4.3664361E+000, 4.2978615E+000, 4.2622900E+000, 4.2256345E+000, 4.1929611E+000, 4.1585672E+000, 4.1320299E+000, 4.1343246E+000, 4.1989065E+000, 4.3121871E+000, 4.4378233E+000, 4.5156991E+000, 4.5482981E+000, 4.3897335E+000, 4.4448365E+000, 4.1975335E+000, 5.3721955E+000, 5.5510606E+000, 7.8604128E+000, 8.2996953E+000, 8.0693746E+000, 8.1102138E+004, 5.1472082E-001, 1.3522200E+001, 3.5930387E+001
 1.3400214E+002, 2.0000252E+001, 2.0000499E+001, 2.0003496E+001, 2.0027472E+001, 2.0059994E+001, 2.0111581E+001, 2.0182124E+001, 2.0278581E+001, 2.0435069E+001, 2.0720173E+001, 2.1318663E+001, 2.2469932E+001, 2.4377378E+001, 2.7189143E+001, 3.0899929E+001, 3.8356488E+001, 1.0383592E+002, 2.1518095E+002, 3.3381094E+002, 3.3959209E+002, 3.1270457E+002, 2.9787159E+002, 2.7631041E+002, 4.4762006E+000, 4.4169372E+000, 4.3455408E+000, 4.2720540E+000, 4.2346998E+000, 4.1978589E+000, 4.1615858E+000, 4.1276702E+000, 4.1003678E+000, 4.0998385E+000, 4.1625730E+000, 4.2797598E+000, 4.4139177E+000, 4.4925641E+000, 4.3374520E+000, 3.9978167E+000, 3.9624498E+000, 4.5473143E+000, 5.8759260E+000, 5.3781917E+000, 7.3704429E+000, 6.9901596E+000, 8.1178471E+000, 7.7721710E+004, 4.7829427E-001, 1.3270236E+001, 3.3475650E+001
 1.3500064E+002, 2.0000273E+001, 2.0000478E+001, 2.0003563E+001, 2.0027595E+001, 2.0059412E+001, 2.0109081E+001, 2.0177012E+001, 2.0269430E+001, 2.0418560E+001, 2.0699437E+001, 2.1295855E+001, 2.2427883E+001, 2.4315985E+001, 2.7050631E+001, 3.0490194E+001, 3.5531670E+001, 1.4806430E+002, 4.0001939E+002, 3.6084477E+002, 3.2402319E+002, 3.2629002E+002, 2.9817575E+002, 2.7960385E+002, 4.4511792E+000, 4.3795633E+000, 4.3022397E+000, 4.2163986E+000, 4.1753861E+000, 4.1364098E+000, 4.0935406E+000, 4.0567779E+000, 4.0273762E+000, 4.0250136E+000, 4.0844304E+000, 4.2111825E+000, 4.3639580E+000, 4.5030894E+000, 4.5416807E+000, 4.0895944E+000, 2.6982428E+000, 4.2490161E+000, 6.2937962E+000, 7.0312986E+000, 7.2574670E+000, 8.4362193E+000, 7.1362122E+000, 7.6681536E+004, 4.7244452E-001, 1.3092479E+001, 3.2492277E+001
 1.3600260E+002, 2.0000250E+001, 2.0000517E+001, 2.0003506E+001, 2.0028030E+001, 2.0060562E+001, 2.0110827E+001, 2.0178610E+001, 2.0272605E+001, 2.0428024E+001, 2.0715376E+001, 2.1309916E+001, 2.2448824E+001, 2.4387152E+001, 2.7217061E+001, 3.0758359E+001, 3.5007612E+001, 4.2035657E+001, 3.2263744E+002, 4.1443491E+002, 4.1147144E+002, 3.2130908E+002, 2.8727127E+002, 2.8586412E+002, 4.4628437E+000, 4.3968156E+000, 4.3233938E+000, 4.2411891E+000, 4.2026090E+000, 4.1642869E+000, 4.1244025E+000, 4.0890061E+000, 4.0609877E+000, 4.0601904E+000, 4.1192905E+000, 4.2396633E+000, 4.3817960E+000, 4.5158361E+000, 4.6171973E+000, 4.5824992E+000, 4.2074216E+000, 3.5746688E+000, 7.2219380E+000, 8.0863748E+000, 7.7691619E+000, 8.0221484E+000, 8.8167420E+000, 8.3152461E+004, 4.9945020E-001, 1.3166411E+001, 3.6486192E+001
 1.3700299E+002, 2.0000250E+001, 2.0000484E+001, 2.0003316E+001, 2.0025712E+001, 2.0055996E+001, 2.0104432E+001, 2.0171588E+001, 2.0263273E+001, 2.0411965E+001, 2.0690918E+001, 2.1274840E+001, 2.2372603E+001, 2.4245844E+001, 2.7014151E+001, 3.0565891E+001, 3.4864187E+001, 4.7212297E+001, 2.7709539E+002, 4.4134544E+002, 4.6956334E+002, 3.6036609E+002, 2.6650208E+002, 2.5337746E+002, 4.4636509E+000, 4.3988125E+000, 4.3237395E+000, 4.2449560E+000, 4.2061075E+000, 4.1676761E+000, 4.1284668E+000, 4.0932947E+000, 4.0657475E+000, 4.0657526E+000, 4.1243753E+000, 4.2325239E+000, 4.3658145E+000, 4.5152844E+000, 4.6488270E+000, 4.5917734E+000, 4.1457521E+000, 4.6189824E+000, 4.9898077E+000, 5.1365747E+000, 6.2236365E+000, 7.4841760E+000, 8.1446612E+000, 7.9044435E+004, 4.7978006E-001, 1.2625060E+001, 3.2960819E+001
 1.3800219E+002, 2.0000258E+001, 2.0000478E+001, 2.0003399E+001, 2.0026236E+001, 2.0056468E+001, 2.0103824E+001, 2.0170293E+001, 2.0264857E+001, 2.0418743E+001, 2.0688993E+001, 2.1253119E+001, 2.2336039E+001, 2.4167862E+001, 2.6917900E+001, 3.0486354E+001, 3.4673762E+001, 9.1180901E+001, 2.1018124E+002, 2.1946698E+002, 3.0252948E+002, 3.6263212E+002, 3.1596847E+002, 2.8768657E+002, 4.4873709E+000, 4.4340894E+000, 4.3652171E+000, 4.2960814E+000, 4.2598914E+000, 4.2243090E+000, 4.1921467E+000, 4.1591557E+000, 4.1334687E+000, 4.1355329E+000, 4.1994040E+000, 4.3098877E+000, 4.4459458E+000, 4.6108161E+000, 4.6590975E+000, 4.6617343E+000, 4.2539835E+000, 4.4945296E+000, 5.2361330E+000, 4.6495349E+000, 5.6830747E+000, 7.7582609E+000, 8.7486266E+000, 7.9308366E+004, 4.9496704E-001, 1.2428676E+001, 3.2814409E+001
 1.3900212E+002, 2.0000257E+001, 2.0000483E+001, 2.0003357E+001, 2.0026027E+001, 2.0055643E+001, 2.0102075E+001, 2.0167655E+001, 2.0261091E+001, 2.0412965E+001, 2.0682148E+001, 2.1246305E+001, 2.2304709E+001, 2.4096062E+001, 2.6799613E+001, 3.0284297E+001, 3.4400587E+001, 4.3727640E+001, 2.3977683E+002, 5.3160365E+002, 3.4350683E+002, 2.9389463E+002, 3.0815302E+002, 2.6226820E+002, 4.4887562E+000, 4.4352542E+000, 4.3678563E+000, 4.2991045E+000, 4.2631359E+000, 4.2270327E+000, 4.1952241E+000, 4.1622378E+000, 4.1376759E+000, 4.1398660E+000, 4.2027129E+000, 4.3171664E+000, 4.4726722E+000, 4.6415837E+000, 4.7002875E+000, 4.6586056E+000, 3.9319948E+000, 3.2994966E+000, 4.7815088E+000, 5.4141513E+000, 5.9183071E+000, 6.1930886E+000, 7.3517614E+000, 7.9164890E+004, 4.9125397E-001, 1.2433685E+001, 3.3221090E+001
 1.4000086E+002, 2.0000257E+001, 2.0000502E+001, 2.0003465E+001, 2.0026802E+001, 2.0057405E+001, 2.0104798E+001, 2.0169126E+001, 2.0260885E+001, 2.0416316E+001, 2.0697631E+001, 2.1274710E+001, 2.2377933E+001, 2.4210690E+001, 2.6884593E+001, 3.0278573E+001, 3.4138776E+001, 5.9860264E+001, 3.3572253E+002, 4.0431789E+002, 4.0510130E+002, 2.9424935E+002, 2.7618779E+002, 2.8855131E+002, 4.4412605E+000, 4.3645479E+000, 4.2861547E+000, 4.1960829E+000, 4.1544060E+000, 4.1130382E+000, 4.0657587E+000, 4.0291327E+000, 4.0006048E+000, 4.0008991E+000, 4.0598065E+000, 4.1863476E+000, 4.3483403E+000, 4.5165771E+000, 4.6019078E+000, 4.6249498E+000, 3.9498365E+000, 4.5615558E+000, 4.3219115E+000, 5.1962672E+000, 7.7431902E+000, 6.4573609E+000, 6.3990360E+000, 7.9974746E+004, 5.1662453E-001, 1.3054236E+001, 3.3489008E+001
 1.4100059E+002, 2.0000254E+001, 2.0000509E+001, 2.0003654E+001, 2.0027959E+001, 2.0059255E+001, 2.0107375E+001, 2.0173676E+001, 2.0267433E+001, 2.0424375E+001, 2.0719571E+001, 2.1328121E+001, 2.2463975E+001, 2.4328152E+001, 2.6977933E+001, 3.0261277E+001, 3.3996248E+001, 3.9852764E+001, 1.3506367E+002, 2.4871020E+002, 3.2369948E+002, 3.2688845E+002, 2.9979670E+002, 2.6914812E+002, 4.4396563E+000, 4.3634822E+000, 4.2842592E+000, 4.1935121E+000, 4.1519749E+000, 4.1110826E+000, 4.0641451E+000, 4.0270725E+000, 3.9978693E+000, 3.9972720E+000, 4.0593994E+000, 4.1880496E+000, 4.3586758E+000, 4.5397216E+000, 4.6381506E+000, 4.8077633E+000, 4.6752052E+000, 3.3928215E+000, 4.4750851E+000, 5.6873253E+000, 5.5332248E+000, 7.5778030E+000, 7.4438598E+000, 8.0487447E+004, 5.2543898E-001, 1.3479112E+001, 2.9553486E+001
 1.4200068E+002, 2.0000253E+001, 2.0000499E+001, 2.0003624E+001, 2.0027769E+001, 2.0058869E+001, 2.0106152E+001, 2.0171358E+001, 2.0265895E+001, 2.0428949E+001, 2.0726446E+001, 2.1339897E+001, 2.2476942E+001, 2.4385805E+001, 2.7127262E+001, 3.0562892E+001, 3.4768844E+001, 1.4247070E+002, 2.2000487E+002, 3.0974854E+002, 2.5960621E+002, 2.9417089E+002, 3.0590724E+002, 2.5948009E+002, 4.5041409E+000, 4.4590635E+000, 4.3938405E+000, 4.3327788E+000, 4.2981757E+000, 4.2641128E+000, 4.2372307E+000, 4.2056486E+000, 4.1821549E+000, 4.1857116E+000, 4.2558588E+000, 4.3721551E+000, 4.5137605E+000, 4.6362295E+000, 4.6999909E+000, 4.4481001E+000, 3.4033842E+000, 4.6144837E+000, 5.9087337E+000, 6.7046330E+000, 6.6935101E+000, 8.0714025E+000, 7.8285994E+000, 8.2964625E+004, 5.3932237E-001, 1.3467833E+001, 3.2480267E+001
 1.4300277E+002, 2.0000262E+001, 2.0000487E+001, 2.0003439E+001, 2.0026108E+001, 2.0055236E+001, 2.0100412E+001, 2.0163535E+001, 2.0255694E+001, 2.0416914E+001, 2.0722868E+001, 2.1337446E+001, 2.2449670E+001, 2.4293011E+001, 2.7030205E+001, 3.0624107E+001, 3.5131838E+001, 1.2236372E+002, 2.8900831E+002, 3.4836045E+002, 3.9284711E+002, 3.5899116E+002, 2.7199226E+002, 2.9275474E+002, 4.4682912E+000, 4.4050432E+000, 4.3327539E+000, 4.2549171E+000, 4.2159161E+000, 4.1780648E+000, 4.1400247E+000, 4.1051762E+000, 4.0780991E+000, 4.0795825E+000, 4.1418640E+000, 4.2522503E+000, 4.3952416E+000, 4.5296838E+000, 4.5063160E+000, 4.4023340E+000, 3.7238881E+000, 4.5824567E+000, 4.5430889E+000, 5.8393488E+000, 8.6109638E+000, 6.5572080E+000, 7.7158220E+000, 8.1217710E+004, 5.0235124E-001, 1.2602681E+001, 3.5288998E+001
 1.4400286E+002, 2.0000272E+001, 2.0000484E+001, 2.0003333E+001, 2.0025184E+001, 2.0053003E+001, 2.0095691E+001, 2.0156077E+001, 2.0248074E+001, 2.0409541E+001, 2.0708555E+001, 2.1309427E+001, 2.2420743E+001, 2.4271027E+001, 2.7002788E+001, 3.0605492E+001, 3.4991935E+001, 7.4567710E+001, 2.6271116E+002, 3.2280395E+002, 3.3420915E+002, 3.6256476E+002, 3.4907678E+002, 2.9955732E+002, 4.4433229E+000, 4.3672038E+000, 4.2893085E+000, 4.1991644E+000, 4.1584901E+000, 4.1174532E+000, 4.0715149E+000, 4.0354416E+000, 4.0062821E+000, 4.0031144E+000, 4.0593084E+000, 4.1720015E+000, 4.3019450E+000, 4.4009334E+000, 4.4328132E+000, 4.4353147E+000, 3.2560216E+000, 4.2580020E+000, 4.6745958E+000, 5.8738691E+000, 7.1368564E+000, 8.0157292E+000, 8.7370680E+000, 7.9211511E+004, 5.1146245E-001, 1.2537039E+001, 3.7201964E+001
 1.4500310E+002, 2.0000242E+001, 2.0000513E+001, 2.0003424E+001, 2.0026060E+001, 2.0055303E+001, 2.0100518E+001, 2.0163049E+001, 2.0253568E+001, 2.0412672E+001, 2.0714412E+001, 2.1336320E+001, 2.2457287E+001, 2.4324356E+001, 2.7055544E+001, 3.0619909E+001, 3.5134411E+001, 4.6604237E+001, 2.0492289E+002, 3.1782825E+002, 3.1561981E+002, 3.3625186E+002, 3.0178883E+002, 2.8932305E+002, 4.4901961E+000, 4.4379237E+000, 4.3702043E+000, 4.3014544E+000, 4.2658521E+000, 4.2302126E+000, 4.1985807E+000, 4.1653638E+000, 4.1400054E+000, 4.1422947E+000, 4.2085184E+000, 4.3290443E+000, 4.4820673E+000, 4.6210645E+000, 4.6968690E+000, 4.6601207E+000, 4.1372609E+000, 4.5257115E+000, 6.8925205E+000, 7.6595003E+000, 7.6030043E+000, 8.1983632E+000, 7.7213806E+000, 8.2699001E+004, 5.4946214E-001, 1.3497596E+001, 3.5439997E+001
 1.4600078E+002, 2.0000256E+001, 2.0000486E+001, 2.0003573E+001, 2.0026760E+001, 2.0057084E+001, 2.0105236E+001, 2.0173061E+001, 2.0267356E+001, 2.0424329E+001, 2.0719574E+001, 2.1339740E+001, 2.2517814E+001, 2.4441918E+001, 2.7217473E+001, 3.0681428E+001, 3.4668840E+001, 4.4819438E+001, 1.0852432E+002, 2.0595581E+002, 2.7110120E+002, 3.4805789E+002, 3.2031392E+002, 2.9325376E+002, 4.4726062E+000, 4.4130116E+000, 4.3401144E+000, 4.2657089E+000, 4.2270609E+000, 4.1894989E+000, 4.1532086E+000, 4.1184152E+000, 4.0912023E+000, 4.0922754E+000, 4.1564841E+000, 4.2770210E+000, 4.4382282E+000, 4.5893707E+000, 4.6750097E+000, 4.8510439E+000, 4.5245520E+000, 3.8984469E+000, 6.3028840E+000, 6.6010231E+000, 8.2929042E+000, 7.8077349E+000, 8.2219662E+000, 7.9884404E+004, 5.3729645E-001, 1.3750589E+001, 3.3698039E+001
 1.4700286E+002, 2.0000272E+001, 2.0000489E+001, 2.0003536E+001, 2.0027478E+001, 2.0059131E+001, 2.0108092E+001, 2.0174939E+001, 2.0269358E+001, 2.0429347E+001, 2.0730294E+001, 2.1343240E+001, 2.2504441E+001, 2.4441878E+001, 2.7257223E+001, 3.0730250E+001, 3.4704036E+001, 4.6861157E+001, 1.5021288E+002, 2.4308055E+002, 2.8391174E+002, 2.9382654E+002, 3.2468601E+002, 3.0951348E+002, 4.4566348E+000, 4.3877107E+000, 4.3134520E+000, 4.2293274E+000, 4.1891012E+000, 4.1503560E+000, 4.1086745E+000, 4.0731334E+000, 4.0433601E+000, 4.0387582E+000, 4.0931321E+000, 4.2103213E+000, 4.3661308E+000, 4.5356535E+000, 4.6336156E+000, 4.7533549E+000, 4.5121270E+000, 4.5523042E+000, 4.6733377E+000, 6.6161412E+000, 7.4704867E+000, 7.4890224E+000, 8.2021117E+000, 7.9865426E+004, 5.1028675E-001, 1.3257721E+001, 3.4139663E+001
 1.4800184E+002, 2.0000254E+001, 2.0000502E+001, 2.0003378E+001, 2.0026734E+001, 2.0058443E+001, 2.0109212E+001, 2.0178800E+001, 2.0272826E+001, 2.0428215E+001, 2.0723701E+001, 2.1342981E+001, 2.2498649E+001, 2.4425685E+001, 2.7230111E+001, 3.0829683E+001, 3.5053658E+001, 4.3530440E+001, 1.7814206E+002, 2.2321438E+002, 2.8227484E+002, 2.9944963E+002, 2.7186863E+002, 2.8960714E+002, 4.4592647E+000, 4.3910511E+000, 4.3166440E+000, 4.2344451E+000, 4.1956952E+000, 4.1568109E+000, 4.1147921E+000, 4.0781606E+000, 4.0479957E+000, 4.0434595E+000, 4.0963757E+000, 4.2052341E+000, 4.3398138E+000, 4.4668105E+000, 4.5344760E+000, 4.4583990E+000, 4.9856475E+000, 4.3928761E+000, 4.6314408E+000, 5.0734952E+000, 7.0822622E+000, 7.8743542E+000, 7.6547330E+000, 7.8613813E+004, 5.0808705E-001, 1.3201377E+001, 3.2677876E+001
 1.4900203E+002, 2.0000252E+001, 2.0000506E+001, 2.0003490E+001, 2.0027063E+001, 2.0058080E+001, 2.0107129E+001, 2.0176522E+001, 2.0273786E+001, 2.0429957E+001, 2.0714483E+001, 2.1320796E+001, 2.2458881E+001, 2.4380816E+001, 2.7165855E+001, 3.0729651E+001, 3.5116460E+001, 1.8768842E+002, 2.8574793E+002, 2.7954475E+002, 2.5222562E+002, 2.6083805E+002, 2.7403686E+002, 2.7077895E+002, 4.4831300E+000, 4.4281652E+000, 4.3584631E+000, 4.2883715E+000, 4.2522777E+000, 4.2155984E+000, 4.1815661E+000, 4.1462396E+000, 4.1177906E+000, 4.1178213E+000, 4.1809327E+000, 4.2928365E+000, 4.4321574E+000, 4.5519764E+000, 4.6032220E+000, 4.4804840E+000, 3.1262284E+000, 3.8180416E+000, 4.4888507E+000, 5.8844643E+000, 5.4837339E+000, 7.5254385E+000, 8.2881188E+000, 7.6353211E+004, 5.0846215E-001, 1.3019341E+001, 3.2560526E+001
 1.5000041E+002, 2.0000269E+001, 2.0000499E+001, 2.0003823E+001, 2.0029486E+001, 2.0062595E+001, 2.0112286E+001, 2.0178311E+001, 2.0270738E+001, 2.0428982E+001, 2.0727945E+001, 2.1352476E+001, 2.2517212E+001, 2.4422465E+001, 2.7148859E+001, 3.0558333E+001, 3.4437495E+001, 4.1099706E+001, 1.2148202E+002, 3.0709765E+002, 3.2808523E+002, 3.2646269E+002, 2.7666714E+002, 2.4912178E+002, 4.4715928E+000, 4.4100499E+000, 4.3379789E+000, 4.2629195E+000, 4.2248841E+000, 4.1879071E+000, 4.1500088E+000, 4.1132905E+000, 4.0847208E+000, 4.0851144E+000, 4.1496436E+000, 4.2711905E+000, 4.4360459E+000, 4.6108641E+000, 4.7027276E+000, 4.8973000E+000, 4.4688203E+000, 2.4923942E+000, 3.8132716E+000, 5.5159757E+000, 7.6360659E+000, 6.9856052E+000, 6.6104466E+000, 8.3238578E+004, 5.1523031E-001, 1.3987764E+001, 3.3982147E+001
 1.5100012E+002, 2.0000269E+001, 2.0000514E+001, 2.0003568E+001, 2.0028435E+001, 2.0061378E+001, 2.0112550E+001, 2.0181203E+001, 2.0273681E+001, 2.0424994E+001, 2.0713016E+001, 2.1323008E+001, 2.2492032E+001, 2.4418950E+001, 2.7192988E+001, 3.0563393E+001, 3.4259739E+001, 5.0301227E+001, 1.2779503E+002, 1.4619598E+002, 2.6704604E+002, 3.4476526E+002, 3.2057824E+002, 2.7773093E+002, 4.4696125E+000, 4.4065540E+000, 4.3360268E+000, 4.2579584E+000, 4.2203346E+000, 4.1830516E+000, 4.1436253E+000, 4.1081555E+000, 4.0803048E+000, 4.0795969E+000, 4.1347633E+000, 4.2444265E+000, 4.3922825E+000, 4.5500869E+000, 4.6317040E+000, 4.6286735E+000, 4.6756646E+000, 4.4541259E+000, 3.0952205E+000, 4.4260179E+000, 5.4802856E+000, 8.1229056E+000, 7.8577538E+000, 7.7936496E+004, 4.8426753E-001, 1.2889894E+001, 3.0131000E+001
 1.5200211E+002, 2.0000255E+001, 2.0000508E+001, 2.0003487E+001, 2.0027663E+001, 2.0060188E+001, 2.0110974E+001, 2.0179462E+001, 2.0273881E+001, 2.0429108E+001, 2.0710174E+001, 2.1292456E+001, 2.2393572E+001, 2.4292216E+001, 2.7113664E+001, 3.0668146E+001, 3.4779813E+001, 4.1517618E+001, 1.4385425E+002, 2.2652303E+002, 2.8394077E+002, 2.9234554E+002, 3.1840305E+002, 2.9493496E+002, 4.4551591E+000, 4.3858669E+000, 4.3100187E+000, 4.2279621E+000, 4.1877507E+000, 4.1472860E+000, 4.1057727E+000, 4.0694388E+000, 4.0407368E+000, 4.0380394E+000, 4.0923696E+000, 4.1997393E+000, 4.3347070E+000, 4.4685487E+000, 4.5361800E+000, 4.5826907E+000, 4.6963057E+000, 3.9833593E+000, 4.6754295E+000, 5.7519958E+000, 6.2371786E+000, 7.1190945E+000, 8.4466411E+000, 8.2526164E+004, 4.9220470E-001, 1.2350280E+001, 3.1594521E+001
 1.5300194E+002, 2.0000254E+001, 2.0000498E+001, 2.0003451E+001, 2.0027025E+001, 2.0058533E+001, 2.0107908E+001, 2.0176654E+001, 2.0272307E+001, 2.0425927E+001, 2.0703917E+001, 2.1286429E+001, 2.2372998E+001, 2.4200821E+001, 2.6903044E+001, 3.0481423E+001, 3.5047780E+001, 1.1217560E+002, 2.5899832E+002, 2.7056471E+002, 2.7272448E+002, 3.1598508E+002, 3.2036822E+002, 2.7205736E+002, 4.4753567E+000, 4.4167087E+000, 4.3452261E+000, 4.2701259E+000, 4.2318228E+000, 4.1940760E+000, 4.1580426E+000, 4.1230375E+000, 4.0955120E+000, 4.0940654E+000, 4.1527849E+000, 4.2668672E+000, 4.4151281E+000, 4.5449305E+000, 4.5812247E+000, 4.3673717E+000, 3.9597521E+000, 5.1940653E+000, 6.1345383E+000, 5.6394567E+000, 6.7508464E+000, 7.9907458E+000, 6.3141256E+000, 7.7678524E+004, 5.0934553E-001, 1.2402199E+001, 3.2488322E+001
 1.5400081E+002, 2.0000257E+001, 2.0000486E+001, 2.0003514E+001, 2.0027513E+001, 2.0059236E+001, 2.0108505E+001, 2.0176281E+001, 2.0271575E+001, 2.0429133E+001, 2.0713981E+001, 2.1313666E+001, 2.2436093E+001, 2.4295428E+001, 2.6975156E+001, 3.0353412E+001, 3.4460338E+001, 4.1806872E+001, 8.0360214E+001, 3.9596007E+002, 3.6334711E+002, 3.1126969E+002, 3.1105599E+002, 3.2317258E+002, 4.4866884E+000, 4.4330966E+000, 4.3641423E+000, 4.2945857E+000, 4.2588088E+000, 4.2232376E+000, 4.1897807E+000, 4.1569341E+000, 4.1301140E+000, 4.1289250E+000, 4.1909091E+000, 4.3084228E+000, 4.4565939E+000, 4.6005244E+000, 4.6758301E+000, 4.5942395E+000, 4.1482263E+000, 4.0290055E+000, 5.6349824E+000, 6.7520118E+000, 7.4655715E+000, 6.0360919E+000, 7.9939532E+000, 7.6818973E+004, 5.2637222E-001, 1.3241647E+001, 3.0485896E+001
 1.5500240E+002, 2.0000265E+001, 2.0000495E+001, 2.0003443E+001, 2.0027233E+001, 2.0058785E+001, 2.0108466E+001, 2.0176503E+001, 2.0270176E+001, 2.0425325E+001, 2.0714133E+001, 2.1311495E+001, 2.2449972E+001, 2.4313295E+001, 2.7034740E+001, 3.0455969E+001, 3.4756777E+001, 1.7244771E+002, 4.4539544E+002, 4.7864579E+002, 3.7916555E+002, 3.3643963E+002, 3.0925782E+002, 2.7065035E+002, 4.4713893E+000, 4.4104710E+000, 4.3390834E+000, 4.2620329E+000, 4.2246225E+000, 4.1871727E+000, 4.1497046E+000, 4.1145055E+000, 4.0864465E+000, 4.0841691E+000, 4.1428765E+000, 4.2597592E+000, 4.4041281E+000, 4.5565191E+000, 4.6084666E+000, 4.5000503E+000, 4.3381457E+000, 2.8881441E+000, 5.1249714E+000, 6.6231614E+000, 7.5942459E+000, 7.7575494E+000, 7.3739715E+000, 8.2762790E+004, 4.9161952E-001, 1.2877423E+001, 3.1828204E+001
 1.5600014E+002, 2.0000266E+001, 2.0000495E+001, 2.0003369E+001, 2.0026475E+001, 2.0057112E+001, 2.0105145E+001, 2.0172325E+001, 2.0268139E+001, 2.0424721E+001, 2.0711754E+001, 2.1299752E+001, 2.2417728E+001, 2.4307422E+001, 2.7097354E+001, 3.0649681E+001, 3.5046677E+001, 7.4917464E+001, 3.3719638E+002, 3.2183687E+002, 3.9703581E+002, 3.2717780E+002, 2.7927906E+002, 2.8355542E+002, 4.4460971E+000, 4.3721042E+000, 4.2956053E+000, 4.2090580E+000, 4.1682954E+000, 4.1280653E+000, 4.0846393E+000, 4.0472642E+000, 4.0164367E+000, 4.0139359E+000, 4.0680693E+000, 4.1831529E+000, 4.3289904E+000, 4.4876834E+000, 4.5470738E+000, 4.3916382E+000, 3.2559278E+000, 4.7915478E+000, 5.3438417E+000, 5.7140451E+000, 8.1244848E+000, 7.0710931E+000, 7.5680712E+000, 8.2184738E+004, 4.9083924E-001, 1.2417810E+001, 3.6502524E+001
 1.5700067E+002, 2.0000250E+001, 2.0000503E+001, 2.0003325E+001, 2.0025842E+001, 2.0055926E+001, 2.0103674E+001, 2.0171332E+001, 2.0267198E+001, 2.0421812E+001, 2.0706039E+001, 2.1302301E+001, 2.2411957E+001, 2.4293166E+001, 2.7053601E+001, 3.0634367E+001, 3.5105297E+001, 4.6652412E+001, 2.3668027E+002, 3.1159170E+002, 3.1507355E+002, 2.9914041E+002, 2.9420866E+002, 2.7335963E+002, 4.4783494E+000, 4.4191753E+000, 4.3491064E+000, 4.2758522E+000, 4.2383386E+000, 4.2007047E+000, 4.1640146E+000, 4.1291987E+000, 4.1007254E+000, 4.0985274E+000, 4.1552754E+000, 4.2655403E+000, 4.4082381E+000, 4.5665488E+000, 4.6820194E+000, 4.5915464E+000, 3.9582756E+000, 3.7943273E+000, 4.8869082E+000, 6.7665293E+000, 6.4322977E+000, 7.0555225E+000, 7.1056913E+000, 7.5781950E+004, 5.0189796E-001, 1.2529685E+001, 3.2676808E+001
 1.5800030E+002, 2.0000257E+001, 2.0000478E+001, 2.0003265E+001, 2.0025081E+001, 2.0054047E+001, 2.0099752E+001, 2.0164314E+001, 2.0256464E+001, 2.0408670E+001, 2.0685693E+001, 2.1255370E+001, 2.2343834E+001, 2.4189874E+001, 2.6886163E+001, 3.0364493E+001, 3.4618018E+001, 4.3618062E+001, 8.9392982E+001, 2.6136034E+002, 3.8516003E+002, 3.1606807E+002, 2.9640927E+002, 2.7934939E+002, 4.4762661E+000, 4.4183680E+000, 4.3472720E+000, 4.2744501E+000, 4.2371340E+000, 4.2006194E+000, 4.1638225E+000, 4.1285493E+000, 4.1004741E+000, 4.0984458E+000, 4.1540120E+000, 4.2613319E+000, 4.4040798E+000, 4.5473381E+000, 4.6650119E+000, 4.6828965E+000, 4.2274024E+000, 3.9192358E+000, 4.0312418E+000, 5.2989918E+000, 7.2972315E+000, 6.4154903E+000, 6.9342692E+000, 8.1206237E+004, 4.6069939E-001, 1.2019997E+001, 3.1488210E+001
 1.5900306E+002, 2.0000264E+001, 2.0000482E+001, 2.0003381E+001, 2.0025839E+001, 2.0054520E+001, 2.0098659E+001, 2.0160778E+001, 2.0251488E+001, 2.0402978E+001, 2.0676126E+001, 2.1247808E+001, 2.2316323E+001, 2.4073423E+001, 2.6730930E+001, 3.0219351E+001, 3.4510629E+001, 4.2782401E+001, 1.3716299E+002, 2.2329919E+002, 3.6880699E+002, 3.3079156E+002, 3.0892280E+002, 2.9849173E+002, 4.4739220E+000, 4.4130832E+000, 4.3426264E+000, 4.2670959E+000, 4.2294067E+000, 4.1915471E+000, 4.1544737E+000, 4.1187018E+000, 4.0906165E+000, 4.0899858E+000, 4.1525094E+000, 4.2721736E+000, 4.4130978E+000, 4.5533109E+000, 4.6568989E+000, 4.7173218E+000, 4.4840523E+000, 3.6192117E+000, 5.3042824E+000, 6.8119132E+000, 7.3644526E+000, 8.0704792E+000, 7.0821246E+000, 7.8784593E+004, 4.8172316E-001, 1.1910576E+001, 3.2898308E+001
 1.6000007E+002, 2.0000255E+001, 2.0000506E+001, 2.0003532E+001, 2.0027102E+001, 2.0057197E+001, 2.0103135E+001, 2.0165064E+001, 2.0253124E+001, 2.0405636E+001, 2.0694992E+001, 2.1282727E+001, 2.2383320E+001, 2.4188394E+001, 2.6793719E+001, 3.0027200E+001, 3.3937599E+001, 4.2088042E+001, 1.3564072E+002, 3.1491677E+002, 3.4870253E+002, 3.8100768E+002, 3.1619217E+002, 2.9133973E+002, 4.4460790E+000, 4.3718179E+000, 4.2952615E+000, 4.2064049E+000, 4.1663330E+000, 4.1257905E+000, 4.0796882E+000, 4.0424564E+000, 4.0121111E+000, 4.0078540E+000, 4.0668032E+000, 4.1977594E+000, 4.3688055E+000, 4.5665004E+000, 4.7036804E+000, 4.7704247E+000, 4.3677674E+000, 3.2434677E+000, 6.4038959E+000, 8.1107921E+000, 8.9621945E+000, 7.9844437E+000, 7.9943780E+000, 8.0810754E+004, 5.0301816E-001, 1.2878500E+001, 3.3176320E+001
 1.6100210E+002, 2.0000255E+001, 2.0000492E+001, 2.0003350E+001, 2.0025618E+001, 2.0054866E+001, 2.0101193E+001, 2.0167154E+001, 2.0260264E+001, 2.0412139E+001, 2.0693559E+001, 2.1286639E+001, 2.2401896E+001, 2.4291003E+001, 2.7009222E+001, 3.0391743E+001, 3.4122335E+001, 4.0079196E+001, 9.5050004E+001, 1.7303142E+002, 2.1970043E+002, 2.6798680E+002, 2.7547490E+002, 3.1643993E+002, 4.4748369E+000, 4.4156076E+000, 4.3441221E+000, 4.2691402E+000, 4.2309133E+000, 4.1929397E+000, 4.1555831E+000, 4.1200819E+000, 4.0912749E+000, 4.0892393E+000, 4.1516696E+000, 4.2727550E+000, 4.4397845E+000, 4.6117216E+000, 4.7551523E+000, 4.8141873E+000, 4.7161446E+000, 4.1469564E+000, 4.7699161E+000, 6.0399219E+000, 7.0468690E+000, 8.7435733E+000, 8.2231888E+000, 8.1228874E+004, 5.0530177E-001, 1.2676204E+001, 3.1203175E+001
 1.6200056E+002, 2.0000253E+001, 2.0000489E+001, 2.0003290E+001, 2.0025253E+001, 2.0054616E+001, 2.0101471E+001, 2.0168214E+001, 2.0262713E+001, 2.0416682E+001, 2.0696180E+001, 2.1282127E+001, 2.2396185E+001, 2.4276073E+001, 2.7084748E+001, 3.0664228E+001, 3.4692089E+001, 4.1369414E+001, 1.0335062E+002, 2.5142350E+002, 2.8492199E+002, 2.8380194E+002, 2.6681050E+002, 2.5703137E+002, 4.4828660E+000, 4.4276970E+000, 4.3584589E+000, 4.2878376E+000, 4.2504972E+000, 4.2130600E+000, 4.1781409E+000, 4.1430107E+000, 4.1156800E+000, 4.1174706E+000, 4.1799660E+000, 4.2926439E+000, 4.4398032E+000, 4.6010537E+000, 4.7536356E+000, 4.8931007E+000, 4.4950245E+000, 4.4571916E+000, 6.1516832E+000, 6.4013996E+000, 7.4911197E+000, 8.0442825E+000, 8.6839667E+000, 8.1883115E+004, 4.9854623E-001, 1.2481266E+001, 3.3976123E+001
 1.6300024E+002, 2.0000267E+001, 2.0000470E+001, 2.0003214E+001, 2.0025332E+001, 2.0055215E+001, 2.0102568E+001, 2.0168528E+001, 2.0261520E+001, 2.0414663E+001, 2.0693079E+001, 2.1266093E+001, 2.2365989E+001, 2.4208405E+001, 2.6958227E+001, 3.0533181E+001, 3.5000396E+001, 4.7149433E+001, 1.8960857E+002, 1.9206404E+002, 2.8287214E+002, 3.0962731E+002, 2.8602515E+002, 2.4530751E+002, 4.4662346E+000, 4.4024418E+000, 4.3301907E+000, 4.2509106E+000, 4.2117923E+000, 4.1730304E+000, 4.1317875E+000, 4.0954494E+000, 4.0676378E+000, 4.0683090E+000, 4.1290687E+000, 4.2442725E+000, 4.3864671E+000, 4.5130446E+000, 4.5390893E+000, 4.5125965E+000, 4.0775452E+000, 3.5374092E+000, 5.4427277E+000, 5.5809512E+000, 5.8103221E+000, 6.2240356E+000, 6.3929084E+000, 7.5833958E+004, 4.7470106E-001, 1.2495905E+001, 3.1329528E+001
 1.6400205E+002, 2.0000257E+001, 2.0000499E+001, 2.0003301E+001, 2.0025809E+001, 2.0056252E+001, 2.0105245E+001, 2.0173051E+001, 2.0266326E+001, 2.0417594E+001, 2.0695979E+001, 2.1268605E+001, 2.2361797E+001, 2.4232843E+001, 2.7012931E+001, 3.0582491E+001, 3.4890233E+001, 5.5749921E+001, 4.6235450E+002, 4.0849798E+002, 3.4190701E+002, 3.6484959E+002, 3.0437260E+002, 2.8663217E+002, 4.4553077E+000, 4.3861096E+000, 4.3118451E+000, 4.2279377E+000, 4.1881357E+000, 4.1477527E+000, 4.1050194E+000, 4.0681495E+000, 4.0392517E+000, 4.0396300E+000, 4.1022453E+000, 4.2246523E+000, 4.3737415E+000, 4.5063305E+000, 4.5203617E+000, 4.2585668E+000, 3.2563932E+000, 2.8288084E+000, 6.4236258E+000, 6.2504379E+000, 7.9670809E+000, 7.1487543E+000, 7.0938157E+000, 8.0436444E+004, 4.8318955E-001, 1.2143237E+001, 3.5497471E+001
 1.6500214E+002, 2.0000250E+001, 2.0000501E+001, 2.0003459E+001, 2.0027181E+001, 2.0058249E+001, 2.0105911E+001, 2.0171025E+001, 2.0262558E+001, 2.0414403E+001, 2.0695980E+001, 2.1282688E+001, 2.2362462E+001, 2.4168093E+001, 2.6792089E+001, 3.0198104E+001, 3.4340521E+001, 4.2783719E+001, 2.2986929E+002, 3.6512365E+002, 3.7332901E+002, 3.8225813E+002, 3.2193524E+002, 2.9176095E+002, 4.4623158E+000, 4.3965774E+000, 4.3223547E+000, 4.2417321E+000, 4.2019333E+000, 4.1629342E+000, 4.1224649E+000, 4.0861818E+000, 4.0578905E+000, 4.0588455E+000, 4.1213075E+000, 4.2478948E+000, 4.4178968E+000, 4.5952414E+000, 4.7498284E+000, 4.8036298E+000, 4.1850407E+000, 3.0470832E+000, 5.3932675E+000, 6.7015992E+000, 7.9844898E+000, 8.2361949E+000, 6.8267774E+000, 8.1104631E+004, 4.8453228E-001, 1.2530519E+001, 3.1639648E+001
 1.6600040E+002, 2.0000261E+001, 2.0000483E+001, 2.0003422E+001, 2.0027012E+001, 2.0059095E+001, 2.0109504E+001, 2.0177158E+001, 2.0267028E+001, 2.0414416E+001, 2.0689718E+001, 2.1278479E+001, 2.2395355E+001, 2.4248594E+001, 2.6952095E+001, 3.0345228E+001, 3.4116865E+001, 3.9024348E+001, 1.5593875E+002, 1.9789780E+002, 2.8735826E+002, 3.1809666E+002, 2.9843349E+002, 3.2152054E+002, 4.4822250E+000, 4.4264224E+000, 4.3563909E+000, 4.2853061E+000, 4.2487912E+000, 4.2122576E+000, 4.1783822E+000, 4.1451357E+000, 4.1201931E+000, 4.1230913E+000, 4.1876438E+000, 4.3070937E+000, 4.4595655E+000, 4.6274937E+000, 4.7906478E+000, 4.8627919E+000, 4.5667412E+000, 4.1865082E+000, 4.1757518E+000, 6.0639481E+000, 7.4611271E+000, 8.0950260E+000, 8.4341192E+000, 7.9217099E+004, 4.8858946E-001, 1.2386782E+001, 3.1377244E+001
 1.6700041E+002, 2.0000265E+001, 2.0000499E+001, 2.0003465E+001, 2.0027001E+001, 2.0058177E+001, 2.0108176E+001, 2.0178927E+001, 2.0275242E+001, 2.0424686E+001, 2.0695339E+001, 2.1274109E+001, 2.2386717E+001, 2.4230187E+001, 2.6937101E+001, 3.0327877E+001, 3.4110890E+001, 1.0029701E+002, 5.1594871E+001, 1.6832520E+002, 2.4254255E+002, 2.7318473E+002, 2.9598446E+002, 2.6733411E+002, 4.4716492E+000, 4.4101955E+000, 4.3386018E+000, 4.2615567E+000, 4.2234266E+000, 4.1860919E+000, 4.1485246E+000, 4.1144394E+000, 4.0891103E+000, 4.0928663E+000, 4.1598112E+000, 4.2880084E+000, 4.4469351E+000, 4.6116607E+000, 4.6921393E+000, 4.7913541E+000, 5.0423269E+000, 4.5710751E+000, 3.8185123E+000, 4.7972229E+000, 6.4649354E+000, 7.4438180E+000, 7.9445939E+000, 8.2974418E+004, 5.0796697E-001, 1.3057931E+001, 3.0225656E+001
 1.6800332E+002, 2.0000270E+001, 2.0000521E+001, 2.0003683E+001, 2.0028418E+001, 2.0060906E+001, 2.0112026E+001, 2.0182620E+001, 2.0281248E+001, 2.0443277E+001, 2.0737253E+001, 2.1342442E+001, 2.2510007E+001, 2.4424472E+001, 2.7181578E+001, 3.0544183E+001, 3.4453521E+001, 4.4317900E+001, 1.1537833E+002, 1.1543232E+002, 1.4812008E+002, 2.5866278E+002, 3.0251233E+002, 2.7654616E+002, 4.4350875E+000, 4.3548368E+000, 4.2753567E+000, 4.1821214E+000, 4.1402920E+000, 4.0987177E+000, 4.0508873E+000, 4.0144405E+000, 3.9864216E+000, 3.9877215E+000, 4.0511677E+000, 4.1785143E+000, 4.3376664E+000, 4.5074502E+000, 4.6263902E+000, 4.6617358E+000, 4.1930402E+000, 4.6545087E+000, 4.8424054E+000, 4.1284665E+000, 6.5948597E+000, 7.8756566E+000, 8.1331634E+000, 8.0887409E+004, 5.2813421E-001, 1.3376049E+001, 3.2528942E+001
 1.6900352E+002, 2.0000261E+001, 2.0000526E+001, 2.0003643E+001, 2.0028155E+001, 2.0060641E+001, 2.0111619E+001, 2.0181513E+001, 2.0277696E+001, 2.0437679E+001, 2.0740508E+001, 2.1362433E+001, 2.2522000E+001, 2.4477695E+001, 2.7266314E+001, 3.0699639E+001, 3.4530188E+001, 3.9104932E+001, 5.6614239E+001, 2.3941998E+002, 3.2004366E+002, 2.8479599E+002, 2.4545650E+002, 2.7841388E+002, 4.4697026E+000, 4.4069583E+000, 4.3344859E+000, 4.2573558E+000, 4.2193150E+000, 4.1820262E+000, 4.1442316E+000, 4.1099315E+000, 4.0847674E+000, 4.0872252E+000, 4.1530570E+000, 4.2769305E+000, 4.4328967E+000, 4.6014245E+000, 4.7674232E+000, 4.8785645E+000, 4.8983716E+000, 4.1377617E+000, 4.3952178E+000, 6.4849700E+000, 6.3024793E+000, 7.8096103E+000, 7.5451452E+000, 7.9333398E+004, 5.2153708E-001, 1.3385348E+001, 3.1589627E+001
 1.7000223E+002, 2.0000259E+001, 2.0000513E+001, 2.0003750E+001, 2.0028594E+001, 2.0060213E+001, 2.0108234E+001, 2.0175169E+001, 2.0270682E+001, 2.0431163E+001, 2.0729250E+001, 2.1355661E+001, 2.2522615E+001, 2.4435888E+001, 2.7212376E+001, 3.0744745E+001, 3.4747731E+001, 5.0160296E+001, 8.1535992E+001, 1.1763402E+002, 2.5551349E+002, 3.0830653E+002, 2.9421854E+002, 2.6576911E+002, 4.4896101E+000, 4.4369545E+000, 4.3675495E+000, 4.3015848E+000, 4.2658692E+000, 4.2302212E+000, 4.1995280E+000, 4.1673660E+000, 4.1424182E+000, 4.1466410E+000, 4.2148539E+000, 4.3333160E+000, 4.4795236E+000, 4.6092083E+000, 4.6656477E+000, 4.7397625E+000, 4.4185875E+000, 4.3563631E+000, 4.4721493E+000, 5.2826925E+000, 7.8131306E+000, 8.2052091E+000, 8.2196809E+000, 8.0956306E+004, 4.9601023E-001, 1.3316549E+001, 3.1324252E+001
 1.7100223E+002, 2.0000271E+001, 2.0000488E+001, 2.0003489E+001, 2.0028051E+001, 2.0060991E+001, 2.0111111E+001, 2.0175535E+001, 2.0262021E+001, 2.0411007E+001, 2.0702565E+001, 2.1320567E+001, 2.2491542E+001, 2.4405522E+001, 2.7158418E+001, 3.0573384E+001, 3.4906240E+001, 5.7801437E+001, 1.5776992E+002, 2.3483677E+002, 3.1958371E+002, 2.9855648E+002, 2.7380481E+002, 2.8346816E+002, 4.4789569E+000, 4.4202953E+000, 4.3495843E+000, 4.2757055E+000, 4.2391369E+000, 4.2029078E+000, 4.1674817E+000, 4.1345201E+000, 4.1089550E+000, 4.1094010E+000, 4.1705922E+000, 4.2796299E+000, 4.4206017E+000, 4.5564907E+000, 4.5579191E+000, 4.4590355E+000, 3.7935044E+000, 4.7981727E+000, 5.2591485E+000, 5.4786429E+000, 6.4193773E+000, 6.8936776E+000, 7.6497121E+000, 7.5986945E+004, 4.5037830E-001, 1.2737839E+001, 3.1404715E+001
 1.7200127E+002, 2.0000265E+001, 2.0000504E+001, 2.0003348E+001, 2.0026581E+001, 2.0058567E+001, 2.0110258E+001, 2.0179788E+001, 2.0269674E+001, 2.0412142E+001, 2.0684426E+001, 2.1273291E+001, 2.2424517E+001, 2.4323773E+001, 2.7094238E+001, 3.0549850E+001, 3.4541294E+001, 5.2547633E+001, 4.0114019E+002, 3.8559203E+002, 3.9507032E+002, 3.3734012E+002, 3.0569710E+002, 2.6558469E+002, 4.4458185E+000, 4.3710666E+000, 4.2937518E+000, 4.2054050E+000, 4.1649338E+000, 4.1254852E+000, 4.0821060E+000, 4.0453950E+000, 4.0168983E+000, 4.0178277E+000, 4.0774620E+000, 4.2006621E+000, 4.3591363E+000, 4.4957531E+000, 4.5144041E+000, 4.4049222E+000, 4.0075240E+000, 4.9210046E+000, 5.7420714E+000, 5.8766194E+000, 8.1060039E+000, 6.9719545E+000, 6.6521087E+000, 7.8754035E+004, 4.7304070E-001, 1.2482398E+001, 3.1124039E+001
 1.7300080E+002, 2.0000252E+001, 2.0000521E+001, 2.0003542E+001, 2.0027596E+001, 2.0059011E+001, 2.0107469E+001, 2.0173734E+001, 2.0265983E+001, 2.0418452E+001, 2.0697989E+001, 2.1279817E+001, 2.2374713E+001, 2.4236557E+001, 2.6931446E+001, 3.0370898E+001, 3.4499832E+001, 4.1858495E+001, 2.2594821E+002, 3.8092368E+002, 3.6169351E+002, 3.1796890E+002, 2.8982168E+002, 2.7720932E+002, 4.4609834E+000, 4.3947916E+000, 4.3199019E+000, 4.2376027E+000, 4.1984514E+000, 4.1591580E+000, 4.1180945E+000, 4.0831489E+000, 4.0551439E+000, 4.0551995E+000, 4.1157068E+000, 4.2426768E+000, 4.4075858E+000, 4.5528565E+000, 4.5977711E+000, 4.4692695E+000, 3.8860043E+000, 3.6960987E+000, 4.3310531E+000, 5.4768044E+000, 7.0423839E+000, 7.7836671E+000, 6.9988734E+000, 7.9125237E+004, 4.6848710E-001, 1.2468977E+001, 2.9379090E+001
 1.7400133E+002, 2.0000267E+001, 2.0000492E+001, 2.0003536E+001, 2.0027477E+001, 2.0059136E+001, 2.0107591E+001, 2.0172164E+001, 2.0260531E+001, 2.0410838E+001, 2.0698511E+001, 2.1301133E+001, 2.2418603E+001, 2.4277577E+001, 2.6994715E+001, 3.0401247E+001, 3.4308751E+001, 4.3829846E+001, 1.0560201E+002, 4.0037144E+002, 4.3932096E+002, 3.4280168E+002, 2.9269245E+002, 2.7896361E+002, 4.4736108E+000, 4.4146606E+000, 4.3420088E+000, 4.2678435E+000, 4.2297982E+000, 4.1922772E+000, 4.1558098E+000, 4.1218214E+000, 4.0961958E+000, 4.0967263E+000, 4.1565323E+000, 4.2744685E+000, 4.4278988E+000, 4.5964831E+000, 4.7798858E+000, 4.8179827E+000, 4.4537663E+000, 3.8048719E+000, 4.4920638E+000, 5.9337827E+000, 6.6567550E+000, 7.7556357E+000, 8.7103182E+000, 8.4002293E+004, 4.9668474E-001, 1.2381084E+001, 3.3048009E+001
 1.7500099E+002, 2.0000274E+001, 2.0000500E+001, 2.0003394E+001, 2.0026219E+001, 2.0056447E+001, 2.0104489E+001, 2.0172822E+001, 2.0268996E+001, 2.0422619E+001, 2.0698362E+001, 2.1275651E+001, 2.2387713E+001, 2.4267419E+001, 2.7050706E+001, 3.0628817E+001, 3.4704711E+001, 3.9801805E+001, 6.5188524E+001, 2.8457536E+002, 2.6944478E+002, 3.5726746E+002, 3.4403146E+002, 2.7772896E+002, 4.4896165E+000, 4.4364678E+000, 4.3688722E+000, 4.3001302E+000, 4.2639356E+000, 4.2283769E+000, 4.1959921E+000, 4.1628782E+000, 4.1376949E+000, 4.1409492E+000, 4.2081383E+000, 4.3346324E+000, 4.5030781E+000, 4.6803367E+000, 4.7704950E+000, 4.8445119E+000, 4.7132233E+000, 4.2757885E+000, 5.4160211E+000, 5.6305409E+000, 6.6595753E+000, 8.7703350E+000, 8.3294829E+000, 8.1736428E+004, 5.1130826E-001, 1.2820008E+001, 3.2816164E+001
 1.7600344E+002, 2.0000262E+001, 2.0000518E+001, 2.0003529E+001, 2.0027241E+001, 2.0058686E+001, 2.0109115E+001, 2.0179515E+001, 2.0276108E+001, 2.0431881E+001, 2.0718504E+001, 2.1316938E+001, 2.2482855E+001, 2.4404871E+001, 2.7182775E+001, 3.0562735E+001, 3.4314120E+001, 4.0929695E+001, 9.4691477E+001, 2.1588563E+002, 2.9847873E+002, 2.9631389E+002, 3.1090391E+002, 3.0919434E+002, 4.4504290E+000, 4.3769460E+000, 4.3010673E+000, 4.2141678E+000, 4.1740235E+000, 4.1337801E+000, 4.0901745E+000, 4.0537768E+000, 4.0237316E+000, 4.0237622E+000, 4.0877848E+000, 4.2159336E+000, 4.3765783E+000, 4.5608687E+000, 4.6642934E+000, 4.7477242E+000, 4.4669154E+000, 3.7788053E+000, 2.9026469E+000, 4.6125681E+000, 5.2033690E+000, 6.3121034E+000, 7.2431014E+000, 7.7164152E+004, 5.0655667E-001, 1.3403695E+001, 2.9037050E+001
 1.7700310E+002, 2.0000255E+001, 2.0000505E+001, 2.0003455E+001, 2.0027345E+001, 2.0059555E+001, 2.0110277E+001, 2.0179533E+001, 2.0273497E+001, 2.0423907E+001, 2.0706344E+001, 2.1303747E+001, 2.2451887E+001, 2.4443429E+001, 2.7287141E+001, 3.0748200E+001, 3.4778757E+001, 4.2505885E+001, 2.2644486E+002, 3.2201115E+002, 2.8670532E+002, 3.1466798E+002, 3.2999679E+002, 2.9397910E+002, 4.4620238E+000, 4.3958502E+000, 4.3206297E+000, 4.2393211E+000, 4.1997095E+000, 4.1607562E+000, 4.1204687E+000, 4.0843381E+000, 4.0567326E+000, 4.0554111E+000, 4.1149097E+000, 4.2348916E+000, 4.3920393E+000, 4.5661733E+000, 4.7162257E+000, 4.6913354E+000, 4.3393197E+000, 3.9592485E+000, 4.7946136E+000, 4.7379630E+000, 6.5100824E+000, 6.3806099E+000, 6.8067518E+000, 7.9571709E+004, 4.7000095E-001, 1.2725790E+001, 3.0560619E+001
 1.7800071E+002, 2.0000248E+001, 2.0000497E+001, 2.0003442E+001, 2.0026916E+001, 2.0058735E+001, 2.0109618E+001, 2.0180666E+001, 2.0276322E+001, 2.0425214E+001, 2.0697091E+001, 2.1280805E+001, 2.2402815E+001, 2.4324550E+001, 2.7174973E+001, 3.0864002E+001, 3.5136278E+001, 4.1613833E+001, 7.6745766E+001, 2.4310156E+002, 3.2817878E+002, 3.2238400E+002, 2.7950635E+002, 2.8536622E+002, 4.4732735E+000, 4.4133001E+000, 4.3406851E+000, 4.2647305E+000, 4.2263942E+000, 4.1886284E+000, 4.1520776E+000, 4.1183108E+000, 4.0909787E+000, 4.0911220E+000, 4.1505668E+000, 4.2677695E+000, 4.4212734E+000, 4.5842877E+000, 4.6832101E+000, 4.6811982E+000, 4.5071443E+000, 3.9108796E+000, 5.3066125E+000, 5.4934878E+000, 7.5479259E+000, 8.0072148E+000, 7.1485384E+000, 8.4747258E+004, 4.8818614E-001, 1.2651385E+001, 3.3094105E+001
 1.7900138E+002, 2.0000264E+001, 2.0000475E+001, 2.0003349E+001, 2.0026396E+001, 2.0057590E+001, 2.0107694E+001, 2.0177815E+001, 2.0272856E+001, 2.0422822E+001, 2.0692769E+001, 2.1265385E+001, 2.2370536E+001, 2.4230790E+001, 2.6991223E+001, 3.0497617E+001, 3.4694427E+001, 4.2668649E+001, 1.1467746E+002, 2.4874605E+002, 2.2983755E+002, 3.8893932E+002, 3.2677650E+002, 2.4389464E+002, 4.4862495E+000, 4.4323568E+000, 4.3634837E+000, 4.2930680E+000, 4.2560218E+000, 4.2202573E+000, 4.1869537E+000, 4.1539590E+000, 4.1287101E+000, 4.1295655E+000, 4.1901729E+000, 4.3010415E+000, 4.4467602E+000, 4.6032429E+000, 4.7279533E+000, 4.7311270E+000, 4.2967698E+000, 3.4140323E+000, 5.1127107E+000, 4.1961077E+000, 7.1467095E+000, 8.1257441E+000, 7.3499862E+000, 7.5671682E+004, 4.8410161E-001, 1.2385141E+001, 3.0869864E+001
 1.8000251E+002, 2.0000262E+001, 2.0000497E+001, 2.0003427E+001, 2.0026836E+001, 2.0058275E+001, 2.0108363E+001, 2.0177851E+001, 2.0274599E+001, 2.0430220E+001, 2.0708764E+001, 2.1291478E+001, 2.2404658E+001, 2.4252812E+001, 2.6997303E+001, 3.0503305E+001, 3.4719558E+001, 4.2464246E+001, 7.0983428E+001, 2.4890151E+002, 3.1332427E+002, 2.9818336E+002, 2.9582985E+002, 3.0144522E+002, 4.4557310E+000, 4.3860447E+000, 4.3112873E+000, 4.2276808E+000, 4.1881341E+000, 4.1475195E+000, 4.1049496E+000, 4.0691727E+000, 4.0418411E+000, 4.0433526E+000, 4.1064562E+000, 4.2300232E+000, 4.3886106E+000, 4.5334845E+000, 4.5941576E+000, 4.6421999E+000, 4.5887018E+000, 3.8566705E+000, 5.1901612E+000, 5.3902220E+000, 7.9279123E+000, 7.9237794E+000, 7.7593249E+000, 8.1270433E+004, 5.0076544E-001, 1.2783978E+001, 3.3425360E+001
 1.8100089E+002, 2.0000262E+001, 2.0000508E+001, 2.0003517E+001, 2.0027341E+001, 2.0058587E+001, 2.0107744E+001, 2.0176358E+001, 2.0273293E+001, 2.0434186E+001, 2.0730411E+001, 2.1339316E+001, 2.2480109E+001, 2.4364202E+001, 2.7076601E+001, 3.0443008E+001, 3.4363554E+001, 4.1344178E+001, 8.3786707E+001, 1.6363375E+002, 2.2368325E+002, 3.2279275E+002, 2.9780599E+002, 2.7764352E+002, 4.4478882E+000, 4.3744414E+000, 4.2978857E+000, 4.2096665E+000, 4.1690489E+000, 4.1288323E+000, 4.0837103E+000, 4.0467930E+000, 4.0180236E+000, 4.0190164E+000, 4.0818416E+000, 4.2152149E+000, 4.3831278E+000, 4.5584244E+000, 4.6461089E+000, 4.7075687E+000, 4.4864189E+000, 3.6297112E+000, 4.8851350E+000, 6.3054636E+000, 6.9858886E+000, 7.8694350E+000, 7.0440334E+000, 7.7781485E+004, 5.1257854E-001, 1.3222854E+001, 3.0270027E+001
 1.8200280E+002, 2.0000254E+001, 2.0000511E+001, 2.0003648E+001, 2.0027989E+001, 2.0059798E+001, 2.0109058E+001, 2.0176997E+001, 2.0272756E+001, 2.0435141E+001, 2.0736029E+001, 2.1369698E+001, 2.2542627E+001, 2.4465773E+001, 2.7184895E+001, 3.0566887E+001, 3.4273609E+001, 3.8413724E+001, 4.6952705E+001, 9.4944250E+001, 2.8030687E+002, 3.3656963E+002, 3.1560503E+002, 2.7972809E+002, 4.4954049E+000, 4.4461672E+000, 4.3789525E+000, 4.3147742E+000, 4.2792416E+000, 4.2439159E+000, 4.2142844E+000, 4.1817591E+000, 4.1582171E+000, 4.1626477E+000, 4.2339330E+000, 4.3588470E+000, 4.5128180E+000, 4.6580939E+000, 4.7968655E+000, 4.9815693E+000, 5.0164970E+000, 4.6294883E+000, 4.4623595E+000, 7.0375741E+000, 7.6417357E+000, 8.7250284E+000, 8.4527248E+000, 8.4516621E+004, 5.4579564E-001, 1.3557205E+001, 3.0998409E+001
 1.8300149E+002, 2.0000257E+001, 2.0000496E+001, 2.0003585E+001, 2.0027711E+001, 2.0059327E+001, 2.0108268E+001, 2.0175187E+001, 2.0268742E+001, 2.0430945E+001, 2.0740483E+001, 2.1364069E+001, 2.2539310E+001, 2.4464252E+001, 2.7226454E+001, 3.0714484E+001, 3.4765282E+001, 1.2180987E+002, 8.9303867E+001, 1.5521691E+002, 1.9788120E+002, 2.7843512E+002, 3.0166041E+002, 2.7564914E+002, 4.4557075E+000, 4.3871102E+000, 4.3110238E+000, 4.2277486E+000, 4.1878452E+000, 4.1488666E+000, 4.1066191E+000, 4.0708902E+000, 4.0428497E+000, 4.0437355E+000, 4.1062754E+000, 4.2247818E+000, 4.3673443E+000, 4.5045329E+000, 4.5570452E+000, 4.5891121E+000, 4.4505940E+000, 4.7784857E+000, 4.7335225E+000, 3.8334204E+000, 6.5841371E+000, 8.2918712E+000, 8.4988947E+000, 8.1641182E+004, 4.9814544E-001, 1.3112050E+001, 3.2723842E+001
 1.8400215E+002, 2.0000271E+001, 2.0000491E+001, 2.0003570E+001, 2.0028003E+001, 2.0060558E+001, 2.0111400E+001, 2.0179636E+001, 2.0271238E+001, 2.0424910E+001, 2.0728445E+001, 2.1365910E+001, 2.2551166E+001, 2.4497972E+001, 2.7303385E+001, 3.0864509E+001, 3.5212988E+001, 9.8508414E+001, 2.3098144E+002, 2.1060008E+002, 2.5981375E+002, 3.1367158E+002, 2.7941316E+002, 2.7969307E+002, 4.4568600E+000, 4.3877051E+000, 4.3130244E+000, 4.2278328E+000, 4.1887452E+000, 4.1505872E+000, 4.1080716E+000, 4.0724171E+000, 4.0434688E+000, 4.0415402E+000, 4.0973944E+000, 4.2116080E+000, 4.3431964E+000, 4.4444088E+000, 4.4526147E+000, 4.5590805E+000, 3.9584506E+000, 4.3654116E+000, 5.2178447E+000, 5.9732156E+000, 6.7537677E+000, 6.8410468E+000, 7.1836458E+000, 7.8090378E+004, 4.9501186E-001, 1.3057044E+001, 3.4508670E+001
 1.8500114E+002, 2.0000242E+001, 2.0000507E+001, 2.0003503E+001, 2.0027670E+001, 2.0059834E+001, 2.0111096E+001, 2.0182372E+001, 2.0277873E+001, 2.0428129E+001, 2.0714709E+001, 2.1326095E+001, 2.2498312E+001, 2.4480638E+001, 2.7382085E+001, 3.1074762E+001, 3.6144660E+001, 1.2891560E+002, 2.5857981E+002, 3.2514518E+002, 2.8596210E+002, 3.1503014E+002, 3.0065332E+002, 2.8421527E+002, 4.4674824E+000, 4.4036031E+000, 4.3305503E+000, 4.2525811E+000, 4.2144940E+000, 4.1760545E+000, 4.1381088E+000, 4.1022494E+000, 4.0743143E+000, 4.0731590E+000, 4.1295322E+000, 4.2421389E+000, 4.3805941E+000, 4.4868120E+000, 4.5045842E+000, 4.2342987E+000, 4.1062472E+000, 4.6239338E+000, 5.3931083E+000, 5.9541911E+000, 7.5021898E+000, 8.1908107E+000, 7.7499775E+000, 7.8870941E+004, 4.9170929E-001, 1.2845788E+001, 3.1480964E+001
 1.8600183E+002, 2.0000249E+001, 2.0000486E+001, 2.0003601E+001, 2.0028646E+001, 2.0062302E+001, 2.0114779E+001, 2.0185828E+001, 2.0283530E+001, 2.0440472E+001, 2.0720797E+001, 2.1315126E+001, 2.2451706E+001, 2.4369799E+001, 2.7253193E+001, 3.1062689E+001, 3.6157456E+001, 5.3942701E+001, 2.0256678E+002, 2.4870261E+002, 3.4958285E+002, 3.1446303E+002, 3.0379218E+002, 2.8276548E+002, 4.4889824E+000, 4.4372628E+000, 4.3685958E+000, 4.3016720E+000, 4.2659305E+000, 4.2300722E+000, 4.1989208E+000, 4.1664444E+000, 4.1403135E+000, 4.1398137E+000, 4.2009255E+000, 4.3107274E+000, 4.4506305E+000, 4.5942349E+000, 4.5868442E+000, 4.4897777E+000, 3.8735807E+000, 3.9292967E+000, 4.9283913E+000, 6.9563344E+000, 7.9922679E+000, 7.5257944E+000, 7.8843374E+000, 8.2757875E+004, 5.0999912E-001, 1.2502098E+001, 3.2822422E+001
 1.8700102E+002, 2.0000253E+001, 2.0000478E+001, 2.0003557E+001, 2.0027861E+001, 2.0060076E+001, 2.0111116E+001, 2.0182900E+001, 2.0281107E+001, 2.0436497E+001, 2.0720783E+001, 2.1312556E+001, 2.2430647E+001, 2.4308417E+001, 2.7061630E+001, 3.0639250E+001, 3.5271863E+001, 5.2925497E+001, 2.2412981E+002, 3.5694258E+002, 3.4133477E+002, 3.1851690E+002, 3.1940969E+002, 2.8797353E+002, 4.4845443E+000, 4.4292114E+000, 4.3612459E+000, 4.2908648E+000, 4.2541897E+000, 4.2186742E+000, 4.1846047E+000, 4.1506742E+000, 4.1238556E+000, 4.1221142E+000, 4.1787659E+000, 4.2874065E+000, 4.4218253E+000, 4.5695067E+000, 4.6908606E+000, 4.7241646E+000, 3.5628557E+000, 3.6532803E+000, 4.8266920E+000, 6.9730963E+000, 7.8493882E+000, 8.4911748E+000, 7.7882868E+000, 7.8905410E+004, 4.8860640E-001, 1.2252147E+001, 3.4925617E+001
 1.8800167E+002, 2.0000250E+001, 2.0000496E+001, 2.0003440E+001, 2.0027284E+001, 2.0059105E+001, 2.0109422E+001, 2.0178825E+001, 2.0275491E+001, 2.0431938E+001, 2.0713651E+001, 2.1295655E+001, 2.2406493E+001, 2.4280182E+001, 2.7055809E+001, 3.0561491E+001, 3.4634161E+001, 4.3094416E+001, 1.4113720E+002, 2.6686290E+002, 3.3349180E+002, 3.2596766E+002, 3.2741589E+002, 2.9194789E+002, 4.4475402E+000, 4.3745327E+000, 4.2994105E+000, 4.2118195E+000, 4.1717647E+000, 4.1318818E+000, 4.0877948E+000, 4.0500780E+000, 4.0198571E+000, 4.0174170E+000, 4.0738257E+000, 4.1907658E+000, 4.3429759E+000, 4.5111076E+000, 4.6375889E+000, 4.6467811E+000, 4.3116180E+000, 2.9876761E+000, 3.4592240E+000, 4.8794180E+000, 7.7415403E+000, 8.8514706E+000, 7.7848716E+000, 7.8760346E+004, 4.8818891E-001, 1.2399502E+001, 3.1405414E+001
 1.8900348E+002, 2.0000245E+001, 2.0000493E+001, 2.0003526E+001, 2.0027559E+001, 2.0059829E+001, 2.0111358E+001, 2.0183329E+001, 2.0281422E+001, 2.0435718E+001, 2.0716790E+001, 2.1323944E+001, 2.2475842E+001, 2.4409195E+001, 2.7205731E+001, 3.0681353E+001, 3.4607933E+001, 4.2059258E+001, 1.1689575E+002, 1.7971174E+002, 3.2146097E+002, 2.7559550E+002, 2.7102123E+002, 2.6885282E+002, 4.4537242E+000, 4.3849874E+000, 4.3093879E+000, 4.2258589E+000, 4.1856533E+000, 4.1451256E+000, 4.1015315E+000, 4.0648436E+000, 4.0350797E+000, 4.0323869E+000, 4.0941968E+000, 4.2183112E+000, 4.3772897E+000, 4.5449186E+000, 4.7167533E+000, 4.7946585E+000, 4.2695859E+000, 5.0149937E+000, 5.4625983E+000, 5.8757788E+000, 7.0014116E+000, 7.4250823E+000, 8.2575079E+000, 7.9022123E+004, 5.2577921E-001, 1.3308951E+001, 3.0064183E+001
 1.9000202E+002, 2.0000248E+001, 2.0000494E+001, 2.0003590E+001, 2.0027790E+001, 2.0060098E+001, 2.0111228E+001, 2.0182363E+001, 2.0280536E+001, 2.0442199E+001, 2.0735659E+001, 2.1350263E+001, 2.2540018E+001, 2.4513559E+001, 2.7305941E+001, 3.0815325E+001, 3.4723403E+001, 3.9554248E+001, 6.9109881E+001, 2.5778421E+002, 2.2487051E+002, 3.0370867E+002, 2.9997236E+002, 2.7226385E+002, 4.4927581E+000, 4.4418564E+000, 4.3752633E+000, 4.3091804E+000, 4.2736998E+000, 4.2378133E+000, 4.2051611E+000, 4.1712903E+000, 4.1462215E+000, 4.1487825E+000, 4.2172972E+000, 4.3412431E+000, 4.5062337E+000, 4.6937722E+000, 4.8426861E+000, 4.8431732E+000, 4.6553910E+000, 4.3854922E+000, 4.9843931E+000, 6.7264587E+000, 9.0498546E+000, 8.0356368E+000, 7.8007885E+000, 8.4559878E+004, 5.1702233E-001, 1.4144172E+001, 3.0299400E+001
 1.9100286E+002, 2.0000267E+001, 2.0000483E+001, 2.0003487E+001, 2.0026882E+001, 2.0058640E+001, 2.0110720E+001, 2.0184497E+001, 2.0284627E+001, 2.0443680E+001, 2.0740025E+001, 2.1352795E+001, 2.2542545E+001, 2.4557599E+001, 2.7551446E+001, 3.1134012E+001, 3.4813941E+001, 3.9792093E+001, 1.5435885E+002, 3.0614535E+002, 3.1250562E+002, 2.6744477E+002, 2.5997342E+002, 2.8276670E+002, 4.4577371E+000, 4.3902305E+000, 4.3164483E+000, 4.2344992E+000, 4.1950537E+000, 4.1567904E+000, 4.1152386E+000, 4.0783356E+000, 4.0490886E+000, 4.0496959E+000, 4.1048247E+000, 4.2100585E+000, 4.3349147E+000, 4.4654756E+000, 4.5178042E+000, 4.9242587E+000, 5.0178780E+000, 4.7088670E+000, 4.4589881E+000, 5.1427269E+000, 7.2028659E+000, 8.7781552E+000, 7.9456682E+000, 7.7198660E+004, 5.1089155E-001, 1.3043981E+001, 3.2488777E+001
 1.9200015E+002, 2.0000269E+001, 2.0000496E+001, 2.0003329E+001, 2.0025850E+001, 2.0055855E+001, 2.0104929E+001, 2.0176999E+001, 2.0279143E+001, 2.0437162E+001, 2.0720336E+001, 2.1312196E+001, 2.2447096E+001, 2.4405793E+001, 2.7297886E+001, 3.1071935E+001, 3.6080340E+001, 2.2773793E+002, 2.5919930E+002, 1.5873751E+002, 2.7664903E+002, 2.4472352E+002, 2.5672506E+002, 2.5580581E+002, 4.4502071E+000, 4.3769772E+000, 4.3011050E+000, 4.2148581E+000, 4.1741064E+000, 4.1334732E+000, 4.0893426E+000, 4.0525155E+000, 4.0231573E+000, 4.0190806E+000, 4.0734850E+000, 4.1827756E+000, 4.3131758E+000, 4.4231807E+000, 4.4120313E+000, 3.9740148E+000, 3.8207088E+000, 5.1962210E+000, 5.1822806E+000, 5.8745438E+000, 6.1141947E+000, 7.7969373E+000, 8.4799542E+000, 7.9379061E+004, 4.8400980E-001, 1.2150632E+001, 3.1430887E+001
 1.9300160E+002, 2.0000245E+001, 2.0000520E+001, 2.0003370E+001, 2.0026309E+001, 2.0057115E+001, 2.0105907E+001, 2.0173786E+001, 2.0269819E+001, 2.0428513E+001, 2.0715000E+001, 2.1305678E+001, 2.2419664E+001, 2.4313657E+001, 2.7117458E+001, 3.0842902E+001, 3.6204499E+001, 1.1906331E+002, 2.7620969E+002, 3.6830398E+002, 3.6574937E+002, 3.3373851E+002, 2.6824268E+002, 2.3992297E+002, 4.4739701E+000, 4.4136582E+000, 4.3420359E+000, 4.2666504E+000, 4.2292297E+000, 4.1909764E+000, 4.1531152E+000, 4.1185747E+000, 4.0924414E+000, 4.0910127E+000, 4.1484110E+000, 4.2608161E+000, 4.4099683E+000, 4.5374189E+000, 4.5293731E+000, 4.1348686E+000, 3.9427680E+000, 4.5534732E+000, 5.8982721E+000, 7.5733321E+000, 5.8741985E+000, 7.3309108E+000, 7.9190020E+000, 7.9535012E+004, 4.9129698E-001, 1.2451764E+001, 3.2846803E+001
 1.9400366E+002, 2.0000267E+001, 2.0000483E+001, 2.0003527E+001, 2.0027004E+001, 2.0058021E+001, 2.0106624E+001, 2.0174526E+001, 2.0268821E+001, 2.0420074E+001, 2.0700558E+001, 2.1306827E+001, 2.2442005E+001, 2.4316222E+001, 2.7056157E+001, 3.0519817E+001, 3.4879540E+001, 4.6759091E+001, 1.5746134E+002, 2.9069693E+002, 4.1054744E+002, 3.5378906E+002, 3.3341672E+002, 2.9721849E+002, 4.4873671E+000, 4.4346689E+000, 4.3648021E+000, 4.2964759E+000, 4.2595531E+000, 4.2230552E+000, 4.1907679E+000, 4.1574027E+000, 4.1305415E+000, 4.1308246E+000, 4.1919401E+000, 4.3073986E+000, 4.4463194E+000, 4.5785717E+000, 4.6324780E+000, 4.5923369E+000, 3.9293861E+000, 3.4838753E+000, 5.8629552E+000, 6.3933022E+000, 8.1993737E+000, 8.2140993E+000, 7.9933677E+000, 7.6843304E+004, 4.9095280E-001, 1.2383664E+001, 2.9334931E+001
 1.9500225E+002, 2.0000267E+001, 2.0000502E+001, 2.0003438E+001, 2.0026819E+001, 2.0057988E+001, 2.0106819E+001, 2.0173065E+001, 2.0265055E+001, 2.0419085E+001, 2.0702397E+001, 2.1284510E+001, 2.2399681E+001, 2.4263935E+001, 2.7005290E+001, 3.0488488E+001, 3.4590551E+001, 1.0936426E+002, 9.9673486E+001, 2.3476185E+002, 3.0899242E+002, 3.6550143E+002, 3.0804832E+002, 3.0642366E+002, 4.4746952E+000, 4.4136622E+000, 4.3430369E+000, 4.2664526E+000, 4.2281908E+000, 4.1909636E+000, 4.1538733E+000, 4.1189575E+000, 4.0910393E+000, 4.0903280E+000, 4.1509812E+000, 4.2679340E+000, 4.4159123E+000, 4.5519127E+000, 4.5547879E+000, 4.4820674E+000, 4.4655340E+000, 3.1747584E+000, 4.9306374E+000, 5.8271400E+000, 6.9777560E+000, 7.8651053E+000, 7.9042608E+000, 7.9842709E+004, 4.6795770E-001, 1.2171597E+001, 2.9446705E+001
 1.9600313E+002, 2.0000260E+001, 2.0000510E+001, 2.0003458E+001, 2.0026626E+001, 2.0057189E+001, 2.0106294E+001, 2.0175688E+001, 2.0270709E+001, 2.0421090E+001, 2.0700411E+001, 2.1284264E+001, 2.2399218E+001, 2.4277692E+001, 2.7061557E+001, 3.0600168E+001, 3.4744950E+001, 4.2056812E+001, 2.0492851E+002, 3.2155838E+002, 3.2345241E+002, 3.3562085E+002, 3.3400961E+002, 3.0889031E+002, 4.4577240E+000, 4.3888390E+000, 4.3138950E+000, 4.2298796E+000, 4.1905721E+000, 4.1506688E+000, 4.1085065E+000, 4.0718187E+000, 4.0434486E+000, 4.0430883E+000, 4.1018592E+000, 4.2206414E+000, 4.3646343E+000, 4.5099280E+000, 4.6031495E+000, 4.5115627E+000, 4.0823821E+000, 3.3567936E+000, 5.1006136E+000, 6.7990622E+000, 7.6642830E+000, 7.5822125E+000, 7.2215200E+000, 8.2097804E+004, 4.8770452E-001, 1.2081034E+001, 3.3212601E+001
 1.9700055E+002, 2.0000255E+001, 2.0000511E+001, 2.0003474E+001, 2.0027015E+001, 2.0058148E+001, 2.0106617E+001, 2.0174595E+001, 2.0272357E+001, 2.0430294E+001, 2.0710939E+001, 2.1290129E+001, 2.2385641E+001, 2.4266159E+001, 2.7036371E+001, 3.0627096E+001, 3.4910198E+001, 4.2641330E+001, 1.4209058E+002, 3.0830159E+002, 4.1097962E+002, 3.5793358E+002, 3.2586481E+002, 3.0967652E+002, 4.4516163E+000, 4.3814796E+000, 4.3045892E+000, 4.2193799E+000, 4.1786921E+000, 4.1387720E+000, 4.0946909E+000, 4.0583023E+000, 4.0295292E+000, 4.0290187E+000, 4.0873148E+000, 4.2107033E+000, 4.3733730E+000, 4.5362759E+000, 4.6487741E+000, 4.6296937E+000, 4.2598563E+000, 2.5018846E+000, 4.2176703E+000, 6.8919500E+000, 8.0778167E+000, 8.2449591E+000, 8.2226849E+000, 8.1698893E+004, 5.0984176E-001, 1.2307654E+001, 3.0969436E+001
 1.9800278E+002, 2.0000263E+001, 2.0000497E+001, 2.0003501E+001, 2.0027031E+001, 2.0058593E+001, 2.0109195E+001, 2.0180630E+001, 2.0278435E+001, 2.0434858E+001, 2.0721961E+001, 2.1328863E+001, 2.2466746E+001, 2.4398362E+001, 2.7222807E+001, 3.0773853E+001, 3.4968711E+001, 4.1160742E+001, 7.5162431E+001, 2.3415834E+002, 2.6361802E+002, 3.3773114E+002, 3.3729814E+002, 3.1591236E+002, 4.4861735E+000, 4.4325990E+000, 4.3634866E+000, 4.2941951E+000, 4.2573585E+000, 4.2211904E+000, 4.1885908E+000, 4.1547285E+000, 4.1296588E+000, 4.1310065E+000, 4.1940938E+000, 4.3087976E+000, 4.4619016E+000, 4.6265618E+000, 4.7718915E+000, 4.8631985E+000, 4.7187711E+000, 3.9460266E+000, 3.5309566E+000, 5.6346893E+000, 8.0509728E+000, 8.7991297E+000, 8.9635426E+000, 8.0035772E+004, 5.2326519E-001, 1.2840076E+001, 2.8943745E+001
 1.9900092E+002, 2.0000265E+001, 2.0000501E+001, 2.0003449E+001, 2.0026886E+001, 2.0058182E+001, 2.0107628E+001, 2.0176762E+001, 2.0274250E+001, 2.0432387E+001, 2.0713448E+001, 2.1302618E+001, 2.2456572E+001, 2.4393717E+001, 2.7255826E+001, 3.0896374E+001, 3.5158187E+001, 4.9017519E+001, 1.8601199E+002, 1.8350594E+002, 2.2199346E+002, 2.8201598E+002, 2.9903927E+002, 2.7660270E+002, 4.4830972E+000, 4.4267759E+000, 4.3582418E+000, 4.2869356E+000, 4.2505004E+000, 4.2139605E+000, 4.1802181E+000, 4.1471511E+000, 4.1214590E+000, 4.1228779E+000, 4.1880716E+000, 4.3043027E+000, 4.4495962E+000, 4.5992081E+000, 4.6586557E+000, 4.6916213E+000, 3.9835210E+000, 3.9931799E+000, 4.2821306E+000, 5.5269258E+000, 6.3915322E+000, 7.2636148E+000, 8.0488924E+000, 8.0509032E+004, 4.8665072E-001, 1.2718874E+001, 3.0351739E+001
 2.0000117E+002, 2.0000274E+001, 2.0000504E+001, 2.0003416E+001, 2.0026716E+001, 2.0058290E+001, 2.0108861E+001, 2.0178729E+001, 2.0274087E+001, 2.0428057E+001, 2.0710490E+001, 2.1297428E+001, 2.2427500E+001, 2.4338074E+001, 2.7208080E+001, 3.0847687E+001, 3.5187037E+001, 4.9324976E+001, 1.8917996E+002, 2.7303691E+002, 3.3958417E+002, 3.0456530E+002, 2.7021476E+002, 2.9108193E+002, 4.4633680E+000, 4.3972418E+000, 4.3238331E+000, 4.2433505E+000, 4.2043014E+000, 4.1657350E+000, 4.1256445E+000, 4.0916482E+000, 4.0638479E+000, 4.0619366E+000, 4.1164651E+000, 4.2303484E+000, 4.3725321E+000, 4.5080101E+000, 4.5401075E+000, 4.4908810E+000, 4.0096864E+000, 3.6746406E+000, 4.4590909E+000, 4.6614345E+000, 6.7993696E+000, 7.5128703E+000, 7.0515809E+000, 8.0065676E+004, 4.8395694E-001, 1.2409797E+001, 3.0902239E+001
 2.0100022E+002, 2.0000254E+001, 2.0000514E+001, 2.0003398E+001, 2.0026763E+001, 2.0058578E+001, 2.0109506E+001, 2.0180581E+001, 2.0279123E+001, 2.0434437E+001, 2.0712738E+001, 2.1291485E+001, 2.2398312E+001, 2.4324512E+001, 2.7184318E+001, 3.0804455E+001, 3.5081192E+001, 4.3176006E+001, 2.5304884E+002, 3.4858029E+002, 3.1399450E+002, 3.2205709E+002, 3.3631292E+002, 2.9413556E+002, 4.4637798E+000, 4.3986419E+000, 4.3252795E+000, 4.2457181E+000, 4.2074810E+000, 4.1692649E+000, 4.1315934E+000, 4.0973084E+000, 4.0709058E+000, 4.0684662E+000, 4.1241495E+000, 4.2394054E+000, 4.3943745E+000, 4.5537769E+000, 4.6569540E+000, 4.7111799E+000, 4.6922076E+000, 4.5040066E+000, 4.3677105E+000, 6.1826149E+000, 5.6902732E+000, 6.6605159E+000, 8.5798303E+000, 8.0659464E+004, 4.8823679E-001, 1.1949623E+001, 3.0831486E+001
 2.0200211E+002, 2.0000255E+001, 2.0000495E+001, 2.0003371E+001, 2.0026488E+001, 2.0057612E+001, 2.0106961E+001, 2.0177055E+001, 2.0276574E+001, 2.0434316E+001, 2.0710226E+001, 2.1271311E+001, 2.2349000E+001, 2.4212755E+001, 2.7020990E+001, 3.0686337E+001, 3.4974605E+001, 4.4428346E+001, 1.9195723E+002, 2.1016953E+002, 2.5519871E+002, 3.1438511E+002, 3.2200183E+002, 3.2433861E+002, 4.4712933E+000, 4.4107255E+000, 4.3379607E+000, 4.2625388E+000, 4.2242578E+000, 4.1870925E+000, 4.1511256E+000, 4.1166553E+000, 4.0889574E+000, 4.0880210E+000, 4.1435184E+000, 4.2532318E+000, 4.3986137E+000, 4.5593117E+000, 4.7084964E+000, 4.6958931E+000, 4.1096838E+000, 4.1844701E+000, 6.1842997E+000, 5.9557772E+000, 7.1606187E+000, 6.0058577E+000, 7.1743405E+000, 8.0758481E+004, 4.7593652E-001, 1.1606845E+001, 3.2482987E+001
 2.0300063E+002, 2.0000263E+001, 2.0000483E+001, 2.0003331E+001, 2.0025647E+001, 2.0055280E+001, 2.0103024E+001, 2.0172144E+001, 2.0270201E+001, 2.0423928E+001, 2.0694074E+001, 2.1248396E+001, 2.2286479E+001, 2.4103236E+001, 2.6875213E+001, 3.0517520E+001, 3.4627330E+001, 4.0169331E+001, 9.8615690E+001, 2.0320339E+002, 2.7448504E+002, 2.9861567E+002, 2.8665133E+002, 2.8889636E+002, 4.4751360E+000, 4.4150972E+000, 4.3441025E+000, 4.2703649E+000, 4.2329068E+000, 4.1964983E+000, 4.1600646E+000, 4.1262394E+000, 4.0995103E+000, 4.0986029E+000, 4.1555508E+000, 4.2642159E+000, 4.4038228E+000, 4.5502412E+000, 4.6878253E+000, 4.7726011E+000, 4.6657402E+000, 3.8135789E+000, 4.0422296E+000, 5.1354042E+000, 6.7223634E+000, 7.0408708E+000, 6.9285980E+000, 7.5838358E+004, 4.6995990E-001, 1.1017875E+001, 3.0888280E+001
 2.0400001E+002, 2.0000266E+001, 2.0000496E+001, 2.0003359E+001, 2.0025940E+001, 2.0055233E+001, 2.0100532E+001, 2.0163492E+001, 2.0255275E+001, 2.0409435E+001, 2.0683541E+001, 2.1229425E+001, 2.2257554E+001, 2.3990469E+001, 2.6650850E+001, 3.0220425E+001, 3.4360670E+001, 3.9949522E+001, 6.4920102E+001, 1.5263775E+002, 2.1130541E+002, 2.6435454E+002, 2.8187791E+002, 2.6621427E+002, 4.4804129E+000, 4.4230997E+000, 4.3536821E+000, 4.2811515E+000, 4.2448744E+000, 4.2082153E+000, 4.1735678E+000, 4.1388258E+000, 4.1120138E+000, 4.1117716E+000, 4.1708021E+000, 4.2856644E+000, 4.4272276E+000, 4.5641844E+000, 4.6432762E+000, 4.7546211E+000, 4.7645218E+000, 3.9643514E+000, 4.6986117E+000, 6.7522153E+000, 7.1289410E+000, 7.4650972E+000, 8.3671143E+000, 7.8088308E+004, 4.5210760E-001, 1.0892767E+001, 3.0916222E+001
 2.0500054E+002, 2.0000263E+001, 2.0000502E+001, 2.0003346E+001, 2.0025681E+001, 2.0054948E+001, 2.0101017E+001, 2.0166315E+001, 2.0259437E+001, 2.0409067E+001, 2.0679064E+001, 2.1236869E+001, 2.2278025E+001, 2.4015944E+001, 2.6637178E+001, 3.0012851E+001, 3.4076439E+001, 4.0683985E+001, 7.6604311E+001, 1.7770898E+002, 2.6278663E+002, 3.0292177E+002, 2.9363940E+002, 2.7086826E+002, 4.4554616E+000, 4.3857870E+000, 4.3111018E+000, 4.2279605E+000, 4.1887192E+000, 4.1498575E+000, 4.1077384E+000, 4.0716141E+000, 4.0423963E+000, 4.0424697E+000, 4.1017492E+000, 4.2251846E+000, 4.3767996E+000, 4.5376957E+000, 4.6646469E+000, 4.7499554E+000, 4.5763358E+000, 3.7325582E+000, 6.4407267E+000, 6.8327531E+000, 7.9021227E+000, 8.1669524E+000, 7.4202082E+000, 8.1851166E+004, 4.9526592E-001, 1.1376984E+001, 3.1656782E+001
 2.0600294E+002, 2.0000258E+001, 2.0000499E+001, 2.0003350E+001, 2.0026177E+001, 2.0057120E+001, 2.0106330E+001, 2.0175165E+001, 2.0271631E+001, 2.0426262E+001, 2.0700938E+001, 2.1267661E+001, 2.2341107E+001, 2.4188638E+001, 2.6873840E+001, 3.0276464E+001, 3.4368641E+001, 4.0895258E+001, 2.3850940E+002, 2.0053984E+002, 2.5719661E+002, 2.8355311E+002, 2.6306504E+002, 2.8012195E+002, 4.4635927E+000, 4.3980970E+000, 4.3238644E+000, 4.2448868E+000, 4.2056381E+000, 4.1667652E+000, 4.1273445E+000, 4.0924300E+000, 4.0654655E+000, 4.0641742E+000, 4.1277551E+000, 4.2607187E+000, 4.4448836E+000, 4.6538352E+000, 4.7976703E+000, 4.6829583E+000, 4.2646625E+000, 2.9245207E+000, 5.6069056E+000, 6.3410558E+000, 7.8265499E+000, 7.6827003E+000, 8.5796111E+000, 8.2822905E+004, 5.2460721E-001, 1.2313648E+001, 3.1075299E+001
 2.0700300E+002, 2.0000257E+001, 2.0000504E+001, 2.0003503E+001, 2.0027348E+001, 2.0059855E+001, 2.0112271E+001, 2.0185523E+001, 2.0283511E+001, 2.0435174E+001, 2.0710795E+001, 2.1305562E+001, 2.2448644E+001, 2.4381591E+001, 2.7202116E+001, 3.0704240E+001, 3.4698538E+001, 4.1094939E+001, 1.6484001E+002, 2.7431063E+002, 2.9653291E+002, 2.9715420E+002, 2.9317062E+002, 2.5890786E+002, 4.4735634E+000, 4.4137030E+000, 4.3416847E+000, 4.2670573E+000, 4.2291577E+000, 4.1911177E+000, 4.1545603E+000, 4.1209375E+000, 4.0944953E+000, 4.0954487E+000, 4.1564692E+000, 4.2752718E+000, 4.4327645E+000, 4.5958064E+000, 4.7048864E+000, 4.6855830E+000, 4.2956311E+000, 3.0592289E+000, 4.4105073E+000, 5.6694107E+000, 7.8647200E+000, 7.3587833E+000, 8.0846033E+000, 7.6406617E+004, 4.8914343E-001, 1.2430999E+001, 2.8138945E+001
 2.0800337E+002, 2.0000266E+001, 2.0000492E+001, 2.0003472E+001, 2.0027617E+001, 2.0060044E+001, 2.0110869E+001, 2.0180608E+001, 2.0276616E+001, 2.0431613E+001, 2.0710192E+001, 2.1287462E+001, 2.2393466E+001, 2.4231989E+001, 2.6954933E+001, 3.0467798E+001, 3.4668795E+001, 4.1158804E+001, 8.0488156E+001, 2.8267208E+002, 3.4314159E+002, 3.0154737E+002, 2.6847319E+002, 2.7965495E+002, 4.4856640E+000, 4.4310632E+000, 4.3628958E+000, 4.2922414E+000, 4.2558365E+000, 4.2201731E+000, 4.1873530E+000, 4.1540663E+000, 4.1289701E+000, 4.1318485E+000, 4.1969619E+000, 4.3155064E+000, 4.4727897E+000, 4.6277935E+000, 4.7073529E+000, 4.7507983E+000, 4.4685567E+000, 3.8454555E+000, 4.4097076E+000, 6.2035477E+000, 7.5866776E+000, 7.9791064E+000, 7.3564335E+000, 8.0706114E+004, 4.5955305E-001, 1.2118538E+001, 2.9858238E+001
 2.0900105E+002, 2.0000268E+001, 2.0000501E+001, 2.0003393E+001, 2.0026882E+001, 2.0059086E+001, 2.0110703E+001, 2.0180028E+001, 2.0271162E+001, 2.0417892E+001, 2.0695770E+001, 2.1287788E+001, 2.2414261E+001, 2.4259738E+001, 2.6993965E+001, 3.0421706E+001, 3.4489047E+001, 4.3448170E+001, 6.9758360E+001, 1.4745794E+002, 3.3129927E+002, 3.0421824E+002, 2.9942586E+002, 2.6668625E+002, 4.4614918E+000, 4.3948839E+000, 4.3214294E+000, 4.2399402E+000, 4.2008770E+000, 4.1629946E+000, 4.1224473E+000, 4.0869637E+000, 4.0593283E+000, 4.0607986E+000, 4.1216889E+000, 4.2406618E+000, 4.3928194E+000, 4.5134063E+000, 4.5109465E+000, 4.6062404E+000, 4.5336330E+000, 4.1887380E+000, 3.2140697E+000, 4.7028238E+000, 7.8620050E+000, 8.0585319E+000, 7.9255197E+000, 7.9898701E+004, 4.5909023E-001, 1.2028345E+001, 3.0646952E+001
 2.1000140E+002, 2.0000258E+001, 2.0000510E+001, 2.0003362E+001, 2.0026129E+001, 2.0056837E+001, 2.0106535E+001, 2.0176801E+001, 2.0273167E+001, 2.0424505E+001, 2.0699453E+001, 2.1275438E+001, 2.2380379E+001, 2.4267782E+001, 2.7014742E+001, 3.0524399E+001, 3.4976694E+001, 4.6453945E+001, 1.6955428E+002, 3.0139462E+002, 2.3429058E+002, 3.0391699E+002, 3.1937556E+002, 2.9603349E+002, 4.4568692E+000, 4.3879838E+000, 4.3129614E+000, 4.2300563E+000, 4.1905664E+000, 4.1509091E+000, 4.1091633E+000, 4.0735736E+000, 4.0456356E+000, 4.0455659E+000, 4.1048169E+000, 4.2195615E+000, 4.3666882E+000, 4.5000622E+000, 4.4925274E+000, 4.2324070E+000, 3.8618925E+000, 3.3729812E+000, 5.0197429E+000, 6.0506152E+000, 5.8181468E+000, 7.7641228E+000, 8.0258128E+000, 7.6615874E+004, 4.6682616E-001, 1.1773076E+001, 2.8834189E+001
 2.1100204E+002, 2.0000255E+001, 2.0000494E+001, 2.0003302E+001, 2.0025383E+001, 2.0054830E+001, 2.0101432E+001, 2.0167637E+001, 2.0262111E+001, 2.0414547E+001, 2.0690136E+001, 2.1257272E+001, 2.2318293E+001, 2.4132468E+001, 2.6830821E+001, 3.0383535E+001, 3.4634524E+001, 4.1680214E+001, 2.1321657E+002, 4.5506815E+002, 4.2807867E+002, 3.2747901E+002, 2.8471742E+002, 2.8660878E+002, 4.4685389E+000, 4.4062102E+000, 4.3328791E+000, 4.2573431E+000, 4.2192794E+000, 4.1812416E+000, 4.1440830E+000, 4.1101250E+000, 4.0852931E+000, 4.0851108E+000, 4.1440543E+000, 4.2560827E+000, 4.3956915E+000, 4.5258175E+000, 4.5956360E+000, 4.4999987E+000, 4.1727490E+000, 3.7328833E+000, 3.6538529E+000, 5.0353023E+000, 6.9973041E+000, 6.6286033E+000, 6.9864185E+000, 8.1349517E+004, 4.5687763E-001, 1.1006158E+001, 2.9179087E+001
 2.1200314E+002, 2.0000263E+001, 2.0000482E+001, 2.0003267E+001, 2.0025057E+001, 2.0054060E+001, 2.0099933E+001, 2.0164837E+001, 2.0257554E+001, 2.0409725E+001, 2.0684677E+001, 2.1248309E+001, 2.2304715E+001, 2.4074986E+001, 2.6698931E+001, 3.0193474E+001, 3.4583723E+001, 1.2153757E+002, 1.3441110E+002, 3.3833751E+002, 3.2037720E+002, 3.5265961E+002, 3.1567469E+002, 2.6049485E+002, 4.4778458E+000, 4.4194928E+000, 4.3486859E+000, 4.2759103E+000, 4.2386329E+000, 4.2022557E+000, 4.1669653E+000, 4.1339532E+000, 4.1086507E+000, 4.1095020E+000, 4.1671686E+000, 4.2761073E+000, 4.4180384E+000, 4.5630544E+000, 4.6235579E+000, 4.5124621E+000, 4.3717748E+000, 3.5844710E+000, 3.5988273E+000, 6.3198216E+000, 6.5630765E+000, 6.8201860E+000, 7.2889203E+000, 8.2676774E+004, 4.7641200E-001, 1.1293698E+001, 3.1127849E+001
 2.1300051E+002, 2.0000267E+001, 2.0000488E+001, 2.0003226E+001, 2.0025086E+001, 2.0054336E+001, 2.0101257E+001, 2.0167298E+001, 2.0259281E+001, 2.0407360E+001, 2.0673980E+001, 2.1224523E+001, 2.2273845E+001, 2.4050008E+001, 2.6730674E+001, 3.0228523E+001, 3.4702480E+001, 5.3367141E+001, 2.4432782E+002, 3.2995867E+002, 3.3424989E+002, 3.4870541E+002, 3.4242434E+002, 3.0344771E+002, 4.4753353E+000, 4.4154392E+000, 4.3447749E+000, 4.2701162E+000, 4.2331460E+000, 4.1962516E+000, 4.1606643E+000, 4.1271766E+000, 4.1006140E+000, 4.1009570E+000, 4.1590712E+000, 4.2648916E+000, 4.3944081E+000, 4.5138746E+000, 4.5696371E+000, 4.4724593E+000, 3.9914125E+000, 4.2914774E+000, 6.3666919E+000, 6.7657211E+000, 7.2999448E+000, 7.9325494E+000, 7.6293664E+000, 7.5578245E+004, 4.4844035E-001, 1.0811278E+001, 2.9876929E+001
 2.1400081E+002, 2.0000262E+001, 2.0000498E+001, 2.0003177E+001, 2.0024449E+001, 2.0052652E+001, 2.0097602E+001, 2.0162327E+001, 2.0255543E+001, 2.0403784E+001, 2.0663473E+001, 2.1200168E+001, 2.2221070E+001, 2.3932995E+001, 2.6542788E+001, 2.9997879E+001, 3.4445049E+001, 6.2195142E+001, 1.2351383E+002, 2.7448301E+002, 3.0304584E+002, 3.0259177E+002, 3.1319298E+002, 3.1677154E+002, 4.4740805E+000, 4.4142300E+000, 4.3435257E+000, 4.2679495E+000, 4.2307630E+000, 4.1937148E+000, 4.1579612E+000, 4.1239586E+000, 4.0970065E+000, 4.0965925E+000, 4.1525270E+000, 4.2569991E+000, 4.3790626E+000, 4.4961226E+000, 4.5484143E+000, 4.4551091E+000, 4.3221484E+000, 4.4738667E+000, 5.6594459E+000, 6.1898757E+000, 8.2816959E+000, 8.0039573E+000, 7.6106838E+000, 7.9111230E+004, 4.5358173E-001, 1.0352387E+001, 3.0110494E+001
 2.1500224E+002, 2.0000264E+001, 2.0000495E+001, 2.0003240E+001, 2.0024444E+001, 2.0052543E+001, 2.0097493E+001, 2.0161208E+001, 2.0251339E+001, 2.0399076E+001, 2.0668090E+001, 2.1201933E+001, 2.2194477E+001, 2.3855477E+001, 2.6363535E+001, 2.9740806E+001, 3.4352209E+001, 4.5498601E+001, 1.9682541E+002, 2.1893034E+002, 2.1727165E+002, 3.0415101E+002, 3.0223780E+002, 2.7720142E+002, 4.4579593E+000, 4.3907583E+000, 4.3160599E+000, 4.2346032E+000, 4.1948660E+000, 4.1567824E+000, 4.1166476E+000, 4.0818092E+000, 4.0538012E+000, 4.0518621E+000, 4.1056522E+000, 4.2095133E+000, 4.3297204E+000, 4.4542976E+000, 4.5101615E+000, 4.3916390E+000, 3.8899990E+000, 4.2305099E+000, 4.9515968E+000, 5.3904976E+000, 6.9499403E+000, 7.6327962E+000, 7.8375157E+000, 7.8065086E+004, 4.3974518E-001, 1.0268831E+001, 3.0514693E+001
 2.1600039E+002, 2.0000266E+001, 2.0000503E+001, 2.0003405E+001, 2.0025905E+001, 2.0054594E+001, 2.0097480E+001, 2.0156422E+001, 2.0243372E+001, 2.0391242E+001, 2.0662264E+001, 2.1218224E+001, 2.2224937E+001, 2.3869685E+001, 2.6249879E+001, 2.9461425E+001, 3.3639060E+001, 4.2336655E+001, 8.4033305E+001, 1.8468925E+002, 2.5128671E+002, 3.1001742E+002, 3.0083827E+002, 2.8493587E+002, 4.4697569E+000, 4.4079931E+000, 4.3355410E+000, 4.2590602E+000, 4.2212863E+000, 4.1840354E+000, 4.1470063E+000, 4.1131716E+000, 4.0867254E+000, 4.0856003E+000, 4.1427165E+000, 4.2510082E+000, 4.3881416E+000, 4.5325410E+000, 4.6010469E+000, 4.5485571E+000, 4.1825913E+000, 3.5269985E+000, 6.0976559E+000, 7.1015913E+000, 8.7667076E+000, 7.4654344E+000, 7.6879357E+000, 8.1042223E+004, 4.4490958E-001, 1.0568658E+001, 3.0673396E+001
 2.1700086E+002, 2.0000264E+001, 2.0000505E+001, 2.0003476E+001, 2.0026656E+001, 2.0056753E+001, 2.0102115E+001, 2.0160734E+001, 2.0239059E+001, 2.0378010E+001, 2.0651977E+001, 2.1230847E+001, 2.2289044E+001, 2.3987941E+001, 2.6423140E+001, 2.9549554E+001, 3.3399000E+001, 3.8443441E+001, 1.1592235E+002, 2.4917416E+002, 2.9648032E+002, 2.9764698E+002, 3.0574083E+002, 2.9904018E+002, 4.4824607E+000, 4.4266260E+000, 4.3575435E+000, 4.2865875E+000, 4.2503385E+000, 4.2146896E+000, 4.1811707E+000, 4.1468870E+000, 4.1206984E+000, 4.1220526E+000, 4.1832363E+000, 4.2905842E+000, 4.4247586E+000, 4.5655671E+000, 4.6664917E+000, 4.6782945E+000, 4.6732849E+000, 4.6247120E+000, 3.6259480E+000, 5.2283308E+000, 8.2483281E+000, 8.9275198E+000, 8.0116942E+000, 8.1466636E+004, 4.2847313E-001, 1.1145154E+001, 3.2043254E+001
 2.1800278E+002, 2.0000269E+001, 2.0000497E+001, 2.0003428E+001, 2.0026315E+001, 2.0055971E+001, 2.0101765E+001, 2.0163705E+001, 2.0248211E+001, 2.0387383E+001, 2.0650339E+001, 2.1208654E+001, 2.2263361E+001, 2.3998823E+001, 2.6543524E+001, 2.9818484E+001, 3.3809733E+001, 3.9880803E+001, 2.0943237E+002, 2.2735538E+002, 3.5110040E+002, 3.1955248E+002, 2.9782014E+002, 3.0486189E+002, 4.4709811E+000, 4.4084607E+000, 4.3366420E+000, 4.2608507E+000, 4.2230263E+000, 4.1855483E+000, 4.1476497E+000, 4.1127469E+000, 4.0844512E+000, 4.0832115E+000, 4.1399101E+000, 4.2443591E+000, 4.3764645E+000, 4.5038273E+000, 4.5921030E+000, 4.6727374E+000, 4.4509231E+000, 4.5749202E+000, 4.7840372E+000, 5.4904208E+000, 6.6626745E+000, 7.8894600E+000, 8.3243597E+000, 7.8101722E+004, 4.3254789E-001, 1.0760096E+001, 3.0219455E+001
 2.1900201E+002, 2.0000263E+001, 2.0000509E+001, 2.0003452E+001, 2.0026659E+001, 2.0056473E+001, 2.0100980E+001, 2.0159798E+001, 2.0243396E+001, 2.0388028E+001, 2.0659739E+001, 2.1209157E+001, 2.2232091E+001, 2.3915273E+001, 2.6423605E+001, 2.9733679E+001, 3.3798654E+001, 3.9745491E+001, 7.3046549E+001, 2.2809283E+002, 3.2985908E+002, 3.4227231E+002, 3.0886840E+002, 2.9284289E+002, 4.4733779E+000, 4.4128107E+000, 4.3415849E+000, 4.2666391E+000, 4.2294483E+000, 4.1913428E+000, 4.1542493E+000, 4.1199562E+000, 4.0925915E+000, 4.0900862E+000, 4.1429380E+000, 4.2466157E+000, 4.3864266E+000, 4.5357599E+000, 4.6412536E+000, 4.6712521E+000, 4.4618620E+000, 3.9306421E+000, 3.8355643E+000, 5.5948735E+000, 7.8200749E+000, 7.2828293E+000, 7.5351181E+000, 8.1478122E+004, 4.3725061E-001, 1.0571382E+001, 3.1843730E+001
 2.2000117E+002, 2.0000255E+001, 2.0000499E+001, 2.0003363E+001, 2.0026270E+001, 2.0056466E+001, 2.0102657E+001, 2.0164227E+001, 2.0248516E+001, 2.0389436E+001, 2.0655861E+001, 2.1205912E+001, 2.2215478E+001, 2.3910302E+001, 2.6438546E+001, 2.9834330E+001, 3.3990705E+001, 3.9913652E+001, 1.2029054E+002, 1.4476902E+002, 3.0908423E+002, 3.0182821E+002, 2.7956108E+002, 2.5471306E+002, 4.4642698E+000, 4.3997560E+000, 4.3263483E+000, 4.2470697E+000, 4.2081330E+000, 4.1699342E+000, 4.1299107E+000, 4.0941846E+000, 4.0664295E+000, 4.0641856E+000, 4.1142647E+000, 4.2148223E+000, 4.3520895E+000, 4.5145384E+000, 4.6282341E+000, 4.6805784E+000, 4.6806998E+000, 4.2047476E+000, 3.6999372E+000, 5.7355974E+000, 7.1391376E+000, 7.6870228E+000, 7.5906901E+000, 8.2415902E+004, 4.4671094E-001, 1.0313356E+001, 3.3941067E+001
 2.2100263E+002, 2.0000261E+001, 2.0000485E+001, 2.0003315E+001, 2.0025751E+001, 2.0055244E+001, 2.0100512E+001, 2.0161786E+001, 2.0247608E+001, 2.0391558E+001, 2.0658359E+001, 2.1204826E+001, 2.2208698E+001, 2.3855092E+001, 2.6318528E+001, 2.9682113E+001, 3.4000292E+001, 4.0967308E+001, 7.0802884E+001, 1.0816237E+002, 2.5506283E+002, 3.4953634E+002, 2.8390141E+002, 2.8012495E+002, 4.4876547E+000, 4.4348331E+000, 4.3673067E+000, 4.2985824E+000, 4.2616848E+000, 4.2256437E+000, 4.1940417E+000, 4.1606312E+000, 4.1340380E+000, 4.1327413E+000, 4.1904628E+000, 4.2954081E+000, 4.4348608E+000, 4.5892106E+000, 4.7010924E+000, 4.7197985E+000, 4.5201573E+000, 3.8991748E+000, 4.6799667E+000, 6.7113064E+000, 8.0984654E+000, 7.4620775E+000, 7.4046772E+000, 7.9466998E+004, 4.4573201E-001, 1.0384128E+001, 3.1506579E+001
 2.2200054E+002, 2.0000257E+001, 2.0000490E+001, 2.0003388E+001, 2.0026398E+001, 2.0056489E+001, 2.0102534E+001, 2.0164046E+001, 2.0248467E+001, 2.0390069E+001, 2.0655241E+001, 2.1215471E+001, 2.2250878E+001, 2.3946877E+001, 2.6409151E+001, 2.9582540E+001, 3.3512815E+001, 4.0369047E+001, 7.0465192E+001, 1.2415980E+002, 3.1499877E+002, 2.7876217E+002, 2.9872212E+002, 2.7962355E+002, 4.4713209E+000, 4.4103661E+000, 4.3395254E+000, 4.2635709E+000, 4.2256247E+000, 4.1878243E+000, 4.1504540E+000, 4.1160879E+000, 4.0887900E+000, 4.0868810E+000, 4.1415975E+000, 4.2490658E+000, 4.3936094E+000, 4.5470252E+000, 4.6368408E+000, 4.6155322E+000, 4.5322896E+000, 3.6551028E+000, 3.7145167E+000, 5.3325301E+000, 7.9582885E+000, 9.2713710E+000, 8.6244964E+000, 7.8451485E+004, 4.4444040E-001, 1.1072857E+001, 2.9398961E+001
 2.2300216E+002, 2.0000260E+001, 2.0000493E+001, 2.0003350E+001, 2.0025845E+001, 2.0055298E+001, 2.0101045E+001, 2.0163471E+001, 2.0249580E+001, 2.0391726E+001, 2.0655819E+001, 2.1196307E+001, 2.2227295E+001, 2.3931659E+001, 2.6455464E+001, 2.9735675E+001, 3.3802146E+001, 4.1240284E+001, 2.1699656E+002, 1.4594734E+002, 1.8122988E+002, 3.3104333E+002, 2.8711486E+002, 2.8703095E+002, 4.4629196E+000, 4.3978872E+000, 4.3248024E+000, 4.2447488E+000, 4.2059773E+000, 4.1671905E+000, 4.1269179E+000, 4.0909587E+000, 4.0625620E+000, 4.0592419E+000, 4.1127235E+000, 4.2234255E+000, 4.3706716E+000, 4.5158296E+000, 4.6012358E+000, 4.5283208E+000, 4.0086182E+000, 3.8865207E+000, 4.0325881E+000, 4.6725347E+000, 7.3779529E+000, 8.1886919E+000, 8.4491350E+000, 7.8864399E+004, 4.1487936E-001, 1.0309793E+001, 3.0306779E+001
 2.2400281E+002, 2.0000256E+001, 2.0000488E+001, 2.0003256E+001, 2.0025087E+001, 2.0053621E+001, 2.0097459E+001, 2.0157534E+001, 2.0242631E+001, 2.0382779E+001, 2.0641343E+001, 2.1181354E+001, 2.2190418E+001, 2.3882787E+001, 2.6348491E+001, 2.9566009E+001, 3.3451042E+001, 3.8956449E+001, 6.6078420E+001, 3.0987232E+002, 3.5515907E+002, 2.7389034E+002, 3.1803903E+002, 3.0067598E+002, 4.4557502E+000, 4.3869988E+000, 4.3119838E+000, 4.2293887E+000, 4.1901321E+000, 4.1507296E+000, 4.1090956E+000, 4.0728905E+000, 4.0433361E+000, 4.0393924E+000, 4.0931782E+000, 4.2016154E+000, 4.3402379E+000, 4.4889545E+000, 4.6147333E+000, 4.7320194E+000, 4.5291569E+000, 3.4475467E+000, 3.0332393E+000, 5.8226288E+000, 6.6944293E+000, 9.0911038E+000, 7.4118143E+000, 8.1046539E+004, 4.2244390E-001, 1.0310184E+001, 3.0907077E+001
 2.2500082E+002, 2.0000259E+001, 2.0000496E+001, 2.0003316E+001, 2.0025373E+001, 2.0054023E+001, 2.0097583E+001, 2.0156649E+001, 2.0241027E+001, 2.0387397E+001, 2.0657487E+001, 2.1210608E+001, 2.2217139E+001, 2.3905684E+001, 2.6423647E+001, 2.9789151E+001, 3.3853054E+001, 3.9193656E+001, 5.3416691E+001, 1.4919653E+002, 3.4371505E+002, 3.7425585E+002, 3.3396841E+002, 3.0229180E+002, 4.4918908E+000, 4.4405619E+000, 4.3731834E+000, 4.3066771E+000, 4.2706801E+000, 4.2353463E+000, 4.2044759E+000, 4.1715685E+000, 4.1455262E+000, 4.1466105E+000, 4.2093086E+000, 4.3231551E+000, 4.4721604E+000, 4.6324215E+000, 4.7543988E+000, 4.7996166E+000, 4.7945239E+000, 4.3718874E+000, 3.5992799E+000, 5.5662047E+000, 1.0139062E+001, 9.1396019E+000, 8.3501048E+000, 8.3465739E+004, 4.7698151E-001, 1.0864428E+001, 3.3197063E+001
 2.2600232E+002, 2.0000263E+001, 2.0000498E+001, 2.0003492E+001, 2.0026208E+001, 2.0055374E+001, 2.0100141E+001, 2.0161390E+001, 2.0248404E+001, 2.0400658E+001, 2.0684379E+001, 2.1261035E+001, 2.2327951E+001, 2.4043072E+001, 2.6590102E+001, 2.9939465E+001, 3.4150272E+001, 4.4798500E+001, 1.3231925E+002, 2.5530890E+002, 3.4074626E+002, 3.4769216E+002, 3.1468073E+002, 3.0853536E+002, 4.4579121E+000, 4.3893801E+000, 4.3145771E+000, 4.2322431E+000, 4.1931858E+000, 4.1546141E+000, 4.1133971E+000, 4.0776671E+000, 4.0495264E+000, 4.0502650E+000, 4.1118303E+000, 4.2316999E+000, 4.3861344E+000, 4.5513382E+000, 4.6798292E+000, 4.6813467E+000, 4.0606560E+000, 4.2850506E+000, 3.6652669E+000, 4.7466607E+000, 6.5577043E+000, 8.3305373E+000, 9.1790559E+000, 8.0214543E+004, 4.9114765E-001, 1.1712695E+001, 3.2167112E+001
 2.2700266E+002, 2.0000272E+001, 2.0000510E+001, 2.0003513E+001, 2.0026952E+001, 2.0057028E+001, 2.0103126E+001, 2.0166399E+001, 2.0256271E+001, 2.0408444E+001, 2.0698800E+001, 2.1298062E+001, 2.2416409E+001, 2.4243911E+001, 2.6919274E+001, 3.0282942E+001, 3.4386007E+001, 4.3107475E+001, 1.2719425E+002, 2.2582697E+002, 3.2096335E+002, 3.3446166E+002, 3.0066464E+002, 3.0251842E+002, 4.4513267E+000, 4.3797882E+000, 4.3035868E+000, 4.2170729E+000, 4.1768241E+000, 4.1376767E+000, 4.0942248E+000, 4.0580063E+000, 4.0291601E+000, 4.0276522E+000, 4.0857842E+000, 4.2069989E+000, 4.3599141E+000, 4.5306309E+000, 4.6905386E+000, 4.7889007E+000, 4.4209513E+000, 3.1377241E+000, 4.5785908E+000, 6.5433590E+000, 8.0759504E+000, 6.9937601E+000, 7.7706381E+000, 8.3539862E+004, 4.9661712E-001, 1.1852900E+001, 3.3890075E+001
 2.2800089E+002, 2.0000252E+001, 2.0000511E+001, 2.0003411E+001, 2.0025961E+001, 2.0055610E+001, 2.0101937E+001, 2.0165995E+001, 2.0257204E+001, 2.0414765E+001, 2.0705723E+001, 2.1307668E+001, 2.2410189E+001, 2.4259302E+001, 2.6972597E+001, 3.0603883E+001, 3.5229332E+001, 4.5530601E+001, 8.4660944E+001, 1.6646379E+002, 2.1515171E+002, 3.3048167E+002, 3.0784378E+002, 2.6484136E+002, 4.4932237E+000, 4.4416682E+000, 4.3739652E+000, 4.3077376E+000, 4.2724107E+000, 4.2361233E+000, 4.2049179E+000, 4.1719012E+000, 4.1476391E+000, 4.1508167E+000, 4.2186409E+000, 4.3378495E+000, 4.4866184E+000, 4.6412702E+000, 4.7695003E+000, 4.7742011E+000, 4.5430953E+000, 4.0499998E+000, 3.8236235E+000, 5.1777599E+000, 9.3932675E+000, 9.3114889E+000, 8.3261448E+000, 8.0123858E+004, 5.1490516E-001, 1.2201180E+001, 3.4621811E+001
 2.2900153E+002, 2.0000262E+001, 2.0000511E+001, 2.0003519E+001, 2.0026090E+001, 2.0055557E+001, 2.0102462E+001, 2.0168834E+001, 2.0263940E+001, 2.0427616E+001, 2.0736828E+001, 2.1352712E+001, 2.2512916E+001, 2.4383658E+001, 2.7139046E+001, 3.0785524E+001, 3.5524385E+001, 4.7492450E+001, 1.5871516E+002, 3.1582796E+002, 3.6639134E+002, 2.6667765E+002, 2.9063574E+002, 2.8827615E+002, 4.4181934E+000, 4.3315688E+000, 4.2470153E+000, 4.1470825E+000, 4.1025165E+000, 4.0592492E+000, 4.0054873E+000, 3.9652348E+000, 3.9337802E+000, 3.9328796E+000, 3.9902268E+000, 4.1192973E+000, 4.2849880E+000, 4.4438440E+000, 4.5162323E+000, 4.5449013E+000, 4.1158599E+000, 3.7336744E+000, 5.6753747E+000, 7.0862216E+000, 8.6052055E+000, 8.9507116E+000, 8.9898292E+000, 8.1318940E+004, 5.2390354E-001, 1.2560824E+001, 3.2750052E+001
 2.3000005E+002, 2.0000279E+001, 2.0000513E+001, 2.0003762E+001, 2.0028022E+001, 2.0058942E+001, 2.0106838E+001, 2.0174463E+001, 2.0272782E+001, 2.0443613E+001, 2.0760452E+001, 2.1411193E+001, 2.2617946E+001, 2.4606835E+001, 2.7427312E+001, 3.1027274E+001, 3.5777224E+001, 4.7487328E+001, 1.6381663E+002, 2.8670047E+002, 3.4248058E+002, 3.1671656E+002, 3.5422042E+002, 3.1027380E+002, 4.5024108E+000, 4.4548607E+000, 4.3898934E+000, 4.3260651E+000, 4.2913511E+000, 4.2563040E+000, 4.2268767E+000, 4.1952939E+000, 4.1703760E+000, 4.1732384E+000, 4.2461175E+000, 4.3760127E+000, 4.5399287E+000, 4.7037898E+000, 4.8287124E+000, 4.8317734E+000, 4.5056130E+000, 4.1490971E+000, 6.4248369E+000, 7.6427783E+000, 8.0109214E+000, 9.2277191E+000, 9.2373091E+000, 8.5738303E+004, 5.9136174E-001, 1.3989244E+001, 3.4100821E+001
 2.3100267E+002, 2.0000248E+001, 2.0000546E+001, 2.0003661E+001, 2.0028069E+001, 2.0060084E+001, 2.0110765E+001, 2.0181160E+001, 2.0279298E+001, 2.0446120E+001, 2.0766190E+001, 2.1416247E+001, 2.2641221E+001, 2.4666190E+001, 2.7595970E+001, 3.1293685E+001, 3.5653914E+001, 4.7899566E+001, 1.2114839E+002, 2.3549260E+002, 3.2299279E+002, 3.0340997E+002, 2.7461423E+002, 3.1886696E+002, 4.4491795E+000, 4.3763772E+000, 4.2999653E+000, 4.2141454E+000, 4.1735327E+000, 4.1328292E+000, 4.0881131E+000, 4.0510009E+000, 4.0228732E+000, 4.0236973E+000, 4.0850141E+000, 4.2076459E+000, 4.3679338E+000, 4.5444488E+000, 4.6611674E+000, 4.7728513E+000, 4.2257519E+000, 3.5982711E+000, 3.1887184E+000, 6.3030465E+000, 7.0461416E+000, 6.6973807E+000, 7.4854459E+000, 7.9349915E+004, 5.2719394E-001, 1.3443523E+001, 3.2611180E+001
 2.3200287E+002, 2.0000294E+001, 2.0000501E+001, 2.0003568E+001, 2.0026948E+001, 2.0058040E+001, 2.0107834E+001, 2.0178454E+001, 2.0278563E+001, 2.0444131E+001, 2.0750224E+001, 2.1383440E+001, 2.2599742E+001, 2.4652194E+001, 2.7662637E+001, 3.1470418E+001, 3.6314706E+001, 4.6616519E+001, 1.2525079E+002, 2.0108746E+002, 3.0336382E+002, 3.5402583E+002, 3.0303325E+002, 2.6929075E+002, 4.4419571E+000, 4.3674974E+000, 4.2880518E+000, 4.1985640E+000, 4.1562998E+000, 4.1150216E+000, 4.0696591E+000, 4.0321772E+000, 4.0010714E+000, 3.9978981E+000, 4.0510230E+000, 4.1625453E+000, 4.2825600E+000, 4.4171778E+000, 4.5337355E+000, 4.5953893E+000, 4.3349582E+000, 3.5938857E+000, 4.4678441E+000, 5.6681793E+000, 7.8835706E+000, 7.5536906E+000, 7.1612841E+000, 7.9672922E+004, 5.3066776E-001, 1.2711642E+001, 3.4516438E+001
 2.3300036E+002, 2.0000246E+001, 2.0000539E+001, 2.0003633E+001, 2.0027391E+001, 2.0058174E+001, 2.0106318E+001, 2.0174895E+001, 2.0274379E+001, 2.0444030E+001, 2.0752335E+001, 2.1387383E+001, 2.2556810E+001, 2.4535038E+001, 2.7462732E+001, 3.1508334E+001, 4.0844295E+001, 6.5143686E+001, 2.2369262E+002, 3.0637937E+002, 3.3981761E+002, 3.1475013E+002, 3.1399361E+002, 3.0396895E+002, 4.4937087E+000, 4.4402964E+000, 4.3734819E+000, 4.3054105E+000, 4.2695138E+000, 4.2330008E+000, 4.2004780E+000, 4.1666478E+000, 4.1409849E+000, 4.1424581E+000, 4.2096525E+000, 4.3300196E+000, 4.4664182E+000, 4.5388655E+000, 4.4797590E+000, 4.3056609E+000, 3.4627057E+000, 4.9438413E+000, 5.8879854E+000, 6.2644367E+000, 7.4092828E+000, 7.4240225E+000, 8.0905338E+000, 7.8242268E+004, 5.3925819E-001, 1.3515518E+001, 3.1087137E+001
 2.3400215E+002, 2.0000271E+001, 2.0000519E+001, 2.0003839E+001, 2.0028843E+001, 2.0061084E+001, 2.0111400E+001, 2.0180829E+001, 2.0278364E+001, 2.0444256E+001, 2.0763079E+001, 2.1414985E+001, 2.2655341E+001, 2.4670918E+001, 2.7562638E+001, 3.1334829E+001, 3.9622586E+001, 1.4324557E+002, 1.7805521E+002, 1.7614217E+002, 3.0186146E+002, 2.9947596E+002, 3.0197874E+002, 2.8964913E+002, 4.4564266E+000, 4.3891499E+000, 4.3120306E+000, 4.2281794E+000, 4.1882228E+000, 4.1490366E+000, 4.1060093E+000, 4.0685665E+000, 4.0395747E+000, 4.0378665E+000, 4.0956117E+000, 4.2060234E+000, 4.3429457E+000, 4.4887077E+000, 4.5527272E+000, 4.0157085E+000, 3.4712294E+000, 4.4422741E+000, 4.8807459E+000, 7.0202139E+000, 7.6902167E+000, 7.5785906E+000, 8.2064068E+000, 7.9905579E+004, 5.1786383E-001, 1.3217252E+001, 3.4110859E+001
 2.3500035E+002, 2.0000282E+001, 2.0000498E+001, 2.0003533E+001, 2.0027197E+001, 2.0058875E+001, 2.0109013E+001, 2.0178624E+001, 2.0275215E+001, 2.0432179E+001, 2.0726366E+001, 2.1346143E+001, 2.2536257E+001, 2.4573978E+001, 2.7551461E+001, 3.1375375E+001, 3.7260503E+001, 6.2082802E+001, 1.6013150E+002, 2.8451181E+002, 2.9739298E+002, 3.3378736E+002, 2.8269454E+002, 2.8198377E+002, 4.4527408E+000, 4.3812118E+000, 4.3042649E+000, 4.2181196E+000, 4.1768346E+000, 4.1364766E+000, 4.0934546E+000, 4.0552829E+000, 4.0234550E+000, 4.0186592E+000, 4.0690989E+000, 4.1754764E+000, 4.2957649E+000, 4.3953817E+000, 4.3883069E+000, 4.2122066E+000, 3.8226805E+000, 4.1832377E+000, 4.6623916E+000, 7.7271683E+000, 6.9362411E+000, 8.4066103E+000, 7.1861382E+000, 7.6669834E+004, 4.8317135E-001, 1.2294220E+001, 2.9056542E+001
 2.3600109E+002, 2.0000242E+001, 2.0000530E+001, 2.0003408E+001, 2.0026214E+001, 2.0056658E+001, 2.0105707E+001, 2.0175537E+001, 2.0272252E+001, 2.0425671E+001, 2.0703878E+001, 2.1289675E+001, 2.2420459E+001, 2.4359805E+001, 2.7270569E+001, 3.1092928E+001, 3.6901812E+001, 7.7521891E+001, 1.3247492E+002, 2.2834194E+002, 3.5148827E+002, 3.1195434E+002, 2.7989745E+002, 2.7976573E+002, 4.4767171E+000, 4.4165528E+000, 4.3454787E+000, 4.2696934E+000, 4.2321238E+000, 4.1942449E+000, 4.1573949E+000, 4.1216789E+000, 4.0921742E+000, 4.0880821E+000, 4.1438773E+000, 4.2524786E+000, 4.3895390E+000, 4.5118495E+000, 4.5382260E+000, 4.2328456E+000, 3.5459291E+000, 4.8527975E+000, 6.4097566E+000, 7.6987193E+000, 8.6906210E+000, 8.0349581E+000, 8.6768753E+000, 7.9873581E+004, 4.8230088E-001, 1.1788329E+001, 2.8173074E+001
 2.3700029E+002, 2.0000264E+001, 2.0000495E+001, 2.0003627E+001, 2.0027005E+001, 2.0057167E+001, 2.0104816E+001, 2.0172792E+001, 2.0269338E+001, 2.0428089E+001, 2.0715284E+001, 2.1321549E+001, 2.2449562E+001, 2.4350020E+001, 2.7129596E+001, 3.0720043E+001, 3.5145302E+001, 4.9455222E+001, 1.6584091E+002, 1.9418470E+002, 3.5275003E+002, 3.6537031E+002, 3.1098927E+002, 2.8580650E+002, 4.4914772E+000, 4.4408979E+000, 4.3715760E+000, 4.3045956E+000, 4.2679647E+000, 4.2311777E+000, 4.1981057E+000, 4.1636388E+000, 4.1359807E+000, 4.1341756E+000, 4.1993613E+000, 4.3187892E+000, 4.4640439E+000, 4.6174835E+000, 4.7113880E+000, 4.7645596E+000, 4.1178073E+000, 4.7849892E+000, 6.2886174E+000, 7.5645630E+000, 8.2374915E+000, 8.3089150E+000, 8.4373089E+000, 8.2091302E+004, 5.2317400E-001, 1.3441340E+001, 2.9970733E+001
 2.3800006E+002, 2.0000270E+001, 2.0000515E+001, 2.0003837E+001, 2.0029545E+001, 2.0062871E+001, 2.0112982E+001, 2.0178789E+001, 2.0269699E+001, 2.0427034E+001, 2.0732612E+001, 2.1376948E+001, 2.2617983E+001, 2.4599223E+001, 2.7408384E+001, 3.0881706E+001, 3.5163720E+001, 4.4963845E+001, 1.8856581E+002, 2.3944628E+002, 3.1518956E+002, 2.7229841E+002, 3.4293539E+002, 3.2680208E+002, 4.4229847E+000, 4.3370787E+000, 4.2548482E+000, 4.1552837E+000, 4.1104090E+000, 4.0669744E+000, 4.0140167E+000, 3.9720748E+000, 3.9366975E+000, 3.9287167E+000, 3.9782281E+000, 4.0981562E+000, 4.2572376E+000, 4.4140079E+000, 4.4736219E+000, 4.4243368E+000, 4.0255553E+000, 3.5398993E+000, 5.9912459E+000, 5.7376994E+000, 7.4720720E+000, 8.1158165E+000, 8.1708358E+000, 7.5497607E+004, 4.8077516E-001, 1.3443825E+001, 2.7960793E+001
 2.3900120E+002, 2.0000267E+001, 2.0000529E+001, 2.0003733E+001, 2.0029119E+001, 2.0062772E+001, 2.0115656E+001, 2.0186564E+001, 2.0279762E+001, 2.0432453E+001, 2.0727706E+001, 2.1366752E+001, 2.2596464E+001, 2.4666494E+001, 2.7588431E+001, 3.1086195E+001, 3.4998093E+001, 4.1398711E+001, 1.6792657E+002, 3.4686550E+002, 4.2242671E+002, 3.3214175E+002, 3.0015050E+002, 2.8192419E+002, 4.4798301E+000, 4.4218790E+000, 4.3521658E+000, 4.2779421E+000, 4.2410297E+000, 4.2031313E+000, 4.1663733E+000, 4.1294105E+000, 4.0980976E+000, 4.0927985E+000, 4.1484554E+000, 4.2524732E+000, 4.3876986E+000, 4.5597124E+000, 4.7849036E+000, 4.8862252E+000, 4.7074579E+000, 3.8045497E+000, 5.3472944E+000, 6.4616913E+000, 8.9528340E+000, 8.0794348E+000, 8.2897252E+000, 8.8056388E+004, 5.2927524E-001, 1.3578180E+001, 3.1090472E+001
 2.4000135E+002, 2.0000247E+001, 2.0000527E+001, 2.0003686E+001, 2.0028164E+001, 2.0060361E+001, 2.0111363E+001, 2.0183690E+001, 2.0285603E+001, 2.0450839E+001, 2.0746981E+001, 2.1361605E+001, 2.2535292E+001, 2.4552997E+001, 2.7554672E+001, 3.1419908E+001, 3.5846303E+001, 4.3951968E+001, 8.4625366E+001, 1.7855445E+002, 3.5105589E+002, 3.5212888E+002, 3.1637345E+002, 2.8636532E+002, 4.4904419E+000, 4.4377173E+000, 4.3690770E+000, 4.3016691E+000, 4.2647077E+000, 4.2270826E+000, 4.1925447E+000, 4.1557378E+000, 4.1250185E+000, 4.1199736E+000, 4.1755688E+000, 4.2747816E+000, 4.3949582E+000, 4.5055524E+000, 4.6058127E+000, 4.7847302E+000, 4.6536708E+000, 3.5477373E+000, 4.7387217E+000, 5.4643351E+000, 5.8144972E+000, 8.1919023E+000, 7.8860426E+000, 7.9001242E+004, 5.1196459E-001, 1.2804085E+001, 3.1298733E+001
 2.4100345E+002, 2.0000285E+001, 2.0000492E+001, 2.0003678E+001, 2.0028138E+001, 2.0060280E+001, 2.0110310E+001, 2.0179384E+001, 2.0276820E+001, 2.0440643E+001, 2.0749899E+001, 2.1378962E+001, 2.2561980E+001, 2.4516975E+001, 2.7424941E+001, 3.1330985E+001, 3.7902904E+001, 9.1106578E+001, 1.5990829E+002, 2.5453199E+002, 3.2502639E+002, 3.5767621E+002, 3.5229684E+002, 3.1249921E+002, 4.4419605E+000, 4.3665381E+000, 4.2866808E+000, 4.1962177E+000, 4.1529565E+000, 4.1114584E+000, 4.0640406E+000, 4.0227271E+000, 3.9868633E+000, 3.9768558E+000, 4.0197895E+000, 4.1236582E+000, 4.2484829E+000, 4.3518164E+000, 4.3067987E+000, 4.0734101E+000, 3.3712521E+000, 3.6582738E+000, 5.7311512E+000, 7.3835876E+000, 8.6324469E+000, 6.8869310E+000, 7.8374227E+000, 7.5742123E+004, 4.8788519E-001, 1.2655921E+001, 3.1414307E+001
 2.4200216E+002, 2.0000256E+001, 2.0000519E+001, 2.0003532E+001, 2.0027906E+001, 2.0060300E+001, 2.0110766E+001, 2.0179756E+001, 2.0273376E+001, 2.0424807E+001, 2.0713820E+001, 2.1330275E+001, 2.2500982E+001, 2.4493286E+001, 2.7353261E+001, 3.1026176E+001, 3.7086364E+001, 1.3706225E+002, 2.8580055E+002, 3.4575140E+002, 3.3800614E+002, 2.9789323E+002, 2.9409233E+002, 3.1087091E+002, 4.4663222E+000, 4.4004154E+000, 4.3275700E+000, 4.2458522E+000, 4.2067490E+000, 4.1670254E+000, 4.1246724E+000, 4.0858342E+000, 4.0536743E+000, 4.0449773E+000, 4.0907925E+000, 4.1916558E+000, 4.3237056E+000, 4.4522650E+000, 4.5072204E+000, 4.1511487E+000, 3.2398768E+000, 4.9733571E+000, 6.4601054E+000, 7.9321714E+000, 7.6122309E+000, 8.2889313E+000, 7.2675001E+000, 7.7665339E+004, 4.7254174E-001, 1.2238686E+001, 2.9120274E+001
 2.4300098E+002, 2.0000250E+001, 2.0000512E+001, 2.0003503E+001, 2.0027281E+001, 2.0059226E+001, 2.0110475E+001, 2.0181649E+001, 2.0276476E+001, 2.0424015E+001, 2.0695579E+001, 2.1287390E+001, 2.2428074E+001, 2.4368291E+001, 2.7241567E+001, 3.0930818E+001, 3.5523790E+001, 8.0644291E+001, 1.5281695E+002, 2.4218942E+002, 3.8381296E+002, 3.1319563E+002, 2.9605573E+002, 2.9900584E+002, 4.4798327E+000, 4.4234661E+000, 4.3519827E+000, 4.2785525E+000, 4.2404279E+000, 4.2016947E+000, 4.1640570E+000, 4.1267725E+000, 4.0972967E+000, 4.0905308E+000, 4.1417309E+000, 4.2449486E+000, 4.3795221E+000, 4.5050229E+000, 4.5656251E+000, 4.3631676E+000, 4.0029741E+000, 4.0554246E+000, 4.9322876E+000, 5.4855261E+000, 8.7388158E+000, 8.5987176E+000, 8.5284334E+000, 7.9906623E+004, 4.6623879E-001, 1.2156977E+001, 2.7651523E+001
 2.4400327E+002, 2.0000270E+001, 2.0000480E+001, 2.0003456E+001, 2.0026908E+001, 2.0058895E+001, 2.0110103E+001, 2.0180906E+001, 2.0277335E+001, 2.0427882E+001, 2.0696804E+001, 2.1267984E+001, 2.2392825E+001, 2.4300606E+001, 2.7138207E+001, 3.0788044E+001, 3.5308930E+001, 4.7988173E+001, 2.5453855E+002, 3.5445803E+002, 3.5895764E+002, 3.3669159E+002, 2.9848118E+002, 2.6330449E+002, 4.4860598E+000, 4.4317449E+000, 4.3619057E+000, 4.2908861E+000, 4.2520513E+000, 4.2131650E+000, 4.1778227E+000, 4.1413624E+000, 4.1096850E+000, 4.1015746E+000, 4.1502248E+000, 4.2462564E+000, 4.3745680E+000, 4.5123250E+000, 4.6205339E+000, 4.5711274E+000, 3.6246263E+000, 3.7754474E+000, 5.4494822E+000, 5.8745642E+000, 6.4145100E+000, 8.6409823E+000, 8.5831349E+000, 7.9483504E+004, 4.5929513E-001, 1.1480376E+001, 3.0354076E+001
 2.4500198E+002, 2.0000263E+001, 2.0000506E+001, 2.0003362E+001, 2.0026370E+001, 2.0057675E+001, 2.0108188E+001, 2.0179230E+001, 2.0276639E+001, 2.0427143E+001, 2.0693005E+001, 2.1242242E+001, 2.2308322E+001, 2.4163247E+001, 2.6991724E+001, 3.0650111E+001, 3.4889724E+001, 4.1241191E+001, 9.6216456E+001, 3.0291485E+002, 3.4026051E+002, 3.6453410E+002, 3.0448457E+002, 3.0059173E+002, 4.4710922E+000, 4.4082035E+000, 4.3362182E+000, 4.2568858E+000, 4.2175612E+000, 4.1778149E+000, 4.1372333E+000, 4.0989291E+000, 4.0662018E+000, 4.0573068E+000, 4.1053503E+000, 4.2062886E+000, 4.3486534E+000, 4.5320135E+000, 4.6621565E+000, 4.7315452E+000, 4.4876556E+000, 3.3987826E+000, 5.3884894E+000, 5.7764939E+000, 7.6492474E+000, 7.4829662E+000, 8.5250339E+000, 8.0168542E+004, 4.6356446E-001, 1.1047585E+001, 3.0287156E+001
 2.4600059E+002, 2.0000257E+001, 2.0000512E+001, 2.0003366E+001, 2.0025908E+001, 2.0056489E+001, 2.0106605E+001, 2.0178361E+001, 2.0277017E+001, 2.0429378E+001, 2.0695732E+001, 2.1247017E+001, 2.2318332E+001, 2.4158371E+001, 2.6941657E+001, 3.0571624E+001, 3.4799024E+001, 4.0039873E+001, 5.6413006E+001, 1.7037152E+002, 3.5113711E+002, 3.5218342E+002, 3.3217610E+002, 3.0695953E+002, 4.4434159E+000, 4.3684956E+000, 4.2891999E+000, 4.1980841E+000, 4.1557594E+000, 4.1133175E+000, 4.0650039E+000, 4.0246150E+000, 3.9885755E+000, 3.9778912E+000, 4.0252103E+000, 4.1368579E+000, 4.2945875E+000, 4.4949372E+000, 4.6446060E+000, 4.6536076E+000, 4.5255939E+000, 3.7392854E+000, 3.8964135E+000, 4.9347214E+000, 6.9670681E+000, 8.1339067E+000, 7.4199934E+000, 8.0799646E+004, 4.7001716E-001, 1.1520856E+001, 2.9631256E+001
 2.4700212E+002, 2.0000260E+001, 2.0000508E+001, 2.0003577E+001, 2.0027614E+001, 2.0059490E+001, 2.0109550E+001, 2.0179029E+001, 2.0273879E+001, 2.0420846E+001, 2.0687124E+001, 2.1263168E+001, 2.2364985E+001, 2.4236545E+001, 2.6965419E+001, 3.0439519E+001, 3.4273809E+001, 3.9322655E+001, 5.4803676E+001, 1.6478331E+002, 1.7994172E+002, 3.4557923E+002, 2.9399789E+002, 2.9851540E+002, 4.4627038E+000, 4.3978334E+000, 4.3230566E+000, 4.2413980E+000, 4.2006640E+000, 4.1609212E+000, 4.1204065E+000, 4.0807698E+000, 4.0463464E+000, 4.0386097E+000, 4.0935102E+000, 4.2057070E+000, 4.3648642E+000, 4.5382800E+000, 4.6518753E+000, 4.8089089E+000, 4.9725799E+000, 4.1138023E+000, 4.0729626E+000, 3.9749990E+000, 4.8337943E+000, 7.7572088E+000, 7.7799401E+000, 7.8771211E+004, 4.6522450E-001, 1.2005634E+001, 2.5878688E+001
 2.4800164E+002, 2.0000266E+001, 2.0000507E+001, 2.0003612E+001, 2.0028142E+001, 2.0060832E+001, 2.0112078E+001, 2.0181626E+001, 2.0273349E+001, 2.0419530E+001, 2.0692526E+001, 2.1287598E+001, 2.2422760E+001, 2.4344816E+001, 2.7115582E+001, 3.0487593E+001, 3.4321102E+001, 3.9949204E+001, 1.5634275E+002, 2.4142632E+002, 2.3318470E+002, 2.6118647E+002, 2.9294023E+002, 2.6970649E+002, 4.4906960E+000, 4.4383583E+000, 4.3699623E+000, 4.3010117E+000, 4.2639037E+000, 4.2267197E+000, 4.1922987E+000, 4.1555704E+000, 4.1259951E+000, 4.1224475E+000, 4.1810522E+000, 4.2969109E+000, 4.4632766E+000, 4.6539578E+000, 4.7963925E+000, 4.7636586E+000, 4.2382600E+000, 3.5849831E+000, 5.5622959E+000, 7.2606623E+000, 4.7759086E+000, 6.0841777E+000, 7.0590406E+000, 8.0446084E+004, 4.8258976E-001, 1.2717771E+001, 2.6187262E+001
 2.4900287E+002, 2.0000276E+001, 2.0000519E+001, 2.0003613E+001, 2.0028462E+001, 2.0062143E+001, 2.0115757E+001, 2.0188152E+001, 2.0283296E+001, 2.0434014E+001, 2.0710463E+001, 2.1307217E+001, 2.2483757E+001, 2.4420652E+001, 2.7231694E+001, 3.0732013E+001, 3.4753424E+001, 4.2103851E+001, 8.6250464E+001, 2.2309849E+002, 2.5160477E+002, 2.6574210E+002, 2.7367632E+002, 2.8174113E+002, 4.4594523E+000, 4.3904209E+000, 4.3151635E+000, 4.2327325E+000, 4.1922587E+000, 4.1503305E+000, 4.1063780E+000, 4.0675561E+000, 4.0360082E+000, 4.0321575E+000, 4.0857053E+000, 4.1969148E+000, 4.3482963E+000, 4.5093469E+000, 4.5666985E+000, 4.7317551E+000, 4.5985572E+000, 4.2301852E+000, 5.4595711E+000, 5.6936668E+000, 7.1632950E+000, 6.6392503E+000, 5.9339834E+000, 7.9923586E+004, 4.7786415E-001, 1.2663562E+001, 2.7656216E+001
 2.5000215E+002, 2.0000269E+001, 2.0000521E+001, 2.0003467E+001, 2.0027389E+001, 2.0060267E+001, 2.0113112E+001, 2.0186195E+001, 2.0284990E+001, 2.0439135E+001, 2.0723011E+001, 2.1323445E+001, 2.2480227E+001, 2.4466904E+001, 2.7348319E+001, 3.0934817E+001, 3.5699109E+001, 9.4554213E+001, 1.1248738E+002, 2.3756130E+002, 2.3841770E+002, 2.6435110E+002, 2.8498991E+002, 2.5918114E+002, 4.4502554E+000, 4.3768254E+000, 4.2989309E+000, 4.2104456E+000, 4.1686004E+000, 4.1264670E+000, 4.0796852E+000, 4.0393918E+000, 4.0068090E+000, 4.0010193E+000, 4.0537197E+000, 4.1682250E+000, 4.3217927E+000, 4.4827716E+000, 4.5644525E+000, 4.4662989E+000, 4.2237725E+000, 3.2294942E+000, 5.0185529E+000, 6.1049598E+000, 6.3685569E+000, 7.4899060E+000, 8.0067944E+000, 8.1713858E+004, 4.7645808E-001, 1.2214244E+001, 2.9041947E+001
 2.5100270E+002, 2.0000257E+001, 2.0000524E+001, 2.0003464E+001, 2.0026572E+001, 2.0058009E+001, 2.0109615E+001, 2.0184070E+001, 2.0287409E+001, 2.0448559E+001, 2.0731910E+001, 2.1319128E+001, 2.2453395E+001, 2.4409070E+001, 2.7364005E+001, 3.1170148E+001, 3.5590702E+001, 4.6058533E+001, 1.8730539E+002, 2.8827523E+002, 2.7908983E+002, 3.0155756E+002, 3.0160896E+002, 2.8160683E+002, 4.4666912E+000, 4.4022686E+000, 4.3271321E+000, 4.2463475E+000, 4.2059722E+000, 4.1662064E+000, 4.1258928E+000, 4.0876919E+000, 4.0567309E+000, 4.0528296E+000, 4.1102331E+000, 4.2282346E+000, 4.3795646E+000, 4.5230124E+000, 4.6137042E+000, 4.5955770E+000, 4.2822213E+000, 4.0647137E+000, 5.2726295E+000, 6.8755124E+000, 8.3087502E+000, 7.7141231E+000, 7.1500072E+000, 7.9378750E+004, 5.1839106E-001, 1.2251502E+001, 2.8925352E+001
 2.5200108E+002, 2.0000262E+001, 2.0000509E+001, 2.0003544E+001, 2.0027252E+001, 2.0058965E+001, 2.0109131E+001, 2.0179827E+001, 2.0279814E+001, 2.0443502E+001, 2.0739524E+001, 2.1353599E+001, 2.2504771E+001, 2.4446012E+001, 2.7304230E+001, 3.1039922E+001, 3.5728931E+001, 5.6872576E+001, 1.2419810E+002, 1.7060379E+002, 2.6506475E+002, 2.8089365E+002, 2.9007606E+002, 2.7527575E+002, 4.4965566E+000, 4.4466406E+000, 4.3782201E+000, 4.3111439E+000, 4.2741571E+000, 4.2371536E+000, 4.2049507E+000, 4.1719085E+000, 4.1444393E+000, 4.1433811E+000, 4.2048413E+000, 4.3189503E+000, 4.4748756E+000, 4.6438082E+000, 4.7409499E+000, 4.7108853E+000, 4.2511191E+000, 4.4854466E+000, 4.1346215E+000, 6.1143846E+000, 6.6235031E+000, 8.9212247E+000, 8.9696105E+000, 8.3613308E+004, 5.1475958E-001, 1.2810885E+001, 3.0572596E+001
 2.5300335E+002, 2.0000272E+001, 2.0000501E+001, 2.0003459E+001, 2.0026778E+001, 2.0058443E+001, 2.0109718E+001, 2.0181524E+001, 2.0279609E+001, 2.0437772E+001, 2.0727678E+001, 2.1331358E+001, 2.2489270E+001, 2.4444745E+001, 2.7361872E+001, 3.1040769E+001, 3.5522032E+001, 4.9395655E+001, 1.3580000E+002, 2.0730771E+002, 2.4236802E+002, 2.5997107E+002, 2.8925200E+002, 2.8760119E+002, 4.4621797E+000, 4.3968411E+000, 4.3217389E+000, 4.2396846E+000, 4.1995031E+000, 4.1596892E+000, 4.1179362E+000, 4.0807006E+000, 4.0527023E+000, 4.0500248E+000, 4.1083239E+000, 4.2226005E+000, 4.3703560E+000, 4.5483646E+000, 4.6520065E+000, 4.6872674E+000, 4.0185703E+000, 3.6147333E+000, 5.1917938E+000, 5.5810351E+000, 6.6370780E+000, 6.6902001E+000, 7.9735426E+000, 7.8130097E+004, 4.8996118E-001, 1.2235171E+001, 2.9398077E+001
 2.5400119E+002, 2.0000273E+001, 2.0000509E+001, 2.0003378E+001, 2.0026255E+001, 2.0057617E+001, 2.0109233E+001, 2.0183088E+001, 2.0286976E+001, 2.0450659E+001, 2.0738088E+001, 2.1324233E+001, 2.2476254E+001, 2.4465326E+001, 2.7481206E+001, 3.1279316E+001, 3.5534911E+001, 4.3602960E+001, 1.0442371E+002, 2.2131847E+002, 2.9494667E+002, 3.4122436E+002, 2.9441955E+002, 2.9215346E+002, 4.4569595E+000, 4.3877063E+000, 4.3122342E+000, 4.2266514E+000, 4.1860532E+000, 4.1448441E+000, 4.1021702E+000, 4.0636369E+000, 4.0325440E+000, 4.0304992E+000, 4.0848176E+000, 4.1966755E+000, 4.3340537E+000, 4.4881094E+000, 4.6053172E+000, 4.7720549E+000, 4.6467294E+000, 3.6617211E+000, 5.5373590E+000, 7.1370748E+000, 8.1152249E+000, 8.2968187E+000, 7.6616547E+000, 7.8909553E+004, 4.8767178E-001, 1.1953243E+001, 3.1002660E+001
 2.5500294E+002, 2.0000250E+001, 2.0000520E+001, 2.0003409E+001, 2.0026096E+001, 2.0056230E+001, 2.0104677E+001, 2.0174525E+001, 2.0273177E+001, 2.0429524E+001, 2.0713698E+001, 2.1299352E+001, 2.2390741E+001, 2.4292252E+001, 2.7147162E+001, 3.0918511E+001, 3.5624436E+001, 4.9914514E+001, 1.4078880E+002, 1.9455026E+002, 2.4131745E+002, 3.1403476E+002, 3.0778671E+002, 2.9131849E+002, 4.4707342E+000, 4.4078593E+000, 4.3347657E+000, 4.2570106E+000, 4.2176173E+000, 4.1781126E+000, 4.1386817E+000, 4.1021225E+000, 4.0716482E+000, 4.0662125E+000, 4.1207519E+000, 4.2276831E+000, 4.3745758E+000, 4.5400739E+000, 4.6253270E+000, 4.4388546E+000, 3.8303728E+000, 3.9680598E+000, 5.1274131E+000, 5.5725828E+000, 6.0794347E+000, 7.7234263E+000, 8.4749524E+000, 7.9836955E+004, 4.5108744E-001, 1.1365936E+001, 2.7564116E+001
 2.5600273E+002, 2.0000265E+001, 2.0000491E+001, 2.0003364E+001, 2.0026021E+001, 2.0056290E+001, 2.0103856E+001, 2.0170436E+001, 2.0265140E+001, 2.0420280E+001, 2.0695341E+001, 2.1265423E+001, 2.2347361E+001, 2.4178710E+001, 2.6938775E+001, 3.0557905E+001, 3.4890293E+001, 4.1826173E+001, 1.0867535E+002, 2.6639424E+002, 3.2658118E+002, 2.9826908E+002, 2.9973053E+002, 2.8428471E+002, 4.4830490E+000, 4.4277989E+000, 4.3568558E+000, 4.2847350E+000, 4.2470391E+000, 4.2096889E+000, 4.1743779E+000, 4.1383809E+000, 4.1088167E+000, 4.1042655E+000, 4.1582820E+000, 4.2676164E+000, 4.4219756E+000, 4.5900316E+000, 4.7456769E+000, 4.7859437E+000, 4.3187394E+000, 3.0460468E+000, 4.2408623E+000, 5.4422709E+000, 6.3881575E+000, 6.9081508E+000, 8.2566811E+000, 7.8651336E+004, 4.7322665E-001, 1.1245038E+001, 2.8595066E+001
 2.5700099E+002, 2.0000271E+001, 2.0000510E+001, 2.0003603E+001, 2.0027524E+001, 2.0058845E+001, 2.0107933E+001, 2.0175396E+001, 2.0269000E+001, 2.0425401E+001, 2.0716012E+001, 2.1312136E+001, 2.2426263E+001, 2.4263617E+001, 2.7012450E+001, 3.0592800E+001, 3.4947950E+001, 4.9242743E+001, 7.2918747E+001, 1.4105507E+002, 2.4889880E+002, 3.0622471E+002, 3.0313654E+002, 2.8453424E+002, 4.4629274E+000, 4.3965377E+000, 4.3221037E+000, 4.2398171E+000, 4.2001512E+000, 4.1605561E+000, 4.1187899E+000, 4.0798476E+000, 4.0486183E+000, 4.0437112E+000, 4.0973539E+000, 4.2117129E+000, 4.3631589E+000, 4.5141127E+000, 4.5854466E+000, 4.6020064E+000, 4.4832063E+000, 4.3962513E+000, 4.8354460E+000, 4.7525107E+000, 7.4326334E+000, 7.4263743E+000, 7.6075419E+000, 8.0835927E+004, 4.9636182E-001, 1.2082189E+001, 3.0190287E+001
 2.5800060E+002, 2.0000268E+001, 2.0000525E+001, 2.0003597E+001, 2.0028163E+001, 2.0060433E+001, 2.0110267E+001, 2.0177551E+001, 2.0271163E+001, 2.0428205E+001, 2.0722875E+001, 2.1335941E+001, 2.2498883E+001, 2.4419651E+001, 2.7211792E+001, 3.0719759E+001, 3.4871552E+001, 5.2601347E+001, 2.2769735E+002, 2.4799898E+002, 2.0007082E+002, 3.1946162E+002, 3.0413116E+002, 3.1595827E+002, 4.4395754E+000, 4.3621560E+000, 4.2827838E+000, 4.1903473E+000, 4.1483989E+000, 4.1064883E+000, 4.0568976E+000, 4.0179234E+000, 3.9845477E+000, 3.9783386E+000, 4.0326403E+000, 4.1547056E+000, 4.3182822E+000, 4.4951122E+000, 4.6185229E+000, 4.6200991E+000, 3.7067556E+000, 4.4267609E+000, 5.3554320E+000, 6.3170915E+000, 8.0672908E+000, 7.5841846E+000, 7.4686305E+000, 7.9998274E+004, 4.8965280E-001, 1.2332315E+001, 2.9394608E+001
 2.5900001E+002, 2.0000262E+001, 2.0000521E+001, 2.0003651E+001, 2.0028520E+001, 2.0061850E+001, 2.0114046E+001, 2.0184793E+001, 2.0281037E+001, 2.0438834E+001, 2.0732231E+001, 2.1355673E+001, 2.2530591E+001, 2.4525130E+001, 2.7426439E+001, 3.1070524E+001, 3.5101834E+001, 4.0295629E+001, 7.1224307E+001, 2.8540907E+002, 2.9922350E+002, 3.2038564E+002, 3.0588899E+002, 3.0818525E+002, 4.4797016E+000, 4.4216007E+000, 4.3500238E+000, 4.2758031E+000, 4.2375616E+000, 4.1990524E+000, 4.1614957E+000, 4.1248741E+000, 4.0959954E+000, 4.0935756E+000, 4.1544367E+000, 4.2732044E+000, 4.4231344E+000, 4.5794896E+000, 4.7141146E+000, 4.7854970E+000, 4.8359249E+000, 3.9059786E+000, 4.0629373E+000, 4.7890640E+000, 6.6461688E+000, 8.6165546E+000, 8.2672163E+000, 8.1233140E+004, 5.3181759E-001, 1.2682512E+001, 2.8424497E+001
 2.6000283E+002, 2.0000263E+001, 2.0000511E+001, 2.0003563E+001, 2.0027588E+001, 2.0059705E+001, 2.0110736E+001, 2.0183004E+001, 2.0285004E+001, 2.0450371E+001, 2.0746427E+001, 2.1354915E+001, 2.2517624E+001, 2.4494322E+001, 2.7436138E+001, 3.1252497E+001, 3.5772168E+001, 4.5550613E+001, 1.3034817E+002, 2.2746127E+002, 3.1234849E+002, 3.1968058E+002, 2.9891953E+002, 2.5552079E+002, 4.4883623E+000, 4.4347281E+000, 4.3656326E+000, 4.2966511E+000, 4.2589525E+000, 4.2214652E+000, 4.1887336E+000, 4.1535986E+000, 4.1256236E+000, 4.1259816E+000, 4.1902112E+000, 4.3037461E+000, 4.4443902E+000, 4.5891197E+000, 4.6704920E+000, 4.6965265E+000, 4.2175942E+000, 4.9387575E+000, 5.8399702E+000, 5.0671689E+000, 5.3123255E+000, 7.9874633E+000, 8.2208978E+000, 8.1404721E+004, 5.2010663E-001, 1.2511789E+001, 2.9674529E+001
 2.6100026E+002, 2.0000275E+001, 2.0000506E+001, 2.0003604E+001, 2.0027390E+001, 2.0058920E+001, 2.0109455E+001, 2.0181042E+001, 2.0282961E+001, 2.0452071E+001, 2.0762685E+001, 2.1386716E+001, 2.2570144E+001, 2.4568307E+001, 2.7561751E+001, 3.1408814E+001, 3.6174961E+001, 5.1571230E+001, 2.2148581E+002, 3.5270314E+002, 4.2379009E+002, 3.6678348E+002, 3.1160270E+002, 2.8868642E+002, 4.4385326E+000, 4.3603809E+000, 4.2804413E+000, 4.1865727E+000, 4.1437445E+000, 4.1015026E+000, 4.0523162E+000, 4.0127752E+000, 3.9805704E+000, 3.9766513E+000, 4.0311429E+000, 4.1496218E+000, 4.2964120E+000, 4.4477262E+000, 4.5249432E+000, 4.5608627E+000, 3.8778109E+000, 4.7669449E+000, 6.9519067E+000, 8.0817236E+000, 7.8351072E+000, 7.0016081E+000, 7.5372036E+000, 8.2315761E+004, 5.2570701E-001, 1.2815595E+001, 3.4352589E+001
 2.6200048E+002, 2.0000259E+001, 2.0000520E+001, 2.0003591E+001, 2.0027880E+001, 2.0059760E+001, 2.0109973E+001, 2.0180695E+001, 2.0281589E+001, 2.0448929E+001, 2.0755039E+001, 2.1387838E+001, 2.2576942E+001, 2.4609076E+001, 2.7630697E+001, 3.1573113E+001, 3.6770288E+001, 6.6406927E+001, 2.6947012E+002, 3.6612626E+002, 4.0143708E+002, 3.6828703E+002, 2.9681621E+002, 2.9354956E+002, 4.4702809E+000, 4.4080600E+000, 4.3358218E+000, 4.2572704E+000, 4.2188501E+000, 4.1802765E+000, 4.1420503E+000, 4.1059208E+000, 4.0779636E+000, 4.0753441E+000, 4.1371605E+000, 4.2565621E+000, 4.4019651E+000, 4.5450279E+000, 4.6212639E+000, 4.4596279E+000, 3.5878821E+000, 5.1114140E+000, 5.7513498E+000, 8.2527819E+000, 8.7591331E+000, 7.1871167E+000, 7.7948469E+000, 7.7697551E+004, 5.1632019E-001, 1.2498519E+001, 2.9389230E+001
 2.6300164E+002, 2.0000253E+001, 2.0000515E+001, 2.0003551E+001, 2.0027560E+001, 2.0059911E+001, 2.0111341E+001, 2.0182747E+001, 2.0281788E+001, 2.0443867E+001, 2.0739387E+001, 2.1352587E+001, 2.2527611E+001, 2.4537468E+001, 2.7511546E+001, 3.1333424E+001, 3.6259562E+001, 5.7409896E+001, 1.6664175E+002, 2.7876109E+002, 3.5081252E+002, 4.0444750E+002, 3.2560656E+002, 3.0479535E+002, 4.4848136E+000, 4.4300282E+000, 4.3596229E+000, 4.2891692E+000, 4.2515663E+000, 4.2137466E+000, 4.1795313E+000, 4.1448125E+000, 4.1173003E+000, 4.1179738E+000, 4.1784990E+000, 4.2903070E+000, 4.4280459E+000, 4.5772925E+000, 4.7093943E+000, 4.6738029E+000, 4.1718818E+000, 4.6021423E+000, 5.7242332E+000, 7.2218352E+000, 9.2517418E+000, 8.8800667E+000, 8.0259888E+000, 8.1721862E+004, 5.1561627E-001, 1.2424231E+001, 2.8560262E+001
 2.6400054E+002, 2.0000272E+001, 2.0000492E+001, 2.0003532E+001, 2.0027044E+001, 2.0058551E+001, 2.0108823E+001, 2.0179833E+001, 2.0279846E+001, 2.0443237E+001, 2.0742492E+001, 2.1350575E+001, 2.2505710E+001, 2.4468706E+001, 2.7437104E+001, 3.1293533E+001, 3.6039495E+001, 5.2855472E+001, 1.5960690E+002, 2.1761047E+002, 2.7991861E+002, 3.1953762E+002, 3.4069670E+002, 3.0180905E+002, 4.4676751E+000, 4.4040803E+000, 4.3304256E+000, 4.2510114E+000, 4.2108706E+000, 4.1718796E+000, 4.1319569E+000, 4.0957004E+000, 4.0663718E+000, 4.0641415E+000, 4.1224115E+000, 4.2333090E+000, 4.3777129E+000, 4.5286480E+000, 4.5424376E+000, 4.5534803E+000, 4.2434028E+000, 4.8193338E+000, 5.3263324E+000, 5.0093158E+000, 7.8504279E+000, 7.6129708E+000, 7.6525768E+000, 8.1564002E+004, 4.8613359E-001, 1.2139386E+001, 3.0410347E+001
 2.6500023E+002, 2.0000261E+001, 2.0000509E+001, 2.0003461E+001, 2.0026764E+001, 2.0057933E+001, 2.0108270E+001, 2.0180031E+001, 2.0279776E+001, 2.0437558E+001, 2.0722914E+001, 2.1321628E+001, 2.2466058E+001, 2.4416933E+001, 2.7338262E+001, 3.1105819E+001, 3.5887215E+001, 6.2751791E+001, 2.1610773E+002, 3.3247678E+002, 3.7522750E+002, 3.3264678E+002, 2.9428615E+002, 2.9707887E+002, 4.4502543E+000, 4.3773050E+000, 4.3004057E+000, 4.2119648E+000, 4.1710029E+000, 4.1299836E+000, 4.0846024E+000, 4.0460295E+000, 4.0163160E+000, 4.0134034E+000, 4.0669855E+000, 4.1795135E+000, 4.3172347E+000, 4.4630634E+000, 4.5898479E+000, 4.5476721E+000, 3.2519160E+000, 3.9192118E+000, 4.9652411E+000, 6.6116020E+000, 6.8987769E+000, 6.8572378E+000, 7.4059516E+000, 7.7234441E+004, 4.8022973E-001, 1.1614048E+001, 2.9734292E+001
 2.6600227E+002, 2.0000253E+001, 2.0000520E+001, 2.0003556E+001, 2.0027520E+001, 2.0059306E+001, 2.0109774E+001, 2.0180426E+001, 2.0279330E+001, 2.0438618E+001, 2.0725487E+001, 2.1313332E+001, 2.2449798E+001, 2.4420468E+001, 2.7334952E+001, 3.1115722E+001, 3.5703806E+001, 4.4207999E+001, 1.4413366E+002, 2.3229087E+002, 3.5842046E+002, 3.5992715E+002, 3.2526563E+002, 2.9293021E+002, 4.4755690E+000, 4.4169593E+000, 4.3456487E+000, 4.2697689E+000, 4.2316804E+000, 4.1934393E+000, 4.1560756E+000, 4.1208834E+000, 4.0934182E+000, 4.0923005E+000, 4.1498324E+000, 4.2665569E+000, 4.4156571E+000, 4.5571598E+000, 4.6595401E+000, 4.6438596E+000, 4.2475090E+000, 4.1596932E+000, 6.4080790E+000, 7.5873137E+000, 7.4809913E+000, 7.7893212E+000, 7.2216167E+000, 7.6405237E+004, 4.9957122E-001, 1.2043480E+001, 2.9799558E+001
 2.6700108E+002, 2.0000258E+001, 2.0000502E+001, 2.0003691E+001, 2.0028069E+001, 2.0059989E+001, 2.0109907E+001, 2.0179717E+001, 2.0277304E+001, 2.0435750E+001, 2.0720885E+001, 2.1326008E+001, 2.2467089E+001, 2.4380286E+001, 2.7235131E+001, 3.0926538E+001, 3.5303972E+001, 4.1920639E+001, 7.7125144E+001, 2.2723260E+002, 3.5372577E+002, 3.0858701E+002, 3.3532245E+002, 3.0441127E+002, 4.4858301E+000, 4.4310943E+000, 4.3620841E+000, 4.2924639E+000, 4.2548172E+000, 4.2179242E+000, 4.1840486E+000, 4.1502431E+000, 4.1230796E+000, 4.1221844E+000, 4.1861668E+000, 4.3030369E+000, 4.4539788E+000, 4.6204053E+000, 4.7605417E+000, 4.8324924E+000, 4.6075669E+000, 3.6732494E+000, 4.7156098E+000, 6.2161498E+000, 7.4614536E+000, 8.7017331E+000, 7.7247174E+000, 8.3709360E+004, 5.0160832E-001, 1.2359156E+001, 2.8381042E+001
 2.6800312E+002, 2.0000267E+001, 2.0000509E+001, 2.0003658E+001, 2.0028384E+001, 2.0060808E+001, 2.0111548E+001, 2.0182155E+001, 2.0280663E+001, 2.0440453E+001, 2.0732070E+001, 2.1329730E+001, 2.2483493E+001, 2.4442248E+001, 2.7369514E+001, 3.1052904E+001, 3.5291467E+001, 4.1827795E+001, 1.0253972E+002, 1.6004239E+002, 2.5424288E+002, 3.3914082E+002, 3.0808191E+002, 2.8439174E+002, 4.4577121E+000, 4.3892991E+000, 4.3148259E+000, 4.2316282E+000, 4.1917060E+000, 4.1521808E+000, 4.1102988E+000, 4.0733101E+000, 4.0436643E+000, 4.0405251E+000, 4.0988694E+000, 4.2217737E+000, 4.3805521E+000, 4.5605717E+000, 4.7088714E+000, 4.8365483E+000, 4.5976273E+000, 4.1972658E+000, 4.0334334E+000, 5.7014040E+000, 7.8202270E+000, 8.1450965E+000, 7.3668913E+000, 8.0829341E+004, 4.9226635E-001, 1.2050830E+001, 3.0688284E+001
 2.6900125E+002, 2.0000261E+001, 2.0000503E+001, 2.0003376E+001, 2.0026646E+001, 2.0058525E+001, 2.0110256E+001, 2.0182369E+001, 2.0280152E+001, 2.0434552E+001, 2.0718658E+001, 2.1311451E+001, 2.2439659E+001, 2.4398048E+001, 2.7329189E+001, 3.1071455E+001, 3.5392226E+001, 4.2705708E+001, 6.2778410E+001, 2.7284746E+002, 2.7748445E+002, 2.9869848E+002, 3.0899458E+002, 2.7933497E+002, 4.4706910E+000, 4.4083408E+000, 4.3363287E+000, 4.2590132E+000, 4.2212187E+000, 4.1828473E+000, 4.1441717E+000, 4.1074004E+000, 4.0773596E+000, 4.0744576E+000, 4.1313715E+000, 4.2416733E+000, 4.3859911E+000, 4.5413899E+000, 4.6777121E+000, 4.7020738E+000, 4.6372310E+000, 3.9528741E+000, 4.1272564E+000, 4.5704287E+000, 6.5965412E+000, 6.5296388E+000, 7.9935525E+000, 7.7515515E+004, 4.6791576E-001, 1.1559158E+001, 2.8819104E+001
 2.7000196E+002, 2.0000247E+001, 2.0000508E+001, 2.0003400E+001, 2.0026424E+001, 2.0057108E+001, 2.0105972E+001, 2.0175442E+001, 2.0272549E+001, 2.0424698E+001, 2.0697953E+001, 2.1266285E+001, 2.2359307E+001, 2.4246579E+001, 2.7091899E+001, 3.0876641E+001, 3.5226735E+001, 4.2338264E+001, 1.5066323E+002, 1.9218702E+002, 2.2506177E+002, 2.8052127E+002, 2.9349186E+002, 2.8312249E+002, 4.4684257E+000, 4.4052971E+000, 4.3324362E+000, 4.2556364E+000, 4.2172153E+000, 4.1791084E+000, 4.1398607E+000, 4.1034401E+000, 4.0734786E+000, 4.0710685E+000, 4.1288365E+000, 4.2401815E+000, 4.3725057E+000, 4.5078709E+000, 4.6087901E+000, 4.6130288E+000, 4.3725802E+000, 3.2438578E+000, 4.0403515E+000, 5.5405312E+000, 4.6356119E+000, 7.0727330E+000, 6.5563113E+000, 7.8937790E+004, 4.3654680E-001, 1.1079962E+001, 2.7599384E+001
 2.7100013E+002, 2.0000266E+001, 2.0000486E+001, 2.0003577E+001, 2.0027748E+001, 2.0058736E+001, 2.0104871E+001, 2.0167074E+001, 2.0256117E+001, 2.0405314E+001, 2.0678440E+001, 2.1242902E+001, 2.2293570E+001, 2.4059584E+001, 2.6731304E+001, 3.0344423E+001, 3.4774120E+001, 4.0456110E+001, 5.0695455E+001, 2.6660612E+002, 2.7930662E+002, 3.1079013E+002, 2.8344009E+002, 2.8141391E+002, 4.4789319E+000, 4.4215813E+000, 4.3505479E+000, 4.2777380E+000, 4.2399705E+000, 4.2025015E+000, 4.1661640E+000, 4.1305198E+000, 4.1020693E+000, 4.0983359E+000, 4.1522993E+000, 4.2537515E+000, 4.3830222E+000, 4.5033791E+000, 4.5746599E+000, 4.5917803E+000, 4.4043840E+000, 4.0717334E+000, 4.1809867E+000, 4.5639339E+000, 6.4777499E+000, 5.6154898E+000, 6.1764972E+000, 7.2962124E+004, 4.0942491E-001, 1.0248770E+001, 2.7376522E+001
 2.7200044E+002, 2.0000263E+001, 2.0000502E+001, 2.0003454E+001, 2.0027509E+001, 2.0059495E+001, 2.0107884E+001, 2.0169502E+001, 2.0250323E+001, 2.0387561E+001, 2.0653456E+001, 2.1221348E+001, 2.2284385E+001, 2.4037775E+001, 2.6631792E+001, 3.0022745E+001, 3.4409211E+001, 4.1886995E+001, 8.7153123E+001, 2.0533559E+002, 3.2035016E+002, 3.3132258E+002, 3.1369702E+002, 2.7779079E+002, 4.4691805E+000, 4.4059888E+000, 4.3345547E+000, 4.2567916E+000, 4.2185046E+000, 4.1801346E+000, 4.1413372E+000, 4.1051207E+000, 4.0775799E+000, 4.0758154E+000, 4.1313352E+000, 4.2402084E+000, 4.3808485E+000, 4.5176371E+000, 4.6220606E+000, 4.7026900E+000, 4.4292790E+000, 3.9547644E+000, 6.2687179E+000, 6.1835456E+000, 8.2953261E+000, 8.2535067E+000, 7.1100318E+000, 8.2938202E+004, 4.1793566E-001, 1.0547683E+001, 3.0659034E+001
 2.7300275E+002, 2.0000261E+001, 2.0000505E+001, 2.0003404E+001, 2.0027020E+001, 2.0058878E+001, 2.0108520E+001, 2.0173730E+001, 2.0258539E+001, 2.0395166E+001, 2.0657221E+001, 2.1220041E+001, 2.2297511E+001, 2.4064753E+001, 2.6667066E+001, 2.9967416E+001, 3.4135549E+001, 4.1222520E+001, 7.0767052E+001, 1.9463702E+002, 2.6092249E+002, 3.2080797E+002, 3.0312847E+002, 2.9263557E+002, 4.4566179E+000, 4.3882535E+000, 4.3134729E+000, 4.2300532E+000, 4.1903697E+000, 4.1508924E+000, 4.1081543E+000, 4.0721390E+000, 4.0422764E+000, 4.0398866E+000, 4.0930351E+000, 4.2016783E+000, 4.3528129E+000, 4.5284581E+000, 4.6946183E+000, 4.7521826E+000, 4.5209519E+000, 3.5569704E+000, 5.6571074E+000, 6.5398745E+000, 7.1421709E+000, 9.3027199E+000, 7.9986370E+000, 7.9445110E+004, 4.1602367E-001, 1.0606596E+001, 2.7190167E+001
 2.7400252E+002, 2.0000260E+001, 2.0000497E+001, 2.0003344E+001, 2.0026174E+001, 2.0057465E+001, 2.0107191E+001, 2.0173867E+001, 2.0261220E+001, 2.0401201E+001, 2.0662249E+001, 2.1213887E+001, 2.2266103E+001, 2.4068467E+001, 2.6717330E+001, 3.0121979E+001, 3.3933890E+001, 3.8855551E+001, 5.6304615E+001, 1.0663333E+002, 2.3041704E+002, 3.1559939E+002, 2.8192744E+002, 2.7595827E+002, 4.4600836E+000, 4.3939381E+000, 4.3193289E+000, 4.2386093E+000, 4.1990224E+000, 4.1596867E+000, 4.1193352E+000, 4.0839112E+000, 4.0548098E+000, 4.0516644E+000, 4.1071918E+000, 4.2156819E+000, 4.3540845E+000, 4.4941353E+000, 4.6371849E+000, 4.8200544E+000, 4.8471666E+000, 4.2642705E+000, 4.2167199E+000, 5.6323286E+000, 8.2097075E+000, 7.4431736E+000, 8.0801699E+000, 8.1159195E+004, 4.4399265E-001, 1.0757611E+001, 2.8194341E+001
 2.7500273E+002, 2.0000266E+001, 2.0000507E+001, 2.0003435E+001, 2.0026371E+001, 2.0056960E+001, 2.0105252E+001, 2.0171993E+001, 2.0263941E+001, 2.0414028E+001, 2.0686592E+001, 2.1264393E+001, 2.2348627E+001, 2.4131449E+001, 2.6777194E+001, 3.0271754E+001, 3.4710844E+001, 5.0325800E+001, 9.6032399E+001, 1.0626663E+002, 1.4316111E+002, 2.6324299E+002, 2.8066277E+002, 2.7338938E+002, 4.4855425E+000, 4.4319075E+000, 4.3632013E+000, 4.2931055E+000, 4.2562921E+000, 4.2199455E+000, 4.1871484E+000, 4.1533716E+000, 4.1276010E+000, 4.1283173E+000, 4.1882183E+000, 4.3028983E+000, 4.4445793E+000, 4.5733783E+000, 4.6465079E+000, 4.5913445E+000, 4.0625608E+000, 4.8336889E+000, 4.2906590E+000, 4.6312950E+000, 7.8639205E+000, 7.8643524E+000, 8.0502757E+000, 8.0094373E+004, 4.7444031E-001, 1.1518423E+001, 2.8385066E+001
 2.7600235E+002, 2.0000270E+001, 2.0000514E+001, 2.0003632E+001, 2.0027523E+001, 2.0058492E+001, 2.0106277E+001, 2.0171052E+001, 2.0261833E+001, 2.0417882E+001, 2.0709825E+001, 2.1311765E+001, 2.2449418E+001, 2.4293953E+001, 2.7006256E+001, 3.0429919E+001, 3.4697546E+001, 4.3817375E+001, 1.1345451E+002, 2.1093206E+002, 2.0486191E+002, 2.9135515E+002, 2.6614625E+002, 2.9177986E+002, 4.4457741E+000, 4.3704675E+000, 4.2928466E+000, 4.2044747E+000, 4.1632596E+000, 4.1225253E+000, 4.0760344E+000, 4.0387120E+000, 4.0100060E+000, 4.0105160E+000, 4.0718199E+000, 4.1976652E+000, 4.3576854E+000, 4.5249888E+000, 4.6036785E+000, 4.5962277E+000, 4.0827602E+000, 3.2027748E+000, 6.1196557E+000, 6.1007187E+000, 5.7004475E+000, 7.7884245E+000, 7.0692893E+000, 7.8757740E+004, 4.8230132E-001, 1.2200990E+001, 2.8068655E+001
 2.7700158E+002, 2.0000275E+001, 2.0000526E+001, 2.0003677E+001, 2.0028527E+001, 2.0061275E+001, 2.0111822E+001, 2.0178822E+001, 2.0269540E+001, 2.0423913E+001, 2.0721816E+001, 2.1344595E+001, 2.2532231E+001, 2.4485567E+001, 2.7292103E+001, 3.0795322E+001, 3.4820661E+001, 4.2331647E+001, 1.3106907E+002, 2.2949258E+002, 2.7629590E+002, 3.0909350E+002, 2.8602525E+002, 2.5778419E+002, 4.4590712E+000, 4.3910498E+000, 4.3160061E+000, 4.2325517E+000, 4.1934182E+000, 4.1545885E+000, 4.1128815E+000, 4.0769396E+000, 4.0488809E+000, 4.0490209E+000, 4.1116274E+000, 4.2387236E+000, 4.3996363E+000, 4.5715331E+000, 4.7014257E+000, 4.7035151E+000, 4.2500081E+000, 4.6986200E+000, 4.3565703E+000, 5.9926439E+000, 7.2220909E+000, 7.4669588E+000, 8.3659820E+000, 8.2955512E+004, 5.0727622E-001, 1.2481108E+001, 2.9405917E+001
 2.7800190E+002, 2.0000257E+001, 2.0000521E+001, 2.0003521E+001, 2.0027353E+001, 2.0059009E+001, 2.0108645E+001, 2.0176912E+001, 2.0271327E+001, 2.0427215E+001, 2.0719045E+001, 2.1328554E+001, 2.2474373E+001, 2.4437417E+001, 2.7317184E+001, 3.0938398E+001, 3.4963372E+001, 4.0250231E+001, 1.0789319E+002, 2.8439145E+002, 3.0129757E+002, 3.5603918E+002, 3.1085171E+002, 2.6819809E+002, 4.4912678E+000, 4.4389931E+000, 4.3708466E+000, 4.3034427E+000, 4.2677263E+000, 4.2324568E+000, 4.2015861E+000, 4.1685821E+000, 4.1428968E+000, 4.1438959E+000, 4.2093536E+000, 4.3240000E+000, 4.4656779E+000, 4.6218593E+000, 4.7824994E+000, 4.9405081E+000, 4.9508418E+000, 4.6638490E+000, 4.5279720E+000, 5.2613637E+000, 8.5811089E+000, 8.3757354E+000, 7.5882844E+000, 8.3909663E+004, 4.8938687E-001, 1.1950436E+001, 2.9127206E+001
 2.7900243E+002, 2.0000267E+001, 2.0000499E+001, 2.0003429E+001, 2.0026408E+001, 2.0057131E+001, 2.0105188E+001, 2.0170587E+001, 2.0261801E+001, 2.0417590E+001, 2.0706563E+001, 2.1303727E+001, 2.2418762E+001, 2.4277326E+001, 2.7083262E+001, 3.0807159E+001, 3.5641791E+001, 4.8831688E+001, 1.4124694E+002, 1.3612889E+002, 2.9573302E+002, 3.4152526E+002, 3.1864145E+002, 3.1247112E+002, 4.4689322E+000, 4.4064749E+000, 4.3334628E+000, 4.2563022E+000, 4.2172665E+000, 4.1793678E+000, 4.1427162E+000, 4.1082356E+000, 4.0808659E+000, 4.0827114E+000, 4.1477287E+000, 4.2603310E+000, 4.3873520E+000, 4.4949342E+000, 4.5453492E+000, 4.5621131E+000, 4.1582178E+000, 4.5366756E+000, 4.3570015E+000, 4.8813072E+000, 6.6269856E+000, 7.8057686E+000, 7.8472230E+000, 7.5123621E+004, 4.5221981E-001, 1.1313073E+001, 2.8933792E+001
 2.8000199E+002, 2.0000270E+001, 2.0000502E+001, 2.0003599E+001, 2.0027292E+001, 2.0058217E+001, 2.0105955E+001, 2.0170874E+001, 2.0261886E+001, 2.0417437E+001, 2.0712748E+001, 2.1325220E+001, 2.2488090E+001, 2.4384763E+001, 2.7133129E+001, 3.0618787E+001, 3.5488076E+001, 6.7917519E+001, 1.9032723E+002, 2.9583804E+002, 3.3711847E+002, 3.4692780E+002, 3.2313454E+002, 2.9699562E+002, 4.4358860E+000, 4.3561761E+000, 4.2759479E+000, 4.1819742E+000, 4.1398110E+000, 4.0981976E+000, 4.0489758E+000, 4.0116454E+000, 3.9827201E+000, 3.9836905E+000, 4.0447292E+000, 4.1717666E+000, 4.3218608E+000, 4.4619616E+000, 4.4960663E+000, 4.2536675E+000, 3.6095670E+000, 4.8199469E+000, 7.4110159E+000, 7.9623630E+000, 8.6098122E+000, 7.9298752E+000, 7.6543540E+000, 8.0137246E+004, 5.0609667E-001, 1.2294860E+001, 2.8859281E+001
 2.8100320E+002, 2.0000257E+001, 2.0000537E+001, 2.0003806E+001, 2.0029040E+001, 2.0061287E+001, 2.0110450E+001, 2.0177206E+001, 2.0271508E+001, 2.0435181E+001, 2.0740896E+001, 2.1380500E+001, 2.2564213E+001, 2.4545699E+001, 2.7403695E+001, 3.1075402E+001, 3.5470400E+001, 4.6955771E+001, 1.5173874E+002, 3.1269097E+002, 2.9025962E+002, 3.2968708E+002, 3.1894006E+002, 2.8539190E+002, 4.4943636E+000, 4.4440694E+000, 4.3775000E+000, 4.3117246E+000, 4.2765924E+000, 4.2412537E+000, 4.2107462E+000, 4.1791447E+000, 4.1574776E+000, 4.1646730E+000, 4.2402806E+000, 4.3702057E+000, 4.5270877E+000, 4.6826168E+000, 4.7859021E+000, 4.7132132E+000, 4.0410683E+000, 4.3820756E+000, 6.6056213E+000, 8.6434645E+000, 8.6114973E+000, 9.0296050E+000, 8.3443533E+000, 8.3999797E+004, 5.4561883E-001, 1.3165943E+001, 3.1428290E+001
 2.8200169E+002, 2.0000260E+001, 2.0000519E+001, 2.0003763E+001, 2.0028718E+001, 2.0061577E+001, 2.0112963E+001, 2.0182840E+001, 2.0278237E+001, 2.0438570E+001, 2.0745440E+001, 2.1385454E+001, 2.2598968E+001, 2.4599966E+001, 2.7466707E+001, 3.1117592E+001, 3.5603514E+001, 4.3008713E+001, 6.8781865E+001, 1.4743688E+002, 2.7605728E+002, 3.2037861E+002, 3.1064185E+002, 2.9597325E+002, 4.4503175E+000, 4.3791721E+000, 4.3020800E+000, 4.2172656E+000, 4.1764272E+000, 4.1360440E+000, 4.0938393E+000, 4.0580662E+000, 4.0319504E+000, 4.0362884E+000, 4.1038915E+000, 4.2319442E+000, 4.3856358E+000, 4.5579432E+000, 4.6874135E+000, 4.7600963E+000, 4.5243541E+000, 3.8736341E+000, 3.8454302E+000, 5.5830892E+000, 8.1293649E+000, 8.2141385E+000, 8.6667998E+000, 8.0736555E+004, 5.2899673E-001, 1.3043213E+001, 2.9836562E+001
 2.8300284E+002, 2.0000288E+001, 2.0000518E+001, 2.0003887E+001, 2.0029834E+001, 2.0064213E+001, 2.0117823E+001, 2.0190286E+001, 2.0289759E+001, 2.0458254E+001, 2.0778171E+001, 2.1439104E+001, 2.2707306E+001, 2.4789514E+001, 2.7786366E+001, 3.1548215E+001, 3.7033619E+001, 1.4661507E+002, 1.0418341E+002, 1.9217006E+002, 2.5402394E+002, 3.2493814E+002, 3.3751423E+002, 2.9742824E+002, 4.4286697E+000, 4.3466192E+000, 4.2651650E+000, 4.1686039E+000, 4.1248531E+000, 4.0834234E+000, 4.0348336E+000, 3.9982281E+000, 3.9683522E+000, 3.9692282E+000, 4.0286362E+000, 4.1523134E+000, 4.3019705E+000, 4.4508612E+000, 4.5139583E+000, 4.3646755E+000, 3.9528211E+000, 3.5143790E+000, 4.3665524E+000, 5.3336257E+000, 7.4523733E+000, 7.6054011E+000, 8.2769945E+000, 8.0877743E+004, 5.3968072E-001, 1.3484445E+001, 3.2507359E+001
 2.8400302E+002, 2.0000254E+001, 2.0000553E+001, 2.0003912E+001, 2.0030001E+001, 2.0063867E+001, 2.0116563E+001, 2.0188464E+001, 2.0285728E+001, 2.0449407E+001, 2.0767343E+001, 2.1448533E+001, 2.2717728E+001, 2.4811993E+001, 2.7773875E+001, 3.1539465E+001, 3.7707077E+001, 1.2126217E+002, 1.6218637E+002, 3.1985564E+002, 3.6756847E+002, 3.1362946E+002, 3.0577205E+002, 3.0380724E+002, 4.4982602E+000, 4.4476146E+000, 4.3820946E+000, 4.3166138E+000, 4.2825343E+000, 4.2482643E+000, 4.2187222E+000, 4.1882874E+000, 4.1659431E+000, 4.1710467E+000, 4.2420260E+000, 4.3550807E+000, 4.4960536E+000, 4.6482914E+000, 4.7654595E+000, 4.5259022E+000, 4.0734805E+000, 4.8664446E+000, 4.6214868E+000, 6.1268917E+000, 7.8587945E+000, 7.3815245E+000, 7.6990513E+000, 8.3098814E+004, 5.2907754E-001, 1.3872686E+001, 2.7266035E+001
 2.8500316E+002, 2.0000266E+001, 2.0000526E+001, 2.0003864E+001, 2.0029545E+001, 2.0063079E+001, 2.0114677E+001, 2.0183734E+001, 2.0278875E+001, 2.0442749E+001, 2.0755477E+001, 2.1406102E+001, 2.2661256E+001, 2.4762309E+001, 2.7852451E+001, 3.1950610E+001, 4.0218598E+001, 2.2001799E+002, 3.6987057E+002, 3.6540901E+002, 3.3831537E+002, 3.4241977E+002, 2.9362650E+002, 2.8595243E+002, 4.4733072E+000, 4.4130493E+000, 4.3395939E+000, 4.2650521E+000, 4.2266179E+000, 4.1894173E+000, 4.1534774E+000, 4.1196264E+000, 4.0945392E+000, 4.0972365E+000, 4.1577617E+000, 4.2710729E+000, 4.3937613E+000, 4.5050939E+000, 4.4072706E+000, 4.2281959E+000, 3.5894199E+000, 5.1650307E+000, 5.9481404E+000, 5.6394522E+000, 8.4826039E+000, 8.3373040E+000, 7.3605417E+000, 7.8522400E+004, 4.7017485E-001, 1.2692285E+001, 3.6853445E+001
 2.8600124E+002, 2.0000283E+001, 2.0000494E+001, 2.0003582E+001, 2.0027562E+001, 2.0059420E+001, 2.0108997E+001, 2.0175976E+001, 2.0268332E+001, 2.0424603E+001, 2.0726880E+001, 2.1357936E+001, 2.2555158E+001, 2.4553972E+001, 2.7568972E+001, 3.1650890E+001, 3.8552388E+001, 8.2890009E+001, 1.9190672E+002, 3.5440849E+002, 3.9930216E+002, 3.1989445E+002, 3.0072481E+002, 2.9795179E+002, 4.4301233E+000, 4.3472667E+000, 4.2646730E+000, 4.1691733E+000, 4.1262481E+000, 4.0845766E+000, 4.0360775E+000, 3.9984897E+000, 3.9681632E+000, 3.9666433E+000, 4.0208367E+000, 4.1361546E+000, 4.2639069E+000, 4.3360518E+000, 4.2810897E+000, 4.4068067E+000, 4.4277758E+000, 4.1452315E+000, 4.4070707E+000, 5.1200453E+000, 7.1027843E+000, 7.2893465E+000, 8.2851304E+000, 7.5573041E+004, 4.6115528E-001, 1.1961599E+001, 3.0477396E+001
 2.8700227E+002, 2.0000242E+001, 2.0000547E+001, 2.0003744E+001, 2.0028936E+001, 2.0061605E+001, 2.0111529E+001, 2.0178248E+001, 2.0268312E+001, 2.0421750E+001, 2.0723122E+001, 2.1367595E+001, 2.2576405E+001, 2.4593542E+001, 2.7485383E+001, 3.1402956E+001, 7.3333159E+001, 1.5204557E+002, 1.7147323E+002, 2.3824237E+002, 3.7762385E+002, 4.1765119E+002, 3.3457379E+002, 2.7238473E+002, 4.4815820E+000, 4.4235994E+000, 4.3539606E+000, 4.2801443E+000, 4.2444206E+000, 4.2084876E+000, 4.1741445E+000, 4.1414256E+000, 4.1162778E+000, 4.1179655E+000, 4.1870960E+000, 4.3135684E+000, 4.4683554E+000, 4.6039597E+000, 4.5245378E+000, 3.4692085E+000, 4.6396451E+000, 5.0578474E+000, 5.2328762E+000, 7.7983436E+000, 6.9927696E+000, 9.2177631E+000, 7.7461071E+000, 8.3011711E+004, 5.1317719E-001, 1.3056619E+001, 2.7393946E+001
 2.8800034E+002, 2.0000257E+001, 2.0000508E+001, 2.0003864E+001, 2.0029147E+001, 2.0062597E+001, 2.0116051E+001, 2.0189351E+001, 2.0286931E+001, 2.0447348E+001, 2.0750236E+001, 2.1395884E+001, 2.2648623E+001, 2.4749708E+001, 2.7761765E+001, 3.1549496E+001, 4.0973095E+001, 1.3353408E+002, 3.1768028E+002, 3.2418493E+002, 3.8145832E+002, 3.5858419E+002, 3.3711833E+002, 2.8943357E+002, 4.4691315E+000, 4.4079854E+000, 4.3339969E+000, 4.2578748E+000, 4.2191803E+000, 4.1814481E+000, 4.1437513E+000, 4.1095053E+000, 4.0838539E+000, 4.0855358E+000, 4.1516371E+000, 4.2740389E+000, 4.4176092E+000, 4.5320237E+000, 4.5567298E+000, 4.3615723E+000, 4.0891246E+000, 4.8223326E+000, 6.0583112E+000, 5.9519444E+000, 8.1184251E+000, 7.2802670E+000, 8.5440862E+000, 8.2102103E+004, 5.2927782E-001, 1.3250880E+001, 3.0385469E+001
 2.8900003E+002, 2.0000285E+001, 2.0000499E+001, 2.0003685E+001, 2.0028627E+001, 2.0061838E+001, 2.0113365E+001, 2.0183496E+001, 2.0281627E+001, 2.0447679E+001, 2.0763148E+001, 2.1405986E+001, 2.2626258E+001, 2.4647686E+001, 2.7668648E+001, 3.1785246E+001, 4.0252100E+001, 1.0203675E+002, 3.1311992E+002, 3.4984888E+002, 3.2371145E+002, 3.7317533E+002, 3.0670715E+002, 2.9631192E+002, 4.4401796E+000, 4.3644818E+000, 4.2865469E+000, 4.1953962E+000, 4.1527618E+000, 4.1119056E+000, 4.0664008E+000, 4.0286187E+000, 3.9980050E+000, 3.9979056E+000, 4.0543158E+000, 4.1675248E+000, 4.2952970E+000, 4.3832592E+000, 4.3398339E+000, 4.0560835E+000, 3.9349176E+000, 4.4311225E+000, 4.9562085E+000, 5.6689790E+000, 6.5173790E+000, 7.9885150E+000, 8.5312325E+000, 7.7834380E+004, 4.9459269E-001, 1.2410823E+001, 3.1604662E+001
 2.9000280E+002, 2.0000262E+001, 2.0000527E+001, 2.0003543E+001, 2.0027241E+001, 2.0059020E+001, 2.0110592E+001, 2.0183213E+001, 2.0281539E+001, 2.0440526E+001, 2.0742538E+001, 2.1377253E+001, 2.2572467E+001, 2.4613131E+001, 2.7625707E+001, 3.1669529E+001, 4.2176680E+001, 1.5529302E+002, 2.1040356E+002, 2.8723350E+002, 3.3037395E+002, 3.4044796E+002, 3.2807513E+002, 3.0362090E+002, 4.4903481E+000, 4.4364859E+000, 4.3696969E+000, 4.3001711E+000, 4.2645695E+000, 4.2282272E+000, 4.1942656E+000, 4.1603182E+000, 4.1344650E+000, 4.1364789E+000, 4.1994025E+000, 4.3021362E+000, 4.4142980E+000, 4.5024944E+000, 4.4980638E+000, 3.8612338E+000, 2.9282450E+000, 4.2333076E+000, 4.2991658E+000, 6.5985684E+000, 7.9021727E+000, 7.9377763E+000, 8.0295451E+000, 8.1379268E+004, 5.0695932E-001, 1.2316509E+001, 3.1171599E+001
 2.9100340E+002, 2.0000250E+001, 2.0000517E+001, 2.0003428E+001, 2.0026053E+001, 2.0056490E+001, 2.0105928E+001, 2.0176942E+001, 2.0277088E+001, 2.0438721E+001, 2.0728705E+001, 2.1327432E+001, 2.2498074E+001, 2.4505674E+001, 2.7530010E+001, 3.1602953E+001, 3.8014658E+001, 1.0558131E+002, 1.5133424E+002, 2.7984949E+002, 3.0659080E+002, 3.4472232E+002, 3.4878570E+002, 3.2264377E+002, 4.4741104E+000, 4.4142718E+000, 4.3428077E+000, 4.2688642E+000, 4.2307017E+000, 4.1925817E+000, 4.1551818E+000, 4.1201164E+000, 4.0938678E+000, 4.0937783E+000, 4.1490317E+000, 4.2515730E+000, 4.3647789E+000, 4.4598580E+000, 4.5019372E+000, 4.3472132E+000, 3.6044850E+000, 5.0473956E+000, 6.0854488E+000, 5.6476287E+000, 6.5581839E+000, 8.3744383E+000, 8.5871352E+000, 7.9243032E+004, 4.8185682E-001, 1.1917393E+001, 3.1209198E+001
 2.9200040E+002, 2.0000274E+001, 2.0000473E+001, 2.0003386E+001, 2.0025797E+001, 2.0055942E+001, 2.0104682E+001, 2.0175525E+001, 2.0276926E+001, 2.0436705E+001, 2.0722887E+001, 2.1310136E+001, 2.2445888E+001, 2.4440378E+001, 2.7522685E+001, 3.1556952E+001, 3.6757926E+001, 5.2343884E+001, 1.2604251E+002, 2.6798801E+002, 2.9499548E+002, 3.2123027E+002, 3.2292652E+002, 3.2782797E+002, 4.4664441E+000, 4.4031477E+000, 4.3299913E+000, 4.2523414E+000, 4.2130321E+000, 4.1745798E+000, 4.1367418E+000, 4.1020548E+000, 4.0739748E+000, 4.0715959E+000, 4.1206753E+000, 4.2124409E+000, 4.3289676E+000, 4.4522469E+000, 4.4992456E+000, 4.3915226E+000, 4.1193596E+000, 3.4395920E+000, 4.5501926E+000, 5.3607473E+000, 7.2370625E+000, 7.5708652E+000, 7.8405469E+000, 7.7554841E+004, 4.8332534E-001, 1.1416805E+001, 3.0700672E+001
 2.9300143E+002, 2.0000248E+001, 2.0000516E+001, 2.0003435E+001, 2.0026531E+001, 2.0056526E+001, 2.0103790E+001, 2.0172481E+001, 2.0272891E+001, 2.0433653E+001, 2.0716024E+001, 2.1283833E+001, 2.2362586E+001, 2.4286535E+001, 2.7273904E+001, 3.1302918E+001, 3.6369417E+001, 4.7671588E+001, 1.2377427E+002, 2.9709107E+002, 3.0741805E+002, 3.2672682E+002, 3.2643037E+002, 3.0532226E+002, 4.4722582E+000, 4.4102817E+000, 4.3399234E+000, 4.2624702E+000, 4.2244741E+000, 4.1863637E+000, 4.1477280E+000, 4.1130613E+000, 4.0859572E+000, 4.0803984E+000, 4.1268686E+000, 4.2162800E+000, 4.3325069E+000, 4.4768319E+000, 4.5910817E+000, 4.6074177E+000, 4.2278575E+000, 3.7034156E+000, 5.0247073E+000, 7.6151584E+000, 7.9443630E+000, 8.1656224E+000, 7.4807395E+000, 8.0746302E+004, 4.6428771E-001, 1.0698071E+001, 3.2459024E+001
 2.9400007E+002, 2.0000257E+001, 2.0000492E+001, 2.0003380E+001, 2.0026188E+001, 2.0056493E+001, 2.0104489E+001, 2.0171362E+001, 2.0264971E+001, 2.0417571E+001, 2.0693917E+001, 2.1252049E+001, 2.2302259E+001, 2.4135826E+001, 2.6956155E+001, 3.0849247E+001, 3.5833040E+001, 4.3095950E+001, 1.1000169E+002, 1.9326129E+002, 2.8541950E+002, 3.3388250E+002, 3.2162304E+002, 3.2299557E+002, 4.4681361E+000, 4.4066647E+000, 4.3338981E+000, 4.2570011E+000, 4.2190126E+000, 4.1815296E+000, 4.1426633E+000, 4.1067892E+000, 4.0779460E+000, 4.0736811E+000, 4.1203189E+000, 4.2161769E+000, 4.3491107E+000, 4.5036823E+000, 4.5860135E+000, 4.5644716E+000, 4.3948035E+000, 4.0559974E+000, 4.2875807E+000, 7.4740011E+000, 7.4284010E+000, 8.5303144E+000, 7.9335407E+000, 7.8213117E+004, 4.4882358E-001, 1.0454181E+001, 3.1205843E+001
 2.9500102E+002, 2.0000263E+001, 2.0000485E+001, 2.0003365E+001, 2.0026176E+001, 2.0056743E+001, 2.0104640E+001, 2.0171194E+001, 2.0265023E+001, 2.0415962E+001, 2.0682885E+001, 2.1238740E+001, 2.2302353E+001, 2.4115200E+001, 2.6940622E+001, 3.0720697E+001, 3.5399720E+001, 4.4365698E+001, 8.6580093E+001, 1.6729254E+002, 2.3514071E+002, 2.6400759E+002, 2.9390314E+002, 3.0548880E+002, 4.4781403E+000, 4.4205767E+000, 4.3507051E+000, 4.2786328E+000, 4.2418923E+000, 4.2055998E+000, 4.1712110E+000, 4.1365259E+000, 4.1061936E+000, 4.0995721E+000, 4.1513892E+000, 4.2513440E+000, 4.3914611E+000, 4.5528923E+000, 4.7024460E+000, 4.8044742E+000, 4.4108356E+000, 3.6798111E+000, 3.6202450E+000, 5.6203927E+000, 7.4218295E+000, 8.4181662E+000, 8.5451711E+000, 8.0360132E+004, 4.3963178E-001, 1.0383337E+001, 3.1763006E+001
 2.9600022E+002, 2.0000262E+001, 2.0000505E+001, 2.0003513E+001, 2.0027100E+001, 2.0057429E+001, 2.0104355E+001, 2.0169256E+001, 2.0260317E+001, 2.0410781E+001, 2.0684619E+001, 2.1245198E+001, 2.2290367E+001, 2.4075714E+001, 2.6839083E+001, 3.0543132E+001, 3.4865780E+001, 4.0263905E+001, 7.9290785E+001, 3.0589680E+002, 3.3978247E+002, 3.3465003E+002, 2.7433040E+002, 2.5904227E+002, 4.4790532E+000, 4.4209922E+000, 4.3516251E+000, 4.2793363E+000, 4.2429902E+000, 4.2066797E+000, 4.1719056E+000, 4.1375892E+000, 4.1079589E+000, 4.1015021E+000, 4.1548220E+000, 4.2699670E+000, 4.4196200E+000, 4.5628102E+000, 4.6514115E+000, 4.7519847E+000, 4.7762803E+000, 3.7813364E+000, 4.6247174E+000, 7.2823338E+000, 8.8939989E+000, 8.6764617E+000, 8.5479927E+000, 7.9429939E+004, 4.6842674E-001, 1.1178106E+001, 2.9617600E+001
 2.9700325E+002, 2.0000264E+001, 2.0000518E+001, 2.0003669E+001, 2.0028683E+001, 2.0061937E+001, 2.0113313E+001, 2.0180936E+001, 2.0272936E+001, 2.0426683E+001, 2.0712321E+001, 2.1312258E+001, 2.2464372E+001, 2.4341883E+001, 2.7072744E+001, 3.0529571E+001, 3.4655882E+001, 4.0203089E+001, 6.7276147E+001, 1.8343444E+002, 2.8681201E+002, 3.1288026E+002, 2.9841614E+002, 2.6844694E+002, 4.4307963E+000, 4.3494259E+000, 4.2687244E+000, 4.1745226E+000, 4.1327500E+000, 4.0916320E+000, 4.0419595E+000, 4.0028889E+000, 3.9702988E+000, 3.9646482E+000, 4.0165821E+000, 4.1429552E+000, 4.3200632E+000, 4.5262658E+000, 4.6788984E+000, 4.8188409E+000, 4.5539665E+000, 3.8348987E+000, 4.9708784E+000, 6.0896448E+000, 9.3493591E+000, 8.7812978E+000, 8.1070605E+000, 8.1649829E+004, 5.0127115E-001, 1.2458569E+001, 2.8280585E+001
 2.9800059E+002, 2.0000264E+001, 2.0000530E+001, 2.0003842E+001, 2.0029145E+001, 2.0062080E+001, 2.0113617E+001, 2.0185222E+001, 2.0284287E+001, 2.0446365E+001, 2.0744330E+001, 2.1379539E+001, 2.2580502E+001, 2.4591526E+001, 2.7500544E+001, 3.1163489E+001, 3.5566317E+001, 1.0811290E+002, 8.7290556E+001, 2.3644465E+002, 2.6954471E+002, 2.7253196E+002, 2.8728062E+002, 2.7300833E+002, 4.4690202E+000, 4.4067059E+000, 4.3342168E+000, 4.2561052E+000, 4.2177964E+000, 4.1800704E+000, 4.1415833E+000, 4.1053288E+000, 4.0754217E+000, 4.0733600E+000, 4.1351227E+000, 4.2554964E+000, 4.4027757E+000, 4.5374935E+000, 4.6499288E+000, 4.6469818E+000, 4.8167150E+000, 4.8796917E+000, 4.7351908E+000, 6.1258932E+000, 7.8323436E+000, 7.8810835E+000, 7.6561884E+000, 7.8236964E+004, 5.4251245E-001, 1.3032509E+001, 2.7257568E+001
 2.9900259E+002, 2.0000254E+001, 2.0000533E+001, 2.0003910E+001, 2.0029363E+001, 2.0061952E+001, 2.0111537E+001, 2.0178936E+001, 2.0273946E+001, 2.0440538E+001, 2.0755254E+001, 2.1405504E+001, 2.2647278E+001, 2.4695025E+001, 2.7547103E+001, 3.1245795E+001, 3.5919012E+001, 5.8073364E+001, 2.4213464E+002, 2.5538908E+002, 2.9139304E+002, 3.0427307E+002, 2.6239553E+002, 2.6324447E+002, 4.4902795E+000, 4.4378625E+000, 4.3697997E+000, 4.3035785E+000, 4.2678069E+000, 4.2311133E+000, 4.1988314E+000, 4.1652768E+000, 4.1388371E+000, 4.1392561E+000, 4.2059993E+000, 4.3221949E+000, 4.4818407E+000, 4.6519621E+000, 4.7534610E+000, 4.5997015E+000, 4.0238055E+000, 4.8474946E+000, 5.3715099E+000, 6.7471852E+000, 6.5144281E+000, 9.0879322E+000, 8.8702246E+000, 8.4580975E+004, 5.1207095E-001, 1.3528788E+001, 2.8090261E+001
 3.0000000E+002, 2.0000273E+001, 2.0000508E+001, 2.0003665E+001, 2.0027900E+001, 2.0060313E+001, 2.0112213E+001, 2.0183959E+001, 2.0282238E+001, 2.0443192E+001, 2.0746945E+001, 2.1372881E+001, 2.2605183E+001, 2.4710073E+001, 2.7861578E+001, 3.1759579E+001, 4.0874635E+001, 8.7084252E+001, 1.5397465E+002, 2.1830454E+002, 3.6690995E+002, 3.4369363E+002, 3.0209799E+002, 2.7906809E+002, 4.4624511E+000, 4.3970441E+000, 4.3237065E+000, 4.2427378E+000, 4.2034269E+000, 4.1648550E+000, 4.1239628E+000, 4.0873056E+000, 4.0579030E+000, 4.0548011E+000, 4.1071538E+000, 4.2107347E+000, 4.3294852E+000, 4.4748099E+000, 4.5750451E+000, 4.6582011E+000, 4.9756611E+000, 4.5460230E+000, 4.8465206E+000, 5.9943916E+000, 7.7209445E+000, 7.8199265E+000, 9.2115381E+000, 8.1165549E+004, 4.9966675E-001, 1.2165258E+001, 3.1553610E+001
